# Original Foam Haven sculpt. Generated by build_sculpted_assets.py
v -2.294742 -0.309563 -0.921912
v -2.317464 -0.168563 -0.941536
v -2.338883 -0.064250 -0.918957
v -2.174803 -0.492449 -0.969165
v -2.174403 -0.376458 -1.077249
v -2.234463 -0.391126 -0.967547
v -2.182160 -0.195151 -1.152530
v -2.219955 -0.280837 -1.068974
v -2.258984 -0.163984 -1.054078
v -2.167748 -0.055870 -1.186915
v -2.246554 -0.058201 -1.089296
v -2.289252 -0.041854 -1.027339
v -2.073114 -0.580299 -1.011106
v -2.073897 -0.432669 -1.153175
v -2.092373 -0.500723 -1.075841
v -2.179215 -0.440473 -1.015981
v -2.059020 -0.275121 -1.248315
v -2.146434 -0.291556 -1.158332
v -2.081680 -0.163799 -1.258152
v -2.050904 -0.050602 -1.292933
v -1.999743 -0.679004 -0.957671
v -1.929815 -0.578202 -1.156051
v -1.996328 -0.598011 -1.076358
v -2.009128 -0.522844 -1.144266
v -1.972243 -0.363879 -1.275273
v -1.974883 -0.417334 -1.246894
v -2.001809 -0.278337 -1.288304
v -1.968620 -0.167179 -1.336919
v -1.844951 -0.801849 -0.887527
v -1.888812 -0.680960 -1.068652
v -1.889062 -0.740977 -0.969017
v -1.937072 -0.685365 -1.017063
v -1.813244 -0.496567 -1.290166
v -1.868648 -0.526183 -1.241248
v -1.896302 -0.399879 -1.303052
v -1.854880 -0.270724 -1.376723
v -1.857754 -0.162671 -1.396216
v -1.862201 -0.056441 -1.401297
v -1.938969 -0.057302 -1.363184
v -2.419818 -0.233352 -0.234220
v -2.428850 -0.244690 -0.158554
v -2.435970 -0.251076 -0.055179
v -2.413871 -0.096372 -0.603982
v -2.413379 -0.113744 -0.506127
v -2.430504 -0.169110 -0.241107
v -2.444756 -0.169825 -0.158261
v -2.453266 -0.171411 -0.055055
v -2.407310 -0.030062 -0.707039
v -2.418798 -0.030110 -0.498363
v -2.429911 -0.104093 -0.232890
v -2.435786 -0.092681 -0.158346
v -2.437986 -0.089262 -0.055116
v -2.299063 -0.460430 -0.662807
v -2.301023 -0.463112 -0.499023
v -2.302493 -0.361965 -0.845689
v -2.317527 -0.389517 -0.743867
v -2.335353 -0.384379 -0.630604
v -2.338054 -0.385789 -0.519373
v -2.328527 -0.393770 -0.402597
v -2.332478 -0.375148 -0.285002
v -2.329992 -0.375599 -0.171760
v -2.324515 -0.375595 -0.057328
v -2.331403 -0.273531 -0.845784
v -2.353817 -0.283338 -0.744248
v -2.372172 -0.287194 -0.605857
v -2.375700 -0.283147 -0.406480
v -2.387544 -0.276286 -0.284682
v -2.388114 -0.307546 -0.170275
v -2.390065 -0.317256 -0.057113
v -2.351073 -0.170199 -0.850997
v -2.378366 -0.174493 -0.746955
v -2.403902 -0.140630 -0.643866
v -2.400134 -0.189759 -0.524545
v -2.404013 -0.164283 -0.416034
v -2.410856 -0.167648 -0.310130
v -2.412627 -0.043043 -0.375486
v -2.413918 -0.057955 -0.279771
v -2.409008 -0.020560 -0.169944
v -2.398731 -0.012183 -0.056504
v -2.181013 -0.576223 -0.818701
v -2.187357 -0.596955 -0.741442
v -2.230430 -0.567169 -0.627602
v -2.231443 -0.566321 -0.521328
v -2.200497 -0.585987 -0.412851
v -2.194200 -0.568962 -0.330035
v -2.194416 -0.529159 -0.880061
v -2.253548 -0.507823 -0.743778
v -2.275191 -0.479721 -0.382010
v -2.204319 -0.488845 -0.148199
v -2.273078 -0.436736 -0.830036
v -2.278582 -0.447047 -0.276007
v -2.266016 -0.437695 -0.171124
v -2.241907 -0.434360 -0.056339
v -2.077032 -0.697888 -0.769822
v -2.065948 -0.731087 -0.626994
v -2.061809 -0.734408 -0.518417
v -2.103382 -0.685713 -0.413408
v -2.052778 -0.697173 -0.304631
v -2.118628 -0.623561 -0.860155
v -2.150459 -0.655214 -0.630818
v -2.150924 -0.655683 -0.518535
v -2.138251 -0.615431 -0.293729
v -2.122415 -0.520119 -0.058064
v -1.952365 -0.805873 -0.658446
v -1.960341 -0.802203 -0.490559
v -2.038179 -0.694024 -0.868360
v -2.002577 -0.758185 -0.743821
v -2.003679 -0.759472 -0.403923
v -1.964025 -0.690771 -0.151301
v -2.055056 -0.653019 -0.207852
v -2.000992 -0.610998 -0.063947
v -2.041920 -0.558524 -0.023314
v -1.885153 -0.823429 -0.743911
v -1.881340 -0.840216 -0.630061
v -1.881721 -0.840726 -0.519062
v -1.886184 -0.825254 -0.404837
v -1.823250 -0.825523 -0.294021
v -1.812255 -0.806621 -0.225306
v -1.930657 -0.779418 -0.830560
v -1.936447 -0.781335 -0.321742
v -1.883456 -0.754213 -0.186159
v -1.887233 -0.699302 -0.091508
v -1.618014 -0.919499 -0.662889
v -1.626694 -0.918678 -0.484409
v -1.527891 -0.906951 -0.798864
v -1.540722 -0.918725 -0.730150
v -1.493823 -0.929884 -0.635007
v -1.493668 -0.930867 -0.521044
v -1.541207 -0.919896 -0.417748
v -1.530109 -0.908009 -0.346088
v -1.455191 -0.907077 -0.803820
v -1.438384 -0.919640 -0.732872
v -1.389516 -0.919910 -0.419138
v -1.453371 -0.909551 -0.344345
v -1.342577 -0.916289 -0.706818
v -1.336596 -0.925688 -0.575149
v -1.270207 -0.905277 -0.701600
v -1.266048 -0.912769 -0.618133
v -1.265590 -0.913096 -0.530706
v -1.268526 -0.905704 -0.443419
v -1.767094 -0.809281 -0.937399
v -1.739206 -0.686303 -1.151723
v -1.800273 -0.699154 -1.105861
v -1.750259 -0.778698 -1.012949
v -1.689385 -0.581471 -1.273831
v -1.780684 -0.623685 -1.198821
v -1.701509 -0.380568 -1.392458
v -1.753384 -0.415495 -1.360914
v -1.798559 -0.309292 -1.388035
v -1.768517 -0.168238 -1.427562
v -1.772223 -0.057573 -1.434945
v -1.579338 -0.806188 -1.034670
v -1.663819 -0.824750 -0.963687
v -1.662836 -0.690795 -1.174710
v -1.664044 -0.759080 -1.083309
v -1.579848 -0.457743 -1.380501
v -1.664156 -0.506099 -1.333584
v -1.661451 -0.283567 -1.431181
v -1.601958 -0.120672 -1.480655
v -1.604252 -0.058154 -1.484645
v -1.549199 -0.844332 -0.956394
v -1.546172 -0.736349 -1.143187
v -1.545800 -0.570802 -1.308441
v -1.550593 -0.656571 -1.231497
v -1.548191 -0.385284 -1.414119
v -1.546928 -0.268604 -1.453111
v -1.534631 -0.123200 -1.487767
v -1.494563 -0.056986 -1.494396
v -1.408414 -0.808130 -1.037798
v -1.437265 -0.845940 -0.958247
v -1.435529 -0.734400 -1.147717
v -1.435280 -0.567726 -1.312877
v -1.437077 -0.658066 -1.232921
v -1.407659 -0.465325 -1.380240
v -1.437305 -0.386431 -1.415782
v -1.438016 -0.290439 -1.448518
v -1.447413 -0.132065 -1.488080
v -1.309735 -0.841718 -0.938307
v -1.294942 -0.704656 -1.161872
v -1.318970 -0.763516 -1.087687
v -1.231174 -0.787666 -1.017455
v -1.321374 -0.603981 -1.269801
v -1.319636 -0.512254 -1.337774
v -1.321595 -0.392571 -1.401768
v -1.233322 -0.443404 -1.359898
v -1.325184 -0.282946 -1.438244
v -1.384884 -0.117244 -1.484646
v -1.381045 -0.056947 -1.487768
v -1.214253 -0.057353 -1.446477
v -1.175267 -0.812566 -0.931022
v -1.202375 -0.727758 -1.094590
v -1.242877 -0.582955 -1.267295
v -1.202873 -0.632432 -1.207333
v -1.117010 -0.665928 -1.131248
v -1.203087 -0.518704 -1.301855
v -1.117222 -0.559062 -1.237269
v -1.176613 -0.356339 -1.382790
v -1.214910 -0.273705 -1.417750
v -1.215449 -0.166702 -1.438879
v -1.067730 -0.700073 -1.050522
v -1.097168 -0.759964 -0.971745
v -1.067086 -0.599509 -1.171712
v -1.067389 -0.475877 -1.271518
v -1.094564 -0.354696 -1.350373
v -1.113126 -0.268849 -1.387141
v -1.115717 -0.164118 -1.407875
v -1.114375 -0.057284 -1.414353
v -0.964622 -0.696372 -0.950335
v -0.964927 -0.611984 -1.076738
v -0.930192 -0.654167 -0.978587
v -0.988552 -0.507935 -1.196111
v -0.923760 -0.545422 -1.109063
v -0.952188 -0.370098 -1.259255
v -0.919509 -0.405610 -1.214606
v -1.036700 -0.252998 -1.357710
v -1.024649 -0.168661 -1.368670
v -1.034018 -0.057354 -1.380072
v -0.937746 -0.058679 -1.321896
v -1.769452 -0.840304 -0.848325
v -1.780594 -0.862491 -0.743752
v -1.745015 -0.890233 -0.626588
v -1.747775 -0.890140 -0.521491
v -1.781949 -0.864232 -0.404941
v -1.758803 -0.787383 -0.143542
v -1.801327 -0.717612 -0.054924
v -1.664693 -0.865073 -0.854734
v -1.633922 -0.902732 -0.748070
v -1.636697 -0.906377 -0.412512
v -1.667032 -0.868024 -0.293073
v -1.666962 -0.828991 -0.183255
v -1.656662 -0.796307 -0.107224
v -1.563004 -0.822242 -0.129105
v -1.556631 -0.746818 -0.006679
v -1.345965 -0.901739 -0.780790
v -1.348754 -0.903808 -0.362349
v -1.437963 -0.851962 -0.192110
v -1.448015 -0.802859 -0.087142
v -1.320300 -0.853678 -0.224288
v -1.343776 -0.803224 -0.102989
v -1.215524 -0.851343 -0.850114
v -1.139820 -0.871697 -0.627717
v -1.134210 -0.869661 -0.519401
v -1.216082 -0.853437 -0.294106
v -1.244621 -0.808035 -0.147337
v -1.179483 -0.713212 -0.002771
v -1.068688 -0.807606 -0.829682
v -1.112242 -0.845554 -0.738511
v -1.110928 -0.846906 -0.409836
v -1.126979 -0.815626 -0.257263
v -1.030995 -0.778251 -0.858775
v -1.061043 -0.718671 -0.080108
v -1.088066 -0.678602 0.046564
v -1.015057 -0.801929 -0.746813
v -0.995615 -0.806295 -0.641267
v -1.006741 -0.813901 -0.520089
v -1.031705 -0.809725 -0.379123
v -0.885570 -0.730081 -0.383099
v -0.930580 -0.718409 -0.220112
v -0.985405 -0.728329 -0.179472
v -0.958566 -0.689662 -0.068548
v -0.887576 -0.455243 -1.153272
v -0.907592 -0.276883 -1.263907
v -0.896577 -0.172464 -1.281232
v -0.768118 -0.060155 -1.196567
v -0.773980 -0.585775 -0.879533
v -0.745563 -0.453821 -1.022520
v -0.750502 -0.509750 -0.967958
v -0.723751 -0.295738 -1.114598
v -0.752313 -0.390377 -1.083171
v -0.784308 -0.271523 -1.168385
v -0.769406 -0.168689 -1.185113
v -0.699367 -0.171777 -1.142512
v -0.694282 -0.057899 -1.156687
v -0.664942 -0.475725 -0.942080
v -0.666226 -0.365584 -1.048074
v -0.621937 -0.415354 -0.987262
v -0.622800 -0.292943 -1.073748
v -0.615323 -0.175522 -1.114985
v -0.614768 -0.060250 -1.138088
v -0.462902 -0.451346 -0.921557
v -0.529844 -0.350244 -1.020158
v -0.518358 -0.402624 -0.979469
v -0.491625 -0.288735 -1.061500
v -0.502228 -0.188853 -1.106290
v -0.528279 -0.063586 -1.140470
v -0.163730 -0.412899 -0.983809
v -0.301359 -0.120687 -1.161201
v -0.294961 -0.041399 -1.186410
v -0.443041 -0.098106 -1.144729
v -0.193486 -0.465444 -0.921896
v -0.186435 -0.347140 -1.042715
v -0.190957 -0.277630 -1.091868
v -0.211476 -0.199026 -1.135211
v -0.170618 -0.133459 -1.166319
v -0.171840 -0.044052 -1.196108
v 0.000594 -0.466021 -0.923573
v 0.002169 -0.345931 -1.045981
v -0.004680 -0.267448 -1.098982
v -0.010690 -0.122250 -1.168843
v -0.057969 -0.209853 -1.131510
v -0.058260 -0.043891 -1.195756
v -0.915665 -0.703058 -0.861865
v -0.871891 -0.712068 -0.734674
v -0.802438 -0.689243 -0.610385
v -0.865436 -0.730273 -0.520609
v -0.893840 -0.720076 -0.297689
v -0.743033 -0.627553 -0.723856
v -0.815025 -0.690909 -0.302547
v -0.854045 -0.687028 -0.169977
v -0.901609 -0.667204 0.044392
v -0.798738 -0.694500 -0.463976
v -0.741999 -0.651302 -0.637035
v -0.741058 -0.672269 -0.437049
v -0.736556 -0.673606 -0.286292
v -0.770903 -0.673316 -0.068689
v -0.709596 -0.546510 -0.870465
v -0.689483 -0.573505 -0.793350
v -0.618286 -0.563335 -0.755555
v -0.628515 -0.609001 -0.640032
v -0.627552 -0.635495 -0.520617
v -0.630890 -0.653699 -0.404025
v -0.629695 -0.664562 -0.287633
v -0.658793 -0.674206 -0.111839
v -0.618500 -0.504113 -0.872536
v -0.595397 -0.578846 -0.697283
v -0.436237 -0.687773 -0.023316
v -0.443758 -0.574378 -0.698870
v -0.511544 -0.597146 -0.632875
v -0.501445 -0.629940 -0.504917
v -0.500623 -0.650448 -0.395436
v -0.516036 -0.664776 -0.287930
v -0.511039 -0.491914 -0.864754
v -0.518371 -0.552748 -0.747132
v -0.387418 -0.608114 -0.616298
v -0.476854 -0.674157 -0.210175
v -0.395126 -0.500737 -0.854761
v -0.362125 -0.545585 -0.777039
v -0.073282 -0.689044 -0.200529
v -0.193034 -0.590383 -0.705191
v -0.190807 -0.650693 -0.508514
v -0.169516 -0.672259 -0.398621
v -0.116836 -0.686823 -0.343322
v 0.008085 -0.694066 0.007925
v -0.171851 -0.622480 -0.616684
v -0.162300 -0.683179 -0.301123
v -0.106632 -0.516962 -0.851494
v -0.098926 -0.560156 -0.776242
v -0.040816 -0.590652 -0.705517
v -0.041553 -0.623279 -0.613849
v -0.048382 -0.650620 -0.511150
v -0.063258 -0.673493 -0.395704
v -0.061448 -0.682810 -0.305212
v -2.434265 -0.251299 0.054562
v -2.421438 -0.245257 0.156459
v -2.401567 -0.234384 0.229842
v -2.451087 -0.173281 0.054221
v -2.436444 -0.174135 0.155765
v -2.409953 -0.174194 0.235361
v -2.432747 -0.094064 0.054257
v -2.418406 -0.102791 0.155276
v -2.398751 -0.114218 0.227964
v -2.318582 -0.369131 0.059286
v -2.303502 -0.360049 0.166519
v -2.302317 -0.335459 0.242924
v -2.387168 -0.315215 0.056174
v -2.374059 -0.302423 0.166177
v -2.345404 -0.271933 0.275556
v -2.309618 -0.245234 0.355221
v -2.362352 -0.174161 0.295157
v -2.317984 -0.174150 0.364190
v -2.387656 -0.024323 0.056060
v -2.369969 -0.043096 0.164118
v -2.341474 -0.076266 0.272226
v -2.306592 -0.103417 0.352165
v -2.232632 -0.364926 0.279449
v -2.203192 -0.343736 0.363415
v -2.279016 -0.310633 0.324454
v -2.242579 -0.277561 0.402415
v -2.198532 -0.246894 0.472291
v -2.259292 -0.174236 0.419074
v -2.206595 -0.174158 0.480154
v -2.274871 -0.036921 0.320112
v -2.238912 -0.071351 0.398605
v -2.195550 -0.101940 0.469432
v -2.147994 -0.481973 -0.000499
v -2.099641 -0.473058 0.113457
v -2.108810 -0.421349 0.287455
v -2.166325 -0.451512 0.067549
v -2.135526 -0.356932 0.414490
v -2.168113 -0.314827 0.442352
v -2.124949 -0.277324 0.513846
v -2.073825 -0.244442 0.578194
v -2.140881 -0.174257 0.529387
v -2.081450 -0.174073 0.585343
v -2.163924 -0.034442 0.438802
v -2.121232 -0.072178 0.510698
v -2.071068 -0.104377 0.575657
v -1.988308 -0.543480 0.069363
v -1.992122 -0.503084 0.165752
v -2.022068 -0.444066 0.328262
v -1.987965 -0.427748 0.408772
v -2.003710 -0.370642 0.507017
v -1.935134 -0.352168 0.585268
v -2.045688 -0.311600 0.550479
v -1.995528 -0.272437 0.615993
v -1.938786 -0.238783 0.675782
v -2.011069 -0.174229 0.629827
v -1.952101 -0.174206 0.679034
v -2.041514 -0.038981 0.547142
v -1.992405 -0.077339 0.612756
v -1.937621 -0.110193 0.672770
v -1.892737 -0.596274 0.057501
v -1.843028 -0.547550 0.186810
v -1.887440 -0.500622 0.281203
v -1.853580 -0.460624 0.440119
v -1.838483 -0.428348 0.527232
v -1.888669 -0.313248 0.655776
v -1.889395 -0.037104 0.647356
v -1.695338 -0.712804 0.007422
v -1.795876 -0.608774 0.103095
v -1.746444 -0.529646 0.305073
v -1.785746 -0.382069 0.634653
v -1.728766 -0.357797 0.694812
v -1.776290 -0.277009 0.734956
v -1.709681 -0.238793 0.789534
v -1.792516 -0.174377 0.749158
v -1.724849 -0.174119 0.790632
v -1.772654 -0.072834 0.730994
v -1.707674 -0.110000 0.787016
v -1.663676 -0.627323 0.132621
v -1.662745 -0.576581 0.226171
v -1.629028 -0.469593 0.564608
v -1.603313 -0.433138 0.651993
v -1.660171 -0.314317 0.768121
v -1.648788 -0.174195 0.818223
v -1.653288 -0.036513 0.764055
v -1.553176 -0.669761 0.101954
v -1.555112 -0.616610 0.186110
v -1.447714 -0.594954 0.270988
v -1.594149 -0.560938 0.299354
v -1.544276 -0.507571 0.506704
v -1.556406 -0.381328 0.745748
v -1.429381 -0.350357 0.821779
v -1.552111 -0.276362 0.827450
v -1.553674 -0.174271 0.844781
v -1.548185 -0.073148 0.823891
v -1.439044 -0.675759 0.105120
v -1.407336 -0.628500 0.196185
v -1.396016 -0.566443 0.394394
v -1.415393 -0.489278 0.623397
v -1.356014 -0.465968 0.698482
v -1.371800 -0.427870 0.756002
v -1.431919 -0.273045 0.870249
v -1.453445 -0.174203 0.880704
v -1.428607 -0.075951 0.866606
v -1.299835 -0.723922 0.017404
v -1.323762 -0.676266 0.101579
v -1.337438 -0.604249 0.280861
v -1.161197 -0.578771 0.478755
v -1.196081 -0.557835 0.536244
v -1.275582 -0.370569 0.857394
v -1.315009 -0.315415 0.889383
v -1.302627 -0.032641 0.886943
v -1.211125 -0.674911 0.088799
v -1.184863 -0.640108 0.189919
v -1.223905 -0.614731 0.284763
v -1.178965 -0.524477 0.634067
v -1.153406 -0.483114 0.735432
v -1.197881 -0.442156 0.792328
v -0.949047 -0.468809 0.815702
v -0.972321 -0.426991 0.870198
v -0.975368 -0.667471 0.060756
v -1.046610 -0.638300 0.225580
v -0.847889 -0.623493 0.407936
v -0.793129 -0.584262 0.590880
v -0.879605 -0.554963 0.652584
v -0.805314 -0.523140 0.746505
v -1.369101 -0.237641 0.911551
v -1.383275 -0.174362 0.915243
v -1.369247 -0.112899 0.908845
v -1.168686 -0.339815 0.910326
v -1.206222 -0.275633 0.934704
v -1.189398 -0.172830 0.953315
v -1.202428 -0.068791 0.932721
v -0.919633 -0.360204 0.946819
v -0.982152 -0.262275 0.987906
v -1.035361 -0.060290 0.979695
v -0.911232 -0.234635 1.019780
v -0.992751 -0.168915 1.003641
v -0.940691 -0.161051 1.023335
v -0.858944 -0.655958 0.170756
v -0.814127 -0.605934 0.501866
v -0.748184 -0.668366 0.064081
v -0.516521 -0.662551 0.292815
v -0.648891 -0.486402 0.842974
v -0.684847 -0.440256 0.906643
v -0.513033 -0.645307 0.401321
v -0.513059 -0.621177 0.515038
v -0.632735 -0.565142 0.680512
v -0.417303 -0.687612 0.040347
v -0.358178 -0.601259 0.615959
v -0.330463 -0.576008 0.695100
v -0.345543 -0.547528 0.763042
v -0.371666 -0.681429 0.165356
v -0.347184 -0.502909 0.849433
v -0.086262 -0.688590 0.160721
v -0.141669 -0.656026 0.403525
v -0.049740 -0.635272 0.511335
v -0.009289 -0.674113 0.301843
v -0.052547 -0.507739 0.855341
v 0.048643 -0.607098 0.615669
v 0.000843 -0.579272 0.700242
v 0.057375 -0.546868 0.778738
v -0.805228 -0.316510 1.002943
v -0.822456 -0.159452 1.049678
v -0.924804 0.014128 1.014517
v -0.850758 -0.057298 1.049241
v -0.683548 -0.378249 0.974935
v -0.743007 -0.252707 1.040771
v -0.740984 -0.056404 1.084892
v -0.587926 -0.337093 1.018738
v -0.628364 -0.274805 1.046688
v -0.627970 -0.169112 1.081873
v -0.625558 -0.056919 1.116049
v -0.576666 0.006316 1.156429
v -0.370385 -0.458582 0.918569
v -0.415491 -0.413128 0.970374
v -0.377532 -0.344409 1.032423
v -0.442466 -0.262661 1.072441
v -0.511693 -0.092275 1.127350
v -0.501229 -0.010222 1.169166
v -0.396485 -0.113104 1.137209
v -0.398330 -0.028749 1.181183
v -0.226065 -0.262394 1.087253
v -0.300354 -0.096480 1.156587
v -0.106823 -0.463268 0.924294
v -0.117077 -0.411420 0.986581
v -0.113173 -0.346715 1.041539
v -0.167674 -0.102053 1.164019
v 0.042795 -0.269692 1.085923
v -0.062723 -0.137911 1.145617
v -0.063851 -0.064001 1.183633
v -2.287194 0.080155 -1.031996
v -2.334388 0.049670 -0.934301
v -2.281337 0.146880 -1.025200
v -2.294334 0.167292 -0.994462
v -2.304511 0.263345 -0.899695
v -2.174954 0.056033 -1.175469
v -2.183631 0.156857 -1.145255
v -2.168470 0.233749 -1.131673
v -2.173723 0.279101 -1.097418
v -2.254352 0.280996 -0.977427
v -2.189240 0.355523 -1.003986
v -2.075240 0.048032 -1.269822
v -2.077357 0.156728 -1.249574
v -2.110285 0.271253 -1.168399
v -2.074058 0.348586 -1.146569
v -2.085005 0.395415 -1.094039
v -2.096496 0.460836 -1.002764
v -2.068475 0.503373 -0.977551
v -1.961822 0.053584 -1.345098
v -1.969187 0.166848 -1.318611
v -2.055652 0.210555 -1.247361
v -2.000959 0.278415 -1.255730
v -1.916551 0.350540 -1.265918
v -1.994192 0.381895 -1.187816
v -1.912612 0.470928 -1.170228
v -1.992047 0.498064 -1.072108
v -1.959835 0.575697 -0.999931
v -1.858621 0.052807 -1.397129
v -1.849572 0.153722 -1.384307
v -1.841331 0.245516 -1.359993
v -1.863452 0.433853 -1.234720
v -1.863111 0.541918 -1.128430
v -1.880483 0.589431 -1.051040
v -1.883453 0.639590 -0.963477
v -1.844909 0.692618 -0.892240
v -2.409253 0.069751 -0.709613
v -2.420913 0.063178 -0.575992
v -2.411505 0.067358 -0.363064
v -2.405200 0.151370 -0.694697
v -2.412414 0.158060 -0.624304
v -2.415278 0.151886 -0.522418
v -2.407073 0.138593 -0.375904
v -2.400860 0.223657 -0.596240
v -2.401022 0.223930 -0.489665
v -2.400454 0.056942 -0.293191
v -2.377513 0.070737 -0.176476
v -2.345163 0.076071 -0.054946
v -2.347601 0.167672 -0.860732
v -2.395373 0.205496 -0.673279
v -2.385973 0.183792 -0.335821
v -2.347992 0.168761 -0.189277
v -2.314439 0.166690 -0.095272
v -2.350726 0.271152 -0.745885
v -2.373077 0.273610 -0.635480
v -2.371429 0.286410 -0.521549
v -2.368801 0.268700 -0.408998
v -2.343682 0.265195 -0.299530
v -2.299074 0.258501 -0.158093
v -2.301273 0.360142 -0.746580
v -2.311344 0.373897 -0.636540
v -2.306783 0.385609 -0.523048
v -2.317841 0.353310 -0.408379
v -2.289369 0.343739 -0.261607
v -2.284135 0.127194 0.002833
v -2.283592 0.331644 -0.858596
v -2.243667 0.293736 -0.094305
v -2.205164 0.420804 -0.882206
v -2.236146 0.453459 -0.402924
v -2.248239 0.408722 -0.298829
v -2.224511 0.384990 -0.188859
v -2.190579 0.465206 -0.821016
v -2.197271 0.485916 -0.742997
v -2.193905 0.509995 -0.633519
v -2.188037 0.518204 -0.515722
v -2.189866 0.460483 -0.266916
v -2.179285 0.347673 -0.060483
v -2.142098 0.452398 -0.157562
v -2.120713 0.416951 -0.070528
v -2.083015 0.544413 -0.880946
v -2.090940 0.589750 -0.406112
v -2.078465 0.572741 -0.306689
v -2.079566 0.588843 -0.770265
v -2.072281 0.618681 -0.631292
v -2.062575 0.627137 -0.519160
v -2.029763 0.468243 -0.039163
v -2.036390 0.590759 -0.269043
v -1.991033 0.580085 -0.176552
v -1.963990 0.637576 -0.868912
v -1.965703 0.671869 -0.761082
v -1.961701 0.682277 -0.413443
v -1.924438 0.583126 -0.106580
v -1.956274 0.695640 -0.656354
v -1.939893 0.706100 -0.510367
v -1.862872 0.557108 -0.019581
v -1.938214 0.670706 -0.315121
v -1.854249 0.658930 -0.177449
v -1.886493 0.713955 -0.746905
v -1.878726 0.732593 -0.631343
v -1.887590 0.715254 -0.400791
v -1.851405 0.693813 -0.255993
v -1.766394 0.052116 -1.430395
v -1.764475 0.157792 -1.412470
v -1.765676 0.246984 -1.385495
v -1.749325 0.320309 -1.358241
v -1.763827 0.442859 -1.273712
v -1.781769 0.512874 -1.202876
v -1.765977 0.584690 -1.133319
v -1.750036 0.668555 -1.017929
v -1.779466 0.711452 -0.904658
v -1.602222 0.006802 -1.481150
v -1.660293 0.166699 -1.434835
v -1.663884 0.274951 -1.399065
v -1.574691 0.343723 -1.382861
v -1.665996 0.394742 -1.335676
v -1.659970 0.496361 -1.262288
v -1.658959 0.613193 -1.139520
v -1.648397 0.697669 -1.014097
v -1.539944 0.023078 -1.486442
v -1.548372 0.231616 -1.431325
v -1.546263 0.455719 -1.313560
v -1.551431 0.545302 -1.235377
v -1.547482 0.625122 -1.147571
v -1.543697 0.696776 -1.040026
v -1.553615 0.753602 -0.914530
v -1.443724 0.018987 -1.488589
v -1.439133 0.174774 -1.450778
v -1.439105 0.268426 -1.419087
v -1.439048 0.348206 -1.383676
v -1.438577 0.450716 -1.319717
v -1.438135 0.547045 -1.237115
v -1.439085 0.631672 -1.142381
v -1.434449 0.710590 -1.018147
v -1.384150 0.004833 -1.484818
v -1.328290 0.165972 -1.441119
v -1.330621 0.264979 -1.410107
v -1.299811 0.342759 -1.372850
v -1.327353 0.456932 -1.302779
v -1.326732 0.539836 -1.229817
v -1.327311 0.614805 -1.147797
v -1.302787 0.689490 -1.031963
v -1.331033 0.728318 -0.956146
v -1.216096 0.053019 -1.439286
v -1.217638 0.162931 -1.418043
v -1.186131 0.262544 -1.379481
v -1.208852 0.344544 -1.346976
v -1.192840 0.460399 -1.263779
v -1.215776 0.566413 -1.171192
v -1.217357 0.638320 -1.076306
v -1.157068 0.667300 -0.994565
v -1.202529 0.700548 -0.957607
v -1.115805 0.050028 -1.408200
v -1.087825 0.168638 -1.375228
v -1.097139 0.282990 -1.332155
v -1.074499 0.377211 -1.269001
v -1.066551 0.428956 -1.226857
v -1.091285 0.494601 -1.185268
v -1.117581 0.550489 -1.141631
v -1.107048 0.595717 -1.075714
v -1.036256 0.079551 -1.372084
v -0.936128 0.048591 -1.313507
v -0.939711 0.163380 -1.291199
v -0.970994 0.285482 -1.261654
v -0.893371 0.397458 -1.143350
v -0.857419 0.405164 -1.118057
v -0.978656 0.512130 -1.094271
v -0.969417 0.601148 -0.980166
v -1.777329 0.625916 -0.065757
v -1.780045 0.754342 -0.748776
v -1.725245 0.794396 -0.614727
v -1.725403 0.794244 -0.526244
v -1.780749 0.755794 -0.398426
v -1.771042 0.732566 -0.292149
v -1.765608 0.698652 -0.191292
v -1.687029 0.685490 -0.114422
v -1.660477 0.612380 0.006955
v -1.669307 0.754352 -0.860940
v -1.667252 0.791312 -0.736602
v -1.644621 0.792507 -0.384437
v -1.665745 0.738417 -0.225777
v -1.639827 0.807238 -0.667812
v -1.655991 0.807401 -0.520511
v -1.593212 0.807829 -0.424711
v -1.553015 0.685509 -0.076660
v -1.535032 0.796554 -0.798902
v -1.537271 0.795387 -0.335233
v -1.552808 0.739499 -0.189365
v -1.547652 0.807860 -0.733254
v -1.550745 0.816933 -0.628460
v -1.551575 0.817315 -0.519808
v -1.433056 0.639099 -0.000535
v -1.442345 0.795222 -0.811969
v -1.447212 0.797125 -0.334971
v -1.435927 0.715367 -0.127524
v -1.443170 0.810825 -0.726119
v -1.389669 0.817769 -0.631820
v -1.443873 0.819718 -0.521431
v -1.443641 0.811832 -0.421736
v -1.314870 0.632863 -0.002459
v -1.356480 0.790654 -0.801194
v -1.276411 0.793930 -0.721282
v -1.329294 0.800270 -0.399322
v -1.363363 0.793213 -0.346029
v -1.328328 0.732307 -0.190125
v -1.316212 0.698279 -0.115176
v -1.342194 0.803343 -0.727937
v -1.343493 0.813658 -0.522627
v -1.139566 0.697069 -0.177870
v -1.209715 0.656635 -0.062580
v -1.215340 0.741259 -0.853578
v -1.089326 0.738666 -0.743147
v -1.256844 0.799301 -0.624789
v -1.183670 0.782569 -0.519329
v -1.208122 0.775697 -0.404674
v -1.210690 0.747584 -0.289245
v -1.258773 0.800460 -0.490008
v -0.978426 0.661075 -0.877972
v -1.070782 0.704536 -0.218306
v -1.099565 0.654059 -0.054913
v -1.040383 0.700536 -0.825002
v -1.086574 0.759094 -0.630784
v -1.087968 0.765221 -0.516868
v -1.095803 0.757003 -0.399772
v -1.098287 0.729362 -0.278005
v -0.967153 0.709470 -0.763425
v -1.027058 0.710491 -0.216982
v -1.010475 0.676776 -0.052043
v -0.981307 0.752774 -0.631986
v -0.990053 0.766018 -0.516206
v -0.996876 0.763114 -0.397798
v -0.997574 0.742100 -0.270494
v -0.940984 0.752383 -0.196355
v -0.935469 0.708755 -0.022359
v -0.778591 0.052856 -1.199940
v -0.802806 0.151505 -1.199194
v -0.925383 0.235502 -1.255330
v -0.872102 0.276060 -1.200405
v -0.840464 0.505574 -1.030583
v -0.896929 0.512211 -1.048657
v -0.859603 0.602798 -0.948648
v -0.698195 0.057163 -1.160104
v -0.715166 0.170573 -1.153622
v -0.785873 0.272130 -1.157279
v -0.744864 0.287527 -1.136498
v -0.742766 0.409642 -1.089291
v -0.775019 0.467196 -1.049066
v -0.661119 0.493714 -1.061782
v -0.751402 0.529189 -1.016730
v -0.745354 0.620826 -0.949776
v -0.689720 0.677772 -0.921428
v -0.561221 0.065351 -1.155149
v -0.616894 0.058648 -1.148013
v -0.565647 0.163702 -1.159032
v -0.639700 0.174113 -1.145956
v -0.573946 0.275849 -1.151766
v -0.647569 0.284346 -1.134997
v -0.541048 0.374508 -1.145590
v -0.627497 0.398295 -1.112055
v -0.671111 0.555477 -1.024898
v -0.499302 0.621867 -1.056111
v -0.593689 0.641063 -1.002873
v -0.403586 0.291416 -1.195222
v -0.435281 0.471964 -1.152482
v -0.512911 0.516390 -1.107069
v -0.414570 0.692132 -1.040424
v -0.511641 0.735437 -0.964684
v -0.322057 0.072873 -1.205947
v -0.397114 0.173252 -1.199861
v -0.396200 0.389700 -1.181939
v -0.375353 0.556183 -1.134402
v -0.400330 0.625837 -1.087835
v -0.393050 0.798399 -0.953841
v -0.286788 0.173010 -1.220076
v -0.286881 0.286526 -1.216884
v -0.287565 0.398180 -1.199379
v -0.288972 0.507566 -1.169280
v -0.205996 0.575235 -1.152345
v -0.289920 0.626744 -1.112946
v -0.286899 0.740508 -1.033816
v -0.281559 0.857573 -0.918642
v -0.172419 0.060572 -1.219391
v -0.172493 0.172909 -1.230946
v -0.172607 0.286963 -1.227694
v -0.172888 0.398378 -1.210108
v -0.172295 0.500164 -1.182319
v -0.173568 0.682029 -1.091182
v -0.172382 0.780949 -1.011737
v -0.170988 0.865483 -0.924690
v -0.057647 0.060635 -1.218966
v -0.057494 0.172962 -1.230517
v -0.057424 0.287052 -1.227263
v -0.057664 0.398365 -1.209768
v -0.058604 0.499965 -1.182035
v -0.030784 0.579657 -1.150610
v -0.056554 0.689603 -1.085355
v -0.057444 0.810826 -0.983500
v -0.864793 0.662226 -0.862045
v -0.892054 0.689959 -0.801178
v -0.863673 0.729720 -0.749655
v -0.870020 0.776369 -0.633078
v -0.893303 0.792376 -0.520675
v -0.906172 0.796894 -0.415824
v -0.914366 0.789095 -0.298432
v -0.769332 0.873850 -0.171027
v -0.801377 0.823779 -0.061902
v -0.795160 0.688385 -0.851964
v -0.738905 0.717764 -0.846622
v -0.758636 0.767160 -0.764808
v -0.795835 0.817216 -0.627412
v -0.626635 0.856789 -0.743473
v -0.683904 0.877032 -0.639629
v -0.696174 0.917230 -0.497128
v -0.702383 0.928663 -0.399714
v -0.718230 0.921475 -0.279921
v -0.693629 0.906318 -0.089168
v -0.586161 0.802020 -0.853944
v -0.655410 0.930287 -0.536329
v -0.643316 0.922110 -0.050065
v -0.499771 0.810930 -0.896378
v -0.480612 0.897389 -0.788631
v -0.400624 0.877226 -0.856546
v -0.058125 0.891627 -0.889665
v -0.671318 0.937187 -0.173713
v -0.583953 0.922116 -0.659241
v -0.586535 0.984116 -0.398098
v -0.586080 0.987569 -0.289084
v -0.516867 0.942709 -0.674114
v -0.461879 1.020232 -0.493852
v -0.471106 1.020140 -0.167565
v -0.515310 0.976840 -0.059458
v -0.463419 1.032677 -0.391040
v -0.465829 1.032761 -0.253286
v -0.311414 0.927506 -0.816548
v -0.400794 0.948474 -0.739368
v -0.397530 0.996645 -0.630582
v -0.374029 1.026288 -0.565366
v -0.373843 1.018147 -0.045671
v -0.384274 1.038437 -0.500226
v -0.328106 1.061772 -0.396732
v -0.334166 1.062763 -0.288399
v -0.388871 1.043462 -0.180645
v -0.320382 1.039389 -0.083261
v -0.277312 0.992817 -0.700817
v -0.214658 1.041307 -0.592845
v -0.279962 1.055271 -0.499760
v -0.282266 1.059674 -0.177314
v -0.170086 0.954699 -0.796781
v -0.171546 1.015634 -0.669838
v -0.170944 1.063360 -0.502211
v -0.171519 1.075816 -0.398751
v -0.171687 1.077819 -0.287790
v -0.171235 1.068848 -0.177782
v -0.168945 1.051848 -0.077959
v -0.059402 0.938320 -0.822196
v -0.059180 1.002416 -0.701974
v -0.060377 1.043065 -0.590995
v -0.059270 1.063028 -0.501967
v -0.058644 1.075438 -0.398672
v -0.058532 1.077441 -0.287882
v -0.059218 1.068523 -0.178037
v -0.061817 1.051587 -0.078285
v -2.330738 0.041709 0.057756
v -2.313173 -0.005078 0.203240
v -2.271136 0.100518 0.069476
v -2.189943 0.097504 0.199804
v -2.238660 -0.001694 0.311040
v -2.206006 0.201110 0.051516
v -2.098529 0.125873 0.256739
v -2.126657 0.001827 0.425413
v -2.184942 0.165041 0.114307
v -2.105047 0.190552 0.176167
v -2.128288 0.290978 0.060705
v -2.023993 0.103591 0.353717
v -1.992453 -0.001343 0.540445
v -2.046547 0.211328 0.207954
v -1.983113 0.190250 0.275047
v -1.937619 0.140578 0.363246
v -2.070592 0.356590 0.055545
v -1.991602 0.333683 0.142609
v -2.003563 0.418087 0.049387
v -1.904307 0.101638 0.438566
v -1.890424 0.013337 0.589776
v -1.911700 0.211393 0.298299
v -1.900770 0.454198 0.082744
v -1.876818 0.421621 0.132126
v -1.845563 0.342088 0.220501
v -1.785442 0.119808 0.478901
v -1.738616 -0.004895 0.691621
v -1.777934 0.225240 0.349182
v -1.778242 0.173208 0.405192
v -1.773609 0.277613 0.301257
v -1.772958 0.369407 0.226191
v -1.753311 0.576713 0.017338
v -1.767930 0.475709 0.125970
v -1.659921 0.070964 0.627629
v -1.643412 0.014835 0.717160
v -1.663107 0.184749 0.435352
v -1.668467 0.122901 0.531843
v -1.639440 0.271549 0.345828
v -1.668706 0.408505 0.221623
v -1.666221 0.512252 0.120919
v -1.382010 0.007011 0.825935
v -1.432592 0.284985 0.382221
v -1.558464 0.486609 0.167488
v -1.554694 0.596359 0.049432
v -1.417266 0.114825 0.672281
v -1.370893 0.081366 0.747347
v -1.419097 0.224112 0.463838
v -1.452979 0.313479 0.343519
v -1.440601 0.391747 0.270072
v -1.337902 0.501278 0.168059
v -1.373658 0.237906 0.466518
v -1.328366 0.218092 0.542086
v -1.333067 0.174084 0.624855
v -1.314886 0.135547 0.704829
v -1.346539 0.339797 0.344844
v -1.341633 0.286144 0.420571
v -1.352709 0.400422 0.274993
v -1.247525 0.105201 0.787439
v -1.207634 0.057244 0.856948
v -1.262421 0.225593 0.613448
v -1.214131 0.178367 0.739387
v -1.172210 0.135162 0.817024
v -1.281312 0.359750 0.356876
v -1.259021 0.329233 0.442705
v -1.210796 0.304994 0.586064
v -1.168992 0.276723 0.704465
v -1.265140 0.453628 0.239764
v -1.250713 0.414935 0.314064
v -1.161738 0.467506 0.383237
v -1.187428 0.385181 0.512796
v -1.138894 0.356708 0.688537
v -1.220752 0.556018 0.106311
v -1.220407 0.504994 0.195555
v -1.181984 0.478106 0.297716
v -1.144066 0.456998 0.503380
v -1.098616 0.486453 0.610379
v -1.209551 0.605834 0.032327
v -1.107860 0.088890 0.893280
v -1.144064 0.212490 0.788134
v -1.103072 0.176123 0.855324
v -1.120051 0.288519 0.773399
v -1.065830 0.279378 0.861991
v -1.060756 0.477485 0.727409
v -1.023936 0.407278 0.868745
v -1.092671 0.612063 0.062664
v -1.128911 0.547242 0.190111
v -1.112748 0.534265 0.292094
v -1.079754 0.541886 0.500970
v -1.028381 0.461010 0.815242
v -0.999929 0.632684 0.164400
v -1.057296 0.581353 0.292830
v -1.043280 0.577795 0.533885
v -1.065488 0.144862 0.897549
v -1.028861 0.243454 0.915836
v -1.011474 0.551841 0.720985
v -0.969481 0.511250 0.855181
v -0.982624 0.662568 0.054571
v -0.967418 0.650255 0.286701
v -0.971078 0.648067 0.483500
v -0.970988 0.622818 0.630236
v -0.947226 0.593004 0.769856
v -0.916213 0.689204 0.390821
v -0.920375 0.679841 0.540368
v -1.164681 0.003546 0.910721
v -1.087934 0.020393 0.936135
v -1.017619 0.340462 0.914700
v -0.995849 0.058561 0.972968
v -0.962162 0.168424 0.989037
v -0.983254 0.279663 0.963282
v -0.920450 0.278770 1.030847
v -0.933345 0.411732 0.983069
v -0.913993 0.357202 1.026267
v -0.935681 0.476450 0.935070
v -0.899539 0.554103 0.898958
v -0.913546 0.688070 0.145180
v -0.858027 0.720912 0.283387
v -0.896440 0.654514 0.719095
v -0.855143 0.621449 0.853877
v -0.858892 0.745465 0.052135
v -0.845550 0.733141 0.172619
v -0.854591 0.722359 0.484376
v -0.849348 0.705884 0.627947
v -0.787159 0.709725 0.743159
v -0.772103 0.686118 0.829287
v -0.759106 0.634972 0.940297
v -0.739435 0.812543 0.103276
v -0.726850 0.798193 0.185872
v -0.749451 0.776728 0.295021
v -0.746482 0.773253 0.497643
v -0.697503 0.778038 0.622883
v -0.640969 0.823589 0.285850
v -0.688004 0.794955 0.525229
v -0.597668 0.782910 0.750598
v -0.625779 0.738016 0.848736
v -0.612118 0.911581 0.024115
v -0.638337 0.845888 0.177355
v -0.615706 0.824353 0.405476
v -0.622653 0.809557 0.583960
v -0.545446 0.807581 0.713969
v -0.513455 0.767725 0.860758
v -0.524737 0.928062 0.076915
v -0.508015 0.896243 0.175805
v -0.518231 0.863425 0.294244
v -0.454295 0.866038 0.387282
v -0.525670 0.830626 0.601340
v -0.426413 0.805991 0.811711
v -0.395655 0.759178 0.942259
v -0.421949 0.913017 0.195484
v -0.405977 0.887235 0.300004
v -0.405207 0.849322 0.617556
v -0.340098 0.837705 0.732272
v -0.283563 0.774853 0.941628
v -0.286451 0.935055 0.205025
v -0.289447 0.905679 0.294234
v -0.287386 0.886695 0.404482
v -0.286815 0.860162 0.629513
v -0.284239 0.817932 0.825459
v -0.170881 0.775490 0.953231
v -0.119178 0.908917 0.314904
v -0.116160 0.892995 0.400341
v -0.171732 0.866499 0.620787
v -0.115302 0.844607 0.743351
v -0.123456 0.821425 0.832372
v -0.057129 0.778199 0.941625
v -0.058532 0.863732 0.623637
v -0.838436 0.057248 1.065218
v -0.900205 0.130065 1.034520
v -0.787245 0.205370 1.133068
v -0.795781 0.289339 1.137315
v -0.847737 0.392541 1.073857
v -0.795744 0.357394 1.128978
v -0.863757 0.518347 0.978313
v -0.822567 0.477350 1.050597
v -0.822261 0.591320 0.937710
v -0.743667 0.054043 1.111381
v -0.570966 0.214932 1.248814
v -0.775615 0.139575 1.119969
v -0.777952 0.433448 1.112093
v -0.729342 0.390084 1.160571
v -0.785958 0.554978 1.015735
v -0.745657 0.513086 1.085837
v -0.671384 0.494823 1.147264
v -0.654514 0.593705 1.073931
v -0.661321 0.690371 0.929089
v -0.665199 0.030252 1.134746
v -0.580243 0.290597 1.254112
v -0.624941 0.395631 1.214392
v -0.570119 0.358981 1.252985
v -0.664344 0.541463 1.117180
v -0.606320 0.664543 1.011940
v -0.548963 0.574242 1.148325
v -0.466905 0.121609 1.252767
v -0.518180 0.182562 1.260515
v -0.444588 0.288938 1.293749
v -0.548392 0.432205 1.238564
v -0.499842 0.387539 1.270145
v -0.510460 0.504869 1.215053
v -0.434605 0.465141 1.263549
v -0.514031 0.644739 1.085353
v -0.515417 0.718537 0.969163
v -0.426738 0.700147 1.043708
v -0.390455 0.107669 1.264134
v -0.394293 0.191587 1.291391
v -0.395550 0.386860 1.294390
v -0.398146 0.534892 1.229220
v -0.399581 0.656382 1.111446
v -0.398714 0.599619 1.174792
v -0.290968 0.092333 1.271831
v -0.285465 0.188665 1.306301
v -0.286152 0.288622 1.318887
v -0.285894 0.389715 1.309578
v -0.286348 0.549308 1.239676
v -0.284633 0.477814 1.281714
v -0.286784 0.665496 1.124617
v -0.286783 0.611176 1.186379
v -0.285302 0.712836 1.056930
v -0.178991 0.081025 1.273592
v -0.172330 0.186810 1.312549
v -0.172354 0.288597 1.325767
v -0.172300 0.391470 1.316001
v -0.172318 0.554673 1.244332
v -0.172265 0.481698 1.286864
v -0.172439 0.669560 1.129786
v -0.172434 0.615964 1.191297
v -0.172223 0.716969 1.060962
v -0.061858 0.087631 1.274293
v -0.058536 0.187173 1.309673
v -0.057860 0.288673 1.322617
v -0.057935 0.391174 1.313034
v -0.057652 0.551928 1.242503
v -0.059142 0.480092 1.284673
v -0.057812 0.667558 1.127997
v -0.057747 0.613623 1.189457
v -0.058073 0.715155 1.059188
v -0.259693 1.022989 0.002789
v -0.169693 1.027715 0.011177
v -0.170103 0.940326 0.213905
v -0.061368 1.028974 0.006295
v -0.050780 0.937450 0.218090
v 0.134920 -0.410032 -0.985919
v 0.053851 -0.042773 -1.186232
v 0.254763 -0.346867 -1.035350
v 0.096808 -0.239018 -1.107355
v 0.140646 -0.129519 -1.147570
v 0.164428 -0.045804 -1.167497
v 0.378978 -0.457791 -0.918522
v 0.442814 -0.413426 -0.967460
v 0.288129 -0.266946 -1.076914
v 0.249893 -0.118568 -1.129815
v 0.295098 -0.050222 -1.135717
v 0.488423 -0.343184 -1.022277
v 0.401493 -0.261304 -1.068373
v 0.403013 -0.168022 -1.091757
v 0.404240 -0.059047 -1.104836
v 0.602096 -0.172889 -1.061312
v 0.516809 -0.058225 -1.075225
v 0.700308 -0.379420 -0.971152
v 0.628882 -0.275077 -1.041360
v 0.780758 -0.319528 -1.004323
v 0.631032 -0.061101 -1.049352
v 0.715314 -0.006622 -1.011928
v 0.907416 -0.236189 -1.023122
v 0.760300 -0.093103 -1.035756
v 0.970461 -0.362796 -0.937453
v 0.921183 -0.182782 -1.028164
v 0.972559 -0.161743 -1.015576
v 0.865243 -0.055916 -1.005034
v 0.254432 -0.577451 -0.699049
v 0.251189 -0.605077 -0.615415
v 0.255856 -0.632414 -0.509476
v 0.235637 -0.655213 -0.401942
v 0.341509 -0.499116 -0.856251
v 0.310776 -0.539114 -0.782255
v 0.433311 -0.687569 -0.036462
v 0.490885 -0.663961 -0.283934
v 0.414381 -0.679488 -0.170230
v 0.716113 -0.587499 -0.599321
v 0.697798 -0.611393 -0.514168
v 0.589661 -0.640579 -0.403013
v 0.682806 -0.486511 -0.837837
v 0.695071 -0.532370 -0.747835
v 0.711956 -0.561472 -0.675593
v 0.703563 -0.441135 -0.902408
v 0.936688 -0.625619 -0.366275
v 0.897381 -0.645579 -0.261843
v 0.748317 -0.668692 -0.094307
v 0.866611 -0.667988 -0.086186
v 0.963297 -0.428053 -0.871805
v 1.455788 -0.913533 -0.003550
v 1.562056 -0.927648 -0.006002
v 1.666188 -0.927821 -0.006486
v 1.767582 -0.918045 -0.001507
v 0.963545 -0.268568 -0.996432
v 0.972614 -0.061757 -0.998091
v 1.090466 -0.357033 -0.933744
v 1.086838 -0.271172 -0.989355
v 1.091920 -0.170381 -1.018131
v 1.208790 -0.061967 -1.063370
v 1.073920 -0.058740 -1.009109
v 1.203623 -0.365744 -0.941808
v 1.248865 -0.241305 -1.043724
v 1.190379 -0.286004 -1.000981
v 1.177420 -0.175908 -1.040699
v 1.429452 -0.341903 -1.042282
v 1.452128 -0.262180 -1.107232
v 1.382267 -0.129094 -1.138889
v 1.326898 -0.166836 -1.103290
v 1.378653 -0.051035 -1.143146
v 1.449228 -0.454362 -0.920118
v 1.437577 -0.413857 -0.968958
v 1.485049 -0.224072 -1.137096
v 1.454229 -0.156249 -1.151981
v 1.405484 -0.201895 -1.123242
v 1.457205 -0.057600 -1.162517
v 1.561364 -0.466045 -0.926048
v 1.555403 -0.360590 -1.050874
v 1.554115 -0.418619 -0.988239
v 1.564998 -0.230813 -1.144730
v 1.556522 -0.295094 -1.104890
v 1.558712 -0.152769 -1.167623
v 1.558107 -0.057275 -1.176316
v 1.666068 -0.467186 -0.927620
v 1.665236 -0.363023 -1.053396
v 1.666130 -0.418907 -0.992615
v 1.665887 -0.232663 -1.146082
v 1.666365 -0.300027 -1.105700
v 1.665036 -0.152064 -1.170744
v 1.665852 -0.056501 -1.179037
v 1.801312 -0.456678 -0.922754
v 1.794899 -0.352100 -1.047386
v 1.776719 -0.411080 -0.986650
v 1.764091 -0.228881 -1.139105
v 1.774903 -0.292756 -1.097624
v 1.765706 -0.150891 -1.162697
v 1.769332 -0.055945 -1.170088
v 1.029632 -0.705755 -0.010468
v 1.084155 -0.579542 -0.521331
v 0.977856 -0.659984 -0.171677
v 0.974175 -0.680137 -0.055207
v 0.967790 -0.468730 -0.812726
v 1.072238 -0.496907 -0.742729
v 1.078596 -0.540715 -0.641252
v 1.138455 -0.703613 -0.118977
v 1.104703 -0.724566 -0.043972
v 1.074926 -0.639558 -0.277923
v 1.056485 -0.682535 -0.110862
v 1.110720 -0.433234 -0.851087
v 1.196790 -0.772718 -0.045380
v 1.216283 -0.736922 -0.116853
v 1.212975 -0.603446 -0.439343
v 1.205635 -0.646457 -0.295347
v 1.199716 -0.680881 -0.206849
v 1.258914 -0.490021 -0.782447
v 1.190888 -0.489520 -0.762690
v 1.204705 -0.542564 -0.641271
v 1.212284 -0.430548 -0.867454
v 1.415450 -0.823278 -0.120027
v 1.327186 -0.837226 -0.049031
v 1.417320 -0.719677 -0.251572
v 1.324043 -0.748042 -0.169207
v 1.281404 -0.555414 -0.629616
v 1.410861 -0.630793 -0.430108
v 1.321980 -0.668021 -0.296599
v 1.281622 -0.696251 -0.223412
v 1.442136 -0.769565 -0.192974
v 1.478376 -0.573876 -0.677714
v 1.439623 -0.677225 -0.325572
v 1.436161 -0.488930 -0.854649
v 1.436762 -0.539407 -0.748137
v 1.555322 -0.862446 -0.105174
v 1.550682 -0.736842 -0.260344
v 1.560517 -0.580207 -0.683828
v 1.555448 -0.644645 -0.439050
v 1.553192 -0.686432 -0.337785
v 1.555251 -0.527121 -0.812230
v 1.664934 -0.862199 -0.108970
v 1.663587 -0.740649 -0.258888
v 1.666009 -0.581177 -0.686044
v 1.667857 -0.647020 -0.437567
v 1.667287 -0.688064 -0.338843
v 1.666196 -0.527491 -0.818575
v 1.773978 -0.837383 -0.120804
v 1.772895 -0.743853 -0.234449
v 1.773273 -0.574803 -0.683255
v 1.773040 -0.642210 -0.425982
v 1.781141 -0.680360 -0.328377
v 1.774205 -0.513425 -0.827238
v 1.846882 -0.902110 0.006116
v 1.894000 -0.392374 -0.968892
v 1.837973 -0.221105 -1.126318
v 1.889195 -0.268960 -1.077712
v 1.987332 -0.315126 -1.001158
v 1.849346 -0.152235 -1.144680
v 1.998815 -0.153643 -1.078197
v 1.854025 -0.061875 -1.152991
v 2.000735 -0.059559 -1.088610
v 2.037448 -0.351721 -0.934207
v 1.994878 -0.242845 -1.046463
v 2.061965 -0.224129 -1.017715
v 2.105603 -0.263956 -0.956300
v 2.073744 -0.152824 -1.035714
v 2.194578 -0.156364 -0.931012
v 2.097196 -0.057888 -1.031199
v 2.177999 -0.231471 -0.912978
v 2.220165 -0.057582 -0.919403
v 1.873034 -0.789632 -0.140098
v 1.904838 -0.837354 -0.060414
v 1.892650 -0.705500 -0.241497
v 1.863420 -0.565813 -0.664900
v 1.877578 -0.627212 -0.413899
v 1.897941 -0.665847 -0.300620
v 1.885603 -0.479114 -0.847421
v 1.895815 -0.543961 -0.701315
v 1.989847 -0.428767 -0.869938
v 1.992728 -0.802264 -0.041972
v 2.011067 -0.681449 -0.187029
v 1.968722 -0.554233 -0.603901
v 1.982436 -0.597394 -0.406261
v 2.010422 -0.620070 -0.299954
v 1.997942 -0.472936 -0.786176
v 2.088804 -0.525993 -0.516131
v 2.051665 -0.581092 -0.351076
v 2.051261 -0.447345 -0.786382
v 2.089685 -0.647082 -0.155292
v 2.103215 -0.598129 -0.225785
v 2.180368 -0.589916 -0.111000
v 2.108762 -0.472435 -0.664596
v 2.120038 -0.558919 -0.293960
v 2.113346 -0.367103 -0.848304
v 2.140128 -0.427387 -0.724352
v 2.149921 -0.302251 -0.884852
v 2.241890 -0.552102 -0.060236
v 2.193969 -0.457377 -0.549008
v 2.205239 -0.503490 -0.282461
v 2.238272 -0.511351 -0.160799
v 2.202241 -0.350350 -0.769153
v 2.234438 -0.395118 -0.631257
v 2.263299 -0.417027 -0.490641
v 2.273228 -0.463891 -0.190022
v 2.220132 -0.263718 -0.839930
v 2.266074 -0.314787 -0.721282
v 2.295547 -0.157243 -0.807960
v 2.341925 -0.465770 0.026326
v 2.313088 -0.353767 -0.538341
v 2.329523 -0.371862 -0.400904
v 2.343031 -0.397943 -0.170663
v 2.357944 -0.407907 -0.057884
v 2.279511 -0.224328 -0.795668
v 2.306188 -0.245369 -0.730143
v 2.331309 -0.278403 -0.632639
v 2.371746 -0.280061 -0.517809
v 2.382462 -0.308869 -0.384899
v 2.350540 -0.174643 -0.697332
v 2.396570 -0.207695 -0.557093
v 2.305077 -0.057554 -0.810485
v 2.347209 -0.057579 -0.735905
v 2.417013 -0.057563 -0.583771
v 2.404756 -0.345746 -0.036698
v 2.415025 -0.234062 -0.444984
v 2.438165 -0.256535 -0.160979
v 2.411748 -0.132359 -0.580783
v 2.424372 -0.160693 -0.507523
v 2.450090 -0.154727 -0.350447
v 2.462519 -0.163369 -0.172082
v 2.466604 -0.170893 0.004267
v 2.445166 -0.054769 -0.447201
v 2.461163 -0.058051 -0.286920
v 2.464944 -0.058809 -0.171636
v 2.461319 -0.063926 -0.022344
v 0.144873 -0.684443 0.197651
v 0.184884 -0.655793 0.401997
v 0.319718 -0.686267 0.133736
v 0.309471 -0.576017 0.696493
v 0.290885 -0.505496 0.849676
v 0.437155 -0.687796 0.026608
v 0.628422 -0.659196 0.295294
v 0.611722 -0.621941 0.505485
v 0.340844 -0.602002 0.613240
v 0.353779 -0.543286 0.769771
v 0.600735 -0.675321 0.112637
v 0.612708 -0.641385 0.410264
v 0.623956 -0.586649 0.633021
v 0.615389 -0.537163 0.755798
v 0.617199 -0.488095 0.850490
v 0.628671 -0.450209 0.905929
v 0.741232 -0.672069 0.131675
v 0.742450 -0.655315 0.368554
v 0.743412 -0.631344 0.510647
v 0.740073 -0.603049 0.610151
v 0.736470 -0.546610 0.748093
v 0.740915 -0.500585 0.843914
v 0.734715 -0.450032 0.913155
v 0.918191 -0.704826 0.217873
v 0.909330 -0.707896 0.353439
v 0.912584 -0.698029 0.522095
v 0.852641 -0.676667 0.058049
v 0.844707 -0.681201 0.259001
v 0.838086 -0.671570 0.401989
v 0.852942 -0.662022 0.518210
v 0.843947 -0.624731 0.639656
v 0.893478 -0.591869 0.788058
v 0.812887 -0.565805 0.744383
v 0.848107 -0.523556 0.862535
v 0.813083 -0.462680 0.922867
v 0.250637 -0.461996 0.922576
v 0.119913 -0.411878 0.986085
v 0.104824 -0.349816 1.038942
v 0.037372 -0.135033 1.141538
v 0.056471 -0.039984 1.186152
v 0.172798 -0.093163 1.144115
v 0.200627 -0.005764 1.179644
v 0.405051 -0.411763 0.971841
v 0.355770 -0.347345 1.029406
v 0.370696 -0.264511 1.070021
v 0.307812 -0.167395 1.104583
v 0.293376 -0.044472 1.139152
v 0.405090 -0.061230 1.108534
v 0.608854 -0.280583 1.043565
v 0.515688 -0.167327 1.075274
v 0.515927 -0.056712 1.082027
v 0.629551 -0.385717 0.979847
v 0.656343 -0.334395 1.016688
v 0.629797 -0.168775 1.063165
v 0.682984 0.004967 1.028945
v 0.633902 -0.049050 1.055834
v 0.738781 -0.396479 0.977299
v 0.741427 -0.335437 1.022348
v 0.742171 -0.269311 1.057851
v 0.741452 -0.173263 1.070101
v 0.750827 -0.000818 1.022502
v 0.746734 -0.074156 1.057603
v 0.844785 -0.418445 0.995557
v 0.882863 -0.371854 1.062958
v 0.814811 -0.346527 1.035762
v 0.853634 -0.290275 1.090023
v 0.910052 -0.250908 1.147097
v 0.843119 -0.175799 1.100463
v 0.969362 -0.179054 1.204365
v 0.822488 0.000058 1.031998
v 0.861999 -0.060924 1.086491
v 0.982953 -0.071547 1.192484
v 1.152858 -0.907157 0.429029
v 1.168034 -0.917072 0.495821
v 1.238772 -0.915720 0.202598
v 1.238491 -0.937171 0.293188
v 1.213573 -0.938828 0.400844
v 1.243897 -0.932504 0.663751
v 1.376901 -0.920151 0.055975
v 1.328108 -0.947546 0.176573
v 1.324959 -0.973733 0.287884
v 1.351574 -0.999743 0.403660
v 1.363055 -1.003942 0.516046
v 1.325278 -0.973449 0.631748
v 1.328620 -0.947049 0.742892
v 1.375207 -0.923332 0.852933
v 1.476550 -1.028785 0.317322
v 1.478813 -1.037415 0.410453
v 1.482082 -1.035815 0.555046
v 1.442210 -0.943705 0.068463
v 1.435946 -0.980350 0.174521
v 1.470748 -1.023463 0.620895
v 1.436498 -0.979811 0.744981
v 1.442927 -0.942937 0.850959
v 1.572661 -1.025897 0.232082
v 1.543722 -1.032642 0.275198
v 1.565434 -1.045996 0.405519
v 1.565480 -1.045928 0.514128
v 1.561297 -1.036794 0.619868
v 1.573534 -1.024720 0.689965
v 1.554573 -0.964416 0.075131
v 1.555214 -0.963211 0.845006
v 1.652088 -1.026199 0.228046
v 1.667616 -1.037820 0.297721
v 1.669207 -1.046135 0.404249
v 1.669087 -1.046062 0.515321
v 1.667312 -1.037536 0.621803
v 1.652231 -1.027193 0.685922
v 1.667764 -0.966915 0.077007
v 1.765412 -1.020985 0.268090
v 1.679560 -0.981919 0.801704
v 1.769775 -1.036338 0.365245
v 1.757722 -1.037552 0.557126
v 1.784891 -0.965294 0.111382
v 1.847405 -1.021299 0.401343
v 1.785826 -1.021842 0.625344
v 1.786579 -0.985623 0.746955
v 1.765786 -0.927876 0.903678
v 1.454117 -0.910848 0.924841
v 1.561562 -0.926906 0.925186
v 1.661739 -0.927746 0.925994
v 0.986391 -0.756847 0.299490
v 0.971432 -0.751918 0.403215
v 1.073840 -0.839740 0.520100
v 1.068697 -0.819329 0.619525
v 1.011182 -0.721070 0.069662
v 0.980369 -0.730681 0.176722
v 0.966649 -0.740740 0.517023
v 0.998336 -0.747628 0.632495
v 0.951393 -0.666339 0.729471
v 1.085387 -0.747284 0.835999
v 0.928425 -0.693678 0.094038
v 0.928480 -0.680708 0.643615
v 0.980627 -0.629721 0.856431
v 0.943446 -0.555875 0.922702
v 1.087497 -0.765316 0.070682
v 1.054389 -0.779097 0.170514
v 1.048022 -0.800983 0.269878
v 1.126756 -0.815585 0.774224
v 1.057771 -0.781333 0.711129
v 1.185804 -0.819051 0.050790
v 1.167277 -0.900028 0.310321
v 1.165017 -0.898190 0.607860
v 1.206710 -0.882173 0.749544
v 1.184373 -0.815986 0.862260
v 1.306662 -0.905589 0.086856
v 1.298721 -0.900387 0.832916
v 1.866067 -0.898271 0.906290
v 1.040357 -0.580930 1.019449
v 1.011382 -0.470169 1.118237
v 0.919898 -0.451037 1.029753
v 0.947243 -0.406740 1.102104
v 1.041173 -0.411361 1.209093
v 1.047479 -0.351409 1.257051
v 0.921865 -0.328304 1.130059
v 0.966422 -0.285170 1.191527
v 1.029054 -0.275535 1.265032
v 1.026565 -0.181128 1.269524
v 0.941075 -0.023485 1.126639
v 1.036029 -0.103710 1.262280
v 1.091748 -0.693217 0.931517
v 1.129919 -0.573959 1.133051
v 1.090604 -0.508002 1.170312
v 1.191766 -0.472843 1.299646
v 1.113588 -0.383378 1.301161
v 1.160610 -0.347735 1.360255
v 1.145325 -0.279799 1.370552
v 1.148496 -0.182000 1.377412
v 1.045436 -0.014154 1.222825
v 1.103751 -0.066863 1.308543
v 1.153991 -0.104494 1.366458
v 1.201647 -0.775112 0.950612
v 1.216378 -0.696900 1.063275
v 1.201612 -0.561237 1.212402
v 1.290065 -0.458227 1.372146
v 1.185040 -0.418364 1.337376
v 1.229445 -0.377593 1.388757
v 1.236458 -0.274346 1.424873
v 1.230870 -0.179697 1.425673
v 1.176404 -0.025499 1.345183
v 1.222542 -0.071391 1.396439
v 1.302616 -0.820239 0.973960
v 1.328643 -0.780547 1.045986
v 1.364518 -0.698313 1.157225
v 1.295493 -0.597345 1.235314
v 1.330976 -0.566518 1.288878
v 1.385200 -0.343816 1.477171
v 1.374228 -0.269917 1.491567
v 1.372112 -0.183110 1.494081
v 1.377113 -0.100680 1.482043
v 1.449177 -0.823006 1.047865
v 1.443162 -0.727797 1.154675
v 1.440965 -0.655451 1.229825
v 1.434830 -0.578300 1.314961
v 1.441962 -0.484683 1.404818
v 1.444907 -0.415194 1.454893
v 1.457054 -0.349925 1.491943
v 1.456157 -0.270625 1.510554
v 1.454098 -0.178653 1.512694
v 1.458517 -0.020370 1.471399
v 1.449955 -0.091825 1.497552
v 1.554161 -0.848569 1.040772
v 1.553985 -0.759094 1.144153
v 1.555529 -0.646881 1.262936
v 1.550826 -0.512065 1.401459
v 1.554174 -0.429143 1.463763
v 1.556425 -0.357312 1.500091
v 1.556226 -0.271453 1.520282
v 1.555018 -0.171635 1.521638
v 1.551134 -0.065965 1.502289
v 1.665713 -0.859817 1.028373
v 1.668011 -0.758160 1.146560
v 1.666278 -0.561235 1.354993
v 1.666448 -0.495260 1.415862
v 1.665771 -0.429175 1.463959
v 1.663620 -0.357355 1.500172
v 1.663864 -0.271469 1.520344
v 1.665142 -0.171616 1.521703
v 1.762365 -0.020459 1.471642
v 1.669135 -0.065910 1.502371
v 1.777209 -0.846955 1.024028
v 1.776857 -0.715101 1.173912
v 1.773886 -0.505853 1.390442
v 1.774835 -0.415215 1.455555
v 1.763015 -0.350013 1.492196
v 1.764008 -0.270662 1.510736
v 1.766115 -0.178604 1.512885
v 1.770307 -0.091693 1.497784
v 1.836268 -1.027677 0.456807
v 1.894977 -0.909653 0.053229
v 1.885018 -0.960221 0.178256
v 1.894979 -0.984130 0.284334
v 1.890311 -1.003378 0.520618
v 1.895503 -0.983899 0.634441
v 1.891993 -0.942345 0.789284
v 1.966681 -0.917354 0.144537
v 1.999259 -0.940646 0.289372
v 1.991309 -0.959268 0.403518
v 1.991273 -0.959187 0.516122
v 1.999277 -0.940447 0.629868
v 1.962478 -0.918706 0.776024
v 2.066483 -0.918292 0.376062
v 2.066286 -0.918549 0.542239
v 2.009190 -0.855437 0.063545
v 2.049670 -0.891379 0.204105
v 2.040446 -0.894938 0.719850
v 2.012431 -0.833194 0.892766
v 2.066008 -0.812152 0.054032
v 2.118435 -0.831537 0.181159
v 2.114148 -0.868475 0.292279
v 2.130153 -0.872017 0.405347
v 2.130083 -0.871938 0.514447
v 2.113882 -0.868244 0.627369
v 2.103697 -0.830406 0.770697
v 2.131462 -0.751374 0.047478
v 2.188078 -0.759067 0.760086
v 2.130222 -0.752427 0.871178
v 2.172761 -0.654363 0.951158
v 2.184747 -0.779313 0.196443
v 2.186972 -0.806924 0.300877
v 2.215503 -0.794506 0.403634
v 2.220127 -0.789755 0.514647
v 2.181053 -0.804323 0.659085
v 2.178399 -0.751828 0.126013
v 2.249990 -0.735449 0.290994
v 2.275468 -0.701111 0.641870
v 2.212651 -0.676920 0.852273
v 2.247739 -0.605008 0.029250
v 2.275679 -0.670708 0.202158
v 2.285599 -0.635765 0.756830
v 2.265557 -0.530581 0.958913
v 2.300294 -0.690740 0.376744
v 2.300311 -0.691108 0.542249
v 2.307610 -0.551845 0.085068
v 2.313117 -0.599079 0.181341
v 2.326144 -0.623491 0.288612
v 2.359908 -0.589545 0.407898
v 2.366492 -0.576542 0.512979
v 2.326448 -0.623226 0.631096
v 2.327481 -0.569944 0.749101
v 2.382613 -0.451648 0.150441
v 2.392380 -0.488829 0.280133
v 2.378884 -0.519401 0.632231
v 2.316232 -0.506683 0.881695
v 2.392631 -0.444794 0.726514
v 2.376575 -0.369585 0.889284
v 2.396830 -0.172075 0.925277
v 2.396631 -0.054382 0.856966
v 2.413145 -0.468190 0.380800
v 2.411735 -0.470436 0.539947
v 2.417360 -0.354689 0.069401
v 2.422635 -0.404875 0.259948
v 2.434471 -0.396020 0.471811
v 2.424223 -0.390859 0.630705
v 2.409948 -0.352137 0.789154
v 2.449251 -0.271948 0.061002
v 2.451624 -0.275401 0.173143
v 2.451278 -0.282762 0.287378
v 2.451577 -0.284602 0.485294
v 2.436210 -0.279355 0.693896
v 2.403848 -0.252882 0.904941
v 2.462816 -0.172121 0.172750
v 2.457814 -0.179591 0.470606
v 2.439980 -0.172062 0.696222
v 2.405960 -0.193091 0.905747
v 2.451130 -0.068795 0.249412
v 2.449574 -0.057761 0.489620
v 2.439046 -0.061787 0.629551
v 2.418437 -0.077273 0.788985
v 1.902414 -0.816144 1.008686
v 1.858107 -0.807718 1.042349
v 1.898875 -0.725449 1.116463
v 1.869600 -0.679952 1.179218
v 1.881481 -0.551600 1.310368
v 1.878496 -0.464174 1.389505
v 1.834163 -0.347039 1.476636
v 1.849538 -0.275013 1.490525
v 1.973674 -0.176571 1.434689
v 1.848189 -0.183045 1.494399
v 1.891194 -0.068696 1.448210
v 1.840891 -0.111218 1.486155
v 1.988566 -0.796676 0.972301
v 2.000819 -0.681722 1.099350
v 2.011102 -0.550959 1.236578
v 1.958813 -0.562922 1.259346
v 1.970624 -0.461924 1.348654
v 1.989661 -0.379504 1.388326
v 1.998382 -0.278828 1.416552
v 2.059186 -0.009893 1.327254
v 1.998014 -0.070928 1.397250
v 2.079807 -0.703329 1.005397
v 2.091486 -0.510398 1.213392
v 2.145260 -0.543987 1.119015
v 2.041788 -0.431741 1.322821
v 2.175134 -0.398995 1.225954
v 2.106245 -0.385276 1.300921
v 2.059361 -0.348718 1.360310
v 2.070987 -0.274885 1.374508
v 2.072412 -0.180335 1.378224
v 2.175982 -0.008719 1.219979
v 2.117066 -0.066033 1.309471
v 2.066618 -0.104055 1.367239
v 2.190229 -0.499654 1.114407
v 2.289480 -0.442713 1.019590
v 2.263402 -0.408264 1.097361
v 2.172431 -0.352490 1.257143
v 2.282550 -0.327158 1.126296
v 2.194448 -0.287291 1.259060
v 2.192852 -0.182341 1.270009
v 2.250304 -0.060250 1.164177
v 2.183733 -0.103193 1.262753
v 2.315966 -0.388195 1.021879
v 2.369613 -0.284730 0.968250
v 2.321811 -0.281526 1.076888
v 2.292612 -0.248942 1.142868
v 2.295100 -0.177000 1.143868
v 2.312510 -0.058864 1.059500
v 2.281216 -0.103605 1.141936
v 0.056377 0.061245 -1.207840
v 0.056927 0.173339 -1.218830
v 0.057094 0.287202 -1.215534
v 0.056137 0.398482 -1.198478
v 0.057386 0.507002 -1.168474
v 0.150826 0.559813 -1.128551
v 0.058750 0.625908 -1.112072
v 0.055002 0.706271 -1.058453
v 0.055183 0.772567 -1.003554
v 0.055980 0.851929 -0.922632
v 0.167686 0.062352 -1.187419
v 0.210938 0.178781 -1.188270
v 0.168367 0.286634 -1.194405
v 0.161534 0.391503 -1.181060
v 0.203210 0.470990 -1.150824
v 0.169105 0.624506 -1.086157
v 0.192052 0.694339 -1.034060
v 0.163896 0.758596 -0.987690
v 0.195279 0.811851 -0.925568
v 0.273097 0.054520 -1.159208
v 0.276433 0.289102 -1.164682
v 0.349874 0.311325 -1.134166
v 0.250717 0.390555 -1.157281
v 0.350343 0.398305 -1.114792
v 0.280799 0.510783 -1.103958
v 0.316710 0.611919 -1.037724
v 0.319394 0.664355 -1.000019
v 0.299772 0.756428 -0.933681
v 0.341424 0.100678 -1.142754
v 0.400571 0.058783 -1.114114
v 0.345064 0.222420 -1.145109
v 0.509764 0.137894 -1.063353
v 0.419653 0.520473 -1.032880
v 0.438579 0.625649 -0.958257
v 0.517139 0.058674 -1.065928
v 0.591250 0.132730 -1.016419
v 0.483052 0.287223 -1.062377
v 0.645957 0.236124 -0.958910
v 0.484680 0.404895 -1.036635
v 0.461631 0.471628 -1.027628
v 0.545678 0.526058 -0.939184
v 0.596859 0.021359 -1.040716
v 0.648057 0.071578 -1.005266
v 0.650158 0.182193 -0.968312
v 0.595867 0.438385 -0.938392
v 0.763328 0.075778 -0.957128
v 0.721734 0.146628 -0.935503
v 0.866219 0.035116 -0.956260
v 0.185403 0.898389 -0.818788
v 0.313946 0.829906 -0.840597
v 0.291442 0.883388 -0.776337
v 0.421423 0.684003 -0.923122
v 0.443875 0.741172 -0.850433
v 0.444586 0.787977 -0.789589
v 0.433634 0.839894 -0.724284
v 0.443717 0.894891 -0.598050
v 0.459645 0.901714 -0.083021
v 0.558046 0.632171 -0.852701
v 0.564785 0.680503 -0.796278
v 0.553812 0.744699 -0.732401
v 0.548916 0.808040 -0.631742
v 0.511161 0.876432 -0.516125
v 0.569809 0.855535 -0.399651
v 0.498665 0.909965 -0.288815
v 0.572290 0.844668 -0.178865
v 0.713507 0.253592 -0.893554
v 0.685477 0.557425 -0.762735
v 0.658868 0.629939 -0.732134
v 0.685421 0.665850 -0.638172
v 0.662636 0.711468 -0.608638
v 0.608203 0.803310 -0.510388
v 0.660273 0.774954 -0.401016
v 0.637577 0.801848 -0.287775
v 0.644740 0.772266 -0.137210
v 0.578353 0.802140 -0.588963
v 0.571237 0.817031 -0.068095
v 0.784215 0.207299 -0.860182
v 0.739202 0.298688 -0.849843
v 0.831444 0.361967 -0.703192
v 0.660824 0.504960 -0.835768
v 0.794885 0.444213 -0.691266
v 0.832349 0.473822 -0.598873
v 0.848713 0.508804 -0.508427
v 0.793484 0.554115 -0.023134
v 0.716392 0.688983 -0.513404
v 0.726598 0.703530 -0.398902
v 0.730669 0.703088 -0.288719
v 0.760858 0.617855 -0.078744
v 0.706690 0.712741 -0.163930
v 0.873553 0.163784 -0.850921
v 0.879694 0.232927 -0.769125
v 0.907216 0.260490 -0.712549
v 0.847879 0.300922 -0.731669
v 0.897862 0.312622 -0.677724
v 0.866100 0.400445 -0.628522
v 0.901480 0.439541 -0.526233
v 0.924497 0.466260 -0.394243
v 0.898051 0.463292 -0.044769
v 0.876548 0.508386 -0.399927
v 0.874088 0.518091 -0.289614
v 0.867676 0.511316 -0.173545
v 0.081143 0.929990 -0.810399
v 0.052823 0.990150 -0.701185
v 0.042637 1.023621 -0.006943
v 0.081838 1.033311 -0.578709
v 0.049322 1.054360 -0.499025
v 0.100698 1.060060 -0.395812
v 0.106389 1.060974 -0.287804
v 0.051332 1.058769 -0.178174
v 0.090492 1.036998 -0.079603
v 0.169486 0.947171 -0.738054
v 0.166138 0.995323 -0.629109
v 0.237597 1.012750 -0.504657
v 0.184214 1.018413 -0.091405
v 0.198957 1.030770 -0.478144
v 0.157287 1.042112 -0.182168
v 0.314314 0.918281 -0.696890
v 0.330916 0.940328 -0.625845
v 0.354968 0.981507 -0.396949
v 0.360922 0.981755 -0.291822
v 0.235617 1.024442 -0.199585
v 0.311733 0.951867 -0.017275
v 0.231322 1.030951 -0.390604
v 0.232566 1.032567 -0.296115
v 0.441043 0.927000 -0.495925
v 0.441013 0.932400 -0.170680
v 0.376298 0.933355 -0.045217
v 0.466486 0.926929 -0.393086
v 0.972158 0.035903 -0.956128
v 1.201546 0.042400 -1.040758
v 1.089020 0.054617 -0.977117
v 1.244933 0.121530 -1.029574
v 1.257932 0.181946 -0.998774
v 1.382640 0.013385 -1.138390
v 1.327686 0.050453 -1.101156
v 1.334488 0.153835 -1.056531
v 1.350123 0.233672 -1.004906
v 1.454512 0.040938 -1.151673
v 1.467151 0.106392 -1.133959
v 1.444474 0.156437 -1.097093
v 1.450630 0.233727 -1.039397
v 1.439949 0.297507 -0.968060
v 1.458367 0.353355 -0.898918
v 1.558948 0.038232 -1.167134
v 1.564115 0.115388 -1.144475
v 1.556882 0.178651 -1.104774
v 1.555943 0.244487 -1.050413
v 1.554752 0.302781 -0.987541
v 1.561913 0.350479 -0.925231
v 1.666208 0.039778 -1.169467
v 1.708073 0.117719 -1.144665
v 1.667709 0.180468 -1.107159
v 1.666299 0.245734 -1.053431
v 1.666530 0.302826 -0.991962
v 1.666499 0.351532 -0.926476
v 1.774343 0.045133 -1.158438
v 1.824234 0.092186 -1.131678
v 1.783774 0.161903 -1.104062
v 1.804353 0.236746 -1.043054
v 1.777517 0.294815 -0.985884
v 1.804952 0.340593 -0.921253
v 0.970903 0.166108 -0.844198
v 0.970320 0.226029 -0.762857
v 0.949533 0.258028 -0.704305
v 1.065194 0.281534 -0.731259
v 0.976026 0.308200 -0.650837
v 1.002425 0.345899 -0.581984
v 0.940307 0.363186 -0.598841
v 0.982025 0.390083 -0.525198
v 0.979625 0.430320 -0.403370
v 0.990567 0.437524 -0.274952
v 0.983130 0.433547 -0.058215
v 0.927335 0.470241 -0.243026
v 1.070059 0.105639 -0.932623
v 1.079068 0.184912 -0.871947
v 1.061747 0.224455 -0.809877
v 1.072264 0.316893 -0.672071
v 1.050870 0.350247 -0.582696
v 1.160080 0.371630 -0.632972
v 1.090171 0.386822 -0.528889
v 1.084035 0.416831 -0.404137
v 1.085883 0.429287 -0.237130
v 1.078453 0.433487 -0.061624
v 1.228097 0.232913 -0.930564
v 1.212654 0.280089 -0.860476
v 1.240817 0.346890 -0.776257
v 1.256939 0.437560 -0.536336
v 1.185290 0.437061 -0.400021
v 1.157355 0.449739 -0.085196
v 1.298392 0.467240 -0.442530
v 1.349457 0.502894 -0.182217
v 1.249453 0.473286 -0.173508
v 1.238024 0.485223 -0.062253
v 1.354487 0.319777 -0.904220
v 1.324411 0.369177 -0.797531
v 1.354973 0.437964 -0.654257
v 1.352277 0.464119 -0.551737
v 1.333892 0.525289 -0.047111
v 1.438909 0.422944 -0.745933
v 1.470956 0.461432 -0.662385
v 1.445579 0.493747 -0.475191
v 1.444547 0.522291 -0.191140
v 1.446503 0.549864 -0.068376
v 1.557616 0.408462 -0.817888
v 1.563042 0.459947 -0.695649
v 1.557667 0.490875 -0.570106
v 1.552108 0.515621 -0.380095
v 1.553465 0.536868 -0.182001
v 1.558140 0.559016 -0.083231
v 1.665189 0.409783 -0.821069
v 1.699317 0.461395 -0.695029
v 1.669264 0.493170 -0.568458
v 1.669802 0.518344 -0.375656
v 1.667753 0.538809 -0.182327
v 1.680648 0.559215 -0.086896
v 1.778655 0.386017 -0.846328
v 1.798736 0.445760 -0.709342
v 1.782520 0.472779 -0.623006
v 1.779850 0.494290 -0.513197
v 1.787501 0.509424 -0.378922
v 1.781696 0.530421 -0.176826
v 1.777148 0.554541 -0.067413
v 1.849234 0.016269 -1.148290
v 1.903478 0.055608 -1.115088
v 1.898453 0.162802 -1.066421
v 1.990397 0.203745 -0.995636
v 1.911479 0.298897 -0.936382
v 1.998736 0.045102 -1.075809
v 1.996307 0.130933 -1.042965
v 2.040023 0.236242 -0.931402
v 2.072758 0.038656 -1.035399
v 2.193951 0.040976 -0.931334
v 2.062065 0.109995 -1.016416
v 2.133452 0.162004 -0.923818
v 2.177724 0.116214 -0.912609
v 1.926641 0.358927 -0.834772
v 1.894786 0.425949 -0.704705
v 1.882981 0.463311 -0.595136
v 1.881053 0.480788 -0.504616
v 1.894642 0.491694 -0.379930
v 1.888574 0.510080 -0.175859
v 1.893556 0.527535 -0.069617
v 2.030303 0.319607 -0.827582
v 2.048778 0.362083 -0.726291
v 1.966334 0.443868 -0.583818
v 2.087510 0.410888 -0.504662
v 2.063502 0.438772 -0.381553
v 2.060355 0.450957 -0.176230
v 2.011527 0.487622 -0.055525
v 1.968872 0.465941 -0.459450
v 1.982127 0.483091 -0.173886
v 2.112889 0.251488 -0.847834
v 2.142354 0.310752 -0.722147
v 2.113787 0.366517 -0.622129
v 2.128537 0.405027 -0.400819
v 2.139391 0.408643 -0.238161
v 2.133095 0.419520 -0.063767
v 2.295375 0.042044 -0.807801
v 2.219770 0.148346 -0.839590
v 2.267140 0.199919 -0.717268
v 2.204268 0.234437 -0.765785
v 2.233823 0.279523 -0.630714
v 2.256341 0.299935 -0.512921
v 2.267578 0.312201 -0.401077
v 2.283796 0.307750 -0.268630
v 2.268403 0.313765 -0.057555
v 2.193848 0.343938 -0.538228
v 2.208567 0.362823 -0.349762
v 2.203277 0.370358 -0.066932
v 2.337517 0.044150 -0.730754
v 2.377941 0.054979 -0.634662
v 2.405720 0.112529 -0.498484
v 2.406245 0.098349 0.052393
v 2.279214 0.109037 -0.795419
v 2.305865 0.130028 -0.729860
v 2.330928 0.162987 -0.632263
v 2.371101 0.164379 -0.517462
v 2.379067 0.188483 -0.400905
v 2.382742 0.195320 -0.287096
v 2.382212 0.190195 -0.172439
v 2.371439 0.171124 0.043733
v 2.314360 0.237048 -0.534579
v 2.327397 0.254651 -0.400432
v 2.331517 0.259929 -0.286990
v 2.327270 0.255476 -0.112299
v 2.411631 0.017094 -0.580617
v 2.423931 0.045349 -0.507316
v 2.440882 0.041603 -0.398814
v 2.448329 0.041712 -0.286778
v 2.447350 0.042775 -0.172386
v 2.433537 0.032127 0.053370
v 2.420324 0.125436 -0.348154
v 2.419397 0.124136 -0.157616
v 0.053456 0.768149 0.938227
v 0.057715 0.929546 0.211257
v 0.057161 0.901870 0.293283
v 0.052502 0.880397 0.409168
v 0.063749 0.843346 0.689388
v 0.086576 0.809980 0.819408
v 0.179745 0.791276 0.824669
v 0.179909 0.905757 0.209013
v 0.171303 0.880672 0.298466
v 0.162776 0.863494 0.411719
v 0.168743 0.837206 0.629036
v 0.208518 0.812055 0.732217
v 0.359234 0.789093 0.640411
v 0.296685 0.780800 0.756882
v 0.285838 0.746681 0.861196
v 0.274074 0.886958 0.186996
v 0.275070 0.856302 0.291176
v 0.325747 0.824447 0.411282
v 0.292048 0.814589 0.612276
v 0.438507 0.671072 0.898313
v 0.505677 0.776772 0.188864
v 0.400028 0.808417 0.297278
v 0.475824 0.759169 0.514267
v 0.477288 0.711647 0.754563
v 0.436153 0.698091 0.844959
v 0.405755 0.831843 0.182122
v 0.351966 0.803354 0.561208
v 0.521482 0.655265 0.838149
v 0.511393 0.798084 0.102903
v 0.517260 0.753181 0.297074
v 0.500913 0.731499 0.626731
v 0.688355 0.545496 0.784966
v 0.650403 0.534528 0.861111
v 0.692419 0.653584 0.068290
v 0.661276 0.663741 0.179898
v 0.665953 0.655947 0.377675
v 0.620144 0.682151 0.520355
v 0.645598 0.644814 0.626589
v 0.624559 0.623057 0.743577
v 0.588068 0.579662 0.884744
v 0.617640 0.734852 0.049464
v 0.596884 0.719638 0.172347
v 0.586159 0.712958 0.303286
v 0.578807 0.686381 0.653293
v 0.789025 0.130550 0.943667
v 0.783904 0.289496 0.889775
v 0.826676 0.485420 0.088027
v 0.829489 0.482186 0.128444
v 0.814483 0.414973 0.756068
v 0.760689 0.390481 0.851929
v 0.815123 0.502593 0.066084
v 0.751912 0.577298 0.320433
v 0.734628 0.597237 0.410848
v 0.726997 0.597370 0.521134
v 0.715289 0.585936 0.630256
v 0.709654 0.475515 0.844725
v 0.722586 0.603826 0.172144
v 0.694575 0.578972 0.704762
v 0.836157 0.126889 0.943673
v 0.864425 0.191196 0.912118
v 0.907577 0.376679 0.699574
v 0.890588 0.350768 0.760120
v 0.866251 0.294850 0.845203
v 0.879106 0.459767 0.057425
v 0.877769 0.460879 0.172986
v 0.897234 0.464152 0.288802
v 0.899922 0.465514 0.403831
v 0.897863 0.454975 0.520645
v 0.889355 0.423528 0.644999
v 0.821793 0.362252 0.812166
v 0.840355 0.501379 0.381305
v 0.837216 0.495054 0.516368
v 0.825458 0.479077 0.623769
v 0.802951 0.465046 0.703207
v 0.041167 0.099117 1.269035
v 0.052933 0.188592 1.297598
v 0.089162 0.290119 1.304457
v 0.054531 0.390149 1.300588
v 0.056376 0.539916 1.234882
v 0.091055 0.469076 1.271526
v 0.055555 0.659006 1.119784
v 0.055335 0.603889 1.181375
v 0.053978 0.707190 1.051812
v 0.122255 0.114631 1.261106
v 0.160757 0.185983 1.275747
v 0.213267 0.440270 1.247908
v 0.163522 0.393205 1.278341
v 0.172441 0.512312 1.223493
v 0.166288 0.643740 1.105444
v 0.190084 0.583641 1.162860
v 0.166917 0.733925 0.963348
v 0.191671 0.685259 1.041043
v 0.187242 0.138941 1.251876
v 0.230976 0.206180 1.260310
v 0.237399 0.292109 1.267852
v 0.375839 0.415269 1.183957
v 0.236773 0.364715 1.262842
v 0.326660 0.552182 1.128408
v 0.283024 0.508304 1.181641
v 0.374876 0.653101 0.983768
v 0.283046 0.620276 1.081682
v 0.314535 0.695399 0.956060
v 0.410985 0.046220 1.129776
v 0.335102 0.167947 1.203083
v 0.440031 0.130815 1.139743
v 0.440063 0.441466 1.135157
v 0.407798 0.516036 1.110245
v 0.365295 0.478009 1.161078
v 0.435011 0.575633 1.038315
v 0.509321 0.054967 1.091863
v 0.465892 0.203020 1.143548
v 0.545928 0.284391 1.090146
v 0.464068 0.288580 1.154679
v 0.559219 0.402527 1.060178
v 0.459806 0.364528 1.150166
v 0.516268 0.515526 1.031494
v 0.501403 0.594233 0.958463
v 0.673061 0.079163 1.015090
v 0.600555 0.062471 1.052700
v 0.595119 0.161053 1.053457
v 0.654885 0.285188 0.999639
v 0.635397 0.483637 0.936866
v 0.568171 0.463656 1.022009
v 0.758606 0.087987 0.982878
v 0.729427 0.195540 0.960204
v 0.701328 0.382702 0.925850
v 0.856984 0.076308 0.995171
v 0.980806 0.236105 0.932199
v 0.178991 0.968948 0.053179
v 0.936997 0.218845 0.916306
v 0.944428 0.375310 0.700568
v 0.951919 0.347326 0.764788
v 0.973302 0.297830 0.863239
v 0.977690 0.436706 0.056315
v 0.971282 0.444736 0.169653
v 0.980294 0.456796 0.287275
v 0.967044 0.459317 0.404903
v 0.966168 0.449864 0.519203
v 0.978063 0.420820 0.645101
v 1.014741 0.360868 0.808341
v 1.072731 0.489126 0.280745
v 1.031110 0.483447 0.411397
v 1.030976 0.479140 0.509416
v 1.041560 0.462592 0.619629
v 1.070792 0.335002 0.914507
v 1.071283 0.450410 0.091573
v 1.041869 0.467852 0.246222
v 1.079256 0.455177 0.718804
v 1.119244 0.482238 0.146439
v 1.107586 0.527736 0.403049
v 1.107902 0.526172 0.516388
v 1.195805 0.477568 0.854548
v 1.156300 0.563996 0.459095
v 1.152794 0.463468 0.013280
v 1.215682 0.450972 0.921927
v 1.209655 0.501613 0.052769
v 1.264714 0.575288 0.187129
v 1.233909 0.584343 0.283257
v 1.189158 0.578489 0.395783
v 1.168508 0.552086 0.607296
v 1.250771 0.557186 0.756911
v 1.215827 0.591178 0.516625
v 1.248302 0.585236 0.662330
v 1.353349 0.553463 0.876282
v 1.348216 0.598400 0.149876
v 1.328399 0.625662 0.290585
v 1.356061 0.651475 0.404383
v 1.367816 0.655661 0.515287
v 1.328772 0.625279 0.629046
v 1.337204 0.587381 0.784979
v 1.439417 0.632643 0.177223
v 1.435231 0.661339 0.289698
v 1.471564 0.670686 0.636199
v 1.439970 0.631715 0.742043
v 1.445654 0.594942 0.848415
v 1.484839 0.687944 0.371884
v 1.487354 0.687712 0.552621
v 1.569627 0.677020 0.235324
v 1.575644 0.676361 0.687588
v 1.556311 0.615095 0.842216
v 1.563484 0.689020 0.303657
v 1.567863 0.697695 0.407256
v 1.567909 0.697627 0.512462
v 1.563634 0.688791 0.615914
v 1.647308 0.679021 0.236414
v 1.731624 0.684045 0.304715
v 1.653262 0.678575 0.683307
v 1.674789 0.589513 0.905101
v 1.663761 0.689771 0.302516
v 1.666538 0.697869 0.406621
v 1.666412 0.697800 0.513072
v 1.663374 0.689539 0.617032
v 1.796151 0.584109 0.026096
v 1.790004 0.558341 0.929467
v 1.783076 0.638383 0.176043
v 1.802447 0.671422 0.314666
v 1.795249 0.672270 0.607649
v 1.782477 0.637398 0.743232
v 1.781783 0.597375 0.851191
v 1.767866 0.689420 0.408267
v 1.752742 0.689477 0.551983
v 0.916580 0.073012 1.033897
v 1.001469 0.085357 1.098794
v 1.104828 0.035489 1.245193
v 1.108297 0.216414 1.082057
v 1.157499 0.334466 1.010080
v 1.152348 0.100870 1.230283
v 1.218195 0.061607 1.315026
v 1.285020 0.018558 1.384864
v 1.218778 0.197804 1.193513
v 1.223923 0.328399 1.076484
v 1.205248 0.400366 0.979478
v 1.317912 0.087246 1.349112
v 1.323342 0.257185 1.203002
v 1.320071 0.380688 1.089850
v 1.319696 0.461312 0.996948
v 1.368451 0.347196 1.145988
v 1.368813 0.454625 1.034665
v 1.407176 0.075560 1.394915
v 1.436417 0.195794 1.301230
v 1.474458 0.117180 1.378037
v 1.441026 0.345918 1.172860
v 1.446841 0.460013 1.062002
v 1.462158 0.561153 0.928079
v 1.541274 0.078582 1.419993
v 1.609034 -0.005536 1.483001
v 1.557568 0.183638 1.330745
v 1.555608 0.400907 1.146170
v 1.554912 0.500917 1.037007
v 1.562392 0.578982 0.922459
v 1.670930 0.043108 1.446414
v 1.666299 0.145009 1.364932
v 1.665508 0.282086 1.249578
v 1.667461 0.401951 1.147213
v 1.664318 0.507161 1.032352
v 1.802325 0.091114 1.387713
v 1.801476 0.169988 1.322052
v 1.746722 0.117884 1.378692
v 1.765113 0.253102 1.260753
v 1.776541 0.470932 1.055752
v 1.773687 0.359219 1.169200
v 1.743199 0.573233 0.919363
v 1.904813 0.550971 0.021793
v 1.893549 0.568457 0.846330
v 1.899106 0.597952 0.146561
v 1.892300 0.636044 0.289297
v 1.837669 0.676621 0.426650
v 1.836708 0.677046 0.491833
v 1.891966 0.635653 0.630359
v 1.884558 0.612248 0.734323
v 2.026068 0.500960 0.031237
v 2.021823 0.441897 0.946075
v 2.046688 0.549559 0.221163
v 2.043467 0.544960 0.714039
v 2.003348 0.508251 0.853734
v 1.964551 0.574197 0.154286
v 1.997111 0.592799 0.292849
v 1.988755 0.611111 0.405383
v 1.988666 0.611012 0.514423
v 1.996760 0.592404 0.626718
v 1.960168 0.571230 0.772487
v 2.168234 0.297807 0.957134
v 2.130808 0.438293 0.046919
v 2.131945 0.468149 0.153443
v 2.143416 0.458126 0.745737
v 2.128685 0.403762 0.869095
v 2.111770 0.521643 0.294687
v 2.127638 0.524497 0.406356
v 2.127568 0.524337 0.513435
v 2.111494 0.520726 0.624758
v 2.085267 0.468588 0.821348
v 2.068244 0.567594 0.378608
v 2.062109 0.571407 0.541553
v 2.267895 0.317151 0.055359
v 2.273913 0.326896 0.162818
v 2.277189 0.360919 0.310974
v 2.271953 0.325838 0.714400
v 2.237164 0.286014 0.857654
v 2.211295 0.380921 0.091806
v 2.218475 0.442047 0.407192
v 2.221783 0.438211 0.512892
v 2.247621 0.388315 0.626548
v 2.200213 0.390114 0.768306
v 2.181403 0.458482 0.273364
v 2.179331 0.456211 0.657495
v 2.427305 0.036521 0.169719
v 2.422879 0.062650 0.278486
v 2.393406 0.081436 0.716746
v 2.354861 0.056384 0.862282
v 2.373921 0.166284 0.179409
v 2.365151 0.229902 0.404276
v 2.362552 0.233747 0.510967
v 2.376475 0.170104 0.630639
v 2.325636 0.219606 0.741953
v 2.301687 0.209271 0.823788
v 2.321761 0.249595 0.058266
v 2.329547 0.251940 0.191700
v 2.324024 0.275932 0.629331
v 2.299256 0.344622 0.411514
v 2.297257 0.343991 0.545615
v 2.431963 0.052902 0.472499
v 2.418654 0.046153 0.647461
v 2.413020 0.118619 0.395371
v 2.409888 0.122422 0.545601
v 1.905738 0.121772 1.323843
v 1.931567 0.017853 1.388906
v 1.960944 0.307194 1.138069
v 1.882738 0.344086 1.146439
v 1.915153 0.472004 0.992010
v 1.897017 0.396898 1.086843
v 1.856351 0.459223 1.039613
v 2.029491 0.123122 1.249766
v 1.995492 0.066999 1.319652
v 2.026580 0.336448 1.066033
v 1.972367 0.477820 0.938099
v 2.151693 0.129725 1.135034
v 2.120917 0.068105 1.219486
v 2.079155 0.342753 1.013237
v 2.275325 0.162230 0.932419
v 2.230939 0.063842 1.096513
v 2.228885 0.228788 0.941990
v 2.303055 0.036845 1.001154
vt 0.060799 0.539639
vt 0.061419 0.521418
vt 0.059584 0.508137
vt 0.066720 0.564920
vt 0.073208 0.548991
vt 0.065036 0.550697
vt 0.077337 0.525119
vt 0.071423 0.536125
vt 0.069485 0.520909
vt 0.079728 0.507195
vt 0.071854 0.507419
vt 0.067136 0.505309
vt 0.072221 0.578455
vt 0.080766 0.557408
vt 0.075586 0.566748
vt 0.069432 0.557673
vt 0.086742 0.536213
vt 0.078760 0.537870
vt 0.086524 0.521403
vt 0.089523 0.506643
vt 0.071082 0.594593
vt 0.085899 0.580080
vt 0.078700 0.582062
vt 0.082397 0.570789
vt 0.091353 0.548928
vt 0.089632 0.556283
vt 0.091011 0.537049
vt 0.094947 0.522326
vt 0.071362 0.618823
vt 0.081945 0.596783
vt 0.075434 0.606885
vt 0.076949 0.596632
vt 0.098424 0.569882
vt 0.093317 0.573335
vt 0.095820 0.554774
vt 0.101621 0.537136
vt 0.102575 0.522245
vt 0.102670 0.507707
vt 0.097525 0.507694
vt 0.015357 0.530460
vt 0.010375 0.531892
vt 0.003605 0.532685
vt 0.039021 0.512322
vt 0.032901 0.514672
vt 0.015737 0.522004
vt 0.010289 0.522030
vt 0.003571 0.522199
vt 0.045466 0.503814
vt 0.032339 0.503881
vt 0.015207 0.513565
vt 0.010332 0.512080
vt 0.003597 0.511646
vt 0.044672 0.560513
vt 0.033990 0.561820
vt 0.056022 0.546635
vt 0.049431 0.550512
vt 0.041975 0.550160
vt 0.034790 0.550836
vt 0.027248 0.552559
vt 0.019351 0.550393
vt 0.011711 0.550739
vt 0.003924 0.550977
vt 0.055388 0.534965
vt 0.048740 0.536374
vt 0.039798 0.537169
vt 0.026970 0.537224
vt 0.018888 0.536416
vt 0.011329 0.540666
vt 0.003802 0.541995
vt 0.055273 0.521634
vt 0.048432 0.522244
vt 0.041651 0.517968
vt 0.034245 0.524537
vt 0.027273 0.521401
vt 0.020362 0.521919
vt 0.024573 0.505611
vt 0.018364 0.507590
vt 0.011209 0.502710
vt 0.003748 0.501616
vt 0.057153 0.577184
vt 0.052014 0.580510
vt 0.043654 0.576414
vt 0.036528 0.577121
vt 0.029517 0.581484
vt 0.023761 0.579899
vt 0.060703 0.570086
vt 0.050737 0.567103
vt 0.026476 0.565259
vt 0.010684 0.569315
vt 0.055723 0.556836
vt 0.019185 0.561231
vt 0.011996 0.560567
vt 0.003999 0.560898
vt 0.056490 0.597153
vt 0.046896 0.603930
vt 0.039205 0.605873
vt 0.030887 0.598548
vt 0.023447 0.603164
vt 0.061380 0.584744
vt 0.045413 0.590540
vt 0.037650 0.591706
vt 0.021727 0.588417
vt 0.004353 0.576470
vt 0.051769 0.618676
vt 0.039026 0.620288
vt 0.064101 0.596633
vt 0.056602 0.608558
vt 0.031660 0.613240
vt 0.012237 0.607358
vt 0.016043 0.597468
vt 0.005084 0.594288
vt 0.001817 0.584983
vt 0.059819 0.622845
vt 0.051432 0.627511
vt 0.042837 0.629453
vt 0.033649 0.628669
vt 0.025447 0.633804
vt 0.019686 0.632393
vt 0.064659 0.613039
vt 0.026204 0.620579
vt 0.015680 0.620707
vt 0.007711 0.612833
vt 0.061885 0.654102
vt 0.046064 0.657917
vt 0.076675 0.654144
vt 0.070434 0.657322
vt 0.063972 0.665596
vt 0.053418 0.669300
vt 0.042127 0.666363
vt 0.035403 0.667014
vt 0.080321 0.658990
vt 0.074998 0.664828
vt 0.046627 0.679821
vt 0.037026 0.674110
vt 0.077125 0.672934
vt 0.064674 0.680352
vt 0.080317 0.677546
vt 0.072287 0.682988
vt 0.063194 0.686876
vt 0.053520 0.688776
vt 0.077625 0.622372
vt 0.093092 0.601176
vt 0.087670 0.601723
vt 0.083499 0.617000
vt 0.102825 0.585371
vt 0.094305 0.590004
vt 0.109155 0.554556
vt 0.105048 0.558905
vt 0.104609 0.543070
vt 0.108085 0.523519
vt 0.108324 0.508035
vt 0.092305 0.628455
vt 0.083554 0.628981
vt 0.097887 0.604124
vt 0.091846 0.616231
vt 0.114299 0.568377
vt 0.107520 0.574169
vt 0.113172 0.540934
vt 0.118740 0.517590
vt 0.118840 0.508467
vt 0.088025 0.638221
vt 0.101328 0.616410
vt 0.111795 0.587446
vt 0.106825 0.601914
vt 0.117802 0.557843
vt 0.120025 0.540072
vt 0.122532 0.518327
vt 0.124991 0.508580
vt 0.101069 0.637742
vt 0.093589 0.644954
vt 0.107341 0.621003
vt 0.117916 0.590393
vt 0.112854 0.606469
vt 0.123435 0.573781
vt 0.123799 0.560239
vt 0.125579 0.544992
vt 0.127205 0.520223
vt 0.098939 0.653244
vt 0.116388 0.622496
vt 0.109752 0.633698
vt 0.109919 0.645837
vt 0.121833 0.601339
vt 0.126086 0.584714
vt 0.129684 0.563986
vt 0.132762 0.575435
vt 0.131508 0.545736
vt 0.130531 0.518361
vt 0.130918 0.508927
vt 0.138856 0.509664
vt 0.106626 0.658085
vt 0.117537 0.633957
vt 0.126548 0.601006
vt 0.125294 0.613106
vt 0.126008 0.626265
vt 0.131272 0.590613
vt 0.133108 0.602997
vt 0.137793 0.561688
vt 0.137238 0.546332
vt 0.138365 0.528099
vt 0.123707 0.639168
vt 0.115363 0.652266
vt 0.132432 0.615117
vt 0.138855 0.588860
vt 0.141592 0.564072
vt 0.142373 0.547755
vt 0.143344 0.529001
vt 0.143792 0.510123
vt 0.123813 0.651195
vt 0.133707 0.627453
vt 0.129034 0.643616
vt 0.140076 0.600694
vt 0.139468 0.615003
vt 0.146959 0.573297
vt 0.146869 0.582829
vt 0.146211 0.546803
vt 0.147722 0.531299
vt 0.147660 0.510583
vt 0.151801 0.511519
vt 0.071151 0.628788
vt 0.062973 0.633793
vt 0.054866 0.642487
vt 0.046149 0.644523
vt 0.035563 0.640617
vt 0.012960 0.633591
vt 0.004851 0.620623
vt 0.075495 0.637835
vt 0.068334 0.648181
vt 0.039295 0.656863
vt 0.027697 0.650835
vt 0.017427 0.646136
vt 0.010287 0.642364
vt 0.013117 0.653706
vt 0.000683 0.642388
vt 0.083661 0.667182
vt 0.041771 0.682829
vt 0.021138 0.669022
vt 0.009566 0.660903
vt 0.026781 0.680641
vt 0.012174 0.671080
vt 0.097134 0.665854
vt 0.080117 0.687878
vt 0.068347 0.693787
vt 0.037766 0.690550
vt 0.018753 0.682282
vt 0.000374 0.673114
vt 0.105067 0.671300
vt 0.093288 0.679707
vt 0.056249 0.697629
vt 0.035719 0.695589
vt 0.110536 0.667299
vt 0.011993 0.689084
vt 0.993193 0.677374
vt 0.100953 0.680394
vt 0.091070 0.690271
vt 0.075892 0.698269
vt 0.056047 0.702101
vt 0.064982 0.706184
vt 0.036966 0.705092
vt 0.028673 0.700127
vt 0.011362 0.698137
vt 0.145604 0.596505
vt 0.150885 0.556054
vt 0.152824 0.534964
vt 0.159173 0.513458
vt 0.135146 0.647579
vt 0.149730 0.609605
vt 0.145033 0.625535
vt 0.158341 0.569699
vt 0.153384 0.591607
vt 0.155910 0.560672
vt 0.158354 0.537823
vt 0.162578 0.540596
vt 0.163962 0.513653
vt 0.152180 0.624550
vt 0.159881 0.591128
vt 0.160530 0.608856
vt 0.166348 0.573771
vt 0.169742 0.543597
vt 0.171175 0.514816
vt 0.175915 0.631316
vt 0.173760 0.594138
vt 0.172531 0.610929
vt 0.180970 0.577026
vt 0.182175 0.549085
vt 0.180961 0.516090
vt 0.223753 0.624942
vt 0.209587 0.531915
vt 0.211218 0.510775
vt 0.191228 0.525387
vt 0.217075 0.646081
vt 0.221841 0.600806
vt 0.222444 0.578120
vt 0.220687 0.554329
vt 0.226882 0.535887
vt 0.227290 0.511599
vt 0.250102 0.648749
vt 0.250330 0.601668
vt 0.249322 0.575986
vt 0.248544 0.533170
vt 0.241853 0.558297
vt 0.242252 0.511665
vt 0.120184 0.662276
vt 0.111440 0.677702
vt 0.103497 0.690877
vt 0.086193 0.699276
vt 0.051167 0.707731
vt 0.122919 0.673181
vt 0.056571 0.713750
vt 0.031267 0.712624
vt 0.992170 0.702605
vt 0.083755 0.705210
vt 0.112909 0.687018
vt 0.084807 0.711134
vt 0.059002 0.724692
vt 0.014144 0.727901
vt 0.141148 0.644161
vt 0.136130 0.658990
vt 0.140850 0.666587
vt 0.126445 0.689849
vt 0.110220 0.710733
vt 0.090655 0.728371
vt 0.068194 0.743499
vt 0.026763 0.751420
vt 0.151858 0.640204
vt 0.137518 0.679248
vt 0.008499 0.819873
vt 0.159961 0.693075
vt 0.141811 0.701509
vt 0.125549 0.730646
vt 0.106402 0.753085
vt 0.081000 0.768698
vt 0.165051 0.644956
vt 0.153462 0.673852
vt 0.160682 0.721525
vt 0.066071 0.790535
vt 0.181085 0.655567
vt 0.180592 0.680408
vt 0.194237 0.904358
vt 0.207476 0.716225
vt 0.192869 0.778601
vt 0.186006 0.817802
vt 0.197794 0.845361
vt 0.623411 0.994809
vt 0.206746 0.745538
vt 0.171323 0.852235
vt 0.230172 0.672586
vt 0.229826 0.697758
vt 0.240803 0.721604
vt 0.239243 0.752062
vt 0.234980 0.787341
vt 0.224771 0.829152
vt 0.218380 0.863827
vt 0.996433 0.532736
vt 0.989731 0.532064
vt 0.984814 0.530828
vt 0.996480 0.522460
vt 0.989839 0.522665
vt 0.984506 0.522859
vt 0.996451 0.512298
vt 0.989795 0.513493
vt 0.984920 0.515077
vt 0.995931 0.550239
vt 0.988515 0.549228
vt 0.983269 0.545805
vt 0.996256 0.541778
vt 0.988878 0.540234
vt 0.981387 0.536493
vt 0.975712 0.533283
vt 0.980217 0.523244
vt 0.975197 0.523582
vt 0.996264 0.503242
vt 0.988996 0.505774
vt 0.981579 0.510295
vt 0.975887 0.514099
vt 0.980182 0.551180
vt 0.973982 0.548618
vt 0.977493 0.542695
vt 0.971741 0.538587
vt 0.966322 0.534809
vt 0.970810 0.524090
vt 0.965900 0.524500
vt 0.977750 0.505115
vt 0.971959 0.509984
vt 0.966476 0.514443
vt 0.000037 0.570260
vt 0.991408 0.570439
vt 0.978438 0.562212
vt 0.995039 0.565376
vt 0.969489 0.551766
vt 0.967968 0.544986
vt 0.962239 0.540164
vt 0.956726 0.535987
vt 0.961419 0.525099
vt 0.956370 0.525571
vt 0.968158 0.504965
vt 0.962398 0.510526
vt 0.956852 0.515444
vt 0.994450 0.584882
vt 0.986788 0.578478
vt 0.974386 0.567949
vt 0.967724 0.566119
vt 0.960556 0.556481
vt 0.953257 0.554897
vt 0.958164 0.546486
vt 0.952348 0.541290
vt 0.946621 0.536853
vt 0.951696 0.526257
vt 0.946722 0.526766
vt 0.958325 0.505870
vt 0.952514 0.511804
vt 0.946812 0.517084
vt 0.995166 0.597103
vt 0.983923 0.591481
vt 0.976461 0.581666
vt 0.962897 0.575513
vt 0.955551 0.570132
vt 0.946812 0.549471
vt 0.947464 0.505913
vt 0.999303 0.626689
vt 0.990874 0.603873
vt 0.972476 0.592408
vt 0.945652 0.563323
vt 0.939178 0.560392
vt 0.937562 0.545555
vt 0.931146 0.540148
vt 0.936995 0.528494
vt 0.931595 0.529129
vt 0.937750 0.512085
vt 0.931268 0.518600
vt 0.987340 0.614445
vt 0.978483 0.605348
vt 0.946900 0.584645
vt 0.938530 0.578055
vt 0.931031 0.554166
vt 0.926685 0.530035
vt 0.931101 0.506381
vt 0.989568 0.629344
vt 0.981043 0.619385
vt 0.970550 0.622200
vt 0.970457 0.605983
vt 0.949540 0.596352
vt 0.928885 0.569219
vt 0.916957 0.566648
vt 0.922048 0.549608
vt 0.920738 0.531266
vt 0.922166 0.513269
vt 0.988395 0.639420
vt 0.977956 0.632558
vt 0.956179 0.618496
vt 0.933970 0.597529
vt 0.924297 0.594373
vt 0.919835 0.584881
vt 0.913086 0.551417
vt 0.913296 0.532515
vt 0.913218 0.514459
vt 0.997869 0.661737
vt 0.987811 0.649961
vt 0.967056 0.632515
vt 0.937761 0.637445
vt 0.932921 0.628074
vt 0.905813 0.575309
vt 0.905356 0.562430
vt 0.904860 0.506592
vt 0.988352 0.661466
vt 0.974705 0.655982
vt 0.963617 0.644823
vt 0.921466 0.618861
vt 0.909660 0.608066
vt 0.906994 0.595065
vt 0.887003 0.614094
vt 0.883812 0.600665
vt 0.990099 0.690740
vt 0.966214 0.671126
vt 0.928630 0.686279
vt 0.898094 0.669844
vt 0.898411 0.649285
vt 0.881029 0.641520
vt 0.906512 0.545673
vt 0.906971 0.533339
vt 0.906738 0.521833
vt 0.894677 0.571775
vt 0.895077 0.556882
vt 0.892465 0.535938
vt 0.894998 0.514379
vt 0.872682 0.584801
vt 0.874535 0.559236
vt 0.879396 0.513455
vt 0.866063 0.554085
vt 0.874132 0.537907
vt 0.868307 0.536717
vt 0.968768 0.704634
vt 0.912079 0.679761
vt 0.986402 0.731505
vt 0.917920 0.767416
vt 0.854410 0.636508
vt 0.852962 0.617666
vt 0.894349 0.748516
vt 0.874694 0.725071
vt 0.869212 0.673931
vt 0.984660 0.825715
vt 0.833827 0.723105
vt 0.820631 0.704506
vt 0.817676 0.684283
vt 0.933376 0.828690
vt 0.811753 0.659581
vt 0.828398 0.917573
vt 0.803736 0.816106
vt 0.765433 0.783541
vt 0.754896 0.865938
vt 0.759765 0.670258
vt 0.737452 0.747274
vt 0.749808 0.719995
vt 0.738295 0.694475
vt 0.857666 0.576805
vt 0.855777 0.537881
vt 0.867643 0.496724
vt 0.858434 0.513494
vt 0.847320 0.597909
vt 0.848675 0.562103
vt 0.845370 0.513657
vt 0.833305 0.588843
vt 0.836050 0.570476
vt 0.833702 0.542773
vt 0.831309 0.514152
vt 0.823621 0.498444
vt 0.811001 0.638026
vt 0.814387 0.618745
vt 0.805795 0.596644
vt 0.812278 0.570872
vt 0.817813 0.523681
vt 0.814459 0.502558
vt 0.803392 0.529806
vt 0.801766 0.507340
vt 0.782627 0.573857
vt 0.790438 0.525645
vt 0.768313 0.647048
vt 0.768799 0.624972
vt 0.767226 0.601730
vt 0.772769 0.527553
vt 0.743731 0.577428
vt 0.758705 0.538079
vt 0.758577 0.517170
vt 0.067459 0.489835
vt 0.060592 0.493713
vt 0.067218 0.481328
vt 0.065094 0.478736
vt 0.059239 0.466243
vt 0.078859 0.492787
vt 0.076877 0.479778
vt 0.076553 0.469673
vt 0.074409 0.463674
vt 0.065112 0.463756
vt 0.068434 0.453350
vt 0.087395 0.493717
vt 0.086188 0.479450
vt 0.080478 0.464355
vt 0.080373 0.453513
vt 0.076908 0.447040
vt 0.071006 0.437688
vt 0.070264 0.431063
vt 0.095656 0.492831
vt 0.093909 0.477627
vt 0.086803 0.472197
vt 0.089197 0.462658
vt 0.092904 0.451793
vt 0.085499 0.448094
vt 0.087390 0.434104
vt 0.078580 0.431020
vt 0.075087 0.418538
vt 0.102590 0.492772
vt 0.102258 0.478851
vt 0.101248 0.465990
vt 0.093134 0.438980
vt 0.086672 0.422383
vt 0.081116 0.414988
vt 0.075255 0.406548
vt 0.071693 0.396257
vt 0.045588 0.491162
vt 0.037176 0.491920
vt 0.023783 0.491210
vt 0.044751 0.480777
vt 0.040303 0.479837
vt 0.033903 0.480460
vt 0.024656 0.481912
vt 0.038741 0.471299
vt 0.032019 0.470992
vt 0.019343 0.492506
vt 0.011792 0.490558
vt 0.003728 0.489681
vt 0.055931 0.478687
vt 0.043609 0.473771
vt 0.022255 0.475767
vt 0.012802 0.477235
vt 0.006548 0.477134
vt 0.048901 0.465143
vt 0.041643 0.464694
vt 0.034454 0.462626
vt 0.027211 0.464567
vt 0.020231 0.464422
vt 0.010927 0.464443
vt 0.049928 0.452962
vt 0.042771 0.450753
vt 0.035487 0.448560
vt 0.027757 0.452570
vt 0.018108 0.452864
vt 0.999803 0.482293
vt 0.057237 0.456993
vt 0.006686 0.458599
vt 0.060568 0.444183
vt 0.028373 0.437298
vt 0.021031 0.443246
vt 0.013480 0.445643
vt 0.057071 0.437516
vt 0.051896 0.434267
vt 0.044741 0.430058
vt 0.036841 0.427883
vt 0.019304 0.434498
vt 0.004416 0.449662
vt 0.011686 0.433922
vt 0.005291 0.438239
vt 0.063679 0.424808
vt 0.030532 0.414021
vt 0.023316 0.415285
vt 0.056457 0.417386
vt 0.047063 0.411450
vt 0.039245 0.408730
vt 0.003070 0.427845
vt 0.020906 0.410859
vt 0.014076 0.410093
vt 0.066293 0.408140
vt 0.058793 0.401783
vt 0.033059 0.395586
vt 0.008805 0.406483
vt 0.051520 0.396499
vt 0.040944 0.392263
vt 0.001673 0.407506
vt 0.025651 0.395233
vt 0.015185 0.391772
vt 0.059999 0.392300
vt 0.051597 0.387301
vt 0.033299 0.387012
vt 0.021868 0.386857
vt 0.108333 0.492703
vt 0.107437 0.477814
vt 0.105891 0.465112
vt 0.105075 0.454281
vt 0.099539 0.436080
vt 0.094509 0.425455
vt 0.090807 0.413500
vt 0.083847 0.398475
vt 0.074856 0.391022
vt 0.118754 0.499008
vt 0.113427 0.475866
vt 0.111274 0.459954
vt 0.114691 0.448254
vt 0.107556 0.441813
vt 0.103473 0.425621
vt 0.095791 0.405863
vt 0.087778 0.389869
vt 0.122187 0.496568
vt 0.118751 0.465175
vt 0.112078 0.429670
vt 0.107027 0.414588
vt 0.101555 0.400128
vt 0.094359 0.385985
vt 0.084675 0.373968
vt 0.127435 0.497086
vt 0.125641 0.472842
vt 0.123885 0.457971
vt 0.121878 0.445033
vt 0.118146 0.427776
vt 0.113063 0.410633
vt 0.106787 0.394598
vt 0.098240 0.377795
vt 0.130582 0.499242
vt 0.131481 0.473108
vt 0.129614 0.456764
vt 0.129348 0.442911
vt 0.123513 0.423316
vt 0.118970 0.407692
vt 0.113477 0.392730
vt 0.106621 0.374825
vt 0.099143 0.366886
vt 0.138346 0.491046
vt 0.137078 0.472322
vt 0.136972 0.454380
vt 0.133593 0.440120
vt 0.129595 0.417564
vt 0.122028 0.396956
vt 0.115225 0.380854
vt 0.113002 0.368765
vt 0.107031 0.363890
vt 0.143356 0.491139
vt 0.143487 0.469481
vt 0.140349 0.448265
vt 0.138179 0.428992
vt 0.136107 0.417880
vt 0.131567 0.405189
vt 0.126694 0.394374
vt 0.122715 0.382762
vt 0.147051 0.485284
vt 0.151452 0.490414
vt 0.149871 0.467547
vt 0.145604 0.443522
vt 0.144437 0.414895
vt 0.145878 0.410872
vt 0.133868 0.393160
vt 0.125878 0.369110
vt 0.005886 0.392287
vt 0.063372 0.381462
vt 0.054477 0.369731
vt 0.047115 0.367978
vt 0.035032 0.375008
vt 0.026020 0.376659
vt 0.017176 0.380697
vt 0.010778 0.377403
vt 0.999333 0.387535
vt 0.075784 0.378435
vt 0.066211 0.369625
vt 0.036547 0.360348
vt 0.021441 0.368251
vt 0.061551 0.363839
vt 0.048469 0.361420
vt 0.041463 0.354990
vt 0.007850 0.367827
vt 0.076374 0.362683
vt 0.034172 0.351013
vt 0.019314 0.359436
vt 0.070419 0.359698
vt 0.061280 0.355427
vt 0.051450 0.352549
vt 0.000059 0.366470
vt 0.081604 0.357436
vt 0.036200 0.343230
vt 0.014098 0.353376
vt 0.074191 0.351936
vt 0.067914 0.343457
vt 0.055157 0.343884
vt 0.045236 0.342446
vt 0.000298 0.357211
vt 0.084911 0.351941
vt 0.081862 0.342019
vt 0.046445 0.333519
vt 0.039559 0.336557
vt 0.022626 0.340983
vt 0.013892 0.345241
vt 0.079092 0.345832
vt 0.059045 0.336436
vt 0.024643 0.326956
vt 0.008226 0.341883
vt 0.097449 0.352641
vt 0.095284 0.337468
vt 0.073423 0.335220
vt 0.065803 0.326712
vt 0.051441 0.325923
vt 0.037324 0.327843
vt 0.059082 0.329719
vt 0.116396 0.351685
vt 0.032009 0.317722
vt 0.007942 0.329365
vt 0.106705 0.345467
vt 0.083712 0.327002
vt 0.070587 0.319845
vt 0.055675 0.316762
vt 0.039458 0.317929
vt 0.106350 0.333704
vt 0.033137 0.310603
vt 0.008190 0.312347
vt 0.091063 0.317670
vt 0.076492 0.308597
vt 0.060428 0.303265
vt 0.042142 0.301791
vt 0.032741 0.288607
vt 0.003803 0.293659
vt 0.158395 0.488243
vt 0.156110 0.466704
vt 0.148899 0.452293
vt 0.150004 0.441446
vt 0.141117 0.384358
vt 0.137387 0.386864
vt 0.132831 0.359920
vt 0.163775 0.486570
vt 0.161678 0.460207
vt 0.155058 0.438842
vt 0.157664 0.433626
vt 0.154752 0.404110
vt 0.148734 0.390515
vt 0.161365 0.380332
vt 0.148706 0.373816
vt 0.144101 0.348817
vt 0.147733 0.330597
vt 0.178021 0.483817
vt 0.171523 0.485685
vt 0.177739 0.459812
vt 0.168969 0.458016
vt 0.176423 0.432784
vt 0.167481 0.431799
vt 0.179776 0.408512
vt 0.168237 0.403755
vt 0.157730 0.364496
vt 0.179712 0.344290
vt 0.164931 0.339924
vt 0.198172 0.427737
vt 0.192525 0.383544
vt 0.180949 0.372558
vt 0.189652 0.323803
vt 0.172388 0.311332
vt 0.208466 0.481438
vt 0.199131 0.456636
vt 0.198523 0.403555
vt 0.199143 0.361331
vt 0.193878 0.342417
vt 0.187791 0.290353
vt 0.213256 0.456336
vt 0.213152 0.428289
vt 0.212548 0.400599
vt 0.211440 0.373051
vt 0.221846 0.354615
vt 0.209442 0.341176
vt 0.206916 0.307703
vt 0.202667 0.268054
vt 0.227644 0.484357
vt 0.227842 0.456003
vt 0.227769 0.427597
vt 0.227414 0.399718
vt 0.226969 0.373806
vt 0.224894 0.323966
vt 0.223141 0.292954
vt 0.220899 0.263192
vt 0.242479 0.484197
vt 0.242569 0.455597
vt 0.242559 0.426940
vt 0.242420 0.398850
vt 0.242116 0.372769
vt 0.245743 0.351501
vt 0.241714 0.320025
vt 0.240715 0.280804
vt 0.124747 0.341819
vt 0.116466 0.333791
vt 0.113771 0.319219
vt 0.100116 0.301043
vt 0.083990 0.291864
vt 0.068471 0.285365
vt 0.050210 0.281302
vt 0.034815 0.233594
vt 0.012270 0.246086
vt 0.130487 0.330166
vt 0.135796 0.319067
vt 0.125645 0.303019
vt 0.106253 0.283984
vt 0.138539 0.270080
vt 0.119678 0.260418
vt 0.098695 0.238911
vt 0.082343 0.227949
vt 0.059146 0.221743
vt 0.020348 0.209192
vt 0.154260 0.290269
vt 0.109150 0.235072
vt 0.012361 0.194350
vt 0.169051 0.287142
vt 0.162891 0.254571
vt 0.180371 0.261935
vt 0.239617 0.249988
vt 0.040300 0.202766
vt 0.134627 0.242685
vt 0.094905 0.198699
vt 0.072930 0.186075
vt 0.145893 0.233453
vt 0.130322 0.186307
vt 0.054388 0.145065
vt 0.018283 0.155386
vt 0.111551 0.169001
vt 0.079262 0.150982
vt 0.192012 0.240533
vt 0.170941 0.230908
vt 0.160478 0.204412
vt 0.156979 0.185810
vt 0.019347 0.112777
vt 0.145746 0.173756
vt 0.140024 0.143709
vt 0.113321 0.125306
vt 0.069213 0.124104
vt 0.040466 0.098142
vt 0.190032 0.206687
vt 0.194710 0.173305
vt 0.168730 0.158303
vt 0.089268 0.097010
vt 0.216528 0.224873
vt 0.210098 0.190264
vt 0.197784 0.147303
vt 0.185349 0.122074
vt 0.164391 0.095952
vt 0.127985 0.072243
vt 0.068808 0.055730
vt 0.238521 0.229445
vt 0.236614 0.194990
vt 0.233797 0.164797
vt 0.231294 0.141280
vt 0.226755 0.114115
vt 0.218076 0.084730
vt 0.198895 0.055329
vt 0.143622 0.030103
vt 0.996057 0.494306
vt 0.986052 0.500696
vt 0.995133 0.485928
vt 0.985519 0.485896
vt 0.978028 0.500239
vt 0.996284 0.471069
vt 0.980625 0.481071
vt 0.968578 0.499732
vt 0.991681 0.476035
vt 0.986712 0.471364
vt 0.995462 0.456766
vt 0.972464 0.483965
vt 0.957844 0.500207
vt 0.983883 0.467414
vt 0.978066 0.469843
vt 0.970506 0.477340
vt 0.995732 0.445733
vt 0.988623 0.447292
vt 0.996078 0.434537
vt 0.963974 0.483459
vt 0.951870 0.497856
vt 0.975364 0.465360
vt 0.993076 0.425407
vt 0.988814 0.429829
vt 0.981074 0.442064
vt 0.958292 0.479399
vt 0.939743 0.500833
vt 0.969135 0.460632
vt 0.964344 0.469861
vt 0.973222 0.451265
vt 0.979804 0.435125
vt 0.998426 0.398852
vt 0.988679 0.416534
vt 0.942467 0.487278
vt 0.934512 0.497367
vt 0.959252 0.465923
vt 0.950888 0.477697
vt 0.966913 0.448857
vt 0.978985 0.424220
vt 0.988470 0.405295
vt 0.914267 0.498614
vt 0.958504 0.439556
vt 0.982961 0.404184
vt 0.994941 0.383464
vt 0.929507 0.476741
vt 0.920563 0.483427
vt 0.949722 0.452572
vt 0.963050 0.434124
vt 0.970505 0.416866
vt 0.980112 0.386707
vt 0.947893 0.448260
vt 0.938334 0.451981
vt 0.930239 0.462536
vt 0.921686 0.471159
vt 0.960099 0.423683
vt 0.951653 0.436092
vt 0.968080 0.410131
vt 0.910388 0.477340
vt 0.901778 0.487701
vt 0.928010 0.449273
vt 0.912942 0.460268
vt 0.903121 0.469979
vt 0.956767 0.415918
vt 0.946186 0.423012
vt 0.928254 0.429029
vt 0.913683 0.436326
vt 0.970191 0.392185
vt 0.960845 0.400908
vt 0.949287 0.383806
vt 0.935119 0.407869
vt 0.913456 0.416643
vt 0.986175 0.364409
vt 0.974712 0.376534
vt 0.960729 0.381015
vt 0.934030 0.388424
vt 0.919289 0.382448
vt 0.995747 0.352239
vt 0.892001 0.480144
vt 0.903993 0.451688
vt 0.895028 0.460047
vt 0.903819 0.433512
vt 0.891766 0.436002
vt 0.904333 0.386852
vt 0.888021 0.406263
vt 0.990882 0.337692
vt 0.973447 0.358062
vt 0.959144 0.361611
vt 0.930862 0.364015
vt 0.893318 0.392466
vt 0.974065 0.322342
vt 0.956998 0.344894
vt 0.924721 0.354199
vt 0.888583 0.467020
vt 0.884240 0.444315
vt 0.901440 0.366922
vt 0.884957 0.380126
vt 0.991170 0.311387
vt 0.954146 0.317779
vt 0.926476 0.328585
vt 0.908372 0.342880
vt 0.891382 0.356047
vt 0.935830 0.307334
vt 0.915506 0.319464
vt 0.894379 0.499237
vt 0.886914 0.495478
vt 0.883469 0.422374
vt 0.876850 0.486619
vt 0.872808 0.461338
vt 0.876633 0.436197
vt 0.866005 0.436641
vt 0.870871 0.406137
vt 0.865801 0.419055
vt 0.875052 0.389956
vt 0.875051 0.369205
vt 0.974917 0.296424
vt 0.949230 0.285649
vt 0.892402 0.335207
vt 0.875118 0.348809
vt 0.990351 0.272757
vt 0.967949 0.275838
vt 0.917933 0.298170
vt 0.898676 0.312478
vt 0.879575 0.315282
vt 0.869319 0.326687
vt 0.858095 0.346006
vt 0.977914 0.236548
vt 0.960154 0.240145
vt 0.940314 0.255774
vt 0.906418 0.273567
vt 0.883985 0.279109
vt 0.933236 0.224644
vt 0.896227 0.263529
vt 0.857024 0.282147
vt 0.851116 0.305626
vt 0.993733 0.188342
vt 0.956868 0.211493
vt 0.907314 0.232259
vt 0.880102 0.258435
vt 0.853829 0.266943
vt 0.835602 0.291935
vt 0.976836 0.165255
vt 0.946976 0.171976
vt 0.917813 0.192298
vt 0.887647 0.192105
vt 0.864330 0.243766
vt 0.826984 0.270462
vt 0.813271 0.296625
vt 0.930951 0.149952
vt 0.898713 0.164655
vt 0.842419 0.227846
vt 0.819200 0.244136
vt 0.796553 0.287579
vt 0.901131 0.114683
vt 0.873695 0.136110
vt 0.848317 0.162393
vt 0.818041 0.215597
vt 0.802780 0.260367
vt 0.778231 0.285073
vt 0.807582 0.112926
vt 0.794945 0.139018
vt 0.792954 0.203471
vt 0.774491 0.231608
vt 0.773435 0.253838
vt 0.759644 0.280444
vt 0.764894 0.199720
vt 0.856129 0.486566
vt 0.863969 0.469900
vt 0.846642 0.452965
vt 0.847168 0.434586
vt 0.856357 0.411061
vt 0.847715 0.419405
vt 0.865115 0.379655
vt 0.855720 0.390640
vt 0.864575 0.359071
vt 0.843855 0.487143
vt 0.818251 0.450578
vt 0.846400 0.467501
vt 0.847151 0.401600
vt 0.839296 0.411747
vt 0.854811 0.370165
vt 0.845772 0.381766
vt 0.834268 0.386568
vt 0.837112 0.359608
vt 0.848453 0.326726
vt 0.834387 0.492680
vt 0.818969 0.434022
vt 0.825641 0.410249
vt 0.817961 0.418801
vt 0.835384 0.374358
vt 0.835913 0.336702
vt 0.820973 0.365093
vt 0.806779 0.471126
vt 0.812075 0.457613
vt 0.802680 0.433743
vt 0.816339 0.401684
vt 0.809670 0.411943
vt 0.813300 0.383551
vt 0.802725 0.393370
vt 0.820396 0.343167
vt 0.827791 0.315510
vt 0.811772 0.323126
vt 0.797679 0.474153
vt 0.797163 0.455134
vt 0.797201 0.411382
vt 0.799853 0.375065
vt 0.804928 0.338540
vt 0.802074 0.356690
vt 0.785795 0.477511
vt 0.784242 0.455382
vt 0.784004 0.432936
vt 0.784208 0.409937
vt 0.786129 0.370268
vt 0.784780 0.388901
vt 0.789739 0.334277
vt 0.787748 0.352228
vt 0.791961 0.316280
vt 0.772222 0.479973
vt 0.770777 0.455376
vt 0.770575 0.432326
vt 0.770720 0.408703
vt 0.771901 0.367646
vt 0.771179 0.386915
vt 0.774106 0.331310
vt 0.772878 0.349446
vt 0.775612 0.312750
vt 0.757720 0.478170
vt 0.757109 0.454859
vt 0.756958 0.431662
vt 0.757018 0.407920
vt 0.757379 0.367065
vt 0.757322 0.386271
vt 0.758150 0.330086
vt 0.757721 0.348550
vt 0.758717 0.311183
vt 0.998291 0.079138
vt 0.989532 0.052199
vt 0.856924 0.090033
vt 0.983732 0.019061
vt 0.786409 0.074634
vt 0.271645 0.624411
vt 0.257220 0.511461
vt 0.288399 0.600115
vt 0.263878 0.567418
vt 0.269409 0.535511
vt 0.272269 0.512360
vt 0.312280 0.637426
vt 0.318317 0.617968
vt 0.291608 0.574813
vt 0.284644 0.532503
vt 0.290459 0.513615
vt 0.320938 0.593622
vt 0.307212 0.571642
vt 0.306281 0.545641
vt 0.305824 0.515963
vt 0.332130 0.544803
vt 0.321309 0.515523
vt 0.349433 0.597683
vt 0.336467 0.570785
vt 0.355171 0.578333
vt 0.336169 0.515870
vt 0.347933 0.501701
vt 0.365472 0.554438
vt 0.350780 0.523025
vt 0.377753 0.583609
vt 0.366274 0.541902
vt 0.371557 0.536454
vt 0.363126 0.513413
vt 0.305555 0.710111
vt 0.311676 0.735064
vt 0.324071 0.766476
vt 0.334391 0.803241
vt 0.310401 0.657959
vt 0.310186 0.681328
vt 0.486639 0.820496
vt 0.416540 0.774997
vt 0.437964 0.814463
vt 0.389094 0.678754
vt 0.398932 0.695544
vt 0.404580 0.732714
vt 0.358830 0.634632
vt 0.369183 0.652995
vt 0.379170 0.665402
vt 0.355394 0.617125
vt 0.440675 0.677129
vt 0.454815 0.692384
vt 0.480048 0.730887
vt 0.484224 0.708272
vt 0.382928 0.601308
vt 0.499612 0.678383
vt 0.499389 0.670580
vt 0.499380 0.661729
vt 0.499864 0.652480
vt 0.372330 0.560920
vt 0.372943 0.514096
vt 0.387298 0.577589
vt 0.382467 0.558077
vt 0.380563 0.536170
vt 0.385172 0.512246
vt 0.379950 0.512681
vt 0.394327 0.574770
vt 0.389203 0.546851
vt 0.388722 0.557887
vt 0.384798 0.535485
vt 0.399729 0.560769
vt 0.396319 0.545391
vt 0.390316 0.522904
vt 0.389603 0.530679
vt 0.389820 0.509068
vt 0.409968 0.582362
vt 0.405609 0.574591
vt 0.395997 0.537952
vt 0.393375 0.526745
vt 0.392691 0.535570
vt 0.392828 0.509832
vt 0.414799 0.579991
vt 0.405433 0.560410
vt 0.409856 0.571143
vt 0.399489 0.537714
vt 0.401753 0.548823
vt 0.397676 0.524918
vt 0.397079 0.509336
vt 0.419145 0.576479
vt 0.410232 0.557993
vt 0.414487 0.567714
vt 0.404092 0.536465
vt 0.406761 0.547401
vt 0.402466 0.523736
vt 0.401973 0.508810
vt 0.424654 0.570641
vt 0.415930 0.553424
vt 0.419321 0.563529
vt 0.408747 0.534558
vt 0.411852 0.544364
vt 0.407321 0.522680
vt 0.407007 0.508393
vt 0.498382 0.691261
vt 0.428663 0.642903
vt 0.472340 0.686747
vt 0.490990 0.693769
vt 0.388826 0.613053
vt 0.403583 0.615860
vt 0.414632 0.629509
vt 0.483427 0.675438
vt 0.493668 0.684665
vt 0.459732 0.666353
vt 0.483360 0.681785
vt 0.395941 0.595572
vt 0.493968 0.682388
vt 0.484756 0.672746
vt 0.444693 0.639267
vt 0.461765 0.652835
vt 0.472826 0.662320
vt 0.411494 0.601630
vt 0.409342 0.606074
vt 0.422148 0.620448
vt 0.401151 0.589501
vt 0.486536 0.667193
vt 0.494123 0.679040
vt 0.472041 0.647573
vt 0.479770 0.662593
vt 0.427314 0.618094
vt 0.452905 0.628638
vt 0.464874 0.645812
vt 0.472532 0.656417
vt 0.478829 0.654861
vt 0.431590 0.607980
vt 0.464602 0.636929
vt 0.414565 0.590596
vt 0.423593 0.602319
vt 0.489254 0.660853
vt 0.473526 0.639492
vt 0.434269 0.604477
vt 0.456215 0.620805
vt 0.465918 0.629763
vt 0.423400 0.592898
vt 0.489598 0.651821
vt 0.475429 0.631919
vt 0.437830 0.599322
vt 0.459166 0.614266
vt 0.468090 0.622329
vt 0.427322 0.588123
vt 0.489179 0.640099
vt 0.479075 0.625471
vt 0.441467 0.593495
vt 0.462473 0.607786
vt 0.470984 0.614381
vt 0.430562 0.581646
vt 0.500527 0.644628
vt 0.424743 0.558055
vt 0.412500 0.532536
vt 0.417491 0.539164
vt 0.425729 0.544779
vt 0.411789 0.522244
vt 0.421269 0.521502
vt 0.411453 0.509018
vt 0.420692 0.508321
vt 0.431577 0.549545
vt 0.423110 0.534182
vt 0.427030 0.530928
vt 0.432150 0.536175
vt 0.426279 0.520956
vt 0.436144 0.520849
vt 0.427268 0.507883
vt 0.436826 0.531100
vt 0.437513 0.507626
vt 0.488118 0.626678
vt 0.494954 0.631774
vt 0.479801 0.612735
vt 0.445452 0.588664
vt 0.465468 0.600375
vt 0.474999 0.606175
vt 0.432778 0.572492
vt 0.443609 0.583676
vt 0.434405 0.562047
vt 0.496648 0.621806
vt 0.485241 0.603578
vt 0.452630 0.583687
vt 0.467830 0.591372
vt 0.476428 0.594247
vt 0.440335 0.569013
vt 0.461446 0.576318
vt 0.473027 0.586657
vt 0.441736 0.563944
vt 0.488194 0.595338
vt 0.482980 0.587716
vt 0.491905 0.584004
vt 0.451409 0.567007
vt 0.478072 0.581307
vt 0.439248 0.550875
vt 0.448058 0.559509
vt 0.437859 0.541152
vt 0.495725 0.576833
vt 0.460975 0.563517
vt 0.479725 0.570890
vt 0.488586 0.571316
vt 0.446522 0.547453
vt 0.456179 0.553653
vt 0.466024 0.556711
vt 0.486727 0.563860
vt 0.442437 0.535220
vt 0.450955 0.541891
vt 0.446138 0.520539
vt 0.501789 0.562487
vt 0.463607 0.547069
vt 0.472876 0.549669
vt 0.488428 0.553412
vt 0.496094 0.554510
vt 0.446551 0.529491
vt 0.451200 0.532177
vt 0.457826 0.536524
vt 0.465789 0.536560
vt 0.474508 0.540518
vt 0.454100 0.522635
vt 0.463649 0.526806
vt 0.446189 0.507496
vt 0.451646 0.507449
vt 0.462282 0.507368
vt 0.497571 0.545449
vt 0.471000 0.530248
vt 0.489507 0.533297
vt 0.462389 0.516968
vt 0.467156 0.520622
vt 0.477389 0.519873
vt 0.488896 0.521035
vt 0.500275 0.522018
vt 0.471210 0.507012
vt 0.481529 0.507456
vt 0.488936 0.507575
vt 0.498555 0.508265
vt 0.649332 0.890558
vt 0.681393 0.811065
vt 0.563054 0.851147
vt 0.683453 0.706006
vt 0.697504 0.663185
vt 0.509675 0.819514
vt 0.569913 0.741736
vt 0.609911 0.711597
vt 0.669262 0.725728
vt 0.681436 0.681509
vt 0.529499 0.765851
vt 0.593905 0.727874
vt 0.626148 0.685697
vt 0.641241 0.660338
vt 0.650088 0.638411
vt 0.653448 0.623385
vt 0.527981 0.731977
vt 0.573333 0.712942
vt 0.595792 0.694404
vt 0.609733 0.678659
vt 0.626246 0.652809
vt 0.635329 0.633473
vt 0.642167 0.616698
vt 0.537079 0.704197
vt 0.559000 0.699803
vt 0.582706 0.686561
vt 0.510819 0.713175
vt 0.547351 0.709069
vt 0.571180 0.699157
vt 0.586892 0.686431
vt 0.603221 0.669657
vt 0.615035 0.646768
vt 0.618003 0.650960
vt 0.626342 0.630021
vt 0.635052 0.614528
vt 0.707781 0.643290
vt 0.730741 0.625115
vt 0.733996 0.602895
vt 0.744791 0.537459
vt 0.742429 0.510714
vt 0.726143 0.525574
vt 0.723188 0.501533
vt 0.687151 0.618665
vt 0.697040 0.598268
vt 0.696922 0.573042
vt 0.706746 0.546142
vt 0.709883 0.512028
vt 0.694240 0.516499
vt 0.665942 0.572635
vt 0.678828 0.544373
vt 0.679187 0.515048
vt 0.659109 0.601800
vt 0.658764 0.585816
vt 0.664884 0.543208
vt 0.656736 0.498720
vt 0.663945 0.512671
vt 0.646980 0.599627
vt 0.650138 0.582638
vt 0.652631 0.565402
vt 0.653563 0.542116
vt 0.649194 0.500205
vt 0.652154 0.518212
vt 0.638010 0.598720
vt 0.639689 0.583679
vt 0.643913 0.581847
vt 0.644262 0.565784
vt 0.643259 0.554020
vt 0.645951 0.540151
vt 0.642140 0.536702
vt 0.642905 0.499986
vt 0.643256 0.513974
vt 0.640282 0.514726
vt 0.556701 0.702264
vt 0.563891 0.699203
vt 0.525801 0.700620
vt 0.536996 0.702034
vt 0.550773 0.701667
vt 0.578013 0.686002
vt 0.506467 0.687400
vt 0.521036 0.695940
vt 0.534052 0.698246
vt 0.546191 0.696262
vt 0.557601 0.692000
vt 0.570796 0.686367
vt 0.581143 0.677156
vt 0.588356 0.665046
vt 0.533691 0.690347
vt 0.543090 0.689207
vt 0.557031 0.684471
vt 0.507550 0.684272
vt 0.519249 0.689593
vt 0.563577 0.681464
vt 0.576144 0.673305
vt 0.584805 0.663194
vt 0.523319 0.682422
vt 0.528077 0.685371
vt 0.540342 0.682756
vt 0.550503 0.680033
vt 0.560150 0.676015
vt 0.565768 0.671179
vt 0.507686 0.676580
vt 0.579214 0.658640
vt 0.521831 0.675582
vt 0.528118 0.674965
vt 0.537816 0.674146
vt 0.547660 0.671748
vt 0.556812 0.668025
vt 0.562627 0.665910
vt 0.507344 0.667096
vt 0.523986 0.665332
vt 0.570879 0.654535
vt 0.532392 0.665744
vt 0.548851 0.663145
vt 0.509919 0.657548
vt 0.534047 0.657662
vt 0.553608 0.657616
vt 0.563026 0.649864
vt 0.575283 0.639272
vt 0.590158 0.654770
vt 0.585127 0.650290
vt 0.580912 0.644434
vt 0.546915 0.701588
vt 0.562617 0.697560
vt 0.571785 0.695209
vt 0.583614 0.686418
vt 0.510947 0.696825
vt 0.528385 0.701443
vt 0.578168 0.689153
vt 0.589879 0.679542
vt 0.604108 0.661476
vt 0.604457 0.658947
vt 0.516066 0.703474
vt 0.596470 0.672613
vt 0.614257 0.643398
vt 0.623231 0.626902
vt 0.510330 0.694882
vt 0.525517 0.700601
vt 0.540113 0.702813
vt 0.595817 0.671218
vt 0.594201 0.675048
vt 0.506813 0.692271
vt 0.541355 0.703846
vt 0.576538 0.690853
vt 0.588462 0.676892
vt 0.600155 0.661762
vt 0.510564 0.692583
vt 0.590760 0.668150
vt 0.571957 0.630071
vt 0.623385 0.620798
vt 0.632979 0.596218
vt 0.633958 0.600498
vt 0.637004 0.586867
vt 0.636855 0.580314
vt 0.639434 0.567338
vt 0.641093 0.570482
vt 0.641542 0.558499
vt 0.641314 0.553280
vt 0.641778 0.535170
vt 0.639245 0.505092
vt 0.640617 0.520188
vt 0.612422 0.643233
vt 0.625220 0.609624
vt 0.630609 0.597877
vt 0.631887 0.583393
vt 0.637338 0.570099
vt 0.637578 0.561139
vt 0.639210 0.549462
vt 0.639384 0.532193
vt 0.637421 0.502800
vt 0.638479 0.512426
vt 0.638385 0.518576
vt 0.606520 0.649078
vt 0.614327 0.629630
vt 0.625711 0.601113
vt 0.629906 0.575970
vt 0.634600 0.573208
vt 0.634672 0.563928
vt 0.636249 0.545967
vt 0.636650 0.530277
vt 0.635637 0.504542
vt 0.635552 0.512238
vt 0.602181 0.648678
vt 0.606144 0.637655
vt 0.611946 0.618449
vt 0.621216 0.602522
vt 0.622443 0.594456
vt 0.630112 0.553533
vt 0.631513 0.542115
vt 0.631769 0.528655
vt 0.630838 0.515828
vt 0.599638 0.637291
vt 0.607398 0.619408
vt 0.612444 0.606028
vt 0.618067 0.591937
vt 0.622923 0.575205
vt 0.625548 0.563594
vt 0.626883 0.552919
vt 0.627918 0.540831
vt 0.628143 0.527037
vt 0.625700 0.503129
vt 0.627570 0.514013
vt 0.593914 0.635568
vt 0.601009 0.619294
vt 0.608537 0.599403
vt 0.616955 0.576473
vt 0.620233 0.563141
vt 0.622067 0.552144
vt 0.623141 0.539512
vt 0.623273 0.525059
vt 0.622454 0.509721
vt 0.588028 0.631734
vt 0.595844 0.614081
vt 0.608660 0.581362
vt 0.612089 0.570897
vt 0.614752 0.560849
vt 0.616785 0.550354
vt 0.617831 0.538155
vt 0.617841 0.524171
vt 0.610731 0.502836
vt 0.616639 0.509340
vt 0.583196 0.624649
vt 0.592921 0.603119
vt 0.605808 0.570276
vt 0.609321 0.556964
vt 0.611789 0.547872
vt 0.612715 0.536929
vt 0.612733 0.524399
vt 0.611759 0.512580
vt 0.538805 0.658369
vt 0.504469 0.642410
vt 0.515006 0.649395
vt 0.523704 0.651024
vt 0.542773 0.650561
vt 0.551405 0.645599
vt 0.562901 0.637150
vt 0.511676 0.638597
vt 0.522877 0.638716
vt 0.531820 0.640408
vt 0.540363 0.638884
vt 0.548575 0.634242
vt 0.559932 0.630696
vt 0.528650 0.631193
vt 0.540845 0.629260
vt 0.505032 0.628067
vt 0.515797 0.630003
vt 0.553979 0.624837
vt 0.566454 0.615163
vt 0.504161 0.619185
vt 0.513577 0.618668
vt 0.521864 0.623014
vt 0.529928 0.621709
vt 0.537716 0.620543
vt 0.545917 0.619403
vt 0.555890 0.612984
vt 0.503545 0.607855
vt 0.553211 0.600800
vt 0.561785 0.600579
vt 0.565673 0.585687
vt 0.514272 0.608660
vt 0.521759 0.611548
vt 0.528681 0.607962
vt 0.536253 0.606184
vt 0.546706 0.608020
vt 0.509196 0.605620
vt 0.520470 0.599784
vt 0.543758 0.591764
vt 0.558516 0.588518
vt 0.502071 0.583687
vt 0.514101 0.590893
vt 0.550892 0.582177
vt 0.563725 0.567615
vt 0.525837 0.591702
vt 0.536845 0.590557
vt 0.505864 0.574669
vt 0.512452 0.580431
vt 0.519646 0.582753
vt 0.527240 0.576830
vt 0.533974 0.574403
vt 0.542159 0.580533
vt 0.549558 0.572896
vt 0.510036 0.559516
vt 0.518552 0.563733
vt 0.541343 0.566196
vt 0.557888 0.564191
vt 0.546919 0.556035
vt 0.556987 0.546038
vt 0.558635 0.521287
vt 0.554654 0.506800
vt 0.524910 0.560272
vt 0.535054 0.559874
vt 0.504568 0.546354
vt 0.517012 0.552414
vt 0.530467 0.550409
vt 0.540509 0.549271
vt 0.550365 0.543920
vt 0.503963 0.535188
vt 0.511221 0.535520
vt 0.518574 0.536310
vt 0.531103 0.536094
vt 0.544162 0.534962
vt 0.557303 0.531238
vt 0.511145 0.522156
vt 0.530109 0.522805
vt 0.544238 0.521552
vt 0.557304 0.523863
vt 0.516139 0.508886
vt 0.531398 0.507359
vt 0.540203 0.507806
vt 0.550190 0.509666
vt 0.577592 0.615321
vt 0.581365 0.615349
vt 0.584594 0.601269
vt 0.589558 0.594992
vt 0.596821 0.575150
vt 0.601361 0.562422
vt 0.607880 0.546578
vt 0.607958 0.536689
vt 0.600039 0.522994
vt 0.608217 0.524466
vt 0.604010 0.509177
vt 0.608094 0.514952
vt 0.572378 0.609969
vt 0.579963 0.592369
vt 0.587740 0.572979
vt 0.590937 0.575497
vt 0.595519 0.560823
vt 0.596962 0.549390
vt 0.598141 0.536078
vt 0.591122 0.501285
vt 0.597127 0.509258
vt 0.571665 0.594075
vt 0.583668 0.566218
vt 0.576521 0.570394
vt 0.591495 0.555906
vt 0.581685 0.550440
vt 0.588060 0.549144
vt 0.592908 0.544679
vt 0.593256 0.535060
vt 0.593403 0.523024
vt 0.581326 0.501112
vt 0.588161 0.508442
vt 0.593022 0.513359
vt 0.574909 0.563849
vt 0.566681 0.555653
vt 0.571848 0.551217
vt 0.583492 0.544412
vt 0.572954 0.540691
vt 0.582903 0.535991
vt 0.583549 0.522865
vt 0.575985 0.507568
vt 0.583441 0.513014
vt 0.566135 0.548436
vt 0.561737 0.535261
vt 0.569118 0.534873
vt 0.573601 0.530836
vt 0.573587 0.521936
vt 0.568376 0.507365
vt 0.573866 0.512920
vt 0.257423 0.483891
vt 0.257428 0.455081
vt 0.257470 0.426224
vt 0.257449 0.397930
vt 0.257810 0.369829
vt 0.271145 0.354544
vt 0.258400 0.337011
vt 0.258263 0.312899
vt 0.258743 0.291398
vt 0.259645 0.262967
vt 0.272328 0.483464
vt 0.277961 0.453186
vt 0.272288 0.425737
vt 0.271633 0.398991
vt 0.277817 0.378051
vt 0.274582 0.335545
vt 0.279226 0.314267
vt 0.276171 0.293607
vt 0.283094 0.274235
vt 0.286824 0.485438
vt 0.287089 0.424568
vt 0.297623 0.418347
vt 0.283955 0.398590
vt 0.298462 0.395434
vt 0.289642 0.365824
vt 0.297144 0.336541
vt 0.299202 0.320402
vt 0.299444 0.290857
vt 0.296208 0.473194
vt 0.304932 0.484209
vt 0.296582 0.441471
vt 0.321147 0.462946
vt 0.311421 0.360971
vt 0.318313 0.329463
vt 0.321890 0.484249
vt 0.333851 0.464222
vt 0.317919 0.423187
vt 0.344349 0.435874
vt 0.319607 0.391750
vt 0.317196 0.373797
vt 0.333770 0.356437
vt 0.332874 0.494334
vt 0.341134 0.480973
vt 0.344108 0.450675
vt 0.340042 0.380427
vt 0.357147 0.480322
vt 0.354583 0.460699
vt 0.367143 0.491339
vt 0.285441 0.239221
vt 0.306888 0.262416
vt 0.307157 0.239939
vt 0.318160 0.311212
vt 0.326561 0.290610
vt 0.331617 0.272168
vt 0.335859 0.250808
vt 0.351592 0.220919
vt 0.471560 0.152133
vt 0.342229 0.323262
vt 0.348187 0.306227
vt 0.353042 0.283094
vt 0.363853 0.255585
vt 0.374231 0.220293
vt 0.402653 0.217383
vt 0.416449 0.179696
vt 0.451788 0.196495
vt 0.357243 0.430532
vt 0.366518 0.341517
vt 0.366625 0.318880
vt 0.380679 0.303265
vt 0.381756 0.287027
vt 0.388882 0.248141
vt 0.413132 0.249498
vt 0.432521 0.228337
vt 0.466627 0.224905
vt 0.373554 0.254559
vt 0.481117 0.195277
vt 0.367653 0.443900
vt 0.363936 0.417489
vt 0.388270 0.397850
vt 0.356480 0.359122
vt 0.386079 0.372975
vt 0.400736 0.362217
vt 0.414100 0.348800
vt 0.495361 0.306020
vt 0.401035 0.288802
vt 0.420092 0.275983
vt 0.440108 0.267633
vt 0.483587 0.283727
vt 0.463723 0.252814
vt 0.377089 0.457504
vt 0.385657 0.437370
vt 0.394036 0.429309
vt 0.386688 0.416444
vt 0.397094 0.413718
vt 0.400089 0.386022
vt 0.415906 0.373138
vt 0.435846 0.361736
vt 0.492073 0.348558
vt 0.431875 0.345451
vt 0.449079 0.336867
vt 0.468582 0.333214
vt 0.265883 0.228948
vt 0.261967 0.196562
vt 0.474307 0.013425
vt 0.272359 0.163853
vt 0.265679 0.141310
vt 0.289649 0.117059
vt 0.306353 0.089612
vt 0.294643 0.055186
vt 0.385175 0.036829
vt 0.285925 0.214680
vt 0.291092 0.184300
vt 0.320032 0.160248
vt 0.426694 0.063422
vt 0.312756 0.148201
vt 0.363355 0.072247
vt 0.317435 0.220990
vt 0.327410 0.205417
vt 0.366123 0.158233
vt 0.391786 0.140573
vt 0.388147 0.093188
vt 0.491189 0.100886
vt 0.335096 0.132030
vt 0.355960 0.111302
vt 0.365688 0.197779
vt 0.441230 0.149405
vt 0.480967 0.122780
vt 0.388558 0.185274
vt 0.376323 0.491621
vt 0.386393 0.491512
vt 0.383611 0.488123
vt 0.390025 0.476100
vt 0.393197 0.464096
vt 0.390372 0.497621
vt 0.389801 0.490692
vt 0.393419 0.471309
vt 0.398165 0.456087
vt 0.393411 0.492977
vt 0.395277 0.481757
vt 0.396619 0.472615
vt 0.401050 0.458546
vt 0.405799 0.445947
vt 0.412086 0.435253
vt 0.397719 0.493752
vt 0.399463 0.481071
vt 0.401778 0.470298
vt 0.405491 0.458778
vt 0.409937 0.448138
vt 0.414885 0.439294
vt 0.402600 0.493781
vt 0.406033 0.481796
vt 0.406724 0.471380
vt 0.410275 0.460526
vt 0.414549 0.450696
vt 0.419246 0.441967
vt 0.407945 0.493221
vt 0.411629 0.486339
vt 0.411791 0.475482
vt 0.416580 0.463996
vt 0.419404 0.454151
vt 0.424889 0.446996
vt 0.386092 0.459130
vt 0.393961 0.442348
vt 0.398429 0.431600
vt 0.404251 0.431708
vt 0.406399 0.418222
vt 0.416282 0.407689
vt 0.409746 0.399751
vt 0.421838 0.392755
vt 0.437834 0.377188
vt 0.456908 0.371919
vt 0.490587 0.368001
vt 0.459208 0.354839
vt 0.385905 0.476354
vt 0.391833 0.457822
vt 0.396290 0.446993
vt 0.410893 0.421897
vt 0.419422 0.409720
vt 0.420505 0.412741
vt 0.428111 0.401638
vt 0.443206 0.389923
vt 0.465782 0.382677
vt 0.490916 0.378525
vt 0.396799 0.452246
vt 0.401781 0.440735
vt 0.411027 0.425925
vt 0.435811 0.401365
vt 0.448197 0.393010
vt 0.488305 0.382314
vt 0.447721 0.395501
vt 0.478639 0.387390
vt 0.478039 0.385746
vt 0.492004 0.381237
vt 0.406317 0.438284
vt 0.413735 0.425387
vt 0.428406 0.409840
vt 0.438345 0.402060
vt 0.494381 0.380653
vt 0.423882 0.418748
vt 0.432660 0.411321
vt 0.449454 0.400128
vt 0.479063 0.390447
vt 0.492482 0.384488
vt 0.423046 0.427383
vt 0.433356 0.416402
vt 0.444159 0.408414
vt 0.461777 0.400648
vt 0.481438 0.394752
vt 0.491507 0.390497
vt 0.427092 0.430853
vt 0.438209 0.421629
vt 0.447761 0.413196
vt 0.464781 0.406394
vt 0.482669 0.401083
vt 0.491778 0.397882
vt 0.429316 0.438400
vt 0.440216 0.427877
vt 0.446486 0.421908
vt 0.455322 0.416995
vt 0.466754 0.413454
vt 0.484256 0.408323
vt 0.493966 0.403787
vt 0.411560 0.497621
vt 0.415660 0.491978
vt 0.418544 0.476245
vt 0.426180 0.470940
vt 0.427503 0.455592
vt 0.421414 0.493676
vt 0.423376 0.481517
vt 0.431834 0.466591
vt 0.426268 0.494690
vt 0.436108 0.494528
vt 0.427113 0.484782
vt 0.434963 0.477855
vt 0.436842 0.484346
vt 0.434928 0.446109
vt 0.443330 0.433899
vt 0.451279 0.426647
vt 0.458287 0.422960
vt 0.468503 0.420688
vt 0.485223 0.416377
vt 0.494151 0.413569
vt 0.438398 0.453923
vt 0.445779 0.447460
vt 0.454065 0.432165
vt 0.462248 0.439828
vt 0.470900 0.434390
vt 0.486420 0.431654
vt 0.495608 0.424325
vt 0.463513 0.427900
vt 0.486073 0.424184
vt 0.439267 0.464980
vt 0.448256 0.456520
vt 0.454444 0.447533
vt 0.470377 0.441156
vt 0.482355 0.440284
vt 0.495244 0.438213
vt 0.446144 0.494501
vt 0.442449 0.480129
vt 0.451233 0.473301
vt 0.446784 0.468128
vt 0.456203 0.461852
vt 0.464425 0.458969
vt 0.472138 0.457106
vt 0.481365 0.457652
vt 0.495963 0.456263
vt 0.461710 0.451904
vt 0.475003 0.448798
vt 0.495167 0.447014
vt 0.451777 0.494262
vt 0.458490 0.492891
vt 0.467482 0.485431
vt 0.503465 0.487000
vt 0.446560 0.485632
vt 0.451212 0.482904
vt 0.457844 0.478551
vt 0.465803 0.478473
vt 0.473430 0.475183
vt 0.480915 0.474152
vt 0.488499 0.474706
vt 0.502935 0.477074
vt 0.463871 0.468338
vt 0.472883 0.465809
vt 0.480507 0.464922
vt 0.492326 0.465237
vt 0.462398 0.497807
vt 0.467164 0.494172
vt 0.474224 0.494646
vt 0.481442 0.494614
vt 0.488808 0.494451
vt 0.503490 0.495799
vt 0.477262 0.483686
vt 0.489646 0.483717
vt 0.740942 0.281875
vt 0.707555 0.073650
vt 0.719365 0.101837
vt 0.729689 0.139478
vt 0.735324 0.218798
vt 0.733246 0.252725
vt 0.715845 0.260265
vt 0.636888 0.094078
vt 0.667074 0.118576
vt 0.690079 0.150806
vt 0.708288 0.210444
vt 0.705845 0.239741
vt 0.668639 0.238553
vt 0.690544 0.256421
vt 0.698996 0.280831
vt 0.595292 0.113942
vt 0.629526 0.139273
vt 0.643388 0.180398
vt 0.679165 0.221035
vt 0.677725 0.311809
vt 0.556889 0.193312
vt 0.601716 0.175856
vt 0.631176 0.237242
vt 0.660237 0.285795
vt 0.674161 0.298421
vt 0.567147 0.156287
vt 0.660849 0.219494
vt 0.661419 0.313464
vt 0.531603 0.184275
vt 0.582971 0.213213
vt 0.642685 0.264686
vt 0.635421 0.346741
vt 0.647044 0.353608
vt 0.515646 0.259950
vt 0.542275 0.255089
vt 0.582107 0.274503
vt 0.611110 0.277117
vt 0.622622 0.302056
vt 0.638811 0.318417
vt 0.656636 0.341008
vt 0.512719 0.222984
vt 0.544738 0.226690
vt 0.575993 0.237722
vt 0.634610 0.287881
vt 0.639167 0.466343
vt 0.635054 0.423782
vt 0.516884 0.331776
vt 0.524450 0.334025
vt 0.619083 0.386244
vt 0.633995 0.395138
vt 0.512875 0.324591
vt 0.564116 0.304256
vt 0.581157 0.303568
vt 0.598984 0.312576
vt 0.614955 0.324581
vt 0.638795 0.370463
vt 0.537222 0.282736
vt 0.626159 0.331487
vt 0.634603 0.468073
vt 0.629272 0.451939
vt 0.604516 0.398908
vt 0.612447 0.407349
vt 0.623043 0.423934
vt 0.510382 0.346893
vt 0.530968 0.348582
vt 0.549562 0.354349
vt 0.567132 0.359641
vt 0.583634 0.368495
vt 0.599865 0.382878
vt 0.624062 0.403291
vt 0.567794 0.341578
vt 0.587958 0.351582
vt 0.602992 0.361967
vt 0.614475 0.369206
vt 0.744839 0.475202
vt 0.743511 0.454096
vt 0.739138 0.430497
vt 0.743331 0.407309
vt 0.742739 0.368922
vt 0.738622 0.387767
vt 0.742110 0.330853
vt 0.742551 0.349725
vt 0.741839 0.311777
vt 0.734619 0.471280
vt 0.730050 0.454277
vt 0.723061 0.393468
vt 0.729751 0.405738
vt 0.727715 0.374887
vt 0.726237 0.333690
vt 0.724212 0.353609
vt 0.722695 0.295032
vt 0.721022 0.317125
vt 0.726371 0.465200
vt 0.721152 0.449215
vt 0.720540 0.429111
vt 0.701079 0.397305
vt 0.720502 0.411961
vt 0.705153 0.360135
vt 0.712584 0.373882
vt 0.692056 0.323256
vt 0.709267 0.338779
vt 0.699415 0.307546
vt 0.694472 0.487768
vt 0.706765 0.457450
vt 0.691360 0.466047
vt 0.691140 0.389272
vt 0.693976 0.369048
vt 0.701488 0.380885
vt 0.686856 0.349545
vt 0.680534 0.485488
vt 0.688427 0.448129
vt 0.676108 0.427056
vt 0.689180 0.427468
vt 0.672748 0.396871
vt 0.689472 0.408897
vt 0.676144 0.366215
vt 0.673290 0.340098
vt 0.656815 0.479340
vt 0.667488 0.483607
vt 0.668158 0.457878
vt 0.657695 0.425433
vt 0.655151 0.371478
vt 0.669247 0.379838
vt 0.645384 0.477480
vt 0.646604 0.448828
vt 0.646823 0.398685
vt 0.636852 0.481526
vt 0.620957 0.445013
vt 0.545964 0.060598
vt 0.623223 0.447333
vt 0.601577 0.401659
vt 0.607719 0.411790
vt 0.615473 0.428364
vt 0.509157 0.366480
vt 0.527522 0.365122
vt 0.545370 0.366151
vt 0.563109 0.368561
vt 0.578480 0.376107
vt 0.592799 0.390241
vt 0.607058 0.413643
vt 0.540739 0.367763
vt 0.560420 0.369266
vt 0.573040 0.374337
vt 0.585413 0.383935
vt 0.612497 0.425656
vt 0.513572 0.373726
vt 0.536935 0.368856
vt 0.593512 0.392543
vt 0.520706 0.371483
vt 0.555545 0.365998
vt 0.569417 0.370610
vt 0.598751 0.399997
vt 0.560153 0.364520
vt 0.501833 0.378329
vt 0.603265 0.408519
vt 0.506938 0.374982
vt 0.523379 0.365408
vt 0.535914 0.362353
vt 0.551136 0.362350
vt 0.576283 0.373639
vt 0.586612 0.384095
vt 0.563948 0.366061
vt 0.577638 0.375020
vt 0.591452 0.394742
vt 0.517620 0.367757
vt 0.534275 0.362735
vt 0.546124 0.362664
vt 0.557340 0.365779
vt 0.570370 0.371995
vt 0.584484 0.384737
vt 0.519497 0.369068
vt 0.531699 0.364957
vt 0.564945 0.373880
vt 0.575730 0.381644
vt 0.584465 0.391437
vt 0.539058 0.365552
vt 0.556618 0.369817
vt 0.523685 0.371661
vt 0.565488 0.380688
vt 0.578946 0.393516
vt 0.530531 0.370034
vt 0.540447 0.370546
vt 0.550277 0.372641
vt 0.559721 0.376186
vt 0.522686 0.376686
vt 0.527723 0.381896
vt 0.562377 0.384595
vt 0.578856 0.404412
vt 0.528626 0.376720
vt 0.538088 0.377014
vt 0.547536 0.378825
vt 0.556535 0.382004
vt 0.502312 0.399929
vt 0.576224 0.414036
vt 0.515663 0.391053
vt 0.527508 0.388051
vt 0.551944 0.391501
vt 0.562874 0.398525
vt 0.570930 0.406491
vt 0.536122 0.384415
vt 0.548557 0.385743
vt 0.634561 0.483195
vt 0.632370 0.481745
vt 0.634495 0.493215
vt 0.623094 0.455812
vt 0.614192 0.431764
vt 0.630204 0.480975
vt 0.631081 0.489065
vt 0.630949 0.496873
vt 0.623333 0.463254
vt 0.614813 0.436716
vt 0.608611 0.419691
vt 0.626862 0.485286
vt 0.617425 0.454537
vt 0.609842 0.430346
vt 0.602969 0.413418
vt 0.610955 0.438847
vt 0.603014 0.417557
vt 0.624304 0.487867
vt 0.617147 0.467953
vt 0.619622 0.481539
vt 0.608729 0.441409
vt 0.600776 0.420134
vt 0.590013 0.400258
vt 0.618485 0.488070
vt 0.618516 0.500805
vt 0.612527 0.471543
vt 0.601063 0.434881
vt 0.593612 0.416647
vt 0.584884 0.401677
vt 0.613557 0.493792
vt 0.609229 0.478603
vt 0.602444 0.457137
vt 0.595911 0.437598
vt 0.588363 0.419344
vt 0.604430 0.487257
vt 0.600761 0.475832
vt 0.606345 0.483153
vt 0.598713 0.463026
vt 0.585339 0.428681
vt 0.592757 0.446680
vt 0.577242 0.409900
vt 0.501821 0.410380
vt 0.566896 0.414850
vt 0.512258 0.403175
vt 0.524145 0.397891
vt 0.536308 0.390385
vt 0.541641 0.391114
vt 0.551186 0.401780
vt 0.559135 0.406436
vt 0.502454 0.422852
vt 0.569657 0.437791
vt 0.517132 0.416961
vt 0.553502 0.421495
vt 0.564115 0.427016
vt 0.512474 0.409749
vt 0.523173 0.409073
vt 0.532003 0.406908
vt 0.540287 0.407970
vt 0.548404 0.412194
vt 0.559747 0.415724
vt 0.566162 0.460212
vt 0.503504 0.435442
vt 0.511435 0.431367
vt 0.553288 0.436596
vt 0.561692 0.444667
vt 0.522067 0.423627
vt 0.530035 0.424380
vt 0.537687 0.425153
vt 0.545785 0.426084
vt 0.559718 0.434393
vt 0.528815 0.416074
vt 0.540874 0.416649
vt 0.503884 0.455786
vt 0.511376 0.454666
vt 0.521601 0.450419
vt 0.548487 0.456720
vt 0.558264 0.462181
vt 0.506604 0.445746
vt 0.528891 0.438397
vt 0.536108 0.439564
vt 0.543268 0.447507
vt 0.553469 0.447206
vt 0.519841 0.434556
vt 0.546634 0.437041
vt 0.511110 0.495223
vt 0.518213 0.491825
vt 0.546309 0.489628
vt 0.555865 0.492844
vt 0.512005 0.477803
vt 0.526944 0.469594
vt 0.533899 0.469314
vt 0.541283 0.478013
vt 0.549151 0.471441
vt 0.554702 0.472818
vt 0.503993 0.465923
vt 0.513068 0.465823
vt 0.542089 0.463679
vt 0.528187 0.453373
vt 0.537113 0.453950
vt 0.530541 0.493204
vt 0.541629 0.494133
vt 0.525848 0.484571
vt 0.535435 0.484242
vt 0.596628 0.483311
vt 0.599217 0.497611
vt 0.583693 0.457133
vt 0.587050 0.450711
vt 0.576065 0.431422
vt 0.582804 0.442837
vt 0.581250 0.432335
vt 0.587847 0.483572
vt 0.592993 0.491088
vt 0.577071 0.453563
vt 0.570658 0.431443
vt 0.577256 0.483042
vt 0.583050 0.491141
vt 0.572171 0.453170
vt 0.561899 0.479030
vt 0.572706 0.491827
vt 0.563640 0.469993
vt 0.565264 0.495330
vn -0.870261 -0.294397 -0.394938
vn -0.898715 -0.157721 -0.409188
vn -0.928620 -0.065752 -0.365161
vn -0.735048 -0.525122 -0.428896
vn -0.740143 -0.387718 -0.549421
vn -0.808033 -0.402880 -0.429848
vn -0.748117 -0.163775 -0.643038
vn -0.805303 -0.266729 -0.529474
vn -0.838922 -0.145765 -0.524369
vn -0.732010 -0.030784 -0.680598
vn -0.802444 -0.040789 -0.595331
vn -0.868363 -0.047993 -0.493601
vn -0.630692 -0.624730 -0.460371
vn -0.634420 -0.432394 -0.640739
vn -0.654627 -0.527204 -0.541774
vn -0.742759 -0.457066 -0.489285
vn -0.617912 -0.267240 -0.739437
vn -0.697925 -0.291437 -0.654190
vn -0.638382 -0.132565 -0.758218
vn -0.600343 -0.014273 -0.799615
vn -0.545239 -0.729572 -0.412842
vn -0.456450 -0.624995 -0.633273
vn -0.542287 -0.646534 -0.536581
vn -0.556052 -0.548557 -0.624412
vn -0.516212 -0.338948 -0.786537
vn -0.528049 -0.430099 -0.732243
vn -0.536732 -0.262077 -0.802019
vn -0.515192 -0.136427 -0.846147
vn -0.372810 -0.867485 -0.329367
vn -0.424207 -0.730040 -0.535808
vn -0.423772 -0.802292 -0.420410
vn -0.483889 -0.736175 -0.473178
vn -0.347798 -0.519464 -0.780509
vn -0.411113 -0.558510 -0.720453
vn -0.433702 -0.396918 -0.808925
vn -0.407945 -0.249304 -0.878310
vn -0.397011 -0.122423 -0.909612
vn -0.399864 -0.009278 -0.916527
vn -0.485968 -0.014169 -0.873862
vn -0.921441 -0.323998 -0.214412
vn -0.920483 -0.372936 -0.116750
vn -0.917159 -0.397377 -0.030194
vn -0.993146 -0.100187 -0.060197
vn -0.993000 -0.117907 0.006987
vn -0.970487 -0.080005 -0.227495
vn -0.993329 -0.044153 -0.106527
vn -0.999661 -0.016572 -0.020095
vn -0.978305 -0.056358 -0.199355
vn -0.999133 -0.034246 0.023668
vn -0.974925 0.146502 -0.167504
vn -0.968419 0.241589 -0.061632
vn -0.946970 0.320268 0.026020
vn -0.870635 -0.481799 -0.099318
vn -0.864034 -0.501739 0.041280
vn -0.885081 -0.361669 -0.292961
vn -0.906243 -0.379711 -0.185857
vn -0.925102 -0.372196 -0.075209
vn -0.920794 -0.390030 0.003869
vn -0.887715 -0.457612 0.050523
vn -0.835577 -0.548980 0.020794
vn -0.737722 -0.674799 0.020306
vn -0.643822 -0.763461 0.051192
vn -0.927869 -0.244022 -0.281981
vn -0.944647 -0.269604 -0.186962
vn -0.954579 -0.289564 -0.070229
vn -0.946181 -0.323093 -0.018783
vn -0.909057 -0.400521 -0.114879
vn -0.810891 -0.579727 -0.079828
vn -0.755364 -0.655287 -0.004865
vn -0.942206 -0.150842 -0.299155
vn -0.960541 -0.173108 -0.217701
vn -0.977268 -0.175392 -0.119104
vn -0.976319 -0.215489 -0.019124
vn -0.987420 -0.157383 -0.015216
vn -0.979036 -0.121388 -0.163565
vn -0.999622 -0.007696 0.026391
vn -0.990350 0.126180 -0.057313
vn -0.941094 0.335967 0.038321
vn -0.871297 0.476482 0.117502
vn -0.733658 -0.625732 -0.264961
vn -0.737499 -0.650360 -0.182007
vn -0.788051 -0.612598 -0.060826
vn -0.784964 -0.617789 0.046562
vn -0.747790 -0.646943 0.149244
vn -0.732619 -0.649313 0.204114
vn -0.753142 -0.562948 -0.340392
vn -0.818730 -0.539876 -0.195485
vn -0.812979 -0.568096 0.127798
vn -0.657676 -0.712421 0.244782
vn -0.838998 -0.460526 -0.289825
vn -0.772808 -0.619570 0.137483
vn -0.699399 -0.701389 0.137458
vn -0.576485 -0.800714 0.162856
vn -0.631521 -0.747528 -0.205871
vn -0.617778 -0.783870 -0.062433
vn -0.609802 -0.791072 0.048433
vn -0.657534 -0.737048 0.156233
vn -0.586774 -0.761817 0.274466
vn -0.670013 -0.667118 -0.325632
vn -0.701683 -0.709535 -0.064813
vn -0.704631 -0.707871 0.049127
vn -0.674243 -0.692149 0.257539
vn -0.553725 -0.760465 0.339237
vn -0.487033 -0.868886 -0.088521
vn -0.494821 -0.865655 0.076123
vn -0.580708 -0.745912 -0.326181
vn -0.543015 -0.818706 -0.186695
vn -0.548903 -0.817844 0.172731
vn -0.498005 -0.763805 0.410600
vn -0.583463 -0.732033 0.351708
vn -0.495880 -0.745719 0.444978
vn -0.514923 -0.757223 0.401830
vn -0.396219 -0.899910 -0.182133
vn -0.382354 -0.922255 -0.057025
vn -0.385216 -0.921651 0.046559
vn -0.401888 -0.901069 0.162976
vn -0.336747 -0.901169 0.272941
vn -0.332692 -0.873720 0.354866
vn -0.470937 -0.837359 -0.277576
vn -0.475070 -0.839432 0.263936
vn -0.428235 -0.814302 0.391825
vn -0.408401 -0.775633 0.481251
vn -0.165442 -0.983037 -0.079168
vn -0.170443 -0.982966 0.068754
vn -0.075881 -0.959682 -0.270651
vn -0.070377 -0.986665 -0.146763
vn -0.017851 -0.998668 -0.048407
vn -0.020309 -0.999078 0.037823
vn -0.065474 -0.988870 0.133598
vn -0.077315 -0.962562 0.259803
vn 0.033703 -0.960415 -0.276527
vn 0.039984 -0.989214 -0.140918
vn 0.076010 -0.988240 0.132682
vn 0.023130 -0.965075 0.260950
vn 0.110415 -0.984813 -0.133987
vn 0.104099 -0.994559 -0.004054
vn 0.228973 -0.959125 -0.166284
vn 0.231985 -0.971249 -0.053461
vn 0.228349 -0.972365 0.048610
vn 0.226099 -0.961817 0.154233
vn -0.287671 -0.879428 -0.379279
vn -0.266240 -0.732808 -0.626186
vn -0.337757 -0.749379 -0.569518
vn -0.284378 -0.835841 -0.469573
vn -0.222030 -0.621405 -0.751371
vn -0.325525 -0.659615 -0.677452
vn -0.216670 -0.365296 -0.905325
vn -0.303131 -0.430600 -0.850115
vn -0.327105 -0.288980 -0.899718
vn -0.296933 -0.139335 -0.944678
vn -0.314131 -0.007785 -0.949348
vn -0.098791 -0.868912 -0.485007
vn -0.187646 -0.899281 -0.395072
vn -0.186460 -0.734921 -0.652015
vn -0.195671 -0.817365 -0.541873
vn -0.104280 -0.469963 -0.876505
vn -0.202637 -0.530849 -0.822884
vn -0.196267 -0.257146 -0.946232
vn -0.182979 -0.134231 -0.973910
vn -0.190745 -0.005046 -0.981627
vn -0.074452 -0.918936 -0.387316
vn -0.066606 -0.789758 -0.609791
vn -0.074016 -0.612181 -0.787246
vn -0.074777 -0.701641 -0.708596
vn -0.072842 -0.357408 -0.931103
vn -0.080963 -0.272002 -0.958885
vn -0.067362 -0.145153 -0.987114
vn -0.016830 -0.002256 -0.999856
vn 0.060523 -0.870835 -0.487835
vn 0.030946 -0.918926 -0.393215
vn 0.038761 -0.784293 -0.619178
vn 0.032949 -0.606598 -0.794326
vn 0.037631 -0.706214 -0.706998
vn 0.060829 -0.478063 -0.876216
vn 0.033461 -0.359604 -0.932505
vn 0.045238 -0.281522 -0.958488
vn 0.040577 -0.158459 -0.986531
vn 0.159337 -0.912663 -0.376374
vn 0.175376 -0.751567 -0.635917
vn 0.151818 -0.826204 -0.542530
vn 0.241369 -0.846973 -0.473686
vn 0.145907 -0.652404 -0.743693
vn 0.157898 -0.539651 -0.826949
vn 0.153302 -0.372597 -0.915243
vn 0.249305 -0.457705 -0.853436
vn 0.156107 -0.260217 -0.952847
vn 0.145453 -0.126206 -0.981283
vn 0.154649 -0.003872 -0.987962
vn 0.272154 -0.001665 -0.962252
vn 0.297580 -0.880716 -0.368490
vn 0.277388 -0.782346 -0.557665
vn 0.232786 -0.621279 -0.748214
vn 0.269738 -0.680793 -0.681001
vn 0.356316 -0.716985 -0.599142
vn 0.282451 -0.542762 -0.790968
vn 0.362207 -0.591310 -0.720527
vn 0.287220 -0.349859 -0.891686
vn 0.239541 -0.236438 -0.941657
vn 0.257167 -0.133798 -0.957060
vn 0.415165 -0.756723 -0.504984
vn 0.385006 -0.817458 -0.428408
vn 0.426212 -0.636623 -0.642693
vn 0.420413 -0.487273 -0.765387
vn 0.400662 -0.374151 -0.836350
vn 0.347110 -0.232213 -0.908621
vn 0.342580 -0.118701 -0.931960
vn 0.347842 -0.001077 -0.937552
vn 0.509489 -0.757693 -0.407827
vn 0.514709 -0.661833 -0.545025
vn 0.546334 -0.710910 -0.442861
vn 0.501747 -0.536180 -0.678794
vn 0.548914 -0.580244 -0.601673
vn 0.534855 -0.372453 -0.758425
vn 0.556562 -0.419955 -0.716852
vn 0.465991 -0.237345 -0.852362
vn 0.473576 -0.123345 -0.872073
vn 0.453804 0.003020 -0.891096
vn 0.557200 -0.010897 -0.830307
vn -0.282120 -0.919107 -0.275046
vn -0.306181 -0.934180 -0.183198
vn -0.289275 -0.955093 -0.064162
vn -0.291803 -0.955093 0.051462
vn -0.302869 -0.937817 0.169614
vn -0.288412 -0.848196 0.444278
vn -0.326124 -0.796256 0.509529
vn -0.200031 -0.931195 -0.304734
vn -0.203448 -0.957500 -0.204455
vn -0.204045 -0.961064 0.186338
vn -0.202200 -0.934922 0.291610
vn -0.188985 -0.912397 0.363065
vn -0.184046 -0.857226 0.480926
vn -0.082311 -0.895217 0.437964
vn -0.086581 -0.827359 0.554959
vn 0.145092 -0.954182 -0.261696
vn 0.150335 -0.956002 0.251912
vn 0.031311 -0.923182 0.383085
vn 0.022259 -0.871302 0.490242
vn 0.148785 -0.926238 0.346331
vn 0.108421 -0.876746 0.468573
vn 0.257312 -0.925275 -0.278669
vn 0.354699 -0.932734 -0.064773
vn 0.356624 -0.932758 0.052738
vn 0.255487 -0.927512 0.272850
vn 0.213227 -0.889017 0.405195
vn 0.174831 -0.886875 0.427653
vn 0.384888 -0.882540 -0.270156
vn 0.349787 -0.920673 -0.173234
vn 0.346644 -0.923694 0.163180
vn 0.318012 -0.900960 0.295193
vn 0.462740 -0.827821 -0.317150
vn 0.252379 -0.902210 0.349745
vn 0.096725 -0.953173 0.286539
vn 0.468242 -0.865519 -0.177837
vn 0.470621 -0.879148 -0.074932
vn 0.454096 -0.889976 0.041715
vn 0.414450 -0.893140 0.174732
vn 0.433278 -0.894445 0.110622
vn 0.344222 -0.914945 0.210682
vn 0.320403 -0.903466 0.284764
vn 0.177871 -0.961287 0.210449
vn 0.568245 -0.493596 -0.658377
vn 0.570177 -0.257156 -0.780237
vn 0.580359 -0.140282 -0.802187
vn 0.536431 -0.039425 -0.843023
vn 0.539543 -0.741928 -0.398041
vn 0.493446 -0.604923 -0.624963
vn 0.501026 -0.684301 -0.529816
vn 0.467508 -0.357815 -0.808334
vn 0.509505 -0.496193 -0.702991
vn 0.572799 -0.271115 -0.773562
vn 0.559690 -0.164638 -0.812183
vn 0.407832 -0.210461 -0.888470
vn 0.352514 -0.081470 -0.932254
vn 0.407649 -0.722903 -0.557883
vn 0.411979 -0.513390 -0.752797
vn 0.281516 -0.666096 -0.690699
vn 0.238201 -0.439215 -0.866228
vn 0.168196 -0.268016 -0.948619
vn 0.100189 -0.139619 -0.985124
vn -0.036278 -0.793854 -0.607026
vn 0.052467 -0.591541 -0.804566
vn 0.048758 -0.699763 -0.712709
vn -0.006970 -0.495007 -0.868861
vn -0.041879 -0.349638 -0.935948
vn -0.099880 -0.207003 -0.973228
vn -0.019248 -0.715628 -0.698216
vn -0.110595 -0.347815 -0.931018
vn -0.124156 -0.244566 -0.961651
vn -0.159648 -0.287024 -0.944526
vn -0.030129 -0.791652 -0.610228
vn -0.029131 -0.618719 -0.785072
vn -0.037835 -0.519227 -0.853799
vn -0.054621 -0.435999 -0.898288
vn -0.028099 -0.360684 -0.932265
vn -0.039768 -0.261966 -0.964257
vn 0.012547 -0.792982 -0.609115
vn 0.013454 -0.612109 -0.790659
vn 0.027070 -0.509755 -0.859893
vn 0.064056 -0.348667 -0.935055
vn 0.016568 -0.446879 -0.894441
vn 0.039409 -0.259798 -0.964858
vn 0.545047 -0.778648 -0.310856
vn 0.534613 -0.821686 -0.197536
vn 0.490961 -0.867292 -0.082231
vn 0.496573 -0.867916 0.011679
vn 0.294972 -0.945280 0.139418
vn 0.467648 -0.833629 -0.293884
vn 0.278119 -0.958082 0.068766
vn 0.200307 -0.972344 0.120098
vn 0.015745 -0.992794 0.118793
vn 0.435772 -0.900051 0.003381
vn 0.410758 -0.894600 -0.175979
vn 0.295758 -0.953763 -0.053513
vn 0.130212 -0.991445 -0.008996
vn 0.036843 -0.998291 0.045366
vn 0.433146 -0.789008 -0.435718
vn 0.394088 -0.834749 -0.384563
vn 0.249432 -0.892672 -0.375395
vn 0.222684 -0.938314 -0.264534
vn 0.164331 -0.970742 -0.175088
vn 0.100010 -0.988358 -0.114658
vn 0.038023 -0.997193 -0.064498
vn -0.012535 -0.999726 -0.019768
vn 0.263950 -0.818885 -0.509664
vn 0.155957 -0.923287 -0.351026
vn -0.038272 -0.999092 -0.018715
vn -0.043322 -0.929966 -0.365084
vn 0.025592 -0.950680 -0.309115
vn 0.001173 -0.977998 -0.208613
vn -0.015587 -0.989311 -0.144988
vn 0.004072 -0.994318 -0.106373
vn 0.047378 -0.841122 -0.538767
vn 0.044746 -0.912316 -0.407034
vn -0.060661 -0.953123 -0.296439
vn -0.036535 -0.996219 -0.078821
vn -0.038570 -0.851164 -0.523481
vn -0.049595 -0.893326 -0.446663
vn -0.001987 -0.999053 -0.043471
vn -0.039168 -0.923679 -0.381160
vn -0.038388 -0.974164 -0.222557
vn -0.051079 -0.984734 -0.166401
vn -0.009595 -0.996528 -0.082709
vn 0.002399 -0.999983 0.005266
vn -0.028878 -0.954672 -0.296256
vn -0.051694 -0.996941 -0.058616
vn -0.007993 -0.849025 -0.528293
vn -0.001004 -0.894200 -0.447666
vn 0.028586 -0.929430 -0.367888
vn 0.027878 -0.955994 -0.292059
vn 0.028136 -0.974315 -0.223426
vn 0.044525 -0.984986 -0.166796
vn 0.043660 -0.996827 -0.066562
vn -0.908405 -0.410042 0.081644
vn -0.882944 -0.410037 0.228648
vn -0.819675 -0.362957 0.443165
vn -0.996270 0.004193 0.086187
vn -0.974668 0.017806 0.222949
vn -0.870138 0.024306 0.492209
vn -0.916829 0.379979 0.122638
vn -0.876135 0.414126 0.246753
vn -0.808385 0.388597 0.442160
vn -0.567912 -0.812619 0.130869
vn -0.540562 -0.810798 0.224497
vn -0.586563 -0.741385 0.326026
vn -0.721997 -0.685245 0.095708
vn -0.700379 -0.671936 0.240772
vn -0.729241 -0.505148 0.461555
vn -0.731473 -0.341044 0.590455
vn -0.813176 0.026075 0.581433
vn -0.770637 0.026233 0.636734
vn -0.795080 0.574538 0.194300
vn -0.730291 0.619201 0.288556
vn -0.724875 0.505077 0.468459
vn -0.721213 0.374741 0.582598
vn -0.482380 -0.811544 0.329705
vn -0.498700 -0.754294 0.427011
vn -0.604167 -0.653661 0.455751
vn -0.648512 -0.478039 0.592378
vn -0.649026 -0.322450 0.689051
vn -0.724657 0.026434 0.688603
vn -0.685538 0.025435 0.727593
vn -0.612345 0.633954 0.472374
vn -0.638143 0.490737 0.593254
vn -0.640491 0.358379 0.679217
vn -0.499929 -0.823646 0.267729
vn -0.420281 -0.871090 0.254099
vn -0.396592 -0.871360 0.288871
vn -0.468619 -0.860183 0.201199
vn -0.449800 -0.769001 0.454221
vn -0.515218 -0.636882 0.573526
vn -0.571208 -0.464192 0.676939
vn -0.582680 -0.306415 0.752724
vn -0.643952 0.024889 0.764661
vn -0.616207 0.024575 0.787201
vn -0.530601 0.629200 0.567953
vn -0.566509 0.477765 0.671422
vn -0.574072 0.345446 0.742367
vn -0.413284 -0.827626 0.379779
vn -0.347148 -0.889641 0.296693
vn -0.345336 -0.887769 0.304317
vn -0.341491 -0.865960 0.365372
vn -0.406409 -0.758903 0.508821
vn -0.392618 -0.714939 0.578545
vn -0.486952 -0.611198 0.623951
vn -0.521335 -0.439314 0.731582
vn -0.492751 -0.306477 0.814413
vn -0.582624 0.023875 0.812391
vn -0.540237 0.023988 0.841171
vn -0.479766 0.609377 0.631256
vn -0.504720 0.466575 0.726337
vn -0.484303 0.350425 0.801656
vn -0.381860 -0.791048 0.477939
vn -0.280439 -0.881019 0.380998
vn -0.272160 -0.914900 0.298138
vn -0.260940 -0.905891 0.333573
vn -0.293244 -0.850263 0.437105
vn -0.397759 -0.593702 0.699504
vn -0.390821 0.602898 0.695538
vn -0.214844 -0.803727 0.554855
vn -0.286786 -0.813885 0.505317
vn -0.213553 -0.925111 0.313950
vn -0.313209 -0.751099 0.581163
vn -0.321259 -0.688674 0.650016
vn -0.416348 -0.421615 0.805540
vn -0.398595 -0.275624 0.874730
vn -0.466391 0.025285 0.884217
vn -0.460491 0.025149 0.887308
vn -0.404948 0.462303 0.788856
vn -0.393862 0.321398 0.861148
vn -0.192539 -0.827277 0.527770
vn -0.187458 -0.893839 0.407322
vn -0.214062 -0.902171 0.374518
vn -0.239445 -0.833727 0.497560
vn -0.320338 -0.561619 0.762868
vn -0.288444 0.022582 0.957231
vn -0.315459 0.571044 0.757888
vn -0.112626 -0.826653 0.551327
vn -0.135948 -0.880541 0.454055
vn -0.128924 -0.935818 0.328060
vn -0.171759 -0.926673 0.334330
vn -0.176657 -0.934607 0.308712
vn -0.257791 -0.709344 0.656030
vn -0.258992 -0.630675 0.731554
vn -0.293905 -0.381501 0.876400
vn -0.303149 0.022680 0.952673
vn -0.291383 0.419011 0.859957
vn -0.022168 -0.855747 0.516920
vn -0.063349 -0.915797 0.396615
vn -0.148261 -0.950619 0.272657
vn -0.176891 -0.902845 0.391894
vn -0.174030 -0.874986 0.451789
vn -0.206695 -0.799471 0.564024
vn -0.335017 -0.376552 0.863697
vn -0.391501 0.023211 0.919885
vn -0.333842 0.403369 0.851964
vn 0.095533 -0.858476 0.503878
vn 0.015812 -0.891403 0.452936
vn -0.095788 -0.957526 0.271971
vn -0.109865 -0.962080 0.249664
vn -0.134213 -0.943240 0.303784
vn -0.213429 -0.660624 0.719739
vn -0.251693 -0.498749 0.829397
vn -0.279480 0.504933 0.816660
vn 0.072084 -0.915807 0.395098
vn -0.014459 -0.958798 0.283720
vn -0.076571 -0.970151 0.230097
vn -0.134846 -0.918640 0.371371
vn -0.139420 -0.876355 0.461046
vn -0.165960 -0.806247 0.567823
vn -0.116557 -0.852809 0.509049
vn -0.138429 -0.765126 0.628823
vn 0.018038 -0.985145 0.170777
vn -0.042164 -0.983292 0.177084
vn -0.073200 -0.980019 0.184945
vn -0.076349 -0.953862 0.290376
vn -0.102528 -0.930562 0.351486
vn -0.091007 -0.897954 0.430577
vn -0.301705 -0.262834 0.916456
vn -0.341856 0.018947 0.939561
vn -0.306178 0.293664 0.905547
vn -0.175763 -0.575476 0.798708
vn -0.201242 -0.328405 0.922850
vn -0.220315 0.003452 0.975423
vn -0.257593 0.307867 0.915895
vn -0.166935 -0.610791 0.773994
vn -0.234147 -0.341721 0.910166
vn -0.335796 0.165485 0.927284
vn -0.231754 -0.288032 0.929154
vn -0.305108 -0.057995 0.950550
vn -0.306010 -0.058030 0.950258
vn -0.043863 -0.993141 0.108387
vn -0.074904 -0.969987 0.231331
vn -0.035505 -0.998121 0.049935
vn -0.045718 -0.990732 0.127904
vn -0.074985 -0.853942 0.514937
vn -0.098575 -0.774940 0.624301
vn -0.044411 -0.982139 0.182840
vn -0.046476 -0.970760 0.235510
vn -0.061192 -0.931882 0.357564
vn -0.036514 -0.998780 0.033235
vn -0.033578 -0.957416 0.286754
vn -0.029154 -0.937718 0.346172
vn -0.038167 -0.910131 0.412560
vn -0.032506 -0.995718 0.086539
vn -0.040023 -0.868926 0.493321
vn -0.011103 -0.997314 0.072402
vn -0.020078 -0.983854 0.177842
vn -0.005020 -0.973291 0.229521
vn -0.001667 -0.990394 0.138262
vn -0.006870 -0.869856 0.493258
vn 0.008322 -0.959853 0.280380
vn -0.004800 -0.937676 0.347477
vn 0.007414 -0.907058 0.420940
vn -0.154098 -0.507738 0.847618
vn -0.201311 -0.162104 0.966021
vn -0.447864 0.037533 0.893313
vn -0.347687 -0.053303 0.936094
vn -0.107547 -0.647336 0.754579
vn -0.140324 -0.328883 0.933887
vn -0.282631 -0.201425 0.937842
vn -0.085080 -0.560335 0.823885
vn -0.117536 -0.408374 0.905216
vn -0.156759 -0.284350 0.945818
vn -0.237935 -0.301362 0.923346
vn -0.280080 -0.397680 0.873731
vn -0.043624 -0.813615 0.579765
vn -0.058126 -0.724365 0.686962
vn -0.055247 -0.569212 0.820333
vn -0.092453 -0.418318 0.903583
vn -0.169763 -0.376819 0.910597
vn -0.204768 -0.455329 0.866456
vn -0.118157 -0.412762 0.903143
vn -0.159997 -0.479386 0.862896
vn -0.039313 -0.454816 0.889717
vn -0.086855 -0.456052 0.885705
vn -0.013657 -0.809574 0.586859
vn -0.016062 -0.712566 0.701421
vn -0.014712 -0.574331 0.818491
vn -0.025501 -0.465718 0.884566
vn 0.028763 -0.432836 0.901014
vn 0.022039 -0.428622 0.903215
vn 0.044498 -0.482478 0.874777
vn -0.848367 0.067306 -0.525113
vn -0.927008 0.042211 -0.372658
vn -0.826695 0.199907 -0.525940
vn -0.861434 0.240841 -0.447132
vn -0.854278 0.377526 -0.357328
vn -0.731666 0.075883 -0.677427
vn -0.730075 0.212794 -0.649391
vn -0.706491 0.315545 -0.633484
vn -0.706513 0.418932 -0.570381
vn -0.775046 0.431943 -0.461227
vn -0.704479 0.537485 -0.463485
vn -0.621014 0.084346 -0.779248
vn -0.619598 0.206228 -0.757343
vn -0.628906 0.402030 -0.665469
vn -0.588014 0.504224 -0.632454
vn -0.600494 0.568401 -0.562430
vn -0.626935 0.631371 -0.456424
vn -0.595038 0.684133 -0.421773
vn -0.499605 0.102576 -0.860159
vn -0.494592 0.233289 -0.837230
vn -0.585167 0.311870 -0.748543
vn -0.518111 0.404775 -0.753471
vn -0.432734 0.489043 -0.757349
vn -0.523253 0.543746 -0.656161
vn -0.456411 0.625094 -0.633203
vn -0.524438 0.655534 -0.543360
vn -0.502087 0.736620 -0.453100
vn -0.394220 0.106130 -0.912867
vn -0.384110 0.212128 -0.898588
vn -0.376593 0.358805 -0.854071
vn -0.389907 0.579984 -0.715256
vn -0.402502 0.698486 -0.591701
vn -0.409206 0.754507 -0.513098
vn -0.409635 0.806736 -0.425884
vn -0.378264 0.866704 -0.325179
vn -0.977087 0.031340 -0.210518
vn -0.999430 0.019829 -0.027314
vn -0.989725 0.058659 0.130399
vn -0.963492 0.163600 -0.211937
vn -0.984716 0.155954 -0.077543
vn -0.992548 0.119631 0.023167
vn -0.974053 0.169547 0.149916
vn -0.945797 0.319693 -0.057128
vn -0.944994 0.320576 0.064937
vn -0.975264 0.164874 0.147232
vn -0.932147 0.315966 0.176826
vn -0.833678 0.484269 0.265453
vn -0.924838 0.197511 -0.325059
vn -0.931686 0.304476 -0.198132
vn -0.929417 0.295166 0.221497
vn -0.904884 0.329685 0.269243
vn -0.837533 0.407002 0.364537
vn -0.885229 0.398278 -0.240300
vn -0.886889 0.448816 -0.109507
vn -0.867824 0.496335 0.023089
vn -0.885556 0.436745 0.158256
vn -0.871836 0.423315 0.246388
vn -0.823418 0.444598 0.352585
vn -0.806586 0.554152 -0.205755
vn -0.805505 0.585871 -0.088974
vn -0.797863 0.602231 0.027058
vn -0.814589 0.562383 0.142023
vn -0.793171 0.545080 0.271603
vn -0.756588 0.524311 0.390734
vn -0.796238 0.515032 -0.317406
vn -0.737613 0.512529 0.439593
vn -0.716712 0.608122 -0.341337
vn -0.726193 0.672188 0.144244
vn -0.739280 0.633558 0.228186
vn -0.711257 0.603964 0.359641
vn -0.702696 0.659443 -0.267120
vn -0.711662 0.677144 -0.187117
vn -0.709019 0.701234 -0.074579
vn -0.700006 0.712910 0.041838
vn -0.671707 0.689440 0.271076
vn -0.664028 0.574279 0.478821
vn -0.618284 0.684978 0.385396
vn -0.599183 0.649606 0.467966
vn -0.616549 0.714724 -0.330206
vn -0.621076 0.767513 0.158710
vn -0.603159 0.755997 0.254296
vn -0.619269 0.756993 -0.208489
vn -0.612611 0.787478 -0.067728
vn -0.600145 0.798631 0.044887
vn -0.511019 0.700346 0.498372
vn -0.548893 0.777292 0.307465
vn -0.515756 0.763874 0.387933
vn -0.504668 0.802152 -0.319158
vn -0.503840 0.838724 -0.206611
vn -0.500623 0.850859 0.159422
vn -0.440369 0.765000 0.469947
vn -0.489243 0.868242 -0.082444
vn -0.460037 0.886403 0.051539
vn -0.378458 0.745454 0.548696
vn -0.471023 0.840889 0.266538
vn -0.387118 0.825818 0.410079
vn -0.391829 0.899772 -0.192043
vn -0.385981 0.920530 -0.060353
vn -0.384811 0.907256 0.169724
vn -0.375724 0.874532 0.306635
vn -0.294896 0.116882 -0.948354
vn -0.272400 0.224420 -0.935646
vn -0.266328 0.330073 -0.905606
vn -0.272122 0.458024 -0.846265
vn -0.292237 0.576619 -0.762960
vn -0.301640 0.671547 -0.676785
vn -0.292004 0.748668 -0.595172
vn -0.284138 0.834232 -0.472570
vn -0.293127 0.894019 -0.338830
vn -0.177575 0.124028 -0.976260
vn -0.184170 0.247910 -0.951116
vn -0.178609 0.370304 -0.911578
vn -0.092064 0.462234 -0.881966
vn -0.187453 0.530075 -0.826971
vn -0.182412 0.653124 -0.734952
vn -0.184837 0.771344 -0.608986
vn -0.170117 0.872942 -0.457201
vn -0.072458 0.163459 -0.983886
vn -0.071655 0.319012 -0.945038
vn -0.069351 0.595574 -0.800301
vn -0.075074 0.700679 -0.709516
vn -0.074896 0.786618 -0.612881
vn -0.065795 0.868244 -0.491756
vn -0.084019 0.927009 -0.365508
vn 0.039571 0.153326 -0.987383
vn 0.041978 0.271618 -0.961489
vn 0.038528 0.362663 -0.931123
vn 0.032894 0.468192 -0.883014
vn 0.034149 0.590744 -0.806136
vn 0.034100 0.699634 -0.713687
vn 0.035664 0.795483 -0.604926
vn 0.037649 0.885691 -0.462747
vn 0.148222 0.119953 -0.981652
vn 0.159115 0.253336 -0.954203
vn 0.140385 0.344704 -0.928155
vn 0.164396 0.463274 -0.870834
vn 0.146981 0.599516 -0.786751
vn 0.141178 0.691367 -0.708577
vn 0.136899 0.779811 -0.610864
vn 0.161425 0.860412 -0.483356
vn 0.137456 0.916156 -0.376516
vn 0.260725 0.132608 -0.956262
vn 0.245572 0.235460 -0.940347
vn 0.286526 0.352155 -0.891005
vn 0.280679 0.480231 -0.831022
vn 0.277742 0.599256 -0.750834
vn 0.249892 0.720273 -0.647117
vn 0.254800 0.803092 -0.538628
vn 0.290956 0.841471 -0.455271
vn 0.242846 0.889326 -0.387459
vn 0.337095 0.114788 -0.934447
vn 0.388736 0.264292 -0.882629
vn 0.404014 0.394323 -0.825398
vn 0.400911 0.497839 -0.769042
vn 0.405541 0.566138 -0.717652
vn 0.373514 0.631904 -0.679106
vn 0.340862 0.711082 -0.614960
vn 0.336280 0.763406 -0.551477
vn 0.454071 0.145262 -0.879044
vn 0.553581 0.104507 -0.826212
vn 0.523226 0.250678 -0.814491
vn 0.474527 0.396923 -0.785669
vn 0.441711 0.524218 -0.728070
vn 0.330052 0.530677 -0.780672
vn 0.391300 0.665014 -0.636114
vn 0.270665 0.780484 -0.563547
vn -0.305182 0.804329 0.509822
vn -0.316156 0.927660 -0.198726
vn -0.279267 0.958458 -0.058039
vn -0.277685 0.958674 0.061929
vn -0.317107 0.930070 0.185508
vn -0.288431 0.918581 0.270214
vn -0.281829 0.878623 0.385480
vn -0.207426 0.860556 0.465207
vn -0.179196 0.788604 0.588211
vn -0.203832 0.928132 -0.311487
vn -0.211149 0.954088 -0.212442
vn -0.201395 0.955649 0.214882
vn -0.187787 0.919960 0.344106
vn -0.146599 0.984736 -0.093830
vn -0.150345 0.987486 0.047632
vn -0.103832 0.985811 0.131893
vn -0.079380 0.861789 0.501017
vn -0.078852 0.963293 -0.256612
vn -0.066552 0.961342 0.267194
vn -0.074273 0.919057 0.387062
vn -0.065565 0.987707 -0.141901
vn -0.050602 0.997858 -0.041464
vn -0.053449 0.998067 0.031716
vn 0.014671 0.819809 0.572449
vn 0.029608 0.959419 -0.280427
vn 0.025626 0.963271 0.267304
vn 0.029351 0.898785 0.437406
vn 0.022118 0.990930 -0.132548
vn 0.067748 0.996494 -0.049098
vn 0.018613 0.998984 0.041039
vn 0.022964 0.992031 0.123887
vn 0.047210 0.837219 0.544827
vn 0.133374 0.952771 -0.272835
vn 0.210192 0.963673 -0.164787
vn 0.138940 0.975924 0.168130
vn 0.111765 0.958930 0.260695
vn 0.115781 0.924594 0.362935
vn 0.102840 0.889495 0.445222
vn 0.119663 0.982394 -0.143468
vn 0.105851 0.993689 0.037125
vn 0.091515 0.934701 0.343451
vn 0.051162 0.906482 0.419132
vn 0.232885 0.923828 -0.303819
vn 0.203195 0.947631 -0.246388
vn 0.194495 0.979010 -0.060919
vn 0.213317 0.976385 0.034178
vn 0.187940 0.966390 0.175408
vn 0.154219 0.945100 0.288103
vn 0.195632 0.978065 0.071539
vn 0.187896 0.878587 -0.439066
vn -0.060838 0.938550 0.339738
vn -0.149791 0.935829 0.319040
vn 0.239972 0.906321 -0.347844
vn 0.146748 0.979976 -0.134581
vn 0.091453 0.995785 0.007014
vn 0.044855 0.989035 0.140704
vn 0.018499 0.953657 0.300327
vn 0.037603 0.927126 -0.372858
vn -0.278338 0.912788 0.298907
vn -0.368101 0.896142 0.247851
vn -0.061377 0.975195 -0.212667
vn -0.140491 0.988436 -0.057066
vn -0.216817 0.972982 0.079354
vn -0.307363 0.923185 0.230776
vn -0.518705 0.831372 0.199414
vn -0.528064 0.822320 0.211987
vn 0.513617 0.079566 -0.854323
vn 0.491369 0.196573 -0.848479
vn 0.515196 0.323145 -0.793820
vn 0.489857 0.369102 -0.789813
vn 0.137058 0.615422 -0.776190
vn 0.309734 0.654139 -0.690049
vn 0.025997 0.750998 -0.659792
vn 0.301447 0.031713 -0.952955
vn 0.250164 0.140904 -0.957896
vn 0.374186 0.316363 -0.871722
vn 0.159826 0.278079 -0.947168
vn 0.009860 0.449316 -0.893318
vn -0.009701 0.552691 -0.833330
vn -0.257822 0.443756 -0.858259
vn -0.162212 0.537159 -0.827736
vn -0.242263 0.661338 -0.709888
vn -0.358757 0.665574 -0.654450
vn -0.153047 -0.095296 -0.983613
vn 0.016929 -0.036310 -0.999197
vn -0.201126 -0.003205 -0.979560
vn -0.038329 0.062285 -0.997322
vn -0.237367 0.111761 -0.964970
vn -0.112658 0.177760 -0.977604
vn -0.268669 0.199981 -0.942244
vn -0.213442 0.305378 -0.928001
vn -0.303679 0.501558 -0.810073
vn -0.311894 0.503681 -0.805622
vn -0.337256 0.556443 -0.759361
vn -0.214323 0.091505 -0.972467
vn -0.250290 0.305173 -0.918817
vn -0.311835 0.401365 -0.861200
vn -0.247275 0.584686 -0.772656
vn -0.329771 0.629736 -0.703338
vn -0.152575 -0.136865 -0.978769
vn -0.206834 -0.023408 -0.978096
vn -0.207725 0.195779 -0.958395
vn -0.216658 0.416924 -0.882742
vn -0.239257 0.505551 -0.828960
vn -0.223211 0.695440 -0.683037
vn -0.133387 -0.032308 -0.990537
vn -0.135041 0.088965 -0.986838
vn -0.131850 0.207689 -0.969268
vn -0.135283 0.328155 -0.934886
vn -0.062716 0.430684 -0.900321
vn -0.143674 0.506849 -0.849977
vn -0.138420 0.633745 -0.761057
vn -0.130287 0.757306 -0.639932
vn -0.045733 -0.157860 -0.986402
vn -0.045816 -0.037442 -0.998248
vn -0.045141 0.091804 -0.994753
vn -0.044507 0.209300 -0.976838
vn -0.037216 0.309655 -0.950120
vn -0.039663 0.568208 -0.821929
vn -0.044821 0.673199 -0.738102
vn -0.046298 0.768222 -0.638508
vn 0.049390 -0.157644 -0.986260
vn 0.052178 -0.036373 -0.997975
vn 0.052001 0.091531 -0.994444
vn 0.050334 0.209116 -0.976595
vn 0.042744 0.309652 -0.949889
vn 0.066582 0.435511 -0.897718
vn 0.048160 0.578106 -0.814539
vn 0.049408 0.699711 -0.712716
vn -0.080136 0.852114 -0.517184
vn -0.094301 0.871128 -0.481916
vn -0.256711 0.853346 -0.453762
vn -0.321551 0.902520 -0.286467
vn -0.387876 0.910528 -0.143149
vn -0.446789 0.894403 -0.020549
vn -0.497714 0.862127 0.094963
vn -0.563537 0.811926 0.152325
vn -0.572113 0.787907 0.227792
vn -0.279803 0.771766 -0.571041
vn -0.378413 0.717476 -0.584835
vn -0.406997 0.778197 -0.478292
vn -0.454696 0.830174 -0.322588
vn -0.411913 0.783526 -0.465203
vn -0.465990 0.814648 -0.345256
vn -0.481164 0.858164 -0.178985
vn -0.485156 0.871877 -0.066746
vn -0.507776 0.860445 0.042416
vn -0.498667 0.837031 0.225190
vn -0.385816 0.718576 -0.578615
vn -0.437799 0.867951 -0.234506
vn -0.417149 0.870867 0.259957
vn -0.323937 0.716747 -0.617526
vn -0.306754 0.811033 -0.498124
vn -0.232021 0.786006 -0.573028
vn 0.048898 0.795278 -0.604270
vn -0.455131 0.879100 0.141557
vn -0.385465 0.851261 -0.356049
vn -0.397312 0.914161 -0.080327
vn -0.398428 0.916478 0.036375
vn -0.326638 0.870757 -0.367547
vn -0.304162 0.933189 -0.191424
vn -0.313941 0.933746 0.171928
vn -0.329857 0.906960 0.261950
vn -0.288958 0.955315 -0.062258
vn -0.295610 0.953715 0.055156
vn -0.152501 0.838586 -0.522988
vn -0.231017 0.868310 -0.438941
vn -0.237002 0.909183 -0.342368
vn -0.205618 0.937881 -0.279466
vn -0.231249 0.929328 0.287877
vn -0.197315 0.965414 -0.170416
vn -0.152721 0.986038 -0.066368
vn -0.152626 0.987828 0.030012
vn -0.204631 0.968999 0.138448
vn -0.153522 0.963438 0.219587
vn -0.133863 0.905090 -0.403601
vn -0.076269 0.955492 -0.284987
vn -0.115723 0.978885 -0.168503
vn -0.110822 0.986050 0.124194
vn -0.043439 0.862066 -0.504931
vn -0.037121 0.924386 -0.379649
vn -0.035177 0.985362 -0.166805
vn -0.042232 0.996901 -0.066370
vn -0.043197 0.998599 0.030564
vn -0.041748 0.991363 0.124320
vn -0.040115 0.976081 0.213673
vn 0.051173 0.848075 -0.527400
vn 0.049109 0.913249 -0.404430
vn 0.045546 0.957931 -0.283360
vn 0.044085 0.984499 -0.169760
vn 0.049026 0.996609 -0.066080
vn 0.049883 0.998293 0.030375
vn 0.048471 0.991036 0.124489
vn 0.046039 0.976052 0.212609
vn -0.720119 0.632132 0.286071
vn -0.647415 0.674918 0.354035
vn -0.691050 0.618256 0.374445
vn -0.581040 0.682089 0.444012
vn -0.555605 0.700856 0.447330
vn -0.698132 0.522098 0.489924
vn -0.490765 0.695335 0.525032
vn -0.471530 0.712450 0.519687
vn -0.644338 0.573549 0.505836
vn -0.552071 0.600218 0.578753
vn -0.615967 0.552003 0.562030
vn -0.405187 0.748585 0.524828
vn -0.408188 0.713086 0.569992
vn -0.505977 0.598781 0.620845
vn -0.436873 0.653760 0.617851
vn -0.353676 0.730542 0.584142
vn -0.557065 0.600534 0.573618
vn -0.470006 0.600510 0.646902
vn -0.480328 0.661358 0.576100
vn -0.325333 0.789796 0.519981
vn -0.352995 0.734811 0.579179
vn -0.360395 0.654587 0.664553
vn -0.391621 0.693990 0.604161
vn -0.359942 0.660307 0.659118
vn -0.335893 0.618421 0.710445
vn -0.275117 0.809099 0.519297
vn -0.325220 0.701214 0.634453
vn -0.273108 0.690546 0.669745
vn -0.273349 0.756386 0.594273
vn -0.259239 0.634109 0.728492
vn -0.255742 0.641440 0.723291
vn -0.272780 0.755592 0.595544
vn -0.266002 0.698219 0.664630
vn -0.263627 0.813856 0.517821
vn -0.289544 0.715380 0.635922
vn -0.213582 0.780863 0.587056
vn -0.230467 0.838230 0.494222
vn -0.182826 0.687179 0.703107
vn -0.174667 0.664337 0.726737
vn -0.177598 0.716198 0.674921
vn -0.292958 0.632270 0.717224
vn -0.211140 0.759859 0.614844
vn -0.093816 0.706835 0.701130
vn -0.080199 0.772959 0.629367
vn -0.278001 0.821991 0.497038
vn -0.309855 0.739019 0.598198
vn -0.250437 0.812949 0.525733
vn -0.159135 0.724280 0.670891
vn -0.094975 0.705676 0.702140
vn -0.082479 0.764919 0.638824
vn -0.337789 0.798053 0.499009
vn -0.441906 0.786081 0.432198
vn -0.401500 0.801730 0.442750
vn -0.398412 0.752367 0.524606
vn -0.288985 0.740734 0.606466
vn -0.379285 0.759248 0.528853
vn -0.203214 0.733881 0.648168
vn -0.409105 0.664024 0.625864
vn -0.387498 0.543777 0.744414
vn -0.605081 0.673424 0.424709
vn -0.583354 0.594631 0.553273
vn -0.548769 0.510638 0.661892
vn -0.494782 0.707777 0.504225
vn -0.620033 0.677991 0.394824
vn -0.773895 0.524883 0.354379
vn -0.758662 0.452418 0.468775
vn -0.332120 0.763578 0.553755
vn -0.508049 0.731173 0.455272
vn -0.715990 0.665647 0.210410
vn -0.798292 0.543164 0.260197
vn -0.825477 0.385555 0.412232
vn -0.157124 0.843326 0.513919
vn -0.327981 0.825266 0.459743
vn -0.585868 0.760539 0.279889
vn -0.813332 0.549700 0.190583
vn -0.794238 0.556423 0.244091
vn -0.062214 0.860933 0.504900
vn -0.479859 0.402787 0.779422
vn -0.708617 0.402384 0.579611
vn -0.662520 0.335506 0.669704
vn -0.786624 0.338301 0.516503
vn -0.788654 0.226017 0.571788
vn -0.799454 0.481880 0.358698
vn -0.786524 0.359200 0.502350
vn -0.301556 0.890784 0.339953
vn -0.451242 0.844565 0.288254
vn -0.604776 0.780288 0.159367
vn -0.748658 0.650694 0.126920
vn -0.778309 0.457664 0.429860
vn -0.520332 0.844022 0.129928
vn -0.613903 0.786168 0.071155
vn -0.711492 0.689528 0.135387
vn -0.620546 0.233737 0.748525
vn -0.728030 0.111409 0.676432
vn -0.721261 0.620584 0.307666
vn -0.695979 0.543538 0.469233
vn -0.450448 0.869023 0.204686
vn -0.577060 0.816670 0.007110
vn -0.621794 0.780763 0.061494
vn -0.642567 0.739598 0.200256
vn -0.633244 0.688037 0.354412
vn -0.540654 0.841245 -0.000676
vn -0.550155 0.827106 0.114999
vn -0.325810 0.424730 0.844661
vn -0.399232 0.335465 0.853274
vn -0.775656 0.209886 0.595235
vn -0.518175 0.150821 0.841871
vn -0.645990 0.022927 0.763001
vn -0.733050 0.099834 0.672808
vn -0.686895 0.043581 0.725449
vn -0.698678 0.333513 0.632944
vn -0.686690 0.182321 0.703716
vn -0.682361 0.471282 0.558817
vn -0.615450 0.619515 0.487260
vn -0.549024 0.829700 0.100853
vn -0.498896 0.866515 0.015981
vn -0.547918 0.791327 0.271270
vn -0.545579 0.729157 0.413127
vn -0.558710 0.804276 0.202443
vn -0.532036 0.840849 0.099552
vn -0.465753 0.882888 0.059852
vn -0.475862 0.862194 0.173715
vn -0.427495 0.861760 0.273162
vn -0.429003 0.830455 0.355389
vn -0.457869 0.738820 0.494471
vn -0.503559 0.831211 0.235619
vn -0.461088 0.874950 0.147857
vn -0.428595 0.902389 0.044723
vn -0.410023 0.909414 0.069624
vn -0.364922 0.914277 0.175868
vn -0.353792 0.927916 0.117487
vn -0.341600 0.935990 0.085046
vn -0.298192 0.915072 0.271524
vn -0.313386 0.883254 0.348786
vn -0.400355 0.866493 0.298170
vn -0.405996 0.882231 0.238402
vn -0.267784 0.960467 0.076129
vn -0.276415 0.952698 0.126339
vn -0.227761 0.948552 0.219941
vn -0.238314 0.902574 0.358562
vn -0.312626 0.894194 0.320439
vn -0.288083 0.913979 0.285746
vn -0.268993 0.948627 0.166584
vn -0.193776 0.974668 0.111687
vn -0.202304 0.970696 0.129699
vn -0.164931 0.940490 0.297112
vn -0.153988 0.897560 0.413127
vn -0.210662 0.928699 0.305187
vn -0.176886 0.962114 0.207481
vn -0.140831 0.979815 0.141876
vn -0.099528 0.972290 0.211535
vn -0.081939 0.908943 0.408789
vn -0.119148 0.932197 0.341779
vn -0.100640 0.965647 0.239578
vn -0.084212 0.986699 0.139048
vn -0.068375 0.986162 0.151025
vn -0.069448 0.951575 0.299470
vn -0.015339 0.908485 0.417636
vn 0.010306 0.970315 0.241626
vn 0.016026 0.988872 0.147901
vn -0.016400 0.988513 0.150247
vn 0.018062 0.976219 0.216033
vn 0.015780 0.954998 0.296191
vn 0.058572 0.910942 0.408356
vn 0.055597 0.987654 0.146452
vn -0.461200 -0.130612 0.877630
vn -0.560274 -0.073852 0.825008
vn -0.531867 -0.161534 0.831279
vn -0.564578 0.015334 0.825237
vn -0.628156 0.281331 0.725446
vn -0.570305 0.183420 0.800693
vn -0.599719 0.544033 0.586826
vn -0.589171 0.457887 0.665745
vn -0.537652 0.671460 0.509973
vn -0.395245 -0.235063 0.887990
vn -0.368713 -0.200686 0.907621
vn -0.485388 -0.232750 0.842749
vn -0.541742 0.374676 0.752418
vn -0.488075 0.253331 0.835228
vn -0.509955 0.620467 0.595790
vn -0.504100 0.527960 0.683478
vn -0.429101 0.458173 0.778428
vn -0.392216 0.685540 0.613353
vn -0.346652 0.833641 0.429971
vn -0.327938 -0.324528 0.887208
vn -0.390010 -0.006234 0.920790
vn -0.440951 0.262406 0.858315
vn -0.394527 0.153832 0.905916
vn -0.411764 0.582104 0.701146
vn -0.321695 0.788107 0.524785
vn -0.302888 0.637838 0.708112
vn -0.245980 -0.396061 0.884663
vn -0.292241 -0.263380 0.919362
vn -0.216189 -0.018285 0.976180
vn -0.362122 0.362836 0.858614
vn -0.284460 0.217884 0.933600
vn -0.307242 0.501410 0.808820
vn -0.216590 0.400817 0.890188
vn -0.260075 0.757863 0.598335
vn -0.245691 0.858611 0.449916
vn -0.182784 0.833309 0.521714
vn -0.171887 -0.408209 0.896560
vn -0.173206 -0.215132 0.961102
vn -0.171861 0.188078 0.967001
vn -0.188816 0.569779 0.799813
vn -0.174601 0.764664 0.620325
vn -0.191608 0.678948 0.708743
vn -0.098655 -0.424318 0.900123
vn -0.097143 -0.225949 0.969283
vn -0.104156 -0.016800 0.994419
vn -0.101411 0.195822 0.975382
vn -0.103526 0.577196 0.810017
vn -0.099536 0.405098 0.908839
vn -0.095376 0.782313 0.615540
vn -0.102188 0.698204 0.708569
vn -0.088543 0.848089 0.522403
vn -0.020936 -0.433368 0.900974
vn -0.015865 -0.235078 0.971847
vn -0.016094 -0.017030 0.999725
vn -0.016139 0.200586 0.979543
vn -0.016816 0.581899 0.813087
vn -0.016357 0.407937 0.912863
vn -0.015917 0.788504 0.614824
vn -0.016917 0.704600 0.709403
vn -0.014373 0.852255 0.522929
vn 0.057477 -0.424946 0.903392
vn 0.065036 -0.229214 0.971201
vn 0.071931 -0.016749 0.997269
vn 0.068842 0.197747 0.977833
vn 0.069568 0.578886 0.812436
vn 0.066428 0.406683 0.911151
vn 0.063591 0.785587 0.615475
vn 0.068266 0.700659 0.710223
vn 0.059947 0.850656 0.522293
vn -0.119341 0.938029 0.325359
vn -0.037677 0.943738 0.328542
vn -0.034634 0.935455 0.351745
vn 0.047716 0.944193 0.325918
vn 0.056480 0.933500 0.354102
vn 0.024552 -0.711375 -0.702384
vn 0.124670 -0.243479 -0.961860
vn 0.051127 -0.571863 -0.818755
vn 0.080109 -0.442227 -0.893318
vn 0.137320 -0.321736 -0.936818
vn 0.185970 -0.228056 -0.955722
vn 0.043543 -0.810809 -0.583689
vn 0.059972 -0.723600 -0.687609
vn 0.094531 -0.393654 -0.914385
vn 0.175122 -0.260440 -0.949475
vn 0.247817 -0.158115 -0.955817
vn 0.074489 -0.540779 -0.837860
vn 0.099849 -0.348509 -0.931972
vn 0.162735 -0.189552 -0.968291
vn 0.257373 -0.077420 -0.963206
vn 0.137133 -0.069245 -0.988129
vn 0.250599 0.024581 -0.967779
vn 0.103719 -0.641242 -0.760297
vn 0.096421 -0.337288 -0.936451
vn 0.126561 -0.497769 -0.858026
vn 0.218200 0.159189 -0.962833
vn 0.238691 0.359420 -0.902133
vn 0.187635 -0.267229 -0.945189
vn 0.141289 0.218886 -0.965467
vn 0.099372 -0.634956 -0.766130
vn 0.206928 0.007304 -0.978329
vn 0.088863 0.009227 -0.996001
vn 0.130255 0.343252 -0.930168
vn 0.048424 -0.931432 -0.360679
vn 0.050931 -0.956718 -0.286526
vn 0.050313 -0.972518 -0.227324
vn 0.046391 -0.983204 -0.176517
vn 0.042811 -0.862929 -0.503508
vn 0.045853 -0.898819 -0.435914
vn 0.039172 -0.998785 -0.029901
vn 0.046096 -0.990483 -0.129685
vn 0.037898 -0.995748 -0.083962
vn 0.064999 -0.952564 -0.297316
vn 0.058758 -0.971679 -0.228885
vn 0.049666 -0.982078 -0.181816
vn 0.078874 -0.852243 -0.517166
vn 0.071814 -0.905036 -0.419230
vn 0.070039 -0.930349 -0.359923
vn 0.098317 -0.779469 -0.618678
vn 0.053270 -0.978390 -0.199787
vn 0.020227 -0.987809 -0.154353
vn 0.025721 -0.997746 -0.061974
vn -0.042119 -0.993587 -0.104928
vn 0.086943 -0.771723 -0.629988
vn -0.206792 -0.850452 -0.483703
vn -0.066912 -0.874768 -0.479899
vn 0.055112 -0.874685 -0.481548
vn 0.173754 -0.861565 -0.476986
vn 0.131724 -0.390677 -0.911054
vn -0.029103 0.267186 -0.963206
vn -0.027656 -0.649887 -0.759528
vn -0.071106 -0.416271 -0.906456
vn -0.158004 -0.125226 -0.979466
vn -0.398779 0.054266 -0.915440
vn -0.246568 0.187152 -0.950883
vn -0.180808 -0.678828 -0.711689
vn -0.327207 -0.379123 -0.865564
vn -0.237342 -0.478333 -0.845498
vn -0.295561 -0.230165 -0.927183
vn -0.207213 -0.648315 -0.732633
vn -0.230782 -0.507782 -0.829999
vn -0.357336 -0.155102 -0.921007
vn -0.373585 -0.249369 -0.893448
vn -0.343697 0.018627 -0.938896
vn -0.158134 -0.820262 -0.549695
vn -0.180054 -0.745736 -0.641450
vn -0.173912 -0.395138 -0.902009
vn -0.210683 -0.218171 -0.952898
vn -0.346753 -0.411291 -0.842972
vn -0.182232 0.001820 -0.983254
vn -0.068271 -0.837922 -0.541503
vn -0.092171 -0.679021 -0.728310
vn -0.082874 -0.761348 -0.643025
vn -0.074440 -0.406376 -0.910668
vn -0.090724 -0.576862 -0.811787
vn -0.079849 -0.187384 -0.979036
vn -0.082949 0.003242 -0.996549
vn 0.030141 -0.839324 -0.542795
vn 0.029884 -0.686475 -0.726539
vn 0.031385 -0.767401 -0.640400
vn 0.030522 -0.409338 -0.911872
vn 0.031616 -0.580399 -0.813718
vn 0.028238 -0.188448 -0.981677
vn 0.030906 0.007391 -0.999495
vn 0.167374 -0.819972 -0.547386
vn 0.187664 -0.662796 -0.724903
vn 0.141062 -0.757625 -0.637264
vn 0.146103 -0.411838 -0.899468
vn 0.164464 -0.569280 -0.805526
vn 0.139442 -0.187439 -0.972328
vn 0.140163 0.006685 -0.990106
vn -0.345893 -0.897492 -0.273616
vn 0.031943 -0.961700 -0.272235
vn -0.049764 -0.982162 -0.181330
vn -0.185474 -0.964938 -0.185725
vn 0.085211 -0.851596 -0.517227
vn 0.040990 -0.895390 -0.443392
vn 0.037452 -0.934736 -0.353363
vn -0.314168 -0.849874 -0.423098
vn -0.375067 -0.850669 -0.368357
vn -0.049278 -0.966756 -0.250907
vn -0.193116 -0.940283 -0.280311
vn -0.009448 -0.809156 -0.587517
vn -0.417885 -0.791751 -0.445536
vn -0.350742 -0.800172 -0.486522
vn -0.080174 -0.955508 -0.283862
vn -0.141801 -0.933857 -0.328335
vn -0.226466 -0.889062 -0.397846
vn -0.160641 -0.883589 -0.439847
vn -0.073651 -0.890457 -0.449068
vn -0.060385 -0.937051 -0.343931
vn -0.145145 -0.809241 -0.569264
vn -0.241233 -0.776168 -0.582555
vn -0.355202 -0.788077 -0.502758
vn -0.194819 -0.812500 -0.549444
vn -0.291301 -0.787172 -0.543603
vn -0.137437 -0.938386 -0.317085
vn -0.127727 -0.941555 -0.311704
vn -0.186779 -0.891015 -0.413771
vn -0.247946 -0.847188 -0.469889
vn -0.192678 -0.769641 -0.608711
vn -0.126582 -0.940553 -0.315179
vn -0.146813 -0.880145 -0.451431
vn -0.154586 -0.873913 -0.460846
vn -0.149721 -0.909811 -0.387076
vn -0.082781 -0.805735 -0.586462
vn -0.081360 -0.808327 -0.583085
vn -0.060413 -0.946154 -0.318029
vn -0.061947 -0.946230 -0.317509
vn -0.070822 -0.883933 -0.462220
vn -0.070895 -0.900776 -0.428458
vn 0.050548 -0.808560 -0.586238
vn 0.043206 -0.807592 -0.588157
vn 0.027066 -0.947298 -0.319208
vn 0.031832 -0.947973 -0.316755
vn 0.040501 -0.884413 -0.464944
vn 0.028176 -0.901613 -0.431626
vn 0.181241 -0.788553 -0.587653
vn 0.166377 -0.793227 -0.585755
vn 0.118600 -0.939235 -0.322135
vn 0.124774 -0.942367 -0.310445
vn 0.155384 -0.878070 -0.452602
vn 0.128639 -0.891422 -0.434533
vn 0.264778 -0.839661 -0.474196
vn 0.283895 -0.717897 -0.635632
vn 0.283300 -0.400561 -0.871374
vn 0.321839 -0.500026 -0.803986
vn 0.390823 -0.594004 -0.703148
vn 0.304765 -0.210357 -0.928907
vn 0.436872 -0.213286 -0.873872
vn 0.306403 -0.000362 -0.951902
vn 0.453283 0.004888 -0.891353
vn 0.447722 -0.651424 -0.612529
vn 0.412198 -0.422137 -0.807399
vn 0.529081 -0.392272 -0.752460
vn 0.566310 -0.470612 -0.676622
vn 0.560392 -0.210612 -0.801002
vn 0.696573 -0.217962 -0.683577
vn 0.594318 0.003440 -0.804223
vn 0.652533 -0.383158 -0.653751
vn 0.736231 0.001296 -0.676729
vn 0.306393 -0.754059 -0.580963
vn 0.342985 -0.775290 -0.530365
vn 0.302888 -0.792150 -0.529864
vn 0.202118 -0.930418 -0.305731
vn 0.232986 -0.927666 -0.291810
vn 0.283685 -0.858566 -0.427067
vn 0.245484 -0.847338 -0.470910
vn 0.252854 -0.897095 -0.362333
vn 0.363713 -0.770546 -0.523423
vn 0.463043 -0.732084 -0.499644
vn 0.448142 -0.747380 -0.490502
vn 0.324657 -0.906006 -0.271570
vn 0.346429 -0.901573 -0.259140
vn 0.416916 -0.832331 -0.365248
vn 0.346047 -0.845549 -0.406569
vn 0.444340 -0.868694 -0.218934
vn 0.439010 -0.862057 -0.253234
vn 0.439464 -0.786087 -0.434672
vn 0.565574 -0.698679 -0.438147
vn 0.552958 -0.760972 -0.339351
vn 0.648620 -0.656450 -0.385183
vn 0.457760 -0.833600 -0.309140
vn 0.519319 -0.820631 -0.238479
vn 0.526482 -0.668215 -0.525647
vn 0.521540 -0.760026 -0.387757
vn 0.590211 -0.558756 -0.582618
vn 0.721358 -0.603185 -0.340309
vn 0.560659 -0.795442 -0.230074
vn 0.598077 -0.778634 -0.189822
vn 0.682139 -0.681836 -0.264169
vn 0.620587 -0.638852 -0.454685
vn 0.643215 -0.700147 -0.309947
vn 0.651931 -0.735315 -0.185196
vn 0.697490 -0.695970 -0.170685
vn 0.684644 -0.465173 -0.561139
vn 0.712202 -0.574706 -0.403089
vn 0.811120 -0.204578 -0.547935
vn 0.813177 -0.529369 -0.241892
vn 0.736688 -0.630980 -0.243219
vn 0.738337 -0.658421 -0.146085
vn 0.743455 -0.654290 -0.138489
vn 0.791752 -0.579647 -0.192715
vn 0.754174 -0.370890 -0.541907
vn 0.803824 -0.417289 -0.423954
vn 0.800805 -0.497660 -0.333236
vn 0.834546 -0.493359 -0.245215
vn 0.825417 -0.547644 -0.137013
vn 0.878575 -0.246723 -0.408942
vn 0.882584 -0.357042 -0.305887
vn 0.836571 -0.002370 -0.547853
vn 0.893163 -0.000976 -0.449732
vn 0.947330 0.004209 -0.320233
vn 0.860842 -0.492417 -0.128360
vn 0.908793 -0.382918 -0.165739
vn 0.928686 -0.361244 -0.083931
vn 0.932043 -0.159879 -0.325168
vn 0.951608 -0.216201 -0.218402
vn 0.979803 -0.170168 -0.105020
vn 0.989321 -0.139044 -0.043709
vn 0.997295 -0.072943 -0.009020
vn 0.988573 0.012268 -0.150242
vn 0.997442 0.039732 -0.059416
vn 0.996728 0.080752 -0.003620
vn 0.991302 0.127740 0.031666
vn 0.015878 -0.995386 0.094629
vn 0.020439 -0.983177 0.181510
vn 0.024835 -0.997327 0.068723
vn 0.026308 -0.936044 0.350897
vn 0.031422 -0.872261 0.488029
vn 0.045522 -0.998790 0.018602
vn 0.004612 -0.993788 0.111193
vn -0.019274 -0.973379 0.228388
vn 0.024165 -0.961674 0.273128
vn 0.037511 -0.905855 0.421923
vn 0.037494 -0.998376 0.042892
vn -0.014086 -0.984848 0.172846
vn -0.016034 -0.945735 0.324543
vn -0.002035 -0.909866 0.414896
vn 0.001654 -0.852615 0.522536
vn 0.001585 -0.786922 0.617051
vn -0.030808 -0.999417 0.014726
vn -0.125771 -0.985251 0.116023
vn -0.168482 -0.962185 0.214042
vn -0.169236 -0.932865 0.317996
vn -0.148038 -0.902208 0.405100
vn -0.148907 -0.849065 0.506868
vn -0.139768 -0.780245 0.609658
vn -0.433189 -0.895875 -0.098766
vn -0.493113 -0.869951 0.005020
vn -0.564776 -0.814933 0.130047
vn -0.093593 -0.994250 -0.052037
vn -0.252102 -0.967692 0.004118
vn -0.333649 -0.938176 0.092214
vn -0.392716 -0.903280 0.172797
vn -0.414304 -0.858524 0.302141
vn -0.535010 -0.758182 0.372724
vn -0.336871 -0.858880 0.385801
vn -0.414512 -0.770784 0.483811
vn -0.259151 -0.761914 0.593572
vn 0.027561 -0.807373 0.589397
vn 0.014734 -0.711218 0.702818
vn 0.024277 -0.564757 0.824900
vn 0.072953 -0.395914 0.915385
vn 0.113815 -0.465646 0.877622
vn 0.127659 -0.370734 0.919924
vn 0.190514 -0.435187 0.879953
vn 0.049446 -0.718820 0.693435
vn 0.048787 -0.550625 0.833326
vn 0.079300 -0.357129 0.930683
vn 0.122946 -0.268785 0.955321
vn 0.233054 -0.302384 0.924256
vn 0.225360 -0.163383 0.960478
vn 0.024085 -0.317765 0.947864
vn 0.139532 -0.138125 0.980537
vn 0.233445 -0.057680 0.970658
vn 0.010648 -0.681665 0.731587
vn -0.017648 -0.529710 0.847995
vn 0.035442 -0.059729 0.997585
vn 0.238988 0.295561 0.924948
vn 0.178055 0.125772 0.975950
vn -0.147756 -0.674693 0.723158
vn -0.162065 -0.533180 0.830333
vn -0.187897 -0.307546 0.932797
vn -0.168857 -0.006187 0.985621
vn 0.007382 0.419301 0.907817
vn -0.111183 0.282117 0.952916
vn -0.420876 -0.635043 0.647753
vn -0.561836 -0.490815 0.665913
vn -0.344705 -0.522988 0.779527
vn -0.500646 -0.316977 0.805530
vn -0.645491 -0.154181 0.748044
vn -0.466386 0.026782 0.884176
vn -0.702351 0.050147 0.710062
vn -0.244023 0.485971 0.839217
vn -0.453592 0.355579 0.817201
vn -0.656483 0.313838 0.685956
vn -0.567532 -0.822041 -0.046442
vn -0.520022 -0.852190 0.057875
vn -0.466213 -0.844039 -0.265036
vn -0.436499 -0.884384 -0.165327
vn -0.442649 -0.894426 -0.063745
vn -0.446574 -0.870276 0.207825
vn -0.305272 -0.859443 -0.410081
vn -0.338573 -0.899631 -0.275740
vn -0.350240 -0.919826 -0.176783
vn -0.344160 -0.937343 -0.054241
vn -0.341068 -0.937983 0.062132
vn -0.355547 -0.919035 0.170178
vn -0.349640 -0.892739 0.284198
vn -0.309062 -0.861072 0.403778
vn -0.213871 -0.964521 -0.154787
vn -0.191582 -0.980777 -0.037063
vn -0.192259 -0.978158 0.079018
vn -0.205386 -0.905982 -0.370154
vn -0.234772 -0.926875 -0.292892
vn -0.229808 -0.953673 0.194156
vn -0.233226 -0.926018 0.296810
vn -0.203995 -0.904577 0.374334
vn -0.082123 -0.959672 -0.268860
vn -0.115279 -0.976961 -0.179603
vn -0.055082 -0.997574 -0.042571
vn -0.049986 -0.998028 0.037979
vn -0.071017 -0.987688 0.139390
vn -0.083395 -0.958460 0.272763
vn -0.084930 -0.919802 -0.383081
vn -0.082046 -0.919739 0.383860
vn 0.049994 -0.961258 -0.271078
vn 0.047112 -0.989756 -0.134773
vn 0.038613 -0.998553 -0.037443
vn 0.039683 -0.998579 0.035581
vn 0.051619 -0.989106 0.137858
vn 0.053805 -0.963195 0.263364
vn 0.055380 -0.919464 -0.389254
vn 0.199209 -0.953231 -0.227302
vn 0.072913 -0.928150 0.364994
vn 0.162180 -0.982256 -0.094183
vn 0.159061 -0.983049 0.091180
vn 0.197555 -0.915150 -0.351385
vn 0.320710 -0.943066 -0.088155
vn 0.222620 -0.952905 0.205943
vn 0.210159 -0.926592 0.311866
vn 0.170809 -0.874040 0.454839
vn -0.214440 -0.844216 0.491239
vn -0.068605 -0.873042 0.482796
vn 0.044185 -0.873021 0.485677
vn -0.579381 -0.808727 -0.101380
vn -0.622090 -0.782942 -0.002358
vn -0.650055 -0.756307 0.073679
vn -0.641219 -0.745684 0.181089
vn -0.407853 -0.879888 -0.243832
vn -0.487850 -0.857157 -0.165181
vn -0.652092 -0.751801 0.097832
vn -0.671610 -0.715418 0.192661
vn -0.623361 -0.714079 0.318611
vn -0.629726 -0.677347 0.380324
vn -0.271714 -0.954786 -0.120647
vn -0.596929 -0.762304 0.250137
vn -0.618622 -0.682473 0.389277
vn -0.580086 -0.672940 0.458969
vn -0.484918 -0.814565 -0.318337
vn -0.544901 -0.802766 -0.242178
vn -0.596253 -0.787004 -0.158453
vn -0.592820 -0.740410 0.316793
vn -0.651181 -0.709763 0.268701
vn -0.470901 -0.796834 -0.378560
vn -0.545991 -0.821352 -0.165152
vn -0.552612 -0.814842 0.175079
vn -0.512020 -0.804503 0.301015
vn -0.527601 -0.744603 0.408905
vn -0.391004 -0.835855 -0.385309
vn -0.407582 -0.825290 0.390862
vn 0.306834 -0.831711 0.462720
vn -0.606730 -0.633635 0.479985
vn -0.632841 -0.571329 0.522585
vn -0.587319 -0.595875 0.547713
vn -0.636171 -0.491281 0.594920
vn -0.649295 -0.459846 0.605770
vn -0.682493 -0.331434 0.651425
vn -0.650247 -0.353092 0.672684
vn -0.701362 -0.216331 0.679185
vn -0.710664 -0.167341 0.683340
vn -0.708172 0.056254 0.703795
vn -0.586532 0.466233 0.662274
vn -0.672925 0.232081 0.702361
vn -0.607310 -0.654950 0.449683
vn -0.542500 -0.648607 0.533857
vn -0.583237 -0.591885 0.556334
vn -0.487964 -0.583788 0.648909
vn -0.610835 -0.409746 0.677487
vn -0.563461 -0.315520 0.763517
vn -0.586643 -0.151270 0.795592
vn -0.583340 0.070445 0.809167
vn -0.632474 0.427179 0.646138
vn -0.614991 0.326142 0.717925
vn -0.569773 0.242865 0.785096
vn -0.510891 -0.711104 0.483034
vn -0.483994 -0.681129 0.549375
vn -0.461452 -0.659364 0.593550
vn -0.353087 -0.564250 0.746292
vn -0.510607 -0.484576 0.710258
vn -0.449774 -0.384552 0.806116
vn -0.462318 -0.147525 0.874356
vn -0.469407 0.074892 0.879800
vn -0.525702 0.427551 0.735417
vn -0.468089 0.316802 0.824942
vn -0.385485 -0.766446 0.513773
vn -0.347619 -0.735278 0.581831
vn -0.278952 -0.711439 0.645011
vn -0.353894 -0.694284 0.626681
vn -0.309348 -0.686306 0.658247
vn -0.305352 -0.349817 0.885657
vn -0.329180 -0.129526 0.935341
vn -0.332027 0.059496 0.941392
vn -0.325640 0.280272 0.902998
vn -0.214751 -0.769181 0.601866
vn -0.199218 -0.724774 0.659557
vn -0.195176 -0.720914 0.664973
vn -0.195626 -0.704341 0.682374
vn -0.205484 -0.610645 0.764781
vn -0.198155 -0.516757 0.832885
vn -0.160301 -0.342152 0.925870
vn -0.157571 -0.125401 0.979513
vn -0.158488 0.069080 0.984941
vn -0.199829 0.455766 0.867378
vn -0.174464 0.257287 0.950456
vn -0.078697 -0.790170 0.607815
vn -0.075005 -0.739838 0.668591
vn -0.070384 -0.724857 0.685295
vn -0.071176 -0.653860 0.753260
vn -0.064803 -0.526474 0.847718
vn -0.054107 -0.346173 0.936609
vn -0.047376 -0.123285 0.991240
vn -0.046666 0.082005 0.995539
vn -0.070253 0.306165 0.949383
vn 0.054183 -0.797021 0.601516
vn 0.056443 -0.741991 0.668029
vn 0.057011 -0.705401 0.706512
vn 0.060904 -0.628451 0.775461
vn 0.061001 -0.525019 0.848902
vn 0.052032 -0.345599 0.936939
vn 0.046018 -0.123183 0.991316
vn 0.045325 0.081888 0.995610
vn 0.203612 0.450975 0.869002
vn 0.067901 0.296393 0.952649
vn 0.183070 -0.784540 0.592438
vn 0.174476 -0.724902 0.666389
vn 0.187636 -0.634471 0.749826
vn 0.189070 -0.517525 0.834518
vn 0.156583 -0.340833 0.926992
vn 0.156180 -0.125316 0.979747
vn 0.154911 0.066079 0.985716
vn 0.186726 0.269433 0.944743
vn 0.280255 -0.959861 0.011151
vn 0.335662 -0.848009 -0.410137
vn 0.313221 -0.906841 -0.282014
vn 0.340935 -0.919029 -0.197863
vn 0.357502 -0.930482 0.079970
vn 0.341669 -0.919024 0.196614
vn 0.321777 -0.885377 0.335509
vn 0.415721 -0.852754 -0.316206
vn 0.442139 -0.878978 -0.178638
vn 0.429180 -0.901537 -0.055089
vn 0.429960 -0.901187 0.054748
vn 0.442030 -0.878359 0.181921
vn 0.419885 -0.846744 0.326682
vn 0.533745 -0.841535 -0.083280
vn 0.533684 -0.841465 0.084366
vn 0.475397 -0.780095 -0.406754
vn 0.519900 -0.812189 -0.264675
vn 0.512535 -0.815464 0.268936
vn 0.481577 -0.759942 0.436545
vn 0.553447 -0.724244 -0.411299
vn 0.601197 -0.742697 -0.294895
vn 0.603884 -0.778488 -0.171113
vn 0.635284 -0.770844 -0.047048
vn 0.636883 -0.769285 0.050799
vn 0.601606 -0.779628 0.173924
vn 0.582428 -0.743443 0.328741
vn 0.624663 -0.659881 -0.417557
vn 0.693086 -0.651182 0.309181
vn 0.611231 -0.670758 0.420096
vn 0.659822 -0.598797 0.453958
vn 0.690372 -0.671460 -0.269310
vn 0.686331 -0.710360 -0.156009
vn 0.720000 -0.691986 -0.052488
vn 0.723203 -0.688332 0.056357
vn 0.682145 -0.704925 0.194313
vn 0.682889 -0.638390 -0.355136
vn 0.765277 -0.620805 -0.170155
vn 0.785314 -0.589030 0.190594
vn 0.719592 -0.584992 0.374128
vn 0.741021 -0.564920 -0.362977
vn 0.787262 -0.559178 -0.259882
vn 0.793544 -0.537687 0.284923
vn 0.755984 -0.515003 0.404056
vn 0.820380 -0.566595 -0.077119
vn 0.819491 -0.568570 0.071853
vn 0.808520 -0.505671 -0.300984
vn 0.834651 -0.487390 -0.256532
vn 0.855076 -0.491250 -0.165885
vn 0.889523 -0.454354 -0.048083
vn 0.893149 -0.447208 0.047852
vn 0.859165 -0.483756 0.166779
vn 0.853018 -0.458756 0.248803
vn 0.869550 -0.451968 -0.199017
vn 0.900226 -0.408622 -0.150402
vn 0.903262 -0.400976 0.152758
vn 0.829438 -0.455129 0.323868
vn 0.912715 -0.355189 0.201973
vn 0.895107 -0.323881 0.306404
vn 0.922555 0.097948 0.373226
vn 0.921043 0.243934 0.303605
vn 0.940706 -0.335223 -0.051944
vn 0.940965 -0.331835 0.066860
vn 0.898373 -0.419973 -0.128644
vn 0.947358 -0.306116 -0.093839
vn 0.976104 -0.216728 0.015795
vn 0.965892 -0.234018 0.110849
vn 0.950423 -0.238659 0.199342
vn 0.962497 -0.265855 -0.054039
vn 0.979659 -0.198998 -0.025851
vn 0.989009 -0.147726 -0.006228
vn 0.993264 -0.110693 0.034265
vn 0.987711 -0.102301 0.118160
vn 0.943595 -0.116928 0.309768
vn 0.999697 -0.017352 0.017469
vn 0.999295 0.003153 0.037423
vn 0.992472 0.017906 0.121158
vn 0.953507 0.021338 0.300614
vn 0.988873 0.148325 0.011430
vn 0.991886 0.120758 0.039749
vn 0.987844 0.117185 0.102131
vn 0.968788 0.154493 0.193862
vn 0.346807 -0.755594 0.555701
vn 0.269571 -0.748075 0.606395
vn 0.326440 -0.705644 0.628891
vn 0.292973 -0.704213 0.646723
vn 0.283924 -0.671839 0.684120
vn 0.310290 -0.556758 0.770546
vn 0.302256 -0.359865 0.882688
vn 0.335033 -0.144636 0.931039
vn 0.460171 0.079098 0.884300
vn 0.330805 0.066009 0.941388
vn 0.369071 0.339685 0.865102
vn 0.318410 0.248407 0.914827
vn 0.455298 -0.724135 0.518007
vn 0.442373 -0.671155 0.594859
vn 0.455521 -0.641597 0.617134
vn 0.385460 -0.672045 0.632279
vn 0.409302 -0.553620 0.725242
vn 0.445081 -0.382815 0.809540
vn 0.466586 -0.157214 0.870391
vn 0.537621 0.434157 0.722822
vn 0.468619 0.312321 0.826349
vn 0.553400 -0.653571 0.516326
vn 0.554021 -0.580511 0.596715
vn 0.609231 -0.598682 0.520016
vn 0.518346 -0.509040 0.687165
vn 0.680868 -0.432827 0.590830
vn 0.605171 -0.400362 0.688098
vn 0.567614 -0.318985 0.758988
vn 0.583887 -0.148049 0.798222
vn 0.585918 0.063093 0.807911
vn 0.666640 0.410468 0.622179
vn 0.629819 0.312734 0.711003
vn 0.579263 0.237431 0.779795
vn 0.674075 -0.536696 0.507524
vn 0.780115 -0.463773 0.419923
vn 0.768260 -0.407138 0.493980
vn 0.714014 -0.312585 0.626478
vn 0.800072 -0.286600 0.527015
vn 0.728868 -0.180753 0.660363
vn 0.723246 0.057551 0.688188
vn 0.758345 0.313263 0.571645
vn 0.703674 0.236996 0.669833
vn 0.846681 -0.348078 0.402459
vn 0.901596 -0.169459 0.398006
vn 0.878033 -0.170655 0.447141
vn 0.834013 -0.108749 0.540921
vn 0.845410 0.064162 0.530250
vn 0.855421 0.280975 0.435096
vn 0.802269 0.211693 0.558167
vn 0.137588 -0.148004 -0.979369
vn 0.145630 -0.034209 -0.988748
vn 0.142695 0.087454 -0.985895
vn 0.137428 0.207362 -0.968563
vn 0.143115 0.331056 -0.932695
vn 0.235629 0.422270 -0.875310
vn 0.153201 0.501140 -0.851697
vn 0.144748 0.596739 -0.789272
vn 0.143227 0.665948 -0.732120
vn 0.144746 0.755135 -0.639390
vn 0.207971 -0.137215 -0.968463
vn 0.246726 -0.025707 -0.968744
vn 0.219345 0.086493 -0.971806
vn 0.210552 0.194458 -0.958047
vn 0.273335 0.312545 -0.909727
vn 0.256589 0.498768 -0.827884
vn 0.264423 0.578664 -0.771511
vn 0.228600 0.657154 -0.718255
vn 0.259285 0.715836 -0.648344
vn 0.276692 -0.117363 -0.953765
vn 0.308491 0.102177 -0.945724
vn 0.422446 0.141639 -0.895253
vn 0.314238 0.213162 -0.925104
vn 0.420683 0.246012 -0.873215
vn 0.360136 0.375116 -0.854160
vn 0.376603 0.481854 -0.791193
vn 0.382191 0.561315 -0.734068
vn 0.365973 0.646272 -0.669624
vn 0.356981 -0.077281 -0.930909
vn 0.359342 -0.043106 -0.932210
vn 0.388112 0.028828 -0.921161
vn 0.479679 0.075825 -0.874162
vn 0.468976 0.382937 -0.795877
vn 0.494940 0.505186 -0.706980
vn 0.369414 0.092222 -0.924677
vn 0.481281 0.182754 -0.857304
vn 0.519429 0.142781 -0.842500
vn 0.609009 0.188458 -0.770449
vn 0.538774 0.243584 -0.806467
vn 0.523852 0.320543 -0.789197
vn 0.593982 0.400784 -0.697537
vn 0.318631 0.201989 -0.926107
vn 0.377919 0.293934 -0.877941
vn 0.521222 0.261924 -0.812234
vn 0.636694 0.298557 -0.710974
vn 0.313005 0.468670 -0.826061
vn 0.470950 0.394581 -0.788994
vn 0.119190 0.532056 -0.838278
vn 0.258174 0.806125 -0.532455
vn 0.378589 0.736757 -0.560232
vn 0.352137 0.800059 -0.485700
vn 0.471800 0.585862 -0.658916
vn 0.493366 0.648805 -0.579347
vn 0.488502 0.704963 -0.514192
vn 0.475418 0.758845 -0.445120
vn 0.480759 0.819358 -0.312288
vn 0.504650 0.829234 0.240206
vn 0.606830 0.521187 -0.600101
vn 0.608497 0.587833 -0.533088
vn 0.597298 0.653954 -0.464305
vn 0.584919 0.730255 -0.352983
vn 0.562374 0.800393 -0.207621
vn 0.611713 0.786943 -0.080796
vn 0.539090 0.841639 0.032028
vn 0.610514 0.780419 0.134974
vn 0.616764 0.306524 -0.725014
vn 0.730334 0.456014 -0.508590
vn 0.703088 0.530421 -0.473625
vn 0.735666 0.560381 -0.380486
vn 0.700366 0.633383 -0.329109
vn 0.654367 0.729166 -0.200304
vn 0.702654 0.706024 -0.088363
vn 0.677826 0.734431 0.034099
vn 0.685862 0.706793 0.173311
vn 0.625165 0.725658 -0.287383
vn 0.605827 0.758275 0.240817
vn 0.500300 0.486457 -0.716282
vn 0.685008 0.350868 -0.638480
vn 0.679799 0.433960 -0.591229
vn 0.698520 0.388827 -0.600735
vn 0.747743 0.416757 -0.516908
vn 0.743912 0.532153 -0.404238
vn 0.754867 0.596714 -0.272228
vn 0.765164 0.613141 0.196424
vn 0.754885 0.615197 -0.227335
vn 0.759206 0.643969 -0.094394
vn 0.759457 0.649575 0.035753
vn 0.769939 0.606281 0.199041
vn 0.741950 0.653750 0.148729
vn 0.199057 0.672005 -0.713292
vn 0.318630 0.719063 -0.617595
vn 0.341497 0.709053 -0.616947
vn 0.582904 0.518314 -0.625758
vn 0.467180 0.589987 -0.658528
vn 0.622031 0.576676 -0.529643
vn 0.615743 0.700510 -0.360757
vn 0.600153 0.787410 -0.140717
vn 0.456198 0.885088 0.092210
vn 0.743300 0.657538 -0.123076
vn 0.731100 0.682185 0.010747
vn 0.687046 0.715625 0.125893
vn 0.154886 0.841739 -0.517191
vn 0.139072 0.903784 -0.404763
vn 0.139962 0.936495 0.321539
vn 0.161065 0.946912 -0.278239
vn 0.120263 0.979080 -0.164132
vn 0.155596 0.985512 -0.067499
vn 0.160570 0.986509 0.031902
vn 0.117185 0.985214 0.124987
vn 0.166040 0.957515 0.235788
vn 0.247963 0.871583 -0.422916
vn 0.252673 0.906864 -0.337274
vn 0.328887 0.918653 -0.218883
vn 0.269759 0.930703 0.247028
vn 0.260490 0.950610 -0.168778
vn 0.208687 0.969529 0.128309
vn 0.360522 0.838553 -0.408477
vn 0.373230 0.870196 -0.321649
vn 0.403103 0.911665 -0.079843
vn 0.410753 0.911055 0.035505
vn 0.313692 0.940573 0.130077
vn 0.348765 0.892299 0.286646
vn 0.300068 0.951734 -0.064512
vn 0.295181 0.955184 0.022175
vn 0.469355 0.863333 -0.185368
vn 0.468061 0.871872 0.144074
vn 0.406873 0.875059 0.262157
vn 0.503411 0.861051 -0.071897
vn -0.098358 0.511777 -0.853469
vn -0.421140 0.276864 -0.863706
vn -0.342624 0.413166 -0.843743
vn -0.427257 0.424647 -0.798202
vn -0.421548 0.556928 -0.715632
vn -0.361436 0.182952 -0.914272
vn -0.401967 0.283851 -0.870546
vn -0.353976 0.480342 -0.802479
vn -0.318498 0.653260 -0.686885
vn -0.217870 0.222287 -0.950327
vn -0.222492 0.401221 -0.888549
vn -0.249353 0.522063 -0.815643
vn -0.203573 0.654265 -0.728351
vn -0.196742 0.753553 -0.627256
vn -0.173857 0.841626 -0.511312
vn -0.078641 0.194140 -0.977817
vn -0.075665 0.411460 -0.908282
vn -0.090863 0.577055 -0.811635
vn -0.090135 0.679771 -0.727865
vn -0.083864 0.763384 -0.640477
vn -0.066903 0.835766 -0.544995
vn 0.026990 0.192070 -0.981010
vn 0.081071 0.417382 -0.905108
vn 0.033838 0.583847 -0.811158
vn 0.036748 0.681349 -0.731035
vn 0.033898 0.765441 -0.642612
vn 0.032449 0.838827 -0.543430
vn 0.168813 0.231452 -0.958088
vn 0.267761 0.384138 -0.883596
vn 0.195926 0.523485 -0.829202
vn 0.193642 0.661419 -0.724588
vn 0.139185 0.755615 -0.640057
vn 0.161451 0.822786 -0.544937
vn -0.118965 0.722505 -0.681053
vn -0.118088 0.815454 -0.566648
vn 0.000162 0.784452 -0.620189
vn -0.338161 0.793864 -0.505397
vn 0.073931 0.801678 -0.593167
vn 0.096667 0.849391 -0.518835
vn 0.426151 0.718004 -0.550332
vn 0.282348 0.861111 -0.422809
vn 0.315587 0.932435 -0.175985
vn 0.293097 0.955733 -0.025858
vn 0.150910 0.988535 -0.005048
vn 0.590418 0.805501 0.050733
vn -0.353168 0.577978 -0.735673
vn -0.381839 0.667759 -0.638981
vn -0.355416 0.752082 -0.555025
vn -0.285259 0.860914 -0.421252
vn -0.178514 0.868154 -0.463077
vn -0.336575 0.876941 -0.343064
vn -0.165634 0.925989 -0.339278
vn -0.063148 0.986000 -0.154323
vn -0.054934 0.997651 -0.040924
vn -0.122685 0.990400 -0.063684
vn -0.421240 0.663601 -0.618216
vn -0.405125 0.743448 -0.532127
vn -0.365946 0.830054 -0.420825
vn -0.299129 0.927396 -0.224630
vn -0.255412 0.959734 -0.116941
vn -0.292798 0.950123 -0.107407
vn -0.258739 0.958275 -0.121504
vn -0.257709 0.956790 -0.134685
vn -0.314024 0.943809 -0.103023
vn -0.358815 0.916292 -0.177935
vn -0.303320 0.783864 -0.541806
vn -0.300664 0.854856 -0.422873
vn -0.269136 0.913711 -0.304463
vn -0.231776 0.952930 -0.195459
vn -0.305211 0.920976 -0.242177
vn -0.185992 0.902680 -0.388040
vn -0.144498 0.947842 -0.284106
vn -0.147942 0.979774 -0.134745
vn -0.166506 0.974506 -0.150377
vn -0.182918 0.946090 -0.267311
vn -0.072733 0.901027 -0.427622
vn -0.056180 0.945745 -0.320016
vn -0.060411 0.980738 -0.185750
vn -0.063568 0.991486 -0.113640
vn -0.066631 0.984559 -0.161876
vn -0.064072 0.958342 -0.278343
vn 0.031354 0.899724 -0.435331
vn 0.043726 0.947754 -0.315991
vn 0.024371 0.982686 -0.183670
vn 0.025466 0.993011 -0.115242
vn 0.030485 0.986831 -0.158853
vn 0.048725 0.960926 -0.272483
vn 0.134986 0.883894 -0.447784
vn 0.150840 0.924958 -0.348855
vn 0.124666 0.963905 -0.235258
vn 0.107886 0.982962 -0.148817
vn 0.117095 0.987360 -0.106815
vn 0.135683 0.979405 -0.149521
vn 0.156588 0.952263 -0.262061
vn 0.299074 0.170054 -0.938955
vn 0.360837 0.276354 -0.890744
vn 0.318060 0.519212 -0.793257
vn 0.393136 0.599962 -0.696771
vn 0.293828 0.742334 -0.602167
vn 0.429051 0.227983 -0.874036
vn 0.418866 0.438748 -0.795016
vn 0.451641 0.655044 -0.605754
vn 0.557638 0.215462 -0.801633
vn 0.694688 0.221588 -0.684330
vn 0.530506 0.399687 -0.747539
vn 0.582134 0.497547 -0.643091
vn 0.634762 0.370345 -0.678175
vn 0.277781 0.847092 -0.453070
vn 0.246646 0.905125 -0.346287
vn 0.206512 0.950772 -0.231053
vn 0.191748 0.969952 -0.149752
vn 0.209414 0.973627 -0.090536
vn 0.240496 0.962723 -0.123798
vn 0.277092 0.936166 -0.216365
vn 0.408004 0.777513 -0.478546
vn 0.393861 0.846336 -0.358593
vn 0.317554 0.917760 -0.238487
vn 0.431172 0.885199 -0.174679
vn 0.392986 0.915775 -0.083172
vn 0.424640 0.903028 -0.064964
vn 0.405593 0.899861 -0.160449
vn 0.297899 0.946139 -0.126797
vn 0.328758 0.939021 -0.100789
vn 0.534068 0.666437 -0.520224
vn 0.527689 0.760196 -0.379008
vn 0.466143 0.840774 -0.275335
vn 0.475562 0.874021 -0.099638
vn 0.494349 0.868516 -0.036027
vn 0.534415 0.840691 -0.087408
vn 0.808449 0.206911 -0.550998
vn 0.683626 0.470533 -0.557902
vn 0.712969 0.576820 -0.398691
vn 0.621252 0.636897 -0.456518
vn 0.639532 0.704716 -0.307205
vn 0.644971 0.741080 -0.186585
vn 0.648041 0.754013 -0.107270
vn 0.663692 0.747936 -0.010246
vn 0.708625 0.705574 0.003910
vn 0.552221 0.807589 -0.207005
vn 0.559248 0.826144 -0.068761
vn 0.623126 0.781104 -0.039876
vn 0.875637 0.218548 -0.430693
vn 0.888498 0.264344 -0.375091
vn 0.899111 0.382971 -0.211975
vn 0.913085 0.402593 0.064770
vn 0.753250 0.374069 -0.541005
vn 0.803956 0.418249 -0.422756
vn 0.805958 0.488916 -0.333756
vn 0.832116 0.502129 -0.235477
vn 0.825422 0.552774 -0.114537
vn 0.829961 0.557733 -0.009942
vn 0.831813 0.552907 0.048800
vn 0.880331 0.472464 0.042370
vn 0.738161 0.634148 -0.230164
vn 0.741821 0.661598 -0.109492
vn 0.744532 0.667377 -0.016744
vn 0.767565 0.639171 0.048004
vn 0.927051 0.166082 -0.336144
vn 0.954036 0.215435 -0.208331
vn 0.974306 0.198358 -0.106683
vn 0.975305 0.218545 -0.031908
vn 0.968106 0.248923 0.028433
vn 0.949364 0.309160 0.055923
vn 0.914951 0.398644 -0.062828
vn 0.911287 0.408420 0.052433
vn 0.126100 0.902779 0.411203
vn 0.136798 0.927400 0.348159
vn 0.121445 0.960485 0.250438
vn 0.108585 0.982976 0.148211
vn 0.110303 0.976762 0.183766
vn 0.123546 0.947000 0.296526
vn 0.211299 0.919333 0.331934
vn 0.217635 0.920728 0.323873
vn 0.203056 0.952802 0.225694
vn 0.186037 0.972863 0.137578
vn 0.168493 0.975804 0.139345
vn 0.209340 0.951797 0.224184
vn 0.335380 0.923086 0.188234
vn 0.298209 0.915316 0.270680
vn 0.286580 0.889228 0.356575
vn 0.312885 0.899417 0.305210
vn 0.292171 0.935528 0.198553
vn 0.297444 0.949360 0.101209
vn 0.246831 0.957964 0.146220
vn 0.419308 0.792624 0.442638
vn 0.494158 0.850043 0.182302
vn 0.391242 0.909406 0.141102
vn 0.417922 0.903712 0.092984
vn 0.421053 0.863926 0.276307
vn 0.382130 0.852574 0.356501
vn 0.424093 0.865997 0.264941
vn 0.321166 0.941165 0.105173
vn 0.498785 0.779682 0.378562
vn 0.531819 0.804220 0.265328
vn 0.467772 0.879048 0.091998
vn 0.423985 0.890812 0.163372
vn 0.668240 0.637791 0.382985
vn 0.648687 0.611740 0.452747
vn 0.727999 0.665464 0.164848
vn 0.665368 0.741596 0.085562
vn 0.620427 0.783904 0.023770
vn 0.550688 0.829804 0.090373
vn 0.600073 0.777513 0.188109
vn 0.581425 0.750535 0.314074
vn 0.580910 0.670027 0.462177
vn 0.646985 0.728419 0.225424
vn 0.594217 0.792506 0.137258
vn 0.541722 0.838238 0.062408
vn 0.510315 0.835130 0.205270
vn 0.278833 0.485210 0.828748
vn 0.497218 0.381433 0.779284
vn 0.652828 0.752387 0.087921
vn 0.600281 0.799764 -0.006317
vn 0.623040 0.632442 0.460260
vn 0.647002 0.468089 0.601898
vn 0.707888 0.689934 0.151280
vn 0.685883 0.726832 -0.035777
vn 0.657457 0.753370 0.013538
vn 0.654173 0.749649 0.100416
vn 0.658058 0.721965 0.213838
vn 0.700646 0.511254 0.497710
vn 0.729709 0.682765 0.036833
vn 0.716229 0.638390 0.281912
vn -0.131232 0.578197 0.805274
vn -0.079668 0.529031 0.844854
vn 0.252921 0.820813 0.512149
vn 0.277582 0.818264 0.503380
vn 0.178650 0.643682 0.744149
vn 0.395572 0.916159 0.064618
vn 0.315491 0.946955 -0.061162
vn 0.286793 0.955924 -0.062920
vn 0.312395 0.949294 0.035364
vn 0.317916 0.934565 0.159742
vn 0.361310 0.841780 0.401076
vn 0.542477 0.591352 0.596676
vn 0.597689 0.801683 -0.008490
vn 0.616454 0.777823 0.122380
vn 0.632938 0.728534 0.261969
vn 0.655201 0.662704 0.362677
vn 0.127200 -0.410398 0.902991
vn 0.141493 -0.219035 0.965403
vn 0.177981 -0.015114 0.983918
vn 0.142157 0.190387 0.971362
vn 0.153995 0.572838 0.805073
vn 0.179413 0.401187 0.898254
vn 0.144900 0.772662 0.618059
vn 0.155740 0.684289 0.712386
vn 0.134136 0.841868 0.522748
vn 0.200370 -0.386915 0.900083
vn 0.232557 -0.220518 0.947253
vn 0.334502 0.365809 0.868500
vn 0.254887 0.221457 0.941270
vn 0.271431 0.511053 0.815567
vn 0.221118 0.753754 0.618839
vn 0.260209 0.654285 0.710072
vn 0.205429 0.877234 0.433888
vn 0.233206 0.815283 0.530026
vn 0.291904 -0.348647 0.890639
vn 0.342232 -0.196727 0.918790
vn 0.349585 -0.014804 0.936788
vn 0.444880 0.271468 0.853456
vn 0.362214 0.155024 0.919113
vn 0.372802 0.609325 0.699815
vn 0.353727 0.514254 0.781294
vn 0.379921 0.768159 0.515356
vn 0.328115 0.711265 0.621645
vn 0.303288 0.838532 0.452638
vn 0.338886 -0.228176 0.912739
vn 0.404737 -0.225285 0.886248
vn 0.414703 -0.222064 0.882445
vn 0.531754 0.370965 0.761330
vn 0.461626 0.530834 0.710715
vn 0.410832 0.444487 0.796020
vn 0.446956 0.657868 0.606168
vn 0.377224 -0.097270 0.921000
vn 0.492716 -0.118244 0.862119
vn 0.620232 0.046156 0.783059
vn 0.536121 0.001624 0.844139
vn 0.625572 0.267652 0.732818
vn 0.541679 0.174354 0.822305
vn 0.554411 0.529660 0.641942
vn 0.511653 0.683855 0.520148
vn 0.385056 0.190322 0.903055
vn 0.406553 0.031092 0.913098
vn 0.528744 0.019242 0.848563
vn 0.639229 0.149518 0.754341
vn 0.654947 0.485996 0.578664
vn 0.629727 0.395046 0.668866
vn 0.223296 0.406653 0.885874
vn 0.551540 0.230169 0.801764
vn 0.676901 0.327156 0.659374
vn -0.264754 0.561320 0.784108
vn -0.516412 0.613867 0.597064
vn 0.244707 0.905592 0.346442
vn -0.356203 0.834309 0.420771
vn -0.174620 0.852562 0.492592
vn -0.244229 0.858903 0.450153
vn -0.380270 0.714581 0.587170
vn 0.080088 0.996049 -0.038374
vn 0.005371 0.996627 -0.081885
vn -0.104864 0.990924 -0.084097
vn -0.133980 0.990834 0.017220
vn -0.170537 0.972705 0.157362
vn -0.275737 0.890150 0.362770
vn -0.519580 0.737316 0.431743
vn -0.432703 0.886352 -0.164766
vn -0.430338 0.902453 -0.019716
vn -0.462144 0.879567 0.113065
vn -0.489699 0.844163 0.218138
vn -0.559003 0.654353 0.509252
vn -0.244688 0.959095 -0.142353
vn -0.306321 0.934492 -0.181360
vn -0.538532 0.777828 0.323986
vn -0.431989 0.875105 -0.218123
vn -0.527744 0.846435 -0.070945
vn -0.538011 0.837695 0.093872
vn -0.509865 0.756952 0.408730
vn -0.513443 0.858021 0.013292
vn -0.344247 0.922059 -0.176922
vn -0.492485 0.727172 0.478205
vn -0.407767 0.878428 -0.249179
vn -0.415498 0.875168 -0.247875
vn -0.438226 0.882262 -0.171966
vn -0.457293 0.885652 -0.080638
vn -0.516914 0.836148 0.183456
vn -0.464107 0.826464 0.318688
vn -0.437822 0.896139 0.072426
vn -0.434882 0.875995 0.208590
vn -0.349075 0.827715 0.439357
vn -0.317290 0.907153 -0.276406
vn -0.347435 0.921889 -0.171494
vn -0.338554 0.939279 -0.056008
vn -0.331071 0.941720 0.059637
vn -0.346390 0.921153 0.177460
vn -0.341760 0.882957 0.321848
vn -0.232893 0.931228 -0.280312
vn -0.259884 0.946272 -0.192431
vn -0.233941 0.950026 0.206691
vn -0.234666 0.925892 0.296066
vn -0.210278 0.901056 0.379318
vn -0.196033 0.977127 -0.082422
vn -0.195340 0.977408 0.080724
vn -0.096887 0.961367 -0.257657
vn -0.079424 0.958324 0.274419
vn -0.083276 0.921354 0.379700
vn -0.087455 0.985803 -0.143329
vn -0.054181 0.997951 -0.034035
vn -0.054338 0.997885 0.035684
vn -0.074423 0.987268 0.140579
vn 0.052967 0.963728 -0.261579
vn 0.143426 0.974332 -0.173512
vn 0.064319 0.961261 0.268029
vn 0.057826 0.887701 0.456775
vn 0.041863 0.990850 -0.128311
vn 0.041869 0.998362 -0.039000
vn 0.037290 0.998611 0.037232
vn 0.056867 0.988372 0.141020
vn 0.190774 0.927744 -0.320774
vn 0.214663 0.839089 0.499849
vn 0.200837 0.935176 -0.291736
vn 0.243359 0.952276 -0.184248
vn 0.232840 0.952811 0.194775
vn 0.200836 0.929623 0.308976
vn 0.190787 0.907403 0.374461
vn 0.144054 0.988271 -0.050686
vn 0.142018 0.985422 0.093668
vn -0.489055 0.543424 0.682287
vn -0.585853 0.527434 0.615297
vn -0.582506 0.493306 0.646015
vn -0.565477 0.573694 0.592546
vn -0.550104 0.618983 0.560576
vn -0.534319 0.561690 0.631671
vn -0.468507 0.535060 0.703002
vn -0.385068 0.477685 0.789646
vn -0.455414 0.598347 0.659226
vn -0.477563 0.623733 0.618782
vn -0.508125 0.673913 0.536331
vn -0.343842 0.594494 0.726877
vn -0.352467 0.618732 0.702095
vn -0.372837 0.664549 0.647585
vn -0.383721 0.744034 0.546966
vn -0.300076 0.645753 0.702109
vn -0.302247 0.738081 0.603227
vn -0.252853 0.564188 0.785975
vn -0.205676 0.640887 0.739568
vn -0.150140 0.630405 0.761609
vn -0.207151 0.656106 0.725681
vn -0.213117 0.741845 0.635804
vn -0.202863 0.843839 0.496772
vn -0.080518 0.592420 0.801595
vn -0.005548 0.463487 0.886087
vn -0.061094 0.650338 0.757184
vn -0.077672 0.691598 0.718094
vn -0.076140 0.784031 0.616034
vn -0.069161 0.871125 0.486167
vn 0.081009 0.559657 0.824756
vn 0.052639 0.637312 0.768806
vn 0.045838 0.644820 0.762959
vn 0.051734 0.694132 0.717986
vn 0.050405 0.789382 0.611829
vn 0.229162 0.572380 0.787315
vn 0.201385 0.633344 0.747208
vn 0.123190 0.633541 0.763839
vn 0.171617 0.633845 0.754181
vn 0.184616 0.749989 0.635164
vn 0.180714 0.663222 0.726277
vn 0.132980 0.865700 0.482576
vn 0.313193 0.901891 -0.297495
vn 0.324574 0.854565 0.405426
vn 0.316266 0.906374 -0.280112
vn 0.339072 0.922175 -0.186074
vn 0.290760 0.955437 -0.050972
vn 0.289119 0.955759 0.054176
vn 0.340314 0.920921 0.189977
vn 0.307969 0.910341 0.276469
vn 0.455008 0.857768 -0.239168
vn 0.501512 0.701611 0.506190
vn 0.512421 0.829982 -0.220352
vn 0.516744 0.813774 0.265984
vn 0.478903 0.775708 0.411009
vn 0.406511 0.874588 -0.264281
vn 0.435685 0.884465 -0.167034
vn 0.427017 0.902538 -0.055523
vn 0.425232 0.903308 0.056675
vn 0.437931 0.881359 0.177263
vn 0.412347 0.854045 0.317140
vn 0.665877 0.563588 0.488852
vn 0.564913 0.806486 -0.174509
vn 0.598870 0.768741 -0.224480
vn 0.624112 0.718855 0.306156
vn 0.624016 0.655938 0.424675
vn 0.599092 0.785391 -0.155722
vn 0.634637 0.771532 -0.044443
vn 0.634924 0.770843 0.051700
vn 0.600013 0.781636 0.170379
vn 0.561815 0.734193 0.381215
vn 0.534596 0.841494 -0.078076
vn 0.528991 0.844396 0.084640
vn 0.740315 0.670395 -0.050050
vn 0.775485 0.618655 -0.126049
vn 0.793481 0.597566 -0.115340
vn 0.791557 0.552848 0.260379
vn 0.748816 0.539730 0.384663
vn 0.678430 0.722339 -0.134015
vn 0.719805 0.692574 -0.047139
vn 0.722411 0.689190 0.056038
vn 0.762977 0.622419 0.174529
vn 0.710284 0.623247 0.327201
vn 0.681356 0.715831 -0.152775
vn 0.682962 0.704467 0.193104
vn 0.950943 0.309269 0.007769
vn 0.958963 0.279814 -0.045753
vn 0.914163 0.328528 0.237433
vn 0.873553 0.350980 0.337223
vn 0.899976 0.433803 -0.043107
vn 0.890561 0.453142 -0.039528
vn 0.891388 0.449832 0.055487
vn 0.900522 0.398663 0.173574
vn 0.854304 0.442556 0.272596
vn 0.827767 0.444775 0.342019
vn 0.819234 0.573340 -0.011705
vn 0.847880 0.523234 -0.085589
vn 0.855220 0.488560 0.172937
vn 0.823354 0.566385 -0.036008
vn 0.819577 0.566747 0.084210
vn 0.975032 0.220852 0.023159
vn 0.958981 0.242896 0.146136
vn 0.942969 0.331119 -0.034190
vn 0.940208 0.330342 0.082965
vn 0.332735 0.592641 0.733528
vn 0.375374 0.476970 0.794729
vn 0.419266 0.608541 0.673717
vn 0.308720 0.644817 0.699216
vn 0.362984 0.748831 0.554522
vn 0.339682 0.680469 0.649290
vn 0.275161 0.733601 0.621383
vn 0.485595 0.560755 0.670635
vn 0.453565 0.530123 0.716414
vn 0.485846 0.617731 0.618355
vn 0.427258 0.764433 0.482797
vn 0.627016 0.516029 0.583579
vn 0.597120 0.494291 0.631763
vn 0.568615 0.609199 0.552769
vn 0.797360 0.434584 0.418754
vn 0.730212 0.441621 0.521307
vn 0.732899 0.497028 0.464566
vn 0.827319 0.371267 0.421550
f 8/8/8 5/5/5 6/6/6
f 9/9/9 7/7/7 8/8/8
f 5/5/5 14/14/14 15/15/15
f 16/16/16 4/4/4 6/6/6
f 18/18/18 14/14/14 5/5/5
f 18/18/18 5/5/5 8/8/8
f 19/19/19 17/17/17 18/18/18
f 21/21/21 13/13/13 23/23/23
f 24/24/24 22/22/22 23/23/23
f 32/32/32 30/30/30 31/31/31
f 34/34/34 22/22/22 24/24/24
f 26/26/26 25/25/25 35/35/35
f 39/39/39 28/28/28 20/20/20
f 49/49/49 43/43/43 44/44/44
f 58/58/58 54/54/54 59/59/59
f 63/63/63 1/1/1 55/55/55
f 65/65/65 57/57/57 58/58/58
f 44/44/44 73/73/73 74/74/74
f 3/3/3 2/2/2 70/70/70
f 82/82/82 53/53/53 87/87/87
f 83/83/83 84/84/84 88/88/88
f 54/54/54 83/83/83 88/88/88
f 90/90/90 86/86/86 87/87/87
f 88/88/88 85/85/85 91/91/91
f 92/92/92 89/89/89 93/93/93
f 81/81/81 80/80/80 99/99/99
f 97/97/97 98/98/98 102/102/102
f 102/102/102 110/110/110 89/89/89
f 89/89/89 110/110/110 103/103/103
f 107/107/107 94/94/94 106/106/106
f 95/95/95 94/94/94 107/107/107
f 96/96/96 105/105/105 108/108/108
f 97/97/97 96/96/96 108/108/108
f 106/106/106 94/94/94 99/99/99
f 110/110/110 109/109/109 111/111/111
f 114/114/114 104/104/104 113/113/113
f 105/105/105 115/115/115 116/116/116
f 119/119/119 29/29/29 113/113/113
f 109/109/109 121/121/121 122/122/122
f 127/127/127 123/123/123 126/126/126
f 124/124/124 128/128/128 129/129/129
f 127/127/127 126/126/126 132/132/132
f 129/129/129 128/128/128 133/133/133
f 133/133/133 128/128/128 136/136/136
f 136/136/136 138/138/138 139/139/139
f 148/148/148 33/33/33 35/35/35
f 149/149/149 147/147/147 148/148/148
f 144/144/144 143/143/143 155/155/155
f 154/154/154 142/142/142 146/146/146
f 157/157/157 145/145/145 33/33/33
f 158/158/158 147/147/147 149/149/149
f 162/162/162 152/152/152 155/155/155
f 163/163/163 145/145/145 157/157/157
f 165/165/165 156/156/156 147/147/147
f 166/166/166 159/159/159 167/167/167
f 166/166/166 158/158/158 159/159/159
f 168/168/168 177/177/177 167/167/167
f 170/170/170 169/169/169 178/178/178
f 171/171/171 179/179/179 180/180/180
f 172/172/172 174/174/174 183/183/183
f 189/189/189 187/187/187 188/188/188
f 180/180/180 179/179/179 191/191/191
f 181/181/181 190/190/190 178/178/178
f 182/182/182 192/192/192 193/193/193
f 185/185/185 195/195/195 183/183/183
f 189/189/189 199/199/199 187/187/187
f 194/194/194 200/200/200 191/191/191
f 196/196/196 202/202/202 193/193/193
f 185/185/185 197/197/197 204/204/204
f 204/204/204 197/197/197 205/205/205
f 201/201/201 200/200/200 208/208/208
f 194/194/194 202/202/202 209/209/209
f 196/196/196 203/203/203 211/211/211
f 218/218/218 216/216/216 217/217/217
f 219/219/219 29/29/29 141/141/141
f 221/221/221 220/220/220 227/227/227
f 222/222/222 124/124/124 228/228/228
f 223/223/223 222/222/222 228/228/228
f 224/224/224 118/118/118 230/230/230
f 225/225/225 224/224/224 231/231/231
f 227/227/227 125/125/125 126/126/126
f 227/227/227 226/226/226 125/125/125
f 228/228/228 124/124/124 129/129/129
f 229/229/229 228/228/228 130/130/130
f 233/233/233 231/231/231 232/232/232
f 235/235/235 134/134/134 133/133/133
f 232/232/232 236/236/236 237/237/237
f 234/234/234 135/135/135 132/132/132
f 178/178/178 190/190/190 240/240/240
f 234/234/234 137/137/137 135/135/135
f 242/242/242 140/140/140 139/139/139
f 244/244/244 238/238/238 243/243/243
f 239/239/239 244/244/244 245/245/245
f 240/240/240 190/190/190 246/246/246
f 244/244/244 249/249/249 251/251/251
f 247/247/247 246/246/246 253/253/253
f 253/253/253 246/246/246 250/250/250
f 249/249/249 256/256/256 258/258/258
f 259/259/259 249/249/249 258/258/258
f 260/260/260 251/251/251 259/259/259
f 252/252/252 251/251/251 260/260/260
f 214/214/214 261/261/261 211/211/211
f 218/218/218 263/263/263 216/216/216
f 264/264/264 271/271/271 263/263/263
f 276/276/276 275/275/275 277/277/277
f 286/286/286 280/280/280 282/282/282
f 289/289/289 285/285/285 288/288/288
f 289/289/289 284/284/284 285/285/285
f 286/286/286 281/281/281 291/291/291
f 293/293/293 287/287/287 294/294/294
f 286/286/286 291/291/291 297/297/297
f 250/250/250 208/208/208 302/302/302
f 302/302/302 208/208/208 210/210/210
f 308/308/308 306/306/306 257/257/257
f 310/310/310 260/260/260 309/309/309
f 305/305/305 304/304/304 311/311/311
f 303/303/303 307/307/307 312/312/312
f 314/314/314 308/308/308 313/313/313
f 316/316/316 265/265/265 267/267/267
f 321/321/321 313/313/313 320/320/320
f 317/317/317 318/318/318 307/307/307
f 324/324/324 274/274/274 276/276/276
f 323/323/323 335/335/335 326/326/326
f 333/333/333 327/327/327 328/328/328
f 282/282/282 280/280/280 332/332/332
f 331/331/331 330/330/330 335/335/335
f 337/337/337 327/327/327 333/333/333
f 334/334/334 327/327/327 339/339/339
f 329/329/329 334/334/334 340/340/340
f 336/336/336 280/280/280 290/290/290
f 352/352/352 342/342/342 351/351/351
f 345/345/345 342/342/342 352/352/352
f 346/346/346 290/290/290 296/296/296
f 362/362/362 62/62/62 93/93/93
f 364/364/364 363/363/363 375/375/375
f 390/390/390 389/389/389 391/391/391
f 112/112/112 111/111/111 398/398/398
f 389/389/389 401/401/401 402/402/402
f 111/111/111 122/122/122 412/412/412
f 398/398/398 111/111/111 412/412/412
f 398/398/398 412/412/412 413/413/413
f 399/399/399 398/398/398 413/413/413
f 400/400/400 414/414/414 415/415/415
f 401/401/401 400/400/400 415/415/415
f 401/401/401 415/415/415 416/416/416
f 402/402/402 401/401/401 416/416/416
f 411/411/411 418/418/418 410/410/410
f 225/225/225 419/419/419 420/420/420
f 413/413/413 412/412/412 420/420/420
f 414/414/414 413/413/413 421/421/421
f 403/403/403 416/416/416 422/422/422
f 417/417/417 403/403/403 422/422/422
f 406/406/406 417/417/417 424/424/424
f 415/415/415 421/421/421 432/432/432
f 416/416/416 415/415/415 432/432/432
f 416/416/416 432/432/432 433/433/433
f 422/422/422 416/416/416 433/433/433
f 429/429/429 436/436/436 428/428/428
f 430/430/430 437/437/437 438/438/438
f 431/431/431 430/430/430 438/438/438
f 421/421/421 431/431/431 440/440/440
f 423/423/423 433/433/433 442/442/442
f 434/434/434 423/423/423 442/442/442
f 425/425/425 434/434/434 444/444/444
f 233/233/233 237/237/237 447/447/447
f 432/432/432 441/441/441 450/450/450
f 433/433/433 432/432/432 450/450/450
f 442/442/442 433/433/433 452/452/452
f 457/457/457 447/447/447 456/456/456
f 448/448/448 447/447/447 457/457/457
f 439/439/439 448/448/448 458/458/458
f 450/450/450 441/441/441 460/460/460
f 443/443/443 452/452/452 461/461/461
f 456/456/456 239/239/239 245/245/245
f 450/450/450 460/460/460 467/467/467
f 252/252/252 245/245/245 251/251/251
f 465/465/465 464/464/464 252/252/252
f 461/461/461 469/469/469 471/471/471
f 472/472/472 252/252/252 260/260/260
f 466/466/466 473/473/473 474/474/474
f 467/467/467 460/460/460 476/476/476
f 480/480/480 463/463/463 455/455/455
f 478/478/478 462/462/462 482/482/482
f 493/493/493 310/310/310 315/315/315
f 491/491/491 310/310/310 493/493/493
f 474/474/474 473/473/473 494/494/494
f 470/470/470 477/477/477 495/495/495
f 493/493/493 315/315/315 323/323/323
f 491/491/491 493/493/493 500/500/500
f 475/475/475 498/498/498 501/501/501
f 499/499/499 475/475/475 501/501/501
f 477/477/477 499/499/499 503/503/503
f 491/491/491 500/500/500 504/504/504
f 495/495/495 503/503/503 505/505/505
f 500/500/500 506/506/506 504/504/504
f 497/497/497 494/494/494 507/507/507
f 501/501/501 498/498/498 508/508/508
f 505/505/505 503/503/503 510/510/510
f 501/501/501 508/508/508 511/511/511
f 490/490/490 515/515/515 517/517/517
f 514/514/514 485/485/485 518/518/518
f 488/488/488 514/514/514 519/519/519
f 515/515/515 488/488/488 519/519/519
f 519/519/519 514/514/514 522/522/522
f 518/518/518 496/496/496 527/527/527
f 529/529/529 528/528/528 534/534/534
f 535/535/535 534/534/534 539/539/539
f 542/542/542 539/539/539 541/541/541
f 12/12/12 3/3/3 544/544/544
f 556/556/556 563/563/563 555/555/555
f 565/565/565 564/564/564 566/566/566
f 565/565/565 572/572/572 564/564/564
f 573/573/573 565/565/565 566/566/566
f 567/567/567 573/573/573 566/566/566
f 574/574/574 567/567/567 568/568/568
f 579/579/579 49/49/49 580/580/580
f 586/586/586 583/583/583 584/584/584
f 76/76/76 77/77/77 587/587/587
f 580/580/580 76/76/76 587/587/587
f 546/546/546 544/544/544 590/590/590
f 591/591/591 581/581/581 582/582/582
f 595/595/595 591/591/591 596/596/596
f 600/600/600 593/593/593 594/594/594
f 605/605/605 599/599/599 600/600/600
f 617/617/617 610/610/610 611/611/611
f 617/617/617 611/611/611 612/612/612
f 633/633/633 629/629/629 627/627/627
f 628/628/628 637/637/637 632/632/632
f 633/633/633 638/638/638 629/629/629
f 632/632/632 637/637/637 641/641/641
f 642/642/642 637/637/637 638/638/638
f 647/647/647 573/573/573 648/648/648
f 657/657/657 647/647/647 648/648/648
f 661/661/661 653/653/653 654/654/654
f 655/655/655 661/661/661 654/654/654
f 662/662/662 655/655/655 656/656/656
f 657/657/657 662/662/662 656/656/656
f 667/667/667 168/168/168 660/660/660
f 674/674/674 665/665/665 666/666/666
f 675/675/675 189/189/189 188/188/188
f 684/684/684 189/189/189 675/675/675
f 678/678/678 687/687/687 686/686/686
f 689/689/689 680/680/680 681/681/681
f 691/691/691 700/700/700 690/690/690
f 701/701/701 693/693/693 694/694/694
f 708/708/708 780/780/780 707/707/707
f 691/691/691 708/708/708 700/700/700
f 633/633/633 636/636/636 709/709/709
f 642/642/642 638/638/638 715/715/715
f 719/719/719 710/710/710 711/711/711
f 721/721/721 714/714/714 715/715/715
f 716/716/716 721/721/721 715/715/715
f 718/718/718 666/666/666 659/659/659
f 724/724/724 731/731/731 723/723/723
f 725/725/725 735/735/735 728/728/728
f 735/735/735 725/725/725 732/732/732
f 726/726/726 733/733/733 666/666/666
f 746/746/746 740/740/740 750/750/750
f 742/742/742 753/753/753 752/752/752
f 757/757/757 748/748/748 743/743/743
f 757/757/757 743/743/743 755/755/755
f 749/749/749 759/759/759 765/765/765
f 758/758/758 708/708/708 691/691/691
f 760/760/760 768/768/768 759/759/759
f 761/761/761 766/766/766 758/758/758
f 777/777/777 703/703/703 704/704/704
f 780/780/780 706/706/706 707/707/707
f 780/780/780 779/779/779 706/706/706
f 784/784/784 776/776/776 778/778/778
f 788/788/788 799/799/799 786/786/786
f 800/800/800 788/788/788 789/789/789
f 791/791/791 802/802/802 790/790/790
f 803/803/803 794/794/794 796/796/796
f 798/798/798 803/803/803 796/796/796
f 804/804/804 798/798/798 799/799/799
f 801/801/801 805/805/805 788/788/788
f 803/803/803 809/809/809 794/794/794
f 810/810/810 803/803/803 798/798/798
f 804/804/804 810/810/810 798/798/798
f 811/811/811 804/804/804 805/805/805
f 806/806/806 812/812/812 801/801/801
f 813/813/813 806/806/806 807/807/807
f 860/860/860 813/813/813 807/807/807
f 820/820/820 806/806/806 813/813/813
f 818/818/818 826/826/826 817/817/817
f 827/827/827 818/818/818 819/819/819
f 820/820/820 827/827/827 819/819/819
f 829/829/829 837/837/837 828/828/828
f 773/773/773 844/844/844 772/772/772
f 845/845/845 844/844/844 773/773/773
f 845/845/845 855/855/855 844/844/844
f 857/857/857 791/791/791 848/848/848
f 857/857/857 849/849/849 851/851/851
f 858/858/858 852/852/852 853/853/853
f 821/821/821 813/813/813 862/862/862
f 864/864/864 855/855/855 845/845/845
f 864/864/864 867/867/867 855/855/855
f 869/869/869 866/866/866 872/872/872
f 873/873/873 867/867/867 870/870/870
f 873/873/873 870/870/870 882/882/882
f 874/874/874 821/821/821 862/862/862
f 884/884/884 874/874/874 875/875/875
f 884/884/884 875/875/875 876/876/876
f 880/880/880 886/886/886 879/879/879
f 887/887/887 881/881/881 882/882/882
f 883/883/883 887/887/887 882/882/882
f 888/888/888 874/874/874 884/884/884
f 885/885/885 889/889/889 884/884/884
f 890/890/890 885/885/885 886/886/886
f 889/889/889 896/896/896 888/888/888
f 904/904/904 372/372/372 373/373/373
f 907/907/907 382/382/382 383/383/383
f 908/908/908 606/606/606 905/905/905
f 910/910/910 395/395/395 396/396/396
f 911/911/911 906/906/906 912/912/912
f 908/908/908 911/911/911 913/913/913
f 910/910/910 914/914/914 909/909/909
f 915/915/915 409/409/409 410/410/410
f 909/909/909 914/914/914 917/917/917
f 912/912/912 916/916/916 920/920/920
f 918/918/918 924/924/924 917/917/917
f 917/917/917 924/924/924 920/920/920
f 920/920/920 924/924/924 926/926/926
f 923/923/923 928/928/928 922/922/922
f 924/924/924 930/930/930 932/932/932
f 927/927/927 933/933/933 926/926/926
f 926/926/926 933/933/933 935/935/935
f 939/939/939 928/928/928 936/936/936
f 930/930/930 940/940/940 932/932/932
f 935/935/935 942/942/942 934/934/934
f 934/934/934 717/717/717 709/709/709
f 934/934/934 942/942/942 717/717/717
f 940/940/940 938/938/938 944/944/944
f 941/941/941 940/940/940 950/950/950
f 943/943/943 948/948/948 937/937/937
f 944/944/944 950/950/950 940/940/940
f 950/950/950 951/951/951 945/945/945
f 945/945/945 952/952/952 946/946/946
f 945/945/945 951/951/951 952/952/952
f 946/946/946 732/732/732 725/725/725
f 946/946/946 952/952/952 732/732/732
f 947/947/947 948/948/948 956/956/956
f 732/732/732 952/952/952 740/740/740
f 943/943/943 463/463/463 961/961/961
f 955/955/955 962/962/962 954/954/954
f 954/954/954 966/966/966 958/958/958
f 954/954/954 962/962/962 966/966/966
f 973/973/973 967/967/967 968/968/968
f 977/977/977 971/971/971 972/972/972
f 973/973/973 985/985/985 967/967/967
f 977/977/977 990/990/990 971/971/971
f 978/978/978 990/990/990 977/977/977
f 992/992/992 987/987/987 988/988/988
f 993/993/993 989/989/989 990/990/990
f 994/994/994 990/990/990 978/978/978
f 985/985/985 997/997/997 978/978/978
f 991/991/991 986/986/986 998/998/998
f 992/992/992 999/999/999 987/987/987
f 994/994/994 1001/1001/1001 993/993/993
f 1003/1003/1003 997/997/997 998/998/998
f 774/774/774 768/768/768 999/999/999
f 1005/1005/1005 1001/1001/1001 1002/1002/1002
f 1007/1007/1007 487/487/487 1009/1009/1009
f 1010/1010/1010 995/995/995 1009/1009/1009
f 1011/1011/1011 1010/1010/1010 1012/1012/1012
f 1008/1008/1008 1011/1011/1011 1013/1013/1013
f 992/992/992 1017/1017/1017 999/999/999
f 1003/1003/1003 1019/1019/1019 1002/1002/1002
f 1004/1004/1004 1018/1018/1018 1000/1000/1000
f 1005/1005/1005 1023/1023/1023 1004/1004/1004
f 846/846/846 774/774/774 1021/1021/1021
f 1025/1025/1025 1032/1032/1032 1024/1024/1024
f 1032/1032/1032 1034/1034/1034 1031/1031/1031
f 1028/1028/1028 1029/1029/1029 1038/1038/1038
f 1040/1040/1040 1034/1034/1034 1032/1032/1032
f 1041/1041/1041 1047/1047/1047 1040/1040/1040
f 1046/1046/1046 1051/1051/1051 1045/1045/1045
f 1048/1048/1048 1053/1053/1053 1041/1041/1041
f 1057/1057/1057 1046/1046/1046 1052/1052/1052
f 1053/1053/1053 1058/1058/1058 1052/1052/1052
f 1058/1058/1058 1063/1063/1063 1057/1057/1057
f 1068/1068/1068 516/516/516 517/517/517
f 1012/1012/1012 1010/1010/1010 1069/1069/1069
f 1014/1014/1014 1012/1012/1012 1072/1072/1072
f 1015/1015/1015 1013/1013/1013 1074/1074/1074
f 1073/1073/1073 1071/1071/1071 1081/1081/1081
f 1076/1076/1076 1027/1027/1027 1020/1020/1020
f 1084/1084/1084 1091/1091/1091 1083/1083/1083
f 1085/1085/1085 1092/1092/1092 1027/1027/1027
f 1093/1093/1093 1091/1091/1091 1084/1084/1084
f 1086/1086/1086 1036/1036/1036 1026/1026/1026
f 1093/1093/1093 1101/1101/1101 1085/1085/1085
f 1086/1086/1086 1092/1092/1092 1102/1102/1102
f 1100/1100/1100 1107/1107/1107 1099/1099/1099
f 1102/1102/1102 1049/1049/1049 1042/1042/1042
f 1103/1103/1103 1049/1049/1049 1102/1102/1102
f 1044/1044/1044 1050/1050/1050 1043/1043/1043
f 1142/1142/1142 296/296/296 286/286/286
f 300/300/300 299/299/299 1145/1145/1145
f 1142/1142/1142 297/297/297 1144/1144/1144
f 1151/1151/1151 1146/1146/1146 1147/1147/1147
f 1142/1142/1142 1144/1144/1144 1149/1149/1149
f 1157/1157/1157 1154/1154/1154 1155/1155/1155
f 1149/1149/1149 1153/1153/1153 1159/1159/1159
f 1162/1162/1162 1157/1157/1157 1158/1158/1158
f 1157/1157/1157 1164/1164/1164 1160/1160/1160
f 1165/1165/1165 1157/1157/1157 1162/1162/1162
f 1163/1163/1163 1165/1165/1165 1162/1162/1162
f 1161/1161/1161 1166/1166/1166 1159/1159/1159
f 346/346/346 296/296/296 1174/1174/1174
f 343/343/343 338/338/338 1176/1176/1176
f 352/352/352 1173/1173/1173 1177/1177/1177
f 352/352/352 1177/1177/1177 1178/1178/1178
f 1176/1176/1176 338/338/338 1178/1178/1178
f 1171/1171/1171 1170/1170/1170 1179/1179/1179
f 1177/1177/1177 1173/1173/1173 1181/1181/1181
f 1174/1174/1174 1148/1148/1148 1182/1182/1182
f 1181/1181/1181 1180/1180/1180 1186/1186/1186
f 1190/1190/1190 1182/1182/1182 1185/1185/1185
f 1161/1161/1161 1164/1164/1164 1195/1195/1195
f 1196/1196/1196 1168/1168/1168 1169/1169/1169
f 1205/1205/1205 1203/1203/1203 1204/1204/1204
f 1204/1204/1204 1203/1203/1203 1207/1207/1207
f 1210/1210/1210 1208/1208/1208 1209/1209/1209
f 1215/1215/1215 1207/1207/1207 1209/1209/1209
f 1180/1180/1180 1179/1179/1179 1239/1239/1239
f 1186/1186/1186 1180/1180/1180 1239/1239/1239
f 1241/1241/1241 1189/1189/1189 1240/1240/1240
f 1239/1239/1239 1179/1179/1179 1244/1244/1244
f 1190/1190/1190 1242/1242/1242 1182/1182/1182
f 1186/1186/1186 1239/1239/1239 1247/1247/1247
f 1248/1248/1248 1245/1245/1245 1246/1246/1246
f 1190/1190/1190 1249/1249/1249 1242/1242/1242
f 1253/1253/1253 1247/1247/1247 1252/1252/1252
f 1254/1254/1254 1245/1245/1245 1248/1248/1248
f 1256/1256/1256 1249/1249/1249 1258/1258/1258
f 1249/1249/1249 1256/1256/1256 1243/1243/1243
f 1264/1264/1264 1252/1252/1252 1263/1263/1263
f 1263/1263/1263 1252/1252/1252 1257/1257/1257
f 1267/1267/1267 1259/1259/1259 1262/1262/1262
f 1264/1264/1264 1263/1263/1263 1268/1268/1268
f 1269/1269/1269 1261/1261/1261 1265/1265/1265
f 1271/1271/1271 1255/1255/1255 1270/1270/1270
f 1263/1263/1263 1255/1255/1255 1271/1271/1271
f 1233/1233/1233 1232/1232/1232 1291/1291/1291
f 1294/1294/1294 1299/1299/1299 1291/1291/1291
f 1296/1296/1296 1300/1300/1300 1293/1293/1293
f 1304/1304/1304 1306/1306/1306 1302/1302/1302
f 1284/1284/1284 1308/1308/1308 1309/1309/1309
f 1285/1285/1285 1310/1310/1310 1308/1308/1308
f 1285/1285/1285 1308/1308/1308 1284/1284/1284
f 1289/1289/1289 1231/1231/1231 1314/1314/1314
f 1289/1289/1289 1314/1314/1314 1315/1315/1315
f 1312/1312/1312 1319/1319/1319 1320/1320/1320
f 1310/1310/1310 1318/1318/1318 1308/1308/1308
f 1315/1315/1315 1322/1322/1322 1319/1319/1319
f 1315/1315/1315 1319/1319/1319 1311/1311/1311
f 1316/1316/1316 1322/1322/1322 1314/1314/1314
f 1325/1325/1325 1322/1322/1322 1316/1316/1316
f 1324/1324/1324 1323/1323/1323 1330/1330/1330
f 1328/1328/1328 1326/1326/1326 1327/1327/1327
f 1316/1316/1316 1299/1299/1299 1331/1331/1331
f 1332/1332/1332 1338/1338/1338 1339/1339/1339
f 1340/1340/1340 1335/1335/1335 1339/1339/1339
f 1341/1341/1341 1336/1336/1336 1340/1340/1340
f 1343/1343/1343 1338/1338/1338 1342/1342/1342
f 1340/1340/1340 1346/1346/1346 1347/1347/1347
f 1343/1343/1343 1351/1351/1351 1352/1352/1352
f 1353/1353/1353 1346/1346/1346 1352/1352/1352
f 1360/1360/1360 1348/1348/1348 1354/1354/1354
f 1344/1344/1344 1350/1350/1350 1342/1342/1342
f 1359/1359/1359 1355/1355/1355 1358/1358/1358
f 1354/1354/1354 1361/1361/1361 1362/1362/1362
f 1365/1365/1365 1361/1361/1361 1364/1364/1364
f 1366/1366/1366 1362/1362/1362 1365/1365/1365
f 1367/1367/1367 1362/1362/1362 1366/1366/1366
f 1359/1359/1359 1363/1363/1363 1355/1355/1355
f 1368/1368/1368 1365/1365/1365 1364/1364/1364
f 1369/1369/1369 1365/1365/1365 1368/1368/1368
f 509/509/509 506/506/506 1372/1372/1372
f 508/508/508 507/507/507 1373/1373/1373
f 513/513/513 512/512/512 1375/1375/1375
f 1377/1377/1377 343/343/343 1176/1176/1176
f 1374/1374/1374 343/343/343 1377/1377/1377
f 1373/1373/1373 509/509/509 1378/1378/1378
f 1375/1375/1375 511/511/511 1380/1380/1380
f 513/513/513 1375/1375/1375 1381/1381/1381
f 1376/1376/1376 513/513/513 1381/1381/1381
f 1374/1374/1374 1377/1377/1377 1382/1382/1382
f 1380/1380/1380 1379/1379/1379 1384/1384/1384
f 1375/1375/1375 1380/1380/1380 1384/1384/1384
f 1381/1381/1381 1375/1375/1375 1385/1385/1385
f 1392/1392/1392 1384/1384/1384 1391/1391/1391
f 1388/1388/1388 1398/1398/1398 1399/1399/1399
f 1399/1399/1399 1395/1395/1395 1396/1396/1396
f 1399/1399/1399 1396/1396/1396 1400/1400/1400
f 1400/1400/1400 1389/1389/1389 1399/1399/1399
f 1404/1404/1404 1403/1403/1403 1405/1405/1405
f 540/540/540 538/538/538 1409/1409/1409
f 1407/1407/1407 510/510/510 1376/1376/1376
f 1408/1408/1408 1407/1407/1407 1414/1414/1414
f 1412/1412/1412 1417/1417/1417 1418/1418/1418
f 1413/1413/1413 1412/1412/1412 1418/1418/1418
f 1418/1418/1418 1417/1417/1417 1419/1419/1419
f 1407/1407/1407 1376/1376/1376 1386/1386/1386
f 1416/1416/1416 1415/1415/1415 1420/1420/1420
f 1406/1406/1406 1405/1405/1405 1434/1434/1434
f 1445/1445/1445 1444/1444/1444 1448/1448/1448
f 1449/1449/1449 1455/1455/1455 1456/1456/1456
f 1453/1453/1453 1458/1458/1458 1459/1459/1459
f 1453/1453/1453 1452/1452/1452 1458/1458/1458
f 1454/1454/1454 1460/1460/1460 1463/1463/1463
f 1455/1455/1455 1454/1454/1454 1463/1463/1463
f 1460/1460/1460 1469/1469/1469 1470/1470/1470
f 1463/1463/1463 1460/1460/1460 1470/1470/1470
f 1464/1464/1464 1463/1463/1463 1471/1471/1471
f 1482/1482/1482 1471/1471/1471 1479/1479/1479
f 1481/1481/1481 1483/1483/1483 1475/1475/1475
f 1486/1486/1486 1483/1483/1483 1481/1481/1481
f 1482/1482/1482 1488/1488/1488 1489/1489/1489
f 1494/1494/1494 1396/1396/1396 1493/1493/1493
f 1494/1494/1494 1495/1495/1495 1499/1499/1499
f 1503/1503/1503 1497/1497/1497 1498/1498/1498
f 1501/1501/1501 1502/1502/1502 1505/1505/1505
f 1403/1403/1403 1501/1501/1501 1505/1505/1505
f 1444/1444/1444 1445/1445/1445 1495/1495/1495
f 1495/1495/1495 1494/1494/1494 1444/1444/1444
f 1511/1511/1511 1510/1510/1510 1502/1502/1502
f 1513/1513/1513 1446/1446/1446 1447/1447/1447
f 1513/1513/1513 1447/1447/1447 1448/1448/1448
f 1514/1514/1514 1449/1449/1449 1515/1515/1515
f 1510/1510/1510 1515/1515/1515 1516/1516/1516
f 1517/1517/1517 1450/1450/1450 1451/1451/1451
f 1450/1450/1450 1191/1191/1191 1461/1461/1461
f 1523/1523/1523 1521/1521/1521 1524/1524/1524
f 1440/1440/1440 1438/1438/1438 1527/1527/1527
f 1443/1443/1443 1530/1530/1530 1442/1442/1442
f 1520/1520/1520 1533/1533/1533 1534/1534/1534
f 1524/1524/1524 1521/1521/1521 1534/1534/1534
f 1525/1525/1525 1524/1524/1524 1536/1536/1536
f 1531/1531/1531 1529/1529/1529 1541/1541/1541
f 1533/1533/1533 1544/1544/1544 1545/1545/1545
f 1554/1554/1554 1555/1555/1555 1556/1556/1556
f 1549/1549/1549 1548/1548/1548 1558/1558/1558
f 1549/1549/1549 1558/1558/1558 1559/1559/1559
f 1552/1552/1552 1550/1550/1550 1561/1561/1561
f 1561/1561/1561 1550/1550/1550 1560/1560/1560
f 1563/1563/1563 1554/1554/1554 1562/1562/1562
f 1558/1558/1558 1567/1567/1567 1568/1568/1568
f 1573/1573/1573 1490/1490/1490 1491/1491/1491
f 1576/1576/1576 1565/1565/1565 1575/1575/1575
f 1575/1575/1575 1583/1583/1583 1584/1584/1584
f 1576/1576/1576 1584/1584/1584 1585/1585/1585
f 1594/1594/1594 1584/1584/1584 1593/1593/1593
f 1599/1599/1599 1590/1590/1590 1591/1591/1591
f 1602/1602/1602 1485/1485/1485 1601/1601/1601
f 1486/1486/1486 1600/1600/1600 1483/1483/1483
f 1604/1604/1604 1600/1600/1600 1486/1486/1486
f 1605/1605/1605 1487/1487/1487 1604/1604/1604
f 1601/1601/1601 1290/1290/1290 1309/1309/1309
f 1616/1616/1616 1607/1607/1607 1615/1615/1615
f 1617/1617/1617 1612/1612/1612 1611/1611/1611
f 1616/1616/1616 1620/1620/1620 1621/1621/1621
f 1622/1622/1622 1613/1613/1613 1621/1621/1621
f 1625/1625/1625 1617/1617/1617 1624/1624/1624
f 1618/1618/1618 1625/1625/1625 1628/1628/1628
f 1635/1635/1635 1630/1630/1630 1620/1620/1620
f 1632/1632/1632 1631/1631/1631 1636/1636/1636
f 1328/1328/1328 1334/1334/1334 1639/1639/1639
f 1641/1641/1641 1638/1638/1638 1627/1627/1627
f 1640/1640/1640 1646/1646/1646 1647/1647/1647
f 1648/1648/1648 1643/1643/1643 1647/1647/1647
f 1637/1637/1637 1644/1644/1644 1650/1650/1650
f 1648/1648/1648 1647/1647/1647 1653/1653/1653
f 1654/1654/1654 1651/1651/1651 1650/1650/1650
f 1652/1652/1652 1645/1645/1645 1345/1345/1345
f 1656/1656/1656 1651/1651/1651 1654/1654/1654
f 1664/1664/1664 1660/1660/1660 1663/1663/1663
f 1666/1666/1666 1656/1656/1656 1665/1665/1665
f 1669/1669/1669 1663/1663/1663 1668/1668/1668
f 1671/1671/1671 1666/1666/1666 1665/1665/1665
f 1657/1657/1657 1666/1666/1666 1672/1672/1672
f 1367/1367/1367 1667/1667/1667 1362/1362/1362
f 1677/1677/1677 1674/1674/1674 1673/1673/1673
f 1680/1680/1680 1675/1675/1675 1679/1679/1679
f 1682/1682/1682 1592/1592/1592 1681/1681/1681
f 1684/1684/1684 1593/1593/1593 1683/1683/1683
f 1685/1685/1685 1593/1593/1593 1684/1684/1684
f 1686/1686/1686 1594/1594/1594 1685/1685/1685
f 1690/1690/1690 1688/1688/1688 1689/1689/1689
f 1696/1696/1696 1684/1684/1684 1695/1695/1695
f 1685/1685/1685 1696/1696/1696 1697/1697/1697
f 1629/1629/1629 1702/1702/1702 1628/1628/1628
f 1704/1704/1704 1703/1703/1703 1702/1702/1702
f 1709/1709/1709 1708/1708/1708 1707/1707/1707
f 1713/1713/1713 1710/1710/1710 1712/1712/1712
f 1642/1642/1642 1629/1629/1629 1638/1638/1638
f 1642/1642/1642 1714/1714/1714 1629/1629/1629
f 1719/1719/1719 1717/1717/1717 1706/1706/1706
f 1727/1727/1727 1726/1726/1726 1725/1725/1725
f 1728/1728/1728 1658/1658/1658 1659/1659/1659
f 1728/1728/1728 1727/1727/1727 1658/1658/1658
f 1729/1729/1729 1727/1727/1727 1728/1728/1728
f 1735/1735/1735 1744/1744/1744 1734/1734/1734
f 1745/1745/1745 1735/1735/1735 1736/1736/1736
f 1749/1749/1749 1758/1758/1758 1759/1759/1759
f 1760/1760/1760 1741/1741/1741 1750/1750/1750
f 1751/1751/1751 1760/1760/1760 1750/1750/1750
f 1762/1762/1762 1753/1753/1753 1754/1754/1754
f 1761/1761/1761 1765/1765/1765 1764/1764/1764
f 1766/1766/1766 1761/1761/1761 1751/1751/1751
f 1768/1768/1768 1767/1767/1767 1766/1766/1766
f 1774/1774/1774 1767/1767/1767 1768/1768/1768
f 1774/1774/1774 1768/1768/1768 1770/1770/1770
f 1775/1775/1775 1163/1163/1163 1772/1772/1772
f 863/863/863 1739/1739/1739 837/837/837
f 1784/1784/1784 1790/1790/1790 1789/1789/1789
f 1767/1767/1767 1795/1795/1795 1773/1773/1773
f 1774/1774/1774 1795/1795/1795 1767/1767/1767
f 1804/1804/1804 1800/1800/1800 1799/1799/1799
f 1792/1792/1792 1800/1800/1800 1791/1791/1791
f 1802/1802/1802 1801/1801/1801 1792/1792/1792
f 1805/1805/1805 1803/1803/1803 1794/1794/1794
f 1805/1805/1805 1794/1794/1794 1786/1786/1786
f 1799/1799/1799 1814/1814/1814 1798/1798/1798
f 1819/1819/1819 1775/1775/1775 1806/1806/1806
f 1822/1822/1822 1806/1806/1806 1808/1808/1808
f 1815/1815/1815 1829/1829/1829 1828/1828/1828
f 1817/1817/1817 1813/1813/1813 1830/1830/1830
f 1839/1839/1839 1843/1843/1843 1845/1845/1845
f 1839/1839/1839 1833/1833/1833 1843/1843/1843
f 1842/1842/1842 1847/1847/1847 1841/1841/1841
f 1850/1850/1850 1849/1849/1849 1853/1853/1853
f 1848/1848/1848 1854/1854/1854 1842/1842/1842
f 1855/1855/1855 1849/1849/1849 1850/1850/1850
f 1857/1857/1857 1793/1793/1793 1792/1792/1792
f 1786/1786/1786 1794/1794/1794 1855/1855/1855
f 1786/1786/1786 1855/1855/1855 1856/1856/1856
f 1861/1861/1861 1859/1859/1859 1860/1860/1860
f 1863/1863/1863 1210/1210/1210 1864/1864/1864
f 1858/1858/1858 1777/1777/1777 1819/1819/1819
f 1902/1902/1902 1829/1829/1829 1830/1830/1830
f 1894/1894/1894 1905/1905/1905 1892/1892/1892
f 1906/1906/1906 1894/1894/1894 1895/1895/1895
f 1916/1916/1916 1908/1908/1908 1909/1909/1909
f 1911/1911/1911 1917/1917/1917 1910/1910/1910
f 1918/1918/1918 1911/1911/1911 1912/1912/1912
f 1919/1919/1919 1917/1917/1917 1920/1920/1920
f 1921/1921/1921 1917/1917/1917 1918/1918/1918
f 1921/1921/1921 1918/1918/1918 1922/1922/1922
f 1930/1930/1930 1926/1926/1926 1919/1919/1919
f 1933/1933/1933 1872/1872/1872 1928/1928/1928
f 1935/1935/1935 1929/1929/1929 1930/1930/1930
f 1936/1936/1936 1930/1930/1930 1931/1931/1931
f 1957/1957/1957 1298/1298/1298 1953/1953/1953
f 1955/1955/1955 1958/1958/1958 1954/1954/1954
f 1959/1959/1959 1955/1955/1955 1956/1956/1956
f 1964/1964/1964 1961/1961/1961 1963/1963/1963
f 1974/1974/1974 1966/1966/1966 1967/1967/1967
f 1979/1979/1979 1976/1976/1976 1975/1975/1975
f 1969/1969/1969 1979/1979/1979 1968/1968/1968
f 1980/1980/1980 1976/1976/1976 1979/1979/1979
f 1980/1980/1980 1977/1977/1977 1976/1976/1976
f 1970/1970/1970 1980/1980/1980 1969/1969/1969
f 1980/1980/1980 1978/1978/1978 1977/1977/1977
f 1975/1975/1975 1983/1983/1983 1974/1974/1974
f 1977/1977/1977 1985/1985/1985 1976/1976/1976
f 1990/1990/1990 1989/1989/1989 1988/1988/1988
f 1982/1982/1982 1990/1990/1990 1981/1981/1981
f 1996/1996/1996 1992/1992/1992 1991/1991/1991
f 1975/1975/1975 1996/1996/1996 1983/1983/1983
f 1997/1997/1997 1994/1994/1994 1993/1993/1993
f 1985/1985/1985 1997/1997/1997 1984/1984/1984
f 1986/1986/1986 1998/1998/1998 1985/1985/1985
f 2003/2003/2003 1987/1987/1987 1988/1988/1988
f 2011/2011/2011 2006/2006/2006 2005/2005/2005
f 1992/1992/1992 2011/2011/2011 1991/1991/1991
f 1995/1995/1995 2014/2014/2014 1994/1994/1994
f 2015/2015/2015 1359/1359/1359 2000/2000/2000
f 2017/2017/2017 1368/1368/1368 2016/2016/2016
f 2021/2021/2021 2018/2018/2018 2017/2017/2017
f 2008/2008/2008 2021/2021/2021 2007/2007/2007
f 2022/2022/2022 2009/2009/2009 2010/2010/2010
f 2026/2026/2026 1062/1062/1062 1067/1067/1067
f 2027/2027/2027 1067/1067/1067 1064/1064/1064
f 2028/2028/2028 2029/2029/2029 2034/2034/2034
f 2028/2028/2028 2023/2023/2023 2029/2029/2029
f 2033/2033/2033 2041/2041/2041 2032/2032/2032
f 2034/2034/2034 2029/2029/2029 2036/2036/2036
f 2046/2046/2046 2035/2035/2035 2036/2036/2036
f 2048/2048/2048 1851/1851/1851 2038/2038/2038
f 2044/2044/2044 2043/2043/2043 2048/2048/2048
f 2049/2049/2049 2045/2045/2045 2040/2040/2040
f 2049/2049/2049 2040/2040/2040 2041/2041/2041
f 2052/2052/2052 2043/2043/2043 2044/2044/2044
f 2052/2052/2052 2044/2044/2044 2045/2045/2045
f 2053/2053/2053 2045/2045/2045 2035/2035/2035
f 2046/2046/2046 2053/2053/2053 2035/2035/2035
f 2047/2047/2047 2050/2050/2050 2046/2046/2046
f 2047/2047/2047 2042/2042/2042 2050/2050/2050
f 2051/2051/2051 1786/1786/1786 2048/2048/2048
f 2059/2059/2059 2058/2058/2058 2065/2065/2065
f 2066/2066/2066 2053/2053/2053 2046/2046/2046
f 1805/1805/1805 1786/1786/1786 2051/2051/2051
f 1805/1805/1805 2051/2051/2051 2063/2063/2063
f 2073/2073/2073 2070/2070/2070 2069/2069/2069
f 2078/2078/2078 2054/2054/2054 2055/2055/2055
f 2079/2079/2079 2056/2056/2056 2057/2057/2057
f 2079/2079/2079 2074/2074/2074 2070/2070/2070
f 2056/2056/2056 1817/1817/1817 1818/1818/1818
f 2067/2067/2067 2081/2081/2081 2082/2082/2082
f 2092/2092/2092 2071/2071/2071 2072/2072/2072
f 2073/2073/2073 2069/2069/2069 2086/2086/2086
f 2093/2093/2093 2089/2089/2089 2088/2088/2088
f 2075/2075/2075 2093/2093/2093 2074/2074/2074
f 2099/2099/2099 2098/2098/2098 2107/2107/2107
f 2100/2100/2100 2099/2099/2099 2109/2109/2109
f 2102/2102/2102 2100/2100/2100 2109/2109/2109
f 2106/2106/2106 1413/1413/1413 2115/2115/2115
f 2119/2119/2119 2117/2117/2117 2118/2118/2118
f 2112/2112/2112 2110/2110/2110 2121/2121/2121
f 2114/2114/2114 2111/2111/2111 2123/2123/2123
f 1418/1418/1418 1419/1419/1419 2125/2125/2125
f 2127/2127/2127 2126/2126/2126 2125/2125/2125
f 2131/2131/2131 2122/2122/2122 2123/2123/2123
f 2131/2131/2131 2138/2138/2138 2139/2139/2139
f 2131/2131/2131 2129/2129/2129 2138/2138/2138
f 2134/2134/2134 2142/2142/2142 2143/2143/2143
f 2145/2145/2145 2136/2136/2136 2144/2144/2144
f 2062/2062/2062 2050/2050/2050 2139/2139/2139
f 2147/2147/2147 2067/2067/2067 2068/2068/2068
f 2148/2148/2148 2143/2143/2143 2147/2147/2147
f 2144/2144/2144 2136/2136/2136 2148/2148/2148
f 2151/2151/2151 1833/1833/1833 2024/2024/2024
f 2151/2151/2151 2024/2024/2024 2030/2030/2030
f 1851/1851/1851 1843/1843/1843 2151/2151/2151
f 1856/1856/1856 1851/1851/1851 2048/2048/2048
f 2162/2162/2162 2154/2154/2154 2155/2155/2155
f 2168/2168/2168 2156/2156/2156 2157/2157/2157
f 2162/2162/2162 2170/2170/2170 2161/2161/2161
f 2163/2163/2163 2169/2169/2169 2158/2158/2158
f 2172/2172/2172 2163/2163/2163 2164/2164/2164
f 2166/2166/2166 2173/2173/2173 2165/2165/2165
f 2174/2174/2174 2170/2170/2170 2162/2162/2162
f 2175/2175/2175 2172/2172/2172 2173/2173/2173
f 2166/2166/2166 2182/2182/2182 2173/2173/2173
f 2174/2174/2174 2183/2183/2183 2170/2170/2170
f 2175/2175/2175 2181/2181/2181 2172/2172/2172
f 2185/2185/2185 2182/2182/2182 2183/2183/2183
f 1927/1927/1927 1922/1922/1922 2178/2178/2178
f 2185/2185/2185 2183/2183/2183 2192/2192/2192
f 2192/2192/2192 2183/2183/2183 2186/2186/2186
f 2187/2187/2187 1932/1932/1932 1927/1927/1927
f 2192/2192/2192 2186/2186/2186 2197/2197/2197
f 2199/2199/2199 2190/2190/2190 2195/2195/2195
f 2193/2193/2193 2200/2200/2200 1932/1932/1932
f 2200/2200/2200 2193/2193/2193 2194/2194/2194
f 2199/2199/2199 2195/2195/2195 2206/2206/2206
f 2200/2200/2200 1944/1944/1944 1938/1938/1938
f 2223/2223/2223 2213/2213/2213 2214/2214/2214
f 2150/2150/2150 2152/2152/2152 2082/2082/2082
f 2226/2226/2226 1540/1540/1540 1541/1541/1541
f 2225/2225/2225 2227/2227/2227 2150/2150/2150
f 2150/2150/2150 2227/2227/2227 2228/2228/2228
f 2227/2227/2227 2229/2229/2229 2233/2233/2233
f 2167/2167/2167 2228/2228/2228 2234/2234/2234
f 2231/2231/2231 2235/2235/2235 2230/2230/2230
f 2239/2239/2239 2237/2237/2237 2236/2236/2236
f 2240/2240/2240 2238/2238/2238 2237/2237/2237
f 2231/2231/2231 2241/2241/2241 2235/2235/2235
f 2235/2235/2235 2242/2242/2242 2236/2236/2236
f 2235/2235/2235 2241/2241/2241 2242/2242/2242
f 2236/2236/2236 2242/2242/2242 2244/2244/2244
f 2241/2241/2241 1571/1571/1571 2247/2247/2247
f 2244/2244/2244 2250/2250/2250 2245/2245/2245
f 2245/2245/2245 2251/2251/2251 2246/2246/2246
f 2245/2245/2245 2250/2250/2250 2251/2251/2251
f 2246/2246/2246 2251/2251/2251 2252/2252/2252
f 2254/2254/2254 2249/2249/2249 2247/2247/2247
f 2247/2247/2247 2253/2253/2253 2254/2254/2254
f 2255/2255/2255 2250/2250/2250 2249/2249/2249
f 2249/2249/2249 2254/2254/2254 2255/2255/2255
f 2256/2256/2256 2250/2250/2250 2255/2255/2255
f 2210/2210/2210 2202/2202/2202 2252/2252/2252
f 2260/2260/2260 2258/2258/2258 2259/2259/2259
f 2264/2264/2264 2216/2216/2216 2221/2221/2221
f 2217/2217/2217 2267/2267/2267 2215/2215/2215
f 2269/2269/2269 2218/2218/2218 2222/2222/2222
f 2278/2278/2278 2275/2275/2275 2273/2273/2273
f 2283/2283/2283 2276/2276/2276 2282/2282/2282
f 2283/2283/2283 2272/2272/2272 2266/2266/2266
f 2283/2283/2283 2266/2266/2266 2277/2277/2277
f 2275/2275/2275 2286/2286/2286 2273/2273/2273
f 2294/2294/2294 2290/2290/2290 2289/2289/2289
f 2280/2280/2280 2294/2294/2294 2279/2279/2279
f 2295/2295/2295 2281/2281/2281 2282/2282/2282
f 2301/2301/2301 2297/2297/2297 2296/2296/2296
f 2286/2286/2286 2301/2301/2301 2285/2285/2285
f 2301/2301/2301 2298/2298/2298 2297/2297/2297
f 2305/2305/2305 2299/2299/2299 2304/2304/2304
f 2305/2305/2305 2287/2287/2287 2288/2288/2288
f 2306/2306/2306 2298/2298/2298 2301/2301/2301
f 2289/2289/2289 2306/2306/2306 2286/2286/2286
f 2306/2306/2306 2302/2302/2302 2298/2298/2298
f 2307/2307/2307 2292/2292/2292 2287/2287/2287
f 2307/2307/2307 2287/2287/2287 2305/2305/2305
f 2311/2311/2311 1659/1659/1659 2310/2310/2310
f 2312/2312/2312 2309/2309/2309 2308/2308/2308
f 2316/2316/2316 2310/2310/2310 2315/2315/2315
f 2298/2298/2298 2319/2319/2319 2297/2297/2297
f 2319/2319/2319 2313/2313/2313 2312/2312/2312
f 2316/2316/2316 2315/2315/2315 2320/2320/2320
f 2322/2322/2322 2303/2303/2303 2304/2304/2304
f 2325/2325/2325 2309/2309/2309 2312/2312/2312
f 2325/2325/2325 2323/2323/2323 2309/2309/2309
f 2313/2313/2313 2325/2325/2325 2312/2312/2312
f 2326/2326/2326 2314/2314/2314 2315/2315/2315
f 2330/2330/2330 2329/2329/2329 2332/2332/2332
f 2333/2333/2333 2262/2262/2262 2332/2332/2332
f 2328/2328/2328 1691/1691/1691 1701/1701/1701
f 2337/2337/2337 2274/2274/2274 2277/2277/2277
f 2337/2337/2337 2331/2331/2331 2274/2274/2274
f 2340/2340/2340 2336/2336/2336 2338/2338/2338
f 2340/2340/2340 2284/2284/2284 2288/2288/2288
f 2340/2340/2340 2274/2274/2274 2336/2336/2336
f 1711/1711/1711 1721/1721/1721 2342/2342/2342
f 2342/2342/2342 2341/2341/2341 2343/2343/2343
f 2343/2343/2343 2341/2341/2341 2300/2300/2300
f 2344/2344/2344 2341/2341/2341 2342/2342/2342
f 8/8/8 6/6/6 1/1/1
f 7/7/7 9/9/9 11/11/11
f 7/7/7 11/11/11 10/10/10
f 2/2/2 3/3/3 12/12/12
f 2/2/2 12/12/12 9/9/9
f 12/12/12 11/11/11 9/9/9
f 15/15/15 4/4/4 16/16/16
f 15/15/15 16/16/16 5/5/5
f 4/4/4 15/15/15 13/13/13
f 13/13/13 15/15/15 24/24/24
f 13/13/13 24/24/24 23/23/23
f 16/16/16 6/6/6 5/5/5
f 18/18/18 8/8/8 7/7/7
f 19/19/19 18/18/18 7/7/7
f 10/10/10 20/20/20 19/19/19
f 10/10/10 19/19/19 7/7/7
f 24/24/24 15/15/15 14/14/14
f 25/25/25 26/26/26 17/17/17
f 25/25/25 17/17/17 27/27/27
f 26/26/26 24/24/24 14/14/14
f 14/14/14 18/18/18 17/17/17
f 14/14/14 17/17/17 26/26/26
f 17/17/17 19/19/19 28/28/28
f 17/17/17 28/28/28 27/27/27
f 23/23/23 30/30/30 32/32/32
f 23/23/23 32/32/32 21/21/21
f 20/20/20 28/28/28 19/19/19
f 30/30/30 23/23/23 22/22/22
f 33/33/33 34/34/34 26/26/26
f 33/33/33 26/26/26 35/35/35
f 32/32/32 31/31/31 21/21/21
f 25/25/25 27/27/27 36/36/36
f 25/25/25 36/36/36 35/35/35
f 26/26/26 34/34/34 24/24/24
f 37/37/37 28/28/28 39/39/39
f 37/37/37 39/39/39 38/38/38
f 28/28/28 37/37/37 36/36/36
f 28/28/28 36/36/36 27/27/27
f 40/40/40 41/41/41 46/46/46
f 40/40/40 46/46/46 45/45/45
f 41/41/41 42/42/42 47/47/47
f 41/41/41 47/47/47 46/46/46
f 46/46/46 51/51/51 50/50/50
f 46/46/46 50/50/50 45/45/45
f 47/47/47 52/52/52 51/51/51
f 47/47/47 51/51/51 46/46/46
f 53/53/53 54/54/54 58/58/58
f 53/53/53 58/58/58 57/57/57
f 57/57/57 56/56/56 53/53/53
f 55/55/55 56/56/56 64/64/64
f 55/55/55 64/64/64 63/63/63
f 57/57/57 65/65/65 64/64/64
f 57/57/57 64/64/64 56/56/56
f 58/58/58 59/59/59 66/66/66
f 58/58/58 66/66/66 65/65/65
f 60/60/60 67/67/67 66/66/66
f 60/60/60 66/66/66 59/59/59
f 60/60/60 61/61/61 68/68/68
f 60/60/60 68/68/68 67/67/67
f 40/40/40 67/67/67 68/68/68
f 40/40/40 68/68/68 41/41/41
f 61/61/61 62/62/62 69/69/69
f 61/61/61 69/69/69 68/68/68
f 41/41/41 68/68/68 69/69/69
f 41/41/41 69/69/69 42/42/42
f 1/1/1 63/63/63 70/70/70
f 1/1/1 70/70/70 2/2/2
f 63/63/63 64/64/64 71/71/71
f 63/63/63 71/71/71 70/70/70
f 64/64/64 65/65/65 72/72/72
f 64/64/64 72/72/72 71/71/71
f 43/43/43 72/72/72 73/73/73
f 43/43/43 73/73/73 44/44/44
f 73/73/73 72/72/72 65/65/65
f 66/66/66 74/74/74 73/73/73
f 66/66/66 73/73/73 65/65/65
f 66/66/66 67/67/67 75/75/75
f 66/66/66 75/75/75 74/74/74
f 40/40/40 45/45/45 75/75/75
f 40/40/40 75/75/75 67/67/67
f 70/70/70 71/71/71 48/48/48
f 70/70/70 48/48/48 3/3/3
f 44/44/44 74/74/74 76/76/76
f 44/44/44 76/76/76 49/49/49
f 72/72/72 48/48/48 71/71/71
f 72/72/72 43/43/43 48/48/48
f 75/75/75 77/77/77 76/76/76
f 75/75/75 76/76/76 74/74/74
f 75/75/75 45/45/45 50/50/50
f 75/75/75 50/50/50 77/77/77
f 50/50/50 51/51/51 78/78/78
f 50/50/50 78/78/78 77/77/77
f 51/51/51 52/52/52 79/79/79
f 51/51/51 79/79/79 78/78/78
f 80/80/80 81/81/81 87/87/87
f 80/80/80 87/87/87 86/86/86
f 82/82/82 83/83/83 54/54/54
f 82/82/82 54/54/54 53/53/53
f 82/82/82 87/87/87 81/81/81
f 4/4/4 86/86/86 90/90/90
f 4/4/4 90/90/90 6/6/6
f 88/88/88 84/84/84 85/85/85
f 1/1/1 6/6/6 90/90/90
f 1/1/1 90/90/90 55/55/55
f 53/53/53 56/56/56 90/90/90
f 53/53/53 90/90/90 87/87/87
f 90/90/90 56/56/56 55/55/55
f 88/88/88 91/91/91 60/60/60
f 88/88/88 60/60/60 59/59/59
f 88/88/88 59/59/59 54/54/54
f 89/89/89 92/92/92 91/91/91
f 89/89/89 91/91/91 85/85/85
f 91/91/91 92/92/92 61/61/61
f 91/91/91 61/61/61 60/60/60
f 92/92/92 93/93/93 62/62/62
f 92/92/92 62/62/62 61/61/61
f 94/94/94 95/95/95 100/100/100
f 94/94/94 100/100/100 81/81/81
f 81/81/81 99/99/99 94/94/94
f 95/95/95 96/96/96 101/101/101
f 95/95/95 101/101/101 100/100/100
f 100/100/100 82/82/82 81/81/81
f 82/82/82 100/100/100 101/101/101
f 82/82/82 101/101/101 83/83/83
f 101/101/101 97/97/97 84/84/84
f 101/101/101 84/84/84 83/83/83
f 101/101/101 96/96/96 97/97/97
f 97/97/97 102/102/102 85/85/85
f 97/97/97 85/85/85 84/84/84
f 13/13/13 99/99/99 86/86/86
f 13/13/13 86/86/86 4/4/4
f 89/89/89 103/103/103 385/385/385
f 89/89/89 385/385/385 93/93/93
f 86/86/86 99/99/99 80/80/80
f 89/89/89 85/85/85 102/102/102
f 105/105/105 96/96/96 95/95/95
f 105/105/105 95/95/95 104/104/104
f 95/95/95 107/107/107 104/104/104
f 13/13/13 21/21/21 106/106/106
f 13/13/13 106/106/106 99/99/99
f 98/98/98 97/97/97 108/108/108
f 110/110/110 111/111/111 112/112/112
f 110/110/110 112/112/112 103/103/103
f 110/110/110 102/102/102 98/98/98
f 110/110/110 98/98/98 109/109/109
f 104/104/104 114/114/114 115/115/115
f 104/104/104 115/115/115 105/105/105
f 21/21/21 31/31/31 119/119/119
f 21/21/21 119/119/119 106/106/106
f 119/119/119 31/31/31 29/29/29
f 104/104/104 107/107/107 119/119/119
f 104/104/104 119/119/119 113/113/113
f 119/119/119 107/107/107 106/106/106
f 105/105/105 116/116/116 120/120/120
f 105/105/105 120/120/120 108/108/108
f 118/118/118 121/121/121 120/120/120
f 118/118/118 120/120/120 117/117/117
f 120/120/120 116/116/116 117/117/117
f 98/98/98 108/108/108 120/120/120
f 120/120/120 121/121/121 109/109/109
f 120/120/120 109/109/109 98/98/98
f 123/123/123 127/127/127 128/128/128
f 123/123/123 128/128/128 124/124/124
f 122/122/122 111/111/111 109/109/109
f 131/131/131 132/132/132 126/126/126
f 131/131/131 126/126/126 125/125/125
f 129/129/129 133/133/133 134/134/134
f 129/129/129 134/134/134 130/130/130
f 135/135/135 136/136/136 127/127/127
f 135/135/135 127/127/127 132/132/132
f 137/137/137 138/138/138 136/136/136
f 137/137/137 136/136/136 135/135/135
f 128/128/128 127/127/127 136/136/136
f 136/136/136 139/139/139 140/140/140
f 136/136/136 140/140/140 133/133/133
f 30/30/30 143/143/143 144/144/144
f 30/30/30 144/144/144 31/31/31
f 29/29/29 31/31/31 144/144/144
f 29/29/29 144/144/144 141/141/141
f 22/22/22 146/146/146 143/143/143
f 22/22/22 143/143/143 30/30/30
f 143/143/143 146/146/146 142/142/142
f 145/145/145 146/146/146 34/34/34
f 145/145/145 34/34/34 33/33/33
f 35/35/35 36/36/36 149/149/149
f 35/35/35 149/149/149 148/148/148
f 34/34/34 146/146/146 22/22/22
f 36/36/36 37/37/37 150/150/150
f 36/36/36 150/150/150 149/149/149
f 37/37/37 38/38/38 151/151/151
f 37/37/37 151/151/151 150/150/150
f 142/142/142 154/154/154 155/155/155
f 142/142/142 155/155/155 143/143/143
f 152/152/152 153/153/153 144/144/144
f 152/152/152 144/144/144 155/155/155
f 156/156/156 157/157/157 148/148/148
f 156/156/156 148/148/148 147/147/147
f 144/144/144 153/153/153 141/141/141
f 154/154/154 146/146/146 145/145/145
f 158/158/158 149/149/149 150/150/150
f 158/158/158 150/150/150 159/159/159
f 148/148/148 157/157/157 33/33/33
f 150/150/150 151/151/151 160/160/160
f 150/150/150 160/160/160 159/159/159
f 145/145/145 163/163/163 164/164/164
f 145/145/145 164/164/164 154/154/154
f 161/161/161 153/153/153 152/152/152
f 162/162/162 155/155/155 154/154/154
f 165/165/165 147/147/147 158/158/158
f 165/165/165 158/158/158 166/166/166
f 164/164/164 162/162/162 154/154/154
f 163/163/163 157/157/157 156/156/156
f 159/159/159 160/160/160 168/168/168
f 159/159/159 168/168/168 167/167/167
f 152/152/152 169/169/169 170/170/170
f 152/152/152 170/170/170 161/161/161
f 169/169/169 152/152/152 162/162/162
f 169/169/169 162/162/162 171/171/171
f 163/163/163 172/172/172 173/173/173
f 163/163/163 173/173/173 164/164/164
f 162/162/162 164/164/164 173/173/173
f 162/162/162 173/173/173 171/171/171
f 174/174/174 172/172/172 163/163/163
f 174/174/174 163/163/163 156/156/156
f 156/156/156 165/165/165 175/175/175
f 156/156/156 175/175/175 174/174/174
f 165/165/165 166/166/166 176/176/176
f 165/165/165 176/176/176 175/175/175
f 169/169/169 180/180/180 181/181/181
f 169/169/169 181/181/181 178/178/178
f 177/177/177 166/166/166 167/167/167
f 166/166/166 177/177/177 176/176/176
f 171/171/171 180/180/180 169/169/169
f 179/179/179 171/171/171 173/173/173
f 179/179/179 173/173/173 182/182/182
f 173/173/173 172/172/172 182/182/182
f 174/174/174 184/184/184 185/185/185
f 174/174/174 185/185/185 183/183/183
f 172/172/172 183/183/183 182/182/182
f 175/175/175 184/184/184 174/174/174
f 175/175/175 176/176/176 186/186/186
f 175/175/175 186/186/186 184/184/184
f 186/186/186 176/176/176 177/177/177
f 186/186/186 177/177/177 187/187/187
f 187/187/187 177/177/177 168/168/168
f 187/187/187 168/168/168 188/188/188
f 179/179/179 193/193/193 194/194/194
f 179/179/179 194/194/194 191/191/191
f 181/181/181 180/180/180 191/191/191
f 182/182/182 193/193/193 179/179/179
f 192/192/192 182/182/182 183/183/183
f 192/192/192 183/183/183 195/195/195
f 192/192/192 195/195/195 196/196/196
f 192/192/192 196/196/196 193/193/193
f 197/197/197 184/184/184 186/186/186
f 197/197/197 186/186/186 198/198/198
f 185/185/185 184/184/184 197/197/197
f 186/186/186 187/187/187 199/199/199
f 186/186/186 199/199/199 198/198/198
f 200/200/200 201/201/201 181/181/181
f 200/200/200 181/181/181 191/191/191
f 203/203/203 195/195/195 185/185/185
f 203/203/203 185/185/185 204/204/204
f 181/181/181 201/201/201 190/190/190
f 194/194/194 193/193/193 202/202/202
f 196/196/196 195/195/195 203/203/203
f 198/198/198 199/199/199 206/206/206
f 198/198/198 206/206/206 205/205/205
f 198/198/198 205/205/205 197/197/197
f 206/206/206 199/199/199 189/189/189
f 206/206/206 189/189/189 207/207/207
f 200/200/200 209/209/209 210/210/210
f 200/200/200 210/210/210 208/208/208
f 194/194/194 209/209/209 200/200/200
f 202/202/202 211/211/211 212/212/212
f 202/202/202 212/212/212 209/209/209
f 196/196/196 211/211/211 202/202/202
f 203/203/203 213/213/213 214/214/214
f 203/203/203 214/214/214 211/211/211
f 204/204/204 213/213/213 203/203/203
f 215/215/215 205/205/205 206/206/206
f 215/215/215 206/206/206 216/216/216
f 204/204/204 205/205/205 215/215/215
f 204/204/204 215/215/215 213/213/213
f 216/216/216 206/206/206 207/207/207
f 216/216/216 207/207/207 217/217/217
f 29/29/29 219/219/219 220/220/220
f 29/29/29 220/220/220 113/113/113
f 220/220/220 221/221/221 114/114/114
f 220/220/220 114/114/114 113/113/113
f 114/114/114 221/221/221 222/222/222
f 114/114/114 222/222/222 115/115/115
f 115/115/115 222/222/222 223/223/223
f 115/115/115 223/223/223 116/116/116
f 224/224/224 225/225/225 122/122/122
f 224/224/224 122/122/122 121/121/121
f 117/117/117 116/116/116 223/223/223
f 224/224/224 121/121/121 118/118/118
f 141/141/141 153/153/153 226/226/226
f 141/141/141 226/226/226 219/219/219
f 219/219/219 226/226/226 227/227/227
f 219/219/219 227/227/227 220/220/220
f 124/124/124 222/222/222 221/221/221
f 124/124/124 221/221/221 123/123/123
f 221/221/221 227/227/227 123/123/123
f 228/228/228 229/229/229 117/117/117
f 228/228/228 117/117/117 223/223/223
f 229/229/229 230/230/230 118/118/118
f 229/229/229 118/118/118 117/117/117
f 161/161/161 125/125/125 226/226/226
f 161/161/161 226/226/226 153/153/153
f 224/224/224 230/230/230 231/231/231
f 229/229/229 130/130/130 232/232/232
f 229/229/229 232/232/232 230/230/230
f 227/227/227 126/126/126 123/123/123
f 228/228/228 129/129/129 130/130/130
f 161/161/161 170/170/170 131/131/131
f 161/161/161 131/131/131 125/125/125
f 231/231/231 230/230/230 232/232/232
f 130/130/130 134/134/134 236/236/236
f 130/130/130 236/236/236 232/232/232
f 234/234/234 132/132/132 131/131/131
f 236/236/236 238/238/238 239/239/239
f 236/236/236 239/239/239 237/237/237
f 237/237/237 233/233/233 232/232/232
f 178/178/178 131/131/131 170/170/170
f 234/234/234 131/131/131 178/178/178
f 238/238/238 134/134/134 235/235/235
f 236/236/236 134/134/134 238/238/238
f 240/240/240 137/137/137 234/234/234
f 240/240/240 234/234/234 178/178/178
f 139/139/139 138/138/138 241/241/241
f 139/139/139 241/241/241 242/242/242
f 241/241/241 138/138/138 137/137/137
f 235/235/235 140/140/140 243/243/243
f 235/235/235 243/243/243 238/238/238
f 235/235/235 133/133/133 140/140/140
f 240/240/240 246/246/246 247/247/247
f 240/240/240 247/247/247 137/137/137
f 244/244/244 239/239/239 238/238/238
f 248/248/248 249/249/249 243/243/243
f 248/248/248 243/243/243 140/140/140
f 241/241/241 137/137/137 247/247/247
f 248/248/248 140/140/140 242/242/242
f 190/190/190 201/201/201 250/250/250
f 190/190/190 250/250/250 246/246/246
f 249/249/249 244/244/244 243/243/243
f 253/253/253 254/254/254 241/241/241
f 253/253/253 241/241/241 247/247/247
f 251/251/251 245/245/245 244/244/244
f 241/241/241 254/254/254 255/255/255
f 241/241/241 255/255/255 242/242/242
f 242/242/242 255/255/255 256/256/256
f 242/242/242 256/256/256 248/248/248
f 262/262/262 215/215/215 216/216/216
f 262/262/262 216/216/216 263/263/263
f 256/256/256 249/249/249 248/248/248
f 250/250/250 201/201/201 208/208/208
f 255/255/255 257/257/257 256/256/256
f 257/257/257 258/258/258 256/256/256
f 259/259/259 251/251/251 249/249/249
f 212/212/212 211/211/211 261/261/261
f 215/215/215 262/262/262 213/213/213
f 262/262/262 214/214/214 213/213/213
f 266/266/266 267/267/267 209/209/209
f 266/266/266 209/209/209 212/212/212
f 218/218/218 264/264/264 263/263/263
f 265/265/265 210/210/210 209/209/209
f 265/265/265 209/209/209 267/267/267
f 268/268/268 269/269/269 261/261/261
f 268/268/268 261/261/261 214/214/214
f 266/266/266 212/212/212 261/261/261
f 266/266/266 261/261/261 269/269/269
f 268/268/268 214/214/214 262/262/262
f 268/268/268 262/262/262 270/270/270
f 270/270/270 262/262/262 263/263/263
f 270/270/270 263/263/263 271/271/271
f 270/270/270 271/271/271 272/272/272
f 270/270/270 272/272/272 268/268/268
f 271/271/271 264/264/264 273/273/273
f 271/271/271 273/273/273 272/272/272
f 275/275/275 276/276/276 266/266/266
f 275/275/275 266/266/266 269/269/269
f 274/274/274 267/267/267 266/266/266
f 274/274/274 266/266/266 276/276/276
f 275/275/275 269/269/269 268/268/268
f 275/275/275 268/268/268 277/277/277
f 268/268/268 272/272/272 278/278/278
f 268/268/268 278/278/278 277/277/277
f 272/272/272 273/273/273 279/279/279
f 272/272/272 279/279/279 278/278/278
f 277/277/277 283/283/283 281/281/281
f 277/277/277 281/281/281 276/276/276
f 283/283/283 277/277/277 278/278/278
f 283/283/283 278/278/278 284/284/284
f 281/281/281 282/282/282 276/276/276
f 278/278/278 279/279/279 285/285/285
f 278/278/278 285/285/285 284/284/284
f 287/287/287 284/284/284 289/289/289
f 287/287/287 289/289/289 288/288/288
f 286/286/286 282/282/282 281/281/281
f 281/281/281 283/283/283 292/292/292
f 281/281/281 292/292/292 291/291/291
f 286/286/286 290/290/290 280/280/280
f 283/283/283 284/284/284 293/293/293
f 283/283/283 293/293/293 292/292/292
f 293/293/293 284/284/284 287/287/287
f 287/287/287 288/288/288 295/295/295
f 287/287/287 295/295/295 294/294/294
f 297/297/297 291/291/291 292/292/292
f 297/297/297 292/292/292 298/298/298
f 286/286/286 296/296/296 290/290/290
f 294/294/294 299/299/299 300/300/300
f 294/294/294 300/300/300 293/293/293
f 298/298/298 292/292/292 293/293/293
f 298/298/298 293/293/293 300/300/300
f 299/299/299 294/294/294 295/295/295
f 299/299/299 295/295/295 301/301/301
f 302/302/302 303/303/303 253/253/253
f 302/302/302 253/253/253 250/250/250
f 303/303/303 304/304/304 254/254/254
f 303/303/303 254/254/254 253/253/253
f 254/254/254 304/304/304 305/305/305
f 254/254/254 305/305/305 255/255/255
f 258/258/258 306/306/306 308/308/308
f 258/258/258 308/308/308 309/309/309
f 257/257/257 255/255/255 305/305/305
f 306/306/306 258/258/258 257/257/257
f 307/307/307 303/303/303 302/302/302
f 258/258/258 309/309/309 260/260/260
f 258/258/258 260/260/260 259/259/259
f 304/304/304 312/312/312 313/313/313
f 304/304/304 313/313/313 311/311/311
f 311/311/311 257/257/257 305/305/305
f 302/302/302 210/210/210 265/265/265
f 307/307/307 302/302/302 265/265/265
f 303/303/303 312/312/312 304/304/304
f 311/311/311 313/313/313 308/308/308
f 311/311/311 308/308/308 257/257/257
f 308/308/308 314/314/314 315/315/315
f 308/308/308 315/315/315 309/309/309
f 265/265/265 316/316/316 317/317/317
f 265/265/265 317/317/317 307/307/307
f 315/315/315 310/310/310 309/309/309
f 318/318/318 319/319/319 312/312/312
f 318/318/318 312/312/312 307/307/307
f 312/312/312 319/319/319 320/320/320
f 312/312/312 320/320/320 313/313/313
f 321/321/321 322/322/322 314/314/314
f 321/321/321 314/314/314 313/313/313
f 314/314/314 322/322/322 323/323/323
f 314/314/314 323/323/323 315/315/315
f 274/274/274 324/324/324 316/316/316
f 274/274/274 316/316/316 267/267/267
f 324/324/324 318/318/318 317/317/317
f 324/324/324 317/317/317 316/316/316
f 328/328/328 329/329/329 320/320/320
f 328/328/328 320/320/320 319/319/319
f 325/325/325 319/319/319 318/318/318
f 320/320/320 329/329/329 330/330/330
f 320/320/320 330/330/330 321/321/321
f 330/330/330 331/331/331 322/322/322
f 330/330/330 322/322/322 321/321/321
f 331/331/331 335/335/335 323/323/323
f 331/331/331 323/323/323 322/322/322
f 332/332/332 333/333/333 318/318/318
f 332/332/332 318/318/318 324/324/324
f 328/328/328 319/319/319 325/325/325
f 328/328/328 325/325/325 333/333/333
f 333/333/333 325/325/325 318/318/318
f 336/336/336 337/337/337 333/333/333
f 336/336/336 333/333/333 332/332/332
f 282/282/282 324/324/324 276/276/276
f 282/282/282 332/332/332 324/324/324
f 334/334/334 328/328/328 327/327/327
f 329/329/329 328/328/328 334/334/334
f 336/336/336 332/332/332 280/280/280
f 340/340/340 341/341/341 330/330/330
f 340/340/340 330/330/330 329/329/329
f 335/335/335 345/345/345 338/338/338
f 335/335/335 338/338/338 326/326/326
f 335/335/335 330/330/330 341/341/341
f 337/337/337 339/339/339 327/327/327
f 343/343/343 326/326/326 338/338/338
f 344/344/344 334/334/334 339/339/339
f 340/340/340 334/334/334 344/344/344
f 345/345/345 341/341/341 342/342/342
f 345/345/345 335/335/335 341/341/341
f 336/336/336 346/346/346 347/347/347
f 336/336/336 347/347/347 337/337/337
f 346/346/346 336/336/336 290/290/290
f 339/339/339 348/348/348 349/349/349
f 339/339/339 349/349/349 344/344/344
f 337/337/337 347/347/347 339/339/339
f 344/344/344 349/349/349 350/350/350
f 344/344/344 350/350/350 340/340/340
f 340/340/340 350/350/350 351/351/351
f 340/340/340 351/351/351 341/341/341
f 42/42/42 353/353/353 356/356/356
f 42/42/42 356/356/356 47/47/47
f 341/341/341 351/351/351 342/342/342
f 352/352/352 338/338/338 345/345/345
f 347/347/347 348/348/348 339/339/339
f 353/353/353 354/354/354 357/357/357
f 353/353/353 357/357/357 356/356/356
f 355/355/355 358/358/358 357/357/357
f 355/355/355 357/357/357 354/354/354
f 47/47/47 356/356/356 359/359/359
f 47/47/47 359/359/359 52/52/52
f 356/356/356 357/357/357 360/360/360
f 356/356/356 360/360/360 359/359/359
f 357/357/357 358/358/358 361/361/361
f 357/357/357 361/361/361 360/360/360
f 362/362/362 365/365/365 69/69/69
f 362/362/362 69/69/69 62/62/62
f 69/69/69 365/365/365 353/353/353
f 69/69/69 353/353/353 42/42/42
f 363/363/363 366/366/366 365/365/365
f 363/363/363 365/365/365 362/362/362
f 365/365/365 366/366/366 354/354/354
f 365/365/365 354/354/354 353/353/353
f 364/364/364 367/367/367 366/366/366
f 364/364/364 366/366/366 363/363/363
f 366/366/366 367/367/367 355/355/355
f 366/366/366 355/355/355 354/354/354
f 355/355/355 367/367/367 369/369/369
f 355/355/355 369/369/369 358/358/358
f 368/368/368 370/370/370 369/369/369
f 368/368/368 369/369/369 367/367/367
f 52/52/52 359/359/359 371/371/371
f 52/52/52 371/371/371 79/79/79
f 371/371/371 359/359/359 360/360/360
f 371/371/371 360/360/360 372/372/372
f 372/372/372 360/360/360 361/361/361
f 372/372/372 361/361/361 373/373/373
f 369/369/369 373/373/373 361/361/361
f 369/369/369 361/361/361 358/358/358
f 369/369/369 370/370/370 374/374/374
f 369/369/369 374/374/374 373/373/373
f 364/364/364 375/375/375 377/377/377
f 364/364/364 377/377/377 367/367/367
f 376/376/376 378/378/378 377/377/377
f 376/376/376 377/377/377 375/375/375
f 377/377/377 378/378/378 368/368/368
f 377/377/377 368/368/368 367/367/367
f 368/368/368 378/378/378 380/380/380
f 368/368/368 380/380/380 370/370/370
f 379/379/379 381/381/381 380/380/380
f 379/379/379 380/380/380 378/378/378
f 382/382/382 373/373/373 374/374/374
f 382/382/382 374/374/374 383/383/383
f 380/380/380 383/383/383 374/374/374
f 380/380/380 374/374/374 370/370/370
f 380/380/380 381/381/381 384/384/384
f 380/380/380 384/384/384 383/383/383
f 385/385/385 388/388/388 362/362/362
f 385/385/385 362/362/362 93/93/93
f 388/388/388 386/386/386 363/363/363
f 388/388/388 363/363/363 362/362/362
f 388/388/388 385/385/385 386/386/386
f 386/386/386 387/387/387 375/375/375
f 386/386/386 375/375/375 363/363/363
f 387/387/387 389/389/389 376/376/376
f 387/387/387 376/376/376 375/375/375
f 376/376/376 389/389/389 390/390/390
f 376/376/376 390/390/390 378/378/378
f 390/390/390 391/391/391 379/379/379
f 390/390/390 379/379/379 378/378/378
f 379/379/379 391/391/391 393/393/393
f 379/379/379 393/393/393 381/381/381
f 392/392/392 394/394/394 393/393/393
f 392/392/392 393/393/393 391/391/391
f 395/395/395 383/383/383 384/384/384
f 395/395/395 384/384/384 396/396/396
f 393/393/393 396/396/396 384/384/384
f 393/393/393 384/384/384 381/381/381
f 393/393/393 394/394/394 397/397/397
f 393/393/393 397/397/397 396/396/396
f 112/112/112 398/398/398 385/385/385
f 112/112/112 385/385/385 103/103/103
f 398/398/398 399/399/399 386/386/386
f 398/398/398 386/386/386 385/385/385
f 399/399/399 400/400/400 387/387/387
f 399/399/399 387/387/387 386/386/386
f 400/400/400 401/401/401 389/389/389
f 400/400/400 389/389/389 387/387/387
f 389/389/389 402/402/402 404/404/404
f 389/389/389 404/404/404 391/391/391
f 403/403/403 405/405/405 404/404/404
f 403/403/403 404/404/404 402/402/402
f 404/404/404 405/405/405 392/392/392
f 404/404/404 392/392/392 391/391/391
f 392/392/392 405/405/405 407/407/407
f 392/392/392 407/407/407 394/394/394
f 406/406/406 408/408/408 407/407/407
f 406/406/406 407/407/407 405/405/405
f 409/409/409 396/396/396 397/397/397
f 409/409/409 397/397/397 410/410/410
f 407/407/407 410/410/410 397/397/397
f 407/407/407 397/397/397 394/394/394
f 407/407/407 408/408/408 411/411/411
f 407/407/407 411/411/411 410/410/410
f 399/399/399 413/413/413 414/414/414
f 399/399/399 414/414/414 400/400/400
f 225/225/225 420/420/420 412/412/412
f 225/225/225 412/412/412 122/122/122
f 403/403/403 402/402/402 416/416/416
f 417/417/417 405/405/405 403/403/403
f 406/406/406 405/405/405 417/417/417
f 423/423/423 424/424/424 417/417/417
f 423/423/423 417/417/417 422/422/422
f 415/415/415 414/414/414 421/421/421
f 406/406/406 424/424/424 426/426/426
f 406/406/406 426/426/426 408/408/408
f 425/425/425 427/427/427 426/426/426
f 425/425/425 426/426/426 424/424/424
f 426/426/426 428/428/428 411/411/411
f 426/426/426 411/411/411 408/408/408
f 411/411/411 428/428/428 418/418/418
f 426/426/426 427/427/427 429/429/429
f 426/426/426 429/429/429 428/428/428
f 420/420/420 430/430/430 431/431/431
f 420/420/420 431/431/431 413/413/413
f 419/419/419 225/225/225 231/231/231
f 430/430/430 420/420/420 419/419/419
f 233/233/233 437/437/437 430/430/430
f 233/233/233 430/430/430 419/419/419
f 421/421/421 413/413/413 431/431/431
f 423/423/423 422/422/422 433/433/433
f 434/434/434 424/424/424 423/423/423
f 425/425/425 424/424/424 434/434/434
f 435/435/435 427/427/427 425/425/425
f 429/429/429 427/427/427 435/435/435
f 419/419/419 231/231/231 233/233/233
f 439/439/439 440/440/440 431/431/431
f 439/439/439 431/431/431 438/438/438
f 421/421/421 440/440/440 441/441/441
f 421/421/421 441/441/441 432/432/432
f 443/443/443 444/444/444 434/434/434
f 443/443/443 434/434/434 442/442/442
f 425/425/425 444/444/444 445/445/445
f 425/425/425 445/445/445 435/435/435
f 445/445/445 446/446/446 429/429/429
f 445/445/445 429/429/429 435/435/435
f 429/429/429 446/446/446 436/436/436
f 437/437/437 447/447/447 448/448/448
f 437/437/437 448/448/448 438/438/438
f 447/447/447 437/437/437 233/233/233
f 451/451/451 452/452/452 433/433/433
f 451/451/451 433/433/433 450/450/450
f 439/439/439 438/438/438 448/448/448
f 440/440/440 439/439/439 449/449/449
f 444/444/444 453/453/453 454/454/454
f 444/444/444 454/454/454 445/445/445
f 443/443/443 442/442/442 452/452/452
f 453/453/453 444/444/444 443/443/443
f 454/454/454 455/455/455 446/446/446
f 454/454/454 446/446/446 445/445/445
f 237/237/237 239/239/239 456/456/456
f 237/237/237 456/456/456 447/447/447
f 459/459/459 460/460/460 449/449/449
f 459/459/459 449/449/449 458/458/458
f 449/449/449 439/439/439 458/458/458
f 449/449/449 460/460/460 441/441/441
f 449/449/449 441/441/441 440/440/440
f 443/443/443 461/461/461 462/462/462
f 443/443/443 462/462/462 453/453/453
f 457/457/457 464/464/464 465/465/465
f 457/457/457 465/465/465 448/448/448
f 464/464/464 457/457/457 456/456/456
f 448/448/448 465/465/465 466/466/466
f 448/448/448 466/466/466 458/458/458
f 467/467/467 468/468/468 451/451/451
f 467/467/467 451/451/451 450/450/450
f 459/459/459 458/458/458 466/466/466
f 451/451/451 468/468/468 469/469/469
f 451/451/451 469/469/469 452/452/452
f 245/245/245 252/252/252 464/464/464
f 245/245/245 464/464/464 456/456/456
f 461/461/461 452/452/452 469/469/469
f 470/470/470 471/471/471 469/469/469
f 470/470/470 469/469/469 468/468/468
f 252/252/252 472/472/472 473/473/473
f 252/252/252 473/473/473 465/465/465
f 475/475/475 476/476/476 460/460/460
f 475/475/475 460/460/460 459/459/459
f 473/473/473 466/466/466 465/465/465
f 459/459/459 466/466/466 474/474/474
f 467/467/467 476/476/476 477/477/477
f 467/467/467 477/477/477 468/468/468
f 478/478/478 479/479/479 454/454/454
f 478/478/478 454/454/454 453/453/453
f 470/470/470 468/468/468 477/477/477
f 454/454/454 479/479/479 480/480/480
f 454/454/454 480/480/480 455/455/455
f 481/481/481 482/482/482 462/462/462
f 481/481/481 462/462/462 461/461/461
f 478/478/478 453/453/453 462/462/462
f 478/478/478 482/482/482 483/483/483
f 478/478/478 483/483/483 479/479/479
f 483/483/483 484/484/484 480/480/480
f 483/483/483 480/480/480 479/479/479
f 480/480/480 484/484/484 463/463/463
f 471/471/471 485/485/485 481/481/481
f 471/471/471 481/481/481 461/461/461
f 481/481/481 485/485/485 486/486/486
f 481/481/481 486/486/486 482/482/482
f 488/488/488 490/490/490 489/489/489
f 488/488/488 489/489/489 486/486/486
f 483/483/483 482/482/482 486/486/486
f 487/487/487 484/484/484 483/483/483
f 489/489/489 483/483/483 486/486/486
f 472/472/472 310/310/310 491/491/491
f 472/472/472 491/491/491 473/473/473
f 487/487/487 483/483/483 489/489/489
f 490/490/490 487/487/487 489/489/489
f 310/310/310 472/472/472 260/260/260
f 495/495/495 496/496/496 471/471/471
f 495/495/495 471/471/471 470/470/470
f 492/492/492 459/459/459 474/474/474
f 475/475/475 459/459/459 492/492/492
f 494/494/494 473/473/473 491/491/491
f 497/497/497 498/498/498 492/492/492
f 497/497/497 492/492/492 474/474/474
f 497/497/497 474/474/474 494/494/494
f 323/323/323 326/326/326 500/500/500
f 323/323/323 500/500/500 493/493/493
f 475/475/475 492/492/492 498/498/498
f 499/499/499 476/476/476 475/475/475
f 477/477/477 476/476/476 499/499/499
f 502/502/502 503/503/503 499/499/499
f 502/502/502 499/499/499 501/501/501
f 497/497/497 507/507/507 508/508/508
f 497/497/497 508/508/508 498/498/498
f 495/495/495 477/477/477 503/503/503
f 494/494/494 491/491/491 504/504/504
f 506/506/506 509/509/509 494/494/494
f 506/506/506 494/494/494 504/504/504
f 343/343/343 500/500/500 326/326/326
f 506/506/506 500/500/500 343/343/343
f 511/511/511 512/512/512 502/502/502
f 511/511/511 502/502/502 501/501/501
f 507/507/507 494/494/494 509/509/509
f 512/512/512 513/513/513 503/503/503
f 512/512/512 503/503/503 502/502/502
f 516/516/516 487/487/487 490/490/490
f 516/516/516 490/490/490 517/517/517
f 510/510/510 503/503/503 513/513/513
f 514/514/514 486/486/486 485/485/485
f 488/488/488 486/486/486 514/514/514
f 515/515/515 490/490/490 488/488/488
f 496/496/496 518/518/518 485/485/485
f 496/496/496 485/485/485 471/471/471
f 521/521/521 522/522/522 514/514/514
f 521/521/521 514/514/514 518/518/518
f 520/520/520 517/517/517 515/515/515
f 519/519/519 522/522/522 523/523/523
f 519/519/519 523/523/523 515/515/515
f 523/523/523 524/524/524 520/520/520
f 523/523/523 520/520/520 515/515/515
f 526/526/526 527/527/527 496/496/496
f 526/526/526 496/496/496 495/495/495
f 527/527/527 528/528/528 521/521/521
f 527/527/527 521/521/521 518/518/518
f 521/521/521 528/528/528 529/529/529
f 521/521/521 529/529/529 522/522/522
f 529/529/529 530/530/530 523/523/523
f 529/529/529 523/523/523 522/522/522
f 530/530/530 531/531/531 525/525/525
f 530/530/530 525/525/525 524/524/524
f 530/530/530 524/524/524 523/523/523
f 532/532/532 533/533/533 531/531/531
f 532/532/532 531/531/531 530/530/530
f 526/526/526 495/495/495 505/505/505
f 532/532/532 530/530/530 529/529/529
f 534/534/534 535/535/535 532/532/532
f 534/534/534 532/532/532 529/529/529
f 510/510/510 536/536/536 526/526/526
f 510/510/510 526/526/526 505/505/505
f 533/533/533 532/532/532 535/535/535
f 526/526/526 536/536/536 537/537/537
f 526/526/526 537/537/537 527/527/527
f 537/537/537 538/538/538 528/528/528
f 537/537/537 528/528/528 527/527/527
f 534/534/534 540/540/540 541/541/541
f 534/534/534 541/541/541 539/539/539
f 534/534/534 528/528/528 538/538/538
f 540/540/540 534/534/534 538/538/538
f 543/543/543 544/544/544 546/546/546
f 543/543/543 546/546/546 545/545/545
f 11/11/11 543/543/543 548/548/548
f 11/11/11 548/548/548 10/10/10
f 543/543/543 545/545/545 549/549/549
f 543/543/543 549/549/549 548/548/548
f 12/12/12 543/543/543 11/11/11
f 12/12/12 544/544/544 543/543/543
f 545/545/545 551/551/551 550/550/550
f 545/545/545 550/550/550 549/549/549
f 546/546/546 552/552/552 551/551/551
f 546/546/546 551/551/551 545/545/545
f 10/10/10 548/548/548 554/554/554
f 10/10/10 554/554/554 20/20/20
f 547/547/547 552/552/552 546/546/546
f 553/553/553 551/551/551 552/552/552
f 555/555/555 549/549/549 550/550/550
f 555/555/555 550/550/550 556/556/556
f 555/555/555 554/554/554 548/548/548
f 549/549/549 555/555/555 548/548/548
f 551/551/551 558/558/558 557/557/557
f 551/551/551 557/557/557 556/556/556
f 551/551/551 556/556/556 550/550/550
f 561/561/561 554/554/554 555/555/555
f 561/561/561 555/555/555 562/562/562
f 553/553/553 558/558/558 551/551/551
f 559/559/559 558/558/558 553/553/553
f 554/554/554 561/561/561 20/20/20
f 564/564/564 556/556/556 557/557/557
f 564/564/564 557/557/557 566/566/566
f 563/563/563 562/562/562 555/555/555
f 564/564/564 562/562/562 563/563/563
f 556/556/556 564/564/564 563/563/563
f 558/558/558 568/568/568 567/567/567
f 558/558/558 567/567/567 566/566/566
f 558/558/558 566/566/566 557/557/557
f 39/39/39 561/561/561 570/570/570
f 39/39/39 570/570/570 38/38/38
f 559/559/559 568/568/568 558/558/558
f 560/560/560 568/568/568 559/559/559
f 569/569/569 568/568/568 560/560/560
f 561/561/561 562/562/562 571/571/571
f 561/561/561 571/571/571 570/570/570
f 561/561/561 39/39/39 20/20/20
f 574/574/574 568/568/568 569/569/569
f 574/574/574 569/569/569 575/575/575
f 572/572/572 571/571/571 562/562/562
f 564/564/564 572/572/572 562/562/562
f 48/48/48 43/43/43 579/579/579
f 48/48/48 579/579/579 578/578/578
f 576/576/576 575/575/575 569/569/569
f 579/579/579 582/582/582 581/581/581
f 579/579/579 581/581/581 578/578/578
f 579/579/579 43/43/43 49/49/49
f 579/579/579 580/580/580 584/584/584
f 579/579/579 584/584/584 583/583/583
f 583/583/583 582/582/582 579/579/579
f 583/583/583 586/586/586 585/585/585
f 583/583/583 585/585/585 582/582/582
f 3/3/3 48/48/48 578/578/578
f 3/3/3 578/578/578 544/544/544
f 78/78/78 588/588/588 587/587/587
f 78/78/78 587/587/587 77/77/77
f 76/76/76 580/580/580 49/49/49
f 79/79/79 589/589/589 588/588/588
f 79/79/79 588/588/588 78/78/78
f 578/578/578 581/581/581 590/590/590
f 578/578/578 590/590/590 544/544/544
f 587/587/587 592/592/592 584/584/584
f 587/587/587 584/584/584 580/580/580
f 588/588/588 593/593/593 592/592/592
f 588/588/588 592/592/592 587/587/587
f 588/588/588 589/589/589 594/594/594
f 588/588/588 594/594/594 593/593/593
f 590/590/590 581/581/581 595/595/595
f 590/590/590 595/595/595 547/547/547
f 547/547/547 546/546/546 590/590/590
f 591/591/591 582/582/582 585/585/585
f 591/591/591 585/585/585 596/596/596
f 595/595/595 581/581/581 591/591/591
f 585/585/585 586/586/586 597/597/597
f 585/585/585 597/597/597 596/596/596
f 592/592/592 598/598/598 586/586/586
f 592/592/592 586/586/586 584/584/584
f 586/586/586 598/598/598 597/597/597
f 593/593/593 600/600/600 599/599/599
f 593/593/593 599/599/599 592/592/592
f 599/599/599 598/598/598 592/592/592
f 595/595/595 601/601/601 607/607/607
f 595/595/595 607/607/607 547/547/547
f 596/596/596 602/602/602 601/601/601
f 596/596/596 601/601/601 595/595/595
f 597/597/597 603/603/603 602/602/602
f 597/597/597 602/602/602 596/596/596
f 597/597/597 598/598/598 604/604/604
f 597/597/597 604/604/604 603/603/603
f 599/599/599 605/605/605 604/604/604
f 599/599/599 604/604/604 598/598/598
f 606/606/606 608/608/608 600/600/600
f 606/606/606 600/600/600 594/594/594
f 594/594/594 589/589/589 606/606/606
f 607/607/607 552/552/552 547/547/547
f 607/607/607 609/609/609 553/553/553
f 607/607/607 553/553/553 552/552/552
f 610/610/610 604/604/604 605/605/605
f 610/610/610 605/605/605 611/611/611
f 601/601/601 609/609/609 607/607/607
f 604/604/604 610/610/610 603/603/603
f 608/608/608 612/612/612 605/605/605
f 608/608/608 605/605/605 600/600/600
f 605/605/605 612/612/612 611/611/611
f 601/601/601 614/614/614 613/613/613
f 601/601/601 613/613/613 609/609/609
f 618/618/618 612/612/612 608/608/608
f 602/602/602 615/615/615 614/614/614
f 602/602/602 614/614/614 601/601/601
f 603/603/603 616/616/616 615/615/615
f 603/603/603 615/615/615 602/602/602
f 619/619/619 612/612/612 618/618/618
f 619/619/619 618/618/618 620/620/620
f 616/616/616 603/603/603 610/610/610
f 609/609/609 559/559/559 553/553/553
f 609/609/609 621/621/621 560/560/560
f 609/609/609 560/560/560 559/559/559
f 622/622/622 610/610/610 617/617/617
f 622/622/622 617/617/617 623/623/623
f 613/613/613 621/621/621 609/609/609
f 614/614/614 621/621/621 613/613/613
f 610/610/610 622/622/622 616/616/616
f 615/615/615 625/625/625 624/624/624
f 615/615/615 624/624/624 614/614/614
f 617/617/617 619/619/619 623/623/623
f 617/617/617 612/612/612 619/619/619
f 624/624/624 621/621/621 614/614/614
f 616/616/616 626/626/626 625/625/625
f 616/616/616 625/625/625 615/615/615
f 628/628/628 623/623/623 619/619/619
f 628/628/628 619/619/619 629/629/629
f 622/622/622 626/626/626 616/616/616
f 629/629/629 619/619/619 620/620/620
f 629/629/629 620/620/620 627/627/627
f 621/621/621 630/630/630 569/569/569
f 621/621/621 569/569/569 560/560/560
f 632/632/632 622/622/622 623/623/623
f 632/632/632 623/623/623 628/628/628
f 624/624/624 630/630/630 621/621/621
f 631/631/631 630/630/630 624/624/624
f 625/625/625 631/631/631 624/624/624
f 622/622/622 632/632/632 626/626/626
f 626/626/626 635/635/635 634/634/634
f 626/626/626 634/634/634 625/625/625
f 634/634/634 631/631/631 625/625/625
f 637/637/637 628/628/628 629/629/629
f 637/637/637 629/629/629 638/638/638
f 632/632/632 635/635/635 626/626/626
f 630/630/630 576/576/576 569/569/569
f 631/631/631 639/639/639 577/577/577
f 631/631/631 577/577/577 630/630/630
f 633/633/633 627/627/627 636/636/636
f 577/577/577 576/576/576 630/630/630
f 151/151/151 38/38/38 570/570/570
f 151/151/151 570/570/570 643/643/643
f 634/634/634 639/639/639 631/631/631
f 640/640/640 639/639/639 634/634/634
f 635/635/635 640/640/640 634/634/634
f 632/632/632 641/641/641 635/635/635
f 642/642/642 641/641/641 637/637/637
f 643/643/643 570/570/570 571/571/571
f 643/643/643 571/571/571 644/644/644
f 644/644/644 571/571/571 572/572/572
f 644/644/644 572/572/572 645/645/645
f 646/646/646 572/572/572 565/565/565
f 646/646/646 565/565/565 647/647/647
f 646/646/646 645/645/645 572/572/572
f 575/575/575 576/576/576 650/650/650
f 575/575/575 650/650/650 649/649/649
f 573/573/573 647/647/647 565/565/565
f 567/567/567 648/648/648 573/573/573
f 574/574/574 648/648/648 567/567/567
f 649/649/649 648/648/648 574/574/574
f 575/575/575 649/649/649 574/574/574
f 650/650/650 576/576/576 577/577/577
f 650/650/650 577/577/577 651/651/651
f 160/160/160 151/151/151 643/643/643
f 160/160/160 643/643/643 652/652/652
f 643/643/643 644/644/644 653/653/653
f 643/643/643 653/653/653 652/652/652
f 653/653/653 644/644/644 645/645/645
f 653/653/653 645/645/645 654/654/654
f 646/646/646 656/656/656 655/655/655
f 646/646/646 655/655/655 654/654/654
f 646/646/646 654/654/654 645/645/645
f 657/657/657 648/648/648 649/649/649
f 657/657/657 649/649/649 658/658/658
f 647/647/647 656/656/656 646/646/646
f 647/647/647 657/657/657 656/656/656
f 168/168/168 160/160/160 652/652/652
f 168/168/168 652/652/652 660/660/660
f 650/650/650 658/658/658 649/649/649
f 659/659/659 658/658/658 650/650/650
f 651/651/651 659/659/659 650/650/650
f 660/660/660 652/652/652 653/653/653
f 660/660/660 653/653/653 661/661/661
f 663/663/663 657/657/657 658/658/658
f 663/663/663 658/658/658 664/664/664
f 663/663/663 662/662/662 657/657/657
f 664/664/664 658/658/658 659/659/659
f 664/664/664 659/659/659 665/665/665
f 660/660/660 661/661/661 668/668/668
f 660/660/660 668/668/668 667/667/667
f 666/666/666 665/665/665 659/659/659
f 669/669/669 661/661/661 655/655/655
f 669/669/669 655/655/655 670/670/670
f 669/669/669 668/668/668 661/661/661
f 655/655/655 662/662/662 671/671/671
f 655/655/655 671/671/671 670/670/670
f 662/662/662 663/663/663 672/672/672
f 662/662/662 672/672/672 671/671/671
f 672/672/672 663/663/663 664/664/664
f 672/672/672 664/664/664 673/673/673
f 673/673/673 664/664/664 665/665/665
f 673/673/673 665/665/665 674/674/674
f 168/168/168 667/667/667 675/675/675
f 168/168/168 675/675/675 188/188/188
f 667/667/667 668/668/668 676/676/676
f 667/667/667 676/676/676 675/675/675
f 668/668/668 669/669/669 677/677/677
f 668/668/668 677/677/677 676/676/676
f 669/669/669 670/670/670 678/678/678
f 669/669/669 678/678/678 677/677/677
f 678/678/678 670/670/670 671/671/671
f 678/678/678 671/671/671 679/679/679
f 679/679/679 671/671/671 672/672/672
f 679/679/679 672/672/672 680/680/680
f 672/672/672 673/673/673 681/681/681
f 672/672/672 681/681/681 680/680/680
f 673/673/673 674/674/674 682/682/682
f 673/673/673 682/682/682 681/681/681
f 684/684/684 675/675/675 676/676/676
f 684/684/684 676/676/676 685/685/685
f 674/674/674 683/683/683 682/682/682
f 685/685/685 676/676/676 677/677/677
f 685/685/685 677/677/677 686/686/686
f 688/688/688 679/679/679 680/680/680
f 688/688/688 680/680/680 689/689/689
f 678/678/678 686/686/686 677/677/677
f 679/679/679 687/687/687 678/678/678
f 688/688/688 687/687/687 679/679/679
f 691/691/691 690/690/690 682/682/682
f 691/691/691 682/682/682 692/692/692
f 681/681/681 690/690/690 689/689/689
f 682/682/682 690/690/690 681/681/681
f 189/189/189 684/684/684 693/693/693
f 189/189/189 693/693/693 207/207/207
f 683/683/683 692/692/692 682/682/682
f 693/693/693 684/684/684 685/685/685
f 693/693/693 685/685/685 694/694/694
f 697/697/697 696/696/696 688/688/688
f 697/697/697 688/688/688 698/698/698
f 686/686/686 694/694/694 685/685/685
f 686/686/686 695/695/695 694/694/694
f 687/687/687 695/695/695 686/686/686
f 696/696/696 695/695/695 687/687/687
f 688/688/688 696/696/696 687/687/687
f 699/699/699 689/689/689 690/690/690
f 699/699/699 690/690/690 700/700/700
f 689/689/689 698/698/698 688/688/688
f 699/699/699 698/698/698 689/689/689
f 207/207/207 693/693/693 701/701/701
f 207/207/207 701/701/701 217/217/217
f 218/218/218 217/217/217 701/701/701
f 218/218/218 701/701/701 702/702/702
f 694/694/694 695/695/695 704/704/704
f 694/694/694 704/704/704 703/703/703
f 701/701/701 703/703/703 702/702/702
f 694/694/694 703/703/703 701/701/701
f 706/706/706 705/705/705 698/698/698
f 706/706/706 698/698/698 707/707/707
f 696/696/696 704/704/704 695/695/695
f 696/696/696 705/705/705 704/704/704
f 697/697/697 705/705/705 696/696/696
f 698/698/698 705/705/705 697/697/697
f 699/699/699 700/700/700 708/708/708
f 699/699/699 708/708/708 707/707/707
f 699/699/699 707/707/707 698/698/698
f 577/577/577 639/639/639 710/710/710
f 577/577/577 710/710/710 651/651/651
f 633/633/633 709/709/709 638/638/638
f 710/710/710 639/639/639 640/640/640
f 710/710/710 640/640/640 711/711/711
f 640/640/640 635/635/635 712/712/712
f 640/640/640 712/712/712 711/711/711
f 635/635/635 641/641/641 713/713/713
f 635/635/635 713/713/713 712/712/712
f 713/713/713 641/641/641 642/642/642
f 713/713/713 642/642/642 714/714/714
f 638/638/638 709/709/709 716/716/716
f 638/638/638 716/716/716 715/715/715
f 642/642/642 715/715/715 714/714/714
f 651/651/651 710/710/710 719/719/719
f 651/651/651 719/719/719 718/718/718
f 718/718/718 659/659/659 651/651/651
f 720/720/720 713/713/713 714/714/714
f 720/720/720 714/714/714 721/721/721
f 713/713/713 720/720/720 712/712/712
f 711/711/711 712/712/712 723/723/723
f 711/711/711 723/723/723 722/722/722
f 716/716/716 709/709/709 717/717/717
f 711/711/711 722/722/722 719/719/719
f 712/712/712 720/720/720 724/724/724
f 712/712/712 724/724/724 723/723/723
f 718/718/718 719/719/719 726/726/726
f 718/718/718 726/726/726 666/666/666
f 728/728/728 721/721/721 716/716/716
f 728/728/728 716/716/716 725/725/725
f 721/721/721 727/727/727 720/720/720
f 721/721/721 728/728/728 727/727/727
f 726/726/726 719/719/719 722/722/722
f 726/726/726 722/722/722 729/729/729
f 716/716/716 717/717/717 725/725/725
f 722/722/722 723/723/723 731/731/731
f 722/722/722 731/731/731 730/730/730
f 730/730/730 729/729/729 722/722/722
f 734/734/734 727/727/727 728/728/728
f 734/734/734 728/728/728 735/735/735
f 727/727/727 724/724/724 720/720/720
f 733/733/733 674/674/674 666/666/666
f 726/726/726 729/729/729 736/736/736
f 726/726/726 736/736/736 733/733/733
f 736/736/736 729/729/729 730/730/730
f 736/736/736 730/730/730 737/737/737
f 730/730/730 731/731/731 738/738/738
f 730/730/730 738/738/738 737/737/737
f 731/731/731 724/724/724 739/739/739
f 731/731/731 739/739/739 738/738/738
f 739/739/739 724/724/724 727/727/727
f 739/739/739 727/727/727 734/734/734
f 683/683/683 674/674/674 733/733/733
f 683/683/683 733/733/733 741/741/741
f 734/734/734 735/735/735 745/745/745
f 734/734/734 745/745/745 744/744/744
f 732/732/732 740/740/740 746/746/746
f 732/732/732 746/746/746 735/735/735
f 746/746/746 745/745/745 735/735/735
f 741/741/741 733/733/733 736/736/736
f 741/741/741 736/736/736 747/747/747
f 741/741/741 747/747/747 742/742/742
f 748/748/748 738/738/738 739/739/739
f 748/748/748 739/739/739 743/743/743
f 737/737/737 747/747/747 736/736/736
f 738/738/738 748/748/748 737/737/737
f 739/739/739 734/734/734 744/744/744
f 739/739/739 744/744/744 743/743/743
f 683/683/683 741/741/741 751/751/751
f 683/683/683 751/751/751 692/692/692
f 751/751/751 741/741/741 742/742/742
f 751/751/751 742/742/742 752/752/752
f 743/743/743 744/744/744 756/756/756
f 743/743/743 756/756/756 755/755/755
f 756/756/756 744/744/744 745/745/745
f 756/756/756 745/745/745 749/749/749
f 742/742/742 747/747/747 737/737/737
f 742/742/742 737/737/737 753/753/753
f 746/746/746 750/750/750 749/749/749
f 746/746/746 749/749/749 745/745/745
f 753/753/753 737/737/737 748/748/748
f 753/753/753 748/748/748 757/757/757
f 757/757/757 754/754/754 753/753/753
f 749/749/749 750/750/750 760/760/760
f 749/749/749 760/760/760 759/759/759
f 757/757/757 755/755/755 754/754/754
f 758/758/758 691/691/691 692/692/692
f 758/758/758 692/692/692 761/761/761
f 753/753/753 754/754/754 763/763/763
f 753/753/753 763/763/763 762/762/762
f 751/751/751 761/761/761 692/692/692
f 752/752/752 761/761/761 751/751/751
f 753/753/753 762/762/762 752/752/752
f 754/754/754 755/755/755 764/764/764
f 754/754/754 764/764/764 763/763/763
f 764/764/764 755/755/755 756/756/756
f 764/764/764 756/756/756 765/765/765
f 752/752/752 762/762/762 769/769/769
f 752/752/752 769/769/769 766/766/766
f 749/749/749 765/765/765 756/756/756
f 768/768/768 767/767/767 759/759/759
f 752/752/752 766/766/766 761/761/761
f 762/762/762 763/763/763 770/770/770
f 762/762/762 770/770/770 769/769/769
f 763/763/763 764/764/764 771/771/771
f 763/763/763 771/771/771 770/770/770
f 771/771/771 764/764/764 765/765/765
f 771/771/771 765/765/765 772/772/772
f 767/767/767 772/772/772 765/765/765
f 767/767/767 765/765/765 759/759/759
f 767/767/767 768/768/768 773/773/773
f 767/767/767 773/773/773 772/772/772
f 218/218/218 702/702/702 775/775/775
f 218/218/218 775/775/775 264/264/264
f 774/774/774 773/773/773 768/768/768
f 775/775/775 702/702/702 703/703/703
f 775/775/775 703/703/703 776/776/776
f 776/776/776 703/703/703 777/777/777
f 776/776/776 777/777/777 778/778/778
f 784/784/784 778/778/778 705/705/705
f 784/784/784 705/705/705 706/706/706
f 704/704/704 778/778/778 777/777/777
f 705/705/705 778/778/778 704/704/704
f 780/780/780 708/708/708 781/781/781
f 780/780/780 781/781/781 779/779/779
f 264/264/264 775/775/775 782/782/782
f 264/264/264 782/782/782 273/273/273
f 775/775/775 776/776/776 783/783/783
f 775/775/775 783/783/783 782/782/782
f 783/783/783 776/776/776 784/784/784
f 783/783/783 784/784/784 785/785/785
f 784/784/784 706/706/706 786/786/786
f 784/784/784 786/786/786 785/785/785
f 786/786/786 706/706/706 779/779/779
f 786/786/786 779/779/779 787/787/787
f 787/787/787 789/789/789 788/788/788
f 787/787/787 788/788/788 786/786/786
f 789/789/789 779/779/779 781/781/781
f 789/789/789 781/781/781 790/790/790
f 779/779/779 789/789/789 787/787/787
f 273/273/273 782/782/782 793/793/793
f 273/273/273 793/793/793 279/279/279
f 792/792/792 793/793/793 795/795/795
f 792/792/792 795/795/795 794/794/794
f 782/782/782 783/783/783 795/795/795
f 782/782/782 795/795/795 793/793/793
f 795/795/795 797/797/797 796/796/796
f 795/795/795 796/796/796 794/794/794
f 783/783/783 785/785/785 797/797/797
f 783/783/783 797/797/797 795/795/795
f 797/797/797 799/799/799 798/798/798
f 797/797/797 798/798/798 796/796/796
f 797/797/797 785/785/785 786/786/786
f 797/797/797 786/786/786 799/799/799
f 800/800/800 802/802/802 801/801/801
f 800/800/800 801/801/801 788/788/788
f 800/800/800 789/789/789 790/790/790
f 800/800/800 790/790/790 802/802/802
f 279/279/279 793/793/793 792/792/792
f 279/279/279 792/792/792 285/285/285
f 804/804/804 799/799/799 788/788/788
f 804/804/804 788/788/788 805/805/805
f 802/802/802 807/807/807 806/806/806
f 802/802/802 806/806/806 801/801/801
f 285/285/285 792/792/792 808/808/808
f 285/285/285 808/808/808 288/288/288
f 791/791/791 807/807/807 802/802/802
f 808/808/808 792/792/792 794/794/794
f 808/808/808 794/794/794 809/809/809
f 811/811/811 805/805/805 801/801/801
f 811/811/811 801/801/801 812/812/812
f 814/814/814 809/809/809 803/803/803
f 814/814/814 803/803/803 815/815/815
f 809/809/809 814/814/814 808/808/808
f 815/815/815 803/803/803 810/810/810
f 815/815/815 810/810/810 816/816/816
f 816/816/816 810/810/810 804/804/804
f 816/816/816 804/804/804 817/817/817
f 811/811/811 819/819/819 818/818/818
f 811/811/811 818/818/818 817/817/817
f 811/811/811 817/817/817 804/804/804
f 819/819/819 812/812/812 806/806/806
f 819/819/819 806/806/806 820/820/820
f 812/812/812 819/819/819 811/811/811
f 288/288/288 808/808/808 822/822/822
f 288/288/288 822/822/822 295/295/295
f 1/1/1 2/2/2 9/9/9
f 1/1/1 9/9/9 8/8/8
f 813/813/813 821/821/821 820/820/820
f 822/822/822 808/808/808 814/814/814
f 822/822/822 814/814/814 823/823/823
f 814/814/814 815/815/815 824/824/824
f 814/814/814 824/824/824 823/823/823
f 815/815/815 816/816/816 825/825/825
f 815/815/815 825/825/825 824/824/824
f 816/816/816 817/817/817 826/826/826
f 816/816/816 826/826/826 825/825/825
f 828/828/828 820/820/820 821/821/821
f 828/828/828 821/821/821 829/829/829
f 820/820/820 828/828/828 827/827/827
f 301/301/301 295/295/295 822/822/822
f 301/301/301 822/822/822 830/830/830
f 830/830/830 822/822/822 823/823/823
f 830/830/830 823/823/823 831/831/831
f 831/831/831 823/823/823 824/824/824
f 831/831/831 824/824/824 832/832/832
f 824/824/824 825/825/825 833/833/833
f 824/824/824 833/833/833 832/832/832
f 825/825/825 826/826/826 834/834/834
f 825/825/825 834/834/834 833/833/833
f 826/826/826 818/818/818 835/835/835
f 826/826/826 835/835/835 834/834/834
f 835/835/835 818/818/818 827/827/827
f 835/835/835 827/827/827 836/836/836
f 836/836/836 827/827/827 828/828/828
f 836/836/836 828/828/828 837/837/837
f 781/781/781 708/708/708 758/758/758
f 781/781/781 758/758/758 838/838/838
f 838/838/838 758/758/758 766/766/766
f 838/838/838 766/766/766 839/839/839
f 839/839/839 840/840/840 847/847/847
f 839/839/839 847/847/847 838/838/838
f 840/840/840 766/766/766 769/769/769
f 840/840/840 769/769/769 841/841/841
f 766/766/766 840/840/840 839/839/839
f 769/769/769 770/770/770 842/842/842
f 769/769/769 842/842/842 841/841/841
f 770/770/770 771/771/771 843/843/843
f 770/770/770 843/843/843 842/842/842
f 771/771/771 772/772/772 844/844/844
f 771/771/771 844/844/844 843/843/843
f 773/773/773 774/774/774 846/846/846
f 773/773/773 846/846/846 845/845/845
f 850/850/850 841/841/841 842/842/842
f 781/781/781 838/838/838 847/847/847
f 781/781/781 847/847/847 790/790/790
f 847/847/847 848/848/848 791/791/791
f 847/847/847 791/791/791 790/790/790
f 847/847/847 840/840/840 849/849/849
f 847/847/847 849/849/849 848/848/848
f 840/840/840 841/841/841 850/850/850
f 840/840/840 850/850/850 849/849/849
f 850/850/850 852/852/852 851/851/851
f 850/850/850 851/851/851 849/849/849
f 850/850/850 842/842/842 853/853/853
f 850/850/850 853/853/853 852/852/852
f 842/842/842 843/843/843 854/854/854
f 842/842/842 854/854/854 853/853/853
f 843/843/843 844/844/844 855/855/855
f 843/843/843 855/855/855 854/854/854
f 791/791/791 857/857/857 860/860/860
f 791/791/791 860/860/860 807/807/807
f 846/846/846 856/856/856 845/845/845
f 849/849/849 857/857/857 848/848/848
f 857/857/857 851/851/851 861/861/861
f 857/857/857 861/861/861 860/860/860
f 853/853/853 854/854/854 866/866/866
f 853/853/853 866/866/866 858/858/858
f 862/862/862 813/813/813 860/860/860
f 861/861/861 862/862/862 860/860/860
f 863/863/863 837/837/837 829/829/829
f 856/856/856 864/864/864 845/845/845
f 865/865/865 851/851/851 852/852/852
f 865/865/865 852/852/852 858/858/858
f 854/854/854 855/855/855 867/867/867
f 854/854/854 867/867/867 866/866/866
f 861/861/861 851/851/851 865/865/865
f 861/861/861 865/865/865 868/868/868
f 856/856/856 859/859/859 864/864/864
f 865/865/865 858/858/858 869/869/869
f 865/865/865 869/869/869 868/868/868
f 864/864/864 859/859/859 871/871/871
f 864/864/864 871/871/871 870/870/870
f 866/866/866 869/869/869 858/858/858
f 864/864/864 870/870/870 867/867/867
f 867/867/867 873/873/873 872/872/872
f 867/867/867 872/872/872 866/866/866
f 861/861/861 875/875/875 874/874/874
f 861/861/861 874/874/874 862/862/862
f 868/868/868 869/869/869 877/877/877
f 868/868/868 877/877/877 876/876/876
f 868/868/868 875/875/875 861/861/861
f 876/876/876 875/875/875 868/868/868
f 869/869/869 872/872/872 880/880/880
f 869/869/869 880/880/880 879/879/879
f 871/871/871 878/878/878 870/870/870
f 869/869/869 879/879/879 877/877/877
f 872/872/872 873/873/873 881/881/881
f 872/872/872 881/881/881 880/880/880
f 870/870/870 878/878/878 883/883/883
f 870/870/870 883/883/883 882/882/882
f 873/873/873 882/882/882 881/881/881
f 884/884/884 876/876/876 877/877/877
f 884/884/884 877/877/877 885/885/885
f 877/877/877 879/879/879 886/886/886
f 877/877/877 886/886/886 885/885/885
f 829/829/829 821/821/821 874/874/874
f 829/829/829 874/874/874 888/888/888
f 886/886/886 880/880/880 891/891/891
f 886/886/886 891/891/891 890/890/890
f 889/889/889 888/888/888 884/884/884
f 880/880/880 881/881/881 892/892/892
f 880/880/880 892/892/892 891/891/891
f 881/881/881 887/887/887 893/893/893
f 881/881/881 893/893/893 892/892/892
f 887/887/887 883/883/883 894/894/894
f 887/887/887 894/894/894 893/893/893
f 863/863/863 829/829/829 888/888/888
f 863/863/863 888/888/888 895/895/895
f 896/896/896 889/889/889 885/885/885
f 896/896/896 885/885/885 897/897/897
f 888/888/888 896/896/896 895/895/895
f 897/897/897 885/885/885 890/890/890
f 897/897/897 890/890/890 898/898/898
f 898/898/898 890/890/890 891/891/891
f 898/898/898 891/891/891 899/899/899
f 891/891/891 892/892/892 900/900/900
f 891/891/891 900/900/900 899/899/899
f 892/892/892 893/893/893 901/901/901
f 892/892/892 901/901/901 900/900/900
f 893/893/893 894/894/894 902/902/902
f 893/893/893 902/902/902 901/901/901
f 79/79/79 371/371/371 903/903/903
f 79/79/79 903/903/903 589/589/589
f 371/371/371 372/372/372 904/904/904
f 371/371/371 904/904/904 903/903/903
f 606/606/606 589/589/589 903/903/903
f 606/606/606 903/903/903 905/905/905
f 905/905/905 903/903/903 904/904/904
f 905/905/905 904/904/904 906/906/906
f 382/382/382 907/907/907 904/904/904
f 382/382/382 904/904/904 373/373/373
f 904/904/904 907/907/907 906/906/906
f 905/905/905 906/906/906 911/911/911
f 905/905/905 911/911/911 908/908/908
f 395/395/395 910/910/910 907/907/907
f 395/395/395 907/907/907 383/383/383
f 908/908/908 608/608/608 606/606/606
f 907/907/907 909/909/909 906/906/906
f 907/907/907 910/910/910 909/909/909
f 618/618/618 608/608/608 908/908/908
f 618/618/618 908/908/908 913/913/913
f 909/909/909 912/912/912 906/906/906
f 618/618/618 913/913/913 919/919/919
f 618/618/618 919/919/919 620/620/620
f 912/912/912 913/913/913 911/911/911
f 409/409/409 915/915/915 910/910/910
f 409/409/409 910/910/910 396/396/396
f 910/910/910 915/915/915 914/914/914
f 916/916/916 912/912/912 909/909/909
f 916/916/916 909/909/909 917/917/917
f 919/919/919 913/913/913 912/912/912
f 919/919/919 912/912/912 920/920/920
f 918/918/918 917/917/917 914/914/914
f 627/627/627 620/620/620 919/919/919
f 627/627/627 919/919/919 921/921/921
f 917/917/917 920/920/920 916/916/916
f 922/922/922 914/914/914 915/915/915
f 922/922/922 915/915/915 923/923/923
f 920/920/920 921/921/921 919/919/919
f 418/418/418 923/923/923 915/915/915
f 418/418/418 915/915/915 410/410/410
f 925/925/925 921/921/921 920/920/920
f 925/925/925 920/920/920 926/926/926
f 918/918/918 914/914/914 922/922/922
f 636/636/636 627/627/627 921/921/921
f 636/636/636 921/921/921 925/925/925
f 927/927/927 926/926/926 924/924/924
f 418/418/418 428/428/428 929/929/929
f 418/418/418 929/929/929 923/923/923
f 930/930/930 924/924/924 918/918/918
f 930/930/930 918/918/918 931/931/931
f 928/928/928 931/931/931 918/918/918
f 928/928/928 918/918/918 922/922/922
f 932/932/932 933/933/933 927/927/927
f 932/932/932 927/927/927 924/924/924
f 934/934/934 925/925/925 926/926/926
f 934/934/934 926/926/926 935/935/935
f 925/925/925 934/934/934 636/636/636
f 936/936/936 923/923/923 929/929/929
f 936/936/936 929/929/929 937/937/937
f 934/934/934 709/709/709 636/636/636
f 923/923/923 936/936/936 928/928/928
f 436/436/436 937/937/937 929/929/929
f 436/436/436 929/929/929 428/428/428
f 938/938/938 931/931/931 928/928/928
f 938/938/938 928/928/928 939/939/939
f 938/938/938 940/940/940 930/930/930
f 938/938/938 930/930/930 931/931/931
f 940/940/940 941/941/941 933/933/933
f 940/940/940 933/933/933 932/932/932
f 941/941/941 942/942/942 935/935/935
f 941/941/941 935/935/935 933/933/933
f 436/436/436 446/446/446 943/943/943
f 436/436/436 943/943/943 937/937/937
f 947/947/947 936/936/936 937/937/937
f 947/947/947 937/937/937 948/948/948
f 939/939/939 949/949/949 938/938/938
f 941/941/941 950/950/950 945/945/945
f 942/942/942 945/945/945 946/946/946
f 945/945/945 942/942/942 941/941/941
f 717/717/717 946/946/946 725/725/725
f 717/717/717 942/942/942 946/946/946
f 949/949/949 947/947/947 955/955/955
f 949/949/949 955/955/955 954/954/954
f 943/943/943 446/446/446 455/455/455
f 939/939/939 947/947/947 949/949/949
f 939/939/939 936/936/936 947/947/947
f 944/944/944 938/938/938 949/949/949
f 943/943/943 455/455/455 463/463/463
f 949/949/949 954/954/954 953/953/953
f 957/957/957 950/950/950 944/944/944
f 957/957/957 944/944/944 958/958/958
f 947/947/947 956/956/956 955/955/955
f 953/953/953 958/958/958 944/944/944
f 953/953/953 944/944/944 949/949/949
f 957/957/957 959/959/959 951/951/951
f 957/957/957 951/951/951 950/950/950
f 954/954/954 958/958/958 953/953/953
f 960/960/960 948/948/948 943/943/943
f 960/960/960 943/943/943 961/961/961
f 952/952/952 951/951/951 959/959/959
f 962/962/962 955/955/955 956/956/956
f 962/962/962 956/956/956 963/963/963
f 960/960/960 963/963/963 956/956/956
f 960/960/960 956/956/956 948/948/948
f 960/960/960 961/961/961 964/964/964
f 960/960/960 964/964/964 963/963/963
f 965/965/965 957/957/957 958/958/958
f 965/965/965 958/958/958 966/966/966
f 962/962/962 963/963/963 968/968/968
f 962/962/962 968/968/968 967/967/967
f 967/967/967 966/966/966 962/962/962
f 965/965/965 970/970/970 959/959/959
f 965/965/965 959/959/959 957/957/957
f 959/959/959 970/970/970 969/969/969
f 965/965/965 966/966/966 971/971/971
f 965/965/965 971/971/971 970/970/970
f 969/969/969 975/975/975 952/952/952
f 969/969/969 952/952/952 959/959/959
f 972/972/972 971/971/971 966/966/966
f 972/972/972 966/966/966 967/967/967
f 952/952/952 975/975/975 974/974/974
f 969/969/969 970/970/970 976/976/976
f 969/969/969 976/976/976 975/975/975
f 972/972/972 967/967/967 978/978/978
f 972/972/972 978/978/978 977/977/977
f 971/971/971 976/976/976 970/970/970
f 974/974/974 979/979/979 740/740/740
f 974/974/974 740/740/740 952/952/952
f 979/979/979 750/750/750 740/740/740
f 981/981/981 963/963/963 964/964/964
f 981/981/981 964/964/964 982/982/982
f 980/980/980 982/982/982 964/964/964
f 980/980/980 964/964/964 961/961/961
f 981/981/981 983/983/983 968/968/968
f 981/981/981 968/968/968 963/963/963
f 981/981/981 982/982/982 984/984/984
f 981/981/981 984/984/984 983/983/983
f 983/983/983 984/984/984 986/986/986
f 983/983/983 986/986/986 973/973/973
f 973/973/973 968/968/968 983/983/983
f 987/987/987 974/974/974 975/975/975
f 987/987/987 975/975/975 988/988/988
f 988/988/988 975/975/975 976/976/976
f 988/988/988 976/976/976 989/989/989
f 989/989/989 976/976/976 971/971/971
f 989/989/989 971/971/971 990/990/990
f 973/973/973 986/986/986 991/991/991
f 973/973/973 991/991/991 985/985/985
f 978/978/978 967/967/967 985/985/985
f 760/760/760 750/750/750 979/979/979
f 760/760/760 979/979/979 987/987/987
f 988/988/988 989/989/989 993/993/993
f 988/988/988 993/993/993 992/992/992
f 979/979/979 974/974/974 987/987/987
f 982/982/982 995/995/995 996/996/996
f 982/982/982 996/996/996 984/984/984
f 994/994/994 993/993/993 990/990/990
f 982/982/982 980/980/980 995/995/995
f 997/997/997 985/985/985 991/991/991
f 997/997/997 991/991/991 998/998/998
f 768/768/768 760/760/760 987/987/987
f 768/768/768 987/987/987 999/999/999
f 997/997/997 1002/1002/1002 994/994/994
f 997/997/997 994/994/994 978/978/978
f 993/993/993 1000/1000/1000 992/992/992
f 1001/1001/1001 1000/1000/1000 993/993/993
f 994/994/994 1002/1002/1002 1001/1001/1001
f 463/463/463 484/484/484 1006/1006/1006
f 463/463/463 1006/1006/1006 961/961/961
f 1003/1003/1003 1002/1002/1002 997/997/997
f 1004/1004/1004 1000/1000/1000 1001/1001/1001
f 1005/1005/1005 1004/1004/1004 1001/1001/1001
f 980/980/980 961/961/961 1006/1006/1006
f 980/980/980 1006/1006/1006 1007/1007/1007
f 487/487/487 1007/1007/1007 1006/1006/1006
f 487/487/487 1006/1006/1006 484/484/484
f 995/995/995 980/980/980 1007/1007/1007
f 995/995/995 1007/1007/1007 1009/1009/1009
f 986/986/986 984/984/984 1008/1008/1008
f 1010/1010/1010 1011/1011/1011 996/996/996
f 1010/1010/1010 996/996/996 995/995/995
f 996/996/996 1011/1011/1011 1008/1008/1008
f 996/996/996 1008/1008/1008 984/984/984
f 1011/1011/1011 1012/1012/1012 1014/1014/1014
f 1011/1011/1011 1014/1014/1014 1013/1013/1013
f 1008/1008/1008 1013/1013/1013 986/986/986
f 986/986/986 1013/1013/1013 1015/1015/1015
f 986/986/986 1015/1015/1015 998/998/998
f 992/992/992 1000/1000/1000 1018/1018/1018
f 992/992/992 1018/1018/1018 1017/1017/1017
f 1016/1016/1016 1020/1020/1020 1003/1003/1003
f 1016/1016/1016 1003/1003/1003 998/998/998
f 1003/1003/1003 1020/1020/1020 1019/1019/1019
f 1017/1017/1017 1021/1021/1021 774/774/774
f 1017/1017/1017 774/774/774 999/999/999
f 1019/1019/1019 1024/1024/1024 1005/1005/1005
f 1019/1019/1019 1005/1005/1005 1002/1002/1002
f 1022/1022/1022 1021/1021/1021 1017/1017/1017
f 1022/1022/1022 1017/1017/1017 1018/1018/1018
f 1023/1023/1023 1018/1018/1018 1004/1004/1004
f 1005/1005/1005 1024/1024/1024 1023/1023/1023
f 1019/1019/1019 1020/1020/1020 1026/1026/1026
f 1019/1019/1019 1026/1026/1026 1025/1025/1025
f 1025/1025/1025 1024/1024/1024 1019/1019/1019
f 1028/1028/1028 1021/1021/1021 1022/1022/1022
f 1028/1028/1028 1022/1022/1022 1029/1029/1029
f 1029/1029/1029 1022/1022/1022 1018/1018/1018
f 1029/1029/1029 1018/1018/1018 1030/1030/1030
f 1030/1030/1030 1018/1018/1018 1023/1023/1023
f 1030/1030/1030 1023/1023/1023 1031/1031/1031
f 1023/1023/1023 1024/1024/1024 1032/1032/1032
f 1023/1023/1023 1032/1032/1032 1031/1031/1031
f 1025/1025/1025 1026/1026/1026 1036/1036/1036
f 1025/1025/1025 1036/1036/1036 1035/1035/1035
f 1026/1026/1026 1020/1020/1020 1027/1027/1027
f 846/846/846 1028/1028/1028 856/856/856
f 846/846/846 1021/1021/1021 1028/1028/1028
f 1033/1033/1033 1030/1030/1030 1031/1031/1031
f 1034/1034/1034 1033/1033/1033 1031/1031/1031
f 1030/1030/1030 1033/1033/1033 1029/1029/1029
f 1025/1025/1025 1035/1035/1035 1032/1032/1032
f 859/859/859 856/856/856 1028/1028/1028
f 859/859/859 1028/1028/1028 1037/1037/1037
f 1039/1039/1039 1033/1033/1033 1034/1034/1034
f 1039/1039/1039 1034/1034/1034 1040/1040/1040
f 1028/1028/1028 1038/1038/1038 1037/1037/1037
f 1033/1033/1033 1038/1038/1038 1029/1029/1029
f 1032/1032/1032 1035/1035/1035 1041/1041/1041
f 1032/1032/1032 1041/1041/1041 1040/1040/1040
f 1043/1043/1043 1037/1037/1037 1038/1038/1038
f 1043/1043/1043 1038/1038/1038 1044/1044/1044
f 1036/1036/1036 1042/1042/1042 1035/1035/1035
f 1038/1038/1038 1033/1033/1033 1045/1045/1045
f 1038/1038/1038 1045/1045/1045 1044/1044/1044
f 1045/1045/1045 1033/1033/1033 1039/1039/1039
f 1045/1045/1045 1039/1039/1039 1046/1046/1046
f 1039/1039/1039 1040/1040/1040 1047/1047/1047
f 1039/1039/1039 1047/1047/1047 1046/1046/1046
f 1035/1035/1035 1042/1042/1042 1048/1048/1048
f 1035/1035/1035 1048/1048/1048 1041/1041/1041
f 1050/1050/1050 1044/1044/1044 1045/1045/1045
f 1050/1050/1050 1045/1045/1045 1051/1051/1051
f 1052/1052/1052 1047/1047/1047 1041/1041/1041
f 1052/1052/1052 1041/1041/1041 1053/1053/1053
f 1047/1047/1047 1052/1052/1052 1046/1046/1046
f 1055/1055/1055 1050/1050/1050 1051/1051/1051
f 1055/1055/1055 1051/1051/1051 1056/1056/1056
f 1048/1048/1048 1042/1042/1042 1049/1049/1049
f 1051/1051/1051 1046/1046/1046 1057/1057/1057
f 1051/1051/1051 1057/1057/1057 1056/1056/1056
f 1054/1054/1054 1059/1059/1059 1048/1048/1048
f 1054/1054/1054 1048/1048/1048 1049/1049/1049
f 1052/1052/1052 1058/1058/1058 1057/1057/1057
f 1048/1048/1048 1059/1059/1059 1053/1053/1053
f 1061/1061/1061 1056/1056/1056 1057/1057/1057
f 1061/1061/1061 1057/1057/1057 1062/1062/1062
f 1063/1063/1063 1058/1058/1058 1053/1053/1053
f 1063/1063/1063 1053/1053/1053 1064/1064/1064
f 1057/1057/1057 1063/1063/1063 1062/1062/1062
f 1064/1064/1064 1053/1053/1053 1059/1059/1059
f 1064/1064/1064 1059/1059/1059 1065/1065/1065
f 1054/1054/1054 1060/1060/1060 1065/1065/1065
f 1054/1054/1054 1065/1065/1065 1059/1059/1059
f 1009/1009/1009 516/516/516 1069/1069/1069
f 1009/1009/1009 1069/1069/1069 1010/1010/1010
f 1063/1063/1063 1067/1067/1067 1062/1062/1062
f 1064/1064/1064 1067/1067/1067 1063/1063/1063
f 1065/1065/1065 1060/1060/1060 1066/1066/1066
f 1009/1009/1009 487/487/487 516/516/516
f 1070/1070/1070 1071/1071/1071 1012/1012/1012
f 1070/1070/1070 1012/1012/1012 1069/1069/1069
f 1069/1069/1069 516/516/516 1068/1068/1068
f 1012/1012/1012 1071/1071/1071 1073/1073/1073
f 1012/1012/1012 1073/1073/1073 1072/1072/1072
f 1014/1014/1014 1072/1072/1072 1013/1013/1013
f 1016/1016/1016 998/998/998 1015/1015/1015
f 1016/1016/1016 1015/1015/1015 1074/1074/1074
f 1013/1013/1013 1072/1072/1072 1075/1075/1075
f 1013/1013/1013 1075/1075/1075 1074/1074/1074
f 1016/1016/1016 1074/1074/1074 1076/1076/1076
f 1016/1016/1016 1076/1076/1076 1020/1020/1020
f 520/520/520 1077/1077/1077 1068/1068/1068
f 520/520/520 1068/1068/1068 517/517/517
f 1068/1068/1068 1077/1077/1077 1079/1079/1079
f 1068/1068/1068 1079/1079/1079 1069/1069/1069
f 1078/1078/1078 1070/1070/1070 1079/1079/1079
f 1078/1078/1078 1079/1079/1079 1077/1077/1077
f 1080/1080/1080 1072/1072/1072 1073/1073/1073
f 1080/1080/1080 1073/1073/1073 1081/1081/1081
f 1070/1070/1070 1069/1069/1069 1079/1079/1079
f 1082/1082/1082 1074/1074/1074 1075/1075/1075
f 1082/1082/1082 1075/1075/1075 1083/1083/1083
f 1080/1080/1080 1083/1083/1083 1075/1075/1075
f 1080/1080/1080 1075/1075/1075 1072/1072/1072
f 1080/1080/1080 1081/1081/1081 1084/1084/1084
f 1080/1080/1080 1084/1084/1084 1083/1083/1083
f 1082/1082/1082 1027/1027/1027 1076/1076/1076
f 1082/1082/1082 1076/1076/1076 1074/1074/1074
f 1082/1082/1082 1083/1083/1083 1085/1085/1085
f 1082/1082/1082 1085/1085/1085 1027/1027/1027
f 520/520/520 524/524/524 1087/1087/1087
f 520/520/520 1087/1087/1087 1077/1077/1077
f 1086/1086/1086 1026/1026/1026 1027/1027/1027
f 1070/1070/1070 1078/1078/1078 1088/1088/1088
f 1070/1070/1070 1088/1088/1088 1071/1071/1071
f 1087/1087/1087 524/524/524 525/525/525
f 1078/1078/1078 1077/1077/1077 1087/1087/1087
f 1088/1088/1088 1089/1089/1089 1081/1081/1081
f 1088/1088/1088 1081/1081/1081 1071/1071/1071
f 1087/1087/1087 525/525/525 1095/1095/1095
f 1087/1087/1087 1095/1095/1095 1078/1078/1078
f 1090/1090/1090 1089/1089/1089 1088/1088/1088
f 1084/1084/1084 1081/1081/1081 1089/1089/1089
f 1085/1085/1085 1083/1083/1083 1091/1091/1091
f 1093/1093/1093 1085/1085/1085 1091/1091/1091
f 1086/1086/1086 1027/1027/1027 1092/1092/1092
f 1078/1078/1078 1095/1095/1095 1096/1096/1096
f 1078/1078/1078 1096/1096/1096 1088/1088/1088
f 1095/1095/1095 525/525/525 1094/1094/1094
f 1097/1097/1097 1089/1089/1089 1090/1090/1090
f 1097/1097/1097 1090/1090/1090 1098/1098/1098
f 1096/1096/1096 1098/1098/1098 1090/1090/1090
f 1096/1096/1096 1090/1090/1090 1088/1088/1088
f 1097/1097/1097 1099/1099/1099 1084/1084/1084
f 1097/1097/1097 1084/1084/1084 1089/1089/1089
f 1097/1097/1097 1098/1098/1098 1100/1100/1100
f 1097/1097/1097 1100/1100/1100 1099/1099/1099
f 1042/1042/1042 1036/1036/1036 1086/1086/1086
f 1042/1042/1042 1086/1086/1086 1102/1102/1102
f 1085/1085/1085 1101/1101/1101 1092/1092/1092
f 1093/1093/1093 1084/1084/1084 1099/1099/1099
f 1092/1092/1092 1101/1101/1101 1103/1103/1103
f 1092/1092/1092 1103/1103/1103 1102/1102/1102
f 531/531/531 533/533/533 1104/1104/1104
f 531/531/531 1104/1104/1104 525/525/525
f 1094/1094/1094 1104/1104/1104 1105/1105/1105
f 1094/1094/1094 1105/1105/1105 1095/1095/1095
f 1094/1094/1094 525/525/525 1104/1104/1104
f 1108/1108/1108 1101/1101/1101 1093/1093/1093
f 1108/1108/1108 1093/1093/1093 1109/1109/1109
f 1096/1096/1096 1095/1095/1095 1105/1105/1105
f 1106/1106/1106 1098/1098/1098 1096/1096/1096
f 1100/1100/1100 1098/1098/1098 1106/1106/1106
f 1107/1107/1107 1109/1109/1109 1093/1093/1093
f 1107/1107/1107 1093/1093/1093 1099/1099/1099
f 533/533/533 535/535/535 1110/1110/1110
f 533/533/533 1110/1110/1110 1104/1104/1104
f 1103/1103/1103 1101/1101/1101 1108/1108/1108
f 1104/1104/1104 1110/1110/1110 1111/1111/1111
f 1104/1104/1104 1111/1111/1111 1105/1105/1105
f 1105/1105/1105 1111/1111/1111 1112/1112/1112
f 1105/1105/1105 1112/1112/1112 1096/1096/1096
f 1112/1112/1112 1113/1113/1113 1106/1106/1106
f 1112/1112/1112 1106/1106/1106 1096/1096/1096
f 1114/1114/1114 1107/1107/1107 1100/1100/1100
f 1114/1114/1114 1100/1100/1100 1115/1115/1115
f 1113/1113/1113 1115/1115/1115 1100/1100/1100
f 1113/1113/1113 1100/1100/1100 1106/1106/1106
f 1116/1116/1116 1108/1108/1108 1109/1109/1109
f 1116/1116/1116 1109/1109/1109 1117/1117/1117
f 1114/1114/1114 1117/1117/1117 1109/1109/1109
f 1114/1114/1114 1109/1109/1109 1107/1107/1107
f 1054/1054/1054 1049/1049/1049 1103/1103/1103
f 1054/1054/1054 1103/1103/1103 1118/1118/1118
f 1116/1116/1116 1118/1118/1118 1103/1103/1103
f 1116/1116/1116 1103/1103/1103 1108/1108/1108
f 535/535/535 539/539/539 1119/1119/1119
f 535/535/535 1119/1119/1119 1110/1110/1110
f 1110/1110/1110 1119/1119/1119 1120/1120/1120
f 1110/1110/1110 1120/1120/1120 1111/1111/1111
f 1111/1111/1111 1120/1120/1120 1121/1121/1121
f 1111/1111/1111 1121/1121/1121 1112/1112/1112
f 1121/1121/1121 1122/1122/1122 1113/1113/1113
f 1121/1121/1121 1113/1113/1113 1112/1112/1112
f 1114/1114/1114 1115/1115/1115 1124/1124/1124
f 1114/1114/1114 1124/1124/1124 1123/1123/1123
f 1122/1122/1122 1124/1124/1124 1115/1115/1115
f 1122/1122/1122 1115/1115/1115 1113/1113/1113
f 1125/1125/1125 1116/1116/1116 1117/1117/1117
f 1125/1125/1125 1117/1117/1117 1126/1126/1126
f 1123/1123/1123 1126/1126/1126 1117/1117/1117
f 1123/1123/1123 1117/1117/1117 1114/1114/1114
f 1060/1060/1060 1054/1054/1054 1118/1118/1118
f 1060/1060/1060 1118/1118/1118 1127/1127/1127
f 1116/1116/1116 1125/1125/1125 1127/1127/1127
f 1116/1116/1116 1127/1127/1127 1118/1118/1118
f 542/542/542 1128/1128/1128 1119/1119/1119
f 542/542/542 1119/1119/1119 539/539/539
f 1128/1128/1128 1129/1129/1129 1120/1120/1120
f 1128/1128/1128 1120/1120/1120 1119/1119/1119
f 1129/1129/1129 1130/1130/1130 1121/1121/1121
f 1129/1129/1129 1121/1121/1121 1120/1120/1120
f 1130/1130/1130 1131/1131/1131 1122/1122/1122
f 1130/1130/1130 1122/1122/1122 1121/1121/1121
f 1123/1123/1123 1124/1124/1124 1133/1133/1133
f 1123/1123/1123 1133/1133/1133 1132/1132/1132
f 1122/1122/1122 1131/1131/1131 1133/1133/1133
f 1122/1122/1122 1133/1133/1133 1124/1124/1124
f 1134/1134/1134 1125/1125/1125 1126/1126/1126
f 1134/1134/1134 1126/1126/1126 1135/1135/1135
f 1123/1123/1123 1132/1132/1132 1135/1135/1135
f 1123/1123/1123 1135/1135/1135 1126/1126/1126
f 1060/1060/1060 1127/1127/1127 1136/1136/1136
f 1060/1060/1060 1136/1136/1136 1066/1066/1066
f 1134/1134/1134 1136/1136/1136 1127/1127/1127
f 1134/1134/1134 1127/1127/1127 1125/1125/1125
f 871/871/871 859/859/859 1037/1037/1037
f 871/871/871 1037/1037/1037 1043/1043/1043
f 878/878/878 871/871/871 1043/1043/1043
f 878/878/878 1043/1043/1043 1050/1050/1050
f 1138/1138/1138 1137/1137/1137 1055/1055/1055
f 1138/1138/1138 1055/1055/1055 1139/1139/1139
f 1050/1050/1050 1137/1137/1137 878/878/878
f 1050/1050/1050 1055/1055/1055 1137/1137/1137
f 1137/1137/1137 883/883/883 878/878/878
f 1061/1061/1061 1139/1139/1139 1055/1055/1055
f 1061/1061/1061 1055/1055/1055 1056/1056/1056
f 894/894/894 883/883/883 1137/1137/1137
f 894/894/894 1137/1137/1137 1138/1138/1138
f 1138/1138/1138 1139/1139/1139 1141/1141/1141
f 1138/1138/1138 1141/1141/1141 1140/1140/1140
f 894/894/894 1138/1138/1138 1140/1140/1140
f 894/894/894 1140/1140/1140 902/902/902
f 1141/1141/1141 1139/1139/1139 1061/1061/1061
f 1144/1144/1144 297/297/297 298/298/298
f 1144/1144/1144 298/298/298 1145/1145/1145
f 1142/1142/1142 286/286/286 297/297/297
f 300/300/300 1145/1145/1145 298/298/298
f 301/301/301 1143/1143/1143 299/299/299
f 1146/1146/1146 299/299/299 1143/1143/1143
f 1146/1146/1146 1143/1143/1143 1147/1147/1147
f 1145/1145/1145 299/299/299 1146/1146/1146
f 1148/1148/1148 296/296/296 1142/1142/1142
f 1148/1148/1148 1142/1142/1142 1149/1149/1149
f 1150/1150/1150 1145/1145/1145 1146/1146/1146
f 1150/1150/1150 1146/1146/1146 1151/1151/1151
f 1145/1145/1145 1150/1150/1150 1144/1144/1144
f 1144/1144/1144 1150/1150/1150 1154/1154/1154
f 1144/1144/1144 1154/1154/1154 1153/1153/1153
f 1151/1151/1151 1147/1147/1147 1152/1152/1152
f 1149/1149/1149 1144/1144/1144 1153/1153/1153
f 1154/1154/1154 1150/1150/1150 1151/1151/1151
f 1154/1154/1154 1151/1151/1151 1155/1155/1155
f 1155/1155/1155 1151/1151/1151 1152/1152/1152
f 1155/1155/1155 1152/1152/1152 1156/1156/1156
f 1155/1155/1155 1156/1156/1156 1158/1158/1158
f 1155/1155/1155 1158/1158/1158 1157/1157/1157
f 1153/1153/1153 1160/1160/1160 1161/1161/1161
f 1153/1153/1153 1161/1161/1161 1159/1159/1159
f 1154/1154/1154 1160/1160/1160 1153/1153/1153
f 1168/1168/1168 1167/1167/1167 1165/1165/1165
f 1168/1168/1168 1165/1165/1165 1169/1169/1169
f 1157/1157/1157 1160/1160/1160 1154/1154/1154
f 1161/1161/1161 1160/1160/1160 1164/1164/1164
f 1157/1157/1157 1167/1167/1167 1164/1164/1164
f 1165/1165/1165 1167/1167/1167 1157/1157/1157
f 1170/1170/1170 1171/1171/1171 349/349/349
f 1170/1170/1170 349/349/349 348/348/348
f 1163/1163/1163 1169/1169/1169 1165/1165/1165
f 349/349/349 1171/1171/1171 1172/1172/1172
f 349/349/349 1172/1172/1172 350/350/350
f 350/350/350 1172/1172/1172 1173/1173/1173
f 350/350/350 1173/1173/1173 351/351/351
f 1174/1174/1174 1175/1175/1175 347/347/347
f 1174/1174/1174 347/347/347 346/346/346
f 352/352/352 351/351/351 1173/1173/1173
f 348/348/348 347/347/347 1175/1175/1175
f 348/348/348 1175/1175/1175 1170/1170/1170
f 1171/1171/1171 1179/1179/1179 1180/1180/1180
f 1171/1171/1171 1180/1180/1180 1172/1172/1172
f 352/352/352 1178/1178/1178 338/338/338
f 1174/1174/1174 296/296/296 1148/1148/1148
f 1172/1172/1172 1180/1180/1180 1181/1181/1181
f 1172/1172/1172 1181/1181/1181 1173/1173/1173
f 1182/1182/1182 1183/1183/1183 1175/1175/1175
f 1182/1182/1182 1175/1175/1175 1174/1174/1174
f 1170/1170/1170 1183/1183/1183 1184/1184/1184
f 1170/1170/1170 1184/1184/1184 1179/1179/1179
f 1175/1175/1175 1183/1183/1183 1170/1170/1170
f 1148/1148/1148 1149/1149/1149 1185/1185/1185
f 1148/1148/1148 1185/1185/1185 1182/1182/1182
f 1181/1181/1181 1186/1186/1186 1187/1187/1187
f 1181/1181/1181 1187/1187/1187 1177/1177/1177
f 1188/1188/1188 1176/1176/1176 1178/1178/1178
f 1185/1185/1185 1149/1149/1149 1159/1159/1159
f 1177/1177/1177 1187/1187/1187 1188/1188/1188
f 1177/1177/1177 1188/1188/1188 1178/1178/1178
f 1166/1166/1166 1190/1190/1190 1185/1185/1185
f 1166/1166/1166 1185/1185/1185 1159/1159/1159
f 1189/1189/1189 1188/1188/1188 1187/1187/1187
f 1164/1164/1164 1167/1167/1167 1168/1168/1168
f 1164/1164/1164 1168/1168/1168 1195/1195/1195
f 1161/1161/1161 1195/1195/1195 1166/1166/1166
f 1166/1166/1166 1195/1195/1195 1198/1198/1198
f 1166/1166/1166 1198/1198/1198 1197/1197/1197
f 1198/1198/1198 1195/1195/1195 1168/1168/1168
f 1198/1198/1198 1168/1168/1168 1199/1199/1199
f 1168/1168/1168 1196/1196/1196 1201/1201/1201
f 1168/1168/1168 1201/1201/1201 1199/1199/1199
f 1201/1201/1201 1200/1200/1200 1199/1199/1199
f 1197/1197/1197 1198/1198/1198 1204/1204/1204
f 1197/1197/1197 1204/1204/1204 1202/1202/1202
f 1198/1198/1198 1199/1199/1199 1205/1205/1205
f 1198/1198/1198 1205/1205/1205 1204/1204/1204
f 1206/1206/1206 1202/1202/1202 1204/1204/1204
f 1206/1206/1206 1204/1204/1204 1207/1207/1207
f 1200/1200/1200 1205/1205/1205 1199/1199/1199
f 1203/1203/1203 1205/1205/1205 1209/1209/1209
f 1203/1203/1203 1209/1209/1209 1207/1207/1207
f 1205/1205/1205 1200/1200/1200 1210/1210/1210
f 1205/1205/1205 1210/1210/1210 1209/1209/1209
f 1213/1213/1213 1207/1207/1207 1215/1215/1215
f 1213/1213/1213 1215/1215/1215 1214/1214/1214
f 1212/1212/1212 1202/1202/1202 1206/1206/1206
f 1208/1208/1208 1214/1214/1214 1215/1215/1215
f 1208/1208/1208 1215/1215/1215 1209/1209/1209
f 1208/1208/1208 1210/1210/1210 1216/1216/1216
f 1208/1208/1208 1216/1216/1216 1214/1214/1214
f 1206/1206/1206 1218/1218/1218 1219/1219/1219
f 1206/1206/1206 1219/1219/1219 1212/1212/1212
f 1211/1211/1211 1212/1212/1212 1219/1219/1219
f 1211/1211/1211 1219/1219/1219 1217/1217/1217
f 1213/1213/1213 1220/1220/1220 1221/1221/1221
f 1213/1213/1213 1221/1221/1221 1207/1207/1207
f 1206/1206/1206 1207/1207/1207 1221/1221/1221
f 1206/1206/1206 1221/1221/1221 1218/1218/1218
f 1213/1213/1213 1214/1214/1214 1222/1222/1222
f 1213/1213/1213 1222/1222/1222 1220/1220/1220
f 1222/1222/1222 1214/1214/1214 1216/1216/1216
f 1222/1222/1222 1216/1216/1216 1223/1223/1223
f 1218/1218/1218 1225/1225/1225 1226/1226/1226
f 1218/1218/1218 1226/1226/1226 1219/1219/1219
f 1217/1217/1217 1219/1219/1219 1226/1226/1226
f 1217/1217/1217 1226/1226/1226 1224/1224/1224
f 1220/1220/1220 1227/1227/1227 1228/1228/1228
f 1220/1220/1220 1228/1228/1228 1221/1221/1221
f 1218/1218/1218 1221/1221/1221 1228/1228/1228
f 1218/1218/1218 1228/1228/1228 1225/1225/1225
f 1220/1220/1220 1222/1222/1222 1229/1229/1229
f 1220/1220/1220 1229/1229/1229 1227/1227/1227
f 1229/1229/1229 1222/1222/1222 1223/1223/1223
f 1229/1229/1229 1223/1223/1223 1230/1230/1230
f 1232/1232/1232 1233/1233/1233 1226/1226/1226
f 1232/1232/1232 1226/1226/1226 1225/1225/1225
f 1231/1231/1231 1224/1224/1224 1226/1226/1226
f 1231/1231/1231 1226/1226/1226 1233/1233/1233
f 1234/1234/1234 1235/1235/1235 1228/1228/1228
f 1234/1234/1234 1228/1228/1228 1227/1227/1227
f 1232/1232/1232 1225/1225/1225 1228/1228/1228
f 1232/1232/1232 1228/1228/1228 1235/1235/1235
f 1234/1234/1234 1227/1227/1227 1229/1229/1229
f 1234/1234/1234 1229/1229/1229 1236/1236/1236
f 1236/1236/1236 1229/1229/1229 1230/1230/1230
f 1236/1236/1236 1230/1230/1230 1237/1237/1237
f 1242/1242/1242 1243/1243/1243 1183/1183/1183
f 1242/1242/1242 1183/1183/1183 1182/1182/1182
f 1240/1240/1240 1189/1189/1189 1187/1187/1187
f 1243/1243/1243 1244/1244/1244 1184/1184/1184
f 1243/1243/1243 1184/1184/1184 1183/1183/1183
f 1247/1247/1247 1248/1248/1248 1240/1240/1240
f 1247/1247/1247 1240/1240/1240 1187/1187/1187
f 1184/1184/1184 1244/1244/1244 1179/1179/1179
f 1187/1187/1187 1186/1186/1186 1247/1247/1247
f 1238/1238/1238 1241/1241/1241 1248/1248/1248
f 1238/1238/1238 1248/1248/1248 1246/1246/1246
f 1248/1248/1248 1241/1241/1241 1240/1240/1240
f 1197/1197/1197 1249/1249/1249 1190/1190/1190
f 1197/1197/1197 1190/1190/1190 1166/1166/1166
f 1243/1243/1243 1242/1242/1242 1249/1249/1249
f 1245/1245/1245 1251/1251/1251 1250/1250/1250
f 1245/1245/1245 1250/1250/1250 1246/1246/1246
f 1247/1247/1247 1253/1253/1253 1254/1254/1254
f 1247/1247/1247 1254/1254/1254 1248/1248/1248
f 1252/1252/1252 1247/1247/1247 1239/1239/1239
f 1243/1243/1243 1256/1256/1256 1257/1257/1257
f 1243/1243/1243 1257/1257/1257 1244/1244/1244
f 1254/1254/1254 1251/1251/1251 1245/1245/1245
f 1197/1197/1197 1202/1202/1202 1258/1258/1258
f 1197/1197/1197 1258/1258/1258 1249/1249/1249
f 1239/1239/1239 1244/1244/1244 1257/1257/1257
f 1257/1257/1257 1252/1252/1252 1239/1239/1239
f 1259/1259/1259 1260/1260/1260 1251/1251/1251
f 1259/1259/1259 1251/1251/1251 1262/1262/1262
f 1256/1256/1256 1258/1258/1258 1255/1255/1255
f 1264/1264/1264 1265/1265/1265 1253/1253/1253
f 1264/1264/1264 1253/1253/1253 1252/1252/1252
f 1251/1251/1251 1260/1260/1260 1250/1250/1250
f 1261/1261/1261 1262/1262/1262 1266/1266/1266
f 1261/1261/1261 1266/1266/1266 1265/1265/1265
f 1253/1253/1253 1265/1265/1265 1266/1266/1266
f 1253/1253/1253 1266/1266/1266 1254/1254/1254
f 1251/1251/1251 1254/1254/1254 1266/1266/1266
f 1251/1251/1251 1266/1266/1266 1262/1262/1262
f 1255/1255/1255 1263/1263/1263 1257/1257/1257
f 1255/1255/1255 1257/1257/1257 1256/1256/1256
f 1202/1202/1202 1212/1212/1212 1211/1211/1211
f 1202/1202/1202 1211/1211/1211 1258/1258/1258
f 1191/1191/1191 1260/1260/1260 1259/1259/1259
f 1267/1267/1267 1262/1262/1262 1261/1261/1261
f 1269/1269/1269 1265/1265/1265 1264/1264/1264
f 1263/1263/1263 1271/1271/1271 1268/1268/1268
f 1255/1255/1255 1258/1258/1258 1211/1211/1211
f 1255/1255/1255 1211/1211/1211 1270/1270/1270
f 1259/1259/1259 1267/1267/1267 1273/1273/1273
f 1259/1259/1259 1273/1273/1273 1272/1272/1272
f 1272/1272/1272 1191/1191/1191 1259/1259/1259
f 1272/1272/1272 1192/1192/1192 1191/1191/1191
f 1273/1273/1273 1267/1267/1267 1261/1261/1261
f 1268/1268/1268 1274/1274/1274 1275/1275/1275
f 1268/1268/1268 1275/1275/1275 1264/1264/1264
f 1264/1264/1264 1275/1275/1275 1276/1276/1276
f 1264/1264/1264 1276/1276/1276 1269/1269/1269
f 1261/1261/1261 1269/1269/1269 1276/1276/1276
f 1261/1261/1261 1276/1276/1276 1273/1273/1273
f 1211/1211/1211 1217/1217/1217 1277/1277/1277
f 1211/1211/1211 1277/1277/1277 1270/1270/1270
f 1268/1268/1268 1271/1271/1271 1277/1277/1277
f 1268/1268/1268 1277/1277/1277 1274/1274/1274
f 1277/1277/1277 1271/1271/1271 1270/1270/1270
f 1192/1192/1192 1272/1272/1272 1278/1278/1278
f 1192/1192/1192 1278/1278/1278 1193/1193/1193
f 1278/1278/1278 1272/1272/1272 1273/1273/1273
f 1278/1278/1278 1273/1273/1273 1279/1279/1279
f 1274/1274/1274 1280/1280/1280 1281/1281/1281
f 1274/1274/1274 1281/1281/1281 1275/1275/1275
f 1281/1281/1281 1282/1282/1282 1276/1276/1276
f 1281/1281/1281 1276/1276/1276 1275/1275/1275
f 1273/1273/1273 1276/1276/1276 1282/1282/1282
f 1273/1273/1273 1282/1282/1282 1279/1279/1279
f 1217/1217/1217 1224/1224/1224 1283/1283/1283
f 1217/1217/1217 1283/1283/1283 1277/1277/1277
f 1274/1274/1274 1277/1277/1277 1283/1283/1283
f 1274/1274/1274 1283/1283/1283 1280/1280/1280
f 1194/1194/1194 1193/1193/1193 1278/1278/1278
f 1194/1194/1194 1278/1278/1278 1284/1284/1284
f 1284/1284/1284 1278/1278/1278 1279/1279/1279
f 1284/1284/1284 1279/1279/1279 1285/1285/1285
f 1286/1286/1286 1287/1287/1287 1281/1281/1281
f 1286/1286/1286 1281/1281/1281 1280/1280/1280
f 1287/1287/1287 1288/1288/1288 1282/1282/1282
f 1287/1287/1287 1282/1282/1282 1281/1281/1281
f 1285/1285/1285 1279/1279/1279 1282/1282/1282
f 1285/1285/1285 1282/1282/1282 1288/1288/1288
f 1231/1231/1231 1289/1289/1289 1283/1283/1283
f 1231/1231/1231 1283/1283/1283 1224/1224/1224
f 1286/1286/1286 1280/1280/1280 1283/1283/1283
f 1286/1286/1286 1283/1283/1283 1289/1289/1289
f 1292/1292/1292 1293/1293/1293 1235/1235/1235
f 1292/1292/1292 1235/1235/1235 1234/1234/1234
f 1233/1233/1233 1291/1291/1291 1231/1231/1231
f 1232/1232/1232 1293/1293/1293 1294/1294/1294
f 1232/1232/1232 1294/1294/1294 1291/1291/1291
f 1235/1235/1235 1293/1293/1293 1232/1232/1232
f 1292/1292/1292 1234/1234/1234 1236/1236/1236
f 1292/1292/1292 1236/1236/1236 1295/1295/1295
f 1292/1292/1292 1295/1295/1295 1296/1296/1296
f 1292/1292/1292 1296/1296/1296 1293/1293/1293
f 1236/1236/1236 1237/1237/1237 1297/1297/1297
f 1236/1236/1236 1297/1297/1297 1295/1295/1295
f 1295/1295/1295 1297/1297/1297 1298/1298/1298
f 1295/1295/1295 1298/1298/1298 1296/1296/1296
f 1301/1301/1301 1302/1302/1302 1294/1294/1294
f 1301/1301/1301 1294/1294/1294 1300/1300/1300
f 1294/1294/1294 1293/1293/1293 1300/1300/1300
f 1301/1301/1301 1300/1300/1300 1296/1296/1296
f 1301/1301/1301 1296/1296/1296 1303/1303/1303
f 1294/1294/1294 1302/1302/1302 1299/1299/1299
f 1301/1301/1301 1303/1303/1303 1304/1304/1304
f 1301/1301/1301 1304/1304/1304 1302/1302/1302
f 1303/1303/1303 1296/1296/1296 1298/1298/1298
f 1303/1303/1303 1298/1298/1298 1305/1305/1305
f 1290/1290/1290 1194/1194/1194 1284/1284/1284
f 1290/1290/1290 1284/1284/1284 1309/1309/1309
f 1305/1305/1305 1304/1304/1304 1303/1303/1303
f 1305/1305/1305 1307/1307/1307 1304/1304/1304
f 1311/1311/1311 1312/1312/1312 1287/1287/1287
f 1311/1311/1311 1287/1287/1287 1286/1286/1286
f 1312/1312/1312 1313/1313/1313 1288/1288/1288
f 1312/1312/1312 1288/1288/1288 1287/1287/1287
f 1310/1310/1310 1285/1285/1285 1288/1288/1288
f 1310/1310/1310 1288/1288/1288 1313/1313/1313
f 1311/1311/1311 1286/1286/1286 1289/1289/1289
f 1311/1311/1311 1289/1289/1289 1315/1315/1315
f 1231/1231/1231 1291/1291/1291 1316/1316/1316
f 1231/1231/1231 1316/1316/1316 1314/1314/1314
f 1318/1318/1318 1317/1317/1317 1309/1309/1309
f 1318/1318/1318 1309/1309/1309 1308/1308/1308
f 1320/1320/1320 1321/1321/1321 1313/1313/1313
f 1320/1320/1320 1313/1313/1313 1312/1312/1312
f 1312/1312/1312 1311/1311/1311 1319/1319/1319
f 1321/1321/1321 1318/1318/1318 1310/1310/1310
f 1321/1321/1321 1310/1310/1310 1313/1313/1313
f 1319/1319/1319 1323/1323/1323 1324/1324/1324
f 1319/1319/1319 1324/1324/1324 1320/1320/1320
f 1315/1315/1315 1314/1314/1314 1322/1322/1322
f 1327/1327/1327 1326/1326/1326 1318/1318/1318
f 1327/1327/1327 1318/1318/1318 1321/1321/1321
f 1324/1324/1324 1321/1321/1321 1320/1320/1320
f 1316/1316/1316 1291/1291/1291 1299/1299/1299
f 1317/1317/1317 1318/1318/1318 1326/1326/1326
f 1327/1327/1327 1321/1321/1321 1324/1324/1324
f 1327/1327/1327 1324/1324/1324 1330/1330/1330
f 1319/1319/1319 1322/1322/1322 1329/1329/1329
f 1323/1323/1323 1319/1319/1319 1329/1329/1329
f 1331/1331/1331 1332/1332/1332 1325/1325/1325
f 1331/1331/1331 1325/1325/1325 1316/1316/1316
f 1329/1329/1329 1322/1322/1322 1325/1325/1325
f 1329/1329/1329 1325/1325/1325 1332/1332/1332
f 1299/1299/1299 1302/1302/1302 1333/1333/1333
f 1299/1299/1299 1333/1333/1333 1331/1331/1331
f 1335/1335/1335 1336/1336/1336 1330/1330/1330
f 1335/1335/1335 1330/1330/1330 1323/1323/1323
f 1323/1323/1323 1329/1329/1329 1335/1335/1335
f 1336/1336/1336 1337/1337/1337 1327/1327/1327
f 1336/1336/1336 1327/1327/1327 1330/1330/1330
f 1337/1337/1337 1334/1334/1334 1328/1328/1328
f 1337/1337/1337 1328/1328/1328 1327/1327/1327
f 1335/1335/1335 1329/1329/1329 1332/1332/1332
f 1335/1335/1335 1332/1332/1332 1339/1339/1339
f 1332/1332/1332 1331/1331/1331 1338/1338/1338
f 1306/1306/1306 1342/1342/1342 1333/1333/1333
f 1306/1306/1306 1333/1333/1333 1302/1302/1302
f 1340/1340/1340 1336/1336/1336 1335/1335/1335
f 1341/1341/1341 1337/1337/1337 1336/1336/1336
f 1338/1338/1338 1331/1331/1331 1333/1333/1333
f 1338/1338/1338 1333/1333/1333 1342/1342/1342
f 1306/1306/1306 1304/1304/1304 1344/1344/1344
f 1306/1306/1306 1344/1344/1344 1342/1342/1342
f 1343/1343/1343 1339/1339/1339 1338/1338/1338
f 1347/1347/1347 1348/1348/1348 1341/1341/1341
f 1347/1347/1347 1341/1341/1341 1340/1340/1340
f 1307/1307/1307 1344/1344/1344 1304/1304/1304
f 1340/1340/1340 1339/1339/1339 1346/1346/1346
f 1348/1348/1348 1349/1349/1349 1337/1337/1337
f 1348/1348/1348 1337/1337/1337 1341/1341/1341
f 1345/1345/1345 1334/1334/1334 1337/1337/1337
f 1345/1345/1345 1337/1337/1337 1349/1349/1349
f 1350/1350/1350 1351/1351/1351 1343/1343/1343
f 1350/1350/1350 1343/1343/1343 1342/1342/1342
f 1346/1346/1346 1339/1339/1339 1343/1343/1343
f 1346/1346/1346 1343/1343/1343 1352/1352/1352
f 1346/1346/1346 1353/1353/1353 1354/1354/1354
f 1346/1346/1346 1354/1354/1354 1347/1347/1347
f 1350/1350/1350 1344/1344/1344 1355/1355/1355
f 1350/1350/1350 1355/1355/1355 1351/1351/1351
f 1354/1354/1354 1348/1348/1348 1347/1347/1347
f 1360/1360/1360 1349/1349/1349 1348/1348/1348
f 1352/1352/1352 1355/1355/1355 1356/1356/1356
f 1352/1352/1352 1356/1356/1356 1353/1353/1353
f 1355/1355/1355 1352/1352/1352 1351/1351/1351
f 1344/1344/1344 1357/1357/1357 1358/1358/1358
f 1344/1344/1344 1358/1358/1358 1355/1355/1355
f 1307/1307/1307 1357/1357/1357 1344/1344/1344
f 1363/1363/1363 1364/1364/1364 1356/1356/1356
f 1363/1363/1363 1356/1356/1356 1355/1355/1355
f 1354/1354/1354 1353/1353/1353 1361/1361/1361
f 1360/1360/1360 1354/1354/1354 1362/1362/1362
f 1361/1361/1361 1353/1353/1353 1356/1356/1356
f 1361/1361/1361 1356/1356/1356 1364/1364/1364
f 1363/1363/1363 1359/1359/1359 1368/1368/1368
f 1363/1363/1363 1368/1368/1368 1364/1364/1364
f 1365/1365/1365 1362/1362/1362 1361/1361/1361
f 1365/1365/1365 1369/1369/1369 1370/1370/1370
f 1365/1365/1365 1370/1370/1370 1366/1366/1366
f 1366/1366/1366 1370/1370/1370 1371/1371/1371
f 1366/1366/1366 1371/1371/1371 1367/1367/1367
f 508/508/508 1379/1379/1379 1380/1380/1380
f 508/508/508 1380/1380/1380 511/511/511
f 1373/1373/1373 507/507/507 509/509/509
f 1374/1374/1374 506/506/506 343/343/343
f 1372/1372/1372 506/506/506 1374/1374/1374
f 1375/1375/1375 512/512/512 511/511/511
f 1376/1376/1376 510/510/510 513/513/513
f 1378/1378/1378 509/509/509 1372/1372/1372
f 1379/1379/1379 508/508/508 1373/1373/1373
f 1381/1381/1381 1385/1385/1385 1386/1386/1386
f 1381/1381/1381 1386/1386/1386 1376/1376/1376
f 1378/1378/1378 1372/1372/1372 1374/1374/1374
f 1176/1176/1176 1382/1382/1382 1377/1377/1377
f 1383/1383/1383 1373/1373/1373 1378/1378/1378
f 1379/1379/1379 1373/1373/1373 1383/1383/1383
f 1384/1384/1384 1385/1385/1385 1375/1375/1375
f 1382/1382/1382 1388/1388/1388 1389/1389/1389
f 1382/1382/1382 1389/1389/1389 1378/1378/1378
f 1382/1382/1382 1176/1176/1176 1188/1188/1188
f 1378/1378/1378 1374/1374/1374 1382/1382/1382
f 1388/1388/1388 1382/1382/1382 1188/1188/1188
f 1389/1389/1389 1390/1390/1390 1379/1379/1379
f 1389/1389/1389 1379/1379/1379 1383/1383/1383
f 1389/1389/1389 1383/1383/1383 1378/1378/1378
f 1379/1379/1379 1390/1390/1390 1391/1391/1391
f 1379/1379/1379 1391/1391/1391 1384/1384/1384
f 1392/1392/1392 1393/1393/1393 1386/1386/1386
f 1392/1392/1392 1386/1386/1386 1385/1385/1385
f 1392/1392/1392 1385/1385/1385 1384/1384/1384
f 1386/1386/1386 1393/1393/1393 1394/1394/1394
f 1386/1386/1386 1394/1394/1394 1387/1387/1387
f 1188/1188/1188 1189/1189/1189 1398/1398/1398
f 1188/1188/1188 1398/1398/1398 1388/1388/1388
f 1397/1397/1397 1401/1401/1401 1400/1400/1400
f 1397/1397/1397 1400/1400/1400 1396/1396/1396
f 1399/1399/1399 1389/1389/1389 1388/1388/1388
f 1400/1400/1400 1401/1401/1401 1390/1390/1390
f 1400/1400/1400 1390/1390/1390 1389/1389/1389
f 1401/1401/1401 1402/1402/1402 1391/1391/1391
f 1401/1401/1401 1391/1391/1391 1390/1390/1390
f 1391/1391/1391 1402/1402/1402 1404/1404/1404
f 1391/1391/1391 1404/1404/1404 1392/1392/1392
f 1404/1404/1404 1405/1405/1405 1393/1393/1393
f 1404/1404/1404 1393/1393/1393 1392/1392/1392
f 1404/1404/1404 1402/1402/1402 1403/1403/1403
f 1393/1393/1393 1405/1405/1405 1406/1406/1406
f 1393/1393/1393 1406/1406/1406 1394/1394/1394
f 536/536/536 1407/1407/1407 1408/1408/1408
f 536/536/536 1408/1408/1408 537/537/537
f 1407/1407/1407 536/536/536 510/510/510
f 537/537/537 1408/1408/1408 1409/1409/1409
f 537/537/537 1409/1409/1409 538/538/538
f 541/541/541 1410/1410/1410 1411/1411/1411
f 541/541/541 1411/1411/1411 542/542/542
f 1410/1410/1410 541/541/541 540/540/540
f 1410/1410/1410 1412/1412/1412 1413/1413/1413
f 1410/1410/1410 1413/1413/1413 1411/1411/1411
f 1408/1408/1408 1414/1414/1414 1415/1415/1415
f 1408/1408/1408 1415/1415/1415 1409/1409/1409
f 1415/1415/1415 1416/1416/1416 540/540/540
f 1415/1415/1415 540/540/540 1409/1409/1409
f 1416/1416/1416 1417/1417/1417 1410/1410/1410
f 1416/1416/1416 1410/1410/1410 540/540/540
f 1407/1407/1407 1386/1386/1386 1387/1387/1387
f 1407/1407/1407 1387/1387/1387 1414/1414/1414
f 1412/1412/1412 1410/1410/1410 1417/1417/1417
f 1416/1416/1416 1420/1420/1420 1421/1421/1421
f 1416/1416/1416 1421/1421/1421 1417/1417/1417
f 1421/1421/1421 1422/1422/1422 1419/1419/1419
f 1421/1421/1421 1419/1419/1419 1417/1417/1417
f 1414/1414/1414 1423/1423/1423 1424/1424/1424
f 1414/1414/1414 1424/1424/1424 1415/1415/1415
f 1423/1423/1423 1414/1414/1414 1387/1387/1387
f 1425/1425/1425 1427/1427/1427 1422/1422/1422
f 1425/1425/1425 1422/1422/1422 1421/1421/1421
f 1420/1420/1420 1415/1415/1415 1424/1424/1424
f 1425/1425/1425 1421/1421/1421 1420/1420/1420
f 1387/1387/1387 1394/1394/1394 1428/1428/1428
f 1387/1387/1387 1428/1428/1428 1423/1423/1423
f 1428/1428/1428 1429/1429/1429 1424/1424/1424
f 1428/1428/1428 1424/1424/1424 1423/1423/1423
f 1424/1424/1424 1429/1429/1429 1430/1430/1430
f 1424/1424/1424 1430/1430/1430 1420/1420/1420
f 1430/1430/1430 1431/1431/1431 1425/1425/1425
f 1430/1430/1430 1425/1425/1425 1420/1420/1420
f 1426/1426/1426 1427/1427/1427 1433/1433/1433
f 1426/1426/1426 1433/1433/1433 1432/1432/1432
f 1425/1425/1425 1431/1431/1431 1433/1433/1433
f 1425/1425/1425 1433/1433/1433 1427/1427/1427
f 1406/1406/1406 1434/1434/1434 1428/1428/1428
f 1406/1406/1406 1428/1428/1428 1394/1394/1394
f 1428/1428/1428 1434/1434/1434 1436/1436/1436
f 1428/1428/1428 1436/1436/1436 1429/1429/1429
f 1435/1435/1435 1437/1437/1437 1436/1436/1436
f 1435/1435/1435 1436/1436/1436 1434/1434/1434
f 1436/1436/1436 1437/1437/1437 1430/1430/1430
f 1436/1436/1436 1430/1430/1430 1429/1429/1429
f 1430/1430/1430 1437/1437/1437 1439/1439/1439
f 1430/1430/1430 1439/1439/1439 1431/1431/1431
f 1438/1438/1438 1440/1440/1440 1439/1439/1439
f 1438/1438/1438 1439/1439/1439 1437/1437/1437
f 1441/1441/1441 1432/1432/1432 1433/1433/1433
f 1441/1441/1441 1433/1433/1433 1442/1442/1442
f 1439/1439/1439 1442/1442/1442 1433/1433/1433
f 1439/1439/1439 1433/1433/1433 1431/1431/1431
f 1439/1439/1439 1440/1440/1440 1443/1443/1443
f 1439/1439/1439 1443/1443/1443 1442/1442/1442
f 1446/1446/1446 1451/1451/1451 1452/1452/1452
f 1446/1446/1446 1452/1452/1452 1447/1447/1447
f 1447/1447/1447 1452/1452/1452 1453/1453/1453
f 1447/1447/1447 1453/1453/1453 1448/1448/1448
f 1453/1453/1453 1454/1454/1454 1445/1445/1445
f 1453/1453/1453 1445/1445/1445 1448/1448/1448
f 1454/1454/1454 1455/1455/1455 1449/1449/1449
f 1454/1454/1454 1449/1449/1449 1445/1445/1445
f 1450/1450/1450 1461/1461/1461 1462/1462/1462
f 1450/1450/1450 1462/1462/1462 1451/1451/1451
f 1462/1462/1462 1458/1458/1458 1452/1452/1452
f 1462/1462/1462 1452/1452/1452 1451/1451/1451
f 1459/1459/1459 1460/1460/1460 1454/1454/1454
f 1459/1459/1459 1454/1454/1454 1453/1453/1453
f 1455/1455/1455 1463/1463/1463 1464/1464/1464
f 1455/1455/1455 1464/1464/1464 1456/1456/1456
f 1464/1464/1464 1465/1465/1465 1457/1457/1457
f 1464/1464/1464 1457/1457/1457 1456/1456/1456
f 1458/1458/1458 1467/1467/1467 1468/1468/1468
f 1458/1458/1458 1468/1468/1468 1459/1459/1459
f 1468/1468/1468 1469/1469/1469 1460/1460/1460
f 1468/1468/1468 1460/1460/1460 1459/1459/1459
f 1191/1191/1191 1192/1192/1192 1472/1472/1472
f 1191/1191/1191 1472/1472/1472 1461/1461/1461
f 1472/1472/1472 1466/1466/1466 1462/1462/1462
f 1472/1472/1472 1462/1462/1462 1461/1461/1461
f 1462/1462/1462 1466/1466/1466 1467/1467/1467
f 1462/1462/1462 1467/1467/1467 1458/1458/1458
f 1464/1464/1464 1471/1471/1471 1473/1473/1473
f 1464/1464/1464 1473/1473/1473 1465/1465/1465
f 1463/1463/1463 1470/1470/1470 1471/1471/1471
f 1474/1474/1474 1475/1475/1475 1467/1467/1467
f 1474/1474/1474 1467/1467/1467 1466/1466/1466
f 1475/1475/1475 1476/1476/1476 1468/1468/1468
f 1475/1475/1475 1468/1468/1468 1467/1467/1467
f 1468/1468/1468 1476/1476/1476 1477/1477/1477
f 1468/1468/1468 1477/1477/1477 1469/1469/1469
f 1469/1469/1469 1477/1477/1477 1478/1478/1478
f 1469/1469/1469 1478/1478/1478 1470/1470/1470
f 1470/1470/1470 1478/1478/1478 1479/1479/1479
f 1470/1470/1470 1479/1479/1479 1471/1471/1471
f 1192/1192/1192 1193/1193/1193 1480/1480/1480
f 1192/1192/1192 1480/1480/1480 1472/1472/1472
f 1480/1480/1480 1474/1474/1474 1466/1466/1466
f 1480/1480/1480 1466/1466/1466 1472/1472/1472
f 1476/1476/1476 1483/1483/1483 1484/1484/1484
f 1476/1476/1476 1484/1484/1484 1477/1477/1477
f 1481/1481/1481 1475/1475/1475 1474/1474/1474
f 1473/1473/1473 1471/1471/1471 1482/1482/1482
f 1476/1476/1476 1475/1475/1475 1483/1483/1483
f 1194/1194/1194 1485/1485/1485 1480/1480/1480
f 1194/1194/1194 1480/1480/1480 1193/1193/1193
f 1484/1484/1484 1478/1478/1478 1477/1477/1477
f 1484/1484/1484 1487/1487/1487 1479/1479/1479
f 1484/1484/1484 1479/1479/1479 1478/1478/1478
f 1485/1485/1485 1474/1474/1474 1480/1480/1480
f 1481/1481/1481 1474/1474/1474 1485/1485/1485
f 1479/1479/1479 1487/1487/1487 1488/1488/1488
f 1479/1479/1479 1488/1488/1488 1482/1482/1482
f 1473/1473/1473 1491/1491/1491 1490/1490/1490
f 1473/1473/1473 1490/1490/1490 1465/1465/1465
f 1473/1473/1473 1482/1482/1482 1492/1492/1492
f 1473/1473/1473 1492/1492/1492 1491/1491/1491
f 1395/1395/1395 1498/1498/1498 1493/1493/1493
f 1395/1395/1395 1493/1493/1493 1396/1396/1396
f 1489/1489/1489 1492/1492/1492 1482/1482/1482
f 1494/1494/1494 1499/1499/1499 1397/1397/1397
f 1494/1494/1494 1397/1397/1397 1396/1396/1396
f 1496/1496/1496 1500/1500/1500 1499/1499/1499
f 1496/1496/1496 1499/1499/1499 1495/1495/1495
f 1238/1238/1238 1497/1497/1497 1503/1503/1503
f 1238/1238/1238 1503/1503/1503 1241/1241/1241
f 1189/1189/1189 1241/1241/1241 1503/1503/1503
f 1189/1189/1189 1503/1503/1503 1398/1398/1398
f 1395/1395/1395 1399/1399/1399 1503/1503/1503
f 1395/1395/1395 1503/1503/1503 1498/1498/1498
f 1503/1503/1503 1399/1399/1399 1398/1398/1398
f 1500/1500/1500 1504/1504/1504 1397/1397/1397
f 1500/1500/1500 1397/1397/1397 1499/1499/1499
f 1397/1397/1397 1504/1504/1504 1402/1402/1402
f 1397/1397/1397 1402/1402/1402 1401/1401/1401
f 1504/1504/1504 1501/1501/1501 1403/1403/1403
f 1504/1504/1504 1403/1403/1403 1402/1402/1402
f 1504/1504/1504 1500/1500/1500 1501/1501/1501
f 1403/1403/1403 1505/1505/1505 1506/1506/1506
f 1403/1403/1403 1506/1506/1506 1405/1405/1405
f 1493/1493/1493 1509/1509/1509 1444/1444/1444
f 1493/1493/1493 1444/1444/1444 1494/1494/1494
f 1238/1238/1238 1246/1246/1246 1507/1507/1507
f 1238/1238/1238 1507/1507/1507 1497/1497/1497
f 1497/1497/1497 1507/1507/1507 1508/1508/1508
f 1497/1497/1497 1508/1508/1508 1498/1498/1498
f 1498/1498/1498 1508/1508/1508 1509/1509/1509
f 1498/1498/1498 1509/1509/1509 1493/1493/1493
f 1507/1507/1507 1512/1512/1512 1446/1446/1446
f 1507/1507/1507 1446/1446/1446 1508/1508/1508
f 1511/1511/1511 1500/1500/1500 1496/1496/1496
f 1511/1511/1511 1496/1496/1496 1510/1510/1510
f 1501/1501/1501 1500/1500/1500 1511/1511/1511
f 1502/1502/1502 1501/1501/1501 1511/1511/1511
f 1532/1532/1532 1505/1505/1505 1502/1502/1502
f 1508/1508/1508 1446/1446/1446 1513/1513/1513
f 1508/1508/1508 1513/1513/1513 1509/1509/1509
f 1514/1514/1514 1515/1515/1515 1510/1510/1510
f 1514/1514/1514 1510/1510/1510 1496/1496/1496
f 1513/1513/1513 1444/1444/1444 1509/1509/1509
f 1513/1513/1513 1448/1448/1448 1444/1444/1444
f 1514/1514/1514 1495/1495/1495 1445/1445/1445
f 1514/1514/1514 1445/1445/1445 1449/1449/1449
f 1496/1496/1496 1495/1495/1495 1514/1514/1514
f 1246/1246/1246 1250/1250/1250 1512/1512/1512
f 1246/1246/1246 1512/1512/1512 1507/1507/1507
f 1250/1250/1250 1260/1260/1260 1517/1517/1517
f 1250/1250/1250 1517/1517/1517 1512/1512/1512
f 1516/1516/1516 1502/1502/1502 1510/1510/1510
f 1449/1449/1449 1456/1456/1456 1518/1518/1518
f 1449/1449/1449 1518/1518/1518 1515/1515/1515
f 1517/1517/1517 1446/1446/1446 1512/1512/1512
f 1517/1517/1517 1451/1451/1451 1446/1446/1446
f 1260/1260/1260 1191/1191/1191 1450/1450/1450
f 1260/1260/1260 1450/1450/1450 1517/1517/1517
f 1518/1518/1518 1456/1456/1456 1457/1457/1457
f 1516/1516/1516 1515/1515/1515 1518/1518/1518
f 1405/1405/1405 1506/1506/1506 1522/1522/1522
f 1405/1405/1405 1522/1522/1522 1434/1434/1434
f 1506/1506/1506 1505/1505/1505 1520/1520/1520
f 1521/1521/1521 1523/1523/1523 1522/1522/1522
f 1521/1521/1521 1522/1522/1522 1506/1506/1506
f 1522/1522/1522 1523/1523/1523 1435/1435/1435
f 1522/1522/1522 1435/1435/1435 1434/1434/1434
f 1435/1435/1435 1523/1523/1523 1526/1526/1526
f 1435/1435/1435 1526/1526/1526 1437/1437/1437
f 1524/1524/1524 1527/1527/1527 1526/1526/1526
f 1524/1524/1524 1526/1526/1526 1523/1523/1523
f 1526/1526/1526 1527/1527/1527 1438/1438/1438
f 1526/1526/1526 1438/1438/1438 1437/1437/1437
f 1525/1525/1525 1528/1528/1528 1527/1527/1527
f 1525/1525/1525 1527/1527/1527 1524/1524/1524
f 1528/1528/1528 1529/1529/1529 1440/1440/1440
f 1528/1528/1528 1440/1440/1440 1527/1527/1527
f 1440/1440/1440 1529/1529/1529 1531/1531/1531
f 1440/1440/1440 1531/1531/1531 1443/1443/1443
f 1520/1520/1520 1534/1534/1534 1521/1521/1521
f 1520/1520/1520 1521/1521/1521 1506/1506/1506
f 1520/1520/1520 1505/1505/1505 1532/1532/1532
f 1535/1535/1535 1536/1536/1536 1524/1524/1524
f 1535/1535/1535 1524/1524/1524 1534/1534/1534
f 1525/1525/1525 1536/1536/1536 1538/1538/1538
f 1525/1525/1525 1538/1538/1538 1528/1528/1528
f 1540/1540/1540 1443/1443/1443 1531/1531/1531
f 1540/1540/1540 1531/1531/1531 1541/1541/1541
f 1538/1538/1538 1536/1536/1536 1537/1537/1537
f 1529/1529/1529 1528/1528/1528 1538/1538/1538
f 1539/1539/1539 1529/1529/1529 1538/1538/1538
f 1529/1529/1529 1539/1539/1539 1542/1542/1542
f 1529/1529/1529 1542/1542/1542 1541/1541/1541
f 1516/1516/1516 1543/1543/1543 1532/1532/1532
f 1516/1516/1516 1532/1532/1532 1502/1502/1502
f 1543/1543/1543 1544/1544/1544 1533/1533/1533
f 1543/1543/1543 1533/1533/1533 1520/1520/1520
f 1543/1543/1543 1520/1520/1520 1532/1532/1532
f 1546/1546/1546 1548/1548/1548 1547/1547/1547
f 1546/1546/1546 1547/1547/1547 1535/1535/1535
f 1545/1545/1545 1534/1534/1534 1533/1533/1533
f 1535/1535/1535 1534/1534/1534 1545/1545/1545
f 1547/1547/1547 1536/1536/1536 1535/1535/1535
f 1547/1547/1547 1548/1548/1548 1537/1537/1537
f 1547/1547/1547 1537/1537/1537 1536/1536/1536
f 1537/1537/1537 1548/1548/1548 1549/1549/1549
f 1537/1537/1537 1549/1549/1549 1538/1538/1538
f 1538/1538/1538 1549/1549/1549 1550/1550/1550
f 1538/1538/1538 1550/1550/1550 1539/1539/1539
f 1551/1551/1551 1541/1541/1541 1542/1542/1542
f 1551/1551/1551 1542/1542/1542 1552/1552/1552
f 1550/1550/1550 1552/1552/1552 1542/1542/1542
f 1550/1550/1550 1542/1542/1542 1539/1539/1539
f 1518/1518/1518 1553/1553/1553 1543/1543/1543
f 1518/1518/1518 1543/1543/1543 1516/1516/1516
f 1553/1553/1553 1554/1554/1554 1544/1544/1544
f 1553/1553/1553 1544/1544/1544 1543/1543/1543
f 1554/1554/1554 1556/1556/1556 1545/1545/1545
f 1554/1554/1554 1545/1545/1545 1544/1544/1544
f 1556/1556/1556 1557/1557/1557 1535/1535/1535
f 1556/1556/1556 1535/1535/1535 1545/1545/1545
f 1549/1549/1549 1559/1559/1559 1560/1560/1560
f 1549/1549/1549 1560/1560/1560 1550/1550/1550
f 1546/1546/1546 1535/1535/1535 1557/1557/1557
f 1558/1558/1558 1548/1548/1548 1546/1546/1546
f 1457/1457/1457 1490/1490/1490 1553/1553/1553
f 1457/1457/1457 1553/1553/1553 1518/1518/1518
f 1457/1457/1457 1465/1465/1465 1490/1490/1490
f 1490/1490/1490 1562/1562/1562 1554/1554/1554
f 1490/1490/1490 1554/1554/1554 1553/1553/1553
f 1555/1555/1555 1563/1563/1563 1564/1564/1564
f 1555/1555/1555 1564/1564/1564 1556/1556/1556
f 1555/1555/1555 1554/1554/1554 1563/1563/1563
f 1564/1564/1564 1565/1565/1565 1557/1557/1557
f 1564/1564/1564 1557/1557/1557 1556/1556/1556
f 1565/1565/1565 1566/1566/1566 1546/1546/1546
f 1565/1565/1565 1546/1546/1546 1557/1557/1557
f 1546/1546/1546 1566/1566/1566 1567/1567/1567
f 1546/1546/1546 1567/1567/1567 1558/1558/1558
f 1558/1558/1558 1568/1568/1568 1569/1569/1569
f 1558/1558/1558 1569/1569/1569 1559/1559/1559
f 1569/1569/1569 1570/1570/1570 1560/1560/1560
f 1569/1569/1569 1560/1560/1560 1559/1559/1559
f 1570/1570/1570 1572/1572/1572 1561/1561/1561
f 1570/1570/1570 1561/1561/1561 1560/1560/1560
f 1561/1561/1561 1572/1572/1572 1571/1571/1571
f 1562/1562/1562 1573/1573/1573 1574/1574/1574
f 1562/1562/1562 1574/1574/1574 1563/1563/1563
f 1562/1562/1562 1490/1490/1490 1573/1573/1573
f 1563/1563/1563 1574/1574/1574 1575/1575/1575
f 1563/1563/1563 1575/1575/1575 1564/1564/1564
f 1566/1566/1566 1576/1576/1576 1577/1577/1577
f 1566/1566/1566 1577/1577/1577 1567/1567/1567
f 1565/1565/1565 1564/1564/1564 1575/1575/1575
f 1566/1566/1566 1565/1565/1565 1576/1576/1576
f 1577/1577/1577 1578/1578/1578 1568/1568/1568
f 1577/1577/1577 1568/1568/1568 1567/1567/1567
f 1568/1568/1568 1578/1578/1578 1579/1579/1579
f 1568/1568/1568 1579/1579/1579 1569/1569/1569
f 1579/1579/1579 1580/1580/1580 1570/1570/1570
f 1579/1579/1579 1570/1570/1570 1569/1569/1569
f 1580/1580/1580 1581/1581/1581 1572/1572/1572
f 1580/1580/1580 1572/1572/1572 1570/1570/1570
f 1572/1572/1572 1581/1581/1581 1571/1571/1571
f 1491/1491/1491 1492/1492/1492 1582/1582/1582
f 1491/1491/1491 1582/1582/1582 1573/1573/1573
f 1573/1573/1573 1582/1582/1582 1583/1583/1583
f 1573/1573/1573 1583/1583/1583 1574/1574/1574
f 1585/1585/1585 1586/1586/1586 1577/1577/1577
f 1585/1585/1585 1577/1577/1577 1576/1576/1576
f 1583/1583/1583 1575/1575/1575 1574/1574/1574
f 1584/1584/1584 1576/1576/1576 1575/1575/1575
f 1586/1586/1586 1587/1587/1587 1578/1578/1578
f 1586/1586/1586 1578/1578/1578 1577/1577/1577
f 1587/1587/1587 1588/1588/1588 1579/1579/1579
f 1587/1587/1587 1579/1579/1579 1578/1578/1578
f 1588/1588/1588 1589/1589/1589 1580/1580/1580
f 1588/1588/1588 1580/1580/1580 1579/1579/1579
f 1589/1589/1589 1591/1591/1591 1581/1581/1581
f 1589/1589/1589 1581/1581/1581 1580/1580/1580
f 1489/1489/1489 1592/1592/1592 1582/1582/1582
f 1489/1489/1489 1582/1582/1582 1492/1492/1492
f 1519/1519/1519 1592/1592/1592 1489/1489/1489
f 1592/1592/1592 1593/1593/1593 1583/1583/1583
f 1592/1592/1592 1583/1583/1583 1582/1582/1582
f 1594/1594/1594 1595/1595/1595 1586/1586/1586
f 1594/1594/1594 1586/1586/1586 1585/1585/1585
f 1593/1593/1593 1584/1584/1584 1583/1583/1583
f 1594/1594/1594 1585/1585/1585 1584/1584/1584
f 1586/1586/1586 1595/1595/1595 1596/1596/1596
f 1586/1586/1586 1596/1596/1596 1587/1587/1587
f 1596/1596/1596 1597/1597/1597 1588/1588/1588
f 1596/1596/1596 1588/1588/1588 1587/1587/1587
f 1588/1588/1588 1597/1597/1597 1598/1598/1598
f 1588/1588/1588 1598/1598/1598 1589/1589/1589
f 1589/1589/1589 1598/1598/1598 1599/1599/1599
f 1589/1589/1589 1599/1599/1599 1591/1591/1591
f 1290/1290/1290 1601/1601/1601 1485/1485/1485
f 1290/1290/1290 1485/1485/1485 1194/1194/1194
f 1600/1600/1600 1484/1484/1484 1483/1483/1483
f 1602/1602/1602 1603/1603/1603 1481/1481/1481
f 1602/1602/1602 1481/1481/1481 1485/1485/1485
f 1600/1600/1600 1604/1604/1604 1487/1487/1487
f 1600/1600/1600 1487/1487/1487 1484/1484/1484
f 1486/1486/1486 1481/1481/1481 1603/1603/1603
f 1487/1487/1487 1605/1605/1605 1606/1606/1606
f 1487/1487/1487 1606/1606/1606 1488/1488/1488
f 1607/1607/1607 1608/1608/1608 1603/1603/1603
f 1607/1607/1607 1603/1603/1603 1602/1602/1602
f 1606/1606/1606 1489/1489/1489 1488/1488/1488
f 1602/1602/1602 1601/1601/1601 1607/1607/1607
f 1603/1603/1603 1608/1608/1608 1609/1609/1609
f 1603/1603/1603 1609/1609/1609 1486/1486/1486
f 1609/1609/1609 1610/1610/1610 1604/1604/1604
f 1609/1609/1609 1604/1604/1604 1486/1486/1486
f 1610/1610/1610 1611/1611/1611 1605/1605/1605
f 1610/1610/1610 1605/1605/1605 1604/1604/1604
f 1605/1605/1605 1611/1611/1611 1612/1612/1612
f 1605/1605/1605 1612/1612/1612 1606/1606/1606
f 1613/1613/1613 1614/1614/1614 1610/1610/1610
f 1613/1613/1613 1610/1610/1610 1609/1609/1609
f 1609/1609/1609 1608/1608/1608 1613/1613/1613
f 1317/1317/1317 1615/1615/1615 1601/1601/1601
f 1317/1317/1317 1601/1601/1601 1309/1309/1309
f 1614/1614/1614 1611/1611/1611 1610/1610/1610
f 1519/1519/1519 1489/1489/1489 1606/1606/1606
f 1612/1612/1612 1618/1618/1618 1519/1519/1519
f 1612/1612/1612 1519/1519/1519 1606/1606/1606
f 1601/1601/1601 1615/1615/1615 1607/1607/1607
f 1616/1616/1616 1608/1608/1608 1607/1607/1607
f 1617/1617/1617 1618/1618/1618 1612/1612/1612
f 1619/1619/1619 1620/1620/1620 1616/1616/1616
f 1619/1619/1619 1616/1616/1616 1615/1615/1615
f 1619/1619/1619 1615/1615/1615 1317/1317/1317
f 1613/1613/1613 1608/1608/1608 1616/1616/1616
f 1613/1613/1613 1616/1616/1616 1621/1621/1621
f 1614/1614/1614 1613/1613/1613 1622/1622/1622
f 1614/1614/1614 1622/1622/1622 1623/1623/1623
f 1614/1614/1614 1624/1624/1624 1617/1617/1617
f 1614/1614/1614 1617/1617/1617 1611/1611/1611
f 1623/1623/1623 1624/1624/1624 1614/1614/1614
f 1326/1326/1326 1626/1626/1626 1619/1619/1619
f 1326/1326/1326 1619/1619/1619 1317/1317/1317
f 1625/1625/1625 1618/1618/1618 1617/1617/1617
f 1619/1619/1619 1626/1626/1626 1635/1635/1635
f 1619/1619/1619 1635/1635/1635 1620/1620/1620
f 1630/1630/1630 1631/1631/1631 1621/1621/1621
f 1630/1630/1630 1621/1621/1621 1620/1620/1620
f 1627/1627/1627 1628/1628/1628 1625/1625/1625
f 1328/1328/1328 1626/1626/1626 1326/1326/1326
f 1631/1631/1631 1632/1632/1632 1622/1622/1622
f 1631/1631/1631 1622/1622/1622 1621/1621/1621
f 1632/1632/1632 1633/1633/1633 1623/1623/1623
f 1632/1632/1632 1623/1623/1623 1622/1622/1622
f 1623/1623/1623 1633/1633/1633 1634/1634/1634
f 1623/1623/1623 1634/1634/1634 1624/1624/1624
f 1635/1635/1635 1626/1626/1626 1328/1328/1328
f 1635/1635/1635 1328/1328/1328 1639/1639/1639
f 1634/1634/1634 1625/1625/1625 1624/1624/1624
f 1636/1636/1636 1631/1631/1631 1630/1630/1630
f 1633/1633/1633 1637/1637/1637 1634/1634/1634
f 1637/1637/1637 1627/1627/1627 1634/1634/1634
f 1627/1627/1627 1625/1625/1625 1634/1634/1634
f 1638/1638/1638 1628/1628/1628 1627/1627/1627
f 1635/1635/1635 1639/1639/1639 1640/1640/1640
f 1635/1635/1635 1640/1640/1640 1630/1630/1630
f 1643/1643/1643 1644/1644/1644 1633/1633/1633
f 1643/1643/1643 1633/1633/1633 1632/1632/1632
f 1640/1640/1640 1636/1636/1636 1630/1630/1630
f 1637/1637/1637 1641/1641/1641 1627/1627/1627
f 1629/1629/1629 1628/1628/1628 1638/1638/1638
f 1632/1632/1632 1636/1636/1636 1643/1643/1643
f 1645/1645/1645 1646/1646/1646 1640/1640/1640
f 1645/1645/1645 1640/1640/1640 1639/1639/1639
f 1644/1644/1644 1637/1637/1637 1633/1633/1633
f 1643/1643/1643 1636/1636/1636 1640/1640/1640
f 1643/1643/1643 1640/1640/1640 1647/1647/1647
f 1644/1644/1644 1643/1643/1643 1648/1648/1648
f 1644/1644/1644 1648/1648/1648 1649/1649/1649
f 1637/1637/1637 1650/1650/1650 1651/1651/1651
f 1637/1637/1637 1651/1651/1651 1641/1641/1641
f 1649/1649/1649 1650/1650/1650 1644/1644/1644
f 1345/1345/1345 1645/1645/1645 1639/1639/1639
f 1345/1345/1345 1639/1639/1639 1334/1334/1334
f 1646/1646/1646 1652/1652/1652 1653/1653/1653
f 1646/1646/1646 1653/1653/1653 1647/1647/1647
f 1652/1652/1652 1646/1646/1646 1645/1645/1645
f 1641/1641/1641 1655/1655/1655 1642/1642/1642
f 1641/1641/1641 1642/1642/1642 1638/1638/1638
f 1649/1649/1649 1654/1654/1654 1650/1650/1650
f 1651/1651/1651 1655/1655/1655 1641/1641/1641
f 1655/1655/1655 1651/1651/1651 1656/1656/1656
f 1655/1655/1655 1656/1656/1656 1657/1657/1657
f 1660/1660/1660 1661/1661/1661 1649/1649/1649
f 1660/1660/1660 1649/1649/1649 1648/1648/1648
f 1648/1648/1648 1653/1653/1653 1660/1660/1660
f 1360/1360/1360 1662/1662/1662 1345/1345/1345
f 1360/1360/1360 1345/1345/1345 1349/1349/1349
f 1661/1661/1661 1654/1654/1654 1649/1649/1649
f 1662/1662/1662 1663/1663/1663 1652/1652/1652
f 1662/1662/1662 1652/1652/1652 1345/1345/1345
f 1661/1661/1661 1665/1665/1665 1656/1656/1656
f 1661/1661/1661 1656/1656/1656 1654/1654/1654
f 1653/1653/1653 1652/1652/1652 1663/1663/1663
f 1653/1653/1653 1663/1663/1663 1660/1660/1660
f 1664/1664/1664 1661/1661/1661 1660/1660/1660
f 1664/1664/1664 1665/1665/1665 1661/1661/1661
f 1360/1360/1360 1362/1362/1362 1667/1667/1667
f 1360/1360/1360 1667/1667/1667 1662/1662/1662
f 1666/1666/1666 1657/1657/1657 1656/1656/1656
f 1662/1662/1662 1667/1667/1667 1668/1668/1668
f 1662/1662/1662 1668/1668/1668 1663/1663/1663
f 1664/1664/1664 1663/1663/1663 1669/1669/1669
f 1664/1664/1664 1669/1669/1669 1670/1670/1670
f 1664/1664/1664 1670/1670/1670 1671/1671/1671
f 1664/1664/1664 1671/1671/1671 1665/1665/1665
f 1667/1667/1667 1367/1367/1367 1673/1673/1673
f 1667/1667/1667 1673/1673/1673 1668/1668/1668
f 1671/1671/1671 1672/1672/1672 1666/1666/1666
f 1668/1668/1668 1673/1673/1673 1674/1674/1674
f 1668/1668/1668 1674/1674/1674 1669/1669/1669
f 1671/1671/1671 1670/1670/1670 1674/1674/1674
f 1671/1671/1671 1674/1674/1674 1675/1675/1675
f 1674/1674/1674 1670/1670/1670 1669/1669/1669
f 1672/1672/1672 1671/1671/1671 1675/1675/1675
f 1672/1672/1672 1675/1675/1675 1676/1676/1676
f 1367/1367/1367 1371/1371/1371 1677/1677/1677
f 1367/1367/1367 1677/1677/1677 1673/1673/1673
f 1674/1674/1674 1678/1678/1678 1679/1679/1679
f 1674/1674/1674 1679/1679/1679 1675/1675/1675
f 1677/1677/1677 1678/1678/1678 1674/1674/1674
f 1658/1658/1658 1676/1676/1676 1680/1680/1680
f 1658/1658/1658 1680/1680/1680 1659/1659/1659
f 1680/1680/1680 1676/1676/1676 1675/1675/1675
f 1682/1682/1682 1683/1683/1683 1593/1593/1593
f 1682/1682/1682 1593/1593/1593 1592/1592/1592
f 1681/1681/1681 1592/1592/1592 1519/1519/1519
f 1681/1681/1681 1683/1683/1683 1682/1682/1682
f 1686/1686/1686 1687/1687/1687 1595/1595/1595
f 1686/1686/1686 1595/1595/1595 1594/1594/1594
f 1594/1594/1594 1593/1593/1593 1685/1685/1685
f 1687/1687/1687 1688/1688/1688 1597/1597/1597
f 1687/1687/1687 1597/1597/1597 1596/1596/1596
f 1687/1687/1687 1596/1596/1596 1595/1595/1595
f 1597/1597/1597 1688/1688/1688 1690/1690/1690
f 1597/1597/1597 1690/1690/1690 1598/1598/1598
f 1689/1689/1689 1691/1691/1691 1692/1692/1692
f 1689/1689/1689 1692/1692/1692 1690/1690/1690
f 1590/1590/1590 1599/1599/1599 1692/1692/1692
f 1590/1590/1590 1692/1692/1692 1691/1691/1691
f 1598/1598/1598 1690/1690/1690 1692/1692/1692
f 1598/1598/1598 1692/1692/1692 1599/1599/1599
f 1519/1519/1519 1618/1618/1618 1693/1693/1693
f 1519/1519/1519 1693/1693/1693 1681/1681/1681
f 1681/1681/1681 1693/1693/1693 1694/1694/1694
f 1681/1681/1681 1694/1694/1694 1683/1683/1683
f 1683/1683/1683 1694/1694/1694 1695/1695/1695
f 1683/1683/1683 1695/1695/1695 1684/1684/1684
f 1697/1697/1697 1698/1698/1698 1687/1687/1687
f 1697/1697/1697 1687/1687/1687 1686/1686/1686
f 1696/1696/1696 1685/1685/1685 1684/1684/1684
f 1695/1695/1695 1697/1697/1697 1696/1696/1696
f 1697/1697/1697 1686/1686/1686 1685/1685/1685
f 1705/1705/1705 1698/1698/1698 1697/1697/1697
f 1698/1698/1698 1699/1699/1699 1688/1688/1688
f 1698/1698/1698 1688/1688/1688 1687/1687/1687
f 1618/1618/1618 1628/1628/1628 1702/1702/1702
f 1618/1618/1618 1702/1702/1702 1693/1693/1693
f 1689/1689/1689 1688/1688/1688 1699/1699/1699
f 1701/1701/1701 1691/1691/1691 1689/1689/1689
f 1694/1694/1694 1702/1702/1702 1703/1703/1703
f 1694/1694/1694 1703/1703/1703 1695/1695/1695
f 1702/1702/1702 1694/1694/1694 1693/1693/1693
f 1695/1695/1695 1703/1703/1703 1705/1705/1705
f 1695/1695/1695 1705/1705/1705 1697/1697/1697
f 1705/1705/1705 1703/1703/1703 1706/1706/1706
f 1705/1705/1705 1706/1706/1706 1707/1707/1707
f 1705/1705/1705 1707/1707/1707 1708/1708/1708
f 1705/1705/1705 1708/1708/1708 1698/1698/1698
f 1708/1708/1708 1709/1709/1709 1699/1699/1699
f 1708/1708/1708 1699/1699/1699 1698/1698/1698
f 1709/1709/1709 1710/1710/1710 1689/1689/1689
f 1709/1709/1709 1689/1689/1689 1699/1699/1699
f 1700/1700/1700 1701/1701/1701 1713/1713/1713
f 1700/1700/1700 1713/1713/1713 1712/1712/1712
f 1689/1689/1689 1710/1710/1710 1713/1713/1713
f 1689/1689/1689 1713/1713/1713 1701/1701/1701
f 1714/1714/1714 1642/1642/1642 1715/1715/1715
f 1714/1714/1714 1715/1715/1715 1716/1716/1716
f 1714/1714/1714 1702/1702/1702 1629/1629/1629
f 1704/1704/1704 1702/1702/1702 1714/1714/1714
f 1714/1714/1714 1703/1703/1703 1704/1704/1704
f 1706/1706/1706 1716/1716/1716 1718/1718/1718
f 1706/1706/1706 1718/1718/1718 1719/1719/1719
f 1716/1716/1716 1706/1706/1706 1714/1714/1714
f 1706/1706/1706 1703/1703/1703 1714/1714/1714
f 1717/1717/1717 1707/1707/1707 1706/1706/1706
f 1717/1717/1717 1719/1719/1719 1709/1709/1709
f 1717/1717/1717 1709/1709/1709 1707/1707/1707
f 1709/1709/1709 1719/1719/1719 1720/1720/1720
f 1709/1709/1709 1720/1720/1720 1710/1710/1710
f 1727/1727/1727 1720/1720/1720 1719/1719/1719
f 1727/1727/1727 1721/1721/1721 1722/1722/1722
f 1727/1727/1727 1722/1722/1722 1720/1720/1720
f 1711/1711/1711 1712/1712/1712 1722/1722/1722
f 1711/1711/1711 1722/1722/1722 1721/1721/1721
f 1710/1710/1710 1720/1720/1720 1722/1722/1722
f 1710/1710/1710 1722/1722/1722 1712/1712/1712
f 1655/1655/1655 1723/1723/1723 1715/1715/1715
f 1655/1655/1655 1715/1715/1715 1642/1642/1642
f 1657/1657/1657 1723/1723/1723 1655/1655/1655
f 1723/1723/1723 1725/1725/1725 1718/1718/1718
f 1723/1723/1723 1718/1718/1718 1716/1716/1716
f 1723/1723/1723 1716/1716/1716 1715/1715/1715
f 1657/1657/1657 1724/1724/1724 1723/1723/1723
f 1724/1724/1724 1725/1725/1725 1723/1723/1723
f 1718/1718/1718 1725/1725/1725 1726/1726/1726
f 1718/1718/1718 1726/1726/1726 1719/1719/1719
f 1724/1724/1724 1658/1658/1658 1727/1727/1727
f 1724/1724/1724 1727/1727/1727 1725/1725/1725
f 1672/1672/1672 1676/1676/1676 1658/1658/1658
f 1672/1672/1672 1658/1658/1658 1724/1724/1724
f 1727/1727/1727 1719/1719/1719 1726/1726/1726
f 1729/1729/1729 1728/1728/1728 1721/1721/1721
f 1729/1729/1729 1721/1721/1721 1727/1727/1727
f 1672/1672/1672 1724/1724/1724 1657/1657/1657
f 1143/1143/1143 301/301/301 830/830/830
f 1143/1143/1143 830/830/830 1730/1730/1730
f 830/830/830 831/831/831 1731/1731/1731
f 830/830/830 1731/1731/1731 1730/1730/1730
f 1731/1731/1731 831/831/831 832/832/832
f 1731/1731/1731 832/832/832 1732/1732/1732
f 1732/1732/1732 832/832/832 833/833/833
f 1732/1732/1732 833/833/833 1733/1733/1733
f 1733/1733/1733 833/833/833 834/834/834
f 1733/1733/1733 834/834/834 1734/1734/1734
f 1735/1735/1735 1734/1734/1734 835/835/835
f 1735/1735/1735 835/835/835 1736/1736/1736
f 835/835/835 1734/1734/1734 834/834/834
f 836/836/836 837/837/837 1738/1738/1738
f 836/836/836 1738/1738/1738 1737/1737/1737
f 836/836/836 1736/1736/1736 835/835/835
f 1737/1737/1737 1736/1736/1736 836/836/836
f 1143/1143/1143 1730/1730/1730 1740/1740/1740
f 1143/1143/1143 1740/1740/1740 1147/1147/1147
f 1739/1739/1739 1738/1738/1738 837/837/837
f 1730/1730/1730 1731/1731/1731 1741/1741/1741
f 1730/1730/1730 1741/1741/1741 1740/1740/1740
f 1741/1741/1741 1731/1731/1731 1732/1732/1732
f 1741/1741/1741 1732/1732/1732 1742/1742/1742
f 1732/1732/1732 1733/1733/1733 1743/1743/1743
f 1732/1732/1732 1743/1743/1743 1742/1742/1742
f 1733/1733/1733 1734/1734/1734 1744/1744/1744
f 1733/1733/1733 1744/1744/1744 1743/1743/1743
f 1736/1736/1736 1737/1737/1737 1746/1746/1746
f 1736/1736/1736 1746/1746/1746 1745/1745/1745
f 1746/1746/1746 1737/1737/1737 1738/1738/1738
f 1746/1746/1746 1738/1738/1738 1747/1747/1747
f 1738/1738/1738 1739/1739/1739 1748/1748/1748
f 1738/1738/1738 1748/1748/1748 1747/1747/1747
f 1152/1152/1152 1147/1147/1147 1740/1740/1740
f 1152/1152/1152 1740/1740/1740 1749/1749/1749
f 1742/1742/1742 1743/1743/1743 1752/1752/1752
f 1742/1742/1742 1752/1752/1752 1750/1750/1750
f 1741/1741/1741 1749/1749/1749 1740/1740/1740
f 1742/1742/1742 1750/1750/1750 1741/1741/1741
f 1751/1751/1751 1750/1750/1750 1752/1752/1752
f 1751/1751/1751 1752/1752/1752 1753/1753/1753
f 1753/1753/1753 1752/1752/1752 1744/1744/1744
f 1753/1753/1753 1744/1744/1744 1754/1754/1754
f 1744/1744/1744 1752/1752/1752 1743/1743/1743
f 1735/1735/1735 1745/1745/1745 1755/1755/1755
f 1735/1735/1735 1755/1755/1755 1754/1754/1754
f 1735/1735/1735 1754/1754/1754 1744/1744/1744
f 1756/1756/1756 1755/1755/1755 1746/1746/1746
f 1756/1756/1756 1746/1746/1746 1757/1757/1757
f 1746/1746/1746 1755/1755/1755 1745/1745/1745
f 1156/1156/1156 1152/1152/1152 1749/1749/1749
f 1156/1156/1156 1749/1749/1749 1759/1759/1759
f 1747/1747/1747 1757/1757/1757 1746/1746/1746
f 1748/1748/1748 1757/1757/1757 1747/1747/1747
f 1758/1758/1758 1749/1749/1749 1741/1741/1741
f 1758/1758/1758 1741/1741/1741 1760/1760/1760
f 1758/1758/1758 1760/1760/1760 1761/1761/1761
f 1758/1758/1758 1761/1761/1761 1759/1759/1759
f 1756/1756/1756 1757/1757/1757 1781/1781/1781
f 1756/1756/1756 1781/1781/1781 1763/1763/1763
f 1760/1760/1760 1751/1751/1751 1761/1761/1761
f 1755/1755/1755 1762/1762/1762 1754/1754/1754
f 1755/1755/1755 1763/1763/1763 1762/1762/1762
f 1756/1756/1756 1763/1763/1763 1755/1755/1755
f 1156/1156/1156 1759/1759/1759 1764/1764/1764
f 1156/1156/1156 1764/1764/1764 1158/1158/1158
f 1765/1765/1765 1761/1761/1761 1766/1766/1766
f 1765/1765/1765 1766/1766/1766 1767/1767/1767
f 1761/1761/1761 1764/1764/1764 1759/1759/1759
f 1751/1751/1751 1753/1753/1753 1768/1768/1768
f 1751/1751/1751 1768/1768/1768 1766/1766/1766
f 1753/1753/1753 1762/1762/1762 1769/1769/1769
f 1753/1753/1753 1769/1769/1769 1768/1768/1768
f 1158/1158/1158 1764/1764/1764 1771/1771/1771
f 1158/1158/1158 1771/1771/1771 1162/1162/1162
f 1769/1769/1769 1770/1770/1770 1768/1768/1768
f 1762/1762/1762 1770/1770/1770 1769/1769/1769
f 1763/1763/1763 1770/1770/1770 1762/1762/1762
f 1163/1163/1163 1162/1162/1162 1771/1771/1771
f 1163/1163/1163 1771/1771/1771 1772/1772/1772
f 1771/1771/1771 1764/1764/1764 1765/1765/1765
f 1771/1771/1771 1765/1765/1765 1772/1772/1772
f 1772/1772/1772 1773/1773/1773 1776/1776/1776
f 1772/1772/1772 1776/1776/1776 1775/1775/1775
f 1773/1773/1773 1772/1772/1772 1765/1765/1765
f 1767/1767/1767 1773/1773/1773 1765/1765/1765
f 1163/1163/1163 1775/1775/1775 1777/1777/1777
f 1163/1163/1163 1777/1777/1777 1169/1169/1169
f 1783/1783/1783 1782/1782/1782 1779/1779/1779
f 1783/1783/1783 1779/1779/1779 1784/1784/1784
f 1739/1739/1739 1778/1778/1778 1748/1748/1748
f 1748/1748/1748 1779/1779/1779 1757/1757/1757
f 1778/1778/1778 1779/1779/1779 1748/1748/1748
f 1778/1778/1778 1780/1780/1780 1779/1779/1779
f 1757/1757/1757 1782/1782/1782 1781/1781/1781
f 1779/1779/1779 1782/1782/1782 1757/1757/1757
f 1788/1788/1788 1787/1787/1787 1782/1782/1782
f 1788/1788/1788 1782/1782/1782 1789/1789/1789
f 1780/1780/1780 1784/1784/1784 1779/1779/1779
f 1763/1763/1763 1787/1787/1787 1770/1770/1770
f 1781/1781/1781 1787/1787/1787 1763/1763/1763
f 1782/1782/1782 1787/1787/1787 1781/1781/1781
f 1796/1796/1796 1809/1809/1809 1787/1787/1787
f 1796/1796/1796 1787/1787/1787 1797/1797/1797
f 1783/1783/1783 1789/1789/1789 1782/1782/1782
f 1784/1784/1784 1789/1789/1789 1783/1783/1783
f 1785/1785/1785 1790/1790/1790 1784/1784/1784
f 1785/1785/1785 1791/1791/1791 1790/1790/1790
f 1770/1770/1770 1809/1809/1809 1774/1774/1774
f 1787/1787/1787 1809/1809/1809 1770/1770/1770
f 1798/1798/1798 1797/1797/1797 1789/1789/1789
f 1798/1798/1798 1789/1789/1789 1799/1799/1799
f 1788/1788/1788 1797/1797/1797 1787/1787/1787
f 1789/1789/1789 1797/1797/1797 1788/1788/1788
f 1804/1804/1804 1790/1790/1790 1791/1791/1791
f 1804/1804/1804 1791/1791/1791 1800/1800/1800
f 1790/1790/1790 1799/1799/1799 1789/1789/1789
f 1804/1804/1804 1799/1799/1799 1790/1790/1790
f 1776/1776/1776 1773/1773/1773 1795/1795/1795
f 1776/1776/1776 1795/1795/1795 1806/1806/1806
f 1800/1800/1800 1792/1792/1792 1801/1801/1801
f 1793/1793/1793 1802/1802/1802 1792/1792/1792
f 1794/1794/1794 1803/1803/1803 1802/1802/1802
f 1794/1794/1794 1802/1802/1802 1793/1793/1793
f 1776/1776/1776 1806/1806/1806 1775/1775/1775
f 1795/1795/1795 1774/1774/1774 1809/1809/1809
f 1795/1795/1795 1809/1809/1809 1807/1807/1807
f 1807/1807/1807 1806/1806/1806 1795/1795/1795
f 1807/1807/1807 1808/1808/1808 1806/1806/1806
f 1808/1808/1808 1807/1807/1807 1809/1809/1809
f 1808/1808/1808 1809/1809/1809 1810/1810/1810
f 1811/1811/1811 1796/1796/1796 1797/1797/1797
f 1811/1811/1811 1797/1797/1797 1798/1798/1798
f 1809/1809/1809 1796/1796/1796 1810/1810/1810
f 1796/1796/1796 1811/1811/1811 1810/1810/1810
f 1812/1812/1812 1811/1811/1811 1798/1798/1798
f 1812/1812/1812 1798/1798/1798 1814/1814/1814
f 1814/1814/1814 1800/1800/1800 1801/1801/1801
f 1814/1814/1814 1801/1801/1801 1815/1815/1815
f 1800/1800/1800 1814/1814/1814 1799/1799/1799
f 1815/1815/1815 1801/1801/1801 1802/1802/1802
f 1815/1815/1815 1802/1802/1802 1816/1816/1816
f 1802/1802/1802 1803/1803/1803 1818/1818/1818
f 1802/1802/1802 1818/1818/1818 1816/1816/1816
f 1818/1818/1818 1830/1830/1830 1816/1816/1816
f 1821/1821/1821 1820/1820/1820 1822/1822/1822
f 1821/1821/1821 1822/1822/1822 1823/1823/1823
f 1818/1818/1818 1817/1817/1817 1830/1830/1830
f 1775/1775/1775 1819/1819/1819 1777/1777/1777
f 1806/1806/1806 1820/1820/1820 1819/1819/1819
f 1822/1822/1822 1820/1820/1820 1806/1806/1806
f 1823/1823/1823 1822/1822/1822 1808/1808/1808
f 1823/1823/1823 1808/1808/1808 1824/1824/1824
f 1825/1825/1825 1824/1824/1824 1811/1811/1811
f 1825/1825/1825 1811/1811/1811 1812/1812/1812
f 1810/1810/1810 1824/1824/1824 1808/1808/1808
f 1811/1811/1811 1824/1824/1824 1810/1810/1810
f 1826/1826/1826 1825/1825/1825 1812/1812/1812
f 1826/1826/1826 1812/1812/1812 1828/1828/1828
f 1828/1828/1828 1812/1812/1812 1814/1814/1814
f 1828/1828/1828 1814/1814/1814 1815/1815/1815
f 863/863/863 895/895/895 1831/1831/1831
f 863/863/863 1831/1831/1831 1739/1739/1739
f 1816/1816/1816 1829/1829/1829 1815/1815/1815
f 1830/1830/1830 1829/1829/1829 1816/1816/1816
f 1831/1831/1831 895/895/895 896/896/896
f 1831/1831/1831 896/896/896 1832/1832/1832
f 896/896/896 897/897/897 1834/1834/1834
f 896/896/896 1834/1834/1834 1832/1832/1832
f 1834/1834/1834 897/897/897 898/898/898
f 1834/1834/1834 898/898/898 1835/1835/1835
f 1835/1835/1835 898/898/898 899/899/899
f 1835/1835/1835 899/899/899 1836/1836/1836
f 1836/1836/1836 899/899/899 900/900/900
f 1836/1836/1836 900/900/900 1837/1837/1837
f 1837/1837/1837 900/900/900 901/901/901
f 1837/1837/1837 901/901/901 1838/1838/1838
f 1838/1838/1838 901/901/901 902/902/902
f 1838/1838/1838 902/902/902 1839/1839/1839
f 1842/1842/1842 1841/1841/1841 1834/1834/1834
f 1842/1842/1842 1834/1834/1834 1844/1844/1844
f 1831/1831/1831 1778/1778/1778 1739/1739/1739
f 1831/1831/1831 1840/1840/1840 1778/1778/1778
f 1832/1832/1832 1840/1840/1840 1831/1831/1831
f 1832/1832/1832 1841/1841/1841 1840/1840/1840
f 1834/1834/1834 1841/1841/1841 1832/1832/1832
f 1778/1778/1778 1840/1840/1840 1846/1846/1846
f 1778/1778/1778 1846/1846/1846 1780/1780/1780
f 1835/1835/1835 1844/1844/1844 1834/1834/1834
f 1836/1836/1836 1844/1844/1844 1835/1835/1835
f 1838/1838/1838 1845/1845/1845 1837/1837/1837
f 1839/1839/1839 1845/1845/1845 1838/1838/1838
f 1846/1846/1846 1840/1840/1840 1841/1841/1841
f 1846/1846/1846 1841/1841/1841 1847/1847/1847
f 1848/1848/1848 1842/1842/1842 1844/1844/1844
f 1848/1848/1848 1844/1844/1844 1852/1852/1852
f 1851/1851/1851 1850/1850/1850 1843/1843/1843
f 1849/1849/1849 1848/1848/1848 1852/1852/1852
f 1849/1849/1849 1852/1852/1852 1853/1853/1853
f 1836/1836/1836 1852/1852/1852 1844/1844/1844
f 1852/1852/1852 1836/1836/1836 1837/1837/1837
f 1852/1852/1852 1837/1837/1837 1853/1853/1853
f 1837/1837/1837 1845/1845/1845 1850/1850/1850
f 1837/1837/1837 1850/1850/1850 1853/1853/1853
f 1785/1785/1785 1784/1784/1784 1846/1846/1846
f 1785/1785/1785 1846/1846/1846 1847/1847/1847
f 1850/1850/1850 1845/1845/1845 1843/1843/1843
f 1846/1846/1846 1784/1784/1784 1780/1780/1780
f 1855/1855/1855 1850/1850/1850 1851/1851/1851
f 1855/1855/1855 1851/1851/1851 1856/1856/1856
f 1847/1847/1847 1854/1854/1854 1785/1785/1785
f 1842/1842/1842 1854/1854/1854 1847/1847/1847
f 1792/1792/1792 1791/1791/1791 1854/1854/1854
f 1792/1792/1792 1854/1854/1854 1857/1857/1857
f 1854/1854/1854 1791/1791/1791 1785/1785/1785
f 1857/1857/1857 1848/1848/1848 1849/1849/1849
f 1857/1857/1857 1849/1849/1849 1793/1793/1793
f 1848/1848/1848 1857/1857/1857 1854/1854/1854
f 1169/1169/1169 1777/1777/1777 1858/1858/1858
f 1169/1169/1169 1858/1858/1858 1196/1196/1196
f 1855/1855/1855 1794/1794/1794 1793/1793/1793
f 1855/1855/1855 1793/1793/1793 1849/1849/1849
f 1201/1201/1201 1860/1860/1860 1859/1859/1859
f 1201/1201/1201 1859/1859/1859 1200/1200/1200
f 1201/1201/1201 1196/1196/1196 1858/1858/1858
f 1201/1201/1201 1858/1858/1858 1860/1860/1860
f 1861/1861/1861 1860/1860/1860 1903/1903/1903
f 1861/1861/1861 1903/1903/1903 1862/1862/1862
f 1210/1210/1210 1200/1200/1200 1859/1859/1859
f 1210/1210/1210 1859/1859/1859 1864/1864/1864
f 1864/1864/1864 1859/1859/1859 1861/1861/1861
f 1864/1864/1864 1861/1861/1861 1865/1865/1865
f 1216/1216/1216 1210/1210/1210 1863/1863/1863
f 1216/1216/1216 1863/1863/1863 1867/1867/1867
f 1862/1862/1862 1865/1865/1865 1861/1861/1861
f 1866/1866/1866 1865/1865/1865 1862/1862/1862
f 1913/1913/1913 1866/1866/1866 1862/1862/1862
f 1863/1863/1863 1864/1864/1864 1868/1868/1868
f 1863/1863/1863 1868/1868/1868 1867/1867/1867
f 1868/1868/1868 1864/1864/1864 1865/1865/1865
f 1868/1868/1868 1865/1865/1865 1869/1869/1869
f 1869/1869/1869 1865/1865/1865 1866/1866/1866
f 1869/1869/1869 1866/1866/1866 1870/1870/1870
f 1216/1216/1216 1867/1867/1867 1873/1873/1873
f 1216/1216/1216 1873/1873/1873 1223/1223/1223
f 1871/1871/1871 1870/1870/1870 1866/1866/1866
f 1873/1873/1873 1867/1867/1867 1868/1868/1868
f 1873/1873/1873 1868/1868/1868 1874/1874/1874
f 1868/1868/1868 1869/1869/1869 1875/1875/1875
f 1868/1868/1868 1875/1875/1875 1874/1874/1874
f 1875/1875/1875 1869/1869/1869 1870/1870/1870
f 1875/1875/1875 1870/1870/1870 1876/1876/1876
f 1870/1870/1870 1871/1871/1871 1877/1877/1877
f 1870/1870/1870 1877/1877/1877 1876/1876/1876
f 1877/1877/1877 1871/1871/1871 1872/1872/1872
f 1877/1877/1877 1872/1872/1872 1878/1878/1878
f 1230/1230/1230 1223/1223/1223 1873/1873/1873
f 1230/1230/1230 1873/1873/1873 1879/1879/1879
f 1879/1879/1879 1873/1873/1873 1874/1874/1874
f 1879/1879/1879 1874/1874/1874 1880/1880/1880
f 1874/1874/1874 1875/1875/1875 1881/1881/1881
f 1874/1874/1874 1881/1881/1881 1880/1880/1880
f 1875/1875/1875 1876/1876/1876 1882/1882/1882
f 1875/1875/1875 1882/1882/1882 1881/1881/1881
f 1876/1876/1876 1877/1877/1877 1883/1883/1883
f 1876/1876/1876 1883/1883/1883 1882/1882/1882
f 1883/1883/1883 1877/1877/1877 1878/1878/1878
f 1883/1883/1883 1878/1878/1878 1884/1884/1884
f 1237/1237/1237 1230/1230/1230 1879/1879/1879
f 1237/1237/1237 1879/1879/1879 1885/1885/1885
f 1886/1886/1886 1885/1885/1885 1880/1880/1880
f 1886/1886/1886 1880/1880/1880 1887/1887/1887
f 1880/1880/1880 1885/1885/1885 1879/1879/1879
f 1881/1881/1881 1882/1882/1882 1888/1888/1888
f 1881/1881/1881 1888/1888/1888 1887/1887/1887
f 1881/1881/1881 1887/1887/1887 1880/1880/1880
f 1888/1888/1888 1882/1882/1882 1883/1883/1883
f 1888/1888/1888 1883/1883/1883 1889/1889/1889
f 1883/1883/1883 1884/1884/1884 1890/1890/1890
f 1883/1883/1883 1890/1890/1890 1889/1889/1889
f 1891/1891/1891 1819/1819/1819 1820/1820/1820
f 1891/1891/1891 1820/1820/1820 1892/1892/1892
f 1891/1891/1891 1858/1858/1858 1819/1819/1819
f 1892/1892/1892 1820/1820/1820 1821/1821/1821
f 1892/1892/1892 1821/1821/1821 1893/1893/1893
f 1893/1893/1893 1895/1895/1895 1894/1894/1894
f 1893/1893/1893 1894/1894/1894 1892/1892/1892
f 1893/1893/1893 1821/1821/1821 1823/1823/1823
f 1893/1893/1893 1823/1823/1823 1895/1895/1895
f 1823/1823/1823 1824/1824/1824 1897/1897/1897
f 1823/1823/1823 1897/1897/1897 1895/1895/1895
f 1896/1896/1896 1895/1895/1895 1897/1897/1897
f 1896/1896/1896 1897/1897/1897 1898/1898/1898
f 1897/1897/1897 1824/1824/1824 1825/1825/1825
f 1897/1897/1897 1825/1825/1825 1898/1898/1898
f 1898/1898/1898 1825/1825/1825 1826/1826/1826
f 1898/1898/1898 1826/1826/1826 1899/1899/1899
f 1900/1900/1900 1899/1899/1899 1826/1826/1826
f 1900/1900/1900 1826/1826/1826 1902/1902/1902
f 1901/1901/1901 1900/1900/1900 1827/1827/1827
f 1826/1826/1826 1828/1828/1828 1829/1829/1829
f 1826/1826/1826 1829/1829/1829 1902/1902/1902
f 1827/1827/1827 1900/1900/1900 1902/1902/1902
f 1827/1827/1827 1902/1902/1902 1830/1830/1830
f 1903/1903/1903 1858/1858/1858 1891/1891/1891
f 1903/1903/1903 1891/1891/1891 1904/1904/1904
f 1903/1903/1903 1860/1860/1860 1858/1858/1858
f 1891/1891/1891 1892/1892/1892 1905/1905/1905
f 1891/1891/1891 1905/1905/1905 1904/1904/1904
f 1906/1906/1906 1895/1895/1895 1896/1896/1896
f 1906/1906/1906 1896/1896/1896 1907/1907/1907
f 1907/1907/1907 1909/1909/1909 1908/1908/1908
f 1907/1907/1907 1908/1908/1908 1906/1906/1906
f 1907/1907/1907 1896/1896/1896 1898/1898/1898
f 1907/1907/1907 1898/1898/1898 1909/1909/1909
f 1898/1898/1898 1899/1899/1899 1910/1910/1910
f 1898/1898/1898 1910/1910/1910 1909/1909/1909
f 1910/1910/1910 1899/1899/1899 1900/1900/1900
f 1910/1910/1910 1900/1900/1900 1911/1911/1911
f 1911/1911/1911 1900/1900/1900 1901/1901/1901
f 1911/1911/1911 1901/1901/1901 1912/1912/1912
f 1903/1903/1903 1904/1904/1904 1913/1913/1913
f 1903/1903/1903 1913/1913/1913 1862/1862/1862
f 1913/1913/1913 1904/1904/1904 1905/1905/1905
f 1913/1913/1913 1905/1905/1905 1914/1914/1914
f 1909/1909/1909 1910/1910/1910 1917/1917/1917
f 1909/1909/1909 1917/1917/1917 1916/1916/1916
f 1894/1894/1894 1914/1914/1914 1905/1905/1905
f 1915/1915/1915 1914/1914/1914 1894/1894/1894
f 1906/1906/1906 1915/1915/1915 1894/1894/1894
f 1908/1908/1908 1915/1915/1915 1906/1906/1906
f 1913/1913/1913 1914/1914/1914 1923/1923/1923
f 1913/1913/1913 1923/1923/1923 1866/1866/1866
f 1918/1918/1918 1917/1917/1917 1911/1911/1911
f 1919/1919/1919 1916/1916/1916 1917/1917/1917
f 1921/1921/1921 1920/1920/1920 1917/1917/1917
f 1923/1923/1923 1914/1914/1914 1915/1915/1915
f 1923/1923/1923 1915/1915/1915 1924/1924/1924
f 1915/1915/1915 1908/1908/1908 1925/1925/1925
f 1915/1915/1915 1925/1925/1925 1924/1924/1924
f 1921/1921/1921 1922/1922/1922 1927/1927/1927
f 1921/1921/1921 1927/1927/1927 1920/1920/1920
f 1916/1916/1916 1925/1925/1925 1908/1908/1908
f 1926/1926/1926 1925/1925/1925 1916/1916/1916
f 1919/1919/1919 1926/1926/1926 1916/1916/1916
f 1919/1919/1919 1920/1920/1920 1931/1931/1931
f 1919/1919/1919 1931/1931/1931 1930/1930/1930
f 1923/1923/1923 1871/1871/1871 1866/1866/1866
f 1872/1872/1872 1871/1871/1871 1923/1923/1923
f 1924/1924/1924 1872/1872/1872 1923/1923/1923
f 1928/1928/1928 1872/1872/1872 1924/1924/1924
f 1925/1925/1925 1928/1928/1928 1924/1924/1924
f 1929/1929/1929 1928/1928/1928 1925/1925/1925
f 1926/1926/1926 1929/1929/1929 1925/1925/1925
f 1930/1930/1930 1929/1929/1929 1926/1926/1926
f 1920/1920/1920 1927/1927/1927 1932/1932/1932
f 1920/1920/1920 1932/1932/1932 1931/1931/1931
f 1933/1933/1933 1928/1928/1928 1929/1929/1929
f 1933/1933/1933 1929/1929/1929 1934/1934/1934
f 1933/1933/1933 1878/1878/1878 1872/1872/1872
f 1931/1931/1931 1932/1932/1932 1938/1938/1938
f 1931/1931/1931 1938/1938/1938 1937/1937/1937
f 1935/1935/1935 1934/1934/1934 1929/1929/1929
f 1936/1936/1936 1935/1935/1935 1930/1930/1930
f 1937/1937/1937 1936/1936/1936 1931/1931/1931
f 1878/1878/1878 1933/1933/1933 1939/1939/1939
f 1878/1878/1878 1939/1939/1939 1884/1884/1884
f 1939/1939/1939 1933/1933/1933 1934/1934/1934
f 1939/1939/1939 1934/1934/1934 1940/1940/1940
f 1934/1934/1934 1935/1935/1935 1941/1941/1941
f 1934/1934/1934 1941/1941/1941 1940/1940/1940
f 1935/1935/1935 1936/1936/1936 1942/1942/1942
f 1935/1935/1935 1942/1942/1942 1941/1941/1941
f 1942/1942/1942 1936/1936/1936 1937/1937/1937
f 1942/1942/1942 1937/1937/1937 1943/1943/1943
f 1943/1943/1943 1937/1937/1937 1938/1938/1938
f 1943/1943/1943 1938/1938/1938 1944/1944/1944
f 1890/1890/1890 1884/1884/1884 1939/1939/1939
f 1890/1890/1890 1939/1939/1939 1945/1945/1945
f 1941/1941/1941 1942/1942/1942 1949/1949/1949
f 1941/1941/1941 1949/1949/1949 1948/1948/1948
f 1939/1939/1939 1946/1946/1946 1945/1945/1945
f 1940/1940/1940 1946/1946/1946 1939/1939/1939
f 1940/1940/1940 1947/1947/1947 1946/1946/1946
f 1941/1941/1941 1947/1947/1947 1940/1940/1940
f 1948/1948/1948 1947/1947/1947 1941/1941/1941
f 1949/1949/1949 1942/1942/1942 1943/1943/1943
f 1949/1949/1949 1943/1943/1943 1950/1950/1950
f 1950/1950/1950 1943/1943/1943 1944/1944/1944
f 1950/1950/1950 1944/1944/1944 1951/1951/1951
f 1237/1237/1237 1885/1885/1885 1952/1952/1952
f 1237/1237/1237 1952/1952/1952 1297/1297/1297
f 1298/1298/1298 1297/1297/1297 1952/1952/1952
f 1298/1298/1298 1952/1952/1952 1953/1953/1953
f 1952/1952/1952 1885/1885/1885 1886/1886/1886
f 1952/1952/1952 1886/1886/1886 1953/1953/1953
f 1886/1886/1886 1887/1887/1887 1954/1954/1954
f 1886/1886/1886 1954/1954/1954 1953/1953/1953
f 1955/1955/1955 1954/1954/1954 1888/1888/1888
f 1955/1955/1955 1888/1888/1888 1956/1956/1956
f 1888/1888/1888 1954/1954/1954 1887/1887/1887
f 1953/1953/1953 1954/1954/1954 1958/1958/1958
f 1953/1953/1953 1958/1958/1958 1957/1957/1957
f 1889/1889/1889 1956/1956/1956 1888/1888/1888
f 1890/1890/1890 1956/1956/1956 1889/1889/1889
f 1298/1298/1298 1957/1957/1957 1960/1960/1960
f 1298/1298/1298 1960/1960/1960 1305/1305/1305
f 1957/1957/1957 1958/1958/1958 1962/1962/1962
f 1957/1957/1957 1962/1962/1962 1960/1960/1960
f 1960/1960/1960 1961/1961/1961 1305/1305/1305
f 1961/1961/1961 1960/1960/1960 1962/1962/1962
f 1961/1961/1961 1962/1962/1962 1963/1963/1963
f 1962/1962/1962 1958/1958/1958 1955/1955/1955
f 1962/1962/1962 1955/1955/1955 1963/1963/1963
f 1945/1945/1945 1946/1946/1946 1966/1966/1966
f 1945/1945/1945 1966/1966/1966 1965/1965/1965
f 1959/1959/1959 1963/1963/1963 1955/1955/1955
f 1961/1961/1961 1307/1307/1307 1305/1305/1305
f 1890/1890/1890 1965/1965/1965 1956/1956/1956
f 1945/1945/1945 1965/1965/1965 1890/1890/1890
f 1946/1946/1946 1947/1947/1947 1967/1967/1967
f 1946/1946/1946 1967/1967/1967 1966/1966/1966
f 1967/1967/1967 1947/1947/1947 1948/1948/1948
f 1967/1967/1967 1948/1948/1948 1968/1968/1968
f 1968/1968/1968 1948/1948/1948 1949/1949/1949
f 1968/1968/1968 1949/1949/1949 1969/1969/1969
f 1969/1969/1969 1949/1949/1949 1950/1950/1950
f 1969/1969/1969 1950/1950/1950 1970/1970/1970
f 1950/1950/1950 1951/1951/1951 1971/1971/1971
f 1950/1950/1950 1971/1971/1971 1970/1970/1970
f 1974/1974/1974 1967/1967/1967 1968/1968/1968
f 1974/1974/1974 1968/1968/1968 1979/1979/1979
f 1956/1956/1956 1972/1972/1972 1959/1959/1959
f 1965/1965/1965 1972/1972/1972 1956/1956/1956
f 1965/1965/1965 1973/1973/1973 1972/1972/1972
f 1966/1966/1966 1973/1973/1973 1965/1965/1965
f 1966/1966/1966 1974/1974/1974 1973/1973/1973
f 1974/1974/1974 1979/1979/1979 1975/1975/1975
f 1980/1980/1980 1970/1970/1970 1971/1971/1971
f 1980/1980/1980 1971/1971/1971 1978/1978/1978
f 1969/1969/1969 1980/1980/1980 1979/1979/1979
f 1985/1985/1985 1977/1977/1977 1978/1978/1978
f 1985/1985/1985 1978/1978/1978 1986/1986/1986
f 1959/1959/1959 1981/1981/1981 1963/1963/1963
f 1972/1972/1972 1981/1981/1981 1959/1959/1959
f 1972/1972/1972 1982/1982/1982 1981/1981/1981
f 1973/1973/1973 1982/1982/1982 1972/1972/1972
f 1973/1973/1973 1983/1983/1983 1982/1982/1982
f 1974/1974/1974 1983/1983/1983 1973/1973/1973
f 1976/1976/1976 1984/1984/1984 1975/1975/1975
f 1976/1976/1976 1985/1985/1985 1984/1984/1984
f 1987/1987/1987 1961/1961/1961 1964/1964/1964
f 1987/1987/1987 1964/1964/1964 1988/1988/1988
f 1961/1961/1961 1987/1987/1987 1307/1307/1307
f 1963/1963/1963 1981/1981/1981 1990/1990/1990
f 1963/1963/1963 1990/1990/1990 1988/1988/1988
f 1963/1963/1963 1988/1988/1988 1964/1964/1964
f 1982/1982/1982 1983/1983/1983 1996/1996/1996
f 1982/1982/1982 1996/1996/1996 1991/1991/1991
f 1990/1990/1990 1991/1991/1991 1989/1989/1989
f 1982/1982/1982 1991/1991/1991 1990/1990/1990
f 1993/1993/1993 1992/1992/1992 1996/1996/1996
f 1993/1993/1993 1996/1996/1996 1997/1997/1997
f 1996/1996/1996 1975/1975/1975 1984/1984/1984
f 1996/1996/1996 1984/1984/1984 1997/1997/1997
f 1358/1358/1358 1357/1357/1357 1987/1987/1987
f 1358/1358/1358 1987/1987/1987 1999/1999/1999
f 1997/1997/1997 1998/1998/1998 1994/1994/1994
f 1985/1985/1985 1998/1998/1998 1997/1997/1997
f 1998/1998/1998 1995/1995/1995 1994/1994/1994
f 1987/1987/1987 1357/1357/1357 1307/1307/1307
f 1359/1359/1359 1358/1358/1358 1999/1999/1999
f 1359/1359/1359 1999/1999/1999 2000/2000/2000
f 1999/1999/1999 1987/1987/1987 2003/2003/2003
f 1999/1999/1999 2003/2003/2003 2004/2004/2004
f 2003/2003/2003 1988/1988/1988 1989/1989/1989
f 2003/2003/2003 1989/1989/1989 2004/2004/2004
f 2000/2000/2000 1999/1999/1999 2004/2004/2004
f 2000/2000/2000 2004/2004/2004 2005/2005/2005
f 2001/2001/2001 2000/2000/2000 2005/2005/2005
f 2001/2001/2001 2005/2005/2005 2006/2006/2006
f 1989/1989/1989 2005/2005/2005 2004/2004/2004
f 1989/1989/1989 1991/1991/1991 2011/2011/2011
f 1989/1989/1989 2011/2011/2011 2005/2005/2005
f 2007/2007/2007 2006/2006/2006 2011/2011/2011
f 2007/2007/2007 2011/2011/2011 2012/2012/2012
f 2011/2011/2011 1992/1992/1992 1993/1993/1993
f 2011/2011/2011 1993/1993/1993 2012/2012/2012
f 2008/2008/2008 2007/2007/2007 2012/2012/2012
f 2008/2008/2008 2012/2012/2012 2013/2013/2013
f 2012/2012/2012 1993/1993/1993 1994/1994/1994
f 2012/2012/2012 1994/1994/1994 2013/2013/2013
f 2008/2008/2008 2013/2013/2013 2014/2014/2014
f 2008/2008/2008 2014/2014/2014 2009/2009/2009
f 1368/1368/1368 1359/1359/1359 2015/2015/2015
f 1368/1368/1368 2015/2015/2015 2016/2016/2016
f 1994/1994/1994 2014/2014/2014 2013/2013/2013
f 2014/2014/2014 2010/2010/2010 2009/2009/2009
f 2015/2015/2015 2000/2000/2000 2001/2001/2001
f 2015/2015/2015 2001/2001/2001 2016/2016/2016
f 1368/1368/1368 2017/2017/2017 2018/2018/2018
f 1368/1368/1368 2018/2018/2018 1369/1369/1369
f 1369/1369/1369 2018/2018/2018 2019/2019/2019
f 1369/1369/1369 2019/2019/2019 1370/1370/1370
f 1371/1371/1371 1370/1370/1370 2019/2019/2019
f 1371/1371/1371 2019/2019/2019 2020/2020/2020
f 2017/2017/2017 2016/2016/2016 2001/2001/2001
f 2017/2017/2017 2001/2001/2001 2021/2021/2021
f 2001/2001/2001 2006/2006/2006 2007/2007/2007
f 2001/2001/2001 2007/2007/2007 2021/2021/2021
f 2018/2018/2018 2021/2021/2021 2022/2022/2022
f 2018/2018/2018 2022/2022/2022 2019/2019/2019
f 2008/2008/2008 2009/2009/2009 2022/2022/2022
f 2008/2008/2008 2022/2022/2022 2021/2021/2021
f 2002/2002/2002 2020/2020/2020 2022/2022/2022
f 2002/2002/2002 2022/2022/2022 2010/2010/2010
f 2022/2022/2022 2020/2020/2020 2019/2019/2019
f 1061/1061/1061 1062/1062/1062 2026/2026/2026
f 1061/1061/1061 2026/2026/2026 2025/2025/2025
f 1064/1064/1064 1065/1065/1065 2028/2028/2028
f 1064/1064/1064 2028/2028/2028 2027/2027/2027
f 1067/1067/1067 2027/2027/2027 2026/2026/2026
f 1066/1066/1066 2023/2023/2023 2028/2028/2028
f 1066/1066/1066 2028/2028/2028 1065/1065/1065
f 2024/2024/2024 2025/2025/2025 2031/2031/2031
f 2024/2024/2024 2031/2031/2031 2030/2030/2030
f 2031/2031/2031 2025/2025/2025 2026/2026/2026
f 2031/2031/2031 2026/2026/2026 2032/2032/2032
f 2032/2032/2032 2026/2026/2026 2027/2027/2027
f 2032/2032/2032 2027/2027/2027 2033/2033/2033
f 2030/2030/2030 2031/2031/2031 2039/2039/2039
f 2030/2030/2030 2039/2039/2039 2038/2038/2038
f 2027/2027/2027 2034/2034/2034 2033/2033/2033
f 2028/2028/2028 2034/2034/2034 2027/2027/2027
f 2037/2037/2037 2036/2036/2036 2029/2029/2029
f 2031/2031/2031 2032/2032/2032 2040/2040/2040
f 2031/2031/2031 2040/2040/2040 2039/2039/2039
f 2035/2035/2035 2041/2041/2041 2034/2034/2034
f 2035/2035/2035 2034/2034/2034 2036/2036/2036
f 2041/2041/2041 2040/2040/2040 2032/2032/2032
f 2036/2036/2036 2037/2037/2037 2047/2047/2047
f 2036/2036/2036 2047/2047/2047 2046/2046/2046
f 2034/2034/2034 2041/2041/2041 2033/2033/2033
f 2038/2038/2038 2039/2039/2039 2044/2044/2044
f 2038/2038/2038 2044/2044/2044 2048/2048/2048
f 2054/2054/2054 2061/2061/2061 2062/2062/2062
f 2054/2054/2054 2062/2062/2062 2055/2055/2055
f 2040/2040/2040 2045/2045/2045 2044/2044/2044
f 2040/2040/2040 2044/2044/2044 2039/2039/2039
f 2049/2049/2049 2035/2035/2035 2045/2045/2045
f 2049/2049/2049 2041/2041/2041 2035/2035/2035
f 2051/2051/2051 2048/2048/2048 2043/2043/2043
f 2056/2056/2056 2063/2063/2063 2064/2064/2064
f 2056/2056/2056 2064/2064/2064 2057/2057/2057
f 2062/2062/2062 2061/2061/2061 2050/2050/2050
f 2051/2051/2051 2043/2043/2043 2064/2064/2064
f 2051/2051/2051 2064/2064/2064 2063/2063/2063
f 2057/2057/2057 2064/2064/2064 2065/2065/2065
f 2057/2057/2057 2065/2065/2065 2058/2058/2058
f 2043/2043/2043 2052/2052/2052 2065/2065/2065
f 2043/2043/2043 2065/2065/2065 2064/2064/2064
f 2052/2052/2052 2045/2045/2045 2059/2059/2059
f 2052/2052/2052 2059/2059/2059 2065/2065/2065
f 2045/2045/2045 2053/2053/2053 2066/2066/2066
f 2045/2045/2045 2066/2066/2066 2059/2059/2059
f 2066/2066/2066 2060/2060/2060 2059/2059/2059
f 2050/2050/2050 2061/2061/2061 2066/2066/2066
f 2050/2050/2050 2066/2066/2066 2046/2046/2046
f 2066/2066/2066 2061/2061/2061 2060/2060/2060
f 2071/2071/2071 2054/2054/2054 2078/2078/2078
f 2071/2071/2071 2078/2078/2078 2072/2072/2072
f 1805/1805/1805 2063/2063/2063 1803/1803/1803
f 1813/1813/1813 1817/1817/1817 2056/2056/2056
f 1813/1813/1813 2056/2056/2056 2073/2073/2073
f 2073/2073/2073 2056/2056/2056 2079/2079/2079
f 2073/2073/2073 2079/2079/2079 2070/2070/2070
f 2057/2057/2057 2058/2058/2058 2074/2074/2074
f 2057/2057/2057 2074/2074/2074 2079/2079/2079
f 2058/2058/2058 2059/2059/2059 2076/2076/2076
f 2058/2058/2058 2076/2076/2076 2075/2075/2075
f 2075/2075/2075 2074/2074/2074 2058/2058/2058
f 2059/2059/2059 2060/2060/2060 2077/2077/2077
f 2059/2059/2059 2077/2077/2077 2076/2076/2076
f 2060/2060/2060 2061/2061/2061 2080/2080/2080
f 2060/2060/2060 2080/2080/2080 2077/2077/2077
f 2080/2080/2080 2054/2054/2054 2077/2077/2077
f 1803/1803/1803 2063/2063/2063 2056/2056/2056
f 1803/1803/1803 2056/2056/2056 1818/1818/1818
f 2080/2080/2080 2061/2061/2061 2054/2054/2054
f 2082/2082/2082 2085/2085/2085 2068/2068/2068
f 2082/2082/2082 2068/2068/2068 2067/2067/2067
f 2069/2069/2069 2070/2070/2070 2087/2087/2087
f 2069/2069/2069 2087/2087/2087 2086/2086/2086
f 2083/2083/2083 2091/2091/2091 2071/2071/2071
f 2083/2083/2083 2071/2071/2071 2084/2084/2084
f 2084/2084/2084 2071/2071/2071 2092/2092/2092
f 2084/2084/2084 2092/2092/2092 2085/2085/2085
f 2068/2068/2068 2085/2085/2085 2092/2092/2092
f 2068/2068/2068 2092/2092/2092 2072/2072/2072
f 1827/1827/1827 1830/1830/1830 2073/2073/2073
f 1827/1827/1827 2073/2073/2073 2086/2086/2086
f 2088/2088/2088 2087/2087/2087 2070/2070/2070
f 2088/2088/2088 2070/2070/2070 2093/2093/2093
f 2073/2073/2073 1830/1830/1830 1813/1813/1813
f 2089/2089/2089 2093/2093/2093 2094/2094/2094
f 2089/2089/2089 2094/2094/2094 2090/2090/2090
f 2074/2074/2074 2093/2093/2093 2070/2070/2070
f 2093/2093/2093 2075/2075/2075 2076/2076/2076
f 2093/2093/2093 2076/2076/2076 2094/2094/2094
f 2090/2090/2090 2094/2094/2094 2095/2095/2095
f 2090/2090/2090 2095/2095/2095 2091/2091/2091
f 2076/2076/2076 2077/2077/2077 2095/2095/2095
f 2076/2076/2076 2095/2095/2095 2094/2094/2094
f 2091/2091/2091 2095/2095/2095 2096/2096/2096
f 2091/2091/2091 2096/2096/2096 2071/2071/2071
f 2077/2077/2077 2054/2054/2054 2096/2096/2096
f 2077/2077/2077 2096/2096/2096 2095/2095/2095
f 1411/1411/1411 2097/2097/2097 1128/1128/1128
f 1411/1411/1411 1128/1128/1128 542/542/542
f 2096/2096/2096 2054/2054/2054 2071/2071/2071
f 2097/2097/2097 2098/2098/2098 1129/1129/1129
f 2097/2097/2097 1129/1129/1129 1128/1128/1128
f 2098/2098/2098 2099/2099/2099 1130/1130/1130
f 2098/2098/2098 1130/1130/1130 1129/1129/1129
f 2099/2099/2099 2100/2100/2100 1131/1131/1131
f 2099/2099/2099 1131/1131/1131 1130/1130/1130
f 1132/1132/1132 1133/1133/1133 2102/2102/2102
f 1132/1132/1132 2102/2102/2102 2101/2101/2101
f 1131/1131/1131 2100/2100/2100 2102/2102/2102
f 1131/1131/1131 2102/2102/2102 1133/1133/1133
f 1134/1134/1134 1135/1135/1135 2104/2104/2104
f 1134/1134/1134 2104/2104/2104 2103/2103/2103
f 1132/1132/1132 2101/2101/2101 2104/2104/2104
f 1132/1132/1132 2104/2104/2104 1135/1135/1135
f 1066/1066/1066 1136/1136/1136 2105/2105/2105
f 1066/1066/1066 2105/2105/2105 2023/2023/2023
f 2103/2103/2103 2105/2105/2105 1136/1136/1136
f 2103/2103/2103 1136/1136/1136 1134/1134/1134
f 1413/1413/1413 2106/2106/2106 2097/2097/2097
f 1413/1413/1413 2097/2097/2097 1411/1411/1411
f 2106/2106/2106 2107/2107/2107 2098/2098/2098
f 2106/2106/2106 2098/2098/2098 2097/2097/2097
f 2115/2115/2115 2107/2107/2107 2106/2106/2106
f 2108/2108/2108 2110/2110/2110 2102/2102/2102
f 2108/2108/2108 2102/2102/2102 2109/2109/2109
f 2103/2103/2103 2104/2104/2104 2112/2112/2112
f 2103/2103/2103 2112/2112/2112 2111/2111/2111
f 2102/2102/2102 2110/2110/2110 2101/2101/2101
f 2101/2101/2101 2110/2110/2110 2112/2112/2112
f 2101/2101/2101 2112/2112/2112 2104/2104/2104
f 2023/2023/2023 2105/2105/2105 2114/2114/2114
f 2023/2023/2023 2114/2114/2114 2113/2113/2113
f 2113/2113/2113 2029/2029/2029 2023/2023/2023
f 2103/2103/2103 2111/2111/2111 2114/2114/2114
f 2103/2103/2103 2114/2114/2114 2105/2105/2105
f 2116/2116/2116 2117/2117/2117 2099/2099/2099
f 2116/2116/2116 2099/2099/2099 2107/2107/2107
f 1418/1418/1418 2115/2115/2115 1413/1413/1413
f 2116/2116/2116 2107/2107/2107 2115/2115/2115
f 2108/2108/2108 2109/2109/2109 2119/2119/2119
f 2108/2108/2108 2119/2119/2119 2118/2118/2118
f 2099/2099/2099 2117/2117/2117 2119/2119/2119
f 2099/2099/2099 2119/2119/2119 2109/2109/2109
f 2108/2108/2108 2118/2118/2118 2121/2121/2121
f 2108/2108/2108 2121/2121/2121 2110/2110/2110
f 2120/2120/2120 2123/2123/2123 2112/2112/2112
f 2120/2120/2120 2112/2112/2112 2121/2121/2121
f 2037/2037/2037 2029/2029/2029 2113/2113/2113
f 2037/2037/2037 2113/2113/2113 2124/2124/2124
f 2112/2112/2112 2123/2123/2123 2111/2111/2111
f 2122/2122/2122 2124/2124/2124 2114/2114/2114
f 2122/2122/2122 2114/2114/2114 2123/2123/2123
f 1418/1418/1418 2125/2125/2125 2126/2126/2126
f 1418/1418/1418 2126/2126/2126 2115/2115/2115
f 2114/2114/2114 2124/2124/2124 2113/2113/2113
f 2128/2128/2128 2129/2129/2129 2130/2130/2130
f 2128/2128/2128 2130/2130/2130 2118/2118/2118
f 2116/2116/2116 2115/2115/2115 2126/2126/2126
f 2117/2117/2117 2116/2116/2116 2126/2126/2126
f 2120/2120/2120 2121/2121/2121 2130/2130/2130
f 2120/2120/2120 2130/2130/2130 2129/2129/2129
f 2120/2120/2120 2129/2129/2129 2131/2131/2131
f 2120/2120/2120 2131/2131/2131 2123/2123/2123
f 2130/2130/2130 2121/2121/2121 2118/2118/2118
f 2042/2042/2042 2047/2047/2047 2124/2124/2124
f 2042/2042/2042 2124/2124/2124 2122/2122/2122
f 1422/1422/1422 2132/2132/2132 2125/2125/2125
f 1422/1422/1422 2125/2125/2125 1419/1419/1419
f 2124/2124/2124 2047/2047/2047 2037/2037/2037
f 2132/2132/2132 2133/2133/2133 2127/2127/2127
f 2132/2132/2132 2127/2127/2127 2125/2125/2125
f 2133/2133/2133 2135/2135/2135 2117/2117/2117
f 2133/2133/2133 2117/2117/2117 2126/2126/2126
f 2133/2133/2133 2126/2126/2126 2127/2127/2127
f 2134/2134/2134 2135/2135/2135 2133/2133/2133
f 2134/2134/2134 2136/2136/2136 2137/2137/2137
f 2134/2134/2134 2137/2137/2137 2135/2135/2135
f 2128/2128/2128 2118/2118/2118 2137/2137/2137
f 2128/2128/2128 2137/2137/2137 2136/2136/2136
f 2117/2117/2117 2135/2135/2135 2137/2137/2137
f 2117/2117/2117 2137/2137/2137 2118/2118/2118
f 2128/2128/2128 2136/2136/2136 2138/2138/2138
f 2128/2128/2128 2138/2138/2138 2129/2129/2129
f 2042/2042/2042 2122/2122/2122 2139/2139/2139
f 2042/2042/2042 2139/2139/2139 2050/2050/2050
f 1426/1426/1426 2140/2140/2140 2141/2141/2141
f 1426/1426/1426 2141/2141/2141 1427/1427/1427
f 2131/2131/2131 2139/2139/2139 2122/2122/2122
f 1422/1422/1422 1427/1427/1427 2141/2141/2141
f 1422/1422/1422 2141/2141/2141 2132/2132/2132
f 2132/2132/2132 2141/2141/2141 2142/2142/2142
f 2132/2132/2132 2142/2142/2142 2133/2133/2133
f 2142/2142/2142 2141/2141/2141 2140/2140/2140
f 2138/2138/2138 2144/2144/2144 2062/2062/2062
f 2138/2138/2138 2062/2062/2062 2139/2139/2139
f 2134/2134/2134 2133/2133/2133 2142/2142/2142
f 2136/2136/2136 2134/2134/2134 2143/2143/2143
f 2145/2145/2145 2144/2144/2144 2138/2138/2138
f 2145/2145/2145 2138/2138/2138 2136/2136/2136
f 2062/2062/2062 2144/2144/2144 2055/2055/2055
f 1432/1432/1432 2146/2146/2146 2140/2140/2140
f 1432/1432/1432 2140/2140/2140 1426/1426/1426
f 2140/2140/2140 2146/2146/2146 2147/2147/2147
f 2140/2140/2140 2147/2147/2147 2142/2142/2142
f 2147/2147/2147 2146/2146/2146 2067/2067/2067
f 2068/2068/2068 2072/2072/2072 2148/2148/2148
f 2068/2068/2068 2148/2148/2148 2147/2147/2147
f 2143/2143/2143 2142/2142/2142 2147/2147/2147
f 2072/2072/2072 2078/2078/2078 2144/2144/2144
f 2072/2072/2072 2144/2144/2144 2148/2148/2148
f 2148/2148/2148 2136/2136/2136 2143/2143/2143
f 2067/2067/2067 2146/2146/2146 2149/2149/2149
f 2067/2067/2067 2149/2149/2149 2081/2081/2081
f 2144/2144/2144 2078/2078/2078 2055/2055/2055
f 1441/1441/1441 2149/2149/2149 2146/2146/2146
f 1441/1441/1441 2146/2146/2146 1432/1432/1432
f 1441/1441/1441 1442/1442/1442 2224/2224/2224
f 1441/1441/1441 2224/2224/2224 2149/2149/2149
f 2081/2081/2081 2149/2149/2149 2150/2150/2150
f 2081/2081/2081 2150/2150/2150 2082/2082/2082
f 1140/1140/1140 1141/1141/1141 2024/2024/2024
f 1140/1140/1140 2024/2024/2024 1833/1833/1833
f 1061/1061/1061 2025/2025/2025 2024/2024/2024
f 1061/1061/1061 2024/2024/2024 1141/1141/1141
f 902/902/902 1140/1140/1140 1833/1833/1833
f 902/902/902 1833/1833/1833 1839/1839/1839
f 2083/2083/2083 2084/2084/2084 2154/2154/2154
f 2083/2083/2083 2154/2154/2154 2153/2153/2153
f 2151/2151/2151 1843/1843/1843 1833/1833/1833
f 2038/2038/2038 1851/1851/1851 2151/2151/2151
f 2038/2038/2038 2151/2151/2151 2030/2030/2030
f 1856/1856/1856 2048/2048/2048 1786/1786/1786
f 2154/2154/2154 2084/2084/2084 2085/2085/2085
f 2154/2154/2154 2085/2085/2085 2155/2155/2155
f 2152/2152/2152 2155/2155/2155 2085/2085/2085
f 2152/2152/2152 2085/2085/2085 2082/2082/2082
f 1827/1827/1827 2086/2086/2086 2156/2156/2156
f 1827/1827/1827 2156/2156/2156 1901/1901/1901
f 2086/2086/2086 2087/2087/2087 2157/2157/2157
f 2086/2086/2086 2157/2157/2157 2156/2156/2156
f 2157/2157/2157 2087/2087/2087 2088/2088/2088
f 2157/2157/2157 2088/2088/2088 2158/2158/2158
f 2088/2088/2088 2089/2089/2089 2159/2159/2159
f 2088/2088/2088 2159/2159/2159 2158/2158/2158
f 2089/2089/2089 2090/2090/2090 2160/2160/2160
f 2089/2089/2089 2160/2160/2160 2159/2159/2159
f 2160/2160/2160 2090/2090/2090 2091/2091/2091
f 2160/2160/2160 2091/2091/2091 2161/2161/2161
f 2153/2153/2153 2161/2161/2161 2091/2091/2091
f 2153/2153/2153 2091/2091/2091 2083/2083/2083
f 2153/2153/2153 2154/2154/2154 2162/2162/2162
f 2153/2153/2153 2162/2162/2162 2161/2161/2161
f 2159/2159/2159 2164/2164/2164 2163/2163/2163
f 2159/2159/2159 2163/2163/2163 2158/2158/2158
f 2159/2159/2159 2160/2160/2160 2165/2165/2165
f 2159/2159/2159 2165/2165/2165 2164/2164/2164
f 2160/2160/2160 2161/2161/2161 2166/2166/2166
f 2160/2160/2160 2166/2166/2166 2165/2165/2165
f 1901/1901/1901 2156/2156/2156 2168/2168/2168
f 1901/1901/1901 2168/2168/2168 1912/1912/1912
f 2157/2157/2157 2158/2158/2158 2169/2169/2169
f 2157/2157/2157 2169/2169/2169 2168/2168/2168
f 2169/2169/2169 2163/2163/2163 2171/2171/2171
f 2169/2169/2169 2171/2171/2171 2168/2168/2168
f 2162/2162/2162 2155/2155/2155 2167/2167/2167
f 2164/2164/2164 2165/2165/2165 2173/2173/2173
f 2164/2164/2164 2173/2173/2173 2172/2172/2172
f 1912/1912/1912 2168/2168/2168 2176/2176/2176
f 1912/1912/1912 2176/2176/2176 1918/1918/1918
f 2166/2166/2166 2161/2161/2161 2170/2170/2170
f 2176/2176/2176 2178/2178/2178 1922/1922/1922
f 2176/2176/2176 1922/1922/1922 1918/1918/1918
f 2176/2176/2176 2168/2168/2168 2171/2171/2171
f 2176/2176/2176 2171/2171/2171 2178/2178/2178
f 2171/2171/2171 2163/2163/2163 2180/2180/2180
f 2171/2171/2171 2180/2180/2180 2179/2179/2179
f 2179/2179/2179 2178/2178/2178 2171/2171/2171
f 2163/2163/2163 2172/2172/2172 2181/2181/2181
f 2163/2163/2163 2181/2181/2181 2180/2180/2180
f 2182/2182/2182 2166/2166/2166 2170/2170/2170
f 2182/2182/2182 2170/2170/2170 2183/2183/2183
f 2182/2182/2182 2184/2184/2184 2175/2175/2175
f 2182/2182/2182 2175/2175/2175 2173/2173/2173
f 2174/2174/2174 2162/2162/2162 2177/2177/2177
f 2175/2175/2175 2184/2184/2184 2181/2181/2181
f 2179/2179/2179 2180/2180/2180 2188/2188/2188
f 2179/2179/2179 2188/2188/2188 2187/2187/2187
f 2185/2185/2185 2184/2184/2184 2182/2182/2182
f 2179/2179/2179 1927/1927/1927 2178/2178/2178
f 2174/2174/2174 2186/2186/2186 2183/2183/2183
f 2187/2187/2187 1927/1927/1927 2179/2179/2179
f 2180/2180/2180 2181/2181/2181 2189/2189/2189
f 2180/2180/2180 2189/2189/2189 2188/2188/2188
f 2189/2189/2189 2181/2181/2181 2184/2184/2184
f 2189/2189/2189 2184/2184/2184 2190/2190/2190
f 2190/2190/2190 2184/2184/2184 2185/2185/2185
f 2190/2190/2190 2185/2185/2185 2191/2191/2191
f 2193/2193/2193 2187/2187/2187 2188/2188/2188
f 2193/2193/2193 2188/2188/2188 2194/2194/2194
f 2185/2185/2185 2192/2192/2192 2191/2191/2191
f 2193/2193/2193 1932/1932/1932 2187/2187/2187
f 2191/2191/2191 2192/2192/2192 2196/2196/2196
f 2191/2191/2191 2196/2196/2196 2195/2195/2195
f 2189/2189/2189 2194/2194/2194 2188/2188/2188
f 2191/2191/2191 2195/2195/2195 2190/2190/2190
f 2190/2190/2190 2199/2199/2199 2198/2198/2198
f 2190/2190/2190 2198/2198/2198 2189/2189/2189
f 2192/2192/2192 2197/2197/2197 2196/2196/2196
f 2198/2198/2198 2194/2194/2194 2189/2189/2189
f 2196/2196/2196 2197/2197/2197 2202/2202/2202
f 2196/2196/2196 2202/2202/2202 2201/2201/2201
f 2200/2200/2200 1938/1938/1938 1932/1932/1932
f 2196/2196/2196 2201/2201/2201 2195/2195/2195
f 2200/2200/2200 2194/2194/2194 2198/2198/2198
f 2200/2200/2200 2198/2198/2198 2203/2203/2203
f 2204/2204/2204 2198/2198/2198 2199/2199/2199
f 2204/2204/2204 2199/2199/2199 2205/2205/2205
f 2204/2204/2204 2203/2203/2203 2198/2198/2198
f 2209/2209/2209 2201/2201/2201 2202/2202/2202
f 2209/2209/2209 2202/2202/2202 2210/2210/2210
f 2199/2199/2199 2206/2206/2206 2205/2205/2205
f 2201/2201/2201 2206/2206/2206 2195/2195/2195
f 2207/2207/2207 1944/1944/1944 2200/2200/2200
f 2207/2207/2207 2200/2200/2200 2203/2203/2203
f 2207/2207/2207 2203/2203/2203 2211/2211/2211
f 2207/2207/2207 2211/2211/2211 2208/2208/2208
f 2211/2211/2211 2203/2203/2203 2204/2204/2204
f 2211/2211/2211 2204/2204/2204 2212/2212/2212
f 2204/2204/2204 2205/2205/2205 2213/2213/2213
f 2204/2204/2204 2213/2213/2213 2212/2212/2212
f 2205/2205/2205 2206/2206/2206 2214/2214/2214
f 2205/2205/2205 2214/2214/2214 2213/2213/2213
f 2206/2206/2206 2201/2201/2201 2209/2209/2209
f 2206/2206/2206 2209/2209/2209 2214/2214/2214
f 1944/1944/1944 2207/2207/2207 2217/2217/2217
f 1944/1944/1944 2217/2217/2217 2215/2215/2215
f 1944/1944/1944 2215/2215/2215 1951/1951/1951
f 2217/2217/2217 2207/2207/2207 2208/2208/2208
f 2217/2217/2217 2208/2208/2208 2218/2218/2218
f 2220/2220/2220 2209/2209/2209 2210/2210/2210
f 2220/2220/2220 2210/2210/2210 2221/2221/2221
f 2220/2220/2220 2219/2219/2219 2209/2209/2209
f 2208/2208/2208 2211/2211/2211 2212/2212/2212
f 2208/2208/2208 2212/2212/2212 2222/2222/2222
f 2208/2208/2208 2222/2222/2222 2218/2218/2218
f 2212/2212/2212 2213/2213/2213 2223/2223/2223
f 2212/2212/2212 2223/2223/2223 2222/2222/2222
f 2209/2209/2209 2219/2219/2219 2223/2223/2223
f 2209/2209/2209 2223/2223/2223 2214/2214/2214
f 1530/1530/1530 2225/2225/2225 2224/2224/2224
f 1530/1530/1530 2224/2224/2224 1442/1442/1442
f 1530/1530/1530 1443/1443/1443 1540/1540/1540
f 1530/1530/1530 1540/1540/1540 2225/2225/2225
f 2225/2225/2225 2226/2226/2226 2229/2229/2229
f 2225/2225/2225 2229/2229/2229 2227/2227/2227
f 2150/2150/2150 2149/2149/2149 2224/2224/2224
f 2225/2225/2225 2150/2150/2150 2224/2224/2224
f 2150/2150/2150 2155/2155/2155 2152/2152/2152
f 1540/1540/1540 2226/2226/2226 2225/2225/2225
f 2167/2167/2167 2155/2155/2155 2150/2150/2150
f 2167/2167/2167 2150/2150/2150 2228/2228/2228
f 1551/1551/1551 2230/2230/2230 2226/2226/2226
f 1551/1551/1551 2226/2226/2226 1541/1541/1541
f 2226/2226/2226 2230/2230/2230 2229/2229/2229
f 1551/1551/1551 1552/1552/1552 2231/2231/2231
f 1551/1551/1551 2231/2231/2231 2230/2230/2230
f 2177/2177/2177 2162/2162/2162 2167/2167/2167
f 2177/2177/2177 2167/2167/2167 2234/2234/2234
f 2230/2230/2230 2232/2232/2232 2229/2229/2229
f 2227/2227/2227 2233/2233/2233 2228/2228/2228
f 2232/2232/2232 2233/2233/2233 2229/2229/2229
f 2236/2236/2236 2232/2232/2232 2230/2230/2230
f 2236/2236/2236 2230/2230/2230 2235/2235/2235
f 2233/2233/2233 2234/2234/2234 2228/2228/2228
f 2231/2231/2231 1552/1552/1552 1561/1561/1561
f 2237/2237/2237 2233/2233/2233 2232/2232/2232
f 2237/2237/2237 2232/2232/2232 2236/2236/2236
f 2238/2238/2238 2234/2234/2234 2233/2233/2233
f 2238/2238/2238 2233/2233/2233 2237/2237/2237
f 2186/2186/2186 2174/2174/2174 2177/2177/2177
f 2186/2186/2186 2177/2177/2177 2238/2238/2238
f 1571/1571/1571 2241/2241/2241 2231/2231/2231
f 1571/1571/1571 2231/2231/2231 1561/1561/1561
f 2177/2177/2177 2234/2234/2234 2238/2238/2238
f 2245/2245/2245 2237/2237/2237 2239/2239/2239
f 2245/2245/2245 2239/2239/2239 2244/2244/2244
f 2243/2243/2243 2242/2242/2242 2241/2241/2241
f 2246/2246/2246 2238/2238/2238 2240/2240/2240
f 2246/2246/2246 2240/2240/2240 2245/2245/2245
f 2239/2239/2239 2236/2236/2236 2244/2244/2244
f 2238/2238/2238 2246/2246/2246 2186/2186/2186
f 1571/1571/1571 1581/1581/1581 2248/2248/2248
f 1571/1571/1571 2248/2248/2248 2247/2247/2247
f 2240/2240/2240 2237/2237/2237 2245/2245/2245
f 2246/2246/2246 2197/2197/2197 2186/2186/2186
f 2249/2249/2249 2242/2242/2242 2243/2243/2243
f 2249/2249/2249 2243/2243/2243 2247/2247/2247
f 2250/2250/2250 2244/2244/2244 2242/2242/2242
f 2250/2250/2250 2242/2242/2242 2249/2249/2249
f 2243/2243/2243 2241/2241/2241 2247/2247/2247
f 2202/2202/2202 2197/2197/2197 2246/2246/2246
f 2202/2202/2202 2246/2246/2246 2252/2252/2252
f 1590/1590/1590 2253/2253/2253 2248/2248/2248
f 1590/1590/1590 2248/2248/2248 1591/1591/1591
f 2250/2250/2250 2256/2256/2256 2257/2257/2257
f 2250/2250/2250 2257/2257/2257 2251/2251/2251
f 2248/2248/2248 2253/2253/2253 2247/2247/2247
f 2248/2248/2248 1581/1581/1581 1591/1591/1591
f 2257/2257/2257 2210/2210/2210 2252/2252/2252
f 2257/2257/2257 2252/2252/2252 2251/2251/2251
f 2253/2253/2253 2258/2258/2258 2260/2260/2260
f 2253/2253/2253 2260/2260/2260 2254/2254/2254
f 2258/2258/2258 2253/2253/2253 1590/1590/1590
f 2260/2260/2260 2259/2259/2259 2254/2254/2254
f 2254/2254/2254 2259/2259/2259 2261/2261/2261
f 2254/2254/2254 2261/2261/2261 2255/2255/2255
f 2255/2255/2255 2261/2261/2261 2263/2263/2263
f 2255/2255/2255 2263/2263/2263 2256/2256/2256
f 2263/2263/2263 2262/2262/2262 2256/2256/2256
f 2257/2257/2257 2216/2216/2216 2264/2264/2264
f 2257/2257/2257 2264/2264/2264 2210/2210/2210
f 2262/2262/2262 2216/2216/2216 2257/2257/2257
f 2262/2262/2262 2257/2257/2257 2256/2256/2256
f 2264/2264/2264 2221/2221/2221 2210/2210/2210
f 1971/1971/1971 1951/1951/1951 2215/2215/2215
f 1971/1971/1971 2215/2215/2215 2265/2265/2265
f 2267/2267/2267 2217/2217/2217 2218/2218/2218
f 2267/2267/2267 2218/2218/2218 2268/2268/2268
f 2267/2267/2267 2265/2265/2265 2215/2215/2215
f 2219/2219/2219 2220/2220/2220 2272/2272/2272
f 2219/2219/2219 2272/2272/2272 2271/2271/2271
f 2218/2218/2218 2269/2269/2269 2268/2268/2268
f 2271/2271/2271 2270/2270/2270 2219/2219/2219
f 2220/2220/2220 2221/2221/2221 2266/2266/2266
f 2220/2220/2220 2266/2266/2266 2272/2272/2272
f 2222/2222/2222 2223/2223/2223 2270/2270/2270
f 2222/2222/2222 2270/2270/2270 2269/2269/2269
f 2266/2266/2266 2221/2221/2221 2216/2216/2216
f 1978/1978/1978 1971/1971/1971 2265/2265/2265
f 1978/1978/1978 2265/2265/2265 2273/2273/2273
f 2270/2270/2270 2223/2223/2223 2219/2219/2219
f 2265/2265/2265 2267/2267/2267 2278/2278/2278
f 2265/2265/2265 2278/2278/2278 2273/2273/2273
f 2278/2278/2278 2267/2267/2267 2268/2268/2268
f 2278/2278/2278 2268/2268/2268 2279/2279/2279
f 2278/2278/2278 2279/2279/2279 2275/2275/2275
f 2268/2268/2268 2269/2269/2269 2280/2280/2280
f 2268/2268/2268 2280/2280/2280 2279/2279/2279
f 2269/2269/2269 2270/2270/2270 2281/2281/2281
f 2269/2269/2269 2281/2281/2281 2280/2280/2280
f 2281/2281/2281 2270/2270/2270 2271/2271/2271
f 2281/2281/2281 2271/2271/2271 2282/2282/2282
f 2271/2271/2271 2272/2272/2272 2283/2283/2283
f 2271/2271/2271 2283/2283/2283 2282/2282/2282
f 1986/1986/1986 1978/1978/1978 2273/2273/2273
f 1986/1986/1986 2273/2273/2273 2285/2285/2285
f 2283/2283/2283 2277/2277/2277 2276/2276/2276
f 2276/2276/2276 2277/2277/2277 2293/2293/2293
f 2276/2276/2276 2293/2293/2293 2287/2287/2287
f 2286/2286/2286 2285/2285/2285 2273/2273/2273
f 2275/2275/2275 2289/2289/2289 2286/2286/2286
f 2287/2287/2287 2292/2292/2292 2276/2276/2276
f 2293/2293/2293 2288/2288/2288 2287/2287/2287
f 2274/2274/2274 2288/2288/2288 2293/2293/2293
f 2274/2274/2274 2293/2293/2293 2277/2277/2277
f 2275/2275/2275 2279/2279/2279 2294/2294/2294
f 2275/2275/2275 2294/2294/2294 2289/2289/2289
f 2291/2291/2291 2290/2290/2290 2294/2294/2294
f 2291/2291/2291 2294/2294/2294 2295/2295/2295
f 2280/2280/2280 2281/2281/2281 2295/2295/2295
f 2280/2280/2280 2295/2295/2295 2294/2294/2294
f 2276/2276/2276 2292/2292/2292 2295/2295/2295
f 2276/2276/2276 2295/2295/2295 2282/2282/2282
f 2295/2295/2295 2292/2292/2292 2291/2291/2291
f 2296/2296/2296 1995/1995/1995 1998/1998/1998
f 2296/2296/2296 1998/1998/1998 2301/2301/2301
f 1986/1986/1986 2285/2285/2285 2301/2301/2301
f 1986/1986/1986 2301/2301/2301 1998/1998/1998
f 2284/2284/2284 2300/2300/2300 2305/2305/2305
f 2284/2284/2284 2305/2305/2305 2288/2288/2288
f 2305/2305/2305 2300/2300/2300 2299/2299/2299
f 2306/2306/2306 2289/2289/2289 2290/2290/2290
f 2306/2306/2306 2290/2290/2290 2302/2302/2302
f 2306/2306/2306 2301/2301/2301 2286/2286/2286
f 2302/2302/2302 2290/2290/2290 2291/2291/2291
f 2302/2302/2302 2291/2291/2291 2303/2303/2303
f 2291/2291/2291 2292/2292/2292 2307/2307/2307
f 2291/2291/2291 2307/2307/2307 2303/2303/2303
f 2307/2307/2307 2304/2304/2304 2303/2303/2303
f 2002/2002/2002 2010/2010/2010 2312/2312/2312
f 2002/2002/2002 2312/2312/2312 2308/2308/2308
f 2307/2307/2307 2305/2305/2305 2304/2304/2304
f 2310/2310/2310 2316/2316/2316 2317/2317/2317
f 2310/2310/2310 2317/2317/2317 2311/2311/2311
f 1995/1995/1995 2296/2296/2296 2318/2318/2318
f 1995/1995/1995 2318/2318/2318 2014/2014/2014
f 2014/2014/2014 2318/2318/2318 2010/2010/2010
f 2312/2312/2312 2010/2010/2010 2318/2318/2318
f 2312/2312/2312 2318/2318/2318 2319/2319/2319
f 2318/2318/2318 2296/2296/2296 2297/2297/2297
f 2318/2318/2318 2297/2297/2297 2319/2319/2319
f 2299/2299/2299 2300/2300/2300 2317/2317/2317
f 2299/2299/2299 2317/2317/2317 2316/2316/2316
f 2320/2320/2320 2315/2315/2315 2314/2314/2314
f 2316/2316/2316 2320/2320/2320 2299/2299/2299
f 2313/2313/2313 2319/2319/2319 2298/2298/2298
f 2313/2313/2313 2298/2298/2298 2321/2321/2321
f 2317/2317/2317 2300/2300/2300 2341/2341/2341
f 2314/2314/2314 2313/2313/2313 2321/2321/2321
f 2314/2314/2314 2321/2321/2321 2322/2322/2322
f 2302/2302/2302 2321/2321/2321 2298/2298/2298
f 2321/2321/2321 2302/2302/2302 2303/2303/2303
f 2321/2321/2321 2303/2303/2303 2322/2322/2322
f 2299/2299/2299 2320/2320/2320 2322/2322/2322
f 2299/2299/2299 2322/2322/2322 2304/2304/2304
f 2322/2322/2322 2320/2320/2320 2314/2314/2314
f 1677/1677/1677 1371/1371/1371 2020/2020/2020
f 1677/1677/1677 2020/2020/2020 2308/2308/2308
f 1677/1677/1677 2309/2309/2309 2323/2323/2323
f 1677/1677/1677 2323/2323/2323 1678/1678/1678
f 2308/2308/2308 2020/2020/2020 2002/2002/2002
f 2308/2308/2308 2309/2309/2309 1677/1677/1677
f 1678/1678/1678 2323/2323/2323 2324/2324/2324
f 1678/1678/1678 2324/2324/2324 1679/1679/1679
f 1659/1659/1659 1680/1680/1680 2324/2324/2324
f 1659/1659/1659 2324/2324/2324 2310/2310/2310
f 2324/2324/2324 1680/1680/1680 1679/1679/1679
f 2313/2313/2313 2314/2314/2314 2326/2326/2326
f 2313/2313/2313 2326/2326/2326 2325/2325/2325
f 2325/2325/2325 2326/2326/2326 2323/2323/2323
f 2310/2310/2310 2324/2324/2324 2326/2326/2326
f 2310/2310/2310 2326/2326/2326 2315/2315/2315
f 2326/2326/2326 2324/2324/2324 2323/2323/2323
f 1590/1590/1590 1691/1691/1691 2328/2328/2328
f 1590/1590/1590 2328/2328/2328 2258/2258/2258
f 2328/2328/2328 2327/2327/2327 2258/2258/2258
f 2259/2259/2259 2327/2327/2327 2330/2330/2330
f 2259/2259/2259 2330/2330/2330 2261/2261/2261
f 2327/2327/2327 2259/2259/2259 2258/2258/2258
f 2262/2262/2262 2263/2263/2263 2330/2330/2330
f 2262/2262/2262 2330/2330/2330 2332/2332/2332
f 2216/2216/2216 2262/2262/2262 2333/2333/2333
f 2216/2216/2216 2333/2333/2333 2331/2331/2331
f 2330/2330/2330 2263/2263/2263 2261/2261/2261
f 2331/2331/2331 2266/2266/2266 2216/2216/2216
f 2333/2333/2333 2332/2332/2332 2331/2331/2331
f 1700/1700/1700 2335/2335/2335 2328/2328/2328
f 1700/1700/1700 2328/2328/2328 1701/1701/1701
f 2327/2327/2327 2334/2334/2334 2329/2329/2329
f 2327/2327/2327 2329/2329/2329 2330/2330/2330
f 2328/2328/2328 2335/2335/2335 2327/2327/2327
f 2335/2335/2335 2334/2334/2334 2327/2327/2327
f 2329/2329/2329 2334/2334/2334 2336/2336/2336
f 2331/2331/2331 2332/2332/2332 2336/2336/2336
f 2331/2331/2331 2336/2336/2336 2274/2274/2274
f 2266/2266/2266 2331/2331/2331 2337/2337/2337
f 2266/2266/2266 2337/2337/2337 2277/2277/2277
f 2336/2336/2336 2332/2332/2332 2329/2329/2329
f 1711/1711/1711 2339/2339/2339 1700/1700/1700
f 1711/1711/1711 1700/1700/1700 1712/1712/1712
f 2334/2334/2334 2335/2335/2335 1700/1700/1700
f 2334/2334/2334 1700/1700/1700 2339/2339/2339
f 2336/2336/2336 2334/2334/2334 2339/2339/2339
f 2336/2336/2336 2339/2339/2339 2338/2338/2338
f 2338/2338/2338 2339/2339/2339 1711/1711/1711
f 2338/2338/2338 1711/1711/1711 2342/2342/2342
f 2340/2340/2340 2338/2338/2338 2284/2284/2284
f 2340/2340/2340 2288/2288/2288 2274/2274/2274
f 2284/2284/2284 2338/2338/2338 2342/2342/2342
f 2284/2284/2284 2342/2342/2342 2343/2343/2343
f 1659/1659/1659 2311/2311/2311 2344/2344/2344
f 1659/1659/1659 2344/2344/2344 1728/1728/1728
f 2343/2343/2343 2300/2300/2300 2284/2284/2284
f 1721/1721/1721 1728/1728/1728 2344/2344/2344
f 1721/1721/1721 2344/2344/2344 2342/2342/2342
f 2311/2311/2311 2317/2317/2317 2341/2341/2341
f 2311/2311/2311 2341/2341/2341 2344/2344/2344
