# Original Foam Haven sculpt. Generated by build_sculpted_assets.py
v -2.408253 -0.131890 -0.962118
v -2.406253 -0.035882 -1.082833
v -2.428999 -0.071925 -1.003869
v -2.268015 -0.223726 -1.066376
v -2.310934 -0.239005 -0.964595
v -2.254671 -0.142810 -1.180158
v -2.293925 -0.170010 -1.103117
v -2.299117 0.036022 -1.262003
v -2.289886 -0.053748 -1.217042
v -2.201286 -0.335996 -0.955519
v -2.151874 -0.233279 -1.182244
v -2.216206 -0.078660 -1.268092
v -2.050813 -0.366792 -1.080320
v -2.156487 -0.353595 -0.985395
v -2.041807 -0.230434 -1.266856
v -2.131833 -0.308463 -1.097005
v -2.126668 -0.179647 -1.258170
v -2.044759 -0.041679 -1.403171
v -2.094136 -0.069386 -1.360807
v -1.932350 -0.469099 -0.960002
v -1.929981 -0.364637 -1.170795
v -2.024759 -0.438521 -0.947360
v -2.023158 -0.327118 -1.165812
v -1.928665 -0.132778 -1.401190
v -2.011872 -0.166733 -1.337994
v -1.813839 -0.466752 -1.047478
v -1.902243 -0.443069 -1.049078
v -1.903573 -0.265757 -1.300739
v -1.876616 -0.323833 -1.250672
v -1.877893 -0.212647 -1.361074
v -1.812781 -0.009383 -1.501327
v -1.896388 -0.055938 -1.455008
v -2.521294 -0.008092 -0.844486
v -2.528828 -0.022923 -0.751199
v -2.537294 -0.011225 -0.631272
v -2.532229 0.000988 -0.383966
v -2.517816 -0.061234 -0.181177
v -2.523013 -0.049488 -0.070313
v -2.404412 -0.224462 -0.685842
v -2.428595 -0.252942 -0.150999
v -2.442642 -0.250898 -0.056440
v -2.438699 -0.140056 -0.855222
v -2.438973 -0.169594 -0.746999
v -2.441501 -0.173911 -0.630846
v -2.453757 -0.147102 -0.424468
v -2.451407 -0.171130 -0.291217
v -2.472145 -0.169342 -0.172544
v -2.481935 -0.169547 -0.059332
v -2.502570 -0.077004 -0.630207
v -2.507281 -0.053879 -0.363767
v -2.292345 -0.339824 -0.311094
v -2.314964 -0.355369 -0.162567
v -2.321373 -0.363811 -0.055721
v -2.335273 -0.256900 -0.860666
v -2.330530 -0.287099 -0.751739
v -2.348998 -0.278009 -0.444356
v -2.361106 -0.290175 -0.291586
v -2.378394 -0.306164 -0.170007
v -2.388520 -0.314799 -0.056881
v -2.393417 -0.205504 -0.839740
v -2.400562 -0.221034 -0.430313
v -2.405521 -0.227761 -0.333033
v -2.221139 -0.352417 -0.863482
v -2.216000 -0.376458 -0.744229
v -2.189036 -0.400100 -0.621187
v -2.220682 -0.375865 -0.427186
v -2.239342 -0.376476 -0.288336
v -2.238483 -0.394543 -0.169872
v -2.214488 -0.416623 -0.054575
v -2.292117 -0.326645 -0.632748
v -2.288950 -0.329483 -0.429056
v -2.076392 -0.445628 -0.836713
v -2.085201 -0.454244 -0.749480
v -2.074491 -0.461560 -0.620066
v -2.006171 -0.473348 -0.272997
v -2.086503 -0.462488 -0.077698
v -2.109931 -0.437629 -0.506789
v -2.125692 -0.425681 -0.394202
v -2.122438 -0.434786 -0.246716
v -1.997709 -0.473962 -0.852637
v -1.942963 -0.506537 -0.748572
v -1.994096 -0.491943 -0.632539
v -1.995064 -0.476621 -0.399849
v -1.891498 -0.504733 -0.857086
v -1.882343 -0.525586 -0.631502
v -1.889645 -0.503426 -0.315221
v -1.777948 -0.502572 -0.962861
v -1.692894 -0.346565 -1.274702
v -1.785095 -0.378008 -1.210403
v -1.782007 -0.431837 -1.124976
v -1.691875 -0.237405 -1.383837
v -1.788742 -0.285113 -1.320108
v -1.785362 -0.175574 -1.412972
v -1.781783 -0.089988 -1.466296
v -1.665111 -0.481704 -1.056844
v -1.665395 -0.516332 -0.963299
v -1.668391 -0.425758 -1.165443
v -1.666815 -0.295801 -1.330790
v -1.667385 -0.135529 -1.458062
v -1.665340 -0.022884 -1.514877
v -1.552430 -0.484130 -1.058487
v -1.551169 -0.519199 -0.964469
v -1.554503 -0.330273 -1.300647
v -1.556440 -0.426193 -1.171961
v -1.559049 -0.209674 -1.412062
v -1.552790 -0.024515 -1.517344
v -1.553074 -0.102666 -1.480262
v -1.440798 -0.478457 -1.054689
v -1.382148 -0.502344 -0.971378
v -1.418046 -0.345199 -1.269150
v -1.444124 -0.421801 -1.165585
v -1.417401 -0.236152 -1.378513
v -1.443178 -0.293135 -1.328086
v -1.442411 -0.124383 -1.460383
v -1.441067 -0.020100 -1.511761
v -1.306962 -0.462209 -1.042077
v -1.324357 -0.395344 -1.171128
v -1.325120 -0.279844 -1.314811
v -1.236772 -0.315965 -1.243517
v -1.326511 -0.170010 -1.407016
v -1.235578 -0.209971 -1.348689
v -1.295679 -0.005162 -1.493421
v -1.328340 -0.083995 -1.460570
v -1.165689 -0.466638 -0.934072
v -1.198705 -0.353801 -1.172946
v -1.215031 -0.412933 -1.084787
v -1.114141 -0.426646 -0.991470
v -1.215528 -0.259182 -1.294188
v -1.184777 -0.129637 -1.387348
v -1.213286 -0.005798 -1.467246
v -1.037650 -0.361166 -1.058884
v -1.114143 -0.224552 -1.274929
v -1.055211 -0.293420 -1.164158
v -1.098805 -0.167451 -1.315056
v -1.077914 -0.058493 -1.378378
v -0.981007 -0.390750 -0.995410
v -0.973182 -0.290064 -1.119239
v -0.971971 -0.172613 -1.232659
v -1.029436 -0.034409 -1.363649
v -1.717417 -0.565139 -0.718578
v -1.708784 -0.568079 -0.665509
v -1.778086 -0.530483 -0.856268
v -1.797116 -0.528602 -0.410529
v -1.715105 -0.542117 -0.281788
v -1.909628 -0.510477 -0.068834
v -1.637586 -0.564637 -0.798886
v -1.674574 -0.568339 -0.746224
v -1.635121 -0.570317 -0.587995
v -1.607180 -0.574291 -0.045407
v -1.647403 -0.553886 -0.404899
v -1.568550 -0.564267 -0.807923
v -1.530067 -0.572533 -0.725979
v -1.522212 -0.574163 -0.622738
v -1.358178 -0.604739 -0.157602
v -1.482315 -0.564710 -0.760362
v -1.556929 -0.566360 -0.506191
v -1.538360 -0.568341 -0.300336
v -1.409579 -0.573663 -0.392467
v -1.279103 -0.619649 -0.056742
v -1.385192 -0.529482 -0.876907
v -1.421427 -0.565538 -0.639767
v -1.447679 -0.568473 -0.532461
v -1.320938 -0.543099 -0.748478
v -1.328539 -0.564916 -0.553698
v -1.140524 -0.591171 -0.439884
v -0.982844 -0.634411 -0.279905
v -1.211663 -0.501392 -0.856449
v -1.207473 -0.545108 -0.661258
v -1.249487 -0.573255 -0.483441
v -1.098755 -0.478242 -0.868117
v -1.095784 -0.518312 -0.747179
v -1.118639 -0.563903 -0.567365
v -0.974551 -0.590088 -0.542943
v -0.980252 -0.618020 -0.400168
v -0.851761 -0.662302 -0.090406
v -0.981773 -0.485057 -0.840705
v -0.984595 -0.525543 -0.745053
v -0.989560 -0.562483 -0.626253
v -0.979184 -0.441954 -0.910252
v -0.322341 -0.929114 -0.959351
v -0.204359 -0.931773 -1.051064
v -0.174199 -0.976746 -0.971480
v 0.023023 -1.030564 -0.927299
v 0.029687 -0.918151 -1.148264
v -0.058779 -0.946911 -1.083020
v -0.065716 -1.019654 -0.930954
v -0.454511 -0.904680 -0.815437
v -0.476292 -0.906553 -0.742897
v -0.491352 -0.906885 -0.632737
v -0.462855 -0.923365 -0.528334
v -0.466630 -0.908518 -0.437938
v -0.360785 -0.942281 -0.870877
v -0.384170 -0.958952 -0.742635
v -0.390138 -0.966601 -0.632091
v -0.353750 -0.982441 -0.523974
v -0.428732 -0.925053 -0.406111
v -0.328803 -0.941023 -0.292465
v -0.349285 -0.906160 -0.232758
v -0.241295 -1.026674 -0.726572
v -0.252245 -1.030336 -0.637006
v -0.234598 -1.033597 -0.529036
v -0.220282 -1.025792 -0.429369
v -0.283550 -0.994817 -0.407573
v -0.286643 -0.921127 -0.202814
v -0.097580 -1.040894 -0.846451
v -0.161930 -1.045990 -0.742690
v -0.155097 -1.055643 -0.631902
v -0.153213 -1.053743 -0.523793
v -0.155719 -1.040121 -0.418306
v -0.148668 -1.022128 -0.336037
v -0.189590 -1.021547 -0.837463
v -0.191881 -0.933673 -0.159042
v -0.149325 -0.917578 -0.110387
v -0.055291 -1.062335 -0.744973
v -0.053659 -1.071362 -0.633116
v -0.052317 -1.069320 -0.522208
v -0.050872 -1.056938 -0.419071
v -0.045007 -1.038487 -0.333601
v -0.053325 -0.992538 -0.219290
v -0.055229 -0.930890 -0.100870
v -0.829902 -0.474935 -0.934756
v -0.871919 -0.414702 -0.975196
v -0.863274 -0.291365 -1.094543
v -0.867679 -0.347872 -1.036491
v -0.855122 -0.158098 -1.193059
v -0.858153 -0.224301 -1.141168
v -0.901842 -0.049096 -1.274382
v -0.850191 -0.061486 -1.241398
v -0.722715 -0.568245 -0.950324
v -0.717034 -0.467559 -1.049513
v -0.751342 -0.513159 -0.971485
v -0.711916 -0.379553 -1.109189
v -0.788490 -0.419915 -1.016944
v -0.720080 -0.255422 -1.161817
v -0.765458 -0.309632 -1.108734
v -0.805043 -0.355706 -1.050928
v -0.751101 -0.172324 -1.184145
v -0.789311 -0.231274 -1.140278
v -0.746261 -0.055318 -1.222314
v -0.570181 -0.690007 -1.043627
v -0.567249 -0.737001 -0.984867
v -0.530402 -0.608225 -1.172196
v -0.601950 -0.625913 -1.068938
v -0.548376 -0.512874 -1.215863
v -0.531214 -0.399769 -1.280078
v -0.688523 -0.348358 -1.147307
v -0.576408 -0.278194 -1.267683
v -0.650816 -0.289018 -1.200475
v -0.518820 -0.155152 -1.319723
v -0.653987 -0.172515 -1.223287
v -0.579356 -0.094339 -1.273503
v -0.638280 -0.053213 -1.240198
v -0.471422 -0.814104 -1.002826
v -0.504375 -0.676875 -1.137809
v -0.502643 -0.732515 -1.078239
v -0.471376 -0.540165 -1.269401
v -0.554697 -0.440814 -1.244542
v -0.452414 -0.224808 -1.371112
v -0.455971 -0.292994 -1.361466
v -0.570300 -0.017244 -1.265954
v -0.312049 -0.808693 -1.161850
v -0.411139 -0.800181 -1.092206
v -0.407779 -0.887895 -0.947143
v -0.310888 -0.698020 -1.270557
v -0.386968 -0.730558 -1.190661
v -0.400301 -0.640609 -1.258387
v -0.358048 -0.432912 -1.387583
v -0.354796 -0.519164 -1.356590
v -0.432125 -0.407275 -1.350238
v -0.389805 -0.284643 -1.399867
v -0.392379 -0.169147 -1.402000
v -0.431963 -0.073989 -1.368786
v -0.337811 -0.045531 -1.414065
v -0.291540 -0.899232 -1.047566
v -0.252532 -0.772648 -1.235515
v -0.203849 -0.585756 -1.390459
v -0.282195 -0.625689 -1.334465
v -0.273971 -0.503786 -1.400168
v -0.276247 -0.397903 -1.432142
v -0.224605 -0.269597 -1.479195
v -0.229008 -0.188537 -1.480119
v -0.084732 -0.803307 -1.265187
v -0.171226 -0.836525 -1.201104
v -0.146204 -0.899245 -1.132432
v -0.170704 -0.740453 -1.296066
v -0.144690 -0.669081 -1.359472
v -0.169508 -0.507620 -1.433453
v -0.091050 -0.372050 -1.496392
v -0.143042 -0.413543 -1.475134
v -0.156681 -0.279026 -1.495433
v -0.159404 -0.173543 -1.496886
v -0.196996 -0.079016 -1.477212
v -0.133287 -0.075444 -1.493304
v -0.056714 -0.870255 -1.195378
v 0.027178 -0.685529 -1.377618
v -0.055991 -0.734623 -1.329729
v -0.056480 -0.620966 -1.405297
v 0.023714 -0.458255 -1.488853
v -0.056433 -0.513359 -1.456558
v -0.051599 -0.282602 -1.510685
v -0.051744 -0.176533 -1.513226
v -0.044028 -0.077126 -1.506999
v -0.835903 -0.593070 -0.709583
v -0.866227 -0.602198 -0.624238
v -0.876166 -0.626141 -0.497746
v -0.872286 -0.652789 -0.257406
v -0.874378 -0.501364 -0.861106
v -0.879985 -0.551832 -0.752869
v -0.906198 -0.450175 -0.911965
v -0.582919 -0.775936 -0.884302
v -0.772559 -0.628358 -0.742273
v -0.712234 -0.707613 -0.630179
v -0.693877 -0.728672 -0.524907
v -0.698874 -0.716807 -0.383595
v -0.722268 -0.622840 -0.872941
v -0.781052 -0.650271 -0.630306
v -0.784030 -0.663168 -0.517222
v -0.777581 -0.671914 -0.404160
v -0.749374 -0.683025 -0.285295
v -0.760770 -0.675312 -0.162407
v -0.788179 -0.555089 -0.870593
v -0.810050 -0.577872 -0.791676
v -0.579213 -0.818649 -0.766974
v -0.601945 -0.813804 -0.639672
v -0.556265 -0.852956 -0.524181
v -0.633542 -0.768084 -0.402333
v -0.627595 -0.746255 -0.285815
v -0.599596 -0.726972 -0.153816
v -0.672933 -0.697854 -0.160891
v -0.623094 -0.694508 -0.042843
v -0.507496 -0.851451 -0.858076
v -0.588982 -0.764349 -0.256297
v -0.511140 -0.773341 -0.149070
v -0.516588 -0.728483 -0.044232
v -0.426369 -0.890696 -0.299001
v -0.409774 -0.776299 -0.048561
v -0.329317 -0.789649 -0.011538
v -2.533340 0.018222 0.022927
v -2.441094 -0.249008 0.054024
v -2.426545 -0.241268 0.156642
v -2.405514 -0.228933 0.231556
v -2.477679 -0.162711 0.052303
v -2.456445 -0.158044 0.156465
v -2.413600 -0.171785 0.250565
v -2.475089 -0.054496 0.157721
v -2.321184 -0.363546 0.055378
v -2.313749 -0.353381 0.160945
v -2.302781 -0.335074 0.243285
v -2.387917 -0.313934 0.056077
v -2.375112 -0.301506 0.166446
v -2.347527 -0.270174 0.277549
v -2.311874 -0.241847 0.357709
v -2.374309 -0.158069 0.312538
v -2.327035 -0.161589 0.373840
v -2.352732 0.058370 0.374852
v -2.214970 -0.415691 0.057392
v -2.237205 -0.392157 0.167954
v -2.232862 -0.364607 0.279412
v -2.203485 -0.343587 0.363659
v -2.279634 -0.310253 0.325079
v -2.243883 -0.276426 0.404000
v -2.199295 -0.243700 0.474220
v -2.226959 -0.174243 0.470687
v -2.229992 0.047854 0.482670
v -2.055319 -0.472734 0.050769
v -2.091196 -0.451435 0.178275
v -2.037900 -0.456395 0.252355
v -2.080508 -0.430276 0.295118
v -2.136388 -0.357031 0.413695
v -2.168340 -0.314582 0.442864
v -2.125082 -0.276409 0.515389
v -2.074247 -0.243613 0.579567
v -2.142498 -0.168886 0.540386
v -2.083434 -0.170893 0.590942
v -2.125301 -0.055052 0.554191
v -2.077800 -0.095417 0.592547
v -1.897597 -0.505137 0.173749
v -1.925329 -0.460559 0.372655
v -1.991720 -0.427165 0.406088
v -2.003736 -0.370605 0.507069
v -1.935665 -0.352231 0.584759
v -2.045780 -0.311370 0.550802
v -1.996060 -0.271722 0.616464
v -1.940007 -0.238876 0.674193
v -2.015336 -0.169322 0.633712
v -1.954637 -0.169948 0.678819
v -2.011113 -0.058739 0.629292
v -1.947260 -0.096556 0.675409
v -1.845816 -0.524323 0.058494
v -1.809045 -0.508557 0.286006
v -1.818351 -0.460198 0.464896
v -1.839459 -0.428198 0.526751
v -1.887311 -0.313415 0.656277
v -1.894059 -0.008721 0.683352
v -1.726262 -0.502530 0.395881
v -1.785736 -0.382071 0.634683
v -1.727637 -0.357674 0.695584
v -1.776006 -0.276684 0.735762
v -1.709149 -0.238518 0.790412
v -1.791242 -0.171765 0.754424
v -1.719954 -0.174555 0.796622
v -1.770362 -0.064535 0.751266
v -1.709702 -0.105200 0.792458
v -1.609319 -0.573899 0.049945
v -1.614375 -0.490529 0.517284
v -1.591074 -0.468035 0.587676
v -1.602938 -0.433259 0.652011
v -1.660058 -0.314345 0.768228
v -1.658018 -0.014816 0.777255
v -1.544356 -0.577284 0.172427
v -1.487645 -0.573552 0.280824
v -1.556406 -0.381329 0.745752
v -1.429324 -0.350382 0.821773
v -1.552109 -0.276310 0.827549
v -1.553692 -0.173642 0.845795
v -1.548482 -0.069094 0.829294
v -1.323713 -0.614057 0.055364
v -1.383940 -0.569842 0.390751
v -1.410722 -0.490223 0.623812
v -1.355318 -0.466092 0.698637
v -1.371971 -0.427835 0.756004
v -1.431926 -0.273022 0.870294
v -1.453512 -0.173985 0.881280
v -1.428882 -0.074863 0.869937
v -1.216273 -0.620462 0.172883
v -1.258995 -0.603801 0.280978
v -1.158388 -0.579272 0.478471
v -1.210921 -0.557312 0.532327
v -1.275500 -0.370576 0.857410
v -1.314961 -0.315419 0.889394
v -1.314106 -0.032172 0.884847
v -1.115527 -0.602350 0.391728
v -1.178404 -0.524448 0.634428
v -1.152526 -0.483004 0.735912
v -1.197903 -0.442153 0.792327
v -1.038982 -0.644703 0.061962
v -0.946766 -0.634842 0.289455
v -0.948598 -0.468838 0.815760
v -0.971984 -0.427027 0.870227
v -0.941584 -0.646808 0.177365
v -0.838397 -0.581424 0.586684
v -0.878422 -0.555027 0.652708
v -0.805149 -0.523202 0.746369
v -1.368575 -0.237599 0.911742
v -1.381743 -0.174620 0.915801
v -1.367445 -0.110275 0.909536
v -1.168686 -0.339823 0.910315
v -1.206213 -0.275733 0.934644
v -1.184316 -0.174051 0.953846
v -1.170498 -0.068336 0.936325
v -0.920755 -0.360326 0.946508
v -0.980061 -0.264548 0.986971
v -0.914580 -0.230482 1.020238
v -0.989997 -0.173928 1.000314
v -0.919557 -0.174034 1.025127
v -0.966008 -0.079624 0.985786
v -0.913576 -0.118197 1.018147
v -0.703025 -0.676552 -0.001530
v -0.797684 -0.627925 0.402647
v -0.743855 -0.609432 0.509396
v -0.598080 -0.678239 0.116021
v -0.649939 -0.486294 0.842892
v -0.685107 -0.440227 0.906620
v -0.466804 -0.674253 0.236419
v -0.502593 -0.592503 0.622322
v -0.502372 -0.696102 0.084019
v -0.329892 -0.659117 0.376846
v -0.488174 -0.569875 0.693112
v -0.455024 -0.546328 0.751830
v -0.398566 -0.731223 0.055368
v -0.332679 -0.711421 0.150279
v -0.362265 -0.690884 0.203435
v -0.239870 -0.634876 0.504138
v -0.227678 -0.505686 0.854406
v -0.274056 -0.771641 0.052545
v -0.187738 -0.698277 0.267085
v -0.168665 -0.545937 0.777959
v -0.177357 -0.778720 0.084906
v -0.109103 -0.740217 0.185228
v -0.150997 -0.678434 0.356180
v -0.097421 -0.581189 0.695376
v -0.064357 -0.791491 0.097117
v -0.049812 -0.712085 0.269323
v -0.093523 -0.620562 0.578145
v -0.807473 -0.315508 1.003208
v -0.823452 -0.245772 1.031491
v -0.815858 -0.174845 1.040889
v -0.856088 -0.046540 0.994087
v -0.799908 -0.103241 1.031692
v -0.682496 -0.378792 0.974455
v -0.682476 -0.022226 1.006849
v -0.504215 -0.343035 1.020774
v -0.628672 -0.276327 1.041214
v -0.318917 -0.460431 0.920318
v -0.472957 -0.413343 0.964474
v -0.310323 -0.264865 1.069143
v -0.513479 -0.069141 1.045822
v -0.289015 -0.171818 1.080717
v -0.311069 -0.080654 1.063723
v -0.177768 -0.410577 0.986099
v -0.236280 -0.346925 1.035223
v 0.052335 -0.464644 0.924121
v -0.001530 -0.348272 1.038697
v 0.003770 -0.267721 1.074560
v -0.009593 -0.173431 1.086479
v 0.080377 -0.080727 1.070852
v -2.532168 0.096544 -0.938637
v -2.514264 0.199438 -1.039843
v -2.542041 0.180790 -0.963097
v -2.525436 0.295787 -1.032907
v -2.554344 0.289627 -0.955920
v -2.522918 0.389239 -1.030580
v -2.551301 0.394954 -0.953510
v -2.508073 0.480064 -1.030208
v -2.522830 0.510689 -0.979282
v -2.528103 0.582430 -0.890287
v -2.405276 0.081626 -1.164068
v -2.424489 0.047534 -1.118361
v -2.509293 0.086141 -0.990354
v -2.434383 0.183046 -1.160809
v -2.454820 0.287882 -1.149059
v -2.453160 0.393634 -1.145450
v -2.424358 0.499679 -1.154185
v -2.403347 0.579416 -1.143083
v -2.409363 0.627437 -1.100879
v -2.480450 0.622320 -0.968413
v -2.420542 0.704959 -1.002830
v -2.339941 0.176294 -1.269551
v -2.301775 0.291017 -1.320761
v -2.386740 0.287794 -1.234307
v -2.301852 0.400855 -1.314342
v -2.382979 0.399634 -1.232124
v -2.323402 0.510970 -1.268426
v -2.300469 0.584712 -1.259467
v -2.311403 0.631910 -1.222334
v -2.313690 0.703671 -1.162728
v -2.320226 0.756443 -1.105057
v -2.380888 0.773224 -0.983369
v -2.321181 0.829097 -1.006860
v -2.189498 0.077637 -1.369941
v -2.211048 0.172067 -1.380211
v -2.196342 0.287110 -1.402521
v -2.193934 0.393026 -1.399913
v -2.201587 0.506512 -1.372815
v -2.214713 0.658853 -1.293975
v -2.214170 0.753605 -1.224964
v -2.202057 0.821624 -1.166540
v -2.207169 0.867724 -1.106434
v -2.270536 0.887903 -0.985304
v -2.138850 0.042106 -1.389642
v -2.063778 0.192568 -1.472966
v -2.069225 0.297016 -1.481745
v -2.055975 0.378969 -1.485459
v -2.161834 0.539114 -1.388888
v -2.118298 0.630657 -1.377384
v -2.036052 0.700242 -1.385714
v -2.117728 0.735572 -1.312339
v -2.034719 0.824404 -1.294647
v -2.120380 0.855390 -1.202471
v -1.928119 0.083037 -1.502368
v -1.971923 0.051934 -1.476040
v -1.936926 0.173740 -1.518801
v -2.002155 0.284457 -1.506890
v -2.032763 0.495143 -1.472598
v -1.929103 0.506604 -1.509540
v -1.921666 0.576280 -1.492592
v -1.998648 0.617872 -1.443876
v -1.983883 0.784800 -1.354452
v -1.989399 0.896866 -1.247995
v -1.893618 0.286616 -1.539208
v -1.891959 0.397982 -1.535589
v -1.864166 0.665524 -1.472212
v -1.898546 0.745868 -1.414153
v -1.805232 0.814474 -1.394956
v -1.900509 0.863783 -1.321634
v -2.546105 0.068514 -0.856442
v -2.563827 0.073197 -0.744884
v -2.566365 0.066773 -0.630657
v -2.559451 0.064347 -0.361430
v -2.567449 0.072612 -0.173584
v -2.561921 0.075959 -0.065346
v -2.569139 0.176275 -0.858604
v -2.586543 0.176234 -0.746846
v -2.592493 0.177244 -0.627931
v -2.589966 0.175605 -0.407375
v -2.593029 0.175160 -0.173845
v -2.583426 0.176844 -0.062662
v -2.580212 0.287709 -0.857017
v -2.597087 0.287893 -0.746655
v -2.602597 0.288027 -0.632492
v -2.600148 0.287995 -0.479374
v -2.599923 0.273346 -0.189647
v -2.586818 0.283864 -0.061401
v -2.576421 0.398014 -0.855366
v -2.591989 0.401101 -0.745999
v -2.596210 0.403269 -0.624072
v -2.584526 0.411132 -0.399789
v -2.579794 0.387070 -0.173428
v -2.567148 0.384897 -0.062400
v -2.558784 0.502598 -0.853411
v -2.571720 0.511870 -0.745191
v -2.574437 0.513332 -0.633067
v -2.568629 0.508177 -0.519620
v -2.549480 0.518317 -0.381801
v -2.543738 0.474606 -0.173862
v -2.527646 0.458501 -0.020600
v -2.539105 0.619493 -0.745745
v -2.541273 0.621023 -0.633263
v -2.536874 0.599054 -0.504968
v -2.518265 0.681046 -0.691485
v -2.514725 0.017431 -0.904497
v -2.508944 0.592880 -0.360171
v -2.490052 0.584747 -0.262637
v -2.481999 0.496821 0.040104
v -2.499256 0.670867 -0.842061
v -2.509394 0.670589 -0.540582
v -2.442750 0.647438 -0.252541
v -2.426514 0.594133 -0.066863
v -2.422476 0.772857 -0.886737
v -2.480719 0.730504 -0.747252
v -2.484547 0.729728 -0.632946
v -2.464439 0.736791 -0.522682
v -2.425363 0.745753 -0.399003
v -2.412313 0.806930 -0.824221
v -2.415153 0.819940 -0.748127
v -2.406078 0.833930 -0.632390
v -2.409281 0.807316 -0.498138
v -2.385877 0.684082 -0.194556
v -2.322706 0.694237 -0.093252
v -2.380140 0.763096 -0.323710
v -2.310764 0.762232 -0.198223
v -2.318681 0.889271 -0.885944
v -2.315631 0.910595 -0.523438
v -2.342199 0.847113 -0.409818
v -2.236335 0.703664 0.023591
v -2.246488 0.773548 -0.127941
v -2.218304 0.766296 -0.082284
v -2.285471 0.872014 -0.344445
v -2.211094 0.915413 -0.308865
v -2.092173 0.793964 -0.001187
v -2.143612 0.947836 -0.282059
v -2.102959 0.920954 -0.195807
v -2.120047 0.834655 -0.089751
v -2.022334 0.937951 -0.154208
v -1.988750 0.897273 -0.077482
v -1.887702 0.914570 -0.047816
v -2.202007 0.932281 -1.006641
v -2.039299 0.930212 -1.174922
v -2.117095 0.946056 -1.081113
v -2.085159 1.011939 -0.989791
v -2.083325 1.046519 -0.893266
v -1.984947 1.000478 -1.108472
v -1.931022 1.038998 -1.075319
v -1.962116 1.062994 -0.995152
v -1.801208 0.934942 -1.284691
v -1.896487 0.971163 -1.202373
v -1.803706 1.030480 -1.156539
v -2.302821 0.930170 -0.774132
v -2.280617 0.953015 -0.621228
v -2.296190 0.907949 -0.450140
v -2.199783 0.984934 -0.872422
v -2.190424 1.016338 -0.754134
v -2.236059 0.971940 -0.518527
v -2.234381 0.943685 -0.413537
v -2.180047 1.028298 -0.686761
v -2.173284 1.018453 -0.534333
v -2.098434 1.028679 -0.410992
v -2.121186 1.053299 -0.746912
v -2.122602 1.055059 -0.627052
v -2.049655 1.076081 -0.514706
v -2.037794 1.033317 -0.339366
v -1.984501 1.014283 -0.249759
v -2.007156 1.085090 -0.859055
v -1.981063 1.112908 -0.746007
v -1.976419 1.117857 -0.631850
v -1.997113 1.074242 -0.417413
v -1.898364 0.997677 -0.169882
v -1.850565 1.142467 -0.843928
v -1.858544 1.146089 -0.529332
v -1.839185 1.135654 -0.451084
v -1.895825 1.064921 -0.294858
v -1.807322 1.051382 -0.215719
v -1.854641 1.154168 -0.736705
v -1.855922 1.155023 -0.634836
v -1.777952 0.071150 -1.532791
v -1.780131 0.175775 -1.554321
v -1.781821 0.287557 -1.563730
v -1.781300 0.400761 -1.559319
v -1.779143 0.511395 -1.541409
v -1.779203 0.619149 -1.510325
v -1.690928 0.688738 -1.495006
v -1.781507 0.740043 -1.450277
v -1.780455 0.881647 -1.342183
v -1.666474 0.068813 -1.545457
v -1.667129 0.174906 -1.568158
v -1.667480 0.287691 -1.578348
v -1.667348 0.401576 -1.573788
v -1.666657 0.512246 -1.555286
v -1.664880 0.612888 -1.526721
v -1.661025 0.797957 -1.430746
v -1.666926 0.891759 -1.352297
v -1.552672 0.068200 -1.548397
v -1.552594 0.174708 -1.571365
v -1.552577 0.287683 -1.581720
v -1.552620 0.401636 -1.577187
v -1.552859 0.512079 -1.558697
v -1.553430 0.611663 -1.530409
v -1.553493 0.693223 -1.497177
v -1.553334 0.763208 -1.456663
v -1.555512 0.866338 -1.380463
v -1.439550 0.070665 -1.541802
v -1.438639 0.175667 -1.563952
v -1.438287 0.287873 -1.573909
v -1.438496 0.401502 -1.569357
v -1.439775 0.511726 -1.551165
v -1.443680 0.611167 -1.523636
v -1.413081 0.689583 -1.489268
v -1.441092 0.801264 -1.422789
v -1.439519 0.888785 -1.348949
v -1.330661 0.075145 -1.526228
v -1.328395 0.177698 -1.546891
v -1.327272 0.288244 -1.556018
v -1.327371 0.400902 -1.551399
v -1.328784 0.511320 -1.533273
v -1.294650 0.611907 -1.498289
v -1.318027 0.695317 -1.465787
v -1.300851 0.812052 -1.384650
v -1.328383 0.875747 -1.336169
v -1.227157 0.076571 -1.501114
v -1.227515 0.180390 -1.522508
v -1.225601 0.288405 -1.530834
v -1.225028 0.398194 -1.526436
v -1.193817 0.521273 -1.496790
v -1.203316 0.636173 -1.456188
v -1.173457 0.728571 -1.395507
v -1.170628 0.780771 -1.357131
v -1.210947 0.852824 -1.314757
v -1.120980 0.889699 -1.231019
v -1.148213 0.089418 -1.476934
v -1.128665 0.177654 -1.488296
v -1.139625 0.288280 -1.501518
v -1.025389 0.290190 -1.445386
v -1.141569 0.390889 -1.499101
v -1.014921 0.395997 -1.434235
v -1.142825 0.490251 -1.484159
v -1.051952 0.619852 -1.393546
v -1.069342 0.708647 -1.355374
v -1.064914 0.816720 -1.268793
v -1.012530 0.068856 -1.397586
v -0.880118 0.065955 -1.308667
v -0.952832 0.165869 -1.388882
v -0.963061 0.517533 -1.379065
v -0.980166 0.635103 -1.339230
v -0.969256 0.744183 -1.261153
v -0.959854 0.828421 -1.171514
v -0.939753 0.897811 -1.054215
v -1.435822 0.933878 -0.019308
v -1.206102 0.844715 0.014205
v -1.087013 0.816012 -0.020057
v -1.085000 0.932148 -0.182236
v -0.969143 0.770108 -0.055585
v -0.928746 0.872208 -0.251672
v -0.998116 0.905988 -0.223501
v -1.777834 0.990597 -1.220953
v -1.775517 1.097464 -1.033491
v -1.665843 0.974210 -1.265947
v -1.664534 1.047057 -1.161597
v -1.664105 1.107036 -1.045676
v -1.600840 1.152912 -0.931501
v -1.551227 0.978591 -1.265312
v -1.549090 1.065228 -1.137369
v -1.552939 1.125789 -1.007341
v -1.436105 0.968176 -1.265159
v -1.413497 1.044624 -1.154742
v -1.441286 1.102614 -1.044782
v -1.412962 1.146446 -0.921592
v -1.299781 0.930737 -1.273392
v -1.322780 0.992725 -1.201805
v -1.234533 1.016535 -1.125816
v -1.323784 1.063443 -1.083367
v -1.317753 1.125595 -0.929288
v -1.208735 0.952511 -1.204160
v -1.173520 1.038717 -1.040778
v -1.215931 1.082521 -0.962383
v -1.070696 0.922229 -1.154520
v -1.089393 0.996539 -1.050015
v -1.067859 1.032333 -0.939473
v -1.018288 0.939541 -1.075335
v -0.939708 0.946211 -0.958886
v -1.790113 0.976741 -0.094800
v -1.761376 1.144263 -0.913540
v -1.775098 1.104577 -0.319834
v -1.770026 1.156675 -0.848236
v -1.710659 1.176198 -0.747754
v -1.767325 1.170918 -0.635743
v -1.716693 1.170364 -0.534088
v -1.762847 1.149608 -0.450059
v -1.665575 1.048449 -0.174206
v -1.663763 0.943439 -0.023833
v -1.663674 1.121797 -0.324526
v -1.662644 1.168185 -0.844865
v -1.663945 1.181114 -0.634808
v -1.662984 1.157549 -0.440276
v -1.556461 1.003816 -0.100504
v -1.552895 1.136540 -0.357913
v -1.554589 1.083263 -0.231102
v -1.553275 1.170954 -0.844149
v -1.553104 1.182134 -0.743001
v -1.552920 1.183735 -0.634304
v -1.553043 1.175473 -0.529218
v -1.505447 1.159125 -0.437108
v -1.437379 1.043842 -0.174921
v -1.441479 1.118585 -0.328505
v -1.445302 1.165578 -0.842388
v -1.394745 1.172128 -0.740404
v -1.384866 1.172265 -0.637005
v -1.443387 1.169847 -0.530786
v -1.320019 0.986910 -0.124072
v -1.312049 1.148803 -0.512187
v -1.349023 1.143030 -0.447399
v -1.326906 1.084662 -0.297274
v -1.334437 1.048525 -0.216161
v -1.341620 1.151520 -0.843401
v -1.218917 1.023735 -0.229359
v -1.183858 0.930840 -0.109391
v -1.263982 1.137149 -0.826658
v -1.249741 1.143399 -0.744082
v -1.127990 1.099630 -0.634384
v -1.259310 1.140343 -0.546689
v -1.212238 1.090897 -0.406014
v -1.175793 1.045491 -0.307393
v -1.261324 1.148272 -0.641583
v -1.082322 1.010713 -0.323113
v -1.059150 1.050858 -0.856172
v -1.102577 1.086048 -0.744491
v -1.108047 1.079001 -0.522669
v -1.107081 1.054084 -0.412750
v -0.914069 0.961690 -0.854384
v -0.992034 1.030487 -0.748409
v -0.901683 0.974790 -0.627789
v -1.011747 1.032737 -0.516390
v -1.026546 1.020147 -0.427597
v -0.940865 0.918150 -0.313753
v -1.019609 1.048360 -0.634909
v -0.821900 0.022657 -1.258013
v -0.914278 0.211176 -1.369406
v -0.911275 0.299190 -1.374429
v -0.914030 0.400959 -1.370733
v -0.925931 0.470157 -1.365431
v -0.844079 0.511089 -1.285042
v -0.827306 0.555323 -1.250344
v -0.864497 0.624928 -1.250675
v -0.922412 0.695916 -1.257096
v -0.846938 0.721591 -1.161285
v -0.820775 0.761539 -1.084434
v -0.840016 0.804503 -1.058272
v -0.868048 0.879310 -0.974177
v -0.804040 0.104681 -1.271407
v -0.747954 0.063531 -1.239788
v -0.798123 0.186513 -1.278663
v -0.725087 0.181461 -1.233727
v -0.793352 0.289279 -1.276977
v -0.705928 0.330816 -1.197856
v -0.728717 0.405467 -1.201339
v -0.697085 0.468987 -1.147518
v -0.708435 0.529249 -1.127713
v -0.788218 0.619834 -1.168729
v -0.672870 0.587589 -1.038543
v -0.645519 0.618658 -0.961445
v -0.782003 0.792089 -0.973938
v -0.642750 0.067290 -1.230002
v -0.628278 0.191088 -1.202648
v -0.591968 0.244526 -1.168472
v -0.656005 0.289487 -1.179945
v -0.597776 0.311597 -1.145534
v -0.668414 0.370658 -1.160849
v -0.616925 0.417426 -1.106048
v -0.575091 0.466619 -1.039082
v -0.649750 0.518022 -1.067140
v -0.592267 0.536354 -0.989082
v -0.554556 0.071984 -1.251453
v -0.395512 0.174249 -1.296412
v -0.523544 0.184527 -1.219790
v -0.546739 0.241820 -1.173142
v -0.463632 0.287368 -1.179750
v -0.520006 0.305739 -1.145514
v -0.515547 0.393464 -1.091601
v -0.500077 0.505721 -0.964451
v -0.358965 0.042094 -1.379481
v -0.362310 0.246925 -1.268604
v -0.267167 0.380871 -1.204278
v -0.408294 0.404471 -1.101273
v -0.440184 0.449990 -1.032631
v -0.363756 0.461370 -1.048650
v -0.399718 0.497283 -0.975851
v -0.280893 0.051403 -1.411180
v -0.279067 0.127706 -1.383375
v -0.257151 0.186304 -1.363050
v -0.277896 0.303551 -1.271310
v -0.190586 0.346892 -1.272864
v -0.247786 0.435167 -1.152330
v -0.282344 0.531979 -0.971727
v -0.181513 0.579093 -0.937257
v -0.122271 0.005329 -1.479017
v -0.165078 0.160814 -1.406367
v -0.148166 0.245388 -1.365593
v -0.163277 0.410799 -1.216648
v -0.164158 0.478002 -1.135315
v -0.141598 0.555439 -1.017891
v -0.040488 0.005914 -1.491887
v -0.046990 0.127640 -1.446329
v -0.052928 0.259716 -1.375725
v -0.050235 0.397625 -1.261491
v -0.055498 0.507329 -1.126763
v 0.023250 0.570833 -1.036076
v -0.056896 0.591884 -0.965544
v -0.839631 0.702527 -0.112465
v -0.836955 0.666669 -0.049007
v -0.861955 0.842088 -0.295918
v -0.893281 0.703555 -0.036653
v -0.827534 0.897678 -0.837730
v -0.823479 0.902206 -0.537800
v -0.879586 0.914990 -0.417498
v -0.724377 0.571747 -0.054708
v -0.779835 0.813466 -0.404749
v -0.671860 0.595876 -0.230917
v -0.755130 0.649120 -0.163425
v -0.761371 0.818978 -0.860505
v -0.759804 0.845996 -0.747462
v -0.783389 0.877492 -0.635731
v -0.760788 0.831535 -0.519240
v -0.805871 0.808406 -0.336412
v -0.563302 0.482608 -0.152077
v -0.595323 0.439390 0.049973
v -0.558863 0.593252 -0.842680
v -0.571434 0.596738 -0.415666
v -0.594593 0.553486 -0.275467
v -0.623589 0.528109 -0.168452
v -0.672396 0.490697 0.047221
v -0.610856 0.631919 -0.860950
v -0.605013 0.658261 -0.740987
v -0.606300 0.665551 -0.629593
v -0.611428 0.656246 -0.520923
v -0.632111 0.645469 -0.415181
v -0.492996 0.478629 -0.218288
v -0.499324 0.421221 0.003338
v -0.505980 0.555357 -0.861645
v -0.484922 0.573121 -0.747008
v -0.484020 0.578417 -0.633344
v -0.490749 0.574007 -0.519904
v -0.510422 0.559464 -0.400119
v -0.510480 0.513832 -0.276859
v -0.547650 0.607545 -0.738443
v -0.546129 0.611805 -0.633151
v -0.552435 0.607366 -0.527913
v -0.435929 0.478114 -0.219119
v -0.400646 0.425067 -0.015477
v -0.407528 0.542179 -0.865041
v -0.398874 0.565829 -0.750158
v -0.407026 0.570974 -0.639937
v -0.411423 0.567601 -0.523609
v -0.400769 0.555187 -0.412169
v -0.400312 0.510761 -0.275750
v -0.324316 0.460270 -0.095695
v -0.308561 0.566451 -0.858411
v -0.323502 0.582862 -0.755705
v -0.169926 0.635100 -0.629252
v -0.175347 0.631314 -0.524063
v -0.173842 0.614908 -0.406369
v -0.179077 0.588484 -0.302848
v -0.148361 0.468600 0.010351
v -0.153473 0.569973 -0.233533
v -0.164356 0.491413 -0.063783
v -0.161156 0.608176 -0.851064
v -0.168404 0.625675 -0.746003
v -0.053577 0.580454 -0.214904
v -0.053244 0.492710 -0.018822
v -0.055838 0.624121 -0.857935
v -0.056988 0.645598 -0.746954
v -0.056952 0.655705 -0.632692
v -0.056713 0.652591 -0.518313
v -0.056097 0.636493 -0.406648
v -0.053382 0.611059 -0.303520
v -0.863343 0.944147 -0.746518
v -0.885400 0.947507 -0.519741
v -0.813377 0.910806 -0.690494
v -2.524399 0.112679 0.125455
v -2.562663 0.178202 0.040490
v -2.533006 0.185867 0.136126
v -2.564570 0.283658 0.042798
v -2.538176 0.278292 0.128167
v -2.542171 0.387535 0.045674
v -2.527849 0.356217 0.120872
v -2.460251 0.154265 0.258865
v -2.405327 0.204479 0.346072
v -2.483141 0.279048 0.228373
v -2.407448 0.280529 0.344478
v -2.502626 0.433699 0.095111
v -2.485172 0.391356 0.174073
v -2.429075 0.385728 0.272229
v -2.396962 0.353223 0.337039
v -2.422641 0.470772 0.205316
v -2.392188 0.044457 0.326276
v -2.351221 0.164806 0.396639
v -2.294843 0.204328 0.455148
v -2.304200 0.281273 0.447858
v -2.374888 0.428327 0.313140
v -2.336826 0.387256 0.381797
v -2.291959 0.353177 0.441893
v -2.412636 0.554710 0.079536
v -2.379816 0.536322 0.176271
v -2.343823 0.503315 0.274809
v -2.307458 0.468067 0.352388
v -2.355228 0.610142 0.057954
v -2.314875 0.576216 0.202875
v -2.282024 0.042046 0.438977
v -2.196395 0.276775 0.521069
v -2.268548 0.428629 0.420216
v -2.227580 0.386180 0.474607
v -2.269742 0.538186 0.314629
v -2.230760 0.504235 0.389706
v -2.168488 0.474922 0.463553
v -2.209775 0.652348 0.178456
v -2.226286 0.595997 0.271368
v -2.154623 0.583527 0.359349
v -2.129807 0.060219 0.550615
v -2.104140 0.183790 0.577123
v -2.080816 0.287408 0.589052
v -2.083422 0.373538 0.569245
v -2.103650 0.550415 0.436856
v -2.117781 0.664061 0.252515
v -2.113326 0.750845 0.059038
v -2.023220 0.058217 0.609921
v -1.923380 0.129099 0.658533
v -2.052559 0.436732 0.553395
v -2.001601 0.389173 0.597598
v -2.015581 0.514460 0.516456
v -1.938385 0.471850 0.580539
v -2.006891 0.675860 0.311863
v -2.017576 0.613572 0.405838
v -1.926746 0.591334 0.478144
v -1.999478 0.808217 0.042272
v -2.008618 0.742435 0.163985
v -1.898443 0.067795 0.669706
v -1.842113 0.207273 0.685790
v -1.841800 0.285724 0.681896
v -1.833434 0.349541 0.670299
v -1.898659 0.539720 0.540317
v -1.903946 0.687657 0.345351
v -1.901186 0.652222 0.403157
v -1.886109 0.790005 0.137217
v -1.887811 0.840631 0.052464
v -1.782472 0.054283 0.716743
v -1.779845 0.169558 0.702388
v -1.776308 0.419778 0.651179
v -1.715675 0.354618 0.687495
v -1.767461 0.559190 0.559169
v -1.783060 0.495520 0.605708
v -1.790956 0.688873 0.382160
v -1.785910 0.608341 0.499272
v -1.775737 0.801509 0.156086
v -1.756845 0.876955 0.046025
v -1.668069 0.064944 0.746621
v -1.666570 0.170347 0.722956
v -1.663610 0.271000 0.708011
v -1.667213 0.435943 0.656219
v -1.670810 0.517763 0.605171
v -1.669099 0.662991 0.441785
v -1.671432 0.606567 0.519994
v -1.586339 0.569044 0.567278
v -1.665266 0.807133 0.166950
v -1.670083 0.708781 0.364803
v -1.662529 0.875579 0.062626
v -1.551247 0.062739 0.772299
v -1.426431 -0.002682 0.834166
v -1.540206 0.176671 0.735853
v -1.554966 0.436026 0.658557
v -1.555770 0.358933 0.691506
v -1.556023 0.511215 0.612393
v -1.557571 0.638324 0.483074
v -1.554158 0.811686 0.162745
v -1.554111 0.710941 0.364035
v -1.552517 0.877144 0.064141
v -1.433815 0.088189 0.779396
v -1.436930 0.181094 0.738363
v -1.448089 0.273451 0.711377
v -1.443020 0.425788 0.653907
v -1.412653 0.347026 0.687345
v -1.352090 0.551202 0.552609
v -1.441300 0.511391 0.601352
v -1.440585 0.680146 0.406547
v -1.460534 0.576054 0.551121
v -1.441242 0.798628 0.172458
v -1.436833 0.877873 0.051280
v -1.320536 0.101629 0.786317
v -1.319452 0.028173 0.840661
v -1.315669 0.213331 0.723208
v -1.213031 0.313255 0.656374
v -1.354612 0.278360 0.701682
v -1.268250 0.400161 0.630863
v -1.326428 0.481650 0.598062
v -1.327927 0.652323 0.420474
v -1.326322 0.600265 0.491103
v -1.325173 0.831379 0.086274
v -1.323447 0.778127 0.177388
v -1.317604 0.698610 0.341105
v -1.212978 0.102386 0.797055
v -1.134842 -0.000975 0.905551
v -1.188789 0.230909 0.695312
v -1.201418 0.168028 0.743211
v -1.215959 0.528325 0.527844
v -1.178084 0.457189 0.570380
v -1.151412 0.676489 0.296932
v -1.214464 0.641599 0.391179
v -1.188983 0.577876 0.466793
v -1.206321 0.774368 0.125672
v -1.235665 0.689121 0.324007
v -1.127638 0.107373 0.800888
v -1.045069 0.067050 0.857632
v -1.087883 0.223392 0.687509
v -1.064045 0.133454 0.778586
v -1.094158 0.299013 0.632857
v -1.006161 0.527530 0.414464
v -1.078216 0.497628 0.490912
v -1.077804 0.666939 0.258870
v -1.065762 0.585367 0.385468
v -1.102774 0.776506 0.053847
v -0.977003 0.220408 0.673403
v -0.972788 0.163477 0.744395
v -0.933967 0.118063 0.813474
v -0.924370 0.342020 0.527510
v -0.980450 0.292382 0.601627
v -0.904704 0.391814 0.470087
v -1.023566 0.358935 0.567075
v -0.889295 0.534322 0.303012
v -0.971417 0.711257 0.050063
v -0.986394 0.670908 0.158183
v -0.942741 0.588205 0.275238
v -0.925526 0.011121 0.937374
v -0.860250 0.076552 0.881108
v -0.862407 0.213363 0.666213
v -0.860998 0.167366 0.741969
v -0.812824 0.353402 0.445852
v -0.851246 0.319840 0.513659
v -0.861277 0.264637 0.591598
v -0.785735 0.402488 0.362083
v -0.846512 0.437213 0.378514
v -0.837002 0.572632 0.171729
v -0.685158 0.085197 0.899862
v -0.747460 0.210254 0.664934
v -0.687379 0.132841 0.826272
v -0.699765 0.353305 0.359129
v -0.740723 0.290484 0.505359
v -0.746154 0.248703 0.587462
v -0.696970 0.461053 0.170967
v -0.730873 0.429191 0.267103
v -0.795057 0.569949 0.105419
v -0.706724 0.179693 0.733693
v -0.452408 0.181102 0.769299
v -0.594222 0.361345 0.246186
v -0.625669 0.310458 0.416036
v -0.632276 0.243904 0.589499
v -0.626177 0.409991 0.177929
v -0.662086 0.388014 0.259307
v -0.491362 0.212948 0.692359
v -0.542583 0.355558 0.235893
v -0.519119 0.344428 0.279882
v -0.519613 0.311293 0.407064
v -0.522229 0.260838 0.562477
v -0.510600 0.378671 0.177569
v -0.392364 0.102743 0.912041
v -0.413737 0.326663 0.412718
v -0.412709 0.279427 0.555124
v -0.402847 0.374084 0.225686
v -0.349149 0.243410 0.664271
v -0.287929 0.211339 0.744565
v -0.207669 0.357746 0.467093
v -0.167594 0.448138 0.066715
v -0.274848 0.372975 0.360245
v -0.262968 0.153541 0.847924
v -0.138588 0.329721 0.568341
v -0.167952 0.392336 0.360595
v -0.043945 0.241061 0.739280
v -0.066080 0.312178 0.619894
v -0.050114 0.456171 0.098834
v -0.056202 0.403733 0.363760
v -0.060438 0.361701 0.507802
v 0.020183 0.342041 0.571241
v -0.643360 0.032400 0.967470
v -0.404934 -0.005699 1.021902
v -0.352143 0.062906 0.964679
v -0.078555 -0.000790 1.031628
v -0.100699 0.119433 0.910777
v -0.106885 0.062028 0.977091
v 0.056813 -0.981140 -1.038224
v 0.159164 -1.029674 -0.921005
v 0.194339 -0.911262 -1.148224
v 0.162317 -0.973324 -1.046693
v 0.250244 -1.016166 -0.925443
v 0.275964 -0.937861 -1.076814
v 0.391200 -0.935615 -1.017633
v 0.502791 -0.940234 -0.892875
v 0.057481 -1.053262 -0.843419
v 0.056564 -1.069969 -0.743025
v 0.057334 -1.078516 -0.632470
v 0.057900 -1.076062 -0.521044
v 0.058163 -1.063252 -0.417217
v 0.058140 -1.043292 -0.328805
v 0.060108 -1.000463 -0.215408
v 0.056362 -0.928830 -0.083665
v 0.164650 -1.050494 -0.840639
v 0.166888 -1.066884 -0.741192
v 0.168658 -1.074885 -0.631823
v 0.169151 -1.072224 -0.520841
v 0.168300 -1.059492 -0.416833
v 0.162062 -1.041040 -0.331333
v 0.168759 -0.995886 -0.216214
v 0.168919 -0.926355 -0.087499
v 0.283251 -1.028573 -0.865709
v 0.269063 -1.054170 -0.739274
v 0.272083 -1.061626 -0.631368
v 0.273195 -1.058913 -0.521728
v 0.275959 -1.045131 -0.414299
v 0.267692 -1.031977 -0.347444
v 0.279036 -0.984819 -0.232371
v 0.267451 -0.917346 -0.098635
v 0.346785 -1.020111 -0.834301
v 0.354195 -1.035991 -0.733431
v 0.360248 -1.041969 -0.631329
v 0.358700 -1.040622 -0.527914
v 0.357754 -1.026985 -0.419195
v 0.469974 -0.991169 -0.740997
v 0.477146 -0.998798 -0.630782
v 0.481852 -0.992415 -0.518984
v 0.397002 -0.972483 -0.292987
v 0.366672 -0.917530 -0.144305
v 0.502892 -0.963549 -0.408293
v 0.508476 -0.916547 -0.265261
v 0.472752 -0.904698 -0.202371
v 0.583290 -0.910169 -0.846781
v 0.586006 -0.931863 -0.736849
v 0.621526 -0.918853 -0.635465
v 0.589521 -0.935233 -0.520469
v 0.586838 -0.920281 -0.412247
v 0.573063 -0.901978 -0.321711
v 0.060586 -0.788636 -1.295487
v 0.057694 -0.869554 -1.209470
v 0.062371 -0.584061 -1.434949
v 0.060775 -0.383797 -1.505665
v 0.058599 -0.283176 -1.517498
v 0.057885 -0.176601 -1.519973
v 0.059150 -0.075815 -1.512572
v 0.166687 -0.821843 -1.258596
v 0.167033 -0.697070 -1.365868
v 0.168030 -0.612180 -1.415066
v 0.157679 -0.466148 -1.483946
v 0.172003 -0.390668 -1.500545
v 0.260475 -0.440210 -1.475842
v 0.168015 -0.283187 -1.514319
v 0.166600 -0.176810 -1.516921
v 0.165631 -0.076253 -1.509234
v 0.243352 -0.802617 -1.262807
v 0.283537 -0.851410 -1.197257
v 0.377421 -0.892485 -1.101924
v 0.272784 -0.675951 -1.361298
v 0.282731 -0.736660 -1.310810
v 0.373862 -0.781662 -1.238858
v 0.315949 -0.609485 -1.389981
v 0.285933 -0.521490 -1.437348
v 0.269832 -0.363399 -1.492633
v 0.265443 -0.275353 -1.504013
v 0.265253 -0.176382 -1.505546
v 0.293014 -0.059123 -1.489987
v 0.432685 -0.819627 -1.166274
v 0.488661 -0.904764 -0.993545
v 0.432943 -0.707843 -1.276676
v 0.417136 -0.595304 -1.361409
v 0.440503 -0.505237 -1.393921
v 0.342306 -0.353986 -1.476839
v 0.344063 -0.272293 -1.486702
v 0.479600 -0.279846 -1.429720
v 0.344944 -0.181612 -1.488209
v 0.471791 -0.177339 -1.436240
v 0.346501 -0.086911 -1.479580
v 0.525208 -0.809498 -1.111204
v 0.510363 -0.739707 -1.199698
v 0.550867 -0.614372 -1.275014
v 0.529696 -0.485493 -1.356911
v 0.501147 -0.391324 -1.400978
v 0.506681 -0.058113 -1.405328
v 0.562123 0.028351 -1.353509
v 0.590256 -0.806266 -1.050014
v 0.639715 -0.805663 -0.991216
v 0.574110 -0.683752 -1.204390
v 0.630967 -0.741884 -1.090516
v 0.629971 -0.629434 -1.200774
v 0.668788 -0.668402 -1.128432
v 0.649687 -0.515456 -1.258799
v 0.579809 -0.375764 -1.362305
v 0.590611 -0.280745 -1.371303
v 0.592542 -0.169759 -1.372404
v 0.585118 -0.074053 -1.366417
v 0.696482 -0.809501 -0.885610
v 0.736639 -0.680700 -1.029881
v 0.754903 -0.712541 -0.957383
v 0.734909 -0.570489 -1.138371
v 0.745104 -0.623709 -1.080816
v 0.683102 -0.465894 -1.252938
v 0.743148 -0.500752 -1.176279
v 0.701562 -0.398568 -1.261471
v 0.721177 -0.287987 -1.266008
v 0.726971 -0.176969 -1.265140
v 0.704600 -0.059240 -1.269430
v 0.899377 -0.552713 -0.911228
v 0.892388 -0.452601 -1.021080
v 0.884167 -0.516975 -0.975977
v 0.811534 -0.384962 -1.152099
v 0.873243 -0.393725 -1.077676
v 0.880371 -0.280585 -1.105743
v 0.898008 -0.174147 -1.096633
v 0.873061 -0.072515 -1.104223
v 0.452789 -0.883825 -0.149280
v 0.486488 -0.773931 0.006835
v 0.555466 -0.906644 -0.903118
v 0.683621 -0.859517 -0.745437
v 0.686547 -0.867258 -0.523466
v 0.682872 -0.774408 -0.191241
v 0.640590 -0.742477 -0.065919
v 0.656176 -0.697100 0.047835
v 0.743313 -0.819387 -0.644656
v 0.710877 -0.829304 -0.413807
v 0.743451 -0.765403 -0.277697
v 0.779428 -0.736034 -0.852912
v 0.774432 -0.774492 -0.744370
v 0.845232 -0.724531 -0.504439
v 0.769502 -0.776787 -0.405295
v 0.743841 -0.731892 -0.179544
v 0.765942 -0.693152 -0.067542
v 0.877480 -0.668317 -0.722800
v 0.888743 -0.676975 -0.626657
v 0.835089 -0.723694 -0.405549
v 0.806921 -0.711626 -0.229211
v 0.916282 -0.586825 -0.819997
v 0.910687 -0.671342 -0.519521
v 0.906972 -0.675796 -0.404171
v 0.872368 -0.679078 -0.206242
v 0.866436 -0.668848 -0.054616
v 0.947301 -0.474426 -0.932910
v 0.933358 -0.355245 -1.035642
v 0.984284 -0.392830 -0.969588
v 0.943759 -0.274207 -1.053102
v 1.011423 -0.280205 -1.004003
v 1.017275 -0.173571 -1.014077
v 0.937574 -0.074207 -1.049723
v 1.006304 -0.068425 -0.999823
v 1.107031 -0.355726 -0.925021
v 1.103094 -0.274623 -0.966659
v 1.105781 -0.173810 -0.979078
v 1.098848 -0.074652 -0.963573
v 1.208772 -0.276849 -0.935830
v 1.206769 -0.174153 -0.951199
v 1.204178 -0.072836 -0.932861
v 1.370805 -0.237641 -0.911004
v 1.384068 -0.174467 -0.915117
v 1.369945 -0.110815 -0.908887
v 0.948126 -0.594864 -0.734257
v 0.967280 -0.611185 -0.634826
v 0.999670 -0.618102 -0.524197
v 0.995747 -0.636147 -0.403294
v 0.989425 -0.646020 -0.288272
v 0.980779 -0.652190 -0.172782
v 0.978665 -0.654017 -0.056901
v 0.978692 -0.510542 -0.849877
v 1.012921 -0.542332 -0.744970
v 1.037545 -0.574175 -0.620530
v 1.020304 -0.442957 -0.894254
v 1.102117 -0.589923 -0.496839
v 1.098176 -0.611453 -0.395823
v 1.081194 -0.639332 -0.189874
v 1.092893 -0.648312 -0.057126
v 1.060739 -0.477337 -0.819583
v 1.105772 -0.498823 -0.746425
v 1.113156 -0.538845 -0.645456
v 1.103852 -0.424449 -0.862366
v 1.151488 -0.447870 -0.805493
v 1.229253 -0.565489 -0.503778
v 1.212613 -0.595461 -0.401008
v 1.210134 -0.619137 -0.286286
v 1.232714 -0.638526 -0.168913
v 1.211886 -0.659849 0.000840
v 1.215518 -0.480889 -0.724979
v 1.214674 -0.522759 -0.630370
v 1.213988 -0.384054 -0.863611
v 1.326199 -0.311054 -0.888236
v 1.323625 -0.040252 -0.885257
v 1.338894 -0.673218 -0.023524
v 1.341603 -0.592135 -0.392719
v 1.324798 -0.621217 -0.281052
v 1.365557 -0.522630 -0.577820
v 1.370153 -0.555926 -0.491756
v 1.383981 -0.361733 -0.829129
v 1.360889 -0.426197 -0.762773
v 1.460623 -0.698314 0.039794
v 1.411885 -0.635183 -0.245511
v 1.490729 -0.455115 -0.672332
v 1.463534 -0.477537 -0.644407
v 1.432029 -0.272985 -0.870357
v 1.453976 -0.173878 -0.881334
v 1.429906 -0.075437 -0.869758
v 1.557980 -0.686264 -0.036049
v 1.585956 -0.591229 -0.377919
v 1.557147 -0.641166 -0.230387
v 1.552973 -0.524330 -0.527487
v 1.514287 -0.341567 -0.802083
v 1.655574 -0.372106 -0.722224
v 1.689135 -0.433832 -0.632025
v 1.552199 -0.276239 -0.827738
v 1.659862 -0.315636 -0.769175
v 1.554338 -0.173374 -0.845971
v 1.550205 -0.069517 -0.830008
v 1.666727 -0.014618 -0.773857
v 1.662179 -0.683989 -0.016902
v 1.682135 -0.582837 -0.376050
v 1.668184 -0.633006 -0.234146
v 1.751392 -0.474723 -0.549780
v 1.664846 -0.511896 -0.519583
v 1.707446 -0.239616 -0.790627
v 1.720094 -0.174033 -0.796713
v 1.706933 -0.104207 -0.794624
v 1.784708 -0.569464 -0.364966
v 1.773922 -0.605907 -0.268599
v 1.786714 -0.633212 -0.157140
v 1.743086 -0.352318 -0.700149
v 1.783676 -0.399278 -0.633479
v 1.876418 -0.431012 -0.548071
v 1.775483 -0.278738 -0.736319
v 1.890939 -0.321529 -0.653854
v 1.790935 -0.172124 -0.755894
v 1.769430 -0.066136 -0.753372
v 1.864532 -0.554446 -0.347071
v 1.876683 -0.580556 -0.266449
v 1.884834 -0.611161 -0.142508
v 1.912784 -0.467563 -0.470486
v 1.953846 -0.545953 -0.280179
v 1.916343 -0.363694 -0.602042
v 1.940883 -0.239185 -0.675887
v 1.954867 -0.167269 -0.682979
v 1.917075 -0.060742 -0.689941
v 1.958204 -0.571333 -0.200875
v 1.980091 -0.592324 -0.058051
v 2.024612 -0.466620 -0.373388
v 2.037083 -0.540071 -0.168454
v 2.060908 -0.557378 -0.040739
v 2.034967 -0.379609 -0.498761
v 2.041325 -0.423832 -0.430435
v 1.995905 -0.275063 -0.618442
v 2.045511 -0.319975 -0.551720
v 2.012854 -0.169655 -0.638411
v 1.948012 -0.099803 -0.681177
v 2.066789 -0.061900 -0.589790
v 2.118682 -0.450796 -0.289707
v 2.179003 -0.454830 -0.171527
v 2.166798 -0.370521 -0.382995
v 2.074639 -0.244042 -0.580392
v 2.125692 -0.281431 -0.514867
v 2.168624 -0.322763 -0.441700
v 2.084022 -0.165599 -0.590801
v 2.146364 -0.171602 -0.535267
v 2.205206 -0.072495 -0.469177
v 2.189131 -0.474065 -0.046378
v 2.282936 -0.349800 -0.261983
v 2.199718 -0.246607 -0.472911
v 2.244111 -0.279988 -0.402322
v 2.281302 -0.313644 -0.324906
v 2.210424 -0.166386 -0.481950
v 2.266452 -0.171075 -0.419473
v 2.262964 -0.061274 -0.397649
v 2.306343 -0.014194 -0.305538
v 2.314568 -0.361261 -0.160528
v 2.327191 -0.371967 -0.054349
v 2.310982 -0.245564 -0.355555
v 2.346168 -0.272589 -0.275947
v 2.374041 -0.303815 -0.166026
v 2.388087 -0.315956 -0.055868
v 2.322452 -0.172250 -0.365260
v 2.365396 -0.171481 -0.296864
v 2.317972 -0.097709 -0.353999
v 2.361657 -0.063484 -0.260852
v 2.394942 -0.037378 -0.149272
v 2.401396 -0.233816 -0.230099
v 2.420585 -0.244224 -0.156307
v 2.432932 -0.249117 -0.054307
v 2.410624 -0.171916 -0.236164
v 2.435478 -0.169747 -0.155719
v 2.447901 -0.164430 -0.053685
v 2.401827 -0.108001 -0.229978
v 2.419380 -0.091432 -0.157088
v 2.427902 -0.066525 -0.054620
v 0.055491 -0.796467 0.103341
v 0.058788 -0.749336 0.188161
v 0.063101 -0.710755 0.284346
v 0.130688 -0.617486 0.589372
v 0.140742 -0.581199 0.694854
v 0.225570 -0.545893 0.776401
v 0.221689 -0.508293 0.850447
v 0.174336 -0.794798 0.098143
v 0.173837 -0.743948 0.189473
v 0.214618 -0.704436 0.280104
v 0.162016 -0.667333 0.416712
v 0.286724 -0.780525 0.093589
v 0.291039 -0.730010 0.184614
v 0.310930 -0.674052 0.343693
v 0.385323 -0.636210 0.477145
v 0.392836 -0.770260 0.066254
v 0.424111 -0.722145 0.141977
v 0.416218 -0.694917 0.217374
v 0.606638 -0.588301 0.621007
v 0.632520 -0.566541 0.683370
v 0.548153 -0.729962 0.045524
v 0.522010 -0.692718 0.164533
v 0.459881 -0.658924 0.351553
v 0.612990 -0.536399 0.757821
v 0.615447 -0.488658 0.850782
v 0.630376 -0.449631 0.908505
v 0.599227 -0.670472 0.222511
v 0.638478 -0.623440 0.480988
v 0.753926 -0.675233 0.064236
v 0.726700 -0.658339 0.227500
v 0.743404 -0.620674 0.490899
v 0.744424 -0.594218 0.609473
v 0.737598 -0.544459 0.748393
v 0.741407 -0.500150 0.845673
v 0.734550 -0.450064 0.917179
v 0.864558 -0.661865 0.059578
v 0.863055 -0.655537 0.173296
v 0.857024 -0.639154 0.393214
v 0.858496 -0.626090 0.516433
v 0.841299 -0.603811 0.626897
v 0.894561 -0.592103 0.743793
v 0.826537 -0.556141 0.761944
v 0.842523 -0.516900 0.868986
v 0.216588 -0.411460 0.984288
v 0.260821 -0.346865 1.034389
v 0.256946 -0.268379 1.069763
v 0.223470 -0.173632 1.082893
v 0.338294 -0.459080 0.920043
v 0.512843 -0.067704 1.051232
v 0.514609 -0.410260 0.964626
v 0.527851 -0.342431 1.020692
v 0.512404 -0.268525 1.055834
v 0.514033 -0.170140 1.068964
v 0.529917 -0.003975 1.019675
v 0.628684 -0.385931 0.984212
v 0.657554 -0.337207 1.022406
v 0.626509 -0.283213 1.051536
v 0.628176 -0.174107 1.075605
v 0.618255 0.000741 1.028897
v 0.622093 -0.070864 1.063541
v 0.736888 -0.387428 0.996016
v 0.787184 -0.355439 1.045524
v 0.742469 -0.288353 1.070428
v 0.743995 -0.170850 1.108500
v 0.681638 0.008833 1.049263
v 0.723140 -0.046289 1.094133
v 0.837660 -0.044753 1.190493
v 0.899208 -0.469734 1.006335
v 0.829869 -0.432336 0.988285
v 0.872320 -0.386801 1.076905
v 0.904091 -0.371200 1.124911
v 0.830843 -0.291344 1.117358
v 0.895547 -0.287500 1.176675
v 0.784983 -0.166618 1.137189
v 0.867481 -0.171603 1.201917
v 0.917172 -0.132454 1.266070
v 0.922711 -0.050898 1.286603
v 1.030938 -0.682721 0.647944
v 1.064692 -0.693569 0.736493
v 0.977650 -0.654329 0.057845
v 0.976764 -0.654489 0.172512
v 0.974209 -0.654887 0.287953
v 0.965442 -0.653527 0.402474
v 0.963218 -0.652483 0.515033
v 0.977933 -0.654417 0.629863
v 0.988351 -0.643927 0.745055
v 0.980349 -0.607467 0.859070
v 1.165831 -0.704620 0.337014
v 1.096727 -0.703299 0.481423
v 1.158167 -0.721994 0.865131
v 1.090800 -0.654695 0.056881
v 1.089688 -0.662292 0.171007
v 1.088318 -0.673431 0.289045
v 1.058792 -0.678195 0.403650
v 1.028079 -0.678171 0.540255
v 1.062001 -0.672933 0.838646
v 1.267910 -0.791472 0.562976
v 1.257851 -0.793428 0.639921
v 1.259010 -0.791054 0.735301
v 1.196483 -0.688384 0.225091
v 1.198492 -0.677511 0.164111
v 1.354571 -0.799215 0.460863
v 1.320661 -0.801996 0.520261
v 1.342758 -0.815148 0.637442
v 1.334937 -0.810616 0.746485
v 1.361369 -0.804001 0.845364
v 1.349054 -0.691964 0.079394
v 1.307470 -0.706523 0.184638
v 1.281355 -0.784438 0.833317
v 1.442475 -0.807952 0.437637
v 1.443583 -0.822401 0.531955
v 1.442596 -0.829107 0.635833
v 1.442345 -0.826538 0.743635
v 1.449928 -0.816793 0.842233
v 1.432165 -0.725173 0.174165
v 1.551937 -0.808453 0.422129
v 1.549590 -0.826106 0.530785
v 1.549844 -0.832832 0.634912
v 1.550006 -0.830345 0.743093
v 1.550811 -0.819291 0.843272
v 1.553639 -0.706502 0.073236
v 1.552436 -0.731770 0.177703
v 1.653193 -0.803607 0.436654
v 1.650004 -0.819743 0.533245
v 1.652422 -0.825849 0.635258
v 1.652964 -0.823185 0.742766
v 1.632837 -0.805529 0.892618
v 1.665903 -0.715679 0.149328
v 1.661041 -0.789535 0.929931
v 1.727292 -0.794517 0.461953
v 1.734145 -0.804664 0.534818
v 1.740380 -0.809931 0.634432
v 1.735024 -0.807149 0.776673
v 1.772210 -0.685683 0.099203
v 1.770092 -0.712930 0.219844
v 1.845665 -0.762715 0.524409
v 1.854145 -0.769768 0.635494
v 1.857786 -0.763767 0.746758
v 1.784015 -0.774001 0.860298
v 0.940850 -0.559506 0.910401
v 1.077240 -0.585438 1.071902
v 0.955659 -0.536025 0.978057
v 1.076712 -0.498934 1.189105
v 1.030372 -0.355404 1.269864
v 1.036923 -0.287596 1.319255
v 0.943314 -0.186174 1.276813
v 1.026514 -0.081030 1.382838
v 1.176235 -0.705764 0.953231
v 1.096180 -0.647903 0.974527
v 1.095970 -0.553981 1.141451
v 1.139209 -0.471203 1.270202
v 1.080541 -0.408480 1.277027
v 1.179461 -0.357545 1.383821
v 1.131255 -0.273053 1.396874
v 1.060631 -0.184610 1.383936
v 1.148297 -0.034175 1.476490
v 1.265268 -0.690928 1.079214
v 1.188704 -0.666295 1.058307
v 1.219362 -0.597559 1.190312
v 1.297311 -0.577054 1.263070
v 1.197290 -0.521298 1.266677
v 1.204128 -0.431598 1.346086
v 1.248929 -0.236245 1.477411
v 1.167065 -0.144747 1.465222
v 1.247093 -0.156904 1.498755
v 1.221866 -0.053947 1.506361
v 1.363515 -0.788386 0.914921
v 1.332933 -0.712910 1.077642
v 1.342800 -0.675861 1.152785
v 1.332233 -0.471451 1.374963
v 1.297706 -0.429978 1.393937
v 1.343788 -0.329693 1.468855
v 1.335590 -0.249475 1.500038
v 1.334881 -0.159713 1.524063
v 1.328023 -0.054193 1.538362
v 1.452764 -0.799765 0.922207
v 1.443350 -0.745321 1.053831
v 1.449407 -0.694488 1.154031
v 1.439069 -0.609216 1.267132
v 1.432389 -0.484580 1.387914
v 1.448016 -0.345039 1.483027
v 1.436601 -0.275722 1.508911
v 1.439048 -0.167696 1.539345
v 1.438260 -0.056405 1.557487
v 1.545253 -0.802266 0.923910
v 1.551375 -0.752980 1.047723
v 1.548054 -0.679348 1.184336
v 1.551817 -0.570487 1.316231
v 1.550483 -0.474513 1.400965
v 1.547784 -0.350819 1.485045
v 1.548833 -0.268416 1.516448
v 1.551126 -0.167937 1.543898
v 1.551785 -0.056889 1.562377
v 1.661177 -0.728593 1.073500
v 1.658237 -0.677886 1.168965
v 1.658127 -0.574905 1.298407
v 1.656031 -0.468186 1.394190
v 1.657326 -0.351733 1.471982
v 1.624302 -0.338163 1.484498
v 1.658158 -0.272451 1.505444
v 1.663013 -0.168241 1.533391
v 1.663602 -0.056739 1.551924
v 1.776686 -0.741626 0.970718
v 1.749895 -0.686062 1.118462
v 1.859622 -0.650178 1.102389
v 1.761744 -0.592976 1.243817
v 1.862661 -0.546123 1.239532
v 1.761430 -0.476373 1.358543
v 1.786788 -0.429084 1.383879
v 1.789805 -0.294561 1.459049
v 1.753707 -0.207734 1.505745
v 1.853111 -0.176908 1.476865
v 1.766884 -0.054607 1.529416
v 1.853884 -0.691232 0.243231
v 1.886340 -0.718718 0.404621
v 1.882391 -0.733195 0.856453
v 1.878026 -0.663922 0.159800
v 1.933510 -0.667533 0.290561
v 1.964540 -0.697562 0.496634
v 1.970013 -0.706416 0.634116
v 1.968124 -0.704069 0.744405
v 1.973548 -0.682747 0.859973
v 1.977495 -0.626696 0.189100
v 2.001276 -0.629436 0.285348
v 2.036412 -0.658432 0.632619
v 2.035006 -0.655647 0.745448
v 2.086375 -0.554457 0.053962
v 2.060805 -0.587963 0.255040
v 2.047689 -0.638677 0.514615
v 2.085339 -0.616137 0.601294
v 2.120253 -0.579288 0.746527
v 2.098253 -0.579963 0.857365
v 2.119606 -0.545602 0.279022
v 2.144184 -0.535146 0.402204
v 2.154936 -0.545061 0.613639
v 2.209208 -0.471296 0.077060
v 2.227368 -0.451394 0.266593
v 2.204494 -0.471327 0.402096
v 2.202995 -0.485577 0.601362
v 2.207204 -0.471483 0.743582
v 2.185449 -0.468127 0.883828
v 2.265210 -0.396346 0.397705
v 2.258229 -0.401220 0.515658
v 2.288591 -0.346876 0.682442
v 2.259929 -0.388024 0.746032
v 2.236970 -0.393188 0.857832
v 2.296250 -0.331782 0.488060
v 2.275378 -0.327969 0.842661
v 2.331445 -0.374066 0.057627
v 2.327323 -0.366972 0.169787
v 2.318022 -0.351904 0.276135
v 2.390639 -0.316450 0.056872
v 2.383301 -0.304382 0.168656
v 2.370446 -0.270846 0.280868
v 2.332752 -0.280753 0.402936
v 2.321267 -0.270653 0.535610
v 2.309279 -0.276539 0.744740
v 2.298449 -0.241686 0.890355
v 2.390655 -0.167944 0.307451
v 2.362979 -0.169611 0.409806
v 2.348920 -0.169089 0.520883
v 2.336569 -0.167873 0.744859
v 2.324949 -0.158467 0.853998
v 2.399359 0.003022 0.174384
v 2.394548 -0.056814 0.284729
v 2.373057 -0.056494 0.404674
v 2.363099 -0.056532 0.518341
v 2.353827 -0.052149 0.742050
v 2.339528 -0.053194 0.855756
v 2.434136 -0.248735 0.054756
v 2.424959 -0.242891 0.156846
v 2.411445 -0.231380 0.231102
v 2.449259 -0.163255 0.054997
v 2.439976 -0.167026 0.156624
v 2.421418 -0.168634 0.238086
v 2.431902 -0.063918 0.057731
v 2.430001 -0.086736 0.159331
v 2.419822 -0.102920 0.232258
v 1.862943 -0.694895 1.009819
v 1.964847 -0.646073 0.985450
v 1.880883 -0.593792 1.166005
v 1.887324 -0.479410 1.287466
v 1.878299 -0.389779 1.366064
v 1.907860 -0.315732 1.391382
v 1.845272 -0.085943 1.500214
v 1.966666 -0.057365 1.434851
v 1.950828 -0.676272 0.929689
v 1.959000 -0.578565 1.115543
v 2.033250 -0.548669 1.063522
v 1.974998 -0.477716 1.222168
v 2.060906 -0.394708 1.210000
v 1.992336 -0.385325 1.283819
v 1.973365 -0.271720 1.369334
v 2.039835 -0.147306 1.362821
v 1.978966 -0.164458 1.403736
v 2.072466 -0.577467 0.933726
v 2.118339 -0.509150 0.973217
v 2.071676 -0.471176 1.116183
v 2.158612 -0.434460 1.012335
v 2.141163 -0.396932 1.092522
v 2.065736 -0.312755 1.264501
v 2.189337 -0.291370 1.112117
v 2.171459 -0.259697 1.163171
v 2.187759 -0.170798 1.184703
v 2.095884 -0.169833 1.298378
v 2.190907 -0.052868 1.213524
v 2.100644 -0.056350 1.323547
v 2.059556 0.025734 1.374991
v 2.196416 -0.380963 1.006172
v 2.255348 -0.284698 0.970250
v 2.295014 -0.166567 0.978576
v 2.280512 -0.135797 1.033579
v 2.288203 -0.054175 1.045819
v 2.318307 -0.050180 0.954360
v 0.058693 0.010415 -1.496487
v 0.057961 0.087576 -1.470390
v 0.060465 0.217464 -1.409951
v 0.057785 0.310130 -1.347232
v 0.060725 0.403777 -1.265672
v 0.056636 0.508973 -1.138829
v 0.057180 0.602865 -0.957237
v 0.159682 0.007401 -1.494298
v 0.169975 0.129178 -1.448577
v 0.173289 0.265401 -1.375209
v 0.172774 0.393616 -1.270151
v 0.169906 0.498288 -1.147163
v 0.195401 0.568749 -1.029693
v 0.166149 0.599930 -0.955219
v 0.258591 0.003115 -1.482655
v 0.278486 0.153564 -1.418082
v 0.283091 0.245992 -1.368623
v 0.281607 0.371078 -1.269676
v 0.306383 0.467054 -1.153673
v 0.289419 0.544545 -1.039626
v 0.314633 0.579631 -0.946528
v 0.447636 0.073626 -1.397196
v 0.427381 0.144211 -1.376518
v 0.460000 0.232858 -1.308140
v 0.350838 0.222974 -1.362369
v 0.416114 0.296748 -1.283629
v 0.356724 0.345479 -1.266377
v 0.416522 0.417200 -1.162365
v 0.435429 0.478928 -1.062101
v 0.420337 0.545526 -0.942502
v 0.545802 0.184743 -1.290120
v 0.522206 0.284831 -1.229911
v 0.550716 0.346739 -1.149955
v 0.519300 0.416372 -1.087513
v 0.545117 0.466486 -0.979285
v 0.656296 0.065358 -1.270931
v 0.623092 0.148890 -1.254429
v 0.647481 0.261765 -1.149604
v 0.674790 0.298561 -1.080388
v 0.650239 0.342624 -1.055647
v 0.600929 0.444912 -0.948063
v 0.690886 0.014130 -1.260129
v 0.770859 0.042098 -1.169008
v 0.855492 0.052016 -1.069890
v 0.729960 0.185882 -1.123397
v 0.874681 0.159085 -0.952152
v 0.768063 0.276399 -0.967979
v 0.698950 0.353196 -0.963738
v 0.862893 0.107172 -1.018677
v 0.059143 0.499333 -0.018824
v 0.057072 0.632296 -0.857327
v 0.057274 0.654029 -0.746778
v 0.057462 0.664167 -0.632516
v 0.057612 0.660894 -0.517977
v 0.057866 0.644492 -0.405997
v 0.058177 0.618439 -0.302731
v 0.058261 0.588013 -0.215256
v 0.170693 0.585336 -0.218190
v 0.177577 0.492710 -0.016301
v 0.169875 0.628380 -0.856343
v 0.171384 0.649665 -0.746340
v 0.171960 0.659535 -0.632319
v 0.172365 0.656080 -0.517620
v 0.172611 0.639553 -0.405161
v 0.170729 0.613756 -0.301546
v 0.276803 0.468983 0.008353
v 0.350571 0.578577 -0.290614
v 0.296986 0.485849 -0.050246
v 0.280414 0.612302 -0.855428
v 0.282538 0.633225 -0.745342
v 0.283805 0.642590 -0.631910
v 0.284879 0.638890 -0.517274
v 0.286134 0.622108 -0.403878
v 0.267527 0.588326 -0.260145
v 0.408962 0.444089 -0.023565
v 0.419565 0.564538 -0.319278
v 0.429010 0.472946 -0.114192
v 0.386779 0.586959 -0.851056
v 0.385126 0.608113 -0.742201
v 0.386877 0.616645 -0.631366
v 0.388571 0.613058 -0.518956
v 0.394239 0.595828 -0.406471
v 0.550978 0.432629 -0.138652
v 0.511162 0.422275 -0.057071
v 0.471333 0.560825 -0.831245
v 0.491419 0.569664 -0.739269
v 0.502648 0.573498 -0.628240
v 0.586038 0.523577 -0.524057
v 0.476639 0.569717 -0.427583
v 0.472425 0.584281 -0.526150
v 0.670766 0.373406 -0.113961
v 0.666325 0.367210 -0.059820
v 0.672110 0.434658 -0.835478
v 0.674283 0.442722 -0.381667
v 0.676954 0.416746 -0.280937
v 0.613749 0.423785 -0.192187
v 0.612691 0.389904 -0.060398
v 0.597999 0.481759 -0.853334
v 0.666372 0.464588 -0.730209
v 0.664488 0.475511 -0.633834
v 0.757237 0.343950 -0.866201
v 0.873436 0.276997 -0.732735
v 0.799638 0.363112 -0.358209
v 0.798230 0.362031 -0.293330
v 0.793149 0.364396 -0.230401
v 0.708479 0.367513 -0.115343
v 0.708665 0.368734 -0.059934
v 0.787657 0.356580 -0.733416
v 0.811796 0.352827 -0.609085
v 0.750049 0.404884 -0.521102
v 0.748729 0.396684 -0.401491
v 0.747659 0.382912 -0.171868
v 0.755377 0.394662 -0.062613
v 0.689777 0.454696 -0.527715
v 0.890994 0.199534 -0.867864
v 0.885731 0.238194 -0.802410
v 0.874937 0.300980 -0.629579
v 0.882901 0.316542 -0.520736
v 0.865411 0.341487 -0.405475
v 0.866708 0.357493 -0.300578
v 0.838532 0.370189 -0.233031
v 0.808215 0.363277 -0.451481
v 0.966359 0.398864 -0.288944
v 0.860972 0.409552 -0.175576
v 0.829330 0.433920 -0.067262
v 0.944190 0.523019 -0.058825
v 0.921132 0.004955 -1.031235
v 0.973707 0.040935 -0.961753
v 0.948514 0.129472 -0.892275
v 1.112076 0.000009 -0.918953
v 1.014737 0.093803 -0.872468
v 1.002864 0.175904 -0.756160
v 1.016220 0.215950 -0.650281
v 1.030648 0.239653 -0.581871
v 0.951511 0.251640 -0.641579
v 0.984660 0.281091 -0.529052
v 0.976493 0.334503 -0.410830
v 0.939300 0.361277 -0.330404
v 1.052614 0.393748 -0.358391
v 0.930940 0.467965 -0.150094
v 1.034462 0.515427 -0.188889
v 1.030440 0.570866 -0.085450
v 1.112739 0.061904 -0.859157
v 1.101329 0.156456 -0.727028
v 1.104368 0.199179 -0.644042
v 1.112826 0.245433 -0.562728
v 1.082452 0.337733 -0.440459
v 1.120159 0.430363 -0.359728
v 1.108129 0.500842 -0.271369
v 1.134575 0.569489 -0.195618
v 1.106022 0.638166 -0.013465
v 1.207361 0.030484 -0.860917
v 1.210990 0.091535 -0.787308
v 1.210192 0.145440 -0.714149
v 1.214798 0.215727 -0.613874
v 1.316379 0.248745 -0.592553
v 1.207766 0.296968 -0.524031
v 1.166217 0.335768 -0.472761
v 1.356779 0.447543 -0.443360
v 1.225103 0.509955 -0.332522
v 1.215024 0.589704 -0.216719
v 1.206549 0.668033 -0.043253
v 1.320912 0.022181 -0.838029
v 1.398433 0.069219 -0.775964
v 1.323412 0.138401 -0.712395
v 1.326009 0.195688 -0.647266
v 1.328196 0.315544 -0.537087
v 1.332953 0.468485 -0.417441
v 1.351711 0.552936 -0.332059
v 1.323444 0.618941 -0.218633
v 1.261895 0.674580 -0.070405
v 1.354611 0.684527 -0.097358
v 1.426120 0.006422 -0.823389
v 1.437227 0.133296 -0.711912
v 1.438506 0.195199 -0.654514
v 1.445930 0.294677 -0.570915
v 1.447552 0.454296 -0.452411
v 1.438818 0.521175 -0.385757
v 1.455793 0.574895 -0.325568
v 1.439698 0.681730 -0.129732
v 1.534116 0.015019 -0.792470
v 1.548313 0.126468 -0.708626
v 1.551626 0.324441 -0.550676
v 1.550398 0.468993 -0.443631
v 1.578219 0.563943 -0.339657
v 1.547291 0.626402 -0.241327
v 1.572007 0.687482 -0.117717
v 1.664766 0.048661 -0.741089
v 1.689792 0.117273 -0.694477
v 1.670373 0.277296 -0.573752
v 1.642903 0.449992 -0.446730
v 1.661450 0.505229 -0.388897
v 1.759599 0.544761 -0.311335
v 1.661671 0.593717 -0.274903
v 1.678107 0.668085 -0.133173
v 1.674395 0.714641 -0.009780
v 1.811153 0.061874 -0.687562
v 1.803988 0.186990 -0.605931
v 1.764161 0.254488 -0.566202
v 1.755770 0.435125 -0.426008
v 1.810683 0.480009 -0.360797
v 1.806017 0.578348 -0.240526
v 1.780223 0.644742 -0.129418
v 1.782133 0.693845 -0.008410
v 1.888879 0.024176 -0.671704
v 1.930025 0.130380 -0.584705
v 1.892341 0.294229 -0.476371
v 1.904524 0.396591 -0.383324
v 1.957687 0.474079 -0.268585
v 1.910465 0.522806 -0.249398
v 1.883596 0.592444 -0.157388
v 1.861141 0.669807 -0.005118
v 2.027764 0.049200 -0.569950
v 2.004601 0.177054 -0.495497
v 2.013503 0.321933 -0.366285
v 2.037385 0.415036 -0.258909
v 2.028032 0.519075 -0.140579
v 1.993909 0.574555 -0.081215
v 2.064901 0.004260 -0.564393
v 2.140761 0.044103 -0.471658
v 2.131337 0.124133 -0.416554
v 2.136868 0.396193 -0.154803
v 2.167099 0.452790 -0.026313
v 2.084238 0.474354 -0.130535
v 2.111963 0.501571 -0.043770
v 2.075362 0.569143 0.033769
v 2.209632 0.043729 -0.388382
v 2.105190 0.335531 -0.256850
v 2.192033 0.191536 -0.269229
v 2.258472 0.172201 -0.167089
v 2.281767 0.207152 -0.068896
v 2.191609 0.338815 -0.124781
v 2.266108 0.277142 -0.030886
v 2.203092 0.386343 -0.045087
v 2.307440 0.095416 -0.155733
v 2.369080 0.046342 -0.053473
v 2.310242 0.186339 -0.009611
v 2.409378 -0.004007 0.007905
v 0.016184 0.192756 0.815572
v 0.056955 0.286508 0.672048
v 0.057924 0.458287 0.108713
v 0.057307 0.407396 0.362203
v 0.055241 0.367922 0.499966
v 0.162182 0.253066 0.716899
v 0.188275 0.160509 0.853054
v 0.208129 0.345666 0.538376
v 0.151067 0.333794 0.579121
v 0.166085 0.454668 0.103547
v 0.169590 0.402656 0.361283
v 0.399450 0.100415 0.918985
v 0.299958 0.229454 0.729629
v 0.392863 0.269320 0.631973
v 0.288193 0.446895 0.069182
v 0.325688 0.399612 0.274671
v 0.287489 0.363333 0.454568
v 0.425282 0.223356 0.710814
v 0.402294 0.152728 0.844284
v 0.464757 0.348516 0.389569
v 0.403529 0.316524 0.522795
v 0.426054 0.418507 0.061332
v 0.503178 0.105418 0.915863
v 0.510613 0.232808 0.687335
v 0.505318 0.200880 0.760136
v 0.509306 0.158010 0.845979
v 0.537068 0.349356 0.349043
v 0.513628 0.309168 0.518832
v 0.511945 0.270075 0.618193
v 0.516414 0.400194 0.055213
v 0.514554 0.387204 0.171601
v 0.511366 0.368459 0.290921
v 0.580517 0.118483 0.920075
v 0.579553 0.240959 0.703708
v 0.616578 0.181003 0.865834
v 0.669550 0.368440 -0.006597
v 0.588287 0.355668 0.348451
v 0.615325 0.328119 0.523937
v 0.610018 0.285361 0.643213
v 0.645224 0.265764 0.743315
v 0.663694 0.244574 0.823266
v 0.633242 0.386306 0.041059
v 0.622819 0.390432 0.169729
v 0.618747 0.380202 0.297123
v 0.659298 0.377496 0.416091
v 0.686285 0.215147 0.903291
v 0.705499 0.376144 -0.005819
v 0.683292 0.344758 0.626151
v 0.704103 0.323023 0.749090
v 0.719806 0.290879 0.861014
v 0.737241 0.412861 0.043516
v 0.716019 0.424611 0.171326
v 0.709862 0.426639 0.289337
v 0.717796 0.421014 0.423845
v 0.742904 0.415201 0.606122
v 0.755313 0.398423 0.746263
v 0.778947 0.393888 0.860080
v 0.804556 0.489363 0.177124
v 0.777525 0.480453 0.305768
v 0.780568 0.476699 0.518638
v 0.832437 0.519710 0.747182
v 0.812753 0.466703 0.053962
v 0.825154 0.473998 0.868153
v 0.840003 0.544301 0.387641
v 0.843351 0.553143 0.593048
v 0.916360 0.576423 0.149874
v 0.957747 0.652001 0.387131
v 0.928420 0.651247 0.632476
v 0.922397 0.636648 0.747354
v 0.909328 0.586295 0.887605
v 0.143015 0.066420 0.972245
v 0.126193 0.117059 0.915383
v 0.219501 -0.000587 1.026448
v 0.397882 0.054684 0.972762
v 0.507434 0.044538 0.983869
v 0.613129 0.074938 0.980161
v 0.651105 0.142200 0.942483
v 0.695180 0.078039 1.026715
v 0.761426 0.061951 1.096692
v 0.801104 0.025935 1.147515
v 0.714683 0.175864 0.981571
v 0.761545 0.170682 1.050039
v 0.757522 0.276378 0.964896
v 0.769796 0.240630 1.022474
v 0.837186 0.425478 0.981202
v 0.853314 0.382303 1.065506
v 0.812144 0.116937 1.143571
v 0.906346 0.055472 1.270646
v 0.931367 0.168729 1.285282
v 0.917706 0.305129 1.220486
v 0.930076 0.241013 1.262998
v 0.930406 0.392633 1.182928
v 0.915870 0.547125 0.986452
v 0.931516 0.506263 1.076035
v 0.974158 0.579103 0.024568
v 1.034793 0.663177 0.188800
v 1.021477 0.686065 0.320164
v 0.994078 0.704106 0.524551
v 1.006162 0.695424 0.858900
v 1.064762 0.753879 0.501836
v 1.044958 0.753061 0.633929
v 1.038288 0.743715 0.742846
v 1.150601 0.724423 0.204172
v 1.101308 0.724882 0.287803
v 1.148049 0.793729 0.442934
v 1.097551 0.762802 0.861676
v 1.147140 0.808138 0.530935
v 1.143297 0.813912 0.633947
v 1.144571 0.809738 0.773889
v 1.224831 0.742742 0.173124
v 1.242347 0.802407 0.326517
v 1.213881 0.810577 0.390825
v 1.170350 0.781237 0.947166
v 1.227898 0.841683 0.523805
v 1.228547 0.851623 0.634039
v 1.227513 0.847819 0.745285
v 1.219457 0.826973 0.860111
v 1.330356 0.754897 0.126254
v 1.347796 0.810667 0.258541
v 1.328652 0.850244 0.408843
v 1.329310 0.873849 0.520502
v 1.380753 0.905496 0.652343
v 1.387317 0.905642 0.723034
v 1.330762 0.864535 0.856018
v 1.446281 0.766330 0.114256
v 1.442981 0.827861 0.266656
v 1.438622 0.870218 0.406933
v 1.458327 0.910792 0.572981
v 1.440733 0.911522 0.753813
v 1.466287 0.907369 0.799550
v 1.553123 0.767285 0.110309
v 1.554545 0.833477 0.273142
v 1.550374 0.874668 0.403573
v 1.547745 0.913386 0.566058
v 1.561265 0.914375 0.759168
v 1.535245 0.909626 0.800022
v 1.661464 0.773476 0.149115
v 1.663981 0.821627 0.265359
v 1.660539 0.865606 0.409935
v 1.610612 0.910088 0.579965
v 1.625254 0.912575 0.643469
v 1.619546 0.911373 0.720430
v 1.667402 0.877410 0.859324
v 1.750319 0.780272 0.207760
v 1.786288 0.809968 0.313493
v 1.767125 0.842106 0.411485
v 1.775369 0.860579 0.523115
v 1.782212 0.868951 0.636252
v 1.780640 0.865481 0.749900
v 1.773816 0.851162 0.859978
v 1.001578 0.059153 1.369694
v 1.035549 0.191825 1.383190
v 0.990397 0.282711 1.310241
v 0.924581 0.441810 1.132036
v 1.032068 0.433418 1.270728
v 1.011435 0.501809 1.191876
v 0.983460 0.626623 0.977499
v 1.028087 0.579316 1.127853
v 1.030059 0.689605 0.936449
v 1.144966 0.056192 1.479036
v 1.149951 0.141925 1.473977
v 1.074855 0.294557 1.381765
v 1.108806 0.381961 1.367068
v 1.086121 0.514384 1.259194
v 1.078008 0.702440 0.997874
v 1.114957 0.681243 1.086573
v 1.108165 0.598676 1.191984
v 1.177056 0.579362 1.269298
v 1.228746 0.055540 1.513962
v 1.197739 0.257608 1.470982
v 1.224088 0.162296 1.503597
v 1.247931 0.247269 1.495534
v 1.182012 0.420906 1.392297
v 1.218146 0.488095 1.369972
v 1.167964 0.685785 1.132440
v 1.240797 0.665434 1.217129
v 1.217194 0.740894 1.084024
v 1.248642 0.705733 1.166439
v 1.259705 0.800133 1.006552
v 1.327771 0.057037 1.542829
v 1.326955 0.168369 1.533159
v 1.281122 0.329593 1.480193
v 1.328798 0.277984 1.511810
v 1.340745 0.357087 1.489135
v 1.286621 0.550057 1.353855
v 1.331850 0.506193 1.402270
v 1.328079 0.618405 1.308412
v 1.369011 0.570413 1.366813
v 1.329308 0.722376 1.187783
v 1.369274 0.677621 1.262134
v 1.337238 0.838470 0.959545
v 1.340792 0.807331 1.044744
v 1.438117 0.057164 1.562279
v 1.438091 0.169431 1.552732
v 1.439809 0.274610 1.531811
v 1.441870 0.470881 1.448658
v 1.446748 0.360588 1.505560
v 1.450554 0.584137 1.372301
v 1.443463 0.760669 1.165845
v 1.450152 0.688485 1.267821
v 1.442300 0.856382 0.960870
v 1.442199 0.821225 1.052488
v 1.551863 0.057072 1.567351
v 1.551609 0.169335 1.557901
v 1.551446 0.273904 1.536706
v 1.550728 0.474790 1.452167
v 1.551666 0.362770 1.508286
v 1.552866 0.685181 1.277512
v 1.581409 0.580724 1.378862
v 1.551821 0.765474 1.165437
v 1.553925 0.859935 0.963020
v 1.551674 0.824580 1.054807
v 1.663438 0.056776 1.556978
v 1.662588 0.168174 1.548107
v 1.661024 0.271727 1.527653
v 1.668920 0.491054 1.428207
v 1.655237 0.357425 1.501410
v 1.758891 0.557534 1.356354
v 1.687037 0.695301 1.242100
v 1.672436 0.628386 1.318272
v 1.664846 0.808051 1.069715
v 1.631778 0.684158 1.268831
v 1.664216 0.848759 0.963826
v 1.766109 0.056554 1.534218
v 1.764637 0.165952 1.526121
v 1.813444 0.318930 1.471742
v 1.765889 0.271638 1.504817
v 1.752996 0.355709 1.480707
v 1.774595 0.485187 1.400651
v 1.780904 0.645775 1.261898
v 1.785686 0.787632 1.046016
v 1.776321 0.712749 1.177100
v 1.771874 0.823884 0.966128
v 1.739180 0.805368 1.039765
v 1.451519 0.915395 0.644237
v 1.539946 0.918432 0.648235
v 1.938300 0.663670 0.075641
v 1.904757 0.737291 0.249810
v 1.933129 0.781886 0.444662
v 1.937195 0.786889 0.841357
v 1.848769 0.807072 0.378211
v 1.883283 0.821224 0.523032
v 1.879553 0.832559 0.636693
v 1.887460 0.825403 0.750941
v 1.853488 0.815932 0.898273
v 2.002658 0.625120 0.063056
v 1.977287 0.706657 0.281886
v 2.032258 0.704075 0.403838
v 2.051834 0.666750 0.953410
v 1.960257 0.786483 0.551122
v 2.052628 0.723635 0.634764
v 2.001611 0.758072 0.751392
v 2.013264 0.726545 0.867540
v 1.949966 0.799918 0.672957
v 2.149241 0.530990 0.106128
v 2.165444 0.569622 0.322343
v 2.154146 0.555100 0.952244
v 2.094342 0.609208 0.219851
v 2.136389 0.642671 0.634220
v 2.175961 0.592910 0.745990
v 2.121925 0.627680 0.864400
v 2.072195 0.693846 0.504633
v 2.074136 0.697791 0.775060
v 2.287008 0.361151 0.871437
v 2.249143 0.383475 0.066849
v 2.261100 0.416073 0.178738
v 2.272376 0.429110 0.307178
v 2.274900 0.445716 0.610890
v 2.257348 0.466577 0.742148
v 2.210409 0.474858 0.136079
v 2.225613 0.497292 0.306745
v 2.231418 0.515034 0.521198
v 2.210868 0.552483 0.643769
v 2.210992 0.509683 0.862631
v 2.171051 0.595687 0.514205
v 2.176785 0.575244 0.822957
v 2.380579 0.056437 0.059483
v 2.377361 0.067845 0.174270
v 2.373792 0.060089 0.287782
v 2.366355 0.036846 0.470453
v 2.359526 0.064460 0.720469
v 2.342773 0.057696 0.857474
v 2.331485 0.174099 0.054350
v 2.347380 0.172025 0.173617
v 2.362792 0.122450 0.299063
v 2.353746 0.178263 0.621915
v 2.348925 0.169537 0.747311
v 2.334014 0.169877 0.859464
v 2.296622 0.325241 0.121650
v 2.330262 0.263413 0.215943
v 2.337019 0.274481 0.441699
v 2.335328 0.269026 0.712401
v 2.308876 0.272645 0.902289
v 2.303826 0.352968 0.233025
v 2.310243 0.364369 0.442362
v 2.310083 0.360734 0.699336
v 2.300116 0.351449 0.823370
v 1.955981 0.056052 1.447941
v 1.852742 0.056400 1.503692
v 1.920862 0.166609 1.457442
v 1.848115 0.158997 1.498057
v 1.842760 0.261624 1.480135
v 1.900809 0.419513 1.379546
v 1.959570 0.575055 1.211515
v 1.893045 0.515332 1.317519
v 1.852888 0.466230 1.377736
v 1.914122 0.694099 1.101142
v 1.894234 0.628847 1.206451
v 1.857844 0.587588 1.277479
v 1.897060 0.765124 0.978223
v 1.855175 0.690186 1.158471
v 2.043071 0.256400 1.349769
v 2.004822 0.166659 1.403003
v 1.968432 0.310679 1.388630
v 2.064352 0.462005 1.209627
v 2.006490 0.394838 1.314565
v 2.051033 0.556194 1.130519
v 2.015280 0.520381 1.210327
v 1.974373 0.479659 1.283951
v 2.010253 0.627888 1.088553
v 1.973960 0.704973 1.007608
v 2.141928 0.054843 1.284610
v 2.187452 0.168552 1.208881
v 2.066466 0.150170 1.358426
v 2.101631 0.280737 1.280347
v 2.178671 0.400707 1.102908
v 2.116187 0.391897 1.199494
v 2.074734 0.356192 1.271901
v 2.118320 0.511757 1.085308
v 2.091822 0.600580 1.006113
v 2.232355 0.057792 1.156350
v 2.280452 0.177698 1.045220
v 2.274268 0.296598 0.985818
v 2.200307 0.287277 1.145085
v 2.237868 0.394685 0.975926
v 2.173134 0.353044 1.148088
v 2.186689 0.475084 1.004479
v 2.321041 0.055979 0.956751
v 2.295514 0.086533 1.035716
v 2.311252 0.165544 0.964049
vt 0.060492 0.516174
vt 0.067300 0.504328
vt 0.062374 0.508709
vt 0.069950 0.528340
vt 0.062933 0.530289
vt 0.076747 0.517844
vt 0.071340 0.521229
vt 0.079896 0.495628
vt 0.077750 0.506596
vt 0.065179 0.544280
vt 0.079957 0.530153
vt 0.082716 0.509803
vt 0.077164 0.549955
vt 0.068216 0.547124
vt 0.088383 0.530432
vt 0.075638 0.540730
vt 0.085026 0.523101
vt 0.095719 0.505349
vt 0.091713 0.508841
vt 0.073385 0.568143
vt 0.086785 0.550977
vt 0.069651 0.561659
vt 0.083200 0.544305
vt 0.099996 0.517711
vt 0.093405 0.521931
vt 0.083350 0.569792
vt 0.080213 0.564044
vt 0.095404 0.536530
vt 0.093560 0.545397
vt 0.099817 0.529104
vt 0.110087 0.501269
vt 0.104159 0.507448
vt 0.051438 0.500969
vt 0.045956 0.502766
vt 0.038809 0.501367
vt 0.023950 0.499877
vt 0.011433 0.507720
vt 0.004434 0.506240
vt 0.044223 0.528499
vt 0.009883 0.532970
vt 0.003677 0.532573
vt 0.053681 0.517234
vt 0.047302 0.521132
vt 0.040243 0.521918
vt 0.027262 0.518781
vt 0.018819 0.522030
vt 0.011090 0.521718
vt 0.003804 0.521705
vt 0.039263 0.509495
vt 0.022931 0.506768
vt 0.021468 0.546427
vt 0.011158 0.548368
vt 0.003820 0.549470
vt 0.056198 0.532740
vt 0.049660 0.537150
vt 0.029755 0.536851
vt 0.019556 0.538634
vt 0.011357 0.540648
vt 0.003789 0.541700
vt 0.053705 0.525733
vt 0.028230 0.528770
vt 0.021895 0.529767
vt 0.059011 0.546734
vt 0.051567 0.550825
vt 0.044007 0.555403
vt 0.030247 0.552427
vt 0.020381 0.552592
vt 0.012055 0.555377
vt 0.003921 0.559176
vt 0.042868 0.543454
vt 0.029491 0.544738
vt 0.060966 0.562546
vt 0.054916 0.564362
vt 0.046226 0.566855
vt 0.021525 0.573105
vt 0.005924 0.569386
vt 0.037517 0.563346
vt 0.029183 0.561883
vt 0.018418 0.563898
vt 0.064203 0.568386
vt 0.058529 0.575960
vt 0.048887 0.573516
vt 0.031481 0.573241
vt 0.067712 0.575895
vt 0.051517 0.582373
vt 0.026307 0.581797
vt 0.078995 0.577548
vt 0.102719 0.551600
vt 0.094832 0.555228
vt 0.089622 0.564336
vt 0.109113 0.534438
vt 0.101188 0.540601
vt 0.106552 0.524497
vt 0.109590 0.512407
vt 0.090009 0.576254
vt 0.083461 0.583460
vt 0.097044 0.565645
vt 0.107233 0.543865
vt 0.114357 0.519452
vt 0.117476 0.503235
vt 0.095242 0.580270
vt 0.088534 0.588154
vt 0.110886 0.551416
vt 0.102719 0.568550
vt 0.117133 0.531625
vt 0.123163 0.503594
vt 0.121180 0.515220
vt 0.100569 0.583336
vt 0.097499 0.592002
vt 0.116190 0.557118
vt 0.108077 0.571139
vt 0.122786 0.537839
vt 0.118394 0.547226
vt 0.125985 0.519265
vt 0.128810 0.503063
vt 0.107129 0.585872
vt 0.115240 0.570029
vt 0.124378 0.547366
vt 0.125433 0.556737
vt 0.129686 0.527913
vt 0.131962 0.536381
vt 0.136265 0.500831
vt 0.132540 0.513534
vt 0.107515 0.596380
vt 0.123271 0.566180
vt 0.115996 0.579032
vt 0.115738 0.588689
vt 0.129987 0.546140
vt 0.137509 0.522580
vt 0.140034 0.500969
vt 0.126612 0.576062
vt 0.135695 0.541970
vt 0.132807 0.558766
vt 0.139220 0.531005
vt 0.144372 0.510637
vt 0.126160 0.586781
vt 0.136091 0.561476
vt 0.143732 0.534862
vt 0.147084 0.506409
vt 0.063069 0.593813
vt 0.059109 0.595622
vt 0.071428 0.583586
vt 0.035744 0.588891
vt 0.025917 0.596238
vt 0.005734 0.583094
vt 0.072237 0.595654
vt 0.066719 0.595688
vt 0.054941 0.600948
vt 0.004495 0.609200
vt 0.038357 0.600455
vt 0.075700 0.598526
vt 0.070509 0.603770
vt 0.061804 0.606913
vt 0.018386 0.632552
vt 0.075433 0.604029
vt 0.050029 0.606015
vt 0.030686 0.610726
vt 0.043219 0.618935
vt 0.007056 0.643474
vt 0.089823 0.599438
vt 0.067311 0.610785
vt 0.056094 0.612394
vt 0.082047 0.609349
vt 0.062847 0.619054
vt 0.058586 0.643383
vt 0.044157 0.676845
vt 0.097928 0.603727
vt 0.079741 0.620008
vt 0.058756 0.628695
vt 0.106422 0.604757
vt 0.095247 0.618587
vt 0.074705 0.634487
vt 0.080898 0.654869
vt 0.061685 0.668180
vt 0.016830 0.709512
vt 0.112705 0.614277
vt 0.103098 0.628091
vt 0.089800 0.642531
vt 0.119196 0.601626
vt 0.198410 0.736407
vt 0.219437 0.727945
vt 0.221762 0.748342
vt 0.253951 0.766724
vt 0.254114 0.714647
vt 0.241371 0.728457
vt 0.238784 0.764071
vt 0.169071 0.745001
vt 0.159264 0.754285
vt 0.144913 0.769687
vt 0.135499 0.792999
vt 0.119954 0.804665
vt 0.187491 0.749937
vt 0.174020 0.771748
vt 0.161990 0.791439
vt 0.155488 0.817991
vt 0.120689 0.819147
vt 0.115702 0.860765
vt 0.093552 0.861925
vt 0.198968 0.796045
vt 0.189992 0.813210
vt 0.183571 0.837529
vt 0.174557 0.860031
vt 0.153260 0.852648
vt 0.098004 0.884072
vt 0.231733 0.781649
vt 0.215834 0.799964
vt 0.211693 0.824177
vt 0.204709 0.847889
vt 0.193283 0.870968
vt 0.183708 0.890147
vt 0.214567 0.777508
vt 0.110150 0.916970
vt 0.101315 0.936440
vt 0.238209 0.804920
vt 0.236543 0.829607
vt 0.234108 0.854768
vt 0.230774 0.879044
vt 0.228657 0.900222
vt 0.212035 0.928834
vt 0.170273 0.960875
vt 0.134446 0.615579
vt 0.133890 0.597719
vt 0.143714 0.565586
vt 0.139073 0.580178
vt 0.151025 0.534152
vt 0.147381 0.549599
vt 0.151984 0.510007
vt 0.154428 0.513000
vt 0.146520 0.641401
vt 0.154608 0.612199
vt 0.145227 0.625984
vt 0.159184 0.589251
vt 0.145033 0.600403
vt 0.161694 0.558803
vt 0.153831 0.571904
vt 0.145963 0.583554
vt 0.160037 0.538922
vt 0.153635 0.552600
vt 0.162763 0.512289
vt 0.170417 0.667349
vt 0.166832 0.683121
vt 0.182372 0.640565
vt 0.168375 0.650173
vt 0.182566 0.616848
vt 0.187395 0.589390
vt 0.163975 0.581072
vt 0.182081 0.562762
vt 0.170935 0.566391
vt 0.190386 0.534689
vt 0.171862 0.539385
vt 0.182049 0.521431
vt 0.174353 0.512138
vt 0.180061 0.701689
vt 0.183592 0.658554
vt 0.180574 0.675680
vt 0.193412 0.620820
vt 0.183270 0.599597
vt 0.199275 0.549167
vt 0.198566 0.564076
vt 0.182636 0.503953
vt 0.208240 0.688387
vt 0.192700 0.691316
vt 0.185295 0.726275
vt 0.211807 0.656034
vt 0.199988 0.668138
vt 0.200983 0.643771
vt 0.209809 0.593385
vt 0.209287 0.612871
vt 0.200704 0.589046
vt 0.206777 0.561572
vt 0.206568 0.536817
vt 0.201348 0.516394
vt 0.212678 0.509965
vt 0.206800 0.719943
vt 0.217912 0.674976
vt 0.226832 0.625706
vt 0.216833 0.636900
vt 0.219247 0.608047
vt 0.219673 0.584775
vt 0.226017 0.556748
vt 0.225569 0.539860
vt 0.239357 0.679749
vt 0.227463 0.692144
vt 0.229565 0.712345
vt 0.229158 0.664044
vt 0.233124 0.644873
vt 0.231267 0.607641
vt 0.240328 0.577431
vt 0.234615 0.586616
vt 0.233386 0.558404
vt 0.233115 0.536535
vt 0.228900 0.516861
vt 0.235832 0.516004
vt 0.242455 0.700137
vt 0.253139 0.646952
vt 0.243302 0.660541
vt 0.243607 0.632346
vt 0.252535 0.595032
vt 0.243837 0.607785
vt 0.244566 0.558832
vt 0.244560 0.536946
vt 0.245351 0.516270
vt 0.112020 0.657825
vt 0.099383 0.663462
vt 0.082224 0.676975
vt 0.045669 0.698164
vt 0.123783 0.623456
vt 0.112635 0.641543
vt 0.125505 0.607211
vt 0.157244 0.701260
vt 0.121818 0.668843
vt 0.115284 0.703622
vt 0.103075 0.721924
vt 0.079893 0.733108
vt 0.139988 0.659993
vt 0.108065 0.682996
vt 0.092813 0.695688
vt 0.076288 0.708213
vt 0.057896 0.724583
vt 0.033473 0.727564
vt 0.132901 0.640548
vt 0.123174 0.650167
vt 0.147056 0.724575
vt 0.129835 0.737862
vt 0.120275 0.767426
vt 0.090049 0.753686
vt 0.068014 0.762550
vt 0.039967 0.775477
vt 0.037351 0.751364
vt 0.010926 0.766862
vt 0.164996 0.725000
vt 0.065323 0.777542
vt 0.045164 0.808073
vt 0.013594 0.803109
vt 0.097336 0.831592
vt 0.018773 0.844484
vt 0.005574 0.874163
vt 0.998560 0.497711
vt 0.996478 0.532350
vt 0.989740 0.531480
vt 0.984727 0.530065
vt 0.996641 0.520869
vt 0.989876 0.520410
vt 0.983536 0.522497
vt 0.989872 0.506993
vt 0.996204 0.549438
vt 0.988947 0.548128
vt 0.983248 0.545743
vt 0.996263 0.541598
vt 0.988865 0.540095
vt 0.981270 0.536223
vt 0.975568 0.532791
vt 0.979170 0.520980
vt 0.974648 0.521790
vt 0.974854 0.492203
vt 0.995877 0.559032
vt 0.988074 0.555083
vt 0.980187 0.551131
vt 0.973968 0.548590
vt 0.977456 0.542631
vt 0.971649 0.538405
vt 0.966200 0.534345
vt 0.966849 0.524320
vt 0.966075 0.493325
vt 0.996069 0.571940
vt 0.986465 0.567439
vt 0.980392 0.569615
vt 0.977574 0.564289
vt 0.969558 0.551764
vt 0.967935 0.544945
vt 0.962132 0.540024
vt 0.956636 0.535853
vt 0.960678 0.524282
vt 0.956013 0.525066
vt 0.959403 0.507977
vt 0.955786 0.514048
vt 0.985468 0.582483
vt 0.969571 0.573425
vt 0.967989 0.565932
vt 0.960552 0.556474
vt 0.953307 0.554897
vt 0.958142 0.546449
vt 0.952326 0.541171
vt 0.946768 0.536856
vt 0.951513 0.525457
vt 0.946802 0.526086
vt 0.951735 0.508870
vt 0.946864 0.514901
vt 0.994958 0.588057
vt 0.975045 0.586213
vt 0.960162 0.576539
vt 0.955612 0.570080
vt 0.946738 0.549524
vt 0.944892 0.501379
vt 0.964122 0.588005
vt 0.945650 0.563323
vt 0.939081 0.560396
vt 0.937491 0.545501
vt 0.931059 0.540105
vt 0.936557 0.528057
vt 0.930967 0.529231
vt 0.936127 0.510677
vt 0.930922 0.517752
vt 0.995062 0.608989
vt 0.950648 0.589657
vt 0.943689 0.585702
vt 0.938515 0.578090
vt 0.931018 0.554172
vt 0.930232 0.502575
vt 0.982304 0.613221
vt 0.970306 0.615274
vt 0.928885 0.569219
vt 0.916955 0.566655
vt 0.922040 0.549598
vt 0.920659 0.531145
vt 0.921746 0.512514
vt 0.993347 0.638150
vt 0.956203 0.620092
vt 0.933737 0.597950
vt 0.924250 0.594429
vt 0.919844 0.584867
vt 0.913082 0.551412
vt 0.913253 0.532468
vt 0.912961 0.514235
vt 0.977528 0.648869
vt 0.965053 0.639350
vt 0.937658 0.637811
vt 0.934082 0.626927
vt 0.905807 0.575313
vt 0.905353 0.562432
vt 0.905683 0.506463
vt 0.946252 0.649986
vt 0.921397 0.618881
vt 0.909558 0.608079
vt 0.906995 0.595063
vt 0.990520 0.676526
vt 0.952778 0.681497
vt 0.886960 0.614126
vt 0.883782 0.600690
vt 0.970367 0.689010
vt 0.902825 0.664472
vt 0.898294 0.649403
vt 0.881027 0.641559
vt 0.906468 0.545675
vt 0.906845 0.533408
vt 0.906585 0.521341
vt 0.894678 0.571777
vt 0.895082 0.556903
vt 0.892089 0.536275
vt 0.892618 0.514502
vt 0.872805 0.584795
vt 0.874441 0.559827
vt 0.866317 0.553048
vt 0.874175 0.539139
vt 0.866368 0.540014
vt 0.873387 0.518343
vt 0.866393 0.527436
vt 0.000346 0.743892
vt 0.925602 0.694983
vt 0.904435 0.689210
vt 0.969504 0.767045
vt 0.854542 0.636416
vt 0.852993 0.617646
vt 0.925388 0.789925
vt 0.858124 0.702929
vt 0.973626 0.798925
vt 0.864442 0.793167
vt 0.847661 0.688384
vt 0.836620 0.677045
vt 0.978031 0.839866
vt 0.932473 0.849092
vt 0.918564 0.827658
vt 0.820681 0.770402
vt 0.791448 0.665363
vt 0.969851 0.889547
vt 0.847511 0.860791
vt 0.783980 0.691351
vt 0.928939 0.921270
vt 0.834719 0.910032
vt 0.813816 0.835038
vt 0.772153 0.720082
vt 0.843143 0.953479
vt 0.779107 0.883120
vt 0.775525 0.759208
vt 0.857862 0.576479
vt 0.857224 0.558601
vt 0.855805 0.541840
vt 0.863151 0.511287
vt 0.854966 0.525121
vt 0.847241 0.598118
vt 0.844808 0.505816
vt 0.823020 0.593153
vt 0.836453 0.571109
vt 0.803091 0.640561
vt 0.822562 0.616924
vt 0.794960 0.574349
vt 0.822639 0.518868
vt 0.791589 0.548509
vt 0.795280 0.523124
vt 0.778387 0.623788
vt 0.785714 0.600518
vt 0.740996 0.648090
vt 0.750234 0.602979
vt 0.749442 0.577722
vt 0.751405 0.550384
vt 0.738076 0.523884
vt 0.056497 0.488625
vt 0.062414 0.476709
vt 0.057639 0.478861
vt 0.061791 0.465627
vt 0.056993 0.466324
vt 0.061721 0.454843
vt 0.056924 0.454162
vt 0.062030 0.444220
vt 0.058929 0.440630
vt 0.053889 0.431890
vt 0.071737 0.490280
vt 0.068786 0.494334
vt 0.059827 0.489839
vt 0.070816 0.478429
vt 0.069676 0.466318
vt 0.069526 0.454043
vt 0.070717 0.441434
vt 0.070658 0.431764
vt 0.068212 0.425969
vt 0.059241 0.426920
vt 0.062512 0.416336
vt 0.079118 0.478952
vt 0.082909 0.465233
vt 0.075961 0.466037
vt 0.082572 0.452225
vt 0.075948 0.452928
vt 0.079532 0.439303
vt 0.079722 0.430176
vt 0.077420 0.424520
vt 0.074115 0.415539
vt 0.070742 0.408881
vt 0.062339 0.407178
vt 0.065138 0.399204
vt 0.088982 0.490435
vt 0.088816 0.479017
vt 0.090448 0.465071
vt 0.090392 0.452290
vt 0.088739 0.438631
vt 0.084156 0.419969
vt 0.080425 0.407864
vt 0.077534 0.398623
vt 0.073956 0.392421
vt 0.065163 0.390363
vt 0.091701 0.494746
vt 0.098656 0.475871
vt 0.098905 0.463019
vt 0.099579 0.452791
vt 0.090886 0.434170
vt 0.091759 0.422143
vt 0.095108 0.411825
vt 0.088295 0.408616
vt 0.090188 0.395153
vt 0.082105 0.392574
vt 0.105348 0.489191
vt 0.102266 0.493290
vt 0.105836 0.477569
vt 0.102684 0.464021
vt 0.099780 0.438006
vt 0.105676 0.435083
vt 0.105103 0.425976
vt 0.099570 0.421843
vt 0.095340 0.399486
vt 0.089169 0.383879
vt 0.108627 0.462784
vt 0.108512 0.448466
vt 0.106388 0.413047
vt 0.101892 0.402845
vt 0.104706 0.390850
vt 0.096709 0.386318
vt 0.051643 0.491883
vt 0.045001 0.491275
vt 0.038351 0.491959
vt 0.022327 0.492078
vt 0.010744 0.491020
vt 0.004059 0.490568
vt 0.051332 0.479315
vt 0.044738 0.479193
vt 0.037821 0.478880
vt 0.024830 0.478712
vt 0.010654 0.478579
vt 0.003860 0.478251
vt 0.051039 0.466441
vt 0.044555 0.466216
vt 0.037943 0.465900
vt 0.029017 0.465464
vt 0.011589 0.466744
vt 0.003777 0.465219
vt 0.051017 0.453661
vt 0.044601 0.453009
vt 0.037545 0.452287
vt 0.024425 0.450366
vt 0.010683 0.452700
vt 0.003868 0.452642
vt 0.051235 0.441362
vt 0.044888 0.439873
vt 0.038376 0.439120
vt 0.031767 0.439033
vt 0.023659 0.436842
vt 0.010861 0.441419
vt 0.001297 0.442883
vt 0.045466 0.426804
vt 0.038868 0.425890
vt 0.031271 0.427558
vt 0.042651 0.418797
vt 0.054952 0.497924
vt 0.022692 0.426859
vt 0.016725 0.426972
vt 0.997429 0.437123
vt 0.051722 0.420711
vt 0.033770 0.418663
vt 0.016396 0.417948
vt 0.004384 0.423593
vt 0.055847 0.407345
vt 0.046565 0.412521
vt 0.039701 0.411738
vt 0.033262 0.409432
vt 0.025951 0.406234
vt 0.052400 0.402419
vt 0.047809 0.400180
vt 0.040906 0.397047
vt 0.032449 0.399072
vt 0.012950 0.411397
vt 0.006386 0.407621
vt 0.021514 0.402087
vt 0.013619 0.398926
vt 0.058087 0.390496
vt 0.035382 0.383417
vt 0.027569 0.391061
vt 0.998321 0.402971
vt 0.009054 0.394600
vt 0.005901 0.394195
vt 0.023807 0.385162
vt 0.022089 0.376139
vt 0.000090 0.384548
vt 0.020822 0.368488
vt 0.014776 0.369114
vt 0.006734 0.380712
vt 0.012113 0.362120
vt 0.006198 0.365181
vt 0.004031 0.356431
vt 0.068243 0.383004
vt 0.083189 0.380190
vt 0.075143 0.379437
vt 0.070536 0.368480
vt 0.064467 0.362323
vt 0.081057 0.368041
vt 0.080866 0.360125
vt 0.074704 0.356731
vt 0.098605 0.372731
vt 0.089930 0.370067
vt 0.090745 0.357308
vt 0.051614 0.383609
vt 0.042326 0.378008
vt 0.030810 0.382179
vt 0.060092 0.374459
vt 0.052772 0.368400
vt 0.036266 0.372504
vt 0.029127 0.374706
vt 0.048571 0.365430
vt 0.038369 0.364062
vt 0.030782 0.357273
vt 0.053884 0.360571
vt 0.045717 0.358406
vt 0.039157 0.350083
vt 0.026264 0.352369
vt 0.019926 0.350613
vt 0.064363 0.353180
vt 0.057319 0.345931
vt 0.049247 0.342706
vt 0.032793 0.345735
vt 0.014205 0.346500
vt 0.068097 0.337093
vt 0.044160 0.329605
vt 0.038279 0.328049
vt 0.024557 0.338709
vt 0.018907 0.333265
vt 0.060178 0.333093
vt 0.052455 0.330602
vt 0.113236 0.490355
vt 0.114238 0.476368
vt 0.114640 0.461578
vt 0.114440 0.446621
vt 0.113625 0.431907
vt 0.112020 0.417455
vt 0.115225 0.405725
vt 0.108745 0.400798
vt 0.102807 0.380141
vt 0.119006 0.490365
vt 0.120133 0.475722
vt 0.120631 0.460322
vt 0.120407 0.444809
vt 0.119501 0.429642
vt 0.118115 0.415667
vt 0.113168 0.388884
vt 0.108474 0.374663
vt 0.124781 0.490103
vt 0.125956 0.474878
vt 0.126480 0.458914
vt 0.126249 0.442857
vt 0.125299 0.427212
vt 0.123812 0.412953
vt 0.122062 0.401042
vt 0.119890 0.390457
vt 0.115522 0.374362
vt 0.130456 0.489341
vt 0.131638 0.473746
vt 0.132161 0.457281
vt 0.131920 0.440665
vt 0.130925 0.424484
vt 0.129287 0.409810
vt 0.129177 0.396851
vt 0.123983 0.380073
vt 0.119832 0.365263
vt 0.135878 0.488192
vt 0.137071 0.472329
vt 0.137600 0.455432
vt 0.137361 0.438284
vt 0.136352 0.421418
vt 0.136584 0.404599
vt 0.133440 0.392059
vt 0.129965 0.371427
vt 0.125465 0.361505
vt 0.140928 0.487436
vt 0.142007 0.470723
vt 0.142552 0.453519
vt 0.142365 0.436112
vt 0.142846 0.415386
vt 0.140087 0.396600
vt 0.138723 0.378994
vt 0.136722 0.369224
vt 0.131538 0.358296
vt 0.132441 0.343784
vt 0.144826 0.484797
vt 0.146735 0.469816
vt 0.146673 0.451695
vt 0.151798 0.448336
vt 0.146418 0.434891
vt 0.151987 0.429438
vt 0.145564 0.418519
vt 0.147088 0.391415
vt 0.143688 0.376018
vt 0.138869 0.354191
vt 0.150215 0.487307
vt 0.155772 0.486696
vt 0.154301 0.468754
vt 0.152977 0.404989
vt 0.149445 0.383661
vt 0.145711 0.360704
vt 0.140754 0.340677
vt 0.134126 0.319750
vt 0.002140 0.316455
vt 0.998126 0.305532
vt 0.002936 0.295052
vt 0.026484 0.276261
vt 0.009118 0.286523
vt 0.042116 0.265610
vt 0.035060 0.269259
vt 0.095777 0.362946
vt 0.083897 0.343827
vt 0.103424 0.361291
vt 0.096970 0.348406
vt 0.089289 0.336715
vt 0.083873 0.322770
vt 0.108899 0.355269
vt 0.100797 0.338894
vt 0.091584 0.326069
vt 0.114941 0.350926
vt 0.109019 0.334534
vt 0.099828 0.323477
vt 0.091983 0.310000
vt 0.123368 0.349500
vt 0.117379 0.338608
vt 0.117674 0.326017
vt 0.109157 0.322952
vt 0.097755 0.306015
vt 0.124698 0.337926
vt 0.115470 0.313817
vt 0.106558 0.306009
vt 0.130993 0.331348
vt 0.122071 0.314610
vt 0.114835 0.300150
vt 0.129336 0.320047
vt 0.126608 0.304583
vt 0.008421 0.341197
vt 0.076149 0.333491
vt 0.028372 0.325092
vt 0.071124 0.330494
vt 0.065586 0.321048
vt 0.054957 0.322552
vt 0.048005 0.316315
vt 0.039783 0.320626
vt 0.016586 0.321948
vt 0.002280 0.335817
vt 0.030661 0.313904
vt 0.074826 0.321877
vt 0.058006 0.313598
vt 0.041191 0.311467
vt 0.010263 0.317972
vt 0.036053 0.302800
vt 0.023488 0.307910
vt 0.079229 0.313783
vt 0.071018 0.308477
vt 0.061717 0.304392
vt 0.052270 0.302117
vt 0.044974 0.297334
vt 0.019274 0.301180
vt 0.035661 0.293827
vt 0.083988 0.306295
vt 0.077671 0.296745
vt 0.068615 0.291326
vt 0.056084 0.293002
vt 0.014916 0.296318
vt 0.059234 0.282212
vt 0.050966 0.284405
vt 0.035077 0.285677
vt 0.025559 0.290009
vt 0.089320 0.299978
vt 0.029601 0.280356
vt 0.014665 0.288562
vt 0.092181 0.294572
vt 0.085470 0.287935
vt 0.081537 0.275808
vt 0.065185 0.279365
vt 0.051437 0.275141
vt 0.040698 0.273865
vt 0.074890 0.283017
vt 0.046173 0.267652
vt 0.108196 0.290812
vt 0.094523 0.282078
vt 0.070148 0.270161
vt 0.056797 0.268125
vt 0.119631 0.291409
vt 0.102866 0.279627
vt 0.096798 0.269000
vt 0.075110 0.265132
vt 0.062816 0.263710
vt 0.051228 0.262268
vt 0.088640 0.271584
vt 0.157895 0.495201
vt 0.156309 0.459398
vt 0.156819 0.442871
vt 0.156400 0.424010
vt 0.155161 0.411630
vt 0.157503 0.397844
vt 0.156969 0.387086
vt 0.153741 0.375864
vt 0.149250 0.366375
vt 0.149712 0.351897
vt 0.146886 0.337520
vt 0.143219 0.329051
vt 0.134159 0.311244
vt 0.160252 0.477885
vt 0.163605 0.486043
vt 0.161189 0.460812
vt 0.165434 0.459851
vt 0.161523 0.439490
vt 0.165245 0.425647
vt 0.163221 0.410574
vt 0.163118 0.393032
vt 0.160730 0.379595
vt 0.155565 0.368139
vt 0.158502 0.358890
vt 0.155895 0.343821
vt 0.142328 0.320104
vt 0.173362 0.484578
vt 0.173380 0.455465
vt 0.175368 0.441254
vt 0.169243 0.432764
vt 0.173453 0.424677
vt 0.166852 0.414071
vt 0.169023 0.398655
vt 0.169548 0.380833
vt 0.162956 0.374889
vt 0.164129 0.361390
vt 0.183612 0.483276
vt 0.202872 0.459302
vt 0.185474 0.456032
vt 0.180590 0.441206
vt 0.190404 0.429037
vt 0.182179 0.424112
vt 0.179776 0.399710
vt 0.173869 0.361321
vt 0.209484 0.490603
vt 0.205724 0.441107
vt 0.215254 0.404675
vt 0.193494 0.394432
vt 0.185869 0.378643
vt 0.196859 0.374605
vt 0.188126 0.359740
vt 0.218729 0.488633
vt 0.218319 0.471274
vt 0.220323 0.457501
vt 0.215749 0.427055
vt 0.226345 0.416199
vt 0.216290 0.387421
vt 0.204995 0.345936
vt 0.219554 0.326442
vt 0.236872 0.498857
vt 0.231404 0.464005
vt 0.232799 0.443729
vt 0.228768 0.397207
vt 0.227146 0.374326
vt 0.228001 0.342278
vt 0.245682 0.498739
vt 0.244831 0.471996
vt 0.243880 0.440650
vt 0.243665 0.402878
vt 0.242167 0.365479
vt 0.253571 0.339740
vt 0.240632 0.325198
vt 0.021192 0.279617
vt 0.009309 0.286161
vt 0.052633 0.262565
vt 0.006527 0.287773
vt 0.125974 0.292670
vt 0.092077 0.263720
vt 0.070532 0.259882
vt 0.011997 0.287752
vt 0.076195 0.262250
vt 0.052688 0.277843
vt 0.033921 0.277579
vt 0.134716 0.302885
vt 0.123697 0.286442
vt 0.108499 0.272136
vt 0.095316 0.266251
vt 0.062939 0.262272
vt 0.041967 0.280026
vt 0.986671 0.298145
vt 0.156799 0.331109
vt 0.100090 0.276773
vt 0.069049 0.276749
vt 0.041991 0.281840
vt 0.988841 0.299701
vt 0.151788 0.328304
vt 0.141024 0.308152
vt 0.127999 0.292849
vt 0.112306 0.281952
vt 0.092493 0.275108
vt 0.066341 0.268909
vt 0.998936 0.276946
vt 0.165493 0.338529
vt 0.158362 0.317988
vt 0.146144 0.300189
vt 0.129590 0.284665
vt 0.105813 0.273433
vt 0.079092 0.269429
vt 0.148440 0.314121
vt 0.136723 0.298929
vt 0.121388 0.286224
vt 0.074128 0.253225
vt 0.006145 0.240707
vt 0.179929 0.335816
vt 0.172221 0.312983
vt 0.159839 0.294587
vt 0.144005 0.275315
vt 0.127232 0.255549
vt 0.096001 0.242125
vt 0.045666 0.201683
vt 0.195080 0.323113
vt 0.185626 0.303676
vt 0.208022 0.254129
vt 0.198612 0.228874
vt 0.185664 0.198379
vt 0.165011 0.171520
vt 0.988914 0.097823
vt 0.157466 0.145100
vt 0.058917 0.109644
vt 0.220215 0.305145
vt 0.214664 0.281738
vt 0.211115 0.116029
vt 0.054081 0.036325
vt 0.239656 0.300127
vt 0.237881 0.273584
vt 0.235712 0.244957
vt 0.232655 0.214579
vt 0.228182 0.182331
vt 0.222292 0.148686
vt 0.113471 0.280008
vt 0.084482 0.262758
vt 0.112024 0.275077
vt 0.992097 0.485819
vt 0.997486 0.477904
vt 0.991455 0.476718
vt 0.997344 0.464940
vt 0.991970 0.465282
vt 0.997141 0.451854
vt 0.992396 0.455488
vt 0.983315 0.480176
vt 0.977257 0.473279
vt 0.985404 0.464527
vt 0.977380 0.463444
vt 0.993954 0.445419
vt 0.988870 0.450402
vt 0.982237 0.450179
vt 0.977767 0.453875
vt 0.986544 0.439120
vt 0.978426 0.494139
vt 0.973402 0.478034
vt 0.968838 0.472270
vt 0.969447 0.462039
vt 0.979135 0.443679
vt 0.974225 0.448397
vt 0.969687 0.452200
vt 0.994755 0.428102
vt 0.988233 0.429630
vt 0.981424 0.433113
vt 0.975881 0.437006
vt 0.996085 0.419336
vt 0.986087 0.422630
vt 0.969754 0.494241
vt 0.962928 0.461166
vt 0.970849 0.441530
vt 0.966590 0.446537
vt 0.978078 0.426570
vt 0.972474 0.430261
vt 0.966482 0.432842
vt 0.987175 0.408908
vt 0.980695 0.417323
vt 0.973698 0.416908
vt 0.959736 0.491289
vt 0.957395 0.473250
vt 0.956094 0.457943
vt 0.957551 0.445487
vt 0.967412 0.420172
vt 0.981112 0.403920
vt 0.995555 0.391374
vt 0.953400 0.491233
vt 0.947499 0.479814
vt 0.958086 0.435504
vt 0.953824 0.441370
vt 0.960078 0.422844
vt 0.953687 0.427076
vt 0.975464 0.397743
vt 0.968407 0.407769
vt 0.961286 0.407848
vt 0.996636 0.377751
vt 0.987035 0.387646
vt 0.946025 0.489284
vt 0.943279 0.466558
vt 0.943566 0.454014
vt 0.944216 0.443602
vt 0.955874 0.415048
vt 0.971442 0.391311
vt 0.966743 0.396935
vt 0.988442 0.374040
vt 0.995578 0.366695
vt 0.939152 0.491009
vt 0.940178 0.471866
vt 0.944076 0.430499
vt 0.939343 0.439662
vt 0.951234 0.406746
vt 0.947881 0.418098
vt 0.966541 0.385473
vt 0.956614 0.399098
vt 0.986046 0.365498
vt 0.995831 0.352673
vt 0.933019 0.488693
vt 0.934858 0.470239
vt 0.935961 0.452641
vt 0.940320 0.424028
vt 0.944693 0.409754
vt 0.958819 0.383298
vt 0.951996 0.393821
vt 0.945341 0.396315
vt 0.984097 0.356963
vt 0.965773 0.374889
vt 0.994008 0.345794
vt 0.926481 0.488481
vt 0.915781 0.500517
vt 0.929065 0.467172
vt 0.936240 0.419567
vt 0.933433 0.433861
vt 0.940326 0.405560
vt 0.952136 0.381241
vt 0.983394 0.347508
vt 0.963380 0.366620
vt 0.993428 0.336418
vt 0.920756 0.482816
vt 0.924455 0.464467
vt 0.927326 0.446558
vt 0.932284 0.416426
vt 0.927928 0.430798
vt 0.938249 0.385140
vt 0.937091 0.399271
vt 0.956223 0.364243
vt 0.942573 0.387473
vt 0.981046 0.339891
vt 0.994322 0.325512
vt 0.914523 0.478982
vt 0.909716 0.494269
vt 0.920008 0.455071
vt 0.921061 0.428910
vt 0.923934 0.442552
vt 0.926536 0.412361
vt 0.932584 0.398245
vt 0.951195 0.360586
vt 0.943560 0.372237
vt 0.989653 0.321952
vt 0.978794 0.332049
vt 0.959683 0.349050
vt 0.907475 0.477583
vt 0.892810 0.500214
vt 0.915770 0.447122
vt 0.911829 0.462317
vt 0.934818 0.379277
vt 0.928238 0.393034
vt 0.959831 0.335354
vt 0.950406 0.351690
vt 0.940459 0.364764
vt 0.983479 0.319128
vt 0.959186 0.342528
vt 0.901712 0.475339
vt 0.890628 0.484226
vt 0.910301 0.445291
vt 0.899462 0.467891
vt 0.916542 0.426059
vt 0.937811 0.356315
vt 0.932001 0.373420
vt 0.962484 0.327585
vt 0.944766 0.348242
vt 0.992235 0.304896
vt 0.903954 0.441541
vt 0.896045 0.457768
vt 0.885957 0.469749
vt 0.917466 0.401027
vt 0.912405 0.420772
vt 0.923732 0.383212
vt 0.919480 0.405261
vt 0.947734 0.335399
vt 0.991805 0.299029
vt 0.974693 0.311752
vt 0.954791 0.328230
vt 0.873988 0.497313
vt 0.873094 0.480237
vt 0.895316 0.438457
vt 0.886796 0.453462
vt 0.920151 0.384073
vt 0.913590 0.400928
vt 0.904210 0.421042
vt 0.931274 0.361395
vt 0.933079 0.359757
vt 0.967793 0.312059
vt 0.853572 0.476068
vt 0.884289 0.434062
vt 0.860437 0.460857
vt 0.924535 0.365616
vt 0.904712 0.400279
vt 0.893850 0.418470
vt 0.961715 0.318226
vt 0.944235 0.339561
vt 0.979020 0.303337
vt 0.872020 0.444424
vt 0.834608 0.436273
vt 0.937488 0.337073
vt 0.906606 0.375277
vt 0.880570 0.412465
vt 0.955937 0.321092
vt 0.940589 0.340996
vt 0.848231 0.421774
vt 0.934729 0.327753
vt 0.921302 0.331747
vt 0.894236 0.359730
vt 0.869097 0.395723
vt 0.946734 0.305500
vt 0.814660 0.467178
vt 0.875196 0.337754
vt 0.851748 0.377798
vt 0.918726 0.283267
vt 0.827019 0.400162
vt 0.808727 0.417622
vt 0.816583 0.305632
vt 0.939704 0.121810
vt 0.853727 0.280785
vt 0.797862 0.445487
vt 0.788067 0.336628
vt 0.819373 0.252197
vt 0.759450 0.399833
vt 0.766902 0.352222
vt 0.824687 0.075855
vt 0.774397 0.235305
vt 0.768854 0.304046
vt 0.744379 0.328355
vt 0.843399 0.491126
vt 0.810045 0.501650
vt 0.805705 0.480526
vt 0.762096 0.500243
vt 0.767526 0.458745
vt 0.767341 0.479940
vt 0.258700 0.740767
vt 0.277235 0.765385
vt 0.276684 0.711351
vt 0.274486 0.736559
vt 0.292031 0.759263
vt 0.289929 0.723078
vt 0.308411 0.725752
vt 0.331624 0.736324
vt 0.260830 0.784714
vt 0.262093 0.806361
vt 0.264388 0.830606
vt 0.267613 0.855694
vt 0.272045 0.879928
vt 0.277854 0.901404
vt 0.293309 0.929998
vt 0.344351 0.965564
vt 0.280783 0.782249
vt 0.285248 0.803026
vt 0.291517 0.826023
vt 0.299978 0.849695
vt 0.311075 0.872273
vt 0.322400 0.891614
vt 0.355480 0.914455
vt 0.423933 0.935528
vt 0.300327 0.769294
vt 0.305554 0.795925
vt 0.314759 0.817074
vt 0.326773 0.838438
vt 0.343520 0.858510
vt 0.354480 0.872076
vt 0.389482 0.887556
vt 0.443767 0.904098
vt 0.312696 0.769272
vt 0.321603 0.787923
vt 0.332528 0.806113
vt 0.344985 0.824877
vt 0.362440 0.843228
vt 0.339958 0.769344
vt 0.353070 0.786807
vt 0.369098 0.802713
vt 0.398813 0.850545
vt 0.440327 0.870879
vt 0.391464 0.811601
vt 0.423472 0.822026
vt 0.435627 0.835474
vt 0.346001 0.730636
vt 0.356930 0.748369
vt 0.373235 0.755277
vt 0.384888 0.777449
vt 0.402534 0.789284
vt 0.418585 0.799570
vt 0.257438 0.673908
vt 0.257586 0.698242
vt 0.256913 0.622937
vt 0.256421 0.579384
vt 0.256143 0.558681
vt 0.256058 0.536792
vt 0.256221 0.515929
vt 0.270956 0.682868
vt 0.269367 0.649254
vt 0.268811 0.629157
vt 0.266848 0.596373
vt 0.268164 0.580567
vt 0.277803 0.590942
vt 0.267586 0.558495
vt 0.267410 0.536716
vt 0.267397 0.515973
vt 0.280299 0.677601
vt 0.287010 0.692683
vt 0.302519 0.708114
vt 0.281475 0.644223
vt 0.283810 0.659902
vt 0.296646 0.672966
vt 0.285572 0.628614
vt 0.281253 0.608820
vt 0.278464 0.574849
vt 0.277803 0.556779
vt 0.277756 0.536564
vt 0.280904 0.512387
vt 0.306541 0.685447
vt 0.322749 0.718078
vt 0.302035 0.653904
vt 0.297320 0.626051
vt 0.298715 0.605920
vt 0.286249 0.573018
vt 0.286196 0.556207
vt 0.301511 0.558405
vt 0.286250 0.537665
vt 0.300513 0.537170
vt 0.286613 0.518185
vt 0.320271 0.685388
vt 0.314015 0.664274
vt 0.314907 0.632564
vt 0.309234 0.602406
vt 0.304674 0.581862
vt 0.305073 0.512376
vt 0.312649 0.493843
vt 0.331506 0.687758
vt 0.341215 0.690723
vt 0.320795 0.650744
vt 0.333482 0.669397
vt 0.326898 0.638334
vt 0.335150 0.650008
vt 0.325831 0.611085
vt 0.314042 0.579116
vt 0.314726 0.559161
vt 0.314868 0.535994
vt 0.314392 0.515845
vt 0.356064 0.698315
vt 0.348819 0.657011
vt 0.356267 0.668352
vt 0.341237 0.626848
vt 0.346061 0.641183
vt 0.329442 0.600447
vt 0.339677 0.609965
vt 0.330779 0.585756
vt 0.332411 0.562115
vt 0.333007 0.538418
vt 0.330646 0.512981
vt 0.373958 0.629721
vt 0.364312 0.602537
vt 0.367151 0.619073
vt 0.347669 0.584882
vt 0.358383 0.588038
vt 0.357017 0.562379
vt 0.359204 0.538914
vt 0.356477 0.516383
vt 0.449314 0.842535
vt 0.502236 0.821357
vt 0.337760 0.725189
vt 0.368120 0.724209
vt 0.396322 0.750720
vt 0.456541 0.763994
vt 0.483680 0.772577
vt 0.511582 0.759202
vt 0.386294 0.721038
vt 0.416100 0.751302
vt 0.443106 0.744239
vt 0.367840 0.680547
vt 0.378150 0.698846
vt 0.414364 0.701977
vt 0.422845 0.732054
vt 0.462305 0.742919
vt 0.486002 0.733520
vt 0.390336 0.669167
vt 0.402256 0.677242
vt 0.428048 0.710767
vt 0.455951 0.723941
vt 0.383817 0.641735
vt 0.417490 0.681290
vt 0.433281 0.690216
vt 0.463052 0.706365
vt 0.489981 0.708953
vt 0.376218 0.609100
vt 0.366740 0.579418
vt 0.376197 0.588176
vt 0.366294 0.560966
vt 0.375586 0.561797
vt 0.375251 0.538279
vt 0.366028 0.516767
vt 0.375514 0.515342
vt 0.389217 0.576954
vt 0.385476 0.558917
vt 0.384660 0.537288
vt 0.385424 0.516245
vt 0.395147 0.557028
vt 0.393761 0.535923
vt 0.395099 0.515209
vt 0.406647 0.545643
vt 0.407023 0.533347
vt 0.406772 0.521423
vt 0.395124 0.646577
vt 0.407564 0.654697
vt 0.423136 0.659470
vt 0.438753 0.670175
vt 0.454879 0.678233
vt 0.472247 0.684557
vt 0.490757 0.687273
vt 0.386193 0.619435
vt 0.399074 0.629620
vt 0.414215 0.641138
vt 0.385463 0.600452
vt 0.432594 0.644506
vt 0.444942 0.653587
vt 0.472332 0.667871
vt 0.491688 0.670236
vt 0.395301 0.608892
vt 0.405499 0.613892
vt 0.416369 0.626234
vt 0.394450 0.593652
vt 0.402851 0.598209
vt 0.438097 0.628099
vt 0.449170 0.638867
vt 0.463028 0.647044
vt 0.478327 0.650924
vt 0.500110 0.658708
vt 0.414407 0.604259
vt 0.423812 0.616147
vt 0.401591 0.580307
vt 0.406076 0.561263
vt 0.406180 0.508045
vt 0.497204 0.648280
vt 0.454678 0.627539
vt 0.466729 0.636896
vt 0.436291 0.607866
vt 0.445157 0.616118
vt 0.414096 0.570208
vt 0.418693 0.584888
vt 0.504335 0.641910
vt 0.472599 0.632803
vt 0.432567 0.586400
vt 0.433988 0.592372
vt 0.413082 0.551401
vt 0.413271 0.532440
vt 0.413026 0.514337
vt 0.496318 0.632039
vt 0.462769 0.610736
vt 0.476622 0.623123
vt 0.447887 0.598492
vt 0.422475 0.562627
vt 0.434532 0.564670
vt 0.443016 0.575142
vt 0.422029 0.549580
vt 0.430937 0.554384
vt 0.420673 0.531086
vt 0.421763 0.512577
vt 0.430819 0.502532
vt 0.498382 0.624257
vt 0.464996 0.603791
vt 0.477806 0.614416
vt 0.451590 0.580554
vt 0.451854 0.590875
vt 0.430982 0.540319
vt 0.430965 0.529141
vt 0.430658 0.517599
vt 0.467896 0.596443
vt 0.476083 0.603670
vt 0.486038 0.608027
vt 0.439211 0.559016
vt 0.445687 0.566175
vt 0.454772 0.569078
vt 0.437432 0.545841
vt 0.447015 0.550719
vt 0.436436 0.528111
vt 0.435936 0.510942
vt 0.470710 0.590533
vt 0.477553 0.594605
vt 0.487990 0.599542
vt 0.461615 0.574183
vt 0.477332 0.585896
vt 0.451554 0.557016
vt 0.446667 0.536879
vt 0.446505 0.525656
vt 0.445018 0.509487
vt 0.483731 0.589916
vt 0.495335 0.592485
vt 0.470974 0.570947
vt 0.486869 0.582224
vt 0.496854 0.584061
vt 0.461746 0.557053
vt 0.466925 0.563799
vt 0.452178 0.541662
vt 0.458070 0.547714
vt 0.451119 0.525519
vt 0.446462 0.515382
vt 0.455759 0.509165
vt 0.478371 0.566135
vt 0.487497 0.565305
vt 0.472156 0.553102
vt 0.456585 0.535906
vt 0.462179 0.540734
vt 0.468021 0.546097
vt 0.456035 0.524287
vt 0.461103 0.524643
vt 0.466636 0.510232
vt 0.496629 0.567868
vt 0.481815 0.548086
vt 0.466297 0.534749
vt 0.471767 0.538896
vt 0.477484 0.543061
vt 0.465833 0.523368
vt 0.470873 0.523582
vt 0.472316 0.508487
vt 0.479038 0.501942
vt 0.488979 0.549168
vt 0.496284 0.550437
vt 0.475704 0.533308
vt 0.481366 0.536568
vt 0.488888 0.540417
vt 0.496277 0.541860
vt 0.475173 0.523280
vt 0.480129 0.522857
vt 0.475880 0.513256
vt 0.482492 0.508503
vt 0.490093 0.504958
vt 0.484796 0.530755
vt 0.489737 0.531941
vt 0.496448 0.532472
vt 0.484458 0.522555
vt 0.489838 0.522105
vt 0.496510 0.521344
vt 0.484807 0.514239
vt 0.489681 0.511998
vt 0.496420 0.508717
vt 0.671570 0.953457
vt 0.701804 0.918116
vt 0.715244 0.876202
vt 0.715271 0.753597
vt 0.718194 0.718580
vt 0.704999 0.689038
vt 0.709416 0.666905
vt 0.581604 0.921507
vt 0.631845 0.894072
vt 0.645946 0.852180
vt 0.690984 0.812104
vt 0.550214 0.882624
vt 0.589967 0.859595
vt 0.632959 0.808268
vt 0.641881 0.755835
vt 0.526592 0.848065
vt 0.551413 0.823494
vt 0.576601 0.810848
vt 0.626863 0.689578
vt 0.631147 0.673984
vt 0.513188 0.794451
vt 0.548595 0.787152
vt 0.603877 0.770560
vt 0.641753 0.660138
vt 0.650329 0.638643
vt 0.653458 0.622931
vt 0.556587 0.757598
vt 0.602756 0.710838
vt 0.513528 0.731919
vt 0.548287 0.726918
vt 0.592884 0.693697
vt 0.609188 0.676115
vt 0.626156 0.652171
vt 0.635441 0.633197
vt 0.642526 0.616430
vt 0.510950 0.707614
vt 0.531538 0.703748
vt 0.568462 0.689617
vt 0.586192 0.677792
vt 0.601922 0.666226
vt 0.610395 0.649854
vt 0.618532 0.646236
vt 0.627461 0.628475
vt 0.715528 0.623379
vt 0.710689 0.600068
vt 0.712483 0.576161
vt 0.717611 0.549580
vt 0.693922 0.639415
vt 0.677763 0.518404
vt 0.672003 0.614269
vt 0.674040 0.592189
vt 0.678090 0.571598
vt 0.678663 0.545349
vt 0.673721 0.501101
vt 0.659530 0.601592
vt 0.659037 0.586133
vt 0.664482 0.572376
vt 0.665873 0.544206
vt 0.663885 0.499804
vt 0.665765 0.518287
vt 0.648624 0.596469
vt 0.647288 0.584414
vt 0.653484 0.569339
vt 0.655921 0.540515
vt 0.658308 0.497753
vt 0.657051 0.511230
vt 0.652413 0.509783
vt 0.633938 0.606619
vt 0.638832 0.602898
vt 0.641643 0.586636
vt 0.642253 0.580135
vt 0.648240 0.565655
vt 0.646461 0.561125
vt 0.653843 0.538197
vt 0.650501 0.536688
vt 0.650221 0.526904
vt 0.650981 0.510229
vt 0.589304 0.662660
vt 0.596315 0.656554
vt 0.509406 0.687487
vt 0.527822 0.685659
vt 0.545740 0.682267
vt 0.562862 0.677762
vt 0.578149 0.671404
vt 0.591068 0.663121
vt 0.602806 0.652699
vt 0.614522 0.638817
vt 0.544787 0.667446
vt 0.565833 0.669005
vt 0.602109 0.647440
vt 0.508292 0.671876
vt 0.524774 0.672122
vt 0.541316 0.671564
vt 0.557968 0.671674
vt 0.577005 0.668233
vt 0.606382 0.646892
vt 0.566506 0.665032
vt 0.574901 0.663028
vt 0.584128 0.658236
vt 0.529595 0.663804
vt 0.521659 0.662512
vt 0.552194 0.662147
vt 0.559726 0.663704
vt 0.570541 0.659671
vt 0.581149 0.655130
vt 0.588441 0.648021
vt 0.509356 0.650635
vt 0.522328 0.656387
vt 0.591771 0.650930
vt 0.546882 0.656616
vt 0.556191 0.656261
vt 0.566072 0.654114
vt 0.575762 0.649953
vt 0.583754 0.644286
vt 0.519260 0.648256
vt 0.542268 0.648262
vt 0.552522 0.648688
vt 0.561881 0.646884
vt 0.571149 0.643241
vt 0.579266 0.638317
vt 0.507497 0.635718
vt 0.518139 0.639412
vt 0.541099 0.639847
vt 0.549749 0.640566
vt 0.558413 0.638938
vt 0.567214 0.635722
vt 0.579622 0.630036
vt 0.514228 0.628697
vt 0.581228 0.625146
vt 0.541592 0.633103
vt 0.547611 0.632848
vt 0.555635 0.631202
vt 0.566987 0.627814
vt 0.508900 0.617343
vt 0.519666 0.621035
vt 0.544060 0.620436
vt 0.552552 0.619120
vt 0.560828 0.615997
vt 0.571513 0.618583
vt 0.622382 0.628556
vt 0.624605 0.617048
vt 0.626843 0.618916
vt 0.632888 0.595984
vt 0.641511 0.568120
vt 0.643980 0.554031
vt 0.648730 0.537160
vt 0.648368 0.514966
vt 0.608393 0.638850
vt 0.615660 0.632403
vt 0.628235 0.607191
vt 0.633644 0.585769
vt 0.638234 0.576235
vt 0.637662 0.561804
vt 0.641661 0.547987
vt 0.645928 0.533577
vt 0.644797 0.505815
vt 0.612396 0.625341
vt 0.615774 0.626202
vt 0.623081 0.607359
vt 0.622872 0.598207
vt 0.629481 0.592506
vt 0.633850 0.574667
vt 0.638307 0.538680
vt 0.642951 0.524548
vt 0.639546 0.525561
vt 0.641537 0.508851
vt 0.594060 0.642484
vt 0.608207 0.625463
vt 0.612905 0.616120
vt 0.627512 0.576855
vt 0.630688 0.570680
vt 0.632072 0.552241
vt 0.634220 0.539337
vt 0.635516 0.525041
vt 0.636658 0.508486
vt 0.590020 0.638488
vt 0.600373 0.625770
vt 0.607020 0.614158
vt 0.614902 0.597924
vt 0.622490 0.575866
vt 0.626901 0.552507
vt 0.628906 0.541882
vt 0.630358 0.525278
vt 0.631331 0.508467
vt 0.585765 0.633434
vt 0.594537 0.621730
vt 0.603938 0.606752
vt 0.611956 0.587007
vt 0.616944 0.571075
vt 0.621708 0.551604
vt 0.623319 0.539217
vt 0.624628 0.524378
vt 0.625541 0.508221
vt 0.591310 0.612347
vt 0.597727 0.602643
vt 0.605730 0.584827
vt 0.611371 0.567798
vt 0.615584 0.550091
vt 0.617848 0.548537
vt 0.617323 0.538533
vt 0.618549 0.523631
vt 0.619475 0.507937
vt 0.579585 0.611769
vt 0.590514 0.601560
vt 0.585166 0.592994
vt 0.597841 0.585412
vt 0.593451 0.576206
vt 0.604561 0.567152
vt 0.604883 0.559723
vt 0.608853 0.540386
vt 0.612916 0.528530
vt 0.607093 0.523720
vt 0.613554 0.507437
vt 0.520763 0.612715
vt 0.533629 0.613513
vt 0.567957 0.608450
vt 0.513510 0.607804
vt 0.523740 0.604725
vt 0.539409 0.605533
vt 0.549563 0.604704
vt 0.557550 0.602780
vt 0.565403 0.597757
vt 0.515173 0.597273
vt 0.522541 0.596083
vt 0.547938 0.595329
vt 0.555884 0.593511
vt 0.504115 0.582654
vt 0.519597 0.587830
vt 0.539186 0.593502
vt 0.544679 0.588050
vt 0.553880 0.580284
vt 0.561737 0.579734
vt 0.520831 0.579537
vt 0.529511 0.576570
vt 0.544152 0.575958
vt 0.505549 0.566864
vt 0.518959 0.563207
vt 0.528714 0.565989
vt 0.542412 0.566691
vt 0.551717 0.563577
vt 0.561164 0.562398
vt 0.527661 0.554322
vt 0.535730 0.554593
vt 0.546123 0.545913
vt 0.550746 0.551446
vt 0.558280 0.551778
vt 0.533332 0.544691
vt 0.556449 0.542766
vt 0.503933 0.550624
vt 0.511590 0.549651
vt 0.518870 0.547626
vt 0.503786 0.541880
vt 0.511244 0.540334
vt 0.518770 0.535963
vt 0.527222 0.537575
vt 0.536092 0.536009
vt 0.549651 0.536122
vt 0.558819 0.531112
vt 0.520356 0.522143
vt 0.527330 0.522474
vt 0.534731 0.522334
vt 0.549115 0.521755
vt 0.556026 0.520338
vt 0.511547 0.499600
vt 0.518836 0.507498
vt 0.526882 0.507469
vt 0.534366 0.507437
vt 0.548604 0.506725
vt 0.555810 0.506796
vt 0.503580 0.532406
vt 0.510280 0.531711
vt 0.515206 0.530311
vt 0.503573 0.521180
vt 0.510202 0.521711
vt 0.515599 0.522026
vt 0.503777 0.508362
vt 0.510421 0.511333
vt 0.515229 0.513468
vt 0.579056 0.600866
vt 0.573988 0.590995
vt 0.588322 0.583444
vt 0.595279 0.565839
vt 0.600078 0.552927
vt 0.600286 0.542310
vt 0.608642 0.511498
vt 0.600317 0.507499
vt 0.570780 0.596539
vt 0.582387 0.579966
vt 0.576701 0.574709
vt 0.588195 0.564571
vt 0.584495 0.552102
vt 0.591102 0.551300
vt 0.596547 0.535857
vt 0.593742 0.519090
vt 0.598192 0.521543
vt 0.567371 0.579190
vt 0.568542 0.568446
vt 0.578653 0.562902
vt 0.569793 0.557374
vt 0.575091 0.552092
vt 0.587422 0.540877
vt 0.574803 0.537593
vt 0.578268 0.533434
vt 0.578989 0.521818
vt 0.588272 0.521892
vt 0.580505 0.506718
vt 0.589482 0.507223
vt 0.593688 0.496692
vt 0.568368 0.549784
vt 0.564659 0.536746
vt 0.564147 0.521220
vt 0.567725 0.517247
vt 0.568230 0.506853
vt 0.562153 0.506370
vt 0.256239 0.497786
vt 0.256270 0.481079
vt 0.256821 0.451333
vt 0.256822 0.428044
vt 0.257630 0.401807
vt 0.257909 0.366362
vt 0.259496 0.321352
vt 0.266943 0.498432
vt 0.268590 0.471881
vt 0.269950 0.439780
vt 0.271517 0.405166
vt 0.273402 0.370821
vt 0.279847 0.341739
vt 0.277409 0.323624
vt 0.277482 0.499341
vt 0.280862 0.466303
vt 0.282462 0.444542
vt 0.284737 0.411528
vt 0.291313 0.381282
vt 0.293213 0.351247
vt 0.301075 0.332437
vt 0.299346 0.484040
vt 0.297913 0.468258
vt 0.303817 0.447041
vt 0.290114 0.449966
vt 0.299892 0.431096
vt 0.293700 0.418260
vt 0.304763 0.396282
vt 0.311923 0.374183
vt 0.316766 0.345213
vt 0.313698 0.458262
vt 0.313904 0.433147
vt 0.321083 0.415481
vt 0.320903 0.394112
vt 0.330840 0.374457
vt 0.325865 0.485466
vt 0.323373 0.466290
vt 0.331636 0.437658
vt 0.338856 0.426716
vt 0.337865 0.414178
vt 0.339913 0.379879
vt 0.329818 0.496870
vt 0.342782 0.490433
vt 0.357350 0.487919
vt 0.341708 0.456116
vt 0.368255 0.461030
vt 0.356753 0.429953
vt 0.349865 0.408198
vt 0.361853 0.474502
vt 0.450958 0.039364
vt 0.260579 0.298061
vt 0.262183 0.271507
vt 0.264419 0.242885
vt 0.267630 0.212549
vt 0.272532 0.180384
vt 0.280217 0.147193
vt 0.292069 0.115383
vt 0.355657 0.140706
vt 0.485431 0.110536
vt 0.281167 0.301416
vt 0.285924 0.276051
vt 0.292260 0.248971
vt 0.301160 0.220807
vt 0.314099 0.191952
vt 0.331993 0.163605
vt 0.504801 0.169785
vt 0.389839 0.212246
vt 0.473326 0.176651
vt 0.300415 0.309875
vt 0.307667 0.286310
vt 0.317183 0.261943
vt 0.330119 0.237486
vt 0.348101 0.213926
vt 0.377226 0.179921
vt 0.490839 0.237163
vt 0.396472 0.239127
vt 0.458597 0.239936
vt 0.317890 0.321533
vt 0.326180 0.299851
vt 0.337496 0.278963
vt 0.352290 0.258893
vt 0.372569 0.241901
vt 0.460764 0.292845
vt 0.482304 0.281188
vt 0.332095 0.331063
vt 0.343371 0.318391
vt 0.357397 0.302883
vt 0.383877 0.312985
vt 0.383626 0.268552
vt 0.366445 0.280187
vt 0.473216 0.340228
vt 0.485750 0.340211
vt 0.357820 0.377412
vt 0.418024 0.334759
vt 0.437393 0.335430
vt 0.451702 0.314543
vt 0.484361 0.320297
vt 0.347283 0.362151
vt 0.367730 0.360157
vt 0.378757 0.347913
vt 0.364334 0.407533
vt 0.388907 0.424133
vt 0.432970 0.374945
vt 0.443952 0.371889
vt 0.455006 0.367741
vt 0.474314 0.349377
vt 0.486572 0.347748
vt 0.380673 0.398161
vt 0.397554 0.393500
vt 0.403361 0.367174
vt 0.421662 0.360952
vt 0.464039 0.352638
vt 0.486838 0.347193
vt 0.396062 0.346477
vt 0.377093 0.449367
vt 0.382849 0.437381
vt 0.400729 0.413327
vt 0.415188 0.404659
vt 0.430265 0.390762
vt 0.446870 0.381717
vt 0.456859 0.371985
vt 0.418921 0.380970
vt 0.453759 0.380131
vt 0.467983 0.361167
vt 0.487120 0.346987
vt 0.490097 0.339241
vt 0.366034 0.498859
vt 0.375983 0.490482
vt 0.379861 0.468457
vt 0.390088 0.499998
vt 0.386975 0.477725
vt 0.397177 0.455708
vt 0.409402 0.443622
vt 0.418201 0.436407
vt 0.405581 0.431290
vt 0.421531 0.421580
vt 0.436618 0.402647
vt 0.446168 0.389209
vt 0.447771 0.391671
vt 0.474559 0.353367
vt 0.471256 0.354934
vt 0.486832 0.339426
vt 0.395355 0.485993
vt 0.407138 0.462437
vt 0.415973 0.450803
vt 0.425487 0.438142
vt 0.438495 0.410449
vt 0.450545 0.388375
vt 0.461777 0.368325
vt 0.472826 0.353784
vt 0.498062 0.333429
vt 0.401414 0.493457
vt 0.408252 0.479855
vt 0.415152 0.467171
vt 0.425531 0.449966
vt 0.432682 0.445686
vt 0.434846 0.429382
vt 0.438704 0.417001
vt 0.449733 0.403287
vt 0.457818 0.378409
vt 0.471908 0.358119
vt 0.494297 0.339130
vt 0.410021 0.495487
vt 0.419375 0.486232
vt 0.421406 0.470771
vt 0.427727 0.458031
vt 0.438841 0.430995
vt 0.451697 0.396992
vt 0.461661 0.379636
vt 0.473943 0.362391
vt 0.491129 0.343939
vt 0.488581 0.351392
vt 0.416665 0.498759
vt 0.426803 0.473606
vt 0.432041 0.460883
vt 0.440149 0.440370
vt 0.451789 0.407358
vt 0.458310 0.392870
vt 0.464983 0.382912
vt 0.485697 0.359727
vt 0.424113 0.497231
vt 0.431688 0.476402
vt 0.445722 0.438069
vt 0.455645 0.409912
vt 0.466262 0.393023
vt 0.475375 0.378881
vt 0.488104 0.369098
vt 0.433342 0.491502
vt 0.437939 0.479595
vt 0.447342 0.450428
vt 0.457745 0.417750
vt 0.463405 0.408371
vt 0.472128 0.405810
vt 0.473906 0.392122
vt 0.487396 0.379741
vt 0.499070 0.371596
vt 0.442255 0.489837
vt 0.448427 0.468823
vt 0.450573 0.456551
vt 0.462116 0.424771
vt 0.468697 0.419036
vt 0.478928 0.402161
vt 0.488450 0.389664
vt 0.499249 0.381820
vt 0.445623 0.496162
vt 0.453183 0.479449
vt 0.460750 0.452364
vt 0.468389 0.435900
vt 0.478300 0.425049
vt 0.479340 0.415657
vt 0.486732 0.403317
vt 0.499562 0.390038
vt 0.456391 0.492566
vt 0.461433 0.472774
vt 0.471361 0.450335
vt 0.479883 0.436529
vt 0.488985 0.420424
vt 0.493521 0.410767
vt 0.457536 0.499367
vt 0.465486 0.493597
vt 0.469282 0.481825
vt 0.488490 0.441794
vt 0.498068 0.434441
vt 0.490045 0.428904
vt 0.496702 0.425795
vt 0.502589 0.414813
vt 0.472309 0.493797
vt 0.480677 0.450054
vt 0.480550 0.472463
vt 0.488247 0.475843
vt 0.495196 0.471194
vt 0.490948 0.451255
vt 0.497831 0.461267
vt 0.496743 0.444753
vt 0.489275 0.486875
vt 0.496408 0.493776
vt 0.499338 0.474381
vt 0.500522 0.500529
vt 0.746842 0.426139
vt 0.736544 0.372135
vt 0.672086 0.083582
vt 0.725026 0.233285
vt 0.732486 0.298982
vt 0.714591 0.394452
vt 0.715428 0.442160
vt 0.691289 0.328246
vt 0.709389 0.338060
vt 0.588727 0.129391
vt 0.680151 0.248591
vt 0.684742 0.468208
vt 0.687922 0.409902
vt 0.661481 0.389464
vt 0.537496 0.186402
vt 0.611508 0.260188
vt 0.660247 0.310888
vt 0.664188 0.416162
vt 0.679230 0.448473
vt 0.611029 0.333968
vt 0.645379 0.357736
vt 0.522755 0.254476
vt 0.670043 0.467997
vt 0.648310 0.415496
vt 0.656625 0.431046
vt 0.663752 0.449493
vt 0.591722 0.341061
vt 0.625802 0.372491
vt 0.639919 0.396683
vt 0.516952 0.291021
vt 0.551231 0.302660
vt 0.582322 0.321899
vt 0.660418 0.465469
vt 0.640350 0.417747
vt 0.651513 0.446311
vt 0.498432 0.339878
vt 0.585108 0.347319
vt 0.612260 0.377237
vt 0.629215 0.400869
vt 0.636225 0.416056
vt 0.642015 0.427653
vt 0.510305 0.325935
vt 0.542344 0.326853
vt 0.571251 0.338985
vt 0.589601 0.356464
vt 0.646594 0.440340
vt 0.498687 0.344089
vt 0.618059 0.386641
vt 0.629926 0.403094
vt 0.639179 0.419274
vt 0.509383 0.337740
vt 0.537379 0.333480
vt 0.561599 0.338341
vt 0.584892 0.351130
vt 0.608918 0.369918
vt 0.624041 0.385734
vt 0.632872 0.395836
vt 0.534488 0.329384
vt 0.559632 0.333881
vt 0.593338 0.350218
vt 0.616418 0.361554
vt 0.510552 0.334383
vt 0.629041 0.380050
vt 0.568812 0.330720
vt 0.597542 0.343254
vt 0.525802 0.323158
vt 0.561136 0.320787
vt 0.595178 0.332768
vt 0.608376 0.343313
vt 0.623076 0.362399
vt 0.726755 0.478518
vt 0.728197 0.459890
vt 0.716470 0.500178
vt 0.688206 0.483453
vt 0.674215 0.487200
vt 0.661035 0.479397
vt 0.653783 0.460687
vt 0.655273 0.479992
vt 0.653411 0.485240
vt 0.653001 0.494102
vt 0.649838 0.454214
vt 0.650134 0.458355
vt 0.644070 0.429463
vt 0.647291 0.440844
vt 0.637579 0.398576
vt 0.642529 0.413081
vt 0.651718 0.473524
vt 0.651389 0.488692
vt 0.650198 0.466290
vt 0.647388 0.437222
vt 0.648978 0.451469
vt 0.643928 0.418767
vt 0.630902 0.377112
vt 0.636437 0.391215
vt 0.504013 0.329322
vt 0.528722 0.320943
vt 0.548341 0.318580
vt 0.577276 0.321864
vt 0.612459 0.345944
vt 0.570097 0.318679
vt 0.586787 0.324227
vt 0.598839 0.332096
vt 0.527951 0.323358
vt 0.540682 0.319502
vt 0.558604 0.317649
vt 0.605931 0.340757
vt 0.568990 0.318935
vt 0.580578 0.322744
vt 0.594623 0.331260
vt 0.522348 0.327877
vt 0.540904 0.322269
vt 0.549574 0.319772
vt 0.608287 0.347643
vt 0.564173 0.320938
vt 0.575827 0.324261
vt 0.586845 0.330240
vt 0.597767 0.338922
vt 0.515059 0.336321
vt 0.530163 0.330163
vt 0.547511 0.325272
vt 0.559398 0.325158
vt 0.570246 0.329634
vt 0.576465 0.332964
vt 0.590976 0.340827
vt 0.512547 0.345312
vt 0.529083 0.336499
vt 0.543873 0.332211
vt 0.559583 0.332395
vt 0.576720 0.337365
vt 0.579453 0.341582
vt 0.511285 0.354259
vt 0.527682 0.345350
vt 0.540530 0.340926
vt 0.555803 0.338907
vt 0.572032 0.345691
vt 0.576456 0.346006
vt 0.514246 0.361800
vt 0.525169 0.355587
vt 0.538520 0.350870
vt 0.555010 0.344462
vt 0.559999 0.346847
vt 0.566614 0.348832
vt 0.575736 0.360734
vt 0.518803 0.367344
vt 0.527650 0.366300
vt 0.536411 0.361683
vt 0.545605 0.361461
vt 0.554574 0.362979
vt 0.563439 0.365945
vt 0.571847 0.370257
vt 0.649512 0.488908
vt 0.647719 0.464806
vt 0.646985 0.445742
vt 0.641000 0.406563
vt 0.641436 0.417616
vt 0.638005 0.401125
vt 0.624516 0.364897
vt 0.632360 0.384517
vt 0.617430 0.353598
vt 0.645154 0.490440
vt 0.644555 0.475881
vt 0.644781 0.446938
vt 0.641542 0.431982
vt 0.636724 0.404509
vt 0.618859 0.358019
vt 0.622948 0.368705
vt 0.630797 0.387802
vt 0.630998 0.397196
vt 0.641491 0.490936
vt 0.641239 0.457036
vt 0.641252 0.473417
vt 0.639325 0.459806
vt 0.637972 0.427901
vt 0.634326 0.417172
vt 0.622542 0.373012
vt 0.623468 0.383614
vt 0.615800 0.364197
vt 0.619585 0.375324
vt 0.607295 0.353380
vt 0.636901 0.491083
vt 0.636455 0.473629
vt 0.636454 0.446906
vt 0.635240 0.456315
vt 0.633338 0.443864
vt 0.629052 0.408832
vt 0.629098 0.418514
vt 0.623813 0.398051
vt 0.624872 0.408730
vt 0.616061 0.377451
vt 0.618523 0.388915
vt 0.599060 0.350023
vt 0.605349 0.358855
vt 0.631582 0.491433
vt 0.631098 0.474571
vt 0.629926 0.458655
vt 0.625374 0.427925
vt 0.628170 0.445567
vt 0.620589 0.409411
vt 0.608130 0.376157
vt 0.614339 0.390731
vt 0.593533 0.353911
vt 0.600337 0.362773
vt 0.625790 0.491765
vt 0.625322 0.475534
vt 0.624240 0.460281
vt 0.619778 0.430013
vt 0.622744 0.447129
vt 0.609565 0.395465
vt 0.614127 0.414049
vt 0.602519 0.380413
vt 0.588300 0.360046
vt 0.595020 0.368196
vt 0.619741 0.492070
vt 0.619328 0.476479
vt 0.618347 0.461856
vt 0.612655 0.429992
vt 0.617250 0.449517
vt 0.604548 0.421717
vt 0.601008 0.397997
vt 0.606240 0.408664
vt 0.590894 0.376600
vt 0.605188 0.398257
vt 0.583548 0.367703
vt 0.613836 0.492307
vt 0.613484 0.477396
vt 0.608505 0.456800
vt 0.612323 0.462901
vt 0.611630 0.451047
vt 0.606342 0.432707
vt 0.598112 0.408435
vt 0.584336 0.384243
vt 0.593141 0.397256
vt 0.579449 0.376627
vt 0.585758 0.379579
vt 0.566482 0.333555
vt 0.563413 0.340016
vt 0.506208 0.395068
vt 0.520755 0.383353
vt 0.535983 0.380483
vt 0.565212 0.386476
vt 0.532116 0.371357
vt 0.543115 0.373388
vt 0.551982 0.373556
vt 0.560265 0.377148
vt 0.571824 0.379941
vt 0.505010 0.403737
vt 0.522538 0.391754
vt 0.531220 0.395733
vt 0.569229 0.408778
vt 0.543620 0.382675
vt 0.547733 0.396590
vt 0.557155 0.391539
vt 0.564755 0.398132
vt 0.552889 0.382249
vt 0.507853 0.422993
vt 0.523519 0.418977
vt 0.566244 0.426323
vt 0.516646 0.410362
vt 0.545929 0.410630
vt 0.552565 0.419702
vt 0.561568 0.414888
vt 0.538018 0.399882
vt 0.556916 0.402823
vt 0.557941 0.453365
vt 0.504729 0.446269
vt 0.512555 0.442251
vt 0.521385 0.441114
vt 0.541754 0.440472
vt 0.550554 0.438284
vt 0.509786 0.432765
vt 0.521798 0.430661
vt 0.536520 0.429626
vt 0.545096 0.425045
vt 0.559204 0.432664
vt 0.537013 0.416951
vt 0.557527 0.422864
vt 0.503976 0.492458
vt 0.511646 0.490943
vt 0.519201 0.492003
vt 0.531234 0.495139
vt 0.547166 0.491685
vt 0.555842 0.492640
vt 0.503709 0.476281
vt 0.511750 0.476778
vt 0.520038 0.483649
vt 0.541113 0.476734
vt 0.549024 0.478141
vt 0.556154 0.478293
vt 0.508422 0.455282
vt 0.514707 0.464322
vt 0.529730 0.463427
vt 0.547124 0.465068
vt 0.559292 0.465131
vt 0.516043 0.451850
vt 0.530110 0.451081
vt 0.546785 0.452776
vt 0.554711 0.454521
vt 0.601420 0.492670
vt 0.608508 0.492478
vt 0.603303 0.478040
vt 0.608410 0.478758
vt 0.607700 0.464909
vt 0.599919 0.443738
vt 0.588130 0.422139
vt 0.596770 0.430028
vt 0.601759 0.436579
vt 0.583085 0.403061
vt 0.590259 0.413096
vt 0.595869 0.418850
vt 0.575772 0.390438
vt 0.588841 0.402702
vt 0.592920 0.466791
vt 0.597180 0.478354
vt 0.597781 0.459173
vt 0.584357 0.439284
vt 0.592309 0.448072
vt 0.580176 0.425780
vt 0.586078 0.430656
vt 0.591767 0.436046
vt 0.578988 0.414677
vt 0.575117 0.401970
vt 0.585981 0.493012
vt 0.580353 0.478565
vt 0.592554 0.480694
vt 0.587085 0.463844
vt 0.574583 0.448228
vt 0.582070 0.449154
vt 0.587528 0.453739
vt 0.575356 0.432587
vt 0.571351 0.419409
vt 0.576067 0.492684
vt 0.568400 0.477490
vt 0.565097 0.462092
vt 0.576371 0.463298
vt 0.565450 0.448983
vt 0.577355 0.454587
vt 0.568534 0.437955
vt 0.562227 0.492903
vt 0.567457 0.489067
vt 0.562893 0.478989
vn -0.756010 -0.561339 -0.336671
vn -0.756438 -0.440371 -0.483606
vn -0.790595 -0.475650 -0.385637
vn -0.610046 -0.664258 -0.431977
vn -0.658637 -0.676294 -0.329884
vn -0.608264 -0.555074 -0.567369
vn -0.656947 -0.580464 -0.481126
vn -0.656638 -0.321111 -0.682433
vn -0.660301 -0.441585 -0.607458
vn -0.556036 -0.769364 -0.314488
vn -0.504572 -0.662078 -0.554130
vn -0.559538 -0.463921 -0.686800
vn -0.403107 -0.805286 -0.434764
vn -0.497511 -0.794334 -0.348593
vn -0.390791 -0.652141 -0.649611
vn -0.495800 -0.733837 -0.464399
vn -0.481782 -0.579760 -0.657088
vn -0.396651 -0.418869 -0.816833
vn -0.464707 -0.463445 -0.754497
vn -0.281724 -0.912910 -0.295343
vn -0.291739 -0.796622 -0.529416
vn -0.389071 -0.868673 -0.306645
vn -0.384620 -0.743638 -0.546874
vn -0.303201 -0.516957 -0.800515
vn -0.378529 -0.567235 -0.731410
vn -0.179461 -0.900760 -0.395507
vn -0.276160 -0.865427 -0.418058
vn -0.295973 -0.677393 -0.673452
vn -0.255881 -0.741877 -0.619793
vn -0.256537 -0.615699 -0.745053
vn -0.191299 -0.372297 -0.908185
vn -0.276709 -0.436406 -0.856143
vn -0.884011 -0.422792 -0.199430
vn -0.896991 -0.432932 -0.089317
vn -0.914434 -0.404734 0.001001
vn -0.913711 -0.405221 0.030474
vn -0.925982 -0.375072 -0.043337
vn -0.946716 -0.319753 0.038547
vn -0.748187 -0.661657 -0.049258
vn -0.810973 -0.569811 -0.132809
vn -0.839208 -0.542568 -0.036737
vn -0.810522 -0.543996 -0.217079
vn -0.807793 -0.579922 -0.105647
vn -0.828378 -0.560163 -0.002754
vn -0.841223 -0.540359 -0.018881
vn -0.848631 -0.515540 -0.118508
vn -0.894632 -0.436113 -0.097152
vn -0.924090 -0.382147 -0.004504
vn -0.868257 -0.496096 -0.004203
vn -0.895471 -0.443941 -0.032368
vn -0.567528 -0.814373 -0.121281
vn -0.534585 -0.835228 -0.128895
vn -0.522228 -0.851579 -0.045721
vn -0.667135 -0.707839 -0.232155
vn -0.658482 -0.744786 -0.108139
vn -0.695926 -0.716864 -0.042336
vn -0.694314 -0.703439 -0.151992
vn -0.677024 -0.720281 -0.151105
vn -0.682464 -0.729287 -0.048826
vn -0.735876 -0.644449 -0.207779
vn -0.781740 -0.622440 -0.038099
vn -0.786426 -0.605221 -0.123457
vn -0.567407 -0.796681 -0.208201
vn -0.559283 -0.823743 -0.093002
vn -0.526610 -0.850066 -0.008370
vn -0.512614 -0.858323 -0.022563
vn -0.472410 -0.875024 -0.105647
vn -0.431405 -0.894997 -0.113443
vn -0.394160 -0.918258 -0.037948
vn -0.621017 -0.783487 -0.022048
vn -0.601324 -0.797466 -0.049576
vn -0.434543 -0.881663 -0.183966
vn -0.431472 -0.898457 -0.081278
vn -0.405957 -0.913690 0.019216
vn -0.295543 -0.954495 -0.039916
vn -0.308826 -0.950333 -0.038643
vn -0.426230 -0.903297 0.048811
vn -0.407029 -0.913389 -0.006982
vn -0.367613 -0.926650 -0.078617
vn -0.329114 -0.926740 -0.181210
vn -0.290139 -0.953683 -0.079420
vn -0.322115 -0.946536 0.017676
vn -0.320257 -0.946667 0.035460
vn -0.242064 -0.951973 -0.187491
vn -0.256088 -0.966285 0.026697
vn -0.239680 -0.970844 0.003930
vn -0.158872 -0.943300 -0.291454
vn -0.094721 -0.768166 -0.633205
vn -0.177008 -0.806005 -0.564822
vn -0.168185 -0.858051 -0.485244
vn -0.093935 -0.637145 -0.764998
vn -0.177942 -0.695946 -0.695698
vn -0.179087 -0.563951 -0.806156
vn -0.169614 -0.476890 -0.862442
vn -0.070854 -0.913333 -0.401003
vn -0.076025 -0.948756 -0.306729
vn -0.072492 -0.852520 -0.517644
vn -0.063691 -0.701076 -0.710237
vn -0.077140 -0.510532 -0.856392
vn -0.073411 -0.380876 -0.921707
vn 0.019808 -0.916137 -0.400377
vn 0.027095 -0.951077 -0.307764
vn 0.016734 -0.745872 -0.665879
vn 0.015194 -0.849729 -0.527001
vn 0.016465 -0.609510 -0.792608
vn 0.016876 -0.379085 -0.925208
vn 0.016874 -0.480115 -0.877043
vn 0.103077 -0.908948 -0.403967
vn 0.139529 -0.940169 -0.310828
vn 0.130503 -0.767429 -0.627712
vn 0.104195 -0.849155 -0.517763
vn 0.128717 -0.633936 -0.762599
vn 0.097707 -0.699646 -0.707777
vn 0.111790 -0.504807 -0.855963
vn 0.108575 -0.377544 -0.919604
vn 0.204598 -0.893979 -0.398674
vn 0.203980 -0.822073 -0.531591
vn 0.210094 -0.694541 -0.688094
vn 0.281313 -0.737382 -0.614109
vn 0.216263 -0.557258 -0.801682
vn 0.287310 -0.607866 -0.740237
vn 0.219469 -0.376943 -0.899860
vn 0.209804 -0.474301 -0.854997
vn 0.219540 -0.908513 -0.355536
vn 0.304956 -0.783585 -0.541291
vn 0.275131 -0.844873 -0.458794
vn 0.243416 -0.861803 -0.445022
vn 0.316373 -0.668155 -0.673407
vn 0.334275 -0.515620 -0.788921
vn 0.324003 -0.396721 -0.858856
vn 0.285290 -0.786462 -0.547803
vn 0.382579 -0.642461 -0.663986
vn 0.370271 -0.709008 -0.600173
vn 0.409207 -0.559363 -0.720876
vn 0.424929 -0.442017 -0.789972
vn 0.100066 -0.813037 -0.573548
vn 0.260757 -0.705336 -0.659171
vn 0.387597 -0.573583 -0.721645
vn 0.467624 -0.410582 -0.782784
vn -0.179989 -0.980313 -0.081180
vn -0.142817 -0.989583 0.018156
vn -0.184184 -0.961191 -0.205396
vn -0.194801 -0.979310 0.054818
vn -0.181455 -0.983208 -0.019385
vn -0.233692 -0.972052 -0.022431
vn -0.068862 -0.980650 -0.183256
vn -0.094663 -0.990547 -0.099277
vn -0.072306 -0.995627 0.059158
vn -0.169733 -0.985121 -0.026952
vn -0.125199 -0.991718 0.028639
vn 0.023991 -0.980381 -0.195647
vn 0.037023 -0.997516 -0.059927
vn 0.025261 -0.999654 0.007274
vn -0.126172 -0.989444 -0.071282
vn 0.105687 -0.985662 -0.131529
vn -0.038784 -0.997950 0.050906
vn -0.122425 -0.990620 -0.060689
vn -0.072166 -0.993982 -0.082413
vn -0.116507 -0.992930 -0.022729
vn 0.138280 -0.960817 -0.240230
vn 0.093496 -0.994176 -0.053604
vn 0.005014 -0.999987 0.000639
vn 0.135511 -0.978226 -0.157197
vn 0.030833 -0.995799 -0.086217
vn -0.103904 -0.977972 -0.181039
vn -0.134991 -0.980965 -0.139589
vn 0.156956 -0.952345 -0.261542
vn 0.062195 -0.980068 -0.188673
vn -0.051654 -0.986620 -0.154637
vn 0.113239 -0.921876 -0.370568
vn 0.015703 -0.958715 -0.283933
vn -0.070126 -0.970354 -0.231291
vn -0.202329 -0.951128 -0.233276
vn -0.155325 -0.976488 -0.149485
vn -0.114167 -0.993378 -0.012900
vn -0.092787 -0.882545 -0.460982
vn -0.148308 -0.931301 -0.332691
vn -0.187507 -0.941233 -0.280930
vn -0.003535 -0.855380 -0.517989
vn -0.385394 -0.848228 -0.363291
vn -0.272754 -0.845345 -0.459345
vn -0.255927 -0.891572 -0.373632
vn -0.042461 -0.940773 -0.336367
vn -0.041692 -0.822901 -0.566653
vn -0.136884 -0.863540 -0.485347
vn -0.151926 -0.920422 -0.360196
vn -0.531357 -0.816748 -0.224903
vn -0.560526 -0.816894 -0.135993
vn -0.573920 -0.818272 -0.032362
vn -0.535662 -0.841595 0.069176
vn -0.549131 -0.818706 0.167855
vn -0.430263 -0.863553 -0.262963
vn -0.450448 -0.882233 -0.136972
vn -0.462910 -0.885763 -0.033736
vn -0.436196 -0.896179 0.081212
vn -0.485163 -0.848118 0.212868
vn -0.386033 -0.867473 0.313797
vn -0.428021 -0.820492 0.378934
vn -0.336294 -0.932759 -0.129875
vn -0.338720 -0.940398 -0.030354
vn -0.318192 -0.945169 0.073549
vn -0.313480 -0.931083 0.186588
vn -0.381488 -0.898673 0.216457
vn -0.343150 -0.843441 0.413347
vn -0.158200 -0.959709 -0.232229
vn -0.210394 -0.970073 -0.121211
vn -0.199988 -0.979434 -0.026706
vn -0.198460 -0.977684 0.068906
vn -0.201502 -0.963843 0.174365
vn -0.230169 -0.924506 0.303827
vn -0.287769 -0.924273 -0.250815
vn -0.266816 -0.856009 0.442784
vn -0.216917 -0.837764 0.501098
vn -0.105579 -0.987189 -0.119626
vn -0.108544 -0.993675 -0.028796
vn -0.107944 -0.991621 0.070965
vn -0.108024 -0.979503 0.170011
vn -0.107082 -0.951222 0.289327
vn -0.127031 -0.902505 0.411518
vn -0.117262 -0.850593 0.512583
vn -0.470995 -0.671248 -0.572355
vn -0.261699 -0.705409 -0.658719
vn -0.029331 -0.640994 -0.766985
vn -0.117369 -0.690845 -0.713413
vn 0.186624 -0.527825 -0.828597
vn 0.080274 -0.593685 -0.800683
vn 0.447471 -0.404337 -0.797672
vn 0.304054 -0.358131 -0.882776
vn -0.694319 -0.571643 -0.437202
vn -0.661785 -0.434503 -0.610941
vn -0.618811 -0.561455 -0.549402
vn -0.625590 -0.410947 -0.663144
vn -0.499467 -0.537024 -0.679808
vn -0.470722 -0.331603 -0.817594
vn -0.411836 -0.477436 -0.776174
vn -0.387582 -0.577604 -0.718438
vn -0.197631 -0.376539 -0.905075
vn -0.205898 -0.500508 -0.840891
vn 0.011193 -0.204646 -0.978772
vn -0.667772 -0.571245 -0.477241
vn -0.660347 -0.631124 -0.406970
vn -0.630278 -0.478228 -0.611594
vn -0.691062 -0.503496 -0.518580
vn -0.654422 -0.373441 -0.657475
vn -0.613802 -0.236781 -0.753115
vn -0.627900 -0.322170 -0.708482
vn -0.625736 -0.129217 -0.769258
vn -0.591054 -0.213469 -0.777873
vn -0.576064 0.023969 -0.817053
vn -0.469765 -0.153553 -0.869334
vn -0.515883 0.072738 -0.853565
vn -0.305345 -0.006408 -0.952220
vn -0.564219 -0.713868 -0.414788
vn -0.591289 -0.562922 -0.577492
vn -0.594284 -0.618743 -0.513793
vn -0.560412 -0.389859 -0.730718
vn -0.650656 -0.294634 -0.699884
vn -0.552604 -0.021633 -0.833163
vn -0.558089 -0.129115 -0.819674
vn -0.438457 0.160850 -0.884241
vn -0.391233 -0.709916 -0.585625
vn -0.498580 -0.695711 -0.517111
vn -0.500493 -0.786204 -0.362478
vn -0.391171 -0.572312 -0.720725
vn -0.488878 -0.609456 -0.624149
vn -0.496506 -0.504853 -0.706120
vn -0.445469 -0.250838 -0.859440
vn -0.454522 -0.376454 -0.807275
vn -0.531217 -0.244087 -0.811313
vn -0.451451 -0.108191 -0.885713
vn -0.465420 0.050036 -0.883674
vn -0.510964 0.155297 -0.845458
vn -0.413746 0.185514 -0.891290
vn -0.376671 -0.794659 -0.476063
vn -0.329335 -0.660481 -0.674761
vn -0.282364 -0.438714 -0.853112
vn -0.369061 -0.492095 -0.788439
vn -0.350746 -0.345939 -0.870232
vn -0.364874 -0.224271 -0.903642
vn -0.332502 -0.097176 -0.938083
vn -0.338269 0.036175 -0.940354
vn -0.156328 -0.694321 -0.702481
vn -0.257440 -0.734719 -0.627624
vn -0.226836 -0.801335 -0.553541
vn -0.256415 -0.619833 -0.741659
vn -0.226013 -0.539811 -0.810877
vn -0.251215 -0.355560 -0.900260
vn -0.155996 -0.188584 -0.969588
vn -0.246309 -0.264647 -0.932359
vn -0.205753 -0.086362 -0.974786
vn -0.200694 0.038641 -0.978892
vn -0.309463 0.170077 -0.935578
vn -0.197593 0.141784 -0.969976
vn -0.128324 -0.768219 -0.627195
vn -0.046887 -0.555656 -0.830089
vn -0.131104 -0.613545 -0.778700
vn -0.138897 -0.473151 -0.869963
vn -0.057523 -0.302477 -0.951419
vn -0.148198 -0.379578 -0.913213
vn -0.100261 -0.067500 -0.992669
vn -0.105164 0.024754 -0.994147
vn -0.102337 0.128113 -0.986466
vn -0.519631 -0.810623 -0.269951
vn -0.391429 -0.889923 -0.234138
vn -0.311065 -0.939728 -0.141946
vn -0.189666 -0.979884 -0.062079
vn -0.376913 -0.789411 -0.484527
vn -0.384582 -0.856825 -0.343435
vn -0.235727 -0.795369 -0.558410
vn -0.669156 -0.675764 -0.309149
vn -0.625440 -0.739095 -0.250128
vn -0.665326 -0.740653 -0.093672
vn -0.629943 -0.776637 0.002683
vn -0.541124 -0.838367 0.065768
vn -0.693270 -0.626122 -0.356859
vn -0.555279 -0.814370 -0.168718
vn -0.500342 -0.862797 -0.072380
vn -0.424904 -0.904898 -0.024818
vn -0.357321 -0.933061 0.041471
vn -0.197669 -0.979683 0.033874
vn -0.593584 -0.685689 -0.421294
vn -0.567592 -0.750948 -0.337515
vn -0.662156 -0.730786 -0.165835
vn -0.670673 -0.739945 -0.051758
vn -0.634836 -0.769585 0.068713
vn -0.612402 -0.778499 0.137491
vn -0.516104 -0.836497 0.184144
vn -0.420373 -0.877373 0.231307
vn -0.335549 -0.930437 0.147287
vn -0.238657 -0.957993 0.159035
vn -0.595531 -0.754343 -0.276244
vn -0.533368 -0.807190 0.252910
vn -0.458549 -0.820237 0.341970
vn -0.333151 -0.893283 0.301756
vn -0.496627 -0.812994 0.303979
vn -0.364424 -0.830003 0.422245
vn -0.305573 -0.826550 0.472695
vn -0.950557 -0.243011 0.193358
vn -0.851822 -0.514427 0.098813
vn -0.842099 -0.477783 0.250185
vn -0.801460 -0.425608 0.420142
vn -0.936506 -0.320473 0.142313
vn -0.921716 -0.256478 0.290962
vn -0.837261 -0.239275 0.491672
vn -0.917001 -0.186195 0.352762
vn -0.526716 -0.847625 0.064042
vn -0.547666 -0.813547 0.195455
vn -0.574168 -0.756581 0.312916
vn -0.690810 -0.718548 0.080438
vn -0.692930 -0.680041 0.239566
vn -0.709727 -0.542944 0.448886
vn -0.712300 -0.401209 0.575900
vn -0.789770 -0.210115 0.576294
vn -0.744171 -0.198145 0.637925
vn -0.725087 -0.112228 0.679451
vn -0.394205 -0.917450 0.053745
vn -0.425238 -0.888874 0.170514
vn -0.475224 -0.819787 0.319550
vn -0.495113 -0.758570 0.423598
vn -0.600395 -0.658645 0.453555
vn -0.633056 -0.512263 0.580368
vn -0.637522 -0.358131 0.682134
vn -0.656607 -0.168582 0.735151
vn -0.596759 -0.063497 0.799904
vn -0.288147 -0.956950 0.034894
vn -0.333306 -0.932840 0.136809
vn -0.297750 -0.935155 0.191910
vn -0.370603 -0.887794 0.272903
vn -0.448631 -0.771552 0.451041
vn -0.512139 -0.638475 0.574511
vn -0.563262 -0.484627 0.669232
vn -0.567897 -0.338394 0.750321
vn -0.628916 -0.126016 0.767193
vn -0.588857 -0.104090 0.801506
vn -0.579197 0.016807 0.815014
vn -0.566386 0.069079 0.821240
vn -0.231882 -0.966826 0.107132
vn -0.268838 -0.924994 0.268538
vn -0.340748 -0.871504 0.352663
vn -0.405542 -0.759870 0.508069
vn -0.392145 -0.715044 0.578735
vn -0.484311 -0.614422 0.622839
vn -0.510641 -0.451353 0.731797
vn -0.485502 -0.319768 0.813656
vn -0.554724 -0.081316 0.828051
vn -0.514367 -0.061158 0.855387
vn -0.516952 0.102970 0.849799
vn -0.482859 0.134287 0.865341
vn -0.216916 -0.975561 0.035049
vn -0.214665 -0.960770 0.175615
vn -0.245694 -0.912391 0.327380
vn -0.292382 -0.853312 0.431708
vn -0.398051 -0.592296 0.700529
vn -0.416264 0.164579 0.894225
vn -0.204559 -0.948277 0.242748
vn -0.313451 -0.751544 0.580457
vn -0.320906 -0.689423 0.649396
vn -0.415258 -0.430692 0.801290
vn -0.386804 -0.293889 0.874078
vn -0.462699 -0.042720 0.885486
vn -0.409072 -0.028751 0.912049
vn -0.396118 0.202709 0.895545
vn -0.366852 0.209172 0.906458
vn -0.175979 -0.983884 0.031690
vn -0.201797 -0.923092 0.327383
vn -0.210474 -0.894661 0.394058
vn -0.240605 -0.836362 0.492552
vn -0.319217 -0.563197 0.762174
vn -0.271501 0.320008 0.907679
vn -0.166215 -0.981926 0.090517
vn -0.162776 -0.974904 0.151875
vn -0.257635 -0.709451 0.655976
vn -0.258882 -0.630798 0.731488
vn -0.294158 -0.381879 0.876150
vn -0.300206 -0.004904 0.953862
vn -0.273249 0.278644 0.920702
vn -0.126174 -0.991584 0.029003
vn -0.151615 -0.963497 0.220648
vn -0.176909 -0.903549 0.390260
vn -0.173923 -0.874441 0.452884
vn -0.206758 -0.799315 0.564223
vn -0.333344 -0.378025 0.863700
vn -0.382750 0.005531 0.923835
vn -0.314713 0.348553 0.882874
vn -0.111738 -0.990517 0.079939
vn -0.118639 -0.984059 0.132485
vn -0.110946 -0.962624 0.247075
vn -0.137348 -0.942518 0.304624
vn -0.213375 -0.660658 0.719724
vn -0.251610 -0.498887 0.829340
vn -0.221461 0.489364 0.843491
vn -0.100098 -0.978287 0.181481
vn -0.133491 -0.918552 0.372078
vn -0.139133 -0.876107 0.461604
vn -0.165960 -0.806154 0.567955
vn -0.097179 -0.994869 0.028136
vn -0.084346 -0.987418 0.133755
vn -0.116444 -0.852820 0.509057
vn -0.138344 -0.765171 0.628788
vn -0.085310 -0.993078 0.080731
vn -0.081990 -0.954840 0.285582
vn -0.099029 -0.930511 0.352621
vn -0.089692 -0.899266 0.428108
vn -0.299974 -0.263393 0.916864
vn -0.332518 0.013439 0.943001
vn -0.289081 0.285686 0.913682
vn -0.175710 -0.575297 0.798848
vn -0.199670 -0.327285 0.923589
vn -0.203519 0.021722 0.978830
vn -0.193961 0.351277 0.915960
vn -0.167038 -0.610602 0.774121
vn -0.233319 -0.332835 0.913665
vn -0.236795 -0.251024 0.938571
vn -0.292491 0.020473 0.956049
vn -0.260356 0.023958 0.965215
vn -0.229539 0.379803 0.896137
vn -0.233009 0.280013 0.931289
vn -0.125866 -0.990037 0.063120
vn -0.071417 -0.980820 0.181359
vn -0.064957 -0.969997 0.234279
vn -0.103204 -0.988205 0.113139
vn -0.074383 -0.853852 0.515173
vn -0.098844 -0.776507 0.622307
vn -0.082755 -0.984249 0.156225
vn -0.049202 -0.956456 0.287701
vn -0.184340 -0.958249 0.218582
vn -0.067550 -0.976379 0.205233
vn -0.051148 -0.932298 0.358056
vn -0.049301 -0.903032 0.426734
vn -0.267122 -0.895129 0.356919
vn -0.198778 -0.918739 0.341183
vn -0.132982 -0.962120 0.237994
vn -0.046910 -0.967223 0.249557
vn -0.025766 -0.867950 0.495983
vn -0.254006 -0.848315 0.464589
vn -0.134482 -0.946197 0.294321
vn -0.016392 -0.908340 0.417912
vn -0.196783 -0.849266 0.489922
vn -0.115855 -0.906522 0.405951
vn -0.085821 -0.963573 0.253300
vn -0.011674 -0.935423 0.353338
vn -0.103957 -0.848861 0.518294
vn -0.061152 -0.944677 0.322251
vn -0.022683 -0.954971 0.295830
vn -0.147720 -0.506749 0.849343
vn -0.136253 -0.268436 0.953613
vn -0.108712 0.014948 0.993961
vn -0.164117 0.525793 0.834630
vn -0.118487 0.297861 0.947228
vn -0.104226 -0.635822 0.764766
vn -0.107976 0.521750 0.846238
vn -0.067202 -0.529958 0.845357
vn -0.087638 -0.325396 0.941508
vn -0.042864 -0.808312 0.587193
vn -0.062428 -0.726234 0.684607
vn -0.049306 -0.265724 0.962787
vn -0.076581 0.352150 0.932805
vn -0.043329 0.030554 0.998594
vn -0.044630 0.309544 0.949837
vn -0.020753 -0.703653 0.710241
vn -0.034326 -0.524130 0.850946
vn 0.002340 -0.809504 0.587109
vn 0.000026 -0.527880 0.849319
vn 0.000163 -0.267966 0.963428
vn -0.006453 0.024211 0.999686
vn 0.011697 0.310888 0.950374
vn -0.922311 -0.253194 -0.291949
vn -0.880568 -0.144776 -0.451265
vn -0.937668 -0.148381 -0.314264
vn -0.900436 -0.017155 -0.434650
vn -0.952946 -0.027244 -0.301913
vn -0.896894 0.088159 -0.433370
vn -0.949185 0.099560 -0.298556
vn -0.867613 0.225159 -0.443341
vn -0.898870 0.263290 -0.350301
vn -0.906383 0.344231 -0.244898
vn -0.761164 -0.278421 -0.585757
vn -0.790776 -0.330871 -0.514973
vn -0.869850 -0.295562 -0.394975
vn -0.797002 -0.156857 -0.583252
vn -0.815914 -0.030108 -0.577389
vn -0.813101 0.102734 -0.572985
vn -0.783119 0.240592 -0.573446
vn -0.761616 0.330030 -0.557692
vn -0.770822 0.403344 -0.493099
vn -0.836513 0.410177 -0.363318
vn -0.780691 0.489181 -0.388874
vn -0.700354 -0.162302 -0.695099
vn -0.664084 -0.025724 -0.747215
vn -0.748064 -0.027400 -0.663060
vn -0.662371 0.102929 -0.742072
vn -0.744901 0.104220 -0.658985
vn -0.685169 0.241576 -0.687157
vn -0.659370 0.328440 -0.676283
vn -0.673285 0.404862 -0.618687
vn -0.666826 0.487405 -0.563718
vn -0.668849 0.549498 -0.500692
vn -0.729194 0.580182 -0.362858
vn -0.667040 0.635327 -0.389124
vn -0.559364 -0.281016 -0.779835
vn -0.579980 -0.161321 -0.798498
vn -0.567873 -0.026282 -0.822696
vn -0.561881 0.101468 -0.820971
vn -0.568724 0.232534 -0.788974
vn -0.569281 0.420195 -0.706651
vn -0.562678 0.547519 -0.619368
vn -0.556663 0.615824 -0.557573
vn -0.553472 0.672165 -0.491796
vn -0.605740 0.712309 -0.354536
vn -0.492805 -0.323965 -0.807583
vn -0.436734 -0.161404 -0.884993
vn -0.447771 -0.030454 -0.893629
vn -0.416885 0.096804 -0.903790
vn -0.511020 0.282578 -0.811793
vn -0.481812 0.384316 -0.787501
vn -0.398790 0.468284 -0.788465
vn -0.479831 0.523344 -0.704183
vn -0.409315 0.611803 -0.676874
vn -0.475906 0.652978 -0.589180
vn -0.286299 -0.260702 -0.921991
vn -0.357687 -0.314553 -0.879271
vn -0.287989 -0.149333 -0.945919
vn -0.323270 -0.031921 -0.945768
vn -0.412662 0.235027 -0.880041
vn -0.285469 0.215039 -0.933952
vn -0.290020 0.318582 -0.902438
vn -0.375806 0.371393 -0.849021
vn -0.346107 0.566390 -0.747939
vn -0.345908 0.699014 -0.625881
vn -0.247695 -0.019898 -0.968634
vn -0.249814 0.093690 -0.963751
vn -0.249857 0.427346 -0.868877
vn -0.282500 0.519870 -0.806182
vn -0.193631 0.598923 -0.777044
vn -0.273207 0.657520 -0.702157
vn -0.940117 -0.274515 -0.202043
vn -0.957268 -0.275451 -0.088119
vn -0.954674 -0.297545 -0.008090
vn -0.947952 -0.318286 -0.009027
vn -0.957435 -0.288355 0.013043
vn -0.961366 -0.253673 0.106892
vn -0.968350 -0.149705 -0.199717
vn -0.982920 -0.156048 -0.097557
vn -0.986700 -0.161940 -0.014055
vn -0.985601 -0.169087 0.001041
vn -0.988022 -0.149919 0.036570
vn -0.982143 -0.124882 0.140710
vn -0.979206 -0.027976 -0.200931
vn -0.994972 -0.023717 -0.097309
vn -0.999689 -0.019412 -0.015655
vn -0.999827 0.005175 0.017889
vn -0.997743 0.046000 0.048921
vn -0.985095 0.077722 0.153452
vn -0.974507 0.105528 -0.197989
vn -0.989507 0.113349 -0.089595
vn -0.991118 0.132802 0.006973
vn -0.976751 0.208425 0.050164
vn -0.959824 0.267120 0.085930
vn -0.945868 0.285576 0.154208
vn -0.956586 0.221308 -0.189645
vn -0.967795 0.237221 -0.084254
vn -0.968987 0.246444 0.018157
vn -0.959908 0.269304 0.077796
vn -0.921868 0.367401 0.123192
vn -0.878606 0.459462 0.130181
vn -0.855800 0.478405 0.196813
vn -0.928756 0.356979 -0.099893
vn -0.931290 0.361817 0.042275
vn -0.917959 0.374164 0.131727
vn -0.883879 0.466898 -0.027649
vn -0.870343 -0.390311 -0.300267
vn -0.857551 0.468820 0.211695
vn -0.809844 0.556433 0.185833
vn -0.770678 0.572272 0.280285
vn -0.859655 0.463917 -0.213949
vn -0.869548 0.472125 0.144858
vn -0.755157 0.600721 0.262436
vn -0.693976 0.675750 0.248514
vn -0.778753 0.572527 -0.256430
vn -0.831483 0.546054 -0.102275
vn -0.832008 0.552149 0.053808
vn -0.818654 0.550503 0.163564
vn -0.778546 0.570732 0.261021
vn -0.757706 0.629878 -0.170690
vn -0.757541 0.647865 -0.080009
vn -0.749261 0.661056 0.040168
vn -0.756586 0.627682 0.183286
vn -0.674705 0.664781 0.320685
vn -0.599804 0.726409 0.335507
vn -0.704088 0.627474 0.332469
vn -0.623856 0.676385 0.391545
vn -0.661226 0.709549 -0.243559
vn -0.665141 0.731327 0.150822
vn -0.687708 0.668771 0.282496
vn -0.484903 0.798192 0.357433
vn -0.544091 0.714268 0.440212
vn -0.504026 0.748312 0.431262
vn -0.626104 0.693862 0.355738
vn -0.547528 0.742162 0.386534
vn -0.402529 0.785814 0.469538
vn -0.484437 0.773578 0.408532
vn -0.454256 0.749309 0.481859
vn -0.455521 0.738850 0.496590
vn -0.373174 0.768679 0.519493
vn -0.340942 0.766375 0.544452
vn -0.250833 0.782383 0.570052
vn -0.540535 0.756020 -0.369128
vn -0.403820 0.735885 -0.543510
vn -0.463837 0.757769 -0.458957
vn -0.434082 0.829146 -0.352263
vn -0.420854 0.877156 -0.231256
vn -0.350181 0.808351 -0.473225
vn -0.284300 0.858058 -0.427680
vn -0.314205 0.889832 -0.330870
vn -0.191926 0.729889 -0.656068
vn -0.272844 0.771880 -0.574245
vn -0.186070 0.841054 -0.507943
vn -0.650713 0.752100 -0.104489
vn -0.629291 0.776091 0.040940
vn -0.642385 0.727145 0.242080
vn -0.537384 0.810805 -0.231977
vn -0.536503 0.836265 -0.113253
vn -0.572087 0.802069 0.171470
vn -0.564727 0.776365 0.279895
vn -0.520410 0.853880 -0.007851
vn -0.508193 0.847521 0.153126
vn -0.455377 0.848842 0.268512
vn -0.426009 0.899538 -0.096684
vn -0.444481 0.894445 0.049046
vn -0.385037 0.909256 0.158113
vn -0.383807 0.856538 0.345015
vn -0.341614 0.830302 0.440338
vn -0.350136 0.916192 -0.194930
vn -0.349293 0.933467 -0.081450
vn -0.344783 0.937841 0.039737
vn -0.332506 0.907973 0.254999
vn -0.267573 0.814091 0.515423
vn -0.244910 0.950097 -0.193224
vn -0.249157 0.958996 0.135087
vn -0.235813 0.941390 0.241199
vn -0.265246 0.887613 0.376546
vn -0.185429 0.864413 0.467339
vn -0.233354 0.970300 -0.063746
vn -0.231653 0.972388 0.028247
vn -0.157855 -0.252533 -0.954625
vn -0.167756 -0.144745 -0.975145
vn -0.170297 -0.024855 -0.985079
vn -0.168652 0.100197 -0.980570
vn -0.164344 0.215714 -0.962527
vn -0.166704 0.340598 -0.925312
vn -0.092914 0.441554 -0.892411
vn -0.174309 0.507622 -0.843763
vn -0.161225 0.671252 -0.723483
vn -0.071457 -0.262868 -0.962182
vn -0.074463 -0.148669 -0.986079
vn -0.077296 -0.024666 -0.996703
vn -0.077405 0.102011 -0.991767
vn -0.075858 0.219115 -0.972746
vn -0.068207 0.319877 -0.945001
vn -0.071871 0.579104 -0.812080
vn -0.075088 0.682926 -0.726618
vn 0.017883 -0.263565 -0.964476
vn 0.018627 -0.150079 -0.988499
vn 0.019257 -0.025226 -0.999496
vn 0.019147 0.102356 -0.994564
vn 0.017989 0.218502 -0.975671
vn 0.016901 0.325266 -0.945471
vn 0.017279 0.447051 -0.894341
vn 0.018795 0.543524 -0.839183
vn 0.018002 0.660039 -0.751016
vn 0.106096 -0.260990 -0.959494
vn 0.109341 -0.146724 -0.983116
vn 0.112854 -0.023818 -0.993326
vn 0.113352 0.101796 -0.988326
vn 0.111769 0.217723 -0.969590
vn 0.103372 0.319059 -0.942080
vn 0.128051 0.446370 -0.885639
vn 0.113541 0.582044 -0.805191
vn 0.112672 0.682384 -0.722258
vn 0.185804 -0.250595 -0.950094
vn 0.195127 -0.141320 -0.970543
vn 0.198508 -0.021721 -0.979859
vn 0.200073 0.102010 -0.974456
vn 0.194614 0.212348 -0.957619
vn 0.234472 0.336517 -0.912019
vn 0.230275 0.473161 -0.850348
vn 0.230769 0.591883 -0.772283
vn 0.197244 0.669524 -0.716123
vn 0.281852 -0.252763 -0.925565
vn 0.277934 -0.135867 -0.950943
vn 0.279982 -0.022181 -0.959749
vn 0.277118 0.097159 -0.955911
vn 0.320539 0.249786 -0.913707
vn 0.343526 0.388593 -0.854977
vn 0.345350 0.496209 -0.796562
vn 0.353921 0.575092 -0.737570
vn 0.318604 0.640419 -0.698824
vn 0.386322 0.687976 -0.614364
vn 0.389180 -0.265476 -0.882078
vn 0.401075 -0.142716 -0.904860
vn 0.381447 -0.018282 -0.924210
vn 0.486507 -0.024861 -0.873323
vn 0.383455 0.086985 -0.919454
vn 0.488870 0.104382 -0.866089
vn 0.396995 0.215225 -0.892229
vn 0.450670 0.361761 -0.816104
vn 0.439531 0.489234 -0.753301
vn 0.441735 0.609960 -0.657890
vn 0.483859 -0.289423 -0.825903
vn 0.515331 -0.262044 -0.815945
vn 0.534319 -0.169525 -0.828109
vn 0.535175 0.259984 -0.803739
vn 0.541449 0.392460 -0.743511
vn 0.537058 0.527345 -0.658390
vn 0.543224 0.632608 -0.552010
vn 0.557923 0.707629 -0.433570
vn 0.109797 0.795112 0.596440
vn 0.292356 0.782624 0.549571
vn 0.396033 0.761730 0.512763
vn 0.417529 0.765225 0.490000
vn 0.496769 0.732680 0.465188
vn 0.564431 0.697856 0.440925
vn 0.490775 0.739275 0.461099
vn -0.161671 0.793286 -0.586992
vn -0.171598 0.908366 -0.381347
vn -0.069469 0.771605 -0.632297
vn -0.073868 0.853494 -0.515841
vn -0.074884 0.912506 -0.402151
vn -0.021732 0.960163 -0.278596
vn 0.020935 0.775161 -0.631417
vn 0.020076 0.868158 -0.495882
vn 0.024430 0.928168 -0.371359
vn 0.108322 0.764296 -0.635703
vn 0.129118 0.849217 -0.512015
vn 0.108552 0.912927 -0.393422
vn 0.119896 0.953081 -0.277961
vn 0.232290 0.725095 -0.648289
vn 0.210235 0.799682 -0.562414
vn 0.287822 0.824284 -0.487560
vn 0.211711 0.879498 -0.426218
vn 0.229241 0.925256 -0.302242
vn 0.317355 0.755217 -0.573527
vn 0.327285 0.860951 -0.389420
vn 0.305572 0.901744 -0.305750
vn 0.436104 0.728043 -0.528930
vn 0.418684 0.806123 -0.418175
vn 0.430806 0.855279 -0.287929
vn 0.492679 0.749317 -0.442483
vn 0.550829 0.773314 -0.313965
vn -0.170110 0.806972 0.565560
vn -0.154123 0.947670 -0.279586
vn -0.162885 0.916997 0.364122
vn -0.140600 0.976486 -0.163422
vn -0.096563 0.993112 -0.066357
vn -0.142079 0.989446 0.028477
vn -0.098193 0.987554 0.122864
vn -0.144480 0.960944 0.236035
vn -0.076906 0.859132 0.505943
vn -0.067391 0.799235 0.597229
vn -0.072300 0.929427 0.361853
vn -0.061055 0.985110 -0.160716
vn -0.055006 0.998052 0.029431
vn -0.061274 0.969982 0.235330
vn 0.017398 0.822091 0.569090
vn 0.013019 0.943532 0.331024
vn 0.018437 0.891835 0.451985
vn 0.018752 0.987418 -0.157013
vn 0.015733 0.998096 -0.059636
vn 0.016771 0.999415 0.029802
vn 0.009372 0.992828 0.119183
vn 0.050354 0.971774 0.230478
vn 0.111390 0.855041 0.506456
vn 0.114039 0.924805 0.362947
vn 0.082008 0.983902 -0.158784
vn 0.126636 0.989988 -0.062349
vn 0.133210 0.990568 0.032084
vn 0.095310 0.987976 0.121737
vn 0.209462 0.803482 0.557263
vn 0.213764 0.962684 0.165964
vn 0.188705 0.949505 0.250659
vn 0.206971 0.903890 0.374360
vn 0.194617 0.864666 0.463117
vn 0.181648 0.968982 -0.167567
vn 0.298694 0.834021 0.463887
vn 0.321348 0.770824 0.550060
vn 0.281575 0.943664 -0.173824
vn 0.283771 0.956225 -0.071474
vn 0.387935 0.920965 0.036473
vn 0.283190 0.949557 0.134701
vn 0.299883 0.915300 0.268879
vn 0.325033 0.870650 0.369219
vn 0.264558 0.963976 0.027546
vn 0.427934 0.822005 0.375739
vn 0.435843 0.879187 -0.192538
vn 0.400259 0.913110 -0.077608
vn 0.385784 0.910066 0.151492
vn 0.378076 0.890275 0.253909
vn 0.567694 0.796969 -0.206311
vn 0.503122 0.860603 -0.078934
vn 0.573440 0.817790 0.048847
vn 0.489008 0.858948 0.151920
vn 0.481642 0.837971 0.256563
vn 0.543045 0.753265 0.371071
vn 0.474949 0.879369 0.033674
vn 0.381750 -0.250410 -0.889697
vn 0.574179 -0.099866 -0.812616
vn 0.583196 -0.000804 -0.812331
vn 0.591751 0.109232 -0.798686
vn 0.584523 0.191984 -0.788337
vn 0.648090 0.247191 -0.720330
vn 0.675613 0.317727 -0.665280
vn 0.633975 0.389934 -0.667853
vn 0.586362 0.465671 -0.662820
vn 0.653918 0.511242 -0.557694
vn 0.685216 0.546090 -0.481938
vn 0.648954 0.621148 -0.439356
vn 0.636788 0.696178 -0.331417
vn 0.496822 -0.163449 -0.852322
vn 0.251641 -0.077252 -0.964733
vn 0.569207 -0.060321 -0.819979
vn 0.412790 0.078553 -0.907433
vn 0.626907 0.034806 -0.778316
vn 0.563695 0.167807 -0.808758
vn 0.654874 0.214325 -0.724710
vn 0.662434 0.326304 -0.674319
vn 0.697727 0.387179 -0.602719
vn 0.709123 0.410388 -0.573346
vn 0.701740 0.496141 -0.511278
vn 0.714570 0.574402 -0.399314
vn 0.715294 0.603798 -0.351827
vn -0.080332 0.118445 -0.989706
vn 0.113820 0.306254 -0.945121
vn 0.127486 0.431059 -0.893272
vn 0.413018 0.272670 -0.868946
vn 0.252814 0.374700 -0.892012
vn 0.544510 0.276421 -0.791896
vn 0.455117 0.462684 -0.760784
vn 0.417832 0.616140 -0.667674
vn 0.642918 0.475662 -0.600335
vn 0.560082 0.628734 -0.539445
vn -0.368145 0.258802 -0.893023
vn -0.437946 0.441993 -0.782845
vn -0.309610 0.443988 -0.840842
vn -0.161503 0.496859 -0.852671
vn -0.341483 0.557393 -0.756771
vn -0.107121 0.490069 -0.865077
vn 0.038775 0.635076 -0.771476
vn 0.196206 0.819338 -0.538692
vn -0.447392 0.300755 -0.842251
vn -0.414721 0.523200 -0.744492
vn -0.330272 0.679886 -0.654734
vn -0.259661 0.709102 -0.655553
vn -0.127458 0.781315 -0.610984
vn -0.267921 0.799241 -0.537989
vn -0.124755 0.861450 -0.492280
vn -0.340984 0.296268 -0.892163
vn -0.365245 0.376524 -0.851367
vn -0.347636 0.466049 -0.813602
vn -0.357881 0.584974 -0.727823
vn -0.253008 0.642789 -0.723055
vn -0.297399 0.750620 -0.590020
vn -0.268358 0.868396 -0.416980
vn -0.231691 0.916763 -0.325369
vn -0.221114 0.273041 -0.936246
vn -0.236315 0.410513 -0.880701
vn -0.221399 0.537447 -0.813716
vn -0.218529 0.726671 -0.651302
vn -0.228905 0.792921 -0.564694
vn -0.208691 0.872601 -0.441606
vn -0.105397 0.260586 -0.959680
vn -0.124111 0.401062 -0.907604
vn -0.121336 0.554231 -0.823472
vn -0.123345 0.703661 -0.699748
vn -0.124021 0.817506 -0.562408
vn -0.045413 0.892532 -0.448691
vn -0.121025 0.927672 -0.353239
vn 0.603801 0.691247 0.396992
vn 0.592645 0.731103 0.338024
vn 0.627205 0.679046 0.381458
vn 0.543109 0.750892 0.375757
vn 0.665754 0.716494 -0.208345
vn 0.664119 0.730815 0.157658
vn 0.611553 0.744606 0.267517
vn 0.624359 0.724368 0.292346
vn 0.702850 0.656019 0.275028
vn 0.652443 0.685007 0.324167
vn 0.658506 0.666933 0.348670
vn 0.733915 0.637060 -0.235636
vn 0.744187 0.660413 -0.100202
vn 0.721660 0.690073 0.054837
vn 0.730902 0.660252 0.172770
vn 0.678084 0.650487 0.342153
vn 0.409772 0.864878 0.289953
vn 0.406535 0.872832 0.269989
vn 0.566791 0.777009 -0.273871
vn 0.535105 0.806894 0.250170
vn 0.512592 0.789786 0.336879
vn 0.560262 0.769205 0.307295
vn 0.571889 0.769289 0.284846
vn 0.714751 0.645247 -0.269789
vn 0.716188 0.689855 -0.105712
vn 0.716448 0.697002 0.029835
vn 0.697759 0.701395 0.145522
vn 0.676929 0.686958 0.264304
vn 0.178117 0.909743 0.375023
vn 0.136398 0.960101 0.244134
vn 0.284253 0.905512 -0.315036
vn 0.286314 0.950049 -0.124220
vn 0.284583 0.958640 0.004630
vn 0.274362 0.956139 0.102580
vn 0.266601 0.929691 0.254163
vn 0.253359 0.887629 0.384609
vn 0.570833 0.813115 -0.113990
vn 0.570139 0.821412 0.014987
vn 0.557768 0.820605 0.124509
vn -0.081702 0.922773 0.376583
vn -0.093265 0.967477 0.235139
vn -0.066152 0.953672 -0.293486
vn -0.074160 0.989799 -0.121645
vn -0.081822 0.996490 -0.017686
vn -0.085077 0.993284 0.078417
vn -0.110727 0.970754 0.213018
vn -0.141603 0.920108 0.365171
vn -0.210671 0.926994 0.310323
vn -0.247864 0.933849 -0.257857
vn -0.243870 0.960675 -0.132784
vn -0.218902 0.975317 -0.028941
vn -0.220035 0.972277 0.079133
vn -0.219249 0.955959 0.195119
vn -0.226891 0.929314 0.291368
vn -0.175846 0.937822 0.299280
vn -0.211152 0.909608 0.357810
vn -0.211656 0.907494 0.362844
vn -0.204718 0.952642 -0.224863
vn -0.216362 0.967460 -0.131180
vn -0.114317 0.923011 0.367398
vn -0.104566 0.931132 0.349368
vn -0.116946 0.964732 -0.235831
vn -0.122746 0.983016 -0.136433
vn -0.125973 0.991582 -0.029923
vn -0.125751 0.988378 0.085417
vn -0.123225 0.973835 0.190947
vn -0.116180 0.952635 0.281051
vn 0.605130 0.790336 -0.095850
vn 0.585096 0.793700 0.166439
vn 0.670845 0.741213 -0.023882
vn -0.915566 -0.181269 0.358999
vn -0.963394 -0.112293 0.243438
vn -0.914040 -0.094052 0.394569
vn -0.965223 0.081835 0.248288
vn -0.916871 0.083201 0.390417
vn -0.907052 0.323006 0.270044
vn -0.886087 0.261601 0.382642
vn -0.841473 -0.098245 0.531292
vn -0.773825 -0.061157 0.630440
vn -0.853666 0.090740 0.512855
vn -0.773104 0.090293 0.627819
vn -0.812090 0.466417 0.350664
vn -0.821951 0.356372 0.444292
vn -0.780365 0.342649 0.523090
vn -0.743969 0.269192 0.611593
vn -0.722292 0.537738 0.434892
vn -0.778910 -0.122761 0.615004
vn -0.715510 -0.093545 0.692311
vn -0.629383 -0.050393 0.775459
vn -0.638855 0.092820 0.763708
vn -0.682332 0.467055 0.562391
vn -0.662026 0.361069 0.656774
vn -0.626535 0.255566 0.736302
vn -0.660109 0.683617 0.311325
vn -0.638121 0.668115 0.382653
vn -0.619452 0.601590 0.504350
vn -0.601682 0.536396 0.591827
vn -0.573389 0.758466 0.309765
vn -0.545408 0.738540 0.396344
vn -0.658888 -0.091585 0.746645
vn -0.534680 0.085626 0.840705
vn -0.574142 0.459179 0.677876
vn -0.535897 0.334109 0.775362
vn -0.532901 0.670975 0.515567
vn -0.521548 0.597368 0.609212
vn -0.468230 0.521866 0.713033
vn -0.453700 0.811045 0.369274
vn -0.474732 0.754923 0.452460
vn -0.417757 0.741429 0.525131
vn -0.523948 -0.037932 0.850905
vn -0.484014 -0.035141 0.874355
vn -0.436412 0.104774 0.893626
vn -0.433417 0.305644 0.847780
vn -0.386391 0.673966 0.629660
vn -0.366745 0.829257 0.421700
vn -0.386096 0.829509 0.403539
vn -0.466002 0.018079 0.884599
vn -0.378105 0.022942 0.925478
vn -0.387906 0.469894 0.792924
vn -0.340741 0.332978 0.879216
vn -0.343185 0.597065 0.725077
vn -0.277211 0.509779 0.814420
vn -0.289753 0.843000 0.453205
vn -0.306421 0.771553 0.557505
vn -0.243020 0.741366 0.625554
vn -0.316244 0.808618 0.496111
vn -0.283653 0.866723 0.410284
vn -0.389175 0.089206 0.916834
vn -0.292786 0.021476 0.955937
vn -0.262449 0.133782 0.955627
vn -0.236783 0.300296 0.923989
vn -0.232448 0.652587 0.721178
vn -0.211565 0.858072 0.467924
vn -0.211328 0.812395 0.543466
vn -0.213795 0.860118 0.463129
vn -0.241048 0.805123 0.541916
vn -0.316822 0.178661 0.931506
vn -0.232097 0.100478 0.967489
vn -0.161224 0.446896 0.879938
vn -0.097055 0.290123 0.952055
vn -0.142921 0.675645 0.723241
vn -0.169032 0.543669 0.822102
vn -0.128207 0.854249 0.503808
vn -0.145960 0.773674 0.616542
vn -0.133264 0.864199 0.485181
vn -0.144030 0.807681 0.571757
vn -0.220026 0.257148 0.940991
vn -0.160043 0.178016 0.970926
vn -0.091313 0.178106 0.979765
vn -0.057982 0.459715 0.886171
vn -0.066138 0.595656 0.800512
vn -0.053024 0.835329 0.547187
vn -0.065232 0.764170 0.641708
vn 0.002668 0.694980 0.719024
vn -0.052723 0.866817 0.495831
vn -0.045484 0.877641 0.477156
vn -0.053977 0.812036 0.581106
vn -0.173715 0.357454 0.917633
vn -0.217648 0.478733 0.850555
vn -0.078061 0.273171 0.958793
vn 0.025468 0.460759 0.887160
vn 0.006245 0.320193 0.947332
vn 0.033805 0.572635 0.819113
vn 0.026561 0.812399 0.582496
vn 0.020730 0.864251 0.502633
vn 0.023259 0.877475 0.479057
vn 0.019568 0.813595 0.581102
vn -0.115839 0.460684 0.879973
vn -0.034551 0.355741 0.933946
vn 0.034616 0.275190 0.960766
vn 0.118613 0.463276 0.878240
vn 0.117757 0.357271 0.926548
vn 0.191452 0.660407 0.726091
vn 0.120745 0.570343 0.812483
vn 0.095585 0.847989 0.521324
vn 0.099204 0.717459 0.689501
vn 0.099751 0.865935 0.490109
vn 0.109617 0.806205 0.581392
vn -0.087667 0.545921 0.833238
vn -0.177993 0.566848 0.804364
vn 0.059661 0.450529 0.890766
vn 0.201316 0.449304 0.870401
vn 0.135447 0.348682 0.927402
vn 0.218685 0.450529 0.865564
vn 0.203049 0.540967 0.816165
vn 0.174010 0.813689 0.554644
vn 0.188355 0.760376 0.621571
vn 0.199198 0.817799 0.539931
vn 0.176097 0.873851 0.453181
vn 0.167174 0.866820 0.469762
vn -0.076206 0.632184 0.771062
vn -0.154006 0.589121 0.793233
vn 0.109913 0.564943 0.817777
vn 0.018299 0.619396 0.784865
vn 0.272629 0.643227 0.715494
vn 0.292919 0.542516 0.787321
vn 0.306697 0.836647 0.453827
vn 0.265854 0.803015 0.533374
vn 0.293202 0.727617 0.620166
vn 0.262154 0.848410 0.459864
vn 0.240432 0.854394 0.460656
vn -0.077000 0.691909 0.717867
vn -0.114835 0.723177 0.681049
vn 0.109062 0.652986 0.749476
vn -0.026300 0.736817 0.675581
vn 0.229734 0.544181 0.806901
vn 0.441387 0.669770 0.597148
vn 0.381268 0.620475 0.685307
vn 0.358932 0.824557 0.437348
vn 0.379726 0.748937 0.543048
vn 0.362012 0.812723 0.456540
vn 0.109893 0.745030 0.657917
vn 0.010768 0.800106 0.599762
vn -0.075847 0.811967 0.578755
vn 0.345380 0.656279 0.670828
vn 0.252689 0.662491 0.705162
vn 0.436980 0.634795 0.637247
vn 0.352957 0.561785 0.748211
vn 0.515603 0.700487 0.493428
vn 0.460465 0.791706 0.401464
vn 0.444176 0.809919 0.383064
vn 0.462517 0.764255 0.449436
vn -0.154116 0.634186 0.757665
vn -0.108357 0.770120 0.628628
vn 0.067176 0.832496 0.549944
vn -0.020588 0.856439 0.515837
vn 0.395994 0.739351 0.544563
vn 0.300590 0.757104 0.580034
vn 0.178158 0.797598 0.576279
vn 0.489932 0.693908 0.527692
vn 0.490831 0.657282 0.571897
vn 0.550586 0.745866 0.374886
vn -0.091529 0.788063 0.608753
vn 0.021964 0.887046 0.461159
vn -0.073201 0.855060 0.513336
vn 0.354186 0.824929 0.440505
vn 0.189891 0.868659 0.457572
vn 0.096170 0.880546 0.464101
vn 0.548727 0.752498 0.364205
vn 0.521954 0.722986 0.452609
vn 0.612691 0.722042 0.321349
vn -0.044623 0.892194 0.449443
vn -0.078410 0.888784 0.451570
vn 0.241286 0.893883 0.377828
vn 0.105750 0.930703 0.350156
vn -0.010474 0.923612 0.383185
vn 0.401971 0.837958 0.369115
vn 0.452103 0.782466 0.428194
vn -0.087426 0.914935 0.394019
vn 0.077324 0.939760 0.332974
vn -0.043409 0.963698 0.263442
vn -0.055682 0.957119 0.284293
vn -0.088472 0.933289 0.348058
vn 0.075847 0.948615 0.307207
vn -0.064560 0.807711 0.586033
vn -0.182812 0.944499 0.272948
vn -0.163814 0.921604 0.351867
vn -0.138795 0.963974 0.226916
vn -0.136713 0.896700 0.420997
vn -0.107966 0.869800 0.481448
vn -0.163835 0.936939 0.308714
vn -0.161257 0.958869 0.233594
vn -0.195621 0.954111 0.226726
vn -0.064987 0.834894 0.546561
vn -0.132124 0.904703 0.405038
vn -0.137273 0.964836 0.224158
vn -0.049333 0.842031 0.537169
vn -0.077751 0.880390 0.467834
vn -0.084218 0.966380 0.242933
vn -0.069412 0.969701 0.234226
vn -0.072578 0.942242 0.326976
vn -0.013621 0.912243 0.409424
vn -0.093040 0.670460 0.736089
vn -0.054263 0.560139 0.826619
vn -0.047641 0.728206 0.683700
vn -0.012162 0.543354 0.839415
vn -0.027041 0.786245 0.617323
vn -0.019010 0.703179 0.710759
vn -0.019764 -0.891721 -0.452154
vn 0.072211 -0.940869 -0.330986
vn 0.116890 -0.814576 -0.568158
vn 0.083452 -0.886439 -0.455261
vn 0.185596 -0.918694 -0.348647
vn 0.205363 -0.850154 -0.484834
vn 0.312257 -0.855263 -0.413546
vn 0.410398 -0.865837 -0.286181
vn -0.016278 -0.977701 -0.209369
vn -0.018877 -0.992338 -0.122103
vn -0.015855 -0.999497 -0.027451
vn -0.014062 -0.997315 0.071863
vn -0.013772 -0.985423 0.169563
vn -0.015800 -0.956791 0.290346
vn -0.014914 -0.908771 0.417028
vn -0.015435 -0.848919 0.528297
vn 0.079644 -0.974019 -0.212000
vn 0.080627 -0.989279 -0.121761
vn 0.079585 -0.996499 -0.025609
vn 0.080737 -0.994073 0.072806
vn 0.078773 -0.982604 0.168176
vn 0.079799 -0.953639 0.290181
vn 0.090517 -0.904303 0.417183
vn 0.089252 -0.847086 0.523908
vn 0.210074 -0.942611 -0.259525
vn 0.170909 -0.977584 -0.122965
vn 0.170890 -0.984958 -0.025563
vn 0.171890 -0.982447 0.072462
vn 0.175116 -0.969928 0.169039
vn 0.192422 -0.938404 0.287004
vn 0.208054 -0.895668 0.393054
vn 0.181427 -0.839341 0.512437
vn 0.293657 -0.925217 -0.240290
vn 0.282272 -0.951616 -0.121446
vn 0.285752 -0.957934 -0.026612
vn 0.285688 -0.955769 0.069917
vn 0.300025 -0.932094 0.202944
vn 0.405149 -0.903569 -0.139343
vn 0.414207 -0.909808 -0.026125
vn 0.416220 -0.905325 0.084540
vn 0.324675 -0.887601 0.326728
vn 0.282874 -0.841447 0.460381
vn 0.417190 -0.884516 0.208767
vn 0.420930 -0.842218 0.336878
vn 0.383374 -0.829804 0.405525
vn 0.527856 -0.814714 -0.240020
vn 0.514082 -0.847540 -0.131891
vn 0.555528 -0.830924 -0.030897
vn 0.517955 -0.851628 0.080323
vn 0.517221 -0.834280 0.190942
vn 0.501269 -0.817812 0.282689
vn -0.018319 -0.678460 -0.734409
vn -0.014506 -0.756415 -0.653931
vn -0.013007 -0.445225 -0.895324
vn -0.012676 -0.166510 -0.985958
vn -0.016799 -0.073021 -0.997189
vn -0.015618 0.024461 -0.999579
vn -0.013172 0.127318 -0.991774
vn 0.087127 -0.713535 -0.695181
vn 0.088080 -0.571869 -0.815602
vn 0.096789 -0.461136 -0.882035
vn 0.084127 -0.326519 -0.941439
vn 0.082633 -0.182006 -0.979819
vn 0.209195 -0.298450 -0.931217
vn 0.071465 -0.072781 -0.994784
vn 0.073999 0.030377 -0.996796
vn 0.078214 0.130065 -0.988416
vn 0.174565 -0.688695 -0.703723
vn 0.219883 -0.748209 -0.625967
vn 0.308263 -0.791298 -0.528036
vn 0.208406 -0.547463 -0.810463
vn 0.220019 -0.623109 -0.750551
vn 0.303892 -0.670238 -0.677075
vn 0.242809 -0.460727 -0.853683
vn 0.224989 -0.374887 -0.899355
vn 0.180275 -0.173589 -0.968177
vn 0.164317 -0.068231 -0.984045
vn 0.165011 0.035066 -0.985668
vn 0.222008 0.180357 -0.958219
vn 0.365747 -0.715195 -0.595588
vn 0.424813 -0.804692 -0.414735
vn 0.369779 -0.581311 -0.724804
vn 0.357128 -0.465175 -0.809982
vn 0.366927 -0.339978 -0.865898
vn 0.305089 -0.193692 -0.932418
vn 0.300346 -0.068176 -0.951391
vn 0.424662 -0.082816 -0.901556
vn 0.299143 0.027825 -0.953803
vn 0.421613 0.039080 -0.905934
vn 0.314070 0.155708 -0.936544
vn 0.466501 -0.705958 -0.532916
vn 0.453643 -0.622833 -0.637407
vn 0.488676 -0.477855 -0.729966
vn 0.480840 -0.336124 -0.809823
vn 0.425987 -0.209055 -0.880245
vn 0.429018 0.172012 -0.886767
vn 0.505604 0.285972 -0.813993
vn 0.521720 -0.709748 -0.473356
vn 0.579565 -0.704286 -0.409981
vn 0.514295 -0.572593 -0.638465
vn 0.580519 -0.621976 -0.525494
vn 0.587851 -0.496828 -0.638430
vn 0.616333 -0.547891 -0.565641
vn 0.590113 -0.372708 -0.716140
vn 0.535683 -0.199873 -0.820423
vn 0.546164 -0.079517 -0.833896
vn 0.547757 0.038039 -0.835772
vn 0.540381 0.151140 -0.827735
vn 0.638870 -0.714275 -0.285756
vn 0.676810 -0.572644 -0.462610
vn 0.695405 -0.606910 -0.384801
vn 0.675019 -0.443204 -0.589847
vn 0.689642 -0.504469 -0.519524
vn 0.631981 -0.297510 -0.715603
vn 0.686378 -0.359484 -0.632184
vn 0.650623 -0.215949 -0.728049
vn 0.667185 -0.089713 -0.739470
vn 0.668595 0.034950 -0.742805
vn 0.653883 0.163806 -0.738651
vn 0.705308 -0.573472 -0.416738
vn 0.692149 -0.422490 -0.585176
vn 0.708972 -0.501939 -0.495394
vn 0.717841 -0.233184 -0.655995
vn 0.698852 -0.290323 -0.653696
vn 0.683936 -0.126340 -0.718519
vn 0.647415 0.031551 -0.761484
vn 0.674078 0.191612 -0.713375
vn 0.362615 -0.803799 0.471612
vn 0.326796 -0.814779 0.478894
vn 0.506787 -0.793933 -0.335913
vn 0.632708 -0.760477 -0.146133
vn 0.619894 -0.781588 0.069648
vn 0.501890 -0.795778 0.338886
vn 0.383294 -0.852336 0.355822
vn 0.222849 -0.944296 0.242164
vn 0.671445 -0.739166 -0.052866
vn 0.614687 -0.769822 0.171858
vn 0.562183 -0.792917 0.235017
vn 0.715325 -0.647689 -0.262316
vn 0.700762 -0.695085 -0.160591
vn 0.641776 -0.766744 0.015073
vn 0.631681 -0.762083 0.142156
vn 0.448975 -0.853010 0.266072
vn 0.282210 -0.942921 0.176797
vn 0.700853 -0.685544 -0.197064
vn 0.654768 -0.745730 -0.123146
vn 0.576693 -0.811875 0.091023
vn 0.481108 -0.856918 0.185005
vn 0.677580 -0.658680 -0.327147
vn 0.559046 -0.825788 -0.074441
vn 0.470196 -0.882451 0.013975
vn 0.333294 -0.939791 0.075553
vn 0.167931 -0.983765 0.063293
vn 0.637731 -0.556616 -0.532427
vn 0.632465 -0.307690 -0.710855
vn 0.551610 -0.474518 -0.685974
vn 0.611191 -0.172849 -0.772379
vn 0.490802 -0.237216 -0.838356
vn 0.475192 0.028967 -0.879405
vn 0.601512 0.235866 -0.763250
vn 0.476241 0.289254 -0.830377
vn 0.327318 -0.532736 -0.780420
vn 0.328930 -0.263939 -0.906720
vn 0.323068 0.023457 -0.946085
vn 0.321332 0.303453 -0.897030
vn 0.242325 -0.333491 -0.911077
vn 0.232285 0.019614 -0.972450
vn 0.236332 0.362749 -0.901421
vn 0.306045 -0.262766 -0.915036
vn 0.338303 0.013246 -0.940944
vn 0.294490 0.288286 -0.911135
vn 0.614559 -0.734415 -0.288013
vn 0.567596 -0.796927 -0.206740
vn 0.420180 -0.891551 -0.169073
vn 0.323337 -0.942685 -0.082451
vn 0.249436 -0.967306 -0.045840
vn 0.155822 -0.987606 -0.018835
vn 0.097080 -0.995274 -0.002016
vn 0.561478 -0.686735 -0.461669
vn 0.483650 -0.800473 -0.354014
vn 0.412073 -0.868121 -0.276699
vn 0.472225 -0.650939 -0.594375
vn 0.231468 -0.941767 -0.243923
vn 0.177789 -0.971036 -0.159627
vn 0.079325 -0.992366 -0.094431
vn 0.009396 -0.998022 -0.062162
vn 0.400188 -0.768394 -0.499419
vn 0.314750 -0.846222 -0.429932
vn 0.268598 -0.902982 -0.335377
vn 0.343824 -0.717109 -0.606251
vn 0.267285 -0.796714 -0.542038
vn 0.123425 -0.945561 -0.301131
vn 0.082650 -0.970477 -0.226590
vn 0.036700 -0.983682 -0.176134
vn -0.036448 -0.987159 -0.155528
vn -0.101628 -0.988517 -0.111830
vn 0.190868 -0.869892 -0.454816
vn 0.163028 -0.918198 -0.361019
vn 0.238257 -0.664467 -0.708320
vn 0.261471 -0.514596 -0.816593
vn 0.234991 0.513029 -0.825579
vn -0.111172 -0.979819 -0.166118
vn 0.025953 -0.957671 -0.286693
vn -0.032230 -0.974748 -0.220968
vn 0.115716 -0.909410 -0.399480
vn 0.068616 -0.931747 -0.356566
vn 0.252416 -0.646314 -0.720114
vn 0.203886 -0.785662 -0.584094
vn -0.066236 -0.977437 -0.200571
vn -0.034321 -0.968937 -0.244914
vn 0.194705 -0.827356 -0.526852
vn 0.150315 -0.877300 -0.455796
vn 0.334185 -0.367094 -0.868080
vn 0.382134 0.004156 -0.924098
vn 0.305616 0.364514 -0.879618
vn 0.015565 -0.978060 -0.207743
vn 0.066446 -0.930070 -0.361323
vn 0.026567 -0.964355 -0.263274
vn 0.117536 -0.887259 -0.446046
vn 0.253950 -0.614939 -0.746565
vn 0.278524 -0.679078 -0.679174
vn 0.234988 -0.776721 -0.584367
vn 0.293120 -0.364072 -0.884043
vn 0.320812 -0.517999 -0.792942
vn 0.298599 -0.009129 -0.954335
vn 0.264822 0.303080 -0.915430
vn 0.280511 0.389918 -0.877085
vn 0.114290 -0.973171 -0.199689
vn 0.131042 -0.911651 -0.389513
vn 0.108106 -0.956209 -0.271990
vn 0.233663 -0.819270 -0.523639
vn 0.153559 -0.869417 -0.469611
vn 0.381196 -0.289739 -0.877919
vn 0.406121 -0.033704 -0.913198
vn 0.359892 0.211120 -0.908794
vn 0.214013 -0.889902 -0.402830
vn 0.193059 -0.936517 -0.292684
vn 0.208104 -0.953340 -0.218713
vn 0.333160 -0.630800 -0.700782
vn 0.308358 -0.699465 -0.644720
vn 0.339863 -0.751111 -0.565973
vn 0.405514 -0.416548 -0.813662
vn 0.401595 -0.549731 -0.732473
vn 0.451731 -0.050459 -0.890726
vn 0.386519 0.252356 -0.887085
vn 0.302271 -0.865692 -0.399011
vn 0.285822 -0.911590 -0.295482
vn 0.296655 -0.933880 -0.199658
vn 0.353296 -0.795658 -0.492046
vn 0.401438 -0.850814 -0.339061
vn 0.407013 -0.642366 -0.649389
vn 0.483626 -0.313737 -0.817114
vn 0.513084 -0.065180 -0.855860
vn 0.444662 0.233078 -0.864841
vn 0.384956 -0.888036 -0.251397
vn 0.387770 -0.907989 -0.158713
vn 0.438420 -0.795013 -0.419216
vn 0.464607 -0.852117 -0.240907
vn 0.480198 -0.864803 -0.146712
vn 0.470583 -0.675755 -0.567368
vn 0.455914 -0.749208 -0.480448
vn 0.520191 -0.421012 -0.743068
vn 0.513148 -0.555953 -0.653908
vn 0.581590 -0.074304 -0.810082
vn 0.482000 0.122516 -0.867563
vn 0.598532 0.220392 -0.770186
vn 0.496520 -0.797435 -0.342877
vn 0.533586 -0.812873 -0.233502
vn 0.538952 -0.699297 -0.469590
vn 0.581690 -0.312392 -0.751031
vn 0.589027 -0.443644 -0.675446
vn 0.569109 -0.586592 -0.576216
vn 0.613351 -0.050451 -0.788198
vn 0.651860 -0.059453 -0.756006
vn 0.697548 0.242344 -0.674311
vn 0.565811 -0.815472 -0.121916
vn 0.610469 -0.709197 -0.352658
vn 0.654811 -0.324046 -0.682801
vn 0.658332 -0.462802 -0.593644
vn 0.635251 -0.608366 -0.475759
vn 0.694807 -0.032570 -0.718458
vn 0.723857 -0.040012 -0.688789
vn 0.726181 0.305490 -0.615903
vn 0.748198 0.456375 -0.481582
vn 0.627405 -0.745138 -0.226125
vn 0.636580 -0.764325 -0.102826
vn 0.734550 -0.345216 -0.584177
vn 0.749196 -0.485342 -0.450720
vn 0.728160 -0.640486 -0.244051
vn 0.756531 -0.647958 -0.088375
vn 0.779371 -0.036620 -0.625491
vn 0.827163 -0.025041 -0.561404
vn 0.769883 0.254423 -0.585277
vn 0.803323 0.382864 -0.456167
vn 0.839172 0.474859 -0.265140
vn 0.829599 -0.359801 -0.426976
vn 0.894091 -0.391794 -0.217022
vn 0.922836 -0.378172 -0.073203
vn 0.883051 -0.009955 -0.469172
vn 0.979104 0.001462 -0.203352
vn 0.997379 0.009380 -0.071744
vn 0.855264 0.285816 -0.432241
vn 0.918078 0.318766 -0.235629
vn 0.942246 0.315394 -0.112688
vn -0.014356 -0.847460 0.530666
vn -0.007202 -0.903492 0.428545
vn 0.005239 -0.945735 0.324896
vn 0.021116 -0.953532 0.300550
vn 0.014472 -0.935034 0.354264
vn 0.025191 -0.908787 0.416499
vn 0.022718 -0.866418 0.498802
vn 0.082606 -0.844155 0.529697
vn 0.077990 -0.901701 0.425268
vn 0.094841 -0.942671 0.319964
vn 0.054604 -0.959722 0.275595
vn 0.169434 -0.840656 0.514382
vn 0.157154 -0.897219 0.412675
vn 0.099127 -0.962993 0.250635
vn 0.056515 -0.967801 0.245291
vn 0.248768 -0.833388 0.493538
vn 0.209250 -0.894501 0.395072
vn 0.140302 -0.945640 0.293396
vn 0.019598 -0.957264 0.288551
vn 0.004601 -0.937221 0.348706
vn 0.286873 -0.880594 0.377171
vn 0.165398 -0.948710 0.269430
vn 0.082542 -0.974799 0.207252
vn 0.004853 -0.910809 0.412799
vn 0.001905 -0.856404 0.516303
vn -0.008193 -0.795622 0.605738
vn 0.103691 -0.978475 0.178422
vn 0.036062 -0.978461 0.203257
vn 0.142607 -0.981660 0.126522
vn 0.071002 -0.989157 0.128559
vn -0.030482 -0.983885 0.176184
vn -0.071380 -0.960335 0.269559
vn -0.106856 -0.922035 0.372066
vn -0.145138 -0.864445 0.481320
vn -0.163089 -0.795899 0.583049
vn 0.099305 -0.992938 0.064910
vn 0.035210 -0.997484 0.061527
vn -0.081306 -0.993451 0.080279
vn -0.176508 -0.977869 0.112326
vn -0.247701 -0.945201 0.212696
vn -0.425831 -0.866364 0.260925
vn -0.275697 -0.897658 0.343804
vn -0.387311 -0.816465 0.428222
vn 0.025910 -0.703942 0.709784
vn 0.037349 -0.525913 0.849718
vn 0.036033 -0.271667 0.961717
vn 0.033198 0.025607 0.999121
vn 0.040657 -0.806254 0.590171
vn -0.023360 0.310003 0.950448
vn 0.042061 -0.724763 0.687713
vn 0.021883 -0.539126 0.841941
vn 0.016704 -0.285038 0.958371
vn -0.002624 0.004437 0.999987
vn -0.062190 0.510952 0.857356
vn -0.020177 -0.674395 0.738095
vn -0.072995 -0.565350 0.821615
vn -0.083419 -0.388984 0.917460
vn -0.157811 -0.060001 0.985645
vn -0.247726 0.459751 0.852796
vn -0.208576 0.262678 0.942070
vn -0.221849 -0.688182 0.690789
vn -0.402535 -0.586686 0.702684
vn -0.322872 -0.425122 0.845591
vn -0.427585 -0.138568 0.893292
vn -0.467962 0.363155 0.805686
vn -0.516986 0.162945 0.840342
vn -0.707074 -0.017823 0.706915
vn -0.556849 -0.677112 0.481080
vn -0.402113 -0.720327 0.565185
vn -0.531479 -0.586380 0.611301
vn -0.616687 -0.500342 0.607746
vn -0.538528 -0.418009 0.731612
vn -0.641191 -0.389568 0.661143
vn -0.588762 -0.175054 0.789123
vn -0.676031 -0.216643 0.704307
vn -0.691766 -0.153053 0.705715
vn -0.721424 -0.076135 0.688296
vn -0.469189 -0.882632 0.028679
vn -0.482278 -0.869349 0.107889
vn 0.031194 -0.999512 -0.001370
vn -0.039255 -0.999224 -0.003147
vn -0.113509 -0.993505 -0.007939
vn -0.206174 -0.978503 -0.004983
vn -0.286814 -0.957447 0.032151
vn -0.415780 -0.904947 0.090546
vn -0.491677 -0.851693 0.181311
vn -0.538052 -0.798165 0.270985
vn -0.302151 -0.933246 -0.194310
vn -0.393180 -0.913114 -0.107855
vn -0.442198 -0.870226 0.217184
vn -0.051910 -0.997035 -0.056806
vn -0.111011 -0.990871 -0.076493
vn -0.208768 -0.972208 -0.105958
vn -0.291117 -0.953087 -0.082927
vn -0.368234 -0.929429 -0.023781
vn -0.528705 -0.819833 0.219875
vn -0.337486 -0.935118 -0.107968
vn -0.349204 -0.936921 -0.015332
vn -0.352784 -0.932123 0.081791
vn -0.212053 -0.961231 -0.176265
vn -0.168988 -0.974953 -0.144602
vn -0.217340 -0.953162 -0.210347
vn -0.245140 -0.958736 -0.143985
vn -0.192672 -0.981033 -0.021249
vn -0.205019 -0.975886 0.074931
vn -0.194743 -0.966011 0.169997
vn -0.149458 -0.972795 -0.177010
vn -0.205143 -0.950660 -0.232727
vn -0.332854 -0.922790 0.194077
vn -0.096908 -0.969674 -0.224368
vn -0.089446 -0.990129 -0.107907
vn -0.090519 -0.995646 -0.022276
vn -0.088529 -0.993937 0.065207
vn -0.083387 -0.983944 0.157802
vn -0.102002 -0.962133 -0.252777
vn 0.020464 -0.971739 -0.235170
vn 0.016606 -0.993612 -0.111618
vn 0.016211 -0.999663 -0.020283
vn 0.020812 -0.997465 0.068048
vn 0.019545 -0.988054 0.152864
vn 0.016080 -0.979246 -0.202034
vn 0.017308 -0.964489 -0.263556
vn 0.135085 -0.964650 -0.226281
vn 0.120761 -0.986544 -0.110216
vn 0.123490 -0.992160 -0.019181
vn 0.120487 -0.990304 0.069137
vn 0.127927 -0.963215 0.236331
vn 0.128046 -0.963755 -0.234054
vn 0.187054 -0.928332 0.321264
vn 0.259028 -0.943640 -0.206030
vn 0.257581 -0.959631 -0.112962
vn 0.261278 -0.965039 -0.020823
vn 0.254225 -0.960289 0.114952
vn 0.229511 -0.954498 -0.190415
vn 0.262043 -0.934988 -0.239020
vn 0.395901 -0.908484 -0.133860
vn 0.407506 -0.912890 -0.023898
vn 0.412172 -0.906910 0.087341
vn 0.325511 -0.917979 0.226622
vn -0.542897 -0.760950 0.355272
vn -0.543397 -0.719189 0.432998
vn -0.575871 -0.708197 0.408448
vn -0.560126 -0.613831 0.556301
vn -0.615801 -0.460810 0.639096
vn -0.605206 -0.381237 0.698845
vn -0.677817 -0.256054 0.689203
vn -0.633149 -0.124260 0.763991
vn -0.416964 -0.853669 0.312074
vn -0.527824 -0.781295 0.333136
vn -0.523683 -0.686931 0.503868
vn -0.496609 -0.577861 0.647655
vn -0.555955 -0.512401 0.654492
vn -0.447549 -0.456818 0.768776
vn -0.506895 -0.364519 0.781142
vn -0.583266 -0.257727 0.770310
vn -0.495184 -0.092800 0.863818
vn -0.333461 -0.839800 0.428414
vn -0.427896 -0.797352 0.425599
vn -0.401811 -0.737553 0.542736
vn -0.274673 -0.713397 0.644685
vn -0.421338 -0.640655 0.641900
vn -0.415782 -0.554614 0.720783
vn -0.368447 -0.328991 0.869489
vn -0.475607 -0.219910 0.851726
vn -0.338317 -0.202752 0.918930
vn -0.346539 -0.102867 0.932378
vn -0.226357 -0.928971 0.292875
vn -0.235474 -0.881483 0.409315
vn -0.233184 -0.818373 0.525254
vn -0.238763 -0.612470 0.753574
vn -0.299376 -0.537695 0.788199
vn -0.248298 -0.443535 0.861176
vn -0.225669 -0.313187 0.922490
vn -0.219209 -0.201709 0.954600
vn -0.227113 -0.094622 0.969261
vn -0.086107 -0.951918 0.294003
vn -0.101159 -0.902894 0.417792
vn -0.093220 -0.849076 0.519981
vn -0.111010 -0.748677 0.653575
vn -0.116474 -0.622798 0.773665
vn -0.107288 -0.459112 0.881876
vn -0.108760 -0.319736 0.941244
vn -0.100700 -0.211905 0.972088
vn -0.105684 -0.099839 0.989375
vn 0.014569 -0.954636 0.297418
vn 0.032154 -0.907837 0.418089
vn 0.024276 -0.829323 0.558242
vn 0.025312 -0.716162 0.697475
vn 0.027333 -0.610545 0.791510
vn 0.019639 -0.464628 0.885288
vn 0.019731 -0.306988 0.951509
vn 0.024103 -0.214204 0.976492
vn 0.024891 -0.103494 0.994319
vn 0.156699 -0.892064 0.423872
vn 0.144412 -0.825412 0.545747
vn 0.151571 -0.717559 0.679805
vn 0.152501 -0.601948 0.783838
vn 0.189946 -0.477888 0.857638
vn 0.111287 -0.436130 0.892976
vn 0.161688 -0.327858 0.930788
vn 0.146721 -0.207554 0.967158
vn 0.154487 -0.104098 0.982495
vn 0.299954 -0.895172 0.329689
vn 0.269114 -0.838388 0.474007
vn 0.402943 -0.786747 0.467618
vn 0.284391 -0.732049 0.619053
vn 0.411135 -0.673452 0.614354
vn 0.285943 -0.612355 0.737060
vn 0.324444 -0.532302 0.781914
vn 0.333391 -0.398275 0.854534
vn 0.267822 -0.269511 0.925005
vn 0.424181 -0.254472 0.869088
vn 0.266788 -0.096377 0.958924
vn 0.349257 -0.911913 -0.215488
vn 0.403570 -0.890565 -0.209823
vn 0.423029 -0.882311 0.206334
vn 0.337803 -0.924775 -0.175155
vn 0.429148 -0.881359 -0.197579
vn 0.512816 -0.848638 -0.129746
vn 0.531930 -0.846398 -0.025709
vn 0.529249 -0.844814 0.078647
vn 0.547959 -0.813029 0.196787
vn 0.432818 -0.891021 -0.136930
vn 0.502469 -0.849021 -0.163364
vn 0.618877 -0.785316 -0.016421
vn 0.625593 -0.775773 0.082520
vn 0.522099 -0.848742 -0.083966
vn 0.569692 -0.815535 -0.101756
vn 0.624825 -0.774593 -0.097980
vn 0.676874 -0.735097 -0.038400
vn 0.719382 -0.689253 0.086141
vn 0.693845 -0.692805 0.196470
vn 0.642825 -0.764156 -0.053302
vn 0.692002 -0.718790 -0.066883
vn 0.741172 -0.671100 -0.016992
vn 0.603828 -0.796431 -0.032998
vn 0.696183 -0.716775 0.039534
vn 0.752960 -0.657818 -0.018067
vn 0.798369 -0.602168 0.000478
vn 0.811215 -0.578081 0.088044
vn 0.794252 -0.566042 0.220816
vn 0.814605 -0.575899 0.068982
vn 0.846570 -0.532263 0.003973
vn 0.901343 -0.430019 0.051623
vn 0.867299 -0.487884 0.098803
vn 0.851001 -0.481613 0.209393
vn 0.886198 -0.460769 0.048434
vn 0.893463 -0.405107 0.193938
vn 0.665097 -0.746698 0.009399
vn 0.713074 -0.692897 0.106859
vn 0.778844 -0.605033 0.165337
vn 0.774694 -0.631020 0.040783
vn 0.790716 -0.588946 0.167067
vn 0.860576 -0.433340 0.267629
vn 0.905080 -0.392669 0.163222
vn 0.944585 -0.322320 0.062200
vn 0.945353 -0.310863 0.098342
vn 0.928664 -0.299527 0.218786
vn 0.938198 -0.126459 0.322168
vn 0.970740 -0.166588 0.172954
vn 0.979226 -0.186065 0.080602
vn 0.976388 -0.196893 0.088875
vn 0.968858 -0.185236 0.164319
vn 0.951214 0.294830 0.090920
vn 0.972213 0.122122 0.199722
vn 0.991425 0.001310 0.130672
vn 0.995766 -0.065244 0.064759
vn 0.992835 -0.084348 0.084645
vn 0.981945 -0.086579 0.168189
vn 0.928102 -0.369723 0.043949
vn 0.915834 -0.367481 0.161880
vn 0.890926 -0.335837 0.305720
vn 0.999499 -0.003007 0.031495
vn 0.989307 -0.035001 0.141588
vn 0.944109 -0.076785 0.320565
vn 0.962849 0.268902 0.024774
vn 0.968589 0.208791 0.135064
vn 0.952079 0.146221 0.268636
vn 0.397437 -0.847781 0.351158
vn 0.551373 -0.761909 0.339828
vn 0.429807 -0.720519 0.544168
vn 0.444160 -0.592477 0.672081
vn 0.440077 -0.501351 0.744970
vn 0.471076 -0.402269 0.785027
vn 0.398263 -0.125352 0.908666
vn 0.546504 -0.110329 0.830157
vn 0.508493 -0.816422 0.273660
vn 0.534938 -0.696157 0.478756
vn 0.627466 -0.660296 0.412669
vn 0.549193 -0.594709 0.587118
vn 0.667925 -0.486809 0.562932
vn 0.564852 -0.485440 0.667301
vn 0.565538 -0.349358 0.747071
vn 0.642405 -0.213763 0.735949
vn 0.546028 -0.233597 0.804541
vn 0.656422 -0.696774 0.289163
vn 0.716968 -0.614947 0.328324
vn 0.667133 -0.580792 0.466491
vn 0.755026 -0.546952 0.361634
vn 0.746000 -0.488820 0.452260
vn 0.676487 -0.377027 0.632627
vn 0.811553 -0.366002 0.455438
vn 0.781546 -0.330061 0.529383
vn 0.807190 -0.223637 0.546288
vn 0.718302 -0.243583 0.651697
vn 0.815941 -0.101460 0.569163
vn 0.721365 -0.118359 0.682367
vn 0.658064 -0.019699 0.752704
vn 0.817131 -0.460777 0.346384
vn 0.870134 -0.367010 0.328894
vn 0.923292 -0.229355 0.308104
vn 0.893434 -0.200077 0.402175
vn 0.909203 -0.086758 0.407214
vn 0.961948 -0.082246 0.260561
vn -0.013444 0.261454 -0.965122
vn -0.014305 0.369017 -0.929313
vn -0.011391 0.490205 -0.871533
vn -0.016757 0.615601 -0.787880
vn -0.017799 0.711576 -0.702384
vn -0.014322 0.813784 -0.580991
vn -0.012635 0.945290 -0.325986
vn 0.078372 0.260824 -0.962200
vn 0.097231 0.404144 -0.909513
vn 0.094080 0.557227 -0.825013
vn 0.094043 0.699975 -0.707949
vn 0.091217 0.805649 -0.585328
vn 0.107428 0.891008 -0.441093
vn 0.080815 0.943066 -0.322638
vn 0.198722 0.277719 -0.939884
vn 0.210205 0.407517 -0.888675
vn 0.200627 0.532596 -0.822247
vn 0.201374 0.676149 -0.708711
vn 0.227355 0.776894 -0.587151
vn 0.228759 0.855054 -0.465351
vn 0.231138 0.914364 -0.332437
vn 0.377926 0.316316 -0.870124
vn 0.355566 0.408538 -0.840636
vn 0.400730 0.511540 -0.760094
vn 0.285351 0.499264 -0.818114
vn 0.349908 0.596612 -0.722231
vn 0.285949 0.651633 -0.702572
vn 0.349657 0.718577 -0.601154
vn 0.362091 0.799750 -0.478842
vn 0.358747 0.863542 -0.354394
vn 0.490483 0.455353 -0.743021
vn 0.462413 0.581894 -0.669009
vn 0.478953 0.650327 -0.589643
vn 0.459606 0.728791 -0.507570
vn 0.470724 0.790426 -0.391977
vn 0.607290 0.324398 -0.725234
vn 0.576994 0.424802 -0.697583
vn 0.585680 0.542447 -0.602271
vn 0.631562 0.589254 -0.503894
vn 0.584261 0.661792 -0.469755
vn 0.543360 0.759914 -0.356779
vn 0.647120 0.246159 -0.721555
vn 0.685469 0.314618 -0.656618
vn 0.673750 0.371030 -0.639060
vn 0.670267 0.468198 -0.575789
vn 0.663076 0.582164 -0.470548
vn 0.686690 0.597270 -0.414399
vn 0.642342 0.669371 -0.373282
vn 0.668612 0.486057 -0.562767
vn -0.005197 0.933004 0.359829
vn -0.017580 0.971367 -0.236934
vn -0.016957 0.990046 -0.139722
vn -0.016487 0.999427 -0.029575
vn -0.015513 0.996126 0.086554
vn -0.014656 0.980944 0.193739
vn -0.014699 0.958515 0.284662
vn -0.014581 0.929227 0.369223
vn 0.086319 0.923164 0.374591
vn 0.102375 0.928221 0.357665
vn 0.090055 0.967613 -0.235827
vn 0.092390 0.986076 -0.138270
vn 0.094834 0.995091 -0.028276
vn 0.095505 0.991625 0.086939
vn 0.094238 0.976511 0.193767
vn 0.084442 0.956723 0.278478
vn 0.184451 0.933284 0.308153
vn 0.260927 0.911430 0.318140
vn 0.219580 0.903195 0.368814
vn 0.184600 0.955882 -0.228502
vn 0.192951 0.971898 -0.134847
vn 0.195916 0.980255 -0.026782
vn 0.195516 0.976999 0.085126
vn 0.190323 0.962921 0.191210
vn 0.184929 0.924749 0.332627
vn 0.252508 0.923372 0.289178
vn 0.352186 0.887493 0.297190
vn 0.318371 0.879203 0.354461
vn 0.292966 0.927988 -0.230239
vn 0.289345 0.948812 -0.126629
vn 0.292637 0.955813 -0.028010
vn 0.287643 0.954595 0.077521
vn 0.286971 0.939497 0.187065
vn 0.347552 0.888895 0.298452
vn 0.282897 0.932324 0.225258
vn 0.414684 0.880912 -0.228104
vn 0.430175 0.893913 -0.125972
vn 0.434425 0.900250 -0.028709
vn 0.513658 0.854103 0.081625
vn 0.416012 0.891014 0.181737
vn 0.394756 0.916048 0.070878
vn 0.256458 0.936726 0.238272
vn 0.205874 0.978030 0.032763
vn 0.614227 0.750291 -0.244519
vn 0.511450 0.841569 0.173725
vn 0.433281 0.889109 0.147488
vn 0.375838 0.891650 0.252401
vn 0.339020 0.931630 0.130889
vn 0.518689 0.819327 -0.244264
vn 0.587450 0.798253 -0.133020
vn 0.582121 0.812010 -0.042118
vn 0.671060 0.680625 -0.293986
vn 0.611880 0.756458 -0.231029
vn 0.343670 0.938882 0.019774
vn 0.232520 0.971356 -0.049018
vn 0.096890 0.974187 -0.203890
vn -0.110549 0.983293 0.144616
vn -0.275801 0.958353 -0.074113
vn 0.657804 0.735508 -0.162239
vn 0.612354 0.786163 -0.083486
vn 0.617860 0.786183 0.012845
vn 0.515632 0.850089 0.107106
vn -0.003859 0.999510 -0.031054
vn -0.459293 0.870013 -0.179238
vn 0.591924 0.804007 0.056561
vn 0.638725 0.652257 -0.408156
vn 0.630850 0.697639 -0.339600
vn 0.529285 0.830211 -0.174951
vn 0.390116 0.899304 -0.197642
vn 0.222743 0.962560 -0.154477
vn -0.094906 0.963077 -0.251945
vn -0.204079 0.922101 -0.328758
vn 0.496103 0.868085 -0.017631
vn -0.394201 0.777345 -0.490246
vn -0.387425 0.841166 -0.377283
vn -0.485887 0.830663 -0.271867
vn -0.547828 0.763352 -0.342312
vn 0.615607 0.366664 -0.697557
vn 0.523919 0.521004 -0.673842
vn 0.577490 0.649531 -0.494585
vn 0.299548 0.564499 -0.769163
vn 0.422610 0.713430 -0.558943
vn 0.429120 0.796485 -0.425991
vn 0.302522 0.868643 -0.392351
vn 0.210930 0.865059 -0.455171
vn 0.449901 0.842922 -0.295079
vn 0.190767 0.895753 -0.401541
vn -0.079857 0.901545 -0.425251
vn -0.210495 0.888443 -0.407874
vn -0.347804 0.747273 -0.566229
vn -0.508518 0.753697 -0.416353
vn -0.472584 0.741997 -0.475504
vn -0.473280 0.798038 -0.373016
vn 0.273828 0.738038 -0.616699
vn 0.204869 0.835965 -0.509108
vn 0.119827 0.874968 -0.469118
vn -0.028235 0.828346 -0.559504
vn -0.176251 0.772856 -0.609614
vn -0.336352 0.692846 -0.637834
vn -0.397679 0.723923 -0.563726
vn -0.381247 0.798413 -0.466033
vn -0.395773 0.862488 -0.315402
vn 0.209981 0.658350 -0.722830
vn 0.154503 0.768180 -0.621312
vn 0.088812 0.805321 -0.586149
vn -0.030076 0.787937 -0.615021
vn -0.105086 0.681141 -0.724571
vn -0.180282 0.694645 -0.696396
vn -0.240606 0.696072 -0.676456
vn -0.168057 0.642040 -0.748025
vn -0.300390 0.725903 -0.618733
vn -0.301595 0.820232 -0.486066
vn -0.303847 0.888976 -0.342636
vn 0.192139 0.642600 -0.741720
vn 0.125904 0.677050 -0.725087
vn 0.043558 0.752683 -0.656941
vn -0.035525 0.726635 -0.686105
vn -0.146900 0.617815 -0.772480
vn -0.217314 0.679428 -0.700822
vn -0.187867 0.777368 -0.600338
vn -0.193740 0.853505 -0.483729
vn -0.240842 0.899659 -0.364154
vn -0.164872 0.914137 -0.370366
vn 0.212899 0.565967 -0.796464
vn 0.056538 0.674578 -0.736035
vn -0.003677 0.674440 -0.738321
vn -0.058222 0.625066 -0.778398
vn -0.074982 0.646335 -0.759360
vn -0.081074 0.728697 -0.680021
vn -0.061455 0.813122 -0.578840
vn -0.069024 0.912574 -0.403045
vn 0.184790 0.523439 -0.831784
vn 0.099483 0.610892 -0.785439
vn 0.035920 0.606946 -0.793931
vn 0.037328 0.667893 -0.743321
vn 0.075199 0.790807 -0.607428
vn 0.032833 0.873447 -0.485812
vn 0.051167 0.920502 -0.387374
vn 0.229731 0.477178 -0.848248
vn 0.204720 0.554417 -0.806667
vn 0.157651 0.606104 -0.779605
vn 0.153380 0.642042 -0.751170
vn 0.177023 0.720991 -0.669951
vn 0.256258 0.760448 -0.596700
vn 0.159596 0.834914 -0.526733
vn 0.159164 0.896628 -0.413188
vn 0.139162 0.930005 -0.340182
vn 0.335602 0.446046 -0.829708
vn 0.309942 0.569700 -0.761169
vn 0.258685 0.597466 -0.759023
vn 0.276975 0.631361 -0.724340
vn 0.337425 0.671286 -0.659939
vn 0.294423 0.809249 -0.508362
vn 0.256037 0.875330 -0.410174
vn 0.247369 0.907499 -0.339492
vn 0.421495 0.391016 -0.818198
vn 0.443676 0.511579 -0.735825
vn 0.407827 0.579828 -0.705320
vn 0.434749 0.603093 -0.668784
vn 0.489706 0.646073 -0.585472
vn 0.423220 0.723133 -0.545860
vn 0.379604 0.818898 -0.430473
vn 0.352965 0.872843 -0.336989
vn 0.544202 0.420807 -0.725787
vn 0.536772 0.525594 -0.660020
vn 0.552908 0.548624 -0.627140
vn 0.581572 0.585476 -0.564794
vn 0.545729 0.704164 -0.454240
vn 0.477384 0.792205 -0.380153
vn 0.585832 0.350211 -0.730858
vn 0.648097 0.422336 -0.633721
vn 0.646480 0.496707 -0.579091
vn 0.697200 0.542671 -0.468424
vn 0.734884 0.585034 -0.343046
vn 0.636037 0.625082 -0.452470
vn 0.646756 0.671304 -0.362019
vn 0.577767 0.761739 -0.293155
vn 0.707518 0.446308 -0.547930
vn 0.674119 0.507401 -0.536757
vn 0.746110 0.476240 -0.465312
vn 0.809990 0.451512 -0.374238
vn 0.849359 0.411488 -0.330554
vn 0.780015 0.461739 -0.422343
vn 0.858356 0.396723 -0.325325
vn 0.795134 0.488702 -0.359071
vn 0.826759 0.476021 -0.299789
vn 0.859712 0.467564 -0.205620
vn 0.883920 0.389529 -0.258752
vn 0.903013 0.423283 -0.073479
vn -0.006820 0.819933 0.572419
vn 0.011171 0.857801 0.513860
vn 0.001354 0.968625 0.248524
vn 0.009290 0.970974 0.239005
vn 0.015744 0.950866 0.309201
vn 0.072998 0.847824 0.525229
vn 0.048515 0.814992 0.577438
vn 0.109051 0.923872 0.366835
vn 0.071374 0.900120 0.429755
vn 0.087372 0.964179 0.250449
vn 0.085612 0.967712 0.237075
vn 0.011091 0.783868 0.620829
vn 0.097249 0.859602 0.501624
vn 0.097381 0.890416 0.444608
vn 0.175969 0.953650 0.244103
vn 0.148566 0.967877 0.202837
vn 0.147416 0.946114 0.288334
vn 0.045044 0.882100 0.468904
vn 0.015344 0.845550 0.533676
vn 0.132734 0.956540 0.259639
vn 0.130799 0.928423 0.347739
vn 0.209920 0.958855 0.191132
vn -0.108761 0.767696 0.631518
vn -0.096557 0.890041 0.445539
vn -0.119986 0.898710 0.421810
vn -0.138566 0.842828 0.520039
vn -0.032816 0.961185 0.273947
vn -0.051209 0.953528 0.296921
vn -0.086783 0.903452 0.419813
vn 0.174544 0.978487 0.109992
vn 0.075131 0.990763 0.112892
vn 0.041301 0.974671 0.219796
vn -0.283753 0.722696 0.630234
vn -0.350148 0.843908 0.406468
vn -0.450239 0.736479 0.504860
vn 0.057576 0.974130 -0.218532
vn -0.261040 0.932674 0.248951
vn -0.386024 0.890786 0.239763
vn -0.432522 0.832674 0.345802
vn -0.606458 0.723248 0.330334
vn -0.640745 0.673791 0.368037
vn 0.008860 0.996178 -0.086895
vn -0.179609 0.983560 0.018736
vn -0.307210 0.940058 0.148033
vn -0.503822 0.846237 0.173342
vn -0.685163 0.563769 0.461212
vn -0.319337 0.904922 -0.281317
vn -0.667658 0.712675 0.215235
vn -0.736794 0.626718 0.253692
vn -0.772739 0.539161 0.334934
vn -0.436708 0.868834 -0.233270
vn -0.466092 0.881085 -0.080297
vn -0.535646 0.843776 0.033550
vn -0.627198 0.771786 0.104737
vn -0.779062 0.614399 0.124808
vn -0.819044 0.544353 0.181235
vn -0.839324 0.481697 0.251998
vn -0.614714 0.777914 -0.130294
vn -0.653721 0.756208 -0.028273
vn -0.759080 0.648544 0.056467
vn -0.809050 0.574869 0.122326
vn -0.567066 0.790128 -0.232669
vn -0.823307 0.521371 0.224363
vn -0.708219 0.704475 -0.046271
vn -0.775465 0.630529 0.032961
vn -0.586334 0.786733 -0.193039
vn -0.625941 0.769564 -0.126373
vn -0.714241 0.699834 0.009567
vn -0.734314 0.670912 0.103247
vn -0.751853 0.619503 0.225681
vn 0.017981 0.708185 0.705798
vn 0.017845 0.779772 0.625810
vn 0.023353 0.552519 0.833173
vn 0.015907 0.704460 0.709565
vn -0.078942 0.652565 0.753609
vn -0.331068 0.589451 0.736845
vn -0.520639 0.596477 0.610860
vn -0.575882 0.395882 0.715288
vn -0.701235 0.229360 0.675028
vn -0.717836 0.117595 0.686209
vn -0.694574 0.455551 0.556813
vn -0.770094 0.303584 0.561064
vn -0.814382 0.424289 0.395930
vn -0.809286 0.338072 0.480379
vn -0.819051 0.458883 0.344356
vn -0.808404 0.396689 0.434880
vn -0.784700 0.182225 0.592486
vn -0.747750 0.044159 0.662510
vn -0.738821 0.149090 0.657203
vn -0.754917 0.301429 0.582444
vn -0.741532 0.222673 0.632888
vn -0.738115 0.394727 0.547153
vn -0.747055 0.569703 0.342560
vn -0.731315 0.530202 0.429027
vn -0.523982 0.804722 -0.279043
vn -0.490973 0.842148 -0.223007
vn -0.542495 0.820192 -0.181618
vn -0.638573 0.764822 -0.085275
vn -0.646962 0.735203 0.202276
vn -0.551051 0.824403 -0.129239
vn -0.591542 0.806192 -0.011501
vn -0.606160 0.790763 0.085228
vn -0.389926 0.880430 -0.269817
vn -0.451900 0.860066 -0.236796
vn -0.446835 0.873348 -0.193912
vn -0.530772 0.820781 0.211187
vn -0.454220 0.884168 -0.109228
vn -0.467056 0.883998 -0.020154
vn -0.466627 0.877442 0.111152
vn -0.306976 0.903247 -0.299851
vn -0.321072 0.904310 -0.281312
vn -0.352935 0.905412 -0.235938
vn -0.447950 0.842953 0.297944
vn -0.345883 0.928879 -0.132473
vn -0.363270 0.931210 -0.029707
vn -0.358829 0.929499 0.085283
vn -0.367132 0.907486 0.204164
vn -0.184058 0.925929 -0.329815
vn -0.201613 0.925057 -0.321903
vn -0.230329 0.944548 -0.234046
vn -0.257586 0.952661 -0.161511
vn -0.238550 0.970336 -0.039266
vn -0.234522 0.968273 0.086300
vn -0.258758 0.941116 0.217591
vn -0.069449 0.934675 -0.348653
vn -0.089585 0.939463 -0.330732
vn -0.111505 0.960811 -0.253789
vn -0.108997 0.982693 -0.149778
vn -0.126522 0.985451 0.113483
vn -0.099978 0.973432 0.205999
vn 0.027642 0.935456 -0.352361
vn 0.026870 0.942113 -0.334219
vn 0.024718 0.964424 -0.263201
vn 0.022597 0.987925 -0.153274
vn 0.070360 0.991255 0.111640
vn 0.033950 0.978568 0.203107
vn 0.122420 0.925476 -0.358478
vn 0.143332 0.932361 -0.331903
vn 0.157926 0.957319 -0.242073
vn 0.149348 0.980306 -0.129208
vn 0.175620 0.984182 -0.023293
vn 0.170655 0.981941 0.081659
vn 0.182791 0.958278 0.219753
vn 0.248849 0.906651 -0.340674
vn 0.284433 0.908567 -0.305947
vn 0.262308 0.940480 -0.216082
vn 0.288488 0.947529 -0.137710
vn 0.307373 0.951171 -0.028198
vn 0.301946 0.948911 0.091632
vn 0.278644 0.941454 0.189794
vn -0.662998 0.025132 0.748199
vn -0.629193 0.169119 0.758627
vn -0.672503 0.292953 0.679646
vn -0.743552 0.460465 0.484873
vn -0.630991 0.430959 0.645077
vn -0.650648 0.526223 0.547491
vn -0.668282 0.661210 0.340882
vn -0.625721 0.621210 0.471775
vn -0.622549 0.729988 0.282047
vn -0.499922 0.018329 0.865876
vn -0.494510 0.132892 0.858952
vn -0.572791 0.300821 0.762507
vn -0.538195 0.396462 0.743750
vn -0.549154 0.543401 0.634937
vn -0.558099 0.750148 0.354689
vn -0.519392 0.731441 0.441844
vn -0.524667 0.648602 0.551398
vn -0.432299 0.627816 0.647274
vn -0.332035 0.017475 0.943105
vn -0.434880 0.273981 0.857796
vn -0.343883 0.136410 0.929052
vn -0.325836 0.232570 0.916374
vn -0.432691 0.438725 0.787591
vn -0.389350 0.525360 0.756574
vn -0.447104 0.738889 0.504124
vn -0.368375 0.716805 0.592022
vn -0.385562 0.808553 0.444505
vn -0.343583 0.789371 0.508767
vn -0.332656 0.870880 0.361812
vn -0.227617 0.020269 0.973540
vn -0.224350 0.134985 0.965115
vn -0.337100 0.361541 0.869282
vn -0.231280 0.250481 0.940090
vn -0.232271 0.390535 0.890804
vn -0.319060 0.604748 0.729713
vn -0.249312 0.528931 0.811218
vn -0.263272 0.675238 0.689015
vn -0.198386 0.624440 0.755458
vn -0.240869 0.803612 0.544234
vn -0.203508 0.742250 0.638474
vn -0.225302 0.928789 0.294263
vn -0.219826 0.880595 0.419796
vn -0.108804 0.021109 0.993839
vn -0.108318 0.139829 0.984233
vn -0.103196 0.246571 0.963615
vn -0.108606 0.507303 0.854897
vn -0.093997 0.375261 0.922141
vn -0.095232 0.636087 0.765718
vn -0.101942 0.845422 0.524280
vn -0.096970 0.760077 0.642557
vn -0.105493 0.942723 0.316456
vn -0.102362 0.903209 0.416816
vn 0.023733 0.019878 0.999521
vn 0.022276 0.140145 0.989880
vn 0.022277 0.248759 0.968309
vn 0.024945 0.506908 0.861639
vn 0.027159 0.380776 0.924268
vn 0.026071 0.759327 0.650186
vn 0.062684 0.630306 0.773812
vn 0.034276 0.848544 0.528014
vn 0.033449 0.946242 0.321724
vn 0.020985 0.910551 0.412865
vn 0.153283 0.018293 0.988013
vn 0.150477 0.137060 0.979066
vn 0.146433 0.246710 0.957962
vn 0.168630 0.525960 0.833625
vn 0.141955 0.378569 0.914623
vn 0.285148 0.605366 0.743117
vn 0.192838 0.780485 0.594690
vn 0.176680 0.678486 0.713050
vn 0.152602 0.884128 0.441623
vn 0.110601 0.757779 0.643069
vn 0.151194 0.939718 0.306710
vn 0.272834 0.016525 0.961919
vn 0.268744 0.131371 0.954211
vn 0.381940 0.353884 0.853749
vn 0.268498 0.246238 0.931276
vn 0.274851 0.388695 0.879416
vn 0.314287 0.508547 0.801625
vn 0.321120 0.699509 0.638411
vn 0.323663 0.845332 0.425036
vn 0.304091 0.791289 0.530462
vn 0.281950 0.909133 0.306562
vn 0.234907 0.876845 0.419477
vn -0.085221 0.996060 -0.024519
vn 0.013306 0.999820 -0.013504
vn 0.422040 0.856641 -0.296731
vn 0.418013 0.862057 -0.286571
vn 0.485647 0.850586 -0.201617
vn 0.501208 0.844338 0.189430
vn 0.377539 0.894041 -0.241155
vn 0.393257 0.910447 -0.128202
vn 0.386978 0.921613 -0.029634
vn 0.411376 0.906751 0.092587
vn 0.384774 0.891424 0.239399
vn 0.484615 0.827988 -0.282108
vn 0.514578 0.822122 -0.243568
vn 0.582936 0.788352 -0.196689
vn 0.640599 0.708549 0.295959
vn 0.526498 0.843837 -0.103626
vn 0.651056 0.758791 -0.019048
vn 0.578887 0.809978 0.093948
vn 0.594784 0.773072 0.220434
vn 0.507763 0.861387 0.013728
vn 0.676306 0.697191 -0.237769
vn 0.703502 0.695361 -0.146829
vn 0.763678 0.574494 0.294540
vn 0.605857 0.768880 -0.204354
vn 0.729690 0.683677 -0.011728
vn 0.780360 0.619547 0.084847
vn 0.720916 0.661229 0.207498
vn 0.652884 0.748320 -0.117301
vn 0.670798 0.732775 0.114329
vn 0.898986 0.379900 0.217948
vn 0.830965 0.480919 -0.279668
vn 0.838496 0.515529 -0.176506
vn 0.863483 0.497872 -0.080754
vn 0.887530 0.460716 0.005505
vn 0.873322 0.476728 0.100196
vn 0.766254 0.604511 -0.217766
vn 0.789877 0.602508 -0.114358
vn 0.829548 0.556359 -0.048110
vn 0.819275 0.573308 0.010273
vn 0.835587 0.510229 0.203619
vn 0.752951 0.653944 -0.073634
vn 0.790983 0.589000 0.165604
vn 0.917038 0.393577 -0.064331
vn 0.959675 0.280960 0.009270
vn 0.980582 0.183962 0.067951
vn 0.997491 0.050389 0.049735
vn 0.996994 0.025577 0.073129
vn 0.985366 0.020616 0.169203
vn 0.923410 0.346115 -0.165888
vn 0.962045 0.264090 -0.068752
vn 0.982126 0.188176 0.004286
vn 0.991402 0.129107 0.021278
vn 0.987715 0.123565 0.095662
vn 0.978439 0.120842 0.167495
vn 0.903103 0.375611 -0.208140
vn 0.962258 0.258012 -0.086541
vn 0.972484 0.232558 -0.013830
vn 0.973434 0.218283 0.069135
vn 0.945126 0.235951 0.225972
vn 0.916909 0.384068 -0.108488
vn 0.931565 0.362807 -0.023631
vn 0.937452 0.342507 0.062228
vn 0.932422 0.336763 0.131071
vn 0.528267 0.020492 0.848831
vn 0.407474 0.013281 0.913120
vn 0.505555 0.147844 0.850033
vn 0.399733 0.122431 0.908418
vn 0.415621 0.253093 0.873615
vn 0.467652 0.434685 0.769643
vn 0.534637 0.618401 0.575973
vn 0.462179 0.557082 0.689964
vn 0.396638 0.497763 0.771304
vn 0.470388 0.749738 0.465433
vn 0.460754 0.678705 0.571896
vn 0.416586 0.632382 0.653107
vn 0.453633 0.825076 0.336848
vn 0.396393 0.754787 0.522656
vn 0.639619 0.258257 0.724011
vn 0.570160 0.151599 0.807425
vn 0.543200 0.313172 0.779011
vn 0.667950 0.478276 0.570172
vn 0.599779 0.416658 0.683126
vn 0.643391 0.586013 0.492582
vn 0.604438 0.550094 0.576238
vn 0.557792 0.507380 0.656836
vn 0.593853 0.662406 0.456680
vn 0.545507 0.757680 0.358250
vn 0.775778 0.024065 0.630547
vn 0.810738 0.144262 0.567356
vn 0.680273 0.128571 0.721594
vn 0.725445 0.267064 0.634355
vn 0.795999 0.407189 0.447864
vn 0.723396 0.399944 0.562800
vn 0.680559 0.365505 0.635017
vn 0.715850 0.533453 0.450539
vn 0.686971 0.628831 0.364202
vn 0.855053 0.024769 0.517949
vn 0.895959 0.167002 0.411543
vn 0.890762 0.288124 0.351464
vn 0.825350 0.266638 0.497696
vn 0.859875 0.394737 0.323724
vn 0.784730 0.342130 0.516861
vn 0.806899 0.480086 0.344138
vn 0.966094 0.014292 0.257794
vn 0.921258 0.045408 0.386293
vn 0.951859 0.132525 0.276407
f 9/9/9 12/12/12 6/6/6
f 9/9/9 8/8/8 12/12/12
f 17/17/17 15/15/15 11/11/11
f 17/17/17 11/11/11 6/6/6
f 23/23/23 21/21/21 13/13/13
f 23/23/23 13/13/13 16/16/16
f 25/25/25 15/15/15 17/17/17
f 27/27/27 26/26/26 20/20/20
f 27/27/27 20/20/20 22/22/22
f 29/29/29 21/21/21 23/23/23
f 32/32/32 24/24/24 18/18/18
f 49/49/49 45/45/45 50/50/50
f 50/50/50 45/45/45 46/46/46
f 37/37/37 579/579/579 50/50/50
f 58/58/58 40/40/40 57/57/57
f 60/60/60 54/54/54 55/55/55
f 39/39/39 56/56/56 61/61/61
f 63/63/63 64/64/64 55/55/55
f 55/55/55 54/54/54 63/63/63
f 65/65/65 73/73/73 74/74/74
f 65/65/65 64/64/64 73/73/73
f 65/65/65 74/74/74 77/77/77
f 66/66/66 65/65/65 77/77/77
f 78/78/78 66/66/66 77/77/77
f 79/79/79 75/75/75 76/76/76
f 69/69/69 68/68/68 79/79/79
f 74/74/74 82/82/82 83/83/83
f 145/145/145 76/76/76 75/75/75
f 22/22/22 20/20/20 80/80/80
f 77/77/77 74/74/74 83/83/83
f 77/77/77 83/83/83 78/78/78
f 83/83/83 85/85/85 86/86/86
f 145/145/145 75/75/75 86/86/86
f 90/90/90 26/26/26 27/27/27
f 29/29/29 28/28/28 92/92/92
f 30/30/30 24/24/24 93/93/93
f 98/98/98 88/88/88 92/92/92
f 99/99/99 91/91/91 93/93/93
f 94/94/94 99/99/99 93/93/93
f 103/103/103 88/88/88 98/98/98
f 105/105/105 91/91/91 99/99/99
f 107/107/107 114/114/114 105/105/105
f 111/111/111 110/110/110 117/117/117
f 113/113/113 112/112/112 118/118/118
f 109/109/109 116/116/116 124/124/124
f 117/117/117 125/125/125 126/126/126
f 119/119/119 125/125/125 117/117/117
f 121/121/121 128/128/128 118/118/118
f 123/123/123 122/122/122 130/130/130
f 126/126/126 125/125/125 131/131/131
f 121/121/121 129/129/129 134/134/134
f 127/127/127 131/131/131 136/136/136
f 136/136/136 131/131/131 137/137/137
f 137/137/137 133/133/133 138/138/138
f 227/227/227 138/138/138 139/139/139
f 143/143/143 85/85/85 141/141/141
f 144/144/144 86/86/86 143/143/143
f 145/145/145 86/86/86 144/144/144
f 141/141/141 140/140/140 147/147/147
f 143/143/143 141/141/141 148/148/148
f 150/150/150 143/143/143 148/148/148
f 144/144/144 143/143/143 150/150/150
f 145/145/145 144/144/144 149/149/149
f 157/157/157 150/150/150 158/158/158
f 158/158/158 162/162/162 164/164/164
f 154/154/154 157/157/157 166/166/166
f 169/169/169 164/164/164 168/168/168
f 167/167/167 124/124/124 170/170/170
f 172/172/172 168/168/168 171/171/171
f 172/172/172 165/165/165 169/169/169
f 170/170/170 124/124/124 127/127/127
f 174/174/174 165/165/165 173/173/173
f 166/166/166 165/165/165 174/174/174
f 154/154/154 166/166/166 306/306/306
f 193/193/193 192/192/192 199/199/199
f 200/200/200 201/201/201 195/195/195
f 195/195/195 194/194/194 200/200/200
f 196/196/196 195/195/195 203/203/203
f 198/198/198 197/197/197 204/204/204
f 211/211/211 205/205/205 206/206/206
f 186/186/186 183/183/183 205/205/205
f 186/186/186 205/205/205 211/211/211
f 219/219/219 210/210/210 218/218/218
f 243/243/243 229/229/229 231/231/231
f 246/246/246 232/232/232 235/235/235
f 241/241/241 240/240/240 255/255/255
f 244/244/244 256/256/256 242/242/242
f 257/257/257 244/244/244 246/246/246
f 259/259/259 245/245/245 247/247/247
f 249/249/249 258/258/258 259/259/259
f 249/249/249 259/259/259 247/247/247
f 260/260/260 251/251/251 252/252/252
f 263/263/263 253/253/253 262/262/262
f 262/262/262 253/253/253 255/255/255
f 266/266/266 264/264/264 265/265/265
f 269/269/269 267/267/267 268/268/268
f 259/259/259 258/258/258 270/270/270
f 260/260/260 272/272/272 249/249/249
f 274/274/274 181/181/181 180/180/180
f 274/274/274 180/180/180 263/263/263
f 275/275/275 261/261/261 265/265/265
f 277/277/277 264/264/264 266/266/266
f 268/268/268 267/267/267 278/278/278
f 273/273/273 281/281/281 271/271/271
f 284/284/284 181/181/181 274/274/274
f 275/275/275 264/264/264 285/285/285
f 287/287/287 276/276/276 278/278/278
f 273/273/273 292/292/292 281/281/281
f 284/284/284 283/283/283 294/294/294
f 296/296/296 282/282/282 285/285/285
f 286/286/286 276/276/276 297/297/297
f 300/300/300 288/288/288 290/290/290
f 305/305/305 173/173/173 304/304/304
f 308/308/308 303/303/303 304/304/304
f 316/316/316 311/311/311 312/312/312
f 305/305/305 317/317/317 318/318/318
f 318/318/318 314/314/314 319/319/319
f 320/320/320 306/306/306 319/319/319
f 313/313/313 324/324/324 325/325/325
f 314/314/314 313/313/313 326/326/326
f 314/314/314 326/326/326 327/327/327
f 319/319/319 314/314/314 327/327/327
f 320/320/320 319/319/319 329/329/329
f 329/329/329 328/328/328 330/330/330
f 320/320/320 329/329/329 330/330/330
f 188/188/188 323/323/323 331/331/331
f 189/189/189 190/190/190 325/325/325
f 326/326/326 325/325/325 191/191/191
f 332/332/332 335/335/335 333/333/333
f 328/328/328 333/333/333 334/334/334
f 330/330/330 328/328/328 334/334/334
f 263/263/263 180/180/180 192/192/192
f 196/196/196 197/197/197 335/335/335
f 333/333/333 335/335/335 198/198/198
f 334/334/334 333/333/333 336/336/336
f 353/353/353 354/354/354 355/355/355
f 357/357/357 356/356/356 366/366/366
f 366/366/366 367/367/367 368/368/368
f 370/370/370 369/369/369 371/371/371
f 365/365/365 76/76/76 145/145/145
f 366/366/366 365/365/365 377/377/377
f 369/369/369 368/368/368 379/379/379
f 369/369/369 379/379/379 380/380/380
f 365/365/365 145/145/145 389/389/389
f 367/367/367 377/377/377 390/390/390
f 380/380/380 379/379/379 392/392/392
f 388/388/388 394/394/394 387/387/387
f 378/378/378 390/390/390 395/395/395
f 381/381/381 392/392/392 396/396/396
f 393/393/393 381/381/381 396/396/396
f 384/384/384 393/393/393 398/398/398
f 377/377/377 389/389/389 404/404/404
f 391/391/391 395/395/395 405/405/405
f 392/392/392 391/391/391 405/405/405
f 396/396/396 392/392/392 407/407/407
f 403/403/403 409/409/409 402/402/402
f 377/377/377 404/404/404 410/410/410
f 397/397/397 407/407/407 412/412/412
f 408/408/408 397/397/397 412/412/412
f 399/399/399 408/408/408 414/414/414
f 395/395/395 411/411/411 418/418/418
f 406/406/406 405/405/405 419/419/419
f 407/407/407 406/406/406 419/419/419
f 412/412/412 407/407/407 421/421/421
f 410/410/410 417/417/417 425/425/425
f 418/418/418 427/427/427 428/428/428
f 405/405/405 418/418/418 428/428/428
f 419/419/419 405/405/405 428/428/428
f 413/413/413 421/421/421 429/429/429
f 418/418/418 426/426/426 432/432/432
f 419/419/419 428/428/428 433/433/433
f 417/417/417 159/159/159 436/436/436
f 426/426/426 425/425/425 437/437/437
f 429/429/429 435/435/435 439/439/439
f 433/433/433 428/428/428 442/442/442
f 446/446/446 431/431/431 424/424/424
f 444/444/444 430/430/430 448/448/448
f 436/436/436 175/175/175 458/458/458
f 440/440/440 436/436/436 458/458/458
f 440/440/440 458/458/458 461/461/461
f 437/437/437 440/440/440 461/461/461
f 438/438/438 443/443/443 462/462/462
f 437/437/437 461/461/461 464/464/464
f 441/441/441 460/460/460 465/465/465
f 330/330/330 334/334/334 466/466/466
f 458/458/458 330/330/330 466/466/466
f 459/459/459 464/464/464 467/467/467
f 443/443/443 468/468/468 469/469/469
f 334/334/334 336/336/336 470/470/470
f 466/466/466 334/334/334 470/470/470
f 461/461/461 466/466/466 472/472/472
f 465/465/465 460/460/460 473/473/473
f 462/462/462 469/469/469 474/474/474
f 473/473/473 467/467/467 480/480/480
f 477/477/477 468/468/468 481/481/481
f 476/476/476 479/479/479 483/483/483
f 480/480/480 483/483/483 484/484/484
f 485/485/485 451/451/451 490/490/490
f 489/489/489 491/491/491 488/488/488
f 486/486/486 485/485/485 493/493/493
f 487/487/487 486/486/486 493/493/493
f 490/490/490 463/463/463 495/495/495
f 489/489/489 487/487/487 497/497/497
f 487/487/487 496/496/496 498/498/498
f 494/494/494 474/474/474 502/502/502
f 500/500/500 494/494/494 502/502/502
f 501/501/501 500/500/500 503/503/503
f 519/519/519 507/507/507 509/509/509
f 521/521/521 520/520/520 508/508/508
f 521/521/521 508/508/508 510/510/510
f 523/523/523 522/522/522 514/514/514
f 514/514/514 522/522/522 512/512/512
f 517/517/517 8/8/8 9/9/9
f 528/528/528 8/8/8 517/517/517
f 528/528/528 517/517/517 520/520/520
f 534/534/534 533/533/533 535/535/535
f 545/545/545 535/535/535 546/546/546
f 550/550/550 18/18/18 19/19/19
f 556/556/556 555/555/555 557/557/557
f 561/561/561 18/18/18 550/550/550
f 551/551/551 552/552/552 563/563/563
f 553/553/553 563/563/563 552/552/552
f 554/554/554 564/564/564 553/553/553
f 556/556/556 567/567/567 555/555/555
f 568/568/568 556/556/556 557/557/557
f 558/558/558 568/568/568 557/557/557
f 569/569/569 558/558/558 559/559/559
f 570/570/570 562/562/562 563/563/563
f 565/565/565 571/571/571 553/553/553
f 572/572/572 566/566/566 567/567/567
f 580/580/580 579/579/579 37/37/37
f 591/591/591 584/584/584 585/585/585
f 596/596/596 590/590/590 591/591/591
f 597/597/597 591/591/591 592/592/592
f 609/609/609 603/603/603 604/604/604
f 610/610/610 607/607/607 608/608/608
f 611/611/611 3/3/3 33/33/33
f 611/611/611 33/33/33 576/576/576
f 50/50/50 579/579/579 36/36/36
f 605/605/605 613/613/613 604/604/604
f 615/615/615 516/516/516 607/607/607
f 609/609/609 616/616/616 608/608/608
f 617/617/617 612/612/612 613/613/613
f 619/619/619 615/615/615 620/620/620
f 623/623/623 612/612/612 617/617/617
f 627/627/627 622/622/622 623/623/623
f 629/629/629 635/635/635 637/637/637
f 637/637/637 640/640/640 643/643/643
f 643/643/643 640/640/640 645/645/645
f 648/648/648 569/569/569 559/559/559
f 652/652/652 648/648/648 649/649/649
f 660/660/660 633/633/633 634/634/634
f 663/663/663 659/659/659 633/633/633
f 663/663/663 666/666/666 659/659/659
f 671/671/671 667/667/667 641/641/641
f 670/670/670 675/675/675 669/669/669
f 671/671/671 676/676/676 667/667/667
f 678/678/678 654/654/654 673/673/673
f 671/671/671 672/672/672 681/681/681
f 678/678/678 674/674/674 683/683/683
f 685/685/685 31/31/31 560/560/560
f 574/574/574 692/692/692 573/573/573
f 693/693/693 574/574/574 575/575/575
f 691/691/691 699/699/699 690/690/690
f 700/700/700 691/691/691 692/692/692
f 574/574/574 700/700/700 692/692/692
f 710/710/710 700/700/700 701/701/701
f 718/718/718 709/709/709 710/710/710
f 717/717/717 726/726/726 725/725/725
f 130/130/130 122/122/122 729/729/729
f 742/742/742 740/740/740 741/741/741
f 745/745/745 744/744/744 743/743/743
f 735/735/735 747/747/747 746/746/746
f 738/738/738 748/748/748 737/737/737
f 750/750/750 139/139/139 749/749/749
f 752/752/752 744/744/744 745/745/745
f 655/655/655 693/693/693 575/575/575
f 764/764/764 655/655/655 656/656/656
f 657/657/657 764/764/764 656/656/656
f 765/765/765 657/657/657 653/653/653
f 654/654/654 765/765/765 653/653/653
f 766/766/766 655/655/655 764/764/764
f 771/771/771 767/767/767 768/768/768
f 769/769/769 772/772/772 768/768/768
f 772/772/772 775/775/775 771/771/771
f 779/779/779 782/782/782 778/778/778
f 783/783/783 779/779/779 780/780/780
f 785/785/785 738/738/738 782/782/782
f 646/646/646 790/790/790 677/677/677
f 681/681/681 792/792/792 680/680/680
f 682/682/682 792/792/792 681/681/681
f 680/680/680 792/792/792 797/797/797
f 794/794/794 801/801/801 793/793/793
f 796/796/796 802/802/802 795/795/795
f 799/799/799 804/804/804 798/798/798
f 798/798/798 806/806/806 800/800/800
f 806/806/806 798/798/798 804/804/804
f 807/807/807 769/769/769 801/801/801
f 813/813/813 805/805/805 806/806/806
f 811/811/811 805/805/805 813/813/813
f 818/818/818 812/812/812 757/757/757
f 822/822/822 812/812/812 818/818/818
f 825/825/825 818/818/818 758/758/758
f 826/826/826 781/781/781 823/823/823
f 829/829/829 828/828/828 832/832/832
f 825/825/825 758/758/758 759/759/759
f 828/828/828 835/835/835 827/827/827
f 836/836/836 828/828/828 829/829/829
f 831/831/831 833/833/833 837/837/837
f 831/831/831 824/824/824 833/833/833
f 763/763/763 762/762/762 843/843/843
f 834/834/834 839/839/839 838/838/838
f 844/844/844 841/841/841 840/840/840
f 750/750/750 227/227/227 139/139/139
f 852/852/852 851/851/851 850/850/850
f 850/850/850 864/864/864 863/863/863
f 867/867/867 866/866/866 865/865/865
f 856/856/856 870/870/870 855/855/855
f 882/882/882 881/881/881 883/883/883
f 888/888/888 878/878/878 880/880/880
f 882/882/882 889/889/889 881/881/881
f 890/890/890 882/882/882 885/885/885
f 885/885/885 882/882/882 883/883/883
f 891/891/891 885/885/885 892/892/892
f 899/899/899 890/890/890 885/885/885
f 900/900/900 899/899/899 891/891/891
f 891/891/891 899/899/899 885/885/885
f 901/901/901 891/891/891 892/892/892
f 894/894/894 901/901/901 892/892/892
f 902/902/902 894/894/894 895/895/895
f 900/900/900 906/906/906 899/899/899
f 907/907/907 900/900/900 891/891/891
f 908/908/908 901/901/901 894/894/894
f 903/903/903 909/909/909 902/902/902
f 905/905/905 911/911/911 904/904/904
f 913/913/913 900/900/900 907/907/907
f 927/927/927 926/926/926 932/932/932
f 928/928/928 941/941/941 940/940/940
f 941/941/941 928/928/928 929/929/929
f 931/931/931 942/942/942 930/930/930
f 944/944/944 943/943/943 931/931/931
f 944/944/944 931/931/931 925/925/925
f 933/933/933 945/945/945 952/952/952
f 957/957/957 964/964/964 956/956/956
f 967/967/967 966/966/966 960/960/960
f 964/964/964 971/971/971 973/973/973
f 974/974/974 903/903/903 965/965/965
f 967/967/967 975/975/975 966/966/966
f 840/840/840 984/984/984 839/839/839
f 985/985/985 922/922/922 840/840/840
f 985/985/985 840/840/840 841/841/841
f 923/923/923 922/922/922 985/985/985
f 843/843/843 762/762/762 919/919/919
f 986/986/986 930/930/930 929/929/929
f 986/986/986 984/984/984 840/840/840
f 606/606/606 599/599/599 992/992/992
f 338/338/338 345/345/345 987/987/987
f 996/996/996 989/989/989 994/994/994
f 1002/1002/1002 999/999/999 1000/1000/1000
f 1003/1003/1003 355/355/355 1004/1004/1004
f 1015/1015/1015 1011/1011/1011 1012/1012/1012
f 1016/1016/1016 355/355/355 363/363/363
f 1016/1016/1016 364/364/364 1005/1005/1005
f 1014/1014/1014 635/635/635 629/629/629
f 1026/1026/1026 364/364/364 375/375/375
f 1017/1017/1017 1027/1027/1027 1028/1028/1028
f 1019/1019/1019 1017/1017/1017 1029/1029/1029
f 1029/1029/1029 1017/1017/1017 1028/1028/1028
f 1022/1022/1022 1030/1030/1030 1021/1021/1021
f 1024/1024/1024 1031/1031/1031 1023/1023/1023
f 1025/1025/1025 1031/1031/1031 1024/1024/1024
f 1023/1023/1023 1032/1032/1032 635/635/635
f 1023/1023/1023 1031/1031/1031 1032/1032/1032
f 1033/1033/1033 375/375/375 387/387/387
f 1034/1034/1034 1027/1027/1027 1033/1033/1033
f 1028/1028/1028 1027/1027/1027 1034/1034/1034
f 1029/1029/1029 1028/1028/1028 1036/1036/1036
f 1025/1025/1025 1030/1030/1030 1040/1040/1040
f 1038/1038/1038 1048/1048/1048 1037/1037/1037
f 1041/1041/1041 1050/1050/1050 1040/1040/1040
f 1043/1043/1043 1051/1051/1051 1042/1042/1042
f 1042/1042/1042 1051/1051/1051 1052/1052/1052
f 1045/1045/1045 1034/1034/1034 1054/1054/1054
f 1046/1046/1046 1045/1045/1045 1054/1054/1054
f 1047/1047/1047 1046/1046/1046 1056/1056/1056
f 1056/1056/1056 1066/1066/1066 1055/1055/1055
f 1060/1060/1060 1057/1057/1057 1069/1069/1069
f 1059/1059/1059 1068/1068/1068 1072/1072/1072
f 1063/1063/1063 409/409/409 1074/1074/1074
f 1080/1080/1080 1068/1068/1068 1069/1069/1069
f 1070/1070/1070 1080/1080/1080 1069/1069/1069
f 1075/1075/1075 1084/1084/1084 1074/1074/1074
f 1086/1086/1086 1076/1076/1076 1085/1085/1085
f 1092/1092/1092 1080/1080/1080 1070/1070/1070
f 1093/1093/1093 1081/1081/1081 1082/1082/1082
f 1099/1099/1099 1097/1097/1097 1098/1098/1098
f 1088/1088/1088 1086/1086/1086 1099/1099/1099
f 1101/1101/1101 1089/1089/1089 1090/1090/1090
f 1106/1106/1106 1093/1093/1093 1091/1091/1091
f 1091/1091/1091 1102/1102/1102 1106/1106/1106
f 1104/1104/1104 1094/1094/1094 1093/1093/1093
f 1104/1104/1104 1093/1093/1093 1105/1105/1105
f 1096/1096/1096 431/431/431 1108/1108/1108
f 1098/1098/1098 1097/1097/1097 1109/1109/1109
f 1116/1116/1116 1104/1104/1104 1105/1105/1105
f 758/758/758 818/818/818 1104/1104/1104
f 758/758/758 1104/1104/1104 1116/1116/1116
f 1121/1121/1121 1118/1118/1118 1119/1119/1119
f 1112/1112/1112 1131/1131/1131 1124/1124/1124
f 1115/1115/1115 1111/1111/1111 1124/1124/1124
f 1121/1121/1121 1119/1119/1119 1130/1130/1130
f 1134/1134/1134 1131/1131/1131 1112/1112/1112
f 1108/1108/1108 431/431/431 450/450/450
f 1062/1062/1062 799/799/799 790/790/790
f 1062/1062/1062 1073/1073/1073 799/799/799
f 1130/1130/1130 1142/1142/1142 1129/1129/1129
f 1133/1133/1133 1131/1131/1131 1144/1144/1144
f 1147/1147/1147 1146/1146/1146 1135/1135/1135
f 1147/1147/1147 1135/1135/1135 1123/1123/1123
f 1148/1148/1148 1136/1136/1136 1137/1137/1137
f 920/920/920 761/761/761 1136/1136/1136
f 920/920/920 1136/1136/1136 1148/1148/1148
f 1146/1146/1146 1152/1152/1152 1156/1156/1156
f 1156/1156/1156 1155/1155/1155 1148/1148/1148
f 1156/1156/1156 1148/1148/1148 1135/1135/1135
f 1151/1151/1151 1159/1159/1159 1158/1158/1158
f 1161/1161/1161 1152/1152/1152 1153/1153/1153
f 1164/1164/1164 1160/1160/1160 1163/1163/1163
f 1164/1164/1164 1152/1152/1152 1160/1160/1160
f 1155/1155/1155 939/939/939 1148/1148/1148
f 1159/1159/1159 1165/1165/1165 1158/1158/1158
f 1162/1162/1162 1169/1169/1169 1161/1161/1161
f 1169/1169/1169 1165/1165/1165 1175/1175/1175
f 1167/1167/1167 1174/1174/1174 1170/1170/1170
f 1179/1179/1179 1174/1174/1174 1172/1172/1172
f 1180/1180/1180 1176/1176/1176 1159/1159/1159
f 1173/1173/1173 1177/1177/1177 1172/1172/1172
f 1175/1175/1175 1181/1181/1181 1173/1173/1173
f 1176/1176/1176 1180/1180/1180 1184/1184/1184
f 1178/1178/1178 971/971/971 964/964/964
f 1177/1177/1177 1182/1182/1182 1179/1179/1179
f 2051/2051/2051 1183/1183/1183 1180/1180/1180
f 1177/1177/1177 1181/1181/1181 1187/1187/1187
f 971/971/971 977/977/977 973/973/973
f 1139/1139/1139 1140/1140/1140 1119/1119/1119
f 1190/1190/1190 1191/1191/1191 1189/1189/1189
f 1192/1192/1192 1191/1191/1191 1190/1190/1190
f 1190/1190/1190 499/499/499 1192/1192/1192
f 1192/1192/1192 1194/1194/1194 1191/1191/1191
f 1193/1193/1193 2051/2051/2051 1180/1180/1180
f 1192/1192/1192 499/499/499 506/506/506
f 1195/1195/1195 183/183/183 186/186/186
f 1198/1198/1198 1197/1197/1197 1200/1200/1200
f 1198/1198/1198 1200/1200/1200 1199/1199/1199
f 1198/1198/1198 1199/1199/1199 1196/1196/1196
f 1234/1234/1234 1231/1231/1231 1230/1230/1230
f 1225/1225/1225 1235/1235/1235 1236/1236/1236
f 1247/1247/1247 184/184/184 294/294/294
f 1246/1246/1246 282/282/282 296/296/296
f 1248/1248/1248 295/295/295 297/297/297
f 1248/1248/1248 297/297/297 299/299/299
f 1249/1249/1249 298/298/298 288/288/288
f 1258/1258/1258 1256/1256/1256 1257/1257/1257
f 1253/1253/1253 1262/1262/1262 1263/1263/1263
f 1254/1254/1254 1265/1265/1265 1266/1266/1266
f 1258/1258/1258 1269/1269/1269 1256/1256/1256
f 1264/1264/1264 1201/1201/1201 1200/1200/1200
f 1275/1275/1275 1201/1201/1201 1264/1264/1264
f 1267/1267/1267 1274/1274/1274 1263/1263/1263
f 1265/1265/1265 1268/1268/1268 1277/1277/1277
f 1277/1277/1277 1268/1268/1268 1278/1278/1278
f 1281/1281/1281 1279/1279/1279 1280/1280/1280
f 1284/1284/1284 1283/1283/1283 1282/1282/1282
f 1264/1264/1264 1274/1274/1274 1285/1285/1285
f 1275/1275/1275 1202/1202/1202 1201/1201/1201
f 1267/1267/1267 1276/1276/1276 1286/1286/1286
f 1285/1285/1285 1274/1274/1274 1286/1286/1286
f 1277/1277/1277 1278/1278/1278 1288/1288/1288
f 1288/1288/1288 1278/1278/1278 1289/1289/1289
f 1281/1281/1281 1289/1289/1289 1279/1279/1279
f 1290/1290/1290 1283/1283/1283 1284/1284/1284
f 1293/1293/1293 1292/1292/1292 1295/1295/1295
f 1294/1294/1294 1287/1287/1287 1296/1296/1296
f 1291/1291/1291 1302/1302/1302 1290/1290/1290
f 1298/1298/1298 1308/1308/1308 1309/1309/1309
f 1304/1304/1304 1307/1307/1307 1314/1314/1314
f 1306/1306/1306 1309/1309/1309 1315/1315/1315
f 1316/1316/1316 1307/1307/1307 1315/1315/1315
f 1320/1320/1320 1319/1319/1319 1312/1312/1312
f 1321/1321/1321 1312/1312/1312 1313/1313/1313
f 1321/1321/1321 1320/1320/1320 1312/1312/1312
f 1324/1324/1324 1202/1202/1202 1275/1275/1275
f 1324/1324/1324 1293/1293/1293 1240/1240/1240
f 1324/1324/1324 1240/1240/1240 1202/1202/1202
f 1242/1242/1242 1241/1241/1241 1325/1325/1325
f 1326/1326/1326 1244/1244/1244 1243/1243/1243
f 1327/1327/1327 1238/1238/1238 1245/1245/1245
f 1242/1242/1242 1325/1325/1325 1330/1330/1330
f 1326/1326/1326 1242/1242/1242 1330/1330/1330
f 1333/1333/1333 1303/1303/1303 1305/1305/1305
f 1334/1334/1334 1330/1330/1330 1325/1325/1325
f 1336/1336/1336 1332/1332/1332 1331/1331/1331
f 1337/1337/1337 1327/1327/1327 1332/1332/1332
f 1328/1328/1328 1327/1327/1327 1337/1337/1337
f 1338/1338/1338 1328/1328/1328 1337/1337/1337
f 1329/1329/1329 1328/1328/1328 1338/1338/1338
f 1334/1334/1334 1333/1333/1333 1339/1339/1339
f 1335/1335/1335 1330/1330/1330 1340/1340/1340
f 1339/1339/1339 1333/1333/1333 1343/1343/1343
f 1347/1347/1347 1338/1338/1338 1346/1346/1346
f 1320/1320/1320 1351/1351/1351 1319/1319/1319
f 1354/1354/1354 1320/1320/1320 1321/1321/1321
f 1339/1339/1339 1343/1343/1343 1366/1366/1366
f 1371/1371/1371 1346/1346/1346 1370/1370/1370
f 1375/1375/1375 1383/1383/1383 1377/1377/1377
f 1375/1375/1375 1377/1377/1377 1368/1368/1368
f 1389/1389/1389 1379/1379/1379 1388/1388/1388
f 1384/1384/1384 1356/1356/1356 1393/1393/1393
f 1385/1385/1385 1391/1391/1391 1382/1382/1382
f 1390/1390/1390 1389/1389/1389 1396/1396/1396
f 1392/1392/1392 1391/1391/1391 1399/1399/1399
f 1386/1386/1386 1392/1392/1392 1399/1399/1399
f 1394/1394/1394 1401/1401/1401 1393/1393/1393
f 1395/1395/1395 1365/1365/1365 1362/1362/1362
f 1398/1398/1398 1397/1397/1397 1404/1404/1404
f 1402/1402/1402 1405/1405/1405 1391/1391/1391
f 1394/1394/1394 1363/1363/1363 1407/1407/1407
f 1399/1399/1399 1406/1406/1406 1413/1413/1413
f 1411/1411/1411 1397/1397/1397 1400/1400/1400
f 1416/1416/1416 1425/1425/1425 1406/1406/1406
f 1421/1421/1421 1429/1429/1429 1420/1420/1420
f 1424/1424/1424 1431/1431/1431 1432/1432/1432
f 1435/1435/1435 1425/1425/1425 1434/1434/1434
f 1418/1418/1418 1427/1427/1427 1436/1436/1436
f 1435/1435/1435 1443/1443/1443 1425/1425/1425
f 1437/1437/1437 1445/1445/1445 1434/1434/1434
f 1442/1442/1442 1449/1449/1449 1450/1450/1450
f 1440/1440/1440 1443/1443/1443 1451/1451/1451
f 1444/1444/1444 1449/1449/1449 1441/1441/1441
f 1452/1452/1452 1449/1449/1449 1444/1444/1444
f 1435/1435/1435 1445/1445/1445 1454/1454/1454
f 1437/1437/1437 1446/1446/1446 1456/1456/1456
f 1459/1459/1459 1447/1447/1447 1448/1448/1448
f 1444/1444/1444 1451/1451/1451 1461/1461/1461
f 1455/1455/1455 1454/1454/1454 1463/1463/1463
f 1461/1461/1461 1451/1451/1451 1463/1463/1463
f 1453/1453/1453 1462/1462/1462 1470/1470/1470
f 1461/1461/1461 1463/1463/1463 1471/1471/1471
f 1469/1469/1469 1475/1475/1475 1468/1468/1468
f 1462/1462/1462 1471/1471/1471 1479/1479/1479
f 1502/1502/1502 484/484/484 1501/1501/1501
f 1509/1509/1509 1501/1501/1501 1508/1508/1508
f 1502/1502/1502 1501/1501/1501 1509/1509/1509
f 1506/1506/1506 1226/1226/1226 1510/1510/1510
f 1508/1508/1508 1507/1507/1507 1511/1511/1511
f 1509/1509/1509 1508/1508/1508 1512/1512/1512
f 1513/1513/1513 1509/1509/1509 1512/1512/1512
f 1514/1514/1514 1226/1226/1226 1236/1236/1236
f 1323/1323/1323 1514/1514/1514 1236/1236/1236
f 1512/1512/1512 1508/1508/1508 1516/1516/1516
f 1515/1515/1515 1514/1514/1514 1519/1519/1519
f 1520/1520/1520 1515/1515/1515 1519/1519/1519
f 1516/1516/1516 1515/1515/1515 1520/1520/1520
f 1504/1504/1504 1518/1518/1518 1522/1522/1522
f 1519/1519/1519 1323/1323/1323 1328/1328/1328
f 1329/1329/1329 1519/1519/1519 1328/1328/1328
f 1520/1520/1520 1519/1519/1519 1329/1329/1329
f 1525/1525/1525 1520/1520/1520 1329/1329/1329
f 1526/1526/1526 1521/1521/1521 1525/1525/1525
f 1517/1517/1517 1513/1513/1513 1526/1526/1526
f 1527/1527/1527 1329/1329/1329 1338/1338/1338
f 1536/1536/1536 1528/1528/1528 1535/1535/1535
f 1529/1529/1529 1536/1536/1536 1537/1537/1537
f 1538/1538/1538 1539/1539/1539 1540/1540/1540
f 1531/1531/1531 1538/1538/1538 1540/1540/1540
f 1540/1540/1540 1539/1539/1539 1541/1541/1541
f 502/502/502 474/474/474 1505/1505/1505
f 503/503/503 500/500/500 1542/1542/1542
f 1546/1546/1546 1505/1505/1505 1523/1523/1523
f 1542/1542/1542 1546/1546/1546 1548/1548/1548
f 1549/1549/1549 1548/1548/1548 1553/1553/1553
f 1550/1550/1550 1549/1549/1549 1555/1555/1555
f 1559/1559/1559 1560/1560/1560 1561/1561/1561
f 1541/1541/1541 1566/1566/1566 1567/1567/1567
f 1567/1567/1567 1566/1566/1566 1568/1568/1568
f 1565/1565/1565 1572/1572/1572 1573/1573/1573
f 1581/1581/1581 1536/1536/1536 1580/1580/1580
f 1539/1539/1539 1584/1584/1584 1585/1585/1585
f 1593/1593/1593 1587/1587/1587 1576/1576/1576
f 1593/1593/1593 1576/1576/1576 1583/1583/1583
f 1595/1595/1595 1587/1587/1587 1586/1586/1586
f 1598/1598/1598 1586/1586/1586 1591/1591/1591
f 1600/1600/1600 1586/1586/1586 1606/1606/1606
f 1607/1607/1607 1597/1597/1597 1603/1603/1603
f 1619/1619/1619 1403/1403/1403 1410/1410/1410
f 1620/1620/1620 1626/1626/1626 1621/1621/1621
f 1626/1626/1626 1632/1632/1632 1633/1633/1633
f 1621/1621/1621 1633/1633/1633 1628/1628/1628
f 1422/1422/1422 1432/1432/1432 1632/1632/1632
f 1422/1422/1422 1632/1632/1632 1626/1626/1626
f 1640/1640/1640 1639/1639/1639 1566/1566/1566
f 1575/1575/1575 1574/1574/1574 1644/1644/1644
f 1643/1643/1643 1642/1642/1642 1650/1650/1650
f 1654/1654/1654 1645/1645/1645 1653/1653/1653
f 1662/1662/1662 1661/1661/1661 1663/1663/1663
f 1662/1662/1662 1663/1663/1663 1664/1664/1664
f 1654/1654/1654 1662/1662/1662 1664/1664/1664
f 1661/1661/1661 1670/1670/1670 1671/1671/1671
f 1675/1675/1675 1665/1665/1665 1674/1674/1674
f 1677/1677/1677 1667/1667/1667 1676/1676/1676
f 1670/1670/1670 1669/1669/1669 1679/1679/1679
f 1670/1670/1670 1679/1679/1679 1680/1680/1680
f 1671/1671/1671 1670/1670/1670 1680/1680/1680
f 1677/1677/1677 1685/1685/1685 1686/1686/1686
f 1678/1678/1678 1686/1686/1686 1687/1687/1687
f 1692/1692/1692 1684/1684/1684 1627/1627/1627
f 1697/1697/1697 1688/1688/1688 1696/1696/1696
f 1701/1701/1701 1627/1627/1627 1637/1637/1637
f 1693/1693/1693 1702/1702/1702 1704/1704/1704
f 1694/1694/1694 1704/1704/1704 1706/1706/1706
f 1696/1696/1696 1707/1707/1707 1708/1708/1708
f 1710/1710/1710 1709/1709/1709 1708/1708/1708
f 1716/1716/1716 1712/1712/1712 1715/1715/1715
f 1716/1716/1716 1722/1722/1722 1717/1717/1717
f 1716/1716/1716 1717/1717/1717 1713/1713/1713
f 1724/1724/1724 1720/1720/1720 1719/1719/1719
f 1721/1721/1721 1725/1725/1725 1726/1726/1726
f 1453/1453/1453 1725/1725/1725 1721/1721/1721
f 1733/1733/1733 1729/1729/1729 1728/1728/1728
f 1740/1740/1740 1736/1736/1736 1735/1735/1735
f 1745/1745/1745 1741/1741/1741 1740/1740/1740
f 1746/1746/1746 1744/1744/1744 1743/1743/1743
f 1745/1745/1745 1740/1740/1740 1753/1753/1753
f 1754/1754/1754 1745/1745/1745 1753/1753/1753
f 1756/1756/1756 1746/1746/1746 1755/1755/1755
f 1766/1766/1766 1759/1759/1759 1765/1765/1765
f 1766/1766/1766 1760/1760/1760 1759/1759/1759
f 1784/1784/1784 1783/1783/1783 1710/1710/1710
f 1787/1787/1787 1786/1786/1786 1778/1778/1778
f 1796/1796/1796 1787/1787/1787 1795/1795/1795
f 1801/1801/1801 1799/1799/1799 1789/1789/1789
f 1792/1792/1792 1803/1803/1803 1805/1805/1805
f 912/912/912 1815/1815/1815 911/911/911
f 915/915/915 1818/1818/1818 914/914/914
f 1819/1819/1819 915/915/915 916/916/916
f 1821/1821/1821 1814/1814/1814 1815/1815/1815
f 1822/1822/1822 1815/1815/1815 1816/1816/1816
f 1821/1821/1821 1827/1827/1827 1820/1820/1820
f 1834/1834/1834 1291/1291/1291 1290/1290/1290
f 1841/1841/1841 1847/1847/1847 1846/1846/1846
f 1857/1857/1857 1856/1856/1856 1855/1855/1855
f 1861/1861/1861 1856/1856/1856 1857/1857/1857
f 1858/1858/1858 1861/1861/1861 1857/1857/1857
f 977/977/977 1862/1862/1862 976/976/976
f 976/976/976 1862/1862/1862 1869/1869/1869
f 1880/1880/1880 1870/1870/1870 1871/1871/1871
f 1886/1886/1886 1877/1877/1877 1870/1870/1870
f 1886/1886/1886 1870/1870/1870 1880/1880/1880
f 1879/1879/1879 1888/1888/1888 1894/1894/1894
f 1889/1889/1889 1887/1887/1887 1896/1896/1896
f 1897/1897/1897 1842/1842/1842 1890/1890/1890
f 1901/1901/1901 1900/1900/1900 1902/1902/1902
f 1906/1906/1906 1900/1900/1900 1901/1901/1901
f 1860/1860/1860 1913/1913/1913 1859/1859/1859
f 1926/1926/1926 1912/1912/1912 1900/1900/1900
f 1923/1923/1923 1922/1922/1922 1926/1926/1926
f 1914/1914/1914 1928/1928/1928 1913/1913/1913
f 1934/1934/1934 1921/1921/1921 1922/1922/1922
f 1934/1934/1934 1922/1922/1922 1923/1923/1923
f 1941/1941/1941 1943/1943/1943 1940/1940/1940
f 1927/1927/1927 1941/1941/1941 1858/1858/1858
f 1941/1941/1941 1944/1944/1944 1943/1943/1943
f 1947/1947/1947 1945/1945/1945 1944/1944/1944
f 1929/1929/1929 1947/1947/1947 1914/1914/1914
f 1935/1935/1935 1950/1950/1950 1932/1932/1932
f 1952/1952/1952 1935/1935/1935 1936/1936/1936
f 1944/1944/1944 1955/1955/1955 1943/1943/1943
f 1958/1958/1958 1946/1946/1946 1948/1948/1948
f 1960/1960/1960 1951/1951/1951 1961/1961/1961
f 1967/1967/1967 1957/1957/1957 1958/1958/1958
f 1968/1968/1968 1967/1967/1967 1969/1969/1969
f 1960/1960/1960 1970/1970/1970 1959/1959/1959
f 1972/1972/1972 1960/1960/1960 1961/1961/1961
f 1975/1975/1975 1395/1395/1395 1964/1964/1964
f 1968/1968/1968 1978/1978/1978 1967/1967/1967
f 1979/1979/1979 1968/1968/1968 1969/1969/1969
f 1971/1971/1971 1979/1979/1979 1969/1969/1969
f 1980/1980/1980 1971/1971/1971 1970/1970/1970
f 1972/1972/1972 1980/1980/1980 1970/1970/1970
f 1976/1976/1976 1985/1985/1985 1975/1975/1975
f 1986/1986/1986 1976/1976/1976 1977/1977/1977
f 1988/1988/1988 1968/1968/1968 1979/1979/1979
f 1984/1984/1984 1992/1992/1992 1982/1982/1982
f 1993/1993/1993 1421/1421/1421 1420/1420/1420
f 1976/1976/1976 1993/1993/1993 1985/1985/1985
f 1994/1994/1994 1986/1986/1986 1987/1987/1987
f 1994/1994/1994 1987/1987/1987 1988/1988/1988
f 1996/1996/1996 1989/1989/1989 1990/1990/1990
f 1992/1992/1992 1998/1998/1998 1991/1991/1991
f 2000/2000/2000 1421/1421/1421 1993/1993/1993
f 1995/1995/1995 2002/2002/2002 1994/1994/1994
f 2013/2013/2013 2012/2012/2012 2004/2004/2004
f 2005/2005/2005 2013/2013/2013 2004/2004/2004
f 2014/2014/2014 2005/2005/2005 2006/2006/2006
f 2019/2019/2019 2010/2010/2010 2011/2011/2011
f 2019/2019/2019 2011/2011/2011 2012/2012/2012
f 2024/2024/2024 2015/2015/2015 2016/2016/2016
f 2024/2024/2024 2030/2030/2030 2023/2023/2023
f 2031/2031/2031 1460/1460/1460 2025/2025/2025
f 2032/2032/2032 2025/2025/2025 2026/2026/2026
f 2039/2039/2039 1478/1478/1478 1477/1477/1477
f 2047/2047/2047 1488/1488/1488 2042/2042/2042
f 1183/1183/1183 2052/2052/2052 1184/1184/1184
f 2052/2052/2052 1183/1183/1183 2051/2051/2051
f 1188/1188/1188 2055/2055/2055 1187/1187/1187
f 2057/2057/2057 2063/2063/2063 2056/2056/2056
f 2064/2064/2064 2058/2058/2058 2059/2059/2059
f 2066/2066/2066 2060/2060/2060 2061/2061/2061
f 2067/2067/2067 2061/2061/2061 2058/2058/2058
f 2063/2063/2063 2068/2068/2068 2064/2064/2064
f 2066/2066/2066 2072/2072/2072 2065/2065/2065
f 2070/2070/2070 2066/2066/2066 2067/2067/2067
f 2067/2067/2067 2058/2058/2058 2071/2071/2071
f 2070/2070/2070 2077/2077/2077 2082/2082/2082
f 2075/2075/2075 2084/2084/2084 2074/2074/2074
f 2095/2095/2095 2087/2087/2087 2088/2088/2088
f 2089/2089/2089 2098/2098/2098 2088/2088/2088
f 2111/2111/2111 2105/2105/2105 2106/2106/2106
f 2105/2105/2105 2115/2115/2115 2110/2110/2110
f 2111/2111/2111 2115/2115/2115 2105/2105/2105
f 2116/2116/2116 2108/2108/2108 2117/2117/2117
f 2123/2123/2123 2121/2121/2121 1192/1192/1192
f 1192/1192/1192 506/506/506 2123/2123/2123
f 2124/2124/2124 2062/2062/2062 2121/2121/2121
f 2130/2130/2130 2137/2137/2137 2129/2129/2129
f 2135/2135/2135 2113/2113/2113 2107/2107/2107
f 2143/2143/2143 2113/2113/2113 2135/2135/2135
f 2120/2120/2120 2113/2113/2113 2143/2143/2143
f 2145/2145/2145 1938/1938/1938 2112/2112/2112
f 2116/2116/2116 2145/2145/2145 2112/2112/2112
f 2147/2147/2147 2117/2117/2117 2150/2150/2150
f 2148/2148/2148 2118/2118/2118 2151/2151/2151
f 1963/1963/1963 1954/1954/1954 2145/2145/2145
f 2153/2153/2153 2146/2146/2146 2154/2154/2154
f 2155/2155/2155 2150/2150/2150 2157/2157/2157
f 2159/2159/2159 2152/2152/2152 2156/2156/2156
f 1983/1983/1983 1974/1974/1974 2160/2160/2160
f 2178/2178/2178 2171/2171/2171 2172/2172/2172
f 2008/2008/2008 1999/1999/1999 2181/2181/2181
f 2194/2194/2194 2187/2187/2187 2188/2188/2188
f 2141/2141/2141 2139/2139/2139 2203/2203/2203
f 2142/2142/2142 2204/2204/2204 2136/2136/2136
f 2120/2120/2120 2143/2143/2143 2207/2207/2207
f 2208/2208/2208 2144/2144/2144 2206/2206/2206
f 2209/2209/2209 2149/2149/2149 2207/2207/2207
f 2202/2202/2202 2212/2212/2212 2203/2203/2203
f 2202/2202/2202 2211/2211/2211 2212/2212/2212
f 2205/2205/2205 2214/2214/2214 2206/2206/2206
f 2205/2205/2205 2213/2213/2213 2214/2214/2214
f 2222/2222/2222 2220/2220/2220 2221/2221/2221
f 2218/2218/2218 2226/2226/2226 2217/2217/2217
f 2215/2215/2215 2163/2163/2163 2156/2156/2156
f 2216/2216/2216 2225/2225/2225 2227/2227/2227
f 2229/2229/2229 2163/2163/2163 2227/2227/2227
f 2223/2223/2223 2232/2232/2232 2234/2234/2234
f 2234/2234/2234 2232/2232/2232 2233/2233/2233
f 2228/2228/2228 2239/2239/2239 2227/2227/2227
f 2228/2228/2228 2226/2226/2226 2239/2239/2239
f 2238/2238/2238 2248/2248/2248 2237/2237/2237
f 2259/2259/2259 2256/2256/2256 2266/2266/2266
f 2272/2272/2272 2258/2258/2258 2270/2270/2270
f 2278/2278/2278 2266/2266/2266 2267/2267/2267
f 2279/2279/2279 2268/2268/2268 2266/2266/2266
f 2279/2279/2279 2266/2266/2266 2278/2278/2278
f 2280/2280/2280 2269/2269/2269 2270/2270/2270
f 2282/2282/2282 2269/2269/2269 2280/2280/2280
f 2284/2284/2284 2281/2281/2281 2283/2283/2283
f 2284/2284/2284 2271/2271/2271 2281/2281/2281
f 2195/2195/2195 2288/2288/2288 2194/2194/2194
f 2291/2291/2291 2289/2289/2289 2288/2288/2288
f 2196/2196/2196 2291/2291/2291 2195/2195/2195
f 2295/2295/2295 2290/2290/2290 2294/2294/2294
f 2297/2297/2297 2287/2287/2287 2288/2288/2288
f 2297/2297/2297 2298/2298/2298 2308/2308/2308
f 2300/2300/2300 2289/2289/2289 2292/2292/2292
f 2304/2304/2304 2293/2293/2293 2294/2294/2294
f 2038/2038/2038 2305/2305/2305 2037/2037/2037
f 2296/2296/2296 2038/2038/2038 2030/2030/2030
f 2308/2308/2308 2306/2306/2306 2305/2305/2305
f 2312/2312/2312 2325/2325/2325 2306/2306/2306
f 2300/2300/2300 2312/2312/2312 2298/2298/2298
f 2301/2301/2301 2312/2312/2312 2300/2300/2300
f 2313/2313/2313 2301/2301/2301 2302/2302/2302
f 2313/2313/2313 2302/2302/2302 2303/2303/2303
f 2045/2045/2045 2049/2049/2049 2043/2043/2043
f 2320/2320/2320 2316/2316/2316 2315/2315/2315
f 2323/2323/2323 2318/2318/2318 2322/2322/2322
f 2319/2319/2319 2318/2318/2318 2323/2323/2323
f 2325/2325/2325 2322/2322/2322 2321/2321/2321
f 2325/2325/2325 2323/2323/2323 2322/2322/2322
f 2326/2326/2326 2310/2310/2310 2311/2311/2311
f 2328/2328/2328 1762/1762/1762 2327/2327/2327
f 2336/2336/2336 2330/2330/2330 2335/2335/2335
f 2336/2336/2336 2331/2331/2331 2330/2330/2330
f 2340/2340/2340 2335/2335/2335 2334/2334/2334
f 2341/2341/2341 2336/2336/2336 2335/2335/2335
f 2342/2342/2342 2336/2336/2336 2341/2341/2341
f 2342/2342/2342 2337/2337/2337 2336/2336/2336
f 2339/2339/2339 2045/2045/2045 2315/2315/2315
f 2317/2317/2317 2344/2344/2344 2316/2316/2316
f 2318/2318/2318 2345/2345/2345 2317/2317/2317
f 2346/2346/2346 2318/2318/2318 2319/2319/2319
f 2347/2347/2347 2314/2314/2314 2343/2343/2343
f 2050/2050/2050 1774/1774/1774 1498/1498/1498
f 2050/2050/2050 2048/2048/2048 2327/2327/2327
f 2352/2352/2352 2276/2276/2276 2277/2277/2277
f 2353/2353/2353 2276/2276/2276 2352/2352/2352
f 2356/2356/2356 2353/2353/2353 2355/2355/2355
f 2295/2295/2295 2200/2200/2200 2283/2283/2283
f 2350/2350/2350 2348/2348/2348 2363/2363/2363
f 2364/2364/2364 2362/2362/2362 2366/2366/2366
f 2371/2371/2371 2299/2299/2299 2303/2303/2303
f 2371/2371/2371 2360/2360/2360 2357/2357/2357
f 2371/2371/2371 2357/2357/2357 2370/2370/2370
f 2372/2372/2372 1806/1806/1806 1805/1805/1805
f 2374/2374/2374 2362/2362/2362 2363/2363/2363
f 2375/2375/2375 2362/2362/2362 2374/2374/2374
f 2378/2378/2378 2375/2375/2375 2377/2377/2377
f 2380/2380/2380 2307/2307/2307 2311/2311/2311
f 2380/2380/2380 2299/2299/2299 2370/2370/2370
f 2381/2381/2381 1804/1804/1804 1811/1811/1811
f 2372/2372/2372 1804/1804/1804 2381/2381/2381
f 2373/2373/2373 2381/2381/2381 2382/2382/2382
f 2384/2384/2384 2382/2382/2382 2383/2383/2383
f 2386/2386/2386 2384/2384/2384 2376/2376/2376
f 2386/2386/2386 2376/2376/2376 2377/2377/2377
f 2387/2387/2387 2307/2307/2307 2379/2379/2379
f 2389/2389/2389 2388/2388/2388 2390/2390/2390
f 2343/2343/2343 2314/2314/2314 2383/2383/2383
f 6/6/6 7/7/7 2/2/2
f 6/6/6 2/2/2 9/9/9
f 7/7/7 1/1/1 3/3/3
f 7/7/7 3/3/3 2/2/2
f 11/11/11 4/4/4 7/7/7
f 11/11/11 7/7/7 6/6/6
f 10/10/10 5/5/5 4/4/4
f 4/4/4 16/16/16 14/14/14
f 4/4/4 14/14/14 10/10/10
f 16/16/16 4/4/4 11/11/11
f 14/14/14 16/16/16 13/13/13
f 24/24/24 25/25/25 19/19/19
f 24/24/24 19/19/19 18/18/18
f 17/17/17 6/6/6 12/12/12
f 19/19/19 17/17/17 12/12/12
f 22/22/22 14/14/14 13/13/13
f 23/23/23 11/11/11 15/15/15
f 23/23/23 16/16/16 11/11/11
f 15/15/15 28/28/28 29/29/29
f 15/15/15 29/29/29 23/23/23
f 19/19/19 25/25/25 17/17/17
f 27/27/27 13/13/13 21/21/21
f 27/27/27 22/22/22 13/13/13
f 15/15/15 25/25/25 30/30/30
f 15/15/15 30/30/30 28/28/28
f 30/30/30 25/25/25 24/24/24
f 40/40/40 41/41/41 48/48/48
f 40/40/40 48/48/48 47/47/47
f 44/44/44 43/43/43 39/39/39
f 47/47/47 46/46/46 40/40/40
f 1/1/1 42/42/42 33/33/33
f 1/1/1 33/33/33 3/3/3
f 42/42/42 43/43/43 34/34/34
f 42/42/42 34/34/34 33/33/33
f 43/43/43 44/44/44 49/49/49
f 43/43/43 49/49/49 34/34/34
f 49/49/49 50/50/50 36/36/36
f 49/49/49 36/36/36 35/35/35
f 49/49/49 35/35/35 34/34/34
f 49/49/49 44/44/44 45/45/45
f 46/46/46 47/47/47 37/37/37
f 46/46/46 37/37/37 50/50/50
f 47/47/47 48/48/48 38/38/38
f 47/47/47 38/38/38 37/37/37
f 51/51/51 52/52/52 58/58/58
f 51/51/51 58/58/58 57/57/57
f 52/52/52 53/53/53 59/59/59
f 52/52/52 59/59/59 58/58/58
f 40/40/40 58/58/58 59/59/59
f 40/40/40 59/59/59 41/41/41
f 5/5/5 54/54/54 60/60/60
f 5/5/5 60/60/60 1/1/1
f 39/39/39 43/43/43 60/60/60
f 39/39/39 60/60/60 55/55/55
f 60/60/60 42/42/42 1/1/1
f 60/60/60 43/43/43 42/42/42
f 39/39/39 61/61/61 45/45/45
f 39/39/39 45/45/45 44/44/44
f 56/56/56 57/57/57 62/62/62
f 56/56/56 62/62/62 61/61/61
f 45/45/45 61/61/61 62/62/62
f 45/45/45 62/62/62 46/46/46
f 40/40/40 46/46/46 62/62/62
f 40/40/40 62/62/62 57/57/57
f 51/51/51 67/67/67 68/68/68
f 51/51/51 68/68/68 52/52/52
f 52/52/52 68/68/68 69/69/69
f 52/52/52 69/69/69 53/53/53
f 5/5/5 10/10/10 63/63/63
f 5/5/5 63/63/63 54/54/54
f 64/64/64 65/65/65 70/70/70
f 64/64/64 70/70/70 55/55/55
f 65/65/65 66/66/66 71/71/71
f 65/65/65 71/71/71 70/70/70
f 70/70/70 39/39/39 55/55/55
f 70/70/70 71/71/71 56/56/56
f 70/70/70 56/56/56 39/39/39
f 66/66/66 67/67/67 51/51/51
f 66/66/66 51/51/51 71/71/71
f 56/56/56 71/71/71 51/51/51
f 56/56/56 51/51/51 57/57/57
f 10/10/10 14/14/14 72/72/72
f 10/10/10 72/72/72 63/63/63
f 63/63/63 72/72/72 73/73/73
f 63/63/63 73/73/73 64/64/64
f 66/66/66 78/78/78 79/79/79
f 66/66/66 79/79/79 67/67/67
f 72/72/72 80/80/80 81/81/81
f 72/72/72 81/81/81 73/73/73
f 79/79/79 68/68/68 67/67/67
f 69/69/69 79/79/79 76/76/76
f 73/73/73 81/81/81 82/82/82
f 73/73/73 82/82/82 74/74/74
f 21/21/21 89/89/89 90/90/90
f 21/21/21 90/90/90 27/27/27
f 22/22/22 72/72/72 14/14/14
f 22/22/22 80/80/80 72/72/72
f 75/75/75 78/78/78 83/83/83
f 75/75/75 79/79/79 78/78/78
f 84/84/84 80/80/80 20/20/20
f 81/81/81 80/80/80 84/84/84
f 85/85/85 82/82/82 81/81/81
f 85/85/85 83/83/83 82/82/82
f 86/86/86 75/75/75 83/83/83
f 87/87/87 20/20/20 26/26/26
f 88/88/88 89/89/89 29/29/29
f 88/88/88 29/29/29 92/92/92
f 91/91/91 92/92/92 30/30/30
f 91/91/91 30/30/30 93/93/93
f 29/29/29 89/89/89 21/21/21
f 24/24/24 32/32/32 94/94/94
f 24/24/24 94/94/94 93/93/93
f 30/30/30 92/92/92 28/28/28
f 94/94/94 32/32/32 31/31/31
f 26/26/26 95/95/95 96/96/96
f 26/26/26 96/96/96 87/87/87
f 26/26/26 90/90/90 97/97/97
f 26/26/26 97/97/97 95/95/95
f 97/97/97 89/89/89 88/88/88
f 90/90/90 89/89/89 97/97/97
f 31/31/31 100/100/100 99/99/99
f 31/31/31 99/99/99 94/94/94
f 98/98/98 92/92/92 91/91/91
f 101/101/101 102/102/102 96/96/96
f 101/101/101 96/96/96 95/95/95
f 88/88/88 103/103/103 104/104/104
f 88/88/88 104/104/104 97/97/97
f 95/95/95 97/97/97 104/104/104
f 95/95/95 104/104/104 101/101/101
f 91/91/91 105/105/105 103/103/103
f 91/91/91 103/103/103 98/98/98
f 100/100/100 106/106/106 107/107/107
f 100/100/100 107/107/107 99/99/99
f 108/108/108 109/109/109 102/102/102
f 108/108/108 102/102/102 101/101/101
f 99/99/99 107/107/107 105/105/105
f 110/110/110 111/111/111 104/104/104
f 110/110/110 104/104/104 103/103/103
f 101/101/101 104/104/104 111/111/111
f 101/101/101 111/111/111 108/108/108
f 112/112/112 113/113/113 103/103/103
f 112/112/112 103/103/103 105/105/105
f 106/106/106 115/115/115 114/114/114
f 106/106/106 114/114/114 107/107/107
f 103/103/103 113/113/113 110/110/110
f 105/105/105 114/114/114 112/112/112
f 116/116/116 108/108/108 111/111/111
f 116/116/116 111/111/111 117/117/117
f 109/109/109 108/108/108 116/116/116
f 110/110/110 118/118/118 119/119/119
f 110/110/110 119/119/119 117/117/117
f 113/113/113 118/118/118 110/110/110
f 112/112/112 120/120/120 121/121/121
f 112/112/112 121/121/121 118/118/118
f 114/114/114 120/120/120 112/112/112
f 122/122/122 123/123/123 114/114/114
f 122/122/122 114/114/114 115/115/115
f 116/116/116 126/126/126 127/127/127
f 116/116/116 127/127/127 124/124/124
f 123/123/123 120/120/120 114/114/114
f 117/117/117 126/126/126 116/116/116
f 129/129/129 120/120/120 123/123/123
f 129/129/129 123/123/123 130/130/130
f 119/119/119 118/118/118 128/128/128
f 121/121/121 120/120/120 129/129/129
f 132/132/132 133/133/133 119/119/119
f 132/132/132 119/119/119 128/128/128
f 127/127/127 126/126/126 131/131/131
f 132/132/132 128/128/128 121/121/121
f 132/132/132 121/121/121 134/134/134
f 119/119/119 133/133/133 125/125/125
f 133/133/133 131/131/131 125/125/125
f 138/138/138 134/134/134 135/135/135
f 138/138/138 135/135/135 139/139/139
f 130/130/130 135/135/135 129/129/129
f 135/135/135 134/134/134 129/129/129
f 133/133/133 137/137/137 131/131/131
f 132/132/132 134/134/134 138/138/138
f 132/132/132 138/138/138 133/133/133
f 87/87/87 142/142/142 84/84/84
f 87/87/87 84/84/84 20/20/20
f 142/142/142 140/140/140 81/81/81
f 142/142/142 81/81/81 84/84/84
f 81/81/81 140/140/140 141/141/141
f 81/81/81 141/141/141 85/85/85
f 96/96/96 146/146/146 142/142/142
f 96/96/96 142/142/142 87/87/87
f 143/143/143 86/86/86 85/85/85
f 142/142/142 146/146/146 147/147/147
f 142/142/142 147/147/147 140/140/140
f 146/146/146 151/151/151 152/152/152
f 146/146/146 152/152/152 147/147/147
f 147/147/147 152/152/152 153/153/153
f 147/147/147 153/153/153 141/141/141
f 102/102/102 151/151/151 146/146/146
f 102/102/102 146/146/146 96/96/96
f 148/148/148 141/141/141 153/153/153
f 102/102/102 109/109/109 160/160/160
f 102/102/102 160/160/160 151/151/151
f 155/155/155 152/152/152 151/151/151
f 150/150/150 148/148/148 156/156/156
f 157/157/157 144/144/144 150/150/150
f 144/144/144 157/157/157 154/154/154
f 149/149/149 144/144/144 154/154/154
f 159/159/159 149/149/149 154/154/154
f 152/152/152 155/155/155 161/161/161
f 152/152/152 161/161/161 153/153/153
f 155/155/155 151/151/151 160/160/160
f 153/153/153 162/162/162 156/156/156
f 153/153/153 156/156/156 148/148/148
f 161/161/161 162/162/162 153/153/153
f 156/156/156 162/162/162 158/158/158
f 156/156/156 158/158/158 150/150/150
f 163/163/163 164/164/164 161/161/161
f 163/163/163 161/161/161 155/155/155
f 163/163/163 155/155/155 160/160/160
f 158/158/158 165/165/165 166/166/166
f 158/158/158 166/166/166 157/157/157
f 164/164/164 162/162/162 161/161/161
f 124/124/124 167/167/167 160/160/160
f 124/124/124 160/160/160 109/109/109
f 167/167/167 168/168/168 163/163/163
f 167/167/167 163/163/163 160/160/160
f 167/167/167 170/170/170 171/171/171
f 167/167/167 171/171/171 168/168/168
f 168/168/168 164/164/164 163/163/163
f 169/169/169 158/158/158 164/164/164
f 169/169/169 165/165/165 158/158/158
f 306/306/306 175/175/175 159/159/159
f 306/306/306 159/159/159 154/154/154
f 172/172/172 169/169/169 168/168/168
f 176/176/176 177/177/177 171/171/171
f 176/176/176 171/171/171 170/170/170
f 171/171/171 177/177/177 178/178/178
f 171/171/171 178/178/178 172/172/172
f 165/165/165 172/172/172 178/178/178
f 165/165/165 178/178/178 173/173/173
f 136/136/136 179/179/179 170/170/170
f 136/136/136 170/170/170 127/127/127
f 181/181/181 185/185/185 186/186/186
f 181/181/181 186/186/186 182/182/182
f 170/170/170 179/179/179 176/176/176
f 182/182/182 180/180/180 181/181/181
f 187/187/187 192/192/192 193/193/193
f 187/187/187 193/193/193 188/188/188
f 188/188/188 193/193/193 194/194/194
f 188/188/188 194/194/194 189/189/189
f 194/194/194 195/195/195 190/190/190
f 194/194/194 190/190/190 189/189/189
f 195/195/195 196/196/196 191/191/191
f 195/195/195 191/191/191 190/190/190
f 193/193/193 199/199/199 200/200/200
f 193/193/193 200/200/200 194/194/194
f 202/202/202 203/203/203 195/195/195
f 202/202/202 195/195/195 201/201/201
f 199/199/199 206/206/206 207/207/207
f 199/199/199 207/207/207 200/200/200
f 197/197/197 196/196/196 203/203/203
f 207/207/207 208/208/208 201/201/201
f 207/207/207 201/201/201 200/200/200
f 208/208/208 209/209/209 202/202/202
f 208/208/208 202/202/202 201/201/201
f 180/180/180 182/182/182 211/211/211
f 180/180/180 211/211/211 192/192/192
f 202/202/202 210/210/210 197/197/197
f 202/202/202 197/197/197 203/203/203
f 211/211/211 199/199/199 192/192/192
f 211/211/211 206/206/206 199/199/199
f 202/202/202 209/209/209 210/210/210
f 210/210/210 212/212/212 204/204/204
f 210/210/210 204/204/204 197/197/197
f 214/214/214 215/215/215 207/207/207
f 214/214/214 207/207/207 206/206/206
f 214/214/214 206/206/206 205/205/205
f 215/215/215 216/216/216 208/208/208
f 215/215/215 208/208/208 207/207/207
f 208/208/208 216/216/216 217/217/217
f 208/208/208 217/217/217 209/209/209
f 217/217/217 218/218/218 210/210/210
f 217/217/217 210/210/210 209/209/209
f 219/219/219 220/220/220 213/213/213
f 219/219/219 213/213/213 212/212/212
f 186/186/186 211/211/211 182/182/182
f 212/212/212 210/210/210 219/219/219
f 223/223/223 224/224/224 136/136/136
f 223/223/223 136/136/136 137/137/137
f 225/225/225 226/226/226 137/137/137
f 225/225/225 137/137/137 138/138/138
f 136/136/136 224/224/224 222/222/222
f 225/225/225 138/138/138 227/227/227
f 225/225/225 227/227/227 228/228/228
f 137/137/137 226/226/226 223/223/223
f 230/230/230 231/231/231 233/233/233
f 230/230/230 233/233/233 232/232/232
f 221/221/221 222/222/222 233/233/233
f 221/221/221 233/233/233 231/231/231
f 232/232/232 233/233/233 236/236/236
f 232/232/232 236/236/236 235/235/235
f 223/223/223 235/235/235 236/236/236
f 223/223/223 236/236/236 224/224/224
f 233/233/233 222/222/222 224/224/224
f 233/233/233 224/224/224 236/236/236
f 234/234/234 235/235/235 238/238/238
f 234/234/234 238/238/238 237/237/237
f 225/225/225 237/237/237 238/238/238
f 225/225/225 238/238/238 226/226/226
f 223/223/223 226/226/226 238/238/238
f 223/223/223 238/238/238 235/235/235
f 225/225/225 228/228/228 239/239/239
f 225/225/225 239/239/239 237/237/237
f 240/240/240 241/241/241 229/229/229
f 240/240/240 229/229/229 243/243/243
f 242/242/242 243/243/243 230/230/230
f 242/242/242 230/230/230 244/244/244
f 244/244/244 230/230/230 232/232/232
f 244/244/244 232/232/232 246/246/246
f 243/243/243 231/231/231 230/230/230
f 245/245/245 246/246/246 248/248/248
f 245/245/245 248/248/248 247/247/247
f 234/234/234 248/248/248 246/246/246
f 234/234/234 246/246/246 235/235/235
f 247/247/247 248/248/248 250/250/250
f 247/247/247 250/250/250 249/249/249
f 234/234/234 237/237/237 250/250/250
f 234/234/234 250/250/250 248/248/248
f 250/250/250 252/252/252 251/251/251
f 250/250/250 251/251/251 249/249/249
f 250/250/250 237/237/237 239/239/239
f 250/250/250 239/239/239 252/252/252
f 240/240/240 243/243/243 254/254/254
f 240/240/240 254/254/254 255/255/255
f 241/241/241 255/255/255 253/253/253
f 254/254/254 243/243/243 242/242/242
f 256/256/256 244/244/244 257/257/257
f 256/256/256 257/257/257 245/245/245
f 254/254/254 265/265/265 262/262/262
f 254/254/254 262/262/262 255/255/255
f 257/257/257 246/246/246 245/245/245
f 251/251/251 260/260/260 249/249/249
f 262/262/262 265/265/265 261/261/261
f 254/254/254 242/242/242 266/266/266
f 254/254/254 266/266/266 265/265/265
f 266/266/266 242/242/242 256/256/256
f 256/256/256 245/245/245 269/269/269
f 256/256/256 269/269/269 268/268/268
f 268/268/268 266/266/266 256/256/256
f 267/267/267 269/269/269 259/259/259
f 267/267/267 259/259/259 270/270/270
f 258/258/258 249/249/249 272/272/272
f 258/258/258 272/272/272 271/271/271
f 259/259/259 269/269/269 245/245/245
f 271/271/271 270/270/270 258/258/258
f 276/276/276 277/277/277 268/268/268
f 276/276/276 268/268/268 278/278/278
f 273/273/273 271/271/271 272/272/272
f 274/274/274 262/262/262 261/261/261
f 274/274/274 263/263/263 262/262/262
f 275/275/275 265/265/265 264/264/264
f 267/267/267 270/270/270 280/280/280
f 267/267/267 280/280/280 279/279/279
f 268/268/268 277/277/277 266/266/266
f 279/279/279 278/278/278 267/267/267
f 270/270/270 271/271/271 281/281/281
f 270/270/270 281/281/281 280/280/280
f 261/261/261 283/283/283 284/284/284
f 261/261/261 284/284/284 274/274/274
f 282/282/282 283/283/283 275/275/275
f 282/282/282 275/275/275 285/285/285
f 264/264/264 277/277/277 286/286/286
f 264/264/264 286/286/286 285/285/285
f 275/275/275 283/283/283 261/261/261
f 286/286/286 277/277/277 276/276/276
f 278/278/278 279/279/279 289/289/289
f 278/278/278 289/289/289 287/287/287
f 288/288/288 289/289/289 280/280/280
f 288/288/288 280/280/280 290/290/290
f 290/290/290 280/280/280 281/281/281
f 290/290/290 281/281/281 291/291/291
f 280/280/280 289/289/289 279/279/279
f 184/184/184 185/185/185 284/284/284
f 184/184/184 284/284/284 294/294/294
f 292/292/292 291/291/291 281/281/281
f 293/293/293 291/291/291 292/292/292
f 294/294/294 283/283/283 282/282/282
f 295/295/295 296/296/296 286/286/286
f 295/295/295 286/286/286 297/297/297
f 284/284/284 185/185/185 181/181/181
f 276/276/276 287/287/287 299/299/299
f 276/276/276 299/299/299 297/297/297
f 286/286/286 296/296/296 285/285/285
f 298/298/298 299/299/299 289/289/289
f 298/298/298 289/289/289 288/288/288
f 290/290/290 291/291/291 301/301/301
f 290/290/290 301/301/301 300/300/300
f 289/289/289 299/299/299 287/287/287
f 301/301/301 291/291/291 293/293/293
f 301/301/301 293/293/293 302/302/302
f 305/305/305 306/306/306 166/166/166
f 305/305/305 166/166/166 174/174/174
f 174/174/174 173/173/173 305/305/305
f 176/176/176 307/307/307 308/308/308
f 176/176/176 308/308/308 177/177/177
f 173/173/173 178/178/178 308/308/308
f 173/173/173 308/308/308 304/304/304
f 308/308/308 178/178/178 177/177/177
f 221/221/221 307/307/307 309/309/309
f 221/221/221 309/309/309 222/222/222
f 136/136/136 222/222/222 309/309/309
f 136/136/136 309/309/309 179/179/179
f 176/176/176 179/179/179 309/309/309
f 176/176/176 309/309/309 307/307/307
f 303/303/303 311/311/311 316/316/316
f 303/303/303 316/316/316 304/304/304
f 311/311/311 315/315/315 310/310/310
f 312/312/312 313/313/313 317/317/317
f 312/312/312 317/317/317 316/316/316
f 304/304/304 316/316/316 317/317/317
f 304/304/304 317/317/317 305/305/305
f 314/314/314 318/318/318 317/317/317
f 314/314/314 317/317/317 313/313/313
f 318/318/318 319/319/319 306/306/306
f 318/318/318 306/306/306 305/305/305
f 229/229/229 315/315/315 321/321/321
f 229/229/229 321/321/321 231/231/231
f 175/175/175 306/306/306 320/320/320
f 221/221/221 231/231/231 321/321/321
f 221/221/221 321/321/321 307/307/307
f 315/315/315 311/311/311 322/322/322
f 315/315/315 322/322/322 321/321/321
f 307/307/307 321/321/321 322/322/322
f 307/307/307 322/322/322 308/308/308
f 303/303/303 308/308/308 322/322/322
f 303/303/303 322/322/322 311/311/311
f 311/311/311 323/323/323 324/324/324
f 311/311/311 324/324/324 312/312/312
f 323/323/323 311/311/311 310/310/310
f 241/241/241 310/310/310 315/315/315
f 241/241/241 315/315/315 229/229/229
f 313/313/313 312/312/312 324/324/324
f 313/313/313 325/325/325 326/326/326
f 328/328/328 329/329/329 319/319/319
f 328/328/328 319/319/319 327/327/327
f 323/323/323 188/188/188 189/189/189
f 323/323/323 189/189/189 324/324/324
f 188/188/188 331/331/331 187/187/187
f 191/191/191 332/332/332 327/327/327
f 191/191/191 327/327/327 326/326/326
f 325/325/325 324/324/324 189/189/189
f 325/325/325 190/190/190 191/191/191
f 253/253/253 331/331/331 310/310/310
f 253/253/253 310/310/310 241/241/241
f 332/332/332 333/333/333 328/328/328
f 332/332/332 328/328/328 327/327/327
f 310/310/310 331/331/331 323/323/323
f 187/187/187 331/331/331 263/263/263
f 187/187/187 263/263/263 192/192/192
f 263/263/263 331/331/331 253/253/253
f 196/196/196 335/335/335 332/332/332
f 196/196/196 332/332/332 191/191/191
f 204/204/204 336/336/336 333/333/333
f 204/204/204 333/333/333 198/198/198
f 335/335/335 197/197/197 198/198/198
f 212/212/212 213/213/213 337/337/337
f 212/212/212 337/337/337 204/204/204
f 337/337/337 336/336/336 204/204/204
f 41/41/41 339/339/339 342/342/342
f 41/41/41 342/342/342 48/48/48
f 339/339/339 340/340/340 343/343/343
f 339/339/339 343/343/343 342/342/342
f 341/341/341 344/344/344 343/343/343
f 341/341/341 343/343/343 340/340/340
f 342/342/342 338/338/338 38/38/38
f 342/342/342 38/38/38 48/48/48
f 342/342/342 343/343/343 345/345/345
f 342/342/342 345/345/345 338/338/338
f 53/53/53 346/346/346 349/349/349
f 53/53/53 349/349/349 59/59/59
f 344/344/344 345/345/345 343/343/343
f 59/59/59 349/349/349 339/339/339
f 59/59/59 339/339/339 41/41/41
f 347/347/347 350/350/350 349/349/349
f 347/347/347 349/349/349 346/346/346
f 349/349/349 350/350/350 340/340/340
f 349/349/349 340/340/340 339/339/339
f 348/348/348 351/351/351 350/350/350
f 348/348/348 350/350/350 347/347/347
f 350/350/350 351/351/351 341/341/341
f 350/350/350 341/341/341 340/340/340
f 341/341/341 351/351/351 353/353/353
f 341/341/341 353/353/353 344/344/344
f 352/352/352 354/354/354 353/353/353
f 352/352/352 353/353/353 351/351/351
f 69/69/69 356/356/356 346/346/346
f 69/69/69 346/346/346 53/53/53
f 356/356/356 357/357/357 347/347/347
f 356/356/356 347/347/347 346/346/346
f 357/357/357 358/358/358 348/348/348
f 357/357/357 348/348/348 347/347/347
f 348/348/348 358/358/358 360/360/360
f 348/348/348 360/360/360 351/351/351
f 359/359/359 361/361/361 360/360/360
f 359/359/359 360/360/360 358/358/358
f 360/360/360 361/361/361 352/352/352
f 360/360/360 352/352/352 351/351/351
f 352/352/352 361/361/361 363/363/363
f 352/352/352 363/363/363 354/354/354
f 365/365/365 356/356/356 69/69/69
f 365/365/365 69/69/69 76/76/76
f 363/363/363 361/361/361 362/362/362
f 363/363/363 355/355/355 354/354/354
f 366/366/366 368/368/368 358/358/358
f 366/366/366 358/358/358 357/357/357
f 356/356/356 365/365/365 366/366/366
f 368/368/368 369/369/369 359/359/359
f 368/368/368 359/359/359 358/358/358
f 359/359/359 369/369/369 370/370/370
f 359/359/359 370/370/370 361/361/361
f 370/370/370 371/371/371 362/362/362
f 370/370/370 362/362/362 361/361/361
f 362/362/362 371/371/371 373/373/373
f 362/362/362 373/373/373 363/363/363
f 372/372/372 374/374/374 373/373/373
f 372/372/372 373/373/373 371/371/371
f 373/373/373 375/375/375 364/364/364
f 373/373/373 364/364/364 363/363/363
f 373/373/373 374/374/374 376/376/376
f 373/373/373 376/376/376 375/375/375
f 378/378/378 379/379/379 368/368/368
f 378/378/378 368/368/368 367/367/367
f 367/367/367 366/366/366 377/377/377
f 369/369/369 380/380/380 382/382/382
f 369/369/369 382/382/382 371/371/371
f 381/381/381 383/383/383 382/382/382
f 381/381/381 382/382/382 380/380/380
f 382/382/382 383/383/383 372/372/372
f 382/382/382 372/372/372 371/371/371
f 372/372/372 383/383/383 385/385/385
f 372/372/372 385/385/385 374/374/374
f 384/384/384 386/386/386 385/385/385
f 384/384/384 385/385/385 383/383/383
f 385/385/385 387/387/387 376/376/376
f 385/385/385 376/376/376 374/374/374
f 376/376/376 387/387/387 375/375/375
f 385/385/385 386/386/386 388/388/388
f 385/385/385 388/388/388 387/387/387
f 391/391/391 392/392/392 379/379/379
f 391/391/391 379/379/379 378/378/378
f 377/377/377 365/365/365 389/389/389
f 378/378/378 367/367/367 390/390/390
f 397/397/397 398/398/398 393/393/393
f 397/397/397 393/393/393 396/396/396
f 381/381/381 380/380/380 392/392/392
f 393/393/393 383/383/383 381/381/381
f 384/384/384 383/383/383 393/393/393
f 391/391/391 378/378/378 395/395/395
f 384/384/384 398/398/398 400/400/400
f 384/384/384 400/400/400 386/386/386
f 399/399/399 401/401/401 400/400/400
f 399/399/399 400/400/400 398/398/398
f 400/400/400 402/402/402 388/388/388
f 400/400/400 388/388/388 386/386/386
f 400/400/400 401/401/401 403/403/403
f 400/400/400 403/403/403 402/402/402
f 149/149/149 404/404/404 389/389/389
f 149/149/149 389/389/389 145/145/145
f 406/406/406 407/407/407 392/392/392
f 406/406/406 392/392/392 405/405/405
f 410/410/410 411/411/411 390/390/390
f 410/410/410 390/390/390 377/377/377
f 397/397/397 396/396/396 407/407/407
f 408/408/408 398/398/398 397/397/397
f 399/399/399 398/398/398 408/408/408
f 413/413/413 414/414/414 408/408/408
f 413/413/413 408/408/408 412/412/412
f 395/395/395 390/390/390 411/411/411
f 399/399/399 414/414/414 415/415/415
f 399/399/399 415/415/415 401/401/401
f 415/415/415 416/416/416 403/403/403
f 415/415/415 403/403/403 401/401/401
f 403/403/403 416/416/416 409/409/409
f 149/149/149 159/159/159 417/417/417
f 149/149/149 417/417/417 404/404/404
f 420/420/420 421/421/421 407/407/407
f 420/420/420 407/407/407 419/419/419
f 410/410/410 404/404/404 417/417/417
f 405/405/405 395/395/395 418/418/418
f 414/414/414 422/422/422 423/423/423
f 414/414/414 423/423/423 415/415/415
f 413/413/413 412/412/412 421/421/421
f 422/422/422 414/414/414 413/413/413
f 423/423/423 424/424/424 416/416/416
f 423/423/423 416/416/416 415/415/415
f 425/425/425 426/426/426 411/411/411
f 425/425/425 411/411/411 410/410/410
f 413/413/413 429/429/429 430/430/430
f 413/413/413 430/430/430 422/422/422
f 418/418/418 411/411/411 426/426/426
f 433/433/433 434/434/434 420/420/420
f 433/433/433 420/420/420 419/419/419
f 427/427/427 418/418/418 432/432/432
f 420/420/420 434/434/434 435/435/435
f 420/420/420 435/435/435 421/421/421
f 438/438/438 439/439/439 435/435/435
f 438/438/438 435/435/435 434/434/434
f 429/429/429 421/421/421 435/435/435
f 425/425/425 417/417/417 436/436/436
f 432/432/432 426/426/426 437/437/437
f 441/441/441 442/442/442 428/428/428
f 441/441/441 428/428/428 427/427/427
f 436/436/436 159/159/159 175/175/175
f 440/440/440 425/425/425 436/436/436
f 437/437/437 425/425/425 440/440/440
f 433/433/433 442/442/442 443/443/443
f 433/433/433 443/443/443 434/434/434
f 444/444/444 445/445/445 423/423/423
f 444/444/444 423/423/423 422/422/422
f 438/438/438 434/434/434 443/443/443
f 423/423/423 445/445/445 446/446/446
f 423/423/423 446/446/446 424/424/424
f 447/447/447 448/448/448 430/430/430
f 447/447/447 430/430/430 429/429/429
f 444/444/444 422/422/422 430/430/430
f 444/444/444 448/448/448 449/449/449
f 444/444/444 449/449/449 445/445/445
f 449/449/449 450/450/450 446/446/446
f 449/449/449 446/446/446 445/445/445
f 446/446/446 450/450/450 431/431/431
f 439/439/439 451/451/451 447/447/447
f 439/439/439 447/447/447 429/429/429
f 447/447/447 451/451/451 452/452/452
f 447/447/447 452/452/452 448/448/448
f 453/453/453 455/455/455 454/454/454
f 453/453/453 454/454/454 452/452/452
f 449/449/449 448/448/448 452/452/452
f 454/454/454 449/449/449 452/452/452
f 454/454/454 456/456/456 450/450/450
f 454/454/454 450/450/450 449/449/449
f 454/454/454 455/455/455 457/457/457
f 454/454/454 457/457/457 456/456/456
f 432/432/432 459/459/459 460/460/460
f 432/432/432 460/460/460 427/427/427
f 459/459/459 432/432/432 437/437/437
f 462/462/462 463/463/463 439/439/439
f 462/462/462 439/439/439 438/438/438
f 441/441/441 427/427/427 460/460/460
f 458/458/458 175/175/175 320/320/320
f 441/441/441 465/465/465 468/468/468
f 441/441/441 468/468/468 442/442/442
f 458/458/458 320/320/320 330/330/330
f 459/459/459 437/437/437 464/464/464
f 471/471/471 472/472/472 466/466/466
f 471/471/471 466/466/466 470/470/470
f 443/443/443 442/442/442 468/468/468
f 461/461/461 458/458/458 466/466/466
f 460/460/460 459/459/459 467/467/467
f 462/462/462 443/443/443 469/469/469
f 337/337/337 475/475/475 470/470/470
f 337/337/337 470/470/470 336/336/336
f 464/464/464 461/461/461 472/472/472
f 473/473/473 460/460/460 467/467/467
f 213/213/213 478/478/478 475/475/475
f 213/213/213 475/475/475 337/337/337
f 471/471/471 470/470/470 475/475/475
f 472/472/472 471/471/471 476/476/476
f 467/467/467 464/464/464 472/472/472
f 477/477/477 469/469/469 468/468/468
f 474/474/474 469/469/469 477/477/477
f 478/478/478 479/479/479 471/471/471
f 478/478/478 471/471/471 475/475/475
f 484/484/484 481/481/481 468/468/468
f 484/484/484 468/468/468 465/465/465
f 476/476/476 471/471/471 479/479/479
f 480/480/480 472/472/472 476/476/476
f 467/467/467 472/472/472 480/480/480
f 484/484/484 465/465/465 473/473/473
f 220/220/220 482/482/482 478/478/478
f 220/220/220 478/478/478 213/213/213
f 485/485/485 486/486/486 453/453/453
f 485/485/485 453/453/453 452/452/452
f 479/479/479 478/478/478 482/482/482
f 480/480/480 476/476/476 483/483/483
f 473/473/473 480/480/480 484/484/484
f 485/485/485 452/452/452 451/451/451
f 453/453/453 486/486/486 487/487/487
f 453/453/453 487/487/487 455/455/455
f 488/488/488 456/456/456 457/457/457
f 488/488/488 457/457/457 489/489/489
f 487/487/487 489/489/489 457/457/457
f 487/487/487 457/457/457 455/455/455
f 463/463/463 490/490/490 451/451/451
f 463/463/463 451/451/451 439/439/439
f 492/492/492 493/493/493 485/485/485
f 492/492/492 485/485/485 490/490/490
f 494/494/494 495/495/495 463/463/463
f 494/494/494 463/463/463 462/462/462
f 487/487/487 498/498/498 499/499/499
f 487/487/487 499/499/499 497/497/497
f 492/492/492 490/490/490 495/495/495
f 496/496/496 493/493/493 492/492/492
f 487/487/487 493/493/493 496/496/496
f 489/489/489 497/497/497 491/491/491
f 494/494/494 462/462/462 474/474/474
f 500/500/500 501/501/501 492/492/492
f 500/500/500 492/492/492 495/495/495
f 500/500/500 495/495/495 494/494/494
f 503/503/503 504/504/504 496/496/496
f 503/503/503 496/496/496 501/501/501
f 496/496/496 492/492/492 501/501/501
f 496/496/496 504/504/504 505/505/505
f 496/496/496 505/505/505 498/498/498
f 498/498/498 505/505/505 506/506/506
f 498/498/498 506/506/506 499/499/499
f 508/508/508 509/509/509 511/511/511
f 508/508/508 511/511/511 510/510/510
f 511/511/511 513/513/513 512/512/512
f 511/511/511 512/512/512 510/510/510
f 513/513/513 515/515/515 514/514/514
f 513/513/513 514/514/514 512/512/512
f 2/2/2 3/3/3 519/519/519
f 2/2/2 519/519/519 518/518/518
f 517/517/517 518/518/518 508/508/508
f 517/517/517 508/508/508 520/520/520
f 510/510/510 512/512/512 522/522/522
f 510/510/510 522/522/522 521/521/521
f 519/519/519 508/508/508 518/518/518
f 519/519/519 509/509/509 508/508/508
f 514/514/514 525/525/525 524/524/524
f 514/514/514 524/524/524 523/523/523
f 515/515/515 526/526/526 525/525/525
f 515/515/515 525/525/525 514/514/514
f 9/9/9 2/2/2 518/518/518
f 9/9/9 518/518/518 517/517/517
f 516/516/516 526/526/526 515/515/515
f 527/527/527 525/525/525 526/526/526
f 520/520/520 521/521/521 530/530/530
f 520/520/520 530/530/530 528/528/528
f 530/530/530 529/529/529 528/528/528
f 529/529/529 530/530/530 532/532/532
f 529/529/529 532/532/532 531/531/531
f 530/530/530 521/521/521 522/522/522
f 530/530/530 522/522/522 532/532/532
f 532/532/532 522/522/522 523/523/523
f 532/532/532 523/523/523 533/533/533
f 533/533/533 531/531/531 532/532/532
f 533/533/533 523/523/523 524/524/524
f 533/533/533 524/524/524 535/535/535
f 525/525/525 537/537/537 536/536/536
f 525/525/525 536/536/536 535/535/535
f 525/525/525 535/535/535 524/524/524
f 8/8/8 528/528/528 541/541/541
f 8/8/8 541/541/541 540/540/540
f 527/527/527 537/537/537 525/525/525
f 538/538/538 537/537/537 527/527/527
f 539/539/539 537/537/537 538/538/538
f 540/540/540 12/12/12 8/8/8
f 529/529/529 531/531/531 543/543/543
f 529/529/529 543/543/543 542/542/542
f 529/529/529 542/542/542 541/541/541
f 529/529/529 541/541/541 528/528/528
f 544/544/544 533/533/533 534/534/534
f 544/544/544 534/534/534 545/545/545
f 544/544/544 543/543/543 531/531/531
f 533/533/533 544/544/544 531/531/531
f 537/537/537 548/548/548 547/547/547
f 537/537/537 547/547/547 546/546/546
f 535/535/535 545/545/545 534/534/534
f 536/536/536 546/546/546 535/535/535
f 537/537/537 546/546/546 536/536/536
f 12/12/12 540/540/540 550/550/550
f 12/12/12 550/550/550 19/19/19
f 539/539/539 548/548/548 537/537/537
f 549/549/549 548/548/548 539/539/539
f 540/540/540 541/541/541 551/551/551
f 540/540/540 551/551/551 550/550/550
f 551/551/551 541/541/541 542/542/542
f 551/551/551 542/542/542 552/552/552
f 552/552/552 542/542/542 543/543/543
f 552/552/552 543/543/543 553/553/553
f 553/553/553 543/543/543 544/544/544
f 553/553/553 544/544/544 554/554/554
f 554/554/554 544/544/544 545/545/545
f 554/554/554 545/545/545 555/555/555
f 546/546/546 559/559/559 558/558/558
f 546/546/546 558/558/558 557/557/557
f 545/545/545 557/557/557 555/555/555
f 546/546/546 557/557/557 545/545/545
f 560/560/560 561/561/561 551/551/551
f 560/560/560 551/551/551 562/562/562
f 547/547/547 559/559/559 546/546/546
f 548/548/548 559/559/559 547/547/547
f 564/564/564 567/567/567 566/566/566
f 564/564/564 566/566/566 565/565/565
f 551/551/551 561/561/561 550/550/550
f 551/551/551 563/563/563 562/562/562
f 565/565/565 553/553/553 564/564/564
f 564/564/564 554/554/554 555/555/555
f 564/564/564 555/555/555 567/567/567
f 31/31/31 32/32/32 561/561/561
f 31/31/31 561/561/561 560/560/560
f 570/570/570 563/563/563 553/553/553
f 570/570/570 553/553/553 571/571/571
f 561/561/561 32/32/32 18/18/18
f 572/572/572 567/567/567 556/556/556
f 572/572/572 556/556/556 573/573/573
f 568/568/568 575/575/575 574/574/574
f 568/568/568 574/574/574 573/573/573
f 568/568/568 573/573/573 556/556/556
f 33/33/33 34/34/34 577/577/577
f 33/33/33 577/577/577 576/576/576
f 558/558/558 575/575/575 568/568/568
f 569/569/569 575/575/575 558/558/558
f 34/34/34 35/35/35 578/578/578
f 34/34/34 578/578/578 577/577/577
f 36/36/36 579/579/579 578/578/578
f 36/36/36 578/578/578 35/35/35
f 38/38/38 581/581/581 580/580/580
f 38/38/38 580/580/580 37/37/37
f 507/507/507 576/576/576 582/582/582
f 507/507/507 582/582/582 509/509/509
f 577/577/577 583/583/583 582/582/582
f 577/577/577 582/582/582 576/576/576
f 578/578/578 584/584/584 583/583/583
f 578/578/578 583/583/583 577/577/577
f 578/578/578 579/579/579 585/585/585
f 578/578/578 585/585/585 584/584/584
f 580/580/580 586/586/586 585/585/585
f 580/580/580 585/585/585 579/579/579
f 581/581/581 587/587/587 586/586/586
f 581/581/581 586/586/586 580/580/580
f 582/582/582 588/588/588 511/511/511
f 582/582/582 511/511/511 509/509/509
f 583/583/583 589/589/589 588/588/588
f 583/583/583 588/588/588 582/582/582
f 584/584/584 590/590/590 589/589/589
f 584/584/584 589/589/589 583/583/583
f 587/587/587 593/593/593 592/592/592
f 587/587/587 592/592/592 586/586/586
f 591/591/591 590/590/590 584/584/584
f 592/592/592 591/591/591 585/585/585
f 592/592/592 585/585/585 586/586/586
f 588/588/588 594/594/594 513/513/513
f 588/588/588 513/513/513 511/511/511
f 589/589/589 595/595/595 594/594/594
f 589/589/589 594/594/594 588/588/588
f 590/590/590 596/596/596 595/595/595
f 590/590/590 595/595/595 589/589/589
f 593/593/593 599/599/599 598/598/598
f 593/593/593 598/598/598 592/592/592
f 597/597/597 596/596/596 591/591/591
f 598/598/598 597/597/597 592/592/592
f 513/513/513 594/594/594 600/600/600
f 513/513/513 600/600/600 515/515/515
f 595/595/595 601/601/601 600/600/600
f 595/595/595 600/600/600 594/594/594
f 596/596/596 602/602/602 601/601/601
f 596/596/596 601/601/601 595/595/595
f 597/597/597 604/604/604 603/603/603
f 597/597/597 603/603/603 596/596/596
f 603/603/603 602/602/602 596/596/596
f 597/597/597 598/598/598 605/605/605
f 597/597/597 605/605/605 604/604/604
f 598/598/598 599/599/599 606/606/606
f 598/598/598 606/606/606 605/605/605
f 601/601/601 607/607/607 516/516/516
f 601/601/601 516/516/516 600/600/600
f 516/516/516 515/515/515 600/600/600
f 602/602/602 608/608/608 607/607/607
f 602/602/602 607/607/607 601/601/601
f 602/602/602 603/603/603 609/609/609
f 602/602/602 609/609/609 608/608/608
f 507/507/507 519/519/519 611/611/611
f 507/507/507 611/611/611 576/576/576
f 611/611/611 519/519/519 3/3/3
f 613/613/613 605/605/605 606/606/606
f 613/613/613 606/606/606 614/614/614
f 604/604/604 613/613/613 612/612/612
f 613/613/613 614/614/614 618/618/618
f 613/613/613 618/618/618 617/617/617
f 615/615/615 526/526/526 516/516/516
f 609/609/609 612/612/612 616/616/616
f 609/609/609 604/604/604 612/612/612
f 615/615/615 619/619/619 527/527/527
f 615/615/615 527/527/527 526/526/526
f 615/615/615 607/607/607 610/610/610
f 615/615/615 610/610/610 620/620/620
f 616/616/616 621/621/621 610/610/610
f 616/616/616 610/610/610 608/608/608
f 621/621/621 620/620/620 610/610/610
f 616/616/616 612/612/612 623/623/623
f 616/616/616 623/623/623 622/622/622
f 622/622/622 621/621/621 616/616/616
f 620/620/620 625/625/625 624/624/624
f 620/620/620 624/624/624 619/619/619
f 621/621/621 626/626/626 625/625/625
f 621/621/621 625/625/625 620/620/620
f 622/622/622 627/627/627 626/626/626
f 622/622/622 626/626/626 621/621/621
f 628/628/628 617/617/617 618/618/618
f 628/628/628 618/618/618 629/629/629
f 628/628/628 630/630/630 623/623/623
f 628/628/628 623/623/623 617/617/617
f 619/619/619 538/538/538 527/527/527
f 619/619/619 632/632/632 539/539/539
f 619/619/619 539/539/539 538/538/538
f 631/631/631 630/630/630 628/628/628
f 629/629/629 631/631/631 628/628/628
f 630/630/630 634/634/634 627/627/627
f 630/630/630 627/627/627 623/623/623
f 624/624/624 632/632/632 619/619/619
f 625/625/625 632/632/632 624/624/624
f 627/627/627 633/633/633 626/626/626
f 627/627/627 634/634/634 633/633/633
f 636/636/636 631/631/631 629/629/629
f 636/636/636 629/629/629 637/637/637
f 638/638/638 634/634/634 630/630/630
f 631/631/631 638/638/638 630/630/630
f 639/639/639 638/638/638 631/631/631
f 639/639/639 631/631/631 636/636/636
f 632/632/632 549/549/549 539/539/539
f 641/641/641 639/639/639 636/636/636
f 641/641/641 636/636/636 642/642/642
f 642/642/642 636/636/636 637/637/637
f 642/642/642 637/637/637 643/643/643
f 644/644/644 642/642/642 643/643/643
f 644/644/644 643/643/643 645/645/645
f 548/548/548 649/649/649 648/648/648
f 548/548/548 648/648/648 559/559/559
f 647/647/647 548/548/548 549/549/549
f 650/650/650 654/654/654 653/653/653
f 650/650/650 653/653/653 652/652/652
f 647/647/647 649/649/649 548/548/548
f 650/650/650 649/649/649 647/647/647
f 650/650/650 652/652/652 649/649/649
f 569/569/569 656/656/656 655/655/655
f 569/569/569 655/655/655 575/575/575
f 651/651/651 654/654/654 650/650/650
f 652/652/652 653/653/653 657/657/657
f 652/652/652 657/657/657 656/656/656
f 648/648/648 656/656/656 569/569/569
f 652/652/652 656/656/656 648/648/648
f 626/626/626 659/659/659 658/658/658
f 626/626/626 658/658/658 625/625/625
f 658/658/658 632/632/632 625/625/625
f 632/632/632 661/661/661 647/647/647
f 632/632/632 647/647/647 549/549/549
f 633/633/633 659/659/659 626/626/626
f 663/663/663 633/633/633 660/660/660
f 663/663/663 660/660/660 664/664/664
f 658/658/658 661/661/661 632/632/632
f 662/662/662 661/661/661 658/658/658
f 659/659/659 662/662/662 658/658/658
f 638/638/638 664/664/664 660/660/660
f 638/638/638 660/660/660 634/634/634
f 666/666/666 663/663/663 664/664/664
f 666/666/666 664/664/664 667/667/667
f 639/639/639 664/664/664 638/638/638
f 665/665/665 662/662/662 659/659/659
f 661/661/661 650/650/650 647/647/647
f 667/667/667 664/664/664 639/639/639
f 667/667/667 639/639/639 641/641/641
f 662/662/662 668/668/668 651/651/651
f 662/662/662 651/651/651 661/661/661
f 651/651/651 650/650/650 661/661/661
f 666/666/666 669/669/669 665/665/665
f 666/666/666 665/665/665 659/659/659
f 665/665/665 668/668/668 662/662/662
f 665/665/665 669/669/669 668/668/668
f 672/672/672 641/641/641 642/642/642
f 672/672/672 642/642/642 644/644/644
f 670/670/670 669/669/669 666/666/666
f 667/667/667 670/670/670 666/666/666
f 651/651/651 668/668/668 674/674/674
f 651/651/651 674/674/674 673/673/673
f 673/673/673 654/654/654 651/651/651
f 668/668/668 669/669/669 675/675/675
f 668/668/668 675/675/675 674/674/674
f 677/677/677 644/644/644 645/645/645
f 677/677/677 645/645/645 646/646/646
f 667/667/667 676/676/676 670/670/670
f 671/671/671 641/641/641 672/672/672
f 644/644/644 677/677/677 672/672/672
f 679/679/679 670/670/670 676/676/676
f 679/679/679 676/676/676 680/680/680
f 674/674/674 678/678/678 673/673/673
f 670/670/670 679/679/679 675/675/675
f 680/680/680 676/676/676 671/671/671
f 680/680/680 671/671/671 681/681/681
f 672/672/672 677/677/677 682/682/682
f 672/672/672 682/682/682 681/681/681
f 675/675/675 684/684/684 683/683/683
f 675/675/675 683/683/683 674/674/674
f 685/685/685 560/560/560 562/562/562
f 685/685/685 562/562/562 686/686/686
f 679/679/679 684/684/684 675/675/675
f 562/562/562 570/570/570 687/687/687
f 562/562/562 687/687/687 686/686/686
f 687/687/687 570/570/570 571/571/571
f 687/687/687 571/571/571 688/688/688
f 688/688/688 571/571/571 565/565/565
f 688/688/688 565/565/565 689/689/689
f 689/689/689 565/565/565 566/566/566
f 689/689/689 566/566/566 690/690/690
f 572/572/572 692/692/692 691/691/691
f 572/572/572 691/691/691 690/690/690
f 572/572/572 690/690/690 566/566/566
f 31/31/31 685/685/685 694/694/694
f 31/31/31 694/694/694 100/100/100
f 573/573/573 692/692/692 572/572/572
f 685/685/685 686/686/686 695/695/695
f 685/685/685 695/695/695 694/694/694
f 686/686/686 687/687/687 696/696/696
f 686/686/686 696/696/696 695/695/695
f 696/696/696 687/687/687 688/688/688
f 696/696/696 688/688/688 697/697/697
f 688/688/688 689/689/689 698/698/698
f 688/688/688 698/698/698 697/697/697
f 689/689/689 690/690/690 699/699/699
f 689/689/689 699/699/699 698/698/698
f 574/574/574 693/693/693 701/701/701
f 574/574/574 701/701/701 700/700/700
f 100/100/100 694/694/694 702/702/702
f 100/100/100 702/702/702 106/106/106
f 694/694/694 695/695/695 703/703/703
f 694/694/694 703/703/703 702/702/702
f 703/703/703 695/695/695 696/696/696
f 703/703/703 696/696/696 704/704/704
f 696/696/696 697/697/697 705/705/705
f 696/696/696 705/705/705 704/704/704
f 697/697/697 698/698/698 706/706/706
f 697/697/697 706/706/706 705/705/705
f 698/698/698 699/699/699 707/707/707
f 698/698/698 707/707/707 706/706/706
f 707/707/707 699/699/699 691/691/691
f 707/707/707 691/691/691 708/708/708
f 691/691/691 700/700/700 709/709/709
f 691/691/691 709/709/709 708/708/708
f 115/115/115 106/106/106 702/702/702
f 115/115/115 702/702/702 711/711/711
f 700/700/700 710/710/710 709/709/709
f 711/711/711 702/702/702 703/703/703
f 711/711/711 703/703/703 712/712/712
f 712/712/712 703/703/703 704/704/704
f 712/712/712 704/704/704 713/713/713
f 713/713/713 704/704/704 705/705/705
f 713/713/713 705/705/705 714/714/714
f 714/714/714 705/705/705 706/706/706
f 714/714/714 706/706/706 715/715/715
f 706/706/706 707/707/707 716/716/716
f 706/706/706 716/716/716 715/715/715
f 707/707/707 708/708/708 717/717/717
f 707/707/707 717/717/717 716/716/716
f 717/717/717 708/708/708 709/709/709
f 717/717/717 709/709/709 718/718/718
f 122/122/122 115/115/115 711/711/711
f 122/122/122 711/711/711 720/720/720
f 710/710/710 719/719/719 718/718/718
f 720/720/720 711/711/711 712/712/712
f 720/720/720 712/712/712 721/721/721
f 721/721/721 712/712/712 713/713/713
f 721/721/721 713/713/713 722/722/722
f 722/722/722 713/713/713 714/714/714
f 722/722/722 714/714/714 723/723/723
f 723/723/723 714/714/714 715/715/715
f 723/723/723 715/715/715 724/724/724
f 724/724/724 715/715/715 716/716/716
f 724/724/724 716/716/716 725/725/725
f 727/727/727 718/718/718 719/719/719
f 727/727/727 719/719/719 728/728/728
f 717/717/717 725/725/725 716/716/716
f 718/718/718 726/726/726 717/717/717
f 727/727/727 726/726/726 718/718/718
f 720/720/720 721/721/721 730/730/730
f 720/720/720 730/730/730 729/729/729
f 720/720/720 729/729/729 122/122/122
f 730/730/730 721/721/721 722/722/722
f 730/730/730 722/722/722 731/731/731
f 722/722/722 723/723/723 732/732/732
f 722/722/722 732/732/732 731/731/731
f 732/732/732 723/723/723 724/724/724
f 732/732/732 724/724/724 733/733/733
f 736/736/736 735/735/735 727/727/727
f 736/736/736 727/727/727 737/737/737
f 725/725/725 733/733/733 724/724/724
f 725/725/725 734/734/734 733/733/733
f 726/726/726 734/734/734 725/725/725
f 735/735/735 734/734/734 726/726/726
f 727/727/727 735/735/735 726/726/726
f 739/739/739 729/729/729 730/730/730
f 739/739/739 730/730/730 740/740/740
f 728/728/728 737/737/737 727/727/727
f 130/130/130 729/729/729 739/739/739
f 130/130/130 739/739/739 135/135/135
f 740/740/740 730/730/730 731/731/731
f 740/740/740 731/731/731 741/741/741
f 731/731/731 732/732/732 743/743/743
f 731/731/731 743/743/743 741/741/741
f 742/742/742 741/741/741 743/743/743
f 742/742/742 743/743/743 744/744/744
f 732/732/732 733/733/733 745/745/745
f 732/732/732 745/745/745 743/743/743
f 733/733/733 734/734/734 746/746/746
f 733/733/733 746/746/746 745/745/745
f 736/736/736 737/737/737 748/748/748
f 736/736/736 748/748/748 747/747/747
f 735/735/735 746/746/746 734/734/734
f 736/736/736 747/747/747 735/735/735
f 139/139/139 135/135/135 739/739/739
f 139/139/139 739/739/739 749/749/749
f 749/749/749 739/739/739 740/740/740
f 749/749/749 740/740/740 751/751/751
f 760/760/760 759/759/759 761/761/761
f 760/760/760 761/761/761 763/763/763
f 751/751/751 750/750/750 749/749/749
f 742/742/742 751/751/751 740/740/740
f 746/746/746 752/752/752 745/745/745
f 746/746/746 753/753/753 752/752/752
f 747/747/747 753/753/753 746/746/746
f 754/754/754 753/753/753 747/747/747
f 748/748/748 754/754/754 747/747/747
f 748/748/748 755/755/755 754/754/754
f 738/738/738 755/755/755 748/748/748
f 701/701/701 693/693/693 655/655/655
f 701/701/701 655/655/655 766/766/766
f 4/4/4 5/5/5 1/1/1
f 4/4/4 1/1/1 7/7/7
f 766/766/766 764/764/764 657/657/657
f 766/766/766 657/657/657 767/767/767
f 657/657/657 765/765/765 768/768/768
f 657/657/657 768/768/768 767/767/767
f 768/768/768 765/765/765 791/791/791
f 768/768/768 791/791/791 769/769/769
f 710/710/710 701/701/701 766/766/766
f 710/710/710 766/766/766 770/770/770
f 770/770/770 766/766/766 767/767/767
f 770/770/770 767/767/767 771/771/771
f 719/719/719 710/710/710 770/770/770
f 719/719/719 770/770/770 773/773/773
f 772/772/772 771/771/771 768/768/768
f 770/770/770 771/771/771 774/774/774
f 770/770/770 774/774/774 773/773/773
f 772/772/772 769/769/769 776/776/776
f 772/772/772 776/776/776 775/775/775
f 771/771/771 775/775/775 774/774/774
f 719/719/719 773/773/773 777/777/777
f 719/719/719 777/777/777 728/728/728
f 779/779/779 778/778/778 774/774/774
f 779/779/779 774/774/774 780/780/780
f 773/773/773 778/778/778 777/777/777
f 774/774/774 778/778/778 773/773/773
f 738/738/738 737/737/737 777/777/777
f 738/738/738 777/777/777 782/782/782
f 775/775/775 780/780/780 774/774/774
f 775/775/775 781/781/781 780/780/780
f 776/776/776 781/781/781 775/775/775
f 777/777/777 737/737/737 728/728/728
f 783/783/783 780/780/780 781/781/781
f 783/783/783 781/781/781 784/784/784
f 778/778/778 782/782/782 777/777/777
f 785/785/785 782/782/782 779/779/779
f 785/785/785 779/779/779 786/786/786
f 756/756/756 755/755/755 785/785/785
f 756/756/756 785/785/785 788/788/788
f 783/783/783 786/786/786 779/779/779
f 783/783/783 787/787/787 786/786/786
f 784/784/784 787/787/787 783/783/783
f 785/785/785 755/755/755 738/738/738
f 654/654/654 678/678/678 791/791/791
f 654/654/654 791/791/791 765/765/765
f 786/786/786 788/788/788 785/785/785
f 788/788/788 789/789/789 756/756/756
f 786/786/786 789/789/789 788/788/788
f 787/787/787 789/789/789 786/786/786
f 678/678/678 683/683/683 794/794/794
f 678/678/678 794/794/794 793/793/793
f 682/682/682 677/677/677 790/790/790
f 678/678/678 793/793/793 791/791/791
f 683/683/683 684/684/684 795/795/795
f 683/683/683 795/795/795 794/794/794
f 795/795/795 684/684/684 679/679/679
f 795/795/795 679/679/679 796/796/796
f 796/796/796 679/679/679 680/680/680
f 796/796/796 680/680/680 797/797/797
f 800/800/800 792/792/792 682/682/682
f 800/800/800 682/682/682 798/798/798
f 799/799/799 798/798/798 790/790/790
f 791/791/791 793/793/793 801/801/801
f 791/791/791 801/801/801 769/769/769
f 682/682/682 790/790/790 798/798/798
f 800/800/800 803/803/803 797/797/797
f 800/800/800 797/797/797 792/792/792
f 795/795/795 802/802/802 794/794/794
f 797/797/797 803/803/803 796/796/796
f 807/807/807 801/801/801 794/794/794
f 807/807/807 794/794/794 808/808/808
f 800/800/800 806/806/806 805/805/805
f 808/808/808 794/794/794 802/802/802
f 808/808/808 802/802/802 809/809/809
f 809/809/809 802/802/802 796/796/796
f 809/809/809 796/796/796 810/810/810
f 810/810/810 796/796/796 803/803/803
f 810/810/810 803/803/803 811/811/811
f 800/800/800 805/805/805 811/811/811
f 800/800/800 811/811/811 803/803/803
f 776/776/776 769/769/769 807/807/807
f 776/776/776 807/807/807 814/814/814
f 804/804/804 757/757/757 812/812/812
f 812/812/812 813/813/813 806/806/806
f 812/812/812 806/806/806 804/804/804
f 814/814/814 807/807/807 808/808/808
f 814/814/814 808/808/808 815/815/815
f 815/815/815 808/808/808 809/809/809
f 815/815/815 809/809/809 816/816/816
f 809/809/809 810/810/810 817/817/817
f 809/809/809 817/817/817 816/816/816
f 813/813/813 812/812/812 822/822/822
f 813/813/813 822/822/822 821/821/821
f 811/811/811 817/817/817 810/810/810
f 821/821/821 820/820/820 813/813/813
f 817/817/817 811/811/811 820/820/820
f 817/817/817 820/820/820 819/819/819
f 776/776/776 823/823/823 781/781/781
f 814/814/814 823/823/823 776/776/776
f 815/815/815 823/823/823 814/814/814
f 817/817/817 819/819/819 816/816/816
f 819/819/819 820/820/820 830/830/830
f 819/819/819 830/830/830 829/829/829
f 820/820/820 811/811/811 813/813/813
f 825/825/825 824/824/824 818/818/818
f 781/781/781 826/826/826 784/784/784
f 830/830/830 820/820/820 821/821/821
f 830/830/830 821/821/821 831/831/831
f 821/821/821 822/822/822 824/824/824
f 821/821/821 824/824/824 831/831/831
f 826/826/826 823/823/823 815/815/815
f 826/826/826 815/815/815 827/827/827
f 824/824/824 822/822/822 818/818/818
f 827/827/827 815/815/815 816/816/816
f 827/827/827 816/816/816 832/832/832
f 832/832/832 828/828/828 827/827/827
f 816/816/816 819/819/819 829/829/829
f 816/816/816 829/829/829 832/832/832
f 784/784/784 826/826/826 834/834/834
f 784/784/784 834/834/834 787/787/787
f 760/760/760 833/833/833 824/824/824
f 825/825/825 759/759/759 760/760/760
f 825/825/825 760/760/760 824/824/824
f 834/834/834 826/826/826 827/827/827
f 834/834/834 827/827/827 835/835/835
f 836/836/836 829/829/829 830/830/830
f 836/836/836 830/830/830 837/837/837
f 833/833/833 760/760/760 763/763/763
f 833/833/833 763/763/763 843/843/843
f 831/831/831 837/837/837 830/830/830
f 843/843/843 842/842/842 833/833/833
f 838/838/838 789/789/789 787/787/787
f 838/838/838 787/787/787 834/834/834
f 835/835/835 828/828/828 844/844/844
f 835/835/835 844/844/844 839/839/839
f 835/835/835 839/839/839 834/834/834
f 839/839/839 844/844/844 840/840/840
f 828/828/828 836/836/836 841/841/841
f 828/828/828 841/841/841 844/844/844
f 836/836/836 837/837/837 842/842/842
f 836/836/836 842/842/842 841/841/841
f 227/227/227 750/750/750 845/845/845
f 227/227/227 845/845/845 228/228/228
f 842/842/842 837/837/837 833/833/833
f 846/846/846 751/751/751 742/742/742
f 846/846/846 742/742/742 847/847/847
f 751/751/751 846/846/846 750/750/750
f 742/742/742 744/744/744 848/848/848
f 742/742/742 848/848/848 847/847/847
f 744/744/744 752/752/752 849/849/849
f 744/744/744 849/849/849 848/848/848
f 752/752/752 753/753/753 852/852/852
f 752/752/752 852/852/852 850/850/850
f 849/849/849 850/850/850 848/848/848
f 752/752/752 850/850/850 849/849/849
f 753/753/753 754/754/754 853/853/853
f 753/753/753 853/853/853 852/852/852
f 855/855/855 854/854/854 755/755/755
f 855/855/855 755/755/755 856/856/856
f 853/853/853 854/854/854 852/852/852
f 754/754/754 854/854/854 853/853/853
f 755/755/755 854/854/854 754/754/754
f 858/858/858 859/859/859 845/845/845
f 858/858/858 845/845/845 750/750/750
f 756/756/756 856/856/856 755/755/755
f 756/756/756 857/857/857 856/856/856
f 239/239/239 228/228/228 845/845/845
f 239/239/239 845/845/845 859/859/859
f 858/858/858 750/750/750 846/846/846
f 858/858/858 846/846/846 860/860/860
f 858/858/858 860/860/860 861/861/861
f 858/858/858 861/861/861 859/859/859
f 860/860/860 846/846/846 847/847/847
f 860/860/860 847/847/847 862/862/862
f 861/861/861 860/860/860 862/862/862
f 861/861/861 862/862/862 863/863/863
f 862/862/862 847/847/847 848/848/848
f 862/862/862 848/848/848 863/863/863
f 851/851/851 852/852/852 867/867/867
f 851/851/851 867/867/867 865/865/865
f 850/850/850 863/863/863 848/848/848
f 850/850/850 865/865/865 864/864/864
f 851/851/851 865/865/865 850/850/850
f 868/868/868 867/867/867 854/854/854
f 868/868/868 854/854/854 855/855/855
f 867/867/867 868/868/868 866/866/866
f 854/854/854 867/867/867 852/852/852
f 869/869/869 868/868/868 855/855/855
f 869/869/869 855/855/855 870/870/870
f 252/252/252 239/239/239 859/859/859
f 252/252/252 859/859/859 871/871/871
f 857/857/857 870/870/870 856/856/856
f 871/871/871 859/859/859 861/861/861
f 871/871/871 861/861/861 872/872/872
f 861/861/861 863/863/863 874/874/874
f 861/861/861 874/874/874 872/872/872
f 873/873/873 872/872/872 874/874/874
f 873/873/873 874/874/874 875/875/875
f 863/863/863 864/864/864 876/876/876
f 863/863/863 876/876/876 874/874/874
f 875/875/875 874/874/874 876/876/876
f 875/875/875 876/876/876 877/877/877
f 876/876/876 864/864/864 865/865/865
f 876/876/876 865/865/865 877/877/877
f 865/865/865 866/866/866 879/879/879
f 865/865/865 879/879/879 877/877/877
f 878/878/878 877/877/877 879/879/879
f 878/878/878 879/879/879 880/880/880
f 880/880/880 879/879/879 868/868/868
f 880/880/880 868/868/868 869/869/869
f 868/868/868 879/879/879 866/866/866
f 260/260/260 252/252/252 871/871/871
f 260/260/260 871/871/871 881/881/881
f 881/881/881 871/871/871 872/872/872
f 881/881/881 872/872/872 883/883/883
f 872/872/872 873/873/873 884/884/884
f 872/872/872 884/884/884 883/883/883
f 884/884/884 886/886/886 885/885/885
f 884/884/884 885/885/885 883/883/883
f 884/884/884 873/873/873 875/875/875
f 884/884/884 875/875/875 886/886/886
f 875/875/875 877/877/877 887/887/887
f 875/875/875 887/887/887 886/886/886
f 887/887/887 877/877/877 878/878/878
f 887/887/887 878/878/878 888/888/888
f 272/272/272 260/260/260 881/881/881
f 272/272/272 881/881/881 889/889/889
f 889/889/889 273/273/273 272/272/272
f 885/885/885 886/886/886 887/887/887
f 885/885/885 887/887/887 892/892/892
f 887/887/887 888/888/888 893/893/893
f 887/887/887 893/893/893 892/892/892
f 893/893/893 895/895/895 894/894/894
f 893/893/893 894/894/894 892/892/892
f 897/897/897 889/889/889 882/882/882
f 897/897/897 882/882/882 898/898/898
f 888/888/888 895/895/895 893/893/893
f 889/889/889 896/896/896 273/273/273
f 897/897/897 896/896/896 889/889/889
f 898/898/898 882/882/882 890/890/890
f 898/898/898 890/890/890 899/899/899
f 292/292/292 273/273/273 896/896/896
f 292/292/292 896/896/896 904/904/904
f 904/904/904 293/293/293 292/292/292
f 904/904/904 896/896/896 897/897/897
f 904/904/904 897/897/897 905/905/905
f 907/907/907 891/891/891 901/901/901
f 907/907/907 901/901/901 908/908/908
f 898/898/898 905/905/905 897/897/897
f 906/906/906 905/905/905 898/898/898
f 899/899/899 906/906/906 898/898/898
f 894/894/894 902/902/902 909/909/909
f 894/894/894 909/909/909 908/908/908
f 302/302/302 293/293/293 904/904/904
f 302/302/302 904/904/904 910/910/910
f 911/911/911 905/905/905 906/906/906
f 911/911/911 906/906/906 912/912/912
f 911/911/911 910/910/910 904/904/904
f 912/912/912 906/906/906 900/900/900
f 912/912/912 900/900/900 913/913/913
f 913/913/913 907/907/907 908/908/908
f 913/913/913 908/908/908 914/914/914
f 909/909/909 916/916/916 915/915/915
f 909/909/909 915/915/915 914/914/914
f 909/909/909 914/914/914 908/908/908
f 761/761/761 917/917/917 762/762/762
f 761/761/761 762/762/762 763/763/763
f 903/903/903 916/916/916 909/909/909
f 920/920/920 918/918/918 917/917/917
f 920/920/920 917/917/917 761/761/761
f 762/762/762 917/917/917 919/919/919
f 917/917/917 918/918/918 924/924/924
f 917/917/917 924/924/924 927/927/927
f 919/919/919 917/917/917 927/927/927
f 919/919/919 927/927/927 932/932/932
f 932/932/932 926/926/926 925/925/925
f 870/870/870 857/857/857 921/921/921
f 870/870/870 921/921/921 928/928/928
f 922/922/922 923/923/923 925/925/925
f 922/922/922 925/925/925 931/931/931
f 921/921/921 929/929/929 928/928/928
f 931/931/931 930/930/930 922/922/922
f 923/923/923 919/919/919 932/932/932
f 923/923/923 932/932/932 925/925/925
f 933/933/933 938/938/938 939/939/939
f 933/933/933 939/939/939 934/934/934
f 935/935/935 880/880/880 869/869/869
f 935/935/935 869/869/869 940/940/940
f 939/939/939 938/938/938 924/924/924
f 936/936/936 944/944/944 926/926/926
f 936/936/936 926/926/926 937/937/937
f 924/924/924 938/938/938 926/926/926
f 924/924/924 926/926/926 927/927/927
f 926/926/926 944/944/944 925/925/925
f 926/926/926 938/938/938 937/937/937
f 940/940/940 869/869/869 870/870/870
f 940/940/940 870/870/870 928/928/928
f 929/929/929 930/930/930 942/942/942
f 929/929/929 942/942/942 941/941/941
f 933/933/933 934/934/934 946/946/946
f 933/933/933 946/946/946 945/945/945
f 931/931/931 943/943/943 942/942/942
f 888/888/888 880/880/880 935/935/935
f 888/888/888 935/935/935 947/947/947
f 936/936/936 937/937/937 952/952/952
f 936/936/936 952/952/952 951/951/951
f 937/937/937 938/938/938 933/933/933
f 937/937/937 933/933/933 952/952/952
f 948/948/948 947/947/947 935/935/935
f 948/948/948 935/935/935 953/953/953
f 935/935/935 940/940/940 941/941/941
f 935/935/935 941/941/941 953/953/953
f 949/949/949 948/948/948 953/953/953
f 949/949/949 953/953/953 954/954/954
f 953/953/953 941/941/941 942/942/942
f 953/953/953 942/942/942 954/954/954
f 949/949/949 954/954/954 955/955/955
f 949/949/949 955/955/955 950/950/950
f 942/942/942 943/943/943 955/955/955
f 942/942/942 955/955/955 954/954/954
f 950/950/950 955/955/955 936/936/936
f 950/950/950 936/936/936 951/951/951
f 943/943/943 944/944/944 936/936/936
f 943/943/943 936/936/936 955/955/955
f 956/956/956 945/945/945 946/946/946
f 956/956/956 946/946/946 957/957/957
f 888/888/888 947/947/947 958/958/958
f 888/888/888 958/958/958 895/895/895
f 958/958/958 947/947/947 948/948/948
f 958/958/958 948/948/948 959/959/959
f 948/948/948 949/949/949 960/960/960
f 948/948/948 960/960/960 959/959/959
f 949/949/949 950/950/950 961/961/961
f 949/949/949 961/961/961 960/960/960
f 950/950/950 951/951/951 962/962/962
f 950/950/950 962/962/962 961/961/961
f 951/951/951 952/952/952 963/963/963
f 951/951/951 963/963/963 962/962/962
f 956/956/956 963/963/963 952/952/952
f 956/956/956 952/952/952 945/945/945
f 895/895/895 958/958/958 965/965/965
f 895/895/895 965/965/965 902/902/902
f 966/966/966 959/959/959 960/960/960
f 958/958/958 959/959/959 966/966/966
f 958/958/958 966/966/966 965/965/965
f 960/960/960 961/961/961 968/968/968
f 960/960/960 968/968/968 967/967/967
f 963/963/963 956/956/956 964/964/964
f 903/903/903 902/902/902 965/965/965
f 968/968/968 961/961/961 962/962/962
f 968/968/968 962/962/962 969/969/969
f 962/962/962 963/963/963 970/970/970
f 962/962/962 970/970/970 969/969/969
f 972/972/972 963/963/963 964/964/964
f 972/972/972 964/964/964 973/973/973
f 965/965/965 966/966/966 975/975/975
f 965/965/965 975/975/975 974/974/974
f 976/976/976 972/972/972 973/973/973
f 976/976/976 973/973/973 977/977/977
f 970/970/970 963/963/963 972/972/972
f 903/903/903 974/974/974 978/978/978
f 903/903/903 978/978/978 916/916/916
f 974/974/974 975/975/975 979/979/979
f 974/974/974 979/979/979 978/978/978
f 979/979/979 975/975/975 967/967/967
f 979/979/979 967/967/967 980/980/980
f 980/980/980 967/967/967 968/968/968
f 980/980/980 968/968/968 981/981/981
f 968/968/968 969/969/969 982/982/982
f 968/968/968 982/982/982 981/981/981
f 969/969/969 970/970/970 983/983/983
f 969/969/969 983/983/983 982/982/982
f 983/983/983 970/970/970 972/972/972
f 983/983/983 972/972/972 976/976/976
f 921/921/921 857/857/857 789/789/789
f 921/921/921 789/789/789 838/838/838
f 789/789/789 857/857/857 756/756/756
f 841/841/841 842/842/842 923/923/923
f 841/841/841 923/923/923 985/985/985
f 838/838/838 984/984/984 921/921/921
f 839/839/839 984/984/984 838/838/838
f 921/921/921 984/984/984 986/986/986
f 921/921/921 986/986/986 929/929/929
f 843/843/843 919/919/919 923/923/923
f 843/843/843 923/923/923 842/842/842
f 922/922/922 930/930/930 986/986/986
f 922/922/922 986/986/986 840/840/840
f 581/581/581 338/338/338 988/988/988
f 581/581/581 988/988/988 587/587/587
f 581/581/581 38/38/38 338/338/338
f 987/987/987 989/989/989 988/988/988
f 987/987/987 988/988/988 338/338/338
f 988/988/988 990/990/990 593/593/593
f 988/988/988 593/593/593 587/587/587
f 989/989/989 991/991/991 990/990/990
f 989/989/989 990/990/990 988/988/988
f 990/990/990 992/992/992 599/599/599
f 990/990/990 599/599/599 593/593/593
f 990/990/990 991/991/991 993/993/993
f 990/990/990 993/993/993 992/992/992
f 345/345/345 344/344/344 994/994/994
f 345/345/345 994/994/994 987/987/987
f 995/995/995 997/997/997 996/996/996
f 995/995/995 996/996/996 994/994/994
f 989/989/989 987/987/987 994/994/994
f 996/996/996 991/991/991 989/989/989
f 998/998/998 992/992/992 993/993/993
f 998/998/998 993/993/993 999/999/999
f 996/996/996 999/999/999 993/993/993
f 996/996/996 993/993/993 991/991/991
f 996/996/996 997/997/997 1001/1001/1001
f 996/996/996 1001/1001/1001 1000/1000/1000
f 1000/1000/1000 999/999/999 996/996/996
f 998/998/998 614/614/614 606/606/606
f 998/998/998 606/606/606 992/992/992
f 998/998/998 999/999/999 1002/1002/1002
f 998/998/998 1002/1002/1002 614/614/614
f 344/344/344 353/353/353 1003/1003/1003
f 344/344/344 1003/1003/1003 994/994/994
f 1010/1010/1010 618/618/618 614/614/614
f 1003/1003/1003 1004/1004/1004 995/995/995
f 1003/1003/1003 995/995/995 994/994/994
f 1003/1003/1003 353/353/353 355/355/355
f 995/995/995 1004/1004/1004 1006/1006/1006
f 995/995/995 1006/1006/1006 997/997/997
f 1007/1007/1007 1000/1000/1000 1001/1001/1001
f 1007/1007/1007 1001/1001/1001 1008/1008/1008
f 1006/1006/1006 1004/1004/1004 1005/1005/1005
f 1006/1006/1006 1008/1008/1008 1001/1001/1001
f 1006/1006/1006 1001/1001/1001 997/997/997
f 1010/1010/1010 614/614/614 1002/1002/1002
f 1010/1010/1010 1002/1002/1002 1011/1011/1011
f 1009/1009/1009 1008/1008/1008 1006/1006/1006
f 1007/1007/1007 1012/1012/1012 1002/1002/1002
f 1007/1007/1007 1002/1002/1002 1000/1000/1000
f 1002/1002/1002 1012/1012/1012 1011/1011/1011
f 1007/1007/1007 1008/1008/1008 1013/1013/1013
f 1007/1007/1007 1013/1013/1013 1012/1012/1012
f 629/629/629 618/618/618 1010/1010/1010
f 629/629/629 1010/1010/1010 1014/1014/1014
f 1010/1010/1010 1011/1011/1011 1015/1015/1015
f 1010/1010/1010 1015/1015/1015 1014/1014/1014
f 1018/1018/1018 1008/1008/1008 1009/1009/1009
f 1018/1018/1018 1009/1009/1009 1019/1019/1019
f 1016/1016/1016 363/363/363 364/364/364
f 1016/1016/1016 1004/1004/1004 355/355/355
f 1005/1005/1005 1004/1004/1004 1016/1016/1016
f 1017/1017/1017 1006/1006/1006 1005/1005/1005
f 1017/1017/1017 1019/1019/1019 1009/1009/1009
f 1017/1017/1017 1009/1009/1009 1006/1006/1006
f 1020/1020/1020 1012/1012/1012 1013/1013/1013
f 1020/1020/1020 1013/1013/1013 1021/1021/1021
f 1018/1018/1018 1021/1021/1021 1013/1013/1013
f 1018/1018/1018 1013/1013/1013 1008/1008/1008
f 1018/1018/1018 1019/1019/1019 1022/1022/1022
f 1018/1018/1018 1022/1022/1022 1021/1021/1021
f 635/635/635 1014/1014/1014 1015/1015/1015
f 635/635/635 1015/1015/1015 1023/1023/1023
f 1020/1020/1020 1024/1024/1024 1015/1015/1015
f 1020/1020/1020 1015/1015/1015 1012/1012/1012
f 1015/1015/1015 1024/1024/1024 1023/1023/1023
f 1020/1020/1020 1021/1021/1021 1025/1025/1025
f 1020/1020/1020 1025/1025/1025 1024/1024/1024
f 364/364/364 1026/1026/1026 1027/1027/1027
f 364/364/364 1027/1027/1027 1005/1005/1005
f 640/640/640 637/637/637 635/635/635
f 640/640/640 635/635/635 1032/1032/1032
f 1017/1017/1017 1005/1005/1005 1027/1027/1027
f 1022/1022/1022 1019/1019/1019 1029/1029/1029
f 1025/1025/1025 1021/1021/1021 1030/1030/1030
f 1035/1035/1035 1037/1037/1037 1022/1022/1022
f 1035/1035/1035 1022/1022/1022 1029/1029/1029
f 1033/1033/1033 1026/1026/1026 375/375/375
f 1027/1027/1027 1026/1026/1026 1033/1033/1033
f 1029/1029/1029 1036/1036/1036 1035/1035/1035
f 1022/1022/1022 1037/1037/1037 1030/1030/1030
f 1035/1035/1035 1036/1036/1036 1038/1038/1038
f 1035/1035/1035 1038/1038/1038 1037/1037/1037
f 1039/1039/1039 1031/1031/1031 1025/1025/1025
f 1039/1039/1039 1025/1025/1025 1040/1040/1040
f 1030/1030/1030 1037/1037/1037 1041/1041/1041
f 1030/1030/1030 1041/1041/1041 1040/1040/1040
f 1043/1043/1043 1032/1032/1032 1031/1031/1031
f 1043/1043/1043 1031/1031/1031 1039/1039/1039
f 1032/1032/1032 1042/1042/1042 640/640/640
f 1043/1043/1043 1042/1042/1042 1032/1032/1032
f 394/394/394 1044/1044/1044 1033/1033/1033
f 394/394/394 1033/1033/1033 387/387/387
f 1042/1042/1042 645/645/645 640/640/640
f 1046/1046/1046 1047/1047/1047 1036/1036/1036
f 1046/1046/1046 1036/1036/1036 1028/1028/1028
f 1034/1034/1034 1033/1033/1033 1044/1044/1044
f 1046/1046/1046 1028/1028/1028 1034/1034/1034
f 1046/1046/1046 1034/1034/1034 1045/1045/1045
f 1049/1049/1049 1039/1039/1039 1040/1040/1040
f 1049/1049/1049 1040/1040/1040 1050/1050/1050
f 1038/1038/1038 1036/1036/1036 1047/1047/1047
f 1051/1051/1051 1043/1043/1043 1039/1039/1039
f 1051/1051/1051 1039/1039/1039 1049/1049/1049
f 1041/1041/1041 1037/1037/1037 1048/1048/1048
f 646/646/646 645/645/645 1042/1042/1042
f 646/646/646 1042/1042/1042 1052/1052/1052
f 402/402/402 1053/1053/1053 394/394/394
f 402/402/402 394/394/394 388/388/388
f 394/394/394 1053/1053/1053 1044/1044/1044
f 1044/1044/1044 1053/1053/1053 1054/1054/1054
f 1044/1044/1044 1054/1054/1054 1034/1034/1034
f 1057/1057/1057 1048/1048/1048 1038/1038/1038
f 1057/1057/1057 1038/1038/1038 1058/1058/1058
f 1047/1047/1047 1056/1056/1056 1055/1055/1055
f 1055/1055/1055 1058/1058/1058 1038/1038/1038
f 1055/1055/1055 1038/1038/1038 1047/1047/1047
f 1059/1059/1059 1050/1050/1050 1041/1041/1041
f 1059/1059/1059 1041/1041/1041 1060/1060/1060
f 1057/1057/1057 1060/1060/1060 1041/1041/1041
f 1057/1057/1057 1041/1041/1041 1048/1048/1048
f 1061/1061/1061 1051/1051/1051 1049/1049/1049
f 1061/1061/1061 1049/1049/1049 1059/1059/1059
f 790/790/790 646/646/646 1052/1052/1052
f 790/790/790 1052/1052/1052 1062/1062/1062
f 1049/1049/1049 1050/1050/1050 1059/1059/1059
f 1062/1062/1062 1052/1052/1052 1051/1051/1051
f 1062/1062/1062 1051/1051/1051 1061/1061/1061
f 409/409/409 1063/1063/1063 1053/1053/1053
f 409/409/409 1053/1053/1053 402/402/402
f 1063/1063/1063 1064/1064/1064 1054/1054/1054
f 1063/1063/1063 1054/1054/1054 1053/1053/1053
f 1064/1064/1064 1065/1065/1065 1046/1046/1046
f 1064/1064/1064 1046/1046/1046 1054/1054/1054
f 1066/1066/1066 1067/1067/1067 1058/1058/1058
f 1066/1066/1066 1058/1058/1058 1055/1055/1055
f 1056/1056/1056 1046/1046/1046 1065/1065/1065
f 1058/1058/1058 1067/1067/1067 1057/1057/1057
f 1068/1068/1068 1059/1059/1059 1060/1060/1060
f 1068/1068/1068 1060/1060/1060 1069/1069/1069
f 1057/1057/1057 1067/1067/1067 1070/1070/1070
f 1057/1057/1057 1070/1070/1070 1069/1069/1069
f 1071/1071/1071 1061/1061/1061 1059/1059/1059
f 1071/1071/1071 1059/1059/1059 1072/1072/1072
f 1073/1073/1073 1062/1062/1062 1061/1061/1061
f 1073/1073/1073 1061/1061/1061 1071/1071/1071
f 409/409/409 416/416/416 1075/1075/1075
f 409/409/409 1075/1075/1075 1074/1074/1074
f 1063/1063/1063 1074/1074/1074 1076/1076/1076
f 1063/1063/1063 1076/1076/1076 1064/1064/1064
f 1077/1077/1077 1066/1066/1066 1056/1056/1056
f 1077/1077/1077 1056/1056/1056 1078/1078/1078
f 1065/1065/1065 1064/1064/1064 1076/1076/1076
f 1065/1065/1065 1076/1076/1076 1078/1078/1078
f 1065/1065/1065 1078/1078/1078 1056/1056/1056
f 1066/1066/1066 1077/1077/1077 1079/1079/1079
f 1066/1066/1066 1079/1079/1079 1067/1067/1067
f 1071/1071/1071 1072/1072/1072 1082/1082/1082
f 1071/1071/1071 1082/1082/1082 1081/1081/1081
f 1070/1070/1070 1067/1067/1067 1079/1079/1079
f 1080/1080/1080 1082/1082/1082 1072/1072/1072
f 1080/1080/1080 1072/1072/1072 1068/1068/1068
f 1073/1073/1073 1071/1071/1071 1081/1081/1081
f 1073/1073/1073 1081/1081/1081 1083/1083/1083
f 1084/1084/1084 1085/1085/1085 1076/1076/1076
f 1084/1084/1084 1076/1076/1076 1074/1074/1074
f 1075/1075/1075 416/416/416 424/424/424
f 1077/1077/1077 1078/1078/1078 1088/1088/1088
f 1077/1077/1077 1088/1088/1088 1087/1087/1087
f 1076/1076/1076 1086/1086/1086 1088/1088/1088
f 1076/1076/1076 1088/1088/1088 1078/1078/1078
f 1087/1087/1087 1090/1090/1090 1079/1079/1079
f 1087/1087/1087 1079/1079/1079 1077/1077/1077
f 1079/1079/1079 1090/1090/1090 1092/1092/1092
f 1079/1079/1079 1092/1092/1092 1070/1070/1070
f 1080/1080/1080 1092/1092/1092 1091/1091/1091
f 1092/1092/1092 1090/1090/1090 1089/1089/1089
f 1083/1083/1083 1081/1081/1081 1093/1093/1093
f 1083/1083/1083 1093/1093/1093 1094/1094/1094
f 1091/1091/1091 1093/1093/1093 1082/1082/1082
f 1082/1082/1082 1080/1080/1080 1091/1091/1091
f 1084/1084/1084 1075/1075/1075 1096/1096/1096
f 1084/1084/1084 1096/1096/1096 1095/1095/1095
f 431/431/431 1096/1096/1096 1075/1075/1075
f 431/431/431 1075/1075/1075 424/424/424
f 1095/1095/1095 1097/1097/1097 1085/1085/1085
f 1095/1095/1095 1085/1085/1085 1084/1084/1084
f 1085/1085/1085 1097/1097/1097 1099/1099/1099
f 1085/1085/1085 1099/1099/1099 1086/1086/1086
f 1098/1098/1098 1100/1100/1100 1088/1088/1088
f 1098/1098/1098 1088/1088/1088 1099/1099/1099
f 1087/1087/1087 1100/1100/1100 1101/1101/1101
f 1087/1087/1087 1101/1101/1101 1090/1090/1090
f 1088/1088/1088 1100/1100/1100 1087/1087/1087
f 1091/1091/1091 1092/1092/1092 1103/1103/1103
f 1091/1091/1091 1103/1103/1103 1102/1102/1102
f 757/757/757 1094/1094/1094 1104/1104/1104
f 757/757/757 1104/1104/1104 818/818/818
f 1103/1103/1103 1092/1092/1092 1089/1089/1089
f 1106/1106/1106 1105/1105/1105 1093/1093/1093
f 1107/1107/1107 1095/1095/1095 1096/1096/1096
f 1107/1107/1107 1096/1096/1096 1108/1108/1108
f 1095/1095/1095 1107/1107/1107 1110/1110/1110
f 1095/1095/1095 1110/1110/1110 1097/1097/1097
f 1110/1110/1110 1109/1109/1109 1097/1097/1097
f 1089/1089/1089 1101/1101/1101 1112/1112/1112
f 1089/1089/1089 1112/1112/1112 1111/1111/1111
f 1102/1102/1102 1103/1103/1103 1115/1115/1115
f 1102/1102/1102 1115/1115/1115 1114/1114/1114
f 1112/1112/1112 1101/1101/1101 1100/1100/1100
f 1089/1089/1089 1111/1111/1111 1115/1115/1115
f 1089/1089/1089 1115/1115/1115 1103/1103/1103
f 1116/1116/1116 1105/1105/1105 1106/1106/1106
f 1116/1116/1116 1106/1106/1106 1117/1117/1117
f 1102/1102/1102 1114/1114/1114 1117/1117/1117
f 1102/1102/1102 1117/1117/1117 1106/1106/1106
f 1117/1117/1117 1114/1114/1114 1113/1113/1113
f 1118/1118/1118 1107/1107/1107 1108/1108/1108
f 1118/1118/1118 1108/1108/1108 1119/1119/1119
f 1120/1120/1120 1109/1109/1109 1110/1110/1110
f 1120/1120/1120 1110/1110/1110 1121/1121/1121
f 1118/1118/1118 1121/1121/1121 1110/1110/1110
f 1118/1118/1118 1110/1110/1110 1107/1107/1107
f 1109/1109/1109 1120/1120/1120 1122/1122/1122
f 1109/1109/1109 1122/1122/1122 1098/1098/1098
f 1098/1098/1098 1122/1122/1122 1112/1112/1112
f 1098/1098/1098 1112/1112/1112 1100/1100/1100
f 1113/1113/1113 1114/1114/1114 1126/1126/1126
f 1113/1113/1113 1126/1126/1126 1125/1125/1125
f 1112/1112/1112 1124/1124/1124 1111/1111/1111
f 1123/1123/1123 1126/1126/1126 1115/1115/1115
f 1123/1123/1123 1115/1115/1115 1124/1124/1124
f 1116/1116/1116 1117/1117/1117 1113/1113/1113
f 1116/1116/1116 1113/1113/1113 1125/1125/1125
f 1115/1115/1115 1126/1126/1126 1114/1114/1114
f 1125/1125/1125 1127/1127/1127 1116/1116/1116
f 1120/1120/1120 1121/1121/1121 1129/1129/1129
f 1120/1120/1120 1129/1129/1129 1128/1128/1128
f 1127/1127/1127 759/759/759 758/758/758
f 1127/1127/1127 758/758/758 1116/1116/1116
f 1128/1128/1128 1132/1132/1132 1122/1122/1122
f 1128/1128/1128 1122/1122/1122 1120/1120/1120
f 1121/1121/1121 1130/1130/1130 1129/1129/1129
f 1122/1122/1122 1132/1132/1132 1134/1134/1134
f 1122/1122/1122 1134/1134/1134 1112/1112/1112
f 1134/1134/1134 1132/1132/1132 1131/1131/1131
f 1133/1133/1133 1123/1123/1123 1124/1124/1124
f 1133/1133/1133 1124/1124/1124 1131/1131/1131
f 1135/1135/1135 1138/1138/1138 1126/1126/1126
f 1135/1135/1135 1126/1126/1126 1123/1123/1123
f 1138/1138/1138 1137/1137/1137 1125/1125/1125
f 759/759/759 1127/1127/1127 1136/1136/1136
f 759/759/759 1136/1136/1136 761/761/761
f 1126/1126/1126 1138/1138/1138 1125/1125/1125
f 1127/1127/1127 1125/1125/1125 1137/1137/1137
f 1127/1127/1127 1137/1137/1137 1136/1136/1136
f 450/450/450 456/456/456 1139/1139/1139
f 450/450/450 1139/1139/1139 1108/1108/1108
f 1108/1108/1108 1139/1139/1139 1119/1119/1119
f 1083/1083/1083 804/804/804 799/799/799
f 1083/1083/1083 799/799/799 1073/1073/1073
f 1083/1083/1083 1094/1094/1094 757/757/757
f 1083/1083/1083 757/757/757 804/804/804
f 1141/1141/1141 1128/1128/1128 1129/1129/1129
f 1141/1141/1141 1129/1129/1129 1142/1142/1142
f 1131/1131/1131 1132/1132/1132 1145/1145/1145
f 1131/1131/1131 1145/1145/1145 1144/1144/1144
f 1130/1130/1130 1119/1119/1119 1140/1140/1140
f 1128/1128/1128 1141/1141/1141 1145/1145/1145
f 1128/1128/1128 1145/1145/1145 1132/1132/1132
f 1143/1143/1143 1147/1147/1147 1133/1133/1133
f 1143/1143/1143 1133/1133/1133 1144/1144/1144
f 1150/1150/1150 1141/1141/1141 1142/1142/1142
f 1150/1150/1150 1142/1142/1142 1158/1158/1158
f 1147/1147/1147 1123/1123/1123 1133/1133/1133
f 1138/1138/1138 1135/1135/1135 1148/1148/1148
f 1138/1138/1138 1148/1148/1148 1137/1137/1137
f 920/920/920 1148/1148/1148 918/918/918
f 1158/1158/1158 1142/1142/1142 1130/1130/1130
f 1158/1158/1158 1130/1130/1130 1151/1151/1151
f 1140/1140/1140 1149/1149/1149 1151/1151/1151
f 1140/1140/1140 1151/1151/1151 1130/1130/1130
f 1143/1143/1143 1144/1144/1144 1153/1153/1153
f 1143/1143/1143 1153/1153/1153 1152/1152/1152
f 1144/1144/1144 1145/1145/1145 1154/1154/1154
f 1144/1144/1144 1154/1154/1154 1153/1153/1153
f 1141/1141/1141 1150/1150/1150 1154/1154/1154
f 1141/1141/1141 1154/1154/1154 1145/1145/1145
f 1143/1143/1143 1152/1152/1152 1146/1146/1146
f 1143/1143/1143 1146/1146/1146 1147/1147/1147
f 918/918/918 1148/1148/1148 1157/1157/1157
f 918/918/918 1157/1157/1157 924/924/924
f 1156/1156/1156 1135/1135/1135 1146/1146/1146
f 1157/1157/1157 939/939/939 924/924/924
f 1153/1153/1153 1154/1154/1154 1162/1162/1162
f 1153/1153/1153 1162/1162/1162 1161/1161/1161
f 1157/1157/1157 1148/1148/1148 939/939/939
f 1161/1161/1161 1160/1160/1160 1152/1152/1152
f 1150/1150/1150 1158/1158/1158 1162/1162/1162
f 1150/1150/1150 1162/1162/1162 1154/1154/1154
f 1155/1155/1155 1156/1156/1156 1164/1164/1164
f 1155/1155/1155 1164/1164/1164 1163/1163/1163
f 934/934/934 939/939/939 1155/1155/1155
f 934/934/934 1155/1155/1155 1163/1163/1163
f 1164/1164/1164 1156/1156/1156 1152/1152/1152
f 1160/1160/1160 1161/1161/1161 1168/1168/1168
f 1160/1160/1160 1168/1168/1168 1167/1167/1167
f 1160/1160/1160 1167/1167/1167 1166/1166/1166
f 1158/1158/1158 1165/1165/1165 1169/1169/1169
f 1158/1158/1158 1169/1169/1169 1162/1162/1162
f 1169/1169/1169 1168/1168/1168 1161/1161/1161
f 934/934/934 1163/1163/1163 1170/1170/1170
f 934/934/934 1170/1170/1170 946/946/946
f 1160/1160/1160 1166/1166/1166 1170/1170/1170
f 1160/1160/1160 1170/1170/1170 1163/1163/1163
f 1171/1171/1171 1180/1180/1180 1151/1151/1151
f 1171/1171/1171 1151/1151/1151 1149/1149/1149
f 1167/1167/1167 1170/1170/1170 1166/1166/1166
f 1151/1151/1151 1180/1180/1180 1159/1159/1159
f 1174/1174/1174 1167/1167/1167 1168/1168/1168
f 1174/1174/1174 1168/1168/1168 1172/1172/1172
f 1172/1172/1172 1168/1168/1168 1169/1169/1169
f 1172/1172/1172 1169/1169/1169 1173/1173/1173
f 946/946/946 1170/1170/1170 1174/1174/1174
f 946/946/946 1174/1174/1174 957/957/957
f 1169/1169/1169 1175/1175/1175 1173/1173/1173
f 1175/1175/1175 1165/1165/1165 1159/1159/1159
f 1175/1175/1175 1159/1159/1159 1176/1176/1176
f 1178/1178/1178 957/957/957 1174/1174/1174
f 1178/1178/1178 1174/1174/1174 1179/1179/1179
f 957/957/957 1178/1178/1178 964/964/964
f 1181/1181/1181 1175/1175/1175 1176/1176/1176
f 1181/1181/1181 1176/1176/1176 1184/1184/1184
f 1179/1179/1179 1172/1172/1172 1177/1177/1177
f 1185/1185/1185 1178/1178/1178 1182/1182/1182
f 1185/1185/1185 1182/1182/1182 1186/1186/1186
f 1179/1179/1179 1182/1182/1182 1178/1178/1178
f 1177/1177/1177 1173/1173/1173 1181/1181/1181
f 1184/1184/1184 1180/1180/1180 1183/1183/1183
f 1186/1186/1186 1182/1182/1182 1177/1177/1177
f 1186/1186/1186 1177/1177/1177 1187/1187/1187
f 1181/1181/1181 1184/1184/1184 1188/1188/1188
f 1181/1181/1181 1188/1188/1188 1187/1187/1187
f 1185/1185/1185 977/977/977 971/971/971
f 1185/1185/1185 971/971/971 1178/1178/1178
f 1149/1149/1149 1140/1140/1140 1139/1139/1139
f 1149/1149/1149 1139/1139/1139 1189/1189/1189
f 1139/1139/1139 456/456/456 488/488/488
f 491/491/491 1189/1189/1189 1139/1139/1139
f 491/491/491 1139/1139/1139 488/488/488
f 491/491/491 497/497/497 1190/1190/1190
f 491/491/491 1190/1190/1190 1189/1189/1189
f 1171/1171/1171 1149/1149/1149 1189/1189/1189
f 1171/1171/1171 1189/1189/1189 1191/1191/1191
f 1171/1171/1171 1191/1191/1191 1193/1193/1193
f 1171/1171/1171 1193/1193/1193 1180/1180/1180
f 1190/1190/1190 497/497/497 499/499/499
f 184/184/184 1197/1197/1197 1198/1198/1198
f 184/184/184 1198/1198/1198 1195/1195/1195
f 1193/1193/1193 1191/1191/1191 1194/1194/1194
f 1195/1195/1195 185/185/185 184/184/184
f 1195/1195/1195 186/186/186 185/185/185
f 183/183/183 1195/1195/1195 1198/1198/1198
f 183/183/183 1198/1198/1198 1196/1196/1196
f 1203/1203/1203 1204/1204/1204 214/214/214
f 1203/1203/1203 214/214/214 205/205/205
f 1199/1199/1199 1200/1200/1200 1201/1201/1201
f 1203/1203/1203 205/205/205 183/183/183
f 1204/1204/1204 1205/1205/1205 215/215/215
f 1204/1204/1204 215/215/215 214/214/214
f 1205/1205/1205 1206/1206/1206 216/216/216
f 1205/1205/1205 216/216/216 215/215/215
f 1206/1206/1206 1207/1207/1207 217/217/217
f 1206/1206/1206 217/217/217 216/216/216
f 1207/1207/1207 1208/1208/1208 218/218/218
f 1207/1207/1207 218/218/218 217/217/217
f 218/218/218 1208/1208/1208 1209/1209/1209
f 218/218/218 1209/1209/1209 219/219/219
f 1209/1209/1209 1210/1210/1210 220/220/220
f 1209/1209/1209 220/220/220 219/219/219
f 1196/1196/1196 1211/1211/1211 1203/1203/1203
f 1196/1196/1196 1203/1203/1203 183/183/183
f 1211/1211/1211 1212/1212/1212 1204/1204/1204
f 1211/1211/1211 1204/1204/1204 1203/1203/1203
f 1212/1212/1212 1213/1213/1213 1205/1205/1205
f 1212/1212/1212 1205/1205/1205 1204/1204/1204
f 1213/1213/1213 1214/1214/1214 1206/1206/1206
f 1213/1213/1213 1206/1206/1206 1205/1205/1205
f 1214/1214/1214 1215/1215/1215 1207/1207/1207
f 1214/1214/1214 1207/1207/1207 1206/1206/1206
f 1207/1207/1207 1215/1215/1215 1216/1216/1216
f 1207/1207/1207 1216/1216/1216 1208/1208/1208
f 1216/1216/1216 1217/1217/1217 1209/1209/1209
f 1216/1216/1216 1209/1209/1209 1208/1208/1208
f 1209/1209/1209 1217/1217/1217 1218/1218/1218
f 1209/1209/1209 1218/1218/1218 1210/1210/1210
f 1199/1199/1199 1219/1219/1219 1211/1211/1211
f 1199/1199/1199 1211/1211/1211 1196/1196/1196
f 1211/1211/1211 1219/1219/1219 1220/1220/1220
f 1211/1211/1211 1220/1220/1220 1212/1212/1212
f 1220/1220/1220 1221/1221/1221 1213/1213/1213
f 1220/1220/1220 1213/1213/1213 1212/1212/1212
f 1221/1221/1221 1222/1222/1222 1214/1214/1214
f 1221/1221/1221 1214/1214/1214 1213/1213/1213
f 1222/1222/1222 1223/1223/1223 1215/1215/1215
f 1222/1222/1222 1215/1215/1215 1214/1214/1214
f 1215/1215/1215 1223/1223/1223 1224/1224/1224
f 1215/1215/1215 1224/1224/1224 1216/1216/1216
f 1224/1224/1224 1225/1225/1225 1217/1217/1217
f 1224/1224/1224 1217/1217/1217 1216/1216/1216
f 1217/1217/1217 1225/1225/1225 1226/1226/1226
f 1217/1217/1217 1226/1226/1226 1218/1218/1218
f 1227/1227/1227 1228/1228/1228 1220/1220/1220
f 1227/1227/1227 1220/1220/1220 1219/1219/1219
f 1228/1228/1228 1229/1229/1229 1221/1221/1221
f 1228/1228/1228 1221/1221/1221 1220/1220/1220
f 1221/1221/1221 1229/1229/1229 1230/1230/1230
f 1221/1221/1221 1230/1230/1230 1222/1222/1222
f 1222/1222/1222 1230/1230/1230 1231/1231/1231
f 1222/1222/1222 1231/1231/1231 1223/1223/1223
f 1201/1201/1201 1227/1227/1227 1219/1219/1219
f 1201/1201/1201 1219/1219/1219 1199/1199/1199
f 1228/1228/1228 1232/1232/1232 1233/1233/1233
f 1228/1228/1228 1233/1233/1233 1229/1229/1229
f 1232/1232/1232 1228/1228/1228 1227/1227/1227
f 1230/1230/1230 1229/1229/1229 1233/1233/1233
f 1230/1230/1230 1233/1233/1233 1234/1234/1234
f 1224/1224/1224 1231/1231/1231 1235/1235/1235
f 1224/1224/1224 1235/1235/1235 1225/1225/1225
f 1224/1224/1224 1223/1223/1223 1231/1231/1231
f 1237/1237/1237 1238/1238/1238 1235/1235/1235
f 1237/1237/1237 1235/1235/1235 1231/1231/1231
f 1236/1236/1236 1226/1226/1226 1225/1225/1225
f 1227/1227/1227 1201/1201/1201 1202/1202/1202
f 1232/1232/1232 1227/1227/1227 1202/1202/1202
f 1237/1237/1237 1231/1231/1231 1234/1234/1234
f 1235/1235/1235 1238/1238/1238 1239/1239/1239
f 1235/1235/1235 1239/1239/1239 1236/1236/1236
f 1240/1240/1240 1241/1241/1241 1232/1232/1232
f 1240/1240/1240 1232/1232/1232 1202/1202/1202
f 1241/1241/1241 1242/1242/1242 1233/1233/1233
f 1241/1241/1241 1233/1233/1233 1232/1232/1232
f 1233/1233/1233 1242/1242/1242 1243/1243/1243
f 1233/1233/1233 1243/1243/1243 1234/1234/1234
f 1234/1234/1234 1243/1243/1243 1244/1244/1244
f 1234/1234/1234 1244/1244/1244 1237/1237/1237
f 1237/1237/1237 1244/1244/1244 1245/1245/1245
f 1237/1237/1237 1245/1245/1245 1238/1238/1238
f 282/282/282 1246/1246/1246 1247/1247/1247
f 282/282/282 1247/1247/1247 294/294/294
f 288/288/288 300/300/300 1250/1250/1250
f 288/288/288 1250/1250/1250 1249/1249/1249
f 1246/1246/1246 296/296/296 295/295/295
f 1248/1248/1248 299/299/299 298/298/298
f 300/300/300 301/301/301 1251/1251/1251
f 300/300/300 1251/1251/1251 1250/1250/1250
f 1251/1251/1251 301/301/301 302/302/302
f 1251/1251/1251 302/302/302 1252/1252/1252
f 1197/1197/1197 184/184/184 1247/1247/1247
f 1197/1197/1197 1247/1247/1247 1253/1253/1253
f 1247/1247/1247 1246/1246/1246 1253/1253/1253
f 1254/1254/1254 295/295/295 1248/1248/1248
f 1254/1254/1254 1248/1248/1248 1255/1255/1255
f 1246/1246/1246 295/295/295 1254/1254/1254
f 1246/1246/1246 1254/1254/1254 1253/1253/1253
f 1256/1256/1256 298/298/298 1249/1249/1249
f 1256/1256/1256 1249/1249/1249 1257/1257/1257
f 1248/1248/1248 298/298/298 1256/1256/1256
f 1248/1248/1248 1256/1256/1256 1255/1255/1255
f 1249/1249/1249 1250/1250/1250 1259/1259/1259
f 1249/1249/1249 1259/1259/1259 1257/1257/1257
f 1250/1250/1250 1251/1251/1251 1260/1260/1260
f 1250/1250/1250 1260/1260/1260 1259/1259/1259
f 1260/1260/1260 1251/1251/1251 1252/1252/1252
f 1260/1260/1260 1252/1252/1252 1261/1261/1261
f 1197/1197/1197 1263/1263/1263 1264/1264/1264
f 1197/1197/1197 1264/1264/1264 1200/1200/1200
f 1253/1253/1253 1263/1263/1263 1197/1197/1197
f 1262/1262/1262 1253/1253/1253 1254/1254/1254
f 1262/1262/1262 1254/1254/1254 1266/1266/1266
f 1262/1262/1262 1266/1266/1266 1267/1267/1267
f 1262/1262/1262 1267/1267/1267 1263/1263/1263
f 1265/1265/1265 1254/1254/1254 1255/1255/1255
f 1265/1265/1265 1255/1255/1255 1268/1268/1268
f 1255/1255/1255 1256/1256/1256 1269/1269/1269
f 1255/1255/1255 1269/1269/1269 1268/1268/1268
f 1270/1270/1270 1257/1257/1257 1259/1259/1259
f 1270/1270/1270 1259/1259/1259 1271/1271/1271
f 1258/1258/1258 1257/1257/1257 1270/1270/1270
f 1271/1271/1271 1259/1259/1259 1260/1260/1260
f 1271/1271/1271 1260/1260/1260 1272/1272/1272
f 1272/1272/1272 1260/1260/1260 1261/1261/1261
f 1272/1272/1272 1261/1261/1261 1273/1273/1273
f 1276/1276/1276 1266/1266/1266 1265/1265/1265
f 1276/1276/1276 1265/1265/1265 1277/1277/1277
f 1264/1264/1264 1263/1263/1263 1274/1274/1274
f 1267/1267/1267 1266/1266/1266 1276/1276/1276
f 1278/1278/1278 1269/1269/1269 1258/1258/1258
f 1278/1278/1278 1258/1258/1258 1279/1279/1279
f 1269/1269/1269 1278/1278/1278 1268/1268/1268
f 1258/1258/1258 1270/1270/1270 1279/1279/1279
f 1279/1279/1279 1270/1270/1270 1271/1271/1271
f 1279/1279/1279 1271/1271/1271 1280/1280/1280
f 1271/1271/1271 1272/1272/1272 1282/1282/1282
f 1271/1271/1271 1282/1282/1282 1280/1280/1280
f 1280/1280/1280 1282/1282/1282 1283/1283/1283
f 1280/1280/1280 1283/1283/1283 1281/1281/1281
f 1272/1272/1272 1273/1273/1273 1284/1284/1284
f 1272/1272/1272 1284/1284/1284 1282/1282/1282
f 1276/1276/1276 1287/1287/1287 1294/1294/1294
f 1276/1276/1276 1294/1294/1294 1286/1286/1286
f 1275/1275/1275 1264/1264/1264 1285/1285/1285
f 1267/1267/1267 1286/1286/1286 1274/1274/1274
f 1277/1277/1277 1287/1287/1287 1276/1276/1276
f 1292/1292/1292 1293/1293/1293 1275/1275/1275
f 1292/1292/1292 1275/1275/1275 1285/1285/1285
f 1277/1277/1277 1288/1288/1288 1287/1287/1287
f 1279/1279/1279 1289/1289/1289 1278/1278/1278
f 1294/1294/1294 1295/1295/1295 1285/1285/1285
f 1294/1294/1294 1285/1285/1285 1286/1286/1286
f 1294/1294/1294 1296/1296/1296 1297/1297/1297
f 1294/1294/1294 1297/1297/1297 1295/1295/1295
f 1285/1285/1285 1295/1295/1295 1292/1292/1292
f 1299/1299/1299 1289/1289/1289 1281/1281/1281
f 1299/1299/1299 1281/1281/1281 1300/1300/1300
f 1288/1288/1288 1298/1298/1298 1287/1287/1287
f 1298/1298/1298 1296/1296/1296 1287/1287/1287
f 1288/1288/1288 1289/1289/1289 1299/1299/1299
f 1288/1288/1288 1299/1299/1299 1298/1298/1298
f 1300/1300/1300 1281/1281/1281 1283/1283/1283
f 1300/1300/1300 1283/1283/1283 1301/1301/1301
f 1283/1283/1283 1290/1290/1290 1302/1302/1302
f 1283/1283/1283 1302/1302/1302 1301/1301/1301
f 1304/1304/1304 1305/1305/1305 1293/1293/1293
f 1304/1304/1304 1293/1293/1293 1295/1295/1295
f 1306/1306/1306 1307/1307/1307 1297/1297/1297
f 1306/1306/1306 1297/1297/1297 1296/1296/1296
f 1293/1293/1293 1305/1305/1305 1303/1303/1303
f 1304/1304/1304 1295/1295/1295 1297/1297/1297
f 1304/1304/1304 1297/1297/1297 1307/1307/1307
f 1306/1306/1306 1296/1296/1296 1298/1298/1298
f 1306/1306/1306 1298/1298/1298 1309/1309/1309
f 1308/1308/1308 1298/1298/1298 1299/1299/1299
f 1308/1308/1308 1299/1299/1299 1310/1310/1310
f 1310/1310/1310 1299/1299/1299 1300/1300/1300
f 1310/1310/1310 1300/1300/1300 1311/1311/1311
f 1310/1310/1310 1309/1309/1309 1308/1308/1308
f 1300/1300/1300 1301/1301/1301 1312/1312/1312
f 1300/1300/1300 1312/1312/1312 1311/1311/1311
f 1301/1301/1301 1302/1302/1302 1313/1313/1313
f 1301/1301/1301 1313/1313/1313 1312/1312/1312
f 1309/1309/1309 1317/1317/1317 1318/1318/1318
f 1309/1309/1309 1318/1318/1318 1315/1315/1315
f 1304/1304/1304 1314/1314/1314 1305/1305/1305
f 1306/1306/1306 1315/1315/1315 1307/1307/1307
f 1316/1316/1316 1314/1314/1314 1307/1307/1307
f 1310/1310/1310 1317/1317/1317 1309/1309/1309
f 1317/1317/1317 1310/1310/1310 1311/1311/1311
f 1317/1317/1317 1311/1311/1311 1319/1319/1319
f 1239/1239/1239 1238/1238/1238 1327/1327/1327
f 1239/1239/1239 1327/1327/1327 1328/1328/1328
f 1319/1319/1319 1318/1318/1318 1317/1317/1317
f 1312/1312/1312 1319/1319/1319 1311/1311/1311
f 1322/1322/1322 1236/1236/1236 1239/1239/1239
f 1323/1323/1323 1236/1236/1236 1322/1322/1322
f 1324/1324/1324 1275/1275/1275 1293/1293/1293
f 1325/1325/1325 1241/1241/1241 1240/1240/1240
f 1326/1326/1326 1243/1243/1243 1242/1242/1242
f 1239/1239/1239 1328/1328/1328 1323/1323/1323
f 1239/1239/1239 1323/1323/1323 1322/1322/1322
f 1244/1244/1244 1331/1331/1331 1332/1332/1332
f 1244/1244/1244 1332/1332/1332 1245/1245/1245
f 1240/1240/1240 1293/1293/1293 1303/1303/1303
f 1325/1325/1325 1240/1240/1240 1303/1303/1303
f 1331/1331/1331 1244/1244/1244 1326/1326/1326
f 1303/1303/1303 1333/1333/1333 1334/1334/1334
f 1303/1303/1303 1334/1334/1334 1325/1325/1325
f 1331/1331/1331 1326/1326/1326 1335/1335/1335
f 1331/1331/1331 1335/1335/1335 1336/1336/1336
f 1330/1330/1330 1335/1335/1335 1326/1326/1326
f 1339/1339/1339 1340/1340/1340 1330/1330/1330
f 1339/1339/1339 1330/1330/1330 1334/1334/1334
f 1327/1327/1327 1245/1245/1245 1332/1332/1332
f 1336/1336/1336 1341/1341/1341 1342/1342/1342
f 1336/1336/1336 1342/1342/1342 1332/1332/1332
f 1341/1341/1341 1336/1336/1336 1335/1335/1335
f 1305/1305/1305 1314/1314/1314 1343/1343/1343
f 1305/1305/1305 1343/1343/1343 1333/1333/1333
f 1342/1342/1342 1337/1337/1337 1332/1332/1332
f 1335/1335/1335 1344/1344/1344 1345/1345/1345
f 1335/1335/1335 1345/1345/1345 1341/1341/1341
f 1340/1340/1340 1344/1344/1344 1335/1335/1335
f 1341/1341/1341 1345/1345/1345 1346/1346/1346
f 1341/1341/1341 1346/1346/1346 1342/1342/1342
f 1342/1342/1342 1346/1346/1346 1338/1338/1338
f 1342/1342/1342 1338/1338/1338 1337/1337/1337
f 1349/1349/1349 1350/1350/1350 1315/1315/1315
f 1349/1349/1349 1315/1315/1315 1318/1318/1318
f 1348/1348/1348 1316/1316/1316 1315/1315/1315
f 1348/1348/1348 1315/1315/1315 1350/1350/1350
f 1349/1349/1349 1318/1318/1318 1319/1319/1319
f 1349/1349/1349 1319/1319/1319 1351/1351/1351
f 1349/1349/1349 1351/1351/1351 1352/1352/1352
f 1349/1349/1349 1352/1352/1352 1350/1350/1350
f 1351/1351/1351 1320/1320/1320 1353/1353/1353
f 1351/1351/1351 1353/1353/1353 1352/1352/1352
f 1353/1353/1353 1320/1320/1320 1354/1354/1354
f 1353/1353/1353 1354/1354/1354 1355/1355/1355
f 1356/1356/1356 1350/1350/1350 1352/1352/1352
f 1356/1356/1356 1352/1352/1352 1357/1357/1357
f 1357/1357/1357 1352/1352/1352 1353/1353/1353
f 1357/1357/1357 1353/1353/1353 1358/1358/1358
f 1353/1353/1353 1355/1355/1355 1359/1359/1359
f 1353/1353/1353 1359/1359/1359 1358/1358/1358
f 1357/1357/1357 1358/1358/1358 1361/1361/1361
f 1357/1357/1357 1361/1361/1361 1360/1360/1360
f 1357/1357/1357 1360/1360/1360 1356/1356/1356
f 1361/1361/1361 1358/1358/1358 1359/1359/1359
f 1361/1361/1361 1359/1359/1359 1362/1362/1362
f 1363/1363/1363 1360/1360/1360 1361/1361/1361
f 1363/1363/1363 1361/1361/1361 1364/1364/1364
f 1361/1361/1361 1362/1362/1362 1365/1365/1365
f 1361/1361/1361 1365/1365/1365 1364/1364/1364
f 1366/1366/1366 1367/1367/1367 1340/1340/1340
f 1366/1366/1366 1340/1340/1340 1339/1339/1339
f 1367/1367/1367 1368/1368/1368 1344/1344/1344
f 1367/1367/1367 1344/1344/1344 1340/1340/1340
f 1344/1344/1344 1368/1368/1368 1369/1369/1369
f 1344/1344/1344 1369/1369/1369 1345/1345/1345
f 1345/1345/1345 1369/1369/1369 1370/1370/1370
f 1345/1345/1345 1370/1370/1370 1346/1346/1346
f 1346/1346/1346 1371/1371/1371 1372/1372/1372
f 1346/1346/1346 1372/1372/1372 1347/1347/1347
f 1348/1348/1348 1373/1373/1373 1314/1314/1314
f 1348/1348/1348 1314/1314/1314 1316/1316/1316
f 1343/1343/1343 1373/1373/1373 1374/1374/1374
f 1343/1343/1343 1374/1374/1374 1366/1366/1366
f 1314/1314/1314 1373/1373/1373 1343/1343/1343
f 1366/1366/1366 1374/1374/1374 1375/1375/1375
f 1366/1366/1366 1375/1375/1375 1367/1367/1367
f 1348/1348/1348 1350/1350/1350 1376/1376/1376
f 1348/1348/1348 1376/1376/1376 1373/1373/1373
f 1375/1375/1375 1368/1368/1368 1367/1367/1367
f 1377/1377/1377 1378/1378/1378 1369/1369/1369
f 1377/1377/1377 1369/1369/1369 1368/1368/1368
f 1369/1369/1369 1378/1378/1378 1379/1379/1379
f 1369/1369/1369 1379/1379/1379 1370/1370/1370
f 1371/1371/1371 1379/1379/1379 1380/1380/1380
f 1371/1371/1371 1380/1380/1380 1372/1372/1372
f 1379/1379/1379 1371/1371/1371 1370/1370/1370
f 1381/1381/1381 1382/1382/1382 1374/1374/1374
f 1381/1381/1381 1374/1374/1374 1373/1373/1373
f 1382/1382/1382 1383/1383/1383 1375/1375/1375
f 1382/1382/1382 1375/1375/1375 1374/1374/1374
f 1356/1356/1356 1384/1384/1384 1376/1376/1376
f 1356/1356/1356 1376/1376/1376 1350/1350/1350
f 1381/1381/1381 1373/1373/1373 1376/1376/1376
f 1381/1381/1381 1376/1376/1376 1384/1384/1384
f 1381/1381/1381 1384/1384/1384 1385/1385/1385
f 1381/1381/1381 1385/1385/1385 1382/1382/1382
f 1386/1386/1386 1387/1387/1387 1378/1378/1378
f 1386/1386/1386 1378/1378/1378 1377/1377/1377
f 1378/1378/1378 1387/1387/1387 1388/1388/1388
f 1378/1378/1378 1388/1388/1388 1379/1379/1379
f 1389/1389/1389 1390/1390/1390 1380/1380/1380
f 1389/1389/1389 1380/1380/1380 1379/1379/1379
f 1391/1391/1391 1392/1392/1392 1383/1383/1383
f 1391/1391/1391 1383/1383/1383 1382/1382/1382
f 1392/1392/1392 1386/1386/1386 1377/1377/1377
f 1392/1392/1392 1377/1377/1377 1383/1383/1383
f 1356/1356/1356 1360/1360/1360 1394/1394/1394
f 1356/1356/1356 1394/1394/1394 1393/1393/1393
f 1385/1385/1385 1384/1384/1384 1393/1393/1393
f 1397/1397/1397 1398/1398/1398 1388/1388/1388
f 1397/1397/1397 1388/1388/1388 1387/1387/1387
f 1397/1397/1397 1387/1387/1387 1386/1386/1386
f 1397/1397/1397 1386/1386/1386 1400/1400/1400
f 1389/1389/1389 1388/1388/1388 1398/1398/1398
f 1401/1401/1401 1402/1402/1402 1385/1385/1385
f 1401/1401/1401 1385/1385/1385 1393/1393/1393
f 1389/1389/1389 1404/1404/1404 1403/1403/1403
f 1389/1389/1389 1403/1403/1403 1396/1396/1396
f 1385/1385/1385 1402/1402/1402 1391/1391/1391
f 1394/1394/1394 1360/1360/1360 1363/1363/1363
f 1404/1404/1404 1389/1389/1389 1398/1398/1398
f 1405/1405/1405 1406/1406/1406 1399/1399/1399
f 1405/1405/1405 1399/1399/1399 1391/1391/1391
f 1363/1363/1363 1364/1364/1364 1408/1408/1408
f 1363/1363/1363 1408/1408/1408 1407/1407/1407
f 1400/1400/1400 1386/1386/1386 1399/1399/1399
f 1394/1394/1394 1407/1407/1407 1401/1401/1401
f 1408/1408/1408 1364/1364/1364 1365/1365/1365
f 1408/1408/1408 1365/1365/1365 1409/1409/1409
f 1411/1411/1411 1412/1412/1412 1404/1404/1404
f 1411/1411/1411 1404/1404/1404 1397/1397/1397
f 1395/1395/1395 1409/1409/1409 1365/1365/1365
f 1412/1412/1412 1410/1410/1410 1403/1403/1403
f 1412/1412/1412 1403/1403/1403 1404/1404/1404
f 1413/1413/1413 1411/1411/1411 1400/1400/1400
f 1413/1413/1413 1400/1400/1400 1399/1399/1399
f 1414/1414/1414 1415/1415/1415 1402/1402/1402
f 1414/1414/1414 1402/1402/1402 1401/1401/1401
f 1415/1415/1415 1416/1416/1416 1405/1405/1405
f 1415/1415/1415 1405/1405/1405 1402/1402/1402
f 1414/1414/1414 1401/1401/1401 1407/1407/1407
f 1414/1414/1414 1407/1407/1407 1417/1417/1417
f 1405/1405/1405 1416/1416/1416 1406/1406/1406
f 1414/1414/1414 1417/1417/1417 1418/1418/1418
f 1414/1414/1414 1418/1418/1418 1415/1415/1415
f 1417/1417/1417 1407/1407/1407 1408/1408/1408
f 1417/1417/1417 1408/1408/1408 1419/1419/1419
f 1408/1408/1408 1409/1409/1409 1420/1420/1420
f 1408/1408/1408 1420/1420/1420 1419/1419/1419
f 1423/1423/1423 1424/1424/1424 1412/1412/1412
f 1423/1423/1423 1412/1412/1412 1411/1411/1411
f 1424/1424/1424 1422/1422/1422 1410/1410/1410
f 1424/1424/1424 1410/1410/1410 1412/1412/1412
f 1425/1425/1425 1426/1426/1426 1413/1413/1413
f 1425/1425/1425 1413/1413/1413 1406/1406/1406
f 1426/1426/1426 1423/1423/1423 1411/1411/1411
f 1426/1426/1426 1411/1411/1411 1413/1413/1413
f 1427/1427/1427 1417/1417/1417 1419/1419/1419
f 1427/1427/1427 1419/1419/1419 1428/1428/1428
f 1418/1418/1418 1417/1417/1417 1427/1427/1427
f 1419/1419/1419 1420/1420/1420 1429/1429/1429
f 1419/1419/1419 1429/1429/1429 1428/1428/1428
f 1430/1430/1430 1431/1431/1431 1424/1424/1424
f 1430/1430/1430 1424/1424/1424 1423/1423/1423
f 1426/1426/1426 1425/1425/1425 1430/1430/1430
f 1426/1426/1426 1430/1430/1430 1423/1423/1423
f 1422/1422/1422 1424/1424/1424 1432/1432/1432
f 1433/1433/1433 1434/1434/1434 1416/1416/1416
f 1433/1433/1433 1416/1416/1416 1415/1415/1415
f 1433/1433/1433 1415/1415/1415 1418/1418/1418
f 1433/1433/1433 1418/1418/1418 1436/1436/1436
f 1416/1416/1416 1434/1434/1434 1425/1425/1425
f 1433/1433/1433 1436/1436/1436 1437/1437/1437
f 1433/1433/1433 1437/1437/1437 1434/1434/1434
f 1427/1427/1427 1428/1428/1428 1438/1438/1438
f 1427/1427/1427 1438/1438/1438 1436/1436/1436
f 1438/1438/1438 1428/1428/1428 1429/1429/1429
f 1438/1438/1438 1429/1429/1429 1439/1439/1439
f 1440/1440/1440 1441/1441/1441 1431/1431/1431
f 1440/1440/1440 1431/1431/1431 1430/1430/1430
f 1421/1421/1421 1439/1439/1439 1429/1429/1429
f 1431/1431/1431 1441/1441/1441 1442/1442/1442
f 1431/1431/1431 1442/1442/1442 1432/1432/1432
f 1443/1443/1443 1440/1440/1440 1430/1430/1430
f 1443/1443/1443 1430/1430/1430 1425/1425/1425
f 1446/1446/1446 1436/1436/1436 1438/1438/1438
f 1446/1446/1446 1438/1438/1438 1447/1447/1447
f 1444/1444/1444 1441/1441/1441 1440/1440/1440
f 1435/1435/1435 1434/1434/1434 1445/1445/1445
f 1437/1437/1437 1436/1436/1436 1446/1446/1446
f 1438/1438/1438 1439/1439/1439 1448/1448/1448
f 1438/1438/1438 1448/1448/1448 1447/1447/1447
f 1449/1449/1449 1452/1452/1452 1453/1453/1453
f 1449/1449/1449 1453/1453/1453 1450/1450/1450
f 1442/1442/1442 1441/1441/1441 1449/1449/1449
f 1444/1444/1444 1440/1440/1440 1451/1451/1451
f 1443/1443/1443 1454/1454/1454 1455/1455/1455
f 1443/1443/1443 1455/1455/1455 1451/1451/1451
f 1435/1435/1435 1454/1454/1454 1443/1443/1443
f 1445/1445/1445 1456/1456/1456 1457/1457/1457
f 1445/1445/1445 1457/1457/1457 1454/1454/1454
f 1437/1437/1437 1456/1456/1456 1445/1445/1445
f 1446/1446/1446 1447/1447/1447 1458/1458/1458
f 1446/1446/1446 1458/1458/1458 1456/1456/1456
f 1458/1458/1458 1447/1447/1447 1459/1459/1459
f 1458/1458/1458 1459/1459/1459 1460/1460/1460
f 1461/1461/1461 1462/1462/1462 1452/1452/1452
f 1461/1461/1461 1452/1452/1452 1444/1444/1444
f 1448/1448/1448 1460/1460/1460 1459/1459/1459
f 1464/1464/1464 1465/1465/1465 1457/1457/1457
f 1464/1464/1464 1457/1457/1457 1456/1456/1456
f 1453/1453/1453 1452/1452/1452 1462/1462/1462
f 1455/1455/1455 1463/1463/1463 1451/1451/1451
f 1454/1454/1454 1465/1465/1465 1466/1466/1466
f 1454/1454/1454 1466/1466/1466 1463/1463/1463
f 1457/1457/1457 1465/1465/1465 1454/1454/1454
f 1464/1464/1464 1456/1456/1456 1458/1458/1458
f 1464/1464/1464 1458/1458/1458 1467/1467/1467
f 1464/1464/1464 1467/1467/1467 1468/1468/1468
f 1464/1464/1464 1468/1468/1468 1465/1465/1465
f 1467/1467/1467 1460/1460/1460 1469/1469/1469
f 1467/1467/1467 1469/1469/1469 1468/1468/1468
f 1460/1460/1460 1467/1467/1467 1458/1458/1458
f 1472/1472/1472 1473/1473/1473 1466/1466/1466
f 1472/1472/1472 1466/1466/1466 1465/1465/1465
f 1462/1462/1462 1461/1461/1461 1471/1471/1471
f 1463/1463/1463 1473/1473/1473 1474/1474/1474
f 1463/1463/1463 1474/1474/1474 1471/1471/1471
f 1466/1466/1466 1473/1473/1473 1463/1463/1463
f 1472/1472/1472 1465/1465/1465 1468/1468/1468
f 1472/1472/1472 1468/1468/1468 1475/1475/1475
f 1472/1472/1472 1475/1475/1475 1476/1476/1476
f 1472/1472/1472 1476/1476/1476 1473/1473/1473
f 1476/1476/1476 1475/1475/1475 1469/1469/1469
f 1476/1476/1476 1469/1469/1469 1477/1477/1477
f 1479/1479/1479 1480/1480/1480 1470/1470/1470
f 1479/1479/1479 1470/1470/1470 1462/1462/1462
f 1481/1481/1481 1482/1482/1482 1474/1474/1474
f 1481/1481/1481 1474/1474/1474 1473/1473/1473
f 1471/1471/1471 1482/1482/1482 1483/1483/1483
f 1471/1471/1471 1483/1483/1483 1479/1479/1479
f 1474/1474/1474 1482/1482/1482 1471/1471/1471
f 1479/1479/1479 1483/1483/1483 1484/1484/1484
f 1479/1479/1479 1484/1484/1484 1480/1480/1480
f 1481/1481/1481 1473/1473/1473 1476/1476/1476
f 1481/1481/1481 1476/1476/1476 1485/1485/1485
f 1481/1481/1481 1485/1485/1485 1486/1486/1486
f 1481/1481/1481 1486/1486/1486 1482/1482/1482
f 1476/1476/1476 1477/1477/1477 1487/1487/1487
f 1476/1476/1476 1487/1487/1487 1485/1485/1485
f 1486/1486/1486 1485/1485/1485 1487/1487/1487
f 1486/1486/1486 1487/1487/1487 1488/1488/1488
f 1487/1487/1487 1477/1477/1477 1478/1478/1478
f 1487/1487/1487 1478/1478/1478 1488/1488/1488
f 1490/1490/1490 1491/1491/1491 1483/1483/1483
f 1490/1490/1490 1483/1483/1483 1482/1482/1482
f 1491/1491/1491 1492/1492/1492 1484/1484/1484
f 1491/1491/1491 1484/1484/1484 1483/1483/1483
f 1490/1490/1490 1482/1482/1482 1486/1486/1486
f 1490/1490/1490 1486/1486/1486 1493/1493/1493
f 1490/1490/1490 1493/1493/1493 1494/1494/1494
f 1490/1490/1490 1494/1494/1494 1491/1491/1491
f 1492/1492/1492 1491/1491/1491 1494/1494/1494
f 1492/1492/1492 1494/1494/1494 1495/1495/1495
f 1486/1486/1486 1488/1488/1488 1496/1496/1496
f 1486/1486/1486 1496/1496/1496 1493/1493/1493
f 1494/1494/1494 1493/1493/1493 1496/1496/1496
f 1494/1494/1494 1496/1496/1496 1497/1497/1497
f 1496/1496/1496 1488/1488/1488 1489/1489/1489
f 1496/1496/1496 1489/1489/1489 1497/1497/1497
f 1495/1495/1495 1494/1494/1494 1497/1497/1497
f 1495/1495/1495 1497/1497/1497 1498/1498/1498
f 1210/1210/1210 1499/1499/1499 482/482/482
f 1210/1210/1210 482/482/482 220/220/220
f 1489/1489/1489 1498/1498/1498 1497/1497/1497
f 1499/1499/1499 1500/1500/1500 479/479/479
f 1499/1499/1499 479/479/479 482/482/482
f 1500/1500/1500 1501/1501/1501 483/483/483
f 1500/1500/1500 483/483/483 479/479/479
f 484/484/484 1502/1502/1502 1503/1503/1503
f 484/484/484 1503/1503/1503 481/481/481
f 484/484/484 483/483/483 1501/1501/1501
f 481/481/481 1503/1503/1503 1504/1504/1504
f 481/481/481 1504/1504/1504 477/477/477
f 477/477/477 1504/1504/1504 1505/1505/1505
f 477/477/477 1505/1505/1505 474/474/474
f 1210/1210/1210 1218/1218/1218 1506/1506/1506
f 1210/1210/1210 1506/1506/1506 1499/1499/1499
f 1506/1506/1506 1507/1507/1507 1500/1500/1500
f 1506/1506/1506 1500/1500/1500 1499/1499/1499
f 1507/1507/1507 1508/1508/1508 1501/1501/1501
f 1507/1507/1507 1501/1501/1501 1500/1500/1500
f 1510/1510/1510 1511/1511/1511 1507/1507/1507
f 1510/1510/1510 1507/1507/1507 1506/1506/1506
f 1226/1226/1226 1506/1506/1506 1218/1218/1218
f 1510/1510/1510 1514/1514/1514 1515/1515/1515
f 1510/1510/1510 1515/1515/1515 1511/1511/1511
f 1510/1510/1510 1226/1226/1226 1514/1514/1514
f 1515/1515/1515 1516/1516/1516 1508/1508/1508
f 1515/1515/1515 1508/1508/1508 1511/1511/1511
f 1509/1509/1509 1513/1513/1513 1517/1517/1517
f 1509/1509/1509 1517/1517/1517 1502/1502/1502
f 1502/1502/1502 1517/1517/1517 1518/1518/1518
f 1502/1502/1502 1518/1518/1518 1503/1503/1503
f 1516/1516/1516 1520/1520/1520 1521/1521/1521
f 1516/1516/1516 1521/1521/1521 1512/1512/1512
f 1504/1504/1504 1503/1503/1503 1518/1518/1518
f 1519/1519/1519 1514/1514/1514 1323/1323/1323
f 1504/1504/1504 1522/1522/1522 1523/1523/1523
f 1504/1504/1504 1523/1523/1523 1505/1505/1505
f 1521/1521/1521 1513/1513/1513 1512/1512/1512
f 1329/1329/1329 1527/1527/1527 1528/1528/1528
f 1329/1329/1329 1528/1528/1528 1525/1525/1525
f 1525/1525/1525 1521/1521/1521 1520/1520/1520
f 1526/1526/1526 1513/1513/1513 1521/1521/1521
f 1525/1525/1525 1528/1528/1528 1529/1529/1529
f 1525/1525/1525 1529/1529/1529 1526/1526/1526
f 1529/1529/1529 1530/1530/1530 1517/1517/1517
f 1529/1529/1529 1517/1517/1517 1526/1526/1526
f 1517/1517/1517 1530/1530/1530 1531/1531/1531
f 1517/1517/1517 1531/1531/1531 1518/1518/1518
f 1531/1531/1531 1532/1532/1532 1523/1523/1523
f 1531/1531/1531 1523/1523/1523 1522/1522/1522
f 1531/1531/1531 1522/1522/1522 1518/1518/1518
f 1523/1523/1523 1532/1532/1532 1533/1533/1533
f 1523/1523/1523 1533/1533/1533 1524/1524/1524
f 1338/1338/1338 1347/1347/1347 1534/1534/1534
f 1338/1338/1338 1534/1534/1534 1527/1527/1527
f 1527/1527/1527 1534/1534/1534 1535/1535/1535
f 1527/1527/1527 1535/1535/1535 1528/1528/1528
f 1537/1537/1537 1538/1538/1538 1530/1530/1530
f 1537/1537/1537 1530/1530/1530 1529/1529/1529
f 1536/1536/1536 1529/1529/1529 1528/1528/1528
f 1540/1540/1540 1541/1541/1541 1532/1532/1532
f 1540/1540/1540 1532/1532/1532 1531/1531/1531
f 1538/1538/1538 1531/1531/1531 1530/1530/1530
f 503/503/503 1543/1543/1543 1544/1544/1544
f 503/503/503 1544/1544/1544 504/504/504
f 1541/1541/1541 1533/1533/1533 1532/1532/1532
f 1542/1542/1542 500/500/500 502/502/502
f 1543/1543/1543 503/503/503 1542/1542/1542
f 504/504/504 1544/1544/1544 1545/1545/1545
f 504/504/504 1545/1545/1545 505/505/505
f 1546/1546/1546 1523/1523/1523 1524/1524/1524
f 1546/1546/1546 1524/1524/1524 1548/1548/1548
f 506/506/506 505/505/505 1545/1545/1545
f 1546/1546/1546 502/502/502 1505/1505/1505
f 1542/1542/1542 502/502/502 1546/1546/1546
f 1547/1547/1547 506/506/506 1545/1545/1545
f 1542/1542/1542 1548/1548/1548 1549/1549/1549
f 1542/1542/1542 1549/1549/1549 1543/1543/1543
f 1549/1549/1549 1550/1550/1550 1544/1544/1544
f 1549/1549/1549 1544/1544/1544 1543/1543/1543
f 1544/1544/1544 1550/1550/1550 1551/1551/1551
f 1544/1544/1544 1551/1551/1551 1545/1545/1545
f 1549/1549/1549 1553/1553/1553 1554/1554/1554
f 1549/1549/1549 1554/1554/1554 1555/1555/1555
f 1547/1547/1547 1545/1545/1545 1551/1551/1551
f 1553/1553/1553 1548/1548/1548 1524/1524/1524
f 1550/1550/1550 1555/1555/1555 1556/1556/1556
f 1550/1550/1550 1556/1556/1556 1551/1551/1551
f 1552/1552/1552 1547/1547/1547 1558/1558/1558
f 1552/1552/1552 1558/1558/1558 1557/1557/1557
f 1551/1551/1551 1556/1556/1556 1558/1558/1558
f 1551/1551/1551 1558/1558/1558 1547/1547/1547
f 1524/1524/1524 1533/1533/1533 1559/1559/1559
f 1524/1524/1524 1559/1559/1559 1553/1553/1553
f 1554/1554/1554 1559/1559/1559 1561/1561/1561
f 1554/1554/1554 1561/1561/1561 1555/1555/1555
f 1554/1554/1554 1553/1553/1553 1559/1559/1559
f 1561/1561/1561 1562/1562/1562 1556/1556/1556
f 1561/1561/1561 1556/1556/1556 1555/1555/1555
f 1563/1563/1563 1557/1557/1557 1558/1558/1558
f 1563/1563/1563 1558/1558/1558 1564/1564/1564
f 1556/1556/1556 1562/1562/1562 1564/1564/1564
f 1556/1556/1556 1564/1564/1564 1558/1558/1558
f 1572/1572/1572 1565/1565/1565 1564/1564/1564
f 1572/1572/1572 1564/1564/1564 1562/1562/1562
f 1541/1541/1541 1567/1567/1567 1559/1559/1559
f 1541/1541/1541 1559/1559/1559 1533/1533/1533
f 1567/1567/1567 1568/1568/1568 1560/1560/1560
f 1567/1567/1567 1560/1560/1560 1559/1559/1559
f 1560/1560/1560 1568/1568/1568 1570/1570/1570
f 1560/1560/1560 1570/1570/1570 1561/1561/1561
f 1569/1569/1569 1571/1571/1571 1570/1570/1570
f 1569/1569/1569 1570/1570/1570 1568/1568/1568
f 1561/1561/1561 1570/1570/1570 1572/1572/1572
f 1561/1561/1561 1572/1572/1572 1562/1562/1562
f 1571/1571/1571 1573/1573/1573 1572/1572/1572
f 1571/1571/1571 1572/1572/1572 1570/1570/1570
f 1574/1574/1574 1575/1575/1575 1565/1565/1565
f 1574/1574/1574 1565/1565/1565 1573/1573/1573
f 1347/1347/1347 1372/1372/1372 1578/1578/1578
f 1347/1347/1347 1578/1578/1578 1534/1534/1534
f 1534/1534/1534 1578/1578/1578 1579/1579/1579
f 1534/1534/1534 1579/1579/1579 1535/1535/1535
f 1535/1535/1535 1579/1579/1579 1580/1580/1580
f 1535/1535/1535 1580/1580/1580 1536/1536/1536
f 1536/1536/1536 1581/1581/1581 1582/1582/1582
f 1536/1536/1536 1582/1582/1582 1537/1537/1537
f 1582/1582/1582 1583/1583/1583 1538/1538/1538
f 1582/1582/1582 1538/1538/1538 1537/1537/1537
f 1576/1576/1576 1577/1577/1577 1584/1584/1584
f 1576/1576/1576 1584/1584/1584 1583/1583/1583
f 1583/1583/1583 1584/1584/1584 1539/1539/1539
f 1583/1583/1583 1539/1539/1539 1538/1538/1538
f 1539/1539/1539 1585/1585/1585 1638/1638/1638
f 1539/1539/1539 1638/1638/1638 1541/1541/1541
f 1372/1372/1372 1380/1380/1380 1589/1589/1589
f 1372/1372/1372 1589/1589/1589 1578/1578/1578
f 1578/1578/1578 1589/1589/1589 1590/1590/1590
f 1578/1578/1578 1590/1590/1590 1579/1579/1579
f 1579/1579/1579 1590/1590/1590 1591/1591/1591
f 1579/1579/1579 1591/1591/1591 1580/1580/1580
f 1586/1586/1586 1587/1587/1587 1592/1592/1592
f 1586/1586/1586 1592/1592/1592 1591/1591/1591
f 1580/1580/1580 1591/1591/1591 1592/1592/1592
f 1580/1580/1580 1592/1592/1592 1581/1581/1581
f 1581/1581/1581 1592/1592/1592 1593/1593/1593
f 1581/1581/1581 1593/1593/1593 1582/1582/1582
f 1593/1593/1593 1592/1592/1592 1587/1587/1587
f 1587/1587/1587 1595/1595/1595 1596/1596/1596
f 1587/1587/1587 1596/1596/1596 1576/1576/1576
f 1593/1593/1593 1583/1583/1583 1582/1582/1582
f 1594/1594/1594 1584/1584/1584 1577/1577/1577
f 1594/1594/1594 1577/1577/1577 1588/1588/1588
f 1585/1585/1585 1584/1584/1584 1594/1594/1594
f 1596/1596/1596 1597/1597/1597 1577/1577/1577
f 1596/1596/1596 1577/1577/1577 1576/1576/1576
f 1589/1589/1589 1390/1390/1390 1599/1599/1599
f 1589/1589/1589 1599/1599/1599 1590/1590/1590
f 1588/1588/1588 1577/1577/1577 1597/1597/1597
f 1390/1390/1390 1589/1589/1589 1380/1380/1380
f 1590/1590/1590 1599/1599/1599 1598/1598/1598
f 1590/1590/1590 1598/1598/1598 1591/1591/1591
f 1595/1595/1595 1601/1601/1601 1602/1602/1602
f 1595/1595/1595 1602/1602/1602 1596/1596/1596
f 1602/1602/1602 1603/1603/1603 1597/1597/1597
f 1602/1602/1602 1597/1597/1597 1596/1596/1596
f 1586/1586/1586 1600/1600/1600 1601/1601/1601
f 1586/1586/1586 1601/1601/1601 1595/1595/1595
f 1606/1606/1606 1586/1586/1586 1598/1598/1598
f 1390/1390/1390 1396/1396/1396 1605/1605/1605
f 1390/1390/1390 1605/1605/1605 1599/1599/1599
f 1607/1607/1607 1603/1603/1603 1604/1604/1604
f 1588/1588/1588 1597/1597/1597 1607/1607/1607
f 1598/1598/1598 1599/1599/1599 1605/1605/1605
f 1598/1598/1598 1605/1605/1605 1606/1606/1606
f 1600/1600/1600 1608/1608/1608 1609/1609/1609
f 1600/1600/1600 1609/1609/1609 1601/1601/1601
f 1609/1609/1609 1610/1610/1610 1602/1602/1602
f 1609/1609/1609 1602/1602/1602 1601/1601/1601
f 1602/1602/1602 1610/1610/1610 1611/1611/1611
f 1602/1602/1602 1611/1611/1611 1603/1603/1603
f 1611/1611/1611 1612/1612/1612 1604/1604/1604
f 1611/1611/1611 1604/1604/1604 1603/1603/1603
f 1605/1605/1605 1403/1403/1403 1613/1613/1613
f 1605/1605/1605 1613/1613/1613 1606/1606/1606
f 1403/1403/1403 1605/1605/1605 1396/1396/1396
f 1606/1606/1606 1613/1613/1613 1608/1608/1608
f 1606/1606/1606 1608/1608/1608 1600/1600/1600
f 1608/1608/1608 1614/1614/1614 1615/1615/1615
f 1608/1608/1608 1615/1615/1615 1609/1609/1609
f 1609/1609/1609 1615/1615/1615 1616/1616/1616
f 1609/1609/1609 1616/1616/1616 1610/1610/1610
f 1610/1610/1610 1616/1616/1616 1617/1617/1617
f 1610/1610/1610 1617/1617/1617 1611/1611/1611
f 1617/1617/1617 1618/1618/1618 1612/1612/1612
f 1617/1617/1617 1612/1612/1612 1611/1611/1611
f 1403/1403/1403 1619/1619/1619 1620/1620/1620
f 1403/1403/1403 1620/1620/1620 1613/1613/1613
f 1613/1613/1613 1620/1620/1620 1614/1614/1614
f 1613/1613/1613 1614/1614/1614 1608/1608/1608
f 1621/1621/1621 1622/1622/1622 1615/1615/1615
f 1621/1621/1621 1615/1615/1615 1614/1614/1614
f 1622/1622/1622 1623/1623/1623 1616/1616/1616
f 1622/1622/1622 1616/1616/1616 1615/1615/1615
f 1623/1623/1623 1624/1624/1624 1617/1617/1617
f 1623/1623/1623 1617/1617/1617 1616/1616/1616
f 1624/1624/1624 1625/1625/1625 1618/1618/1618
f 1624/1624/1624 1618/1618/1618 1617/1617/1617
f 1422/1422/1422 1626/1626/1626 1619/1619/1619
f 1422/1422/1422 1619/1619/1619 1410/1410/1410
f 1628/1628/1628 1629/1629/1629 1622/1622/1622
f 1628/1628/1628 1622/1622/1622 1621/1621/1621
f 1626/1626/1626 1620/1620/1620 1619/1619/1619
f 1614/1614/1614 1620/1620/1620 1621/1621/1621
f 1629/1629/1629 1630/1630/1630 1623/1623/1623
f 1629/1629/1629 1623/1623/1623 1622/1622/1622
f 1623/1623/1623 1630/1630/1630 1631/1631/1631
f 1623/1623/1623 1631/1631/1631 1624/1624/1624
f 1629/1629/1629 1634/1634/1634 1635/1635/1635
f 1629/1629/1629 1635/1635/1635 1630/1630/1630
f 1631/1631/1631 1625/1625/1625 1624/1624/1624
f 1621/1621/1621 1626/1626/1626 1633/1633/1633
f 1634/1634/1634 1629/1629/1629 1628/1628/1628
f 1631/1631/1631 1630/1630/1630 1635/1635/1635
f 1631/1631/1631 1635/1635/1635 1636/1636/1636
f 1631/1631/1631 1637/1637/1637 1627/1627/1627
f 1631/1631/1631 1627/1627/1627 1625/1625/1625
f 1636/1636/1636 1637/1637/1637 1631/1631/1631
f 1638/1638/1638 1640/1640/1640 1566/1566/1566
f 1638/1638/1638 1566/1566/1566 1541/1541/1541
f 1642/1642/1642 1643/1643/1643 1571/1571/1571
f 1642/1642/1642 1571/1571/1571 1569/1569/1569
f 1640/1640/1640 1638/1638/1638 1639/1639/1639
f 1641/1641/1641 1568/1568/1568 1566/1566/1566
f 1569/1569/1569 1568/1568/1568 1641/1641/1641
f 1646/1646/1646 1647/1647/1647 1594/1594/1594
f 1646/1646/1646 1594/1594/1594 1588/1588/1588
f 1644/1644/1644 1573/1573/1573 1571/1571/1571
f 1644/1644/1644 1571/1571/1571 1643/1643/1643
f 1574/1574/1574 1573/1573/1573 1644/1644/1644
f 1575/1575/1575 1644/1644/1644 1645/1645/1645
f 1594/1594/1594 1647/1647/1647 1638/1638/1638
f 1594/1594/1594 1638/1638/1638 1585/1585/1585
f 1651/1651/1651 1652/1652/1652 1643/1643/1643
f 1651/1651/1651 1643/1643/1643 1650/1650/1650
f 1639/1639/1639 1638/1638/1638 1647/1647/1647
f 1648/1648/1648 1566/1566/1566 1639/1639/1639
f 1641/1641/1641 1566/1566/1566 1648/1648/1648
f 1650/1650/1650 1569/1569/1569 1641/1641/1641
f 1650/1650/1650 1641/1641/1641 1649/1649/1649
f 1642/1642/1642 1569/1569/1569 1650/1650/1650
f 1656/1656/1656 1657/1657/1657 1648/1648/1648
f 1656/1656/1656 1648/1648/1648 1639/1639/1639
f 1653/1653/1653 1644/1644/1644 1643/1643/1643
f 1653/1653/1653 1643/1643/1643 1652/1652/1652
f 1645/1645/1645 1644/1644/1644 1653/1653/1653
f 1656/1656/1656 1647/1647/1647 1646/1646/1646
f 1656/1656/1656 1646/1646/1646 1655/1655/1655
f 1639/1639/1639 1647/1647/1647 1656/1656/1656
f 1648/1648/1648 1657/1657/1657 1659/1659/1659
f 1648/1648/1648 1659/1659/1659 1641/1641/1641
f 1649/1649/1649 1659/1659/1659 1660/1660/1660
f 1649/1649/1649 1660/1660/1660 1650/1650/1650
f 1659/1659/1659 1657/1657/1657 1658/1658/1658
f 1649/1649/1649 1641/1641/1641 1659/1659/1659
f 1652/1652/1652 1661/1661/1661 1662/1662/1662
f 1652/1652/1652 1662/1662/1662 1653/1653/1653
f 1651/1651/1651 1650/1650/1650 1660/1660/1660
f 1661/1661/1661 1652/1652/1652 1651/1651/1651
f 1607/1607/1607 1665/1665/1665 1646/1646/1646
f 1607/1607/1607 1646/1646/1646 1588/1588/1588
f 1662/1662/1662 1654/1654/1654 1653/1653/1653
f 1607/1607/1607 1604/1604/1604 1665/1665/1665
f 1665/1665/1665 1666/1666/1666 1655/1655/1655
f 1665/1665/1665 1655/1655/1655 1646/1646/1646
f 1655/1655/1655 1667/1667/1667 1657/1657/1657
f 1655/1655/1655 1657/1657/1657 1656/1656/1656
f 1655/1655/1655 1666/1666/1666 1667/1667/1667
f 1659/1659/1659 1668/1668/1668 1669/1669/1669
f 1659/1659/1659 1669/1669/1669 1660/1660/1660
f 1658/1658/1658 1657/1657/1657 1667/1667/1667
f 1668/1668/1668 1659/1659/1659 1658/1658/1658
f 1651/1651/1651 1669/1669/1669 1670/1670/1670
f 1651/1651/1651 1670/1670/1670 1661/1661/1661
f 1651/1651/1651 1660/1660/1660 1669/1669/1669
f 1661/1661/1661 1671/1671/1671 1672/1672/1672
f 1661/1661/1661 1672/1672/1672 1663/1663/1663
f 1663/1663/1663 1672/1672/1672 1673/1673/1673
f 1663/1663/1663 1673/1673/1673 1664/1664/1664
f 1612/1612/1612 1674/1674/1674 1665/1665/1665
f 1612/1612/1612 1665/1665/1665 1604/1604/1604
f 1675/1675/1675 1676/1676/1676 1667/1667/1667
f 1675/1675/1675 1667/1667/1667 1666/1666/1666
f 1666/1666/1666 1665/1665/1665 1675/1675/1675
f 1658/1658/1658 1677/1677/1677 1678/1678/1678
f 1658/1658/1658 1678/1678/1678 1668/1668/1668
f 1658/1658/1658 1667/1667/1667 1677/1677/1677
f 1668/1668/1668 1678/1678/1678 1679/1679/1679
f 1668/1668/1668 1679/1679/1679 1669/1669/1669
f 1671/1671/1671 1680/1680/1680 1681/1681/1681
f 1671/1671/1671 1681/1681/1681 1672/1672/1672
f 1672/1672/1672 1681/1681/1681 1682/1682/1682
f 1672/1672/1672 1682/1682/1682 1673/1673/1673
f 1612/1612/1612 1618/1618/1618 1683/1683/1683
f 1612/1612/1612 1683/1683/1683 1674/1674/1674
f 1674/1674/1674 1683/1683/1683 1684/1684/1684
f 1674/1674/1674 1684/1684/1684 1675/1675/1675
f 1684/1684/1684 1685/1685/1685 1676/1676/1676
f 1684/1684/1684 1676/1676/1676 1675/1675/1675
f 1678/1678/1678 1687/1687/1687 1688/1688/1688
f 1678/1678/1678 1688/1688/1688 1679/1679/1679
f 1685/1685/1685 1677/1677/1677 1676/1676/1676
f 1686/1686/1686 1678/1678/1678 1677/1677/1677
f 1679/1679/1679 1688/1688/1688 1689/1689/1689
f 1679/1679/1679 1689/1689/1689 1680/1680/1680
f 1689/1689/1689 1690/1690/1690 1681/1681/1681
f 1689/1689/1689 1681/1681/1681 1680/1680/1680
f 1690/1690/1690 1691/1691/1691 1682/1682/1682
f 1690/1690/1690 1682/1682/1682 1681/1681/1681
f 1625/1625/1625 1627/1627/1627 1684/1684/1684
f 1625/1625/1625 1684/1684/1684 1683/1683/1683
f 1625/1625/1625 1683/1683/1683 1618/1618/1618
f 1684/1684/1684 1692/1692/1692 1693/1693/1693
f 1684/1684/1684 1693/1693/1693 1685/1685/1685
f 1685/1685/1685 1693/1693/1693 1694/1694/1694
f 1685/1685/1685 1694/1694/1694 1686/1686/1686
f 1686/1686/1686 1694/1694/1694 1695/1695/1695
f 1686/1686/1686 1695/1695/1695 1687/1687/1687
f 1695/1695/1695 1696/1696/1696 1688/1688/1688
f 1695/1695/1695 1688/1688/1688 1687/1687/1687
f 1697/1697/1697 1698/1698/1698 1689/1689/1689
f 1697/1697/1697 1689/1689/1689 1688/1688/1688
f 1696/1696/1696 1698/1698/1698 1697/1697/1697
f 1689/1689/1689 1698/1698/1698 1699/1699/1699
f 1689/1689/1689 1699/1699/1699 1690/1690/1690
f 1690/1690/1690 1699/1699/1699 1700/1700/1700
f 1690/1690/1690 1700/1700/1700 1691/1691/1691
f 1701/1701/1701 1702/1702/1702 1692/1692/1692
f 1701/1701/1701 1692/1692/1692 1627/1627/1627
f 1706/1706/1706 1707/1707/1707 1696/1696/1696
f 1706/1706/1706 1696/1696/1696 1695/1695/1695
f 1702/1702/1702 1693/1693/1693 1692/1692/1692
f 1703/1703/1703 1704/1704/1704 1702/1702/1702
f 1704/1704/1704 1694/1694/1694 1693/1693/1693
f 1705/1705/1705 1706/1706/1706 1704/1704/1704
f 1706/1706/1706 1695/1695/1695 1694/1694/1694
f 1696/1696/1696 1708/1708/1708 1709/1709/1709
f 1696/1696/1696 1709/1709/1709 1698/1698/1698
f 1699/1699/1699 1709/1709/1709 1711/1711/1711
f 1699/1699/1699 1711/1711/1711 1700/1700/1700
f 1699/1699/1699 1698/1698/1698 1709/1709/1709
f 1712/1712/1712 1713/1713/1713 1628/1628/1628
f 1712/1712/1712 1628/1628/1628 1633/1633/1633
f 1442/1442/1442 1715/1715/1715 1632/1632/1632
f 1442/1442/1442 1632/1632/1632 1432/1432/1432
f 1634/1634/1634 1628/1628/1628 1713/1713/1713
f 1714/1714/1714 1637/1637/1637 1636/1636/1636
f 1712/1712/1712 1633/1633/1633 1632/1632/1632
f 1712/1712/1712 1632/1632/1632 1715/1715/1715
f 1717/1717/1717 1718/1718/1718 1635/1635/1635
f 1717/1717/1717 1635/1635/1635 1634/1634/1634
f 1716/1716/1716 1713/1713/1713 1712/1712/1712
f 1634/1634/1634 1713/1713/1713 1717/1717/1717
f 1635/1635/1635 1718/1718/1718 1719/1719/1719
f 1635/1635/1635 1719/1719/1719 1636/1636/1636
f 1636/1636/1636 1719/1719/1719 1720/1720/1720
f 1636/1636/1636 1720/1720/1720 1714/1714/1714
f 1450/1450/1450 1721/1721/1721 1715/1715/1715
f 1450/1450/1450 1715/1715/1715 1442/1442/1442
f 1721/1721/1721 1722/1722/1722 1716/1716/1716
f 1721/1721/1721 1716/1716/1716 1715/1715/1715
f 1717/1717/1717 1727/1727/1727 1723/1723/1723
f 1717/1717/1717 1723/1723/1723 1718/1718/1718
f 1718/1718/1718 1723/1723/1723 1724/1724/1724
f 1718/1718/1718 1724/1724/1724 1719/1719/1719
f 1722/1722/1722 1726/1726/1726 1727/1727/1727
f 1722/1722/1722 1727/1727/1727 1717/1717/1717
f 1453/1453/1453 1721/1721/1721 1450/1450/1450
f 1722/1722/1722 1721/1721/1721 1726/1726/1726
f 1723/1723/1723 1728/1728/1728 1729/1729/1729
f 1723/1723/1723 1729/1729/1729 1724/1724/1724
f 1723/1723/1723 1727/1727/1727 1728/1728/1728
f 1724/1724/1724 1729/1729/1729 1730/1730/1730
f 1724/1724/1724 1730/1730/1730 1720/1720/1720
f 1726/1726/1726 1731/1731/1731 1732/1732/1732
f 1726/1726/1726 1732/1732/1732 1727/1727/1727
f 1731/1731/1731 1726/1726/1726 1725/1725/1725
f 1728/1728/1728 1727/1727/1727 1732/1732/1732
f 1728/1728/1728 1732/1732/1732 1733/1733/1733
f 1470/1470/1470 1734/1734/1734 1725/1725/1725
f 1470/1470/1470 1725/1725/1725 1453/1453/1453
f 1735/1735/1735 1736/1736/1736 1732/1732/1732
f 1735/1735/1735 1732/1732/1732 1731/1731/1731
f 1731/1731/1731 1725/1725/1725 1734/1734/1734
f 1732/1732/1732 1736/1736/1736 1737/1737/1737
f 1732/1732/1732 1737/1737/1737 1733/1733/1733
f 1733/1733/1733 1737/1737/1737 1738/1738/1738
f 1733/1733/1733 1738/1738/1738 1729/1729/1729
f 1729/1729/1729 1738/1738/1738 1739/1739/1739
f 1729/1729/1729 1739/1739/1739 1730/1730/1730
f 1736/1736/1736 1740/1740/1740 1741/1741/1741
f 1736/1736/1736 1741/1741/1741 1737/1737/1737
f 1734/1734/1734 1735/1735/1735 1731/1731/1731
f 1737/1737/1737 1742/1742/1742 1743/1743/1743
f 1737/1737/1737 1743/1743/1743 1738/1738/1738
f 1741/1741/1741 1742/1742/1742 1737/1737/1737
f 1738/1738/1738 1743/1743/1743 1744/1744/1744
f 1738/1738/1738 1744/1744/1744 1739/1739/1739
f 1480/1480/1480 1747/1747/1747 1734/1734/1734
f 1480/1480/1480 1734/1734/1734 1470/1470/1470
f 1745/1745/1745 1742/1742/1742 1741/1741/1741
f 1747/1747/1747 1748/1748/1748 1735/1735/1735
f 1747/1747/1747 1735/1735/1735 1734/1734/1734
f 1735/1735/1735 1748/1748/1748 1749/1749/1749
f 1735/1735/1735 1749/1749/1749 1740/1740/1740
f 1747/1747/1747 1480/1480/1480 1484/1484/1484
f 1747/1747/1747 1484/1484/1484 1750/1750/1750
f 1748/1748/1748 1747/1747/1747 1750/1750/1750
f 1748/1748/1748 1750/1750/1750 1751/1751/1751
f 1749/1749/1749 1748/1748/1748 1751/1751/1751
f 1749/1749/1749 1751/1751/1751 1752/1752/1752
f 1740/1740/1740 1749/1749/1749 1752/1752/1752
f 1740/1740/1740 1752/1752/1752 1753/1753/1753
f 1742/1742/1742 1755/1755/1755 1746/1746/1746
f 1742/1742/1742 1746/1746/1746 1743/1743/1743
f 1745/1745/1745 1754/1754/1754 1742/1742/1742
f 1754/1754/1754 1755/1755/1755 1742/1742/1742
f 1753/1753/1753 1752/1752/1752 1757/1757/1757
f 1753/1753/1753 1757/1757/1757 1758/1758/1758
f 1754/1754/1754 1753/1753/1753 1758/1758/1758
f 1754/1754/1754 1758/1758/1758 1759/1759/1759
f 1755/1755/1755 1754/1754/1754 1759/1759/1759
f 1755/1755/1755 1759/1759/1759 1760/1760/1760
f 1756/1756/1756 1755/1755/1755 1760/1760/1760
f 1756/1756/1756 1760/1760/1760 1761/1761/1761
f 1757/1757/1757 1763/1763/1763 1764/1764/1764
f 1757/1757/1757 1764/1764/1764 1758/1758/1758
f 1758/1758/1758 1764/1764/1764 1765/1765/1765
f 1758/1758/1758 1765/1765/1765 1759/1759/1759
f 1761/1761/1761 1760/1760/1760 1766/1766/1766
f 1761/1761/1761 1766/1766/1766 1767/1767/1767
f 1492/1492/1492 1768/1768/1768 1750/1750/1750
f 1492/1492/1492 1750/1750/1750 1484/1484/1484
f 1750/1750/1750 1768/1768/1768 1769/1769/1769
f 1750/1750/1750 1769/1769/1769 1751/1751/1751
f 1751/1751/1751 1769/1769/1769 1770/1770/1770
f 1751/1751/1751 1770/1770/1770 1752/1752/1752
f 1768/1768/1768 1492/1492/1492 1495/1495/1495
f 1768/1768/1768 1495/1495/1495 1771/1771/1771
f 1768/1768/1768 1771/1771/1771 1772/1772/1772
f 1768/1768/1768 1772/1772/1772 1769/1769/1769
f 1770/1770/1770 1769/1769/1769 1772/1772/1772
f 1770/1770/1770 1772/1772/1772 1773/1773/1773
f 1770/1770/1770 1773/1773/1773 1757/1757/1757
f 1770/1770/1770 1757/1757/1757 1752/1752/1752
f 1771/1771/1771 1495/1495/1495 1498/1498/1498
f 1771/1771/1771 1498/1498/1498 1774/1774/1774
f 1771/1771/1771 1774/1774/1774 1775/1775/1775
f 1771/1771/1771 1775/1775/1775 1772/1772/1772
f 1772/1772/1772 1775/1775/1775 1776/1776/1776
f 1772/1772/1772 1776/1776/1776 1773/1773/1773
f 1775/1775/1775 1774/1774/1774 1762/1762/1762
f 1762/1762/1762 1763/1763/1763 1776/1776/1776
f 1762/1762/1762 1776/1776/1776 1775/1775/1775
f 1757/1757/1757 1773/1773/1773 1776/1776/1776
f 1757/1757/1757 1776/1776/1776 1763/1763/1763
f 1714/1714/1714 1777/1777/1777 1701/1701/1701
f 1714/1714/1714 1701/1701/1701 1637/1637/1637
f 1780/1780/1780 1781/1781/1781 1707/1707/1707
f 1780/1780/1780 1707/1707/1707 1706/1706/1706
f 1777/1777/1777 1702/1702/1702 1701/1701/1701
f 1778/1778/1778 1703/1703/1703 1777/1777/1777
f 1703/1703/1703 1702/1702/1702 1777/1777/1777
f 1779/1779/1779 1704/1704/1704 1703/1703/1703
f 1705/1705/1705 1704/1704/1704 1779/1779/1779
f 1780/1780/1780 1706/1706/1706 1705/1705/1705
f 1781/1781/1781 1782/1782/1782 1708/1708/1708
f 1781/1781/1781 1708/1708/1708 1707/1707/1707
f 1714/1714/1714 1720/1720/1720 1785/1785/1785
f 1714/1714/1714 1785/1785/1785 1777/1777/1777
f 1710/1710/1710 1708/1708/1708 1782/1782/1782
f 1783/1783/1783 1709/1709/1709 1710/1710/1710
f 1711/1711/1711 1709/1709/1709 1783/1783/1783
f 1786/1786/1786 1788/1788/1788 1705/1705/1705
f 1786/1786/1786 1705/1705/1705 1779/1779/1779
f 1720/1720/1720 1778/1778/1778 1785/1785/1785
f 1778/1778/1778 1777/1777/1777 1785/1785/1785
f 1786/1786/1786 1703/1703/1703 1778/1778/1778
f 1786/1786/1786 1779/1779/1779 1703/1703/1703
f 1787/1787/1787 1788/1788/1788 1786/1786/1786
f 1788/1788/1788 1790/1790/1790 1781/1781/1781
f 1788/1788/1788 1781/1781/1781 1780/1780/1780
f 1788/1788/1788 1780/1780/1780 1705/1705/1705
f 1789/1789/1789 1790/1790/1790 1788/1788/1788
f 1790/1790/1790 1791/1791/1791 1782/1782/1782
f 1790/1790/1790 1782/1782/1782 1781/1781/1781
f 1791/1791/1791 1793/1793/1793 1710/1710/1710
f 1791/1791/1791 1710/1710/1710 1782/1782/1782
f 1792/1792/1792 1793/1793/1793 1791/1791/1791
f 1720/1720/1720 1730/1730/1730 1794/1794/1794
f 1720/1720/1720 1794/1794/1794 1778/1778/1778
f 1792/1792/1792 1784/1784/1784 1793/1793/1793
f 1784/1784/1784 1710/1710/1710 1793/1793/1793
f 1794/1794/1794 1795/1795/1795 1787/1787/1787
f 1794/1794/1794 1787/1787/1787 1778/1778/1778
f 1730/1730/1730 1795/1795/1795 1794/1794/1794
f 1796/1796/1796 1795/1795/1795 1797/1797/1797
f 1796/1796/1796 1797/1797/1797 1798/1798/1798
f 1796/1796/1796 1788/1788/1788 1787/1787/1787
f 1789/1789/1789 1798/1798/1798 1800/1800/1800
f 1789/1789/1789 1800/1800/1800 1801/1801/1801
f 1798/1798/1798 1789/1789/1789 1796/1796/1796
f 1789/1789/1789 1788/1788/1788 1796/1796/1796
f 1799/1799/1799 1790/1790/1790 1789/1789/1789
f 1799/1799/1799 1801/1801/1801 1802/1802/1802
f 1799/1799/1799 1802/1802/1802 1803/1803/1803
f 1791/1791/1791 1790/1790/1790 1799/1799/1799
f 1799/1799/1799 1803/1803/1803 1792/1792/1792
f 1799/1799/1799 1792/1792/1792 1791/1791/1791
f 1803/1803/1803 1802/1802/1802 1804/1804/1804
f 1803/1803/1803 1804/1804/1804 1805/1805/1805
f 1792/1792/1792 1805/1805/1805 1806/1806/1806
f 1792/1792/1792 1806/1806/1806 1784/1784/1784
f 1739/1739/1739 1807/1807/1807 1797/1797/1797
f 1739/1739/1739 1797/1797/1797 1795/1795/1795
f 1739/1739/1739 1795/1795/1795 1730/1730/1730
f 1744/1744/1744 1807/1807/1807 1739/1739/1739
f 1807/1807/1807 1744/1744/1744 1746/1746/1746
f 1807/1807/1807 1746/1746/1746 1808/1808/1808
f 1807/1807/1807 1798/1798/1798 1797/1797/1797
f 1800/1800/1800 1808/1808/1808 1809/1809/1809
f 1800/1800/1800 1809/1809/1809 1810/1810/1810
f 1808/1808/1808 1800/1800/1800 1807/1807/1807
f 1800/1800/1800 1798/1798/1798 1807/1807/1807
f 1801/1801/1801 1800/1800/1800 1810/1810/1810
f 1801/1801/1801 1810/1810/1810 1802/1802/1802
f 1802/1802/1802 1810/1810/1810 1811/1811/1811
f 1802/1802/1802 1811/1811/1811 1804/1804/1804
f 1809/1809/1809 1761/1761/1761 1767/1767/1767
f 1809/1809/1809 1767/1767/1767 1812/1812/1812
f 1756/1756/1756 1808/1808/1808 1746/1746/1746
f 1761/1761/1761 1809/1809/1809 1756/1756/1756
f 1809/1809/1809 1808/1808/1808 1756/1756/1756
f 1810/1810/1810 1809/1809/1809 1812/1812/1812
f 1810/1810/1810 1812/1812/1812 1811/1811/1811
f 1252/1252/1252 302/302/302 910/910/910
f 1252/1252/1252 910/910/910 1813/1813/1813
f 910/910/910 911/911/911 1814/1814/1814
f 910/910/910 1814/1814/1814 1813/1813/1813
f 1816/1816/1816 912/912/912 913/913/913
f 1816/1816/1816 913/913/913 1817/1817/1817
f 911/911/911 1815/1815/1815 1814/1814/1814
f 1816/1816/1816 1815/1815/1815 912/912/912
f 913/913/913 914/914/914 1818/1818/1818
f 913/913/913 1818/1818/1818 1817/1817/1817
f 1252/1252/1252 1813/1813/1813 1820/1820/1820
f 1252/1252/1252 1820/1820/1820 1261/1261/1261
f 1820/1820/1820 1813/1813/1813 1814/1814/1814
f 1820/1820/1820 1814/1814/1814 1821/1821/1821
f 1816/1816/1816 1817/1817/1817 1823/1823/1823
f 1816/1816/1816 1823/1823/1823 1822/1822/1822
f 1822/1822/1822 1821/1821/1821 1815/1815/1815
f 1817/1817/1817 1818/1818/1818 1824/1824/1824
f 1817/1817/1817 1824/1824/1824 1823/1823/1823
f 1818/1818/1818 915/915/915 1825/1825/1825
f 1818/1818/1818 1825/1825/1825 1824/1824/1824
f 1825/1825/1825 915/915/915 1819/1819/1819
f 1825/1825/1825 1819/1819/1819 1826/1826/1826
f 1261/1261/1261 1820/1820/1820 1827/1827/1827
f 1261/1261/1261 1827/1827/1827 1273/1273/1273
f 1821/1821/1821 1822/1822/1822 1829/1829/1829
f 1821/1821/1821 1829/1829/1829 1828/1828/1828
f 1828/1828/1828 1827/1827/1827 1821/1821/1821
f 1822/1822/1822 1823/1823/1823 1830/1830/1830
f 1822/1822/1822 1830/1830/1830 1829/1829/1829
f 1823/1823/1823 1824/1824/1824 1831/1831/1831
f 1823/1823/1823 1831/1831/1831 1830/1830/1830
f 1273/1273/1273 1827/1827/1827 1834/1834/1834
f 1273/1273/1273 1834/1834/1834 1284/1284/1284
f 1824/1824/1824 1832/1832/1832 1831/1831/1831
f 1825/1825/1825 1832/1832/1832 1824/1824/1824
f 1825/1825/1825 1833/1833/1833 1832/1832/1832
f 1826/1826/1826 1833/1833/1833 1825/1825/1825
f 1834/1834/1834 1827/1827/1827 1828/1828/1828
f 1834/1834/1834 1828/1828/1828 1835/1835/1835
f 1828/1828/1828 1829/1829/1829 1837/1837/1837
f 1828/1828/1828 1837/1837/1837 1835/1835/1835
f 1836/1836/1836 1835/1835/1835 1837/1837/1837
f 1836/1836/1836 1837/1837/1837 1838/1838/1838
f 1829/1829/1829 1830/1830/1830 1839/1839/1839
f 1829/1829/1829 1839/1839/1839 1838/1838/1838
f 1829/1829/1829 1838/1838/1838 1837/1837/1837
f 1291/1291/1291 1834/1834/1834 1835/1835/1835
f 1291/1291/1291 1835/1835/1835 1843/1843/1843
f 1839/1839/1839 1840/1840/1840 1838/1838/1838
f 1830/1830/1830 1840/1840/1840 1839/1839/1839
f 1831/1831/1831 1840/1840/1840 1830/1830/1830
f 1831/1831/1831 1841/1841/1841 1840/1840/1840
f 1832/1832/1832 1841/1841/1841 1831/1831/1831
f 1832/1832/1832 1842/1842/1842 1841/1841/1841
f 1833/1833/1833 1842/1842/1842 1832/1832/1832
f 1834/1834/1834 1290/1290/1290 1284/1284/1284
f 1838/1838/1838 1840/1840/1840 1845/1845/1845
f 1838/1838/1838 1845/1845/1845 1844/1844/1844
f 1836/1836/1836 1843/1843/1843 1835/1835/1835
f 1836/1836/1836 1844/1844/1844 1843/1843/1843
f 1838/1838/1838 1844/1844/1844 1836/1836/1836
f 1291/1291/1291 1843/1843/1843 1849/1849/1849
f 1291/1291/1291 1849/1849/1849 1848/1848/1848
f 1840/1840/1840 1846/1846/1846 1845/1845/1845
f 1841/1841/1841 1846/1846/1846 1840/1840/1840
f 1842/1842/1842 1847/1847/1847 1841/1841/1841
f 1848/1848/1848 1302/1302/1302 1291/1291/1291
f 1843/1843/1843 1844/1844/1844 1850/1850/1850
f 1843/1843/1843 1850/1850/1850 1849/1849/1849
f 1851/1851/1851 1850/1850/1850 1845/1845/1845
f 1851/1851/1851 1845/1845/1845 1852/1852/1852
f 1845/1845/1845 1850/1850/1850 1844/1844/1844
f 1852/1852/1852 1846/1846/1846 1847/1847/1847
f 1852/1852/1852 1847/1847/1847 1853/1853/1853
f 1846/1846/1846 1852/1852/1852 1845/1845/1845
f 1302/1302/1302 1848/1848/1848 1854/1854/1854
f 1302/1302/1302 1854/1854/1854 1313/1313/1313
f 1848/1848/1848 1849/1849/1849 1857/1857/1857
f 1848/1848/1848 1857/1857/1857 1855/1855/1855
f 1854/1854/1854 1855/1855/1855 1313/1313/1313
f 1848/1848/1848 1855/1855/1855 1854/1854/1854
f 1858/1858/1858 1857/1857/1857 1851/1851/1851
f 1858/1858/1858 1851/1851/1851 1859/1859/1859
f 1850/1850/1850 1857/1857/1857 1849/1849/1849
f 1850/1850/1850 1851/1851/1851 1857/1857/1857
f 1859/1859/1859 1851/1851/1851 1852/1852/1852
f 1859/1859/1859 1852/1852/1852 1860/1860/1860
f 1819/1819/1819 916/916/916 978/978/978
f 1819/1819/1819 978/978/978 1863/1863/1863
f 1853/1853/1853 1860/1860/1860 1852/1852/1852
f 1855/1855/1855 1321/1321/1321 1313/1313/1313
f 1855/1855/1855 1856/1856/1856 1321/1321/1321
f 1863/1863/1863 978/978/978 979/979/979
f 1863/1863/1863 979/979/979 1864/1864/1864
f 1864/1864/1864 979/979/979 980/980/980
f 1864/1864/1864 980/980/980 1865/1865/1865
f 1865/1865/1865 980/980/980 981/981/981
f 1865/1865/1865 981/981/981 1866/1866/1866
f 981/981/981 982/982/982 1867/1867/1867
f 981/981/981 1867/1867/1867 1866/1866/1866
f 1867/1867/1867 982/982/982 983/983/983
f 1867/1867/1867 983/983/983 1868/1868/1868
f 1868/1868/1868 983/983/983 976/976/976
f 1868/1868/1868 976/976/976 1869/1869/1869
f 1826/1826/1826 1819/1819/1819 1863/1863/1863
f 1826/1826/1826 1863/1863/1863 1872/1872/1872
f 1871/1871/1871 1870/1870/1870 1862/1862/1862
f 1872/1872/1872 1863/1863/1863 1864/1864/1864
f 1872/1872/1872 1864/1864/1864 1873/1873/1873
f 1873/1873/1873 1864/1864/1864 1865/1865/1865
f 1873/1873/1873 1865/1865/1865 1874/1874/1874
f 1874/1874/1874 1865/1865/1865 1866/1866/1866
f 1874/1874/1874 1866/1866/1866 1875/1875/1875
f 1875/1875/1875 1866/1866/1866 1867/1867/1867
f 1875/1875/1875 1867/1867/1867 1876/1876/1876
f 1876/1876/1876 1867/1867/1867 1868/1868/1868
f 1876/1876/1876 1868/1868/1868 1877/1877/1877
f 1868/1868/1868 1869/1869/1869 1870/1870/1870
f 1868/1868/1868 1870/1870/1870 1877/1877/1877
f 1826/1826/1826 1872/1872/1872 1881/1881/1881
f 1826/1826/1826 1881/1881/1881 1833/1833/1833
f 1870/1870/1870 1869/1869/1869 1862/1862/1862
f 1872/1872/1872 1873/1873/1873 1882/1882/1882
f 1872/1872/1872 1882/1882/1882 1881/1881/1881
f 1882/1882/1882 1873/1873/1873 1874/1874/1874
f 1882/1882/1882 1874/1874/1874 1883/1883/1883
f 1883/1883/1883 1874/1874/1874 1875/1875/1875
f 1883/1883/1883 1875/1875/1875 1884/1884/1884
f 1884/1884/1884 1875/1875/1875 1876/1876/1876
f 1884/1884/1884 1876/1876/1876 1885/1885/1885
f 1885/1885/1885 1876/1876/1876 1877/1877/1877
f 1885/1885/1885 1877/1877/1877 1886/1886/1886
f 1879/1879/1879 1880/1880/1880 1889/1889/1889
f 1879/1879/1879 1889/1889/1889 1888/1888/1888
f 1886/1886/1886 1880/1880/1880 1879/1879/1879
f 1878/1878/1878 1887/1887/1887 1889/1889/1889
f 1878/1878/1878 1889/1889/1889 1880/1880/1880
f 1881/1881/1881 1882/1882/1882 1891/1891/1891
f 1881/1881/1881 1891/1891/1891 1890/1890/1890
f 1833/1833/1833 1890/1890/1890 1842/1842/1842
f 1881/1881/1881 1890/1890/1890 1833/1833/1833
f 1891/1891/1891 1882/1882/1882 1883/1883/1883
f 1891/1891/1891 1883/1883/1883 1892/1892/1892
f 1892/1892/1892 1883/1883/1883 1884/1884/1884
f 1892/1892/1892 1884/1884/1884 1893/1893/1893
f 1893/1893/1893 1884/1884/1884 1885/1885/1885
f 1893/1893/1893 1885/1885/1885 1894/1894/1894
f 1885/1885/1885 1886/1886/1886 1879/1879/1879
f 1885/1885/1885 1879/1879/1879 1894/1894/1894
f 1888/1888/1888 1889/1889/1889 1895/1895/1895
f 1888/1888/1888 1895/1895/1895 1908/1908/1908
f 1842/1842/1842 1897/1897/1897 1847/1847/1847
f 1908/1908/1908 1901/1901/1901 1888/1888/1888
f 1897/1897/1897 1890/1890/1890 1891/1891/1891
f 1897/1897/1897 1891/1891/1891 1898/1898/1898
f 1889/1889/1889 1896/1896/1896 1895/1895/1895
f 1898/1898/1898 1891/1891/1891 1892/1892/1892
f 1898/1898/1898 1892/1892/1892 1899/1899/1899
f 1892/1892/1892 1893/1893/1893 1902/1902/1902
f 1892/1892/1892 1902/1902/1902 1899/1899/1899
f 1902/1902/1902 1900/1900/1900 1899/1899/1899
f 1893/1893/1893 1894/1894/1894 1901/1901/1901
f 1893/1893/1893 1901/1901/1901 1902/1902/1902
f 1903/1903/1903 1908/1908/1908 1909/1909/1909
f 1903/1903/1903 1909/1909/1909 1904/1904/1904
f 1901/1901/1901 1894/1894/1894 1888/1888/1888
f 1895/1895/1895 1896/1896/1896 1909/1909/1909
f 1895/1895/1895 1909/1909/1909 1908/1908/1908
f 1853/1853/1853 1847/1847/1847 1897/1897/1897
f 1853/1853/1853 1897/1897/1897 1910/1910/1910
f 1853/1853/1853 1910/1910/1910 1905/1905/1905
f 1910/1910/1910 1897/1897/1897 1898/1898/1898
f 1910/1910/1910 1898/1898/1898 1911/1911/1911
f 1910/1910/1910 1911/1911/1911 1905/1905/1905
f 1898/1898/1898 1899/1899/1899 1912/1912/1912
f 1898/1898/1898 1912/1912/1912 1911/1911/1911
f 1901/1901/1901 1908/1908/1908 1907/1907/1907
f 1901/1901/1901 1907/1907/1907 1906/1906/1906
f 1900/1900/1900 1912/1912/1912 1899/1899/1899
f 1903/1903/1903 1904/1904/1904 1919/1919/1919
f 1903/1903/1903 1919/1919/1919 1918/1918/1918
f 1860/1860/1860 1853/1853/1853 1905/1905/1905
f 1860/1860/1860 1905/1905/1905 1913/1913/1913
f 1906/1906/1906 1907/1907/1907 1915/1915/1915
f 1906/1906/1906 1915/1915/1915 1923/1923/1923
f 1913/1913/1913 1920/1920/1920 1914/1914/1914
f 1905/1905/1905 1920/1920/1920 1913/1913/1913
f 1917/1917/1917 1916/1916/1916 1915/1915/1915
f 1917/1917/1917 1915/1915/1915 1924/1924/1924
f 1907/1907/1907 1908/1908/1908 1924/1924/1924
f 1907/1907/1907 1924/1924/1924 1915/1915/1915
f 1918/1918/1918 1924/1924/1924 1908/1908/1908
f 1918/1918/1918 1908/1908/1908 1903/1903/1903
f 1918/1918/1918 1919/1919/1919 1925/1925/1925
f 1918/1918/1918 1925/1925/1925 1924/1924/1924
f 1921/1921/1921 1920/1920/1920 1911/1911/1911
f 1921/1921/1921 1911/1911/1911 1912/1912/1912
f 1911/1911/1911 1920/1920/1920 1905/1905/1905
f 1921/1921/1921 1912/1912/1912 1926/1926/1926
f 1921/1921/1921 1926/1926/1926 1922/1922/1922
f 1900/1900/1900 1906/1906/1906 1923/1923/1923
f 1900/1900/1900 1923/1923/1923 1926/1926/1926
f 1927/1927/1927 1858/1858/1858 1859/1859/1859
f 1927/1927/1927 1859/1859/1859 1928/1928/1928
f 1915/1915/1915 1916/1916/1916 1932/1932/1932
f 1915/1915/1915 1932/1932/1932 1931/1931/1931
f 1913/1913/1913 1928/1928/1928 1859/1859/1859
f 1916/1916/1916 1917/1917/1917 1933/1933/1933
f 1916/1916/1916 1933/1933/1933 1932/1932/1932
f 1929/1929/1929 1914/1914/1914 1920/1920/1920
f 1929/1929/1929 1920/1920/1920 1921/1921/1921
f 1930/1930/1930 1929/1929/1929 1921/1921/1921
f 1930/1930/1930 1921/1921/1921 1934/1934/1934
f 1915/1915/1915 1931/1931/1931 1934/1934/1934
f 1915/1915/1915 1934/1934/1934 1923/1923/1923
f 1934/1934/1934 1931/1931/1931 1930/1930/1930
f 1933/1933/1933 1936/1936/1936 1935/1935/1935
f 1933/1933/1933 1935/1935/1935 1932/1932/1932
f 1917/1917/1917 1924/1924/1924 1936/1936/1936
f 1917/1917/1917 1936/1936/1936 1933/1933/1933
f 1924/1924/1924 1925/1925/1925 1937/1937/1937
f 1924/1924/1924 1937/1937/1937 1936/1936/1936
f 1937/1937/1937 1938/1938/1938 1952/1952/1952
f 1937/1937/1937 1952/1952/1952 1936/1936/1936
f 1321/1321/1321 1856/1856/1856 1939/1939/1939
f 1321/1321/1321 1939/1939/1939 1354/1354/1354
f 1355/1355/1355 1354/1354/1354 1939/1939/1939
f 1355/1355/1355 1939/1939/1939 1940/1940/1940
f 1939/1939/1939 1856/1856/1856 1861/1861/1861
f 1939/1939/1939 1861/1861/1861 1940/1940/1940
f 1861/1861/1861 1858/1858/1858 1941/1941/1941
f 1861/1861/1861 1941/1941/1941 1940/1940/1940
f 1355/1355/1355 1940/1940/1940 1942/1942/1942
f 1355/1355/1355 1942/1942/1942 1359/1359/1359
f 1941/1941/1941 1927/1927/1927 1928/1928/1928
f 1941/1941/1941 1928/1928/1928 1944/1944/1944
f 1942/1942/1942 1362/1362/1362 1359/1359/1359
f 1928/1928/1928 1914/1914/1914 1947/1947/1947
f 1928/1928/1928 1947/1947/1947 1944/1944/1944
f 1946/1946/1946 1945/1945/1945 1947/1947/1947
f 1946/1946/1946 1947/1947/1947 1948/1948/1948
f 1947/1947/1947 1929/1929/1929 1930/1930/1930
f 1947/1947/1947 1930/1930/1930 1948/1948/1948
f 1930/1930/1930 1931/1931/1931 1949/1949/1949
f 1930/1930/1930 1949/1949/1949 1948/1948/1948
f 1931/1931/1931 1932/1932/1932 1950/1950/1950
f 1931/1931/1931 1950/1950/1950 1949/1949/1949
f 1950/1950/1950 1935/1935/1935 1951/1951/1951
f 1950/1950/1950 1951/1951/1951 1949/1949/1949
f 1942/1942/1942 1940/1940/1940 1943/1943/1943
f 1942/1942/1942 1943/1943/1943 1955/1955/1955
f 1953/1953/1953 1935/1935/1935 1952/1952/1952
f 1938/1938/1938 1953/1953/1953 1952/1952/1952
f 1954/1954/1954 1953/1953/1953 1938/1938/1938
f 1956/1956/1956 1944/1944/1944 1945/1945/1945
f 1956/1956/1956 1945/1945/1945 1957/1957/1957
f 1956/1956/1956 1955/1955/1955 1944/1944/1944
f 1957/1957/1957 1945/1945/1945 1946/1946/1946
f 1957/1957/1957 1946/1946/1946 1958/1958/1958
f 1948/1948/1948 1949/1949/1949 1959/1959/1959
f 1948/1948/1948 1959/1959/1959 1958/1958/1958
f 1959/1959/1959 1949/1949/1949 1951/1951/1951
f 1959/1959/1959 1951/1951/1951 1960/1960/1960
f 1951/1951/1951 1935/1935/1935 1953/1953/1953
f 1951/1951/1951 1953/1953/1953 1961/1961/1961
f 1395/1395/1395 1362/1362/1362 1942/1942/1942
f 1395/1395/1395 1942/1942/1942 1964/1964/1964
f 1962/1962/1962 1961/1961/1961 1953/1953/1953
f 1954/1954/1954 1962/1962/1962 1953/1953/1953
f 1963/1963/1963 1962/1962/1962 1954/1954/1954
f 1955/1955/1955 1956/1956/1956 1966/1966/1966
f 1955/1955/1955 1966/1966/1966 1965/1965/1965
f 1955/1955/1955 1964/1964/1964 1942/1942/1942
f 1965/1965/1965 1964/1964/1964 1955/1955/1955
f 1966/1966/1966 1956/1956/1956 1957/1957/1957
f 1966/1966/1966 1957/1957/1957 1967/1967/1967
f 1958/1958/1958 1959/1959/1959 1970/1970/1970
f 1958/1958/1958 1970/1970/1970 1969/1969/1969
f 1958/1958/1958 1969/1969/1969 1967/1967/1967
f 1972/1972/1972 1961/1961/1961 1962/1962/1962
f 1972/1972/1972 1962/1962/1962 1973/1973/1973
f 1971/1971/1971 1969/1969/1969 1970/1970/1970
f 1960/1960/1960 1972/1972/1972 1970/1970/1970
f 1962/1962/1962 1963/1963/1963 1974/1974/1974
f 1962/1962/1962 1974/1974/1974 1973/1973/1973
f 1975/1975/1975 1964/1964/1964 1965/1965/1965
f 1975/1975/1975 1965/1965/1965 1976/1976/1976
f 1965/1965/1965 1966/1966/1966 1977/1977/1977
f 1965/1965/1965 1977/1977/1977 1976/1976/1976
f 1966/1966/1966 1967/1967/1967 1978/1978/1978
f 1966/1966/1966 1978/1978/1978 1977/1977/1977
f 1981/1981/1981 1972/1972/1972 1973/1973/1973
f 1981/1981/1981 1973/1973/1973 1982/1982/1982
f 1981/1981/1981 1980/1980/1980 1972/1972/1972
f 1973/1973/1973 1974/1974/1974 1983/1983/1983
f 1973/1973/1973 1983/1983/1983 1982/1982/1982
f 1395/1395/1395 1975/1975/1975 1985/1985/1985
f 1395/1395/1395 1985/1985/1985 1409/1409/1409
f 1984/1984/1984 1982/1982/1982 1983/1983/1983
f 1977/1977/1977 1978/1978/1978 1987/1987/1987
f 1977/1977/1977 1987/1987/1987 1986/1986/1986
f 1987/1987/1987 1978/1978/1978 1968/1968/1968
f 1987/1987/1987 1968/1968/1968 1988/1988/1988
f 1988/1988/1988 1979/1979/1979 1971/1971/1971
f 1988/1988/1988 1971/1971/1971 1989/1989/1989
f 1971/1971/1971 1980/1980/1980 1990/1990/1990
f 1971/1971/1971 1990/1990/1990 1989/1989/1989
f 1409/1409/1409 1985/1985/1985 1993/1993/1993
f 1409/1409/1409 1993/1993/1993 1420/1420/1420
f 1981/1981/1981 1990/1990/1990 1980/1980/1980
f 1991/1991/1991 1990/1990/1990 1981/1981/1981
f 1982/1982/1982 1991/1991/1991 1981/1981/1981
f 1992/1992/1992 1991/1991/1991 1982/1982/1982
f 1976/1976/1976 1986/1986/1986 1994/1994/1994
f 1976/1976/1976 1994/1994/1994 1993/1993/1993
f 1995/1995/1995 1988/1988/1988 1989/1989/1989
f 1995/1995/1995 1989/1989/1989 1996/1996/1996
f 1995/1995/1995 1994/1994/1994 1988/1988/1988
f 1996/1996/1996 1990/1990/1990 1991/1991/1991
f 1996/1996/1996 1991/1991/1991 1997/1997/1997
f 2000/2000/2000 1993/1993/1993 1994/1994/1994
f 2000/2000/2000 1994/1994/1994 2001/2001/2001
f 1998/1998/1998 1997/1997/1997 1991/1991/1991
f 1992/1992/1992 1999/1999/1999 1998/1998/1998
f 2002/2002/2002 1995/1995/1995 1996/1996/1996
f 2002/2002/2002 1996/1996/1996 2003/2003/2003
f 1994/1994/1994 2002/2002/2002 2001/2001/2001
f 2005/2005/2005 2004/2004/2004 1997/1997/1997
f 2005/2005/2005 1997/1997/1997 2006/2006/2006
f 2003/2003/2003 2004/2004/2004 2012/2012/2012
f 1996/1996/1996 2004/2004/2004 2003/2003/2003
f 1997/1997/1997 2004/2004/2004 1996/1996/1996
f 1421/1421/1421 2000/2000/2000 2009/2009/2009
f 1421/1421/1421 2009/2009/2009 1439/1439/1439
f 1998/1998/1998 2006/2006/2006 1997/1997/1997
f 1998/1998/1998 2007/2007/2007 2006/2006/2006
f 1999/1999/1999 2007/2007/2007 1998/1998/1998
f 1999/1999/1999 2008/2008/2008 2007/2007/2007
f 2002/2002/2002 2003/2003/2003 2012/2012/2012
f 2002/2002/2002 2012/2012/2012 2011/2011/2011
f 2001/2001/2001 2009/2009/2009 2000/2000/2000
f 2001/2001/2001 2010/2010/2010 2009/2009/2009
f 2002/2002/2002 2010/2010/2010 2001/2001/2001
f 2011/2011/2011 2010/2010/2010 2002/2002/2002
f 2014/2014/2014 2006/2006/2006 2007/2007/2007
f 2014/2014/2014 2007/2007/2007 2015/2015/2015
f 2007/2007/2007 2008/2008/2008 2016/2016/2016
f 2007/2007/2007 2016/2016/2016 2015/2015/2015
f 1439/1439/1439 2009/2009/2009 2017/2017/2017
f 1439/1439/1439 2017/2017/2017 1448/1448/1448
f 2009/2009/2009 2010/2010/2010 2018/2018/2018
f 2009/2009/2009 2018/2018/2018 2017/2017/2017
f 2021/2021/2021 2020/2020/2020 2013/2013/2013
f 2021/2021/2021 2013/2013/2013 2022/2022/2022
f 2010/2010/2010 2019/2019/2019 2018/2018/2018
f 2012/2012/2012 2020/2020/2020 2019/2019/2019
f 2013/2013/2013 2020/2020/2020 2012/2012/2012
f 1448/1448/1448 2017/2017/2017 2025/2025/2025
f 1448/1448/1448 2025/2025/2025 1460/1460/1460
f 2005/2005/2005 2022/2022/2022 2013/2013/2013
f 2014/2014/2014 2022/2022/2022 2005/2005/2005
f 2014/2014/2014 2023/2023/2023 2022/2022/2022
f 2015/2015/2015 2023/2023/2023 2014/2014/2014
f 2015/2015/2015 2024/2024/2024 2023/2023/2023
f 2026/2026/2026 2019/2019/2019 2020/2020/2020
f 2026/2026/2026 2020/2020/2020 2027/2027/2027
f 2018/2018/2018 2025/2025/2025 2017/2017/2017
f 2018/2018/2018 2026/2026/2026 2025/2025/2025
f 2019/2019/2019 2026/2026/2026 2018/2018/2018
f 2027/2027/2027 2020/2020/2020 2021/2021/2021
f 2027/2027/2027 2021/2021/2021 2028/2028/2028
f 2022/2022/2022 2023/2023/2023 2030/2030/2030
f 2022/2022/2022 2030/2030/2030 2029/2029/2029
f 2021/2021/2021 2029/2029/2029 2028/2028/2028
f 2022/2022/2022 2029/2029/2029 2021/2021/2021
f 1469/1469/1469 1460/1460/1460 2031/2031/2031
f 1469/1469/1469 2031/2031/2031 2032/2032/2032
f 2032/2032/2032 2026/2026/2026 2027/2027/2027
f 2032/2032/2032 2027/2027/2027 2033/2033/2033
f 2025/2025/2025 2032/2032/2032 2031/2031/2031
f 2033/2033/2033 2027/2027/2027 2028/2028/2028
f 2033/2033/2033 2028/2028/2028 2040/2040/2040
f 2028/2028/2028 2029/2029/2029 2036/2036/2036
f 2028/2028/2028 2036/2036/2036 2034/2034/2034
f 2028/2028/2028 2034/2034/2034 2040/2040/2040
f 2035/2035/2035 2034/2034/2034 2036/2036/2036
f 2035/2035/2035 2036/2036/2036 2037/2037/2037
f 2029/2029/2029 2030/2030/2030 2038/2038/2038
f 2029/2029/2029 2038/2038/2038 2037/2037/2037
f 2029/2029/2029 2037/2037/2037 2036/2036/2036
f 1477/1477/1477 1469/1469/1469 2032/2032/2032
f 1477/1477/1477 2032/2032/2032 2039/2039/2039
f 1478/1478/1478 2039/2039/2039 2040/2040/2040
f 1478/1478/1478 2040/2040/2040 2041/2041/2041
f 2033/2033/2033 2039/2039/2039 2032/2032/2032
f 2040/2040/2040 2039/2039/2039 2033/2033/2033
f 1488/1488/1488 1478/1478/1478 2041/2041/2041
f 1488/1488/1488 2041/2041/2041 2042/2042/2042
f 2041/2041/2041 2040/2040/2040 2034/2034/2034
f 2041/2041/2041 2034/2034/2034 2044/2044/2044
f 2041/2041/2041 2044/2044/2044 2042/2042/2042
f 2043/2043/2043 2042/2042/2042 2044/2044/2044
f 2043/2043/2043 2044/2044/2044 2045/2045/2045
f 2044/2044/2044 2034/2034/2034 2035/2035/2035
f 2044/2044/2044 2035/2035/2035 2046/2046/2046
f 2044/2044/2044 2046/2046/2046 2045/2045/2045
f 2047/2047/2047 2042/2042/2042 2043/2043/2043
f 2047/2047/2047 2043/2043/2043 2049/2049/2049
f 1488/1488/1488 2047/2047/2047 1489/1489/1489
f 2047/2047/2047 2048/2048/2048 1489/1489/1489
f 2047/2047/2047 2049/2049/2049 2048/2048/2048
f 1489/1489/1489 2048/2048/2048 2050/2050/2050
f 1489/1489/1489 2050/2050/2050 1498/1498/1498
f 2053/2053/2053 1185/1185/1185 1186/1186/1186
f 2053/2053/2053 1186/1186/1186 2054/2054/2054
f 1186/1186/1186 1187/1187/1187 2055/2055/2055
f 1186/1186/1186 2055/2055/2055 2054/2054/2054
f 2053/2053/2053 1862/1862/1862 977/977/977
f 2053/2053/2053 977/977/977 1185/1185/1185
f 1188/1188/1188 1184/1184/1184 2052/2052/2052
f 2053/2053/2053 2054/2054/2054 2061/2061/2061
f 2053/2053/2053 2061/2061/2061 2060/2060/2060
f 2057/2057/2057 2056/2056/2056 2051/2051/2051
f 2056/2056/2056 2059/2059/2059 2052/2052/2052
f 2052/2052/2052 2051/2051/2051 2056/2056/2056
f 2061/2061/2061 2054/2054/2054 2055/2055/2055
f 2061/2061/2061 2055/2055/2055 2058/2058/2058
f 2055/2055/2055 1188/1188/1188 2059/2059/2059
f 2055/2055/2055 2059/2059/2059 2058/2058/2058
f 2053/2053/2053 2060/2060/2060 1871/1871/1871
f 2053/2053/2053 1871/1871/1871 1862/1862/1862
f 2059/2059/2059 1188/1188/1188 2052/2052/2052
f 2059/2059/2059 2056/2056/2056 2063/2063/2063
f 2059/2059/2059 2063/2063/2063 2064/2064/2064
f 2060/2060/2060 2065/2065/2065 1878/1878/1878
f 2060/2060/2060 1878/1878/1878 1871/1871/1871
f 2066/2066/2066 2065/2065/2065 2060/2060/2060
f 2067/2067/2067 2066/2066/2066 2061/2061/2061
f 1878/1878/1878 1880/1880/1880 1871/1871/1871
f 2063/2063/2063 2057/2057/2057 2069/2069/2069
f 2063/2063/2063 2069/2069/2069 2068/2068/2068
f 1878/1878/1878 2065/2065/2065 2072/2072/2072
f 1878/1878/1878 2072/2072/2072 1887/1887/1887
f 2069/2069/2069 2057/2057/2057 2062/2062/2062
f 2064/2064/2064 2071/2071/2071 2058/2058/2058
f 2075/2075/2075 2068/2068/2068 2069/2069/2069
f 2075/2075/2075 2069/2069/2069 2076/2076/2076
f 2067/2067/2067 2071/2071/2071 2070/2070/2070
f 2075/2075/2075 2074/2074/2074 2068/2068/2068
f 2062/2062/2062 2073/2073/2073 2076/2076/2076
f 2062/2062/2062 2076/2076/2076 2069/2069/2069
f 2070/2070/2070 2071/2071/2071 2078/2078/2078
f 2070/2070/2070 2078/2078/2078 2077/2077/2077
f 2071/2071/2071 2064/2064/2064 2079/2079/2079
f 2071/2071/2071 2079/2079/2079 2078/2078/2078
f 2068/2068/2068 2074/2074/2074 2079/2079/2079
f 2068/2068/2068 2079/2079/2079 2064/2064/2064
f 1887/1887/1887 2072/2072/2072 2080/2080/2080
f 1887/1887/1887 2080/2080/2080 1896/1896/1896
f 2081/2081/2081 2072/2072/2072 2066/2066/2066
f 2081/2081/2081 2066/2066/2066 2082/2082/2082
f 2081/2081/2081 2080/2080/2080 2072/2072/2072
f 2084/2084/2084 2075/2075/2075 2076/2076/2076
f 2084/2084/2084 2076/2076/2076 2085/2085/2085
f 2070/2070/2070 2082/2082/2082 2066/2066/2066
f 2083/2083/2083 2085/2085/2085 2076/2076/2076
f 2083/2083/2083 2076/2076/2076 2073/2073/2073
f 2087/2087/2087 2077/2077/2077 2078/2078/2078
f 2087/2087/2087 2078/2078/2078 2088/2088/2088
f 2088/2088/2088 2078/2078/2078 2079/2079/2079
f 2088/2088/2088 2079/2079/2079 2089/2089/2089
f 2084/2084/2084 2089/2089/2089 2079/2079/2079
f 2084/2084/2084 2079/2079/2079 2074/2074/2074
f 2084/2084/2084 2085/2085/2085 2091/2091/2091
f 2084/2084/2084 2091/2091/2091 2090/2090/2090
f 2090/2090/2090 2089/2089/2089 2084/2084/2084
f 2086/2086/2086 1904/1904/1904 1909/1909/1909
f 2086/2086/2086 1909/1909/1909 2092/2092/2092
f 1909/1909/1909 1896/1896/1896 2080/2080/2080
f 1909/1909/1909 2080/2080/2080 2092/2092/2092
f 2080/2080/2080 2081/2081/2081 2093/2093/2093
f 2080/2080/2080 2093/2093/2093 2092/2092/2092
f 2081/2081/2081 2082/2082/2082 2094/2094/2094
f 2081/2081/2081 2094/2094/2094 2093/2093/2093
f 2087/2087/2087 2094/2094/2094 2082/2082/2082
f 2087/2087/2087 2082/2082/2082 2077/2077/2077
f 1919/1919/1919 1904/1904/1904 2086/2086/2086
f 1919/1919/1919 2086/2086/2086 2097/2097/2097
f 2095/2095/2095 2094/2094/2094 2087/2087/2087
f 2098/2098/2098 2089/2089/2089 2090/2090/2090
f 2098/2098/2098 2090/2090/2090 2099/2099/2099
f 2099/2099/2099 2090/2090/2090 2091/2091/2091
f 2099/2099/2099 2091/2091/2091 2100/2100/2100
f 2096/2096/2096 2100/2100/2100 2091/2091/2091
f 2096/2096/2096 2091/2091/2091 2085/2085/2085
f 2097/2097/2097 2101/2101/2101 1925/1925/1925
f 2097/2097/2097 1925/1925/1925 1919/1919/1919
f 2097/2097/2097 2086/2086/2086 2092/2092/2092
f 2097/2097/2097 2092/2092/2092 2101/2101/2101
f 2092/2092/2092 2093/2093/2093 2102/2102/2102
f 2092/2092/2092 2102/2102/2102 2101/2101/2101
f 2093/2093/2093 2094/2094/2094 2103/2103/2103
f 2093/2093/2093 2103/2103/2103 2102/2102/2102
f 2103/2103/2103 2094/2094/2094 2095/2095/2095
f 2103/2103/2103 2095/2095/2095 2104/2104/2104
f 2098/2098/2098 2104/2104/2104 2095/2095/2095
f 2098/2098/2098 2095/2095/2095 2088/2088/2088
f 2098/2098/2098 2099/2099/2099 2106/2106/2106
f 2098/2098/2098 2106/2106/2106 2105/2105/2105
f 2105/2105/2105 2104/2104/2104 2098/2098/2098
f 2099/2099/2099 2100/2100/2100 2107/2107/2107
f 2099/2099/2099 2107/2107/2107 2106/2106/2106
f 2102/2102/2102 2108/2108/2108 2112/2112/2112
f 2102/2102/2102 2112/2112/2112 2101/2101/2101
f 2103/2103/2103 2109/2109/2109 2108/2108/2108
f 2103/2103/2103 2108/2108/2108 2102/2102/2102
f 2106/2106/2106 2107/2107/2107 2113/2113/2113
f 2106/2106/2106 2113/2113/2113 2111/2111/2111
f 2109/2109/2109 2103/2103/2103 2104/2104/2104
f 2110/2110/2110 2109/2109/2109 2104/2104/2104
f 2110/2110/2110 2104/2104/2104 2105/2105/2105
f 1925/1925/1925 2101/2101/2101 2112/2112/2112
f 1925/1925/1925 2112/2112/2112 1937/1937/1937
f 2109/2109/2109 2110/2110/2110 2115/2115/2115
f 2109/2109/2109 2115/2115/2115 2114/2114/2114
f 1938/1938/1938 1937/1937/1937 2112/2112/2112
f 2114/2114/2114 2108/2108/2108 2109/2109/2109
f 2115/2115/2115 2111/2111/2111 2119/2119/2119
f 2115/2115/2115 2119/2119/2119 2118/2118/2118
f 2116/2116/2116 2112/2112/2112 2108/2108/2108
f 2118/2118/2118 2114/2114/2114 2115/2115/2115
f 2111/2111/2111 2113/2113/2113 2120/2120/2120
f 2111/2111/2111 2120/2120/2120 2119/2119/2119
f 1194/1194/1194 2121/2121/2121 2122/2122/2122
f 1194/1194/1194 2122/2122/2122 1193/1193/1193
f 1192/1192/1192 2121/2121/2121 1194/1194/1194
f 1193/1193/1193 2122/2122/2122 2051/2051/2051
f 2062/2062/2062 2057/2057/2057 2122/2122/2122
f 2062/2062/2062 2122/2122/2122 2121/2121/2121
f 2122/2122/2122 2057/2057/2057 2051/2051/2051
f 2124/2124/2124 2121/2121/2121 2123/2123/2123
f 2124/2124/2124 2123/2123/2123 1552/1552/1552
f 506/506/506 1547/1547/1547 1552/1552/1552
f 506/506/506 1552/1552/1552 2123/2123/2123
f 2073/2073/2073 2062/2062/2062 2124/2124/2124
f 2073/2073/2073 2124/2124/2124 2125/2125/2125
f 2083/2083/2083 2073/2073/2073 2125/2125/2125
f 2083/2083/2083 2125/2125/2125 2126/2126/2126
f 1552/1552/1552 2125/2125/2125 2124/2124/2124
f 1552/1552/1552 1557/1557/1557 2126/2126/2126
f 1552/1552/1552 2126/2126/2126 2125/2125/2125
f 2083/2083/2083 2126/2126/2126 2127/2127/2127
f 2083/2083/2083 2127/2127/2127 2085/2085/2085
f 1557/1557/1557 1563/1563/1563 2128/2128/2128
f 1557/1557/1557 2128/2128/2128 2126/2126/2126
f 1563/1563/1563 1564/1564/1564 2129/2129/2129
f 1563/1563/1563 2129/2129/2129 2128/2128/2128
f 1564/1564/1564 1565/1565/1565 2130/2130/2130
f 1564/1564/1564 2130/2130/2130 2129/2129/2129
f 2096/2096/2096 2085/2085/2085 2127/2127/2127
f 2096/2096/2096 2127/2127/2127 2131/2131/2131
f 2128/2128/2128 2131/2131/2131 2127/2127/2127
f 2128/2128/2128 2127/2127/2127 2126/2126/2126
f 2128/2128/2128 2129/2129/2129 2132/2132/2132
f 2128/2128/2128 2132/2132/2132 2131/2131/2131
f 2096/2096/2096 2131/2131/2131 2133/2133/2133
f 2096/2096/2096 2133/2133/2133 2100/2100/2100
f 2131/2131/2131 2132/2132/2132 2134/2134/2134
f 2131/2131/2131 2134/2134/2134 2133/2133/2133
f 2100/2100/2100 2133/2133/2133 2135/2135/2135
f 2100/2100/2100 2135/2135/2135 2107/2107/2107
f 2133/2133/2133 2134/2134/2134 2136/2136/2136
f 2133/2133/2133 2136/2136/2136 2135/2135/2135
f 1565/1565/1565 1575/1575/1575 2138/2138/2138
f 1565/1565/1565 2138/2138/2138 2130/2130/2130
f 2138/2138/2138 2139/2139/2139 2137/2137/2137
f 2138/2138/2138 2137/2137/2137 2130/2130/2130
f 2132/2132/2132 2129/2129/2129 2137/2137/2137
f 2132/2132/2132 2137/2137/2137 2140/2140/2140
f 2132/2132/2132 2140/2140/2140 2134/2134/2134
f 2137/2137/2137 2139/2139/2139 2141/2141/2141
f 2137/2137/2137 2141/2141/2141 2140/2140/2140
f 2134/2134/2134 2140/2140/2140 2142/2142/2142
f 2134/2134/2134 2142/2142/2142 2136/2136/2136
f 2135/2135/2135 2136/2136/2136 2144/2144/2144
f 2135/2135/2135 2144/2144/2144 2143/2143/2143
f 2116/2116/2116 2117/2117/2117 2147/2147/2147
f 2116/2116/2116 2147/2147/2147 2146/2146/2146
f 1954/1954/1954 1938/1938/1938 2145/2145/2145
f 2146/2146/2146 2145/2145/2145 2116/2116/2116
f 2108/2108/2108 2114/2114/2114 2148/2148/2148
f 2108/2108/2108 2148/2148/2148 2117/2117/2117
f 2118/2118/2118 2119/2119/2119 2152/2152/2152
f 2118/2118/2118 2152/2152/2152 2151/2151/2151
f 2118/2118/2118 2148/2148/2148 2114/2114/2114
f 2120/2120/2120 2149/2149/2149 2119/2119/2119
f 2150/2150/2150 2117/2117/2117 2148/2148/2148
f 2147/2147/2147 2150/2150/2150 2155/2155/2155
f 2147/2147/2147 2155/2155/2155 2154/2154/2154
f 2149/2149/2149 2152/2152/2152 2119/2119/2119
f 2146/2146/2146 1963/1963/1963 2145/2145/2145
f 2153/2153/2153 1963/1963/1963 2146/2146/2146
f 2147/2147/2147 2154/2154/2154 2146/2146/2146
f 2151/2151/2151 2158/2158/2158 2157/2157/2157
f 2151/2151/2151 2157/2157/2157 2150/2150/2150
f 2151/2151/2151 2150/2150/2150 2148/2148/2148
f 2149/2149/2149 2156/2156/2156 2152/2152/2152
f 2151/2151/2151 2152/2152/2152 2159/2159/2159
f 2151/2151/2151 2159/2159/2159 2158/2158/2158
f 1974/1974/1974 1963/1963/1963 2153/2153/2153
f 1974/1974/1974 2153/2153/2153 2160/2160/2160
f 2153/2153/2153 2154/2154/2154 2161/2161/2161
f 2153/2153/2153 2161/2161/2161 2160/2160/2160
f 2154/2154/2154 2155/2155/2155 2162/2162/2162
f 2154/2154/2154 2162/2162/2162 2161/2161/2161
f 2155/2155/2155 2157/2157/2157 2164/2164/2164
f 2155/2155/2155 2164/2164/2164 2162/2162/2162
f 2157/2157/2157 2158/2158/2158 2165/2165/2165
f 2157/2157/2157 2165/2165/2165 2164/2164/2164
f 2165/2165/2165 2158/2158/2158 2159/2159/2159
f 2165/2165/2165 2159/2159/2159 2166/2166/2166
f 2163/2163/2163 2167/2167/2167 2159/2159/2159
f 2163/2163/2163 2159/2159/2159 2156/2156/2156
f 2159/2159/2159 2167/2167/2167 2166/2166/2166
f 1983/1983/1983 2160/2160/2160 2168/2168/2168
f 1983/1983/1983 2168/2168/2168 1984/1984/1984
f 2160/2160/2160 2161/2161/2161 2169/2169/2169
f 2160/2160/2160 2169/2169/2169 2168/2168/2168
f 2161/2161/2161 2162/2162/2162 2170/2170/2170
f 2161/2161/2161 2170/2170/2170 2169/2169/2169
f 2170/2170/2170 2162/2162/2162 2164/2164/2164
f 2170/2170/2170 2164/2164/2164 2171/2171/2171
f 2171/2171/2171 2164/2164/2164 2165/2165/2165
f 2171/2171/2171 2165/2165/2165 2172/2172/2172
f 2165/2165/2165 2166/2166/2166 2173/2173/2173
f 2165/2165/2165 2173/2173/2173 2172/2172/2172
f 2166/2166/2166 2167/2167/2167 2174/2174/2174
f 2166/2166/2166 2174/2174/2174 2173/2173/2173
f 1984/1984/1984 2168/2168/2168 2175/2175/2175
f 1984/1984/1984 2175/2175/2175 1992/1992/1992
f 2175/2175/2175 2168/2168/2168 2169/2169/2169
f 2175/2175/2175 2169/2169/2169 2176/2176/2176
f 2176/2176/2176 2169/2169/2169 2170/2170/2170
f 2176/2176/2176 2170/2170/2170 2177/2177/2177
f 2177/2177/2177 2170/2170/2170 2171/2171/2171
f 2177/2177/2177 2171/2171/2171 2178/2178/2178
f 2179/2179/2179 2173/2173/2173 2174/2174/2174
f 2179/2179/2179 2174/2174/2174 2180/2180/2180
f 1992/1992/1992 2175/2175/2175 2181/2181/2181
f 1992/1992/1992 2181/2181/2181 1999/1999/1999
f 2181/2181/2181 2175/2175/2175 2176/2176/2176
f 2181/2181/2181 2176/2176/2176 2182/2182/2182
f 2176/2176/2176 2177/2177/2177 2183/2183/2183
f 2176/2176/2176 2183/2183/2183 2182/2182/2182
f 2177/2177/2177 2178/2178/2178 2184/2184/2184
f 2177/2177/2177 2184/2184/2184 2183/2183/2183
f 2181/2181/2181 2182/2182/2182 2188/2188/2188
f 2181/2181/2181 2188/2188/2188 2187/2187/2187
f 2181/2181/2181 2187/2187/2187 2008/2008/2008
f 2188/2188/2188 2182/2182/2182 2183/2183/2183
f 2188/2188/2188 2183/2183/2183 2189/2189/2189
f 2189/2189/2189 2183/2183/2183 2184/2184/2184
f 2189/2189/2189 2184/2184/2184 2190/2190/2190
f 2185/2185/2185 2186/2186/2186 2193/2193/2193
f 2185/2185/2185 2193/2193/2193 2192/2192/2192
f 2016/2016/2016 2008/2008/2008 2187/2187/2187
f 2016/2016/2016 2187/2187/2187 2194/2194/2194
f 2188/2188/2188 2189/2189/2189 2196/2196/2196
f 2188/2188/2188 2196/2196/2196 2195/2195/2195
f 2188/2188/2188 2195/2195/2195 2194/2194/2194
f 2189/2189/2189 2190/2190/2190 2197/2197/2197
f 2189/2189/2189 2197/2197/2197 2196/2196/2196
f 2197/2197/2197 2190/2190/2190 2191/2191/2191
f 2197/2197/2197 2191/2191/2191 2198/2198/2198
f 2191/2191/2191 2192/2192/2192 2199/2199/2199
f 2191/2191/2191 2199/2199/2199 2198/2198/2198
f 2199/2199/2199 2192/2192/2192 2193/2193/2193
f 2199/2199/2199 2193/2193/2193 2200/2200/2200
f 2140/2140/2140 2203/2203/2203 2205/2205/2205
f 2140/2140/2140 2205/2205/2205 2142/2142/2142
f 2201/2201/2201 2138/2138/2138 1575/1575/1575
f 2201/2201/2201 1575/1575/1575 1645/1645/1645
f 2139/2139/2139 2138/2138/2138 2201/2201/2201
f 2202/2202/2202 2139/2139/2139 2201/2201/2201
f 2141/2141/2141 2203/2203/2203 2140/2140/2140
f 2202/2202/2202 2203/2203/2203 2139/2139/2139
f 2204/2204/2204 2142/2142/2142 2206/2206/2206
f 2204/2204/2204 2206/2206/2206 2144/2144/2144
f 2144/2144/2144 2136/2136/2136 2204/2204/2204
f 2143/2143/2143 2144/2144/2144 2208/2208/2208
f 2143/2143/2143 2208/2208/2208 2207/2207/2207
f 2205/2205/2205 2206/2206/2206 2142/2142/2142
f 2120/2120/2120 2207/2207/2207 2149/2149/2149
f 1645/1645/1645 1654/1654/1654 2210/2210/2210
f 1645/1645/1645 2210/2210/2210 2201/2201/2201
f 2210/2210/2210 2211/2211/2211 2202/2202/2202
f 2210/2210/2210 2202/2202/2202 2201/2201/2201
f 2212/2212/2212 2213/2213/2213 2205/2205/2205
f 2212/2212/2212 2205/2205/2205 2203/2203/2203
f 2215/2215/2215 2207/2207/2207 2208/2208/2208
f 2215/2215/2215 2208/2208/2208 2216/2216/2216
f 2214/2214/2214 2217/2217/2217 2208/2208/2208
f 2214/2214/2214 2208/2208/2208 2206/2206/2206
f 2208/2208/2208 2217/2217/2217 2216/2216/2216
f 2156/2156/2156 2149/2149/2149 2209/2209/2209
f 2156/2156/2156 2209/2209/2209 2215/2215/2215
f 2218/2218/2218 2217/2217/2217 2214/2214/2214
f 1654/1654/1654 1664/1664/1664 2219/2219/2219
f 1654/1654/1654 2219/2219/2219 2210/2210/2210
f 2209/2209/2209 2207/2207/2207 2215/2215/2215
f 2219/2219/2219 2221/2221/2221 2211/2211/2211
f 2219/2219/2219 2211/2211/2211 2210/2210/2210
f 2211/2211/2211 2221/2221/2221 2220/2220/2220
f 2220/2220/2220 2223/2223/2223 2213/2213/2213
f 2220/2220/2220 2213/2213/2213 2212/2212/2212
f 2212/2212/2212 2211/2211/2211 2220/2220/2220
f 2223/2223/2223 2224/2224/2224 2214/2214/2214
f 2223/2223/2223 2214/2214/2214 2213/2213/2213
f 2225/2225/2225 2216/2216/2216 2217/2217/2217
f 2225/2225/2225 2217/2217/2217 2226/2226/2226
f 2163/2163/2163 2215/2215/2215 2216/2216/2216
f 2163/2163/2163 2216/2216/2216 2227/2227/2227
f 2218/2218/2218 2214/2214/2214 2224/2224/2224
f 2225/2225/2225 2226/2226/2226 2228/2228/2228
f 2225/2225/2225 2228/2228/2228 2227/2227/2227
f 1673/1673/1673 2230/2230/2230 2219/2219/2219
f 1673/1673/1673 2219/2219/2219 1664/1664/1664
f 2229/2229/2229 2167/2167/2167 2163/2163/2163
f 2219/2219/2219 2230/2230/2230 2231/2231/2231
f 2219/2219/2219 2231/2231/2231 2221/2221/2221
f 2232/2232/2232 2220/2220/2220 2222/2222/2222
f 2232/2232/2232 2222/2222/2222 2233/2233/2233
f 2231/2231/2231 2233/2233/2233 2222/2222/2222
f 2231/2231/2231 2222/2222/2222 2221/2221/2221
f 2234/2234/2234 2236/2236/2236 2224/2224/2224
f 2234/2234/2234 2224/2224/2224 2223/2223/2223
f 2223/2223/2223 2220/2220/2220 2232/2232/2232
f 2224/2224/2224 2236/2236/2236 2235/2235/2235
f 2235/2235/2235 2237/2237/2237 2218/2218/2218
f 2235/2235/2235 2218/2218/2218 2224/2224/2224
f 2218/2218/2218 2237/2237/2237 2226/2226/2226
f 2235/2235/2235 2236/2236/2236 2238/2238/2238
f 2235/2235/2235 2238/2238/2238 2237/2237/2237
f 2226/2226/2226 2237/2237/2237 2240/2240/2240
f 2226/2226/2226 2240/2240/2240 2239/2239/2239
f 2174/2174/2174 2167/2167/2167 2229/2229/2229
f 2174/2174/2174 2229/2229/2229 2241/2241/2241
f 2239/2239/2239 2242/2242/2242 2229/2229/2229
f 2239/2239/2239 2229/2229/2229 2227/2227/2227
f 2229/2229/2229 2242/2242/2242 2241/2241/2241
f 1673/1673/1673 1682/1682/1682 2243/2243/2243
f 1673/1673/1673 2243/2243/2243 2230/2230/2230
f 2230/2230/2230 2243/2243/2243 2244/2244/2244
f 2230/2230/2230 2244/2244/2244 2231/2231/2231
f 2231/2231/2231 2244/2244/2244 2245/2245/2245
f 2231/2231/2231 2245/2245/2245 2233/2233/2233
f 2245/2245/2245 2247/2247/2247 2234/2234/2234
f 2245/2245/2245 2234/2234/2234 2233/2233/2233
f 2234/2234/2234 2247/2247/2247 2246/2246/2246
f 2246/2246/2246 2248/2248/2248 2238/2238/2238
f 2246/2246/2246 2238/2238/2238 2236/2236/2236
f 2236/2236/2236 2234/2234/2234 2246/2246/2246
f 2249/2249/2249 2239/2239/2239 2240/2240/2240
f 2249/2249/2249 2240/2240/2240 2250/2250/2250
f 2248/2248/2248 2250/2250/2250 2240/2240/2240
f 2248/2248/2248 2240/2240/2240 2237/2237/2237
f 2174/2174/2174 2241/2241/2241 2251/2251/2251
f 2174/2174/2174 2251/2251/2251 2180/2180/2180
f 2251/2251/2251 2241/2241/2241 2242/2242/2242
f 2251/2251/2251 2242/2242/2242 2252/2252/2252
f 2249/2249/2249 2252/2252/2252 2242/2242/2242
f 2249/2249/2249 2242/2242/2242 2239/2239/2239
f 1682/1682/1682 1691/1691/1691 2253/2253/2253
f 1682/1682/1682 2253/2253/2253 2243/2243/2243
f 2243/2243/2243 2253/2253/2253 2254/2254/2254
f 2243/2243/2243 2254/2254/2254 2244/2244/2244
f 2244/2244/2244 2254/2254/2254 2255/2255/2255
f 2244/2244/2244 2255/2255/2255 2245/2245/2245
f 2256/2256/2256 2246/2246/2246 2247/2247/2247
f 2256/2256/2256 2247/2247/2247 2257/2257/2257
f 2255/2255/2255 2257/2257/2257 2247/2247/2247
f 2255/2255/2255 2247/2247/2247 2245/2245/2245
f 2256/2256/2256 2259/2259/2259 2248/2248/2248
f 2256/2256/2256 2248/2248/2248 2246/2246/2246
f 2259/2259/2259 2258/2258/2258 2248/2248/2248
f 2260/2260/2260 2249/2249/2249 2250/2250/2250
f 2260/2260/2260 2250/2250/2250 2258/2258/2258
f 2186/2186/2186 2180/2180/2180 2251/2251/2251
f 2186/2186/2186 2251/2251/2251 2261/2261/2261
f 2258/2258/2258 2250/2250/2250 2248/2248/2248
f 2251/2251/2251 2252/2252/2252 2262/2262/2262
f 2251/2251/2251 2262/2262/2262 2261/2261/2261
f 2249/2249/2249 2260/2260/2260 2262/2262/2262
f 2249/2249/2249 2262/2262/2262 2252/2252/2252
f 1691/1691/1691 1700/1700/1700 2263/2263/2263
f 1691/1691/1691 2263/2263/2263 2253/2253/2253
f 2253/2253/2253 2263/2263/2263 2264/2264/2264
f 2253/2253/2253 2264/2264/2264 2254/2254/2254
f 2254/2254/2254 2264/2264/2264 2265/2265/2265
f 2254/2254/2254 2265/2265/2265 2255/2255/2255
f 2256/2256/2256 2257/2257/2257 2267/2267/2267
f 2256/2256/2256 2267/2267/2267 2266/2266/2266
f 2255/2255/2255 2265/2265/2265 2267/2267/2267
f 2255/2255/2255 2267/2267/2267 2257/2257/2257
f 2268/2268/2268 2270/2270/2270 2259/2259/2259
f 2268/2268/2268 2259/2259/2259 2266/2266/2266
f 2260/2260/2260 2258/2258/2258 2272/2272/2272
f 2260/2260/2260 2272/2272/2272 2269/2269/2269
f 2259/2259/2259 2270/2270/2270 2258/2258/2258
f 2260/2260/2260 2269/2269/2269 2271/2271/2271
f 2272/2272/2272 2270/2270/2270 2269/2269/2269
f 2193/2193/2193 2186/2186/2186 2261/2261/2261
f 2193/2193/2193 2261/2261/2261 2273/2273/2273
f 2261/2261/2261 2262/2262/2262 2271/2271/2271
f 2261/2261/2261 2271/2271/2271 2273/2273/2273
f 1700/1700/1700 1711/1711/1711 2274/2274/2274
f 1700/1700/1700 2274/2274/2274 2263/2263/2263
f 2271/2271/2271 2262/2262/2262 2260/2260/2260
f 2263/2263/2263 2274/2274/2274 2275/2275/2275
f 2263/2263/2263 2275/2275/2275 2264/2264/2264
f 2275/2275/2275 2277/2277/2277 2265/2265/2265
f 2275/2275/2275 2265/2265/2265 2264/2264/2264
f 2265/2265/2265 2277/2277/2277 2278/2278/2278
f 2265/2265/2265 2278/2278/2278 2267/2267/2267
f 2278/2278/2278 2277/2277/2277 2276/2276/2276
f 2271/2271/2271 2269/2269/2269 2282/2282/2282
f 2271/2271/2271 2282/2282/2282 2281/2281/2281
f 2280/2280/2280 2270/2270/2270 2268/2268/2268
f 2200/2200/2200 2193/2193/2193 2273/2273/2273
f 2200/2200/2200 2273/2273/2273 2283/2283/2283
f 2273/2273/2273 2271/2271/2271 2284/2284/2284
f 2273/2273/2273 2284/2284/2284 2283/2283/2283
f 2285/2285/2285 2172/2172/2172 2173/2173/2173
f 2285/2285/2285 2173/2173/2173 2179/2179/2179
f 2172/2172/2172 2285/2285/2285 2178/2178/2178
f 2178/2178/2178 2285/2285/2285 2286/2286/2286
f 2178/2178/2178 2286/2286/2286 2184/2184/2184
f 2286/2286/2286 2285/2285/2285 2179/2179/2179
f 2286/2286/2286 2179/2179/2179 2185/2185/2185
f 2185/2185/2185 2179/2179/2179 2180/2180/2180
f 2185/2185/2185 2180/2180/2180 2186/2186/2186
f 2190/2190/2190 2184/2184/2184 2286/2286/2286
f 2190/2190/2190 2286/2286/2286 2191/2191/2191
f 2286/2286/2286 2185/2185/2185 2192/2192/2192
f 2286/2286/2286 2192/2192/2192 2191/2191/2191
f 2024/2024/2024 2016/2016/2016 2194/2194/2194
f 2024/2024/2024 2194/2194/2194 2288/2288/2288
f 2024/2024/2024 2288/2288/2288 2287/2287/2287
f 2291/2291/2291 2196/2196/2196 2197/2197/2197
f 2291/2291/2291 2197/2197/2197 2292/2292/2292
f 2291/2291/2291 2288/2288/2288 2195/2195/2195
f 2291/2291/2291 2292/2292/2292 2289/2289/2289
f 2197/2197/2197 2198/2198/2198 2293/2293/2293
f 2197/2197/2197 2293/2293/2293 2292/2292/2292
f 2293/2293/2293 2198/2198/2198 2199/2199/2199
f 2293/2293/2293 2199/2199/2199 2294/2294/2294
f 2199/2199/2199 2200/2200/2200 2295/2295/2295
f 2199/2199/2199 2295/2295/2295 2294/2294/2294
f 2030/2030/2030 2024/2024/2024 2287/2287/2287
f 2030/2030/2030 2287/2287/2287 2296/2296/2296
f 2297/2297/2297 2288/2288/2288 2289/2289/2289
f 2297/2297/2297 2289/2289/2289 2298/2298/2298
f 2287/2287/2287 2297/2297/2297 2296/2296/2296
f 2300/2300/2300 2292/2292/2292 2293/2293/2293
f 2300/2300/2300 2293/2293/2293 2304/2304/2304
f 2289/2289/2289 2300/2300/2300 2298/2298/2298
f 2303/2303/2303 2302/2302/2302 2290/2290/2290
f 2300/2300/2300 2304/2304/2304 2301/2301/2301
f 2290/2290/2290 2302/2302/2302 2304/2304/2304
f 2290/2290/2290 2304/2304/2304 2294/2294/2294
f 2304/2304/2304 2302/2302/2302 2301/2301/2301
f 2038/2038/2038 2296/2296/2296 2297/2297/2297
f 2038/2038/2038 2297/2297/2297 2308/2308/2308
f 2038/2038/2038 2308/2308/2308 2305/2305/2305
f 2309/2309/2309 2325/2325/2325 2312/2312/2312
f 2309/2309/2309 2312/2312/2312 2301/2301/2301
f 2298/2298/2298 2306/2306/2306 2308/2308/2308
f 2312/2312/2312 2306/2306/2306 2298/2298/2298
f 2309/2309/2309 2301/2301/2301 2313/2313/2313
f 2309/2309/2309 2313/2313/2313 2310/2310/2310
f 2299/2299/2299 2311/2311/2311 2313/2313/2313
f 2299/2299/2299 2313/2313/2313 2303/2303/2303
f 2313/2313/2313 2311/2311/2311 2310/2310/2310
f 2315/2315/2315 2046/2046/2046 2035/2035/2035
f 2315/2315/2315 2035/2035/2035 2320/2320/2320
f 2046/2046/2046 2315/2315/2315 2045/2045/2045
f 2035/2035/2035 2037/2037/2037 2305/2305/2305
f 2035/2035/2035 2305/2305/2305 2320/2320/2320
f 2317/2317/2317 2316/2316/2316 2320/2320/2320
f 2317/2317/2317 2320/2320/2320 2321/2321/2321
f 2320/2320/2320 2305/2305/2305 2306/2306/2306
f 2320/2320/2320 2306/2306/2306 2321/2321/2321
f 2317/2317/2317 2321/2321/2321 2322/2322/2322
f 2317/2317/2317 2322/2322/2322 2318/2318/2318
f 2319/2319/2319 2310/2310/2310 2326/2326/2326
f 2319/2319/2319 2326/2326/2326 2324/2324/2324
f 2324/2324/2324 2314/2314/2314 2319/2319/2319
f 2325/2325/2325 2321/2321/2321 2306/2306/2306
f 2309/2309/2309 2323/2323/2323 2325/2325/2325
f 2310/2310/2310 2319/2319/2319 2323/2323/2323
f 2310/2310/2310 2323/2323/2323 2309/2309/2309
f 2307/2307/2307 2324/2324/2324 2326/2326/2326
f 2307/2307/2307 2326/2326/2326 2311/2311/2311
f 1762/1762/1762 2328/2328/2328 2329/2329/2329
f 1762/1762/1762 2329/2329/2329 1763/1763/1763
f 1764/1764/1764 1763/1763/1763 2329/2329/2329
f 1764/1764/1764 2329/2329/2329 2330/2330/2330
f 1765/1765/1765 2330/2330/2330 2331/2331/2331
f 1765/1765/1765 2331/2331/2331 1766/1766/1766
f 2330/2330/2330 1765/1765/1765 1764/1764/1764
f 1767/1767/1767 1766/1766/1766 2331/2331/2331
f 1767/1767/1767 2331/2331/2331 2332/2332/2332
f 2327/2327/2327 2048/2048/2048 2049/2049/2049
f 2327/2327/2327 2049/2049/2049 2333/2333/2333
f 2327/2327/2327 2333/2333/2333 2334/2334/2334
f 2327/2327/2327 2334/2334/2334 2328/2328/2328
f 2328/2328/2328 2334/2334/2334 2335/2335/2335
f 2328/2328/2328 2335/2335/2335 2329/2329/2329
f 2332/2332/2332 2331/2331/2331 2337/2337/2337
f 2332/2332/2332 2337/2337/2337 2338/2338/2338
f 2335/2335/2335 2330/2330/2330 2329/2329/2329
f 2336/2336/2336 2337/2337/2337 2331/2331/2331
f 2049/2049/2049 2045/2045/2045 2339/2339/2339
f 2049/2049/2049 2339/2339/2339 2333/2333/2333
f 2334/2334/2334 2333/2333/2333 2339/2339/2339
f 2334/2334/2334 2339/2339/2339 2340/2340/2340
f 2338/2338/2338 2337/2337/2337 2342/2342/2342
f 2338/2338/2338 2342/2342/2342 2343/2343/2343
f 2340/2340/2340 2341/2341/2341 2335/2335/2335
f 2339/2339/2339 2315/2315/2315 2316/2316/2316
f 2339/2339/2339 2316/2316/2316 2344/2344/2344
f 2339/2339/2339 2344/2344/2344 2340/2340/2340
f 2341/2341/2341 2340/2340/2340 2344/2344/2344
f 2341/2341/2341 2344/2344/2344 2345/2345/2345
f 2341/2341/2341 2345/2345/2345 2346/2346/2346
f 2341/2341/2341 2346/2346/2346 2342/2342/2342
f 2345/2345/2345 2344/2344/2344 2317/2317/2317
f 2342/2342/2342 2346/2346/2346 2347/2347/2347
f 2342/2342/2342 2347/2347/2347 2343/2343/2343
f 2346/2346/2346 2345/2345/2345 2318/2318/2318
f 2319/2319/2319 2314/2314/2314 2347/2347/2347
f 2319/2319/2319 2347/2347/2347 2346/2346/2346
f 1762/1762/1762 1774/1774/1774 2050/2050/2050
f 1762/1762/1762 2050/2050/2050 2327/2327/2327
f 1783/1783/1783 1784/1784/1784 2348/2348/2348
f 1783/1783/1783 2348/2348/2348 2349/2349/2349
f 1783/1783/1783 2349/2349/2349 2274/2274/2274
f 1783/1783/1783 2274/2274/2274 1711/1711/1711
f 2348/2348/2348 2350/2350/2350 2351/2351/2351
f 2348/2348/2348 2351/2351/2351 2349/2349/2349
f 2274/2274/2274 2349/2349/2349 2351/2351/2351
f 2274/2274/2274 2351/2351/2351 2275/2275/2275
f 2275/2275/2275 2351/2351/2351 2352/2352/2352
f 2275/2275/2275 2352/2352/2352 2277/2277/2277
f 2352/2352/2352 2351/2351/2351 2350/2350/2350
f 2268/2268/2268 2279/2279/2279 2356/2356/2356
f 2268/2268/2268 2356/2356/2356 2355/2355/2355
f 2353/2353/2353 2278/2278/2278 2276/2276/2276
f 2278/2278/2278 2353/2353/2353 2356/2356/2356
f 2278/2278/2278 2356/2356/2356 2279/2279/2279
f 2354/2354/2354 2358/2358/2358 2359/2359/2359
f 2354/2354/2354 2359/2359/2359 2355/2355/2355
f 2268/2268/2268 2355/2355/2355 2359/2359/2359
f 2268/2268/2268 2359/2359/2359 2280/2280/2280
f 2359/2359/2359 2358/2358/2358 2280/2280/2280
f 2281/2281/2281 2282/2282/2282 2361/2361/2361
f 2281/2281/2281 2361/2361/2361 2357/2357/2357
f 2357/2357/2357 2360/2360/2360 2281/2281/2281
f 2361/2361/2361 2358/2358/2358 2357/2357/2357
f 2280/2280/2280 2358/2358/2358 2361/2361/2361
f 2280/2280/2280 2361/2361/2361 2282/2282/2282
f 2281/2281/2281 2360/2360/2360 2295/2295/2295
f 2281/2281/2281 2295/2295/2295 2283/2283/2283
f 2295/2295/2295 2360/2360/2360 2290/2290/2290
f 2350/2350/2350 2363/2363/2363 2364/2364/2364
f 2350/2350/2350 2364/2364/2364 2352/2352/2352
f 2364/2364/2364 2363/2363/2363 2362/2362/2362
f 2365/2365/2365 2368/2368/2368 2369/2369/2369
f 2365/2365/2365 2369/2369/2369 2366/2366/2366
f 2364/2364/2364 2366/2366/2366 2353/2353/2353
f 2364/2364/2364 2353/2353/2353 2352/2352/2352
f 2354/2354/2354 2355/2355/2355 2369/2369/2369
f 2354/2354/2354 2369/2369/2369 2368/2368/2368
f 2353/2353/2353 2366/2366/2366 2369/2369/2369
f 2353/2353/2353 2369/2369/2369 2355/2355/2355
f 2367/2367/2367 2370/2370/2370 2354/2354/2354
f 2367/2367/2367 2354/2354/2354 2368/2368/2368
f 2357/2357/2357 2358/2358/2358 2354/2354/2354
f 2357/2357/2357 2354/2354/2354 2370/2370/2370
f 2290/2290/2290 2360/2360/2360 2371/2371/2371
f 2290/2290/2290 2371/2371/2371 2303/2303/2303
f 2348/2348/2348 1806/1806/1806 2374/2374/2374
f 2348/2348/2348 2374/2374/2374 2363/2363/2363
f 2371/2371/2371 2370/2370/2370 2299/2299/2299
f 2372/2372/2372 1805/1805/1805 1804/1804/1804
f 2348/2348/2348 1784/1784/1784 1806/1806/1806
f 2373/2373/2373 2374/2374/2374 2372/2372/2372
f 2374/2374/2374 1806/1806/1806 2372/2372/2372
f 2365/2365/2365 2366/2366/2366 2378/2378/2378
f 2365/2365/2365 2378/2378/2378 2377/2377/2377
f 2375/2375/2375 2374/2374/2374 2373/2373/2373
f 2362/2362/2362 2375/2375/2375 2378/2378/2378
f 2362/2362/2362 2378/2378/2378 2366/2366/2366
f 2376/2376/2376 2379/2379/2379 2365/2365/2365
f 2376/2376/2376 2365/2365/2365 2377/2377/2377
f 2367/2367/2367 2368/2368/2368 2365/2365/2365
f 2367/2367/2367 2365/2365/2365 2379/2379/2379
f 2367/2367/2367 2379/2379/2379 2380/2380/2380
f 2367/2367/2367 2380/2380/2380 2370/2370/2370
f 2380/2380/2380 2311/2311/2311 2299/2299/2299
f 2380/2380/2380 2379/2379/2379 2307/2307/2307
f 2383/2383/2383 2385/2385/2385 2376/2376/2376
f 2383/2383/2383 2376/2376/2376 2384/2384/2384
f 2373/2373/2373 2372/2372/2372 2381/2381/2381
f 2384/2384/2384 2373/2373/2373 2382/2382/2382
f 2384/2384/2384 2375/2375/2375 2373/2373/2373
f 2385/2385/2385 2383/2383/2383 2314/2314/2314
f 2375/2375/2375 2384/2384/2384 2386/2386/2386
f 2375/2375/2375 2386/2386/2386 2377/2377/2377
f 2314/2314/2314 2324/2324/2324 2387/2387/2387
f 2314/2314/2314 2387/2387/2387 2385/2385/2385
f 1812/1812/1812 1767/1767/1767 2332/2332/2332
f 1812/1812/1812 2332/2332/2332 2388/2388/2388
f 2387/2387/2387 2324/2324/2324 2307/2307/2307
f 2387/2387/2387 2376/2376/2376 2385/2385/2385
f 2387/2387/2387 2379/2379/2379 2376/2376/2376
f 1811/1811/1811 1812/1812/1812 2388/2388/2388
f 1811/1811/1811 2388/2388/2388 2389/2389/2389
f 2388/2388/2388 2332/2332/2332 2338/2338/2338
f 2388/2388/2388 2338/2338/2338 2390/2390/2390
f 2389/2389/2389 2381/2381/2381 1811/1811/1811
f 2382/2382/2382 2390/2390/2390 2343/2343/2343
f 2382/2382/2382 2343/2343/2343 2383/2383/2383
f 2389/2389/2389 2390/2390/2390 2382/2382/2382
f 2389/2389/2389 2382/2382/2382 2381/2381/2381
f 2343/2343/2343 2390/2390/2390 2338/2338/2338
