# Original Foam Haven sculpt. Generated by build_sculpted_assets.py
v -2.517690 -0.117950 -0.918666
v -2.534328 -0.040710 -0.931334
v -2.405017 -0.225021 -1.014114
v -2.396530 -0.117393 -1.140069
v -2.425052 -0.147286 -1.071282
v -2.412558 -0.043177 -1.151051
v -2.467363 -0.043679 -1.060467
v -2.312194 -0.357145 -0.891810
v -2.336167 -0.238593 -1.102525
v -2.348889 -0.298780 -0.971599
v -2.292896 -0.121795 -1.252983
v -2.336253 -0.152585 -1.186219
v -2.371967 -0.186801 -1.114069
v -2.301329 -0.047133 -1.273196
v -2.188744 -0.340011 -1.117038
v -2.232110 -0.377050 -0.973926
v -2.152253 -0.242164 -1.278355
v -2.225676 -0.267985 -1.186037
v -2.270843 -0.315174 -1.065261
v -2.239411 -0.175589 -1.266311
v -2.181557 -0.022271 -1.375698
v -2.228220 -0.057095 -1.330486
v -2.130044 -0.444668 -0.928608
v -2.062268 -0.359124 -1.190409
v -2.114843 -0.391552 -1.080467
v -2.100328 -0.310458 -1.237433
v -2.091539 -0.136152 -1.392537
v -2.135088 -0.174927 -1.344002
v -2.099140 -0.073840 -1.412028
v -2.164694 -0.099067 -1.364876
v -1.994401 -0.442448 -1.069129
v -2.033257 -0.472762 -0.956961
v -1.915576 -0.352670 -1.282013
v -1.920795 -0.244872 -1.399181
v -2.014098 -0.282330 -1.320417
v -2.010389 -0.167290 -1.414522
v -2.055950 -0.211908 -1.363593
v -1.957730 -0.023108 -1.489199
v -1.903367 -0.487124 -1.018808
v -1.895766 -0.426672 -1.164813
v -1.897871 -0.307358 -1.345185
v -1.819963 -0.130787 -1.500824
v -1.900383 -0.172409 -1.456503
v -1.886904 -0.052002 -1.505589
v -1.937629 -0.098388 -1.477593
v -2.535504 -0.124796 -0.845244
v -2.551276 -0.136920 -0.703718
v -2.554302 -0.138668 -0.462588
v -2.542209 -0.126944 -0.246833
v -2.527168 -0.109841 -0.114207
v -2.563674 -0.043933 -0.818108
v -2.582240 -0.047242 -0.631911
v -2.585862 -0.042478 -0.462037
v -2.571064 -0.034942 -0.258190
v -2.538125 -0.037991 -0.096957
v -2.432484 -0.316891 -0.623493
v -2.410316 -0.355153 -0.442682
v -2.412240 -0.347279 -0.302460
v -2.440776 -0.257262 -0.857896
v -2.452005 -0.275435 -0.747130
v -2.463845 -0.291400 -0.462427
v -2.456700 -0.288899 -0.272784
v -2.451397 -0.260042 -0.059155
v -2.494704 -0.190129 -0.856271
v -2.505746 -0.209218 -0.745539
v -2.512282 -0.220234 -0.585845
v -2.510229 -0.215515 -0.336950
v -2.500990 -0.197014 -0.179086
v -2.498181 -0.159706 -0.063649
v -2.513371 -0.058519 -0.027064
v -2.303276 -0.443774 -0.567141
v -2.317614 -0.442338 -0.492524
v -2.276415 -0.479125 -0.402169
v -2.298150 -0.454025 -0.278793
v -2.266505 -0.457857 -0.632804
v -2.361074 -0.405616 -0.402666
v -2.349111 -0.406916 -0.257072
v -2.327273 -0.378861 0.005786
v -2.378391 -0.315621 -0.860019
v -2.400419 -0.331292 -0.728661
v -2.396604 -0.316298 0.030841
v -2.197946 -0.451641 -0.808753
v -2.249173 -0.441602 -0.739721
v -2.204031 -0.521389 -0.511329
v -2.197354 -0.525299 -0.296019
v -2.255462 -0.464506 -0.172520
v -2.211371 -0.455570 -0.028130
v -2.088980 -0.571173 -0.599469
v -2.059451 -0.597763 -0.522757
v -2.122364 -0.574950 -0.402641
v -2.084086 -0.586989 -0.297306
v -2.089158 -0.571298 -0.210590
v -2.000401 -0.578798 -0.709588
v -2.032558 -0.587318 -0.636675
v -1.966112 -0.638187 -0.402401
v -1.959312 -0.633870 -0.291589
v -2.046750 -0.585737 -0.186660
v -2.000411 -0.579693 -0.100484
v -1.874300 -0.574997 -0.821446
v -1.916429 -0.592647 -0.748584
v -1.897956 -0.630724 -0.629048
v -1.872187 -0.659566 -0.510165
v -1.897734 -0.630416 -0.175972
v -1.910605 -0.594300 -0.055448
v -1.696322 -0.462715 -1.157821
v -1.780882 -0.539886 -0.944023
v -1.784752 -0.373158 -1.295621
v -1.789626 -0.450575 -1.161611
v -1.786221 -0.267494 -1.419485
v -1.764267 -0.323518 -1.368805
v -1.769020 -0.208682 -1.469983
v -1.729725 -0.054114 -1.532879
v -1.664058 -0.536606 -0.981790
v -1.553887 -0.332984 -1.381848
v -1.669257 -0.371025 -1.321360
v -1.667516 -0.425225 -1.232485
v -1.552814 -0.227528 -1.478934
v -1.668864 -0.279176 -1.429081
v -1.666307 -0.161900 -1.506995
v -1.555062 -0.468270 -1.154836
v -1.551157 -0.542209 -0.974702
v -1.554036 -0.402120 -1.280817
v -1.554785 -0.282371 -1.431971
v -1.553776 -0.153715 -1.514481
v -1.553153 -0.053768 -1.541480
v -1.416959 -0.461733 -1.154208
v -1.439625 -0.547408 -0.946664
v -1.434551 -0.390290 -1.287991
v -1.440704 -0.277370 -1.427309
v -1.339800 -0.321715 -1.362557
v -1.441789 -0.160176 -1.505058
v -1.340258 -0.206758 -1.465336
v -1.378592 -0.049671 -1.530016
v -1.332589 -0.536012 -0.937526
v -1.324048 -0.369853 -1.292064
v -1.320362 -0.445550 -1.162013
v -1.322870 -0.263704 -1.415780
v -1.284987 -0.127729 -1.494667
v -1.193217 -0.460907 -1.056024
v -1.188463 -0.348521 -1.273241
v -1.208465 -0.417290 -1.165518
v -1.179689 -0.240360 -1.388516
v -1.211572 -0.302482 -1.339720
v -1.210454 -0.166061 -1.450954
v -1.223985 -0.046911 -1.499866
v -1.174146 -0.091213 -1.471094
v -1.070350 -0.358469 -1.187699
v -1.000084 -0.421515 -1.009158
v -1.097517 -0.276560 -1.312541
v -0.995323 -0.312368 -1.204230
v -1.102180 -0.159957 -1.406913
v -1.057515 -0.205009 -1.355245
v -1.152926 -0.030823 -1.479399
v -1.080050 -0.499531 -0.877129
v -0.918171 -0.364616 -1.062551
v -0.944247 -0.231903 -1.259110
v -1.021593 -0.128100 -1.382576
v -0.980770 -0.168274 -1.334039
v -0.931151 -0.033952 -1.361380
v -0.946115 -0.092747 -1.349835
v -1.730407 -0.681177 -0.574971
v -1.739292 -0.689924 -0.498745
v -1.778631 -0.688223 -0.403105
v -1.754981 -0.686993 -0.297109
v -1.706892 -0.685201 -0.231259
v -1.782905 -0.612677 -0.774106
v -1.780064 -0.625163 -0.065834
v -1.660467 -0.684694 -0.594036
v -1.608657 -0.699200 -0.504820
v -1.610669 -0.703251 -0.403070
v -1.653260 -0.697262 -0.306658
v -1.667921 -0.626985 -0.772488
v -1.667095 -0.654416 -0.108102
v -1.552447 -0.682675 -0.613713
v -1.505519 -0.697940 -0.304057
v -1.580014 -0.685497 -0.203707
v -1.552541 -0.629028 -0.774175
v -1.546157 -0.627492 0.003136
v -1.447654 -0.681278 -0.592696
v -1.453240 -0.697426 -0.458393
v -1.413745 -0.683274 -0.233044
v -1.444048 -0.623504 -0.768582
v -1.429902 -0.644978 -0.056261
v -1.389312 -0.676040 -0.575972
v -1.376747 -0.683698 -0.508352
v -1.367526 -0.686050 -0.426859
v -1.377015 -0.685426 -0.308130
v -1.305226 -0.587895 -0.801048
v -1.313831 -0.611287 -0.740624
v -1.300390 -0.668971 -0.294422
v -1.332381 -0.662257 -0.182495
v -1.325422 -0.642364 -0.058848
v -1.100433 -0.593958 -0.618624
v -1.117239 -0.620222 -0.508223
v -1.143211 -0.640490 -0.370660
v -1.203873 -0.650236 -0.198973
v -1.208578 -0.640313 -0.058629
v -1.065669 -0.557191 -0.713302
v -1.090815 -0.639110 -0.287596
v -1.092698 -0.642992 -0.173212
v -1.089473 -0.642587 -0.058439
v -0.978105 -0.581227 -0.602934
v -0.977078 -0.604889 -0.502383
v -0.977102 -0.622647 -0.398286
v -0.966901 -0.637790 -0.270389
v -0.972740 -0.645553 -0.173148
v -0.970590 -0.473338 -0.881833
v -0.975629 -0.527439 -0.755711
v -0.857049 -0.390945 -0.993964
v -0.895366 -0.251421 -1.198478
v -0.846526 -0.297057 -1.112396
v -0.815204 -0.342067 -1.043781
v -0.876763 -0.173806 -1.251732
v -0.803246 -0.221437 -1.154509
v -0.877079 -0.057835 -1.308265
v -0.759448 -0.067792 -1.210788
v -0.744063 -0.389149 -0.977507
v -0.736175 -0.279941 -1.082623
v -0.770921 -0.142078 -1.186973
v -0.727874 -0.185588 -1.138285
v -0.808935 -0.021931 -1.263752
v -0.702394 -0.103750 -1.161622
v -0.658074 -0.336571 -1.023081
v -0.561293 -0.401656 -0.969338
v -0.626040 -0.281391 -1.062566
v -0.625978 -0.177234 -1.112293
v -0.684770 -0.024137 -1.173218
v -0.630167 -0.063477 -1.144703
v -0.315520 -0.459772 -0.921331
v -0.504530 -0.343707 -1.024970
v -0.513685 -0.269582 -1.071685
v -0.518895 -0.173258 -1.114014
v -0.467736 -0.015965 -1.175129
v -0.522071 -0.060259 -1.145787
v -0.307970 -0.343518 -1.045261
v -0.402395 -0.269066 -1.087475
v -0.360376 -0.130754 -1.178965
v -0.410575 -0.177936 -1.136188
v -0.338606 -0.007561 -1.249674
v -0.392188 -0.047912 -1.202766
v -0.443402 -0.097727 -1.159917
v -0.264650 -0.258601 -1.122445
v -0.233513 -0.106984 -1.248224
v -0.335109 -0.205694 -1.143046
v -0.265141 -0.045275 -1.268137
v -0.074378 -0.322209 -1.089522
v -0.182964 -0.296291 -1.103364
v -0.138015 -0.130054 -1.260932
v -0.163508 -0.036915 -1.308424
v 0.118596 -0.461594 -0.929471
v -0.158164 -0.405596 -0.997305
v -0.042178 -0.195902 -1.222469
v -0.053288 -0.123395 -1.282220
v 0.017010 0.005492 -1.368314
v -0.054895 -0.041153 -1.334835
v -0.845368 -0.582569 -0.587725
v -0.853971 -0.604692 -0.500007
v -0.862631 -0.624506 -0.399528
v -0.862058 -0.483336 -0.837522
v -0.842539 -0.522730 -0.750641
v -0.846077 -0.554783 -0.670704
v -0.852532 -0.441278 -0.911547
v -0.504229 -0.664794 -0.282667
v -0.687939 -0.671134 -0.057955
v -0.740640 -0.482713 -0.840196
v -0.726174 -0.439651 -0.908004
v -0.404917 -0.627348 -0.512143
v -0.481623 -0.676819 -0.173416
v -0.464818 -0.545961 -0.751699
v -0.434102 -0.688260 0.016319
v -0.329447 -0.575517 -0.696407
v -0.479986 -0.591461 -0.630226
v -0.457257 -0.647626 -0.401630
v -0.388114 -0.688250 -0.056179
v -0.347933 -0.502904 -0.849349
v -0.150959 -0.687151 -0.168345
v -0.108017 -0.607312 -0.614801
v -0.039638 -0.657915 -0.403432
v -0.108359 -0.545954 -0.780898
v -0.000181 -0.693619 -0.047271
v 0.029589 -0.675316 -0.295984
v -0.045542 -0.507694 -0.855968
v 0.123091 -0.688197 -0.164959
v -0.000179 -0.579338 -0.700437
v 0.134083 -0.633094 -0.516568
v -2.441555 -0.250419 0.053868
v -2.423677 -0.242009 0.156566
v -2.402456 -0.231805 0.230421
v -2.474003 -0.159431 0.054177
v -2.445148 -0.158965 0.157716
v -2.413656 -0.165772 0.237987
v -2.484128 -0.053793 0.061287
v -2.439520 -0.052616 0.165404
v -2.409037 -0.091569 0.236437
v -2.316628 -0.342590 0.198627
v -2.374516 -0.302469 0.166197
v -2.345975 -0.270823 0.276267
v -2.310380 -0.244012 0.356085
v -2.366702 -0.167250 0.300433
v -2.320792 -0.169785 0.367513
v -2.397060 0.038251 0.207653
v -2.316437 -0.089733 0.357687
v -2.217917 -0.407196 0.166480
v -2.238700 -0.352436 0.304270
v -2.279126 -0.310321 0.324601
v -2.243023 -0.276789 0.402861
v -2.199017 -0.246257 0.472724
v -2.261969 -0.169186 0.422234
v -2.208189 -0.171587 0.481871
v -2.291389 0.065590 0.320271
v -2.247735 -0.051263 0.410571
v -2.199470 -0.093743 0.474576
v -2.136402 -0.472865 0.048041
v -2.058708 -0.463583 0.205651
v -2.083509 -0.429027 0.298647
v -2.134146 -0.357143 0.415524
v -2.168260 -0.314618 0.442479
v -2.125168 -0.277035 0.514072
v -2.073988 -0.244283 0.578359
v -2.142040 -0.171944 0.530998
v -2.081981 -0.173151 0.586005
v -2.131184 -0.061619 0.512299
v -2.072360 -0.100651 0.577762
v -2.010443 -0.520272 0.060244
v -1.994188 -0.455262 0.320752
v -1.988480 -0.427449 0.408540
v -2.003728 -0.370611 0.507030
v -1.935044 -0.352185 0.585308
v -2.045732 -0.311553 0.550521
v -1.995559 -0.272363 0.616035
v -1.938730 -0.238779 0.675816
v -2.011276 -0.173264 0.630173
v -1.951566 -0.174324 0.679368
v -1.994816 -0.072506 0.614950
v -1.938262 -0.109080 0.672956
v -1.906345 -0.530737 0.127722
v -1.852788 -0.461359 0.437377
v -1.839499 -0.428147 0.526809
v -1.888675 -0.313242 0.655778
v -1.883845 -0.023824 0.649592
v -1.762404 -0.564014 0.124396
v -1.702839 -0.509847 0.389705
v -1.785746 -0.382066 0.634651
v -1.729004 -0.357787 0.694702
v -1.776291 -0.276978 0.734954
v -1.709643 -0.238795 0.789547
v -1.792529 -0.173957 0.749217
v -1.724851 -0.174010 0.790628
v -1.772770 -0.070368 0.731904
v -1.707023 -0.109204 0.787412
v -1.667218 -0.600824 0.056429
v -1.643400 -0.569834 0.177944
v -1.617623 -0.490101 0.516157
v -1.591654 -0.467928 0.587458
v -1.602933 -0.433212 0.652056
v -1.660181 -0.314314 0.768119
v -1.648798 -0.174180 0.818264
v -1.655931 -0.034151 0.764382
v -1.543039 -0.587959 0.163453
v -1.423530 -0.561583 0.394198
v -1.556407 -0.381327 0.745749
v -1.429345 -0.350361 0.821790
v -1.552111 -0.276362 0.827452
v -1.553679 -0.174276 0.844831
v -1.548238 -0.073142 0.824357
v -1.438638 -0.616081 0.072266
v -1.364643 -0.576283 0.369070
v -1.410267 -0.490163 0.624043
v -1.355017 -0.466109 0.698707
v -1.372018 -0.427840 0.755981
v -1.431919 -0.273048 0.870250
v -1.453446 -0.174260 0.880735
v -1.428565 -0.076489 0.866872
v -1.301862 -0.627910 0.045103
v -1.312191 -0.614934 0.143236
v -1.125396 -0.605648 0.369328
v -1.161918 -0.579068 0.477615
v -1.211897 -0.557389 0.531656
v -1.275566 -0.370567 0.857401
v -1.314990 -0.315419 0.889385
v -1.309052 -0.036641 0.885854
v -1.178830 -0.524435 0.634310
v -1.152685 -0.483010 0.735852
v -1.197905 -0.442153 0.792326
v -1.130838 -0.637728 0.041049
v -0.908942 -0.637818 0.292486
v -0.949024 -0.468809 0.815707
v -0.972200 -0.427006 0.870202
v -0.868644 -0.653009 0.176775
v -0.789660 -0.584564 0.590873
v -0.878959 -0.554981 0.652707
v -0.804770 -0.523207 0.746492
v -1.368859 -0.237575 0.911662
v -1.382666 -0.174281 0.915465
v -1.367309 -0.111382 0.909161
v -1.168686 -0.339823 0.910315
v -1.206216 -0.275737 0.934647
v -1.184656 -0.174100 0.953843
v -1.202013 -0.073824 0.931666
v -0.921170 -0.360335 0.946397
v -0.980024 -0.264348 0.987082
v -0.988265 -0.076734 0.982072
v -0.906748 -0.233078 1.021839
v -0.990648 -0.172897 1.000577
v -0.921201 -0.179360 1.026469
v -0.915429 -0.113245 1.020009
v -0.750352 -0.667271 0.062235
v -0.767266 -0.631206 0.399116
v -0.722192 -0.611741 0.507475
v -0.649013 -0.486431 0.842905
v -0.684035 -0.440332 0.906666
v -0.431518 -0.679878 0.162297
v -0.483077 -0.664488 0.286286
v -0.632749 -0.565155 0.680446
v -0.460545 -0.646750 0.402079
v -0.367341 -0.600531 0.615509
v -0.333689 -0.575736 0.694828
v -0.346268 -0.547499 0.762901
v -0.317563 -0.628224 0.512812
v -0.228635 -0.505522 0.854615
v -0.078126 -0.690357 0.129440
v -0.088978 -0.655984 0.400767
v 0.000485 -0.693780 0.043180
v -0.006241 -0.684422 0.212595
v -0.011114 -0.673669 0.298203
v 0.044408 -0.631472 0.516257
v 0.051104 -0.605450 0.617185
v 0.040015 -0.578979 0.700569
v 0.054166 -0.546824 0.779580
v -0.811704 -0.316952 1.001454
v -0.873984 -0.027743 1.003218
v -0.847376 -0.092333 1.034209
v -0.679105 -0.369317 0.984319
v -0.743498 -0.253312 1.040127
v -0.743033 -0.163196 1.059726
v -0.805198 -0.005528 1.027599
v -0.751974 -0.053151 1.063249
v -0.512581 -0.257918 1.076299
v -0.629648 -0.167638 1.087067
v -0.634179 -0.054703 1.118895
v -0.569502 0.008614 1.189282
v -0.410971 -0.456701 0.917536
v -0.467863 -0.414187 0.964803
v -0.434370 -0.337072 1.038380
v -0.512620 -0.170851 1.119571
v -0.468977 -0.118884 1.167450
v -0.549636 -0.090317 1.145060
v -0.501340 -0.044734 1.202513
v -0.399078 0.083994 1.386298
v -0.385069 -0.224415 1.122726
v -0.390014 -0.138556 1.185166
v -0.402745 -0.077450 1.233495
v -0.357194 0.019784 1.357259
v -0.167216 -0.462239 0.925211
v -0.161188 -0.410123 0.990833
v -0.155784 -0.338338 1.061935
v -0.295456 -0.231446 1.136747
v -0.290934 -0.153364 1.207272
v -0.321373 -0.102009 1.250319
v -0.246755 -0.006386 1.386378
v -0.189533 -0.250629 1.136770
v -0.170147 -0.186326 1.202020
v -0.151920 -0.020478 1.401625
v -0.059990 -0.269986 1.128116
v -0.063111 -0.188075 1.212724
v -0.053774 -0.031896 1.405107
v -2.537579 0.050758 -0.933970
v -2.529233 0.130242 -0.926739
v -2.415794 0.048778 -1.154282
v -2.467756 0.052908 -1.069246
v -2.410049 0.141222 -1.135645
v -2.507359 0.175434 -0.945224
v -2.432213 0.307476 -0.973992
v -2.305437 0.047549 -1.276489
v -2.298748 0.126625 -1.264735
v -2.345319 0.164177 -1.198109
v -2.382885 0.207471 -1.127359
v -2.340167 0.271419 -1.129167
v -2.355080 0.361863 -1.033957
v -2.309187 0.559805 -0.927678
v -2.181249 0.047714 -1.377194
v -2.178181 0.124465 -1.363618
v -2.196933 0.168481 -1.331511
v -2.276520 0.207268 -1.242027
v -2.224744 0.266946 -1.244787
v -2.257467 0.381100 -1.119724
v -2.270677 0.514050 -1.002490
v -2.191248 0.617790 -0.992891
v -2.212743 0.701386 -0.887594
v -2.108546 0.154894 -1.391683
v -2.042990 0.240936 -1.382172
v -2.096399 0.273902 -1.330117
v -2.183956 0.352696 -1.204640
v -2.116589 0.422758 -1.192519
v -2.089366 0.663339 -1.027029
v -2.114389 0.712823 -0.959537
v -1.957260 0.051503 -1.490542
v -1.934067 0.118520 -1.489019
v -2.000704 0.157029 -1.443314
v -1.974385 0.323288 -1.353658
v -2.002863 0.406115 -1.267822
v -2.003221 0.514150 -1.184606
v -1.986894 0.607843 -1.126500
v -2.003565 0.733098 -1.011535
v -1.924636 0.826030 -0.947100
v -1.838343 0.051789 -1.521363
v -1.863540 0.208353 -1.473220
v -1.880020 0.309673 -1.400036
v -1.888234 0.412197 -1.309940
v -1.893114 0.515664 -1.226470
v -1.872456 0.663899 -1.129421
v -1.881161 0.776643 -1.024600
v -2.568311 0.055171 -0.821490
v -2.595688 0.059584 -0.632069
v -2.602646 0.059660 -0.517493
v -2.602044 0.060183 -0.402661
v -2.592229 0.061403 -0.288852
v -2.572327 0.063244 -0.178595
v -2.541983 0.056125 -0.070470
v -2.539399 0.174935 -0.869614
v -2.572093 0.171438 -0.744210
v -2.592917 0.172163 -0.631533
v -2.605598 0.172372 -0.517359
v -2.608457 0.172520 -0.402581
v -2.599587 0.172576 -0.288512
v -2.578864 0.172653 -0.178375
v -2.549813 0.172814 -0.078714
v -2.536769 0.367416 -0.714315
v -2.578115 0.283712 -0.628573
v -2.594934 0.284295 -0.516428
v -2.600194 0.284690 -0.402540
v -2.592631 0.283812 -0.289010
v -2.572256 0.282122 -0.179067
v -2.539870 0.282044 -0.072953
v -2.557371 0.385146 -0.618474
v -2.573512 0.388285 -0.513907
v -2.579062 0.389840 -0.402514
v -2.572928 0.387900 -0.291228
v -2.555654 0.383900 -0.187307
v -2.520169 0.392351 -0.080601
v -2.529413 0.469011 -0.613799
v -2.543408 0.477690 -0.512777
v -2.548518 0.480893 -0.402511
v -2.543263 0.477472 -0.292290
v -2.528931 0.468380 -0.191467
v -2.511448 0.456084 -0.116507
v -2.501018 0.303458 -0.854514
v -2.504357 0.291832 0.003571
v -2.438570 0.459331 -0.837849
v -2.509493 0.450331 -0.705906
v -2.438725 0.552183 -0.743525
v -2.444681 0.613060 -0.631407
v -2.485224 0.590074 -0.512851
v -2.492748 0.591584 -0.402238
v -2.483540 0.592867 -0.292513
v -2.449904 0.605662 -0.178761
v -2.464193 0.506942 -0.068621
v -2.404981 0.616875 -0.083435
v -2.406645 0.700158 -0.511881
v -2.400034 0.716335 -0.402932
v -2.410767 0.690314 -0.266368
v -2.385834 0.511122 -0.872745
v -2.393550 0.599075 -0.768651
v -2.410366 0.556389 -0.018533
v -2.300410 0.629315 -0.872133
v -2.400921 0.674592 -0.625326
v -2.376506 0.697585 -0.170077
v -2.301880 0.695544 -0.784499
v -2.310027 0.760557 -0.645233
v -2.310223 0.795574 -0.296138
v -2.305199 0.693559 -0.023979
v -2.300395 0.800214 -0.538917
v -2.304079 0.807246 -0.402547
v -2.270020 0.808236 -0.200894
v -2.207665 0.786412 -0.768549
v -2.241464 0.801078 -0.120369
v -2.207166 0.790619 -0.044518
v -2.201839 0.820211 -0.706324
v -2.216998 0.837874 -0.630931
v -2.198651 0.875019 -0.511051
v -2.208260 0.876240 -0.402017
v -2.196078 0.876357 -0.293200
v -2.095134 0.788103 -0.885085
v -2.104242 0.852876 -0.770946
v -2.090626 0.913260 -0.180643
v -2.121903 0.855539 -0.067008
v -2.003940 0.855464 -0.854588
v -1.981878 0.900478 -0.792340
v -2.062270 0.858359 -0.004979
v -1.885924 0.907305 -0.841910
v -2.072315 0.915038 -0.655235
v -2.052129 0.950277 -0.521773
v -2.063689 0.952653 -0.402649
v -2.047164 0.952178 -0.285308
v -2.036613 0.912478 -0.095083
v -1.992833 0.922829 -0.727674
v -1.993173 0.953523 -0.623880
v -1.992962 0.953238 -0.181297
v -1.888960 0.954723 -0.729645
v -1.891515 0.984839 -0.627989
v -1.843220 1.024611 -0.498135
v -1.848225 1.028603 -0.404957
v -1.840751 1.025286 -0.308897
v -1.891315 0.984537 -0.177281
v -1.888722 0.954325 -0.075671
v -1.782290 0.161721 -1.509642
v -1.692807 0.229642 -1.494846
v -1.782762 0.278474 -1.448380
v -1.765308 0.394357 -1.356702
v -1.774053 0.518878 -1.255010
v -1.771100 0.698902 -1.129666
v -1.766837 0.816870 -1.015281
v -1.667424 0.053493 -1.542991
v -1.666628 0.154185 -1.525828
v -1.662653 0.304369 -1.446479
v -1.664896 0.476091 -1.301627
v -1.662449 0.688232 -1.152623
v -1.663734 0.794359 -1.055965
v -1.667141 0.872204 -0.962595
v -1.552943 0.053201 -1.547061
v -1.553140 0.152717 -1.529991
v -1.553290 0.233333 -1.497583
v -1.553192 0.299903 -1.453281
v -1.552651 0.416549 -1.355237
v -1.553102 0.520398 -1.272201
v -1.552782 0.710549 -1.138146
v -1.551796 0.813568 -1.036868
v -1.586210 0.908123 -0.921320
v -1.439127 0.053379 -1.540505
v -1.440485 0.153000 -1.523611
v -1.413098 0.231089 -1.490553
v -1.440961 0.309667 -1.438699
v -1.439060 0.451924 -1.316040
v -1.437261 0.555865 -1.237371
v -1.435655 0.691793 -1.142689
v -1.411074 0.802766 -1.033691
v -1.437969 0.856720 -0.971834
v -1.260934 0.052113 -1.513822
v -1.326795 0.159032 -1.505538
v -1.235928 0.205668 -1.463309
v -1.326822 0.274876 -1.444418
v -1.303569 0.347827 -1.381168
v -1.331165 0.410334 -1.331021
v -1.325941 0.528356 -1.234356
v -1.321599 0.647354 -1.149855
v -1.302004 0.769127 -1.038874
v -1.320097 0.858479 -0.935507
v -1.174271 0.115302 -1.481464
v -1.185697 0.290918 -1.388075
v -1.218667 0.415733 -1.291754
v -1.202059 0.496990 -1.217654
v -1.208965 0.586751 -1.155794
v -1.175722 0.706857 -1.044129
v -1.205026 0.766872 -0.997612
v -1.181982 0.813791 -0.929119
v -1.145785 0.052081 -1.479861
v -1.114588 0.154051 -1.436620
v -1.060068 0.233901 -1.369219
v -1.093918 0.311468 -1.326239
v -1.088010 0.458024 -1.191419
v -1.068048 0.641308 -1.039602
v -1.080371 0.754590 -0.935662
v -0.934835 0.040946 -1.367921
v -0.937872 0.094852 -1.357019
v -1.021002 0.153302 -1.388592
v -0.911011 0.161198 -1.312242
v -0.978945 0.284443 -1.278909
v -1.001775 0.424823 -1.166308
v -0.965650 0.477371 -1.096245
v -0.966773 0.636158 -0.966564
v -1.759266 0.898156 -0.907805
v -1.450897 0.907224 -0.904059
v -1.201590 0.894072 -0.815638
v -1.209034 0.896657 0.009491
v -1.063467 0.817020 -0.833008
v -1.092201 0.877124 -0.747261
v -1.032920 0.893818 -0.619811
v -1.085168 0.890637 -0.094673
v -0.968114 0.685455 -0.918066
v -0.959714 0.751534 -0.827384
v -0.936000 0.786348 -0.052240
v -0.947443 0.805122 -0.713772
v -1.021312 0.908546 -0.512053
v -0.937567 0.861633 -0.408850
v -0.937358 0.855163 -0.300757
v -1.037947 0.903095 -0.211298
v -1.783385 0.954420 -0.791044
v -1.780397 1.009415 -0.634991
v -1.757681 1.029777 -0.572033
v -1.785229 1.032420 -0.277524
v -1.780160 1.009120 -0.170396
v -1.780195 0.974205 -0.065426
v -1.766421 1.037074 -0.504788
v -1.719856 1.046957 -0.402601
v -1.695957 1.034845 -0.220961
v -1.667805 0.938526 -0.856029
v -1.666026 1.002426 -0.706740
v -1.667728 0.999948 -0.093578
v -1.600984 1.037679 -0.592926
v -1.610864 1.049109 -0.505769
v -1.610845 1.048977 -0.299490
v -1.540977 0.962598 -0.812458
v -1.553338 1.016702 -0.670587
v -1.554275 1.004587 -0.096179
v -1.555707 1.052423 -0.402594
v -1.554557 1.037205 -0.214900
v -1.437597 0.942015 -0.835645
v -1.438969 0.994419 -0.712344
v -1.447078 1.030080 -0.206792
v -1.432571 0.962659 -0.014700
v -1.456009 1.033548 -0.584464
v -1.455581 1.044235 -0.500512
v -1.447664 1.046991 -0.348500
v -1.293269 0.926303 -0.811488
v -1.329431 0.965914 -0.733568
v -1.379276 1.024523 -0.577595
v -1.358535 1.030586 -0.509256
v -1.244819 1.005023 -0.403081
v -1.230509 0.993400 -0.294497
v -1.378809 1.024223 -0.227997
v -1.329752 0.965525 -0.071815
v -1.367184 1.036526 -0.402556
v -1.371616 1.033416 -0.305766
v -1.177661 0.929039 -0.716894
v -1.213897 0.966959 -0.623823
v -1.147829 0.965365 -0.509679
v -1.214111 0.966674 -0.181430
v -1.178020 0.925983 -0.080947
v -1.067392 0.918666 -0.595568
v -1.056981 0.932889 -0.401244
v -1.055025 0.926714 -0.295766
v -1.111128 0.931174 -0.187242
v -0.881645 0.055617 -1.321253
v -0.873583 0.216367 -1.250036
v -0.794055 0.271537 -1.143451
v -0.877538 0.344556 -1.142534
v -0.791195 0.372394 -1.047460
v -0.813684 0.436360 -1.008634
v -0.816191 0.548087 -0.908051
v -0.808508 0.052337 -1.265691
v -0.739288 0.050956 -1.204558
v -0.811955 0.123939 -1.251946
v -0.761945 0.158510 -1.194429
v -0.745115 0.288622 -1.098019
v -0.710025 0.341208 -1.033041
v -0.735285 0.414799 -0.976154
v -0.622116 0.052710 -1.147355
v -0.675912 0.147598 -1.153034
v -0.641233 0.165079 -1.133798
v -0.638239 0.269722 -1.088672
v -0.638848 0.399906 -0.974706
v -0.480588 0.066581 -1.180540
v -0.544755 0.057173 -1.151004
v -0.462988 0.165154 -1.189051
v -0.550841 0.170979 -1.140714
v -0.415971 0.285820 -1.187618
v -0.529801 0.291999 -1.106078
v -0.553320 0.341424 -1.051776
v -0.533165 0.416149 -0.994193
v -0.327696 0.058931 -1.273334
v -0.412898 0.063387 -1.219364
v -0.332982 0.167835 -1.275452
v -0.344243 0.242552 -1.253864
v -0.449042 0.330876 -1.137826
v -0.284485 0.382717 -1.212078
v -0.358398 0.419541 -1.131431
v -0.448577 0.446724 -1.023570
v -0.294899 0.482701 -1.101760
v -0.397697 0.509599 -0.972438
v -0.271115 0.272336 -1.280470
v -0.261729 0.341360 -1.252820
v -0.245984 0.461024 -1.157326
v -0.256522 0.551723 -1.020939
v -0.278292 0.593007 -0.909613
v -0.111946 0.096597 -1.368694
v -0.166742 0.061037 -1.341268
v -0.113702 0.163525 -1.369928
v -0.105609 0.232664 -1.359803
v -0.157427 0.357404 -1.282439
v -0.167060 0.422890 -1.228109
v -0.162950 0.482230 -1.168769
v -0.173345 0.535438 -1.091310
v -0.153825 0.584484 -1.016457
v -0.042475 0.069956 -1.376961
v -0.091030 0.026495 -1.356854
v -0.037349 0.157790 -1.381800
v -0.037201 0.233851 -1.370564
v -0.049791 0.300533 -1.340463
v -0.053105 0.374172 -1.296755
v -0.055893 0.438416 -1.243840
v -0.055726 0.494690 -1.183453
v -0.056523 0.544351 -1.114642
v -0.059336 0.597077 -1.022644
v -0.784745 0.583731 -0.836328
v -0.738306 0.617511 -0.726161
v -0.834416 0.705484 0.004592
v -0.838534 0.714496 -0.714785
v -0.899114 0.801660 -0.625739
v -0.895111 0.821147 -0.524994
v -0.759117 0.726835 -0.381883
v -0.767691 0.734070 -0.284311
v -0.827559 0.760629 -0.182812
v -0.875082 0.762027 -0.077661
v -0.740954 0.524162 -0.866383
v -0.682702 0.586544 -0.717952
v -0.729243 0.652547 -0.623915
v -0.715006 0.679315 -0.488730
v -0.697647 0.682294 -0.406508
v -0.697818 0.697295 -0.293150
v -0.705869 0.704861 -0.194128
v -0.706908 0.709350 -0.124808
v -0.786110 0.699267 0.003402
v -0.762778 0.728466 -0.179062
v -0.745687 0.722527 -0.061651
v -0.633986 0.504485 -0.843194
v -0.626044 0.560009 -0.722274
v -0.590191 0.605840 -0.472371
v -0.651730 0.623691 -0.531161
v -0.616610 0.644279 -0.419479
v -0.622508 0.685767 -0.292642
v -0.672125 0.716065 -0.132148
v -0.520352 0.733215 -0.280981
v -0.607269 0.735765 -0.170292
v -0.635094 0.759124 -0.067144
v -0.553012 0.452855 -0.927273
v -0.528020 0.504814 -0.863494
v -0.521627 0.553035 -0.745332
v -0.547762 0.595012 -0.514615
v -0.552279 0.607779 -0.471956
v -0.520202 0.652771 -0.421624
v -0.552035 0.689426 -0.327936
v -0.406721 0.718640 -0.410446
v -0.543890 0.776662 -0.178998
v -0.550291 0.822947 -0.080206
v -0.402059 0.896919 -0.169301
v -0.352845 0.561215 -0.913707
v -0.421725 0.570926 -0.805561
v -0.291339 0.690731 -0.566454
v -0.294954 0.715686 -0.510817
v -0.390691 0.832078 -0.275848
v -0.406320 0.940596 -0.079457
v -0.281838 0.667452 -0.643052
v -0.276547 0.793636 -0.411409
v -0.261248 0.915227 -0.271604
v -0.352697 0.920015 -0.187011
v -0.171351 0.638165 -0.859153
v -0.151670 0.687199 -0.707949
v -0.159674 0.711808 -0.622504
v -0.164372 0.761864 -0.517235
v -0.152807 0.829627 -0.429793
v -0.169669 0.924700 -0.309162
v -0.036126 0.678722 -0.806921
v -0.050813 0.726659 -0.632509
v -0.051802 0.769312 -0.540106
v -0.049535 0.838564 -0.442565
v -0.466100 0.920728 -0.017284
v -0.278302 0.971420 -0.164475
v -0.314963 1.013901 -0.032146
v -0.233014 1.030844 -0.085109
v -0.126962 0.909833 -0.343875
v -0.156923 1.028089 -0.143185
v -0.158863 1.065689 -0.041124
v -0.045676 0.919897 -0.349052
v -0.052033 0.993505 -0.240993
v -0.053352 1.049476 -0.132892
v -0.054175 1.081873 -0.044115
v -2.524981 0.144490 -0.011423
v -2.438382 0.061667 0.143327
v -2.515553 0.223427 0.000536
v -2.426270 0.419255 0.068808
v -2.411004 0.359313 0.116089
v -2.407621 0.509320 0.032993
v -2.334039 0.104484 0.263984
v -2.411108 0.284481 0.140009
v -2.310375 0.322083 0.236103
v -2.317541 0.414265 0.197264
v -2.307867 0.544626 0.131140
v -2.299516 0.637162 0.056930
v -2.215932 0.065708 0.384670
v -2.260057 0.238652 0.298950
v -2.170219 0.184031 0.377701
v -2.183680 0.337574 0.330536
v -2.231888 0.396871 0.275911
v -2.242449 0.508155 0.217121
v -2.223430 0.613824 0.157190
v -2.154667 0.587034 0.235114
v -2.227402 0.715429 0.045467
v -2.155222 0.703951 0.131527
v -2.127681 0.078576 0.441652
v -2.122755 0.387397 0.352360
v -2.131340 0.483873 0.310748
v -2.051140 0.494915 0.348981
v -2.103199 0.668570 0.205201
v -2.103845 0.788711 0.070617
v -2.006944 0.061800 0.520507
v -1.917713 -0.000127 0.612181
v -1.993695 0.185975 0.468631
v -2.010368 0.400102 0.400332
v -2.048859 0.552280 0.319444
v -2.014279 0.631856 0.284524
v -1.925392 0.592885 0.349572
v -2.017778 0.751609 0.175169
v -1.924173 0.719363 0.256019
v -2.004581 0.853626 0.049924
v -1.924307 0.826400 0.139352
v -1.902027 0.093669 0.552256
v -1.887517 0.180181 0.514270
v -1.914070 0.391007 0.441529
v -1.869417 0.317680 0.476252
v -1.897552 0.510195 0.399529
v -1.874930 0.670711 0.314693
v -1.876060 0.783500 0.211986
v -1.893616 0.878197 0.077859
v -1.921943 0.914103 0.001772
v -1.779919 0.118485 0.586098
v -1.780450 0.054767 0.633949
v -1.688972 0.012538 0.711418
v -1.780349 0.180092 0.548039
v -1.779840 0.288240 0.505877
v -1.799641 0.426835 0.460854
v -1.765853 0.476765 0.448893
v -1.781434 0.623549 0.369064
v -1.782790 0.741296 0.280562
v -1.688223 0.691990 0.339809
v -1.761324 0.898586 0.099703
v -1.783985 0.840400 0.173416
v -1.690562 0.809282 0.231223
v -1.664374 0.076913 0.657413
v -1.664629 0.206245 0.558670
v -1.619254 0.139381 0.614605
v -1.661662 0.297491 0.519989
v -1.665026 0.584102 0.409088
v -1.657916 0.469686 0.463681
v -1.663342 0.751380 0.290110
v -1.629689 0.905353 0.117853
v -1.540666 0.092893 0.679383
v -1.549792 0.031960 0.744049
v -1.411348 0.000277 0.820905
v -1.551204 0.217255 0.567992
v -1.552664 0.300009 0.526688
v -1.567624 0.470919 0.465876
v -1.557479 0.589222 0.409664
v -1.551732 0.788924 0.257919
v -1.520216 0.689658 0.345325
v -1.455644 0.896300 0.116462
v -1.550593 0.875147 0.156428
v -1.367910 0.069265 0.758809
v -1.420598 0.223951 0.574288
v -1.433661 0.151060 0.639932
v -1.340808 0.116451 0.704485
v -1.439061 0.301900 0.526401
v -1.452273 0.466324 0.460989
v -1.437567 0.609404 0.387967
v -1.350317 0.674453 0.328731
v -1.437586 0.735782 0.295959
v -1.411861 0.799445 0.230637
v -1.314505 0.017747 0.837811
v -1.318483 0.169134 0.636619
v -1.326070 0.303666 0.517931
v -1.240507 0.386555 0.456054
v -1.334457 0.391313 0.474989
v -1.350884 0.465806 0.446696
v -1.280779 0.587380 0.366791
v -1.243895 0.774643 0.202594
v -1.323240 0.741765 0.263329
v -1.325923 0.887894 0.085341
v -1.327423 0.831926 0.166431
v -1.117730 0.094992 0.801710
v -1.211475 0.231926 0.568992
v -1.209278 0.179357 0.638857
v -1.117893 0.144901 0.724527
v -1.204438 0.327906 0.483325
v -1.095624 0.538148 0.325240
v -1.205085 0.633050 0.308415
v -1.193534 0.709993 0.242424
v -1.187968 0.812390 0.127888
v -1.095612 0.056885 0.859674
v -1.109193 0.231203 0.572348
v -1.083818 0.341169 0.449297
v -1.096827 0.283801 0.510763
v -1.082475 0.443781 0.376387
v -0.982463 0.653134 0.180852
v -1.035114 0.603775 0.251990
v -1.021649 0.763583 0.072191
v -1.080991 0.728241 0.161511
v -1.075654 0.817976 0.037439
v -1.004433 0.098463 0.847697
v -1.033453 0.239107 0.578830
v -1.017318 0.211778 0.647074
v -0.989407 0.177366 0.746055
v -0.954936 0.147104 0.821380
v -0.991233 0.338480 0.453488
v -0.993177 0.283726 0.535883
v -0.956576 0.257582 0.627371
v -0.939672 0.237227 0.704334
v -0.975759 0.462947 0.340205
v -0.981147 0.404609 0.395561
v -0.945699 0.582747 0.233346
v -0.976406 0.539130 0.285837
v -0.901273 0.709168 0.053298
v -1.082557 -0.000417 0.917623
v -0.979597 0.020686 0.933277
v -1.780652 0.935327 0.025143
v -1.667795 0.938042 0.050594
v -1.550439 0.940171 0.052306
v -1.293537 0.924346 0.008989
v -0.917435 0.110779 0.891920
v -0.918115 0.212672 0.781164
v -0.892183 0.183056 0.855953
v -0.922095 0.359230 0.461518
v -0.908950 0.337019 0.532860
v -0.894595 0.315638 0.631605
v -0.884750 0.285548 0.741098
v -0.861684 0.286565 0.808498
v -0.908221 0.468013 0.349348
v -0.880831 0.430697 0.417573
v -0.821839 0.457871 0.498881
v -0.837653 0.421551 0.572616
v -0.837248 0.384947 0.740750
v -0.894348 0.576702 0.237447
v -0.876318 0.534062 0.303565
v -0.801980 0.457633 0.785689
v -0.861818 0.682316 0.076754
v -0.866998 0.627502 0.184666
v -0.836599 0.592874 0.257388
v -0.827820 0.472055 0.437524
v -0.784694 0.434675 0.897924
v -0.813298 0.562072 0.333954
v -0.799825 0.532557 0.412132
v -0.782925 0.525787 0.519026
v -0.775423 0.516529 0.742820
v -0.760124 0.507760 0.860992
v -0.785697 0.685378 0.076860
v -0.783146 0.659792 0.179397
v -0.775105 0.626300 0.290487
v -0.722722 0.666155 0.368628
v -0.708794 0.652943 0.501290
v -0.718445 0.602296 0.745468
v -0.705739 0.583841 0.885834
v -0.723875 0.718463 0.059850
v -0.717219 0.711300 0.173390
v -0.704456 0.716939 0.227129
v -0.660085 0.709505 0.550426
v -0.663477 0.642749 0.847326
v -0.654857 0.763056 0.026879
v -0.658777 0.770497 0.172277
v -0.610696 0.810788 0.398490
v -0.590350 0.767032 0.640905
v -0.590232 0.692915 0.909826
v -0.562339 0.878608 0.182688
v -0.563817 0.878465 0.292288
v -0.565326 0.830853 0.520873
v -0.538470 0.791961 0.707088
v -0.474072 0.806050 0.804353
v -0.479417 0.935500 0.069420
v -0.541462 0.886528 0.398798
v -0.397777 0.836421 0.843107
v -0.451533 0.866752 0.686557
v -0.373931 0.892908 0.740710
v -0.295499 0.909618 0.787120
v -0.272206 0.877795 0.869480
v -0.167093 0.900396 0.884614
v -0.050890 0.915582 0.888941
v -0.878400 0.067735 0.957175
v -0.839928 0.173927 0.938573
v -0.816813 0.275985 0.928044
v -0.775880 0.399763 0.954237
v -0.797303 0.071503 1.017409
v -0.733200 0.058392 1.076645
v -0.784331 0.174184 1.012755
v -0.726456 0.170869 1.095529
v -0.693223 0.211596 1.155010
v -0.786400 0.251251 0.994976
v -0.697473 0.292902 1.158277
v -0.728157 0.390129 1.077060
v -0.688617 0.389475 1.157390
v -0.722763 0.509828 0.978592
v -0.684856 0.467419 1.122422
v -0.661878 0.050306 1.134440
v -0.599546 0.070131 1.201963
v -0.565060 0.109107 1.263486
v -0.679787 0.130841 1.144666
v -0.646255 0.175601 1.202528
v -0.584108 0.186363 1.282374
v -0.608976 0.294157 1.277951
v -0.594218 0.392868 1.284617
v -0.660815 0.551647 1.072835
v -0.618211 0.502595 1.191760
v -0.578734 0.469821 1.267928
v -0.631562 0.631422 0.981573
v -0.604190 0.593406 1.112924
v -0.456439 0.114706 1.366268
v -0.468908 0.190702 1.392804
v -0.542155 0.288714 1.347261
v -0.473422 0.292139 1.409761
v -0.476846 0.389406 1.398386
v -0.549647 0.547506 1.238093
v -0.509110 0.506191 1.314118
v -0.460883 0.468256 1.381680
v -0.556555 0.660158 1.072464
v -0.509963 0.621197 1.198040
v -0.472947 0.586269 1.277917
v -0.512087 0.725192 0.980967
v -0.478272 0.690741 1.122015
v -0.346450 0.207202 1.481054
v -0.346686 0.295500 1.493466
v -0.344201 0.385129 1.487964
v -0.430757 0.545237 1.352320
v -0.382480 0.498837 1.418565
v -0.335301 0.455559 1.471900
v -0.431413 0.651842 1.236408
v -0.390155 0.618350 1.312210
v -0.306765 0.588243 1.397486
v -0.402380 0.749115 1.076353
v -0.375384 0.686520 1.233458
v -0.285276 0.062766 1.430465
v -0.242626 0.114445 1.483784
v -0.319884 0.141120 1.464956
v -0.271705 0.187320 1.504195
v -0.267371 0.289589 1.522817
v -0.265340 0.388160 1.517443
v -0.259272 0.544543 1.454521
v -0.266003 0.473215 1.492161
v -0.260478 0.654749 1.349416
v -0.307417 0.783018 1.089355
v -0.289233 0.703052 1.265009
v -0.168320 0.040698 1.453295
v -0.160525 0.106287 1.500931
v -0.166411 0.188980 1.532208
v -0.166805 0.290284 1.547894
v -0.165764 0.396374 1.539399
v -0.164914 0.501365 1.505620
v -0.164735 0.618107 1.422624
v -0.077703 0.572435 1.480720
v -0.236554 0.796190 1.108746
v -0.158766 0.792967 1.157928
v -0.165945 0.708835 1.308560
v -0.074778 0.679969 1.374719
v -0.169721 0.855897 0.986059
v -0.056469 0.031254 1.464080
v -0.055284 0.100942 1.511725
v -0.056282 0.187577 1.546298
v -0.056474 0.290057 1.562457
v -0.055863 0.396915 1.554039
v -0.053889 0.495128 1.523906
v -0.051575 0.628316 1.432863
v -0.053085 0.737666 1.286636
v -0.056619 0.868194 0.990675
v -0.056457 0.803773 1.158184
v -0.457860 0.970522 0.172761
v -0.487585 0.949365 0.286684
v -0.452440 0.966037 0.394572
v -0.461139 0.922271 0.535418
v -0.397152 0.992416 0.058249
v -0.420847 0.999098 0.286149
v -0.345010 1.015575 0.486984
v -0.384581 0.942393 0.617356
v -0.347989 1.039276 0.146181
v -0.351123 1.041048 0.285795
v -0.345852 1.034778 0.387666
v -0.287884 1.031671 0.526329
v -0.251261 1.020350 0.601724
v -0.276440 1.054533 0.059007
v -0.270278 1.072999 0.173841
v -0.269323 1.076184 0.285486
v -0.266464 1.067199 0.394641
v -0.171948 1.032863 0.637181
v -0.132885 1.021490 0.683429
v -0.167494 1.088293 0.060325
v -0.168184 1.104537 0.172865
v -0.172069 1.107222 0.284771
v -0.166029 1.097608 0.395291
v -0.164053 1.074640 0.507553
v -0.055650 1.108350 0.059369
v -0.007660 1.142215 0.221029
v -0.013721 1.143356 0.279669
v -0.012254 1.138509 0.338834
v -0.053396 1.094141 0.506541
v -0.051296 1.063062 0.609709
v -0.045441 1.032171 0.688854
v 0.069666 -0.397705 -1.012321
v 0.057885 -0.200450 -1.224082
v 0.057648 -0.129220 -1.286434
v 0.057826 -0.056754 -1.336056
v 0.184187 -0.357861 -1.050671
v 0.168575 -0.206404 -1.211230
v 0.168606 -0.123682 -1.282452
v 0.130947 0.006487 -1.365768
v 0.170680 -0.041598 -1.335302
v 0.344004 -0.344917 -1.049438
v 0.453904 -0.416317 -0.964326
v 0.292214 -0.214547 -1.179657
v 0.282108 -0.292894 -1.105786
v 0.270595 -0.115694 -1.267002
v 0.356252 -0.048426 -1.277865
v 0.507890 -0.452253 -0.914665
v 0.396768 -0.269587 -1.104693
v 0.349533 -0.107215 -1.246511
v 0.435979 -0.203542 -1.142893
v 0.597414 -0.344750 -1.013998
v 0.514363 -0.260957 -1.083749
v 0.446794 -0.102462 -1.203411
v 0.523528 -0.176408 -1.128052
v 0.455469 -0.007281 -1.247893
v 0.557180 -0.095992 -1.149864
v 0.736045 -0.379957 -0.965449
v 0.704480 -0.325179 -1.013350
v 0.634124 -0.171078 -1.091338
v 0.581541 -0.014443 -1.165665
v 0.637567 -0.057385 -1.118973
v 0.744099 -0.253760 -1.041252
v 0.744873 -0.164539 -1.061515
v 0.753761 -0.053999 -1.062631
v 0.798153 0.020188 -1.022204
v 0.861664 -0.371393 -0.951913
v 0.913646 -0.236743 -1.019085
v 0.858608 -0.303767 -0.999431
v 0.929916 -0.174384 -1.024215
v 0.886372 -0.110844 -1.028266
v 0.875037 -0.028475 -1.005247
v 0.327228 -0.576165 -0.695092
v 0.293267 -0.603825 -0.612742
v 0.297955 -0.505828 -0.848883
v 0.337702 -0.547313 -0.764202
v 0.437162 -0.688332 0.002424
v 0.608029 -0.645127 -0.395485
v 0.488212 -0.684024 -0.074083
v 0.599233 -0.662969 -0.285258
v 0.623997 -0.592488 -0.606587
v 0.617709 -0.619980 -0.508556
v 0.599239 -0.674469 -0.180433
v 0.701086 -0.487842 -0.833530
v 0.654575 -0.564248 -0.681781
v 0.626796 -0.683713 0.001679
v 0.737857 -0.527668 -0.755222
v 0.852247 -0.438259 -0.884264
v 0.801364 -0.696817 -0.268300
v 0.790533 -0.710102 -0.119493
v 0.750094 -0.593881 -0.607218
v 0.746492 -0.627757 -0.504162
v 0.739173 -0.653195 -0.398950
v 0.741803 -0.676430 -0.283941
v 0.719116 -0.685687 -0.168254
v 0.716217 -0.690032 -0.056243
v 0.919126 -0.678939 -0.496065
v 0.899985 -0.710974 -0.387952
v 0.864933 -0.722110 -0.281386
v 0.871362 -0.744200 -0.165467
v 0.865473 -0.745265 -0.058288
v 0.849612 -0.606490 -0.604739
v 0.845549 -0.666522 -0.447588
v 0.861752 -0.483702 -0.825183
v 0.859357 -0.531611 -0.749943
v 1.149127 -0.901682 -0.255361
v 1.151882 -0.915126 -0.160559
v 1.148944 -0.914859 -0.026057
v 1.295655 -0.921688 -0.379154
v 1.226305 -0.926870 -0.273744
v 1.229866 -0.942253 -0.166638
v 1.228540 -0.944126 -0.058930
v 1.347850 -0.904429 -0.460348
v 1.330160 -0.952657 -0.279674
v 1.328939 -0.967405 -0.169957
v 1.328281 -0.969958 -0.058070
v 1.440475 -0.912729 -0.476810
v 1.443343 -0.946387 -0.381846
v 1.439938 -0.970109 -0.281413
v 1.438787 -0.985121 -0.171242
v 1.438485 -0.987951 -0.057813
v 1.552558 -0.922623 -0.465851
v 1.552550 -0.951934 -0.382271
v 1.552526 -0.976184 -0.282008
v 1.552509 -0.991474 -0.171564
v 1.552506 -0.994386 -0.057697
v 1.654528 -0.919380 -0.462927
v 1.661835 -0.946601 -0.382024
v 1.665173 -0.970355 -0.281531
v 1.666271 -0.985392 -0.171279
v 1.666565 -0.988224 -0.057769
v 1.751632 -0.902960 -0.467507
v 1.770149 -0.928855 -0.385046
v 1.775124 -0.953093 -0.279970
v 1.776268 -0.967890 -0.170050
v 1.776919 -0.970449 -0.057934
v 0.975314 -0.358885 -0.943680
v 0.968349 -0.269502 -0.991830
v 0.990975 -0.172314 -1.003130
v 0.971253 -0.071964 -0.992400
v 1.090796 -0.358837 -0.935977
v 1.091439 -0.270753 -0.972402
v 1.096152 -0.171601 -0.985255
v 1.091416 -0.069696 -0.973732
v 1.230870 -0.371666 -0.935634
v 1.206809 -0.275037 -0.965685
v 1.208283 -0.170599 -0.978633
v 1.242269 -0.063154 -0.972711
v 1.423223 -0.470043 -0.922152
v 1.406689 -0.287841 -0.975345
v 1.385491 -0.174125 -0.987840
v 1.439375 -0.386278 -0.953596
v 1.518960 -0.057285 -0.995690
v 1.552460 -0.472233 -0.928011
v 1.552237 -0.385931 -0.958825
v 1.552391 -0.283427 -0.983217
v 1.552430 -0.171956 -0.996617
v 1.656405 -0.469366 -0.924402
v 1.663735 -0.385932 -0.953052
v 1.666292 -0.283302 -0.976797
v 1.666633 -0.171895 -0.990023
v 1.666429 -0.058487 -0.989192
v 1.762236 -0.466970 -0.909060
v 1.815934 -0.384134 -0.927024
v 1.777637 -0.282778 -0.958554
v 1.777189 -0.171448 -0.971861
v 1.776734 -0.059339 -0.971114
v 1.019757 -0.795920 -0.365076
v 0.993990 -0.806045 -0.274992
v 1.042991 -0.854942 -0.168914
v 1.054786 -0.865407 -0.061977
v 0.991763 -0.647736 -0.616484
v 0.991735 -0.714536 -0.503157
v 1.047688 -0.603091 -0.710703
v 0.975872 -0.488485 -0.823365
v 0.952927 -0.571710 -0.707161
v 0.976272 -0.427692 -0.887730
v 1.116495 -0.799369 -0.488928
v 1.078753 -0.817063 -0.406596
v 1.191079 -0.698164 -0.687317
v 1.049894 -0.665830 -0.635647
v 1.088347 -0.498950 -0.833114
v 1.083016 -0.559860 -0.773141
v 1.088544 -0.431536 -0.888398
v 1.233478 -0.798316 -0.585049
v 1.191407 -0.816437 -0.526544
v 1.200346 -0.893285 -0.365452
v 1.303349 -0.600601 -0.820460
v 1.162061 -0.587924 -0.779125
v 1.203360 -0.522599 -0.844676
v 1.194635 -0.443224 -0.894679
v 1.335149 -0.827094 -0.590966
v 1.288351 -0.897911 -0.434518
v 1.327362 -0.749591 -0.689727
v 1.351806 -0.665786 -0.783202
v 1.306687 -0.485307 -0.894238
v 1.441207 -0.836953 -0.606971
v 1.521989 -0.681710 -0.798967
v 1.439550 -0.721566 -0.749137
v 1.439509 -0.784559 -0.677066
v 1.435929 -0.593128 -0.853858
v 1.552354 -0.862636 -0.580624
v 1.552418 -0.764759 -0.712484
v 1.551979 -0.579549 -0.870693
v 1.666875 -0.852361 -0.584510
v 1.650111 -0.689505 -0.785850
v 1.665631 -0.784754 -0.677275
v 1.664399 -0.627204 -0.830722
v 1.755522 -0.666367 -0.782420
v 1.664317 -0.542651 -0.884377
v 1.781056 -0.810318 -0.613534
v 1.860905 -0.894396 -0.410871
v 1.779999 -0.716984 -0.724297
v 1.773668 -0.598274 -0.828065
v 1.821986 -0.440391 -0.902839
v 1.889412 -0.909529 -0.337008
v 1.879224 -0.927439 -0.274269
v 1.875614 -0.942869 -0.166793
v 1.876949 -0.944750 -0.058658
v 1.952146 -0.903423 -0.261550
v 1.953867 -0.915804 -0.160731
v 1.952629 -0.917810 -0.028374
v 1.882522 -0.278216 -0.931632
v 1.876939 -0.169299 -0.945852
v 1.876356 -0.061947 -0.945194
v 1.960817 -0.260350 -0.904543
v 1.955203 -0.163255 -0.917492
v 1.954669 -0.068052 -0.916912
v 1.872903 -0.793717 -0.592307
v 1.904492 -0.812634 -0.541994
v 1.923900 -0.690981 -0.688092
v 1.881574 -0.591979 -0.795705
v 1.922736 -0.531106 -0.817089
v 1.909676 -0.371666 -0.897839
v 1.987889 -0.792171 -0.505113
v 2.023623 -0.813426 -0.422106
v 2.068797 -0.852042 -0.169362
v 2.067111 -0.856148 -0.058160
v 2.008210 -0.680385 -0.642266
v 2.036450 -0.605800 -0.692921
v 2.002410 -0.495282 -0.794873
v 2.039191 -0.411450 -0.813954
v 2.074037 -0.171610 -0.848052
v 2.071831 -0.064018 -0.848973
v 2.079265 -0.794501 -0.382873
v 2.100551 -0.810738 -0.287002
v 2.100621 -0.692422 -0.538409
v 2.161918 -0.783647 -0.171336
v 2.194272 -0.761304 -0.059378
v 2.111388 -0.616195 -0.616249
v 2.175666 -0.640420 -0.513152
v 2.137231 -0.513172 -0.680197
v 2.085785 -0.378932 -0.795238
v 2.083538 -0.276599 -0.826411
v 2.193860 -0.284098 -0.733663
v 2.160300 -0.171849 -0.782112
v 2.160233 -0.058622 -0.780878
v 2.184882 -0.687923 -0.424699
v 2.231502 -0.697774 -0.284652
v 2.255720 -0.697031 -0.171055
v 2.188337 -0.539686 -0.604767
v 2.289495 -0.592347 -0.377702
v 2.303514 -0.646422 -0.058596
v 2.183423 -0.425015 -0.690107
v 2.289482 -0.506391 -0.491983
v 2.309447 -0.541069 -0.412022
v 2.291472 -0.383534 -0.582974
v 2.310335 -0.422540 -0.528885
v 2.306373 -0.286724 -0.604322
v 2.251848 -0.171223 -0.694619
v 2.244145 -0.057536 -0.701996
v 2.322510 -0.590232 -0.276812
v 2.350276 -0.576815 -0.171647
v 2.399120 -0.470239 -0.258946
v 2.378835 -0.536442 -0.058546
v 2.391522 -0.414149 -0.366541
v 2.399030 -0.263093 -0.456949
v 2.345569 -0.172141 -0.571603
v 2.345568 -0.063242 -0.571011
v 2.415203 -0.463607 -0.161312
v 2.417118 -0.464707 -0.058605
v 2.405739 -0.340877 -0.395016
v 2.425486 -0.387180 -0.277856
v 2.443137 -0.383015 -0.168328
v 2.447978 -0.381962 -0.058084
v 2.423001 -0.275775 -0.385557
v 2.449020 -0.281200 -0.281496
v 2.466888 -0.282119 -0.170926
v 2.473252 -0.281968 -0.057713
v 2.409711 -0.162211 -0.458124
v 2.436895 -0.168368 -0.380367
v 2.461885 -0.170913 -0.281404
v 2.479807 -0.171596 -0.171390
v 2.486333 -0.171514 -0.057376
v 2.409621 -0.032382 -0.451821
v 2.436246 -0.062732 -0.379724
v 2.460666 -0.059833 -0.280858
v 2.477563 -0.058647 -0.171078
v 2.482615 -0.057849 -0.057069
v 0.198592 -0.506318 0.854403
v 0.278034 -0.687947 0.114871
v 0.216882 -0.652851 0.403457
v 0.483005 -0.675614 0.186094
v 0.482161 -0.662920 0.296291
v 0.507634 -0.623918 0.506359
v 0.501484 -0.596100 0.615155
v 0.552067 -0.571673 0.684440
v 0.513751 -0.544209 0.753876
v 0.616004 -0.641160 0.407387
v 0.500292 -0.683131 0.057489
v 0.517358 -0.489308 0.859329
v 0.628734 -0.667520 0.236998
v 0.631166 -0.603087 0.590737
v 0.625643 -0.545097 0.758380
v 0.627757 -0.498848 0.852738
v 0.626167 -0.409445 0.976125
v 0.787940 -0.705410 0.044442
v 0.735187 -0.688460 0.091524
v 0.743812 -0.661010 0.327305
v 0.742784 -0.626173 0.518006
v 0.738278 -0.597157 0.644528
v 0.730368 -0.557241 0.766831
v 0.725272 -0.503604 0.881189
v 0.856341 -0.731633 0.052861
v 0.898787 -0.732054 0.181264
v 0.831004 -0.692822 0.233658
v 0.842260 -0.623972 0.644691
v 0.825367 -0.583134 0.790015
v 0.821857 -0.550331 0.876672
v 0.191290 -0.462917 0.923966
v 0.124977 -0.411017 0.990377
v 0.122853 -0.347076 1.055723
v 0.050177 -0.261651 1.136558
v 0.054284 -0.185354 1.216268
v 0.052045 -0.037202 1.399616
v 0.173740 -0.245871 1.142930
v 0.183833 -0.173433 1.213617
v 0.161729 -0.020199 1.399563
v 0.351736 -0.407633 0.981538
v 0.322042 -0.349822 1.038775
v 0.338799 -0.295417 1.079808
v 0.297399 -0.217465 1.147380
v 0.277077 -0.149872 1.214761
v 0.252586 -0.011093 1.379157
v 0.401197 -0.203746 1.132805
v 0.350591 -0.130574 1.207144
v 0.368910 0.025003 1.356648
v 0.540021 -0.445921 0.921041
v 0.518758 -0.401277 0.975679
v 0.534596 -0.338540 1.027310
v 0.518197 -0.285333 1.065144
v 0.514079 -0.174169 1.122818
v 0.410550 -0.110983 1.198954
v 0.550606 -0.091294 1.151462
v 0.493557 -0.037126 1.214380
v 0.630275 -0.344090 1.029201
v 0.629844 -0.274118 1.074389
v 0.627206 -0.169796 1.111468
v 0.635193 -0.055721 1.140807
v 0.547348 -0.001472 1.203534
v 0.729068 -0.421590 0.998865
v 0.726682 -0.389216 1.024542
v 0.739534 -0.295175 1.098831
v 0.800005 -0.255630 1.154693
v 0.728066 -0.175266 1.124679
v 0.797335 -0.177411 1.162944
v 0.748809 -0.058826 1.137512
v 0.805178 -0.100667 1.164868
v 0.968102 -0.591640 0.976813
v 0.856820 -0.518231 0.983784
v 0.832246 -0.465205 1.035361
v 0.959113 -0.466059 1.169710
v 0.833616 -0.408499 1.098900
v 0.923788 -0.399072 1.196325
v 0.812056 -0.333506 1.134140
v 0.866803 -0.291988 1.198465
v 0.931598 -0.276766 1.262870
v 0.861503 -0.178672 1.208034
v 0.918241 -0.178102 1.260086
v 0.824193 -0.020237 1.152309
v 0.874312 -0.067567 1.198879
v 0.924022 -0.103599 1.252061
v 1.221897 -0.932454 0.053402
v 1.249613 -0.922202 0.154649
v 1.258564 -0.905784 0.220906
v 1.328789 -0.960773 0.053097
v 1.337547 -0.944694 0.154972
v 1.333421 -0.919099 0.242897
v 1.438947 -0.978463 0.054441
v 1.441256 -0.959453 0.159188
v 1.435881 -0.928369 0.264704
v 1.552512 -0.984635 0.055135
v 1.552517 -0.964704 0.161176
v 1.552838 -0.928016 0.283152
v 1.666125 -0.978720 0.054560
v 1.663830 -0.959688 0.159355
v 1.667942 -0.927211 0.268536
v 1.776459 -0.961232 0.053417
v 1.767714 -0.945112 0.155322
v 1.768350 -0.919198 0.245903
v 1.069052 -0.863111 0.049525
v 1.048741 -0.825787 0.166840
v 0.976373 -0.743611 0.297237
v 0.938215 -0.704798 0.368486
v 0.953093 -0.690571 0.465994
v 1.035322 -0.681543 0.784138
v 0.923162 -0.642625 0.722189
v 1.042099 -0.663492 0.873915
v 1.101849 -0.804536 0.311486
v 1.098847 -0.769458 0.406416
v 1.109630 -0.745669 0.517598
v 1.092750 -0.698397 0.808345
v 1.171517 -0.897938 0.136396
v 1.221780 -0.808672 0.428554
v 1.227282 -0.775190 0.541229
v 1.211760 -0.728102 0.820016
v 1.318850 -0.828533 0.446015
v 1.332862 -0.791719 0.564619
v 1.324479 -0.746967 0.832485
v 1.430916 -0.833250 0.480264
v 1.440741 -0.800970 0.580471
v 1.438774 -0.758776 0.835520
v 1.549891 -0.836530 0.488194
v 1.551713 -0.802419 0.591307
v 1.552061 -0.760740 0.842574
v 1.666021 -0.834033 0.478775
v 1.663689 -0.799565 0.581344
v 1.664511 -0.756323 0.838201
v 1.771619 -0.827409 0.453758
v 1.771713 -0.789013 0.566256
v 1.777201 -0.741812 0.840179
v 1.060992 -0.596303 1.073514
v 0.938712 -0.555482 1.018804
v 1.013439 -0.551831 1.108001
v 1.050313 -0.456520 1.252292
v 1.031676 -0.395786 1.284174
v 0.930763 -0.328766 1.243486
v 1.019636 -0.179513 1.326504
v 0.982315 -0.060385 1.276673
v 1.182214 -0.693018 0.945907
v 1.091225 -0.649278 0.979120
v 1.182566 -0.588303 1.177903
v 1.117289 -0.542140 1.204128
v 1.149744 -0.352350 1.375053
v 1.128496 -0.283109 1.386066
v 1.136988 -0.174375 1.397490
v 1.138173 -0.083985 1.380172
v 1.300717 -0.689611 1.039805
v 1.204063 -0.661632 1.049753
v 1.307862 -0.567872 1.263863
v 1.218258 -0.499115 1.303911
v 1.299111 -0.460194 1.369060
v 1.179402 -0.427447 1.345805
v 1.225683 -0.383220 1.390244
v 1.223833 -0.280909 1.422292
v 1.167998 -0.022663 1.366176
v 1.217581 -0.070061 1.407011
v 1.329159 -0.718531 0.959308
v 1.329869 -0.633178 1.168424
v 1.332481 -0.518988 1.323938
v 1.332390 -0.383868 1.420433
v 1.388236 -0.243826 1.482264
v 1.374046 -0.177980 1.482208
v 1.388331 -0.115055 1.475110
v 1.439286 -0.729496 0.962261
v 1.440959 -0.701592 1.051047
v 1.440642 -0.650335 1.165580
v 1.441499 -0.581957 1.272262
v 1.440667 -0.528951 1.333878
v 1.441532 -0.467828 1.388924
v 1.440735 -0.395818 1.434681
v 1.443870 -0.316161 1.469794
v 1.457021 -0.249342 1.490352
v 1.493325 -0.179710 1.496679
v 1.444752 -0.047818 1.454966
v 1.456729 -0.112156 1.483330
v 1.552177 -0.714544 1.025626
v 1.552025 -0.648825 1.175163
v 1.551172 -0.584444 1.274618
v 1.552238 -0.531565 1.336519
v 1.551298 -0.470778 1.391832
v 1.552378 -0.400577 1.437848
v 1.552266 -0.324560 1.472700
v 1.598004 -0.252271 1.491748
v 1.552958 -0.044360 1.458346
v 1.593590 -0.113006 1.485957
v 1.662223 -0.713955 1.010777
v 1.661967 -0.648281 1.163928
v 1.687837 -0.573960 1.275436
v 1.664806 -0.526659 1.331792
v 1.682217 -0.463866 1.386528
v 1.664495 -0.397621 1.429831
v 1.660093 -0.315582 1.466696
v 1.700786 -0.135271 1.474635
v 1.652359 -0.174418 1.490346
v 1.666640 -0.064968 1.457202
v 1.773768 -0.715166 0.957134
v 1.807269 -0.684452 1.037049
v 1.777159 -0.653395 1.115778
v 1.781383 -0.602639 1.205392
v 1.873363 -0.545759 1.248572
v 1.784639 -0.512599 1.318035
v 1.873680 -0.436766 1.351548
v 1.779133 -0.393996 1.406276
v 1.764819 -0.281517 1.451782
v 1.714826 -0.243578 1.479938
v 1.774635 -0.168841 1.458321
v 1.717751 -0.196398 1.482230
v 1.777148 -0.069714 1.432454
v 1.883658 -0.933058 0.054019
v 1.844142 -0.915578 0.200266
v 1.966077 -0.899753 0.067322
v 1.956982 -0.878469 0.168799
v 1.879416 -0.825708 0.385067
v 1.880605 -0.783619 0.498814
v 1.889844 -0.751770 0.633311
v 1.890661 -0.719757 0.832810
v 1.997337 -0.770472 0.404901
v 1.990606 -0.737399 0.531944
v 1.997632 -0.703421 0.742987
v 1.960937 -0.687459 0.891814
v 2.042036 -0.668414 0.840785
v 2.087780 -0.829947 0.054051
v 2.069412 -0.813802 0.177934
v 2.190380 -0.752631 0.051949
v 2.178606 -0.737158 0.154811
v 2.125082 -0.711401 0.354892
v 2.091417 -0.719304 0.403720
v 2.077790 -0.702050 0.514819
v 2.064503 -0.693561 0.627444
v 2.160833 -0.669089 0.412926
v 2.138686 -0.662419 0.554678
v 2.118488 -0.649762 0.744430
v 2.118184 -0.625089 0.856706
v 2.266143 -0.669583 0.082630
v 2.240593 -0.632713 0.285025
v 2.227087 -0.618467 0.406218
v 2.219980 -0.611172 0.518486
v 2.217709 -0.595585 0.703414
v 2.188738 -0.575687 0.883275
v 2.282388 -0.569387 0.366919
v 2.282355 -0.553293 0.627849
v 2.270766 -0.546289 0.744841
v 2.255983 -0.529686 0.854203
v 2.352361 -0.563010 0.054766
v 2.315088 -0.559437 0.243185
v 2.338565 -0.515553 0.293828
v 2.330603 -0.514876 0.413354
v 2.338445 -0.498129 0.631903
v 2.330494 -0.488256 0.743886
v 2.306151 -0.467795 0.887120
v 2.386991 -0.442251 0.271939
v 2.386971 -0.436207 0.403939
v 2.389886 -0.434622 0.611434
v 2.381200 -0.421846 0.743668
v 2.368324 -0.392717 0.856132
v 2.389713 -0.319190 0.892529
v 2.433002 -0.055791 0.400391
v 2.386209 -0.025203 0.830994
v 2.409058 -0.466101 0.046722
v 2.441891 -0.380804 0.052671
v 2.422104 -0.371772 0.257262
v 2.423830 -0.361497 0.402453
v 2.427643 -0.363000 0.605254
v 2.413369 -0.351997 0.780087
v 2.466506 -0.274207 0.080646
v 2.445836 -0.273339 0.310673
v 2.450808 -0.276062 0.601038
v 2.438645 -0.272299 0.741001
v 2.418230 -0.274629 0.844697
v 2.478363 -0.158695 0.077108
v 2.453611 -0.166396 0.288722
v 2.450916 -0.168476 0.404285
v 2.455247 -0.176397 0.603969
v 2.441998 -0.173914 0.741966
v 2.424901 -0.180523 0.840326
v 2.474582 -0.056588 0.058211
v 2.438349 -0.048692 0.293835
v 2.440132 -0.081239 0.609378
v 2.423642 -0.070711 0.743867
v 2.411456 -0.097214 0.842636
v 1.877944 -0.693740 0.956344
v 1.968316 -0.655681 0.982923
v 1.887740 -0.612288 1.139454
v 1.913711 -0.478660 1.299109
v 1.933869 -0.354997 1.372302
v 1.877185 -0.274767 1.416639
v 1.933982 -0.023340 1.354849
v 1.884872 -0.069550 1.397423
v 1.987021 -0.582295 1.122353
v 2.101170 -0.523027 1.113176
v 2.008319 -0.511570 1.205035
v 2.104652 -0.412873 1.227246
v 2.003494 -0.390576 1.310928
v 1.962407 -0.274347 1.381618
v 1.966015 -0.173840 1.386064
v 2.052956 -0.058937 1.304355
v 1.957410 -0.102393 1.378041
v 2.100444 -0.583527 1.004762
v 2.160141 -0.540758 1.010215
v 2.092152 -0.480404 1.172606
v 2.169243 -0.442200 1.135605
v 2.110877 -0.354362 1.258381
v 2.118927 -0.278058 1.281000
v 2.165055 -0.131411 1.245039
v 2.167253 -0.187845 1.256689
v 2.147700 -0.056491 1.228562
v 2.230571 -0.504288 0.966850
v 2.202626 -0.475460 1.054250
v 2.268337 -0.433745 1.011015
v 2.237639 -0.396208 1.093320
v 2.195693 -0.363015 1.172084
v 2.310443 -0.282805 1.062331
v 2.174169 -0.262441 1.244677
v 2.312838 -0.173943 1.071200
v 2.209327 -0.169958 1.206080
v 2.302806 -0.068689 1.050152
v 2.204719 -0.070573 1.178077
v 2.323735 -0.388538 0.963934
v 2.298198 -0.357067 1.040848
v 2.399672 -0.259583 0.913296
v 2.401449 -0.177650 0.920852
v 2.393809 -0.106358 0.908938
v 0.057936 0.073313 -1.382919
v 0.057834 0.158430 -1.386224
v 0.057707 0.237857 -1.374203
v 0.057624 0.309441 -1.344940
v 0.057564 0.380578 -1.301719
v 0.057483 0.443796 -1.249383
v 0.057266 0.498900 -1.189505
v 0.057288 0.547459 -1.122200
v 0.060526 0.601204 -1.027120
v 0.158553 0.069559 -1.377436
v 0.207144 0.025906 -1.357590
v 0.153253 0.157719 -1.382240
v 0.152837 0.234087 -1.370995
v 0.165238 0.300918 -1.340977
v 0.168391 0.374608 -1.297268
v 0.170871 0.438712 -1.244627
v 0.169726 0.494503 -1.185393
v 0.170110 0.542971 -1.118622
v 0.168663 0.585618 -1.045676
v 0.169903 0.623491 -0.959931
v 0.231065 0.085346 -1.367324
v 0.236634 0.165361 -1.369097
v 0.223094 0.231325 -1.360724
v 0.315539 0.357847 -1.271052
v 0.282370 0.423488 -1.229272
v 0.305912 0.478000 -1.167465
v 0.279664 0.529902 -1.106079
v 0.309399 0.567404 -1.034561
v 0.290850 0.620304 -0.917746
v 0.383026 0.063419 -1.301896
v 0.387808 0.167429 -1.305276
v 0.386383 0.271984 -1.283405
v 0.434465 0.318790 -1.236733
v 0.399171 0.397670 -1.199888
v 0.439866 0.446271 -1.128494
v 0.429654 0.503000 -1.065271
v 0.450448 0.555377 -0.952378
v 0.384238 0.578473 -0.957996
v 0.462048 0.069329 -1.265088
v 0.586123 0.066403 -1.177238
v 0.472243 0.174887 -1.263648
v 0.461424 0.252481 -1.253760
v 0.551624 0.346169 -1.138637
v 0.533284 0.437944 -1.064264
v 0.548709 0.495049 -0.962422
v 0.656322 0.059369 -1.118855
v 0.593730 0.170212 -1.169508
v 0.738853 0.138460 -1.039353
v 0.580575 0.268335 -1.155369
v 0.666223 0.276783 -1.062277
v 0.685806 0.322811 -1.003450
v 0.593340 0.364722 -1.078945
v 0.655741 0.396374 -0.970425
v 0.796611 0.072678 -1.008434
v 0.778777 0.178658 -0.978071
v 0.878610 0.063284 -0.961399
v 0.843183 0.142502 -0.937524
v 0.060475 0.682054 -0.814859
v 0.058536 0.703636 -0.727747
v 0.059044 0.731817 -0.634000
v 0.059019 0.773396 -0.542155
v 0.058700 0.851058 -0.432912
v 0.152101 0.680253 -0.806663
v 0.186949 0.690843 -0.752350
v 0.170226 0.727564 -0.629599
v 0.175734 0.774821 -0.523520
v 0.180664 0.838197 -0.432618
v 0.217998 0.904274 -0.338596
v 0.287403 0.705509 -0.629205
v 0.286023 0.747235 -0.524467
v 0.297755 0.792858 -0.443181
v 0.288262 0.927376 -0.273980
v 0.402921 0.616046 -0.833285
v 0.401639 0.682847 -0.579402
v 0.387198 0.716363 -0.508407
v 0.389845 0.774803 -0.406376
v 0.469186 0.794155 -0.306320
v 0.417231 0.877179 -0.247883
v 0.556709 0.547387 -0.832974
v 0.478253 0.581076 -0.851190
v 0.520500 0.600120 -0.708768
v 0.507356 0.652931 -0.515412
v 0.543186 0.668104 -0.412618
v 0.541594 0.708074 -0.340113
v 0.486095 0.705326 -0.418134
v 0.544853 0.841630 -0.146622
v 0.557261 0.891181 -0.026719
v 0.676248 0.427157 -0.891092
v 0.648874 0.473267 -0.853495
v 0.589788 0.555321 -0.743349
v 0.649964 0.571915 -0.481083
v 0.685867 0.559802 -0.412479
v 0.676979 0.578314 -0.367271
v 0.702619 0.604655 -0.249595
v 0.710053 0.632475 -0.184924
v 0.596199 0.712592 -0.253191
v 0.645144 0.794430 -0.036224
v 0.813189 0.223004 -0.909733
v 0.784231 0.301474 -0.876209
v 0.811690 0.335436 -0.796326
v 0.774797 0.400715 -0.751551
v 0.796177 0.433814 -0.647252
v 0.774115 0.488638 -0.527679
v 0.793401 0.488053 -0.362992
v 0.791185 0.496467 -0.329928
v 0.745630 0.480008 -0.617766
v 0.771262 0.510273 -0.395376
v 0.764198 0.538995 -0.297100
v 0.786255 0.573029 -0.184280
v 0.826576 0.598683 -0.037937
v 0.767352 0.639015 -0.054896
v 0.891907 0.185831 -0.868691
v 0.911026 0.236889 -0.807045
v 0.880690 0.302017 -0.763517
v 0.902959 0.343067 -0.691391
v 0.841867 0.364781 -0.717219
v 0.878180 0.393575 -0.645308
v 0.870620 0.474138 -0.494514
v 0.822179 0.483231 -0.361113
v 0.819830 0.490137 -0.329360
v 0.856123 0.497851 -0.387340
v 0.848239 0.518792 -0.295236
v 0.858552 0.553105 -0.177881
v 0.862951 0.576705 -0.059870
v 0.087057 0.921717 -0.350584
v 0.055575 0.995467 -0.243671
v 0.055781 1.052340 -0.134695
v 0.056447 1.085024 -0.045909
v 0.177093 0.970718 -0.258445
v 0.160773 1.044979 -0.129019
v 0.166425 1.074856 -0.043188
v 0.268189 1.023690 -0.121624
v 0.339612 1.030252 -0.036430
v 0.274100 1.050413 -0.043667
v 0.358594 0.919126 -0.237087
v 0.391051 0.945823 -0.161489
v 0.398826 0.992000 -0.054407
v 0.482335 0.927893 -0.083130
v 0.997529 0.022700 -0.946037
v 1.102956 0.031250 -0.939018
v 1.206447 0.051816 -0.941198
v 1.328385 0.158889 -0.930282
v 1.324728 0.052289 -0.959798
v 1.416371 0.229809 -0.919302
v 1.438818 0.052297 -0.974843
v 1.442550 0.152907 -0.949653
v 1.552456 0.052439 -0.980627
v 1.552536 0.153023 -0.955465
v 1.552556 0.236399 -0.924438
v 1.665560 0.052085 -0.974521
v 1.662435 0.152889 -0.949842
v 1.693687 0.233393 -0.917682
v 1.776064 0.051031 -0.956456
v 1.810187 0.153337 -0.924057
v 0.982562 0.171215 -0.851741
v 0.980502 0.230419 -0.796114
v 0.984469 0.301447 -0.737403
v 0.957130 0.343487 -0.682104
v 1.054710 0.347289 -0.711743
v 0.987696 0.399883 -0.630955
v 1.022908 0.450949 -0.578863
v 0.981551 0.484315 -0.505182
v 0.975019 0.529479 -0.393519
v 0.944810 0.547494 -0.283337
v 0.940599 0.566806 -0.170558
v 0.940616 0.577863 -0.058888
v 1.012449 0.603785 -0.059326
v 1.090914 0.184516 -0.851047
v 1.183409 0.259258 -0.835525
v 1.098987 0.298200 -0.774360
v 1.101862 0.425675 -0.661084
v 1.130684 0.539740 -0.528718
v 1.090405 0.584853 -0.395375
v 1.192753 0.584224 -0.501656
v 1.155534 0.649512 -0.276860
v 1.154262 0.666382 -0.171563
v 1.162813 0.673273 -0.061968
v 1.163308 0.110030 -0.908648
v 1.334534 0.245796 -0.894841
v 1.309441 0.355106 -0.819368
v 1.208520 0.398764 -0.743272
v 1.309084 0.477526 -0.712655
v 1.210528 0.510080 -0.625975
v 1.253799 0.566416 -0.573879
v 1.268379 0.673724 -0.359334
v 1.255528 0.691752 -0.268711
v 1.246176 0.701494 -0.168266
v 1.244234 0.703467 -0.059465
v 1.326923 0.422955 -0.768617
v 1.328292 0.565812 -0.611314
v 1.327692 0.626543 -0.508371
v 1.354688 0.667925 -0.439717
v 1.340131 0.691796 -0.361530
v 1.339937 0.712052 -0.273089
v 1.336202 0.724142 -0.169095
v 1.335066 0.726322 -0.058338
v 1.442810 0.338918 -0.859545
v 1.442070 0.469595 -0.754571
v 1.434001 0.578528 -0.624720
v 1.458369 0.675346 -0.464355
v 1.441463 0.699621 -0.388451
v 1.441955 0.724974 -0.281595
v 1.440706 0.739577 -0.171270
v 1.440308 0.742404 -0.058160
v 1.552335 0.346176 -0.862669
v 1.552723 0.474757 -0.757577
v 1.552536 0.554028 -0.667854
v 1.552596 0.620947 -0.572429
v 1.587895 0.683957 -0.454748
v 1.552678 0.707059 -0.382731
v 1.552600 0.730448 -0.282231
v 1.552550 0.745335 -0.171714
v 1.552536 0.748312 -0.058092
v 1.666452 0.347422 -0.853591
v 1.664748 0.471958 -0.752542
v 1.672102 0.581548 -0.620953
v 1.676001 0.669903 -0.468651
v 1.663935 0.699798 -0.388642
v 1.663314 0.725159 -0.281695
v 1.664488 0.739773 -0.171300
v 1.664865 0.742599 -0.058144
v 1.789190 0.236660 -0.894376
v 1.782153 0.373263 -0.810905
v 1.779381 0.494213 -0.701643
v 1.801197 0.581348 -0.580265
v 1.775088 0.649658 -0.467004
v 1.765326 0.692123 -0.361845
v 1.765513 0.712392 -0.273259
v 1.769262 0.724494 -0.169144
v 1.770401 0.726665 -0.058302
v 1.880592 0.045927 -0.929703
v 1.957405 0.029217 -0.903431
v 1.919389 0.137637 -0.888891
v 1.918754 0.295887 -0.812104
v 1.854653 0.348353 -0.803398
v 1.896191 0.398911 -0.743376
v 1.985864 0.436445 -0.655304
v 1.856686 0.467537 -0.697613
v 1.908178 0.533977 -0.589117
v 1.931535 0.585367 -0.484778
v 1.844577 0.674225 -0.351836
v 1.866892 0.685618 -0.277868
v 1.972162 0.657995 -0.169598
v 1.939819 0.674573 -0.057917
v 1.859546 0.701959 -0.168318
v 1.861478 0.703890 -0.059409
v 2.035116 0.180319 -0.809575
v 2.002923 0.261022 -0.787763
v 2.039444 0.356243 -0.693831
v 2.034992 0.464865 -0.582087
v 2.024536 0.537228 -0.482523
v 2.040966 0.578550 -0.368998
v 2.055268 0.597493 -0.274885
v 2.061665 0.613061 -0.055595
v 2.085638 0.079406 -0.813548
v 2.200362 0.052537 -0.724688
v 2.162595 0.184149 -0.706994
v 2.090865 0.275298 -0.713321
v 2.183527 0.286289 -0.615879
v 2.105078 0.379990 -0.610056
v 2.160136 0.430906 -0.482553
v 2.087359 0.479710 -0.502334
v 2.164804 0.480922 -0.383927
v 2.186862 0.498745 -0.277434
v 2.190398 0.515540 -0.170433
v 2.185832 0.523035 -0.058656
v 2.087376 0.593176 -0.169564
v 2.305728 0.053166 -0.600526
v 2.194528 0.133250 -0.699513
v 2.268986 0.178965 -0.588722
v 2.271934 0.295216 -0.486031
v 2.194981 0.353262 -0.536762
v 2.275917 0.363157 -0.380602
v 2.297801 0.378532 -0.279013
v 2.300039 0.400349 -0.171426
v 2.274770 0.433732 -0.057682
v 2.387160 0.053348 -0.465123
v 2.297420 0.128753 -0.577234
v 2.320747 0.208135 -0.484411
v 2.387947 0.178169 -0.365266
v 2.327440 0.274812 -0.393415
v 2.394526 0.235760 -0.255914
v 2.372991 0.294933 -0.168083
v 2.351285 0.335606 -0.056929
v 2.418353 0.085184 -0.365759
v 2.446012 0.049460 -0.279576
v 2.461751 0.051279 -0.169909
v 2.464992 0.052864 -0.057180
v 2.421661 0.153705 -0.274329
v 2.437626 0.150681 -0.166956
v 2.439808 0.152446 -0.058941
v 2.410445 0.228666 -0.160866
v 2.410774 0.230477 -0.023048
v 0.059641 0.898651 0.923903
v 0.170309 0.899511 0.900164
v 0.286258 0.997873 0.670079
v 0.281417 0.883469 0.879263
v 0.441598 0.916701 0.674102
v 0.421173 0.828025 0.866563
v 0.509386 0.813955 0.778462
v 0.521463 0.739385 0.938468
v 0.529670 0.923406 0.512507
v 0.498548 0.917442 0.588909
v 0.665682 0.702526 0.697270
v 0.663288 0.658683 0.826817
v 0.665212 0.814667 0.077004
v 0.665457 0.794551 0.476206
v 0.595441 0.755492 0.749040
v 0.587381 0.723474 0.849031
v 0.592955 0.908975 0.181642
v 0.599388 0.904727 0.290198
v 0.672293 0.812398 0.388516
v 0.571434 0.894106 0.490792
v 0.827226 0.393404 0.879668
v 0.813070 0.527350 0.572568
v 0.821707 0.441454 0.809530
v 0.776235 0.665713 0.060744
v 0.783111 0.670739 0.174101
v 0.780733 0.666506 0.287039
v 0.814355 0.588037 0.396595
v 0.724623 0.627426 0.689349
v 0.703377 0.585778 0.897227
v 0.690859 0.801787 0.195424
v 0.692952 0.798777 0.302503
v 0.705042 0.760052 0.411320
v 0.913441 0.257420 0.931285
v 0.921950 0.353076 0.746567
v 0.896647 0.309245 0.883333
v 0.916527 0.489470 0.358571
v 0.901142 0.442834 0.533191
v 0.883200 0.422134 0.630883
v 0.874646 0.394504 0.743876
v 0.887313 0.578990 0.059687
v 0.898711 0.567454 0.178216
v 0.895124 0.535063 0.304509
v 0.843547 0.534879 0.433973
v 0.832067 0.612508 0.067913
v 0.836839 0.610010 0.176110
v 0.831723 0.597864 0.289058
v 0.056469 0.031254 1.464080
v 0.055284 0.100942 1.511725
v 0.056282 0.187577 1.546298
v 0.056474 0.290057 1.562457
v 0.055863 0.396915 1.554039
v 0.053889 0.495128 1.523907
v 0.051575 0.628315 1.432863
v 0.075374 0.568675 1.483742
v 0.050300 0.742159 1.279580
v 0.075719 0.676422 1.378902
v 0.054966 0.806496 1.152149
v 0.168320 0.040698 1.453295
v 0.160525 0.106287 1.500931
v 0.166411 0.188980 1.532208
v 0.166805 0.290284 1.547894
v 0.165765 0.396374 1.539399
v 0.259100 0.542575 1.455982
v 0.164914 0.501365 1.505620
v 0.256133 0.652865 1.353706
v 0.164735 0.618104 1.422624
v 0.176761 0.783980 1.168716
v 0.165945 0.708818 1.308561
v 0.171019 0.858220 0.987986
v 0.145963 0.803272 1.138540
v 0.285276 0.062766 1.430465
v 0.260849 0.120886 1.481127
v 0.271705 0.187320 1.504195
v 0.267371 0.289589 1.522817
v 0.265340 0.388160 1.517443
v 0.266003 0.473215 1.492161
v 0.302516 0.585143 1.402248
v 0.304280 0.787762 1.082939
v 0.284611 0.710075 1.255341
v 0.279648 0.836728 0.981162
v 0.387216 0.096868 1.401379
v 0.390536 0.184438 1.444608
v 0.341307 0.219618 1.486479
v 0.463964 0.289848 1.417121
v 0.346686 0.295500 1.493466
v 0.346230 0.387285 1.486947
v 0.430757 0.545237 1.352319
v 0.382480 0.498837 1.418565
v 0.335301 0.455559 1.471900
v 0.431417 0.651840 1.236428
v 0.390155 0.618345 1.312212
v 0.410272 0.748586 1.072759
v 0.371136 0.689175 1.232473
v 0.366467 0.820410 0.944443
v 0.452190 0.108716 1.365534
v 0.469008 0.192096 1.393158
v 0.581447 0.287492 1.309580
v 0.476703 0.391748 1.398155
v 0.549660 0.547506 1.238092
v 0.509111 0.506191 1.314118
v 0.460883 0.468257 1.381680
v 0.553098 0.660037 1.079210
v 0.509981 0.621204 1.198068
v 0.472948 0.586269 1.277920
v 0.474746 0.691992 1.124804
v 0.670725 0.049913 1.152961
v 0.595272 0.071325 1.213796
v 0.691812 0.130616 1.156025
v 0.650629 0.175524 1.205497
v 0.590385 0.186800 1.276806
v 0.654326 0.287508 1.221656
v 0.592076 0.391026 1.287104
v 0.658226 0.554164 1.074934
v 0.618353 0.502604 1.191729
v 0.578759 0.469821 1.267923
v 0.631984 0.632418 0.982106
v 0.599415 0.595356 1.118166
v 0.756002 0.056235 1.129303
v 0.754700 0.170416 1.117786
v 0.704952 0.211388 1.161546
v 0.795132 0.329437 1.013085
v 0.763740 0.286626 1.082416
v 0.706608 0.292972 1.158283
v 0.813535 0.361715 0.950117
v 0.736197 0.392333 1.077047
v 0.694320 0.386903 1.153854
v 0.724295 0.511761 0.979615
v 0.679190 0.472271 1.130192
v 0.854008 0.064250 1.130372
v 0.900770 0.017527 1.177131
v 0.896816 0.232340 0.989308
v 0.859484 0.173661 1.071240
v 0.844877 0.294904 0.971961
v 0.822176 0.250068 1.040953
v 0.055086 1.033432 0.692434
v 0.055511 1.112296 0.054755
v 0.057866 1.143167 0.210284
v 0.064317 1.144459 0.292629
v 0.038322 1.140485 0.338468
v 0.057770 1.097511 0.508789
v 0.056909 1.065410 0.611712
v 0.186241 1.036083 0.652811
v 0.153203 1.026685 0.686251
v 0.165366 1.101731 0.061041
v 0.110162 1.138566 0.216555
v 0.108177 1.140553 0.261123
v 0.167936 1.110077 0.398629
v 0.168278 1.085407 0.510575
v 0.274602 1.076420 0.063389
v 0.278834 1.090036 0.175026
v 0.280481 1.092246 0.287006
v 0.275345 1.083711 0.398033
v 0.270678 1.064682 0.502980
v 0.271613 1.037115 0.592966
v 0.441434 1.010671 0.085108
v 0.443757 1.015825 0.381968
v 0.426733 0.993631 0.510341
v 0.382484 0.970136 0.638434
v 0.366096 1.045218 0.068225
v 0.390646 1.049434 0.174023
v 0.391894 1.051186 0.288050
v 0.369565 1.049527 0.398880
v 0.346110 1.028835 0.541253
v 0.553091 0.927980 0.075650
v 0.500284 0.985025 0.173735
v 0.499857 0.988311 0.287459
v 0.556422 0.930276 0.403454
v 0.451514 1.024560 0.229062
v 0.955003 0.247000 0.929960
v 1.007506 0.367423 0.590110
v 0.980040 0.325557 0.753218
v 0.985135 0.280274 0.873178
v 0.954527 0.481798 0.357403
v 0.980051 0.455868 0.424415
v 0.981085 0.406081 0.536765
v 0.945332 0.377864 0.629395
v 0.954926 0.576112 0.056694
v 0.979265 0.561617 0.176979
v 0.978717 0.519610 0.299612
v 1.041497 0.492815 0.383086
v 1.023630 0.598809 0.065544
v 1.057488 0.373250 0.586490
v 1.097740 0.353674 0.653543
v 1.081433 0.323183 0.755350
v 1.099013 0.286462 0.887516
v 1.091125 0.421679 0.528036
v 1.043532 0.583666 0.176421
v 1.062280 0.546811 0.295675
v 1.195449 0.470502 0.512464
v 1.213594 0.616575 0.280352
v 1.206492 0.578434 0.355754
v 1.310128 0.347916 0.833474
v 1.258081 0.457652 0.565262
v 1.207496 0.391160 0.645178
v 1.295464 0.374299 0.743877
v 1.247793 0.548199 0.432325
v 1.238485 0.692818 0.055489
v 1.260620 0.681802 0.148795
v 1.320206 0.313139 0.955337
v 1.336320 0.433287 0.633145
v 1.348095 0.558095 0.462776
v 1.322247 0.690530 0.181484
v 1.354885 0.677246 0.244431
v 1.326617 0.597019 0.391174
v 1.336860 0.718023 0.051496
v 1.413604 0.347311 0.887818
v 1.438786 0.432966 0.662979
v 1.438449 0.391346 0.753822
v 1.445458 0.493145 0.573001
v 1.443535 0.637969 0.359232
v 1.448867 0.575754 0.463959
v 1.441197 0.733630 0.052873
v 1.443045 0.715630 0.155349
v 1.449580 0.693146 0.239371
v 1.552459 0.435288 0.668939
v 1.549530 0.382567 0.786259
v 1.555332 0.485388 0.592228
v 1.552552 0.664663 0.318838
v 1.552777 0.599619 0.437755
v 1.552538 0.739302 0.053325
v 1.552547 0.720969 0.155900
v 1.552549 0.696780 0.242681
v 1.662338 0.337902 0.920375
v 1.666450 0.431951 0.663642
v 1.666059 0.388987 0.755463
v 1.667161 0.489787 0.576876
v 1.661613 0.644711 0.346972
v 1.690722 0.572761 0.463720
v 1.663977 0.733815 0.052949
v 1.662137 0.715801 0.155501
v 1.655589 0.693309 0.239547
v 1.780524 0.367114 0.765061
v 1.795873 0.475417 0.561426
v 1.777469 0.426393 0.641674
v 1.796072 0.579084 0.416766
v 1.791290 0.690496 0.176164
v 1.757547 0.678246 0.239183
v 1.768590 0.718352 0.051648
v 0.935106 0.092719 1.140375
v 1.026541 0.029363 1.253965
v 0.976547 0.219040 0.993440
v 0.974292 0.159477 1.091953
v 1.059440 0.128218 1.177929
v 1.064272 0.259945 0.939356
v 1.070599 0.055072 1.261591
v 1.052131 0.222600 1.020382
v 1.134693 0.202927 1.113934
v 1.181637 0.114205 1.265331
v 1.211148 0.241666 1.084264
v 1.210352 0.048964 1.336859
v 1.282894 0.011212 1.391453
v 1.214463 0.180312 1.194544
v 1.302270 0.231445 1.152531
v 1.325393 0.078347 1.351037
v 1.327433 0.192139 1.222227
v 1.326407 0.139531 1.290230
v 1.326651 0.269507 1.076428
v 1.438373 0.092849 1.360525
v 1.441339 0.027165 1.412190
v 1.438804 0.200493 1.234717
v 1.438243 0.150312 1.301095
v 1.448029 0.335828 0.937376
v 1.430568 0.259005 1.132296
v 1.552639 0.096621 1.363203
v 1.553129 0.030493 1.415083
v 1.552405 0.202714 1.238110
v 1.552286 0.153288 1.304188
v 1.549045 0.338453 0.938777
v 1.553540 0.257766 1.143244
v 1.666857 0.091036 1.357913
v 1.665958 0.022335 1.410425
v 1.665804 0.198025 1.233530
v 1.665351 0.148601 1.299334
v 1.666514 0.258518 1.127865
v 1.779305 0.078331 1.343448
v 1.808985 0.010770 1.386836
v 1.777038 0.185807 1.221900
v 1.797227 0.131429 1.286951
v 1.789089 0.275784 1.042579
v 1.803173 0.223081 1.154793
v 1.893513 0.359938 0.701293
v 1.900186 0.330831 0.776058
v 1.905808 0.436941 0.555744
v 1.894323 0.388762 0.639385
v 1.889260 0.564969 0.386221
v 1.978886 0.646328 0.051373
v 1.857355 0.679005 0.145206
v 1.885493 0.621332 0.274528
v 1.855556 0.697735 0.045399
v 2.011319 0.364770 0.586257
v 2.020562 0.329204 0.646245
v 2.007559 0.297547 0.757485
v 2.008267 0.504990 0.380655
v 1.997205 0.398991 0.543087
v 2.047569 0.551490 0.253924
v 2.005648 0.604789 0.171069
v 1.961723 0.574628 0.308711
v 2.160826 0.199917 0.842001
v 2.125574 0.357075 0.469531
v 2.127064 0.319401 0.528882
v 2.124037 0.271202 0.651067
v 2.077840 0.228837 0.901450
v 2.146537 0.463872 0.279608
v 2.190188 0.505924 0.055235
v 2.088512 0.562461 0.154826
v 2.083992 0.466952 0.357100
v 2.083094 0.589380 0.047909
v 2.263356 0.081791 0.943691
v 2.246289 0.250575 0.449168
v 2.262030 0.192396 0.560741
v 2.228467 0.178885 0.740388
v 2.233016 0.143487 0.857155
v 2.275463 0.344919 0.243926
v 2.204679 0.260112 0.519765
v 2.189064 0.233507 0.631174
v 2.267805 0.426481 0.054807
v 2.291200 0.365101 0.164481
v 2.194921 0.433103 0.254351
v 2.194610 0.473746 0.158584
v 2.401138 0.075028 0.299775
v 2.386763 0.061877 0.409374
v 2.374608 0.056405 0.611646
v 2.363545 0.044449 0.744385
v 2.328322 0.047805 0.857813
v 2.396582 0.204314 0.128194
v 2.328620 0.161955 0.412491
v 2.320759 0.140685 0.518915
v 2.312108 0.128441 0.628497
v 2.299120 0.109047 0.783060
v 2.374416 0.276017 0.057489
v 2.348682 0.271859 0.169595
v 2.310327 0.219387 0.359948
v 2.321728 0.358742 0.054285
v 2.455212 0.055190 0.056917
v 2.427313 -0.011929 0.307072
v 2.411910 -0.003568 0.601722
v 2.404011 -0.005343 0.706048
v 2.420978 0.166608 0.090813
v 1.984724 0.089535 1.240121
v 1.897304 0.054726 1.318484
v 1.931099 0.199425 1.122988
v 1.894387 0.163945 1.200499
v 1.892233 0.274725 0.972113
v 1.923617 0.231344 1.067229
v 2.043302 0.011601 1.270503
v 2.017312 0.197267 1.057738
v 2.035629 0.120086 1.166820
v 1.996411 0.243554 0.964027
v 2.151032 0.071985 1.115827
v 2.110896 0.037706 1.192137
v 2.117871 0.180958 0.969087
v 2.109925 0.132913 1.074015
v 2.222999 0.032668 1.072869
v 2.183696 0.003701 1.151109
v 2.193569 0.115616 0.998669
v 2.290300 0.003159 1.011387
vt 0.055684 0.514000
vt 0.056049 0.504799
vt 0.063510 0.527375
vt 0.070670 0.514071
vt 0.066205 0.517666
vt 0.070851 0.505141
vt 0.064605 0.505177
vt 0.058588 0.545559
vt 0.070179 0.529316
vt 0.062422 0.537244
vt 0.079597 0.514827
vt 0.074775 0.518516
vt 0.069885 0.522652
vt 0.080426 0.505704
vt 0.075105 0.543766
vt 0.065480 0.548894
vt 0.085302 0.530697
vt 0.077924 0.533697
vt 0.069810 0.539788
vt 0.081907 0.521692
vt 0.089544 0.502749
vt 0.085671 0.507002
vt 0.065431 0.560186
vt 0.083319 0.547648
vt 0.075173 0.552013
vt 0.084736 0.540321
vt 0.093487 0.517231
vt 0.089416 0.522035
vt 0.094243 0.509288
vt 0.089534 0.512316
vt 0.078317 0.561462
vt 0.070012 0.566003
vt 0.093869 0.548327
vt 0.100197 0.532685
vt 0.092356 0.537146
vt 0.097585 0.521629
vt 0.093206 0.527274
vt 0.103498 0.502990
vt 0.078218 0.570640
vt 0.087688 0.560307
vt 0.098135 0.541815
vt 0.109751 0.517630
vt 0.104076 0.522881
vt 0.107186 0.506856
vt 0.103690 0.512845
vt 0.051212 0.514852
vt 0.042835 0.516453
vt 0.028514 0.516988
vt 0.015405 0.515807
vt 0.007188 0.513812
vt 0.049163 0.505196
vt 0.038197 0.505656
vt 0.028141 0.505147
vt 0.015929 0.504304
vt 0.006077 0.504761
vt 0.039935 0.539958
vt 0.028908 0.545812
vt 0.019852 0.545164
vt 0.053794 0.531548
vt 0.047072 0.534073
vt 0.029527 0.536835
vt 0.017600 0.537035
vt 0.003840 0.533631
vt 0.052622 0.522906
vt 0.046026 0.525420
vt 0.036462 0.527109
vt 0.021237 0.527020
vt 0.011377 0.524959
vt 0.004054 0.520315
vt 0.001714 0.507409
vt 0.038425 0.558870
vt 0.033327 0.558749
vt 0.027830 0.565053
vt 0.019213 0.561645
vt 0.043332 0.561169
vt 0.026884 0.553399
vt 0.017348 0.554279
vt 0.999604 0.551368
vt 0.055222 0.539519
vt 0.046905 0.541795
vt 0.997952 0.541765
vt 0.056115 0.560639
vt 0.050570 0.558694
vt 0.036282 0.572093
vt 0.021312 0.574049
vt 0.012150 0.564468
vt 0.002024 0.564666
vt 0.044477 0.581807
vt 0.039563 0.587294
vt 0.029839 0.582800
vt 0.022552 0.586556
vt 0.015989 0.584559
vt 0.054252 0.584741
vt 0.048313 0.585644
vt 0.032130 0.598004
vt 0.023513 0.598579
vt 0.014475 0.588374
vt 0.007988 0.589676
vt 0.065740 0.587190
vt 0.059268 0.589273
vt 0.050936 0.597264
vt 0.042341 0.604295
vt 0.014716 0.601683
vt 0.004618 0.595954
vt 0.095321 0.570537
vt 0.077576 0.583304
vt 0.099937 0.553352
vt 0.091630 0.566249
vt 0.106871 0.537150
vt 0.105017 0.545798
vt 0.110348 0.528801
vt 0.115409 0.507451
vt 0.084835 0.586232
vt 0.115684 0.550542
vt 0.106568 0.554922
vt 0.101302 0.564383
vt 0.121122 0.533648
vt 0.112706 0.540230
vt 0.117017 0.522898
vt 0.101663 0.575504
vt 0.089289 0.591595
vt 0.109708 0.562735
vt 0.118459 0.542272
vt 0.122962 0.522513
vt 0.124400 0.507820
vt 0.108792 0.578773
vt 0.092578 0.597919
vt 0.116441 0.563580
vt 0.124257 0.543267
vt 0.126340 0.553092
vt 0.128417 0.524415
vt 0.132091 0.533022
vt 0.133278 0.507676
vt 0.097577 0.601166
vt 0.123054 0.562808
vt 0.114861 0.578972
vt 0.130397 0.543056
vt 0.136983 0.520598
vt 0.115304 0.589628
vt 0.130479 0.562864
vt 0.122121 0.577543
vt 0.137913 0.541751
vt 0.132987 0.552814
vt 0.139343 0.527902
vt 0.141065 0.507712
vt 0.142792 0.515413
vt 0.133264 0.570206
vt 0.125719 0.591804
vt 0.139162 0.551011
vt 0.140071 0.562814
vt 0.144235 0.528413
vt 0.144541 0.537783
vt 0.144639 0.505231
vt 0.108557 0.609719
vt 0.136581 0.580861
vt 0.147591 0.546567
vt 0.148720 0.523676
vt 0.149103 0.532239
vt 0.154524 0.506551
vt 0.152703 0.517891
vt 0.051057 0.613801
vt 0.044445 0.615955
vt 0.035471 0.614861
vt 0.026691 0.617248
vt 0.021433 0.620514
vt 0.065193 0.597197
vt 0.005884 0.607440
vt 0.054680 0.617882
vt 0.048396 0.625134
vt 0.039027 0.627531
vt 0.029189 0.625126
vt 0.069030 0.604636
vt 0.010306 0.618842
vt 0.059916 0.623566
vt 0.031717 0.635765
vt 0.020407 0.629344
vt 0.073620 0.610721
vt 0.999677 0.622718
vt 0.061847 0.630745
vt 0.048630 0.636626
vt 0.026002 0.641640
vt 0.077844 0.615913
vt 0.006259 0.634788
vt 0.062549 0.634467
vt 0.056295 0.638772
vt 0.048153 0.642161
vt 0.035036 0.643934
vt 0.087607 0.616672
vt 0.081696 0.622573
vt 0.035437 0.648026
vt 0.021664 0.645655
vt 0.007062 0.643528
vt 0.081509 0.639983
vt 0.067946 0.648934
vt 0.049900 0.655862
vt 0.026069 0.655849
vt 0.007715 0.654928
vt 0.093878 0.630473
vt 0.041028 0.664074
vt 0.025021 0.667581
vt 0.008529 0.669426
vt 0.087919 0.649070
vt 0.075586 0.660198
vt 0.061602 0.669693
vt 0.043398 0.680143
vt 0.028036 0.684220
vt 0.117380 0.610262
vt 0.104892 0.628564
vt 0.136751 0.592153
vt 0.147881 0.553000
vt 0.146470 0.566652
vt 0.144472 0.580455
vt 0.152753 0.536046
vt 0.153255 0.549708
vt 0.156004 0.511683
vt 0.160841 0.515087
vt 0.146451 0.597649
vt 0.154957 0.567053
vt 0.158325 0.531846
vt 0.159453 0.543451
vt 0.159379 0.504652
vt 0.163445 0.524281
vt 0.159027 0.585921
vt 0.166464 0.609594
vt 0.165262 0.571405
vt 0.168417 0.543920
vt 0.165915 0.505655
vt 0.169908 0.515451
vt 0.197488 0.640403
vt 0.177199 0.593025
vt 0.178862 0.571003
vt 0.180623 0.544582
vt 0.189711 0.504018
vt 0.181955 0.515222
vt 0.204398 0.597206
vt 0.193595 0.572578
vt 0.202786 0.533635
vt 0.194811 0.546548
vt 0.207887 0.501859
vt 0.199834 0.512049
vt 0.191888 0.524999
vt 0.213148 0.570217
vt 0.220566 0.526754
vt 0.204612 0.554430
vt 0.217197 0.511119
vt 0.239152 0.591325
vt 0.223846 0.582432
vt 0.232649 0.532522
vt 0.230214 0.508909
vt 0.270198 0.645700
vt 0.224968 0.621577
vt 0.244511 0.550550
vt 0.243389 0.530512
vt 0.251978 0.498722
vt 0.243458 0.509802
vt 0.096689 0.663901
vt 0.084304 0.674596
vt 0.069031 0.685009
vt 0.122703 0.621706
vt 0.115830 0.638086
vt 0.106680 0.651089
vt 0.130322 0.608176
vt 0.081319 0.772179
vt 0.013376 0.745502
vt 0.135010 0.629528
vt 0.142636 0.615075
vt 0.143525 0.743653
vt 0.055006 0.793883
vt 0.161859 0.676141
vt 0.994020 0.820784
vt 0.179674 0.704228
vt 0.146408 0.704141
vt 0.114706 0.759886
vt 0.022878 0.835144
vt 0.188121 0.659550
vt 0.133657 0.898809
vt 0.222320 0.745631
vt 0.234413 0.824226
vt 0.228055 0.692793
vt 0.249391 0.978340
vt 0.265858 0.867932
vt 0.241540 0.670209
vt 0.352028 0.907497
vt 0.249959 0.719969
vt 0.290419 0.777054
vt 0.996489 0.532526
vt 0.989733 0.531613
vt 0.984782 0.530479
vt 0.996515 0.520479
vt 0.989748 0.520622
vt 0.984358 0.521723
vt 0.996074 0.506890
vt 0.989226 0.506849
vt 0.984429 0.512036
vt 0.986387 0.546565
vt 0.988879 0.540232
vt 0.981344 0.536335
vt 0.975662 0.533106
vt 0.979904 0.522279
vt 0.975004 0.522960
vt 0.986247 0.494940
vt 0.975617 0.512180
vt 0.988076 0.557637
vt 0.978500 0.549258
vt 0.977484 0.542650
vt 0.971716 0.538472
vt 0.966299 0.534712
vt 0.970629 0.523362
vt 0.965805 0.524119
vt 0.977898 0.490979
vt 0.971246 0.507140
vt 0.966178 0.513254
vt 0.996422 0.569319
vt 0.984154 0.570164
vt 0.977341 0.564005
vt 0.969395 0.551824
vt 0.967961 0.544953
vt 0.962227 0.540118
vt 0.956717 0.535960
vt 0.961326 0.524750
vt 0.956333 0.525428
vt 0.962454 0.508946
vt 0.956727 0.514881
vt 0.995232 0.580571
vt 0.974618 0.570567
vt 0.967750 0.566060
vt 0.960555 0.556476
vt 0.953252 0.554901
vt 0.958161 0.546478
vt 0.952345 0.541278
vt 0.946617 0.536854
vt 0.951675 0.526108
vt 0.946684 0.526789
vt 0.952408 0.511052
vt 0.946815 0.516907
vt 0.989353 0.586247
vt 0.963105 0.575682
vt 0.955608 0.570070
vt 0.946812 0.549470
vt 0.947152 0.503805
vt 0.988785 0.598360
vt 0.964193 0.590392
vt 0.945652 0.563323
vt 0.939195 0.560385
vt 0.937562 0.545550
vt 0.931143 0.540149
vt 0.936991 0.528425
vt 0.931596 0.529110
vt 0.937684 0.511674
vt 0.931214 0.518470
vt 0.994615 0.610041
vt 0.982834 0.605669
vt 0.950842 0.589445
vt 0.943727 0.585661
vt 0.938511 0.578082
vt 0.931031 0.554165
vt 0.926683 0.530032
vt 0.931172 0.505960
vt 0.983203 0.615293
vt 0.957005 0.615647
vt 0.928885 0.569219
vt 0.916954 0.566650
vt 0.922048 0.549608
vt 0.920734 0.531266
vt 0.922131 0.513266
vt 0.992012 0.628647
vt 0.957962 0.623213
vt 0.933696 0.597958
vt 0.924229 0.594446
vt 0.919848 0.584866
vt 0.913086 0.551417
vt 0.913294 0.532525
vt 0.913195 0.514560
vt 0.994488 0.642974
vt 0.982695 0.638773
vt 0.949532 0.650456
vt 0.937929 0.637485
vt 0.934203 0.626889
vt 0.905811 0.575309
vt 0.905355 0.562431
vt 0.905315 0.507377
vt 0.921433 0.618852
vt 0.909574 0.608073
vt 0.906995 0.595063
vt 0.994225 0.663358
vt 0.950451 0.687457
vt 0.887001 0.614096
vt 0.883802 0.600675
vt 0.968047 0.702097
vt 0.897761 0.670310
vt 0.898341 0.649341
vt 0.880976 0.641581
vt 0.906490 0.545665
vt 0.906921 0.533331
vt 0.906608 0.521559
vt 0.894678 0.571777
vt 0.895082 0.556904
vt 0.892112 0.536279
vt 0.895059 0.515440
vt 0.872850 0.584784
vt 0.874429 0.559781
vt 0.875500 0.517514
vt 0.865513 0.553789
vt 0.874206 0.538892
vt 0.866406 0.541163
vt 0.866408 0.526241
vt 0.986830 0.730825
vt 0.923660 0.700684
vt 0.902513 0.692914
vt 0.854431 0.636513
vt 0.852869 0.617729
vt 0.942746 0.810326
vt 0.914855 0.776667
vt 0.869222 0.673940
vt 0.885771 0.758950
vt 0.835636 0.721980
vt 0.821257 0.704207
vt 0.817813 0.684246
vt 0.838245 0.756473
vt 0.791604 0.665249
vt 0.836428 0.931373
vt 0.784772 0.822006
vt 0.748214 0.980213
vt 0.754671 0.904096
vt 0.755929 0.867269
vt 0.736343 0.781272
vt 0.736852 0.746401
vt 0.740919 0.719589
vt 0.738959 0.694346
vt 0.858405 0.576741
vt 0.864060 0.506636
vt 0.859248 0.521947
vt 0.846119 0.595346
vt 0.848772 0.562259
vt 0.847323 0.539925
vt 0.855781 0.501348
vt 0.847971 0.512984
vt 0.820739 0.567821
vt 0.833556 0.542227
vt 0.832067 0.513531
vt 0.821078 0.497921
vt 0.817022 0.635725
vt 0.821862 0.617335
vt 0.813056 0.592618
vt 0.818338 0.543886
vt 0.810794 0.529989
vt 0.821226 0.522596
vt 0.812866 0.510925
vt 0.794610 0.481488
vt 0.802585 0.559482
vt 0.800598 0.535204
vt 0.800228 0.518977
vt 0.790957 0.495513
vt 0.778457 0.645447
vt 0.775666 0.623457
vt 0.773182 0.597203
vt 0.790471 0.561931
vt 0.787636 0.539113
vt 0.790041 0.525100
vt 0.778034 0.501444
vt 0.776294 0.568162
vt 0.772380 0.548476
vt 0.767183 0.504623
vt 0.758455 0.574671
vt 0.758275 0.548910
vt 0.756088 0.507219
vt 0.056129 0.494026
vt 0.055898 0.484621
vt 0.070941 0.494202
vt 0.065073 0.493739
vt 0.070084 0.483143
vt 0.057376 0.479190
vt 0.060622 0.462814
vt 0.080480 0.494257
vt 0.080052 0.484650
vt 0.075167 0.480183
vt 0.070331 0.474999
vt 0.071550 0.466870
vt 0.065842 0.455509
vt 0.060797 0.429568
vt 0.089632 0.494113
vt 0.089022 0.484595
vt 0.086720 0.479154
vt 0.079489 0.474613
vt 0.081189 0.466790
vt 0.073283 0.452222
vt 0.066170 0.434997
vt 0.067711 0.419986
vt 0.060714 0.408926
vt 0.092849 0.480509
vt 0.094667 0.469006
vt 0.089984 0.465025
vt 0.080224 0.455285
vt 0.081660 0.445158
vt 0.072712 0.411648
vt 0.067803 0.405187
vt 0.103586 0.493337
vt 0.104423 0.484556
vt 0.099463 0.479766
vt 0.095653 0.457271
vt 0.089817 0.445989
vt 0.084994 0.430789
vt 0.082088 0.417208
vt 0.074410 0.399508
vt 0.072782 0.382994
vt 0.110028 0.493093
vt 0.106467 0.472153
vt 0.101874 0.458190
vt 0.096529 0.443508
vt 0.091493 0.428462
vt 0.086382 0.406174
vt 0.079376 0.389285
vt 0.049270 0.493488
vt 0.038016 0.492902
vt 0.031238 0.492845
vt 0.024435 0.492726
vt 0.017662 0.492508
vt 0.011032 0.492194
vt 0.004411 0.492976
vt 0.052510 0.479284
vt 0.044826 0.479647
vt 0.038024 0.479494
vt 0.031196 0.479375
vt 0.024371 0.479223
vt 0.017592 0.479028
vt 0.010991 0.478772
vt 0.004912 0.478470
vt 0.043684 0.455907
vt 0.038061 0.466097
vt 0.031266 0.465928
vt 0.024445 0.465693
vt 0.017669 0.465505
vt 0.011062 0.465310
vt 0.004570 0.464811
vt 0.037765 0.453734
vt 0.031369 0.453243
vt 0.024641 0.452810
vt 0.017938 0.452667
vt 0.011644 0.452665
vt 0.005088 0.450863
vt 0.037889 0.443252
vt 0.031663 0.442045
vt 0.024931 0.441345
vt 0.018211 0.441306
vt 0.012027 0.441869
vt 0.007378 0.442878
vt 0.052399 0.463612
vt 0.999773 0.463074
vt 0.052672 0.443885
vt 0.043642 0.445550
vt 0.047099 0.432109
vt 0.040227 0.424180
vt 0.032389 0.427275
vt 0.025462 0.426744
vt 0.018659 0.425903
vt 0.011592 0.423051
vt 0.004431 0.435442
vt 0.005519 0.420123
vt 0.033354 0.411754
vt 0.026473 0.408879
vt 0.017514 0.411738
vt 0.055813 0.436802
vt 0.049454 0.425535
vt 0.001224 0.427791
vt 0.057674 0.420286
vt 0.040551 0.415494
vt 0.011371 0.409338
vt 0.052276 0.411328
vt 0.043350 0.402255
vt 0.020291 0.395228
vt 0.001656 0.406978
vt 0.036625 0.396052
vt 0.027528 0.394217
vt 0.014048 0.391513
vt 0.053318 0.396701
vt 0.008539 0.390887
vt 0.003210 0.390533
vt 0.049404 0.391500
vt 0.044127 0.389022
vt 0.036348 0.382285
vt 0.028661 0.381528
vt 0.021124 0.380105
vt 0.063615 0.393824
vt 0.055894 0.384247
vt 0.013718 0.369337
vt 0.005024 0.378061
vt 0.064156 0.380896
vt 0.060531 0.372920
vt 0.000384 0.374456
vt 0.066825 0.368243
vt 0.048739 0.373158
vt 0.039627 0.365722
vt 0.030668 0.364586
vt 0.022039 0.362589
vt 0.007425 0.366051
vt 0.055721 0.369399
vt 0.048279 0.363671
vt 0.014438 0.358499
vt 0.058667 0.359763
vt 0.051018 0.353912
vt 0.042009 0.343226
vt 0.034329 0.341499
vt 0.026461 0.340108
vt 0.014875 0.347794
vt 0.006373 0.351179
vt 0.111848 0.477996
vt 0.115129 0.467743
vt 0.108588 0.461597
vt 0.104288 0.444198
vt 0.097990 0.425393
vt 0.090364 0.397765
vt 0.083008 0.378644
vt 0.118834 0.492506
vt 0.117985 0.478314
vt 0.113952 0.456314
vt 0.105607 0.429468
vt 0.096485 0.395617
vt 0.090009 0.378027
vt 0.083338 0.364589
vt 0.124698 0.492276
vt 0.123805 0.477739
vt 0.122094 0.465711
vt 0.119713 0.455414
vt 0.114212 0.436519
vt 0.109228 0.419268
vt 0.100668 0.387457
vt 0.093749 0.369148
vt 0.083748 0.353676
vt 0.130413 0.491942
vt 0.129462 0.476814
vt 0.129244 0.464337
vt 0.124875 0.451960
vt 0.117898 0.427513
vt 0.113128 0.409246
vt 0.106993 0.385236
vt 0.100625 0.363044
vt 0.094590 0.354044
vt 0.139465 0.491582
vt 0.135031 0.474827
vt 0.138375 0.465952
vt 0.131750 0.455678
vt 0.129599 0.442342
vt 0.124991 0.431684
vt 0.119309 0.409668
vt 0.113958 0.387327
vt 0.107185 0.362305
vt 0.098122 0.344722
vt 0.143328 0.480609
vt 0.137489 0.449697
vt 0.129632 0.426802
vt 0.126026 0.410019
vt 0.121422 0.392603
vt 0.115576 0.365525
vt 0.110057 0.354921
vt 0.106027 0.342078
vt 0.145142 0.491145
vt 0.144984 0.473096
vt 0.145146 0.457263
vt 0.140231 0.442950
vt 0.132215 0.411955
vt 0.122852 0.370662
vt 0.113596 0.345373
vt 0.154587 0.492135
vt 0.153752 0.481717
vt 0.149094 0.471762
vt 0.153417 0.467988
vt 0.146021 0.444357
vt 0.137055 0.414188
vt 0.135067 0.399469
vt 0.124983 0.361364
vt 0.075818 0.364427
vt 0.088687 0.344697
vt 0.094913 0.324344
vt 0.998751 0.296884
vt 0.105754 0.326856
vt 0.095497 0.313687
vt 0.086017 0.296804
vt 0.013850 0.281831
vt 0.120778 0.348932
vt 0.113236 0.329599
vt 0.008873 0.277832
vt 0.102759 0.310189
vt 0.073966 0.286150
vt 0.065447 0.277163
vt 0.049414 0.272330
vt 0.031963 0.275274
vt 0.066445 0.355177
vt 0.054525 0.343873
vt 0.050076 0.338207
vt 0.024545 0.334746
vt 0.015188 0.336469
vt 0.005847 0.340704
vt 0.044301 0.336416
vt 0.036598 0.329688
vt 0.020620 0.326795
vt 0.075472 0.352254
vt 0.063853 0.338986
vt 0.008921 0.328296
vt 0.056450 0.326158
vt 0.048419 0.323026
vt 0.029256 0.318731
vt 0.077222 0.339313
vt 0.064862 0.327764
vt 0.009836 0.317632
vt 0.040303 0.315436
vt 0.021863 0.314103
vt 0.083801 0.335932
vt 0.073159 0.323493
vt 0.022591 0.304603
vt 0.001633 0.311673
vt 0.060754 0.314582
vt 0.052711 0.310258
vt 0.037598 0.304930
vt 0.089186 0.326415
vt 0.080249 0.319654
vt 0.063118 0.308795
vt 0.057080 0.303403
vt 0.049840 0.291512
vt 0.037387 0.288129
vt 0.026082 0.298684
vt 0.008587 0.300314
vt 0.045574 0.299847
vt 0.034909 0.298167
vt 0.087030 0.311255
vt 0.075552 0.303792
vt 0.066508 0.291399
vt 0.023609 0.287673
vt 0.010919 0.288313
vt 0.081000 0.294844
vt 0.057743 0.280403
vt 0.043501 0.276535
vt 0.026570 0.280166
vt 0.156349 0.488859
vt 0.152923 0.455139
vt 0.153396 0.438683
vt 0.145760 0.425274
vt 0.147040 0.412011
vt 0.141962 0.396615
vt 0.133471 0.365692
vt 0.159528 0.488912
vt 0.162391 0.488529
vt 0.158429 0.473622
vt 0.159627 0.464534
vt 0.155109 0.431828
vt 0.154163 0.415405
vt 0.147253 0.395844
vt 0.170924 0.487152
vt 0.165614 0.464990
vt 0.168081 0.459873
vt 0.165608 0.432976
vt 0.157661 0.394781
vt 0.188470 0.483388
vt 0.179646 0.485718
vt 0.190903 0.459029
vt 0.178401 0.457294
vt 0.196380 0.428906
vt 0.178906 0.425599
vt 0.172922 0.410952
vt 0.171656 0.387510
vt 0.209911 0.485743
vt 0.198036 0.484340
vt 0.209357 0.459689
vt 0.207355 0.441297
vt 0.190176 0.415911
vt 0.213309 0.405070
vt 0.201177 0.391843
vt 0.184263 0.378954
vt 0.208376 0.372561
vt 0.188214 0.356247
vt 0.216792 0.434700
vt 0.217222 0.417033
vt 0.216668 0.381732
vt 0.210822 0.346335
vt 0.202747 0.322557
vt 0.237012 0.477647
vt 0.230315 0.485635
vt 0.236821 0.462312
vt 0.237664 0.446218
vt 0.230560 0.414099
vt 0.228482 0.395335
vt 0.227953 0.376516
vt 0.224929 0.356372
vt 0.226096 0.335443
vt 0.245092 0.483850
vt 0.239338 0.493799
vt 0.245699 0.463822
vt 0.245681 0.446226
vt 0.244091 0.429842
vt 0.243486 0.410653
vt 0.242853 0.392234
vt 0.242511 0.374097
vt 0.241936 0.355554
vt 0.240776 0.332017
vt 0.130063 0.350136
vt 0.123680 0.328846
vt 0.999124 0.276592
vt 0.112347 0.316880
vt 0.096767 0.298902
vt 0.084423 0.286918
vt 0.074181 0.274768
vt 0.056450 0.267321
vt 0.034602 0.267180
vt 0.014088 0.272565
vt 0.137395 0.362821
vt 0.129004 0.329850
vt 0.112636 0.309927
vt 0.095427 0.288283
vt 0.083969 0.276677
vt 0.063297 0.263038
vt 0.042715 0.256028
vt 0.027813 0.251894
vt 0.999311 0.268591
vt 0.036697 0.261584
vt 0.013129 0.255563
vt 0.147392 0.358014
vt 0.136340 0.331303
vt 0.107424 0.284946
vt 0.108834 0.296841
vt 0.095076 0.273199
vt 0.069940 0.250486
vt 0.030898 0.242942
vt 0.078801 0.216042
vt 0.043513 0.225572
vt 0.016764 0.222628
vt 0.164413 0.373582
vt 0.162651 0.352733
vt 0.152815 0.326135
vt 0.120036 0.286844
vt 0.112544 0.278241
vt 0.108402 0.254053
vt 0.085312 0.238690
vt 0.125726 0.215563
vt 0.050602 0.202218
vt 0.023035 0.189160
vt 0.063431 0.144098
vt 0.191347 0.334379
vt 0.173242 0.321531
vt 0.174395 0.237122
vt 0.166659 0.219416
vt 0.097845 0.166052
vt 0.030735 0.131985
vt 0.184258 0.258052
vt 0.155809 0.177720
vt 0.128093 0.124333
vt 0.077594 0.130316
vt 0.218669 0.299606
vt 0.216411 0.258302
vt 0.210038 0.233763
vt 0.201029 0.197026
vt 0.195633 0.160017
vt 0.170116 0.115976
vt 0.242879 0.277557
vt 0.237241 0.228493
vt 0.234782 0.195527
vt 0.232260 0.155395
vt 0.005899 0.149254
vt 0.084952 0.102258
vt 0.016188 0.096341
vt 0.055736 0.075171
vt 0.193709 0.121912
vt 0.117720 0.064858
vt 0.040315 0.048633
vt 0.229291 0.116339
vt 0.216156 0.077427
vt 0.189239 0.043167
vt 0.108766 0.020527
vt 0.000720 0.481805
vt 0.990656 0.491965
vt 0.999966 0.471802
vt 0.995488 0.445556
vt 0.992343 0.452962
vt 0.997819 0.433648
vt 0.982075 0.485850
vt 0.990768 0.462678
vt 0.983792 0.456135
vt 0.986486 0.443895
vt 0.990966 0.426347
vt 0.996061 0.413985
vt 0.972644 0.490703
vt 0.979069 0.466799
vt 0.972576 0.473469
vt 0.976091 0.451720
vt 0.980424 0.444399
vt 0.984638 0.429386
vt 0.988767 0.414463
vt 0.982702 0.415809
vt 0.996752 0.401093
vt 0.990299 0.399684
vt 0.967426 0.488495
vt 0.973820 0.443301
vt 0.976958 0.429659
vt 0.973178 0.425665
vt 0.984521 0.402465
vt 0.994660 0.385889
vt 0.959613 0.490515
vt 0.950821 0.500020
vt 0.963257 0.471174
vt 0.968716 0.438642
vt 0.975384 0.417146
vt 0.977667 0.404139
vt 0.971415 0.406358
vt 0.986218 0.386890
vt 0.978947 0.387032
vt 0.996037 0.371890
vt 0.988495 0.371183
vt 0.955026 0.484957
vt 0.957664 0.470765
vt 0.963918 0.437457
vt 0.960298 0.448048
vt 0.966972 0.418108
vt 0.973534 0.392042
vt 0.982092 0.374789
vt 0.993460 0.361879
vt 0.999853 0.358687
vt 0.949373 0.479901
vt 0.945559 0.490779
vt 0.936551 0.497822
vt 0.952473 0.469322
vt 0.955926 0.450810
vt 0.960101 0.428112
vt 0.960381 0.418535
vt 0.967487 0.394894
vt 0.975157 0.375942
vt 0.968387 0.378378
vt 0.991000 0.350042
vt 0.984577 0.360442
vt 0.978366 0.359030
vt 0.940129 0.486328
vt 0.948466 0.462782
vt 0.942264 0.474439
vt 0.951732 0.446133
vt 0.961656 0.395485
vt 0.956597 0.415219
vt 0.972518 0.366724
vt 0.988511 0.338942
vt 0.933900 0.482457
vt 0.928763 0.494083
vt 0.916155 0.499946
vt 0.944137 0.458376
vt 0.947951 0.442393
vt 0.954024 0.410755
vt 0.959065 0.388354
vt 0.973786 0.352026
vt 0.964450 0.367422
vt 0.987293 0.324774
vt 0.983998 0.337132
vt 0.919394 0.485915
vt 0.938857 0.453805
vt 0.933183 0.469467
vt 0.923005 0.475575
vt 0.944188 0.438079
vt 0.951081 0.405462
vt 0.958047 0.376345
vt 0.961994 0.356181
vt 0.967686 0.352084
vt 0.974229 0.337791
vt 0.909690 0.496376
vt 0.928408 0.463392
vt 0.940738 0.433106
vt 0.943930 0.409429
vt 0.945576 0.414204
vt 0.949174 0.399292
vt 0.955609 0.367822
vt 0.974304 0.324571
vt 0.968736 0.339992
vt 0.989770 0.312482
vt 0.980149 0.322913
vt 0.900971 0.478053
vt 0.930117 0.445385
vt 0.922646 0.458493
vt 0.908478 0.465512
vt 0.939264 0.421223
vt 0.954073 0.359920
vt 0.960124 0.350155
vt 0.968107 0.331997
vt 0.982932 0.309930
vt 0.894112 0.487005
vt 0.924184 0.441699
vt 0.937454 0.409923
vt 0.930639 0.426663
vt 0.946742 0.382401
vt 0.971027 0.315684
vt 0.961994 0.335878
vt 0.988773 0.296077
vt 0.976395 0.312917
vt 0.994463 0.293143
vt 0.888436 0.476198
vt 0.918742 0.436598
vt 0.909837 0.444653
vt 0.897173 0.454747
vt 0.886944 0.462993
vt 0.931711 0.404163
vt 0.921251 0.421598
vt 0.907614 0.429502
vt 0.897629 0.436552
vt 0.946607 0.365931
vt 0.939007 0.383720
vt 0.961498 0.328386
vt 0.954675 0.344889
vt 0.990599 0.288062
vt 0.888094 0.500094
vt 0.878853 0.495134
vt 0.997753 0.346059
vt 0.995173 0.336977
vt 0.994633 0.326568
vt 0.998894 0.302508
vt 0.877244 0.472510
vt 0.887799 0.444415
vt 0.878298 0.453212
vt 0.926143 0.393293
vt 0.915610 0.401457
vt 0.902158 0.410675
vt 0.889026 0.422796
vt 0.880067 0.424264
vt 0.941558 0.357303
vt 0.929544 0.367570
vt 0.913169 0.358521
vt 0.904566 0.374662
vt 0.884721 0.394438
vt 0.958698 0.322596
vt 0.946926 0.333688
vt 0.876633 0.376797
vt 0.985863 0.287449
vt 0.966600 0.303922
vt 0.952497 0.310492
vt 0.922618 0.351360
vt 0.864306 0.388736
vt 0.937989 0.318939
vt 0.924275 0.329885
vt 0.906829 0.337569
vt 0.878417 0.357285
vt 0.865110 0.367499
vt 0.984480 0.272424
vt 0.964160 0.281147
vt 0.942932 0.293821
vt 0.924933 0.281171
vt 0.902029 0.294738
vt 0.872062 0.332285
vt 0.857067 0.348496
vt 0.986871 0.251737
vt 0.962248 0.255838
vt 0.950361 0.255073
vt 0.889378 0.280332
vt 0.855727 0.328623
vt 0.993471 0.225890
vt 0.959291 0.230382
vt 0.907986 0.233153
vt 0.868469 0.270242
vt 0.841591 0.319026
vt 0.950007 0.188550
vt 0.923882 0.199248
vt 0.881510 0.237638
vt 0.853584 0.268315
vt 0.834762 0.273307
vt 0.977113 0.152088
vt 0.898966 0.206567
vt 0.820161 0.267227
vt 0.842589 0.241515
vt 0.824405 0.238334
vt 0.807158 0.237484
vt 0.798288 0.255924
vt 0.779712 0.249975
vt 0.759101 0.245561
vt 0.868174 0.483419
vt 0.866182 0.456321
vt 0.864868 0.430089
vt 0.858650 0.399963
vt 0.855790 0.482410
vt 0.845153 0.485740
vt 0.854878 0.456980
vt 0.843191 0.458854
vt 0.836032 0.450406
vt 0.856449 0.437745
vt 0.836263 0.432093
vt 0.844614 0.407204
vt 0.835421 0.410391
vt 0.851246 0.373682
vt 0.837194 0.391279
vt 0.834058 0.487814
vt 0.823640 0.483395
vt 0.816931 0.474960
vt 0.835291 0.468817
vt 0.828484 0.459280
vt 0.818024 0.458145
vt 0.820775 0.434786
vt 0.818954 0.413817
vt 0.837864 0.368643
vt 0.826160 0.385980
vt 0.818150 0.396509
vt 0.840994 0.342155
vt 0.829158 0.360513
vt 0.801315 0.474706
vt 0.801685 0.458925
vt 0.810890 0.437533
vt 0.801564 0.438256
vt 0.802303 0.417970
vt 0.816496 0.377736
vt 0.808825 0.390237
vt 0.801242 0.400989
vt 0.826186 0.340830
vt 0.814049 0.358304
vt 0.806414 0.370668
vt 0.826571 0.315341
vt 0.814130 0.335979
vt 0.786572 0.456904
vt 0.786303 0.439393
vt 0.786180 0.421371
vt 0.799079 0.383249
vt 0.791915 0.395813
vt 0.785647 0.406709
vt 0.803431 0.352984
vt 0.795996 0.364956
vt 0.784391 0.375836
vt 0.806938 0.316107
vt 0.797019 0.344256
vt 0.781329 0.486311
vt 0.775796 0.475817
vt 0.784216 0.470131
vt 0.778442 0.461185
vt 0.777662 0.441063
vt 0.777551 0.421429
vt 0.778075 0.387598
vt 0.778077 0.403672
vt 0.780348 0.358479
vt 0.793775 0.307364
vt 0.785774 0.341954
vt 0.768351 0.491148
vt 0.766957 0.477624
vt 0.767218 0.461164
vt 0.767085 0.441323
vt 0.767072 0.420224
vt 0.767363 0.398248
vt 0.768348 0.370305
vt 0.758344 0.382724
vt 0.783455 0.305111
vt 0.771687 0.310247
vt 0.770076 0.343039
vt 0.758649 0.353975
vt 0.777128 0.274754
vt 0.756135 0.493211
vt 0.755818 0.478791
vt 0.755790 0.461600
vt 0.755750 0.441611
vt 0.755719 0.420452
vt 0.755626 0.400062
vt 0.755726 0.368533
vt 0.756563 0.334412
vt 0.759086 0.271200
vt 0.757752 0.307063
vt 0.942576 0.148660
vt 0.915405 0.171033
vt 0.885857 0.176989
vt 0.863159 0.208104
vt 0.976823 0.122343
vt 0.904963 0.149962
vt 0.848100 0.169117
vt 0.838669 0.209229
vt 0.936706 0.110889
vt 0.891267 0.130574
vt 0.865937 0.148107
vt 0.829659 0.167655
vt 0.812955 0.181008
vt 0.966530 0.083363
vt 0.909031 0.092626
vt 0.870365 0.111314
vt 0.844521 0.133589
vt 0.791950 0.180987
vt 0.780565 0.190431
vt 0.944980 0.051613
vt 0.872816 0.068430
vt 0.836505 0.092919
vt 0.813287 0.118536
vt 0.799756 0.146655
vt 0.869856 0.023328
vt 0.755514 0.060879
vt 0.757802 0.076449
vt 0.755753 0.092133
vt 0.766715 0.138684
vt 0.763358 0.166241
vt 0.760484 0.187644
vt 0.260935 0.618900
vt 0.257521 0.551610
vt 0.257127 0.531835
vt 0.256884 0.513501
vt 0.277620 0.603033
vt 0.272009 0.553223
vt 0.270805 0.530344
vt 0.265213 0.498495
vt 0.270234 0.509833
vt 0.300414 0.596358
vt 0.320017 0.618534
vt 0.288647 0.555620
vt 0.289756 0.579969
vt 0.283488 0.528350
vt 0.293272 0.511614
vt 0.330673 0.629876
vt 0.304879 0.571861
vt 0.293511 0.526302
vt 0.308001 0.552485
vt 0.334737 0.590705
vt 0.320527 0.568181
vt 0.306579 0.525354
vt 0.319155 0.544853
vt 0.305699 0.501745
vt 0.321814 0.523868
vt 0.353671 0.596549
vt 0.346686 0.582005
vt 0.333774 0.542882
vt 0.323651 0.503529
vt 0.332427 0.514174
vt 0.348751 0.562307
vt 0.347382 0.540173
vt 0.348193 0.513186
vt 0.355509 0.495045
vt 0.367086 0.589626
vt 0.366326 0.554519
vt 0.362960 0.572125
vt 0.367326 0.539914
vt 0.363227 0.525932
vt 0.363996 0.506800
vt 0.320027 0.704824
vt 0.321046 0.731297
vt 0.303725 0.663037
vt 0.316224 0.684600
vt 0.500882 0.819888
vt 0.408218 0.731392
vt 0.476032 0.800968
vt 0.429288 0.749833
vt 0.377252 0.690268
vt 0.390377 0.709837
vt 0.453452 0.761905
vt 0.361298 0.634043
vt 0.371760 0.671317
vt 0.500426 0.763816
vt 0.373149 0.647523
vt 0.372066 0.609107
vt 0.448581 0.719485
vt 0.476124 0.731169
vt 0.391692 0.675596
vt 0.405461 0.693735
vt 0.421231 0.710391
vt 0.441818 0.724546
vt 0.463420 0.738194
vt 0.487527 0.743585
vt 0.421232 0.683476
vt 0.435225 0.699773
vt 0.449941 0.713593
vt 0.470133 0.722217
vt 0.489297 0.725933
vt 0.401548 0.667671
vt 0.422516 0.693691
vt 0.378450 0.622600
vt 0.385804 0.638832
vt 0.465198 0.708064
vt 0.477958 0.712209
vt 0.496391 0.714010
vt 0.454691 0.690682
vt 0.465045 0.702305
vt 0.478566 0.706700
vt 0.492372 0.708390
vt 0.447619 0.680086
vt 0.467017 0.694587
vt 0.479756 0.699067
vt 0.493047 0.700623
vt 0.449125 0.672379
vt 0.458838 0.679833
vt 0.469283 0.685961
vt 0.481146 0.690063
vt 0.493607 0.691443
vt 0.453605 0.664712
vt 0.461577 0.670933
vt 0.471402 0.676350
vt 0.482483 0.680033
vt 0.494088 0.681232
vt 0.456580 0.656402
vt 0.464038 0.661312
vt 0.473344 0.666005
vt 0.483697 0.669263
vt 0.494485 0.670287
vt 0.458489 0.647090
vt 0.465911 0.650812
vt 0.475103 0.655221
vt 0.484810 0.658202
vt 0.494813 0.659044
vt 0.377623 0.582292
vt 0.373094 0.561125
vt 0.374030 0.538706
vt 0.373286 0.516482
vt 0.387134 0.577876
vt 0.384170 0.558297
vt 0.383472 0.536894
vt 0.384060 0.515156
vt 0.396556 0.575093
vt 0.392592 0.556055
vt 0.391652 0.534785
vt 0.394274 0.512734
vt 0.408499 0.586066
vt 0.403511 0.553030
vt 0.401421 0.532460
vt 0.406876 0.570059
vt 0.407652 0.510036
vt 0.414251 0.581293
vt 0.411934 0.566353
vt 0.410143 0.548712
vt 0.409168 0.529585
vt 0.418986 0.577212
vt 0.417206 0.563225
vt 0.415613 0.546358
vt 0.414691 0.528152
vt 0.414741 0.509604
vt 0.424202 0.573620
vt 0.424878 0.559276
vt 0.421292 0.544281
vt 0.420355 0.526878
vt 0.420389 0.509326
vt 0.445285 0.701720
vt 0.457044 0.711165
vt 0.474446 0.716546
vt 0.490659 0.718439
vt 0.411485 0.661203
vt 0.425275 0.681788
vt 0.405136 0.641511
vt 0.388458 0.616310
vt 0.398392 0.642911
vt 0.382554 0.599771
vt 0.434308 0.684768
vt 0.442633 0.696260
vt 0.416702 0.649537
vt 0.413355 0.658223
vt 0.396018 0.611129
vt 0.401327 0.626768
vt 0.391058 0.594852
vt 0.429513 0.668431
vt 0.433769 0.678216
vt 0.452963 0.696934
vt 0.410582 0.618359
vt 0.405998 0.626629
vt 0.402594 0.608711
vt 0.397694 0.591886
vt 0.433680 0.664056
vt 0.448229 0.685781
vt 0.423729 0.647866
vt 0.416425 0.628231
vt 0.404483 0.594669
vt 0.436559 0.656421
vt 0.423063 0.620181
vt 0.423632 0.633177
vt 0.430029 0.645844
vt 0.414619 0.608593
vt 0.443036 0.652756
vt 0.431520 0.633995
vt 0.418630 0.600217
vt 0.446323 0.643108
vt 0.429262 0.614829
vt 0.438535 0.630992
vt 0.426321 0.603515
vt 0.433272 0.606232
vt 0.422264 0.589236
vt 0.447201 0.629307
vt 0.465415 0.639676
vt 0.438495 0.613668
vt 0.430483 0.594418
vt 0.426779 0.567890
vt 0.471908 0.640869
vt 0.476935 0.644603
vt 0.485884 0.647768
vt 0.495028 0.648371
vt 0.478803 0.636890
vt 0.486937 0.639105
vt 0.497687 0.639850
vt 0.426861 0.541918
vt 0.425708 0.525585
vt 0.425733 0.509383
vt 0.431210 0.538193
vt 0.430170 0.524015
vt 0.430192 0.510030
vt 0.451251 0.622233
vt 0.455873 0.623962
vt 0.445334 0.603802
vt 0.436324 0.589779
vt 0.436046 0.579242
vt 0.430054 0.555494
vt 0.460398 0.617321
vt 0.467271 0.619330
vt 0.487000 0.623984
vt 0.495523 0.624945
vt 0.450735 0.599360
vt 0.447802 0.587380
vt 0.439858 0.571927
vt 0.439556 0.558966
vt 0.438225 0.524331
vt 0.438105 0.509099
vt 0.471018 0.614420
vt 0.478388 0.616263
vt 0.460067 0.598381
vt 0.487413 0.610372
vt 0.495694 0.606265
vt 0.454803 0.586947
vt 0.463136 0.588815
vt 0.450960 0.571598
vt 0.442027 0.553524
vt 0.439902 0.539082
vt 0.448637 0.538897
vt 0.444716 0.523765
vt 0.444795 0.508122
vt 0.469444 0.595416
vt 0.479807 0.595738
vt 0.487954 0.595140
vt 0.457087 0.574286
vt 0.473978 0.579557
vt 0.495952 0.587059
vt 0.451278 0.558415
vt 0.466312 0.567789
vt 0.471901 0.572154
vt 0.460350 0.551186
vt 0.464183 0.556158
vt 0.459215 0.538096
vt 0.452380 0.523087
vt 0.451749 0.507787
vt 0.481120 0.578683
vt 0.488397 0.576411
vt 0.482888 0.561262
vt 0.496084 0.570579
vt 0.475795 0.553964
vt 0.470044 0.534160
vt 0.461956 0.522658
vt 0.461994 0.508337
vt 0.489386 0.560235
vt 0.496142 0.560442
vt 0.474098 0.544220
vt 0.481847 0.550065
vt 0.489052 0.549384
vt 0.496224 0.549256
vt 0.474885 0.535629
vt 0.481786 0.536153
vt 0.488990 0.536159
vt 0.496287 0.536124
vt 0.470099 0.521020
vt 0.475357 0.521696
vt 0.481886 0.521921
vt 0.489018 0.521939
vt 0.496328 0.521917
vt 0.470500 0.504204
vt 0.475391 0.508097
vt 0.481912 0.507688
vt 0.489028 0.507515
vt 0.496342 0.507414
vt 0.713652 0.666634
vt 0.562356 0.868783
vt 0.671498 0.805253
vt 0.558530 0.791905
vt 0.587697 0.775074
vt 0.624800 0.727939
vt 0.641146 0.705051
vt 0.641974 0.683492
vt 0.654796 0.671208
vt 0.592995 0.727573
vt 0.518209 0.797797
vt 0.663750 0.644467
vt 0.557371 0.748955
vt 0.619736 0.693892
vt 0.640218 0.661144
vt 0.649002 0.640141
vt 0.659224 0.608034
vt 0.508967 0.732175
vt 0.519712 0.738335
vt 0.565976 0.717363
vt 0.596920 0.692570
vt 0.614226 0.674194
vt 0.628875 0.654185
vt 0.640399 0.632278
vt 0.509812 0.724755
vt 0.531673 0.714469
vt 0.543624 0.715280
vt 0.603976 0.669263
vt 0.621518 0.650219
vt 0.630134 0.636703
vt 0.717509 0.645183
vt 0.730022 0.624329
vt 0.731562 0.600470
vt 0.742978 0.571957
vt 0.742901 0.548091
vt 0.744085 0.508453
vt 0.725990 0.566704
vt 0.726074 0.544679
vt 0.731690 0.504563
vt 0.695236 0.618630
vt 0.702154 0.599061
vt 0.701612 0.581277
vt 0.709636 0.557758
vt 0.714309 0.538105
vt 0.721171 0.502518
vt 0.695827 0.553458
vt 0.705014 0.532947
vt 0.707743 0.494340
vt 0.665601 0.625934
vt 0.672225 0.610878
vt 0.673634 0.590528
vt 0.677936 0.575243
vt 0.681665 0.544600
vt 0.697493 0.527805
vt 0.679011 0.522729
vt 0.688561 0.509013
vt 0.662547 0.588408
vt 0.665610 0.568962
vt 0.668233 0.542103
vt 0.669142 0.513575
vt 0.682069 0.500354
vt 0.649651 0.604584
vt 0.651814 0.595646
vt 0.655719 0.569797
vt 0.653568 0.557298
vt 0.658563 0.541405
vt 0.654347 0.539841
vt 0.657343 0.513741
vt 0.653742 0.522590
vt 0.625713 0.629318
vt 0.635961 0.620359
vt 0.642241 0.607225
vt 0.640694 0.595136
vt 0.646712 0.591652
vt 0.645348 0.582167
vt 0.651103 0.574703
vt 0.650342 0.562041
vt 0.648846 0.555567
vt 0.651405 0.538147
vt 0.649774 0.536203
vt 0.651182 0.504546
vt 0.649716 0.514485
vt 0.648813 0.521160
vt 0.506951 0.707342
vt 0.519597 0.701218
vt 0.527654 0.696285
vt 0.506356 0.699149
vt 0.518358 0.694741
vt 0.528677 0.689678
vt 0.506019 0.689978
vt 0.517508 0.686066
vt 0.529014 0.680276
vt 0.505650 0.679819
vt 0.516464 0.676214
vt 0.528706 0.669181
vt 0.505210 0.668986
vt 0.515197 0.665906
vt 0.525406 0.659775
vt 0.504784 0.657815
vt 0.513948 0.655776
vt 0.521991 0.651343
vt 0.507368 0.716034
vt 0.525109 0.710387
vt 0.547033 0.700426
vt 0.559563 0.694233
vt 0.572376 0.683672
vt 0.603166 0.653828
vt 0.605656 0.659638
vt 0.611065 0.644474
vt 0.543848 0.694962
vt 0.556381 0.684974
vt 0.569464 0.674119
vt 0.601366 0.651082
vt 0.518447 0.707129
vt 0.553691 0.677710
vt 0.566104 0.666805
vt 0.594686 0.646979
vt 0.551902 0.670875
vt 0.563773 0.659313
vt 0.589308 0.641799
vt 0.551538 0.660561
vt 0.560957 0.651547
vt 0.583735 0.636198
vt 0.548566 0.651330
vt 0.557945 0.643283
vt 0.579157 0.629471
vt 0.544537 0.642745
vt 0.553503 0.635576
vt 0.574246 0.622715
vt 0.539906 0.635242
vt 0.549234 0.627704
vt 0.570285 0.614858
vt 0.625934 0.619765
vt 0.631508 0.621386
vt 0.632090 0.612102
vt 0.638925 0.586699
vt 0.642284 0.575058
vt 0.647735 0.566395
vt 0.645700 0.534022
vt 0.645623 0.511927
vt 0.607400 0.636637
vt 0.616391 0.632704
vt 0.624686 0.607866
vt 0.630951 0.601473
vt 0.639165 0.561786
vt 0.641246 0.550003
vt 0.641301 0.530713
vt 0.640247 0.514933
vt 0.607331 0.624974
vt 0.614120 0.624993
vt 0.622277 0.596334
vt 0.630403 0.586812
vt 0.629171 0.576129
vt 0.635473 0.574636
vt 0.634999 0.564901
vt 0.636914 0.547303
vt 0.637421 0.504013
vt 0.636467 0.511980
vt 0.599499 0.631500
vt 0.614729 0.609339
vt 0.624488 0.585807
vt 0.630088 0.561946
vt 0.630212 0.538035
vt 0.631024 0.527958
vt 0.629822 0.518060
vt 0.593793 0.626934
vt 0.600298 0.619295
vt 0.608265 0.607434
vt 0.615088 0.593557
vt 0.618877 0.583768
vt 0.622042 0.573079
vt 0.624665 0.561201
vt 0.626416 0.548467
vt 0.626800 0.537900
vt 0.625179 0.526991
vt 0.625561 0.507422
vt 0.626440 0.517155
vt 0.592932 0.616726
vt 0.603145 0.602403
vt 0.609473 0.590169
vt 0.613137 0.580822
vt 0.616385 0.570714
vt 0.618907 0.559555
vt 0.620815 0.547917
vt 0.619529 0.536571
vt 0.620001 0.506627
vt 0.619440 0.516494
vt 0.586954 0.611960
vt 0.597235 0.598439
vt 0.602992 0.584329
vt 0.607385 0.577089
vt 0.609712 0.566736
vt 0.612953 0.557061
vt 0.615169 0.545044
vt 0.613684 0.519105
vt 0.616802 0.524899
vt 0.614345 0.509338
vt 0.578754 0.608534
vt 0.582911 0.601025
vt 0.589229 0.596086
vt 0.594680 0.586955
vt 0.593564 0.575704
vt 0.601243 0.572276
vt 0.599456 0.559476
vt 0.606455 0.554755
vt 0.609560 0.539016
vt 0.613320 0.534098
vt 0.609478 0.523356
vt 0.613307 0.527485
vt 0.607973 0.509719
vt 0.504563 0.646344
vt 0.517216 0.645944
vt 0.505448 0.636544
vt 0.513694 0.633864
vt 0.532164 0.629373
vt 0.541264 0.621875
vt 0.551463 0.614808
vt 0.566036 0.606710
vt 0.531833 0.615053
vt 0.541559 0.609396
vt 0.556672 0.601472
vt 0.567932 0.598329
vt 0.562163 0.593554
vt 0.504119 0.620403
vt 0.513651 0.618864
vt 0.503774 0.605323
vt 0.511291 0.603612
vt 0.526336 0.601515
vt 0.530349 0.603665
vt 0.538656 0.600876
vt 0.546959 0.598994
vt 0.530052 0.593981
vt 0.540388 0.592719
vt 0.553781 0.589659
vt 0.561170 0.585002
vt 0.505801 0.591392
vt 0.520138 0.586939
vt 0.528714 0.584889
vt 0.536517 0.583375
vt 0.548883 0.579771
vt 0.561047 0.576152
vt 0.525369 0.576872
vt 0.542725 0.573089
vt 0.550445 0.571534
vt 0.557607 0.568802
vt 0.503705 0.574758
vt 0.516657 0.575074
vt 0.519893 0.568547
vt 0.527937 0.568178
vt 0.542004 0.564558
vt 0.549175 0.562706
vt 0.558446 0.559558
vt 0.518054 0.557947
vt 0.526680 0.556745
vt 0.539864 0.555511
vt 0.548178 0.553322
vt 0.555207 0.549242
vt 0.556889 0.539623
vt 0.525959 0.507201
vt 0.553335 0.503175
vt 0.503086 0.560823
vt 0.503432 0.549231
vt 0.516841 0.548212
vt 0.526187 0.546499
vt 0.538887 0.545862
vt 0.549757 0.543896
vt 0.505202 0.535224
vt 0.520108 0.535146
vt 0.538276 0.534685
vt 0.546949 0.533879
vt 0.553485 0.533997
vt 0.504950 0.520344
vt 0.518642 0.521406
vt 0.526019 0.521556
vt 0.538389 0.522171
vt 0.546946 0.521657
vt 0.553092 0.522354
vt 0.503743 0.507276
vt 0.519087 0.506310
vt 0.538949 0.510278
vt 0.547395 0.508876
vt 0.553503 0.512108
vt 0.574965 0.601227
vt 0.573712 0.592196
vt 0.586432 0.586218
vt 0.594918 0.564955
vt 0.598222 0.547302
vt 0.602890 0.537022
vt 0.597259 0.503146
vt 0.601536 0.509432
vt 0.581832 0.579523
vt 0.577539 0.568918
vt 0.586013 0.568451
vt 0.584019 0.553435
vt 0.592215 0.551472
vt 0.597631 0.536229
vt 0.597734 0.522964
vt 0.590083 0.507712
vt 0.597628 0.513607
vt 0.571012 0.578163
vt 0.569621 0.570980
vt 0.581305 0.562926
vt 0.576756 0.556874
vt 0.585558 0.545585
vt 0.586542 0.535597
vt 0.583060 0.516733
vt 0.583632 0.523823
vt 0.582698 0.507266
vt 0.565096 0.565104
vt 0.571048 0.561211
vt 0.566730 0.555039
vt 0.572334 0.550219
vt 0.578038 0.546101
vt 0.568591 0.535255
vt 0.582751 0.533224
vt 0.569032 0.521689
vt 0.579529 0.521460
vt 0.568096 0.508637
vt 0.578104 0.508984
vt 0.562583 0.548775
vt 0.567682 0.544753
vt 0.557879 0.532072
vt 0.558277 0.521951
vt 0.557755 0.513214
vt 0.256664 0.483156
vt 0.256636 0.463809
vt 0.256680 0.445492
vt 0.256815 0.428080
vt 0.257034 0.409544
vt 0.257317 0.391464
vt 0.257656 0.373720
vt 0.258118 0.355690
vt 0.259368 0.331675
vt 0.268240 0.484045
vt 0.274098 0.493996
vt 0.267574 0.464054
vt 0.267669 0.446495
vt 0.269513 0.430245
vt 0.270544 0.411223
vt 0.271714 0.393057
vt 0.272634 0.375343
vt 0.274019 0.357582
vt 0.275452 0.339234
vt 0.277881 0.318878
vt 0.276644 0.480434
vt 0.277239 0.462293
vt 0.275864 0.447093
vt 0.288727 0.415097
vt 0.285935 0.396889
vt 0.290787 0.379963
vt 0.289415 0.361593
vt 0.296250 0.346001
vt 0.298845 0.317809
vt 0.295539 0.485135
vt 0.295964 0.461057
vt 0.296542 0.436272
vt 0.303768 0.424062
vt 0.301114 0.403016
vt 0.309153 0.387630
vt 0.311016 0.368618
vt 0.320313 0.345576
vt 0.310708 0.337400
vt 0.305733 0.483629
vt 0.323522 0.483941
vt 0.306921 0.458963
vt 0.306126 0.440545
vt 0.321801 0.414990
vt 0.323930 0.387787
vt 0.332469 0.366235
vt 0.334433 0.485441
vt 0.324766 0.458921
vt 0.348356 0.465573
vt 0.324110 0.434868
vt 0.339151 0.430846
vt 0.345418 0.417366
vt 0.330021 0.408337
vt 0.344577 0.396125
vt 0.356408 0.482018
vt 0.357023 0.454820
vt 0.367844 0.484545
vt 0.366576 0.464178
vt 0.261790 0.278597
vt 0.262774 0.255874
vt 0.264779 0.227923
vt 0.267258 0.195497
vt 0.271449 0.150960
vt 0.279661 0.279732
vt 0.288763 0.268301
vt 0.292026 0.232632
vt 0.301544 0.197101
vt 0.312960 0.162330
vt 0.341041 0.133361
vt 0.318193 0.246862
vt 0.329462 0.214673
vt 0.344154 0.188648
vt 0.379042 0.128953
vt 0.321681 0.313074
vt 0.346471 0.255080
vt 0.353590 0.231866
vt 0.371696 0.200056
vt 0.407946 0.195586
vt 0.414680 0.160857
vt 0.343768 0.340831
vt 0.331472 0.329116
vt 0.350813 0.309380
vt 0.373746 0.266246
vt 0.396608 0.253307
vt 0.410755 0.233824
vt 0.386940 0.234850
vt 0.458162 0.187990
vt 0.492375 0.178042
vt 0.353319 0.383892
vt 0.353456 0.367680
vt 0.356748 0.331460
vt 0.398590 0.304055
vt 0.413826 0.305717
vt 0.420887 0.294989
vt 0.445675 0.283114
vt 0.459451 0.273550
vt 0.436084 0.234835
vt 0.491073 0.217353
vt 0.366091 0.442461
vt 0.366193 0.420114
vt 0.376521 0.408690
vt 0.377424 0.386852
vt 0.391363 0.372677
vt 0.404776 0.346971
vt 0.431709 0.337658
vt 0.437121 0.332902
vt 0.389883 0.353507
vt 0.424608 0.330624
vt 0.440987 0.314889
vt 0.463359 0.303563
vt 0.492700 0.300628
vt 0.488634 0.279366
vt 0.377099 0.452838
vt 0.384621 0.438810
vt 0.386323 0.419297
vt 0.395997 0.406742
vt 0.387697 0.398588
vt 0.399141 0.389682
vt 0.417787 0.359225
vt 0.434134 0.342856
vt 0.439202 0.338780
vt 0.432379 0.344915
vt 0.446692 0.333268
vt 0.467485 0.320861
vt 0.488976 0.312828
vt 0.288738 0.118893
vt 0.285689 0.078299
vt 0.312488 0.043819
vt 0.391328 0.021313
vt 0.345611 0.099375
vt 0.392370 0.061996
vt 0.459590 0.050490
vt 0.432238 0.089159
vt 0.482992 0.101900
vt 0.474856 0.082229
vt 0.407025 0.139255
vt 0.437670 0.133888
vt 0.478421 0.122698
vt 0.472837 0.154504
vt 0.379216 0.494745
vt 0.387750 0.493134
vt 0.394558 0.489225
vt 0.402767 0.468913
vt 0.400210 0.489829
vt 0.408373 0.456943
vt 0.405225 0.490425
vt 0.407340 0.471892
vt 0.410336 0.490912
vt 0.412197 0.473343
vt 0.414525 0.458591
vt 0.415745 0.491411
vt 0.417384 0.474636
vt 0.420972 0.461621
vt 0.421379 0.491949
vt 0.424880 0.476030
vt 0.386332 0.458328
vt 0.391459 0.442560
vt 0.397682 0.423498
vt 0.401456 0.409494
vt 0.405521 0.415186
vt 0.409525 0.395338
vt 0.418040 0.383386
vt 0.424350 0.368400
vt 0.438947 0.351507
vt 0.453630 0.338708
vt 0.471451 0.329639
vt 0.490049 0.324920
vt 0.490685 0.329072
vt 0.394559 0.457800
vt 0.402157 0.443630
vt 0.402308 0.430521
vt 0.413993 0.398174
vt 0.430386 0.370086
vt 0.444638 0.351339
vt 0.436636 0.365004
vt 0.462573 0.340768
vt 0.476516 0.334842
vt 0.491526 0.333135
vt 0.394464 0.476317
vt 0.405992 0.451681
vt 0.411012 0.428073
vt 0.412243 0.412786
vt 0.420657 0.401309
vt 0.424045 0.385998
vt 0.431683 0.375935
vt 0.456062 0.349613
vt 0.466444 0.342699
vt 0.478639 0.338027
vt 0.492399 0.336361
vt 0.416440 0.414334
vt 0.431353 0.382476
vt 0.441801 0.367871
vt 0.450048 0.360418
vt 0.458063 0.352825
vt 0.468001 0.347188
vt 0.479966 0.342973
vt 0.493050 0.341529
vt 0.414489 0.436615
vt 0.423275 0.410587
vt 0.434610 0.387236
vt 0.450939 0.367724
vt 0.458106 0.360503
vt 0.469305 0.354089
vt 0.481168 0.349942
vt 0.493577 0.348613
vt 0.419272 0.438721
vt 0.427756 0.414637
vt 0.435345 0.399169
vt 0.443782 0.385730
vt 0.455609 0.375035
vt 0.461536 0.367487
vt 0.471381 0.362008
vt 0.482468 0.358285
vt 0.494048 0.357122
vt 0.424660 0.441600
vt 0.432430 0.419529
vt 0.443408 0.399678
vt 0.456605 0.383036
vt 0.463481 0.376270
vt 0.473299 0.370775
vt 0.483678 0.367496
vt 0.494444 0.366523
vt 0.426224 0.462514
vt 0.432038 0.440037
vt 0.440222 0.419515
vt 0.450398 0.405126
vt 0.459056 0.391717
vt 0.467823 0.383273
vt 0.475561 0.379222
vt 0.484831 0.376793
vt 0.494761 0.376084
vt 0.426927 0.493033
vt 0.431179 0.495686
vt 0.430974 0.479317
vt 0.436277 0.455096
vt 0.434941 0.445673
vt 0.440536 0.438435
vt 0.449272 0.434507
vt 0.442798 0.426312
vt 0.452341 0.416835
vt 0.460864 0.408999
vt 0.470003 0.390276
vt 0.476484 0.389092
vt 0.486347 0.397847
vt 0.495250 0.393515
vt 0.485633 0.385534
vt 0.494922 0.384979
vt 0.439742 0.473853
vt 0.440361 0.461584
vt 0.447809 0.447834
vt 0.455659 0.431183
vt 0.462762 0.419590
vt 0.471533 0.413410
vt 0.478839 0.410699
vt 0.495709 0.408029
vt 0.440807 0.488714
vt 0.449363 0.492782
vt 0.449712 0.474293
vt 0.447673 0.460537
vt 0.456246 0.460044
vt 0.455106 0.445355
vt 0.465021 0.438796
vt 0.462413 0.430027
vt 0.472064 0.431452
vt 0.479916 0.429175
vt 0.487641 0.426635
vt 0.495730 0.425265
vt 0.487100 0.412143
vt 0.459449 0.492898
vt 0.450889 0.481606
vt 0.459596 0.475745
vt 0.466458 0.459769
vt 0.461829 0.450637
vt 0.473629 0.450312
vt 0.480769 0.448402
vt 0.488160 0.445293
vt 0.495965 0.440046
vt 0.469373 0.493019
vt 0.460823 0.482716
vt 0.467250 0.472126
vt 0.475843 0.476566
vt 0.473349 0.463107
vt 0.483055 0.468936
vt 0.488746 0.460737
vt 0.496147 0.454885
vt 0.476110 0.488918
vt 0.481887 0.493606
vt 0.489033 0.493386
vt 0.496309 0.493176
vt 0.482047 0.479951
vt 0.489116 0.480395
vt 0.496156 0.480143
vt 0.489394 0.469960
vt 0.498478 0.469662
vt 0.739740 0.254741
vt 0.720240 0.252914
vt 0.685744 0.200764
vt 0.700701 0.256999
vt 0.657699 0.229547
vt 0.677997 0.274024
vt 0.657781 0.271202
vt 0.669281 0.308029
vt 0.622379 0.214420
vt 0.638194 0.222583
vt 0.628688 0.299540
vt 0.642397 0.323016
vt 0.518342 0.219001
vt 0.598855 0.254686
vt 0.643104 0.287264
vt 0.653676 0.305437
vt 0.547310 0.190578
vt 0.571762 0.201976
vt 0.583399 0.242806
vt 0.612940 0.222853
vt 0.629888 0.399748
vt 0.597648 0.344795
vt 0.623812 0.383653
vt 0.512429 0.274830
vt 0.534817 0.278340
vt 0.556073 0.284980
vt 0.572129 0.316714
vt 0.621030 0.321658
vt 0.644182 0.348919
vt 0.543874 0.232462
vt 0.565509 0.241266
vt 0.584053 0.261344
vt 0.626539 0.437983
vt 0.608332 0.407921
vt 0.623810 0.423313
vt 0.559352 0.353094
vt 0.585034 0.372640
vt 0.598719 0.381931
vt 0.612169 0.394656
vt 0.510690 0.316299
vt 0.531157 0.323489
vt 0.552188 0.336079
vt 0.575622 0.336577
vt 0.512962 0.298516
vt 0.533012 0.302772
vt 0.553235 0.310133
vt 0.743865 0.493211
vt 0.744182 0.478791
vt 0.744210 0.461600
vt 0.744250 0.441611
vt 0.744281 0.420452
vt 0.744374 0.400062
vt 0.744274 0.368533
vt 0.741922 0.383635
vt 0.743747 0.332808
vt 0.741269 0.355021
vt 0.742413 0.305771
vt 0.731649 0.491148
vt 0.733043 0.477624
vt 0.732782 0.461164
vt 0.732915 0.441323
vt 0.732928 0.420224
vt 0.721971 0.388069
vt 0.732637 0.398248
vt 0.720238 0.359139
vt 0.731652 0.370306
vt 0.726110 0.313585
vt 0.729924 0.343042
vt 0.722721 0.274661
vt 0.729707 0.305643
vt 0.718671 0.486311
vt 0.722255 0.474469
vt 0.721558 0.461185
vt 0.722338 0.441063
vt 0.722449 0.421429
vt 0.721923 0.403672
vt 0.716183 0.376718
vt 0.706405 0.305534
vt 0.714516 0.339539
vt 0.705810 0.281354
vt 0.707094 0.478823
vt 0.707978 0.460965
vt 0.714079 0.454477
vt 0.699643 0.438889
vt 0.713697 0.439393
vt 0.713590 0.420922
vt 0.700921 0.383249
vt 0.708085 0.395813
vt 0.714353 0.406709
vt 0.696569 0.352986
vt 0.704004 0.364957
vt 0.691863 0.316137
vt 0.703448 0.343522
vt 0.691090 0.283322
vt 0.699105 0.475988
vt 0.698317 0.458638
vt 0.683497 0.436970
vt 0.697703 0.417484
vt 0.683502 0.377737
vt 0.691175 0.390237
vt 0.698758 0.400989
vt 0.674624 0.341342
vt 0.685950 0.358306
vt 0.693586 0.370668
vt 0.686436 0.335865
vt 0.666144 0.488095
vt 0.677432 0.483222
vt 0.664172 0.469235
vt 0.671232 0.459435
vt 0.681068 0.457976
vt 0.671740 0.434887
vt 0.681381 0.414280
vt 0.662553 0.368151
vt 0.673824 0.385981
vt 0.681847 0.396510
vt 0.658997 0.342022
vt 0.671682 0.360339
vt 0.656111 0.486836
vt 0.655483 0.459992
vt 0.663184 0.450872
vt 0.644092 0.420285
vt 0.652205 0.432174
vt 0.662819 0.432307
vt 0.637301 0.410395
vt 0.654572 0.407014
vt 0.663786 0.410946
vt 0.648672 0.373414
vt 0.663878 0.390523
vt 0.647024 0.485574
vt 0.646044 0.496236
vt 0.632798 0.445163
vt 0.642386 0.459964
vt 0.636114 0.428345
vt 0.643603 0.440689
vt 0.737365 0.188372
vt 0.623908 0.022277
vt 0.707262 0.060008
vt 0.715567 0.081503
vt 0.732057 0.092386
vt 0.732006 0.138956
vt 0.735236 0.166496
vt 0.705770 0.184630
vt 0.715042 0.191144
vt 0.556279 0.050500
vt 0.675104 0.066922
vt 0.687492 0.077324
vt 0.686542 0.118273
vt 0.699329 0.146382
vt 0.536107 0.081509
vt 0.589213 0.093364
vt 0.626830 0.112076
vt 0.653683 0.133698
vt 0.671425 0.156739
vt 0.681637 0.178693
vt 0.530313 0.133224
vt 0.613113 0.166437
vt 0.639163 0.187792
vt 0.664095 0.208298
vt 0.529323 0.108947
vt 0.566699 0.123174
vt 0.600880 0.137940
vt 0.631068 0.152161
vt 0.659452 0.177681
vt 0.521635 0.172387
vt 0.553196 0.157025
vt 0.583062 0.168116
vt 0.599848 0.202541
vt 0.574721 0.146092
vt 0.622886 0.441679
vt 0.584328 0.402957
vt 0.604290 0.418024
vt 0.615423 0.433226
vt 0.557021 0.359444
vt 0.565042 0.371584
vt 0.579677 0.389129
vt 0.593487 0.397760
vt 0.509438 0.327454
vt 0.528456 0.336450
vt 0.547280 0.350473
vt 0.556096 0.366969
vt 0.510177 0.331800
vt 0.580592 0.404702
vt 0.585466 0.414033
vt 0.597037 0.423520
vt 0.608119 0.436315
vt 0.571734 0.393438
vt 0.526655 0.339576
vt 0.543206 0.353462
vt 0.564455 0.389516
vt 0.536132 0.353687
vt 0.545636 0.362801
vt 0.590177 0.429838
vt 0.567207 0.398019
vt 0.578100 0.411414
vt 0.582959 0.421853
vt 0.553083 0.374753
vt 0.507126 0.337786
vt 0.518699 0.343105
vt 0.599696 0.439571
vt 0.570421 0.409270
vt 0.552629 0.381204
vt 0.521709 0.348019
vt 0.528407 0.354482
vt 0.545636 0.370290
vt 0.506128 0.343209
vt 0.589253 0.434704
vt 0.568722 0.415078
vt 0.576825 0.424730
vt 0.560067 0.402240
vt 0.538818 0.371039
vt 0.549323 0.384837
vt 0.505836 0.350209
vt 0.517068 0.354187
vt 0.526046 0.359683
vt 0.564752 0.419778
vt 0.574733 0.431018
vt 0.557904 0.409670
vt 0.532236 0.373605
vt 0.543733 0.386730
vt 0.505464 0.358610
vt 0.515928 0.362225
vt 0.524678 0.367149
vt 0.580477 0.443980
vt 0.560317 0.424780
vt 0.567754 0.433308
vt 0.553019 0.413797
vt 0.532763 0.384459
vt 0.542604 0.399487
vt 0.505063 0.367851
vt 0.514847 0.371063
vt 0.522869 0.374935
vt 0.564590 0.440407
vt 0.548223 0.421222
vt 0.555138 0.429361
vt 0.536289 0.403133
vt 0.515602 0.383400
vt 0.521527 0.383745
vt 0.504647 0.377238
vt 0.640690 0.480014
vt 0.640819 0.494233
vt 0.626365 0.450356
vt 0.634053 0.465448
vt 0.633421 0.474295
vt 0.615090 0.442350
vt 0.638005 0.489409
vt 0.622562 0.452023
vt 0.623531 0.459596
vt 0.630442 0.479033
vt 0.616211 0.453023
vt 0.632898 0.491360
vt 0.631457 0.498114
vt 0.623684 0.466432
vt 0.615304 0.457884
vt 0.626525 0.486831
vt 0.618437 0.466233
vt 0.622800 0.476043
vt 0.608487 0.450196
vt 0.620574 0.485083
vt 0.623374 0.495715
vt 0.612874 0.466464
vt 0.617038 0.475379
vt 0.591436 0.438794
vt 0.606560 0.455112
vt 0.614675 0.485125
vt 0.617603 0.495381
vt 0.607150 0.467616
vt 0.611211 0.475979
vt 0.586715 0.441200
vt 0.600970 0.457713
vt 0.608800 0.486530
vt 0.611810 0.496743
vt 0.601444 0.469682
vt 0.605450 0.477643
vt 0.594693 0.459330
vt 0.602929 0.488821
vt 0.604098 0.498496
vt 0.595868 0.472643
vt 0.598904 0.481097
vt 0.583976 0.457854
vt 0.590657 0.466957
vt 0.556453 0.443849
vt 0.561710 0.449132
vt 0.545158 0.431039
vt 0.551808 0.438868
vt 0.532094 0.409280
vt 0.504131 0.399545
vt 0.512417 0.388750
vt 0.523011 0.399662
vt 0.503893 0.385545
vt 0.545140 0.445128
vt 0.549267 0.450995
vt 0.557423 0.456139
vt 0.529813 0.422903
vt 0.542256 0.439382
vt 0.519637 0.416862
vt 0.513542 0.407094
vt 0.524842 0.410343
vt 0.559137 0.472628
vt 0.534601 0.448247
vt 0.538786 0.453939
vt 0.547338 0.461333
vt 0.565148 0.467949
vt 0.520615 0.432805
vt 0.504013 0.427761
vt 0.511777 0.416481
vt 0.527010 0.430813
vt 0.503660 0.412255
vt 0.562870 0.489387
vt 0.531410 0.465320
vt 0.538674 0.473781
vt 0.551052 0.475798
vt 0.558332 0.480928
vt 0.516996 0.452383
vt 0.536849 0.463607
vt 0.544677 0.467489
vt 0.503846 0.440847
vt 0.511406 0.449827
vt 0.518361 0.438389
vt 0.511481 0.432496
vt 0.519768 0.490134
vt 0.527035 0.491868
vt 0.540123 0.492679
vt 0.548560 0.494291
vt 0.556181 0.493868
vt 0.508505 0.472967
vt 0.527903 0.478235
vt 0.535011 0.481191
vt 0.542242 0.482953
vt 0.552246 0.485718
vt 0.503853 0.463174
vt 0.511472 0.463413
vt 0.524599 0.470221
vt 0.503721 0.451215
vt 0.503689 0.492848
vt 0.520028 0.501552
vt 0.538912 0.500457
vt 0.545465 0.500679
vt 0.505967 0.478144
vt 0.588885 0.487828
vt 0.596657 0.492462
vt 0.583831 0.471659
vt 0.589897 0.476773
vt 0.575531 0.459120
vt 0.580616 0.466648
vt 0.588536 0.498465
vt 0.576859 0.472502
vt 0.582837 0.483723
vt 0.571597 0.465171
vt 0.576160 0.490547
vt 0.581822 0.495049
vt 0.568299 0.475318
vt 0.574937 0.482149
vt 0.571564 0.495787
vt 0.577209 0.499523
vt 0.567996 0.484743
vt 0.566183 0.499598
vn -0.863252 -0.379409 -0.332932
vn -0.922279 -0.147527 -0.357263
vn -0.711495 -0.598412 -0.368346
vn -0.754028 -0.341023 -0.561378
vn -0.785620 -0.412569 -0.461073
vn -0.791933 -0.163859 -0.588211
vn -0.861783 -0.165507 -0.479518
vn -0.551684 -0.792197 -0.260898
vn -0.620198 -0.623755 -0.475694
vn -0.606198 -0.727961 -0.320307
vn -0.657805 -0.342251 -0.670938
vn -0.668285 -0.437773 -0.601457
vn -0.687811 -0.516127 -0.510421
vn -0.673253 -0.173698 -0.718720
vn -0.443987 -0.786472 -0.429345
vn -0.470385 -0.823392 -0.317432
vn -0.463280 -0.621006 -0.632236
vn -0.522835 -0.662531 -0.536374
vn -0.533179 -0.749114 -0.393126
vn -0.575306 -0.481452 -0.661232
vn -0.565709 -0.097262 -0.818849
vn -0.602935 -0.210352 -0.769559
vn -0.393952 -0.862456 -0.317760
vn -0.337349 -0.806286 -0.485900
vn -0.368448 -0.850735 -0.374827
vn -0.393092 -0.727777 -0.561978
vn -0.422144 -0.392357 -0.817221
vn -0.479709 -0.480742 -0.734007
vn -0.449618 -0.215865 -0.866744
vn -0.540397 -0.319543 -0.778372
vn -0.286169 -0.880417 -0.378118
vn -0.323515 -0.883848 -0.337861
vn -0.243023 -0.798002 -0.551483
vn -0.277441 -0.616798 -0.736605
vn -0.338877 -0.681210 -0.648934
vn -0.366062 -0.466777 -0.805057
vn -0.386079 -0.565683 -0.728660
vn -0.367447 -0.104673 -0.924135
vn -0.215061 -0.904974 -0.367111
vn -0.221098 -0.868142 -0.444347
vn -0.239066 -0.727477 -0.643137
vn -0.188917 -0.347050 -0.918622
vn -0.285497 -0.465470 -0.837752
vn -0.252063 -0.172489 -0.952214
vn -0.343272 -0.314105 -0.885156
vn -0.905853 -0.373607 -0.199618
vn -0.919390 -0.384132 -0.084643
vn -0.923114 -0.383651 0.025939
vn -0.932614 -0.341560 0.116479
vn -0.936103 -0.288523 0.201162
vn -0.969533 -0.166240 -0.179917
vn -0.975924 -0.210226 -0.058116
vn -0.970850 -0.238479 0.024046
vn -0.966007 -0.220474 0.134989
vn -0.952742 -0.180982 0.243984
vn -0.731582 -0.676597 -0.083689
vn -0.734138 -0.678792 -0.016791
vn -0.745838 -0.663575 0.058254
vn -0.724790 -0.644376 -0.243842
vn -0.738564 -0.658538 -0.144398
vn -0.798696 -0.601730 -0.002464
vn -0.804555 -0.588288 0.081285
vn -0.849601 -0.513491 0.120438
vn -0.804249 -0.546468 -0.233573
vn -0.820597 -0.557331 -0.126502
vn -0.842715 -0.537210 -0.035176
vn -0.870119 -0.488789 0.063076
vn -0.887932 -0.442869 0.124276
vn -0.924159 -0.332366 0.188315
vn -0.943623 -0.150451 0.294858
vn -0.620890 -0.774905 -0.118396
vn -0.641609 -0.763817 -0.070144
vn -0.594103 -0.804374 0.004969
vn -0.613688 -0.782770 0.103234
vn -0.552711 -0.813122 -0.182602
vn -0.688647 -0.725008 0.011353
vn -0.679560 -0.727303 0.096061
vn -0.574642 -0.800803 0.168822
vn -0.636981 -0.734613 -0.233664
vn -0.655784 -0.737482 -0.161457
vn -0.718821 -0.678809 0.150049
vn -0.454110 -0.849287 -0.269250
vn -0.520516 -0.824148 -0.223257
vn -0.523697 -0.845875 -0.101179
vn -0.520426 -0.847778 0.102123
vn -0.543714 -0.820942 0.174441
vn -0.470806 -0.855911 0.213913
vn -0.439691 -0.876669 -0.195253
vn -0.383338 -0.917694 -0.104357
vn -0.452523 -0.891751 0.001896
vn -0.411685 -0.906635 0.092347
vn -0.446082 -0.878289 0.172105
vn -0.333581 -0.898275 -0.286053
vn -0.353318 -0.907758 -0.226148
vn -0.312811 -0.949816 0.000309
vn -0.300316 -0.947471 0.110042
vn -0.370566 -0.906116 0.204045
vn -0.325524 -0.905060 0.273681
vn -0.221187 -0.905170 -0.362966
vn -0.249884 -0.918000 -0.307951
vn -0.249005 -0.943494 -0.218670
vn -0.258178 -0.959650 -0.111425
vn -0.245598 -0.944962 0.216169
vn -0.248894 -0.924334 0.289239
vn -0.068365 -0.903958 -0.422121
vn -0.132284 -0.914138 -0.383214
vn -0.150892 -0.824597 -0.545226
vn -0.142805 -0.888273 -0.436552
vn -0.180972 -0.647223 -0.740508
vn -0.145712 -0.747835 -0.647696
vn -0.154353 -0.533944 -0.831312
vn -0.103281 -0.152788 -0.982847
vn -0.059654 -0.920736 -0.385598
vn 0.013216 -0.766268 -0.642386
vn -0.074169 -0.816079 -0.573162
vn -0.062726 -0.869920 -0.489188
vn 0.012279 -0.548948 -0.835766
vn -0.081661 -0.663984 -0.743274
vn -0.072180 -0.399934 -0.913697
vn 0.012685 -0.906129 -0.422812
vn 0.016445 -0.921950 -0.386958
vn 0.010133 -0.856716 -0.515689
vn 0.010422 -0.677572 -0.735383
vn 0.010875 -0.343291 -0.939166
vn 0.010572 -0.160279 -0.987015
vn 0.086300 -0.902542 -0.421866
vn 0.093473 -0.919903 -0.380844
vn 0.090043 -0.835255 -0.542441
vn 0.104677 -0.667868 -0.736882
vn 0.166758 -0.746357 -0.644316
vn 0.096065 -0.398112 -0.912293
vn 0.178176 -0.532790 -0.827277
vn 0.125121 -0.149372 -0.980833
vn 0.151635 -0.914844 -0.374256
vn 0.172298 -0.819382 -0.546741
vn 0.162817 -0.886821 -0.432480
vn 0.203351 -0.642240 -0.739037
vn 0.215591 -0.348809 -0.912060
vn 0.234103 -0.898489 -0.371368
vn 0.266210 -0.790852 -0.551076
vn 0.241225 -0.863764 -0.442406
vn 0.305595 -0.607852 -0.732890
vn 0.258623 -0.721367 -0.642451
vn 0.302505 -0.465673 -0.831649
vn 0.263007 -0.166077 -0.950393
vn 0.373075 -0.313591 -0.873199
vn 0.325231 -0.807342 -0.492365
vn 0.251158 -0.869152 -0.426021
vn 0.365349 -0.671178 -0.645011
vn 0.393448 -0.731586 -0.556759
vn 0.401932 -0.433384 -0.806616
vn 0.409881 -0.553272 -0.725181
vn 0.385520 -0.142949 -0.911559
vn 0.221421 -0.905815 -0.361209
vn 0.303539 -0.803852 -0.511553
vn 0.475887 -0.603537 -0.639745
vn 0.450205 -0.359189 -0.817496
vn 0.491952 -0.472123 -0.731494
vn 0.569451 -0.163659 -0.805569
vn 0.548851 -0.349945 -0.759145
vn -0.146820 -0.969062 -0.198400
vn -0.140691 -0.986399 -0.084985
vn -0.180968 -0.983489 0.000180
vn -0.177549 -0.979544 0.094712
vn -0.121065 -0.974839 0.187167
vn -0.153642 -0.929243 -0.336009
vn -0.171300 -0.941185 0.291250
vn -0.065597 -0.972951 -0.221502
vn -0.020290 -0.995965 -0.087414
vn -0.027241 -0.999623 0.003503
vn -0.050203 -0.995822 0.076279
vn -0.069880 -0.934207 -0.349821
vn -0.091369 -0.953826 0.286125
vn 0.022791 -0.971895 -0.234311
vn 0.045722 -0.995847 0.078733
vn -0.008911 -0.979505 0.201222
vn 0.019916 -0.934654 -0.355000
vn -0.054910 -0.963622 0.261566
vn 0.096938 -0.971359 -0.216945
vn 0.082344 -0.995497 -0.046964
vn 0.106893 -0.982710 0.151181
vn 0.108182 -0.931764 -0.346572
vn 0.010397 -0.977361 0.211324
vn 0.174060 -0.962694 -0.207178
vn 0.180206 -0.977014 -0.113879
vn 0.171542 -0.984943 -0.021467
vn 0.155298 -0.986087 0.059293
vn 0.190733 -0.916584 -0.351419
vn 0.198537 -0.931607 -0.304454
vn 0.175751 -0.982944 0.054150
vn 0.104326 -0.984750 0.139226
vn 0.023183 -0.988706 0.148066
vn 0.185694 -0.950371 -0.249627
vn 0.171401 -0.972467 -0.157893
vn 0.141017 -0.987963 -0.063587
vn 0.084379 -0.995501 0.043101
vn 0.007915 -0.996956 0.077562
vn 0.191408 -0.926784 -0.323164
vn 0.052480 -0.997072 -0.055608
vn 0.015140 -0.999854 -0.007896
vn -0.039172 -0.999042 0.019496
vn 0.077518 -0.957253 -0.278673
vn 0.055922 -0.979071 -0.195685
vn 0.035956 -0.990498 -0.132744
vn -0.013307 -0.995907 -0.089402
vn -0.043802 -0.997645 -0.052786
vn 0.153234 -0.896218 -0.416309
vn 0.106849 -0.925947 -0.362222
vn 0.177646 -0.811058 -0.557340
vn 0.481378 -0.625045 -0.614487
vn 0.369546 -0.690643 -0.621650
vn 0.224403 -0.740271 -0.633753
vn 0.546650 -0.463642 -0.697287
vn 0.445339 -0.546066 -0.709566
vn 0.610727 -0.228320 -0.758210
vn 0.554785 -0.222731 -0.801626
vn 0.055179 -0.763395 -0.643570
vn 0.218710 -0.607154 -0.763891
vn 0.517673 -0.400024 -0.756304
vn 0.359315 -0.439410 -0.823293
vn 0.629545 -0.110443 -0.769074
vn 0.413300 -0.291184 -0.862783
vn 0.024095 -0.641205 -0.766991
vn -0.048813 -0.740154 -0.670663
vn 0.062235 -0.520138 -0.851812
vn 0.122749 -0.368035 -0.921674
vn 0.448441 -0.106613 -0.887431
vn 0.205733 -0.182353 -0.961468
vn -0.041324 -0.809909 -0.585099
vn -0.064381 -0.608953 -0.790589
vn -0.073538 -0.493016 -0.866907
vn -0.107608 -0.362780 -0.925641
vn -0.404731 -0.191337 -0.894194
vn -0.188064 -0.204620 -0.960605
vn -0.088679 -0.657382 -0.748321
vn -0.145512 -0.530269 -0.835249
vn -0.335194 -0.441866 -0.832105
vn -0.238276 -0.430272 -0.870684
vn -0.448405 -0.291452 -0.844978
vn -0.424901 -0.306526 -0.851764
vn -0.318080 -0.324688 -0.890732
vn -0.163574 -0.616571 -0.770119
vn -0.296033 -0.502310 -0.812434
vn -0.231937 -0.533015 -0.813696
vn -0.350564 -0.378147 -0.856802
vn -0.046437 -0.720775 -0.691611
vn -0.110896 -0.672062 -0.732144
vn -0.198625 -0.571302 -0.796343
vn -0.279778 -0.401067 -0.872278
vn 0.017882 -0.821282 -0.570241
vn -0.036169 -0.754821 -0.654933
vn -0.083491 -0.679215 -0.729175
vn -0.119864 -0.585493 -0.801767
vn -0.054039 -0.346923 -0.936336
vn -0.163077 -0.454421 -0.875732
vn -0.020452 -0.960272 -0.278315
vn -0.025820 -0.976084 -0.215854
vn -0.038908 -0.985308 -0.166295
vn 0.046801 -0.892961 -0.447694
vn -0.001885 -0.920370 -0.391044
vn -0.014639 -0.939938 -0.341032
vn 0.093227 -0.859199 -0.503076
vn -0.046415 -0.990499 -0.129453
vn -0.064853 -0.997340 -0.033275
vn -0.031963 -0.867088 -0.497129
vn -0.011875 -0.825344 -0.564505
vn -0.035413 -0.972097 -0.231890
vn -0.047300 -0.995788 -0.078548
vn -0.051926 -0.911057 -0.408996
vn -0.043051 -0.999005 0.011609
vn -0.032299 -0.935710 -0.351289
vn -0.048919 -0.950626 -0.306459
vn -0.041265 -0.982970 -0.179073
vn -0.034501 -0.998666 -0.038418
vn -0.041800 -0.871976 -0.487762
vn -0.016340 -0.996602 -0.080729
vn -0.011009 -0.960511 -0.278024
vn -0.008067 -0.982304 -0.187118
vn -0.012764 -0.907887 -0.419020
vn -0.000543 -0.999735 -0.023030
vn 0.004437 -0.990755 -0.135590
vn -0.003877 -0.866665 -0.498875
vn 0.014078 -0.997239 -0.072918
vn 0.006520 -0.937234 -0.348639
vn 0.013610 -0.973008 -0.230369
vn -0.866176 -0.468101 0.174985
vn -0.859861 -0.435641 0.266188
vn -0.813786 -0.381245 0.438639
vn -0.944498 -0.223342 0.240921
vn -0.938997 -0.128148 0.319159
vn -0.864779 -0.096568 0.492780
vn -0.932176 -0.059127 0.357144
vn -0.887836 0.064096 0.455675
vn -0.848029 0.113092 0.517743
vn -0.579496 -0.767214 0.274894
vn -0.699677 -0.667226 0.255463
vn -0.727449 -0.508603 0.460587
vn -0.723164 -0.360420 0.589179
vn -0.807088 -0.086913 0.583999
vn -0.756550 -0.057240 0.651426
vn -0.791647 0.161377 0.589281
vn -0.732713 0.173945 0.657932
vn -0.440097 -0.867619 0.231415
vn -0.503409 -0.779996 0.371733
vn -0.596527 -0.653915 0.465350
vn -0.640749 -0.486757 0.593725
vn -0.643707 -0.333131 0.688959
vn -0.713657 -0.036047 0.699567
vn -0.671976 -0.024724 0.740160
vn -0.649414 0.261274 0.714141
vn -0.649466 0.266682 0.712092
vn -0.633250 0.248208 0.733067
vn -0.398242 -0.885465 0.239489
vn -0.335003 -0.911167 0.239890
vn -0.374803 -0.880025 0.291682
vn -0.454539 -0.765645 0.455173
vn -0.518770 -0.640770 0.565943
vn -0.568520 -0.468323 0.676356
vn -0.578983 -0.310678 0.753829
vn -0.634509 -0.009905 0.772852
vn -0.606174 -0.001484 0.795331
vn -0.564240 0.328058 0.757635
vn -0.565691 0.287291 0.772954
vn -0.326251 -0.901923 0.283012
vn -0.297597 -0.915363 0.271194
vn -0.340060 -0.867657 0.362671
vn -0.406135 -0.759277 0.508481
vn -0.392521 -0.715050 0.578473
vn -0.486458 -0.611652 0.623892
vn -0.520204 -0.440165 0.731876
vn -0.492326 -0.306846 0.814531
vn -0.577210 0.008309 0.816554
vn -0.534458 0.012586 0.845102
vn -0.509934 0.381322 0.771078
vn -0.481660 0.315902 0.817441
vn -0.247628 -0.927567 0.279821
vn -0.255263 -0.913532 0.316703
vn -0.290167 -0.853054 0.433708
vn -0.397743 -0.593669 0.699541
vn -0.390140 0.536460 0.748333
vn -0.181257 -0.943730 0.276623
vn -0.198194 -0.946179 0.255861
vn -0.313123 -0.751322 0.580921
vn -0.321303 -0.688590 0.650083
vn -0.416313 -0.421577 0.805578
vn -0.398711 -0.275676 0.874661
vn -0.465312 0.020763 0.884903
vn -0.459523 0.021885 0.887896
vn -0.405529 0.416245 0.813810
vn -0.391493 0.308586 0.866895
vn -0.124633 -0.949730 0.287193
vn -0.150247 -0.960384 0.234710
vn -0.202097 -0.922101 0.329978
vn -0.210174 -0.895191 0.393015
vn -0.240589 -0.836427 0.492449
vn -0.320383 -0.561630 0.762841
vn -0.288658 0.020227 0.957219
vn -0.308587 0.550885 0.775435
vn -0.122564 -0.970436 0.207925
vn -0.156760 -0.959121 0.235611
vn -0.257849 -0.709312 0.656041
vn -0.259009 -0.630647 0.731572
vn -0.293896 -0.381688 0.876321
vn -0.302734 0.020771 0.952848
vn -0.286919 0.403122 0.869005
vn -0.063513 -0.980204 0.187528
vn -0.127286 -0.973068 0.192188
vn -0.177122 -0.903641 0.389949
vn -0.173931 -0.874487 0.452792
vn -0.206793 -0.799373 0.564128
vn -0.334833 -0.376520 0.863782
vn -0.390240 0.022368 0.920441
vn -0.328406 0.407351 0.852182
vn -0.033246 -0.990635 0.132431
vn -0.086554 -0.988191 0.126438
vn -0.100289 -0.980279 0.170279
vn -0.111110 -0.963378 0.244042
vn -0.137304 -0.943825 0.300570
vn -0.213404 -0.660632 0.719739
vn -0.251669 -0.498788 0.829381
vn -0.238351 0.526729 0.815932
vn -0.133589 -0.918608 0.371904
vn -0.139172 -0.876118 0.461571
vn -0.165964 -0.806147 0.567963
vn -0.068664 -0.996108 0.055264
vn -0.080937 -0.987893 0.132351
vn -0.116537 -0.852777 0.509107
vn -0.138226 -0.764937 0.629098
vn -0.074254 -0.994303 0.076472
vn -0.078702 -0.953895 0.289638
vn -0.102620 -0.930516 0.351582
vn -0.090925 -0.897972 0.430556
vn -0.301286 -0.262554 0.916675
vn -0.339668 0.021614 0.940297
vn -0.298235 0.302817 0.905184
vn -0.175686 -0.575317 0.798839
vn -0.199928 -0.327290 0.923531
vn -0.206898 0.017994 0.978197
vn -0.206439 0.371401 0.905232
vn -0.167369 -0.610657 0.774006
vn -0.237866 -0.338329 0.910469
vn -0.285992 0.315584 0.904774
vn -0.230855 -0.288256 0.929309
vn -0.300459 0.006032 0.953776
vn -0.287725 -0.040888 0.956840
vn -0.301040 0.208310 0.930581
vn -0.066954 -0.997322 0.029434
vn -0.068732 -0.981596 0.178174
vn -0.062737 -0.970476 0.232895
vn -0.075062 -0.855072 0.513047
vn -0.100697 -0.774591 0.624395
vn -0.038758 -0.995609 0.085207
vn -0.043026 -0.990269 0.132348
vn -0.060716 -0.932048 0.357211
vn -0.037911 -0.982107 0.184469
vn -0.034273 -0.957372 0.286817
vn -0.028306 -0.939579 0.341159
vn -0.040475 -0.909579 0.413556
vn -0.024351 -0.973840 0.225928
vn -0.025628 -0.870527 0.491453
vn -0.011075 -0.998234 0.058357
vn -0.011082 -0.982580 0.185508
vn 0.001414 -0.999816 0.019129
vn 0.001585 -0.995252 0.097321
vn 0.000098 -0.989851 0.142107
vn 0.005095 -0.973435 0.228905
vn 0.005800 -0.960309 0.278878
vn 0.003581 -0.939357 0.342922
vn 0.005141 -0.905954 0.423345
vn -0.158171 -0.507597 0.846952
vn -0.386316 0.325477 0.863032
vn -0.288178 0.159720 0.944163
vn -0.109021 -0.640080 0.760534
vn -0.158231 -0.313911 0.936175
vn -0.228571 -0.151725 0.961631
vn -0.503381 0.199221 0.840785
vn -0.418399 -0.010354 0.908204
vn -0.170068 -0.468886 0.866731
vn -0.264530 -0.282139 0.922183
vn -0.442629 -0.270753 0.854852
vn -0.545001 -0.430095 0.719717
vn -0.050991 -0.818615 0.572075
vn -0.067207 -0.741042 0.668086
vn -0.094765 -0.620578 0.778398
vn -0.285807 -0.448722 0.846736
vn -0.346095 -0.536281 0.769819
vn -0.388802 -0.416363 0.821873
vn -0.447938 -0.527371 0.721963
vn -0.466335 -0.500848 0.729166
vn -0.181653 -0.574484 0.798104
vn -0.287204 -0.605772 0.741993
vn -0.367015 -0.628653 0.685635
vn -0.381314 -0.628899 0.677559
vn -0.016327 -0.814605 0.579786
vn -0.025929 -0.739853 0.672268
vn -0.045852 -0.678227 0.733420
vn -0.140835 -0.634552 0.759940
vn -0.212178 -0.680402 0.701451
vn -0.290323 -0.684923 0.668276
vn -0.265023 -0.681695 0.681950
vn -0.100184 -0.678986 0.727283
vn -0.112972 -0.723145 0.681395
vn -0.162158 -0.706782 0.688596
vn -0.024881 -0.697880 0.715783
vn -0.040779 -0.744388 0.666501
vn -0.056251 -0.727903 0.683369
vn -0.928604 0.048919 -0.367833
vn -0.910028 0.177014 -0.374853
vn -0.795682 0.061060 -0.602629
vn -0.868584 0.069896 -0.490589
vn -0.781592 0.264770 -0.564811
vn -0.853941 0.281642 -0.437564
vn -0.773321 0.397479 -0.493948
vn -0.685086 0.064910 -0.725565
vn -0.672964 0.247313 -0.697105
vn -0.689771 0.325552 -0.646709
vn -0.722554 0.408447 -0.557752
vn -0.657707 0.473747 -0.585650
vn -0.683545 0.463048 -0.564228
vn -0.645823 0.503439 -0.573988
vn -0.547788 0.070241 -0.833663
vn -0.595424 0.224590 -0.771382
vn -0.557799 0.361408 -0.747158
vn -0.616760 0.425907 -0.661974
vn -0.549108 0.502119 -0.668100
vn -0.573160 0.518291 -0.634713
vn -0.605413 0.494316 -0.623800
vn -0.531662 0.557917 -0.637232
vn -0.547445 0.646872 -0.530905
vn -0.448019 0.320538 -0.834586
vn -0.383864 0.484609 -0.786004
vn -0.437577 0.529093 -0.727040
vn -0.497372 0.566647 -0.656911
vn -0.445766 0.558994 -0.699156
vn -0.431136 0.594367 -0.678859
vn -0.458396 0.655565 -0.600090
vn -0.366393 0.067780 -0.927988
vn -0.330314 0.250700 -0.909968
vn -0.389761 0.349134 -0.852169
vn -0.323622 0.586960 -0.742123
vn -0.346437 0.596065 -0.724354
vn -0.344488 0.553480 -0.758279
vn -0.344441 0.570985 -0.745209
vn -0.358105 0.667616 -0.652725
vn -0.291007 0.763367 -0.576703
vn -0.182886 0.064240 -0.981033
vn -0.249857 0.444253 -0.860355
vn -0.250966 0.576408 -0.777669
vn -0.245358 0.617185 -0.747584
vn -0.253173 0.576238 -0.777080
vn -0.256844 0.599336 -0.758174
vn -0.255895 0.697661 -0.669168
vn -0.977740 0.018099 -0.209040
vn -0.993834 -0.047712 -0.100083
vn -0.995544 -0.087909 -0.034133
vn -0.991996 -0.117561 0.046082
vn -0.984607 -0.121096 0.126035
vn -0.970356 -0.102304 0.218957
vn -0.951297 -0.088605 0.295268
vn -0.925820 0.219207 -0.307906
vn -0.968238 0.135063 -0.210410
vn -0.984923 0.086238 -0.149967
vn -0.997109 0.039220 -0.065077
vn -0.999553 0.012345 0.027226
vn -0.991505 0.001382 0.130064
vn -0.972885 0.003312 0.231264
vn -0.949351 0.015030 0.313858
vn -0.914802 0.275994 -0.294898
vn -0.966767 0.175670 -0.185746
vn -0.984209 0.151711 -0.091196
vn -0.990587 0.136310 0.012511
vn -0.984357 0.125448 0.123711
vn -0.964085 0.122224 0.235801
vn -0.931323 0.130603 0.339972
vn -0.941670 0.269192 -0.201973
vn -0.959793 0.261654 -0.101663
vn -0.966280 0.257456 0.004354
vn -0.961507 0.249799 0.114480
vn -0.944265 0.239079 0.226284
vn -0.885727 0.269933 0.377656
vn -0.891124 0.397154 -0.219467
vn -0.912867 0.392242 -0.113223
vn -0.921745 0.387793 0.001540
vn -0.913921 0.388536 0.117425
vn -0.893730 0.386552 0.227650
vn -0.865797 0.375143 0.331154
vn -0.846089 0.341722 -0.409095
vn -0.856935 0.173871 0.485212
vn -0.782551 0.418358 -0.461076
vn -0.861023 0.387694 -0.329139
vn -0.791656 0.482867 -0.374327
vn -0.808958 0.531718 -0.250725
vn -0.846625 0.519276 -0.116530
vn -0.852255 0.523124 0.001682
vn -0.847018 0.518718 0.116154
vn -0.814330 0.524241 0.249075
vn -0.820696 0.422656 0.384474
vn -0.749928 0.547670 0.371033
vn -0.752848 0.648278 -0.113823
vn -0.748127 0.663554 0.001286
vn -0.757176 0.637946 0.140393
vn -0.721953 0.468878 -0.508859
vn -0.727262 0.550155 -0.410389
vn -0.752761 0.490207 0.439372
vn -0.642017 0.565293 -0.517935
vn -0.740952 0.620985 -0.255672
vn -0.706200 0.653491 0.272455
vn -0.644089 0.643324 -0.413864
vn -0.652481 0.703220 -0.282401
vn -0.645741 0.755539 0.110366
vn -0.648917 0.639113 0.412845
vn -0.634934 0.760231 -0.137504
vn -0.635152 0.772374 -0.004457
vn -0.597053 0.770292 0.224005
vn -0.549798 0.728666 -0.408372
vn -0.576478 0.756010 0.310035
vn -0.547701 0.735569 0.398701
vn -0.531870 0.783867 -0.320418
vn -0.536849 0.807767 -0.243528
vn -0.515720 0.849669 -0.109980
vn -0.526850 0.849958 0.001153
vn -0.516612 0.848397 0.115474
vn -0.440362 0.725828 -0.528446
vn -0.450778 0.800556 -0.394854
vn -0.443854 0.868555 0.220466
vn -0.476860 0.805100 0.352730
vn -0.360764 0.784333 -0.504649
vn -0.331412 0.849970 -0.409532
vn -0.412987 0.802466 0.430686
vn -0.242743 0.850210 -0.467138
vn -0.421753 0.870250 -0.254539
vn -0.394708 0.911289 -0.117294
vn -0.402130 0.915582 0.000870
vn -0.384843 0.916261 0.111185
vn -0.373639 0.869451 0.323187
vn -0.332039 0.884755 -0.327045
vn -0.322712 0.921621 -0.215573
vn -0.324615 0.920308 0.218309
vn -0.243774 0.912686 -0.327992
vn -0.262897 0.935515 -0.236003
vn -0.242957 0.964111 -0.107056
vn -0.243202 0.969976 0.000434
vn -0.240429 0.964968 0.105024
vn -0.265942 0.934944 0.234849
vn -0.244805 0.912388 0.328053
vn -0.157994 0.304980 -0.939162
vn -0.089388 0.462828 -0.881930
vn -0.164518 0.558105 -0.813298
vn -0.145422 0.630155 -0.762730
vn -0.156479 0.588695 -0.793065
vn -0.159679 0.629335 -0.760552
vn -0.159374 0.749180 -0.642907
vn -0.075675 0.061178 -0.995254
vn -0.070528 0.264348 -0.961845
vn -0.065315 0.603095 -0.794991
vn -0.064053 0.612739 -0.787686
vn -0.064493 0.617078 -0.784254
vn -0.060494 0.720454 -0.690860
vn -0.073072 0.799546 -0.596143
vn 0.010430 0.054688 -0.998449
vn 0.011289 0.270977 -0.962520
vn 0.011869 0.467175 -0.884085
vn 0.011688 0.597699 -0.801635
vn 0.016367 0.639309 -0.768775
vn 0.021460 0.595748 -0.802884
vn 0.026008 0.641778 -0.766449
vn 0.032632 0.740198 -0.671596
vn 0.001604 0.838892 -0.544295
vn 0.096771 0.062465 -0.993345
vn 0.092462 0.264828 -0.959853
vn 0.114511 0.468096 -0.876227
vn 0.092105 0.610296 -0.786800
vn 0.103716 0.627147 -0.771965
vn 0.116399 0.580234 -0.806089
vn 0.122602 0.626603 -0.769634
vn 0.135376 0.732234 -0.667463
vn 0.116345 0.789580 -0.602518
vn 0.211108 0.065507 -0.975265
vn 0.181177 0.306453 -0.934485
vn 0.275197 0.450277 -0.849422
vn 0.193638 0.552324 -0.810828
vn 0.201353 0.632302 -0.748098
vn 0.176319 0.641246 -0.746804
vn 0.204561 0.587419 -0.783003
vn 0.224966 0.596464 -0.770468
vn 0.241513 0.693696 -0.678570
vn 0.224924 0.798983 -0.557706
vn 0.349338 0.252957 -0.902206
vn 0.312771 0.566364 -0.762500
vn 0.287709 0.625675 -0.725089
vn 0.308608 0.586626 -0.748753
vn 0.316161 0.573395 -0.755818
vn 0.350216 0.630555 -0.692639
vn 0.321604 0.705966 -0.631017
vn 0.336969 0.759422 -0.556534
vn 0.396573 0.066379 -0.915600
vn 0.416909 0.345438 -0.840749
vn 0.424922 0.490171 -0.761034
vn 0.382126 0.597400 -0.705048
vn 0.398856 0.585919 -0.705417
vn 0.443975 0.585214 -0.678536
vn 0.437779 0.687402 -0.579507
vn 0.562308 0.065518 -0.824328
vn 0.550808 0.238352 -0.799874
vn 0.475444 0.330475 -0.815315
vn 0.551255 0.361568 -0.751922
vn 0.478081 0.545123 -0.688680
vn 0.454763 0.591281 -0.666017
vn 0.497049 0.556398 -0.665856
vn 0.529735 0.577588 -0.621106
vn -0.155697 0.835629 -0.526767
vn 0.120586 0.843753 -0.523010
vn 0.326000 0.831705 -0.449433
vn 0.320217 0.831988 0.453054
vn 0.445571 0.766407 -0.462695
vn 0.429062 0.824640 -0.368612
vn 0.489371 0.835535 -0.249793
vn 0.425345 0.839633 0.337784
vn 0.532692 0.628312 -0.566977
vn 0.542184 0.697813 -0.468074
vn 0.471093 0.803598 0.363734
vn 0.544218 0.765004 -0.344377
vn 0.490962 0.864971 -0.103834
vn 0.560256 0.828204 -0.013827
vn 0.549252 0.831003 0.088073
vn 0.472195 0.857241 0.205354
vn -0.162275 0.907158 -0.388241
vn -0.170214 0.948336 -0.267742
vn -0.137920 0.971801 -0.191263
vn -0.160729 0.977597 0.135906
vn -0.179060 0.947807 0.263818
vn -0.163566 0.921937 0.351111
vn -0.124341 0.988268 -0.088692
vn -0.093186 0.995643 0.003235
vn -0.085777 0.976791 0.196267
vn -0.076458 0.889102 -0.451279
vn -0.073932 0.941761 -0.328056
vn -0.071181 0.939400 0.335352
vn -0.017576 0.979434 -0.200997
vn -0.019294 0.996544 -0.080789
vn -0.018741 0.996182 0.085263
vn 0.031521 0.912039 -0.408891
vn 0.027212 0.953034 -0.301639
vn 0.023713 0.943162 0.331487
vn 0.014192 0.999897 -0.001908
vn 0.017203 0.980625 0.195137
vn 0.131816 0.888651 -0.439231
vn 0.120642 0.936662 -0.328800
vn 0.101319 0.970025 0.220874
vn 0.127049 0.909078 0.396782
vn 0.089342 0.976233 -0.197454
vn 0.082637 0.993494 -0.078360
vn 0.088066 0.995118 0.044559
vn 0.230540 0.873396 -0.428987
vn 0.210755 0.920306 -0.329574
vn 0.195534 0.959596 -0.202342
vn 0.211929 0.972422 -0.097372
vn 0.302372 0.953188 -0.001867
vn 0.309255 0.944594 0.110019
vn 0.190748 0.960406 0.203066
vn 0.210988 0.922533 0.323136
vn 0.192955 0.981207 0.000661
vn 0.195500 0.976174 0.094148
vn 0.331615 0.888761 -0.316442
vn 0.294414 0.929887 -0.220525
vn 0.347732 0.931745 -0.104563
vn 0.296958 0.928783 0.221763
vn 0.324838 0.886500 0.329541
vn 0.415553 0.886312 -0.204369
vn 0.436294 0.899788 0.005311
vn 0.436127 0.894426 0.098967
vn 0.372251 0.902677 0.215877
vn 0.622072 0.092599 -0.777465
vn 0.544027 0.467855 -0.696524
vn 0.492025 0.520004 -0.698217
vn 0.499937 0.582254 -0.641126
vn 0.449310 0.604891 -0.657440
vn 0.492042 0.586709 -0.643169
vn 0.543437 0.591703 -0.595452
vn 0.632240 0.073275 -0.771300
vn 0.556199 0.069797 -0.828113
vn 0.609343 0.275579 -0.743476
vn 0.541204 0.355868 -0.761877
vn 0.345004 0.574402 -0.742317
vn 0.216202 0.660034 -0.719453
vn 0.305185 0.663186 -0.683408
vn 0.183464 0.048856 -0.981812
vn 0.385547 0.300228 -0.872477
vn 0.094316 0.289784 -0.952434
vn -0.023162 0.530073 -0.847635
vn -0.022559 0.722794 -0.690695
vn -0.451651 -0.057023 -0.890371
vn -0.235601 -0.006871 -0.971826
vn -0.518142 0.121205 -0.846663
vn -0.301182 0.199642 -0.932434
vn -0.512566 0.366416 -0.776541
vn -0.393103 0.463286 -0.794252
vn -0.343545 0.628805 -0.697553
vn -0.367178 0.714952 -0.595000
vn -0.453658 -0.146566 -0.879041
vn -0.512974 -0.106278 -0.851800
vn -0.473808 0.078820 -0.877093
vn -0.490505 0.272887 -0.827609
vn -0.498238 0.503156 -0.706111
vn -0.398907 0.571890 -0.716809
vn -0.452904 0.627976 -0.632869
vn -0.452919 0.701982 -0.549623
vn -0.371820 0.743596 -0.555712
vn -0.408649 0.781912 -0.470766
vn -0.395633 0.314960 -0.862714
vn -0.377710 0.474055 -0.795366
vn -0.322637 0.706402 -0.630001
vn -0.318704 0.832074 -0.453960
vn -0.306400 0.892211 -0.331780
vn -0.282377 -0.104132 -0.953635
vn -0.347293 -0.191534 -0.917988
vn -0.279137 0.067223 -0.957895
vn -0.252516 0.284495 -0.924824
vn -0.262700 0.512707 -0.817386
vn -0.248947 0.644795 -0.722679
vn -0.232399 0.742810 -0.627872
vn -0.226130 0.814157 -0.534802
vn -0.195081 0.886581 -0.419426
vn -0.134723 -0.168296 -0.976487
vn -0.236379 -0.312698 -0.919970
vn -0.096897 0.052328 -0.993918
vn -0.099249 0.268416 -0.958177
vn -0.136846 0.449197 -0.882890
vn -0.140188 0.559808 -0.816678
vn -0.130742 0.675238 -0.725920
vn -0.121626 0.765443 -0.631905
vn -0.111136 0.833402 -0.541377
vn -0.104623 0.900296 -0.422518
vn 0.559770 0.660403 -0.500526
vn 0.582924 0.717867 -0.380614
vn 0.198782 0.901361 0.384751
vn 0.618368 0.699065 -0.359067
vn 0.594661 0.769266 -0.233684
vn 0.593442 0.794988 -0.125783
vn 0.571350 0.818683 -0.057595
vn 0.516272 0.856309 0.014067
vn 0.466261 0.876164 0.122215
vn 0.404874 0.863377 0.301095
vn 0.404854 0.715617 -0.569198
vn 0.448268 0.819185 -0.357759
vn 0.603305 0.755518 -0.255375
vn 0.563778 0.804794 -0.185635
vn 0.446928 0.877716 -0.172828
vn 0.328826 0.938248 -0.107535
vn 0.220510 0.973283 -0.063990
vn -0.008558 0.984502 -0.175163
vn -0.101632 0.952865 0.285866
vn 0.385197 0.922649 0.018501
vn -0.049933 0.997043 0.058410
vn 0.085265 0.844622 -0.528530
vn 0.181044 0.929475 -0.321402
vn 0.197031 0.895241 -0.399652
vn 0.498422 0.833309 -0.239108
vn 0.191694 0.912417 -0.361592
vn -0.077407 0.953535 -0.291170
vn -0.283078 0.921156 -0.267092
vn -0.459797 0.765756 -0.449672
vn -0.475268 0.811597 -0.339751
vn -0.508614 0.825938 -0.243184
vn -0.267673 0.794832 -0.544604
vn -0.257033 0.856879 -0.446869
vn -0.180049 0.943581 -0.277916
vn -0.188114 0.944342 -0.269874
vn -0.288591 0.858769 -0.423358
vn -0.309126 0.837235 -0.451086
vn -0.291454 0.848293 -0.442101
vn -0.431901 0.758227 -0.488420
vn -0.563180 0.723332 -0.399523
vn -0.609481 0.731948 -0.304608
vn -0.527279 0.731725 -0.431920
vn -0.372329 0.850279 -0.372018
vn -0.347594 0.895250 -0.278759
vn -0.345447 0.863809 -0.366742
vn -0.344616 0.820498 -0.456095
vn -0.475614 0.708192 -0.521781
vn -0.529762 0.777351 -0.339230
vn -0.318363 0.906506 -0.277295
vn -0.368437 0.741191 -0.561151
vn -0.362086 0.765196 -0.532324
vn -0.455808 0.764438 -0.455932
vn -0.209740 0.929782 -0.302513
vn -0.216256 0.935640 -0.278946
vn -0.228945 0.907871 -0.351218
vn -0.238917 0.830951 -0.502434
vn -0.230171 0.764724 -0.601847
vn -0.249156 0.789312 -0.561167
vn -0.101680 0.947534 -0.303051
vn -0.101404 0.931734 -0.348697
vn -0.100229 0.860905 -0.498795
vn -0.091488 0.783625 -0.614460
vn -0.603594 0.751570 -0.266116
vn -0.375132 0.816624 -0.438636
vn -0.432427 0.853110 -0.291908
vn -0.322849 0.881276 -0.345139
vn -0.177658 0.775202 -0.606217
vn -0.218327 0.877613 -0.426766
vn -0.213642 0.935822 -0.280345
vn -0.082016 0.789470 -0.608284
vn -0.097475 0.852526 -0.513515
vn -0.088632 0.912518 -0.399318
vn -0.097404 0.950453 -0.295215
vn -0.914034 0.003387 0.405622
vn -0.846709 0.077517 0.526379
vn -0.881087 0.084745 0.465301
vn -0.778700 0.309899 0.545518
vn -0.758870 0.235344 0.607231
vn -0.754286 0.419111 0.505370
vn -0.719322 0.193760 0.667108
vn -0.768089 0.167308 0.618100
vn -0.663167 0.210677 0.718210
vn -0.671396 0.306156 0.674904
vn -0.659730 0.448176 0.603236
vn -0.644057 0.562305 0.518656
vn -0.585889 0.295294 0.754676
vn -0.617532 0.199714 0.760769
vn -0.522214 0.242458 0.817622
vn -0.541281 0.236998 0.806751
vn -0.581214 0.285448 0.762043
vn -0.589087 0.403852 0.699914
vn -0.567796 0.540302 0.621033
vn -0.499549 0.498727 0.708323
vn -0.561309 0.657169 0.503052
vn -0.499658 0.637386 0.586584
vn -0.503765 0.348712 0.790329
vn -0.465038 0.272255 0.842388
vn -0.489438 0.379041 0.785352
vn -0.389275 0.380454 0.838880
vn -0.441217 0.596590 0.670379
vn -0.447335 0.728494 0.518833
vn -0.436958 0.441145 0.783874
vn -0.401315 0.536565 0.742324
vn -0.399394 0.317746 0.859955
vn -0.369769 0.293366 0.881594
vn -0.402239 0.471282 0.784918
vn -0.376616 0.545006 0.749085
vn -0.289114 0.481848 0.827185
vn -0.374953 0.682846 0.627003
vn -0.304342 0.639067 0.706377
vn -0.356651 0.791126 0.496910
vn -0.294482 0.760844 0.578270
vn -0.346338 0.489008 0.800576
vn -0.318310 0.371462 0.872178
vn -0.303036 0.303486 0.903363
vn -0.273671 0.279016 0.920464
vn -0.270903 0.399412 0.875832
vn -0.244763 0.580266 0.776777
vn -0.245189 0.713104 0.656784
vn -0.248834 0.819400 0.516397
vn -0.274562 0.863946 0.422153
vn -0.269649 0.542936 0.795305
vn -0.307504 0.593231 0.743988
vn -0.300702 0.629168 0.716747
vn -0.230322 0.428261 0.873810
vn -0.189558 0.317258 0.929201
vn -0.197455 0.321264 0.926176
vn -0.162174 0.384334 0.908838
vn -0.174059 0.514500 0.839638
vn -0.171328 0.661114 0.730462
vn -0.086279 0.597504 0.797211
vn -0.160414 0.834178 0.527650
vn -0.172492 0.770802 0.613279
vn -0.090564 0.738018 0.668676
vn -0.238816 0.662108 0.710338
vn -0.150233 0.471568 0.868938
vn -0.176639 0.620801 0.763809
vn -0.105674 0.353617 0.929402
vn -0.072074 0.480639 0.873952
vn -0.064907 0.367559 0.927732
vn -0.057481 0.674560 0.735978
vn -0.039788 0.835270 0.548398
vn -0.188154 0.716301 0.671945
vn -0.235994 0.665370 0.708230
vn -0.251441 0.637640 0.728143
vn -0.090841 0.536478 0.839011
vn -0.041584 0.397022 0.916866
vn 0.005815 0.385247 0.922795
vn 0.019171 0.482030 0.875945
vn 0.026642 0.717145 0.696414
vn 0.047206 0.597126 0.800757
vn 0.114415 0.830123 0.545715
vn 0.036595 0.796140 0.604005
vn -0.190883 0.759129 0.622323
vn -0.040057 0.608406 0.792614
vn -0.126859 0.714999 0.687519
vn -0.149854 0.801448 0.578986
vn 0.034760 0.443473 0.895613
vn 0.083116 0.405017 0.910523
vn 0.123510 0.503379 0.855193
vn 0.201736 0.583931 0.786338
vn 0.122597 0.649659 0.750275
vn 0.141449 0.731309 0.667218
vn -0.225353 0.672017 0.705414
vn -0.085909 0.783136 0.615888
vn 0.084947 0.524975 0.846868
vn 0.210104 0.469938 0.857330
vn 0.151837 0.410631 0.899070
vn 0.176086 0.419134 0.890685
vn 0.248217 0.495097 0.832627
vn 0.285405 0.706251 0.647883
vn 0.227057 0.662282 0.714022
vn 0.216465 0.827717 0.517714
vn 0.219498 0.771808 0.596769
vn -0.222605 0.787019 0.575368
vn 0.007784 0.720597 0.693310
vn -0.091340 0.821622 0.562667
vn -0.202429 0.834897 0.511830
vn 0.123563 0.595538 0.793767
vn 0.291270 0.527558 0.798025
vn 0.308766 0.558942 0.769576
vn 0.324441 0.631315 0.704400
vn 0.333308 0.757945 0.560736
vn -0.223511 0.719612 0.657421
vn -0.073957 0.798511 0.597420
vn 0.066946 0.668476 0.740715
vn -0.018699 0.745371 0.666388
vn 0.195414 0.546323 0.814460
vn 0.301388 0.710103 0.636333
vn 0.318502 0.617933 0.718829
vn 0.429501 0.740837 0.516420
vn 0.386658 0.688000 0.614126
vn 0.413806 0.776566 0.475089
vn -0.354674 0.702712 0.616768
vn -0.270231 0.816348 0.510442
vn -0.383621 0.832626 0.399461
vn -0.452873 0.765343 0.457335
vn -0.524981 0.662370 0.534473
vn -0.188034 0.736470 0.649812
vn -0.338889 0.798637 0.497327
vn -0.564403 0.745924 0.353619
vn -0.627805 0.695003 0.350475
vn -0.005658 0.642881 0.765945
vn -0.108575 0.675173 0.729625
vn 0.133856 0.711459 0.689861
vn 0.114085 0.652360 0.749273
vn 0.356147 0.812727 0.461123
vn -0.210995 0.579339 0.787304
vn -0.325392 0.537769 0.777769
vn -0.164252 0.887761 0.430002
vn -0.076084 0.897663 0.434066
vn 0.031075 0.891087 0.452768
vn 0.231002 0.871957 0.431659
vn -0.554106 0.552519 0.622647
vn -0.690086 0.588881 0.420715
vn -0.714686 0.487492 0.501574
vn -0.498664 0.701269 0.509466
vn -0.637301 0.700505 0.321153
vn -0.751572 0.615685 0.236792
vn -0.793935 0.532849 0.292812
vn -0.860967 0.381963 0.335916
vn -0.320682 0.672074 0.667442
vn -0.543483 0.672622 0.502201
vn -0.816128 0.549799 0.177920
vn -0.847115 0.516796 0.123768
vn -0.901822 0.405125 0.150303
vn -0.146546 0.758138 0.635414
vn -0.385345 0.706025 0.594170
vn -0.897451 0.414860 0.149910
vn 0.099067 0.912829 0.396143
vn -0.125510 0.841607 0.525305
vn -0.469178 0.749023 0.467800
vn -0.736905 0.578471 0.349776
vn -0.893616 0.353671 0.276347
vn -0.668287 0.629866 0.395805
vn -0.775792 0.556491 0.297429
vn -0.862660 0.495795 0.100023
vn -0.856571 0.506309 0.099686
vn -0.859454 0.464699 0.213058
vn -0.287106 0.930574 0.227163
vn -0.462648 0.840622 0.281623
vn -0.655854 0.693746 0.297610
vn -0.791977 0.588056 0.164203
vn -0.815998 0.565060 0.121881
vn -0.798801 0.589758 0.118755
vn -0.781375 0.586050 0.214472
vn -0.504566 0.860548 0.069786
vn -0.630482 0.767116 0.118429
vn -0.724066 0.679319 0.119390
vn -0.766615 0.625941 0.143173
vn -0.713933 0.676007 0.182523
vn -0.588035 0.805409 -0.074378
vn -0.716577 0.697502 -0.002986
vn -0.763197 0.633899 0.125308
vn -0.690858 0.695348 0.198006
vn -0.615153 0.751852 0.237287
vn -0.702631 0.709208 -0.057744
vn -0.715505 0.697269 0.043228
vn -0.703331 0.682269 0.199584
vn -0.600904 0.758294 0.252793
vn -0.529558 0.800565 0.280471
vn -0.622143 0.762085 -0.179345
vn -0.690840 0.709154 0.140859
vn -0.425748 0.841339 0.332996
vn -0.543826 0.775391 0.320970
vn -0.449132 0.815161 0.365778
vn -0.350862 0.839508 0.414876
vn -0.305303 0.870196 0.386716
vn -0.199035 0.879423 0.432436
vn -0.071017 0.883757 0.462527
vn -0.545782 0.397329 0.737734
vn -0.765441 0.302159 0.568155
vn -0.864670 0.238234 0.442255
vn -0.895376 0.276810 0.348823
vn -0.650570 0.157952 0.742839
vn -0.648402 -0.047722 0.759801
vn -0.775101 0.138484 0.616475
vn -0.797447 -0.063402 0.600049
vn -0.814028 -0.121542 0.567966
vn -0.859692 0.132898 0.493221
vn -0.842354 0.009200 0.538846
vn -0.892225 0.207101 0.401302
vn -0.833301 0.180347 0.522575
vn -0.837033 0.451567 0.308971
vn -0.814901 0.360772 0.453630
vn -0.619568 -0.224335 0.752203
vn -0.648778 -0.357007 0.672036
vn -0.657342 -0.380752 0.650330
vn -0.722322 -0.210665 0.658689
vn -0.752107 -0.215354 0.622863
vn -0.709799 -0.239254 0.662528
vn -0.762379 -0.029235 0.646470
vn -0.737422 0.188568 0.648576
vn -0.759305 0.535836 0.369238
vn -0.724216 0.439418 0.531434
vn -0.695187 0.358487 0.623059
vn -0.687392 0.670993 0.277958
vn -0.667247 0.613595 0.422235
vn -0.560667 -0.423840 0.711345
vn -0.597952 -0.266053 0.756088
vn -0.694892 -0.046257 0.717625
vn -0.619961 -0.040259 0.783599
vn -0.617233 0.186709 0.764306
vn -0.636914 0.539948 0.550270
vn -0.614627 0.449923 0.647921
vn -0.573158 0.359832 0.736214
vn -0.585128 0.731985 0.349033
vn -0.565180 0.660510 0.494265
vn -0.542669 0.606910 0.580664
vn -0.519038 0.805577 0.285737
vn -0.480483 0.786065 0.388893
vn -0.443937 -0.251670 0.859989
vn -0.449914 -0.029315 0.892591
vn -0.452740 0.170969 0.875098
vn -0.509895 0.544550 0.665937
vn -0.483511 0.445422 0.753536
vn -0.433398 0.354565 0.828523
vn -0.477659 0.716192 0.508833
vn -0.441908 0.663846 0.603345
vn -0.366061 0.623861 0.690504
vn -0.395169 0.849589 0.349343
vn -0.388804 0.787046 0.478947
vn -0.334246 -0.564005 0.755101
vn -0.279276 -0.463294 0.841049
vn -0.397435 -0.436002 0.807433
vn -0.304125 -0.279545 0.910693
vn -0.291678 -0.045068 0.955454
vn -0.284191 0.169294 0.943703
vn -0.300571 0.549203 0.779765
vn -0.300993 0.378245 0.875405
vn -0.279164 0.743571 0.607593
vn -0.307094 0.875106 0.374009
vn -0.295203 0.816314 0.496474
vn -0.186280 -0.612714 0.768037
vn -0.175814 -0.467487 0.866340
vn -0.182460 -0.256713 0.949108
vn -0.184877 -0.040157 0.981941
vn -0.178698 0.187892 0.965797
vn -0.185021 0.422428 0.887312
vn -0.195299 0.677664 0.708964
vn -0.091574 0.573564 0.814026
vn -0.233591 0.893597 0.383302
vn -0.163618 0.896033 0.412740
vn -0.174843 0.826919 0.534448
vn -0.083650 0.787464 0.610659
vn -0.160792 0.916405 0.366534
vn -0.059504 -0.624020 0.779140
vn -0.059221 -0.470087 0.880631
vn -0.062076 -0.262377 0.962967
vn -0.065333 -0.038030 0.997139
vn -0.066603 0.188484 0.979815
vn -0.059070 0.383801 0.921524
vn -0.050628 0.700153 0.712195
vn -0.053382 0.863755 0.501077
vn -0.064531 0.921715 0.382462
vn -0.055927 0.910780 0.409088
vn -0.602064 0.794991 -0.074214
vn -0.641596 0.766328 0.033104
vn -0.597657 0.789078 0.141990
vn -0.595005 0.763381 0.251433
vn -0.521610 0.828364 -0.204292
vn -0.554614 0.831531 0.030969
vn -0.467981 0.852504 0.232874
vn -0.487995 0.804299 0.339063
vn -0.457027 0.883408 -0.103517
vn -0.461782 0.886478 0.030241
vn -0.455958 0.880696 0.128359
vn -0.371412 0.888930 0.268059
vn -0.347488 0.871334 0.346451
vn -0.355699 0.914426 -0.193142
vn -0.337214 0.938516 -0.073995
vn -0.344733 0.938191 0.030920
vn -0.336568 0.931047 0.140974
vn -0.244960 0.898604 0.364013
vn -0.198310 0.881105 0.429333
vn -0.233609 0.953730 -0.189276
vn -0.246502 0.964732 -0.092354
vn -0.260753 0.964912 0.030876
vn -0.242659 0.957651 0.154989
vn -0.225752 0.943437 0.242823
vn -0.113651 0.971977 -0.205779
vn -0.106805 0.990157 -0.090448
vn -0.126014 0.991688 0.025983
vn -0.112735 0.981934 0.151973
vn -0.107665 0.960075 0.258195
vn -0.093512 0.940904 0.325508
vn -0.081652 0.897607 0.433169
vn 0.007420 -0.760111 -0.649751
vn 0.002371 -0.690392 -0.723432
vn -0.000345 -0.604343 -0.796724
vn 0.001877 -0.518717 -0.854944
vn 0.055442 -0.728990 -0.682276
vn 0.088564 -0.683522 -0.724538
vn 0.124542 -0.585773 -0.800849
vn 0.088521 -0.344592 -0.934570
vn 0.155818 -0.461804 -0.873188
vn 0.090940 -0.688142 -0.719855
vn 0.070339 -0.743365 -0.665177
vn 0.177139 -0.652238 -0.737026
vn 0.110010 -0.692405 -0.713073
vn 0.215095 -0.557164 -0.802061
vn 0.338592 -0.391042 -0.855828
vn 0.068672 -0.806423 -0.587338
vn 0.178443 -0.605155 -0.775852
vn 0.300317 -0.525329 -0.796140
vn 0.269676 -0.544984 -0.793894
vn 0.104364 -0.631938 -0.767960
vn 0.193924 -0.520959 -0.831261
vn 0.383502 -0.454255 -0.804101
vn 0.330889 -0.444247 -0.832561
vn 0.456592 -0.302630 -0.836623
vn 0.430107 -0.334850 -0.838381
vn 0.112923 -0.670541 -0.733228
vn 0.140917 -0.523042 -0.840577
vn 0.300284 -0.274574 -0.913476
vn 0.544687 -0.205061 -0.813183
vn 0.469183 -0.159669 -0.868547
vn 0.174376 -0.332843 -0.926719
vn 0.244760 -0.148743 -0.958107
vn 0.392608 0.036905 -0.918965
vn 0.485389 0.236604 -0.841675
vn 0.127156 -0.623256 -0.771611
vn 0.224313 -0.275656 -0.934718
vn 0.156691 -0.482087 -0.861998
vn 0.280863 -0.035381 -0.959096
vn 0.277981 0.150828 -0.948672
vn 0.333723 0.324373 -0.885105
vn 0.029236 -0.939123 -0.342336
vn 0.025562 -0.959195 -0.281588
vn 0.034591 -0.867997 -0.495363
vn 0.036837 -0.908763 -0.415684
vn 0.040983 -0.999151 0.004293
vn -0.021256 -0.980536 -0.195185
vn 0.028663 -0.998816 -0.039302
vn -0.028070 -0.990048 -0.137905
vn 0.012359 -0.949672 -0.313001
vn -0.006601 -0.968637 -0.248393
vn -0.028271 -0.996475 -0.078981
vn 0.059489 -0.850517 -0.522572
vn 0.035929 -0.923372 -0.382223
vn -0.032833 -0.999396 0.011417
vn 0.017990 -0.890308 -0.455003
vn 0.066686 -0.744784 -0.663966
vn -0.335671 -0.927194 -0.166239
vn -0.345144 -0.937513 -0.044105
vn -0.052483 -0.929235 -0.365744
vn -0.108326 -0.952148 -0.285797
vn -0.148686 -0.965582 -0.213411
vn -0.173411 -0.972359 -0.156354
vn -0.180535 -0.980233 -0.080935
vn -0.169702 -0.985483 -0.005011
vn -0.388439 -0.840271 -0.378231
vn -0.455479 -0.842543 -0.287506
vn -0.470760 -0.860960 -0.192697
vn -0.481926 -0.871818 -0.087643
vn -0.474321 -0.880077 0.022024
vn -0.185919 -0.889839 -0.416677
vn -0.291284 -0.910094 -0.294758
vn 0.008157 -0.809522 -0.587033
vn -0.053753 -0.863550 -0.501390
vn -0.419285 -0.889544 -0.181416
vn -0.404370 -0.912334 -0.064277
vn -0.405888 -0.911879 0.061088
vn -0.240750 -0.927627 -0.285565
vn -0.300285 -0.936429 -0.181466
vn -0.292001 -0.953641 -0.072832
vn -0.290281 -0.956569 0.026692
vn -0.202051 -0.891327 -0.405847
vn -0.198846 -0.963364 -0.179971
vn -0.203841 -0.975878 -0.078167
vn -0.205735 -0.978145 0.030105
vn -0.105231 -0.904252 -0.413830
vn -0.103187 -0.954606 -0.279427
vn -0.107071 -0.976801 -0.185462
vn -0.107657 -0.990949 -0.080189
vn -0.108124 -0.993694 0.029680
vn 0.003032 -0.917766 -0.397109
vn -0.002262 -0.959605 -0.281341
vn -0.001182 -0.982753 -0.184921
vn -0.001195 -0.996720 -0.080913
vn -0.001200 -0.999549 0.030000
vn 0.089335 -0.913480 -0.396956
vn 0.098208 -0.955283 -0.278907
vn 0.103238 -0.977525 -0.183813
vn 0.105405 -0.991189 -0.080215
vn 0.105858 -0.993937 0.029708
vn 0.200126 -0.888395 -0.413164
vn 0.202161 -0.937176 -0.284309
vn 0.200412 -0.962676 -0.181904
vn 0.201831 -0.976295 -0.078187
vn 0.203686 -0.978573 0.030125
vn 0.091773 -0.550148 -0.830009
vn 0.190187 -0.337136 -0.922046
vn 0.237665 -0.006579 -0.971325
vn 0.218434 0.267197 -0.938559
vn 0.012245 -0.467363 -0.883981
vn 0.081641 -0.261757 -0.961675
vn 0.099576 -0.016228 -0.994898
vn 0.062959 0.220101 -0.973443
vn -0.081450 -0.382141 -0.920507
vn -0.012862 -0.226871 -0.973840
vn -0.002099 -0.023352 -0.999725
vn -0.058209 0.147641 -0.987327
vn -0.094873 -0.417357 -0.903777
vn -0.062849 -0.187501 -0.980252
vn -0.061281 -0.046301 -0.997046
vn -0.069380 -0.287868 -0.955154
vn -0.021046 0.075834 -0.996898
vn -0.003142 -0.407977 -0.912987
vn 0.001844 -0.282962 -0.959129
vn 0.003506 -0.173797 -0.984775
vn 0.005635 -0.056197 -0.998404
vn 0.093395 -0.397649 -0.912772
vn 0.105237 -0.278114 -0.954766
vn 0.108947 -0.174099 -0.978683
vn 0.107707 -0.053326 -0.992752
vn 0.105700 0.070070 -0.991926
vn 0.204400 -0.417789 -0.885253
vn 0.246124 -0.284396 -0.926575
vn 0.202372 -0.167839 -0.964819
vn 0.207126 -0.054176 -0.976813
vn 0.207152 0.068953 -0.975876
vn -0.497884 -0.817216 -0.290292
vn -0.517049 -0.833596 -0.194366
vn -0.509890 -0.856068 -0.084617
vn -0.505792 -0.862417 0.020300
vn -0.365458 -0.786953 -0.497138
vn -0.459745 -0.783117 -0.418763
vn -0.313068 -0.721084 -0.618083
vn -0.083113 -0.753093 -0.652643
vn -0.199157 -0.804762 -0.559192
vn 0.009045 -0.677154 -0.735785
vn -0.430951 -0.796691 -0.423750
vn -0.465743 -0.821157 -0.329825
vn -0.323675 -0.703490 -0.632722
vn -0.409010 -0.734450 -0.541567
vn -0.167137 -0.662686 -0.730009
vn -0.244722 -0.700752 -0.670118
vn -0.072405 -0.592771 -0.802109
vn -0.316818 -0.785860 -0.531084
vn -0.362831 -0.812264 -0.456707
vn -0.368766 -0.877909 -0.305431
vn -0.223343 -0.576029 -0.786326
vn -0.277137 -0.645013 -0.712146
vn -0.216074 -0.577007 -0.787639
vn -0.139414 -0.516925 -0.844602
vn -0.214513 -0.817944 -0.533809
vn -0.296330 -0.872290 -0.388971
vn -0.228423 -0.733425 -0.640243
vn -0.202634 -0.644696 -0.737093
vn -0.172031 -0.482543 -0.858812
vn -0.111757 -0.824675 -0.554456
vn -0.034992 -0.648648 -0.760284
vn -0.122259 -0.704227 -0.699369
vn -0.111524 -0.776644 -0.619989
vn -0.113105 -0.547979 -0.828810
vn -0.002183 -0.847133 -0.531376
vn 0.001203 -0.763997 -0.645219
vn 0.001501 -0.524671 -0.851304
vn 0.105653 -0.840106 -0.532033
vn 0.101510 -0.670017 -0.735372
vn 0.112069 -0.772262 -0.625342
vn 0.113779 -0.564952 -0.817241
vn 0.219965 -0.637880 -0.738055
vn 0.110270 -0.499336 -0.859363
vn 0.223923 -0.792673 -0.567034
vn 0.324474 -0.878009 -0.351877
vn 0.239112 -0.705803 -0.666835
vn 0.226787 -0.538413 -0.811590
vn 0.302020 -0.399205 -0.865690
vn 0.338348 -0.901524 -0.269767
vn 0.288315 -0.941508 -0.174462
vn 0.288928 -0.954538 -0.073327
vn 0.285917 -0.957902 0.025991
vn 0.414906 -0.889696 -0.190509
vn 0.405992 -0.911556 -0.065082
vn 0.403816 -0.913400 0.051309
vn 0.309035 -0.167438 -0.936196
vn 0.297319 -0.051660 -0.953380
vn 0.297061 0.066787 -0.952520
vn 0.436494 -0.165952 -0.884269
vn 0.421483 -0.042587 -0.905836
vn 0.421210 0.058083 -0.905101
vn 0.321715 -0.772521 -0.547459
vn 0.356768 -0.804384 -0.475061
vn 0.364371 -0.668938 -0.647886
vn 0.335398 -0.558416 -0.758736
vn 0.379518 -0.474068 -0.794497
vn 0.383146 -0.304852 -0.871932
vn 0.447004 -0.773361 -0.449556
vn 0.472249 -0.806830 -0.354974
vn 0.535004 -0.841237 -0.078046
vn 0.538689 -0.841809 0.034234
vn 0.464535 -0.666289 -0.583323
vn 0.494832 -0.557083 -0.666933
vn 0.472837 -0.443512 -0.761395
vn 0.500751 -0.343376 -0.794570
vn 0.560581 -0.057204 -0.826121
vn 0.558880 0.073941 -0.825945
vn 0.549688 -0.775108 -0.311531
vn 0.571386 -0.794184 -0.206858
vn 0.553658 -0.682153 -0.477629
vn 0.632074 -0.769971 -0.087330
vn 0.661876 -0.749068 0.028596
vn 0.580828 -0.580033 -0.571139
vn 0.659152 -0.596886 -0.457434
vn 0.601165 -0.456719 -0.655750
vn 0.570835 -0.297865 -0.765130
vn 0.566025 -0.180078 -0.804480
vn 0.682563 -0.190517 -0.705557
vn 0.647957 -0.056887 -0.759550
vn 0.644332 0.073573 -0.761198
vn 0.653545 -0.672226 -0.347840
vn 0.699922 -0.683521 -0.207143
vn 0.727914 -0.679740 -0.089967
vn 0.679080 -0.483419 -0.552409
vn 0.763251 -0.566067 -0.311473
vn 0.776768 -0.629056 0.030330
vn 0.672157 -0.341988 -0.656696
vn 0.767850 -0.456218 -0.449746
vn 0.797364 -0.486013 -0.357774
vn 0.774031 -0.304415 -0.555165
vn 0.804082 -0.351333 -0.479601
vn 0.794652 -0.192520 -0.575729
vn 0.744358 -0.058691 -0.665197
vn 0.738915 0.072750 -0.669860
vn 0.801026 -0.564309 -0.199782
vn 0.827169 -0.555100 -0.087493
vn 0.885064 -0.424207 -0.191596
vn 0.855461 -0.517384 0.022364
vn 0.877489 -0.351438 -0.326350
vn 0.889891 -0.175757 -0.420956
vn 0.836239 -0.054690 -0.545630
vn 0.834507 0.070638 -0.546451
vn 0.909152 -0.409528 -0.075691
vn 0.908385 -0.417765 0.017585
vn 0.902403 -0.259865 -0.343713
vn 0.938591 -0.281383 -0.199676
vn 0.954694 -0.282929 -0.092248
vn 0.955738 -0.294034 0.010463
vn 0.943287 -0.159160 -0.291339
vn 0.964910 -0.168025 -0.201783
vn 0.979254 -0.173712 -0.104333
vn 0.984102 -0.177555 0.004165
vn 0.910420 -0.041014 -0.411648
vn 0.955970 -0.049540 -0.289251
vn 0.978157 -0.050820 -0.201558
vn 0.993220 -0.047512 -0.106095
vn 0.999108 -0.042030 0.004129
vn 0.910780 0.097606 -0.401190
vn 0.957027 0.066910 -0.282174
vn 0.977214 0.075310 -0.198449
vn 0.991707 0.082672 -0.098404
vn 0.995395 0.095127 0.011796
vn 0.023297 -0.871237 0.490309
vn 0.021061 -0.997722 0.064094
vn 0.019908 -0.983053 0.182235
vn 0.026425 -0.995559 0.090352
vn 0.024466 -0.989871 0.139849
vn 0.020063 -0.975191 0.220452
vn 0.014153 -0.958557 0.284548
vn 0.009138 -0.940846 0.338711
vn 0.005076 -0.911535 0.411191
vn -0.011169 -0.983727 0.179324
vn 0.032096 -0.998522 0.043853
vn 0.005715 -0.858026 0.513574
vn -0.015823 -0.993387 0.113717
vn -0.032876 -0.965423 0.258606
vn -0.078995 -0.919996 0.383885
vn -0.107155 -0.856718 0.504532
vn -0.139062 -0.719967 0.679933
vn -0.317279 -0.945664 0.071093
vn -0.154277 -0.984855 0.079118
vn -0.123627 -0.979936 0.156339
vn -0.126946 -0.973432 0.190563
vn -0.178736 -0.949865 0.256534
vn -0.241879 -0.908783 0.340012
vn -0.300256 -0.832141 0.466248
vn -0.454463 -0.884221 0.107784
vn -0.448631 -0.873883 0.187240
vn -0.303531 -0.939460 0.159009
vn -0.295829 -0.936904 0.186267
vn -0.375747 -0.882281 0.283537
vn -0.416670 -0.835247 0.358815
vn 0.023093 -0.810945 0.584666
vn 0.015409 -0.744666 0.667259
vn 0.030064 -0.687578 0.725487
vn 0.021700 -0.699677 0.714130
vn 0.037216 -0.747330 0.663410
vn 0.054353 -0.730580 0.680660
vn 0.086052 -0.676696 0.731217
vn 0.126313 -0.727474 0.674408
vn 0.172182 -0.704429 0.688573
vn 0.050676 -0.728319 0.683362
vn 0.064735 -0.658657 0.749654
vn 0.109586 -0.597162 0.794599
vn 0.164011 -0.635412 0.754554
vn 0.198273 -0.699332 0.686747
vn 0.267558 -0.679832 0.682818
vn 0.193208 -0.565509 0.801792
vn 0.263474 -0.655320 0.707910
vn 0.403598 -0.605835 0.685618
vn -0.007666 -0.804109 0.594432
vn 0.007956 -0.716213 0.697837
vn 0.009703 -0.609712 0.792563
vn 0.061415 -0.520741 0.851503
vn 0.178538 -0.455797 0.871994
vn 0.323922 -0.593055 0.737129
vn 0.286892 -0.418023 0.861945
vn 0.419358 -0.536157 0.732581
vn -0.148391 -0.588786 0.794551
vn -0.114542 -0.449222 0.886047
vn -0.009337 -0.296427 0.955010
vn 0.204919 -0.255974 0.944715
vn 0.468749 -0.451248 0.759374
vn -0.375093 -0.690087 0.618939
vn -0.387476 -0.579283 0.717143
vn -0.428218 -0.385363 0.817389
vn -0.571314 -0.195027 0.797223
vn -0.311535 -0.168700 0.935140
vn -0.529864 -0.048877 0.846673
vn -0.163333 0.019711 0.986374
vn -0.469036 0.111106 0.876163
vn -0.442570 -0.829922 0.339650
vn -0.484484 -0.760576 0.432203
vn -0.517988 -0.666038 0.536732
vn -0.526522 -0.623405 0.578049
vn -0.574276 -0.523519 0.629393
vn -0.589146 -0.476791 0.652363
vn -0.590878 -0.387096 0.707828
vn -0.635802 -0.245019 0.731930
vn -0.596697 -0.168015 0.784681
vn -0.619967 0.009754 0.784567
vn -0.615348 0.041817 0.787146
vn -0.327230 0.256600 0.909437
vn -0.530070 0.262372 0.806342
vn -0.589363 0.210756 0.779893
vn -0.316621 -0.939064 0.133829
vn -0.289915 -0.930540 0.223708
vn -0.307471 -0.899926 0.309182
vn -0.204842 -0.970553 0.126755
vn -0.195092 -0.956097 0.218670
vn -0.201602 -0.923171 0.327279
vn -0.105251 -0.985774 0.131041
vn -0.097821 -0.968604 0.228554
vn -0.103138 -0.934772 0.339948
vn -0.001198 -0.990997 0.133875
vn -0.000798 -0.972177 0.234245
vn -0.000269 -0.936283 0.351245
vn 0.102952 -0.986007 0.131113
vn 0.095673 -0.968560 0.229649
vn 0.100617 -0.933612 0.343867
vn 0.204762 -0.970225 0.129370
vn 0.190980 -0.957582 0.215786
vn 0.196284 -0.920460 0.337973
vn -0.481893 -0.865906 0.134111
vn -0.467168 -0.852504 0.234501
vn -0.436916 -0.862891 0.254016
vn -0.380302 -0.899693 0.214294
vn -0.350800 -0.920881 0.170051
vn -0.370677 -0.914226 0.163673
vn -0.391027 -0.904883 0.168180
vn -0.380787 -0.888334 0.256641
vn -0.400687 -0.864597 0.303187
vn -0.371658 -0.889931 0.264373
vn -0.334283 -0.924166 0.184856
vn -0.307257 -0.933705 0.183816
vn -0.396414 -0.890189 0.224541
vn -0.291598 -0.903003 0.315525
vn -0.246215 -0.944796 0.216193
vn -0.217553 -0.958832 0.182516
vn -0.198637 -0.916285 0.347800
vn -0.159937 -0.959454 0.232093
vn -0.145865 -0.970639 0.191268
vn -0.099321 -0.930149 0.353494
vn -0.076489 -0.968431 0.237255
vn -0.064514 -0.978558 0.195607
vn 0.000251 -0.933400 0.358836
vn 0.005043 -0.971758 0.235924
vn 0.009904 -0.979157 0.202861
vn 0.098970 -0.927897 0.359461
vn 0.086981 -0.966503 0.241468
vn 0.079527 -0.976467 0.200467
vn 0.196721 -0.914049 0.354704
vn 0.169424 -0.955993 0.239528
vn 0.159980 -0.967525 0.195707
vn -0.380505 -0.825745 0.416366
vn -0.497981 -0.764908 0.408571
vn -0.454928 -0.747608 0.483862
vn -0.446276 -0.604442 0.659915
vn -0.493693 -0.438790 0.750820
vn -0.598148 -0.333209 0.728828
vn -0.530083 0.054475 0.846194
vn -0.513131 0.319569 0.796600
vn -0.257607 -0.927987 0.269219
vn -0.354587 -0.877698 0.322358
vn -0.291289 -0.806490 0.514514
vn -0.373905 -0.726525 0.576504
vn -0.406717 -0.351275 0.843319
vn -0.441154 -0.174665 0.880270
vn -0.426827 0.059162 0.902396
vn -0.426284 0.291836 0.856221
vn -0.167735 -0.919007 0.356777
vn -0.266481 -0.881836 0.389042
vn -0.196294 -0.776290 0.599034
vn -0.310279 -0.654124 0.689817
vn -0.220016 -0.579717 0.784552
vn -0.367347 -0.529767 0.764463
vn -0.308611 -0.411258 0.857687
vn -0.314795 -0.181805 0.931585
vn -0.382559 0.456732 0.803146
vn -0.320017 0.310618 0.895045
vn -0.140915 -0.956072 0.257038
vn -0.163836 -0.862194 0.479352
vn -0.171623 -0.698438 0.694788
vn -0.214418 -0.406543 0.888115
vn -0.211686 -0.163379 0.963585
vn -0.241400 0.055020 0.968865
vn -0.202774 0.272251 0.940618
vn -0.065258 -0.963275 0.260465
vn -0.069781 -0.929933 0.361047
vn -0.072194 -0.878147 0.472911
vn -0.076812 -0.798387 0.597225
vn -0.081881 -0.710940 0.698469
vn -0.091660 -0.598590 0.795794
vn -0.110532 -0.457886 0.882113
vn -0.111299 -0.335656 0.935386
vn -0.079058 -0.158550 0.984181
vn -0.041046 0.050327 0.997889
vn -0.101767 0.439046 0.892682
vn -0.078298 0.268311 0.960145
vn 0.011860 -0.945379 0.325758
vn 0.015347 -0.878479 0.477535
vn 0.012801 -0.801527 0.597822
vn 0.013450 -0.715804 0.698172
vn 0.013001 -0.608621 0.793355
vn 0.014476 -0.477692 0.878408
vn 0.010446 -0.345985 0.938182
vn 0.059729 -0.167773 0.984014
vn 0.016353 0.444154 0.895801
vn 0.059056 0.269461 0.961199
vn 0.083273 -0.944896 0.316603
vn 0.094139 -0.878812 0.467791
vn 0.123110 -0.786992 0.604555
vn 0.102651 -0.708620 0.698084
vn 0.138381 -0.594618 0.792010
vn 0.137111 -0.455916 0.879398
vn 0.149601 -0.346832 0.925920
vn 0.225200 0.247342 0.942394
vn 0.122278 0.097003 0.987744
vn 0.160998 0.383785 0.909279
vn 0.154833 -0.954096 0.256373
vn 0.199678 -0.910304 0.362595
vn 0.173997 -0.882428 0.437088
vn 0.196628 -0.821559 0.535143
vn 0.292635 -0.745014 0.599432
vn 0.218132 -0.679399 0.700596
vn 0.313502 -0.538117 0.782398
vn 0.245319 -0.443101 0.862253
vn 0.284452 -0.234914 0.929464
vn 0.245721 -0.162603 0.955605
vn 0.324488 0.100690 0.940515
vn 0.266814 0.026947 0.963371
vn 0.257209 0.340638 0.904328
vn 0.301587 -0.942555 0.143650
vn 0.294008 -0.913422 0.281460
vn 0.428644 -0.888758 0.162398
vn 0.415094 -0.872609 0.257392
vn 0.304455 -0.884155 0.354369
vn 0.273876 -0.922653 0.271484
vn 0.246221 -0.954406 0.168772
vn 0.238871 -0.953316 0.184739
vn 0.408799 -0.867547 0.283277
vn 0.358359 -0.914373 0.188419
vn 0.334916 -0.929697 0.153278
vn 0.315795 -0.918552 0.237774
vn 0.397256 -0.891343 0.218393
vn 0.553000 -0.821060 0.141602
vn 0.526537 -0.813877 0.245690
vn 0.655502 -0.744273 0.127965
vn 0.641578 -0.735586 0.217463
vn 0.564715 -0.788432 0.243868
vn 0.489001 -0.849550 0.197846
vn 0.464991 -0.870796 0.159682
vn 0.421588 -0.897982 0.126068
vn 0.577339 -0.801175 0.157472
vn 0.526454 -0.842539 0.113905
vn 0.470745 -0.868984 0.152533
vn 0.471984 -0.849272 0.236578
vn 0.741615 -0.654220 0.148335
vn 0.697525 -0.688906 0.197150
vn 0.640041 -0.759272 0.117701
vn 0.608691 -0.789287 0.080750
vn 0.571371 -0.810490 0.128998
vn 0.555457 -0.789873 0.259937
vn 0.719786 -0.687160 0.098586
vn 0.662481 -0.745306 0.075088
vn 0.652110 -0.740736 0.161437
vn 0.645176 -0.725767 0.238770
vn 0.828018 -0.548211 0.117693
vn 0.764202 -0.622273 0.169621
vn 0.799372 -0.591546 0.105252
vn 0.770756 -0.636313 0.032250
vn 0.744134 -0.664148 0.071913
vn 0.743681 -0.648059 0.164188
vn 0.733475 -0.611591 0.296598
vn 0.870074 -0.485724 0.083924
vn 0.859472 -0.511072 0.010638
vn 0.842058 -0.537042 0.050235
vn 0.830058 -0.535108 0.157045
vn 0.830529 -0.476160 0.288952
vn 0.868967 -0.332917 0.366145
vn 0.968270 0.246902 0.038637
vn 0.852771 0.448805 0.267126
vn 0.896631 -0.431927 0.097422
vn 0.949387 -0.303493 0.080974
vn 0.936050 -0.344563 0.071324
vn 0.936381 -0.350946 -0.005249
vn 0.931876 -0.360598 0.039694
vn 0.912563 -0.363543 0.187255
vn 0.981867 -0.170844 0.082151
vn 0.986254 -0.161132 0.036588
vn 0.988026 -0.150231 0.035148
vn 0.981197 -0.141713 0.131033
vn 0.951806 -0.178142 0.249662
vn 0.995505 -0.011901 0.093963
vn 0.996769 0.029511 0.074701
vn 0.998585 0.053136 0.002120
vn 0.997533 0.058548 0.038722
vn 0.988766 0.061700 0.136141
vn 0.973146 0.049417 0.224820
vn 0.987880 0.112703 0.106728
vn 0.979647 0.173148 0.101541
vn 0.968417 0.244988 0.046354
vn 0.944610 0.291963 0.149899
vn 0.938358 0.252103 0.236493
vn 0.246996 -0.924533 0.290227
vn 0.349481 -0.873027 0.340128
vn 0.290583 -0.834515 0.468131
vn 0.370263 -0.619845 0.691880
vn 0.411493 -0.360064 0.837274
vn 0.331901 -0.168739 0.928099
vn 0.401328 0.446102 0.799955
vn 0.348777 0.321304 0.880408
vn 0.378959 -0.798485 0.467773
vn 0.514994 -0.700255 0.494394
vn 0.422239 -0.679390 0.600120
vn 0.554035 -0.507897 0.659610
vn 0.479552 -0.447851 0.754625
vn 0.459274 -0.158554 0.874030
vn 0.455690 0.061801 0.887990
vn 0.523175 0.340928 0.781061
vn 0.445213 0.241330 0.862291
vn 0.466692 -0.807002 0.361865
vn 0.561058 -0.729093 0.391966
vn 0.515221 -0.626400 0.584954
vn 0.622002 -0.558897 0.548405
vn 0.569216 -0.363286 0.737575
vn 0.548826 -0.190567 0.813926
vn 0.652691 0.239494 0.718775
vn 0.656217 0.060140 0.752172
vn 0.621224 0.361991 0.695014
vn 0.642030 -0.668626 0.375149
vn 0.630913 -0.620657 0.465546
vn 0.715134 -0.544740 0.437997
vn 0.708817 -0.453583 0.540223
vn 0.696909 -0.383283 0.606146
vn 0.817975 -0.189735 0.543064
vn 0.685799 -0.180805 0.704974
vn 0.826538 0.064341 0.559192
vn 0.771368 0.092147 0.629683
vn 0.793261 0.305966 0.526424
vn 0.717787 0.327691 0.614329
vn 0.795638 -0.443549 0.412584
vn 0.780315 -0.363481 0.508911
vn 0.905306 -0.159057 0.393855
vn 0.914652 0.053719 0.400656
vn 0.885379 0.276898 0.373405
vn 0.001602 -0.122431 -0.992476
vn -0.002408 0.051783 -0.998655
vn -0.002609 0.273135 -0.961972
vn -0.002924 0.454802 -0.890588
vn -0.003156 0.577011 -0.816730
vn -0.003711 0.685894 -0.727692
vn -0.004483 0.772855 -0.634566
vn -0.004664 0.840060 -0.542474
vn -0.002496 0.904089 -0.427337
vn 0.116701 -0.161085 -0.980017
vn 0.243615 -0.322226 -0.914780
vn 0.095825 0.050298 -0.994127
vn 0.095212 0.268314 -0.958615
vn 0.135610 0.449626 -0.882863
vn 0.138511 0.557305 -0.818673
vn 0.126484 0.673414 -0.728365
vn 0.114769 0.763222 -0.635862
vn 0.105266 0.831842 -0.544939
vn 0.102848 0.885084 -0.453925
vn 0.098400 0.924690 -0.367785
vn 0.275850 -0.140897 -0.950818
vn 0.278543 0.067692 -0.958035
vn 0.243867 0.285889 -0.926713
vn 0.296971 0.514714 -0.804287
vn 0.240323 0.650003 -0.720930
vn 0.261098 0.732739 -0.628428
vn 0.211115 0.812373 -0.543581
vn 0.233568 0.858477 -0.456578
vn 0.204178 0.920837 -0.332220
vn 0.394582 -0.164148 -0.904080
vn 0.407056 0.070708 -0.910662
vn 0.385879 0.326131 -0.862981
vn 0.446002 0.464980 -0.764772
vn 0.399347 0.587354 -0.703944
vn 0.418174 0.662271 -0.621714
vn 0.380482 0.764268 -0.520699
vn 0.387810 0.837322 -0.385351
vn 0.303504 0.875726 -0.375485
vn 0.494357 -0.141135 -0.857725
vn 0.604588 -0.066759 -0.793736
vn 0.521120 0.082043 -0.849531
vn 0.499221 0.291135 -0.816100
vn 0.566196 0.486116 -0.665668
vn 0.521128 0.656643 -0.545202
vn 0.516502 0.747829 -0.417106
vn 0.607339 0.011136 -0.794365
vn 0.648300 0.119409 -0.751963
vn 0.675057 0.229915 -0.701026
vn 0.637183 0.300052 -0.709906
vn 0.698990 0.346598 -0.625526
vn 0.709843 0.457472 -0.535577
vn 0.631546 0.517930 -0.576973
vn 0.657221 0.588892 -0.470390
vn 0.593248 0.316195 -0.740322
vn 0.673079 0.373776 -0.638166
vn 0.407042 0.428271 -0.806785
vn 0.576931 0.429022 -0.695048
vn -0.005394 0.954715 -0.297473
vn 0.001654 0.964571 -0.263818
vn 0.003876 0.937891 -0.346908
vn 0.012212 0.869271 -0.494185
vn 0.021202 0.783305 -0.621276
vn 0.095258 0.952883 -0.287992
vn 0.133814 0.953606 -0.269684
vn 0.115323 0.933902 -0.338420
vn 0.144729 0.861455 -0.486773
vn 0.171008 0.788612 -0.590632
vn 0.254362 0.756584 -0.602395
vn 0.244478 0.919593 -0.307538
vn 0.271962 0.856577 -0.438534
vn 0.298932 0.786591 -0.540291
vn 0.317607 0.784614 -0.532453
vn 0.308271 0.911072 -0.273710
vn 0.358242 0.888554 -0.286592
vn 0.386699 0.832931 -0.395841
vn 0.432942 0.746596 -0.505129
vn 0.537677 0.685786 -0.490510
vn 0.485888 0.720013 -0.495474
vn 0.492130 0.818565 -0.296242
vn 0.397296 0.870012 -0.291951
vn 0.431761 0.875784 -0.215835
vn 0.474995 0.841884 -0.256146
vn 0.565398 0.763641 -0.311735
vn 0.587776 0.691183 -0.420459
vn 0.504999 0.762720 -0.404022
vn 0.621461 0.670165 -0.405789
vn 0.643569 0.711043 -0.283260
vn 0.656673 0.641384 -0.396746
vn 0.599055 0.730414 -0.328069
vn 0.520158 0.822381 -0.230488
vn 0.534157 0.823356 -0.191733
vn 0.559910 0.810207 -0.173391
vn 0.578185 0.772576 -0.262352
vn 0.606413 0.715343 -0.347200
vn 0.643194 0.680664 -0.350711
vn 0.658551 0.620851 -0.425270
vn 0.717639 0.631627 -0.293328
vn 0.654729 0.469416 -0.592434
vn 0.678654 0.535866 -0.502271
vn 0.611516 0.647092 -0.455324
vn 0.611074 0.690435 -0.387153
vn 0.463699 0.803194 -0.373981
vn 0.403831 0.880824 -0.247124
vn 0.419226 0.900072 0.118828
vn 0.468187 0.790341 -0.395173
vn 0.554323 0.793602 -0.250842
vn 0.451072 0.889889 -0.068058
vn 0.478417 0.805984 -0.348579
vn 0.441350 0.844051 -0.304613
vn 0.522969 0.829605 -0.195600
vn 0.672469 0.690270 -0.267045
vn 0.433784 0.569924 -0.697867
vn 0.288521 0.649956 -0.703074
vn 0.411943 0.687203 -0.598378
vn 0.254445 0.751531 -0.608654
vn 0.513782 0.713078 -0.477020
vn 0.267475 0.806130 -0.527837
vn 0.054862 0.934714 -0.351140
vn -0.130214 0.988182 0.080878
vn -0.108251 0.896391 -0.429843
vn -0.139877 0.980343 -0.139150
vn -0.083655 0.931508 -0.353971
vn 0.068165 0.970486 -0.231323
vn 0.189516 0.971458 -0.142666
vn 0.062226 0.792556 -0.606616
vn 0.034309 0.858068 -0.512389
vn 0.033512 0.912899 -0.406807
vn 0.030670 0.953853 -0.298705
vn 0.174903 0.834784 -0.522058
vn 0.148201 0.902510 -0.404366
vn 0.155735 0.944264 -0.290021
vn 0.286670 0.867715 -0.406068
vn 0.382618 0.875548 -0.294990
vn 0.264997 0.922258 -0.281454
vn 0.396980 0.761525 -0.512334
vn 0.447242 0.784705 -0.429200
vn 0.470774 0.822017 -0.320406
vn 0.549961 0.759789 -0.346792
vn 0.144314 0.450330 -0.881122
vn -0.031260 0.404791 -0.913875
vn -0.129955 0.317140 -0.939433
vn -0.180897 0.324210 -0.928528
vn -0.129696 0.216732 -0.967578
vn -0.116881 0.417370 -0.901189
vn -0.089246 0.200030 -0.975717
vn -0.090315 0.294163 -0.951479
vn 0.004437 0.189491 -0.981872
vn 0.000105 0.296566 -0.955012
vn -0.000058 0.423846 -0.905734
vn 0.106614 0.185849 -0.976777
vn 0.100203 0.289314 -0.951975
vn 0.129565 0.421881 -0.897346
vn 0.202743 0.181819 -0.962204
vn 0.256333 0.309355 -0.915747
vn 0.092411 0.614525 -0.783466
vn 0.025910 0.648116 -0.761100
vn -0.051429 0.707086 -0.705255
vn -0.025263 0.748742 -0.662380
vn -0.282676 0.669748 -0.686682
vn -0.170241 0.768118 -0.617263
vn -0.346328 0.762626 -0.546313
vn -0.271168 0.846388 -0.458362
vn -0.323473 0.897251 -0.300510
vn -0.320437 0.922352 -0.215839
vn -0.276078 0.950093 -0.145274
vn -0.182189 0.982127 -0.047261
vn -0.385075 0.922827 0.010418
vn -0.175507 0.534798 -0.826552
vn -0.295024 0.532391 -0.793423
vn -0.275373 0.595289 -0.754851
vn -0.348157 0.692191 -0.632186
vn -0.381103 0.793379 -0.474668
vn -0.396228 0.860424 -0.320428
vn -0.346907 0.831945 -0.433039
vn -0.392733 0.897012 -0.202807
vn -0.391143 0.916087 -0.088269
vn -0.385624 0.922212 0.028615
vn -0.202343 0.424352 -0.882600
vn -0.216591 0.457634 -0.862357
vn -0.238548 0.572115 -0.784716
vn -0.322204 0.629126 -0.707379
vn -0.244313 0.707222 -0.663437
vn -0.333938 0.738448 -0.585815
vn -0.299612 0.802234 -0.516385
vn -0.305668 0.905220 -0.295202
vn -0.303250 0.936716 -0.174933
vn -0.301729 0.950369 -0.075887
vn -0.296915 0.954585 0.024669
vn -0.218066 0.637179 -0.739223
vn -0.216040 0.800003 -0.559752
vn -0.230433 0.860501 -0.454356
vn -0.212475 0.898902 -0.383183
vn -0.195771 0.943327 -0.267970
vn -0.189979 0.966627 -0.171873
vn -0.194288 0.978295 -0.072046
vn -0.197247 0.979961 0.027764
vn -0.107948 0.560237 -0.821268
vn -0.112991 0.692480 -0.712534
vn -0.115065 0.809322 -0.575984
vn -0.095520 0.905943 -0.412484
vn -0.099431 0.954993 -0.279466
vn -0.095050 0.979195 -0.179286
vn -0.098368 0.992163 -0.077048
vn -0.100807 0.994531 0.027298
vn -0.001050 0.563459 -0.826143
vn -0.001726 0.697510 -0.716573
vn -0.001254 0.781908 -0.623393
vn -0.001606 0.852842 -0.522167
vn 0.027106 0.921269 -0.387980
vn -0.005667 0.963916 -0.266148
vn -0.000932 0.983527 -0.180759
vn -0.000903 0.996854 -0.079259
vn -0.000892 0.999632 0.027126
vn 0.109471 0.563542 -0.818802
vn 0.108835 0.694244 -0.711464
vn 0.115066 0.812608 -0.571338
vn 0.129547 0.898075 -0.420333
vn 0.108854 0.953306 -0.281706
vn 0.093207 0.979389 -0.179189
vn 0.096565 0.992343 -0.077005
vn 0.099026 0.994709 0.027341
vn 0.255484 0.443686 -0.858994
vn 0.226415 0.589001 -0.775767
vn 0.222805 0.720236 -0.656976
vn 0.244630 0.815721 -0.524171
vn 0.231222 0.881540 -0.411611
vn 0.198080 0.939594 -0.279153
vn 0.189873 0.966769 -0.171188
vn 0.194094 0.978235 -0.073379
vn 0.194597 0.980511 0.027016
vn 0.309549 0.186646 -0.932386
vn 0.433227 0.183106 -0.882489
vn 0.389354 0.324029 -0.862211
vn 0.374498 0.492662 -0.785516
vn 0.305716 0.559111 -0.770670
vn 0.354880 0.621314 -0.698591
vn 0.435498 0.656429 -0.615989
vn 0.312284 0.690980 -0.651940
vn 0.359685 0.758618 -0.543255
vn 0.373645 0.832159 -0.409757
vn 0.314970 0.904872 -0.286356
vn 0.331063 0.925029 -0.186328
vn 0.424660 0.901344 -0.085104
vn 0.397233 0.917125 0.032971
vn 0.300074 0.951194 -0.072012
vn 0.303659 0.952356 0.028449
vn 0.505930 0.353222 -0.786937
vn 0.466536 0.457007 -0.757290
vn 0.501412 0.565309 -0.654990
vn 0.497956 0.685669 -0.530940
vn 0.481955 0.770069 -0.417987
vn 0.489562 0.819800 -0.297079
vn 0.508049 0.838755 -0.195899
vn 0.522733 0.851914 0.031517
vn 0.566333 0.232687 -0.790648
vn 0.684358 0.205770 -0.699509
vn 0.636040 0.366223 -0.679215
vn 0.570644 0.466933 -0.675529
vn 0.659247 0.477456 -0.580887
vn 0.575007 0.592394 -0.564301
vn 0.630386 0.648260 -0.427051
vn 0.558459 0.701013 -0.443514
vn 0.631715 0.710148 -0.310849
vn 0.656605 0.727822 -0.197850
vn 0.659686 0.746759 -0.084651
vn 0.653453 0.756451 0.027930
vn 0.551914 0.830056 -0.079985
vn 0.794844 0.208500 -0.569869
vn 0.682442 0.292663 -0.669792
vn 0.746719 0.358361 -0.560347
vn 0.749726 0.495030 -0.439154
vn 0.666069 0.565372 -0.486525
vn 0.750674 0.582051 -0.312579
vn 0.774881 0.598967 -0.201983
vn 0.773179 0.628283 -0.086338
vn 0.747572 0.663439 0.031381
vn 0.873291 0.225446 -0.431898
vn 0.789333 0.289620 -0.541363
vn 0.815842 0.375424 -0.439840
vn 0.876062 0.360631 -0.320093
vn 0.819214 0.473986 -0.322839
vn 0.878552 0.439030 -0.188146
vn 0.847638 0.524485 -0.080158
vn 0.829353 0.557761 0.032814
vn 0.928529 0.228284 -0.292779
vn 0.965605 0.179217 -0.188381
vn 0.977608 0.190948 -0.088442
vn 0.978837 0.203175 0.024472
vn 0.936526 0.295470 -0.188725
vn 0.954347 0.288088 -0.078905
vn 0.956752 0.289660 0.026876
vn 0.909313 0.411230 -0.063559
vn 0.906772 0.416862 0.063170
vn 0.041876 0.897041 0.439959
vn 0.155023 0.876252 0.456235
vn 0.310863 0.847811 0.429628
vn 0.289290 0.854016 0.432398
vn 0.502973 0.773137 0.386365
vn 0.433200 0.817155 0.380257
vn 0.565718 0.748672 0.345622
vn 0.538127 0.780872 0.317268
vn 0.596272 0.757435 0.265992
vn 0.565517 0.755262 0.331314
vn 0.746741 0.619454 0.242189
vn 0.720405 0.652236 0.235807
vn 0.747820 0.643653 -0.162714
vn 0.758398 0.612818 0.222008
vn 0.656032 0.696735 0.290142
vn 0.629672 0.723486 0.282987
vn 0.690791 0.720347 -0.062507
vn 0.696531 0.716474 0.038860
vn 0.767064 0.627520 0.133535
vn 0.677397 0.696154 0.237706
vn 0.776830 0.532834 0.335593
vn 0.790781 0.579216 0.197926
vn 0.811426 0.530873 0.244462
vn 0.736436 0.661823 -0.140189
vn 0.782977 0.621875 -0.014780
vn 0.813696 0.574759 0.086897
vn 0.785680 0.588061 0.192070
vn 0.807107 0.556614 0.196873
vn 0.775949 0.580782 0.246162
vn 0.782470 0.621488 -0.038631
vn 0.794234 0.605282 0.053153
vn 0.820938 0.548701 0.158079
vn 0.396399 0.764589 0.508205
vn 0.510130 0.808224 0.294179
vn 0.547419 0.713578 0.437194
vn 0.419901 0.821522 0.385726
vn 0.560324 0.773956 0.295006
vn 0.652208 0.713906 0.254878
vn 0.707805 0.660315 0.250989
vn 0.279770 0.960055 -0.004877
vn 0.351152 0.924119 0.150652
vn 0.474737 0.820063 0.319566
vn 0.731527 0.641461 0.231077
vn 0.608580 0.789312 -0.081344
vn 0.672009 0.738758 0.051383
vn 0.722608 0.671595 0.163701
vn 0.060606 -0.625355 0.777984
vn 0.059221 -0.470087 0.880631
vn 0.062075 -0.262376 0.962967
vn 0.065333 -0.038030 0.997139
vn 0.066603 0.188484 0.979815
vn 0.057637 0.382329 0.922227
vn 0.050949 0.698415 0.713877
vn 0.088882 0.568108 0.818140
vn 0.053673 0.865840 0.497434
vn 0.084757 0.784279 0.614591
vn 0.047375 0.909730 0.412488
vn 0.187171 -0.612942 0.767638
vn 0.177638 -0.467569 0.865924
vn 0.183002 -0.257442 0.948807
vn 0.184876 -0.040156 0.981941
vn 0.178697 0.187891 0.965797
vn 0.300004 0.546016 0.782218
vn 0.185244 0.422291 0.887330
vn 0.277910 0.742388 0.609612
vn 0.194319 0.676753 0.710103
vn 0.185268 0.882897 0.431472
vn 0.173115 0.826315 0.535942
vn 0.154678 0.908690 0.387759
vn 0.144787 0.905244 0.399462
vn 0.332095 -0.561185 0.758145
vn 0.313796 -0.447759 0.837283
vn 0.314919 -0.275422 0.908278
vn 0.289131 -0.042988 0.956324
vn 0.283931 0.169111 0.943814
vn 0.300655 0.377767 0.875728
vn 0.363577 0.620671 0.694679
vn 0.289925 0.875855 0.385774
vn 0.290451 0.821317 0.490996
vn 0.271876 0.884843 0.378335
vn 0.455844 -0.480927 0.748943
vn 0.496983 -0.304715 0.812500
vn 0.434359 -0.224034 0.872434
vn 0.609426 -0.043950 0.791624
vn 0.448774 -0.035902 0.892924
vn 0.454845 0.170899 0.874019
vn 0.508993 0.544938 0.666309
vn 0.484766 0.447795 0.751320
vn 0.455439 0.344693 0.820830
vn 0.475181 0.716878 0.510185
vn 0.438640 0.666156 0.603184
vn 0.396895 0.841360 0.366863
vn 0.383510 0.788123 0.481438
vn 0.358101 0.861431 0.360140
vn 0.549522 -0.443582 0.707997
vn 0.603201 -0.260751 0.753762
vn 0.719900 -0.041643 0.692828
vn 0.618018 0.189151 0.763070
vn 0.636187 0.539465 0.551582
vn 0.615820 0.450304 0.646523
vn 0.590409 0.362630 0.721052
vn 0.582015 0.728393 0.361528
vn 0.563475 0.660021 0.496858
vn 0.542615 0.606846 0.580781
vn 0.478583 0.782915 0.397496
vn 0.393946 -0.154238 0.906100
vn 0.582681 -0.343665 0.736463
vn 0.540073 -0.123472 0.832512
vn 0.686867 -0.183911 0.703129
vn 0.698144 -0.241006 0.674175
vn 0.762356 -0.005141 0.647138
vn 0.731608 0.192359 0.654024
vn 0.750129 0.543313 0.376986
vn 0.720210 0.440679 0.535816
vn 0.712566 0.354769 0.605301
vn 0.684843 0.665693 0.296384
vn 0.662608 0.614230 0.428570
vn 0.145293 0.110190 0.983234
vn 0.499064 0.146186 0.854146
vn 0.709023 -0.046124 0.703676
vn 0.778405 0.386053 0.495023
vn 0.735690 0.257476 0.626471
vn 0.778404 0.083697 0.622159
vn 0.778462 0.476224 0.408910
vn 0.835505 0.304652 0.457294
vn 0.801252 0.219347 0.556671
vn 0.811149 0.489069 0.320699
vn 0.788600 0.390613 0.474901
vn -0.163897 0.395616 0.903673
vn -0.457591 0.445236 0.769660
vn 0.355459 0.763255 0.539528
vn 0.213412 0.555831 0.803434
vn 0.666355 0.546739 0.506999
vn 0.592404 0.457284 0.663287
vn 0.032629 0.898966 0.436801
vn 0.030778 0.973830 -0.225186
vn 0.031142 0.992745 -0.116136
vn 0.076553 0.994438 0.072333
vn 0.038862 0.985568 0.164761
vn 0.042077 0.962544 0.267841
vn 0.037064 0.943183 0.330201
vn 0.187901 0.903836 0.384414
vn 0.144591 0.884986 0.442599
vn 0.172918 0.964003 -0.201985
vn 0.169720 0.981147 -0.092444
vn 0.178028 0.983506 0.031968
vn 0.189729 0.967167 0.169090
vn 0.160129 0.953099 0.256830
vn 0.276368 0.944237 -0.178988
vn 0.295485 0.951997 -0.079938
vn 0.302099 0.952572 0.036627
vn 0.287885 0.947177 0.141340
vn 0.267298 0.935442 0.231302
vn 0.279665 0.899530 0.335608
vn 0.509272 0.839507 -0.189393
vn 0.507940 0.849290 0.143885
vn 0.501458 0.828160 0.250382
vn 0.436825 0.817635 0.375042
vn 0.390168 0.902058 -0.184553
vn 0.403778 0.911061 -0.083247
vn 0.405320 0.913110 0.044107
vn 0.391004 0.908430 0.147890
vn 0.389942 0.877949 0.277759
vn 0.632978 0.751023 -0.187891
vn 0.589255 0.803488 -0.084767
vn 0.590175 0.805901 0.047079
vn 0.643079 0.751673 0.146415
vn 0.507483 0.861385 -0.021835
vn 0.082992 0.865780 0.493495
vn 0.129848 0.895064 0.426615
vn 0.179186 0.935696 0.303918
vn 0.088939 0.900689 0.425263
vn 0.026172 0.893725 0.447851
vn 0.011295 0.918929 0.394261
vn 0.204880 0.872738 0.443118
vn 0.450651 0.838319 0.306813
vn -0.143844 0.986163 0.082407
vn -0.121174 0.965374 0.231018
vn -0.079901 0.902754 0.422671
vn -0.273518 0.840439 0.467815
vn -0.361857 0.922534 0.134128
vn -0.145555 0.865649 0.479026
vn -0.158503 0.930203 0.331058
vn -0.102585 0.954084 0.281427
vn -0.150523 0.934295 0.323164
vn -0.222554 0.831177 0.509523
vn -0.342259 0.903964 0.256337
vn -0.324803 0.866420 0.379235
vn -0.298326 0.790885 0.534323
vn -0.320399 0.871032 0.372354
vn -0.312992 0.837602 0.447727
vn -0.173291 0.941873 0.287829
vn -0.260321 0.802406 0.537008
vn -0.266517 0.855534 0.443880
vn -0.200399 0.916053 0.347400
vn -0.283641 0.800467 0.528016
vn -0.317082 0.938820 0.134448
vn -0.307454 0.920752 0.240183
vn -0.162425 0.933809 0.318776
vn -0.183206 0.849592 0.494600
vn -0.193025 0.813668 0.548348
vn -0.226024 0.938287 0.261785
vn -0.202424 0.911638 0.357688
vn -0.217936 0.852583 0.474979
vn -0.194504 0.972664 0.126860
vn -0.096033 0.952067 0.290425
vn -0.093217 0.872884 0.478940
vn -0.080464 0.927666 0.364639
vn -0.088198 0.813144 0.575341
vn -0.109817 0.879718 0.462640
vn -0.100271 0.823647 0.558168
vn -0.101976 0.986416 0.128782
vn -0.099745 0.970423 0.219842
vn -0.092950 0.937456 0.335465
vn 0.003357 0.875718 0.482811
vn 0.003896 0.939591 0.342276
vn 0.003322 0.820364 0.571832
vn -0.002255 0.901301 0.433188
vn 0.001670 0.842331 0.538957
vn -0.000894 0.991842 0.127469
vn -0.000937 0.975477 0.220100
vn -0.001998 0.941919 0.335835
vn 0.098548 0.943233 0.317176
vn 0.095476 0.869463 0.484684
vn 0.093121 0.925476 0.367182
vn 0.098937 0.811653 0.575700
vn 0.110013 0.884033 0.454294
vn 0.125280 0.822779 0.554382
vn 0.100309 0.986567 0.128932
vn 0.098605 0.970602 0.219565
vn 0.092287 0.938462 0.332824
vn 0.202378 0.914914 0.349250
vn 0.236030 0.797316 0.555497
vn 0.212490 0.848744 0.484233
vn 0.240718 0.829714 0.503617
vn 0.231361 0.938426 0.256570
vn 0.207816 0.911979 0.353704
vn 0.193257 0.972791 0.127788
vn -0.321388 0.586026 0.743830
vn -0.455583 0.510517 0.729258
vn -0.067575 0.882756 0.464947
vn -0.210317 0.751453 0.625368
vn -0.352591 0.713592 0.605365
vn -0.176287 0.904903 0.387393
vn -0.428597 0.572209 0.699201
vn -0.245768 0.873196 0.420864
vn -0.279131 0.832777 0.478088
vn -0.303721 0.700952 0.645306
vn -0.232181 0.886969 0.399222
vn -0.320771 0.573853 0.753524
vn -0.241552 0.502141 0.830366
vn -0.263949 0.796715 0.543670
vn -0.179176 0.864516 0.469583
vn -0.190833 0.646890 0.738320
vn -0.168009 0.809867 0.562040
vn -0.188281 0.736180 0.650069
vn -0.153799 0.917534 0.366712
vn -0.094286 0.661865 0.743670
vn -0.103176 0.542782 0.833512
vn -0.077106 0.828835 0.554154
vn -0.086964 0.755211 0.649688
vn -0.065399 0.945347 0.319440
vn -0.073820 0.899000 0.431683
vn 0.014325 0.668569 0.743512
vn 0.019234 0.555404 0.831358
vn 0.011832 0.834133 0.551436
vn 0.011745 0.760603 0.649111
vn 0.009220 0.946827 0.321612
vn 0.013508 0.899158 0.437415
vn 0.118253 0.656754 0.744776
vn 0.131149 0.534102 0.835186
vn 0.101265 0.827679 0.551991
vn 0.109140 0.752789 0.649151
vn 0.094967 0.898646 0.428272
vn 0.213277 0.640073 0.738119
vn 0.257300 0.505612 0.823501
vn 0.186782 0.810468 0.555206
vn 0.230899 0.726644 0.647051
vn 0.184166 0.918010 0.351199
vn 0.203590 0.858505 0.470659
vn 0.311308 0.876948 0.366127
vn 0.283777 0.912301 0.295258
vn 0.343907 0.776871 0.527446
vn 0.331680 0.825149 0.457293
vn 0.333280 0.808434 0.485138
vn 0.428120 0.892426 0.142440
vn 0.325328 0.915182 0.237914
vn 0.328307 0.870111 0.367588
vn 0.303883 0.944593 0.124089
vn 0.436390 0.791241 0.428371
vn 0.416678 0.839952 0.347649
vn 0.369087 0.890111 0.267353
vn 0.467419 0.743701 0.477941
vn 0.443794 0.749383 0.491398
vn 0.504919 0.786408 0.355836
vn 0.437980 0.860714 0.259509
vn 0.409324 0.820454 0.399135
vn 0.521932 0.815556 0.249913
vn 0.575883 0.692925 0.433835
vn 0.552917 0.749793 0.363447
vn 0.505320 0.818306 0.273910
vn 0.426486 0.861259 0.276303
vn 0.595698 0.706359 0.382362
vn 0.660269 0.737980 0.139391
vn 0.550772 0.798702 0.242332
vn 0.539802 0.709981 0.452261
vn 0.541870 0.829848 0.133150
vn 0.677304 0.648098 0.348180
vn 0.699535 0.636444 0.324945
vn 0.681565 0.703642 0.200891
vn 0.602223 0.775288 0.190411
vn 0.610224 0.747183 0.263333
vn 0.756746 0.566510 0.326194
vn 0.625422 0.719277 0.302470
vn 0.587820 0.776136 0.228212
vn 0.742375 0.655528 0.138427
vn 0.771964 0.586397 0.245378
vn 0.664299 0.662789 0.345569
vn 0.666063 0.703845 0.246907
vn 0.910708 0.357064 0.207646
vn 0.889453 0.444833 0.104861
vn 0.809932 0.577198 0.104177
vn 0.803763 0.570517 0.168747
vn 0.762451 0.578263 0.290311
vn 0.875065 0.427008 0.227872
vn 0.815664 0.535160 0.219764
vn 0.775302 0.615054 0.143580
vn 0.716911 0.682045 0.144408
vn 0.697101 0.688284 0.200788
vn 0.855999 0.492312 0.157782
vn 0.830129 0.495602 0.255470
vn 0.796066 0.513923 0.319629
vn 0.805127 0.575553 0.143211
vn 0.969230 0.216002 0.118050
vn 0.952760 0.271667 0.135812
vn 0.900457 0.430963 0.058726
vn 0.884086 0.450085 0.125762
vn 0.927998 0.334630 0.163837
vn 0.400024 0.661682 0.634159
vn 0.344469 0.592479 0.728224
vn 0.329025 0.811612 0.482730
vn 0.309479 0.770060 0.557880
vn 0.265861 0.916737 0.298179
vn 0.293029 0.872652 0.390656
vn 0.488659 0.523213 0.698183
vn 0.404840 0.816611 0.411400
vn 0.445964 0.713118 0.540906
vn 0.355123 0.884050 0.303881
vn 0.573830 0.635449 0.516647
vn 0.556818 0.563689 0.610089
vn 0.490554 0.802777 0.338977
vn 0.513022 0.726915 0.456512
vn 0.663466 0.550524 0.506692
vn 0.651805 0.490151 0.578707
vn 0.585518 0.710127 0.391010
vn 0.747940 0.488152 0.449770
f 7/7/7 5/5/5 1/1/1
f 7/7/7 1/1/1 2/2/2
f 10/10/10 3/3/3 9/9/9
f 14/14/14 11/11/11 12/12/12
f 19/19/19 9/9/9 18/18/18
f 19/19/19 15/15/15 16/16/16
f 20/20/20 17/17/17 18/18/18
f 25/25/25 15/15/15 24/24/24
f 28/28/28 17/17/17 20/20/20
f 26/26/26 17/17/17 35/35/35
f 41/41/41 33/33/33 35/35/35
f 43/43/43 34/34/34 36/36/36
f 51/51/51 46/46/46 47/47/47
f 61/61/61 56/56/56 57/57/57
f 47/47/47 65/65/65 66/66/66
f 66/66/66 61/61/61 67/67/67
f 67/67/67 48/48/48 66/66/66
f 49/49/49 67/67/67 68/68/68
f 76/76/76 72/72/72 73/73/73
f 76/76/76 57/57/57 72/72/72
f 80/80/80 75/75/75 71/71/71
f 73/73/73 72/72/72 84/84/84
f 74/74/74 73/73/73 85/85/85
f 74/74/74 85/85/85 86/86/86
f 82/82/82 8/8/8 16/16/16
f 83/83/83 8/8/8 82/82/82
f 86/86/86 87/87/87 78/78/78
f 84/84/84 88/88/88 89/89/89
f 84/84/84 75/75/75 88/88/88
f 90/90/90 91/91/91 85/85/85
f 86/86/86 85/85/85 92/92/92
f 89/89/89 88/88/88 94/94/94
f 95/95/95 89/89/89 102/102/102
f 97/97/97 96/96/96 103/103/103
f 99/99/99 32/32/32 39/39/39
f 106/106/106 39/39/39 108/108/108
f 108/108/108 39/39/39 40/40/40
f 112/112/112 42/42/42 44/44/44
f 116/116/116 105/105/105 108/108/108
f 110/110/110 109/109/109 118/118/118
f 111/111/111 42/42/42 119/119/119
f 113/113/113 120/120/120 121/121/121
f 123/123/123 114/114/114 118/118/118
f 124/124/124 117/117/117 119/119/119
f 122/122/122 114/114/114 128/128/128
f 123/123/123 117/117/117 129/129/129
f 128/128/128 135/135/135 136/136/136
f 130/130/130 135/135/135 128/128/128
f 132/132/132 137/137/137 129/129/129
f 133/133/133 138/138/138 131/131/131
f 132/132/132 138/138/138 144/144/144
f 141/141/141 140/140/140 147/147/147
f 141/141/141 147/147/147 148/148/148
f 143/143/143 142/142/142 149/149/149
f 146/146/146 151/151/151 144/144/144
f 148/148/148 147/147/147 155/155/155
f 148/148/148 154/154/154 139/139/139
f 102/102/102 161/161/161 162/162/162
f 102/102/102 101/101/101 161/161/161
f 169/169/169 168/168/168 174/174/174
f 171/171/171 170/170/170 175/175/175
f 173/173/173 176/176/176 178/178/178
f 175/175/175 170/170/170 180/180/180
f 176/176/176 181/181/181 183/183/183
f 180/180/180 185/185/185 186/186/186
f 181/181/181 175/175/175 187/187/187
f 182/182/182 188/188/188 189/189/189
f 183/183/183 181/181/181 191/191/191
f 192/192/192 183/183/183 191/191/191
f 134/134/134 139/139/139 188/188/188
f 200/200/200 196/196/196 199/199/199
f 188/188/188 139/139/139 154/154/154
f 188/188/188 154/154/154 198/198/198
f 188/188/188 198/198/198 189/189/189
f 198/198/198 208/208/208 202/202/202
f 198/198/198 202/202/202 193/193/193
f 207/207/207 154/154/154 148/148/148
f 148/148/148 155/155/155 209/209/209
f 150/150/150 156/156/156 210/210/210
f 150/150/150 210/210/210 211/211/211
f 160/160/160 159/159/159 215/215/215
f 216/216/216 213/213/213 215/215/215
f 216/216/216 219/219/219 213/213/213
f 223/223/223 218/218/218 225/225/225
f 223/223/223 217/217/217 218/218/218
f 224/224/224 223/223/223 230/230/230
f 224/224/224 230/230/230 235/235/235
f 251/251/251 229/229/229 224/224/224
f 245/245/245 243/243/243 244/244/244
f 245/245/245 237/237/237 240/240/240
f 247/247/247 235/235/235 242/242/242
f 246/246/246 247/247/247 252/252/252
f 252/252/252 248/248/248 253/253/253
f 252/252/252 247/247/247 248/248/248
f 205/205/205 258/258/258 263/263/263
f 201/201/201 206/206/206 264/264/264
f 258/258/258 257/257/257 267/267/267
f 206/206/206 263/263/263 268/268/268
f 261/261/261 260/260/260 269/269/269
f 266/266/266 217/217/217 224/224/224
f 267/267/267 256/256/256 272/272/272
f 264/264/264 268/268/268 270/270/270
f 269/269/269 265/265/265 275/275/275
f 273/273/273 267/267/267 278/278/278
f 263/263/263 273/273/273 278/278/278
f 268/268/268 263/263/263 276/276/276
f 274/274/274 268/268/268 276/276/276
f 279/279/279 271/271/271 269/269/269
f 276/276/276 263/263/263 281/281/281
f 279/279/279 275/275/275 282/282/282
f 280/280/280 276/276/276 283/283/283
f 277/277/277 271/271/271 284/284/284
f 278/278/278 267/267/267 285/285/285
f 282/282/282 229/229/229 250/250/250
f 279/279/279 284/284/284 271/271/271
f 296/296/296 295/295/295 297/297/297
f 302/302/302 299/299/299 300/300/300
f 295/295/295 303/303/303 304/304/304
f 305/305/305 304/304/304 306/306/306
f 87/87/87 97/97/97 313/313/313
f 313/313/313 314/314/314 303/303/303
f 303/303/303 314/314/314 315/315/315
f 304/304/304 303/303/303 315/315/315
f 304/304/304 315/315/315 316/316/316
f 317/317/317 316/316/316 318/318/318
f 312/312/312 322/322/322 311/311/311
f 315/315/315 314/314/314 325/325/325
f 315/315/315 325/325/325 326/326/326
f 316/316/316 315/315/315 326/326/326
f 316/316/316 326/326/326 327/327/327
f 323/323/323 334/334/334 322/322/322
f 325/325/325 336/336/336 337/337/337
f 326/326/326 325/325/325 337/337/337
f 326/326/326 337/337/337 338/338/338
f 327/327/327 326/326/326 338/338/338
f 335/335/335 340/340/340 334/334/334
f 104/104/104 167/167/167 341/341/341
f 336/336/336 341/341/341 342/342/342
f 328/328/328 338/338/338 343/343/343
f 339/339/339 328/328/328 343/343/343
f 331/331/331 339/339/339 345/345/345
f 337/337/337 342/342/342 353/353/353
f 338/338/338 337/337/337 353/353/353
f 343/343/343 338/338/338 355/355/355
f 350/350/350 358/358/358 349/349/349
f 342/342/342 352/352/352 360/360/360
f 344/344/344 355/355/355 361/361/361
f 356/356/356 344/344/344 361/361/361
f 346/346/346 356/356/356 363/363/363
f 366/366/366 178/178/178 183/183/183
f 354/354/354 353/353/353 368/368/368
f 355/355/355 354/354/354 368/368/368
f 361/361/361 355/355/355 370/370/370
f 366/366/366 374/374/374 375/375/375
f 353/353/353 360/360/360 378/378/378
f 368/368/368 353/353/353 378/378/378
f 362/362/362 370/370/370 379/379/379
f 368/368/368 378/378/378 382/382/382
f 376/376/376 375/375/375 386/386/386
f 379/379/379 384/384/384 388/388/388
f 382/382/382 378/378/378 391/391/391
f 395/395/395 381/381/381 373/373/373
f 393/393/393 380/380/380 397/397/397
f 385/385/385 201/201/201 407/407/407
f 389/389/389 385/385/385 407/407/407
f 387/387/387 392/392/392 410/410/410
f 408/408/408 386/386/386 413/413/413
f 412/412/412 407/407/407 270/270/270
f 390/390/390 409/409/409 416/416/416
f 414/414/414 390/390/390 416/416/416
f 392/392/392 414/414/414 418/418/418
f 416/416/416 409/409/409 419/419/419
f 410/410/410 418/418/418 420/420/420
f 270/270/270 421/421/421 412/412/412
f 415/415/415 413/413/413 422/422/422
f 419/419/419 415/415/415 422/422/422
f 419/419/419 422/422/422 426/426/426
f 406/406/406 405/405/405 432/432/432
f 430/430/430 400/400/400 433/433/433
f 403/403/403 430/430/430 434/434/434
f 430/430/430 433/433/433 438/438/438
f 434/434/434 430/430/430 438/438/438
f 433/433/433 411/411/411 443/443/443
f 433/433/433 443/443/443 444/444/444
f 438/438/438 433/433/433 444/444/444
f 439/439/439 438/438/438 445/445/445
f 442/442/442 420/420/420 454/454/454
f 457/457/457 456/456/456 461/461/461
f 458/458/458 462/462/462 463/463/463
f 466/466/466 463/463/463 465/465/465
f 471/471/471 470/470/470 472/472/472
f 475/475/475 474/474/474 476/476/476
f 473/473/473 477/477/477 471/471/471
f 481/481/481 21/21/21 22/22/22
f 482/482/482 481/481/481 483/483/483
f 479/479/479 486/486/486 478/478/478
f 480/480/480 487/487/487 479/479/479
f 492/492/492 493/493/493 494/494/494
f 494/494/494 493/493/493 486/486/486
f 488/488/488 494/494/494 486/486/486
f 495/495/495 488/488/488 496/496/496
f 497/497/497 38/38/38 29/29/29
f 498/498/498 497/497/497 499/499/499
f 491/491/491 499/499/499 490/490/490
f 500/500/500 491/491/491 492/492/492
f 501/501/501 492/492/492 494/494/494
f 495/495/495 503/503/503 494/494/494
f 504/504/504 495/495/495 496/496/496
f 498/498/498 506/506/506 497/497/497
f 507/507/507 498/498/498 499/499/499
f 508/508/508 500/500/500 509/509/509
f 505/505/505 512/512/512 504/504/504
f 515/515/515 53/53/53 516/516/516
f 517/517/517 54/54/54 518/518/518
f 520/520/520 521/521/521 528/528/528
f 528/528/528 529/529/529 535/535/535
f 519/519/519 55/55/55 70/70/70
f 472/472/472 468/468/468 520/520/520
f 473/473/473 472/472/472 547/547/547
f 547/547/547 520/520/520 528/528/528
f 473/473/473 547/547/547 549/549/549
f 549/549/549 547/547/547 550/550/550
f 549/549/549 550/550/550 551/551/551
f 546/546/546 540/540/540 557/557/557
f 558/558/558 556/556/556 557/557/557
f 561/561/561 555/555/555 556/556/556
f 480/480/480 562/562/562 565/565/565
f 558/558/558 567/567/567 556/556/556
f 571/571/571 567/567/567 558/558/558
f 574/574/574 570/570/570 567/567/567
f 574/574/574 582/582/582 570/570/570
f 576/576/576 577/577/577 586/586/586
f 590/590/590 505/505/505 587/587/587
f 595/595/595 585/585/585 586/586/586
f 595/595/595 598/598/598 585/585/585
f 588/588/588 590/590/590 587/587/587
f 506/506/506 112/112/112 44/44/44
f 609/609/609 508/508/508 509/509/509
f 610/610/610 509/509/509 510/510/510
f 613/613/613 112/112/112 506/506/506
f 607/607/607 614/614/614 606/606/606
f 615/615/615 607/607/607 608/608/608
f 609/609/609 615/615/615 608/608/608
f 610/610/610 616/616/616 609/609/609
f 612/612/612 618/618/618 611/611/611
f 616/616/616 624/624/624 615/615/615
f 617/617/617 625/625/625 616/616/616
f 626/626/626 617/617/617 618/618/618
f 632/632/632 623/623/623 624/624/624
f 633/633/633 624/624/624 625/625/625
f 635/635/635 625/625/625 626/626/626
f 634/634/634 644/644/644 633/633/633
f 648/648/648 638/638/638 639/639/639
f 640/640/640 648/648/648 639/639/639
f 649/649/649 640/640/640 641/641/641
f 650/650/650 643/643/643 644/644/644
f 659/659/659 649/649/649 650/650/650
f 652/652/652 660/660/660 651/651/651
f 665/665/665 664/664/664 663/663/663
f 661/661/661 670/670/670 669/669/669
f 672/672/672 637/637/637 628/628/628
f 672/672/672 647/647/647 637/637/637
f 677/677/677 682/682/682 676/676/676
f 687/687/687 590/590/590 599/599/599
f 695/695/695 690/690/690 691/691/691
f 697/697/697 687/687/687 688/688/688
f 692/692/692 698/698/698 691/691/691
f 694/694/694 700/700/700 693/693/693
f 701/701/701 694/694/694 690/690/690
f 695/695/695 701/701/701 690/690/690
f 702/702/702 628/628/628 696/696/696
f 702/702/702 696/696/696 697/697/697
f 699/699/699 703/703/703 697/697/697
f 705/705/705 700/700/700 694/694/694
f 701/701/701 705/705/705 694/694/694
f 707/707/707 672/672/672 702/702/702
f 703/703/703 708/708/708 702/702/702
f 713/713/713 705/705/705 701/701/701
f 716/716/716 708/708/708 711/711/711
f 720/720/720 719/719/719 723/723/723
f 718/718/718 726/726/726 717/717/717
f 727/727/727 719/719/719 720/720/720
f 726/726/726 729/729/729 725/725/725
f 728/728/728 678/678/678 732/732/732
f 728/728/728 674/674/674 678/678/678
f 729/729/729 683/683/683 677/677/677
f 730/730/730 683/683/683 726/726/726
f 686/686/686 685/685/685 731/731/731
f 686/686/686 731/731/731 732/732/732
f 734/734/734 666/666/666 667/667/667
f 669/669/669 738/738/738 737/737/737
f 741/741/741 227/227/227 216/216/216
f 748/748/748 741/741/741 743/743/743
f 751/751/751 745/745/745 746/746/746
f 764/764/764 756/756/756 757/757/757
f 765/765/765 771/771/771 756/756/756
f 773/773/773 768/768/768 769/769/769
f 777/777/777 775/775/775 776/776/776
f 682/682/682 798/798/798 797/797/797
f 684/684/684 799/799/799 683/683/683
f 802/802/802 801/801/801 685/685/685
f 802/802/802 685/685/685 686/686/686
f 798/798/798 807/807/807 806/806/806
f 800/800/800 807/807/807 799/799/799
f 813/813/813 801/801/801 802/802/802
f 818/818/818 817/817/817 816/816/816
f 807/807/807 818/818/818 806/806/806
f 821/821/821 810/810/810 811/811/811
f 823/823/823 821/821/821 824/824/824
f 828/828/828 816/816/816 817/817/817
f 828/828/828 829/829/829 830/830/830
f 822/822/822 831/831/831 820/820/820
f 833/833/833 822/822/822 823/823/823
f 822/822/822 833/833/833 835/835/835
f 842/842/842 837/837/837 828/828/828
f 838/838/838 828/828/828 830/830/830
f 839/839/839 838/838/838 832/832/832
f 832/832/832 838/838/838 830/830/830
f 841/841/841 835/835/835 834/834/834
f 774/774/774 836/836/836 837/837/837
f 843/843/843 839/839/839 832/832/832
f 849/849/849 839/839/839 843/843/843
f 852/852/852 846/846/846 847/847/847
f 856/856/856 841/841/841 834/834/834
f 844/844/844 845/845/845 857/857/857
f 859/859/859 861/861/861 857/857/857
f 861/861/861 864/864/864 851/851/851
f 869/869/869 548/548/548 534/534/534
f 873/873/873 301/301/301 302/302/302
f 868/868/868 301/301/301 874/874/874
f 875/875/875 874/874/874 873/873/873
f 871/871/871 874/874/874 876/876/876
f 872/872/872 564/564/564 557/557/557
f 571/571/571 558/558/558 878/878/878
f 879/879/879 310/310/310 311/311/311
f 873/873/873 310/310/310 880/880/880
f 882/882/882 880/880/880 881/881/881
f 875/875/875 880/880/880 883/883/883
f 877/877/877 876/876/876 884/884/884
f 884/884/884 876/876/876 883/883/883
f 877/877/877 884/884/884 885/885/885
f 571/571/571 878/878/878 887/887/887
f 882/882/882 881/881/881 890/890/890
f 892/892/892 891/891/891 890/890/890
f 886/886/886 893/893/893 885/885/885
f 888/888/888 894/894/894 887/887/887
f 322/322/322 334/334/334 895/895/895
f 881/881/881 889/889/889 897/897/897
f 897/897/897 889/889/889 895/895/895
f 4/4/4 5/5/5 7/7/7
f 4/4/4 7/7/7 6/6/6
f 898/898/898 890/890/890 897/897/897
f 892/892/892 899/899/899 891/891/891
f 888/888/888 893/893/893 902/902/902
f 589/589/589 894/894/894 904/904/904
f 896/896/896 906/906/906 895/895/895
f 897/897/897 907/907/907 909/909/909
f 901/901/901 911/911/911 900/900/900
f 903/903/903 912/912/912 902/902/902
f 905/905/905 913/913/913 904/904/904
f 914/914/914 605/605/605 595/595/595
f 896/896/896 340/340/340 916/916/916
f 909/909/909 920/920/920 908/908/908
f 909/909/909 919/919/919 920/920/920
f 903/903/903 911/911/911 923/923/923
f 905/905/905 912/912/912 926/926/926
f 917/917/917 928/928/928 916/916/916
f 924/924/924 934/934/934 923/923/923
f 927/927/927 935/935/935 926/926/926
f 917/917/917 358/358/358 937/937/937
f 930/930/930 939/939/939 929/929/929
f 931/931/931 940/940/940 941/941/941
f 938/938/938 947/947/947 937/937/937
f 930/930/930 936/936/936 949/949/949
f 944/944/944 942/942/942 953/953/953
f 956/956/956 943/943/943 955/955/955
f 958/958/958 948/948/948 949/949/949
f 950/950/950 958/958/958 949/949/949
f 951/951/951 948/948/948 959/959/959
f 962/962/962 953/953/953 952/952/952
f 962/962/962 952/952/952 961/961/961
f 963/963/963 954/954/954 953/953/953
f 963/963/963 953/953/953 962/962/962
f 956/956/956 955/955/955 965/965/965
f 957/957/957 968/968/968 947/947/947
f 963/963/963 973/973/973 974/974/974
f 975/975/975 964/964/964 965/965/965
f 977/977/977 968/968/968 957/957/957
f 970/970/970 978/978/978 969/969/969
f 971/971/971 988/988/988 970/970/970
f 981/981/981 973/973/973 963/963/963
f 975/975/975 974/974/974 983/983/983
f 976/976/976 964/964/964 985/985/985
f 977/977/977 987/987/987 968/968/968
f 971/971/971 989/989/989 988/988/988
f 983/983/983 973/973/973 999/999/999
f 1001/1001/1001 977/977/977 957/957/957
f 1001/1001/1001 402/402/402 1002/1002/1002
f 1003/1003/1003 925/925/925 1004/1004/1004
f 935/935/935 1005/1005/1005 1004/1004/1004
f 710/710/710 704/704/704 1005/1005/1005
f 1006/1006/1006 674/674/674 728/728/728
f 1006/1006/1006 966/966/966 674/674/674
f 1022/1022/1022 1018/1018/1018 1019/1019/1019
f 1022/1022/1022 1019/1019/1019 1014/1014/1014
f 1017/1017/1017 1026/1026/1026 1016/1016/1016
f 1016/1016/1016 1026/1026/1026 1029/1029/1029
f 1031/1031/1031 1018/1018/1018 1022/1022/1022
f 1037/1037/1037 1030/1030/1030 1031/1031/1031
f 1039/1039/1039 1044/1044/1044 1038/1038/1038
f 1048/1048/1048 1043/1043/1043 1044/1044/1044
f 1045/1045/1045 1046/1046/1046 1050/1050/1050
f 1052/1052/1052 1047/1047/1047 1043/1043/1043
f 1052/1052/1052 1043/1043/1043 1048/1048/1048
f 1052/1052/1052 1056/1056/1056 1047/1047/1047
f 1067/1067/1067 1014/1014/1014 1066/1066/1066
f 1073/1073/1073 1070/1070/1070 1071/1071/1071
f 1067/1067/1067 1027/1027/1027 1014/1014/1014
f 1078/1078/1078 1075/1075/1075 1076/1076/1076
f 1039/1039/1039 1032/1032/1032 1077/1077/1077
f 1078/1078/1078 1087/1087/1087 1077/1077/1077
f 1078/1078/1078 1076/1076/1076 1088/1088/1088
f 1091/1091/1091 1087/1087/1087 1088/1088/1088
f 1049/1049/1049 1044/1044/1044 1090/1090/1090
f 1084/1084/1084 1081/1081/1081 1092/1092/1092
f 1084/1084/1084 1092/1092/1092 1093/1093/1093
f 1089/1089/1089 1086/1086/1086 1098/1098/1098
f 1091/1091/1091 1100/1100/1100 1090/1090/1090
f 1104/1104/1104 1100/1100/1100 1101/1101/1101
f 1095/1095/1095 1093/1093/1093 1105/1105/1105
f 1095/1095/1095 1105/1105/1105 1106/1106/1106
f 1099/1099/1099 1096/1096/1096 1109/1109/1109
f 1104/1104/1104 1114/1114/1114 1103/1103/1103
f 1115/1115/1115 1111/1111/1111 1112/1112/1112
f 449/449/449 453/453/453 1116/1116/1116
f 1105/1105/1105 1118/1118/1118 1119/1119/1119
f 1113/1113/1113 1124/1124/1124 1112/1112/1112
f 1114/1114/1114 1061/1061/1061 1057/1057/1057
f 1114/1114/1114 1125/1125/1125 1061/1061/1061
f 1113/1113/1113 1122/1122/1122 1133/1133/1133
f 1126/1126/1126 1124/1124/1124 1137/1137/1137
f 1134/1134/1134 1146/1146/1146 1133/1133/1133
f 1137/1137/1137 1147/1147/1147 1136/1136/1136
f 1138/1138/1138 1147/1147/1147 1137/1137/1137
f 1136/1136/1136 1147/1147/1147 1149/1149/1149
f 1055/1055/1055 1050/1050/1050 1150/1150/1150
f 1155/1155/1155 1150/1150/1150 1151/1151/1151
f 1152/1152/1152 1155/1155/1155 1151/1151/1151
f 1153/1153/1153 1058/1058/1058 1157/1157/1157
f 858/858/858 841/841/841 1154/1154/1154
f 859/859/859 858/858/858 1163/1163/1163
f 1062/1062/1062 1063/1063/1063 1168/1168/1168
f 1168/1168/1168 1063/1063/1063 1180/1180/1180
f 1181/1181/1181 250/250/250 251/251/251
f 246/246/246 1181/1181/1181 251/251/251
f 1191/1191/1191 1196/1196/1196 250/250/250
f 1193/1193/1193 1192/1192/1192 1197/1197/1197
f 1195/1195/1195 1198/1198/1198 1194/1194/1194
f 1202/1202/1202 1198/1198/1198 1195/1195/1195
f 1191/1191/1191 1200/1200/1200 1206/1206/1206
f 1208/1208/1208 1201/1201/1201 1203/1203/1203
f 282/282/282 250/250/250 1223/1223/1223
f 280/280/280 283/283/283 1225/1225/1225
f 278/278/278 285/285/285 1226/1226/1226
f 281/281/281 1226/1226/1226 1228/1228/1228
f 283/283/283 281/281/281 1228/1228/1228
f 1222/1222/1222 1221/1221/1221 1229/1229/1229
f 1226/1226/1226 285/285/285 1230/1230/1230
f 283/283/283 1228/1228/1228 1231/1231/1231
f 1223/1223/1223 1196/1196/1196 1232/1232/1232
f 1224/1224/1224 1232/1232/1232 1235/1235/1235
f 1243/1243/1243 1238/1238/1238 1244/1244/1244
f 1233/1233/1233 1235/1235/1235 1239/1239/1239
f 1239/1239/1239 1229/1229/1229 1233/1233/1233
f 1249/1249/1249 1238/1238/1238 1248/1248/1248
f 1251/1251/1251 1245/1245/1245 1246/1246/1246
f 1217/1217/1217 1216/1216/1216 1286/1286/1286
f 1298/1298/1298 1293/1293/1293 1294/1294/1294
f 1300/1300/1300 1297/1297/1297 1293/1293/1293
f 1298/1298/1298 1300/1300/1300 1293/1293/1293
f 1301/1301/1301 1305/1305/1305 1299/1299/1299
f 1248/1248/1248 1317/1317/1317 1318/1318/1318
f 1248/1248/1248 1247/1247/1247 1317/1317/1317
f 1245/1245/1245 1320/1320/1320 1321/1321/1321
f 1324/1324/1324 1322/1322/1322 1320/1320/1320
f 1318/1318/1318 1254/1254/1254 1255/1255/1255
f 1318/1318/1318 1317/1317/1317 1254/1254/1254
f 1331/1331/1331 1322/1322/1322 1324/1324/1324
f 1335/1335/1335 1257/1257/1257 1258/1258/1258
f 1337/1337/1337 1328/1328/1328 1322/1322/1322
f 1337/1337/1337 1322/1322/1322 1331/1331/1331
f 1341/1341/1341 1261/1261/1261 1257/1257/1257
f 1341/1341/1341 1334/1334/1334 1261/1261/1261
f 1341/1341/1341 1257/1257/1257 1335/1335/1335
f 1344/1344/1344 1336/1336/1336 1338/1338/1338
f 1344/1344/1344 1338/1338/1338 1339/1339/1339
f 1348/1348/1348 1342/1342/1342 1347/1347/1347
f 1343/1343/1343 1336/1336/1336 1349/1349/1349
f 1349/1349/1349 1336/1336/1336 1344/1344/1344
f 1352/1352/1352 1346/1346/1346 1349/1349/1349
f 1355/1355/1355 1351/1351/1351 1354/1354/1354
f 1357/1357/1357 1354/1354/1354 1356/1356/1356
f 1353/1353/1353 1359/1359/1359 1280/1280/1280
f 1353/1353/1353 1280/1280/1280 1275/1275/1275
f 1359/1359/1359 1353/1353/1353 1355/1355/1355
f 1357/1357/1357 1361/1361/1361 1354/1354/1354
f 1363/1363/1363 1311/1311/1311 1312/1312/1312
f 1360/1360/1360 1364/1364/1364 1281/1281/1281
f 1363/1363/1363 1312/1312/1312 1382/1382/1382
f 1363/1363/1363 1381/1381/1381 1311/1311/1311
f 1382/1382/1382 1312/1312/1312 1371/1371/1371
f 1364/1364/1364 1368/1368/1368 1365/1365/1365
f 1377/1377/1377 1379/1379/1379 1387/1387/1387
f 1387/1387/1387 1379/1379/1379 1388/1388/1388
f 1391/1391/1391 1374/1374/1374 1375/1375/1375
f 1387/1387/1387 1388/1388/1388 1398/1398/1398
f 1399/1399/1399 1395/1395/1395 1398/1398/1398
f 1403/1403/1403 1401/1401/1401 1402/1402/1402
f 1391/1391/1391 1402/1402/1402 1374/1374/1374
f 1397/1397/1397 1396/1396/1396 1408/1408/1408
f 1399/1399/1399 1406/1406/1406 1395/1395/1395
f 1410/1410/1410 1406/1406/1406 1399/1399/1399
f 1407/1407/1407 1406/1406/1406 1410/1410/1410
f 1400/1400/1400 1412/1412/1412 1409/1409/1409
f 1400/1400/1400 1409/1409/1409 1398/1398/1398
f 1401/1401/1401 1412/1412/1412 1400/1400/1400
f 1403/1403/1403 1412/1412/1412 1401/1401/1401
f 1407/1407/1407 1410/1410/1410 1420/1420/1420
f 1411/1411/1411 1408/1408/1408 1421/1421/1421
f 1421/1421/1421 1420/1420/1420 1422/1422/1422
f 1421/1421/1421 1422/1422/1422 1428/1428/1428
f 1424/1424/1424 1430/1430/1430 1431/1431/1431
f 1430/1430/1430 1425/1425/1425 1434/1434/1434
f 426/426/426 422/422/422 1450/1450/1450
f 1449/1449/1449 423/423/423 1225/1225/1225
f 424/424/424 1449/1449/1449 1451/1451/1451
f 1450/1450/1450 425/425/425 1452/1452/1452
f 1448/1448/1448 429/429/429 1456/1456/1456
f 1449/1449/1449 1225/1225/1225 1458/1458/1458
f 1451/1451/1451 1449/1449/1449 1458/1458/1458
f 1448/1448/1448 1456/1456/1456 1459/1459/1459
f 1234/1234/1234 1244/1244/1244 1466/1466/1466
f 1460/1460/1460 1466/1466/1466 1467/1467/1467
f 1461/1461/1461 1468/1468/1468 1469/1469/1469
f 1462/1462/1462 1469/1469/1469 1470/1470/1470
f 1466/1466/1466 1465/1465/1465 1474/1474/1474
f 1469/1469/1469 1475/1475/1475 1476/1476/1476
f 1481/1481/1481 1480/1480/1480 1484/1484/1484
f 1486/1486/1486 1483/1483/1483 1485/1485/1485
f 1479/1479/1479 1478/1478/1478 1487/1487/1487
f 1484/1484/1484 1489/1489/1489 1490/1490/1490
f 1485/1485/1485 1491/1491/1491 1492/1492/1492
f 1490/1490/1490 1489/1489/1489 1493/1493/1493
f 1464/1464/1464 1471/1471/1471 1509/1509/1509
f 1471/1471/1471 1477/1477/1477 1518/1518/1518
f 1256/1256/1256 1260/1260/1260 1531/1531/1531
f 1474/1474/1474 1552/1552/1552 1553/1553/1553
f 1555/1555/1555 1475/1475/1475 1553/1553/1553
f 1555/1555/1555 1554/1554/1554 1556/1556/1556
f 1476/1476/1476 1555/1555/1555 1556/1556/1556
f 1319/1319/1319 1256/1256/1256 1549/1549/1549
f 1551/1551/1551 1550/1550/1550 1557/1557/1557
f 1553/1553/1553 1559/1559/1559 1560/1560/1560
f 1556/1556/1556 1554/1554/1554 1560/1560/1560
f 1557/1557/1557 1533/1533/1533 1562/1562/1562
f 1560/1560/1560 1563/1563/1563 1564/1564/1564
f 1585/1585/1585 1584/1584/1584 1525/1525/1525
f 1530/1530/1530 1587/1587/1587 1529/1529/1529
f 1517/1517/1517 1556/1556/1556 1589/1589/1589
f 1520/1520/1520 1582/1582/1582 1591/1591/1591
f 1586/1586/1586 1593/1593/1593 1594/1594/1594
f 1587/1587/1587 1586/1586/1586 1595/1595/1595
f 1595/1595/1595 1586/1586/1586 1594/1594/1594
f 1583/1583/1583 1591/1591/1591 1599/1599/1599
f 1594/1594/1594 1593/1593/1593 1603/1603/1603
f 1595/1595/1595 1594/1594/1594 1605/1605/1605
f 1610/1610/1610 1620/1620/1620 1621/1621/1621
f 1622/1622/1622 1621/1621/1621 1632/1632/1632
f 1632/1632/1632 1631/1631/1631 1641/1641/1641
f 1622/1622/1622 1632/1632/1632 1643/1643/1643
f 1634/1634/1634 1622/1622/1622 1643/1643/1643
f 1646/1646/1646 1635/1635/1635 1645/1645/1645
f 1636/1636/1636 1647/1647/1647 1648/1648/1648
f 1637/1637/1637 1636/1636/1636 1648/1648/1648
f 1638/1638/1638 1637/1637/1637 1650/1650/1650
f 1639/1639/1639 1638/1638/1638 1650/1650/1650
f 1640/1640/1640 1639/1639/1639 1652/1652/1652
f 1663/1663/1663 1577/1577/1577 1662/1662/1662
f 1664/1664/1664 1578/1578/1578 1663/1663/1663
f 1667/1667/1667 1663/1663/1663 1666/1666/1666
f 1669/1669/1669 1665/1665/1665 1668/1668/1668
f 1670/1670/1670 1669/1669/1669 1668/1668/1668
f 1666/1666/1666 1672/1672/1672 1675/1675/1675
f 1676/1676/1676 1666/1666/1666 1675/1675/1675
f 1678/1678/1678 1667/1667/1667 1677/1677/1677
f 1680/1680/1680 1678/1678/1678 1677/1677/1677
f 1682/1682/1682 1670/1670/1670 1681/1681/1681
f 1683/1683/1683 1674/1674/1674 1673/1673/1673
f 1675/1675/1675 1674/1674/1674 1684/1684/1684
f 1687/1687/1687 1680/1680/1680 1686/1686/1686
f 1689/1689/1689 1685/1685/1685 1684/1684/1684
f 1690/1690/1690 1687/1687/1687 1686/1686/1686
f 1691/1691/1691 1687/1687/1687 1690/1690/1690
f 1683/1683/1683 1411/1411/1411 1693/1693/1693
f 1694/1694/1694 1683/1683/1683 1693/1693/1693
f 1423/1423/1423 1693/1693/1693 1411/1411/1411
f 1696/1696/1696 1689/1689/1689 1695/1695/1695
f 1697/1697/1697 1690/1690/1690 1696/1696/1696
f 1702/1702/1702 1697/1697/1697 1696/1696/1696
f 1700/1700/1700 1708/1708/1708 1710/1710/1710
f 1715/1715/1715 1711/1711/1711 1710/1710/1710
f 1726/1726/1726 1720/1720/1720 1719/1719/1719
f 1706/1706/1706 1726/1726/1726 2399/2399/2399
f 1646/1646/1646 1645/1645/1645 1730/1730/1730
f 1647/1647/1647 1646/1646/1646 1732/1732/1732
f 1657/1657/1657 1655/1655/1655 1737/1737/1737
f 1733/1733/1733 1649/1649/1649 1740/1740/1740
f 1651/1651/1651 1733/1733/1733 1742/1742/1742
f 1734/1734/1734 1651/1651/1651 1742/1742/1742
f 1743/1743/1743 1734/1734/1734 1742/1742/1742
f 1735/1735/1735 1734/1734/1734 1743/1743/1743
f 1746/1746/1746 1744/1744/1744 1745/1745/1745
f 1745/1745/1745 1744/1744/1744 1754/1754/1754
f 1754/1754/1754 1752/1752/1752 1762/1762/1762
f 1705/1705/1705 1767/1767/1767 1704/1704/1704
f 1769/1769/1769 1705/1705/1705 1718/1718/1718
f 1772/1772/1772 254/254/254 784/784/784
f 1782/1782/1782 1195/1195/1195 1189/1189/1189
f 1785/1785/1785 1794/1794/1794 1784/1784/1784
f 1801/1801/1801 1195/1195/1195 1792/1792/1792
f 1811/1811/1811 1204/1204/1204 1810/1810/1810
f 1804/1804/1804 1813/1813/1813 1803/1803/1803
f 1811/1811/1811 1209/1209/1209 1204/1204/1204
f 1800/1800/1800 1791/1791/1791 1834/1834/1834
f 1836/1836/1836 1840/1840/1840 1835/1835/1835
f 1839/1839/1839 1843/1843/1843 1838/1838/1838
f 1840/1840/1840 1844/1844/1844 1800/1800/1800
f 1847/1847/1847 1842/1842/1842 1843/1843/1843
f 1852/1852/1852 1844/1844/1844 1845/1845/1845
f 1856/1856/1856 1854/1854/1854 1853/1853/1853
f 1847/1847/1847 1856/1856/1856 1846/1846/1846
f 1856/1856/1856 1855/1855/1855 1854/1854/1854
f 1848/1848/1848 1857/1857/1857 1855/1855/1855
f 1861/1861/1861 1850/1850/1850 1852/1852/1852
f 1861/1861/1861 1862/1862/1862 1877/1877/1877
f 1867/1867/1867 1866/1866/1866 1865/1865/1865
f 1857/1857/1857 1867/1867/1867 1855/1855/1855
f 1857/1857/1857 1868/1868/1868 1866/1866/1866
f 1877/1877/1877 1873/1873/1873 1872/1872/1872
f 1877/1877/1877 1874/1874/1874 1873/1873/1873
f 1828/1828/1828 1883/1883/1883 1827/1827/1827
f 1885/1885/1885 1884/1884/1884 1883/1883/1883
f 1871/1871/1871 1885/1885/1885 1870/1870/1870
f 1843/1843/1843 1839/1839/1839 1900/1900/1900
f 1903/1903/1903 1900/1900/1900 1901/1901/1901
f 1909/1909/1909 1858/1858/1858 1857/1857/1857
f 1908/1908/1908 1909/1909/1909 1907/1907/1907
f 1914/1914/1914 1296/1296/1296 1912/1912/1912
f 1913/1913/1913 1914/1914/1914 1912/1912/1912
f 1915/1915/1915 1917/1917/1917 1913/1913/1913
f 1918/1918/1918 1301/1301/1301 1916/1916/1916
f 1883/1883/1883 1910/1910/1910 1827/1827/1827
f 1931/1931/1931 1888/1888/1888 1889/1889/1889
f 1932/1932/1932 1931/1931/1931 1933/1933/1933
f 1936/1936/1936 1937/1937/1937 1938/1938/1938
f 1939/1939/1939 1926/1926/1926 1927/1927/1927
f 1940/1940/1940 1939/1939/1939 1941/1941/1941
f 1930/1930/1930 1941/1941/1941 1928/1928/1928
f 1942/1942/1942 1930/1930/1930 1931/1931/1931
f 1932/1932/1932 1942/1942/1942 1931/1931/1931
f 1943/1943/1943 1932/1932/1932 1933/1933/1933
f 1946/1946/1946 1944/1944/1944 1935/1935/1935
f 1939/1939/1939 1949/1949/1949 1911/1911/1911
f 1940/1940/1940 1950/1950/1950 1939/1939/1939
f 1956/1956/1956 1945/1945/1945 1944/1944/1944
f 1956/1956/1956 1946/1946/1946 1957/1957/1957
f 1951/1951/1951 1950/1950/1950 1940/1940/1940
f 1960/1960/1960 1951/1951/1951 1952/1952/1952
f 1953/1953/1953 1960/1960/1960 1952/1952/1952
f 1961/1961/1961 1953/1953/1953 1954/1954/1954
f 1955/1955/1955 1961/1961/1961 1954/1954/1954
f 1968/1968/1968 1915/1915/1915 1950/1950/1950
f 1951/1951/1951 1968/1968/1968 1950/1950/1950
f 1953/1953/1953 1969/1969/1969 1960/1960/1960
f 1971/1971/1971 1963/1963/1963 1972/1972/1972
f 1979/1979/1979 1970/1970/1970 1971/1971/1971
f 1979/1979/1979 1987/1987/1987 1978/1978/1978
f 1923/1923/1923 1993/1993/1993 1925/1925/1925
f 1986/1986/1986 1994/1994/1994 1985/1985/1985
f 1987/1987/1987 1995/1995/1995 1986/1986/1986
f 1925/1925/1925 2004/2004/2004 2002/2002/2002
f 2012/2012/2012 1997/1997/1997 1998/1998/1998
f 2003/2003/2003 1392/1392/1392 1376/1376/1376
f 2004/2004/2004 2003/2003/2003 2002/2002/2002
f 2008/2008/2008 2020/2020/2020 2007/2007/2007
f 2021/2021/2021 2008/2008/2008 2010/2010/2010
f 2014/2014/2014 2024/2024/2024 2013/2013/2013
f 2026/2026/2026 1392/1392/1392 2003/2003/2003
f 2026/2026/2026 2003/2003/2003 2018/2018/2018
f 2025/2025/2025 2038/2038/2038 2014/2014/2014
f 2040/2040/2040 2027/2027/2027 2028/2028/2028
f 2043/2043/2043 2030/2030/2030 2031/2031/2031
f 2043/2043/2043 2042/2042/2042 2030/2030/2030
f 2032/2032/2032 2043/2043/2043 2031/2031/2031
f 2049/2049/2049 2039/2039/2039 2041/2041/2041
f 2050/2050/2050 2041/2041/2041 2042/2042/2042
f 2055/2055/2055 2054/2054/2054 2046/2046/2046
f 1443/1443/1443 1427/1427/1427 2048/2048/2048
f 2056/2056/2056 2048/2048/2048 2051/2051/2051
f 2070/2070/2070 2067/2067/2067 2068/2068/2068
f 2071/2071/2071 2070/2070/2070 2072/2072/2072
f 2080/2080/2080 2076/2076/2076 2079/2079/2079
f 2084/2084/2084 2078/2078/2078 2083/2083/2083
f 2084/2084/2084 2073/2073/2073 2074/2074/2074
f 2079/2079/2079 2075/2075/2075 2084/2084/2084
f 2092/2092/2092 2075/2075/2075 2076/2076/2076
f 2092/2092/2092 2086/2086/2086 2096/2096/2096
f 2083/2083/2083 2078/2078/2078 2096/2096/2096
f 2087/2087/2087 2086/2086/2086 2092/2092/2092
f 2091/2091/2091 2086/2086/2086 2107/2107/2107
f 2065/2065/2065 1063/1063/1063 1148/1148/1148
f 2118/2118/2118 2116/2116/2116 2128/2128/2128
f 2120/2120/2120 2117/2117/2117 2130/2130/2130
f 2140/2140/2140 2127/2127/2127 2128/2128/2128
f 2141/2141/2141 2129/2129/2129 2130/2130/2130
f 2143/2143/2143 2131/2131/2131 2132/2132/2132
f 2144/2144/2144 2133/2133/2133 2134/2134/2134
f 2153/2153/2153 2150/2150/2150 2152/2152/2152
f 2141/2141/2141 2127/2127/2127 2152/2152/2152
f 1495/1495/1495 1503/1503/1503 2159/2159/2159
f 2165/2165/2165 2162/2162/2162 2164/2164/2164
f 2072/2072/2072 2070/2070/2070 2156/2156/2156
f 2169/2169/2169 2166/2166/2166 2072/2072/2072
f 2169/2169/2169 2156/2156/2156 2157/2157/2157
f 2179/2179/2179 2176/2176/2176 2178/2178/2178
f 2181/2181/2181 2177/2177/2177 2180/2180/2180
f 2181/2181/2181 2166/2166/2166 2167/2167/2167
f 2189/2189/2189 2185/2185/2185 2188/2188/2188
f 2192/2192/2192 2177/2177/2177 2178/2178/2178
f 2093/2093/2093 2076/2076/2076 2180/2180/2180
f 2188/2188/2188 2185/2185/2185 2197/2197/2197
f 2067/2067/2067 2206/2206/2206 2207/2207/2207
f 2218/2218/2218 2206/2206/2206 2067/2067/2067
f 2222/2222/2222 2067/2067/2067 2070/2070/2070
f 2226/2226/2226 2220/2220/2220 2225/2225/2225
f 2227/2227/2227 2217/2217/2217 2218/2218/2218
f 2232/2232/2232 2230/2230/2230 2229/2229/2229
f 2232/2232/2232 2224/2224/2224 2225/2225/2225
f 2228/2228/2228 2081/2081/2081 2077/2077/2077
f 2231/2231/2231 2082/2082/2082 2230/2230/2230
f 2084/2084/2084 2083/2083/2083 2231/2231/2231
f 2084/2084/2084 2231/2231/2231 2073/2073/2073
f 2240/2240/2240 2234/2234/2234 2239/2239/2239
f 2239/2239/2239 2250/2250/2250 2238/2238/2238
f 2244/2244/2244 2252/2252/2252 2243/2243/2243
f 2245/2245/2245 1948/1948/1948 1938/1938/1938
f 2254/2254/2254 2251/2251/2251 2252/2252/2252
f 2246/2246/2246 2247/2247/2247 2258/2258/2258
f 2253/2253/2253 2260/2260/2260 2244/2244/2244
f 2254/2254/2254 2262/2262/2262 2251/2251/2251
f 2259/2259/2259 2264/2264/2264 2258/2258/2258
f 2253/2253/2253 2257/2257/2257 2265/2265/2265
f 2255/2255/2255 2260/2260/2260 2268/2268/2268
f 2264/2264/2264 2273/2273/2273 2265/2265/2265
f 2264/2264/2264 2271/2271/2271 2273/2273/2273
f 2268/2268/2268 2274/2274/2274 2267/2267/2267
f 2265/2265/2265 2273/2273/2273 2275/2275/2275
f 2267/2267/2267 2274/2274/2274 2278/2278/2278
f 2280/2280/2280 2272/2272/2272 2270/2270/2270
f 2275/2275/2275 2283/2283/2283 2274/2274/2274
f 2291/2291/2291 2282/2282/2282 2283/2283/2283
f 2296/2296/2296 2289/2289/2289 2287/2287/2287
f 2292/2292/2292 2290/2290/2290 2297/2297/2297
f 2307/2307/2307 2311/2311/2311 2306/2306/2306
f 2308/2308/2308 2249/2249/2249 2236/2236/2236
f 2312/2312/2312 2316/2316/2316 2307/2307/2307
f 2313/2313/2313 2249/2249/2249 2308/2308/2308
f 2315/2315/2315 2318/2318/2318 2314/2314/2314
f 2249/2249/2249 2263/2263/2263 2256/2256/2256
f 2317/2317/2317 2321/2321/2321 2313/2313/2313
f 2317/2317/2317 2327/2327/2327 2321/2321/2321
f 2287/2287/2287 2280/2280/2280 2332/2332/2332
f 2343/2343/2343 2287/2287/2287 2338/2338/2338
f 2345/2345/2345 2296/2296/2296 2346/2346/2346
f 2349/2349/2349 2299/2299/2299 2297/2297/2297
f 2349/2349/2349 2297/2297/2297 2347/2347/2347
f 2351/2351/2351 2350/2350/2350 2353/2353/2353
f 2360/2360/2360 2350/2350/2350 2351/2351/2351
f 2361/2361/2361 2359/2359/2359 2360/2360/2360
f 2361/2361/2361 2352/2352/2352 2349/2349/2349
f 2361/2361/2361 2349/2349/2349 2357/2357/2357
f 2365/2365/2365 2355/2355/2355 2356/2356/2356
f 2366/2366/2366 2362/2362/2362 2365/2365/2365
f 2363/2363/2363 2357/2357/2357 2358/2358/2358
f 2370/2370/2370 2357/2357/2357 2363/2363/2363
f 2371/2371/2371 2025/2025/2025 2350/2350/2350
f 2369/2369/2369 2368/2368/2368 2371/2371/2371
f 2379/2379/2379 2374/2374/2374 2378/2378/2378
f 2382/2382/2382 2367/2367/2367 2363/2363/2363
f 2382/2382/2382 2363/2363/2363 2373/2373/2373
f 2383/2383/2383 2368/2368/2368 2369/2369/2369
f 2382/2382/2382 2381/2381/2381 2383/2383/2383
f 2388/2388/2388 1707/1707/1707 2387/2387/2387
f 2392/2392/2392 2386/2386/2386 2391/2391/2391
f 2393/2393/2393 2375/2375/2375 2376/2376/2376
f 2395/2395/2395 2389/2389/2389 2394/2394/2394
f 2396/2396/2396 2377/2377/2377 2373/2373/2373
f 2396/2396/2396 2373/2373/2373 2390/2390/2390
f 2377/2377/2377 2381/2381/2381 2382/2382/2382
f 2399/2399/2399 2402/2402/2402 2384/2384/2384
f 2400/2400/2400 1706/1706/1706 2385/2385/2385
f 2400/2400/2400 1727/1727/1727 1706/1706/1706
f 2386/2386/2386 2400/2400/2400 2385/2385/2385
f 2064/2064/2064 2055/2055/2055 2394/2394/2394
f 2340/2340/2340 1657/1657/1657 1737/1737/1737
f 2342/2342/2342 2339/2339/2339 2404/2404/2404
f 2344/2344/2344 2341/2341/2341 2406/2406/2406
f 2409/2409/2409 2403/2403/2403 2404/2404/2404
f 2408/2408/2408 2410/2410/2410 2412/2412/2412
f 2408/2408/2408 2405/2405/2405 2410/2410/2410
f 2411/2411/2411 2403/2403/2403 2414/2414/2414
f 2366/2366/2366 2356/2356/2356 2412/2412/2412
f 2419/2419/2419 2372/2372/2372 2376/2376/2376
f 2419/2419/2419 2415/2415/2415 2416/2416/2416
f 2420/2420/2420 2372/2372/2372 2417/2417/2417
f 1/1/1 5/5/5 3/3/3
f 4/4/4 12/12/12 13/13/13
f 4/4/4 13/13/13 5/5/5
f 13/13/13 12/12/12 9/9/9
f 3/3/3 5/5/5 13/13/13
f 3/3/3 13/13/13 9/9/9
f 4/4/4 6/6/6 14/14/14
f 4/4/4 14/14/14 12/12/12
f 8/8/8 10/10/10 19/19/19
f 8/8/8 19/19/19 16/16/16
f 19/19/19 18/18/18 15/15/15
f 19/19/19 10/10/10 9/9/9
f 9/9/9 12/12/12 20/20/20
f 9/9/9 20/20/20 18/18/18
f 20/20/20 12/12/12 11/11/11
f 11/11/11 14/14/14 22/22/22
f 11/11/11 22/22/22 20/20/20
f 15/15/15 25/25/25 23/23/23
f 15/15/15 23/23/23 16/16/16
f 15/15/15 18/18/18 26/26/26
f 15/15/15 26/26/26 24/24/24
f 26/26/26 18/18/18 17/17/17
f 27/27/27 28/28/28 30/30/30
f 27/27/27 30/30/30 29/29/29
f 21/21/21 29/29/29 30/30/30
f 21/21/21 30/30/30 22/22/22
f 20/20/20 22/22/22 30/30/30
f 20/20/20 30/30/30 28/28/28
f 25/25/25 31/31/31 32/32/32
f 25/25/25 32/32/32 23/23/23
f 31/31/31 25/25/25 24/24/24
f 33/33/33 24/24/24 26/26/26
f 33/33/33 26/26/26 35/35/35
f 34/34/34 35/35/35 37/37/37
f 34/34/34 37/37/37 36/36/36
f 27/27/27 36/36/36 37/37/37
f 27/27/27 37/37/37 28/28/28
f 17/17/17 28/28/28 37/37/37
f 17/17/17 37/37/37 35/35/35
f 42/42/42 43/43/43 45/45/45
f 42/42/42 45/45/45 44/44/44
f 29/29/29 36/36/36 27/27/27
f 39/39/39 32/32/32 31/31/31
f 40/40/40 24/24/24 33/33/33
f 40/40/40 31/31/31 24/24/24
f 40/40/40 39/39/39 31/31/31
f 41/41/41 35/35/35 34/34/34
f 38/38/38 44/44/44 45/45/45
f 38/38/38 45/45/45 29/29/29
f 36/36/36 29/29/29 45/45/45
f 36/36/36 45/45/45 43/43/43
f 1/1/1 46/46/46 51/51/51
f 1/1/1 51/51/51 2/2/2
f 48/48/48 53/53/53 52/52/52
f 48/48/48 52/52/52 47/47/47
f 52/52/52 51/51/51 47/47/47
f 49/49/49 54/54/54 53/53/53
f 49/49/49 53/53/53 48/48/48
f 50/50/50 55/55/55 54/54/54
f 50/50/50 54/54/54 49/49/49
f 58/58/58 62/62/62 61/61/61
f 58/58/58 61/61/61 57/57/57
f 3/3/3 59/59/59 64/64/64
f 3/3/3 64/64/64 1/1/1
f 59/59/59 60/60/60 65/65/65
f 59/59/59 65/65/65 64/64/64
f 64/64/64 46/46/46 1/1/1
f 46/46/46 64/64/64 65/65/65
f 46/46/46 65/65/65 47/47/47
f 60/60/60 56/56/56 66/66/66
f 60/60/60 66/66/66 65/65/65
f 63/63/63 69/69/69 68/68/68
f 63/63/63 68/68/68 62/62/62
f 66/66/66 56/56/56 61/61/61
f 66/66/66 48/48/48 47/47/47
f 67/67/67 61/61/61 62/62/62
f 67/67/67 49/49/49 48/48/48
f 68/68/68 67/67/67 62/62/62
f 68/68/68 69/69/69 50/50/50
f 68/68/68 50/50/50 49/49/49
f 50/50/50 69/69/69 70/70/70
f 50/50/50 70/70/70 55/55/55
f 56/56/56 71/71/71 72/72/72
f 56/56/56 72/72/72 57/57/57
f 74/74/74 77/77/77 76/76/76
f 74/74/74 76/76/76 73/73/73
f 76/76/76 77/77/77 58/58/58
f 76/76/76 58/58/58 57/57/57
f 3/3/3 10/10/10 79/79/79
f 3/3/3 79/79/79 59/59/59
f 79/79/79 10/10/10 8/8/8
f 8/8/8 75/75/75 80/80/80
f 8/8/8 80/80/80 79/79/79
f 59/59/59 79/79/79 80/80/80
f 59/59/59 80/80/80 60/60/60
f 58/58/58 77/77/77 81/81/81
f 58/58/58 81/81/81 62/62/62
f 80/80/80 56/56/56 60/60/60
f 80/80/80 71/71/71 56/56/56
f 71/71/71 75/75/75 84/84/84
f 71/71/71 84/84/84 72/72/72
f 81/81/81 77/77/77 78/78/78
f 63/63/63 62/62/62 81/81/81
f 83/83/83 82/82/82 88/88/88
f 83/83/83 88/88/88 75/75/75
f 83/83/83 75/75/75 8/8/8
f 86/86/86 77/77/77 74/74/74
f 78/78/78 77/77/77 86/86/86
f 92/92/92 97/97/97 87/87/87
f 92/92/92 87/87/87 86/86/86
f 90/90/90 84/84/84 89/89/89
f 90/90/90 73/73/73 84/84/84
f 85/85/85 73/73/73 90/90/90
f 85/85/85 91/91/91 92/92/92
f 95/95/95 96/96/96 91/91/91
f 95/95/95 91/91/91 90/90/90
f 23/23/23 82/82/82 16/16/16
f 95/95/95 90/90/90 89/89/89
f 96/96/96 97/97/97 92/92/92
f 96/96/96 92/92/92 91/91/91
f 23/23/23 32/32/32 93/93/93
f 23/23/23 93/93/93 82/82/82
f 82/82/82 93/93/93 94/94/94
f 82/82/82 94/94/94 88/88/88
f 93/93/93 100/100/100 101/101/101
f 93/93/93 101/101/101 94/94/94
f 101/101/101 102/102/102 89/89/89
f 101/101/101 89/89/89 94/94/94
f 103/103/103 104/104/104 98/98/98
f 103/103/103 98/98/98 97/97/97
f 32/32/32 99/99/99 100/100/100
f 32/32/32 100/100/100 93/93/93
f 33/33/33 107/107/107 108/108/108
f 33/33/33 108/108/108 40/40/40
f 34/34/34 109/109/109 110/110/110
f 34/34/34 110/110/110 41/41/41
f 33/33/33 41/41/41 110/110/110
f 33/33/33 110/110/110 107/107/107
f 34/34/34 43/43/43 111/111/111
f 34/34/34 111/111/111 109/109/109
f 111/111/111 43/43/43 42/42/42
f 107/107/107 115/115/115 116/116/116
f 107/107/107 116/116/116 108/108/108
f 113/113/113 108/108/108 105/105/105
f 106/106/106 108/108/108 113/113/113
f 114/114/114 115/115/115 110/110/110
f 114/114/114 110/110/110 118/118/118
f 117/117/117 118/118/118 111/111/111
f 117/117/117 111/111/111 119/119/119
f 110/110/110 115/115/115 107/107/107
f 105/105/105 116/116/116 122/122/122
f 105/105/105 122/122/122 120/120/120
f 111/111/111 118/118/118 109/109/109
f 112/112/112 119/119/119 42/42/42
f 120/120/120 113/113/113 105/105/105
f 122/122/122 115/115/115 114/114/114
f 116/116/116 115/115/115 122/122/122
f 124/124/124 119/119/119 112/112/112
f 124/124/124 112/112/112 125/125/125
f 123/123/123 118/118/118 117/117/117
f 126/126/126 127/127/127 121/121/121
f 126/126/126 121/121/121 120/120/120
f 126/126/126 120/120/120 122/122/122
f 126/126/126 122/122/122 128/128/128
f 114/114/114 129/129/129 130/130/130
f 114/114/114 130/130/130 128/128/128
f 123/123/123 129/129/129 114/114/114
f 117/117/117 131/131/131 132/132/132
f 117/117/117 132/132/132 129/129/129
f 124/124/124 131/131/131 117/117/117
f 124/124/124 125/125/125 133/133/133
f 124/124/124 133/133/133 131/131/131
f 126/126/126 136/136/136 134/134/134
f 126/126/126 134/134/134 127/127/127
f 140/140/140 141/141/141 136/136/136
f 140/140/140 136/136/136 135/135/135
f 128/128/128 136/136/136 126/126/126
f 130/130/130 129/129/129 137/137/137
f 132/132/132 131/131/131 138/138/138
f 134/134/134 136/136/136 139/139/139
f 142/142/142 143/143/143 130/130/130
f 142/142/142 130/130/130 137/137/137
f 136/136/136 141/141/141 139/139/139
f 140/140/140 135/135/135 130/130/130
f 140/140/140 130/130/130 143/143/143
f 142/142/142 137/137/137 132/132/132
f 142/142/142 132/132/132 144/144/144
f 138/138/138 145/145/145 146/146/146
f 138/138/138 146/146/146 144/144/144
f 133/133/133 145/145/145 138/138/138
f 140/140/140 149/149/149 150/150/150
f 140/140/140 150/150/150 147/147/147
f 141/141/141 148/148/148 139/139/139
f 143/143/143 149/149/149 140/140/140
f 142/142/142 151/151/151 152/152/152
f 142/142/142 152/152/152 149/149/149
f 144/144/144 151/151/151 142/142/142
f 157/157/157 158/158/158 152/152/152
f 157/157/157 152/152/152 151/151/151
f 146/146/146 145/145/145 153/153/153
f 146/146/146 153/153/153 151/151/151
f 150/150/150 149/149/149 156/156/156
f 150/150/150 155/155/155 147/147/147
f 156/156/156 149/149/149 152/152/152
f 156/156/156 152/152/152 158/158/158
f 157/157/157 151/151/151 153/153/153
f 157/157/157 153/153/153 159/159/159
f 157/157/157 159/159/159 160/160/160
f 157/157/157 160/160/160 158/158/158
f 166/166/166 161/161/161 101/101/101
f 166/166/166 101/101/101 100/100/100
f 166/166/166 100/100/100 99/99/99
f 163/163/163 164/164/164 96/96/96
f 163/163/163 96/96/96 95/95/95
f 163/163/163 102/102/102 162/162/162
f 163/163/163 95/95/95 102/102/102
f 164/164/164 165/165/165 103/103/103
f 164/164/164 103/103/103 96/96/96
f 103/103/103 165/165/165 167/167/167
f 103/103/103 167/167/167 104/104/104
f 161/161/161 168/168/168 169/169/169
f 161/161/161 169/169/169 162/162/162
f 106/106/106 99/99/99 39/39/39
f 106/106/106 166/166/166 99/99/99
f 162/162/162 169/169/169 170/170/170
f 162/162/162 170/170/170 163/163/163
f 170/170/170 171/171/171 164/164/164
f 170/170/170 164/164/164 163/163/163
f 166/166/166 172/172/172 168/168/168
f 166/166/166 168/168/168 161/161/161
f 165/165/165 164/164/164 171/171/171
f 166/166/166 106/106/106 113/113/113
f 166/166/166 113/113/113 172/172/172
f 167/167/167 165/165/165 173/173/173
f 175/175/175 176/176/176 165/165/165
f 175/175/175 165/165/165 171/171/171
f 172/172/172 177/177/177 174/174/174
f 172/172/172 174/174/174 168/168/168
f 172/172/172 113/113/113 121/121/121
f 172/172/172 121/121/121 177/177/177
f 176/176/176 173/173/173 165/165/165
f 179/179/179 180/180/180 169/169/169
f 179/179/179 169/169/169 174/174/174
f 182/182/182 179/179/179 174/174/174
f 182/182/182 174/174/174 177/177/177
f 170/170/170 169/169/169 180/180/180
f 181/181/181 176/176/176 175/175/175
f 177/177/177 121/121/121 127/127/127
f 177/177/177 127/127/127 182/182/182
f 183/183/183 178/178/178 176/176/176
f 184/184/184 185/185/185 180/180/180
f 184/184/184 180/180/180 179/179/179
f 180/180/180 186/186/186 187/187/187
f 180/180/180 187/187/187 175/175/175
f 189/189/189 184/184/184 179/179/179
f 189/189/189 179/179/179 182/182/182
f 181/181/181 187/187/187 190/190/190
f 181/181/181 190/190/190 191/191/191
f 186/186/186 190/190/190 187/187/187
f 188/188/188 182/182/182 127/127/127
f 188/188/188 127/127/127 134/134/134
f 193/193/193 194/194/194 185/185/185
f 193/193/193 185/185/185 184/184/184
f 193/193/193 184/184/184 189/189/189
f 194/194/194 195/195/195 186/186/186
f 194/194/194 186/186/186 185/185/185
f 186/186/186 195/195/195 196/196/196
f 186/186/186 196/196/196 190/190/190
f 196/196/196 197/197/197 192/192/192
f 196/196/196 192/192/192 191/191/191
f 196/196/196 191/191/191 190/190/190
f 200/200/200 201/201/201 197/197/197
f 200/200/200 197/197/197 196/196/196
f 193/193/193 189/189/189 198/198/198
f 199/199/199 196/196/196 195/195/195
f 202/202/202 203/203/203 194/194/194
f 202/202/202 194/194/194 193/193/193
f 203/203/203 204/204/204 195/195/195
f 203/203/203 195/195/195 194/194/194
f 204/204/204 205/205/205 199/199/199
f 204/204/204 199/199/199 195/195/195
f 199/199/199 205/205/205 206/206/206
f 199/199/199 206/206/206 200/200/200
f 154/154/154 207/207/207 208/208/208
f 154/154/154 208/208/208 198/198/198
f 201/201/201 200/200/200 206/206/206
f 155/155/155 211/211/211 212/212/212
f 155/155/155 212/212/212 209/209/209
f 150/150/150 211/211/211 155/155/155
f 210/210/210 213/213/213 214/214/214
f 210/210/210 214/214/214 211/211/211
f 158/158/158 213/213/213 156/156/156
f 213/213/213 210/210/210 156/156/156
f 213/213/213 158/158/158 160/160/160
f 213/213/213 160/160/160 215/215/215
f 217/217/217 209/209/209 212/212/212
f 217/217/217 212/212/212 218/218/218
f 212/212/212 211/211/211 218/218/218
f 219/219/219 220/220/220 214/214/214
f 219/219/219 214/214/214 213/213/213
f 218/218/218 211/211/211 214/214/214
f 218/218/218 214/214/214 220/220/220
f 219/219/219 216/216/216 222/222/222
f 219/219/219 222/222/222 220/220/220
f 216/216/216 215/215/215 221/221/221
f 218/218/218 220/220/220 226/226/226
f 218/218/218 226/226/226 225/225/225
f 223/223/223 224/224/224 217/217/217
f 227/227/227 228/228/228 222/222/222
f 227/227/227 222/222/222 216/216/216
f 226/226/226 220/220/220 222/222/222
f 226/226/226 222/222/222 228/228/228
f 223/223/223 225/225/225 231/231/231
f 223/223/223 231/231/231 230/230/230
f 231/231/231 225/225/225 226/226/226
f 231/231/231 226/226/226 232/232/232
f 232/232/232 226/226/226 228/228/228
f 232/232/232 228/228/228 234/234/234
f 230/230/230 231/231/231 236/236/236
f 230/230/230 236/236/236 235/235/235
f 231/231/231 232/232/232 238/238/238
f 231/231/231 238/238/238 236/236/236
f 237/237/237 238/238/238 241/241/241
f 237/237/237 241/241/241 240/240/240
f 233/233/233 240/240/240 241/241/241
f 233/233/233 241/241/241 234/234/234
f 232/232/232 234/234/234 241/241/241
f 232/232/232 241/241/241 238/238/238
f 236/236/236 238/238/238 244/244/244
f 236/236/236 244/244/244 242/242/242
f 251/251/251 224/224/224 235/235/235
f 236/236/236 242/242/242 235/235/235
f 244/244/244 238/238/238 237/237/237
f 242/242/242 244/244/244 248/248/248
f 242/242/242 248/248/248 247/247/247
f 245/245/245 240/240/240 239/239/239
f 245/245/245 244/244/244 237/237/237
f 251/251/251 235/235/235 246/246/246
f 247/247/247 246/246/246 235/235/235
f 248/248/248 244/244/244 243/243/243
f 243/243/243 245/245/245 249/249/249
f 243/243/243 249/249/249 248/248/248
f 248/248/248 249/249/249 255/255/255
f 248/248/248 255/255/255 253/253/253
f 251/251/251 250/250/250 229/229/229
f 256/256/256 257/257/257 203/203/203
f 256/256/256 203/203/203 202/202/202
f 257/257/257 258/258/258 204/204/204
f 257/257/257 204/204/204 203/203/203
f 259/259/259 260/260/260 208/208/208
f 259/259/259 208/208/208 207/207/207
f 205/205/205 204/204/204 258/258/258
f 260/260/260 261/261/261 202/202/202
f 260/260/260 202/202/202 208/208/208
f 209/209/209 262/262/262 207/207/207
f 209/209/209 207/207/207 148/148/148
f 202/202/202 261/261/261 256/256/256
f 217/217/217 266/266/266 262/262/262
f 217/217/217 262/262/262 209/209/209
f 207/207/207 262/262/262 259/259/259
f 206/206/206 205/205/205 263/263/263
f 260/260/260 259/259/259 265/265/265
f 265/265/265 259/259/259 262/262/262
f 265/265/265 262/262/262 266/266/266
f 271/271/271 272/272/272 261/261/261
f 271/271/271 261/261/261 269/269/269
f 267/267/267 257/257/257 256/256/256
f 264/264/264 206/206/206 268/268/268
f 269/269/269 260/260/260 265/265/265
f 273/273/273 258/258/258 267/267/267
f 263/263/263 258/258/258 273/273/273
f 229/229/229 265/265/265 266/266/266
f 229/229/229 266/266/266 224/224/224
f 261/261/261 272/272/272 256/256/256
f 63/63/63 286/286/286 289/289/289
f 63/63/63 289/289/289 69/69/69
f 274/274/274 270/270/270 268/268/268
f 275/275/275 265/265/265 229/229/229
f 277/277/277 272/272/272 271/271/271
f 267/267/267 272/272/272 277/277/277
f 279/279/279 269/269/269 275/275/275
f 280/280/280 274/274/274 276/276/276
f 281/281/281 263/263/263 278/278/278
f 282/282/282 275/275/275 229/229/229
f 285/285/285 267/267/267 277/277/277
f 286/286/286 287/287/287 290/290/290
f 286/286/286 290/290/290 289/289/289
f 288/288/288 291/291/291 290/290/290
f 288/288/288 290/290/290 287/287/287
f 289/289/289 292/292/292 70/70/70
f 289/289/289 70/70/70 69/69/69
f 290/290/290 293/293/293 292/292/292
f 290/290/290 292/292/292 289/289/289
f 290/290/290 291/291/291 294/294/294
f 290/290/290 294/294/294 293/293/293
f 295/295/295 296/296/296 81/81/81
f 295/295/295 81/81/81 78/78/78
f 286/286/286 63/63/63 81/81/81
f 81/81/81 296/296/296 287/287/287
f 81/81/81 287/287/287 286/286/286
f 296/296/296 297/297/297 288/288/288
f 296/296/296 288/288/288 287/287/287
f 288/288/288 297/297/297 299/299/299
f 288/288/288 299/299/299 291/291/291
f 298/298/298 300/300/300 299/299/299
f 298/298/298 299/299/299 297/297/297
f 301/301/301 293/293/293 294/294/294
f 301/301/301 294/294/294 302/302/302
f 299/299/299 302/302/302 294/294/294
f 299/299/299 294/294/294 291/291/291
f 78/78/78 87/87/87 303/303/303
f 78/78/78 303/303/303 295/295/295
f 295/295/295 304/304/304 305/305/305
f 295/295/295 305/305/305 297/297/297
f 305/305/305 306/306/306 298/298/298
f 305/305/305 298/298/298 297/297/297
f 298/298/298 306/306/306 308/308/308
f 298/298/298 308/308/308 300/300/300
f 307/307/307 309/309/309 308/308/308
f 307/307/307 308/308/308 306/306/306
f 308/308/308 311/311/311 302/302/302
f 308/308/308 302/302/302 300/300/300
f 302/302/302 311/311/311 310/310/310
f 308/308/308 309/309/309 312/312/312
f 308/308/308 312/312/312 311/311/311
f 304/304/304 316/316/316 317/317/317
f 304/304/304 317/317/317 306/306/306
f 303/303/303 87/87/87 313/313/313
f 317/317/317 318/318/318 307/307/307
f 317/317/317 307/307/307 306/306/306
f 307/307/307 318/318/318 320/320/320
f 307/307/307 320/320/320 309/309/309
f 319/319/319 321/321/321 320/320/320
f 319/319/319 320/320/320 318/318/318
f 320/320/320 322/322/322 312/312/312
f 320/320/320 312/312/312 309/309/309
f 320/320/320 321/321/321 323/323/323
f 320/320/320 323/323/323 322/322/322
f 98/98/98 324/324/324 313/313/313
f 98/98/98 313/313/313 97/97/97
f 316/316/316 327/327/327 329/329/329
f 316/316/316 329/329/329 318/318/318
f 314/314/314 313/313/313 324/324/324
f 328/328/328 330/330/330 329/329/329
f 328/328/328 329/329/329 327/327/327
f 329/329/329 330/330/330 319/319/319
f 329/329/329 319/319/319 318/318/318
f 319/319/319 330/330/330 332/332/332
f 319/319/319 332/332/332 321/321/321
f 331/331/331 333/333/333 332/332/332
f 331/331/331 332/332/332 330/330/330
f 332/332/332 334/334/334 323/323/323
f 332/332/332 323/323/323 321/321/321
f 332/332/332 333/333/333 335/335/335
f 332/332/332 335/335/335 334/334/334
f 104/104/104 336/336/336 324/324/324
f 104/104/104 324/324/324 98/98/98
f 344/344/344 345/345/345 339/339/339
f 344/344/344 339/339/339 343/343/343
f 314/314/314 324/324/324 336/336/336
f 325/325/325 314/314/314 336/336/336
f 328/328/328 327/327/327 338/338/338
f 339/339/339 330/330/330 328/328/328
f 331/331/331 330/330/330 339/339/339
f 341/341/341 336/336/336 104/104/104
f 337/337/337 336/336/336 342/342/342
f 331/331/331 345/345/345 347/347/347
f 331/331/331 347/347/347 333/333/333
f 346/346/346 348/348/348 347/347/347
f 346/346/346 347/347/347 345/345/345
f 347/347/347 349/349/349 335/335/335
f 347/347/347 335/335/335 333/333/333
f 335/335/335 349/349/349 340/340/340
f 347/347/347 348/348/348 350/350/350
f 347/347/347 350/350/350 349/349/349
f 173/173/173 351/351/351 341/341/341
f 173/173/173 341/341/341 167/167/167
f 354/354/354 355/355/355 338/338/338
f 354/354/354 338/338/338 353/353/353
f 341/341/341 351/351/351 352/352/352
f 342/342/342 341/341/341 352/352/352
f 178/178/178 359/359/359 352/352/352
f 178/178/178 352/352/352 351/351/351
f 344/344/344 343/343/343 355/355/355
f 356/356/356 345/345/345 344/344/344
f 346/346/346 345/345/345 356/356/356
f 357/357/357 348/348/348 346/346/346
f 350/350/350 348/348/348 357/357/357
f 351/351/351 173/173/173 178/178/178
f 362/362/362 363/363/363 356/356/356
f 362/362/362 356/356/356 361/361/361
f 352/352/352 359/359/359 360/360/360
f 346/346/346 363/363/363 364/364/364
f 346/346/346 364/364/364 357/357/357
f 364/364/364 365/365/365 350/350/350
f 364/364/364 350/350/350 357/357/357
f 350/350/350 365/365/365 358/358/358
f 366/366/366 367/367/367 360/360/360
f 366/366/366 360/360/360 359/359/359
f 359/359/359 178/178/178 366/366/366
f 369/369/369 370/370/370 355/355/355
f 369/369/369 355/355/355 368/368/368
f 353/353/353 342/342/342 360/360/360
f 363/363/363 371/371/371 372/372/372
f 363/363/363 372/372/372 364/364/364
f 362/362/362 361/361/361 370/370/370
f 371/371/371 363/363/363 362/362/362
f 372/372/372 373/373/373 365/365/365
f 372/372/372 365/365/365 364/364/364
f 183/183/183 192/192/192 374/374/374
f 183/183/183 374/374/374 366/366/366
f 375/375/375 376/376/376 367/367/367
f 375/375/375 367/367/367 366/366/366
f 377/377/377 378/378/378 360/360/360
f 377/377/377 360/360/360 367/367/367
f 362/362/362 379/379/379 380/380/380
f 362/362/362 380/380/380 371/371/371
f 382/382/382 383/383/383 369/369/369
f 382/382/382 369/369/369 368/368/368
f 374/374/374 192/192/192 197/197/197
f 377/377/377 367/367/367 376/376/376
f 369/369/369 383/383/383 384/384/384
f 369/369/369 384/384/384 370/370/370
f 201/201/201 385/385/385 374/374/374
f 201/201/201 374/374/374 197/197/197
f 379/379/379 370/370/370 384/384/384
f 387/387/387 388/388/388 384/384/384
f 387/387/387 384/384/384 383/383/383
f 375/375/375 374/374/374 385/385/385
f 390/390/390 391/391/391 378/378/378
f 390/390/390 378/378/378 377/377/377
f 389/389/389 375/375/375 385/385/385
f 386/386/386 375/375/375 389/389/389
f 382/382/382 391/391/391 392/392/392
f 382/382/382 392/392/392 383/383/383
f 393/393/393 394/394/394 372/372/372
f 393/393/393 372/372/372 371/371/371
f 387/387/387 383/383/383 392/392/392
f 372/372/372 394/394/394 395/395/395
f 372/372/372 395/395/395 373/373/373
f 396/396/396 397/397/397 380/380/380
f 396/396/396 380/380/380 379/379/379
f 393/393/393 371/371/371 380/380/380
f 393/393/393 397/397/397 398/398/398
f 393/393/393 398/398/398 394/394/394
f 398/398/398 399/399/399 395/395/395
f 398/398/398 395/395/395 394/394/394
f 395/395/395 399/399/399 381/381/381
f 388/388/388 400/400/400 396/396/396
f 388/388/388 396/396/396 379/379/379
f 396/396/396 400/400/400 401/401/401
f 396/396/396 401/401/401 397/397/397
f 403/403/403 405/405/405 404/404/404
f 403/403/403 404/404/404 401/401/401
f 398/398/398 397/397/397 401/401/401
f 402/402/402 399/399/399 398/398/398
f 404/404/404 398/398/398 401/401/401
f 404/404/404 405/405/405 406/406/406
f 404/404/404 406/406/406 402/402/402
f 402/402/402 398/398/398 404/404/404
f 376/376/376 408/408/408 409/409/409
f 376/376/376 409/409/409 377/377/377
f 408/408/408 376/376/376 386/386/386
f 410/410/410 411/411/411 388/388/388
f 410/410/410 388/388/388 387/387/387
f 390/390/390 377/377/377 409/409/409
f 407/407/407 201/201/201 264/264/264
f 389/389/389 412/412/412 413/413/413
f 389/389/389 413/413/413 386/386/386
f 412/412/412 389/389/389 407/407/407
f 417/417/417 418/418/418 414/414/414
f 417/417/417 414/414/414 416/416/416
f 414/414/414 391/391/391 390/390/390
f 392/392/392 391/391/391 414/414/414
f 270/270/270 407/407/407 264/264/264
f 415/415/415 408/408/408 413/413/413
f 409/409/409 408/408/408 415/415/415
f 274/274/274 280/280/280 423/423/423
f 274/274/274 423/423/423 270/270/270
f 410/410/410 392/392/392 418/418/418
f 419/419/419 409/409/409 415/415/415
f 424/424/424 425/425/425 413/413/413
f 424/424/424 413/413/413 412/412/412
f 421/421/421 270/270/270 423/423/423
f 424/424/424 412/412/412 421/421/421
f 426/426/426 427/427/427 416/416/416
f 426/426/426 416/416/416 419/419/419
f 422/422/422 413/413/413 425/425/425
f 427/427/427 428/428/428 417/417/417
f 427/427/427 417/417/417 416/416/416
f 428/428/428 429/429/429 418/418/418
f 428/428/428 418/418/418 417/417/417
f 431/431/431 402/402/402 406/406/406
f 431/431/431 406/406/406 432/432/432
f 420/420/420 418/418/418 429/429/429
f 430/430/430 401/401/401 400/400/400
f 403/403/403 401/401/401 430/430/430
f 411/411/411 433/433/433 400/400/400
f 411/411/411 400/400/400 388/388/388
f 434/434/434 435/435/435 405/405/405
f 434/434/434 405/405/405 403/403/403
f 436/436/436 431/431/431 432/432/432
f 436/436/436 432/432/432 437/437/437
f 435/435/435 437/437/437 432/432/432
f 435/435/435 432/432/432 405/405/405
f 434/434/434 438/438/438 439/439/439
f 434/434/434 439/439/439 435/435/435
f 435/435/435 439/439/439 440/440/440
f 435/435/435 440/440/440 437/437/437
f 442/442/442 443/443/443 411/411/411
f 442/442/442 411/411/411 410/410/410
f 439/439/439 445/445/445 447/447/447
f 439/439/439 447/447/447 440/440/440
f 446/446/446 448/448/448 447/447/447
f 446/446/446 447/447/447 445/445/445
f 447/447/447 448/448/448 441/441/441
f 447/447/447 441/441/441 440/440/440
f 450/450/450 451/451/451 446/446/446
f 450/450/450 446/446/446 445/445/445
f 442/442/442 410/410/410 420/420/420
f 450/450/450 438/438/438 444/444/444
f 450/450/450 445/445/445 438/438/438
f 446/446/446 451/451/451 452/452/452
f 446/446/446 452/452/452 448/448/448
f 452/452/452 453/453/453 449/449/449
f 452/452/452 449/449/449 448/448/448
f 442/442/442 454/454/454 455/455/455
f 442/442/442 455/455/455 443/443/443
f 455/455/455 456/456/456 444/444/444
f 455/455/455 444/444/444 443/443/443
f 456/456/456 457/457/457 450/450/450
f 456/456/456 450/450/450 444/444/444
f 457/457/457 458/458/458 451/451/451
f 457/457/457 451/451/451 450/450/450
f 451/451/451 458/458/458 459/459/459
f 451/451/451 459/459/459 452/452/452
f 461/461/461 462/462/462 458/458/458
f 461/461/461 458/458/458 457/457/457
f 453/453/453 452/452/452 459/459/459
f 461/461/461 464/464/464 465/465/465
f 461/461/461 465/465/465 462/462/462
f 463/463/463 459/459/459 458/458/458
f 460/460/460 459/459/459 463/463/463
f 464/464/464 461/461/461 456/456/456
f 6/6/6 7/7/7 470/470/470
f 6/6/6 470/470/470 469/469/469
f 463/463/463 462/462/462 465/465/465
f 7/7/7 2/2/2 467/467/467
f 7/7/7 467/467/467 470/470/470
f 470/470/470 467/467/467 468/468/468
f 470/470/470 468/468/468 472/472/472
f 471/471/471 469/469/469 470/470/470
f 6/6/6 469/469/469 474/474/474
f 6/6/6 474/474/474 14/14/14
f 473/473/473 471/471/471 472/472/472
f 474/474/474 469/469/469 471/471/471
f 474/474/474 471/471/471 476/476/476
f 14/14/14 474/474/474 481/481/481
f 14/14/14 481/481/481 22/22/22
f 477/477/477 476/476/476 471/471/471
f 478/478/478 476/476/476 477/477/477
f 473/473/473 478/478/478 477/477/477
f 479/479/479 478/478/478 473/473/473
f 481/481/481 474/474/474 475/475/475
f 481/481/481 475/475/475 483/483/483
f 475/475/475 476/476/476 484/484/484
f 475/475/475 484/484/484 483/483/483
f 484/484/484 476/476/476 478/478/478
f 484/484/484 478/478/478 485/485/485
f 485/485/485 483/483/483 484/484/484
f 21/21/21 481/481/481 497/497/497
f 21/21/21 497/497/497 29/29/29
f 486/486/486 485/485/485 478/478/478
f 493/493/493 485/485/485 486/486/486
f 487/487/487 486/486/486 479/479/479
f 488/488/488 486/486/486 487/487/487
f 480/480/480 488/488/488 487/487/487
f 497/497/497 481/481/481 482/482/482
f 497/497/497 482/482/482 490/490/490
f 483/483/483 492/492/492 491/491/491
f 483/483/483 491/491/491 490/490/490
f 483/483/483 490/490/490 482/482/482
f 38/38/38 497/497/497 506/506/506
f 38/38/38 506/506/506 44/44/44
f 485/485/485 492/492/492 483/483/483
f 493/493/493 492/492/492 485/485/485
f 488/488/488 495/495/495 494/494/494
f 489/489/489 496/496/496 488/488/488
f 490/490/490 499/499/499 497/497/497
f 492/492/492 501/501/501 500/500/500
f 494/494/494 502/502/502 501/501/501
f 503/503/503 502/502/502 494/494/494
f 495/495/495 504/504/504 503/503/503
f 507/507/507 499/499/499 491/491/491
f 507/507/507 491/491/491 508/508/508
f 509/509/509 501/501/501 502/502/502
f 509/509/509 502/502/502 510/510/510
f 500/500/500 508/508/508 491/491/491
f 501/501/501 509/509/509 500/500/500
f 510/510/510 502/502/502 503/503/503
f 510/510/510 503/503/503 511/511/511
f 511/511/511 503/503/503 504/504/504
f 511/511/511 504/504/504 512/512/512
f 51/51/51 513/513/513 467/467/467
f 51/51/51 467/467/467 2/2/2
f 51/51/51 52/52/52 514/514/514
f 51/51/51 514/514/514 513/513/513
f 53/53/53 515/515/515 514/514/514
f 53/53/53 514/514/514 52/52/52
f 54/54/54 517/517/517 516/516/516
f 54/54/54 516/516/516 53/53/53
f 55/55/55 519/519/519 518/518/518
f 55/55/55 518/518/518 54/54/54
f 513/513/513 520/520/520 468/468/468
f 513/513/513 468/468/468 467/467/467
f 513/513/513 514/514/514 522/522/522
f 513/513/513 522/522/522 521/521/521
f 521/521/521 520/520/520 513/513/513
f 515/515/515 523/523/523 522/522/522
f 515/515/515 522/522/522 514/514/514
f 516/516/516 524/524/524 523/523/523
f 516/516/516 523/523/523 515/515/515
f 517/517/517 525/525/525 524/524/524
f 517/517/517 524/524/524 516/516/516
f 517/517/517 518/518/518 526/526/526
f 517/517/517 526/526/526 525/525/525
f 518/518/518 519/519/519 527/527/527
f 518/518/518 527/527/527 526/526/526
f 521/521/521 522/522/522 529/529/529
f 521/521/521 529/529/529 528/528/528
f 523/523/523 530/530/530 529/529/529
f 523/523/523 529/529/529 522/522/522
f 524/524/524 531/531/531 530/530/530
f 524/524/524 530/530/530 523/523/523
f 524/524/524 525/525/525 532/532/532
f 524/524/524 532/532/532 531/531/531
f 525/525/525 526/526/526 533/533/533
f 525/525/525 533/533/533 532/532/532
f 527/527/527 534/534/534 533/533/533
f 527/527/527 533/533/533 526/526/526
f 530/530/530 536/536/536 535/535/535
f 530/530/530 535/535/535 529/529/529
f 531/531/531 537/537/537 536/536/536
f 531/531/531 536/536/536 530/530/530
f 531/531/531 532/532/532 538/538/538
f 531/531/531 538/538/538 537/537/537
f 532/532/532 533/533/533 539/539/539
f 532/532/532 539/539/539 538/538/538
f 533/533/533 534/534/534 540/540/540
f 533/533/533 540/540/540 539/539/539
f 535/535/535 541/541/541 550/550/550
f 535/535/535 550/550/550 528/528/528
f 536/536/536 542/542/542 541/541/541
f 536/536/536 541/541/541 535/535/535
f 537/537/537 543/543/543 542/542/542
f 537/537/537 542/542/542 536/536/536
f 537/537/537 538/538/538 544/544/544
f 537/537/537 544/544/544 543/543/543
f 538/538/538 539/539/539 545/545/545
f 538/538/538 545/545/545 544/544/544
f 539/539/539 540/540/540 546/546/546
f 539/539/539 546/546/546 545/545/545
f 550/550/550 541/541/541 552/552/552
f 550/550/550 552/552/552 551/551/551
f 520/520/520 547/547/547 472/472/472
f 528/528/528 550/550/550 547/547/547
f 540/540/540 534/534/534 548/548/548
f 541/541/541 542/542/542 553/553/553
f 541/541/541 553/553/553 552/552/552
f 542/542/542 543/543/543 554/554/554
f 542/542/542 554/554/554 553/553/553
f 554/554/554 543/543/543 544/544/544
f 554/554/554 544/544/544 555/555/555
f 555/555/555 544/544/544 545/545/545
f 555/555/555 545/545/545 556/556/556
f 556/556/556 545/545/545 546/546/546
f 556/556/556 546/546/546 557/557/557
f 553/553/553 559/559/559 566/566/566
f 553/553/553 566/566/566 552/552/552
f 554/554/554 560/560/560 559/559/559
f 554/554/554 559/559/559 553/553/553
f 554/554/554 555/555/555 561/561/561
f 554/554/554 561/561/561 560/560/560
f 473/473/473 549/549/549 562/562/562
f 473/473/473 562/562/562 479/479/479
f 549/549/549 551/551/551 563/563/563
f 549/549/549 563/563/563 562/562/562
f 480/480/480 479/479/479 562/562/562
f 551/551/551 552/552/552 566/566/566
f 551/551/551 566/566/566 563/563/563
f 565/565/565 562/562/562 563/563/563
f 566/566/566 569/569/569 568/568/568
f 566/566/566 568/568/568 563/563/563
f 558/558/558 557/557/557 564/564/564
f 568/568/568 565/565/565 563/563/563
f 560/560/560 573/573/573 572/572/572
f 560/560/560 572/572/572 559/559/559
f 559/559/559 569/569/569 566/566/566
f 561/561/561 570/570/570 560/560/560
f 561/561/561 567/567/567 570/570/570
f 561/561/561 556/556/556 567/567/567
f 572/572/572 569/569/569 559/559/559
f 576/576/576 567/567/567 571/571/571
f 576/576/576 571/571/571 577/577/577
f 570/570/570 573/573/573 560/560/560
f 565/565/565 488/488/488 480/480/480
f 489/489/489 488/488/488 565/565/565
f 568/568/568 489/489/489 565/565/565
f 575/575/575 489/489/489 568/568/568
f 569/569/569 575/575/575 568/568/568
f 569/569/569 579/579/579 578/578/578
f 569/569/569 578/578/578 575/575/575
f 572/572/572 573/573/573 581/581/581
f 572/572/572 581/581/581 580/580/580
f 572/572/572 579/579/579 569/569/569
f 580/580/580 579/579/579 572/572/572
f 581/581/581 573/573/573 570/570/570
f 581/581/581 570/570/570 582/582/582
f 585/585/585 574/574/574 576/576/576
f 585/585/585 576/576/576 586/586/586
f 574/574/574 567/567/567 576/576/576
f 583/583/583 496/496/496 489/489/489
f 575/575/575 583/583/583 489/489/489
f 584/584/584 583/583/583 575/575/575
f 578/578/578 584/584/584 575/575/575
f 579/579/579 584/584/584 578/578/578
f 574/574/574 585/585/585 582/582/582
f 583/583/583 587/587/587 505/505/505
f 583/583/583 505/505/505 504/504/504
f 583/583/583 504/504/504 496/496/496
f 580/580/580 592/592/592 591/591/591
f 580/580/580 591/591/591 579/579/579
f 584/584/584 587/587/587 583/583/583
f 588/588/588 587/587/587 584/584/584
f 591/591/591 584/584/584 579/579/579
f 580/580/580 581/581/581 593/593/593
f 580/580/580 593/593/593 592/592/592
f 582/582/582 594/594/594 593/593/593
f 582/582/582 593/593/593 581/581/581
f 588/588/588 584/584/584 591/591/591
f 588/588/588 591/591/591 596/596/596
f 585/585/585 594/594/594 582/582/582
f 588/588/588 596/596/596 599/599/599
f 588/588/588 599/599/599 590/590/590
f 597/597/597 596/596/596 591/591/591
f 592/592/592 597/597/597 591/591/591
f 585/585/585 598/598/598 594/594/594
f 595/595/595 586/586/586 589/589/589
f 599/599/599 596/596/596 597/597/597
f 599/599/599 597/597/597 600/600/600
f 600/600/600 597/597/597 592/592/592
f 600/600/600 592/592/592 601/601/601
f 592/592/592 593/593/593 602/602/602
f 592/592/592 602/602/602 601/601/601
f 602/602/602 593/593/593 594/594/594
f 602/602/602 594/594/594 603/603/603
f 594/594/594 598/598/598 604/604/604
f 594/594/594 604/604/604 603/603/603
f 598/598/598 595/595/595 605/605/605
f 598/598/598 605/605/605 604/604/604
f 507/507/507 608/608/608 607/607/607
f 507/507/507 607/607/607 606/606/606
f 498/498/498 606/606/606 506/506/506
f 507/507/507 606/606/606 498/498/498
f 610/610/610 510/510/510 511/511/511
f 610/610/610 511/511/511 611/611/611
f 508/508/508 608/608/608 507/507/507
f 508/508/508 609/609/609 608/608/608
f 509/509/509 610/610/610 609/609/609
f 506/506/506 606/606/606 614/614/614
f 506/506/506 614/614/614 613/613/613
f 512/512/512 611/611/611 511/511/511
f 612/612/612 611/611/611 512/512/512
f 505/505/505 612/612/612 512/512/512
f 610/610/610 611/611/611 617/617/617
f 610/610/610 617/617/617 616/616/616
f 616/616/616 615/615/615 609/609/609
f 125/125/125 112/112/112 613/613/613
f 125/125/125 613/613/613 620/620/620
f 618/618/618 617/617/617 611/611/611
f 619/619/619 618/618/618 612/612/612
f 613/613/613 614/614/614 621/621/621
f 613/613/613 621/621/621 620/620/620
f 621/621/621 614/614/614 607/607/607
f 621/621/621 607/607/607 622/622/622
f 607/607/607 615/615/615 623/623/623
f 607/607/607 623/623/623 622/622/622
f 618/618/618 619/619/619 628/628/628
f 618/618/618 628/628/628 627/627/627
f 615/615/615 624/624/624 623/623/623
f 616/616/616 625/625/625 624/624/624
f 626/626/626 625/625/625 617/617/617
f 618/618/618 627/627/627 626/626/626
f 133/133/133 125/125/125 620/620/620
f 133/133/133 620/620/620 629/629/629
f 629/629/629 620/620/620 621/621/621
f 629/629/629 621/621/621 630/630/630
f 621/621/621 622/622/622 631/631/631
f 621/621/621 631/631/631 630/630/630
f 631/631/631 622/622/622 623/623/623
f 631/631/631 623/623/623 632/632/632
f 626/626/626 627/627/627 636/636/636
f 626/626/626 636/636/636 635/635/635
f 624/624/624 633/633/633 632/632/632
f 625/625/625 634/634/634 633/633/633
f 625/625/625 635/635/635 634/634/634
f 627/627/627 628/628/628 637/637/637
f 627/627/627 637/637/637 636/636/636
f 638/638/638 629/629/629 630/630/630
f 638/638/638 630/630/630 639/639/639
f 629/629/629 638/638/638 133/133/133
f 640/640/640 639/639/639 631/631/631
f 640/640/640 631/631/631 641/641/641
f 631/631/631 639/639/639 630/630/630
f 642/642/642 632/632/632 633/633/633
f 642/642/642 633/633/633 643/643/643
f 632/632/632 641/641/641 631/631/631
f 642/642/642 641/641/641 632/632/632
f 634/634/634 635/635/635 645/645/645
f 634/634/634 645/645/645 644/644/644
f 644/644/644 643/643/643 633/633/633
f 644/644/644 645/645/645 652/652/652
f 644/644/644 652/652/652 651/651/651
f 646/646/646 645/645/645 635/635/635
f 636/636/636 646/646/646 635/635/635
f 636/636/636 647/647/647 646/646/646
f 637/637/637 647/647/647 636/636/636
f 638/638/638 145/145/145 133/133/133
f 642/642/642 649/649/649 641/641/641
f 642/642/642 650/650/650 649/649/649
f 643/643/643 650/650/650 642/642/642
f 644/644/644 651/651/651 650/650/650
f 645/645/645 646/646/646 653/653/653
f 645/645/645 653/653/653 652/652/652
f 646/646/646 647/647/647 655/655/655
f 646/646/646 655/655/655 654/654/654
f 646/646/646 654/654/654 653/653/653
f 153/153/153 145/145/145 638/638/638
f 153/153/153 638/638/638 656/656/656
f 640/640/640 649/649/649 658/658/658
f 640/640/640 658/658/658 657/657/657
f 648/648/648 656/656/656 638/638/638
f 648/648/648 657/657/657 656/656/656
f 640/640/640 657/657/657 648/648/648
f 659/659/659 650/650/650 651/651/651
f 659/659/659 651/651/651 660/660/660
f 649/649/649 659/659/659 658/658/658
f 159/159/159 153/153/153 656/656/656
f 159/159/159 656/656/656 663/663/663
f 661/661/661 660/660/660 652/652/652
f 653/653/653 661/661/661 652/652/652
f 653/653/653 662/662/662 661/661/661
f 654/654/654 662/662/662 653/653/653
f 655/655/655 662/662/662 654/654/654
f 656/656/656 657/657/657 665/665/665
f 656/656/656 665/665/665 663/663/663
f 666/666/666 665/665/665 658/658/658
f 666/666/666 658/658/658 667/667/667
f 665/665/665 666/666/666 664/664/664
f 658/658/658 665/665/665 657/657/657
f 667/667/667 659/659/659 660/660/660
f 667/667/667 660/660/660 668/668/668
f 659/659/659 667/667/667 658/658/658
f 661/661/661 662/662/662 679/679/679
f 661/661/661 679/679/679 670/670/670
f 668/668/668 669/669/669 736/736/736
f 660/660/660 669/669/669 668/668/668
f 661/661/661 669/669/669 660/660/660
f 505/505/505 590/590/590 671/671/671
f 505/505/505 671/671/671 612/612/612
f 599/599/599 600/600/600 688/688/688
f 599/599/599 688/688/688 687/687/687
f 671/671/671 619/619/619 612/612/612
f 647/647/647 673/673/673 655/655/655
f 655/655/655 675/675/675 662/662/662
f 673/673/673 675/675/675 655/655/655
f 673/673/673 676/676/676 675/675/675
f 662/662/662 680/680/680 679/679/679
f 675/675/675 680/680/680 662/662/662
f 675/675/675 682/682/682 680/680/680
f 676/676/676 682/682/682 675/675/675
f 681/681/681 686/686/686 678/678/678
f 590/590/590 687/687/687 671/671/671
f 600/600/600 601/601/601 689/689/689
f 600/600/600 689/689/689 688/688/688
f 690/690/690 603/603/603 604/604/604
f 690/690/690 604/604/604 691/691/691
f 691/691/691 604/604/604 605/605/605
f 691/691/691 605/605/605 692/692/692
f 601/601/601 602/602/602 694/694/694
f 601/601/601 694/694/694 693/693/693
f 601/601/601 693/693/693 689/689/689
f 694/694/694 602/602/602 603/603/603
f 694/694/694 603/603/603 690/690/690
f 671/671/671 696/696/696 628/628/628
f 671/671/671 628/628/628 619/619/619
f 697/697/697 688/688/688 689/689/689
f 697/697/697 689/689/689 699/699/699
f 687/687/687 696/696/696 671/671/671
f 697/697/697 696/696/696 687/687/687
f 689/689/689 693/693/693 700/700/700
f 689/689/689 700/700/700 699/699/699
f 704/704/704 706/706/706 695/695/695
f 704/704/704 695/695/695 698/698/698
f 695/695/695 691/691/691 698/698/698
f 628/628/628 702/702/702 672/672/672
f 703/703/703 702/702/702 697/697/697
f 695/695/695 706/706/706 701/701/701
f 703/703/703 699/699/699 711/711/711
f 703/703/703 711/711/711 708/708/708
f 702/702/702 708/708/708 707/707/707
f 710/710/710 709/709/709 704/704/704
f 711/711/711 699/699/699 700/700/700
f 711/711/711 700/700/700 712/712/712
f 712/712/712 700/700/700 705/705/705
f 712/712/712 705/705/705 713/713/713
f 701/701/701 706/706/706 709/709/709
f 701/701/701 709/709/709 713/713/713
f 672/672/672 707/707/707 714/714/714
f 672/672/672 714/714/714 647/647/647
f 709/709/709 706/706/706 704/704/704
f 714/714/714 707/707/707 708/708/708
f 714/714/714 708/708/708 715/715/715
f 709/709/709 710/710/710 721/721/721
f 709/709/709 721/721/721 720/720/720
f 708/708/708 716/716/716 715/715/715
f 716/716/716 711/711/711 712/712/712
f 716/716/716 712/712/712 717/717/717
f 717/717/717 712/712/712 713/713/713
f 717/717/717 713/713/713 722/722/722
f 717/717/717 722/722/722 718/718/718
f 718/718/718 722/722/722 723/723/723
f 718/718/718 723/723/723 719/719/719
f 713/713/713 709/709/709 720/720/720
f 713/713/713 720/720/720 723/723/723
f 723/723/723 722/722/722 713/713/713
f 715/715/715 716/716/716 725/725/725
f 715/715/715 725/725/725 724/724/724
f 714/714/714 673/673/673 647/647/647
f 714/714/714 724/724/724 673/673/673
f 715/715/715 724/724/724 714/714/714
f 725/725/725 716/716/716 717/717/717
f 725/725/725 717/717/717 726/726/726
f 727/727/727 720/720/720 721/721/721
f 727/727/727 721/721/721 728/728/728
f 677/677/677 676/676/676 724/724/724
f 677/677/677 724/724/724 729/729/729
f 724/724/724 676/676/676 673/673/673
f 718/718/718 719/719/719 731/731/731
f 718/718/718 731/731/731 730/730/730
f 725/725/725 729/729/729 724/724/724
f 718/718/718 730/730/730 726/726/726
f 719/719/719 727/727/727 732/732/732
f 719/719/719 732/732/732 731/731/731
f 684/684/684 730/730/730 731/731/731
f 684/684/684 731/731/731 685/685/685
f 728/728/728 732/732/732 727/727/727
f 726/726/726 683/683/683 729/729/729
f 683/683/683 730/730/730 684/684/684
f 159/159/159 663/663/663 733/733/733
f 159/159/159 733/733/733 215/215/215
f 686/686/686 732/732/732 678/678/678
f 667/667/667 668/668/668 736/736/736
f 667/667/667 736/736/736 735/735/735
f 664/664/664 733/733/733 663/663/663
f 666/666/666 733/733/733 664/664/664
f 667/667/667 735/735/735 734/734/734
f 221/221/221 215/215/215 733/733/733
f 221/221/221 733/733/733 740/740/740
f 669/669/669 737/737/737 736/736/736
f 669/669/669 739/739/739 738/738/738
f 670/670/670 739/739/739 669/669/669
f 221/221/221 740/740/740 741/741/741
f 221/221/221 741/741/741 216/216/216
f 733/733/733 666/666/666 742/742/742
f 733/733/733 742/742/742 740/740/740
f 741/741/741 740/740/740 742/742/742
f 741/741/741 742/742/742 743/743/743
f 742/742/742 666/666/666 734/734/734
f 742/742/742 734/734/734 743/743/743
f 748/748/748 743/743/743 735/735/735
f 748/748/748 735/735/735 744/744/744
f 735/735/735 743/743/743 734/734/734
f 745/745/745 744/744/744 737/737/737
f 745/745/745 737/737/737 746/746/746
f 736/736/736 744/744/744 735/735/735
f 737/737/737 744/744/744 736/736/736
f 227/227/227 741/741/741 747/747/747
f 227/227/227 747/747/747 228/228/228
f 738/738/738 746/746/746 737/737/737
f 747/747/747 741/741/741 748/748/748
f 747/747/747 748/748/748 749/749/749
f 748/748/748 744/744/744 750/750/750
f 748/748/748 750/750/750 749/749/749
f 750/750/750 744/744/744 745/745/745
f 750/750/750 745/745/745 751/751/751
f 233/233/233 234/234/234 753/753/753
f 233/233/233 753/753/753 752/752/752
f 228/228/228 747/747/747 753/753/753
f 228/228/228 753/753/753 234/234/234
f 753/753/753 755/755/755 754/754/754
f 753/753/753 754/754/754 752/752/752
f 747/747/747 749/749/749 755/755/755
f 747/747/747 755/755/755 753/753/753
f 755/755/755 757/757/757 756/756/756
f 755/755/755 756/756/756 754/754/754
f 755/755/755 749/749/749 750/750/750
f 755/755/755 750/750/750 757/757/757
f 750/750/750 751/751/751 758/758/758
f 750/750/750 758/758/758 757/757/757
f 239/239/239 240/240/240 761/761/761
f 239/239/239 761/761/761 760/760/760
f 751/751/751 759/759/759 758/758/758
f 233/233/233 752/752/752 761/761/761
f 233/233/233 761/761/761 240/240/240
f 761/761/761 754/754/754 762/762/762
f 761/761/761 762/762/762 760/760/760
f 754/754/754 756/756/756 763/763/763
f 754/754/754 763/763/763 762/762/762
f 754/754/754 761/761/761 752/752/752
f 764/764/764 766/766/766 765/765/765
f 764/764/764 765/765/765 756/756/756
f 764/764/764 757/757/757 758/758/758
f 764/764/764 758/758/758 766/766/766
f 758/758/758 759/759/759 767/767/767
f 758/758/758 767/767/767 766/766/766
f 767/767/767 769/769/769 768/768/768
f 767/767/767 768/768/768 766/766/766
f 767/767/767 759/759/759 825/825/825
f 767/767/767 825/825/825 769/769/769
f 763/763/763 756/756/756 771/771/771
f 763/763/763 771/771/771 770/770/770
f 760/760/760 245/245/245 239/239/239
f 763/763/763 770/770/770 762/762/762
f 766/766/766 768/768/768 772/772/772
f 766/766/766 772/772/772 765/765/765
f 773/773/773 769/769/769 836/836/836
f 773/773/773 836/836/836 774/774/774
f 249/249/249 245/245/245 760/760/760
f 249/249/249 760/760/760 776/776/776
f 760/760/760 762/762/762 777/777/777
f 760/760/760 777/777/777 776/776/776
f 777/777/777 762/762/762 770/770/770
f 777/777/777 770/770/770 778/778/778
f 778/778/778 770/770/770 771/771/771
f 778/778/778 771/771/771 779/779/779
f 771/771/771 765/765/765 780/780/780
f 771/771/771 780/780/780 779/779/779
f 780/780/780 765/765/765 772/772/772
f 780/780/780 772/772/772 781/781/781
f 772/772/772 768/768/768 782/782/782
f 772/772/772 782/782/782 781/781/781
f 254/254/254 255/255/255 785/785/785
f 254/254/254 785/785/785 784/784/784
f 773/773/773 782/782/782 768/768/768
f 783/783/783 782/782/782 773/773/773
f 774/774/774 783/783/783 773/773/773
f 775/775/775 784/784/784 785/785/785
f 775/775/775 785/785/785 776/776/776
f 249/249/249 776/776/776 785/785/785
f 249/249/249 785/785/785 255/255/255
f 775/775/775 777/777/777 786/786/786
f 775/775/775 786/786/786 784/784/784
f 786/786/786 777/777/777 778/778/778
f 786/786/786 778/778/778 787/787/787
f 788/788/788 778/778/778 779/779/779
f 788/788/788 779/779/779 789/789/789
f 788/788/788 787/787/787 778/778/778
f 779/779/779 780/780/780 790/790/790
f 779/779/779 790/790/790 789/789/789
f 790/790/790 780/780/780 781/781/781
f 790/790/790 781/781/781 791/791/791
f 781/781/781 782/782/782 792/792/792
f 781/781/781 792/792/792 791/791/791
f 792/792/792 782/782/782 783/783/783
f 792/792/792 783/783/783 793/793/793
f 795/795/795 794/794/794 680/680/680
f 795/795/795 680/680/680 797/797/797
f 670/670/670 794/794/794 739/739/739
f 679/679/679 794/794/794 670/670/670
f 680/680/680 794/794/794 679/679/679
f 798/798/798 677/677/677 683/683/683
f 798/798/798 683/683/683 799/799/799
f 682/682/682 797/797/797 680/680/680
f 677/677/677 798/798/798 682/682/682
f 800/800/800 684/684/684 685/685/685
f 800/800/800 685/685/685 801/801/801
f 684/684/684 800/800/800 799/799/799
f 686/686/686 681/681/681 803/803/803
f 686/686/686 803/803/803 802/802/802
f 805/805/805 804/804/804 794/794/794
f 805/805/805 794/794/794 795/795/795
f 738/738/738 804/804/804 746/746/746
f 739/739/739 804/804/804 738/738/738
f 794/794/794 804/804/804 739/739/739
f 806/806/806 795/795/795 797/797/797
f 806/806/806 797/797/797 798/798/798
f 809/809/809 808/808/808 800/800/800
f 809/809/809 800/800/800 801/801/801
f 799/799/799 807/807/807 798/798/798
f 807/807/807 800/800/800 808/808/808
f 810/810/810 809/809/809 801/801/801
f 810/810/810 801/801/801 813/813/813
f 811/811/811 810/810/810 813/813/813
f 811/811/811 813/813/813 814/814/814
f 802/802/802 803/803/803 814/814/814
f 802/802/802 814/814/814 813/813/813
f 812/812/812 814/814/814 803/803/803
f 812/812/812 803/803/803 796/796/796
f 746/746/746 804/804/804 815/815/815
f 746/746/746 815/815/815 751/751/751
f 815/815/815 804/804/804 805/805/805
f 815/815/815 805/805/805 816/816/816
f 805/805/805 795/795/795 806/806/806
f 805/805/805 806/806/806 818/818/818
f 805/805/805 818/818/818 816/816/816
f 807/807/807 808/808/808 819/819/819
f 807/807/807 819/819/819 818/818/818
f 818/818/818 819/819/819 817/817/817
f 808/808/808 809/809/809 820/820/820
f 808/808/808 820/820/820 819/819/819
f 809/809/809 810/810/810 821/821/821
f 809/809/809 821/821/821 820/820/820
f 821/821/821 823/823/823 822/822/822
f 821/821/821 822/822/822 820/820/820
f 811/811/811 814/814/814 824/824/824
f 811/811/811 824/824/824 821/821/821
f 825/825/825 751/751/751 815/815/815
f 825/825/825 815/815/815 826/826/826
f 825/825/825 759/759/759 751/751/751
f 815/815/815 816/816/816 827/827/827
f 815/815/815 827/827/827 826/826/826
f 829/829/829 817/817/817 819/819/819
f 829/829/829 819/819/819 830/830/830
f 816/816/816 828/828/828 827/827/827
f 829/829/829 828/828/828 817/817/817
f 837/837/837 827/827/827 828/828/828
f 819/819/819 820/820/820 831/831/831
f 819/819/819 831/831/831 830/830/830
f 831/831/831 822/822/822 832/832/832
f 831/831/831 832/832/832 830/830/830
f 823/823/823 824/824/824 834/834/834
f 823/823/823 834/834/834 833/833/833
f 825/825/825 826/826/826 836/836/836
f 825/825/825 836/836/836 769/769/769
f 835/835/835 833/833/833 834/834/834
f 826/826/826 827/827/827 837/837/837
f 826/826/826 837/837/837 836/836/836
f 832/832/832 840/840/840 844/844/844
f 832/832/832 844/844/844 843/843/843
f 838/838/838 842/842/842 828/828/828
f 822/822/822 840/840/840 832/832/832
f 835/835/835 840/840/840 822/822/822
f 842/842/842 774/774/774 837/837/837
f 840/840/840 835/835/835 845/845/845
f 840/840/840 845/845/845 844/844/844
f 774/774/774 842/842/842 847/847/847
f 774/774/774 847/847/847 846/846/846
f 846/846/846 783/783/783 774/774/774
f 847/847/847 842/842/842 838/838/838
f 847/847/847 838/838/838 848/848/848
f 838/838/838 839/839/839 849/849/849
f 838/838/838 849/849/849 848/848/848
f 843/843/843 844/844/844 851/851/851
f 843/843/843 851/851/851 850/850/850
f 843/843/843 850/850/850 849/849/849
f 793/793/793 783/783/783 846/846/846
f 793/793/793 846/846/846 852/852/852
f 847/847/847 848/848/848 853/853/853
f 847/847/847 853/853/853 852/852/852
f 848/848/848 849/849/849 854/854/854
f 848/848/848 854/854/854 853/853/853
f 854/854/854 849/849/849 850/850/850
f 854/854/854 850/850/850 855/855/855
f 845/845/845 841/841/841 858/858/858
f 845/845/845 858/858/858 857/857/857
f 845/845/845 835/835/835 841/841/841
f 844/844/844 857/857/857 861/861/861
f 844/844/844 861/861/861 851/851/851
f 859/859/859 857/857/857 858/858/858
f 860/860/860 850/850/850 851/851/851
f 855/855/855 850/850/850 860/860/860
f 855/855/855 860/860/860 863/863/863
f 862/862/862 861/861/861 859/859/859
f 860/860/860 851/851/851 864/864/864
f 860/860/860 864/864/864 863/863/863
f 861/861/861 862/862/862 866/866/866
f 861/861/861 866/866/866 865/865/865
f 861/861/861 865/865/865 864/864/864
f 527/527/527 867/867/867 869/869/869
f 527/527/527 869/869/869 534/534/534
f 527/527/527 519/519/519 867/867/867
f 292/292/292 867/867/867 519/519/519
f 292/292/292 519/519/519 70/70/70
f 292/292/292 293/293/293 868/868/868
f 292/292/292 868/868/868 867/867/867
f 869/869/869 868/868/868 874/874/874
f 869/869/869 874/874/874 548/548/548
f 869/869/869 867/867/867 868/868/868
f 548/548/548 874/874/874 871/871/871
f 548/548/548 871/871/871 870/870/870
f 870/870/870 540/540/540 548/548/548
f 540/540/540 870/870/870 872/872/872
f 540/540/540 872/872/872 557/557/557
f 870/870/870 876/876/876 877/877/877
f 870/870/870 877/877/877 872/872/872
f 868/868/868 293/293/293 301/301/301
f 873/873/873 874/874/874 301/301/301
f 871/871/871 876/876/876 870/870/870
f 875/875/875 876/876/876 874/874/874
f 564/564/564 872/872/872 878/878/878
f 564/564/564 878/878/878 558/558/558
f 310/310/310 879/879/879 881/881/881
f 310/310/310 881/881/881 880/880/880
f 877/877/877 878/878/878 872/872/872
f 873/873/873 302/302/302 310/310/310
f 878/878/878 885/885/885 888/888/888
f 878/878/878 888/888/888 887/887/887
f 875/875/875 873/873/873 880/880/880
f 875/875/875 883/883/883 876/876/876
f 882/882/882 883/883/883 880/880/880
f 877/877/877 885/885/885 878/878/878
f 886/886/886 885/885/885 884/884/884
f 571/571/571 887/887/887 577/577/577
f 322/322/322 889/889/889 879/879/879
f 322/322/322 879/879/879 311/311/311
f 891/891/891 883/883/883 882/882/882
f 891/891/891 882/882/882 890/890/890
f 881/881/881 879/879/879 889/889/889
f 577/577/577 894/894/894 589/589/589
f 577/577/577 589/589/589 586/586/586
f 884/884/884 883/883/883 891/891/891
f 886/886/886 884/884/884 891/891/891
f 887/887/887 894/894/894 577/577/577
f 888/888/888 885/885/885 893/893/893
f 899/899/899 900/900/900 886/886/886
f 899/899/899 886/886/886 891/891/891
f 322/322/322 895/895/895 889/889/889
f 896/896/896 895/895/895 334/334/334
f 890/890/890 881/881/881 897/897/897
f 892/892/892 890/890/890 898/898/898
f 886/886/886 900/900/900 893/893/893
f 899/899/899 892/892/892 901/901/901
f 899/899/899 901/901/901 900/900/900
f 893/893/893 900/900/900 903/903/903
f 893/893/893 903/903/903 902/902/902
f 888/888/888 902/902/902 894/894/894
f 894/894/894 902/902/902 905/905/905
f 894/894/894 905/905/905 904/904/904
f 906/906/906 907/907/907 897/897/897
f 906/906/906 897/897/897 895/895/895
f 896/896/896 334/334/334 340/340/340
f 908/908/908 910/910/910 892/892/892
f 908/908/908 892/892/892 898/898/898
f 897/897/897 909/909/909 908/908/908
f 898/898/898 897/897/897 908/908/908
f 589/589/589 904/904/904 914/914/914
f 589/589/589 914/914/914 595/595/595
f 901/901/901 892/892/892 910/910/910
f 903/903/903 900/900/900 911/911/911
f 905/905/905 902/902/902 912/912/912
f 915/915/915 906/906/906 896/896/896
f 915/915/915 896/896/896 916/916/916
f 914/914/914 904/904/904 913/913/913
f 340/340/340 349/349/349 917/917/917
f 340/340/340 917/917/917 916/916/916
f 915/915/915 918/918/918 907/907/907
f 915/915/915 907/907/907 906/906/906
f 907/907/907 918/918/918 919/919/919
f 907/907/907 919/919/919 909/909/909
f 920/920/920 921/921/921 910/910/910
f 920/920/920 910/910/910 908/908/908
f 921/921/921 922/922/922 901/901/901
f 921/921/921 901/901/901 910/910/910
f 901/901/901 922/922/922 911/911/911
f 911/911/911 922/922/922 924/924/924
f 911/911/911 924/924/924 923/923/923
f 903/903/903 923/923/923 912/912/912
f 925/925/925 913/913/913 905/905/905
f 925/925/925 905/905/905 926/926/926
f 912/912/912 923/923/923 927/927/927
f 912/912/912 927/927/927 926/926/926
f 929/929/929 918/918/918 915/915/915
f 929/929/929 915/915/915 930/930/930
f 917/917/917 349/349/349 358/358/358
f 928/928/928 930/930/930 915/915/915
f 928/928/928 915/915/915 916/916/916
f 929/929/929 931/931/931 919/919/919
f 929/929/929 919/919/919 918/918/918
f 931/931/931 933/933/933 921/921/921
f 931/931/931 921/921/921 920/920/920
f 920/920/920 919/919/919 931/931/931
f 921/921/921 933/933/933 932/932/932
f 936/936/936 928/928/928 917/917/917
f 936/936/936 917/917/917 937/937/937
f 922/922/922 921/921/921 932/932/932
f 924/924/924 922/922/922 932/932/932
f 926/926/926 935/935/935 925/925/925
f 927/927/927 923/923/923 934/934/934
f 358/358/358 365/365/365 938/938/938
f 358/358/358 938/938/938 937/937/937
f 939/939/939 940/940/940 931/931/931
f 939/939/939 931/931/931 929/929/929
f 930/930/930 928/928/928 936/936/936
f 942/942/942 932/932/932 933/933/933
f 942/942/942 933/933/933 941/941/941
f 943/943/943 934/934/934 924/924/924
f 943/943/943 924/924/924 944/944/944
f 933/933/933 931/931/931 941/941/941
f 942/942/942 944/944/944 924/924/924
f 942/942/942 924/924/924 932/932/932
f 946/946/946 935/935/935 927/927/927
f 946/946/946 927/927/927 943/943/943
f 948/948/948 939/939/939 930/930/930
f 948/948/948 930/930/930 949/949/949
f 927/927/927 934/934/934 943/943/943
f 937/937/937 947/947/947 936/936/936
f 938/938/938 365/365/365 373/373/373
f 936/936/936 947/947/947 950/950/950
f 936/936/936 950/950/950 949/949/949
f 939/939/939 948/948/948 951/951/951
f 939/939/939 951/951/951 940/940/940
f 940/940/940 951/951/951 952/952/952
f 940/940/940 952/952/952 941/941/941
f 942/942/942 941/941/941 952/952/952
f 942/942/942 952/952/952 953/953/953
f 954/954/954 955/955/955 944/944/944
f 954/954/954 944/944/944 953/953/953
f 945/945/945 946/946/946 943/943/943
f 945/945/945 943/943/943 956/956/956
f 944/944/944 955/955/955 943/943/943
f 381/381/381 957/957/957 938/938/938
f 381/381/381 938/938/938 373/373/373
f 938/938/938 957/957/957 947/947/947
f 951/951/951 959/959/959 961/961/961
f 951/951/951 961/961/961 952/952/952
f 964/964/964 967/967/967 956/956/956
f 964/964/964 956/956/956 965/965/965
f 962/962/962 961/961/961 960/960/960
f 965/965/965 955/955/955 954/954/954
f 967/967/967 966/966/966 945/945/945
f 948/948/948 958/958/958 970/970/970
f 948/948/948 970/970/970 969/969/969
f 956/956/956 967/967/967 945/945/945
f 970/970/970 958/958/958 950/950/950
f 970/970/970 950/950/950 971/971/971
f 968/968/968 971/971/971 950/950/950
f 968/968/968 950/950/950 947/947/947
f 969/969/969 972/972/972 959/959/959
f 969/969/969 959/959/959 948/948/948
f 959/959/959 972/972/972 960/960/960
f 959/959/959 960/960/960 961/961/961
f 954/954/954 974/974/974 975/975/975
f 954/954/954 975/975/975 965/965/965
f 963/963/963 962/962/962 960/960/960
f 963/963/963 974/974/974 954/954/954
f 966/966/966 967/967/967 976/976/976
f 966/966/966 976/976/976 674/674/674
f 969/969/969 978/978/978 980/980/980
f 969/969/969 980/980/980 972/972/972
f 976/976/976 967/967/967 964/964/964
f 970/970/970 988/988/988 978/978/978
f 980/980/980 979/979/979 972/972/972
f 972/972/972 979/979/979 981/981/981
f 972/972/972 981/981/981 960/960/960
f 982/982/982 985/985/985 975/975/975
f 982/982/982 975/975/975 983/983/983
f 981/981/981 963/963/963 960/960/960
f 983/983/983 974/974/974 973/973/973
f 984/984/984 986/986/986 976/976/976
f 984/984/984 976/976/976 985/985/985
f 975/975/975 985/985/985 964/964/964
f 986/986/986 678/678/678 674/674/674
f 987/987/987 990/990/990 971/971/971
f 987/987/987 971/971/971 968/968/968
f 976/976/976 986/986/986 674/674/674
f 971/971/971 990/990/990 989/989/989
f 992/992/992 979/979/979 980/980/980
f 992/992/992 980/980/980 993/993/993
f 991/991/991 990/990/990 987/987/987
f 988/988/988 993/993/993 980/980/980
f 988/988/988 980/980/980 978/978/978
f 988/988/988 989/989/989 994/994/994
f 988/988/988 994/994/994 993/993/993
f 989/989/989 990/990/990 995/995/995
f 989/989/989 995/995/995 994/994/994
f 979/979/979 992/992/992 997/997/997
f 979/979/979 997/997/997 981/981/981
f 997/997/997 996/996/996 981/981/981
f 981/981/981 996/996/996 999/999/999
f 981/981/981 999/999/999 973/973/973
f 998/998/998 982/982/982 983/983/983
f 998/998/998 983/983/983 999/999/999
f 1000/1000/1000 984/984/984 985/985/985
f 1000/1000/1000 985/985/985 982/982/982
f 381/381/381 399/399/399 1001/1001/1001
f 381/381/381 1001/1001/1001 957/957/957
f 986/986/986 984/984/984 681/681/681
f 986/986/986 681/681/681 678/678/678
f 987/987/987 977/977/977 1001/1001/1001
f 987/987/987 1001/1001/1001 1002/1002/1002
f 1001/1001/1001 399/399/399 402/402/402
f 692/692/692 605/605/605 914/914/914
f 692/692/692 914/914/914 1003/1003/1003
f 925/925/925 1003/1003/1003 914/914/914
f 925/925/925 914/914/914 913/913/913
f 698/698/698 692/692/692 1003/1003/1003
f 698/698/698 1003/1003/1003 1004/1004/1004
f 704/704/704 698/698/698 1004/1004/1004
f 704/704/704 1004/1004/1004 1005/1005/1005
f 935/935/935 1004/1004/1004 925/925/925
f 945/945/945 1005/1005/1005 935/935/935
f 945/945/945 935/935/935 946/946/946
f 945/945/945 966/966/966 1006/1006/1006
f 945/945/945 1006/1006/1006 710/710/710
f 710/710/710 1005/1005/1005 945/945/945
f 1006/1006/1006 721/721/721 710/710/710
f 1008/1008/1008 990/990/990 991/991/991
f 1008/1008/1008 991/991/991 1009/1009/1009
f 1006/1006/1006 728/728/728 721/721/721
f 1007/1007/1007 1009/1009/1009 991/991/991
f 1007/1007/1007 991/991/991 987/987/987
f 992/992/992 993/993/993 1011/1011/1011
f 992/992/992 1011/1011/1011 1010/1010/1010
f 1011/1011/1011 993/993/993 994/994/994
f 1011/1011/1011 994/994/994 1012/1012/1012
f 1012/1012/1012 994/994/994 995/995/995
f 1012/1012/1012 995/995/995 1013/1013/1013
f 1008/1008/1008 1013/1013/1013 995/995/995
f 1008/1008/1008 995/995/995 990/990/990
f 1008/1008/1008 1009/1009/1009 1014/1014/1014
f 1008/1008/1008 1014/1014/1014 1013/1013/1013
f 1015/1015/1015 996/996/996 997/997/997
f 1015/1015/1015 997/997/997 1016/1016/1016
f 1010/1010/1010 1016/1016/1016 997/997/997
f 1010/1010/1010 997/997/997 992/992/992
f 1010/1010/1010 1011/1011/1011 1017/1017/1017
f 1010/1010/1010 1017/1017/1017 1016/1016/1016
f 1011/1011/1011 1012/1012/1012 1018/1018/1018
f 1011/1011/1011 1018/1018/1018 1017/1017/1017
f 1012/1012/1012 1013/1013/1013 1019/1019/1019
f 1012/1012/1012 1019/1019/1019 1018/1018/1018
f 1020/1020/1020 998/998/998 999/999/999
f 1020/1020/1020 999/999/999 1021/1021/1021
f 1019/1019/1019 1013/1013/1013 1014/1014/1014
f 1015/1015/1015 1021/1021/1021 999/999/999
f 1015/1015/1015 999/999/999 996/996/996
f 1000/1000/1000 982/982/982 1024/1024/1024
f 1000/1000/1000 1024/1024/1024 1023/1023/1023
f 1016/1016/1016 1021/1021/1021 1015/1015/1015
f 998/998/998 1020/1020/1020 1024/1024/1024
f 998/998/998 1024/1024/1024 982/982/982
f 1020/1020/1020 1021/1021/1021 1025/1025/1025
f 1020/1020/1020 1025/1025/1025 1024/1024/1024
f 796/796/796 803/803/803 1000/1000/1000
f 796/796/796 1000/1000/1000 1023/1023/1023
f 681/681/681 984/984/984 1000/1000/1000
f 681/681/681 1000/1000/1000 803/803/803
f 1028/1028/1028 1021/1021/1021 1016/1016/1016
f 1028/1028/1028 1016/1016/1016 1029/1029/1029
f 1017/1017/1017 1030/1030/1030 1029/1029/1029
f 1017/1017/1017 1029/1029/1029 1026/1026/1026
f 1027/1027/1027 1032/1032/1032 1022/1022/1022
f 1027/1027/1027 1022/1022/1022 1014/1014/1014
f 1018/1018/1018 1030/1030/1030 1017/1017/1017
f 1031/1031/1031 1030/1030/1030 1018/1018/1018
f 1022/1022/1022 1032/1032/1032 1031/1031/1031
f 796/796/796 1023/1023/1023 1033/1033/1033
f 796/796/796 1033/1033/1033 812/812/812
f 1023/1023/1023 1024/1024/1024 1034/1034/1034
f 1023/1023/1023 1034/1034/1034 1033/1033/1033
f 1034/1034/1034 1024/1024/1024 1025/1025/1025
f 1034/1034/1034 1025/1025/1025 1035/1035/1035
f 1028/1028/1028 1035/1035/1035 1025/1025/1025
f 1028/1028/1028 1025/1025/1025 1021/1021/1021
f 1028/1028/1028 1029/1029/1029 1036/1036/1036
f 1028/1028/1028 1036/1036/1036 1035/1035/1035
f 1030/1030/1030 1037/1037/1037 1036/1036/1036
f 1030/1030/1030 1036/1036/1036 1029/1029/1029
f 1031/1031/1031 1032/1032/1032 1039/1039/1039
f 1031/1031/1031 1039/1039/1039 1038/1038/1038
f 1038/1038/1038 1037/1037/1037 1031/1031/1031
f 812/812/812 1033/1033/1033 1040/1040/1040
f 812/812/812 1040/1040/1040 814/814/814
f 1033/1033/1033 1034/1034/1034 1041/1041/1041
f 1033/1033/1033 1041/1041/1041 1040/1040/1040
f 1034/1034/1034 1035/1035/1035 1042/1042/1042
f 1034/1034/1034 1042/1042/1042 1041/1041/1041
f 1043/1043/1043 1037/1037/1037 1038/1038/1038
f 1043/1043/1043 1038/1038/1038 1044/1044/1044
f 1036/1036/1036 1042/1042/1042 1035/1035/1035
f 814/814/814 1040/1040/1040 1045/1045/1045
f 814/814/814 1045/1045/1045 824/824/824
f 1040/1040/1040 1041/1041/1041 1046/1046/1046
f 1040/1040/1040 1046/1046/1046 1045/1045/1045
f 1047/1047/1047 1036/1036/1036 1037/1037/1037
f 1047/1047/1047 1037/1037/1037 1043/1043/1043
f 1042/1042/1042 1046/1046/1046 1041/1041/1041
f 1036/1036/1036 1047/1047/1047 1042/1042/1042
f 1042/1042/1042 1051/1051/1051 1050/1050/1050
f 1042/1042/1042 1050/1050/1050 1046/1046/1046
f 1049/1049/1049 1048/1048/1048 1044/1044/1044
f 1053/1053/1053 1048/1048/1048 1049/1049/1049
f 1053/1053/1053 1049/1049/1049 1054/1054/1054
f 1047/1047/1047 1051/1051/1051 1042/1042/1042
f 824/824/824 1045/1045/1045 1055/1055/1055
f 824/824/824 1055/1055/1055 834/834/834
f 1053/1053/1053 1153/1153/1153 1052/1052/1052
f 1053/1053/1053 1052/1052/1052 1048/1048/1048
f 1050/1050/1050 1055/1055/1055 1045/1045/1045
f 1047/1047/1047 1056/1056/1056 1051/1051/1051
f 1059/1059/1059 1058/1058/1058 1054/1054/1054
f 1059/1059/1059 1054/1054/1054 1057/1057/1057
f 1058/1058/1058 1153/1153/1153 1053/1053/1053
f 1054/1054/1054 1058/1058/1058 1053/1053/1053
f 1060/1060/1060 1059/1059/1059 1057/1057/1057
f 1060/1060/1060 1057/1057/1057 1061/1061/1061
f 1007/1007/1007 987/987/987 1002/1002/1002
f 1007/1007/1007 1002/1002/1002 1064/1064/1064
f 431/431/431 1064/1064/1064 1002/1002/1002
f 431/431/431 1002/1002/1002 402/402/402
f 1007/1007/1007 1064/1064/1064 1065/1065/1065
f 1007/1007/1007 1065/1065/1065 1009/1009/1009
f 1009/1009/1009 1065/1065/1065 1066/1066/1066
f 1009/1009/1009 1066/1066/1066 1014/1014/1014
f 436/436/436 1068/1068/1068 1064/1064/1064
f 436/436/436 1064/1064/1064 431/431/431
f 436/436/436 437/437/437 1069/1069/1069
f 436/436/436 1069/1069/1069 1068/1068/1068
f 1068/1068/1068 1070/1070/1070 1065/1065/1065
f 1068/1068/1068 1065/1065/1065 1064/1064/1064
f 1069/1069/1069 1071/1071/1071 1070/1070/1070
f 1069/1069/1069 1070/1070/1070 1068/1068/1068
f 1070/1070/1070 1073/1073/1073 1066/1066/1066
f 1070/1070/1070 1066/1066/1066 1065/1065/1065
f 1072/1072/1072 1074/1074/1074 1073/1073/1073
f 1072/1072/1072 1073/1073/1073 1071/1071/1071
f 1074/1074/1074 1076/1076/1076 1075/1075/1075
f 1074/1074/1074 1075/1075/1075 1073/1073/1073
f 1067/1067/1067 1066/1066/1066 1073/1073/1073
f 1075/1075/1075 1067/1067/1067 1073/1073/1073
f 1027/1027/1027 1067/1067/1067 1077/1077/1077
f 1027/1027/1027 1077/1077/1077 1032/1032/1032
f 1067/1067/1067 1075/1075/1075 1078/1078/1078
f 1067/1067/1067 1078/1078/1078 1077/1077/1077
f 437/437/437 440/440/440 1079/1079/1079
f 437/437/437 1079/1079/1079 1069/1069/1069
f 441/441/441 1080/1080/1080 1079/1079/1079
f 441/441/441 1079/1079/1079 440/440/440
f 1069/1069/1069 1079/1079/1079 1082/1082/1082
f 1069/1069/1069 1082/1082/1082 1071/1071/1071
f 1080/1080/1080 1083/1083/1083 1082/1082/1082
f 1080/1080/1080 1082/1082/1082 1079/1079/1079
f 1082/1082/1082 1083/1083/1083 1072/1072/1072
f 1082/1082/1082 1072/1072/1072 1071/1071/1071
f 1081/1081/1081 1084/1084/1084 1083/1083/1083
f 1081/1081/1081 1083/1083/1083 1080/1080/1080
f 1072/1072/1072 1083/1083/1083 1085/1085/1085
f 1072/1072/1072 1085/1085/1085 1074/1074/1074
f 1076/1076/1076 1086/1086/1086 1089/1089/1089
f 1076/1076/1076 1089/1089/1089 1088/1088/1088
f 1085/1085/1085 1083/1083/1083 1084/1084/1084
f 1076/1076/1076 1074/1074/1074 1085/1085/1085
f 1086/1086/1086 1076/1076/1076 1085/1085/1085
f 1078/1078/1078 1088/1088/1088 1087/1087/1087
f 1087/1087/1087 1090/1090/1090 1039/1039/1039
f 1087/1087/1087 1039/1039/1039 1077/1077/1077
f 1039/1039/1039 1090/1090/1090 1044/1044/1044
f 449/449/449 1092/1092/1092 441/441/441
f 449/449/449 441/441/441 448/448/448
f 1091/1091/1091 1090/1090/1090 1087/1087/1087
f 441/441/441 1092/1092/1092 1081/1081/1081
f 441/441/441 1081/1081/1081 1080/1080/1080
f 1093/1093/1093 1095/1095/1095 1094/1094/1094
f 1093/1093/1093 1094/1094/1094 1084/1084/1084
f 1094/1094/1094 1085/1085/1085 1084/1084/1084
f 1094/1094/1094 1095/1095/1095 1096/1096/1096
f 1094/1094/1094 1096/1096/1096 1086/1086/1086
f 1086/1086/1086 1085/1085/1085 1094/1094/1094
f 1097/1097/1097 1088/1088/1088 1089/1089/1089
f 1097/1097/1097 1089/1089/1089 1098/1098/1098
f 1086/1086/1086 1096/1096/1096 1099/1099/1099
f 1086/1086/1086 1099/1099/1099 1098/1098/1098
f 1097/1097/1097 1101/1101/1101 1091/1091/1091
f 1097/1097/1097 1091/1091/1091 1088/1088/1088
f 1091/1091/1091 1101/1101/1101 1100/1100/1100
f 1097/1097/1097 1098/1098/1098 1102/1102/1102
f 1097/1097/1097 1102/1102/1102 1101/1101/1101
f 1100/1100/1100 1103/1103/1103 1049/1049/1049
f 1100/1100/1100 1049/1049/1049 1090/1090/1090
f 1049/1049/1049 1103/1103/1103 1054/1054/1054
f 1092/1092/1092 449/449/449 1105/1105/1105
f 1092/1092/1092 1105/1105/1105 1093/1093/1093
f 1104/1104/1104 1103/1103/1103 1100/1100/1100
f 1095/1095/1095 1106/1106/1106 1107/1107/1107
f 1095/1095/1095 1107/1107/1107 1096/1096/1096
f 1108/1108/1108 1098/1098/1098 1099/1099/1099
f 1108/1108/1108 1099/1099/1099 1109/1109/1109
f 1096/1096/1096 1107/1107/1107 1110/1110/1110
f 1096/1096/1096 1110/1110/1110 1109/1109/1109
f 1111/1111/1111 1101/1101/1101 1102/1102/1102
f 1111/1111/1111 1102/1102/1102 1112/1112/1112
f 1108/1108/1108 1112/1112/1112 1102/1102/1102
f 1108/1108/1108 1102/1102/1102 1098/1098/1098
f 1108/1108/1108 1109/1109/1109 1113/1113/1113
f 1108/1108/1108 1113/1113/1113 1112/1112/1112
f 1057/1057/1057 1054/1054/1054 1103/1103/1103
f 1057/1057/1057 1103/1103/1103 1114/1114/1114
f 1111/1111/1111 1115/1115/1115 1104/1104/1104
f 1111/1111/1111 1104/1104/1104 1101/1101/1101
f 1104/1104/1104 1115/1115/1115 1114/1114/1114
f 460/460/460 1116/1116/1116 453/453/453
f 460/460/460 453/453/453 459/459/459
f 449/449/449 1116/1116/1116 1118/1118/1118
f 449/449/449 1118/1118/1118 1105/1105/1105
f 1117/1117/1117 1119/1119/1119 1118/1118/1118
f 1117/1117/1117 1118/1118/1118 1116/1116/1116
f 1105/1105/1105 1119/1119/1119 1120/1120/1120
f 1105/1105/1105 1120/1120/1120 1106/1106/1106
f 1106/1106/1106 1120/1120/1120 1121/1121/1121
f 1106/1106/1106 1121/1121/1121 1107/1107/1107
f 1122/1122/1122 1109/1109/1109 1110/1110/1110
f 1122/1122/1122 1110/1110/1110 1123/1123/1123
f 1121/1121/1121 1123/1123/1123 1110/1110/1110
f 1121/1121/1121 1110/1110/1110 1107/1107/1107
f 1125/1125/1125 1114/1114/1114 1115/1115/1115
f 1125/1125/1125 1115/1115/1115 1126/1126/1126
f 1113/1113/1113 1109/1109/1109 1122/1122/1122
f 1124/1124/1124 1126/1126/1126 1115/1115/1115
f 1124/1124/1124 1115/1115/1115 1112/1112/1112
f 460/460/460 463/463/463 1127/1127/1127
f 460/460/460 1127/1127/1127 1116/1116/1116
f 1135/1135/1135 1061/1061/1061 1125/1125/1125
f 1127/1127/1127 1128/1128/1128 1117/1117/1117
f 1127/1127/1127 1117/1117/1117 1116/1116/1116
f 1117/1117/1117 1128/1128/1128 1129/1129/1129
f 1117/1117/1117 1129/1129/1129 1119/1119/1119
f 1129/1129/1129 1130/1130/1130 1120/1120/1120
f 1129/1129/1129 1120/1120/1120 1119/1119/1119
f 1130/1130/1130 1131/1131/1131 1121/1121/1121
f 1130/1130/1130 1121/1121/1121 1120/1120/1120
f 1131/1131/1131 1132/1132/1132 1123/1123/1123
f 1131/1131/1131 1123/1123/1123 1121/1121/1121
f 1123/1123/1123 1132/1132/1132 1122/1122/1122
f 1122/1122/1122 1132/1132/1132 1134/1134/1134
f 1122/1122/1122 1134/1134/1134 1133/1133/1133
f 1113/1113/1113 1133/1133/1133 1124/1124/1124
f 1135/1135/1135 1125/1125/1125 1126/1126/1126
f 1135/1135/1135 1126/1126/1126 1136/1136/1136
f 1124/1124/1124 1133/1133/1133 1138/1138/1138
f 1124/1124/1124 1138/1138/1138 1137/1137/1137
f 1126/1126/1126 1137/1137/1137 1136/1136/1136
f 1139/1139/1139 1061/1061/1061 1135/1135/1135
f 1139/1139/1139 1135/1135/1135 1136/1136/1136
f 1061/1061/1061 1139/1139/1139 1062/1062/1062
f 463/463/463 466/466/466 1140/1140/1140
f 463/463/463 1140/1140/1140 1127/1127/1127
f 1140/1140/1140 1141/1141/1141 1128/1128/1128
f 1140/1140/1140 1128/1128/1128 1127/1127/1127
f 1128/1128/1128 1141/1141/1141 1142/1142/1142
f 1128/1128/1128 1142/1142/1142 1129/1129/1129
f 1142/1142/1142 1143/1143/1143 1130/1130/1130
f 1142/1142/1142 1130/1130/1130 1129/1129/1129
f 1130/1130/1130 1143/1143/1143 1144/1144/1144
f 1130/1130/1130 1144/1144/1144 1131/1131/1131
f 1131/1131/1131 1144/1144/1144 1145/1145/1145
f 1131/1131/1131 1145/1145/1145 1132/1132/1132
f 1063/1063/1063 1062/1062/1062 1139/1139/1139
f 1063/1063/1063 1139/1139/1139 1148/1148/1148
f 1134/1134/1134 1132/1132/1132 1145/1145/1145
f 1138/1138/1138 1133/1133/1133 1146/1146/1146
f 1139/1139/1139 1136/1136/1136 1149/1149/1149
f 1139/1139/1139 1149/1149/1149 1148/1148/1148
f 1050/1050/1050 1051/1051/1051 1151/1151/1151
f 1050/1050/1050 1151/1151/1151 1150/1150/1150
f 856/856/856 834/834/834 1055/1055/1055
f 1051/1051/1051 1056/1056/1056 1152/1152/1152
f 1051/1051/1051 1152/1152/1152 1151/1151/1151
f 1056/1056/1056 1052/1052/1052 1153/1153/1153
f 1056/1056/1056 1153/1153/1153 1152/1152/1152
f 856/856/856 1055/1055/1055 1154/1154/1154
f 856/856/856 1154/1154/1154 841/841/841
f 1155/1155/1155 1159/1159/1159 1158/1158/1158
f 1155/1155/1155 1158/1158/1158 1150/1150/1150
f 1150/1150/1150 1154/1154/1154 1055/1055/1055
f 1153/1153/1153 1156/1156/1156 1152/1152/1152
f 1153/1153/1153 1157/1157/1157 1156/1156/1156
f 1059/1059/1059 1157/1157/1157 1058/1058/1058
f 1158/1158/1158 1154/1154/1154 1150/1150/1150
f 1155/1155/1155 1152/1152/1152 1160/1160/1160
f 1155/1155/1155 1160/1160/1160 1159/1159/1159
f 1161/1161/1161 1156/1156/1156 1157/1157/1157
f 1161/1161/1161 1157/1157/1157 1162/1162/1162
f 1156/1156/1156 1160/1160/1160 1152/1152/1152
f 1162/1162/1162 1157/1157/1157 1059/1059/1059
f 1162/1162/1162 1059/1059/1059 1060/1060/1060
f 858/858/858 1154/1154/1154 1158/1158/1158
f 858/858/858 1158/1158/1158 1163/1163/1163
f 1158/1158/1158 1159/1159/1159 1165/1165/1165
f 1158/1158/1158 1165/1165/1165 1164/1164/1164
f 1164/1164/1164 1163/1163/1163 1158/1158/1158
f 1165/1165/1165 1159/1159/1159 1160/1160/1160
f 1165/1165/1165 1160/1160/1160 1166/1166/1166
f 1166/1166/1166 1160/1160/1160 1156/1156/1156
f 1166/1166/1166 1156/1156/1156 1161/1161/1161
f 1167/1167/1167 1162/1162/1162 1060/1060/1060
f 1167/1167/1167 1060/1060/1060 1168/1168/1168
f 1168/1168/1168 1060/1060/1060 1061/1061/1061
f 1168/1168/1168 1061/1061/1061 1062/1062/1062
f 859/859/859 1163/1163/1163 1169/1169/1169
f 859/859/859 1169/1169/1169 862/862/862
f 1169/1169/1169 1163/1163/1163 1164/1164/1164
f 1169/1169/1169 1164/1164/1164 1170/1170/1170
f 1164/1164/1164 1165/1165/1165 1171/1171/1171
f 1164/1164/1164 1171/1171/1171 1170/1170/1170
f 1171/1171/1171 1165/1165/1165 1166/1166/1166
f 1171/1171/1171 1166/1166/1166 1172/1172/1172
f 1166/1166/1166 1161/1161/1161 1173/1173/1173
f 1166/1166/1166 1173/1173/1173 1172/1172/1172
f 1173/1173/1173 1161/1161/1161 1162/1162/1162
f 1173/1173/1173 1162/1162/1162 1167/1167/1167
f 862/862/862 1169/1169/1169 1174/1174/1174
f 862/862/862 1174/1174/1174 866/866/866
f 1174/1174/1174 1169/1169/1169 1170/1170/1170
f 1174/1174/1174 1170/1170/1170 1175/1175/1175
f 1170/1170/1170 1171/1171/1171 1176/1176/1176
f 1170/1170/1170 1176/1176/1176 1175/1175/1175
f 1176/1176/1176 1171/1171/1171 1172/1172/1172
f 1176/1176/1176 1172/1172/1172 1177/1177/1177
f 1172/1172/1172 1173/1173/1173 1178/1178/1178
f 1172/1172/1172 1178/1178/1178 1177/1177/1177
f 1173/1173/1173 1167/1167/1167 1179/1179/1179
f 1173/1173/1173 1179/1179/1179 1178/1178/1178
f 1179/1179/1179 1167/1167/1167 1168/1168/1168
f 1179/1179/1179 1168/1168/1168 1180/1180/1180
f 252/252/252 1182/1182/1182 1181/1181/1181
f 252/252/252 1181/1181/1181 246/246/246
f 1183/1183/1183 1182/1182/1182 252/252/252
f 1183/1183/1183 252/252/252 253/253/253
f 253/253/253 255/255/255 1184/1184/1184
f 253/253/253 1184/1184/1184 1183/1183/1183
f 1184/1184/1184 255/255/255 254/254/254
f 1186/1186/1186 1185/1185/1185 1181/1181/1181
f 1186/1186/1186 1181/1181/1181 1182/1182/1182
f 1183/1183/1183 1187/1187/1187 1186/1186/1186
f 1183/1183/1183 1186/1186/1186 1182/1182/1182
f 1188/1188/1188 1189/1189/1189 1184/1184/1184
f 1188/1188/1188 1184/1184/1184 254/254/254
f 1187/1187/1187 1183/1183/1183 1184/1184/1184
f 1187/1187/1187 1184/1184/1184 1189/1189/1189
f 1190/1190/1190 1191/1191/1191 1181/1181/1181
f 1190/1190/1190 1181/1181/1181 1185/1185/1185
f 1192/1192/1192 1193/1193/1193 1185/1185/1185
f 1192/1192/1192 1185/1185/1185 1186/1186/1186
f 1181/1181/1181 1191/1191/1191 250/250/250
f 1194/1194/1194 1192/1192/1192 1186/1186/1186
f 1194/1194/1194 1186/1186/1186 1187/1187/1187
f 1193/1193/1193 1190/1190/1190 1185/1185/1185
f 1194/1194/1194 1187/1187/1187 1189/1189/1189
f 1194/1194/1194 1189/1189/1189 1195/1195/1195
f 1192/1192/1192 1198/1198/1198 1199/1199/1199
f 1192/1192/1192 1199/1199/1199 1197/1197/1197
f 1193/1193/1193 1197/1197/1197 1190/1190/1190
f 1192/1192/1192 1194/1194/1194 1198/1198/1198
f 1190/1190/1190 1197/1197/1197 1201/1201/1201
f 1190/1190/1190 1201/1201/1201 1200/1200/1200
f 1191/1191/1191 1190/1190/1190 1200/1200/1200
f 1202/1202/1202 1203/1203/1203 1199/1199/1199
f 1202/1202/1202 1199/1199/1199 1198/1198/1198
f 1201/1201/1201 1197/1197/1197 1199/1199/1199
f 1201/1201/1201 1199/1199/1199 1203/1203/1203
f 1202/1202/1202 1204/1204/1204 1205/1205/1205
f 1202/1202/1202 1205/1205/1205 1203/1203/1203
f 1202/1202/1202 1195/1195/1195 1204/1204/1204
f 1200/1200/1200 1201/1201/1201 1207/1207/1207
f 1200/1200/1200 1207/1207/1207 1206/1206/1206
f 1209/1209/1209 1210/1210/1210 1205/1205/1205
f 1209/1209/1209 1205/1205/1205 1204/1204/1204
f 1208/1208/1208 1203/1203/1203 1205/1205/1205
f 1208/1208/1208 1205/1205/1205 1210/1210/1210
f 1211/1211/1211 1201/1201/1201 1208/1208/1208
f 1211/1211/1211 1208/1208/1208 1212/1212/1212
f 1207/1207/1207 1201/1201/1201 1211/1211/1211
f 1212/1212/1212 1208/1208/1208 1210/1210/1210
f 1212/1212/1212 1210/1210/1210 1213/1213/1213
f 1216/1216/1216 1217/1217/1217 1207/1207/1207
f 1216/1216/1216 1207/1207/1207 1211/1211/1211
f 1215/1215/1215 1206/1206/1206 1207/1207/1207
f 1215/1215/1215 1207/1207/1207 1217/1217/1217
f 1216/1216/1216 1211/1211/1211 1212/1212/1212
f 1216/1216/1216 1212/1212/1212 1218/1218/1218
f 1212/1212/1212 1213/1213/1213 1219/1219/1219
f 1212/1212/1212 1219/1219/1219 1218/1218/1218
f 1219/1219/1219 1213/1213/1213 1214/1214/1214
f 1219/1219/1219 1214/1214/1214 1220/1220/1220
f 1221/1221/1221 1222/1222/1222 277/277/277
f 1221/1221/1221 277/277/277 284/284/284
f 283/283/283 276/276/276 281/281/281
f 1223/1223/1223 1224/1224/1224 279/279/279
f 1223/1223/1223 279/279/279 282/282/282
f 285/285/285 277/277/277 1222/1222/1222
f 284/284/284 279/279/279 1224/1224/1224
f 284/284/284 1224/1224/1224 1221/1221/1221
f 1222/1222/1222 1229/1229/1229 1230/1230/1230
f 1222/1222/1222 1230/1230/1230 285/285/285
f 281/281/281 278/278/278 1226/1226/1226
f 1227/1227/1227 1225/1225/1225 283/283/283
f 1223/1223/1223 250/250/250 1196/1196/1196
f 1221/1221/1221 1224/1224/1224 1233/1233/1233
f 1221/1221/1221 1233/1233/1233 1229/1229/1229
f 1227/1227/1227 283/283/283 1231/1231/1231
f 1224/1224/1224 1223/1223/1223 1232/1232/1232
f 1206/1206/1206 1236/1236/1236 1196/1196/1196
f 1206/1206/1206 1196/1196/1196 1191/1191/1191
f 1234/1234/1234 1227/1227/1227 1231/1231/1231
f 1233/1233/1233 1224/1224/1224 1235/1235/1235
f 1239/1239/1239 1240/1240/1240 1230/1230/1230
f 1239/1239/1239 1230/1230/1230 1229/1229/1229
f 1196/1196/1196 1236/1236/1236 1232/1232/1232
f 1230/1230/1230 1240/1240/1240 1241/1241/1241
f 1230/1230/1230 1241/1241/1241 1226/1226/1226
f 1241/1241/1241 1242/1242/1242 1228/1228/1228
f 1241/1241/1241 1228/1228/1228 1226/1226/1226
f 1237/1237/1237 1238/1238/1238 1243/1243/1243
f 1237/1237/1237 1243/1243/1243 1242/1242/1242
f 1228/1228/1228 1242/1242/1242 1243/1243/1243
f 1228/1228/1228 1243/1243/1243 1231/1231/1231
f 1231/1231/1231 1243/1243/1243 1244/1244/1244
f 1231/1231/1231 1244/1244/1244 1234/1234/1234
f 1237/1237/1237 1247/1247/1247 1248/1248/1248
f 1237/1237/1237 1248/1248/1248 1238/1238/1238
f 1250/1250/1250 1251/1251/1251 1240/1240/1240
f 1250/1250/1250 1240/1240/1240 1239/1239/1239
f 1246/1246/1246 1247/1247/1247 1237/1237/1237
f 1246/1246/1246 1237/1237/1237 1251/1251/1251
f 1251/1251/1251 1241/1241/1241 1240/1240/1240
f 1241/1241/1241 1251/1251/1251 1237/1237/1237
f 1241/1241/1241 1237/1237/1237 1242/1242/1242
f 1252/1252/1252 1253/1253/1253 1235/1235/1235
f 1252/1252/1252 1235/1235/1235 1232/1232/1232
f 1235/1235/1235 1253/1253/1253 1250/1250/1250
f 1235/1235/1235 1250/1250/1250 1239/1239/1239
f 1254/1254/1254 1258/1258/1258 1259/1259/1259
f 1254/1254/1254 1259/1259/1259 1255/1255/1255
f 1236/1236/1236 1206/1206/1206 1215/1215/1215
f 1236/1236/1236 1252/1252/1252 1232/1232/1232
f 1255/1255/1255 1259/1259/1259 1260/1260/1260
f 1255/1255/1255 1260/1260/1260 1256/1256/1256
f 1262/1262/1262 1263/1263/1263 1259/1259/1259
f 1262/1262/1262 1259/1259/1259 1258/1258/1258
f 1262/1262/1262 1258/1258/1258 1257/1257/1257
f 1259/1259/1259 1263/1263/1263 1264/1264/1264
f 1259/1259/1259 1264/1264/1264 1260/1260/1260
f 1261/1261/1261 1265/1265/1265 1266/1266/1266
f 1261/1261/1261 1266/1266/1266 1257/1257/1257
f 1266/1266/1266 1267/1267/1267 1262/1262/1262
f 1266/1266/1266 1262/1262/1262 1257/1257/1257
f 1262/1262/1262 1267/1267/1267 1268/1268/1268
f 1262/1262/1262 1268/1268/1268 1263/1263/1263
f 1263/1263/1263 1268/1268/1268 1269/1269/1269
f 1263/1263/1263 1269/1269/1269 1264/1264/1264
f 1265/1265/1265 1270/1270/1270 1271/1271/1271
f 1265/1265/1265 1271/1271/1271 1266/1266/1266
f 1266/1266/1266 1271/1271/1271 1272/1272/1272
f 1266/1266/1266 1272/1272/1272 1267/1267/1267
f 1267/1267/1267 1272/1272/1272 1273/1273/1273
f 1267/1267/1267 1273/1273/1273 1268/1268/1268
f 1268/1268/1268 1273/1273/1273 1274/1274/1274
f 1268/1268/1268 1274/1274/1274 1269/1269/1269
f 1275/1275/1275 1276/1276/1276 1271/1271/1271
f 1275/1275/1275 1271/1271/1271 1270/1270/1270
f 1276/1276/1276 1277/1277/1277 1272/1272/1272
f 1276/1276/1276 1272/1272/1272 1271/1271/1271
f 1277/1277/1277 1278/1278/1278 1273/1273/1273
f 1277/1277/1277 1273/1273/1273 1272/1272/1272
f 1278/1278/1278 1279/1279/1279 1274/1274/1274
f 1278/1278/1278 1274/1274/1274 1273/1273/1273
f 1280/1280/1280 1281/1281/1281 1276/1276/1276
f 1280/1280/1280 1276/1276/1276 1275/1275/1275
f 1276/1276/1276 1281/1281/1281 1282/1282/1282
f 1276/1276/1276 1282/1282/1282 1277/1277/1277
f 1282/1282/1282 1283/1283/1283 1278/1278/1278
f 1282/1282/1282 1278/1278/1278 1277/1277/1277
f 1283/1283/1283 1284/1284/1284 1279/1279/1279
f 1283/1283/1283 1279/1279/1279 1278/1278/1278
f 1285/1285/1285 1215/1215/1215 1217/1217/1217
f 1285/1285/1285 1217/1217/1217 1286/1286/1286
f 1216/1216/1216 1218/1218/1218 1287/1287/1287
f 1216/1216/1216 1287/1287/1287 1286/1286/1286
f 1287/1287/1287 1218/1218/1218 1219/1219/1219
f 1287/1287/1287 1219/1219/1219 1288/1288/1288
f 1285/1285/1285 1286/1286/1286 1290/1290/1290
f 1285/1285/1285 1290/1290/1290 1289/1289/1289
f 1220/1220/1220 1288/1288/1288 1219/1219/1219
f 1290/1290/1290 1286/1286/1286 1287/1287/1287
f 1290/1290/1290 1287/1287/1287 1291/1291/1291
f 1287/1287/1287 1288/1288/1288 1292/1292/1292
f 1287/1287/1287 1292/1292/1292 1291/1291/1291
f 1289/1289/1289 1290/1290/1290 1294/1294/1294
f 1289/1289/1289 1294/1294/1294 1293/1293/1293
f 1294/1294/1294 1290/1290/1290 1291/1291/1291
f 1294/1294/1294 1291/1291/1291 1295/1295/1295
f 1295/1295/1295 1291/1291/1291 1292/1292/1292
f 1295/1295/1295 1292/1292/1292 1296/1296/1296
f 1294/1294/1294 1295/1295/1295 1299/1299/1299
f 1294/1294/1294 1299/1299/1299 1298/1298/1298
f 1297/1297/1297 1300/1300/1300 1303/1303/1303
f 1297/1297/1297 1303/1303/1303 1302/1302/1302
f 1296/1296/1296 1299/1299/1299 1295/1295/1295
f 1296/1296/1296 1301/1301/1301 1299/1299/1299
f 1303/1303/1303 1300/1300/1300 1298/1298/1298
f 1303/1303/1303 1298/1298/1298 1304/1304/1304
f 1304/1304/1304 1298/1298/1298 1299/1299/1299
f 1304/1304/1304 1299/1299/1299 1305/1305/1305
f 1306/1306/1306 1302/1302/1302 1303/1303/1303
f 1306/1306/1306 1303/1303/1303 1307/1307/1307
f 1307/1307/1307 1303/1303/1303 1304/1304/1304
f 1307/1307/1307 1304/1304/1304 1308/1308/1308
f 1304/1304/1304 1305/1305/1305 1309/1309/1309
f 1304/1304/1304 1309/1309/1309 1308/1308/1308
f 1305/1305/1305 1301/1301/1301 1310/1310/1310
f 1305/1305/1305 1310/1310/1310 1309/1309/1309
f 1311/1311/1311 1306/1306/1306 1307/1307/1307
f 1311/1311/1311 1307/1307/1307 1312/1312/1312
f 1307/1307/1307 1308/1308/1308 1313/1313/1313
f 1307/1307/1307 1313/1313/1313 1312/1312/1312
f 1308/1308/1308 1309/1309/1309 1314/1314/1314
f 1308/1308/1308 1314/1314/1314 1313/1313/1313
f 1309/1309/1309 1310/1310/1310 1315/1315/1315
f 1309/1309/1309 1315/1315/1315 1314/1314/1314
f 1245/1245/1245 1321/1321/1321 1316/1316/1316
f 1245/1245/1245 1316/1316/1316 1246/1246/1246
f 1246/1246/1246 1316/1316/1316 1317/1317/1317
f 1246/1246/1246 1317/1317/1317 1247/1247/1247
f 1319/1319/1319 1249/1249/1249 1248/1248/1248
f 1319/1319/1319 1248/1248/1248 1318/1318/1318
f 1250/1250/1250 1320/1320/1320 1245/1245/1245
f 1250/1250/1250 1245/1245/1245 1251/1251/1251
f 1323/1323/1323 1324/1324/1324 1253/1253/1253
f 1323/1323/1323 1253/1253/1253 1252/1252/1252
f 1215/1215/1215 1285/1285/1285 1325/1325/1325
f 1215/1215/1215 1325/1325/1325 1236/1236/1236
f 1324/1324/1324 1250/1250/1250 1253/1253/1253
f 1324/1324/1324 1320/1320/1320 1250/1250/1250
f 1252/1252/1252 1236/1236/1236 1325/1325/1325
f 1252/1252/1252 1325/1325/1325 1323/1323/1323
f 1316/1316/1316 1327/1327/1327 1254/1254/1254
f 1316/1316/1316 1254/1254/1254 1317/1317/1317
f 1255/1255/1255 1256/1256/1256 1319/1319/1319
f 1255/1255/1255 1319/1319/1319 1318/1318/1318
f 1320/1320/1320 1329/1329/1329 1326/1326/1326
f 1320/1320/1320 1326/1326/1326 1321/1321/1321
f 1321/1321/1321 1326/1326/1326 1327/1327/1327
f 1321/1321/1321 1327/1327/1327 1316/1316/1316
f 1323/1323/1323 1330/1330/1330 1331/1331/1331
f 1323/1323/1323 1331/1331/1331 1324/1324/1324
f 1329/1329/1329 1322/1322/1322 1328/1328/1328
f 1329/1329/1329 1320/1320/1320 1322/1322/1322
f 1289/1289/1289 1332/1332/1332 1325/1325/1325
f 1289/1289/1289 1325/1325/1325 1285/1285/1285
f 1323/1323/1323 1325/1325/1325 1332/1332/1332
f 1323/1323/1323 1332/1332/1332 1330/1330/1330
f 1326/1326/1326 1334/1334/1334 1335/1335/1335
f 1326/1326/1326 1335/1335/1335 1327/1327/1327
f 1329/1329/1329 1333/1333/1333 1334/1334/1334
f 1329/1329/1329 1334/1334/1334 1326/1326/1326
f 1335/1335/1335 1254/1254/1254 1327/1327/1327
f 1335/1335/1335 1258/1258/1258 1254/1254/1254
f 1333/1333/1333 1329/1329/1329 1328/1328/1328
f 1330/1330/1330 1338/1338/1338 1337/1337/1337
f 1330/1330/1330 1337/1337/1337 1331/1331/1331
f 1337/1337/1337 1338/1338/1338 1336/1336/1336
f 1293/1293/1293 1339/1339/1339 1332/1332/1332
f 1293/1293/1293 1332/1332/1332 1289/1289/1289
f 1330/1330/1330 1332/1332/1332 1339/1339/1339
f 1330/1330/1330 1339/1339/1339 1338/1338/1338
f 1333/1333/1333 1340/1340/1340 1261/1261/1261
f 1333/1333/1333 1261/1261/1261 1334/1334/1334
f 1328/1328/1328 1337/1337/1337 1343/1343/1343
f 1328/1328/1328 1343/1343/1343 1342/1342/1342
f 1341/1341/1341 1335/1335/1335 1334/1334/1334
f 1342/1342/1342 1333/1333/1333 1328/1328/1328
f 1342/1342/1342 1340/1340/1340 1333/1333/1333
f 1343/1343/1343 1337/1337/1337 1336/1336/1336
f 1340/1340/1340 1345/1345/1345 1265/1265/1265
f 1340/1340/1340 1265/1265/1265 1261/1261/1261
f 1344/1344/1344 1293/1293/1293 1297/1297/1297
f 1344/1344/1344 1339/1339/1339 1293/1293/1293
f 1345/1345/1345 1340/1340/1340 1342/1342/1342
f 1345/1345/1345 1342/1342/1342 1348/1348/1348
f 1346/1346/1346 1347/1347/1347 1343/1343/1343
f 1346/1346/1346 1343/1343/1343 1349/1349/1349
f 1350/1350/1350 1345/1345/1345 1348/1348/1348
f 1350/1350/1350 1348/1348/1348 1351/1351/1351
f 1343/1343/1343 1347/1347/1347 1342/1342/1342
f 1349/1349/1349 1344/1344/1344 1297/1297/1297
f 1350/1350/1350 1265/1265/1265 1345/1345/1345
f 1350/1350/1350 1270/1270/1270 1265/1265/1265
f 1351/1351/1351 1347/1347/1347 1346/1346/1346
f 1348/1348/1348 1347/1347/1347 1351/1351/1351
f 1297/1297/1297 1302/1302/1302 1352/1352/1352
f 1297/1297/1297 1352/1352/1352 1349/1349/1349
f 1275/1275/1275 1270/1270/1270 1350/1350/1350
f 1275/1275/1275 1350/1350/1350 1353/1353/1353
f 1350/1350/1350 1351/1351/1351 1355/1355/1355
f 1350/1350/1350 1355/1355/1355 1353/1353/1353
f 1351/1351/1351 1346/1346/1346 1354/1354/1354
f 1354/1354/1354 1346/1346/1346 1352/1352/1352
f 1354/1354/1354 1352/1352/1352 1356/1356/1356
f 1306/1306/1306 1358/1358/1358 1352/1352/1352
f 1306/1306/1306 1352/1352/1352 1302/1302/1302
f 1361/1361/1361 1359/1359/1359 1355/1355/1355
f 1361/1361/1361 1355/1355/1355 1354/1354/1354
f 1358/1358/1358 1356/1356/1356 1352/1352/1352
f 1360/1360/1360 1281/1281/1281 1280/1280/1280
f 1362/1362/1362 1356/1356/1356 1358/1358/1358
f 1362/1362/1362 1358/1358/1358 1311/1311/1311
f 1357/1357/1357 1356/1356/1356 1362/1362/1362
f 1358/1358/1358 1306/1306/1306 1311/1311/1311
f 1364/1364/1364 1365/1365/1365 1282/1282/1282
f 1364/1364/1364 1282/1282/1282 1281/1281/1281
f 1282/1282/1282 1365/1365/1365 1366/1366/1366
f 1282/1282/1282 1366/1366/1366 1283/1283/1283
f 1366/1366/1366 1367/1367/1367 1284/1284/1284
f 1366/1366/1366 1284/1284/1284 1283/1283/1283
f 1368/1368/1368 1369/1369/1369 1366/1366/1366
f 1368/1368/1368 1366/1366/1366 1365/1365/1365
f 1369/1369/1369 1370/1370/1370 1367/1367/1367
f 1369/1369/1369 1367/1367/1367 1366/1366/1366
f 1313/1313/1313 1314/1314/1314 1372/1372/1372
f 1313/1313/1313 1372/1372/1372 1371/1371/1371
f 1313/1313/1313 1371/1371/1371 1312/1312/1312
f 1314/1314/1314 1315/1315/1315 1373/1373/1373
f 1314/1314/1314 1373/1373/1373 1372/1372/1372
f 1374/1374/1374 1371/1371/1371 1372/1372/1372
f 1374/1374/1374 1372/1372/1372 1375/1375/1375
f 1372/1372/1372 1373/1373/1373 1376/1376/1376
f 1372/1372/1372 1376/1376/1376 1375/1375/1375
f 1377/1377/1377 1378/1378/1378 1280/1280/1280
f 1377/1377/1377 1280/1280/1280 1359/1359/1359
f 1379/1379/1379 1377/1377/1377 1359/1359/1359
f 1379/1379/1379 1359/1359/1359 1361/1361/1361
f 1360/1360/1360 1280/1280/1280 1378/1378/1378
f 1379/1379/1379 1361/1361/1361 1357/1357/1357
f 1379/1379/1379 1357/1357/1357 1380/1380/1380
f 1357/1357/1357 1362/1362/1362 1380/1380/1380
f 1380/1380/1380 1362/1362/1362 1311/1311/1311
f 1380/1380/1380 1311/1311/1311 1381/1381/1381
f 1383/1383/1383 1384/1384/1384 1360/1360/1360
f 1383/1383/1383 1360/1360/1360 1378/1378/1378
f 1363/1363/1363 1382/1382/1382 1381/1381/1381
f 1384/1384/1384 1368/1368/1368 1364/1364/1364
f 1384/1384/1384 1364/1364/1364 1360/1360/1360
f 1369/1369/1369 1385/1385/1385 1386/1386/1386
f 1369/1369/1369 1386/1386/1386 1370/1370/1370
f 1385/1385/1385 1369/1369/1369 1368/1368/1368
f 1387/1387/1387 1383/1383/1383 1378/1378/1378
f 1387/1387/1387 1378/1378/1378 1377/1377/1377
f 1388/1388/1388 1380/1380/1380 1381/1381/1381
f 1388/1388/1388 1381/1381/1381 1389/1389/1389
f 1380/1380/1380 1388/1388/1388 1379/1379/1379
f 1389/1389/1389 1381/1381/1381 1382/1382/1382
f 1389/1389/1389 1382/1382/1382 1390/1390/1390
f 1375/1375/1375 1376/1376/1376 1392/1392/1392
f 1375/1375/1375 1392/1392/1392 1391/1391/1391
f 1382/1382/1382 1371/1371/1371 1374/1374/1374
f 1382/1382/1382 1374/1374/1374 1390/1390/1390
f 1393/1393/1393 1394/1394/1394 1368/1368/1368
f 1393/1393/1393 1368/1368/1368 1384/1384/1384
f 1395/1395/1395 1393/1393/1393 1384/1384/1384
f 1395/1395/1395 1384/1384/1384 1383/1383/1383
f 1385/1385/1385 1368/1368/1368 1394/1394/1394
f 1383/1383/1383 1387/1387/1387 1395/1395/1395
f 1385/1385/1385 1396/1396/1396 1397/1397/1397
f 1385/1385/1385 1397/1397/1397 1386/1386/1386
f 1396/1396/1396 1385/1385/1385 1394/1394/1394
f 1400/1400/1400 1389/1389/1389 1390/1390/1390
f 1400/1400/1400 1390/1390/1390 1401/1401/1401
f 1387/1387/1387 1398/1398/1398 1395/1395/1395
f 1389/1389/1389 1400/1400/1400 1388/1388/1388
f 1400/1400/1400 1398/1398/1398 1388/1388/1388
f 1401/1401/1401 1390/1390/1390 1374/1374/1374
f 1401/1401/1401 1374/1374/1374 1402/1402/1402
f 1402/1402/1402 1391/1391/1391 1404/1404/1404
f 1402/1402/1402 1404/1404/1404 1403/1403/1403
f 1404/1404/1404 1391/1391/1391 1392/1392/1392
f 1404/1404/1404 1392/1392/1392 1405/1405/1405
f 1406/1406/1406 1407/1407/1407 1394/1394/1394
f 1406/1406/1406 1394/1394/1394 1393/1393/1393
f 1393/1393/1393 1395/1395/1395 1406/1406/1406
f 1407/1407/1407 1408/1408/1408 1396/1396/1396
f 1407/1407/1407 1396/1396/1396 1394/1394/1394
f 1399/1399/1399 1413/1413/1413 1414/1414/1414
f 1399/1399/1399 1414/1414/1414 1410/1410/1410
f 1399/1399/1399 1398/1398/1398 1409/1409/1409
f 1411/1411/1411 1397/1397/1397 1408/1408/1408
f 1413/1413/1413 1399/1399/1399 1409/1409/1409
f 1409/1409/1409 1415/1415/1415 1416/1416/1416
f 1409/1409/1409 1416/1416/1416 1413/1413/1413
f 1415/1415/1415 1409/1409/1409 1412/1412/1412
f 1412/1412/1412 1403/1403/1403 1417/1417/1417
f 1412/1412/1412 1417/1417/1417 1415/1415/1415
f 1404/1404/1404 1405/1405/1405 1419/1419/1419
f 1404/1404/1404 1419/1419/1419 1418/1418/1418
f 1404/1404/1404 1418/1418/1418 1403/1403/1403
f 1418/1418/1418 1417/1417/1417 1403/1403/1403
f 1420/1420/1420 1421/1421/1421 1408/1408/1408
f 1420/1420/1420 1408/1408/1408 1407/1407/1407
f 1410/1410/1410 1414/1414/1414 1422/1422/1422
f 1410/1410/1410 1422/1422/1422 1420/1420/1420
f 1413/1413/1413 1416/1416/1416 1424/1424/1424
f 1413/1413/1413 1424/1424/1424 1414/1414/1414
f 1423/1423/1423 1411/1411/1411 1421/1421/1421
f 1415/1415/1415 1417/1417/1417 1425/1425/1425
f 1415/1415/1415 1425/1425/1425 1416/1416/1416
f 1424/1424/1424 1422/1422/1422 1414/1414/1414
f 1416/1416/1416 1425/1425/1425 1430/1430/1430
f 1416/1416/1416 1430/1430/1430 1424/1424/1424
f 1418/1418/1418 1419/1419/1419 1427/1427/1427
f 1418/1418/1418 1427/1427/1427 1426/1426/1426
f 1418/1418/1418 1426/1426/1426 1417/1417/1417
f 1426/1426/1426 1425/1425/1425 1417/1417/1417
f 1428/1428/1428 1429/1429/1429 1423/1423/1423
f 1428/1428/1428 1423/1423/1423 1421/1421/1421
f 1422/1422/1422 1431/1431/1431 1432/1432/1432
f 1422/1422/1422 1432/1432/1432 1428/1428/1428
f 1424/1424/1424 1431/1431/1431 1422/1422/1422
f 1428/1428/1428 1432/1432/1432 1433/1433/1433
f 1428/1428/1428 1433/1433/1433 1429/1429/1429
f 1430/1430/1430 1434/1434/1434 1435/1435/1435
f 1430/1430/1430 1435/1435/1435 1431/1431/1431
f 1432/1432/1432 1431/1431/1431 1435/1435/1435
f 1432/1432/1432 1435/1435/1435 1436/1436/1436
f 1433/1433/1433 1432/1432/1432 1436/1436/1436
f 1433/1433/1433 1436/1436/1436 1437/1437/1437
f 1425/1425/1425 1438/1438/1438 1439/1439/1439
f 1425/1425/1425 1439/1439/1439 1434/1434/1434
f 1426/1426/1426 1438/1438/1438 1425/1425/1425
f 1435/1435/1435 1434/1434/1434 1439/1439/1439
f 1435/1435/1435 1439/1439/1439 1440/1440/1440
f 1436/1436/1436 1435/1435/1435 1440/1440/1440
f 1436/1436/1436 1440/1440/1440 1441/1441/1441
f 1437/1437/1437 1436/1436/1436 1441/1441/1441
f 1437/1437/1437 1441/1441/1441 1442/1442/1442
f 1438/1438/1438 1426/1426/1426 1427/1427/1427
f 1438/1438/1438 1427/1427/1427 1443/1443/1443
f 1439/1439/1439 1438/1438/1438 1443/1443/1443
f 1439/1439/1439 1443/1443/1443 1444/1444/1444
f 1440/1440/1440 1439/1439/1439 1444/1444/1444
f 1440/1440/1440 1444/1444/1444 1445/1445/1445
f 1441/1441/1441 1440/1440/1440 1445/1445/1445
f 1441/1441/1441 1445/1445/1445 1446/1446/1446
f 1442/1442/1442 1441/1441/1441 1446/1446/1446
f 1442/1442/1442 1446/1446/1446 1447/1447/1447
f 424/424/424 1451/1451/1451 1452/1452/1452
f 424/424/424 1452/1452/1452 425/425/425
f 1448/1448/1448 420/420/420 429/429/429
f 1449/1449/1449 421/421/421 423/423/423
f 424/424/424 421/421/421 1449/1449/1449
f 1450/1450/1450 422/422/422 425/425/425
f 423/423/423 280/280/280 1225/1225/1225
f 426/426/426 1453/1453/1453 1454/1454/1454
f 426/426/426 1454/1454/1454 427/427/427
f 1453/1453/1453 426/426/426 1450/1450/1450
f 427/427/427 1454/1454/1454 1455/1455/1455
f 427/427/427 1455/1455/1455 428/428/428
f 1455/1455/1455 1456/1456/1456 429/429/429
f 1455/1455/1455 429/429/429 428/428/428
f 1234/1234/1234 1460/1460/1460 1451/1451/1451
f 1234/1234/1234 1451/1451/1451 1458/1458/1458
f 1457/1457/1457 1450/1450/1450 1452/1452/1452
f 1453/1453/1453 1450/1450/1450 1457/1457/1457
f 1227/1227/1227 1458/1458/1458 1225/1225/1225
f 1458/1458/1458 1227/1227/1227 1234/1234/1234
f 1461/1461/1461 1462/1462/1462 1455/1455/1455
f 1461/1461/1461 1455/1455/1455 1454/1454/1454
f 1452/1452/1452 1451/1451/1451 1460/1460/1460
f 1457/1457/1457 1452/1452/1452 1460/1460/1460
f 1461/1461/1461 1453/1453/1453 1457/1457/1457
f 1461/1461/1461 1454/1454/1454 1453/1453/1453
f 1462/1462/1462 1463/1463/1463 1459/1459/1459
f 1462/1462/1462 1459/1459/1459 1456/1456/1456
f 1462/1462/1462 1456/1456/1456 1455/1455/1455
f 1463/1463/1463 1464/1464/1464 1496/1496/1496
f 1463/1463/1463 1496/1496/1496 1459/1459/1459
f 1465/1465/1465 1466/1466/1466 1244/1244/1244
f 1465/1465/1465 1244/1244/1244 1238/1238/1238
f 1467/1467/1467 1468/1468/1468 1461/1461/1461
f 1467/1467/1467 1461/1461/1461 1457/1457/1457
f 1460/1460/1460 1234/1234/1234 1466/1466/1466
f 1457/1457/1457 1460/1460/1460 1467/1467/1467
f 1470/1470/1470 1471/1471/1471 1463/1463/1463
f 1470/1470/1470 1463/1463/1463 1462/1462/1462
f 1469/1469/1469 1462/1462/1462 1461/1461/1461
f 1249/1249/1249 1472/1472/1472 1465/1465/1465
f 1249/1249/1249 1465/1465/1465 1238/1238/1238
f 1471/1471/1471 1464/1464/1464 1463/1463/1463
f 1473/1473/1473 1474/1474/1474 1465/1465/1465
f 1473/1473/1473 1465/1465/1465 1472/1472/1472
f 1474/1474/1474 1475/1475/1475 1468/1468/1468
f 1474/1474/1474 1468/1468/1468 1467/1467/1467
f 1467/1467/1467 1466/1466/1466 1474/1474/1474
f 1476/1476/1476 1477/1477/1477 1471/1471/1471
f 1476/1476/1476 1471/1471/1471 1470/1470/1470
f 1475/1475/1475 1469/1469/1469 1468/1468/1468
f 1476/1476/1476 1470/1470/1470 1469/1469/1469
f 420/420/420 1448/1448/1448 1478/1478/1478
f 420/420/420 1478/1478/1478 454/454/454
f 1478/1478/1478 1479/1479/1479 455/455/455
f 1478/1478/1478 455/455/455 454/454/454
f 455/455/455 1479/1479/1479 1480/1480/1480
f 455/455/455 1480/1480/1480 456/456/456
f 1480/1480/1480 1481/1481/1481 464/464/464
f 1480/1480/1480 464/464/464 456/456/456
f 464/464/464 1481/1481/1481 1482/1482/1482
f 464/464/464 1482/1482/1482 465/465/465
f 465/465/465 1482/1482/1482 1483/1483/1483
f 465/465/465 1483/1483/1483 466/466/466
f 1484/1484/1484 1485/1485/1485 1482/1482/1482
f 1484/1484/1484 1482/1482/1482 1481/1481/1481
f 1479/1479/1479 1487/1487/1487 1488/1488/1488
f 1479/1479/1479 1488/1488/1488 1480/1480/1480
f 1483/1483/1483 1482/1482/1482 1485/1485/1485
f 1480/1480/1480 1488/1488/1488 1489/1489/1489
f 1480/1480/1480 1489/1489/1489 1484/1484/1484
f 1484/1484/1484 1490/1490/1490 1491/1491/1491
f 1484/1484/1484 1491/1491/1491 1485/1485/1485
f 1490/1490/1490 1493/1493/1493 1494/1494/1494
f 1490/1490/1490 1494/1494/1494 1491/1491/1491
f 1494/1494/1494 1492/1492/1492 1491/1491/1491
f 1492/1492/1492 1486/1486/1486 1485/1485/1485
f 1494/1494/1494 1501/1501/1501 1495/1495/1495
f 1494/1494/1494 1495/1495/1495 1492/1492/1492
f 1448/1448/1448 1459/1459/1459 1496/1496/1496
f 1448/1448/1448 1496/1496/1496 1478/1478/1478
f 1496/1496/1496 1497/1497/1497 1487/1487/1487
f 1496/1496/1496 1487/1487/1487 1478/1478/1478
f 1487/1487/1487 1497/1497/1497 1498/1498/1498
f 1487/1487/1487 1498/1498/1498 1488/1488/1488
f 1498/1498/1498 1499/1499/1499 1489/1489/1489
f 1498/1498/1498 1489/1489/1489 1488/1488/1488
f 1499/1499/1499 1500/1500/1500 1493/1493/1493
f 1499/1499/1499 1493/1493/1493 1489/1489/1489
f 1493/1493/1493 1500/1500/1500 1501/1501/1501
f 1493/1493/1493 1501/1501/1501 1494/1494/1494
f 1501/1501/1501 1500/1500/1500 1502/1502/1502
f 1501/1501/1501 1502/1502/1502 1503/1503/1503
f 1464/1464/1464 1504/1504/1504 1498/1498/1498
f 1464/1464/1464 1498/1498/1498 1497/1497/1497
f 1503/1503/1503 1495/1495/1495 1501/1501/1501
f 1464/1464/1464 1497/1497/1497 1496/1496/1496
f 1498/1498/1498 1504/1504/1504 1505/1505/1505
f 1498/1498/1498 1505/1505/1505 1499/1499/1499
f 1505/1505/1505 1506/1506/1506 1500/1500/1500
f 1505/1505/1505 1500/1500/1500 1499/1499/1499
f 1506/1506/1506 1507/1507/1507 1502/1502/1502
f 1506/1506/1506 1502/1502/1502 1500/1500/1500
f 1502/1502/1502 1507/1507/1507 1508/1508/1508
f 1502/1502/1502 1508/1508/1508 1503/1503/1503
f 1464/1464/1464 1509/1509/1509 1510/1510/1510
f 1464/1464/1464 1510/1510/1510 1504/1504/1504
f 1510/1510/1510 1511/1511/1511 1505/1505/1505
f 1510/1510/1510 1505/1505/1505 1504/1504/1504
f 1505/1505/1505 1511/1511/1511 1513/1513/1513
f 1505/1505/1505 1513/1513/1513 1506/1506/1506
f 1512/1512/1512 1514/1514/1514 1513/1513/1513
f 1512/1512/1512 1513/1513/1513 1511/1511/1511
f 1513/1513/1513 1515/1515/1515 1507/1507/1507
f 1513/1513/1513 1507/1507/1507 1506/1506/1506
f 1513/1513/1513 1514/1514/1514 1516/1516/1516
f 1513/1513/1513 1516/1516/1516 1515/1515/1515
f 1517/1517/1517 1518/1518/1518 1477/1477/1477
f 1517/1517/1517 1477/1477/1477 1476/1476/1476
f 1471/1471/1471 1518/1518/1518 1519/1519/1519
f 1471/1471/1471 1519/1519/1519 1509/1509/1509
f 1519/1519/1519 1521/1521/1521 1510/1510/1510
f 1519/1519/1519 1510/1510/1510 1509/1509/1509
f 1520/1520/1520 1522/1522/1522 1521/1521/1521
f 1520/1520/1520 1521/1521/1521 1519/1519/1519
f 1510/1510/1510 1521/1521/1521 1523/1523/1523
f 1510/1510/1510 1523/1523/1523 1511/1511/1511
f 1522/1522/1522 1524/1524/1524 1523/1523/1523
f 1522/1522/1522 1523/1523/1523 1521/1521/1521
f 1523/1523/1523 1524/1524/1524 1512/1512/1512
f 1523/1523/1523 1512/1512/1512 1511/1511/1511
f 1512/1512/1512 1524/1524/1524 1526/1526/1526
f 1512/1512/1512 1526/1526/1526 1514/1514/1514
f 1525/1525/1525 1527/1527/1527 1526/1526/1526
f 1525/1525/1525 1526/1526/1526 1524/1524/1524
f 1528/1528/1528 1515/1515/1515 1516/1516/1516
f 1528/1528/1528 1516/1516/1516 1529/1529/1529
f 1526/1526/1526 1529/1529/1529 1516/1516/1516
f 1526/1526/1526 1516/1516/1516 1514/1514/1514
f 1526/1526/1526 1527/1527/1527 1530/1530/1530
f 1526/1526/1526 1530/1530/1530 1529/1529/1529
f 1260/1260/1260 1264/1264/1264 1534/1534/1534
f 1260/1260/1260 1534/1534/1534 1531/1531/1531
f 1534/1534/1534 1535/1535/1535 1532/1532/1532
f 1534/1534/1534 1532/1532/1532 1531/1531/1531
f 1535/1535/1535 1536/1536/1536 1533/1533/1533
f 1535/1535/1535 1533/1533/1533 1532/1532/1532
f 1264/1264/1264 1269/1269/1269 1537/1537/1537
f 1264/1264/1264 1537/1537/1537 1534/1534/1534
f 1537/1537/1537 1538/1538/1538 1535/1535/1535
f 1537/1537/1537 1535/1535/1535 1534/1534/1534
f 1538/1538/1538 1539/1539/1539 1536/1536/1536
f 1538/1538/1538 1536/1536/1536 1535/1535/1535
f 1274/1274/1274 1540/1540/1540 1537/1537/1537
f 1274/1274/1274 1537/1537/1537 1269/1269/1269
f 1540/1540/1540 1541/1541/1541 1538/1538/1538
f 1540/1540/1540 1538/1538/1538 1537/1537/1537
f 1541/1541/1541 1542/1542/1542 1539/1539/1539
f 1541/1541/1541 1539/1539/1539 1538/1538/1538
f 1274/1274/1274 1279/1279/1279 1543/1543/1543
f 1274/1274/1274 1543/1543/1543 1540/1540/1540
f 1540/1540/1540 1543/1543/1543 1544/1544/1544
f 1540/1540/1540 1544/1544/1544 1541/1541/1541
f 1541/1541/1541 1544/1544/1544 1545/1545/1545
f 1541/1541/1541 1545/1545/1545 1542/1542/1542
f 1284/1284/1284 1546/1546/1546 1543/1543/1543
f 1284/1284/1284 1543/1543/1543 1279/1279/1279
f 1543/1543/1543 1546/1546/1546 1547/1547/1547
f 1543/1543/1543 1547/1547/1547 1544/1544/1544
f 1544/1544/1544 1547/1547/1547 1548/1548/1548
f 1544/1544/1544 1548/1548/1548 1545/1545/1545
f 1549/1549/1549 1472/1472/1472 1249/1249/1249
f 1549/1549/1549 1249/1249/1249 1319/1319/1319
f 1550/1550/1550 1473/1473/1473 1472/1472/1472
f 1550/1550/1550 1472/1472/1472 1549/1549/1549
f 1473/1473/1473 1551/1551/1551 1552/1552/1552
f 1473/1473/1473 1552/1552/1552 1474/1474/1474
f 1473/1473/1473 1550/1550/1550 1551/1551/1551
f 1557/1557/1557 1558/1558/1558 1552/1552/1552
f 1557/1557/1557 1552/1552/1552 1551/1551/1551
f 1475/1475/1475 1474/1474/1474 1553/1553/1553
f 1555/1555/1555 1553/1553/1553 1554/1554/1554
f 1555/1555/1555 1476/1476/1476 1475/1475/1475
f 1558/1558/1558 1559/1559/1559 1553/1553/1553
f 1558/1558/1558 1553/1553/1553 1552/1552/1552
f 1256/1256/1256 1531/1531/1531 1561/1561/1561
f 1256/1256/1256 1561/1561/1561 1549/1549/1549
f 1554/1554/1554 1553/1553/1553 1560/1560/1560
f 1561/1561/1561 1533/1533/1533 1557/1557/1557
f 1561/1561/1561 1557/1557/1557 1550/1550/1550
f 1561/1561/1561 1531/1531/1531 1532/1532/1532
f 1550/1550/1550 1549/1549/1549 1561/1561/1561
f 1561/1561/1561 1532/1532/1532 1533/1533/1533
f 1562/1562/1562 1563/1563/1563 1559/1559/1559
f 1562/1562/1562 1559/1559/1559 1558/1558/1558
f 1562/1562/1562 1558/1558/1558 1557/1557/1557
f 1536/1536/1536 1565/1565/1565 1562/1562/1562
f 1536/1536/1536 1562/1562/1562 1533/1533/1533
f 1563/1563/1563 1560/1560/1560 1559/1559/1559
f 1562/1562/1562 1565/1565/1565 1566/1566/1566
f 1562/1562/1562 1566/1566/1566 1563/1563/1563
f 1566/1566/1566 1567/1567/1567 1564/1564/1564
f 1566/1566/1566 1564/1564/1564 1563/1563/1563
f 1539/1539/1539 1568/1568/1568 1565/1565/1565
f 1539/1539/1539 1565/1565/1565 1536/1536/1536
f 1568/1568/1568 1569/1569/1569 1566/1566/1566
f 1568/1568/1568 1566/1566/1566 1565/1565/1565
f 1569/1569/1569 1570/1570/1570 1567/1567/1567
f 1569/1569/1569 1567/1567/1567 1566/1566/1566
f 1542/1542/1542 1571/1571/1571 1568/1568/1568
f 1542/1542/1542 1568/1568/1568 1539/1539/1539
f 1571/1571/1571 1572/1572/1572 1569/1569/1569
f 1571/1571/1571 1569/1569/1569 1568/1568/1568
f 1572/1572/1572 1573/1573/1573 1570/1570/1570
f 1572/1572/1572 1570/1570/1570 1569/1569/1569
f 1542/1542/1542 1545/1545/1545 1574/1574/1574
f 1542/1542/1542 1574/1574/1574 1571/1571/1571
f 1571/1571/1571 1574/1574/1574 1575/1575/1575
f 1571/1571/1571 1575/1575/1575 1572/1572/1572
f 1572/1572/1572 1575/1575/1575 1576/1576/1576
f 1572/1572/1572 1576/1576/1576 1573/1573/1573
f 1545/1545/1545 1548/1548/1548 1577/1577/1577
f 1545/1545/1545 1577/1577/1577 1574/1574/1574
f 1574/1574/1574 1577/1577/1577 1578/1578/1578
f 1574/1574/1574 1578/1578/1578 1575/1575/1575
f 1575/1575/1575 1578/1578/1578 1579/1579/1579
f 1575/1575/1575 1579/1579/1579 1576/1576/1576
f 1580/1580/1580 1582/1582/1582 1581/1581/1581
f 1580/1580/1580 1581/1581/1581 1517/1517/1517
f 1517/1517/1517 1476/1476/1476 1556/1556/1556
f 1581/1581/1581 1518/1518/1518 1517/1517/1517
f 1581/1581/1581 1582/1582/1582 1519/1519/1519
f 1581/1581/1581 1519/1519/1519 1518/1518/1518
f 1583/1583/1583 1584/1584/1584 1522/1522/1522
f 1583/1583/1583 1522/1522/1522 1520/1520/1520
f 1520/1520/1520 1519/1519/1519 1582/1582/1582
f 1586/1586/1586 1587/1587/1587 1530/1530/1530
f 1586/1586/1586 1530/1530/1530 1527/1527/1527
f 1585/1585/1585 1524/1524/1524 1522/1522/1522
f 1585/1585/1585 1522/1522/1522 1584/1584/1584
f 1525/1525/1525 1524/1524/1524 1585/1585/1585
f 1586/1586/1586 1527/1527/1527 1525/1525/1525
f 1588/1588/1588 1589/1589/1589 1556/1556/1556
f 1588/1588/1588 1556/1556/1556 1560/1560/1560
f 1590/1590/1590 1591/1591/1591 1582/1582/1582
f 1590/1590/1590 1582/1582/1582 1580/1580/1580
f 1580/1580/1580 1517/1517/1517 1589/1589/1589
f 1598/1598/1598 1599/1599/1599 1591/1591/1591
f 1598/1598/1598 1591/1591/1591 1590/1590/1590
f 1583/1583/1583 1520/1520/1520 1591/1591/1591
f 1593/1593/1593 1525/1525/1525 1584/1584/1584
f 1593/1593/1593 1584/1584/1584 1592/1592/1592
f 1586/1586/1586 1525/1525/1525 1593/1593/1593
f 1588/1588/1588 1560/1560/1560 1564/1564/1564
f 1597/1597/1597 1589/1589/1589 1588/1588/1588
f 1597/1597/1597 1588/1588/1588 1596/1596/1596
f 1580/1580/1580 1589/1589/1589 1597/1597/1597
f 1590/1590/1590 1580/1580/1580 1597/1597/1597
f 1583/1583/1583 1599/1599/1599 1601/1601/1601
f 1583/1583/1583 1601/1601/1601 1584/1584/1584
f 1600/1600/1600 1602/1602/1602 1601/1601/1601
f 1600/1600/1600 1601/1601/1601 1599/1599/1599
f 1601/1601/1601 1602/1602/1602 1592/1592/1592
f 1601/1601/1601 1592/1592/1592 1584/1584/1584
f 1592/1592/1592 1602/1602/1602 1603/1603/1603
f 1592/1592/1592 1603/1603/1603 1593/1593/1593
f 1567/1567/1567 1606/1606/1606 1588/1588/1588
f 1567/1567/1567 1588/1588/1588 1564/1564/1564
f 1595/1595/1595 1605/1605/1605 1604/1604/1604
f 1609/1609/1609 1610/1610/1610 1603/1603/1603
f 1609/1609/1609 1603/1603/1603 1602/1602/1602
f 1596/1596/1596 1588/1588/1588 1606/1606/1606
f 1607/1607/1607 1597/1597/1597 1596/1596/1596
f 1590/1590/1590 1597/1597/1597 1607/1607/1607
f 1598/1598/1598 1590/1590/1590 1607/1607/1607
f 1608/1608/1608 1599/1599/1599 1598/1598/1598
f 1600/1600/1600 1599/1599/1599 1608/1608/1608
f 1609/1609/1609 1602/1602/1602 1600/1600/1600
f 1603/1603/1603 1610/1610/1610 1611/1611/1611
f 1603/1603/1603 1611/1611/1611 1594/1594/1594
f 1611/1611/1611 1612/1612/1612 1605/1605/1605
f 1611/1611/1611 1605/1605/1605 1594/1594/1594
f 1570/1570/1570 1613/1613/1613 1606/1606/1606
f 1570/1570/1570 1606/1606/1606 1567/1567/1567
f 1613/1613/1613 1614/1614/1614 1596/1596/1596
f 1613/1613/1613 1596/1596/1596 1606/1606/1606
f 1596/1596/1596 1614/1614/1614 1615/1615/1615
f 1596/1596/1596 1615/1615/1615 1607/1607/1607
f 1615/1615/1615 1616/1616/1616 1598/1598/1598
f 1615/1615/1615 1598/1598/1598 1607/1607/1607
f 1598/1598/1598 1616/1616/1616 1617/1617/1617
f 1598/1598/1598 1617/1617/1617 1608/1608/1608
f 1617/1617/1617 1618/1618/1618 1600/1600/1600
f 1617/1617/1617 1600/1600/1600 1608/1608/1608
f 1600/1600/1600 1618/1618/1618 1619/1619/1619
f 1600/1600/1600 1619/1619/1619 1609/1609/1609
f 1609/1609/1609 1619/1619/1619 1620/1620/1620
f 1609/1609/1609 1620/1620/1620 1610/1610/1610
f 1610/1610/1610 1621/1621/1621 1622/1622/1622
f 1610/1610/1610 1622/1622/1622 1611/1611/1611
f 1622/1622/1622 1624/1624/1624 1612/1612/1612
f 1622/1622/1622 1612/1612/1612 1611/1611/1611
f 1612/1612/1612 1624/1624/1624 1623/1623/1623
f 1573/1573/1573 1625/1625/1625 1613/1613/1613
f 1573/1573/1573 1613/1613/1613 1570/1570/1570
f 1625/1625/1625 1626/1626/1626 1615/1615/1615
f 1625/1625/1625 1615/1615/1615 1614/1614/1614
f 1614/1614/1614 1613/1613/1613 1625/1625/1625
f 1626/1626/1626 1627/1627/1627 1616/1616/1616
f 1626/1626/1626 1616/1616/1616 1615/1615/1615
f 1627/1627/1627 1628/1628/1628 1617/1617/1617
f 1627/1627/1627 1617/1617/1617 1616/1616/1616
f 1617/1617/1617 1628/1628/1628 1629/1629/1629
f 1617/1617/1617 1629/1629/1629 1618/1618/1618
f 1618/1618/1618 1629/1629/1629 1630/1630/1630
f 1618/1618/1618 1630/1630/1630 1619/1619/1619
f 1619/1619/1619 1630/1630/1630 1631/1631/1631
f 1619/1619/1619 1631/1631/1631 1620/1620/1620
f 1631/1631/1631 1632/1632/1632 1621/1621/1621
f 1631/1631/1631 1621/1621/1621 1620/1620/1620
f 1633/1633/1633 1623/1623/1623 1624/1624/1624
f 1633/1633/1633 1624/1624/1624 1634/1634/1634
f 1573/1573/1573 1576/1576/1576 1635/1635/1635
f 1573/1573/1573 1635/1635/1635 1625/1625/1625
f 1634/1634/1634 1624/1624/1624 1622/1622/1622
f 1625/1625/1625 1635/1635/1635 1636/1636/1636
f 1625/1625/1625 1636/1636/1636 1626/1626/1626
f 1626/1626/1626 1636/1636/1636 1637/1637/1637
f 1626/1626/1626 1637/1637/1637 1627/1627/1627
f 1637/1637/1637 1638/1638/1638 1628/1628/1628
f 1637/1637/1637 1628/1628/1628 1627/1627/1627
f 1628/1628/1628 1638/1638/1638 1639/1639/1639
f 1628/1628/1628 1639/1639/1639 1629/1629/1629
f 1639/1639/1639 1640/1640/1640 1630/1630/1630
f 1639/1639/1639 1630/1630/1630 1629/1629/1629
f 1630/1630/1630 1640/1640/1640 1641/1641/1641
f 1630/1630/1630 1641/1641/1641 1631/1631/1631
f 1642/1642/1642 1644/1644/1644 1634/1634/1634
f 1642/1642/1642 1634/1634/1634 1643/1643/1643
f 1576/1576/1576 1579/1579/1579 1645/1645/1645
f 1576/1576/1576 1645/1645/1645 1635/1635/1635
f 1634/1634/1634 1644/1644/1644 1633/1633/1633
f 1646/1646/1646 1647/1647/1647 1636/1636/1636
f 1646/1646/1646 1636/1636/1636 1635/1635/1635
f 1637/1637/1637 1648/1648/1648 1649/1649/1649
f 1637/1637/1637 1649/1649/1649 1650/1650/1650
f 1639/1639/1639 1650/1650/1650 1651/1651/1651
f 1639/1639/1639 1651/1651/1651 1652/1652/1652
f 1652/1652/1652 1653/1653/1653 1641/1641/1641
f 1652/1652/1652 1641/1641/1641 1640/1640/1640
f 1641/1641/1641 1653/1653/1653 1654/1654/1654
f 1641/1641/1641 1654/1654/1654 1632/1632/1632
f 1654/1654/1654 1653/1653/1653 1655/1655/1655
f 1654/1654/1654 1655/1655/1655 1656/1656/1656
f 1642/1642/1642 1643/1643/1643 1656/1656/1656
f 1642/1642/1642 1656/1656/1656 1655/1655/1655
f 1632/1632/1632 1654/1654/1654 1656/1656/1656
f 1632/1632/1632 1656/1656/1656 1643/1643/1643
f 1642/1642/1642 1655/1655/1655 1657/1657/1657
f 1642/1642/1642 1657/1657/1657 1644/1644/1644
f 1367/1367/1367 1658/1658/1658 1546/1546/1546
f 1367/1367/1367 1546/1546/1546 1284/1284/1284
f 1546/1546/1546 1658/1658/1658 1659/1659/1659
f 1546/1546/1546 1659/1659/1659 1547/1547/1547
f 1659/1659/1659 1658/1658/1658 1660/1660/1660
f 1659/1659/1659 1660/1660/1660 1661/1661/1661
f 1659/1659/1659 1548/1548/1548 1547/1547/1547
f 1370/1370/1370 1658/1658/1658 1367/1367/1367
f 1548/1548/1548 1659/1659/1659 1662/1662/1662
f 1548/1548/1548 1662/1662/1662 1577/1577/1577
f 1578/1578/1578 1664/1664/1664 1665/1665/1665
f 1578/1578/1578 1665/1665/1665 1579/1579/1579
f 1578/1578/1578 1577/1577/1577 1663/1663/1663
f 1667/1667/1667 1668/1668/1668 1665/1665/1665
f 1667/1667/1667 1665/1665/1665 1664/1664/1664
f 1386/1386/1386 1660/1660/1660 1370/1370/1370
f 1660/1660/1660 1658/1658/1658 1370/1370/1370
f 1666/1666/1666 1659/1659/1659 1661/1661/1661
f 1666/1666/1666 1662/1662/1662 1659/1659/1659
f 1663/1663/1663 1662/1662/1662 1666/1666/1666
f 1664/1664/1664 1663/1663/1663 1667/1667/1667
f 1660/1660/1660 1671/1671/1671 1672/1672/1672
f 1660/1660/1660 1672/1672/1672 1661/1661/1661
f 1671/1671/1671 1660/1660/1660 1386/1386/1386
f 1386/1386/1386 1397/1397/1397 1673/1673/1673
f 1386/1386/1386 1673/1673/1673 1671/1671/1671
f 1672/1672/1672 1666/1666/1666 1661/1661/1661
f 1672/1672/1672 1671/1671/1671 1673/1673/1673
f 1672/1672/1672 1673/1673/1673 1674/1674/1674
f 1666/1666/1666 1676/1676/1676 1677/1677/1677
f 1666/1666/1666 1677/1677/1677 1667/1667/1667
f 1674/1674/1674 1675/1675/1675 1672/1672/1672
f 1677/1677/1677 1676/1676/1676 1679/1679/1679
f 1677/1677/1677 1679/1679/1679 1680/1680/1680
f 1678/1678/1678 1668/1668/1668 1667/1667/1667
f 1675/1675/1675 1679/1679/1679 1676/1676/1676
f 1678/1678/1678 1681/1681/1681 1670/1670/1670
f 1678/1678/1678 1670/1670/1670 1668/1668/1668
f 1680/1680/1680 1681/1681/1681 1678/1678/1678
f 1673/1673/1673 1397/1397/1397 1411/1411/1411
f 1673/1673/1673 1411/1411/1411 1683/1683/1683
f 1675/1675/1675 1684/1684/1684 1685/1685/1685
f 1675/1675/1675 1685/1685/1685 1679/1679/1679
f 1683/1683/1683 1684/1684/1684 1674/1674/1674
f 1679/1679/1679 1685/1685/1685 1686/1686/1686
f 1679/1679/1679 1686/1686/1686 1680/1680/1680
f 1681/1681/1681 1687/1687/1687 1688/1688/1688
f 1681/1681/1681 1688/1688/1688 1682/1682/1682
f 1687/1687/1687 1681/1681/1681 1680/1680/1680
f 1686/1686/1686 1685/1685/1685 1689/1689/1689
f 1686/1686/1686 1689/1689/1689 1690/1690/1690
f 1688/1688/1688 1687/1687/1687 1691/1691/1691
f 1688/1688/1688 1691/1691/1691 1692/1692/1692
f 1694/1694/1694 1695/1695/1695 1689/1689/1689
f 1694/1694/1694 1689/1689/1689 1684/1684/1684
f 1694/1694/1694 1684/1684/1684 1683/1683/1683
f 1693/1693/1693 1695/1695/1695 1694/1694/1694
f 1690/1690/1690 1697/1697/1697 1698/1698/1698
f 1690/1690/1690 1698/1698/1698 1691/1691/1691
f 1696/1696/1696 1690/1690/1690 1689/1689/1689
f 1691/1691/1691 1698/1698/1698 1699/1699/1699
f 1691/1691/1691 1699/1699/1699 1692/1692/1692
f 1696/1696/1696 1695/1695/1695 1700/1700/1700
f 1696/1696/1696 1700/1700/1700 1701/1701/1701
f 1698/1698/1698 1697/1697/1697 1702/1702/1702
f 1698/1698/1698 1702/1702/1702 1703/1703/1703
f 1701/1701/1701 1702/1702/1702 1696/1696/1696
f 1699/1699/1699 1698/1698/1698 1703/1703/1703
f 1699/1699/1699 1703/1703/1703 1704/1704/1704
f 1423/1423/1423 1429/1429/1429 1708/1708/1708
f 1423/1423/1423 1708/1708/1708 1693/1693/1693
f 1708/1708/1708 1429/1429/1429 1433/1433/1433
f 1708/1708/1708 1433/1433/1433 1709/1709/1709
f 1708/1708/1708 1695/1695/1695 1693/1693/1693
f 1700/1700/1700 1710/1710/1710 1711/1711/1711
f 1700/1700/1700 1711/1711/1711 1701/1701/1701
f 1709/1709/1709 1710/1710/1710 1708/1708/1708
f 1700/1700/1700 1695/1695/1695 1708/1708/1708
f 1701/1701/1701 1711/1711/1711 1712/1712/1712
f 1701/1701/1701 1712/1712/1712 1702/1702/1702
f 1702/1702/1702 1712/1712/1712 1713/1713/1713
f 1702/1702/1702 1713/1713/1713 1703/1703/1703
f 1709/1709/1709 1433/1433/1433 1437/1437/1437
f 1709/1709/1709 1437/1437/1437 1714/1714/1714
f 1713/1713/1713 1704/1704/1704 1703/1703/1703
f 1711/1711/1711 1715/1715/1715 1716/1716/1716
f 1711/1711/1711 1716/1716/1716 1712/1712/1712
f 1714/1714/1714 1710/1710/1710 1709/1709/1709
f 1714/1714/1714 1715/1715/1715 1710/1710/1710
f 1713/1713/1713 1712/1712/1712 1716/1716/1716
f 1713/1713/1713 1716/1716/1716 1717/1717/1717
f 1713/1713/1713 1718/1718/1718 1705/1705/1705
f 1713/1713/1713 1705/1705/1705 1704/1704/1704
f 1717/1717/1717 1718/1718/1718 1713/1713/1713
f 1714/1714/1714 1437/1437/1437 1442/1442/1442
f 1714/1714/1714 1442/1442/1442 1719/1719/1719
f 1715/1715/1715 1714/1714/1714 1719/1719/1719
f 1715/1715/1715 1719/1719/1719 1720/1720/1720
f 1715/1715/1715 1721/1721/1721 1722/1722/1722
f 1715/1715/1715 1722/1722/1722 1716/1716/1716
f 1720/1720/1720 1721/1721/1721 1715/1715/1715
f 1717/1717/1717 1716/1716/1716 1722/1722/1722
f 1717/1717/1717 1722/1722/1722 1723/1723/1723
f 1717/1717/1717 1723/1723/1723 1724/1724/1724
f 1717/1717/1717 1724/1724/1724 1718/1718/1718
f 1719/1719/1719 1442/1442/1442 1447/1447/1447
f 1719/1719/1719 1447/1447/1447 1725/1725/1725
f 1720/1720/1720 1726/1726/1726 1706/1706/1706
f 1720/1720/1720 1706/1706/1706 1721/1721/1721
f 1725/1725/1725 1726/1726/1726 1719/1719/1719
f 1721/1721/1721 1706/1706/1706 1727/1727/1727
f 1721/1721/1721 1727/1727/1727 1722/1722/1722
f 1723/1723/1723 1722/1722/1722 1727/1727/1727
f 1723/1723/1723 1727/1727/1727 1728/1728/1728
f 1723/1723/1723 1728/1728/1728 1729/1729/1729
f 1723/1723/1723 1729/1729/1729 1724/1724/1724
f 1579/1579/1579 1665/1665/1665 1730/1730/1730
f 1579/1579/1579 1730/1730/1730 1645/1645/1645
f 1729/1729/1729 1728/1728/1728 1707/1707/1707
f 1646/1646/1646 1730/1730/1730 1731/1731/1731
f 1646/1646/1646 1731/1731/1731 1732/1732/1732
f 1652/1652/1652 1734/1734/1734 1735/1735/1735
f 1652/1652/1652 1735/1735/1735 1653/1653/1653
f 1732/1732/1732 1648/1648/1648 1647/1647/1647
f 1649/1649/1649 1648/1648/1648 1732/1732/1732
f 1733/1733/1733 1650/1650/1650 1649/1649/1649
f 1651/1651/1651 1650/1650/1650 1733/1733/1733
f 1734/1734/1734 1652/1652/1652 1651/1651/1651
f 1738/1738/1738 1740/1740/1740 1649/1649/1649
f 1738/1738/1738 1649/1649/1649 1732/1732/1732
f 1655/1655/1655 1653/1653/1653 1735/1735/1735
f 1669/1669/1669 1730/1730/1730 1665/1665/1665
f 1670/1670/1670 1731/1731/1731 1669/1669/1669
f 1731/1731/1731 1730/1730/1730 1669/1669/1669
f 1738/1738/1738 1732/1732/1732 1731/1731/1731
f 1739/1739/1739 1740/1740/1740 1738/1738/1738
f 1733/1733/1733 1740/1740/1740 1741/1741/1741
f 1733/1733/1733 1741/1741/1741 1742/1742/1742
f 1735/1735/1735 1743/1743/1743 1744/1744/1744
f 1735/1735/1735 1744/1744/1744 1655/1655/1655
f 1736/1736/1736 1737/1737/1737 1746/1746/1746
f 1736/1736/1736 1746/1746/1746 1745/1745/1745
f 1655/1655/1655 1744/1744/1744 1746/1746/1746
f 1655/1655/1655 1746/1746/1746 1737/1737/1737
f 1670/1670/1670 1682/1682/1682 1747/1747/1747
f 1670/1670/1670 1747/1747/1747 1731/1731/1731
f 1749/1749/1749 1739/1739/1739 1750/1750/1750
f 1749/1749/1749 1750/1750/1750 1741/1741/1741
f 1747/1747/1747 1738/1738/1738 1731/1731/1731
f 1748/1748/1748 1739/1739/1739 1747/1747/1747
f 1739/1739/1739 1738/1738/1738 1747/1747/1747
f 1749/1749/1749 1740/1740/1740 1739/1739/1739
f 1751/1751/1751 1752/1752/1752 1743/1743/1743
f 1751/1751/1751 1743/1743/1743 1742/1742/1742
f 1741/1741/1741 1740/1740/1740 1749/1749/1749
f 1751/1751/1751 1742/1742/1742 1741/1741/1741
f 1752/1752/1752 1754/1754/1754 1744/1744/1744
f 1752/1752/1752 1744/1744/1744 1743/1743/1743
f 1753/1753/1753 1755/1755/1755 1745/1745/1745
f 1753/1753/1753 1745/1745/1745 1754/1754/1754
f 1688/1688/1688 1756/1756/1756 1748/1748/1748
f 1688/1688/1688 1748/1748/1748 1747/1747/1747
f 1688/1688/1688 1747/1747/1747 1682/1682/1682
f 1692/1692/1692 1756/1756/1756 1688/1688/1688
f 1748/1748/1748 1756/1756/1756 1757/1757/1757
f 1748/1748/1748 1757/1757/1757 1739/1739/1739
f 1757/1757/1757 1756/1756/1756 1758/1758/1758
f 1757/1757/1757 1758/1758/1758 1759/1759/1759
f 1757/1757/1757 1759/1759/1759 1750/1750/1750
f 1757/1757/1757 1750/1750/1750 1739/1739/1739
f 1750/1750/1750 1759/1759/1759 1760/1760/1760
f 1750/1750/1750 1760/1760/1760 1741/1741/1741
f 1760/1760/1760 1759/1759/1759 1761/1761/1761
f 1760/1760/1760 1761/1761/1761 1762/1762/1762
f 1760/1760/1760 1762/1762/1762 1751/1751/1751
f 1760/1760/1760 1751/1751/1751 1741/1741/1741
f 1762/1762/1762 1761/1761/1761 1763/1763/1763
f 1762/1762/1762 1763/1763/1763 1764/1764/1764
f 1762/1762/1762 1752/1752/1752 1751/1751/1751
f 1763/1763/1763 1765/1765/1765 1766/1766/1766
f 1763/1763/1763 1766/1766/1766 1764/1764/1764
f 1764/1764/1764 1754/1754/1754 1762/1762/1762
f 1754/1754/1754 1764/1764/1764 1753/1753/1753
f 1753/1753/1753 1764/1764/1764 1766/1766/1766
f 1753/1753/1753 1766/1766/1766 1755/1755/1755
f 1699/1699/1699 1767/1767/1767 1758/1758/1758
f 1699/1699/1699 1758/1758/1758 1756/1756/1756
f 1699/1699/1699 1756/1756/1756 1692/1692/1692
f 1704/1704/1704 1767/1767/1767 1699/1699/1699
f 1758/1758/1758 1767/1767/1767 1768/1768/1768
f 1758/1758/1758 1768/1768/1768 1759/1759/1759
f 1768/1768/1768 1767/1767/1767 1769/1769/1769
f 1768/1768/1768 1769/1769/1769 1761/1761/1761
f 1705/1705/1705 1769/1769/1769 1767/1767/1767
f 1761/1761/1761 1769/1769/1769 1770/1770/1770
f 1761/1761/1761 1770/1770/1770 1763/1763/1763
f 1761/1761/1761 1759/1759/1759 1768/1768/1768
f 1770/1770/1770 1771/1771/1771 1765/1765/1765
f 1770/1770/1770 1765/1765/1765 1763/1763/1763
f 1769/1769/1769 1718/1718/1718 1724/1724/1724
f 1769/1769/1769 1724/1724/1724 1770/1770/1770
f 1724/1724/1724 1729/1729/1729 1771/1771/1771
f 1724/1724/1724 1771/1771/1771 1770/1770/1770
f 1772/1772/1772 784/784/784 786/786/786
f 1772/1772/1772 786/786/786 1773/1773/1773
f 1771/1771/1771 1729/1729/1729 1707/1707/1707
f 1773/1773/1773 786/786/786 787/787/787
f 1773/1773/1773 787/787/787 1774/1774/1774
f 787/787/787 788/788/788 1775/1775/1775
f 787/787/787 1775/1775/1775 1774/1774/1774
f 1775/1775/1775 788/788/788 789/789/789
f 1775/1775/1775 789/789/789 1776/1776/1776
f 789/789/789 790/790/790 1777/1777/1777
f 789/789/789 1777/1777/1777 1776/1776/1776
f 790/790/790 791/791/791 1778/1778/1778
f 790/790/790 1778/1778/1778 1777/1777/1777
f 791/791/791 792/792/792 1779/1779/1779
f 791/791/791 1779/1779/1779 1778/1778/1778
f 1779/1779/1779 792/792/792 793/793/793
f 1779/1779/1779 793/793/793 1780/1780/1780
f 1188/1188/1188 254/254/254 1772/1772/1772
f 1188/1188/1188 1772/1772/1772 1781/1781/1781
f 1188/1188/1188 1781/1781/1781 1782/1782/1782
f 1188/1188/1188 1782/1782/1782 1189/1189/1189
f 1772/1772/1772 1773/1773/1773 1783/1783/1783
f 1772/1772/1772 1783/1783/1783 1781/1781/1781
f 1773/1773/1773 1774/1774/1774 1784/1784/1784
f 1773/1773/1773 1784/1784/1784 1783/1783/1783
f 1784/1784/1784 1774/1774/1774 1775/1775/1775
f 1784/1784/1784 1775/1775/1775 1785/1785/1785
f 1775/1775/1775 1776/1776/1776 1786/1786/1786
f 1775/1775/1775 1786/1786/1786 1785/1785/1785
f 1786/1786/1786 1776/1776/1776 1777/1777/1777
f 1786/1786/1786 1777/1777/1777 1787/1787/1787
f 1777/1777/1777 1778/1778/1778 1788/1788/1788
f 1777/1777/1777 1788/1788/1788 1787/1787/1787
f 1788/1788/1788 1778/1778/1778 1779/1779/1779
f 1788/1788/1788 1779/1779/1779 1789/1789/1789
f 1789/1789/1789 1779/1779/1779 1780/1780/1780
f 1789/1789/1789 1780/1780/1780 1790/1790/1790
f 1792/1792/1792 1781/1781/1781 1783/1783/1783
f 1792/1792/1792 1783/1783/1783 1793/1793/1793
f 1780/1780/1780 1791/1791/1791 1790/1790/1790
f 1782/1782/1782 1781/1781/1781 1792/1792/1792
f 1782/1782/1782 1792/1792/1792 1195/1195/1195
f 1783/1783/1783 1784/1784/1784 1794/1794/1794
f 1783/1783/1783 1794/1794/1794 1793/1793/1793
f 1785/1785/1785 1786/1786/1786 1795/1795/1795
f 1785/1785/1785 1795/1795/1795 1794/1794/1794
f 1795/1795/1795 1786/1786/1786 1787/1787/1787
f 1795/1795/1795 1787/1787/1787 1796/1796/1796
f 1787/1787/1787 1788/1788/1788 1797/1797/1797
f 1787/1787/1787 1797/1797/1797 1796/1796/1796
f 1797/1797/1797 1788/1788/1788 1789/1789/1789
f 1797/1797/1797 1789/1789/1789 1798/1798/1798
f 1789/1789/1789 1790/1790/1790 1799/1799/1799
f 1789/1789/1789 1799/1799/1799 1798/1798/1798
f 1799/1799/1799 1790/1790/1790 1791/1791/1791
f 1799/1799/1799 1791/1791/1791 1800/1800/1800
f 1801/1801/1801 1792/1792/1792 1793/1793/1793
f 1801/1801/1801 1793/1793/1793 1802/1802/1802
f 1793/1793/1793 1794/1794/1794 1803/1803/1803
f 1793/1793/1793 1803/1803/1803 1802/1802/1802
f 1804/1804/1804 1803/1803/1803 1795/1795/1795
f 1804/1804/1804 1795/1795/1795 1805/1805/1805
f 1795/1795/1795 1803/1803/1803 1794/1794/1794
f 1806/1806/1806 1805/1805/1805 1797/1797/1797
f 1806/1806/1806 1797/1797/1797 1807/1807/1807
f 1796/1796/1796 1805/1805/1805 1795/1795/1795
f 1797/1797/1797 1805/1805/1805 1796/1796/1796
f 1808/1808/1808 1807/1807/1807 1799/1799/1799
f 1808/1808/1808 1799/1799/1799 1809/1809/1809
f 1798/1798/1798 1807/1807/1807 1797/1797/1797
f 1799/1799/1799 1807/1807/1807 1798/1798/1798
f 1204/1204/1204 1195/1195/1195 1801/1801/1801
f 1204/1204/1204 1801/1801/1801 1810/1810/1810
f 1800/1800/1800 1809/1809/1809 1799/1799/1799
f 1810/1810/1810 1801/1801/1801 1802/1802/1802
f 1810/1810/1810 1802/1802/1802 1812/1812/1812
f 1802/1802/1802 1803/1803/1803 1813/1813/1813
f 1802/1802/1802 1813/1813/1813 1812/1812/1812
f 1812/1812/1812 1811/1811/1811 1810/1810/1810
f 1804/1804/1804 1805/1805/1805 1814/1814/1814
f 1804/1804/1804 1814/1814/1814 1813/1813/1813
f 1814/1814/1814 1805/1805/1805 1806/1806/1806
f 1814/1814/1814 1806/1806/1806 1815/1815/1815
f 1209/1209/1209 1811/1811/1811 1817/1817/1817
f 1209/1209/1209 1817/1817/1817 1210/1210/1210
f 1807/1807/1807 1815/1815/1815 1806/1806/1806
f 1807/1807/1807 1816/1816/1816 1815/1815/1815
f 1808/1808/1808 1816/1816/1816 1807/1807/1807
f 1811/1811/1811 1818/1818/1818 1819/1819/1819
f 1811/1811/1811 1819/1819/1819 1817/1817/1817
f 1812/1812/1812 1818/1818/1818 1811/1811/1811
f 1812/1812/1812 1813/1813/1813 1820/1820/1820
f 1812/1812/1812 1820/1820/1820 1818/1818/1818
f 1819/1819/1819 1818/1818/1818 1820/1820/1820
f 1819/1819/1819 1820/1820/1820 1821/1821/1821
f 1821/1821/1821 1820/1820/1820 1814/1814/1814
f 1821/1821/1821 1814/1814/1814 1823/1823/1823
f 1814/1814/1814 1820/1820/1820 1813/1813/1813
f 1822/1822/1822 1821/1821/1821 1823/1823/1823
f 1822/1822/1822 1823/1823/1823 1824/1824/1824
f 1815/1815/1815 1823/1823/1823 1814/1814/1814
f 1213/1213/1213 1210/1210/1210 1817/1817/1817
f 1213/1213/1213 1817/1817/1817 1214/1214/1214
f 1815/1815/1815 1824/1824/1824 1823/1823/1823
f 1816/1816/1816 1824/1824/1824 1815/1815/1815
f 1825/1825/1825 1214/1214/1214 1819/1819/1819
f 1825/1825/1825 1819/1819/1819 1826/1826/1826
f 1819/1819/1819 1214/1214/1214 1817/1817/1817
f 1826/1826/1826 1819/1819/1819 1821/1821/1821
f 1826/1826/1826 1821/1821/1821 1822/1822/1822
f 1214/1214/1214 1825/1825/1825 1827/1827/1827
f 1214/1214/1214 1827/1827/1827 1220/1220/1220
f 1825/1825/1825 1826/1826/1826 1828/1828/1828
f 1825/1825/1825 1828/1828/1828 1827/1827/1827
f 793/793/793 852/852/852 1829/1829/1829
f 793/793/793 1829/1829/1829 1780/1780/1780
f 1830/1830/1830 852/852/852 853/853/853
f 1830/1830/1830 853/853/853 1831/1831/1831
f 1830/1830/1830 1829/1829/1829 852/852/852
f 853/853/853 854/854/854 1832/1832/1832
f 853/853/853 1832/1832/1832 1831/1831/1831
f 1832/1832/1832 854/854/854 855/855/855
f 1832/1832/1832 855/855/855 1833/1833/1833
f 1791/1791/1791 1780/1780/1780 1829/1829/1829
f 1791/1791/1791 1829/1829/1829 1834/1834/1834
f 1834/1834/1834 1829/1829/1829 1830/1830/1830
f 1834/1834/1834 1830/1830/1830 1835/1835/1835
f 1835/1835/1835 1830/1830/1830 1831/1831/1831
f 1835/1835/1835 1831/1831/1831 1836/1836/1836
f 1836/1836/1836 1831/1831/1831 1832/1832/1832
f 1836/1836/1836 1832/1832/1832 1837/1837/1837
f 1832/1832/1832 1833/1833/1833 1838/1838/1838
f 1832/1832/1832 1838/1838/1838 1837/1837/1837
f 1800/1800/1800 1834/1834/1834 1835/1835/1835
f 1800/1800/1800 1835/1835/1835 1840/1840/1840
f 1836/1836/1836 1837/1837/1837 1841/1841/1841
f 1836/1836/1836 1841/1841/1841 1840/1840/1840
f 1841/1841/1841 1837/1837/1837 1838/1838/1838
f 1841/1841/1841 1838/1838/1838 1842/1842/1842
f 1845/1845/1845 1840/1840/1840 1841/1841/1841
f 1845/1845/1845 1841/1841/1841 1846/1846/1846
f 1843/1843/1843 1842/1842/1842 1838/1838/1838
f 1844/1844/1844 1809/1809/1809 1800/1800/1800
f 1840/1840/1840 1845/1845/1845 1844/1844/1844
f 1846/1846/1846 1841/1841/1841 1842/1842/1842
f 1846/1846/1846 1842/1842/1842 1847/1847/1847
f 1850/1850/1850 1816/1816/1816 1808/1808/1808
f 1850/1850/1850 1808/1808/1808 1851/1851/1851
f 1847/1847/1847 1849/1849/1849 1848/1848/1848
f 1843/1843/1843 1849/1849/1849 1847/1847/1847
f 1808/1808/1808 1809/1809/1809 1844/1844/1844
f 1808/1808/1808 1844/1844/1844 1851/1851/1851
f 1845/1845/1845 1846/1846/1846 1856/1856/1856
f 1845/1845/1845 1856/1856/1856 1853/1853/1853
f 1851/1851/1851 1852/1852/1852 1850/1850/1850
f 1844/1844/1844 1852/1852/1852 1851/1851/1851
f 1845/1845/1845 1853/1853/1853 1852/1852/1852
f 1856/1856/1856 1847/1847/1847 1848/1848/1848
f 1856/1856/1856 1848/1848/1848 1855/1855/1855
f 1859/1859/1859 1824/1824/1824 1816/1816/1816
f 1859/1859/1859 1816/1816/1816 1860/1860/1860
f 1849/1849/1849 1857/1857/1857 1848/1848/1848
f 1861/1861/1861 1852/1852/1852 1853/1853/1853
f 1861/1861/1861 1853/1853/1853 1862/1862/1862
f 1850/1850/1850 1860/1860/1860 1816/1816/1816
f 1850/1850/1850 1861/1861/1861 1860/1860/1860
f 1862/1862/1862 1853/1853/1853 1854/1854/1854
f 1862/1862/1862 1854/1854/1854 1864/1864/1864
f 1864/1864/1864 1863/1863/1863 1862/1862/1862
f 1864/1864/1864 1854/1854/1854 1855/1855/1855
f 1864/1864/1864 1855/1855/1855 1865/1865/1865
f 1869/1869/1869 1826/1826/1826 1822/1822/1822
f 1869/1869/1869 1822/1822/1822 1870/1870/1870
f 1867/1867/1867 1865/1865/1865 1855/1855/1855
f 1857/1857/1857 1866/1866/1866 1867/1867/1867
f 1858/1858/1858 1868/1868/1868 1857/1857/1857
f 1870/1870/1870 1822/1822/1822 1824/1824/1824
f 1870/1870/1870 1824/1824/1824 1859/1859/1859
f 1871/1871/1871 1870/1870/1870 1859/1859/1859
f 1871/1871/1871 1859/1859/1859 1872/1872/1872
f 1872/1872/1872 1859/1859/1859 1860/1860/1860
f 1872/1872/1872 1860/1860/1860 1877/1877/1877
f 1874/1874/1874 1862/1862/1862 1863/1863/1863
f 1874/1874/1874 1863/1863/1863 1878/1878/1878
f 1861/1861/1861 1877/1877/1877 1860/1860/1860
f 1862/1862/1862 1874/1874/1874 1877/1877/1877
f 1876/1876/1876 1875/1875/1875 1878/1878/1878
f 1876/1876/1876 1878/1878/1878 1879/1879/1879
f 1878/1878/1878 1863/1863/1863 1864/1864/1864
f 1878/1878/1878 1864/1864/1864 1879/1879/1879
f 1880/1880/1880 1879/1879/1879 1865/1865/1865
f 1880/1880/1880 1865/1865/1865 1866/1866/1866
f 1865/1865/1865 1879/1879/1879 1864/1864/1864
f 1881/1881/1881 1880/1880/1880 1866/1866/1866
f 1881/1881/1881 1866/1866/1866 1882/1882/1882
f 1828/1828/1828 1826/1826/1826 1869/1869/1869
f 1828/1828/1828 1869/1869/1869 1883/1883/1883
f 1866/1866/1866 1868/1868/1868 1882/1882/1882
f 1869/1869/1869 1870/1870/1870 1885/1885/1885
f 1869/1869/1869 1885/1885/1885 1883/1883/1883
f 1871/1871/1871 1872/1872/1872 1887/1887/1887
f 1871/1871/1871 1887/1887/1887 1885/1885/1885
f 1886/1886/1886 1885/1885/1885 1887/1887/1887
f 1886/1886/1886 1887/1887/1887 1888/1888/1888
f 1887/1887/1887 1872/1872/1872 1873/1873/1873
f 1887/1887/1887 1873/1873/1873 1888/1888/1888
f 1888/1888/1888 1873/1873/1873 1874/1874/1874
f 1888/1888/1888 1874/1874/1874 1889/1889/1889
f 1875/1875/1875 1876/1876/1876 1891/1891/1891
f 1875/1875/1875 1891/1891/1891 1890/1890/1890
f 1889/1889/1889 1874/1874/1874 1878/1878/1878
f 1889/1889/1889 1878/1878/1878 1892/1892/1892
f 1890/1890/1890 1892/1892/1892 1878/1878/1878
f 1890/1890/1890 1878/1878/1878 1875/1875/1875
f 1891/1891/1891 1893/1893/1893 1892/1892/1892
f 1891/1891/1891 1892/1892/1892 1890/1890/1890
f 1876/1876/1876 1879/1879/1879 1893/1893/1893
f 1876/1876/1876 1893/1893/1893 1891/1891/1891
f 1893/1893/1893 1879/1879/1879 1880/1880/1880
f 1893/1893/1893 1880/1880/1880 1894/1894/1894
f 1894/1894/1894 1880/1880/1880 1881/1881/1881
f 1894/1894/1894 1881/1881/1881 1895/1895/1895
f 855/855/855 863/863/863 1896/1896/1896
f 855/855/855 1896/1896/1896 1833/1833/1833
f 863/863/863 864/864/864 1897/1897/1897
f 863/863/863 1897/1897/1897 1896/1896/1896
f 864/864/864 865/865/865 1898/1898/1898
f 864/864/864 1898/1898/1898 1897/1897/1897
f 865/865/865 866/866/866 1899/1899/1899
f 865/865/865 1899/1899/1899 1898/1898/1898
f 1839/1839/1839 1838/1838/1838 1896/1896/1896
f 1839/1839/1839 1896/1896/1896 1900/1900/1900
f 1896/1896/1896 1838/1838/1838 1833/1833/1833
f 1897/1897/1897 1898/1898/1898 1901/1901/1901
f 1897/1897/1897 1901/1901/1901 1900/1900/1900
f 1897/1897/1897 1900/1900/1900 1896/1896/1896
f 1901/1901/1901 1898/1898/1898 1899/1899/1899
f 1901/1901/1901 1899/1899/1899 1902/1902/1902
f 1903/1903/1903 1901/1901/1901 1902/1902/1902
f 1903/1903/1903 1902/1902/1902 1905/1905/1905
f 1900/1900/1900 1903/1903/1903 1843/1843/1843
f 1903/1903/1903 1905/1905/1905 1904/1904/1904
f 1906/1906/1906 1843/1843/1843 1903/1903/1903
f 1906/1906/1906 1903/1903/1903 1907/1907/1907
f 1906/1906/1906 1849/1849/1849 1843/1843/1843
f 1906/1906/1906 1907/1907/1907 1849/1849/1849
f 1907/1907/1907 1903/1903/1903 1904/1904/1904
f 1907/1907/1907 1904/1904/1904 1908/1908/1908
f 1849/1849/1849 1907/1907/1907 1909/1909/1909
f 1849/1849/1849 1909/1909/1909 1857/1857/1857
f 1220/1220/1220 1827/1827/1827 1910/1910/1910
f 1220/1220/1220 1910/1910/1910 1288/1288/1288
f 1292/1292/1292 1288/1288/1288 1910/1910/1910
f 1292/1292/1292 1910/1910/1910 1911/1911/1911
f 1296/1296/1296 1292/1292/1292 1911/1911/1911
f 1296/1296/1296 1911/1911/1911 1912/1912/1912
f 1296/1296/1296 1914/1914/1914 1916/1916/1916
f 1296/1296/1296 1916/1916/1916 1301/1301/1301
f 1916/1916/1916 1914/1914/1914 1913/1913/1913
f 1916/1916/1916 1913/1913/1913 1917/1917/1917
f 1918/1918/1918 1916/1916/1916 1917/1917/1917
f 1918/1918/1918 1917/1917/1917 1919/1919/1919
f 1919/1919/1919 1917/1917/1917 1915/1915/1915
f 1919/1919/1919 1915/1915/1915 1920/1920/1920
f 1310/1310/1310 1301/1301/1301 1918/1918/1918
f 1310/1310/1310 1918/1918/1918 1921/1921/1921
f 1918/1918/1918 1919/1919/1919 1922/1922/1922
f 1918/1918/1918 1922/1922/1922 1921/1921/1921
f 1919/1919/1919 1920/1920/1920 1923/1923/1923
f 1919/1919/1919 1923/1923/1923 1922/1922/1922
f 1315/1315/1315 1310/1310/1310 1921/1921/1921
f 1315/1315/1315 1921/1921/1921 1924/1924/1924
f 1924/1924/1924 1921/1921/1921 1922/1922/1922
f 1924/1924/1924 1922/1922/1922 1925/1925/1925
f 1926/1926/1926 1883/1883/1883 1884/1884/1884
f 1926/1926/1926 1884/1884/1884 1927/1927/1927
f 1923/1923/1923 1925/1925/1925 1922/1922/1922
f 1926/1926/1926 1910/1910/1910 1883/1883/1883
f 1884/1884/1884 1885/1885/1885 1928/1928/1928
f 1884/1884/1884 1928/1928/1928 1927/1927/1927
f 1928/1928/1928 1885/1885/1885 1886/1886/1886
f 1928/1928/1928 1886/1886/1886 1929/1929/1929
f 1929/1929/1929 1931/1931/1931 1930/1930/1930
f 1929/1929/1929 1930/1930/1930 1928/1928/1928
f 1929/1929/1929 1886/1886/1886 1888/1888/1888
f 1929/1929/1929 1888/1888/1888 1931/1931/1931
f 1889/1889/1889 1892/1892/1892 1934/1934/1934
f 1889/1889/1889 1934/1934/1934 1933/1933/1933
f 1889/1889/1889 1933/1933/1933 1931/1931/1931
f 1892/1892/1892 1893/1893/1893 1935/1935/1935
f 1892/1892/1892 1935/1935/1935 1934/1934/1934
f 1935/1935/1935 1893/1893/1893 1894/1894/1894
f 1935/1935/1935 1894/1894/1894 1936/1936/1936
f 1936/1936/1936 1894/1894/1894 1895/1895/1895
f 1936/1936/1936 1895/1895/1895 1937/1937/1937
f 1911/1911/1911 1910/1910/1910 1926/1926/1926
f 1911/1911/1911 1926/1926/1926 1939/1939/1939
f 1944/1944/1944 1934/1934/1934 1935/1935/1935
f 1939/1939/1939 1927/1927/1927 1928/1928/1928
f 1939/1939/1939 1928/1928/1928 1941/1941/1941
f 1933/1933/1933 1934/1934/1934 1944/1944/1944
f 1933/1933/1933 1944/1944/1944 1943/1943/1943
f 1935/1935/1935 1936/1936/1936 1947/1947/1947
f 1935/1935/1935 1947/1947/1947 1946/1946/1946
f 1945/1945/1945 1943/1943/1943 1944/1944/1944
f 1947/1947/1947 1936/1936/1936 1938/1938/1938
f 1947/1947/1947 1938/1938/1938 1948/1948/1948
f 1949/1949/1949 1950/1950/1950 1913/1913/1913
f 1949/1949/1949 1913/1913/1913 1912/1912/1912
f 1949/1949/1949 1912/1912/1912 1911/1911/1911
f 1941/1941/1941 1952/1952/1952 1951/1951/1951
f 1941/1941/1941 1951/1951/1951 1940/1940/1940
f 1939/1939/1939 1950/1950/1950 1949/1949/1949
f 1942/1942/1942 1954/1954/1954 1953/1953/1953
f 1942/1942/1942 1953/1953/1953 1952/1952/1952
f 1930/1930/1930 1952/1952/1952 1941/1941/1941
f 1942/1942/1942 1952/1952/1952 1930/1930/1930
f 1943/1943/1943 1945/1945/1945 1955/1955/1955
f 1943/1943/1943 1955/1955/1955 1954/1954/1954
f 1932/1932/1932 1954/1954/1954 1942/1942/1942
f 1943/1943/1943 1954/1954/1954 1932/1932/1932
f 1947/1947/1947 1958/1958/1958 1957/1957/1957
f 1947/1947/1947 1957/1957/1957 1946/1946/1946
f 1946/1946/1946 1956/1956/1956 1944/1944/1944
f 1947/1947/1947 1948/1948/1948 1959/1959/1959
f 1947/1947/1947 1959/1959/1959 1958/1958/1958
f 1955/1955/1955 1945/1945/1945 1962/1962/1962
f 1955/1955/1955 1962/1962/1962 1961/1961/1961
f 1915/1915/1915 1913/1913/1913 1950/1950/1950
f 1945/1945/1945 1956/1956/1956 1963/1963/1963
f 1945/1945/1945 1963/1963/1963 1962/1962/1962
f 1956/1956/1956 1957/1957/1957 1965/1965/1965
f 1956/1956/1956 1965/1965/1965 1964/1964/1964
f 1956/1956/1956 1964/1964/1964 1963/1963/1963
f 1957/1957/1957 1958/1958/1958 1966/1966/1966
f 1957/1957/1957 1966/1966/1966 1965/1965/1965
f 1958/1958/1958 1959/1959/1959 1967/1967/1967
f 1958/1958/1958 1967/1967/1967 1966/1966/1966
f 1951/1951/1951 1960/1960/1960 1969/1969/1969
f 1951/1951/1951 1969/1969/1969 1968/1968/1968
f 1953/1953/1953 1961/1961/1961 1970/1970/1970
f 1953/1953/1953 1970/1970/1970 1969/1969/1969
f 1970/1970/1970 1961/1961/1961 1962/1962/1962
f 1970/1970/1970 1962/1962/1962 1971/1971/1971
f 1964/1964/1964 1965/1965/1965 1973/1973/1973
f 1964/1964/1964 1973/1973/1973 1972/1972/1972
f 1963/1963/1963 1971/1971/1971 1962/1962/1962
f 1964/1964/1964 1972/1972/1972 1963/1963/1963
f 1965/1965/1965 1966/1966/1966 1974/1974/1974
f 1965/1965/1965 1974/1974/1974 1973/1973/1973
f 1966/1966/1966 1967/1967/1967 1975/1975/1975
f 1966/1966/1966 1975/1975/1975 1974/1974/1974
f 1915/1915/1915 1968/1968/1968 1976/1976/1976
f 1915/1915/1915 1976/1976/1976 1920/1920/1920
f 1976/1976/1976 1968/1968/1968 1969/1969/1969
f 1976/1976/1976 1969/1969/1969 1977/1977/1977
f 1969/1969/1969 1970/1970/1970 1978/1978/1978
f 1969/1969/1969 1978/1978/1978 1977/1977/1977
f 1971/1971/1971 1972/1972/1972 1981/1981/1981
f 1971/1971/1971 1981/1981/1981 1980/1980/1980
f 1979/1979/1979 1978/1978/1978 1970/1970/1970
f 1971/1971/1971 1980/1980/1980 1979/1979/1979
f 1981/1981/1981 1972/1972/1972 1973/1973/1973
f 1981/1981/1981 1973/1973/1973 1982/1982/1982
f 1973/1973/1973 1974/1974/1974 1983/1983/1983
f 1973/1973/1973 1983/1983/1983 1982/1982/1982
f 1974/1974/1974 1975/1975/1975 1984/1984/1984
f 1974/1974/1974 1984/1984/1984 1983/1983/1983
f 1923/1923/1923 1920/1920/1920 1976/1976/1976
f 1923/1923/1923 1976/1976/1976 1985/1985/1985
f 1976/1976/1976 1977/1977/1977 1986/1986/1986
f 1976/1976/1976 1986/1986/1986 1985/1985/1985
f 1986/1986/1986 1977/1977/1977 1978/1978/1978
f 1986/1986/1986 1978/1978/1978 1987/1987/1987
f 1981/1981/1981 1982/1982/1982 1990/1990/1990
f 1981/1981/1981 1990/1990/1990 1989/1989/1989
f 1979/1979/1979 1988/1988/1988 1987/1987/1987
f 1980/1980/1980 1988/1988/1988 1979/1979/1979
f 1980/1980/1980 1989/1989/1989 1988/1988/1988
f 1981/1981/1981 1989/1989/1989 1980/1980/1980
f 1990/1990/1990 1982/1982/1982 1983/1983/1983
f 1990/1990/1990 1983/1983/1983 1991/1991/1991
f 1991/1991/1991 1983/1983/1983 1984/1984/1984
f 1991/1991/1991 1984/1984/1984 1992/1992/1992
f 1987/1987/1987 1988/1988/1988 1997/1997/1997
f 1987/1987/1987 1997/1997/1997 1996/1996/1996
f 1985/1985/1985 1993/1993/1993 1923/1923/1923
f 1994/1994/1994 1993/1993/1993 1985/1985/1985
f 1995/1995/1995 1994/1994/1994 1986/1986/1986
f 1996/1996/1996 1995/1995/1995 1987/1987/1987
f 1988/1988/1988 1989/1989/1989 1998/1998/1998
f 1988/1988/1988 1998/1998/1998 1997/1997/1997
f 1998/1998/1998 1989/1989/1989 1990/1990/1990
f 1998/1998/1998 1990/1990/1990 1999/1999/1999
f 1999/1999/1999 1990/1990/1990 1991/1991/1991
f 1999/1999/1999 1991/1991/1991 2000/2000/2000
f 2000/2000/2000 1991/1991/1991 1992/1992/1992
f 2000/2000/2000 1992/1992/1992 2001/2001/2001
f 1373/1373/1373 1315/1315/1315 1924/1924/1924
f 1373/1373/1373 1924/1924/1924 2002/2002/2002
f 1373/1373/1373 2002/2002/2002 2003/2003/2003
f 1373/1373/1373 2003/2003/2003 1376/1376/1376
f 1925/1925/1925 2002/2002/2002 1924/1924/1924
f 1993/1993/1993 1994/1994/1994 2006/2006/2006
f 1993/1993/1993 2006/2006/2006 2005/2005/2005
f 1993/1993/1993 2004/2004/2004 1925/1925/1925
f 2005/2005/2005 2004/2004/2004 1993/1993/1993
f 1994/1994/1994 1995/1995/1995 2009/2009/2009
f 1994/1994/1994 2009/2009/2009 2007/2007/2007
f 2006/2006/2006 2007/2007/2007 2005/2005/2005
f 1994/1994/1994 2007/2007/2007 2006/2006/2006
f 2008/2008/2008 2007/2007/2007 2009/2009/2009
f 2008/2008/2008 2009/2009/2009 2010/2010/2010
f 2012/2012/2012 1998/1998/1998 1999/1999/1999
f 2012/2012/2012 1999/1999/1999 2013/2013/2013
f 1995/1995/1995 2010/2010/2010 2009/2009/2009
f 1996/1996/1996 2010/2010/2010 1995/1995/1995
f 1996/1996/1996 2011/2011/2011 2010/2010/2010
f 1997/1997/1997 2011/2011/2011 1996/1996/1996
f 1997/1997/1997 2012/2012/2012 2011/2011/2011
f 2013/2013/2013 1999/1999/1999 2000/2000/2000
f 2013/2013/2013 2000/2000/2000 2016/2016/2016
f 2013/2013/2013 2016/2016/2016 2014/2014/2014
f 2014/2014/2014 2016/2016/2016 2017/2017/2017
f 2014/2014/2014 2017/2017/2017 2015/2015/2015
f 2016/2016/2016 2000/2000/2000 2001/2001/2001
f 2016/2016/2016 2001/2001/2001 2017/2017/2017
f 2004/2004/2004 2005/2005/2005 2019/2019/2019
f 2004/2004/2004 2019/2019/2019 2018/2018/2018
f 2018/2018/2018 2003/2003/2003 2004/2004/2004
f 2005/2005/2005 2007/2007/2007 2020/2020/2020
f 2005/2005/2005 2020/2020/2020 2019/2019/2019
f 2023/2023/2023 2012/2012/2012 2013/2013/2013
f 2023/2023/2023 2013/2013/2013 2024/2024/2024
f 2010/2010/2010 2022/2022/2022 2021/2021/2021
f 2011/2011/2011 2022/2022/2022 2010/2010/2010
f 2011/2011/2011 2023/2023/2023 2022/2022/2022
f 2012/2012/2012 2023/2023/2023 2011/2011/2011
f 1405/1405/1405 1392/1392/1392 2026/2026/2026
f 1405/1405/1405 2026/2026/2026 2027/2027/2027
f 2015/2015/2015 2025/2025/2025 2014/2014/2014
f 2018/2018/2018 2019/2019/2019 2029/2029/2029
f 2018/2018/2018 2029/2029/2029 2028/2028/2028
f 2026/2026/2026 2028/2028/2028 2027/2027/2027
f 2018/2018/2018 2028/2028/2028 2026/2026/2026
f 2030/2030/2030 2029/2029/2029 2020/2020/2020
f 2030/2030/2030 2020/2020/2020 2031/2031/2031
f 2029/2029/2029 2030/2030/2030 2028/2028/2028
f 2020/2020/2020 2029/2029/2029 2019/2019/2019
f 2032/2032/2032 2031/2031/2031 2021/2021/2021
f 2032/2032/2032 2021/2021/2021 2033/2033/2033
f 2008/2008/2008 2031/2031/2031 2020/2020/2020
f 2021/2021/2021 2031/2031/2031 2008/2008/2008
f 2035/2035/2035 2034/2034/2034 2023/2023/2023
f 2035/2035/2035 2023/2023/2023 2024/2024/2024
f 2022/2022/2022 2033/2033/2033 2021/2021/2021
f 2033/2033/2033 2034/2034/2034 2032/2032/2032
f 2022/2022/2022 2034/2034/2034 2033/2033/2033
f 2023/2023/2023 2034/2034/2034 2022/2022/2022
f 2036/2036/2036 2035/2035/2035 2024/2024/2024
f 2036/2036/2036 2024/2024/2024 2038/2038/2038
f 2037/2037/2037 2036/2036/2036 2038/2038/2038
f 2037/2037/2037 2038/2038/2038 2025/2025/2025
f 2014/2014/2014 2038/2038/2038 2024/2024/2024
f 2039/2039/2039 2027/2027/2027 2040/2040/2040
f 2039/2039/2039 2040/2040/2040 2041/2041/2041
f 2027/2027/2027 1419/1419/1419 1405/1405/1405
f 2027/2027/2027 2039/2039/2039 1419/1419/1419
f 2045/2045/2045 2044/2044/2044 2034/2034/2034
f 2045/2045/2045 2034/2034/2034 2035/2035/2035
f 2028/2028/2028 2041/2041/2041 2040/2040/2040
f 2030/2030/2030 2041/2041/2041 2028/2028/2028
f 2030/2030/2030 2042/2042/2042 2041/2041/2041
f 2043/2043/2043 2044/2044/2044 2042/2042/2042
f 2032/2032/2032 2044/2044/2044 2043/2043/2043
f 2034/2034/2034 2044/2044/2044 2032/2032/2032
f 2046/2046/2046 2045/2045/2045 2035/2035/2035
f 2046/2046/2046 2035/2035/2035 2036/2036/2036
f 2047/2047/2047 2046/2046/2046 2036/2036/2036
f 2047/2047/2047 2036/2036/2036 2037/2037/2037
f 2048/2048/2048 2039/2039/2039 2049/2049/2049
f 2048/2048/2048 2049/2049/2049 2050/2050/2050
f 2039/2039/2039 1427/1427/1427 1419/1419/1419
f 2039/2039/2039 2048/2048/2048 1427/1427/1427
f 2053/2053/2053 2052/2052/2052 2044/2044/2044
f 2053/2053/2053 2044/2044/2044 2045/2045/2045
f 2041/2041/2041 2050/2050/2050 2049/2049/2049
f 2050/2050/2050 2051/2051/2051 2048/2048/2048
f 2050/2050/2050 2052/2052/2052 2051/2051/2051
f 2042/2042/2042 2052/2052/2052 2050/2050/2050
f 2052/2052/2052 2053/2053/2053 2051/2051/2051
f 2044/2044/2044 2052/2052/2052 2042/2042/2042
f 2054/2054/2054 2053/2053/2053 2045/2045/2045
f 2054/2054/2054 2045/2045/2045 2046/2046/2046
f 1444/1444/1444 2056/2056/2056 2057/2057/2057
f 1444/1444/1444 2057/2057/2057 1445/1445/1445
f 2047/2047/2047 2055/2055/2055 2046/2046/2046
f 1443/1443/1443 2056/2056/2056 1444/1444/1444
f 2048/2048/2048 2056/2056/2056 1443/1443/1443
f 1446/1446/1446 1445/1445/1445 2057/2057/2057
f 1446/1446/1446 2057/2057/2057 2058/2058/2058
f 1447/1447/1447 1446/1446/1446 2058/2058/2058
f 1447/1447/1447 2058/2058/2058 2059/2059/2059
f 2057/2057/2057 2060/2060/2060 2061/2061/2061
f 2057/2057/2057 2061/2061/2061 2058/2058/2058
f 2056/2056/2056 2060/2060/2060 2057/2057/2057
f 2051/2051/2051 2060/2060/2060 2056/2056/2056
f 2059/2059/2059 2058/2058/2058 2061/2061/2061
f 2059/2059/2059 2061/2061/2061 2062/2062/2062
f 2061/2061/2061 2060/2060/2060 2053/2053/2053
f 2061/2061/2061 2053/2053/2053 2063/2063/2063
f 2053/2053/2053 2060/2060/2060 2051/2051/2051
f 2062/2062/2062 2061/2061/2061 2063/2063/2063
f 2062/2062/2062 2063/2063/2063 2064/2064/2064
f 2054/2054/2054 2063/2063/2063 2053/2053/2053
f 2063/2063/2063 2054/2054/2054 2055/2055/2055
f 2063/2063/2063 2055/2055/2055 2064/2064/2064
f 2069/2069/2069 2070/2070/2070 2071/2071/2071
f 2069/2069/2069 2071/2071/2071 2074/2074/2074
f 2071/2071/2071 2072/2072/2072 2080/2080/2080
f 2071/2071/2071 2080/2080/2080 2079/2079/2079
f 2079/2079/2079 2076/2076/2076 2075/2075/2075
f 2074/2074/2074 2071/2071/2071 2079/2079/2079
f 2074/2074/2074 2079/2079/2079 2084/2084/2084
f 1858/1858/1858 2077/2077/2077 1868/1868/1868
f 2084/2084/2084 2075/2075/2075 2078/2078/2078
f 2088/2088/2088 1882/1882/1882 1868/1868/1868
f 2088/2088/2088 1868/1868/1868 2077/2077/2077
f 2093/2093/2093 2087/2087/2087 2092/2092/2092
f 2093/2093/2093 2092/2092/2092 2076/2076/2076
f 2088/2088/2088 2077/2077/2077 2094/2094/2094
f 2088/2088/2088 2094/2094/2094 2089/2089/2089
f 2089/2089/2089 2094/2094/2094 2095/2095/2095
f 2089/2089/2089 2095/2095/2095 2090/2090/2090
f 2091/2091/2091 2090/2090/2090 2095/2095/2095
f 2091/2091/2091 2095/2095/2095 2096/2096/2096
f 2078/2078/2078 2075/2075/2075 2092/2092/2092
f 2078/2078/2078 2092/2092/2092 2096/2096/2096
f 2096/2096/2096 2086/2086/2086 2091/2091/2091
f 2094/2094/2094 2081/2081/2081 2082/2082/2082
f 2094/2094/2094 2082/2082/2082 2095/2095/2095
f 2081/2081/2081 2094/2094/2094 2077/2077/2077
f 2098/2098/2098 2103/2103/2103 2085/2085/2085
f 2098/2098/2098 2085/2085/2085 2099/2099/2099
f 2083/2083/2083 2096/2096/2096 2095/2095/2095
f 2083/2083/2083 2095/2095/2095 2082/2082/2082
f 2100/2100/2100 2106/2106/2106 2107/2107/2107
f 2100/2100/2100 2107/2107/2107 2101/2101/2101
f 2101/2101/2101 2107/2107/2107 2086/2086/2086
f 2101/2101/2101 2086/2086/2086 2102/2102/2102
f 2102/2102/2102 2086/2086/2086 2087/2087/2087
f 2102/2102/2102 2087/2087/2087 2103/2103/2103
f 2104/2104/2104 1895/1895/1895 1881/1881/1881
f 2104/2104/2104 1881/1881/1881 2108/2108/2108
f 2087/2087/2087 2085/2085/2085 2103/2103/2103
f 1881/1881/1881 1882/1882/1882 2088/2088/2088
f 1881/1881/1881 2088/2088/2088 2108/2108/2108
f 2104/2104/2104 2108/2108/2108 2109/2109/2109
f 2104/2104/2104 2109/2109/2109 2105/2105/2105
f 2108/2108/2108 2088/2088/2088 2089/2089/2089
f 2108/2108/2108 2089/2089/2089 2109/2109/2109
f 2105/2105/2105 2109/2109/2109 2110/2110/2110
f 2105/2105/2105 2110/2110/2110 2106/2106/2106
f 2109/2109/2109 2089/2089/2089 2090/2090/2090
f 2109/2109/2109 2090/2090/2090 2110/2110/2110
f 2106/2106/2106 2110/2110/2110 2091/2091/2091
f 2106/2106/2106 2091/2091/2091 2107/2107/2107
f 1483/1483/1483 2111/2111/2111 1140/1140/1140
f 1483/1483/1483 1140/1140/1140 466/466/466
f 2091/2091/2091 2110/2110/2110 2090/2090/2090
f 2111/2111/2111 2112/2112/2112 1141/1141/1141
f 2111/2111/2111 1141/1141/1141 1140/1140/1140
f 2112/2112/2112 2113/2113/2113 1142/1142/1142
f 2112/2112/2112 1142/1142/1142 1141/1141/1141
f 1142/1142/1142 2113/2113/2113 2114/2114/2114
f 1142/1142/1142 2114/2114/2114 1143/1143/1143
f 2114/2114/2114 2115/2115/2115 1144/1144/1144
f 2114/2114/2114 1144/1144/1144 1143/1143/1143
f 1144/1144/1144 2115/2115/2115 2116/2116/2116
f 1144/1144/1144 2116/2116/2116 1145/1145/1145
f 2117/2117/2117 1146/1146/1146 1134/1134/1134
f 2117/2117/2117 1134/1134/1134 2118/2118/2118
f 1145/1145/1145 2116/2116/2116 2118/2118/2118
f 1145/1145/1145 2118/2118/2118 1134/1134/1134
f 2119/2119/2119 1147/1147/1147 1138/1138/1138
f 2119/2119/2119 1138/1138/1138 2120/2120/2120
f 1146/1146/1146 2117/2117/2117 2120/2120/2120
f 1146/1146/1146 2120/2120/2120 1138/1138/1138
f 1148/1148/1148 1149/1149/1149 2121/2121/2121
f 1148/1148/1148 2121/2121/2121 2065/2065/2065
f 2119/2119/2119 2121/2121/2121 1149/1149/1149
f 2119/2119/2119 1149/1149/1149 1147/1147/1147
f 1486/1486/1486 2122/2122/2122 2111/2111/2111
f 1486/1486/1486 2111/2111/2111 1483/1483/1483
f 2111/2111/2111 2122/2122/2122 2123/2123/2123
f 2111/2111/2111 2123/2123/2123 2112/2112/2112
f 2123/2123/2123 2124/2124/2124 2113/2113/2113
f 2123/2123/2123 2113/2113/2113 2112/2112/2112
f 2113/2113/2113 2124/2124/2124 2125/2125/2125
f 2113/2113/2113 2125/2125/2125 2114/2114/2114
f 2125/2125/2125 2126/2126/2126 2115/2115/2115
f 2125/2125/2125 2115/2115/2115 2114/2114/2114
f 2126/2126/2126 2128/2128/2128 2116/2116/2116
f 2126/2126/2126 2116/2116/2116 2115/2115/2115
f 2127/2127/2127 2130/2130/2130 2118/2118/2118
f 2127/2127/2127 2118/2118/2118 2128/2128/2128
f 2129/2129/2129 2132/2132/2132 2120/2120/2120
f 2129/2129/2129 2120/2120/2120 2130/2130/2130
f 2118/2118/2118 2130/2130/2130 2117/2117/2117
f 2132/2132/2132 2131/2131/2131 2119/2119/2119
f 2133/2133/2133 2065/2065/2065 2121/2121/2121
f 2133/2133/2133 2121/2121/2121 2134/2134/2134
f 2120/2120/2120 2132/2132/2132 2119/2119/2119
f 2133/2133/2133 2066/2066/2066 2065/2065/2065
f 2119/2119/2119 2131/2131/2131 2134/2134/2134
f 2119/2119/2119 2134/2134/2134 2121/2121/2121
f 1492/1492/1492 2135/2135/2135 2122/2122/2122
f 1492/1492/1492 2122/2122/2122 1486/1486/1486
f 1495/1495/1495 2135/2135/2135 1492/1492/1492
f 2122/2122/2122 2135/2135/2135 2136/2136/2136
f 2122/2122/2122 2136/2136/2136 2123/2123/2123
f 2136/2136/2136 2137/2137/2137 2124/2124/2124
f 2136/2136/2136 2124/2124/2124 2123/2123/2123
f 2124/2124/2124 2137/2137/2137 2138/2138/2138
f 2124/2124/2124 2138/2138/2138 2125/2125/2125
f 2125/2125/2125 2138/2138/2138 2139/2139/2139
f 2125/2125/2125 2139/2139/2139 2126/2126/2126
f 2126/2126/2126 2139/2139/2139 2140/2140/2140
f 2126/2126/2126 2140/2140/2140 2128/2128/2128
f 2066/2066/2066 2133/2133/2133 2144/2144/2144
f 2066/2066/2066 2144/2144/2144 2068/2068/2068
f 2141/2141/2141 2130/2130/2130 2127/2127/2127
f 2143/2143/2143 2142/2142/2142 2131/2131/2131
f 2143/2143/2143 2132/2132/2132 2129/2129/2129
f 2131/2131/2131 2142/2142/2142 2144/2144/2144
f 2131/2131/2131 2144/2144/2144 2134/2134/2134
f 2145/2145/2145 2146/2146/2146 2136/2136/2136
f 2145/2145/2145 2136/2136/2136 2135/2135/2135
f 2145/2145/2145 2135/2135/2135 1495/1495/1495
f 2136/2136/2136 2146/2146/2146 2147/2147/2147
f 2136/2136/2136 2147/2147/2147 2137/2137/2137
f 2147/2147/2147 2146/2146/2146 2148/2148/2148
f 2147/2147/2147 2148/2148/2148 2149/2149/2149
f 2147/2147/2147 2149/2149/2149 2138/2138/2138
f 2147/2147/2147 2138/2138/2138 2137/2137/2137
f 2149/2149/2149 2150/2150/2150 2139/2139/2139
f 2149/2149/2149 2139/2139/2139 2138/2138/2138
f 2150/2150/2150 2149/2149/2149 2148/2148/2148
f 2127/2127/2127 2140/2140/2140 2153/2153/2153
f 2127/2127/2127 2153/2153/2153 2152/2152/2152
f 2139/2139/2139 2150/2150/2150 2153/2153/2153
f 2139/2139/2139 2153/2153/2153 2140/2140/2140
f 2151/2151/2151 2155/2155/2155 2141/2141/2141
f 2151/2151/2151 2141/2141/2141 2152/2152/2152
f 2142/2142/2142 2143/2143/2143 2157/2157/2157
f 2142/2142/2142 2157/2157/2157 2156/2156/2156
f 2141/2141/2141 2155/2155/2155 2129/2129/2129
f 2129/2129/2129 2155/2155/2155 2157/2157/2157
f 2129/2129/2129 2157/2157/2157 2143/2143/2143
f 2157/2157/2157 2155/2155/2155 2154/2154/2154
f 2068/2068/2068 2144/2144/2144 2158/2158/2158
f 2068/2068/2068 2158/2158/2158 2070/2070/2070
f 2158/2158/2158 2156/2156/2156 2070/2070/2070
f 2142/2142/2142 2156/2156/2156 2158/2158/2158
f 2142/2142/2142 2158/2158/2158 2144/2144/2144
f 2159/2159/2159 2160/2160/2160 2146/2146/2146
f 2159/2159/2159 2146/2146/2146 2145/2145/2145
f 1508/1508/1508 2159/2159/2159 1503/1503/1503
f 2159/2159/2159 2145/2145/2145 1495/1495/1495
f 2151/2151/2151 2152/2152/2152 2165/2165/2165
f 2151/2151/2151 2165/2165/2165 2164/2164/2164
f 2161/2161/2161 2148/2148/2148 2160/2160/2160
f 2148/2148/2148 2146/2146/2146 2160/2160/2160
f 2162/2162/2162 2148/2148/2148 2161/2161/2161
f 2162/2162/2162 2150/2150/2150 2148/2148/2148
f 2150/2150/2150 2162/2162/2162 2165/2165/2165
f 2150/2150/2150 2165/2165/2165 2152/2152/2152
f 2163/2163/2163 2167/2167/2167 2168/2168/2168
f 2163/2163/2163 2168/2168/2168 2164/2164/2164
f 2154/2154/2154 2155/2155/2155 2168/2168/2168
f 2154/2154/2154 2168/2168/2168 2167/2167/2167
f 2151/2151/2151 2164/2164/2164 2168/2168/2168
f 2151/2151/2151 2168/2168/2168 2155/2155/2155
f 2154/2154/2154 2167/2167/2167 2169/2169/2169
f 2154/2154/2154 2169/2169/2169 2157/2157/2157
f 2169/2169/2169 2072/2072/2072 2156/2156/2156
f 2169/2169/2169 2167/2167/2167 2166/2166/2166
f 1508/1508/1508 1507/1507/1507 2170/2170/2170
f 1508/1508/1508 2170/2170/2170 2171/2171/2171
f 2171/2171/2171 2170/2170/2170 2172/2172/2172
f 2171/2171/2171 2172/2172/2172 2173/2173/2173
f 2171/2171/2171 2159/2159/2159 1508/1508/1508
f 2171/2171/2171 2174/2174/2174 2160/2160/2160
f 2171/2171/2171 2160/2160/2160 2159/2159/2159
f 2173/2173/2173 2174/2174/2174 2171/2171/2171
f 2174/2174/2174 2173/2173/2173 2175/2175/2175
f 2174/2174/2174 2175/2175/2175 2161/2161/2161
f 2163/2163/2163 2164/2164/2164 2179/2179/2179
f 2163/2163/2163 2179/2179/2179 2178/2178/2178
f 2161/2161/2161 2160/2160/2160 2174/2174/2174
f 2176/2176/2176 2161/2161/2161 2175/2175/2175
f 2176/2176/2176 2162/2162/2162 2161/2161/2161
f 2162/2162/2162 2176/2176/2176 2179/2179/2179
f 2162/2162/2162 2179/2179/2179 2164/2164/2164
f 2163/2163/2163 2178/2178/2178 2181/2181/2181
f 2163/2163/2163 2181/2181/2181 2167/2167/2167
f 2181/2181/2181 2180/2180/2180 2166/2166/2166
f 2181/2181/2181 2178/2178/2178 2177/2177/2177
f 2166/2166/2166 2180/2180/2180 2080/2080/2080
f 2166/2166/2166 2080/2080/2080 2072/2072/2072
f 2080/2080/2080 2180/2180/2180 2076/2076/2076
f 1515/1515/1515 2182/2182/2182 2170/2170/2170
f 1515/1515/1515 2170/2170/2170 1507/1507/1507
f 2182/2182/2182 2183/2183/2183 2172/2172/2172
f 2182/2182/2182 2172/2172/2172 2170/2170/2170
f 2172/2172/2172 2183/2183/2183 2184/2184/2184
f 2172/2172/2172 2184/2184/2184 2173/2173/2173
f 2184/2184/2184 2183/2183/2183 2186/2186/2186
f 2184/2184/2184 2186/2186/2186 2187/2187/2187
f 2184/2184/2184 2187/2187/2187 2175/2175/2175
f 2184/2184/2184 2175/2175/2175 2173/2173/2173
f 2187/2187/2187 2186/2186/2186 2189/2189/2189
f 2187/2187/2187 2189/2189/2189 2190/2190/2190
f 2189/2189/2189 2186/2186/2186 2185/2185/2185
f 2175/2175/2175 2187/2187/2187 2190/2190/2190
f 2175/2175/2175 2190/2190/2190 2176/2176/2176
f 2085/2085/2085 2087/2087/2087 2191/2191/2191
f 2085/2085/2085 2191/2191/2191 2188/2188/2188
f 2188/2188/2188 2191/2191/2191 2192/2192/2192
f 2188/2188/2188 2192/2192/2192 2189/2189/2189
f 2176/2176/2176 2190/2190/2190 2192/2192/2192
f 2176/2176/2176 2192/2192/2192 2178/2178/2178
f 2192/2192/2192 2191/2191/2191 2177/2177/2177
f 2192/2192/2192 2190/2190/2190 2189/2189/2189
f 2177/2177/2177 2191/2191/2191 2093/2093/2093
f 2177/2177/2177 2093/2093/2093 2180/2180/2180
f 2093/2093/2093 2191/2191/2191 2087/2087/2087
f 1528/1528/1528 2193/2193/2193 2182/2182/2182
f 1528/1528/1528 2182/2182/2182 1515/1515/1515
f 1528/1528/1528 1529/1529/1529 2194/2194/2194
f 1528/1528/1528 2194/2194/2194 2193/2193/2193
f 2193/2193/2193 2196/2196/2196 2183/2183/2183
f 2193/2193/2193 2183/2183/2183 2182/2182/2182
f 2097/2097/2097 2099/2099/2099 2197/2197/2197
f 2097/2097/2097 2197/2197/2197 2195/2195/2195
f 2195/2195/2195 2197/2197/2197 2198/2198/2198
f 2195/2195/2195 2198/2198/2198 2196/2196/2196
f 2185/2185/2185 2186/2186/2186 2198/2198/2198
f 2185/2185/2185 2198/2198/2198 2197/2197/2197
f 2183/2183/2183 2196/2196/2196 2198/2198/2198
f 2183/2183/2183 2198/2198/2198 2186/2186/2186
f 2099/2099/2099 2085/2085/2085 2188/2188/2188
f 2099/2099/2099 2188/2188/2188 2197/2197/2197
f 866/866/866 1174/1174/1174 2200/2200/2200
f 866/866/866 2200/2200/2200 1899/1899/1899
f 2065/2065/2065 2199/2199/2199 1063/1063/1063
f 1174/1174/1174 1175/1175/1175 2201/2201/2201
f 1174/1174/1174 2201/2201/2201 2200/2200/2200
f 2203/2203/2203 1177/1177/1177 1178/1178/1178
f 2203/2203/2203 1178/1178/1178 2204/2204/2204
f 2204/2204/2204 1178/1178/1178 1179/1179/1179
f 2204/2204/2204 1179/1179/1179 2205/2205/2205
f 2205/2205/2205 1179/1179/1179 1180/1180/1180
f 2205/2205/2205 1180/1180/1180 2199/2199/2199
f 1175/1175/1175 1176/1176/1176 2202/2202/2202
f 1175/1175/1175 2202/2202/2202 2201/2201/2201
f 2199/2199/2199 1180/1180/1180 1063/1063/1063
f 1176/1176/1176 1177/1177/1177 2203/2203/2203
f 1176/1176/1176 2203/2203/2203 2202/2202/2202
f 2199/2199/2199 2065/2065/2065 2066/2066/2066
f 2199/2199/2199 2066/2066/2066 2207/2207/2207
f 1902/1902/1902 1899/1899/1899 2200/2200/2200
f 1902/1902/1902 2200/2200/2200 2208/2208/2208
f 2208/2208/2208 2200/2200/2200 2201/2201/2201
f 2208/2208/2208 2201/2201/2201 2209/2209/2209
f 2202/2202/2202 2203/2203/2203 2211/2211/2211
f 2202/2202/2202 2211/2211/2211 2210/2210/2210
f 2211/2211/2211 2203/2203/2203 2204/2204/2204
f 2211/2211/2211 2204/2204/2204 2212/2212/2212
f 2212/2212/2212 2204/2204/2204 2205/2205/2205
f 2212/2212/2212 2205/2205/2205 2206/2206/2206
f 2205/2205/2205 2199/2199/2199 2207/2207/2207
f 2205/2205/2205 2207/2207/2207 2206/2206/2206
f 2201/2201/2201 2202/2202/2202 2210/2210/2210
f 2201/2201/2201 2210/2210/2210 2209/2209/2209
f 2207/2207/2207 2066/2066/2066 2068/2068/2068
f 2207/2207/2207 2068/2068/2068 2067/2067/2067
f 1902/1902/1902 2208/2208/2208 2213/2213/2213
f 1902/1902/1902 2213/2213/2213 1905/1905/1905
f 2208/2208/2208 2209/2209/2209 2214/2214/2214
f 2208/2208/2208 2214/2214/2214 2213/2213/2213
f 2214/2214/2214 2209/2209/2209 2210/2210/2210
f 2214/2214/2214 2210/2210/2210 2215/2215/2215
f 2215/2215/2215 2210/2210/2210 2211/2211/2211
f 2215/2215/2215 2211/2211/2211 2216/2216/2216
f 2211/2211/2211 2212/2212/2212 2217/2217/2217
f 2211/2211/2211 2217/2217/2217 2216/2216/2216
f 2212/2212/2212 2206/2206/2206 2218/2218/2218
f 2212/2212/2212 2218/2218/2218 2217/2217/2217
f 2219/2219/2219 1908/1908/1908 1904/1904/1904
f 2219/2219/2219 1904/1904/1904 2223/2223/2223
f 2222/2222/2222 2070/2070/2070 2069/2069/2069
f 1904/1904/1904 1905/1905/1905 2213/2213/2213
f 1904/1904/1904 2213/2213/2213 2223/2223/2223
f 2223/2223/2223 2213/2213/2213 2214/2214/2214
f 2223/2223/2223 2214/2214/2214 2224/2224/2224
f 2223/2223/2223 2224/2224/2224 2219/2219/2219
f 2224/2224/2224 2214/2214/2214 2215/2215/2215
f 2224/2224/2224 2215/2215/2215 2225/2225/2225
f 2215/2215/2215 2216/2216/2216 2226/2226/2226
f 2215/2215/2215 2226/2226/2226 2225/2225/2225
f 2220/2220/2220 2226/2226/2226 2227/2227/2227
f 2220/2220/2220 2227/2227/2227 2221/2221/2221
f 2216/2216/2216 2217/2217/2217 2227/2227/2227
f 2216/2216/2216 2227/2227/2227 2226/2226/2226
f 2067/2067/2067 2222/2222/2222 2227/2227/2227
f 2067/2067/2067 2227/2227/2227 2218/2218/2218
f 2227/2227/2227 2222/2222/2222 2221/2221/2221
f 1909/1909/1909 1908/1908/1908 2219/2219/2219
f 1909/1909/1909 2219/2219/2219 2228/2228/2228
f 1909/1909/1909 2228/2228/2228 1858/1858/1858
f 2220/2220/2220 2221/2221/2221 2073/2073/2073
f 2220/2220/2220 2073/2073/2073 2231/2231/2231
f 2219/2219/2219 2229/2229/2229 2228/2228/2228
f 2231/2231/2231 2230/2230/2230 2220/2220/2220
f 2221/2221/2221 2222/2222/2222 2074/2074/2074
f 2221/2221/2221 2074/2074/2074 2073/2073/2073
f 2219/2219/2219 2224/2224/2224 2232/2232/2232
f 2219/2219/2219 2232/2232/2232 2229/2229/2229
f 2074/2074/2074 2222/2222/2222 2069/2069/2069
f 2220/2220/2220 2230/2230/2230 2232/2232/2232
f 2220/2220/2220 2232/2232/2232 2225/2225/2225
f 2081/2081/2081 2229/2229/2229 2230/2230/2230
f 2081/2081/2081 2230/2230/2230 2082/2082/2082
f 2228/2228/2228 2077/2077/2077 1858/1858/1858
f 2229/2229/2229 2081/2081/2081 2228/2228/2228
f 2098/2098/2098 2099/2099/2099 2236/2236/2236
f 2098/2098/2098 2236/2236/2236 2235/2235/2235
f 2231/2231/2231 2083/2083/2083 2082/2082/2082
f 2097/2097/2097 2233/2233/2233 2236/2236/2236
f 2097/2097/2097 2236/2236/2236 2099/2099/2099
f 2237/2237/2237 2100/2100/2100 2101/2101/2101
f 2237/2237/2237 2101/2101/2101 2238/2238/2238
f 2101/2101/2101 2102/2102/2102 2240/2240/2240
f 2101/2101/2101 2240/2240/2240 2239/2239/2239
f 2101/2101/2101 2239/2239/2239 2238/2238/2238
f 2234/2234/2234 2240/2240/2240 2098/2098/2098
f 2234/2234/2234 2098/2098/2098 2235/2235/2235
f 2102/2102/2102 2103/2103/2103 2098/2098/2098
f 2102/2102/2102 2098/2098/2098 2240/2240/2240
f 1937/1937/1937 1895/1895/1895 2104/2104/2104
f 1937/1937/1937 2104/2104/2104 2241/2241/2241
f 2241/2241/2241 2104/2104/2104 2105/2105/2105
f 2241/2241/2241 2105/2105/2105 2242/2242/2242
f 2105/2105/2105 2106/2106/2106 2243/2243/2243
f 2105/2105/2105 2243/2243/2243 2242/2242/2242
f 2100/2100/2100 2237/2237/2237 2243/2243/2243
f 2100/2100/2100 2243/2243/2243 2106/2106/2106
f 2237/2237/2237 2238/2238/2238 2244/2244/2244
f 2237/2237/2237 2244/2244/2244 2243/2243/2243
f 2241/2241/2241 2245/2245/2245 1938/1938/1938
f 2241/2241/2241 1938/1938/1938 1937/1937/1937
f 2241/2241/2241 2242/2242/2242 2251/2251/2251
f 2241/2241/2241 2251/2251/2251 2245/2245/2245
f 2234/2234/2234 2235/2235/2235 2248/2248/2248
f 2234/2234/2234 2248/2248/2248 2247/2247/2247
f 2234/2234/2234 2247/2247/2247 2246/2246/2246
f 2248/2248/2248 2235/2235/2235 2236/2236/2236
f 2248/2248/2248 2236/2236/2236 2249/2249/2249
f 2246/2246/2246 2250/2250/2250 2239/2239/2239
f 2246/2246/2246 2239/2239/2239 2234/2234/2234
f 2251/2251/2251 2242/2242/2242 2243/2243/2243
f 2251/2251/2251 2243/2243/2243 2252/2252/2252
f 2252/2252/2252 2244/2244/2244 2255/2255/2255
f 2252/2252/2252 2255/2255/2255 2254/2254/2254
f 2244/2244/2244 2238/2238/2238 2250/2250/2250
f 2253/2253/2253 2244/2244/2244 2250/2250/2250
f 2247/2247/2247 2248/2248/2248 2249/2249/2249
f 2247/2247/2247 2249/2249/2249 2256/2256/2256
f 2257/2257/2257 2250/2250/2250 2246/2246/2246
f 2257/2257/2257 2246/2246/2246 2258/2258/2258
f 2261/2261/2261 2245/2245/2245 2251/2251/2251
f 2261/2261/2261 2251/2251/2251 2262/2262/2262
f 2259/2259/2259 2258/2258/2258 2247/2247/2247
f 2256/2256/2256 2259/2259/2259 2247/2247/2247
f 2253/2253/2253 2250/2250/2250 2257/2257/2257
f 2245/2245/2245 2261/2261/2261 1948/1948/1948
f 2266/2266/2266 2262/2262/2262 2254/2254/2254
f 2266/2266/2266 2254/2254/2254 2267/2267/2267
f 2255/2255/2255 2244/2244/2244 2260/2260/2260
f 2261/2261/2261 1959/1959/1959 1948/1948/1948
f 2258/2258/2258 2264/2264/2264 2257/2257/2257
f 2253/2253/2253 2265/2265/2265 2260/2260/2260
f 2264/2264/2264 2265/2265/2265 2257/2257/2257
f 2267/2267/2267 2254/2254/2254 2255/2255/2255
f 2267/2267/2267 2255/2255/2255 2268/2268/2268
f 1967/1967/1967 1959/1959/1959 2261/2261/2261
f 1967/1967/1967 2261/2261/2261 2269/2269/2269
f 2265/2265/2265 2268/2268/2268 2260/2260/2260
f 2269/2269/2269 2261/2261/2261 2262/2262/2262
f 2269/2269/2269 2262/2262/2262 2266/2266/2266
f 2271/2271/2271 2264/2264/2264 2259/2259/2259
f 2271/2271/2271 2259/2259/2259 2272/2272/2272
f 2272/2272/2272 2259/2259/2259 2256/2256/2256
f 2272/2272/2272 2256/2256/2256 2270/2270/2270
f 2274/2274/2274 2268/2268/2268 2265/2265/2265
f 2274/2274/2274 2265/2265/2265 2275/2275/2275
f 2256/2256/2256 2263/2263/2263 2270/2270/2270
f 1975/1975/1975 1967/1967/1967 2269/2269/2269
f 1975/1975/1975 2269/2269/2269 2276/2276/2276
f 2269/2269/2269 2266/2266/2266 2277/2277/2277
f 2269/2269/2269 2277/2277/2277 2276/2276/2276
f 2277/2277/2277 2266/2266/2266 2267/2267/2267
f 2277/2277/2277 2267/2267/2267 2278/2278/2278
f 2279/2279/2279 2271/2271/2271 2272/2272/2272
f 2279/2279/2279 2272/2272/2272 2280/2280/2280
f 2279/2279/2279 2281/2281/2281 2273/2273/2273
f 2279/2279/2279 2273/2273/2273 2271/2271/2271
f 2281/2281/2281 2283/2283/2283 2275/2275/2275
f 2281/2281/2281 2275/2275/2275 2273/2273/2273
f 2274/2274/2274 2283/2283/2283 2282/2282/2282
f 1984/1984/1984 1975/1975/1975 2276/2276/2276
f 1984/1984/1984 2276/2276/2276 2284/2284/2284
f 2284/2284/2284 2276/2276/2276 2277/2277/2277
f 2284/2284/2284 2277/2277/2277 2285/2285/2285
f 2285/2285/2285 2277/2277/2277 2278/2278/2278
f 2285/2285/2285 2278/2278/2278 2286/2286/2286
f 2282/2282/2282 2286/2286/2286 2278/2278/2278
f 2282/2282/2282 2278/2278/2278 2274/2274/2274
f 2279/2279/2279 2280/2280/2280 2289/2289/2289
f 2279/2279/2279 2289/2289/2289 2288/2288/2288
f 2279/2279/2279 2288/2288/2288 2290/2290/2290
f 2279/2279/2279 2290/2290/2290 2281/2281/2281
f 2287/2287/2287 2289/2289/2289 2280/2280/2280
f 2281/2281/2281 2290/2290/2290 2292/2292/2292
f 2281/2281/2281 2292/2292/2292 2283/2283/2283
f 2292/2292/2292 2291/2291/2291 2283/2283/2283
f 1984/1984/1984 2284/2284/2284 2293/2293/2293
f 1984/1984/1984 2293/2293/2293 1992/1992/1992
f 2284/2284/2284 2285/2285/2285 2294/2294/2294
f 2284/2284/2284 2294/2294/2294 2293/2293/2293
f 2285/2285/2285 2286/2286/2286 2295/2295/2295
f 2285/2285/2285 2295/2295/2295 2294/2294/2294
f 2282/2282/2282 2291/2291/2291 2295/2295/2295
f 2282/2282/2282 2295/2295/2295 2286/2286/2286
f 2288/2288/2288 2289/2289/2289 2296/2296/2296
f 2288/2288/2288 2296/2296/2296 2298/2298/2298
f 1992/1992/1992 2293/2293/2293 2302/2302/2302
f 1992/1992/1992 2302/2302/2302 2001/2001/2001
f 2298/2298/2298 2297/2297/2297 2290/2290/2290
f 2298/2298/2298 2290/2290/2290 2288/2288/2288
f 2299/2299/2299 2301/2301/2301 2291/2291/2291
f 2292/2292/2292 2297/2297/2297 2299/2299/2299
f 2292/2292/2292 2299/2299/2299 2291/2291/2291
f 2302/2302/2302 2293/2293/2293 2294/2294/2294
f 2302/2302/2302 2294/2294/2294 2300/2300/2300
f 2294/2294/2294 2295/2295/2295 2301/2301/2301
f 2294/2294/2294 2301/2301/2301 2300/2300/2300
f 2303/2303/2303 2193/2193/2193 2194/2194/2194
f 2303/2303/2303 2194/2194/2194 2304/2304/2304
f 2301/2301/2301 2295/2295/2295 2291/2291/2291
f 1587/1587/1587 2304/2304/2304 2194/2194/2194
f 1587/1587/1587 2194/2194/2194 1529/1529/1529
f 2233/2233/2233 2097/2097/2097 2195/2195/2195
f 2233/2233/2233 2195/2195/2195 2305/2305/2305
f 2195/2195/2195 2196/2196/2196 2306/2306/2306
f 2195/2195/2195 2306/2306/2306 2305/2305/2305
f 2303/2303/2303 2306/2306/2306 2196/2196/2196
f 2303/2303/2303 2196/2196/2196 2193/2193/2193
f 2303/2303/2303 2304/2304/2304 2307/2307/2307
f 2303/2303/2303 2307/2307/2307 2306/2306/2306
f 2233/2233/2233 2305/2305/2305 2308/2308/2308
f 2233/2233/2233 2308/2308/2308 2236/2236/2236
f 1595/1595/1595 2309/2309/2309 2304/2304/2304
f 1595/1595/1595 2304/2304/2304 1587/1587/1587
f 2310/2310/2310 2305/2305/2305 2306/2306/2306
f 2310/2310/2310 2306/2306/2306 2311/2311/2311
f 2310/2310/2310 2311/2311/2311 2313/2313/2313
f 2310/2310/2310 2313/2313/2313 2308/2308/2308
f 2307/2307/2307 2304/2304/2304 2309/2309/2309
f 2312/2312/2312 2307/2307/2307 2309/2309/2309
f 2308/2308/2308 2305/2305/2305 2310/2310/2310
f 1604/1604/1604 2314/2314/2314 2309/2309/2309
f 1604/1604/1604 2309/2309/2309 1595/1595/1595
f 1604/1604/1604 1605/1605/1605 2315/2315/2315
f 1604/1604/1604 2315/2315/2315 2314/2314/2314
f 2311/2311/2311 2316/2316/2316 2317/2317/2317
f 2311/2311/2311 2317/2317/2317 2313/2313/2313
f 2307/2307/2307 2316/2316/2316 2311/2311/2311
f 2312/2312/2312 2309/2309/2309 2314/2314/2314
f 2319/2319/2319 2316/2316/2316 2312/2312/2312
f 2319/2319/2319 2312/2312/2312 2320/2320/2320
f 2315/2315/2315 1605/1605/1605 1612/1612/1612
f 2318/2318/2318 2320/2320/2320 2312/2312/2312
f 2318/2318/2318 2312/2312/2312 2314/2314/2314
f 2263/2263/2263 2249/2249/2249 2313/2313/2313
f 2263/2263/2263 2313/2313/2313 2321/2321/2321
f 2322/2322/2322 2318/2318/2318 2315/2315/2315
f 2322/2322/2322 2315/2315/2315 2323/2323/2323
f 2317/2317/2317 2316/2316/2316 2319/2319/2319
f 1623/1623/1623 2323/2323/2323 2315/2315/2315
f 1623/1623/1623 2315/2315/2315 1612/1612/1612
f 2324/2324/2324 2319/2319/2319 2320/2320/2320
f 2324/2324/2324 2320/2320/2320 2325/2325/2325
f 2322/2322/2322 2325/2325/2325 2320/2320/2320
f 2322/2322/2322 2320/2320/2320 2318/2318/2318
f 2263/2263/2263 2321/2321/2321 2327/2327/2327
f 2263/2263/2263 2327/2327/2327 2326/2326/2326
f 2263/2263/2263 2326/2326/2326 2270/2270/2270
f 2324/2324/2324 2327/2327/2327 2317/2317/2317
f 2324/2324/2324 2317/2317/2317 2319/2319/2319
f 2328/2328/2328 2322/2322/2322 2323/2323/2323
f 2328/2328/2328 2323/2323/2323 2329/2329/2329
f 1623/1623/1623 1633/1633/1633 2329/2329/2329
f 1623/1623/1623 2329/2329/2329 2323/2323/2323
f 2330/2330/2330 2324/2324/2324 2325/2325/2325
f 2330/2330/2330 2325/2325/2325 2331/2331/2331
f 2322/2322/2322 2328/2328/2328 2331/2331/2331
f 2322/2322/2322 2331/2331/2331 2325/2325/2325
f 2332/2332/2332 2326/2326/2326 2327/2327/2327
f 2332/2332/2332 2327/2327/2327 2333/2333/2333
f 2324/2324/2324 2330/2330/2330 2333/2333/2333
f 2324/2324/2324 2333/2333/2333 2327/2327/2327
f 2280/2280/2280 2270/2270/2270 2326/2326/2326
f 2280/2280/2280 2326/2326/2326 2332/2332/2332
f 2334/2334/2334 2328/2328/2328 2329/2329/2329
f 2334/2334/2334 2329/2329/2329 2335/2335/2335
f 1633/1633/1633 1644/1644/1644 2335/2335/2335
f 1633/1633/1633 2335/2335/2335 2329/2329/2329
f 2330/2330/2330 2331/2331/2331 2337/2337/2337
f 2330/2330/2330 2337/2337/2337 2336/2336/2336
f 2328/2328/2328 2334/2334/2334 2337/2337/2337
f 2328/2328/2328 2337/2337/2337 2331/2331/2331
f 2332/2332/2332 2333/2333/2333 2338/2338/2338
f 2332/2332/2332 2338/2338/2338 2287/2287/2287
f 2336/2336/2336 2338/2338/2338 2333/2333/2333
f 2336/2336/2336 2333/2333/2333 2330/2330/2330
f 2334/2334/2334 2335/2335/2335 2340/2340/2340
f 2334/2334/2334 2340/2340/2340 2339/2339/2339
f 1644/1644/1644 1657/1657/1657 2340/2340/2340
f 1644/1644/1644 2340/2340/2340 2335/2335/2335
f 2336/2336/2336 2337/2337/2337 2342/2342/2342
f 2336/2336/2336 2342/2342/2342 2341/2341/2341
f 2334/2334/2334 2339/2339/2339 2342/2342/2342
f 2334/2334/2334 2342/2342/2342 2337/2337/2337
f 2336/2336/2336 2341/2341/2341 2344/2344/2344
f 2336/2336/2336 2344/2344/2344 2338/2338/2338
f 2343/2343/2343 2296/2296/2296 2287/2287/2287
f 2344/2344/2344 2343/2343/2343 2338/2338/2338
f 2297/2297/2297 2298/2298/2298 2348/2348/2348
f 2297/2297/2297 2348/2348/2348 2347/2347/2347
f 2298/2298/2298 2296/2296/2296 2345/2345/2345
f 2298/2298/2298 2345/2345/2345 2348/2348/2348
f 2300/2300/2300 2301/2301/2301 2352/2352/2352
f 2300/2300/2300 2352/2352/2352 2351/2351/2351
f 2301/2301/2301 2299/2299/2299 2349/2349/2349
f 2301/2301/2301 2349/2349/2349 2352/2352/2352
f 2015/2015/2015 2017/2017/2017 2353/2353/2353
f 2015/2015/2015 2353/2353/2353 2350/2350/2350
f 2001/2001/2001 2302/2302/2302 2353/2353/2353
f 2001/2001/2001 2353/2353/2353 2017/2017/2017
f 2302/2302/2302 2300/2300/2300 2351/2351/2351
f 2302/2302/2302 2351/2351/2351 2353/2353/2353
f 2345/2345/2345 2346/2346/2346 2356/2356/2356
f 2345/2345/2345 2356/2356/2356 2355/2355/2355
f 2347/2347/2347 2348/2348/2348 2354/2354/2354
f 2347/2347/2347 2354/2354/2354 2358/2358/2358
f 2345/2345/2345 2355/2355/2355 2354/2354/2354
f 2345/2345/2345 2354/2354/2354 2348/2348/2348
f 2351/2351/2351 2352/2352/2352 2361/2361/2361
f 2351/2351/2351 2361/2361/2361 2360/2360/2360
f 2358/2358/2358 2357/2357/2357 2349/2349/2349
f 2358/2358/2358 2349/2349/2349 2347/2347/2347
f 2350/2350/2350 2025/2025/2025 2015/2015/2015
f 2354/2354/2354 2355/2355/2355 2365/2365/2365
f 2354/2354/2354 2365/2365/2365 2364/2364/2364
f 2361/2361/2361 2357/2357/2357 2359/2359/2359
f 2354/2354/2354 2364/2364/2364 2363/2363/2363
f 2354/2354/2354 2363/2363/2363 2358/2358/2358
f 2366/2366/2366 2365/2365/2365 2356/2356/2356
f 2359/2359/2359 2357/2357/2357 2370/2370/2370
f 2359/2359/2359 2370/2370/2370 2367/2367/2367
f 2367/2367/2367 2369/2369/2369 2359/2359/2359
f 2370/2370/2370 2363/2363/2363 2367/2367/2367
f 2037/2037/2037 2025/2025/2025 2371/2371/2371
f 2037/2037/2037 2371/2371/2371 2368/2368/2368
f 2350/2350/2350 2360/2360/2360 2369/2369/2369
f 2350/2350/2350 2369/2369/2369 2371/2371/2371
f 2363/2363/2363 2364/2364/2364 2378/2378/2378
f 2363/2363/2363 2378/2378/2378 2373/2373/2373
f 2369/2369/2369 2360/2360/2360 2359/2359/2359
f 2376/2376/2376 2375/2375/2375 2362/2362/2362
f 2378/2378/2378 2374/2374/2374 2373/2373/2373
f 2364/2364/2364 2365/2365/2365 2379/2379/2379
f 2364/2364/2364 2379/2379/2379 2378/2378/2378
f 2362/2362/2362 2375/2375/2375 2379/2379/2379
f 2362/2362/2362 2379/2379/2379 2365/2365/2365
f 2379/2379/2379 2375/2375/2375 2374/2374/2374
f 2047/2047/2047 2037/2037/2037 2368/2368/2368
f 2047/2047/2047 2368/2368/2368 2380/2380/2380
f 2382/2382/2382 2373/2373/2373 2377/2377/2377
f 2380/2380/2380 2368/2368/2368 2383/2383/2383
f 2380/2380/2380 2383/2383/2383 2381/2381/2381
f 2369/2369/2369 2367/2367/2367 2382/2382/2382
f 2369/2369/2369 2382/2382/2382 2383/2383/2383
f 2399/2399/2399 2384/2384/2384 2385/2385/2385
f 2399/2399/2399 2385/2385/2385 1706/1706/1706
f 2402/2402/2402 2389/2389/2389 2390/2390/2390
f 2402/2402/2402 2390/2390/2390 2384/2384/2384
f 2385/2385/2385 2390/2390/2390 2391/2391/2391
f 2385/2385/2385 2391/2391/2391 2386/2386/2386
f 2390/2390/2390 2385/2385/2385 2384/2384/2384
f 2373/2373/2373 2374/2374/2374 2391/2391/2391
f 2373/2373/2373 2391/2391/2391 2390/2390/2390
f 2386/2386/2386 2392/2392/2392 2393/2393/2393
f 2386/2386/2386 2393/2393/2393 2387/2387/2387
f 2392/2392/2392 2391/2391/2391 2374/2374/2374
f 2374/2374/2374 2375/2375/2375 2393/2393/2393
f 2374/2374/2374 2393/2393/2393 2392/2392/2392
f 2372/2372/2372 2388/2388/2388 2393/2393/2393
f 2372/2372/2372 2393/2393/2393 2376/2376/2376
f 2393/2393/2393 2388/2388/2388 2387/2387/2387
f 2389/2389/2389 2395/2395/2395 2396/2396/2396
f 2389/2389/2389 2396/2396/2396 2390/2390/2390
f 2055/2055/2055 2047/2047/2047 2380/2380/2380
f 2055/2055/2055 2380/2380/2380 2397/2397/2397
f 2397/2397/2397 2394/2394/2394 2055/2055/2055
f 2394/2394/2394 2397/2397/2397 2381/2381/2381
f 2394/2394/2394 2381/2381/2381 2395/2395/2395
f 2395/2395/2395 2381/2381/2381 2377/2377/2377
f 2395/2395/2395 2377/2377/2377 2396/2396/2396
f 2381/2381/2381 2397/2397/2397 2380/2380/2380
f 1725/1725/1725 1447/1447/1447 2059/2059/2059
f 1725/1725/1725 2059/2059/2059 2398/2398/2398
f 1726/1726/1726 1725/1725/1725 2398/2398/2398
f 1726/1726/1726 2398/2398/2398 2399/2399/2399
f 1727/1727/1727 2400/2400/2400 2401/2401/2401
f 1727/1727/1727 2401/2401/2401 1728/1728/1728
f 2386/2386/2386 2387/2387/2387 2401/2401/2401
f 2386/2386/2386 2401/2401/2401 2400/2400/2400
f 1707/1707/1707 1728/1728/1728 2401/2401/2401
f 1707/1707/1707 2401/2401/2401 2387/2387/2387
f 2398/2398/2398 2059/2059/2059 2062/2062/2062
f 2398/2398/2398 2062/2062/2062 2402/2402/2402
f 2389/2389/2389 2402/2402/2402 2064/2064/2064
f 2389/2389/2389 2064/2064/2064 2394/2394/2394
f 2402/2402/2402 2399/2399/2399 2398/2398/2398
f 2064/2064/2064 2402/2402/2402 2062/2062/2062
f 1736/1736/1736 2404/2404/2404 2340/2340/2340
f 1736/1736/1736 2340/2340/2340 1737/1737/1737
f 2403/2403/2403 2406/2406/2406 2342/2342/2342
f 2403/2403/2403 2342/2342/2342 2404/2404/2404
f 2340/2340/2340 2404/2404/2404 2339/2339/2339
f 2296/2296/2296 2343/2343/2343 2407/2407/2407
f 2296/2296/2296 2407/2407/2407 2346/2346/2346
f 2342/2342/2342 2406/2406/2406 2341/2341/2341
f 2405/2405/2405 2408/2408/2408 2344/2344/2344
f 2405/2405/2405 2344/2344/2344 2406/2406/2406
f 2408/2408/2408 2407/2407/2407 2343/2343/2343
f 1736/1736/1736 1745/1745/1745 2409/2409/2409
f 1736/1736/1736 2409/2409/2409 2404/2404/2404
f 2344/2344/2344 2408/2408/2408 2343/2343/2343
f 2405/2405/2405 2406/2406/2406 2411/2411/2411
f 2405/2405/2405 2411/2411/2411 2410/2410/2410
f 2346/2346/2346 2407/2407/2407 2412/2412/2412
f 2346/2346/2346 2412/2412/2412 2356/2356/2356
f 2411/2411/2411 2406/2406/2406 2403/2403/2403
f 1755/1755/1755 2414/2414/2414 2409/2409/2409
f 1755/1755/1755 2409/2409/2409 1745/1745/1745
f 2408/2408/2408 2412/2412/2412 2407/2407/2407
f 2413/2413/2413 2416/2416/2416 2411/2411/2411
f 2413/2413/2413 2411/2411/2411 2414/2414/2414
f 2409/2409/2409 2414/2414/2414 2403/2403/2403
f 2416/2416/2416 2415/2415/2415 2410/2410/2410
f 2410/2410/2410 2415/2415/2415 2366/2366/2366
f 2410/2410/2410 2366/2366/2366 2412/2412/2412
f 2411/2411/2411 2416/2416/2416 2410/2410/2410
f 2366/2366/2366 2415/2415/2415 2362/2362/2362
f 1765/1765/1765 2417/2417/2417 2418/2418/2418
f 1765/1765/1765 2418/2418/2418 1766/1766/1766
f 2413/2413/2413 2414/2414/2414 2418/2418/2418
f 2413/2413/2413 2418/2418/2418 2417/2417/2417
f 1755/1755/1755 1766/1766/1766 2418/2418/2418
f 1755/1755/1755 2418/2418/2418 2414/2414/2414
f 2362/2362/2362 2415/2415/2415 2419/2419/2419
f 2362/2362/2362 2419/2419/2419 2376/2376/2376
f 2413/2413/2413 2417/2417/2417 2419/2419/2419
f 2413/2413/2413 2419/2419/2419 2416/2416/2416
f 2419/2419/2419 2417/2417/2417 2372/2372/2372
f 1707/1707/1707 2388/2388/2388 2420/2420/2420
f 1707/1707/1707 2420/2420/2420 1771/1771/1771
f 2420/2420/2420 2388/2388/2388 2372/2372/2372
f 2420/2420/2420 1765/1765/1765 1771/1771/1771
f 2420/2420/2420 2417/2417/2417 1765/1765/1765
