# Original Foam Haven sculpt. Generated by build_sculpted_assets.py
v -0.805678 -0.163044 0.001632
v -0.809180 -0.152690 -0.000353
v -0.806939 -0.141629 0.000761
v -0.782931 -0.165292 -0.030584
v -0.791228 -0.167895 -0.009516
v -0.777577 -0.149362 -0.053777
v -0.784976 -0.153369 -0.038831
v -0.796717 -0.152507 -0.016386
v -0.775972 -0.140963 -0.052536
v -0.781748 -0.138583 -0.036954
v -0.791951 -0.135448 -0.011250
v -0.758624 -0.167522 -0.059391
v -0.766662 -0.171786 -0.039819
v -0.768743 -0.178491 -0.012780
v -0.754322 -0.149548 -0.080592
v -0.764660 -0.154427 -0.065344
v -0.774099 -0.160416 -0.049392
v -0.752201 -0.140428 -0.079388
v -0.761719 -0.137218 -0.062469
v -0.765429 -0.127743 -0.040062
v -0.768757 -0.121163 -0.013098
v -0.749004 -0.112490 -0.006945
v -0.722665 -0.164053 -0.106657
v -0.729842 -0.168138 -0.091892
v -0.739996 -0.173621 -0.069124
v -0.741979 -0.181679 -0.041790
v -0.744148 -0.186489 -0.013757
v -0.725402 -0.153543 -0.109361
v -0.740661 -0.154038 -0.091476
v -0.750047 -0.161325 -0.076886
v -0.723866 -0.141437 -0.107681
v -0.735493 -0.136467 -0.089828
v -0.741813 -0.126414 -0.067968
v -0.745318 -0.117050 -0.039184
v -0.725748 -0.110739 -0.036844
v -0.705293 -0.195307 -0.019560
v -0.707892 -0.168193 -0.113829
v -0.710578 -0.177308 -0.094588
v -0.714027 -0.184150 -0.070159
v -0.700359 -0.192192 -0.054016
v -0.696247 -0.149022 -0.137908
v -0.707337 -0.153784 -0.124394
v -0.694978 -0.139642 -0.135594
v -0.705831 -0.135813 -0.118710
v -0.712162 -0.123653 -0.095045
v -0.722061 -0.117847 -0.071492
v -0.724741 -0.113860 -0.055195
v -0.690579 -0.112881 -0.091127
v -0.671211 -0.197306 -0.058854
v -0.669202 -0.199804 -0.013730
v -0.675402 -0.167796 -0.142563
v -0.685498 -0.174073 -0.124265
v -0.687048 -0.184579 -0.098801
v -0.680652 -0.192872 -0.076059
v -0.669371 -0.148488 -0.161172
v -0.680986 -0.153831 -0.148260
v -0.692756 -0.161136 -0.133869
v -0.668234 -0.139556 -0.158940
v -0.677850 -0.135610 -0.145025
v -0.685307 -0.120860 -0.117521
v -0.661907 -0.112813 -0.119412
v -0.682796 -0.106678 -0.068606
v -0.706798 -0.105772 -0.021403
v -0.669532 -0.100619 -0.011938
v -0.586258 -0.149489 -0.219978
v -0.585350 -0.139951 -0.217793
v -0.563682 -0.167654 -0.223963
v -0.571555 -0.154168 -0.226391
v -0.569638 -0.137107 -0.223330
v -0.529791 -0.166056 -0.246415
v -0.542326 -0.170653 -0.232431
v -0.531195 -0.152880 -0.251340
v -0.549078 -0.152983 -0.237833
v -0.531992 -0.140128 -0.248061
v -0.544375 -0.133565 -0.234430
v -0.516771 -0.179877 -0.234352
v -0.492145 -0.132926 -0.262109
v -0.518504 -0.122230 -0.237586
v -0.493253 -0.110769 -0.229844
v -0.467502 -0.195496 -0.223343
v -0.474119 -0.166068 -0.275099
v -0.487338 -0.171245 -0.260573
v -0.488797 -0.186305 -0.236881
v -0.476077 -0.152761 -0.279722
v -0.493633 -0.152501 -0.267297
v -0.476925 -0.139258 -0.275983
v -0.492895 -0.118971 -0.246325
v -0.460663 -0.179253 -0.264012
v -0.461588 -0.190280 -0.242369
v -0.462891 -0.121754 -0.265745
v -0.468378 -0.115871 -0.253783
v -0.463079 -0.107177 -0.236513
v -0.637294 -0.202168 -0.040453
v -0.646819 -0.166226 -0.167212
v -0.656363 -0.172986 -0.150979
v -0.659686 -0.183476 -0.127102
v -0.653549 -0.192947 -0.104681
v -0.654712 -0.152875 -0.169028
v -0.665277 -0.160264 -0.157931
v -0.653829 -0.121339 -0.146577
v -0.645986 -0.114919 -0.139342
v -0.655910 -0.106161 -0.095881
v -0.656938 -0.102498 -0.069329
v -0.648817 -0.099147 -0.039772
v -0.616903 -0.197887 -0.115188
v -0.608971 -0.203408 -0.068873
v -0.617061 -0.203510 -0.016868
v -0.614929 -0.165386 -0.192447
v -0.626245 -0.170402 -0.176501
v -0.630620 -0.182230 -0.153924
v -0.624305 -0.192545 -0.132782
v -0.616625 -0.153191 -0.196687
v -0.632793 -0.152536 -0.182184
v -0.615072 -0.139876 -0.194986
v -0.628169 -0.133340 -0.178948
v -0.609605 -0.117584 -0.172184
v -0.615173 -0.109805 -0.148721
v -0.628492 -0.106177 -0.122540
v -0.625495 -0.100860 -0.093163
v -0.622475 -0.097947 -0.067053
v -0.620294 -0.096806 -0.012750
v -0.597917 -0.169885 -0.198803
v -0.601337 -0.180706 -0.179455
v -0.598590 -0.191224 -0.157897
v -0.597263 -0.154215 -0.209176
v -0.595959 -0.135038 -0.204134
v -0.603325 -0.121554 -0.183382
v -0.578833 -0.110574 -0.178020
v -0.592684 -0.094874 -0.039938
v -0.566410 -0.196466 -0.162292
v -0.581463 -0.202347 -0.112571
v -0.580698 -0.204207 -0.008146
v -0.573839 -0.175205 -0.207988
v -0.574551 -0.188023 -0.182909
v -0.582204 -0.161939 -0.216413
v -0.572335 -0.120090 -0.203350
v -0.549816 -0.111800 -0.200446
v -0.596832 -0.102566 -0.130958
v -0.564807 -0.093607 -0.069318
v -0.596744 -0.097207 0.005296
v -0.520393 -0.202810 -0.155773
v -0.536526 -0.204702 -0.127228
v -0.543619 -0.206517 -0.095436
v -0.550520 -0.206966 -0.055238
v -0.534912 -0.204591 -0.016541
v -0.546747 -0.182934 -0.211676
v -0.543527 -0.192531 -0.191945
v -0.526222 -0.117950 -0.227076
v -0.539392 -0.103664 -0.178013
v -0.563371 -0.099193 -0.136605
v -0.568721 -0.095783 -0.104090
v -0.540316 -0.093721 -0.038847
v -0.538299 -0.096008 -0.011406
v -0.501312 -0.196929 -0.200961
v -0.502902 -0.206121 -0.042819
v -0.514447 -0.190797 -0.213952
v -0.518203 -0.108182 -0.208292
v -0.518064 -0.097104 -0.153837
v -0.530922 -0.093696 -0.111230
v -0.467945 -0.091018 -0.102933
v -0.466604 -0.091678 -0.072679
v -0.477418 -0.203115 -0.177472
v -0.501413 -0.207888 -0.085049
v -0.495063 -0.207280 -0.064381
v -0.482320 -0.201523 -0.011458
v -0.467697 -0.102164 -0.214156
v -0.466894 -0.096429 -0.182608
v -0.466710 -0.093229 -0.155276
v -0.466603 -0.091427 -0.127687
v -0.464656 -0.094096 -0.043168
v -0.465150 -0.098558 -0.013778
v -0.459000 -0.200187 -0.204941
v -0.465319 -0.206901 -0.143569
v -0.280666 -0.226336 -0.474993
v -0.255883 -0.258097 -0.474133
v -0.249265 -0.235190 -0.556821
v -0.271030 -0.239214 -0.474651
v -0.229043 -0.285175 -0.476071
v -0.222645 -0.246522 -0.602486
v -0.232919 -0.261763 -0.534370
v -0.244744 -0.273602 -0.464103
v -0.223984 -0.223688 -0.645913
v -0.319447 -0.241615 -0.212701
v -0.312505 -0.222160 -0.343506
v -0.315609 -0.231700 -0.293730
v -0.314849 -0.238761 -0.263421
v -0.278905 -0.277048 -0.296566
v -0.286029 -0.253042 -0.363066
v -0.291991 -0.254954 -0.324120
v -0.280364 -0.242913 -0.425716
v -0.260691 -0.299643 -0.277585
v -0.257573 -0.313791 -0.195674
v -0.254418 -0.272610 -0.432019
v -0.260617 -0.287454 -0.343834
v -0.271645 -0.268317 -0.372345
v -0.218400 -0.336926 -0.274821
v -0.222835 -0.322768 -0.340129
v -0.234452 -0.320837 -0.296189
v -0.235283 -0.292981 -0.426040
v -0.247463 -0.303023 -0.331892
v -0.337025 -0.226071 -0.209714
v -0.339408 -0.228113 -0.163849
v -0.340343 -0.228306 -0.117418
v -0.341005 -0.226579 -0.032606
v -0.323606 -0.242882 -0.161935
v -0.312360 -0.258859 -0.125423
v -0.330930 -0.238202 -0.029577
v -0.326155 -0.242539 -0.112971
v -0.287697 -0.285498 -0.168486
v -0.288981 -0.288650 -0.109647
v -0.289615 -0.292341 0.000360
v -0.301891 -0.276792 -0.021197
v -0.260985 -0.316926 -0.129016
v -0.257336 -0.324901 -0.022451
v -0.273795 -0.301598 -0.163853
v -0.276808 -0.305749 -0.036325
v -0.234925 -0.333112 -0.201501
v -0.230543 -0.343012 -0.128693
v -0.234374 -0.344697 -0.000126
v -0.246116 -0.330189 -0.129614
v -0.281076 -0.059423 -0.917807
v -0.282335 -0.037712 -0.946101
v -0.292485 -0.038415 -0.897107
v -0.281752 -0.008866 -0.975171
v -0.292725 -0.014459 -0.929259
v -0.249829 -0.117030 -0.913806
v -0.251494 -0.086732 -0.971607
v -0.257578 -0.095198 -0.937063
v -0.272660 -0.083403 -0.903773
v -0.251667 -0.063185 -1.002222
v -0.269857 -0.065813 -0.949507
v -0.247008 -0.037540 -1.035447
v -0.256117 -0.040906 -1.013763
v -0.275264 -0.045314 -0.960523
v -0.255110 -0.013465 -1.035092
v -0.276252 -0.015493 -0.985647
v -0.227693 -0.144418 -0.913899
v -0.230616 -0.117567 -0.972135
v -0.236709 -0.125242 -0.937883
v -0.225233 -0.086711 -1.028489
v -0.236536 -0.096344 -0.993071
v -0.243619 -0.106032 -0.959989
v -0.222462 -0.062592 -1.057210
v -0.242163 -0.069782 -1.015479
v -0.227127 -0.038225 -1.067962
v -0.225791 0.009698 -1.092964
v -0.235193 -0.013026 -1.069837
v -0.307794 -0.001987 -0.861618
v -0.309538 -0.004031 -0.812608
v -0.308293 -0.001629 -0.764562
v -0.279226 -0.083550 -0.858841
v -0.281009 -0.084301 -0.814450
v -0.280163 -0.081785 -0.749475
v -0.283696 -0.095226 -0.673679
v -0.285602 -0.068150 -0.866655
v -0.293740 -0.055180 -0.825539
v -0.290200 -0.063428 -0.789664
v -0.287692 -0.062169 -0.714998
v -0.285631 -0.075267 -0.691634
v -0.300630 -0.031099 -0.853214
v -0.297344 -0.044812 -0.790261
v -0.294752 -0.042133 -0.742249
v -0.294883 -0.042168 -0.686865
v -0.302004 -0.014401 -0.881677
v -0.304381 -0.023571 -0.825826
v -0.304444 -0.022795 -0.787450
v -0.298658 -0.021924 -0.714232
v -0.300220 -0.014123 -0.685642
v -0.247039 -0.163998 -0.692225
v -0.253352 -0.149661 -0.696791
v -0.259604 -0.114901 -0.866308
v -0.255119 -0.126272 -0.823516
v -0.265731 -0.110401 -0.765612
v -0.255938 -0.127560 -0.744058
v -0.257988 -0.130241 -0.719625
v -0.268439 -0.127237 -0.684328
v -0.271740 -0.095238 -0.868289
v -0.272124 -0.100495 -0.816263
v -0.272826 -0.097098 -0.741164
v -0.272130 -0.102236 -0.715747
v -0.276811 -0.102908 -0.689790
v -0.225343 -0.163049 -0.819707
v -0.235909 -0.163116 -0.726040
v -0.230881 -0.174385 -0.716614
v -0.238587 -0.140190 -0.880552
v -0.240030 -0.143031 -0.853044
v -0.232661 -0.156077 -0.777096
v -0.233503 -0.159170 -0.747194
v -0.245574 -0.140112 -0.773529
v -0.343079 -0.126491 -0.412644
v -0.335539 -0.089306 -0.497865
v -0.336579 -0.103707 -0.477954
v -0.336546 -0.068206 -0.511613
v -0.347891 -0.069149 -0.456689
v -0.336577 -0.041062 -0.527162
v -0.352647 -0.041633 -0.451489
v -0.352442 -0.013980 -0.462768
v -0.309792 -0.170082 -0.488207
v -0.304514 -0.146088 -0.550137
v -0.318881 -0.155879 -0.475983
v -0.307641 -0.125506 -0.567491
v -0.331320 -0.125083 -0.473129
v -0.308679 -0.098905 -0.592998
v -0.311697 -0.069007 -0.605749
v -0.306811 -0.040366 -0.635984
v -0.320457 -0.041883 -0.587789
v -0.309131 -0.017018 -0.635877
v -0.334703 -0.014658 -0.542619
v -0.284545 -0.204787 -0.511889
v -0.301915 -0.200707 -0.454150
v -0.279379 -0.181584 -0.577455
v -0.294152 -0.182967 -0.522940
v -0.280802 -0.155192 -0.614635
v -0.282061 -0.109743 -0.663979
v -0.288283 -0.128288 -0.625791
v -0.294312 -0.070835 -0.659615
v -0.303603 -0.074797 -0.627269
v -0.299438 -0.042725 -0.660668
v -0.303764 -0.014391 -0.657696
v -0.253102 -0.198167 -0.623188
v -0.264529 -0.210416 -0.566754
v -0.266085 -0.183226 -0.613394
v -0.236175 -0.211458 -0.640806
v -0.247603 -0.220274 -0.595107
v -0.419090 -0.164296 -0.301745
v -0.431435 -0.170360 -0.288293
v -0.434084 -0.183852 -0.267413
v -0.421002 -0.152280 -0.305407
v -0.437303 -0.152177 -0.294820
v -0.420660 -0.139216 -0.303769
v -0.433454 -0.132342 -0.291259
v -0.437114 -0.117578 -0.274010
v -0.433735 -0.106802 -0.257688
v -0.436821 -0.100382 -0.235621
v -0.401885 -0.194589 -0.254937
v -0.406375 -0.198965 -0.235954
v -0.402000 -0.167537 -0.305707
v -0.389102 -0.181052 -0.293773
v -0.406907 -0.189592 -0.267002
v -0.402445 -0.151726 -0.312905
v -0.404855 -0.133475 -0.309220
v -0.410156 -0.118735 -0.294418
v -0.418294 -0.111224 -0.278270
v -0.401820 -0.104025 -0.285437
v -0.409165 -0.097556 -0.265034
v -0.414857 -0.091182 -0.236661
v -0.398110 -0.081950 -0.255299
v -0.400390 -0.077855 -0.234859
v -0.377582 -0.199142 -0.256912
v -0.378772 -0.203906 -0.235032
v -0.378868 -0.171977 -0.312493
v -0.382098 -0.192405 -0.273626
v -0.367827 -0.142904 -0.338910
v -0.379227 -0.151360 -0.324536
v -0.369838 -0.123188 -0.340102
v -0.384875 -0.123941 -0.320389
v -0.393895 -0.112727 -0.304088
v -0.369144 -0.098341 -0.342876
v -0.378672 -0.097082 -0.320536
v -0.388974 -0.094640 -0.296071
v -0.394287 -0.087639 -0.275526
v -0.365486 -0.075436 -0.360627
v -0.375350 -0.070109 -0.321795
v -0.382127 -0.069283 -0.294351
v -0.388660 -0.068931 -0.265587
v -0.392157 -0.059656 -0.225480
v -0.363406 -0.038869 -0.394572
v -0.371586 -0.052629 -0.339722
v -0.379433 -0.034650 -0.296476
v -0.383204 -0.040504 -0.270253
v -0.387559 -0.036560 -0.226840
v -0.364650 -0.013562 -0.396556
v -0.341860 -0.197964 -0.312534
v -0.345958 -0.202503 -0.292182
v -0.354457 -0.205472 -0.265994
v -0.354246 -0.211815 -0.237386
v -0.337869 -0.174690 -0.360751
v -0.344269 -0.173532 -0.348166
v -0.353629 -0.182204 -0.322824
v -0.360614 -0.191376 -0.296597
v -0.364856 -0.196288 -0.278322
v -0.337671 -0.149912 -0.399960
v -0.343115 -0.151611 -0.377525
v -0.355032 -0.151855 -0.351028
v -0.362319 -0.162518 -0.333224
v -0.350838 -0.125257 -0.380217
v -0.359119 -0.125739 -0.357720
v -0.354570 -0.097735 -0.391133
v -0.361881 -0.101334 -0.361176
v -0.360487 -0.073009 -0.385594
v -0.316445 -0.204232 -0.375749
v -0.320825 -0.207954 -0.349305
v -0.332379 -0.198798 -0.334221
v -0.330217 -0.215597 -0.293580
v -0.333236 -0.221087 -0.262062
v -0.328596 -0.180407 -0.378563
v -0.409683 -0.207968 -0.127427
v -0.409945 -0.207348 -0.103920
v -0.440237 -0.204746 -0.060061
v -0.434379 -0.202245 -0.042025
v -0.427310 -0.196418 -0.012316
v -0.438749 -0.093031 -0.196276
v -0.438706 -0.088067 -0.142887
v -0.439805 -0.087461 -0.086028
v -0.438747 -0.091230 -0.041971
v -0.437855 -0.096141 -0.013817
v -0.406144 -0.203508 -0.208921
v -0.408627 -0.207104 -0.170226
v -0.406361 -0.204785 -0.069165
v -0.406602 -0.200643 -0.039618
v -0.400100 -0.197075 -0.025703
v -0.405973 -0.193856 -0.009802
v -0.417990 -0.085348 -0.200833
v -0.420096 -0.081164 -0.143572
v -0.420012 -0.078881 -0.091027
v -0.418974 -0.081915 -0.041725
v -0.416649 -0.085937 -0.012548
v -0.403851 -0.072974 -0.196028
v -0.405114 -0.069355 -0.144010
v -0.404071 -0.062976 -0.101415
v -0.406184 -0.063409 -0.061076
v -0.403857 -0.066275 -0.012702
v -0.393689 -0.022920 -0.126727
v -0.396596 -0.040581 -0.101058
v -0.398759 -0.040473 -0.070584
v -0.399124 -0.040427 -0.033825
v -0.391999 0.009914 -0.165598
v -0.395634 -0.010734 -0.088351
v -0.397024 -0.010901 -0.049566
v -0.378603 -0.207930 -0.208923
v -0.380672 -0.210385 -0.171820
v -0.379865 -0.210707 -0.112832
v -0.380357 -0.207428 -0.068869
v -0.380223 -0.203467 -0.038141
v -0.371552 -0.200436 -0.005066
v -0.388132 -0.197930 -0.024907
v -0.386239 -0.195519 -0.009098
v -0.396297 -0.056606 -0.163950
v -0.397035 -0.056809 -0.114797
v -0.391864 -0.037416 -0.171789
v -0.394768 -0.048957 -0.114306
v -0.391124 -0.018988 -0.178114
v -0.351894 -0.216984 -0.208988
v -0.356094 -0.217252 -0.180888
v -0.357389 -0.217982 -0.145067
v -0.358200 -0.215713 -0.072819
v -0.357527 -0.213766 -0.041027
v -0.355485 -0.212119 -0.013886
v -0.113080 -0.223951 -0.916048
v -0.090836 -0.225024 -0.944169
v -0.098631 -0.232602 -0.895373
v -0.062051 -0.224293 -0.972711
v -0.069815 -0.235758 -0.920573
v -0.038642 -0.224961 -0.982041
v -0.041817 -0.234622 -0.947533
v -0.039705 -0.246865 -0.892185
v -0.009325 -0.250234 -0.892603
v -0.013317 -0.226518 -0.983493
v -0.015283 -0.236606 -0.949504
v -0.200807 -0.231559 -0.679105
v -0.170004 -0.252722 -0.691503
v -0.168449 -0.224220 -0.751318
v -0.182970 -0.241670 -0.692503
v -0.133100 -0.277188 -0.691716
v -0.150317 -0.265663 -0.693839
v -0.140000 -0.224448 -0.824704
v -0.153207 -0.220951 -0.799211
v -0.154263 -0.226074 -0.775310
v -0.152904 -0.236956 -0.749891
v -0.121328 -0.284556 -0.688473
v -0.124727 -0.253125 -0.752601
v -0.117926 -0.227701 -0.881302
v -0.122509 -0.232294 -0.827304
v -0.122436 -0.237556 -0.798789
v -0.125506 -0.244256 -0.772324
v -0.089343 -0.283242 -0.723012
v -0.097448 -0.254567 -0.778254
v -0.099862 -0.273194 -0.735824
v -0.097955 -0.241560 -0.827164
v -0.098935 -0.246719 -0.800415
v -0.046997 -0.309630 -0.686742
v -0.067138 -0.284102 -0.736384
v -0.066811 -0.253473 -0.814091
v -0.067297 -0.258088 -0.796711
v -0.067831 -0.268657 -0.769074
v -0.073517 -0.242081 -0.877808
v -0.063234 -0.250847 -0.832032
v -0.035920 -0.305943 -0.700582
v -0.037574 -0.255370 -0.832099
v -0.040980 -0.262669 -0.799848
v -0.040438 -0.271677 -0.775719
v -0.012960 -0.307869 -0.701264
v -0.013794 -0.273614 -0.777576
v -0.013218 -0.257268 -0.832323
v -0.013766 -0.265015 -0.800945
v -0.197068 -0.309763 -0.483432
v -0.196124 -0.278863 -0.581930
v -0.208903 -0.298020 -0.491397
v -0.218942 -0.302080 -0.447132
v -0.205247 -0.258079 -0.614279
v -0.211976 -0.272000 -0.562550
v -0.170049 -0.339266 -0.434544
v -0.178016 -0.317995 -0.499541
v -0.185563 -0.328067 -0.442255
v -0.169579 -0.282871 -0.623566
v -0.181876 -0.295537 -0.564026
v -0.182018 -0.270148 -0.631744
v -0.143282 -0.338697 -0.494882
v -0.151199 -0.350445 -0.430422
v -0.140620 -0.308311 -0.602232
v -0.157717 -0.329945 -0.500408
v -0.157685 -0.299815 -0.598911
v -0.120188 -0.365354 -0.424374
v -0.126440 -0.336545 -0.531406
v -0.127105 -0.357948 -0.446678
v -0.113566 -0.308609 -0.636396
v -0.127449 -0.319237 -0.587779
v -0.086964 -0.363981 -0.479533
v -0.083096 -0.335126 -0.590706
v -0.099815 -0.357927 -0.487691
v -0.097652 -0.309143 -0.651804
v -0.101611 -0.332047 -0.581000
v -0.064358 -0.365328 -0.495622
v -0.070243 -0.376217 -0.439034
v -0.060935 -0.334914 -0.608778
v -0.068687 -0.347334 -0.558953
v -0.072662 -0.308412 -0.674689
v -0.041041 -0.375037 -0.468331
v -0.040559 -0.336946 -0.613058
v -0.040287 -0.363368 -0.519048
v -0.011454 -0.363042 -0.531255
v -0.013896 -0.379079 -0.460540
v -0.015413 -0.340397 -0.609419
v -0.192320 -0.343348 -0.347784
v -0.207682 -0.353659 -0.198198
v -0.207965 -0.320060 -0.407244
v -0.172705 -0.361144 -0.311785
v -0.173680 -0.370233 -0.232495
v -0.188483 -0.355620 -0.283519
v -0.142478 -0.366279 -0.370581
v -0.152535 -0.371319 -0.310820
v -0.151556 -0.382586 -0.222688
v -0.164022 -0.359800 -0.348030
v -0.109536 -0.390227 -0.299409
v -0.123009 -0.396875 -0.195557
v -0.123069 -0.383609 -0.311843
v -0.091116 -0.391058 -0.332201
v -0.095274 -0.397170 -0.274880
v -0.096510 -0.372235 -0.426468
v -0.070602 -0.393667 -0.346263
v -0.070116 -0.404590 -0.258788
v -0.038876 -0.391277 -0.388619
v -0.042473 -0.404058 -0.302788
v -0.012505 -0.392403 -0.393422
v -0.014343 -0.405436 -0.310092
v -0.193827 -0.365198 -0.173324
v -0.191591 -0.369363 -0.135689
v -0.201523 -0.367874 -0.000054
v -0.212919 -0.354938 -0.143366
v -0.216841 -0.357096 -0.037724
v -0.182180 -0.378583 -0.037553
v -0.138529 -0.390359 -0.205205
v -0.142965 -0.394267 -0.127255
v -0.146483 -0.396644 -0.000015
v -0.160447 -0.384758 -0.154954
v -0.164254 -0.387975 -0.038342
v -0.123038 -0.401658 -0.127967
v -0.124474 -0.404690 -0.021794
v -0.097230 -0.406808 -0.170184
v -0.098470 -0.411342 -0.081480
v -0.102821 -0.412037 -0.000000
v -0.054877 -0.418960 -0.130619
v -0.063178 -0.421469 0.000081
v -0.070430 -0.415422 -0.142227
v -0.081250 -0.417554 -0.028112
v -0.035986 -0.419249 -0.166165
v -0.038620 -0.421669 -0.109374
v -0.040186 -0.424307 0.000002
v -0.009402 -0.419080 -0.192990
v -0.012253 -0.421948 -0.143329
v -0.013976 -0.425934 -0.015647
v -0.004676 -0.053886 -1.559200
v -0.005751 -0.041566 -1.561769
v -0.004911 -0.029141 -1.559770
v -0.110850 -0.058860 -1.341555
v -0.109084 -0.037216 -1.370137
v -0.111642 -0.043045 -1.354262
v -0.108270 -0.026848 -1.368658
v -0.080853 -0.083672 -1.418886
v -0.093045 -0.091039 -1.344010
v -0.082245 -0.058493 -1.456627
v -0.085340 -0.065272 -1.438211
v -0.098842 -0.066080 -1.383313
v -0.103522 -0.069081 -1.358327
v -0.083852 -0.041951 -1.459869
v -0.103623 -0.042293 -1.384317
v -0.107608 -0.051780 -1.366404
v -0.082693 -0.024528 -1.457076
v -0.086023 -0.017630 -1.438476
v -0.101225 -0.019211 -1.382059
v -0.103726 -0.005779 -1.347691
v -0.056214 -0.111361 -1.391958
v -0.061477 -0.116330 -1.344347
v -0.054066 -0.080698 -1.486893
v -0.065767 -0.087080 -1.450273
v -0.066267 -0.099648 -1.412936
v -0.073233 -0.102568 -1.379920
v -0.054232 -0.058789 -1.513346
v -0.060544 -0.065569 -1.495675
v -0.072401 -0.066146 -1.469875
v -0.076062 -0.075049 -1.450267
v -0.056493 -0.041511 -1.516493
v -0.075671 -0.041512 -1.475129
v -0.054970 -0.024173 -1.514078
v -0.061256 -0.017144 -1.496509
v -0.072881 -0.016341 -1.470417
v -0.076566 -0.006773 -1.450494
v -0.035603 -0.112759 -1.424282
v -0.038677 -0.122424 -1.364099
v -0.030961 -0.080821 -1.515299
v -0.039171 -0.086641 -1.496261
v -0.044028 -0.105961 -1.438093
v -0.029488 -0.058012 -1.540898
v -0.039613 -0.065942 -1.524656
v -0.047585 -0.074530 -1.506325
v -0.032305 -0.041532 -1.543815
v -0.044447 -0.041502 -1.529382
v -0.030318 -0.024900 -1.541651
v -0.040729 -0.016756 -1.525705
v -0.048604 -0.007878 -1.507594
v -0.007741 -0.111123 -1.455065
v -0.013181 -0.122868 -1.389707
v -0.013946 -0.128995 -1.347200
v -0.006211 -0.076501 -1.537383
v -0.012332 -0.083738 -1.522186
v -0.014906 -0.101785 -1.476700
v -0.024220 -0.108647 -1.451912
v -0.011880 -0.062581 -1.547567
v -0.022012 -0.072791 -1.533150
v -0.016930 -0.041515 -1.553233
v -0.012506 -0.020221 -1.548511
v -0.023307 -0.009726 -1.534536
v -0.194950 -0.013643 -1.122462
v -0.157077 -0.067318 -1.131777
v -0.183439 -0.042350 -1.120650
v -0.157936 -0.009956 -1.161281
v -0.138720 -0.100213 -1.121213
v -0.142357 -0.066362 -1.150204
v -0.141133 -0.030314 -1.175826
v -0.148349 -0.039419 -1.160496
v -0.161284 -0.035342 -1.147902
v -0.143675 -0.010835 -1.177750
v -0.114658 -0.117548 -1.123522
v -0.111770 -0.083774 -1.222432
v -0.114216 -0.085405 -1.190266
v -0.119143 -0.089060 -1.163516
v -0.126910 -0.097840 -1.136463
v -0.114453 -0.067976 -1.274854
v -0.119618 -0.064460 -1.222888
v -0.124581 -0.065264 -1.190244
v -0.132255 -0.068571 -1.164092
v -0.119705 -0.040937 -1.259592
v -0.124712 -0.040617 -1.218075
v -0.131943 -0.040012 -1.189815
v -0.137260 -0.049497 -1.171196
v -0.112927 -0.015941 -1.310226
v -0.118602 -0.017805 -1.252785
v -0.123826 -0.014585 -1.219533
v -0.132253 -0.012973 -1.195610
v -0.083686 -0.110825 -1.270529
v -0.086470 -0.114075 -1.191086
v -0.089385 -0.116719 -1.163476
v -0.097213 -0.121365 -1.136932
v -0.093494 -0.098343 -1.303449
v -0.099541 -0.095974 -1.270330
v -0.101254 -0.100923 -1.190757
v -0.104528 -0.103576 -1.165192
v -0.109230 -0.107553 -1.145506
v -0.105367 -0.079824 -1.316844
v -0.056164 -0.140080 -1.139273
v -0.066278 -0.121387 -1.275385
v -0.068115 -0.125466 -1.190481
v -0.069977 -0.128022 -1.163736
v -0.072341 -0.134553 -1.137813
v -0.079402 -0.107372 -1.329940
v -0.030107 -0.139479 -1.191482
v -0.033117 -0.141644 -1.163178
v -0.040267 -0.146593 -1.136259
v -0.039966 -0.133439 -1.261052
v -0.049097 -0.133963 -1.188732
v -0.051034 -0.135633 -1.165360
v -0.005006 -0.138584 -1.284974
v -0.012338 -0.139734 -1.248796
v -0.010607 -0.142107 -1.190146
v -0.011401 -0.144699 -1.162857
v -0.013082 -0.150420 -1.136869
v -0.014036 -0.134960 -1.298794
v -0.023498 -0.136969 -1.270898
v -0.196611 -0.175020 -0.912070
v -0.195755 -0.140435 -1.002810
v -0.215939 -0.139069 -0.963614
v -0.210225 -0.154258 -0.938788
v -0.216879 -0.159971 -0.897879
v -0.199438 -0.121999 -1.026341
v -0.214609 -0.125036 -0.993649
v -0.204233 -0.093443 -1.054631
v -0.218603 -0.106981 -1.014604
v -0.190476 -0.068325 -1.095452
v -0.210256 -0.070317 -1.068581
v -0.207576 -0.042140 -1.092964
v -0.216323 -0.016928 -1.095485
v -0.168538 -0.195542 -0.914340
v -0.176861 -0.167735 -0.980860
v -0.180504 -0.180387 -0.937544
v -0.166527 -0.137767 -1.048720
v -0.185767 -0.139308 -1.021271
v -0.190783 -0.163925 -0.961677
v -0.177730 -0.122377 -1.056144
v -0.183114 -0.098452 -1.077262
v -0.147931 -0.200113 -0.943574
v -0.143083 -0.211777 -0.907609
v -0.141896 -0.168704 -1.027872
v -0.154112 -0.177431 -0.994445
v -0.156666 -0.189587 -0.960279
v -0.132165 -0.142775 -1.077383
v -0.150921 -0.150891 -1.046919
v -0.162947 -0.162291 -1.013576
v -0.153833 -0.125271 -1.079029
v -0.161091 -0.103715 -1.095449
v -0.116664 -0.193828 -1.005177
v -0.124798 -0.209867 -0.950330
v -0.124997 -0.167038 -1.047767
v -0.135020 -0.191969 -0.987188
v -0.097984 -0.201707 -1.004043
v -0.099778 -0.218298 -0.956799
v -0.085183 -0.167669 -1.075704
v -0.102549 -0.168202 -1.064229
v -0.091089 -0.191134 -1.031996
v -0.086833 -0.142068 -1.111763
v -0.099697 -0.133548 -1.114903
v -0.065846 -0.198823 -1.032043
v -0.069463 -0.219130 -0.982249
v -0.070781 -0.177866 -1.066934
v -0.069442 -0.153257 -1.105674
v -0.041650 -0.196909 -1.045473
v -0.040312 -0.214657 -1.007514
v -0.039138 -0.158629 -1.110566
v -0.013966 -0.196872 -1.050916
v -0.013942 -0.215990 -1.010626
v -0.014229 -0.161077 -1.111463
v -0.201497 -0.201346 -0.735047
v -0.203837 -0.175233 -0.881440
v -0.217122 -0.168999 -0.845208
v -0.211962 -0.178145 -0.778419
v -0.208406 -0.188745 -0.748041
v -0.219146 -0.191882 -0.713831
v -0.172449 -0.200258 -0.873412
v -0.184582 -0.199651 -0.797155
v -0.185262 -0.202212 -0.777088
v -0.182467 -0.214216 -0.747385
v -0.189376 -0.188488 -0.872216
v -0.141877 -0.217688 -0.878187
v -0.153338 -0.215732 -0.840104
v -0.833779 -0.147395 0.056890
v -0.835200 -0.148495 0.072730
v -0.833870 -0.148324 0.092997
v -0.830009 -0.147286 0.107736
v -0.831569 -0.140846 0.056867
v -0.832296 -0.139853 0.072738
v -0.831356 -0.140127 0.092971
v -0.828859 -0.141583 0.107452
v -0.809437 -0.165478 0.018853
v -0.813243 -0.167155 0.043387
v -0.814788 -0.168639 0.069474
v -0.813651 -0.167255 0.094166
v -0.810501 -0.163646 0.112176
v -0.816742 -0.152727 0.019153
v -0.825222 -0.152807 0.045758
v -0.828293 -0.157707 0.070422
v -0.826262 -0.157288 0.094749
v -0.818070 -0.152753 0.117002
v -0.808154 -0.149031 0.130699
v -0.812166 -0.139000 0.018709
v -0.819645 -0.137160 0.045619
v -0.818961 -0.132480 0.070541
v -0.817894 -0.133545 0.094953
v -0.815823 -0.139631 0.115879
v -0.807494 -0.142255 0.129746
v -0.792568 -0.174574 0.015878
v -0.793891 -0.177013 0.042458
v -0.794456 -0.177071 0.069670
v -0.794087 -0.174258 0.096031
v -0.793667 -0.167748 0.119681
v -0.785463 -0.162849 0.133151
v -0.803206 -0.158456 0.126896
v -0.792845 -0.152898 0.136168
v -0.795771 -0.128173 0.015332
v -0.798203 -0.125172 0.042636
v -0.796997 -0.123838 0.069947
v -0.796085 -0.126352 0.096226
v -0.794767 -0.132475 0.118711
v -0.783955 -0.140121 0.135101
v -0.769370 -0.182779 0.014534
v -0.763805 -0.185627 0.041502
v -0.769320 -0.183239 0.069828
v -0.769032 -0.179706 0.096503
v -0.768385 -0.173382 0.119865
v -0.759574 -0.165401 0.136267
v -0.768133 -0.152428 0.141149
v -0.775056 -0.118530 0.014835
v -0.775851 -0.116985 0.041853
v -0.758662 -0.113279 0.064704
v -0.753875 -0.118110 0.098658
v -0.769435 -0.128093 0.120598
v -0.757143 -0.112608 0.016563
v -0.757962 -0.112177 0.049520
v -0.741122 -0.189897 0.015101
v -0.739473 -0.187764 0.071748
v -0.741944 -0.183272 0.096723
v -0.741638 -0.176260 0.120264
v -0.730884 -0.152314 0.143900
v -0.744007 -0.112025 0.073856
v -0.721523 -0.124479 0.123780
v -0.727316 -0.137482 0.139129
v -0.737425 -0.108908 0.014915
v -0.721666 -0.111645 0.086597
v -0.700039 -0.196808 0.017581
v -0.699047 -0.196223 0.035215
v -0.706623 -0.185877 0.096858
v -0.700823 -0.178143 0.120126
v -0.704761 -0.166906 0.136941
v -0.698719 -0.115963 0.107238
v -0.704139 -0.104349 0.016115
v -0.712890 -0.106184 0.041161
v -0.680275 -0.194843 0.060962
v -0.675745 -0.152515 0.142268
v -0.670870 -0.125480 0.125472
v -0.676961 -0.137059 0.137893
v -0.706936 -0.106979 0.059067
v -0.667290 -0.106202 0.068207
v -0.665211 -0.110256 0.088721
v -0.641238 -0.201074 0.012673
v -0.641698 -0.199094 0.038036
v -0.653167 -0.195474 0.062688
v -0.658730 -0.176465 0.120574
v -0.647362 -0.165330 0.134325
v -0.658087 -0.116476 0.107347
v -0.648771 -0.099701 0.016105
v -0.648548 -0.102206 0.043415
v -0.646536 -0.189039 0.088768
v -0.630077 -0.183911 0.099409
v -0.630554 -0.172012 0.121666
v -0.622121 -0.160139 0.130643
v -0.634091 -0.153285 0.137298
v -0.630476 -0.118019 0.106188
v -0.631682 -0.128371 0.123056
v -0.618991 -0.140477 0.132948
v -0.617499 -0.105907 0.066563
v -0.630525 -0.110822 0.087664
v -0.599003 -0.195661 0.058208
v -0.602180 -0.190708 0.076122
v -0.602120 -0.182000 0.097039
v -0.606344 -0.169897 0.116441
v -0.603990 -0.153425 0.126110
v -0.617590 -0.148838 0.134448
v -0.595344 -0.120586 0.101540
v -0.605660 -0.134934 0.121322
v -0.601929 -0.101696 0.041092
v -0.602329 -0.112660 0.087342
v -0.566458 -0.201349 0.019142
v -0.562728 -0.197962 0.039122
v -0.559233 -0.192520 0.059899
v -0.574340 -0.179179 0.094194
v -0.575889 -0.152712 0.117124
v -0.546848 -0.116537 0.079857
v -0.575784 -0.136148 0.112515
v -0.548909 -0.098647 0.011990
v -0.548154 -0.103473 0.038623
v -0.567564 -0.110287 0.071137
v -0.545043 -0.185173 0.072495
v -0.546599 -0.172842 0.094086
v -0.557159 -0.165311 0.106949
v -0.538427 -0.160213 0.102492
v -0.550332 -0.153105 0.110363
v -0.547175 -0.127036 0.095345
v -0.535388 -0.139897 0.104463
v -0.517357 -0.195993 0.031993
v -0.517749 -0.190452 0.049566
v -0.518156 -0.181034 0.069779
v -0.520880 -0.169436 0.087084
v -0.521042 -0.153493 0.096778
v -0.534269 -0.148563 0.106122
v -0.519416 -0.121054 0.075369
v -0.522719 -0.135038 0.092492
v -0.518266 -0.100522 0.012946
v -0.518915 -0.105922 0.038118
v -0.517214 -0.113027 0.059551
v -0.472639 -0.197184 0.006816
v -0.483469 -0.190497 0.034150
v -0.490466 -0.174523 0.067164
v -0.500770 -0.166824 0.081551
v -0.482316 -0.161403 0.075926
v -0.494222 -0.153891 0.085309
v -0.481453 -0.117481 0.052120
v -0.492433 -0.123988 0.067135
v -0.495846 -0.137528 0.082369
v -0.490565 -0.102769 0.012626
v -0.458518 -0.110475 0.025971
v -0.460049 -0.190696 0.021874
v -0.462156 -0.181420 0.041616
v -0.465448 -0.169994 0.059537
v -0.466461 -0.153851 0.069700
v -0.478242 -0.149138 0.079674
v -0.462279 -0.121915 0.048722
v -0.468396 -0.134728 0.065321
v -0.479194 -0.139843 0.077655
v -0.463478 -0.104607 0.011434
v -0.633005 -0.003291 1.068579
v -0.636363 -0.005471 1.083668
v -0.639634 -0.006299 1.107190
v -0.614843 -0.026212 1.088737
v -0.616531 -0.028045 1.108611
v -0.611941 -0.003355 1.044169
v -0.620670 -0.007305 1.058805
v -0.624488 -0.016775 1.080311
v -0.630221 -0.018235 1.106912
v -0.585246 -0.028662 1.054610
v -0.598791 -0.031164 1.079870
v -0.597726 -0.035444 1.106768
v -0.599154 -0.019554 1.050157
v -0.609997 -0.023034 1.069428
v -0.543978 -0.026848 1.024082
v -0.573340 -0.038435 1.078580
v -0.559750 -0.046288 1.107766
v -0.559215 -0.005760 1.013432
v -0.573017 -0.011773 1.026457
v -0.533093 -0.022602 1.012843
v -0.537718 -0.039846 1.050460
v -0.535314 -0.046908 1.077315
v -0.540834 -0.009924 1.007588
v -0.553109 -0.018082 1.018464
v -0.501648 -0.056391 1.098356
v -0.493326 -0.027605 1.005319
v -0.504012 -0.037678 1.026520
v -0.500974 -0.004046 0.986869
v -0.512315 -0.009762 0.996375
v -0.490430 -0.047542 1.048656
v -0.485364 -0.053422 1.068302
v -0.484362 -0.006056 0.983869
v -0.487743 -0.016934 0.992201
v -0.430696 -0.056876 1.060705
v -0.439314 -0.059674 1.078125
v -0.447321 -0.062794 1.109007
v -0.451822 -0.032761 1.003004
v -0.448446 -0.043279 1.023079
v -0.451632 -0.051553 1.046937
v -0.461489 -0.020279 0.989731
v -0.640448 -0.006373 1.132973
v -0.638692 -0.005673 1.156641
v -0.634920 -0.004249 1.172847
v -0.616987 -0.028501 1.133774
v -0.616073 -0.026950 1.158590
v -0.614070 -0.023532 1.177811
v -0.631454 -0.018299 1.133493
v -0.629425 -0.016248 1.159202
v -0.622842 -0.010391 1.184063
v -0.614280 -0.005962 1.203658
v -0.597594 -0.036637 1.133896
v -0.591792 -0.037247 1.162636
v -0.600023 -0.028004 1.190948
v -0.608619 -0.018588 1.197752
v -0.599253 -0.012115 1.217661
v -0.581388 -0.003848 1.253054
v -0.565913 -0.046098 1.135427
v -0.574076 -0.039191 1.189618
v -0.573047 -0.032986 1.217136
v -0.565116 -0.029622 1.237081
v -0.583421 -0.022361 1.228139
v -0.573319 -0.020111 1.244741
v -0.541110 -0.051474 1.161269
v -0.549123 -0.046637 1.189920
v -0.546863 -0.041877 1.217901
v -0.551054 -0.031194 1.246524
v -0.546152 -0.012624 1.271652
v -0.532761 -0.006370 1.287255
v -0.519655 -0.055828 1.134722
v -0.501445 -0.058691 1.161882
v -0.503474 -0.056336 1.199447
v -0.507029 -0.051892 1.222737
v -0.518354 -0.042615 1.245891
v -0.516479 -0.032792 1.272007
v -0.506923 -0.026203 1.290128
v -0.526959 -0.020076 1.281816
v -0.514618 -0.011581 1.297153
v -0.501937 -0.005763 1.310163
v -0.477466 -0.061586 1.135202
v -0.474103 -0.061316 1.189146
v -0.458421 -0.056165 1.249670
v -0.486614 -0.050928 1.247731
v -0.489282 -0.041559 1.273115
v -0.486776 -0.030900 1.297146
v -0.477460 -0.023899 1.312281
v -0.496517 -0.018553 1.305470
v -0.485111 -0.010325 1.316906
v -0.446605 -0.065307 1.162047
v -0.444180 -0.062523 1.217774
v -0.444180 -0.051162 1.278482
v -0.443695 -0.041608 1.302220
v -0.458039 -0.027304 1.318054
v -0.458981 -0.010775 1.329989
v -0.446091 -0.005522 1.340526
v -0.339658 -0.225486 0.018068
v -0.306714 -0.270445 0.025541
v -0.312844 -0.256580 0.128464
v -0.314994 -0.245903 0.196530
v -0.333747 -0.230863 0.052148
v -0.325296 -0.235782 0.155224
v -0.288249 -0.288334 0.129209
v -0.285750 -0.284659 0.192502
v -0.300722 -0.272745 0.131394
v -0.299944 -0.266038 0.200307
v -0.263920 -0.318694 0.022538
v -0.260945 -0.316956 0.129119
v -0.255912 -0.312590 0.218855
v -0.277386 -0.305136 0.036705
v -0.273769 -0.301605 0.163951
v -0.230705 -0.342931 0.127941
v -0.226439 -0.338874 0.209238
v -0.249424 -0.331441 0.038692
v -0.244727 -0.329429 0.156126
v -0.237940 -0.325435 0.242388
v -0.313642 -0.228691 0.301956
v -0.314492 -0.217272 0.342873
v -0.288166 -0.265387 0.297370
v -0.293223 -0.249657 0.340452
v -0.303456 -0.248182 0.279947
v -0.292761 -0.234418 0.396810
v -0.271780 -0.287638 0.280558
v -0.260316 -0.288207 0.341776
v -0.247603 -0.276307 0.444966
v -0.274550 -0.274803 0.332301
v -0.264622 -0.262940 0.424280
v -0.272967 -0.245710 0.447999
v -0.234358 -0.315339 0.329460
v -0.248143 -0.302394 0.331870
v -0.238250 -0.289627 0.428514
v -0.277404 -0.230600 0.475591
v -0.257063 -0.256528 0.474763
v -0.251068 -0.225284 0.575390
v -0.229658 -0.284815 0.475356
v -0.240760 -0.266862 0.496855
v -0.226197 -0.253301 0.576158
v -0.243492 -0.239508 0.562785
v -0.230013 -0.232399 0.614874
v -0.433926 -0.188264 0.014655
v -0.435244 -0.172647 0.039735
v -0.447456 -0.166018 0.054093
v -0.430171 -0.151015 0.048389
v -0.446333 -0.152530 0.058771
v -0.429782 -0.114543 0.028615
v -0.437259 -0.126912 0.042991
v -0.448910 -0.137690 0.056794
v -0.436848 -0.105207 0.014742
v -0.445753 -0.114545 0.029970
v -0.406425 -0.186370 0.013888
v -0.406896 -0.172082 0.036584
v -0.406631 -0.150172 0.048947
v -0.396016 -0.142297 0.060025
v -0.417183 -0.111014 0.030129
v -0.412260 -0.123390 0.044456
v -0.398402 -0.124871 0.059332
v -0.411138 -0.094314 0.019839
v -0.403469 -0.104158 0.041588
v -0.397371 -0.108923 0.056876
v -0.399450 -0.068977 0.018671
v -0.394892 -0.058477 0.042645
v -0.393929 -0.045809 0.061435
v -0.396990 -0.041328 0.015090
v -0.391155 -0.036561 0.152422
v -0.396834 -0.018594 0.014284
v -0.392230 -0.009198 0.163219
v -0.381052 -0.190825 0.015124
v -0.381827 -0.177400 0.043500
v -0.371982 -0.171450 0.068015
v -0.366695 -0.169179 0.088019
v -0.389941 -0.159815 0.054342
v -0.383188 -0.150647 0.071098
v -0.372121 -0.151610 0.102096
v -0.368183 -0.154428 0.121937
v -0.365807 -0.143549 0.195010
v -0.388036 -0.125119 0.074879
v -0.380522 -0.125364 0.099405
v -0.377023 -0.124315 0.126450
v -0.372289 -0.122388 0.192669
v -0.396796 -0.078987 0.029683
v -0.395988 -0.091557 0.046674
v -0.391291 -0.099480 0.069252
v -0.386410 -0.095368 0.097268
v -0.378920 -0.096310 0.190011
v -0.393647 -0.076752 0.047131
v -0.391495 -0.076231 0.070148
v -0.390207 -0.074302 0.085774
v -0.384483 -0.069446 0.184031
v -0.378860 -0.014524 0.298496
v -0.355330 -0.208292 0.014324
v -0.350517 -0.208343 0.042644
v -0.347658 -0.206979 0.069729
v -0.345639 -0.206440 0.094253
v -0.342742 -0.201340 0.180732
v -0.365752 -0.196936 0.024492
v -0.363519 -0.192649 0.044890
v -0.359506 -0.188488 0.070008
v -0.357680 -0.183346 0.097775
v -0.352042 -0.183864 0.168968
v -0.359663 -0.159421 0.200228
v -0.333110 -0.220982 0.171189
v -0.365003 -0.114861 0.289993
v -0.370487 -0.094637 0.283247
v -0.363647 -0.095785 0.337876
v -0.374979 -0.069576 0.283952
v -0.365885 -0.073722 0.352198
v -0.364528 -0.044937 0.384802
v -0.376932 -0.041365 0.299423
v -0.365172 -0.013450 0.393436
v -0.341501 -0.178386 0.294329
v -0.337310 -0.169476 0.349752
v -0.350352 -0.155514 0.298763
v -0.339426 -0.147594 0.389764
v -0.359230 -0.128283 0.305865
v -0.339882 -0.124485 0.431772
v -0.338281 -0.104653 0.469220
v -0.350369 -0.071203 0.441848
v -0.354376 -0.042230 0.442108
v -0.352634 -0.013623 0.461944
v -0.327165 -0.209291 0.285455
v -0.307497 -0.192629 0.449992
v -0.332028 -0.192751 0.315601
v -0.322362 -0.179574 0.407954
v -0.330405 -0.156941 0.419375
v -0.332713 -0.129114 0.460452
v -0.297660 -0.210024 0.449029
v -0.336772 -0.086474 0.495121
v -0.337608 -0.068897 0.506501
v -0.336949 -0.041360 0.525443
v -0.337067 -0.013541 0.532723
v -0.310293 -0.170842 0.484687
v -0.319674 -0.155610 0.472713
v -0.305329 -0.147609 0.544821
v -0.308367 -0.126896 0.563117
v -0.317100 -0.099046 0.560874
v -0.310581 -0.070664 0.608835
v -0.311622 -0.041413 0.620335
v -0.321629 -0.014158 0.591302
v -0.306804 -0.011330 0.643326
v -0.279070 -0.195700 0.551179
v -0.285677 -0.177379 0.564202
v -0.281024 -0.154871 0.614422
v -0.283763 -0.131295 0.636298
v -0.283447 -0.105893 0.662825
v -0.307562 -0.095913 0.599625
v -0.279815 -0.068670 0.700842
v -0.273975 -0.212716 0.530945
v -0.259500 -0.204039 0.594894
v -0.269190 -0.181377 0.607791
v -0.249780 -0.150975 0.702060
v -0.238013 -0.207648 0.643483
v -0.247396 -0.180074 0.667039
v -0.279059 -0.094024 0.685324
v -0.281964 -0.041684 0.706639
v -0.281008 -0.015144 0.715323
v -0.252393 -0.127981 0.721907
v -0.251453 -0.112602 0.737612
v -0.254094 -0.091776 0.747607
v -0.254007 -0.069489 0.760679
v -0.253078 -0.042205 0.774140
v -0.251077 -0.013253 0.784653
v -0.228901 -0.172322 0.719949
v -0.222725 -0.152822 0.756510
v -0.221933 -0.123804 0.787204
v -0.233505 -0.096172 0.786595
v -0.226311 -0.070236 0.816001
v -0.223982 -0.042127 0.830898
v -0.222927 -0.012624 0.839025
v -0.422993 -0.007980 0.979755
v -0.419804 -0.022678 0.987396
v -0.391962 -0.066075 1.106270
v -0.391605 -0.035355 1.001104
v -0.390917 -0.045106 1.019406
v -0.393789 -0.052822 1.039740
v -0.363638 -0.058652 1.058252
v -0.363240 -0.063159 1.080193
v -0.366641 -0.008282 0.979450
v -0.363575 -0.022909 0.986986
v -0.319298 -0.067831 1.107724
v -0.332347 -0.034646 1.001950
v -0.328875 -0.045058 1.020546
v -0.333635 -0.052446 1.037857
v -0.299252 -0.058159 1.059044
v -0.296638 -0.063110 1.080923
v -0.305565 -0.006712 0.982066
v -0.322293 -0.021291 0.988549
v -0.294360 -0.031802 1.003859
v -0.294702 -0.042500 1.019996
v -0.294090 -0.051784 1.040422
v -0.295396 -0.018124 0.990217
v -0.216202 -0.065478 1.108618
v -0.267368 -0.028352 1.005816
v -0.241756 -0.050326 1.046296
v -0.281581 -0.004336 0.984750
v -0.269570 -0.010517 0.992597
v -0.209238 -0.054673 1.062202
v -0.216447 -0.060084 1.079881
v -0.241478 -0.026521 1.008242
v -0.239969 -0.039099 1.024052
v -0.239552 -0.010262 0.997855
v -0.420027 -0.066831 1.134038
v -0.417699 -0.067264 1.190794
v -0.402676 -0.063517 1.246337
v -0.432485 -0.031583 1.325698
v -0.441018 -0.018488 1.335348
v -0.390186 -0.069746 1.162878
v -0.392464 -0.067398 1.219448
v -0.393673 -0.059885 1.272851
v -0.375171 -0.056842 1.294846
v -0.389483 -0.051004 1.307393
v -0.388837 -0.041285 1.328860
v -0.361920 -0.069863 1.135004
v -0.361752 -0.071093 1.191571
v -0.333621 -0.072091 1.163020
v -0.340022 -0.070806 1.218446
v -0.336321 -0.068293 1.246770
v -0.313755 -0.063058 1.289509
v -0.326404 -0.055239 1.317005
v -0.317049 -0.049619 1.335219
v -0.307115 -0.070686 1.134408
v -0.286222 -0.073239 1.192178
v -0.280816 -0.072480 1.162617
v -0.270687 -0.072639 1.216823
v -0.262447 -0.070686 1.247025
v -0.264478 -0.067323 1.274348
v -0.278687 -0.057534 1.320239
v -0.213040 -0.069304 1.138330
v -0.228799 -0.063137 1.301850
v -0.251558 -0.052077 1.340962
v -0.202992 -0.058320 1.323795
v -0.421850 -0.024001 1.339963
v -0.428870 -0.010220 1.345360
v -0.401888 -0.027123 1.344294
v -0.400861 -0.010442 1.356640
v -0.387926 -0.004410 1.366816
v -0.377236 -0.031576 1.348636
v -0.376370 -0.019318 1.361706
v -0.349445 -0.033862 1.354375
v -0.326466 -0.026002 1.369540
v -0.348170 -0.012330 1.372850
v -0.305845 -0.040065 1.356399
v -0.292771 -0.028454 1.374033
v -0.290453 -0.010542 1.387023
v -0.278421 -0.004351 1.395198
v -0.265940 -0.043244 1.358489
v -0.265669 -0.031846 1.376149
v -0.264610 -0.018146 1.389751
v -0.260619 -0.006620 1.397430
v -0.227210 -0.044492 1.360874
v -0.224690 -0.034344 1.378647
v -0.223764 -0.022118 1.392237
v -0.191567 -0.369384 0.135564
v -0.193315 -0.365567 0.172737
v -0.217458 -0.356903 0.022275
v -0.214168 -0.355113 0.128987
v -0.208460 -0.352973 0.199431
v -0.183011 -0.378120 0.037567
v -0.170801 -0.366568 0.278806
v -0.142878 -0.394353 0.126047
v -0.138204 -0.390665 0.203489
v -0.164807 -0.387930 0.022478
v -0.161528 -0.385888 0.128046
v -0.153933 -0.383437 0.205098
v -0.122682 -0.405121 0.036793
v -0.124269 -0.398944 0.167878
v -0.098470 -0.411342 0.081487
v -0.097231 -0.406808 0.170185
v -0.054386 -0.419076 0.129453
v -0.081799 -0.417504 0.021801
v -0.075415 -0.416104 0.105748
v -0.071803 -0.413623 0.160799
v -0.070116 -0.404589 0.258788
v -0.039799 -0.421494 0.111735
v -0.035452 -0.419224 0.167261
v -0.013267 -0.425163 0.047966
v -0.012424 -0.421988 0.142123
v -0.008964 -0.419122 0.192406
v -0.207138 -0.342034 0.294874
v -0.191113 -0.342122 0.358283
v -0.220742 -0.330757 0.303639
v -0.211410 -0.327633 0.359189
v -0.215460 -0.310227 0.425525
v -0.185963 -0.355213 0.298922
v -0.170705 -0.338699 0.435386
v -0.190506 -0.328771 0.423783
v -0.153820 -0.370522 0.312491
v -0.143344 -0.365730 0.371574
v -0.164500 -0.359529 0.348134
v -0.154155 -0.347960 0.434844
v -0.109535 -0.391117 0.292989
v -0.124360 -0.382782 0.313922
v -0.121639 -0.364838 0.424364
v -0.134510 -0.358601 0.428564
v -0.096283 -0.396776 0.276267
v -0.091562 -0.390996 0.331788
v -0.096510 -0.372234 0.426468
v -0.072319 -0.393540 0.345079
v -0.055642 -0.391814 0.371948
v -0.070243 -0.376217 0.439034
v -0.042473 -0.404058 0.302788
v -0.038216 -0.391278 0.388997
v -0.014987 -0.405941 0.305576
v -0.013561 -0.392341 0.393881
v -0.013896 -0.379079 0.460539
v -0.196440 -0.310212 0.483489
v -0.212222 -0.299430 0.477412
v -0.205171 -0.284235 0.543799
v -0.214178 -0.269989 0.562412
v -0.206967 -0.257163 0.612781
v -0.216123 -0.242065 0.626424
v -0.184609 -0.319855 0.477565
v -0.167562 -0.308497 0.553481
v -0.181282 -0.287706 0.588951
v -0.189506 -0.271555 0.614882
v -0.183716 -0.234460 0.705832
v -0.143856 -0.338159 0.495903
v -0.160166 -0.328292 0.501489
v -0.145469 -0.312149 0.582132
v -0.153900 -0.291138 0.628325
v -0.159283 -0.271378 0.667362
v -0.127678 -0.346145 0.493747
v -0.128958 -0.327324 0.559284
v -0.132666 -0.308776 0.612129
v -0.117728 -0.306246 0.638172
v -0.097324 -0.363131 0.470598
v -0.103894 -0.336093 0.564508
v -0.090539 -0.333607 0.588493
v -0.097106 -0.307312 0.657020
v -0.069490 -0.363879 0.497540
v -0.069105 -0.346370 0.562220
v -0.065960 -0.333627 0.609605
v -0.071870 -0.308640 0.674701
v -0.041041 -0.375038 0.468330
v -0.039661 -0.363846 0.517588
v -0.041696 -0.338090 0.609296
v -0.039612 -0.324732 0.646851
v -0.010846 -0.363076 0.531070
v -0.015227 -0.340000 0.610729
v -0.193068 -0.221316 0.713640
v -0.169798 -0.251503 0.694399
v -0.155426 -0.247966 0.723605
v -0.143704 -0.226144 0.776818
v -0.124734 -0.277950 0.700286
v -0.126616 -0.250929 0.753157
v -0.120714 -0.223871 0.805757
v -0.101779 -0.280963 0.717647
v -0.082812 -0.279535 0.735968
v -0.099619 -0.265875 0.750240
v -0.096610 -0.250160 0.782676
v -0.092295 -0.222585 0.832143
v -0.068063 -0.280373 0.744301
v -0.070152 -0.251696 0.798447
v -0.066250 -0.217595 0.855207
v -0.040028 -0.306793 0.697259
v -0.042071 -0.281210 0.754159
v -0.042299 -0.251260 0.812217
v -0.041029 -0.219408 0.863017
v -0.013703 -0.308356 0.699869
v -0.013330 -0.286630 0.748764
v -0.013104 -0.254111 0.813229
v -0.012622 -0.223351 0.862607
v -0.209492 -0.208224 0.705232
v -0.218611 -0.186359 0.721432
v -0.199603 -0.171571 0.775030
v -0.194025 -0.143532 0.816190
v -0.199545 -0.121048 0.827579
v -0.220730 -0.094168 0.812519
v -0.196738 -0.096698 0.849845
v -0.202728 -0.068618 0.855863
v -0.202903 -0.043683 0.865069
v -0.194212 -0.013342 0.886458
v -0.190396 -0.190412 0.765371
v -0.178869 -0.175353 0.803123
v -0.184579 -0.154328 0.819100
v -0.170473 -0.116121 0.875018
v -0.174379 -0.097043 0.885330
v -0.186725 -0.070052 0.882355
v -0.189845 -0.041048 0.889549
v -0.167091 -0.208929 0.774011
v -0.151207 -0.203447 0.802811
v -0.158141 -0.183866 0.820400
v -0.148450 -0.146700 0.875472
v -0.156387 -0.127542 0.886346
v -0.129114 -0.209025 0.819938
v -0.111212 -0.195489 0.855040
v -0.133656 -0.186532 0.845076
v -0.118729 -0.167411 0.886664
v -0.130042 -0.158044 0.886555
v -0.099482 -0.208155 0.847636
v -0.082663 -0.191874 0.885408
v -0.099195 -0.183410 0.884854
v -0.066306 -0.201520 0.881280
v -0.039974 -0.207902 0.884266
v -0.013424 -0.211051 0.886118
v -0.207304 -0.023284 1.005379
v -0.213994 -0.037097 1.021559
v -0.214705 -0.050056 1.048012
v -0.197496 -0.006659 0.982800
v -0.210765 -0.013304 0.997336
v -0.170741 -0.087769 0.901741
v -0.174682 -0.067635 0.912070
v -0.170759 -0.060691 0.939008
v -0.169673 -0.058128 0.966369
v -0.171056 -0.058344 0.993585
v -0.174484 -0.059994 1.020695
v -0.178084 -0.062865 1.048008
v -0.185636 -0.064173 1.074457
v -0.184228 -0.068559 1.104918
v -0.181009 -0.040566 0.912868
v -0.176832 -0.038308 0.939220
v -0.177630 -0.037729 0.966874
v -0.182030 -0.040748 0.992714
v -0.192343 -0.040987 1.014939
v -0.193787 -0.053058 1.044820
v -0.194617 -0.057023 1.061820
v -0.184111 -0.013618 0.913971
v -0.181192 -0.013182 0.940197
v -0.186090 -0.013574 0.969933
v -0.192727 -0.024253 0.991637
v -0.147205 -0.123716 0.911531
v -0.143555 -0.115022 0.946385
v -0.140236 -0.110048 1.007447
v -0.161181 -0.098735 0.913045
v -0.156603 -0.095104 0.938460
v -0.150039 -0.096756 0.984422
v -0.146846 -0.089759 1.074186
v -0.161534 -0.076770 0.966672
v -0.160760 -0.076455 0.993880
v -0.160609 -0.077203 1.021658
v -0.161481 -0.076780 1.049500
v -0.162551 -0.076214 1.076842
v -0.160549 -0.076946 1.104738
v -0.123145 -0.151151 0.912917
v -0.118657 -0.146730 0.942091
v -0.112917 -0.140358 1.022655
v -0.131448 -0.132211 0.943813
v -0.129748 -0.123191 1.014439
v -0.118690 -0.124659 1.069290
v -0.142587 -0.099295 1.049456
v -0.129738 -0.101978 1.104854
v -0.090652 -0.176742 0.911625
v -0.086206 -0.171521 0.943320
v -0.081305 -0.164274 1.028649
v -0.107490 -0.164016 0.914034
v -0.103622 -0.159680 0.942620
v -0.096145 -0.156305 1.013381
v -0.097454 -0.146875 1.061406
v -0.087145 -0.142641 1.109118
v -0.107514 -0.135304 1.073142
v -0.101555 -0.126944 1.121687
v -0.055786 -0.193501 0.907791
v -0.068489 -0.187797 0.911375
v -0.064116 -0.182746 0.941869
v -0.066953 -0.172386 1.021023
v -0.059229 -0.169508 1.063166
v -0.052774 -0.165047 1.098503
v -0.074515 -0.159035 1.077269
v -0.070201 -0.152409 1.113646
v -0.038240 -0.199081 0.907273
v -0.029976 -0.194665 0.933687
v -0.040414 -0.191828 0.936679
v -0.038226 -0.175945 1.064838
v -0.034738 -0.166548 1.115996
v -0.012910 -0.202570 0.909396
v -0.012862 -0.197160 0.935922
v -0.005031 -0.194071 0.976740
v -0.013700 -0.190581 0.989833
v -0.014230 -0.183429 1.041194
v -0.012610 -0.176182 1.085540
v -0.206825 -0.071861 1.174435
v -0.183472 -0.071560 1.216027
v -0.157927 -0.066395 1.274463
v -0.196294 -0.052703 1.342224
v -0.182589 -0.071297 1.133571
v -0.182065 -0.072414 1.168385
v -0.162585 -0.069703 1.246695
v -0.141111 -0.087772 1.123440
v -0.155336 -0.078642 1.133444
v -0.158667 -0.075820 1.161279
v -0.154326 -0.073184 1.217571
v -0.154145 -0.062373 1.298630
v -0.141319 -0.051813 1.339981
v -0.122319 -0.096962 1.149922
v -0.125802 -0.098604 1.133895
v -0.111592 -0.084427 1.218886
v -0.138910 -0.086002 1.143634
v -0.137133 -0.083349 1.164162
v -0.133515 -0.080833 1.189308
v -0.126287 -0.078939 1.216913
v -0.126392 -0.073473 1.245992
v -0.126303 -0.067784 1.273577
v -0.126623 -0.062076 1.298956
v -0.101651 -0.055114 1.324299
v -0.092151 -0.120432 1.162516
v -0.085357 -0.110807 1.198118
v -0.119904 -0.093694 1.167479
v -0.101215 -0.101906 1.188061
v -0.094796 -0.096008 1.214296
v -0.100066 -0.080235 1.247832
v -0.099229 -0.071541 1.275229
v -0.098854 -0.062255 1.302551
v -0.073703 -0.053437 1.327832
v -0.058478 -0.140421 1.170803
v -0.078365 -0.132931 1.158648
v -0.068072 -0.125347 1.193328
v -0.058185 -0.110479 1.234051
v -0.086066 -0.093934 1.231449
v -0.081484 -0.085545 1.254656
v -0.062676 -0.080731 1.281014
v -0.072717 -0.079005 1.276798
v -0.070500 -0.066274 1.303123
v -0.056667 -0.059961 1.318640
v -0.040200 -0.157728 1.138400
v -0.034811 -0.138630 1.199288
v -0.042632 -0.130650 1.209647
v -0.041993 -0.115555 1.239460
v -0.030282 -0.108630 1.258770
v -0.039877 -0.096187 1.271553
v -0.031620 -0.087034 1.288775
v -0.041888 -0.074908 1.300707
v -0.042081 -0.050281 1.336539
v -0.013524 -0.167640 1.124392
v -0.013018 -0.151839 1.173082
v -0.012842 -0.139404 1.207179
v -0.011307 -0.111420 1.260414
v -0.012404 -0.091370 1.287938
v -0.013630 -0.075936 1.305820
v -0.025435 -0.051458 1.335938
v -0.194786 -0.008267 1.400577
v -0.169649 -0.045049 1.360683
v -0.167607 -0.035043 1.379245
v -0.167801 -0.023065 1.393216
v -0.122202 -0.007668 1.399725
v -0.111800 -0.043053 1.357877
v -0.126016 -0.034063 1.377349
v -0.112040 -0.021354 1.391357
v -0.087501 -0.031570 1.374786
v -0.070570 -0.040934 1.354787
v -0.072212 -0.017015 1.387906
v -0.075189 -0.005821 1.395948
v -0.043433 -0.038232 1.355857
v -0.046389 -0.026169 1.372015
v -0.047217 -0.010092 1.384330
v -0.058935 -0.004101 1.393272
v -0.015417 -0.034699 1.358118
v -0.015723 -0.024092 1.368318
v -0.016293 -0.011650 1.376069
v -0.307133 0.017602 -0.892860
v -0.307815 0.041643 -0.901214
v -0.308503 0.068090 -0.898507
v -0.307847 0.095523 -0.892705
v -0.278724 0.018295 -0.998440
v -0.293422 0.014017 -0.949338
v -0.278612 0.045663 -1.006642
v -0.295487 0.042276 -0.952378
v -0.278928 0.067760 -1.006520
v -0.297700 0.069608 -0.945929
v -0.294116 0.098223 -0.950262
v -0.282946 0.122501 -0.975758
v -0.294008 0.126936 -0.930486
v -0.283862 0.151486 -0.947290
v -0.293871 0.153432 -0.897173
v -0.282882 0.173354 -0.919638
v -0.252931 0.012532 -1.051263
v -0.250734 0.044159 -1.062954
v -0.251379 0.067879 -1.062557
v -0.279003 0.093569 -1.000617
v -0.259797 0.100821 -1.039822
v -0.256451 0.126376 -1.036371
v -0.277438 0.129173 -0.986664
v -0.257307 0.154638 -1.016542
v -0.276507 0.159531 -0.962710
v -0.254312 0.177752 -1.002166
v -0.270993 0.180315 -0.953305
v -0.274828 0.197277 -0.907442
v -0.254394 0.199605 -0.974726
v -0.253009 0.215478 -0.953407
v -0.229004 0.042553 -1.094492
v -0.224814 0.071474 -1.100972
v -0.248221 0.094894 -1.063325
v -0.228065 0.098831 -1.092840
v -0.224874 0.125365 -1.089283
v -0.251083 0.131966 -1.044006
v -0.230903 0.154308 -1.064797
v -0.244122 0.173349 -1.027729
v -0.223249 0.179600 -1.058586
v -0.245267 0.199474 -0.997322
v -0.223486 0.208855 -1.029286
v -0.312395 0.018887 -0.839850
v -0.312425 0.017671 -0.784832
v -0.308593 0.018615 -0.736103
v -0.312302 0.042759 -0.865686
v -0.314584 0.042924 -0.825830
v -0.314484 0.042872 -0.787722
v -0.310268 0.043123 -0.735037
v -0.312570 0.068488 -0.865660
v -0.314726 0.069989 -0.825841
v -0.314539 0.070083 -0.784864
v -0.310206 0.069895 -0.733175
v -0.311794 0.095578 -0.852959
v -0.313107 0.097943 -0.812803
v -0.311972 0.095924 -0.770679
v -0.308459 0.097892 -0.734090
v -0.308498 0.115995 -0.862988
v -0.308581 0.130034 -0.813045
v -0.308883 0.115899 -0.761481
v -0.305808 0.141878 -0.811893
v -0.304783 0.013993 -0.712481
v -0.303299 0.013900 -0.684814
v -0.306034 0.042434 -0.706351
v -0.303983 0.042113 -0.683551
v -0.305841 0.070100 -0.706116
v -0.302959 0.070257 -0.683263
v -0.300474 0.098089 -0.688427
v -0.303194 0.127825 -0.882856
v -0.303884 0.141304 -0.849574
v -0.305479 0.136131 -0.773866
v -0.304416 0.126384 -0.742751
v -0.294868 0.125290 -0.685994
v -0.294519 0.168579 -0.768321
v -0.295404 0.154807 -0.736435
v -0.285179 0.156657 -0.680705
v -0.286402 0.180408 -0.882703
v -0.291986 0.177173 -0.841906
v -0.292495 0.177630 -0.798030
v -0.285954 0.180069 -0.732745
v -0.281457 0.198103 -0.860891
v -0.283120 0.198906 -0.825528
v -0.282727 0.199163 -0.785710
v -0.277164 0.199938 -0.731638
v -0.271181 0.183007 -0.661586
v -0.272665 0.212641 -0.870340
v -0.268598 0.225598 -0.826083
v -0.268545 0.226056 -0.799189
v -0.266299 0.226873 -0.769416
v -0.265111 0.223437 -0.741498
v -0.256717 0.209711 -0.658929
v -0.336507 0.013872 -0.535002
v -0.352468 0.013255 -0.462891
v -0.335593 0.040662 -0.531060
v -0.349934 0.040992 -0.466057
v -0.336574 0.068139 -0.511492
v -0.348492 0.069011 -0.453731
v -0.335579 0.089094 -0.497874
v -0.341432 0.100015 -0.458483
v -0.336602 0.126442 -0.446386
v -0.305489 0.011543 -0.655490
v -0.311222 0.014648 -0.629528
v -0.307660 0.043668 -0.635460
v -0.305705 0.068788 -0.630795
v -0.305355 0.097047 -0.608009
v -0.332231 0.117635 -0.479460
v -0.311606 0.122788 -0.555740
v -0.312773 0.149710 -0.512119
v -0.303903 0.053986 -0.659137
v -0.298129 0.098197 -0.658341
v -0.298017 0.107733 -0.631337
v -0.292056 0.124896 -0.658616
v -0.297603 0.126637 -0.602690
v -0.284082 0.150316 -0.657982
v -0.285030 0.148215 -0.630950
v -0.288774 0.152164 -0.597622
v -0.310066 0.169464 -0.488258
v -0.277236 0.182422 -0.585527
v -0.295189 0.183174 -0.518507
v -0.301657 0.200904 -0.454770
v -0.285582 0.205381 -0.506691
v -0.269892 0.182368 -0.630797
v -0.273728 0.180566 -0.604713
v -0.257739 0.204830 -0.631363
v -0.258335 0.207345 -0.603679
v -0.263700 0.209888 -0.572494
v -0.281079 0.226094 -0.474026
v -0.245156 0.233907 -0.574106
v -0.364627 0.013608 -0.396701
v -0.374734 0.013251 -0.329252
v -0.381427 0.013150 -0.274724
v -0.363854 0.040402 -0.391191
v -0.372635 0.041515 -0.331221
v -0.379387 0.042258 -0.275240
v -0.364148 0.070310 -0.366579
v -0.373645 0.068522 -0.297948
v -0.384467 0.070155 -0.183176
v -0.363479 0.095642 -0.339441
v -0.370473 0.094916 -0.282925
v -0.364426 0.114045 -0.296766
v -0.370894 0.124993 -0.201358
v -0.365813 0.143742 -0.194372
v -0.357100 0.121417 -0.334318
v -0.359543 0.134820 -0.284036
v -0.332982 0.145566 -0.430852
v -0.350832 0.151689 -0.307754
v -0.338160 0.184300 -0.300252
v -0.342988 0.200859 -0.180967
v -0.334323 0.166593 -0.375579
v -0.319135 0.182063 -0.418526
v -0.325528 0.199769 -0.334287
v -0.311146 0.203130 -0.402996
v -0.326354 0.209911 -0.288999
v -0.331008 0.220171 -0.195835
v -0.306563 0.223547 -0.365220
v -0.395890 0.030134 -0.016377
v -0.391269 0.039220 -0.146674
v -0.395074 0.040557 0.017467
v -0.392448 0.066355 -0.026324
v -0.388987 0.076306 -0.084185
v -0.380598 0.097326 -0.166990
v -0.387139 0.095520 -0.027358
v -0.375266 0.123670 -0.144943
v -0.379891 0.122063 -0.036012
v -0.367617 0.151124 -0.133862
v -0.372171 0.147620 -0.031897
v -0.363877 0.169107 -0.053358
v -0.364795 0.168949 0.021742
v -0.356386 0.170725 -0.187725
v -0.359089 0.172924 -0.140051
v -0.356398 0.186977 -0.045362
v -0.343382 0.208226 -0.114130
v -0.346829 0.207193 -0.022557
v -0.335137 0.222040 -0.133078
v -0.255333 0.227536 -0.917222
v -0.225184 0.227795 -1.000662
v -0.236715 0.238931 -0.953284
v -0.237598 0.253598 -0.911334
v -0.223873 0.259682 -0.941087
v -0.258148 0.237076 -0.865927
v -0.256414 0.228050 -0.709736
v -0.248354 0.255593 -0.827189
v -0.251213 0.251646 -0.792894
v -0.247426 0.250168 -0.875636
v -0.248410 0.249691 -0.748352
v -0.243065 0.246003 -0.706221
v -0.233870 0.267922 -0.870330
v -0.242324 0.262242 -0.784663
v -0.225895 0.274782 -0.738557
v -0.231236 0.261012 -0.707514
v -0.223612 0.280261 -0.861286
v -0.218862 0.287897 -0.825134
v -0.219492 0.287408 -0.798910
v -0.224269 0.279981 -0.762260
v -0.271338 0.244281 -0.459468
v -0.255480 0.258331 -0.474870
v -0.236839 0.238411 -0.657595
v -0.234896 0.236521 -0.629542
v -0.234086 0.239266 -0.601919
v -0.226548 0.254119 -0.574716
v -0.235492 0.278502 -0.478510
v -0.247912 0.275555 -0.446485
v -0.313421 0.228395 -0.304951
v -0.319629 0.238330 -0.199175
v -0.304619 0.260518 -0.196602
v -0.295785 0.237931 -0.370463
v -0.301472 0.247279 -0.300110
v -0.278659 0.262929 -0.361159
v -0.287409 0.266200 -0.298349
v -0.285714 0.284445 -0.194587
v -0.260861 0.265536 -0.430814
v -0.277065 0.277817 -0.303217
v -0.259910 0.287754 -0.345859
v -0.265219 0.294158 -0.282392
v -0.249663 0.320728 -0.199738
v -0.237425 0.296003 -0.405649
v -0.245978 0.309234 -0.306016
v -0.223098 0.322680 -0.339545
v -0.227065 0.329863 -0.277080
v -0.225491 0.339297 -0.211910
v -0.336768 0.226380 -0.000133
v -0.326192 0.236972 -0.129527
v -0.326183 0.243535 -0.000055
v -0.313455 0.255940 -0.126177
v -0.309384 0.267023 -0.022645
v -0.301139 0.272283 -0.130534
v -0.288215 0.288370 -0.129184
v -0.290144 0.291186 -0.021808
v -0.273726 0.301634 -0.164146
v -0.276972 0.305570 -0.036768
v -0.260971 0.316937 -0.129037
v -0.257714 0.324494 -0.024525
v -0.246117 0.330187 -0.129622
v -0.230350 0.343100 -0.129835
v -0.233417 0.344998 -0.021837
v -0.082026 0.000630 -1.421736
v -0.092242 0.005466 -1.368944
v -0.054758 -0.001212 -1.487923
v -0.059593 0.003695 -1.467829
v -0.066330 0.010311 -1.440462
v -0.071835 0.015489 -1.412144
v -0.078463 0.022087 -1.364304
v -0.056008 0.025349 -1.418312
v -0.060468 0.031398 -1.377260
v -0.032112 -0.001305 -1.516854
v -0.038768 0.005466 -1.497316
v -0.039381 0.019234 -1.464217
v -0.032146 0.026577 -1.452217
v -0.038368 0.036524 -1.399029
v -0.006717 -0.005907 -1.538891
v -0.013077 0.001603 -1.524155
v -0.013335 0.012168 -1.500478
v -0.012987 0.027906 -1.460888
v -0.012907 0.039474 -1.409862
v -0.202197 0.015498 -1.123421
v -0.207231 0.042220 -1.122078
v -0.196998 0.068994 -1.133976
v -0.198746 0.097591 -1.128934
v -0.200438 0.124998 -1.119520
v -0.194337 0.150520 -1.115526
v -0.175643 0.015484 -1.150566
v -0.181980 0.043192 -1.148436
v -0.170379 0.073314 -1.158862
v -0.167818 0.098419 -1.157978
v -0.171668 0.123682 -1.148565
v -0.168860 0.150628 -1.140754
v -0.177034 0.180724 -1.115376
v -0.143985 0.014801 -1.180435
v -0.158923 0.014497 -1.165564
v -0.141572 0.039224 -1.183358
v -0.143287 0.069607 -1.180347
v -0.140291 0.106561 -1.177402
v -0.141322 0.126411 -1.171327
v -0.151067 0.151842 -1.154125
v -0.148890 0.179366 -1.141458
v -0.149722 0.208776 -1.119384
v -0.110344 0.001190 -1.273177
v -0.113229 0.004312 -1.246547
v -0.117690 0.012631 -1.220420
v -0.129761 0.014216 -1.197803
v -0.114108 0.033629 -1.212737
v -0.115071 0.051619 -1.204858
v -0.125962 0.070767 -1.192374
v -0.123595 0.124174 -1.182625
v -0.120861 0.152706 -1.174093
v -0.127897 0.188746 -1.150135
v -0.120844 0.207629 -1.141498
v -0.093206 0.013979 -1.331306
v -0.101242 0.013722 -1.281949
v -0.103066 0.020519 -1.249171
v -0.106827 0.025956 -1.229890
v -0.084232 0.027857 -1.299554
v -0.086468 0.030933 -1.274378
v -0.090053 0.036656 -1.248403
v -0.099232 0.045835 -1.223124
v -0.091989 0.071690 -1.214633
v -0.109047 0.073355 -1.202972
v -0.088145 0.093130 -1.209378
v -0.087482 0.127923 -1.199216
v -0.101872 0.163398 -1.178942
v -0.093442 0.180307 -1.174128
v -0.097731 0.215970 -1.147800
v -0.067344 0.038613 -1.303780
v -0.068395 0.043407 -1.275623
v -0.070422 0.050931 -1.250074
v -0.080049 0.056050 -1.232232
v -0.060167 0.063885 -1.240626
v -0.070063 0.073242 -1.226559
v -0.063519 0.096499 -1.218262
v -0.062519 0.147681 -1.200686
v -0.070393 0.188791 -1.177997
v -0.063633 0.199775 -1.173231
v -0.039665 0.048023 -1.319154
v -0.049129 0.052576 -1.277027
v -0.053026 0.057193 -1.257618
v -0.032921 0.057992 -1.278098
v -0.039793 0.069152 -1.247838
v -0.050101 0.079570 -1.232402
v -0.030488 0.084064 -1.235843
v -0.040332 0.097449 -1.224783
v -0.040115 0.134337 -1.210518
v -0.035736 0.166603 -1.198512
v -0.041256 0.204372 -1.175364
v -0.014926 0.051612 -1.330514
v -0.006758 0.055394 -1.316748
v -0.012014 0.057266 -1.299933
v -0.011543 0.062948 -1.274882
v -0.012575 0.072429 -1.252166
v -0.011264 0.086258 -1.236993
v -0.012132 0.105024 -1.224832
v -0.009876 0.166838 -1.201658
v -0.014715 0.207638 -1.176471
v -0.216010 0.155280 -1.085784
v -0.200816 0.183570 -1.086754
v -0.205524 0.207360 -1.059397
v -0.189749 0.214341 -1.073229
v -0.168066 0.199572 -1.110235
v -0.144208 0.223276 -1.110997
v -0.122497 0.236181 -1.114965
v -0.091109 0.227694 -1.141367
v -0.066899 0.231538 -1.147472
v -0.067604 0.260059 -1.118780
v -0.040483 0.238022 -1.148728
v -0.041119 0.264790 -1.121078
v -0.013386 0.240860 -1.149771
v -0.014674 0.266650 -1.123087
v -0.204102 0.235341 -1.028012
v -0.215521 0.247012 -0.988681
v -0.200053 0.257177 -1.000601
v -0.208838 0.265347 -0.965387
v -0.219306 0.276305 -0.904441
v -0.196763 0.286964 -0.939647
v -0.197922 0.293985 -0.911685
v -0.168599 0.224996 -1.086853
v -0.183468 0.243227 -1.047487
v -0.172753 0.266386 -1.028055
v -0.188670 0.273939 -0.988831
v -0.170989 0.282645 -1.000868
v -0.179792 0.291635 -0.964535
v -0.168336 0.308066 -0.942352
v -0.172528 0.313533 -0.909030
v -0.147106 0.247471 -1.083083
v -0.152902 0.260049 -1.061461
v -0.147622 0.283361 -1.030608
v -0.152866 0.300853 -0.989071
v -0.146134 0.311465 -0.972725
v -0.148987 0.324987 -0.923978
v -0.140321 0.337001 -0.886900
v -0.121753 0.262108 -1.086326
v -0.122439 0.280526 -1.060339
v -0.126701 0.303539 -1.015866
v -0.120453 0.312448 -1.003197
v -0.116151 0.333815 -0.951728
v -0.133293 0.331097 -0.932343
v -0.123801 0.342791 -0.897386
v -0.093527 0.251258 -1.117161
v -0.100276 0.273059 -1.086724
v -0.096291 0.292889 -1.060387
v -0.095020 0.309379 -1.032783
v -0.095594 0.330110 -0.985429
v -0.089986 0.336618 -0.972800
v -0.095378 0.347191 -0.927640
v -0.069786 0.282012 -1.091269
v -0.063934 0.303693 -1.061153
v -0.070752 0.314680 -1.037460
v -0.067598 0.334475 -0.996535
v -0.069185 0.347339 -0.955047
v -0.061257 0.363254 -0.896835
v -0.041085 0.288807 -1.091026
v -0.038100 0.309591 -1.060143
v -0.041633 0.335524 -1.007002
v -0.041657 0.349430 -0.965171
v -0.036233 0.362789 -0.920527
v -0.013653 0.290396 -1.093055
v -0.012307 0.309066 -1.065028
v -0.013836 0.323426 -1.037768
v -0.014603 0.338418 -1.005754
v -0.013208 0.354856 -0.956398
v 0.002462 0.363770 -0.925566
v -0.012091 0.369030 -0.893417
v -0.217610 0.275203 -0.704959
v -0.207633 0.294180 -0.869512
v -0.211638 0.291178 -0.754690
v -0.205043 0.287336 -0.706223
v -0.195342 0.308107 -0.831222
v -0.192692 0.310066 -0.784862
v -0.193380 0.304867 -0.876235
v -0.194496 0.304563 -0.747574
v -0.187961 0.300236 -0.700861
v -0.168413 0.321361 -0.882739
v -0.170339 0.323790 -0.854329
v -0.170158 0.325807 -0.824979
v -0.170884 0.325457 -0.798252
v -0.174581 0.316281 -0.731217
v -0.169915 0.309955 -0.687614
v -0.161708 0.328030 -0.755423
v -0.151504 0.325148 -0.702773
v -0.143586 0.340304 -0.838583
v -0.143762 0.340578 -0.787991
v -0.141322 0.336985 -0.736544
v -0.135435 0.331589 -0.693400
v -0.122645 0.348684 -0.853971
v -0.114303 0.354078 -0.824960
v -0.113824 0.354262 -0.796974
v -0.110234 0.354120 -0.768913
v -0.125415 0.342809 -0.726702
v -0.116369 0.338079 -0.685119
v -0.094650 0.358131 -0.868782
v -0.096344 0.348597 -0.700251
v -0.084447 0.364150 -0.832050
v -0.085712 0.363884 -0.791136
v -0.079094 0.361681 -0.877535
v -0.085990 0.360358 -0.746863
v -0.062515 0.363642 -0.727235
v -0.071042 0.346400 -0.660962
v -0.067304 0.367758 -0.840439
v -0.070396 0.367321 -0.783478
v -0.039128 0.363357 -0.704333
v -0.040591 0.369764 -0.869107
v -0.039235 0.372909 -0.811987
v -0.040813 0.370063 -0.754557
v -0.013991 0.363915 -0.697399
v -0.013678 0.374257 -0.837931
v -0.014954 0.374353 -0.785918
v -0.012854 0.369594 -0.731425
v -0.208097 0.265389 -0.629552
v -0.210819 0.263014 -0.604182
v -0.209018 0.269008 -0.656128
v -0.210303 0.270841 -0.571875
v -0.201449 0.305857 -0.485967
v -0.218736 0.302146 -0.447521
v -0.181431 0.287933 -0.603079
v -0.196269 0.280973 -0.577585
v -0.181448 0.293424 -0.658213
v -0.177126 0.290950 -0.629299
v -0.181359 0.293907 -0.572746
v -0.179502 0.323558 -0.476084
v -0.155667 0.308599 -0.649300
v -0.156482 0.303841 -0.628376
v -0.156487 0.303764 -0.602285
v -0.165162 0.304318 -0.573336
v -0.128029 0.318891 -0.601747
v -0.149054 0.314097 -0.571650
v -0.169498 0.334256 -0.458989
v -0.143027 0.338441 -0.496319
v -0.149407 0.350817 -0.432881
v -0.141601 0.310661 -0.622409
v -0.141572 0.310489 -0.609001
v -0.127725 0.320011 -0.633390
v -0.125828 0.326530 -0.568445
v -0.122054 0.351862 -0.480031
v -0.119548 0.364688 -0.428619
v -0.100007 0.334873 -0.647517
v -0.100759 0.330738 -0.628430
v -0.100317 0.330407 -0.601241
v -0.108555 0.332674 -0.571936
v -0.068926 0.340106 -0.600585
v -0.073258 0.342863 -0.576043
v -0.099123 0.345527 -0.534184
v -0.097552 0.359104 -0.486260
v -0.095022 0.366469 -0.458620
v -0.072128 0.339530 -0.626514
v -0.083403 0.334850 -0.608102
v -0.068247 0.351480 -0.543583
v -0.066249 0.363914 -0.500044
v -0.068401 0.373869 -0.452630
v -0.041582 0.351361 -0.657572
v -0.041646 0.346281 -0.629866
v -0.041496 0.345401 -0.601683
v -0.044785 0.349948 -0.566678
v -0.041139 0.365294 -0.511153
v -0.041546 0.378692 -0.450756
v -0.013832 0.353603 -0.655886
v -0.013882 0.348906 -0.629442
v -0.013875 0.348066 -0.601742
v -0.013962 0.351810 -0.573830
v -0.010848 0.362508 -0.532995
v -0.013874 0.378991 -0.460965
v -0.206772 0.320264 -0.410473
v -0.191879 0.343319 -0.349524
v -0.207471 0.343204 -0.284372
v -0.207636 0.353714 -0.198004
v -0.189302 0.329346 -0.424813
v -0.183420 0.355892 -0.304815
v -0.195531 0.363769 -0.177962
v -0.169669 0.365391 -0.292268
v -0.163713 0.359511 -0.350587
v -0.142202 0.365792 -0.373991
v -0.151851 0.372299 -0.306337
v -0.153248 0.384258 -0.200128
v -0.133206 0.358726 -0.430581
v -0.121223 0.383567 -0.317243
v -0.139186 0.389706 -0.209171
v -0.089415 0.390502 -0.338800
v -0.110476 0.390289 -0.297216
v -0.094781 0.396547 -0.281461
v -0.066164 0.391113 -0.366012
v -0.067745 0.398812 -0.312423
v -0.068049 0.410275 -0.207311
v -0.038193 0.391943 -0.385634
v -0.042500 0.403819 -0.303427
v -0.041542 0.414374 -0.209169
v -0.012218 0.392510 -0.392923
v -0.014341 0.405319 -0.310209
v -0.013086 0.417460 -0.207213
v -0.212765 0.354992 -0.144134
v -0.216923 0.357031 -0.038092
v -0.198025 0.366585 -0.108577
v -0.201459 0.367916 -0.000062
v -0.178432 0.374760 -0.164952
v -0.182208 0.378546 -0.038435
v -0.160903 0.385179 -0.143692
v -0.164277 0.387919 -0.040081
v -0.143388 0.393995 -0.129706
v -0.145351 0.396779 -0.023358
v -0.124885 0.398139 -0.174277
v -0.099660 0.412469 -0.085863
v -0.107530 0.412185 -0.026946
v -0.088002 0.411710 -0.148614
v -0.099413 0.416477 -0.014011
v -0.086939 0.426005 0.009912
v -0.048036 0.418015 -0.178331
v -0.053641 0.419716 -0.161489
v -0.073213 0.419130 -0.126707
v -0.081456 0.420393 -0.087128
v -0.084667 0.425149 -0.024533
v -0.060078 0.428161 -0.116690
v -0.064528 0.430001 -0.095758
v -0.067259 0.433152 -0.069965
v -0.073151 0.439225 -0.009321
v -0.055659 0.425504 -0.136685
v -0.029849 0.423835 -0.170583
v -0.034405 0.430096 -0.151727
v -0.043377 0.438663 -0.126542
v -0.051370 0.444080 -0.097312
v -0.056866 0.446986 -0.069286
v -0.062398 0.449954 -0.029133
v -0.012091 0.425519 -0.177433
v -0.013501 0.440585 -0.152740
v -0.026169 0.447254 -0.137467
v -0.063019 0.464689 -0.007192
v -0.057525 0.488735 -0.016235
v -0.034844 0.464243 -0.117965
v -0.043486 0.465547 -0.095289
v -0.049881 0.466808 -0.070115
v -0.057149 0.465823 -0.031602
v -0.031685 0.492072 -0.115293
v -0.040294 0.490877 -0.094190
v -0.050343 0.488331 -0.057333
v -0.038060 0.547004 -0.093645
v -0.045072 0.547655 -0.069151
v -0.052866 0.542660 -0.034298
v -0.029751 0.545519 -0.114222
v -0.027655 0.571574 -0.113007
v -0.035786 0.573721 -0.093978
v -0.041322 0.588749 -0.071251
v -0.047335 0.590763 -0.043896
v -0.052056 0.590424 -0.016417
v -0.024375 0.592039 -0.111293
v -0.031177 0.602155 -0.095491
v -0.028884 0.628250 -0.088935
v -0.036419 0.629457 -0.067499
v -0.040055 0.644250 -0.042894
v -0.044449 0.648200 -0.014405
v -0.024752 0.647529 -0.084648
v -0.027914 0.669624 -0.064321
v -0.008703 0.464659 -0.142715
v -0.022472 0.465916 -0.132689
v -0.007572 0.490322 -0.139689
v -0.020825 0.490911 -0.130698
v -0.019576 0.541061 -0.129531
v -0.006300 0.563176 -0.136743
v -0.016979 0.572675 -0.126635
v -0.004573 0.587482 -0.132116
v -0.011305 0.599783 -0.120775
v -0.019249 0.626537 -0.104699
v -0.007457 0.626905 -0.113409
v -0.005075 0.643778 -0.107218
v -0.011573 0.655729 -0.093409
v -0.018575 0.682333 -0.070755
v -0.031298 0.683994 -0.039896
v -0.038767 0.685243 0.000989
v -0.027525 0.709196 -0.019309
v -0.022874 0.725277 -0.001288
v -0.003797 0.696059 -0.075817
v -0.023366 0.694901 -0.050828
v -0.007541 0.705497 -0.061543
v -0.017987 0.713807 -0.036991
v -0.003441 0.718978 -0.051381
v -0.010509 0.734080 -0.009003
v -0.004275 0.746650 0.002896
v -0.633005 0.003291 1.068579
v -0.636363 0.005471 1.083668
v -0.639634 0.006299 1.107190
v -0.611773 0.003757 1.044093
v -0.620670 0.007305 1.058805
v -0.624488 0.016775 1.080311
v -0.630221 0.018235 1.106912
v -0.616160 0.027500 1.098577
v -0.597862 0.019537 1.049109
v -0.609997 0.023034 1.069429
v -0.587108 0.028402 1.055788
v -0.598791 0.031164 1.079870
v -0.597726 0.035444 1.106768
v -0.559215 0.005760 1.013432
v -0.573017 0.011773 1.026457
v -0.544771 0.027774 1.025595
v -0.573340 0.038435 1.078580
v -0.560530 0.046131 1.107812
v -0.540834 0.009924 1.007588
v -0.553109 0.018082 1.018464
v -0.533093 0.022602 1.012843
v -0.545037 0.038390 1.051440
v -0.531861 0.047638 1.077657
v -0.500974 0.004046 0.986869
v -0.512315 0.009762 0.996375
v -0.495082 0.027952 1.006158
v -0.501840 0.037828 1.026171
v -0.501351 0.046546 1.050498
v -0.501049 0.056470 1.098220
v -0.484800 0.005810 0.984077
v -0.487743 0.016934 0.992201
v -0.484258 0.053468 1.067843
v -0.438085 0.007661 0.980287
v -0.448431 0.021332 0.988669
v -0.452312 0.032898 1.003246
v -0.449019 0.043051 1.022603
v -0.462367 0.050962 1.048800
v -0.429572 0.056877 1.060422
v -0.449485 0.058664 1.077141
v -0.442340 0.062967 1.106894
v -0.640448 0.006373 1.132973
v -0.638692 0.005673 1.156641
v -0.634920 0.004249 1.172847
v -0.631454 0.018299 1.133493
v -0.629425 0.016248 1.159202
v -0.622842 0.010391 1.184063
v -0.614280 0.005962 1.203658
v -0.616987 0.028501 1.133774
v -0.616073 0.026950 1.158590
v -0.614070 0.023532 1.177811
v -0.608619 0.018588 1.197752
v -0.599253 0.012115 1.217661
v -0.581327 0.003882 1.253088
v -0.597594 0.036637 1.133896
v -0.597568 0.035117 1.160917
v -0.598415 0.029789 1.187737
v -0.591582 0.026156 1.208580
v -0.583421 0.022361 1.228140
v -0.572509 0.020012 1.245661
v -0.566990 0.045887 1.134661
v -0.574169 0.042821 1.161821
v -0.574076 0.039191 1.189618
v -0.573047 0.032986 1.217136
v -0.564299 0.030636 1.235466
v -0.546152 0.012624 1.271652
v -0.532761 0.006370 1.287255
v -0.536880 0.052366 1.160480
v -0.541118 0.048884 1.189558
v -0.546863 0.041877 1.217900
v -0.537052 0.027575 1.264138
v -0.526958 0.020076 1.281816
v -0.514618 0.011581 1.297153
v -0.501937 0.005763 1.310163
v -0.509758 0.057462 1.131606
v -0.509420 0.052070 1.218896
v -0.518355 0.042615 1.245891
v -0.516479 0.032792 1.272007
v -0.506923 0.026203 1.290128
v -0.490930 0.060349 1.157936
v -0.501174 0.057718 1.185779
v -0.492767 0.056884 1.210516
v -0.496517 0.018553 1.305470
v -0.485111 0.010325 1.316906
v -0.488436 0.050827 1.246502
v -0.489282 0.041559 1.273115
v -0.486776 0.030900 1.297146
v -0.477460 0.023899 1.312281
v -0.471427 0.056162 1.237552
v -0.458981 0.010775 1.329989
v -0.461401 0.048623 1.274038
v -0.446789 0.041555 1.300869
v -0.458039 0.027304 1.318054
v -0.443445 0.064863 1.133184
v -0.449766 0.064209 1.188675
v -0.431647 0.056746 1.265671
v -0.446091 0.005522 1.340525
v -0.395026 0.013669 0.075526
v -0.391821 0.010494 0.166925
v -0.392261 0.032863 0.133779
v -0.392718 0.063241 0.029783
v -0.381077 0.014380 0.276515
v -0.390458 0.043171 0.153013
v -0.390354 0.082976 0.010128
v -0.387818 0.070302 0.132288
v -0.383514 0.069957 0.193949
v -0.386888 0.097007 0.022418
v -0.380547 0.099202 0.163757
v -0.379430 0.123888 0.032816
v -0.374451 0.122800 0.165603
v -0.371962 0.148516 0.024187
v -0.367900 0.150950 0.129764
v -0.366063 0.142928 0.194564
v -0.361758 0.166369 0.138814
v -0.359922 0.159274 0.198222
v -0.356099 0.188316 0.029495
v -0.355331 0.182047 0.133423
v -0.345481 0.194044 0.190099
v -0.347383 0.205750 0.037403
v -0.336378 0.219784 0.134392
v -0.331386 0.220075 0.192625
v -0.374698 0.013846 0.329130
v -0.365177 0.013522 0.393378
v -0.376932 0.041365 0.299425
v -0.363768 0.040777 0.391548
v -0.374068 0.069127 0.293374
v -0.364910 0.071872 0.360087
v -0.370486 0.094636 0.283253
v -0.363738 0.095862 0.337166
v -0.364944 0.114959 0.290333
v -0.352031 0.013697 0.464936
v -0.350369 0.071203 0.441848
v -0.338287 0.104281 0.469735
v -0.359159 0.128430 0.305957
v -0.339641 0.124769 0.432713
v -0.350352 0.155514 0.298763
v -0.339113 0.147985 0.390856
v -0.341389 0.178517 0.294811
v -0.337149 0.169645 0.350336
v -0.332624 0.129260 0.460579
v -0.330430 0.157097 0.418847
v -0.332082 0.192553 0.315948
v -0.321663 0.179782 0.411111
v -0.327261 0.209259 0.284843
v -0.318807 0.209920 0.341515
v -0.307689 0.192114 0.450384
v -0.297010 0.210476 0.450618
v -0.337068 0.013554 0.532714
v -0.347779 0.041653 0.475933
v -0.335431 0.041061 0.531610
v -0.337608 0.068897 0.506500
v -0.336654 0.086390 0.495720
v -0.321752 0.013801 0.590954
v -0.307107 0.011786 0.642281
v -0.310349 0.040749 0.624417
v -0.310456 0.073716 0.607376
v -0.309930 0.101398 0.586461
v -0.308608 0.127121 0.561913
v -0.319659 0.155619 0.472761
v -0.305396 0.147602 0.544558
v -0.281845 0.067835 0.695520
v -0.283405 0.105741 0.663092
v -0.283845 0.131350 0.636007
v -0.310320 0.170161 0.485885
v -0.281413 0.155293 0.612716
v -0.282091 0.190697 0.551301
v -0.278891 0.175771 0.589032
v -0.250011 0.151185 0.701229
v -0.256894 0.176269 0.648660
v -0.273744 0.212981 0.531053
v -0.259257 0.204305 0.595114
v -0.242390 0.185231 0.670788
v -0.248123 0.219895 0.594492
v -0.238078 0.207466 0.643615
v -0.280658 0.014890 0.716274
v -0.281963 0.041685 0.706640
v -0.251446 0.012796 0.783967
v -0.253079 0.042205 0.774140
v -0.278646 0.093384 0.686913
v -0.258726 0.071968 0.749478
v -0.254047 0.092159 0.747496
v -0.252590 0.128065 0.721388
v -0.223406 0.013190 0.838084
v -0.223981 0.042127 0.830899
v -0.226311 0.070236 0.816002
v -0.251095 0.111104 0.739646
v -0.225717 0.093163 0.804136
v -0.222592 0.124330 0.785485
v -0.222908 0.152964 0.756000
v -0.228379 0.172524 0.720786
v -0.419580 0.052063 1.040948
v -0.392189 0.023066 0.986784
v -0.392421 0.035045 1.000757
v -0.390631 0.045061 1.019351
v -0.392410 0.062331 1.080139
v -0.395555 0.065749 1.105075
v -0.365189 0.008267 0.979423
v -0.363877 0.052704 1.037777
v -0.364479 0.058368 1.057292
v -0.336292 0.022126 0.987766
v -0.335339 0.034343 1.001357
v -0.332710 0.044481 1.019120
v -0.337488 0.063422 1.080511
v -0.338708 0.067382 1.105723
v -0.299868 0.006626 0.982533
v -0.306269 0.051580 1.037953
v -0.304613 0.057807 1.057291
v -0.295396 0.018124 0.990217
v -0.294360 0.031802 1.003859
v -0.294096 0.043216 1.021519
v -0.290845 0.062628 1.079919
v -0.290544 0.066992 1.104953
v -0.281581 0.004336 0.984750
v -0.269570 0.010517 0.992597
v -0.267368 0.028352 1.005816
v -0.241273 0.039668 1.024689
v -0.239552 0.010262 0.997855
v -0.241478 0.026521 1.008242
v -0.213926 0.050259 1.049316
v -0.214641 0.059832 1.078249
v -0.212439 0.065452 1.107485
v -0.441018 0.018488 1.335348
v -0.432579 0.052320 1.281329
v -0.432485 0.031583 1.325698
v -0.410173 0.068503 1.160523
v -0.425215 0.064800 1.215744
v -0.424207 0.061692 1.242693
v -0.388391 0.051751 1.305629
v -0.383904 0.041111 1.331078
v -0.395579 0.068262 1.132880
v -0.378304 0.070336 1.190934
v -0.377252 0.057091 1.293068
v -0.366632 0.069534 1.216846
v -0.365174 0.066877 1.243673
v -0.367844 0.062528 1.271282
v -0.336285 0.048592 1.331700
v -0.323040 0.070729 1.134157
v -0.339277 0.071880 1.160877
v -0.314132 0.055901 1.318686
v -0.288680 0.073232 1.187395
v -0.283350 0.072662 1.215730
v -0.311125 0.069727 1.244312
v -0.305994 0.066374 1.271462
v -0.296266 0.062224 1.297763
v -0.282550 0.051342 1.338108
v -0.282075 0.072460 1.161447
v -0.212725 0.069013 1.135328
v -0.252493 0.070639 1.246354
v -0.245601 0.067526 1.274164
v -0.253450 0.058371 1.320800
v -0.226270 0.052452 1.342134
v -0.226705 0.063423 1.299482
v -0.428870 0.010220 1.345360
v -0.421850 0.024001 1.339963
v -0.400861 0.010442 1.356640
v -0.389045 0.004546 1.366155
v -0.401888 0.027123 1.344294
v -0.374501 0.019117 1.362527
v -0.373330 0.007093 1.369593
v -0.377236 0.031576 1.348635
v -0.348845 0.011096 1.372851
v -0.349445 0.033862 1.354375
v -0.327182 0.025941 1.369429
v -0.320462 0.010013 1.379503
v -0.315074 0.040124 1.354056
v -0.290453 0.010542 1.387023
v -0.278421 0.004351 1.395198
v -0.292771 0.028454 1.374033
v -0.264610 0.018146 1.389751
v -0.254710 0.006698 1.397920
v -0.260060 0.044128 1.357920
v -0.265669 0.031846 1.376149
v -0.237708 0.021296 1.391452
v -0.237958 0.034006 1.377554
v -0.326965 0.237027 0.111040
v -0.321812 0.238185 0.179281
v -0.314743 0.259523 0.022451
v -0.313466 0.255956 0.125761
v -0.304810 0.260170 0.197259
v -0.302125 0.276043 0.038810
v -0.293438 0.280779 0.145941
v -0.289760 0.291168 0.041433
v -0.285477 0.284863 0.193435
v -0.277433 0.305084 0.036863
v -0.274519 0.302526 0.141367
v -0.266767 0.306168 0.186334
v -0.263919 0.318695 0.022540
v -0.260938 0.316961 0.129138
v -0.249041 0.331843 0.036907
v -0.244693 0.329476 0.155869
v -0.238130 0.325398 0.241458
v -0.232988 0.344950 0.041098
v -0.229392 0.342769 0.143976
v -0.226216 0.338841 0.211015
v -0.313644 0.228631 0.302216
v -0.304119 0.230013 0.356286
v -0.302292 0.246034 0.300501
v -0.278283 0.239925 0.444744
v -0.288074 0.265461 0.297621
v -0.285473 0.254856 0.358661
v -0.274496 0.274843 0.332381
v -0.264090 0.262993 0.426399
v -0.271793 0.287678 0.280077
v -0.259614 0.288526 0.343703
v -0.244746 0.282458 0.432804
v -0.253081 0.309007 0.262774
v -0.245391 0.272801 0.464531
v -0.243564 0.310109 0.313208
v -0.235378 0.306518 0.367174
v -0.277515 0.230554 0.475274
v -0.249440 0.234849 0.557144
v -0.256350 0.256946 0.476046
v -0.229097 0.233146 0.615614
v -0.228174 0.254431 0.568214
v -0.229817 0.284643 0.475408
v -0.208816 0.208546 0.706100
v -0.193696 0.012938 0.887572
v -0.202903 0.043683 0.865069
v -0.201055 0.066879 0.859393
v -0.216457 0.099036 0.816321
v -0.199017 0.121485 0.828115
v -0.220613 0.191666 0.709003
v -0.204342 0.176453 0.761109
v -0.189845 0.041048 0.889549
v -0.186514 0.069189 0.883399
v -0.177924 0.092243 0.882560
v -0.194079 0.142674 0.816969
v -0.170559 0.116965 0.874131
v -0.183680 0.154804 0.820060
v -0.190207 0.190165 0.766028
v -0.193125 0.220432 0.715074
v -0.169375 0.096235 0.896278
v -0.166596 0.138466 0.859511
v -0.156273 0.128189 0.885625
v -0.173133 0.171312 0.816500
v -0.147941 0.146280 0.876481
v -0.157554 0.183612 0.821692
v -0.167919 0.209281 0.772283
v -0.149905 0.203918 0.803781
v -0.133882 0.152753 0.889040
v -0.140515 0.168334 0.859776
v -0.132647 0.184353 0.848887
v -0.127552 0.209226 0.821237
v -0.115978 0.168867 0.887898
v -0.111014 0.195096 0.855681
v -0.099195 0.183410 0.884853
v -0.099657 0.208079 0.847483
v -0.081209 0.192207 0.886183
v -0.065428 0.215173 0.859224
v -0.066306 0.201520 0.881280
v -0.040885 0.218788 0.864007
v -0.039974 0.207902 0.884266
v -0.013786 0.221389 0.866055
v -0.013424 0.211051 0.886118
v -0.197496 0.006659 0.982800
v -0.210765 0.013304 0.997336
v -0.207458 0.024448 1.006490
v -0.213994 0.037097 1.021559
v -0.208611 0.055391 1.064143
v -0.184111 0.013618 0.913971
v -0.181192 0.013182 0.940197
v -0.186090 0.013574 0.969933
v -0.192727 0.024253 0.991637
v -0.195776 0.031021 1.006365
v -0.181009 0.040566 0.912868
v -0.176832 0.038308 0.939220
v -0.177630 0.037729 0.966874
v -0.182030 0.040748 0.992714
v -0.191066 0.043931 1.017792
v -0.193787 0.053058 1.044820
v -0.194617 0.057023 1.061820
v -0.174878 0.068011 0.911141
v -0.170759 0.060691 0.939008
v -0.169673 0.058128 0.966369
v -0.171056 0.058344 0.993585
v -0.174484 0.059994 1.020695
v -0.178084 0.062865 1.048008
v -0.185636 0.064173 1.074457
v -0.184228 0.068559 1.104918
v -0.162224 0.094849 0.916273
v -0.156721 0.094295 0.940110
v -0.153451 0.091935 0.975028
v -0.160760 0.076455 0.993880
v -0.160609 0.077203 1.021658
v -0.151630 0.085689 1.068964
v -0.162551 0.076214 1.076842
v -0.160549 0.076946 1.104738
v -0.150270 0.095593 0.993330
v -0.139755 0.111061 1.005986
v -0.141000 0.089512 1.113156
v -0.149446 0.119719 0.912400
v -0.144025 0.115467 0.943150
v -0.140844 0.101488 1.050009
v -0.130615 0.102618 1.098425
v -0.136317 0.135884 0.914312
v -0.131866 0.131619 0.944474
v -0.129103 0.123546 1.016516
v -0.119387 0.125833 1.060976
v -0.116014 0.113713 1.117734
v -0.123145 0.151151 0.912917
v -0.118235 0.146693 0.943895
v -0.111929 0.139428 1.033296
v -0.107382 0.135284 1.073695
v -0.099379 0.127627 1.125417
v -0.107489 0.164016 0.914034
v -0.103719 0.159521 0.943225
v -0.095908 0.156407 1.013885
v -0.097798 0.148724 1.050002
v -0.088487 0.145180 1.097365
v -0.090652 0.176742 0.911625
v -0.086443 0.171825 0.941292
v -0.083437 0.166525 1.001605
v -0.078094 0.160622 1.060681
v -0.067965 0.152833 1.116748
v -0.068489 0.187797 0.911375
v -0.063573 0.183245 0.940546
v -0.066953 0.172386 1.021023
v -0.058847 0.169281 1.065481
v -0.052595 0.164317 1.101820
v -0.053714 0.193814 0.909014
v -0.036342 0.193468 0.932776
v -0.041225 0.184954 0.990537
v -0.039474 0.176173 1.061921
v -0.034366 0.166595 1.116168
v -0.038240 0.199081 0.907273
v -0.014965 0.191119 0.987092
v -0.013751 0.182802 1.045424
v -0.012620 0.175473 1.089169
v -0.012910 0.202570 0.909396
v -0.012862 0.197160 0.935922
v -0.005031 0.194071 0.976740
v -0.204093 0.071930 1.177451
v -0.198477 0.058540 1.322193
v -0.169806 0.052664 1.341002
v -0.182589 0.071297 1.133571
v -0.182690 0.072109 1.161891
v -0.179423 0.071623 1.215985
v -0.154028 0.069588 1.249710
v -0.149851 0.066067 1.276540
v -0.147724 0.062499 1.297692
v -0.155336 0.078642 1.133444
v -0.157187 0.076216 1.162186
v -0.148930 0.073549 1.220526
v -0.095408 0.052619 1.330554
v -0.138910 0.086002 1.143634
v -0.137133 0.083349 1.164162
v -0.123093 0.079623 1.218580
v -0.126392 0.073473 1.245992
v -0.126303 0.067784 1.273577
v -0.112898 0.058394 1.313565
v -0.122989 0.096165 1.151574
v -0.111620 0.089981 1.200037
v -0.094197 0.060339 1.308338
v -0.106852 0.084255 1.226177
v -0.100066 0.080235 1.247832
v -0.099229 0.071541 1.275229
v -0.108993 0.105348 1.162052
v -0.089458 0.102495 1.209156
v -0.088551 0.093773 1.228725
v -0.092151 0.120432 1.162516
v -0.069980 0.052039 1.331567
v -0.078819 0.085271 1.257960
v -0.072717 0.079005 1.276798
v -0.058504 0.059834 1.318628
v -0.077844 0.132792 1.159952
v -0.064610 0.126519 1.195547
v -0.058185 0.110479 1.234051
v -0.058335 0.140017 1.172055
v -0.042081 0.050281 1.336539
v -0.051812 0.083383 1.283487
v -0.039222 0.076825 1.299301
v -0.053926 0.097427 1.259733
v -0.031096 0.107988 1.259094
v -0.041655 0.132118 1.207358
v -0.038494 0.115335 1.241775
v -0.040268 0.158867 1.134234
v -0.038796 0.143102 1.184625
v -0.030159 0.137985 1.203287
v -0.023487 0.037492 1.355008
v -0.013876 0.064674 1.319215
v -0.011375 0.089440 1.290433
v -0.013545 0.139206 1.207361
v -0.012118 0.112109 1.259463
v -0.013629 0.167521 1.124757
v -0.012771 0.149944 1.178705
v -0.196377 0.022907 1.393016
v -0.193331 0.008282 1.400551
v -0.198403 0.045448 1.360437
v -0.197713 0.035304 1.378892
v -0.140299 0.022680 1.392606
v -0.137695 0.008025 1.400249
v -0.142096 0.044328 1.359698
v -0.139578 0.034510 1.378361
v -0.098515 0.020288 1.390277
v -0.077472 0.006078 1.396409
v -0.067759 0.041465 1.353542
v -0.088666 0.030888 1.375595
v -0.072212 0.017015 1.387906
v -0.047217 0.010092 1.384330
v -0.058935 0.004101 1.393272
v -0.046389 0.026169 1.372015
v -0.015113 0.025193 1.367492
v -0.016293 0.011650 1.376069
v 0.006748 0.035974 1.356246
v -0.217480 0.356886 0.022423
v -0.213972 0.355183 0.130146
v -0.208377 0.353037 0.199383
v -0.197226 0.365697 0.139503
v -0.191047 0.365079 0.190893
v -0.183197 0.378011 0.038009
v -0.179508 0.375454 0.144257
v -0.172486 0.369624 0.243676
v -0.159493 0.390717 0.017487
v -0.160073 0.389136 0.066648
v -0.156393 0.387798 0.139425
v -0.150417 0.386540 0.192638
v -0.123456 0.406066 0.046189
v -0.122921 0.403175 0.139219
v -0.123190 0.398611 0.197077
v -0.105001 0.414674 0.034343
v -0.105300 0.413387 0.113181
v -0.100577 0.411981 0.182694
v -0.089230 0.425798 0.080398
v -0.088506 0.424801 0.137244
v -0.085289 0.421910 0.198452
v -0.076214 0.442088 0.053250
v -0.076597 0.441885 0.130212
v -0.076079 0.436482 0.180966
v -0.071041 0.438739 0.209157
v -0.214042 0.310163 0.430693
v -0.220743 0.330741 0.303718
v -0.204485 0.333529 0.355821
v -0.206649 0.342306 0.295423
v -0.190250 0.328656 0.425068
v -0.185183 0.354914 0.304003
v -0.183360 0.345734 0.364081
v -0.170404 0.338224 0.438331
v -0.167709 0.362390 0.321702
v -0.152210 0.350545 0.428073
v -0.152914 0.371609 0.308061
v -0.142980 0.365152 0.375681
v -0.126982 0.360868 0.433868
v -0.108802 0.390718 0.305589
v -0.085307 0.392670 0.339741
v -0.095487 0.366714 0.456349
v -0.097426 0.403107 0.259842
v -0.091781 0.396790 0.312077
v -0.087716 0.386546 0.364497
v -0.059555 0.393438 0.368059
v -0.069612 0.382637 0.406230
v -0.075083 0.365941 0.484395
v -0.080713 0.419057 0.238015
v -0.070155 0.413065 0.296829
v -0.068665 0.405448 0.322398
v -0.067031 0.397396 0.347944
v -0.065617 0.438613 0.237553
v -0.060044 0.426799 0.286827
v -0.039110 0.392528 0.389096
v -0.039422 0.388549 0.404337
v -0.055955 0.422041 0.305482
v -0.046941 0.418366 0.326721
v -0.042344 0.406496 0.350456
v -0.039294 0.396736 0.374656
v -0.056133 0.446109 0.260463
v -0.050484 0.437953 0.294072
v -0.039135 0.438862 0.317213
v -0.012485 0.391815 0.401237
v -0.014090 0.377094 0.469435
v -0.029420 0.423853 0.337044
v -0.015917 0.416490 0.351513
v -0.013388 0.401803 0.374185
v -0.025470 0.440067 0.332082
v -0.010060 0.438532 0.341957
v -0.215861 0.242093 0.626940
v -0.213134 0.269807 0.565607
v -0.206586 0.257089 0.613730
v -0.211120 0.299815 0.479203
v -0.204819 0.284370 0.544297
v -0.181972 0.235238 0.707321
v -0.187540 0.283902 0.586751
v -0.182898 0.266011 0.639760
v -0.196887 0.309149 0.486120
v -0.183280 0.320187 0.479595
v -0.169489 0.281894 0.626234
v -0.167602 0.306796 0.558793
v -0.155431 0.293553 0.619221
v -0.158572 0.328546 0.503844
v -0.140654 0.307553 0.604358
v -0.116615 0.305773 0.640722
v -0.138333 0.335806 0.514971
v -0.126475 0.318175 0.592514
v -0.124493 0.341395 0.516234
v -0.096397 0.306214 0.660724
v -0.108011 0.332254 0.572065
v -0.089026 0.333860 0.589067
v -0.111666 0.362797 0.451106
v -0.099200 0.353367 0.505756
v -0.067510 0.305192 0.686838
v -0.071739 0.327554 0.622281
v -0.065824 0.364004 0.499880
v -0.063731 0.335387 0.605837
v -0.041268 0.337339 0.611582
v -0.039572 0.364126 0.516973
v -0.013075 0.308219 0.700200
v -0.012175 0.362920 0.531572
v -0.015022 0.339491 0.612255
v -0.169468 0.250944 0.696090
v -0.153500 0.247206 0.727693
v -0.143238 0.225454 0.778507
v -0.143901 0.274744 0.682552
v -0.124028 0.248709 0.759988
v -0.119969 0.223471 0.807101
v -0.122826 0.276877 0.704992
v -0.095050 0.249281 0.785521
v -0.091228 0.222048 0.833697
v -0.098941 0.271059 0.740994
v -0.093814 0.281487 0.723246
v -0.066584 0.248470 0.806234
v -0.066157 0.277170 0.751732
v -0.041468 0.251370 0.812309
v -0.041440 0.280641 0.755428
v -0.038931 0.306398 0.698641
v -0.014496 0.253216 0.814702
v -0.013165 0.284822 0.752766
v -0.068083 0.464054 0.057856
v -0.068788 0.464313 0.112776
v -0.066270 0.464008 0.175564
v -0.062813 0.462871 0.206748
v -0.062013 0.491927 0.027290
v -0.064535 0.492679 0.085229
v -0.063751 0.492864 0.140134
v -0.060979 0.492507 0.182643
v -0.058422 0.490154 0.207855
v -0.056824 0.552223 -0.001998
v -0.060460 0.559124 0.056409
v -0.059648 0.581030 0.088879
v -0.055847 0.588437 0.012002
v -0.058735 0.577005 0.139976
v -0.056061 0.558527 0.191079
v -0.056017 0.613839 0.051736
v -0.055466 0.621241 0.103787
v -0.055179 0.482175 0.231696
v -0.053146 0.555566 0.213395
v -0.054841 0.592253 0.173281
v -0.053447 0.620930 0.146378
v -0.044465 0.619901 0.211539
v -0.047623 0.648827 0.011500
v -0.049967 0.648538 0.039129
v -0.050544 0.652423 0.070113
v -0.043931 0.648333 0.183117
v -0.045746 0.676084 0.098441
v -0.045094 0.673176 0.124205
v -0.041059 0.677572 0.154668
v -0.036729 0.656333 0.208444
v -0.058349 0.463220 0.230124
v -0.048594 0.470829 0.267972
v -0.043504 0.463564 0.292092
v -0.034334 0.463328 0.313564
v -0.038603 0.499255 0.292797
v -0.030082 0.502344 0.311680
v -0.049431 0.539642 0.240131
v -0.043680 0.536867 0.264887
v -0.034963 0.544718 0.289161
v -0.024982 0.542742 0.309903
v -0.043561 0.591994 0.238013
v -0.036571 0.592165 0.262914
v -0.029786 0.572083 0.289709
v -0.027169 0.597839 0.282514
v -0.036662 0.628258 0.236140
v -0.028402 0.625837 0.261250
v -0.022934 0.616297 0.278001
v -0.029223 0.654642 0.234657
v -0.024047 0.645619 0.253569
v -0.022678 0.463513 0.329065
v -0.008273 0.463201 0.337984
v -0.018727 0.514406 0.325205
v -0.006305 0.520302 0.332878
v -0.015896 0.542780 0.321042
v -0.005479 0.539961 0.329964
v -0.018100 0.595285 0.296931
v -0.010313 0.568450 0.314227
v -0.004069 0.556051 0.325856
v -0.006570 0.595162 0.305852
v -0.017519 0.635041 0.271113
v -0.010121 0.622389 0.286312
v -0.004372 0.611312 0.299448
v -0.018235 0.664559 0.244560
v -0.010851 0.653156 0.261226
v -0.005564 0.640564 0.276655
v -0.042783 0.688243 0.056615
v -0.035364 0.682558 0.180465
v -0.028737 0.681752 0.206369
v -0.033728 0.708891 0.015655
v -0.036263 0.711802 0.056543
v -0.036740 0.709655 0.097765
v -0.034804 0.709479 0.125186
v -0.030270 0.710536 0.153013
v -0.027818 0.703478 0.178692
v -0.023508 0.698923 0.197166
v -0.026268 0.727622 0.017928
v -0.028517 0.729287 0.042959
v -0.029402 0.730045 0.070047
v -0.028940 0.729725 0.097292
v -0.027002 0.728415 0.122841
v -0.023739 0.726422 0.142766
v -0.017917 0.691836 0.215811
v -0.018923 0.717621 0.177939
v -0.010561 0.707538 0.203557
v -0.016177 0.741201 0.016834
v -0.018698 0.744265 0.042780
v -0.019538 0.745351 0.070040
v -0.018974 0.744724 0.097435
v -0.016629 0.742078 0.123814
v -0.010947 0.735727 0.150174
v -0.007067 0.727626 0.176769
v -0.004692 0.721171 0.192837
v -0.005725 0.750726 0.019317
v -0.006639 0.753334 0.043216
v -0.007058 0.754364 0.084178
v -0.005891 0.751356 0.121204
v -0.004448 0.747559 0.138035
v -0.024226 0.673867 0.225952
v -0.010989 0.681651 0.233579
v -0.005841 0.670316 0.250269
v -0.005751 0.697566 0.221476
v 0.009287 -0.250165 -0.893201
v 0.013317 -0.226518 -0.983493
v 0.014204 -0.236189 -0.951347
v 0.038642 -0.224961 -0.982041
v 0.042265 -0.233661 -0.951020
v 0.039607 -0.246310 -0.895350
v 0.062653 -0.223770 -0.973957
v 0.069077 -0.235198 -0.923862
v 0.092137 -0.224543 -0.944542
v 0.094803 -0.232856 -0.900751
v 0.113683 -0.223647 -0.916367
v 0.013544 -0.307791 -0.701325
v 0.013348 -0.273705 -0.777441
v 0.012357 -0.257463 -0.831450
v 0.013766 -0.265015 -0.800945
v 0.037487 -0.306420 -0.699094
v 0.039444 -0.272010 -0.775361
v 0.033641 -0.252416 -0.858430
v 0.041260 -0.255862 -0.826938
v 0.040980 -0.262669 -0.799848
v 0.063546 -0.251373 -0.828047
v 0.055747 -0.307313 -0.688038
v 0.063369 -0.278876 -0.750093
v 0.069481 -0.303480 -0.689654
v 0.068161 -0.253150 -0.813973
v 0.067297 -0.258088 -0.796711
v 0.069652 -0.267767 -0.769819
v 0.071513 -0.241630 -0.884254
v 0.097025 -0.279214 -0.725741
v 0.099326 -0.254427 -0.776882
v 0.096301 -0.241930 -0.828093
v 0.112524 -0.242514 -0.796831
v 0.122132 -0.276409 -0.706916
v 0.123558 -0.246652 -0.768447
v 0.117926 -0.227701 -0.881302
v 0.121844 -0.233002 -0.824489
v 0.138540 -0.277069 -0.684353
v 0.150490 -0.260406 -0.705092
v 0.141487 -0.227097 -0.802131
v 0.147755 -0.231089 -0.773453
v 0.156512 -0.239521 -0.739095
v 0.169694 -0.251339 -0.694924
v 0.182151 -0.217033 -0.742315
v 0.184111 -0.237735 -0.698489
v 0.201298 -0.229009 -0.683264
v 0.012058 -0.362962 -0.531454
v 0.013866 -0.378597 -0.462780
v 0.015022 -0.339491 -0.612254
v 0.039221 -0.362709 -0.522276
v 0.040948 -0.374389 -0.471406
v 0.041268 -0.337339 -0.611581
v 0.067613 -0.363619 -0.500005
v 0.068403 -0.373876 -0.452593
v 0.063731 -0.335387 -0.605836
v 0.071741 -0.327552 -0.622287
v 0.096039 -0.366042 -0.459334
v 0.089026 -0.333861 -0.589065
v 0.099199 -0.353367 -0.505757
v 0.096386 -0.306217 -0.660723
v 0.108012 -0.332254 -0.572066
v 0.111651 -0.362816 -0.451049
v 0.124493 -0.341395 -0.516235
v 0.129952 -0.357626 -0.442455
v 0.116610 -0.305773 -0.640728
v 0.126475 -0.318176 -0.592510
v 0.138333 -0.335805 -0.514974
v 0.152203 -0.350553 -0.428052
v 0.140654 -0.307553 -0.604358
v 0.158572 -0.328547 -0.503843
v 0.155431 -0.293553 -0.619223
v 0.170404 -0.338225 -0.438330
v 0.167601 -0.306795 -0.558796
v 0.183280 -0.320187 -0.479596
v 0.169494 -0.281914 -0.626174
v 0.187540 -0.283902 -0.586751
v 0.182917 -0.266047 -0.639641
v 0.196886 -0.309149 -0.486123
v 0.204818 -0.284367 -0.544307
v 0.211121 -0.299814 -0.479202
v 0.206589 -0.257108 -0.613680
v 0.213134 -0.269808 -0.565603
v 0.013429 -0.391918 -0.395961
v 0.014263 -0.405114 -0.312483
v 0.039207 -0.390814 -0.390991
v 0.042099 -0.402977 -0.311074
v 0.067532 -0.391138 -0.364428
v 0.067740 -0.398816 -0.312402
v 0.070079 -0.408305 -0.222283
v 0.089558 -0.390577 -0.338095
v 0.095587 -0.396331 -0.281800
v 0.109883 -0.390586 -0.296376
v 0.125651 -0.369162 -0.392555
v 0.124314 -0.383501 -0.308825
v 0.142932 -0.365327 -0.374855
v 0.152964 -0.371576 -0.308049
v 0.154308 -0.383797 -0.199489
v 0.168597 -0.362714 -0.316944
v 0.178495 -0.371940 -0.193220
v 0.183360 -0.345736 -0.364069
v 0.185180 -0.354917 -0.304000
v 0.190251 -0.328657 -0.425061
v 0.204486 -0.333529 -0.355818
v 0.206649 -0.342306 -0.295423
v 0.208378 -0.353038 -0.199376
v 0.214042 -0.310163 -0.430688
v 0.220743 -0.330741 -0.303717
v 0.010160 -0.419066 -0.192748
v 0.012595 -0.421905 -0.143689
v 0.013089 -0.425127 -0.049728
v 0.013721 -0.425947 0.016781
v 0.035141 -0.419008 -0.171034
v 0.039508 -0.421430 -0.114174
v 0.039935 -0.424341 -0.000002
v 0.054482 -0.418964 -0.131646
v 0.063057 -0.421492 -0.000079
v 0.070192 -0.415080 -0.145437
v 0.080875 -0.417424 -0.040368
v 0.096856 -0.407347 -0.165687
v 0.099243 -0.412603 -0.040255
v 0.124236 -0.396555 -0.194568
v 0.122878 -0.401480 -0.132262
v 0.123761 -0.405363 -0.000001
v 0.138634 -0.390172 -0.206819
v 0.142936 -0.394248 -0.127672
v 0.146055 -0.396836 0.000015
v 0.161433 -0.385939 -0.127904
v 0.165593 -0.387961 0.000019
v 0.191678 -0.369301 -0.135974
v 0.183054 -0.378085 -0.038163
v 0.194950 -0.364212 -0.177032
v 0.201446 -0.367925 0.000053
v 0.213972 -0.355183 -0.130149
v 0.225118 -0.351519 -0.022177
v 0.004676 -0.053886 -1.559199
v 0.005751 -0.041566 -1.561769
v 0.004911 -0.029141 -1.559770
v 0.009146 -0.110999 -1.455192
v 0.013782 -0.125520 -1.373740
v 0.006211 -0.076501 -1.537383
v 0.012332 -0.083738 -1.522186
v 0.015029 -0.104328 -1.470034
v 0.024220 -0.108647 -1.451912
v 0.011880 -0.062581 -1.547567
v 0.022012 -0.072791 -1.533150
v 0.016930 -0.041515 -1.553232
v 0.012506 -0.020221 -1.548511
v 0.023307 -0.009726 -1.534536
v 0.037552 -0.112435 -1.423486
v 0.038837 -0.121334 -1.370641
v 0.030961 -0.080821 -1.515299
v 0.038143 -0.087103 -1.495697
v 0.040201 -0.103249 -1.451811
v 0.050235 -0.107072 -1.423384
v 0.029488 -0.058012 -1.540898
v 0.039613 -0.065942 -1.524656
v 0.047585 -0.074530 -1.506325
v 0.032305 -0.041532 -1.543815
v 0.044447 -0.041502 -1.529382
v 0.030318 -0.024900 -1.541651
v 0.040729 -0.016756 -1.525704
v 0.048604 -0.007878 -1.507594
v 0.056408 -0.110982 -1.393428
v 0.061108 -0.116307 -1.345488
v 0.055024 -0.081582 -1.482892
v 0.066037 -0.090156 -1.441309
v 0.066267 -0.099648 -1.412936
v 0.074114 -0.102920 -1.375694
v 0.054232 -0.058789 -1.513346
v 0.061609 -0.067639 -1.491814
v 0.076062 -0.075049 -1.450266
v 0.057757 -0.041192 -1.514279
v 0.075671 -0.041512 -1.475129
v 0.054970 -0.024173 -1.514078
v 0.065958 -0.014959 -1.484888
v 0.076566 -0.006773 -1.450494
v 0.080138 -0.081928 -1.425054
v 0.089230 -0.088898 -1.368661
v 0.082245 -0.058493 -1.456627
v 0.085041 -0.066435 -1.437969
v 0.103991 -0.066460 -1.362241
v 0.084734 -0.041518 -1.457041
v 0.103854 -0.043207 -1.383921
v 0.107608 -0.051780 -1.366404
v 0.082693 -0.024528 -1.457076
v 0.086642 -0.018078 -1.437153
v 0.100937 -0.018126 -1.381857
v 0.104918 -0.006299 -1.342043
v 0.111211 -0.058416 -1.339630
v 0.109084 -0.037216 -1.370137
v 0.111647 -0.042094 -1.354428
v 0.108415 -0.026881 -1.368300
v 0.007818 -0.138681 -1.283214
v 0.010045 -0.142014 -1.191756
v 0.011401 -0.144699 -1.162857
v 0.013082 -0.150420 -1.136869
v 0.014036 -0.134960 -1.298795
v 0.023694 -0.136997 -1.270344
v 0.030876 -0.139344 -1.191494
v 0.033117 -0.141644 -1.163178
v 0.040267 -0.146593 -1.136259
v 0.040101 -0.132482 -1.272919
v 0.049726 -0.133750 -1.188925
v 0.051034 -0.135633 -1.165360
v 0.055452 -0.140302 -1.139366
v 0.067698 -0.117924 -1.302523
v 0.065325 -0.122359 -1.268040
v 0.068115 -0.125466 -1.190481
v 0.069977 -0.128022 -1.163736
v 0.072341 -0.134553 -1.137813
v 0.080088 -0.107140 -1.328136
v 0.083930 -0.110493 -1.272737
v 0.086107 -0.114223 -1.191766
v 0.089385 -0.116719 -1.163476
v 0.097213 -0.121365 -1.136932
v 0.093327 -0.096761 -1.314664
v 0.099775 -0.095161 -1.274574
v 0.101019 -0.100688 -1.195611
v 0.104528 -0.103576 -1.165192
v 0.109230 -0.107553 -1.145506
v 0.105653 -0.079176 -1.316996
v 0.116441 -0.116431 -1.123296
v 0.112256 -0.083542 -1.216040
v 0.114216 -0.085405 -1.190265
v 0.119143 -0.089061 -1.163516
v 0.126910 -0.097840 -1.136463
v 0.114935 -0.068439 -1.266507
v 0.120109 -0.064698 -1.217901
v 0.124581 -0.065264 -1.190244
v 0.132255 -0.068571 -1.164092
v 0.119914 -0.041634 -1.255020
v 0.124712 -0.040617 -1.218075
v 0.131943 -0.040012 -1.189815
v 0.137260 -0.049497 -1.171196
v 0.112508 -0.019285 -1.320337
v 0.118950 -0.017405 -1.248776
v 0.123826 -0.014585 -1.219533
v 0.132253 -0.012973 -1.195610
v 0.141289 -0.091895 -1.126795
v 0.142778 -0.066874 -1.149175
v 0.151515 -0.064267 -1.140077
v 0.143482 -0.024614 -1.174696
v 0.148349 -0.039419 -1.160496
v 0.161679 -0.043628 -1.142540
v 0.157155 -0.015021 -1.160611
v 0.174950 -0.015950 -1.142096
v 0.192692 -0.036984 -1.113728
v 0.200799 -0.011330 -1.116791
v 0.014100 -0.197746 -1.049110
v 0.013146 -0.215494 -1.011958
v 0.013575 -0.161405 -1.110826
v 0.041467 -0.196213 -1.046839
v 0.040355 -0.211882 -1.013905
v 0.040558 -0.157697 -1.111513
v 0.068819 -0.196291 -1.035805
v 0.070184 -0.218518 -0.983351
v 0.067974 -0.172042 -1.077670
v 0.075881 -0.147985 -1.110482
v 0.098033 -0.199800 -1.008462
v 0.099365 -0.217637 -0.959512
v 0.084946 -0.167824 -1.075597
v 0.098594 -0.183962 -1.039784
v 0.098843 -0.134517 -1.114210
v 0.105226 -0.164429 -1.067866
v 0.116121 -0.193532 -1.006438
v 0.125741 -0.209584 -0.949909
v 0.141414 -0.212828 -0.906832
v 0.124059 -0.165820 -1.050629
v 0.135706 -0.191551 -0.987306
v 0.125541 -0.146611 -1.077478
v 0.149265 -0.199199 -0.944264
v 0.142278 -0.167979 -1.028764
v 0.154112 -0.177431 -0.994445
v 0.157935 -0.188360 -0.961413
v 0.139581 -0.138075 -1.076700
v 0.150921 -0.150891 -1.046919
v 0.163633 -0.161764 -1.013604
v 0.137344 -0.107535 -1.114182
v 0.157785 -0.128150 -1.071576
v 0.172096 -0.193418 -0.913498
v 0.175705 -0.167643 -0.983166
v 0.180504 -0.180387 -0.937544
v 0.177857 -0.143280 -1.026089
v 0.195068 -0.159672 -0.963191
v 0.168658 -0.112521 -1.078228
v 0.184321 -0.127394 -1.041008
v 0.181514 -0.091052 -1.086146
v 0.193212 -0.067706 -1.092665
v 0.200044 -0.171621 -0.913599
v 0.196267 -0.140002 -1.002692
v 0.210225 -0.154258 -0.938788
v 0.215885 -0.160925 -0.897966
v 0.194709 -0.110183 -1.048704
v 0.207718 -0.123970 -1.009459
v 0.220432 -0.134743 -0.961986
v 0.205336 -0.092270 -1.054287
v 0.219161 -0.106366 -1.014441
v 0.210424 -0.069674 -1.068917
v 0.212113 -0.039994 -1.088426
v 0.143265 -0.217191 -0.876633
v 0.158953 -0.216697 -0.801083
v 0.172629 -0.200082 -0.873725
v 0.175171 -0.206012 -0.800899
v 0.181131 -0.206957 -0.772714
v 0.196260 -0.181725 -0.881332
v 0.191847 -0.188949 -0.852140
v 0.209982 -0.181129 -0.773400
v 0.211430 -0.187234 -0.743010
v 0.200987 -0.203255 -0.731987
v 0.222912 -0.208401 -0.676689
v 0.216971 -0.168982 -0.846593
v 0.215635 -0.173313 -0.798389
v 0.218347 -0.191351 -0.716812
v 0.235514 -0.157803 -0.741861
v 0.229817 -0.284643 -0.475409
v 0.220621 -0.248634 -0.602354
v 0.233740 -0.260462 -0.535639
v 0.245391 -0.272801 -0.464532
v 0.229111 -0.233191 -0.615483
v 0.249439 -0.234849 -0.557145
v 0.256351 -0.256947 -0.476043
v 0.277510 -0.230555 -0.475290
v 0.272958 -0.245627 -0.448311
v 0.226216 -0.338841 -0.211019
v 0.235377 -0.306518 -0.367174
v 0.243562 -0.310111 -0.313212
v 0.238130 -0.325398 -0.241458
v 0.244746 -0.282458 -0.432805
v 0.255877 -0.312639 -0.218751
v 0.259599 -0.288531 -0.343747
v 0.266322 -0.293066 -0.282038
v 0.264075 -0.263004 -0.426422
v 0.274476 -0.274930 -0.332133
v 0.279776 -0.276145 -0.295727
v 0.290347 -0.250847 -0.350390
v 0.310724 -0.254153 -0.196830
v 0.290439 -0.235516 -0.403971
v 0.315839 -0.240394 -0.247242
v 0.312997 -0.222537 -0.339268
v 0.315847 -0.230121 -0.299643
v 0.230506 -0.343022 -0.129142
v 0.244693 -0.329476 -0.155870
v 0.248933 -0.331760 -0.041251
v 0.260958 -0.316944 -0.129117
v 0.263742 -0.318887 -0.021760
v 0.277589 -0.294897 -0.186076
v 0.274545 -0.302515 -0.141260
v 0.277109 -0.305320 -0.039202
v 0.288748 -0.287761 -0.130023
v 0.294099 -0.286586 -0.022001
v 0.309686 -0.261302 -0.139800
v 0.326317 -0.242831 -0.079899
v 0.328157 -0.241709 -0.020460
v 0.325342 -0.236335 -0.208361
v 0.325562 -0.241315 -0.158528
v 0.339679 -0.227839 -0.165119
v 0.339652 -0.229000 -0.116139
v 0.343383 -0.224460 -0.034166
v 0.343210 -0.222395 0.005036
v 0.231256 -0.140872 -0.912610
v 0.231281 -0.116946 -0.971655
v 0.236709 -0.125242 -0.937883
v 0.225952 -0.086048 -1.027969
v 0.236536 -0.096344 -0.993071
v 0.244130 -0.105403 -0.959773
v 0.224150 -0.062081 -1.054993
v 0.243121 -0.069557 -1.013736
v 0.227127 -0.038225 -1.067962
v 0.247621 -0.037604 -1.034243
v 0.223213 -0.013271 -1.087992
v 0.253515 -0.015339 -1.037614
v 0.252086 -0.113192 -0.915227
v 0.252048 -0.086210 -0.970927
v 0.260020 -0.098380 -0.921691
v 0.252774 -0.062209 -1.000694
v 0.269550 -0.067096 -0.948381
v 0.275184 -0.078390 -0.903704
v 0.256330 -0.043133 -1.011537
v 0.275885 -0.045194 -0.958699
v 0.276781 -0.015578 -0.984111
v 0.283623 -0.053172 -0.918172
v 0.282635 -0.036863 -0.945905
v 0.282368 -0.008589 -0.973490
v 0.294695 -0.014802 -0.920249
v 0.225042 -0.163461 -0.818392
v 0.229800 -0.171516 -0.725133
v 0.246519 -0.191050 -0.651087
v 0.232669 -0.149624 -0.867005
v 0.234433 -0.154313 -0.771644
v 0.244789 -0.160062 -0.704289
v 0.251865 -0.122324 -0.884203
v 0.247413 -0.135534 -0.838585
v 0.257267 -0.123865 -0.765808
v 0.258231 -0.124253 -0.741234
v 0.259653 -0.128707 -0.715548
v 0.255222 -0.148263 -0.693427
v 0.263984 -0.110187 -0.854624
v 0.265355 -0.111346 -0.823151
v 0.270961 -0.125189 -0.679741
v 0.277101 -0.086556 -0.865838
v 0.270286 -0.103173 -0.790332
v 0.274973 -0.092121 -0.741118
v 0.272526 -0.101450 -0.714902
v 0.278988 -0.099153 -0.687102
v 0.288158 -0.070305 -0.686462
v 0.281235 -0.083828 -0.814386
v 0.284288 -0.066651 -0.880551
v 0.289353 -0.064658 -0.838247
v 0.290293 -0.063400 -0.792092
v 0.286276 -0.064766 -0.719996
v 0.295988 -0.041869 -0.863295
v 0.302047 -0.031788 -0.826226
v 0.301745 -0.032984 -0.798321
v 0.301423 -0.029488 -0.771472
v 0.294752 -0.042133 -0.742249
v 0.299171 -0.020000 -0.713005
v 0.294883 -0.042168 -0.686865
v 0.304612 -0.012746 -0.867452
v 0.307935 -0.002080 -0.761321
v 0.300220 -0.014123 -0.685642
v 0.307967 -0.001463 -0.860846
v 0.309440 -0.004614 -0.811837
v 0.247079 -0.215167 -0.607254
v 0.259264 -0.204318 -0.595069
v 0.273743 -0.212979 -0.531059
v 0.265374 -0.181973 -0.617578
v 0.281534 -0.155565 -0.611972
v 0.279107 -0.194835 -0.552828
v 0.295528 -0.209307 -0.459383
v 0.285497 -0.177632 -0.564413
v 0.305926 -0.188901 -0.464711
v 0.305395 -0.147601 -0.544567
v 0.283190 -0.105388 -0.665122
v 0.302181 -0.128286 -0.582897
v 0.309991 -0.101465 -0.586155
v 0.294809 -0.069909 -0.658202
v 0.300539 -0.038095 -0.658174
v 0.303849 -0.013741 -0.656904
v 0.310215 -0.170159 -0.486309
v 0.319549 -0.155616 -0.473244
v 0.312230 -0.124618 -0.550898
v 0.332305 -0.129056 -0.462276
v 0.310966 -0.075155 -0.604483
v 0.337595 -0.068871 -0.506576
v 0.314645 -0.042763 -0.608262
v 0.335406 -0.041055 -0.531721
v 0.309771 -0.011595 -0.634674
v 0.337066 -0.013558 -0.532724
v 0.343958 -0.125055 -0.410132
v 0.336585 -0.097065 -0.485844
v 0.348974 -0.069625 -0.450558
v 0.349888 -0.041596 -0.466026
v 0.352289 -0.013991 -0.463535
v 0.314969 -0.206011 -0.377239
v 0.327556 -0.214795 -0.306327
v 0.333668 -0.219611 -0.266177
v 0.336077 -0.225062 -0.224736
v 0.324735 -0.184413 -0.386624
v 0.337415 -0.193678 -0.332292
v 0.335150 -0.158865 -0.393478
v 0.341860 -0.197964 -0.312534
v 0.345958 -0.202503 -0.292182
v 0.354457 -0.205472 -0.265994
v 0.352550 -0.214985 -0.224110
v 0.332253 -0.186266 -0.358844
v 0.344269 -0.173532 -0.348166
v 0.353629 -0.182204 -0.322824
v 0.360614 -0.191376 -0.296597
v 0.364856 -0.196288 -0.278322
v 0.337987 -0.144468 -0.407494
v 0.343115 -0.151611 -0.377525
v 0.355032 -0.151855 -0.351028
v 0.362319 -0.162518 -0.333224
v 0.350838 -0.125257 -0.380217
v 0.359119 -0.125739 -0.357720
v 0.356223 -0.096235 -0.384427
v 0.361881 -0.101334 -0.361176
v 0.361787 -0.072063 -0.379665
v 0.363775 -0.039613 -0.391817
v 0.365137 -0.011628 -0.393723
v 0.377582 -0.199142 -0.256913
v 0.378772 -0.203906 -0.235032
v 0.378868 -0.171977 -0.312493
v 0.381311 -0.184077 -0.293347
v 0.383917 -0.192194 -0.272562
v 0.367827 -0.142904 -0.338910
v 0.379228 -0.151360 -0.324536
v 0.369838 -0.123188 -0.340102
v 0.384875 -0.123941 -0.320389
v 0.393895 -0.112727 -0.304088
v 0.369144 -0.098341 -0.342876
v 0.378672 -0.097082 -0.320536
v 0.388974 -0.094640 -0.296071
v 0.394287 -0.087639 -0.275526
v 0.366090 -0.074969 -0.358076
v 0.368468 -0.070986 -0.349667
v 0.375351 -0.070109 -0.321795
v 0.382127 -0.069283 -0.294352
v 0.390530 -0.066617 -0.251961
v 0.374233 -0.045009 -0.327507
v 0.383726 -0.039187 -0.265921
v 0.388090 -0.038395 -0.223849
v 0.401139 -0.194271 -0.256920
v 0.404366 -0.198549 -0.239422
v 0.419278 -0.164412 -0.301285
v 0.405552 -0.178724 -0.289497
v 0.402445 -0.151726 -0.312905
v 0.404855 -0.133475 -0.309220
v 0.410156 -0.118735 -0.294418
v 0.418294 -0.111224 -0.278270
v 0.401820 -0.104025 -0.285437
v 0.409165 -0.097556 -0.265034
v 0.414857 -0.091182 -0.236661
v 0.398110 -0.081950 -0.255299
v 0.401610 -0.075663 -0.221842
v 0.431435 -0.170360 -0.288293
v 0.434084 -0.183852 -0.267413
v 0.436489 -0.191969 -0.248203
v 0.421002 -0.152280 -0.305407
v 0.437303 -0.152177 -0.294820
v 0.420660 -0.139216 -0.303769
v 0.434713 -0.132462 -0.290557
v 0.437626 -0.118044 -0.274373
v 0.439416 -0.109287 -0.257830
v 0.436821 -0.100382 -0.235621
v 0.356526 -0.217660 -0.170701
v 0.357838 -0.217422 -0.108653
v 0.356324 -0.212926 -0.025438
v 0.378603 -0.207930 -0.208923
v 0.379291 -0.210818 -0.168183
v 0.379606 -0.210771 -0.114090
v 0.380357 -0.207428 -0.068869
v 0.380223 -0.203467 -0.038141
v 0.372044 -0.201930 -0.014407
v 0.388132 -0.197930 -0.024907
v 0.386239 -0.195519 -0.009098
v 0.394314 -0.057511 -0.198908
v 0.396538 -0.056756 -0.155241
v 0.397312 -0.056941 -0.114306
v 0.391595 -0.037648 -0.176074
v 0.394752 -0.048436 -0.113841
v 0.391053 -0.015201 -0.178470
v 0.406784 -0.203197 -0.210881
v 0.406525 -0.206142 -0.183905
v 0.406935 -0.207769 -0.156637
v 0.411866 -0.207887 -0.132827
v 0.405566 -0.206103 -0.081301
v 0.407908 -0.200536 -0.039509
v 0.426965 -0.196425 -0.013364
v 0.400207 -0.196239 -0.020999
v 0.417538 -0.086756 -0.209600
v 0.419429 -0.082733 -0.171782
v 0.420315 -0.079509 -0.100908
v 0.419320 -0.080662 -0.051242
v 0.416649 -0.085937 -0.012548
v 0.404493 -0.072042 -0.181972
v 0.405650 -0.068996 -0.131206
v 0.404071 -0.062976 -0.101415
v 0.406026 -0.063321 -0.070613
v 0.405795 -0.064436 -0.041799
v 0.403857 -0.066275 -0.012702
v 0.394720 -0.018046 -0.108987
v 0.396596 -0.040582 -0.101058
v 0.399173 -0.039254 -0.053020
v 0.398575 -0.041167 -0.013564
v 0.396955 -0.012735 -0.047042
v 0.397150 -0.017331 0.001889
v 0.436994 -0.207429 -0.100550
v 0.438087 -0.205744 -0.070797
v 0.438080 -0.093617 -0.201699
v 0.439043 -0.088050 -0.142929
v 0.439424 -0.087315 -0.098065
v 0.438671 -0.089388 -0.055083
v 0.437855 -0.096141 -0.013817
v 0.473588 -0.194865 -0.222490
v 0.474952 -0.165936 -0.274621
v 0.460663 -0.179253 -0.264012
v 0.461734 -0.187815 -0.247685
v 0.479656 -0.152643 -0.277944
v 0.488339 -0.118007 -0.247189
v 0.470825 -0.110048 -0.240081
v 0.486510 -0.170894 -0.261742
v 0.493633 -0.152501 -0.267297
v 0.476691 -0.139866 -0.276644
v 0.489352 -0.133226 -0.263751
v 0.516771 -0.179877 -0.234352
v 0.534838 -0.152781 -0.249321
v 0.518504 -0.122230 -0.237586
v 0.523614 -0.111384 -0.215102
v 0.530839 -0.164735 -0.246741
v 0.542326 -0.170653 -0.232431
v 0.549078 -0.152983 -0.237833
v 0.531992 -0.140128 -0.248061
v 0.544375 -0.133565 -0.234430
v 0.563682 -0.167654 -0.223963
v 0.571555 -0.154168 -0.226391
v 0.569638 -0.137107 -0.223330
v 0.586258 -0.149489 -0.219978
v 0.585350 -0.139951 -0.217793
v 0.459224 -0.201849 -0.195782
v 0.474431 -0.206024 -0.150566
v 0.480236 -0.205057 -0.040921
v 0.463019 -0.200738 -0.016939
v 0.465729 -0.101927 -0.213708
v 0.464463 -0.094643 -0.172894
v 0.464750 -0.091446 -0.133384
v 0.465622 -0.090749 -0.102957
v 0.463263 -0.092336 -0.057993
v 0.463151 -0.098423 -0.014611
v 0.511549 -0.197232 -0.193754
v 0.532323 -0.201839 -0.155394
v 0.513432 -0.207175 -0.112570
v 0.508970 -0.207915 -0.074395
v 0.528837 -0.201394 0.008584
v 0.520095 -0.190732 -0.210824
v 0.538704 -0.103544 -0.177922
v 0.498610 -0.092045 -0.079190
v 0.499928 -0.093814 -0.045055
v 0.512341 -0.096880 -0.012222
v 0.538632 -0.206669 -0.043004
v 0.534265 -0.204345 -0.013712
v 0.545969 -0.192453 -0.190202
v 0.539517 -0.117859 -0.219304
v 0.546174 -0.099479 -0.151329
v 0.546159 -0.095805 -0.123368
v 0.558772 -0.093873 -0.084446
v 0.553760 -0.196282 -0.171664
v 0.558447 -0.203092 -0.126173
v 0.566118 -0.205329 -0.093014
v 0.546747 -0.182934 -0.211676
v 0.546002 -0.092996 -0.070002
v 0.556763 -0.093590 -0.043472
v 0.558553 -0.095297 -0.014277
v 0.607022 -0.197102 -0.128071
v 0.588401 -0.205357 -0.054512
v 0.613532 -0.202857 0.003414
v 0.573839 -0.175205 -0.207988
v 0.574551 -0.188023 -0.182909
v 0.603603 -0.190962 -0.154584
v 0.582204 -0.161939 -0.216413
v 0.572670 -0.123476 -0.207536
v 0.592341 -0.119023 -0.187624
v 0.566712 -0.111622 -0.189681
v 0.573737 -0.103486 -0.153222
v 0.598723 -0.101742 -0.124293
v 0.598257 -0.097952 -0.096261
v 0.601916 -0.201724 -0.097828
v 0.616968 -0.202566 -0.069745
v 0.597917 -0.169885 -0.198803
v 0.601337 -0.180706 -0.179455
v 0.627870 -0.192212 -0.130812
v 0.597263 -0.154215 -0.209176
v 0.595959 -0.135038 -0.204134
v 0.621885 -0.117798 -0.163799
v 0.608111 -0.110998 -0.157775
v 0.613975 -0.097352 -0.071273
v 0.613428 -0.096109 -0.043391
v 0.619914 -0.096728 -0.015676
v 0.662340 -0.197064 -0.072353
v 0.645028 -0.201370 -0.041086
v 0.642786 -0.201977 -0.014969
v 0.614929 -0.165386 -0.192447
v 0.626245 -0.170402 -0.176501
v 0.630620 -0.182230 -0.153924
v 0.657654 -0.192558 -0.102042
v 0.616625 -0.153191 -0.196687
v 0.632793 -0.152536 -0.182184
v 0.615072 -0.139876 -0.194986
v 0.628169 -0.133340 -0.178948
v 0.628492 -0.106177 -0.122540
v 0.641999 -0.103904 -0.097624
v 0.646819 -0.166226 -0.167212
v 0.656363 -0.172986 -0.150979
v 0.659686 -0.183476 -0.127102
v 0.685154 -0.192518 -0.072152
v 0.654712 -0.152875 -0.169028
v 0.665277 -0.160264 -0.157931
v 0.652678 -0.136840 -0.166171
v 0.655244 -0.124358 -0.149858
v 0.677988 -0.121197 -0.125021
v 0.647869 -0.113148 -0.133280
v 0.669944 -0.104504 -0.070052
v 0.657780 -0.100333 -0.041965
v 0.670258 -0.100657 -0.014616
v 0.695386 -0.195866 -0.032841
v 0.703684 -0.196290 0.004791
v 0.675403 -0.167796 -0.142563
v 0.685498 -0.174073 -0.124265
v 0.687048 -0.184579 -0.098801
v 0.707058 -0.192304 -0.042761
v 0.669371 -0.148488 -0.161172
v 0.680986 -0.153831 -0.148260
v 0.692756 -0.161136 -0.133869
v 0.667995 -0.139657 -0.159553
v 0.677850 -0.135610 -0.145025
v 0.698935 -0.120344 -0.102707
v 0.680999 -0.112676 -0.100530
v 0.689483 -0.104124 -0.035996
v 0.707892 -0.168193 -0.113829
v 0.710578 -0.177308 -0.094588
v 0.714027 -0.184150 -0.070159
v 0.736879 -0.190292 0.004648
v 0.696247 -0.149022 -0.137908
v 0.707337 -0.153784 -0.124394
v 0.694978 -0.139642 -0.135594
v 0.705831 -0.135813 -0.118710
v 0.722061 -0.117847 -0.071492
v 0.739059 -0.116510 -0.046256
v 0.700260 -0.114538 -0.086085
v 0.709755 -0.110138 -0.056420
v 0.722665 -0.164053 -0.106657
v 0.729842 -0.168138 -0.091892
v 0.739996 -0.173621 -0.069124
v 0.741979 -0.181679 -0.041790
v 0.744148 -0.186489 -0.013757
v 0.725402 -0.153543 -0.109361
v 0.740661 -0.154038 -0.091476
v 0.750047 -0.161325 -0.076886
v 0.723866 -0.141437 -0.107681
v 0.735493 -0.136467 -0.089828
v 0.741813 -0.126414 -0.067968
v 0.751126 -0.115711 -0.023371
v 0.739305 -0.111359 -0.018032
v 0.758625 -0.167522 -0.059391
v 0.766662 -0.171786 -0.039820
v 0.768743 -0.178491 -0.012780
v 0.754322 -0.149548 -0.080592
v 0.764660 -0.154427 -0.065344
v 0.774099 -0.160416 -0.049392
v 0.752201 -0.140428 -0.079388
v 0.761719 -0.137218 -0.062469
v 0.765429 -0.127743 -0.040062
v 0.768757 -0.121163 -0.013099
v 0.757128 -0.113086 0.008718
v 0.782932 -0.165292 -0.030584
v 0.791228 -0.167895 -0.009516
v 0.777577 -0.149362 -0.053777
v 0.784976 -0.153369 -0.038831
v 0.796717 -0.152507 -0.016386
v 0.775972 -0.140963 -0.052536
v 0.790907 -0.135636 -0.013835
v 0.805678 -0.163044 0.001632
v 0.809180 -0.152690 -0.000353
v 0.806939 -0.141629 0.000761
v 0.012420 -0.421867 0.144826
v 0.008677 -0.419085 0.193174
v 0.038357 -0.421614 0.111472
v 0.035018 -0.418995 0.171331
v 0.055118 -0.418845 0.132417
v 0.081784 -0.417220 0.040330
v 0.068495 -0.415614 0.143218
v 0.070078 -0.408305 0.222279
v 0.100297 -0.412316 0.039785
v 0.096856 -0.407347 0.165686
v 0.122878 -0.401480 0.132262
v 0.122457 -0.397454 0.190765
v 0.143034 -0.394158 0.128854
v 0.139086 -0.389818 0.208519
v 0.161381 -0.385919 0.128843
v 0.153246 -0.384260 0.200119
v 0.182186 -0.378569 0.038138
v 0.178413 -0.374773 0.164926
v 0.198026 -0.366584 0.108580
v 0.195531 -0.363769 0.177960
v 0.216924 -0.357032 0.038092
v 0.212765 -0.354992 0.144133
v 0.207636 -0.353715 0.197998
v 0.014232 -0.405531 0.308921
v 0.012415 -0.392509 0.392849
v 0.013866 -0.378597 0.462783
v 0.042398 -0.403945 0.302566
v 0.038193 -0.391943 0.385635
v 0.041547 -0.378705 0.450694
v 0.067740 -0.398816 0.312401
v 0.066163 -0.391113 0.366014
v 0.068403 -0.373877 0.452585
v 0.094586 -0.396761 0.280059
v 0.089416 -0.390502 0.338800
v 0.095030 -0.366489 0.458506
v 0.110446 -0.390313 0.297117
v 0.121224 -0.383566 0.317248
v 0.119550 -0.364689 0.428612
v 0.127612 -0.358465 0.443127
v 0.151851 -0.372299 0.306338
v 0.142203 -0.365793 0.373984
v 0.163714 -0.359512 0.350583
v 0.149414 -0.350808 0.432908
v 0.169669 -0.365392 0.292264
v 0.183420 -0.355892 0.304815
v 0.191879 -0.343319 0.349524
v 0.173285 -0.334133 0.449512
v 0.189303 -0.329347 0.424807
v 0.207471 -0.343204 0.284375
v 0.227066 -0.329862 0.277081
v 0.223098 -0.322680 0.339547
v 0.206771 -0.320265 0.410472
v 0.218735 -0.302147 0.447523
v 0.011745 -0.363162 0.530564
v 0.013807 -0.338132 0.616208
v 0.013024 -0.308082 0.700575
v 0.039069 -0.364080 0.517351
v 0.041099 -0.337605 0.610881
v 0.037122 -0.307683 0.695869
v 0.066490 -0.363851 0.499985
v 0.064137 -0.335319 0.605762
v 0.068771 -0.318646 0.648758
v 0.097272 -0.358022 0.490728
v 0.088810 -0.333821 0.589429
v 0.107170 -0.332598 0.571976
v 0.097016 -0.307830 0.655734
v 0.123135 -0.343117 0.511725
v 0.125064 -0.319188 0.591232
v 0.113390 -0.308020 0.638173
v 0.121673 -0.278318 0.703156
v 0.137552 -0.335709 0.516663
v 0.155887 -0.330185 0.503234
v 0.141340 -0.306752 0.605676
v 0.173744 -0.300571 0.566128
v 0.151891 -0.297059 0.615531
v 0.143252 -0.274118 0.685021
v 0.177082 -0.318159 0.501084
v 0.169907 -0.281247 0.627100
v 0.180348 -0.269891 0.635450
v 0.179502 -0.237576 0.707078
v 0.197569 -0.308652 0.486115
v 0.207838 -0.298215 0.493720
v 0.196543 -0.277628 0.584376
v 0.210722 -0.272037 0.565637
v 0.204886 -0.257856 0.615506
v 0.223825 -0.239548 0.614920
v 0.198115 -0.229036 0.689472
v 0.013321 -0.283816 0.754695
v 0.013194 -0.254060 0.813200
v 0.013636 -0.222840 0.863480
v 0.040557 -0.283458 0.749837
v 0.040332 -0.251930 0.811675
v 0.040954 -0.218576 0.864358
v 0.064856 -0.305541 0.687806
v 0.061458 -0.279635 0.749057
v 0.066966 -0.250907 0.801570
v 0.066134 -0.216862 0.856579
v 0.098691 -0.280282 0.721906
v 0.082716 -0.276926 0.741499
v 0.094979 -0.267030 0.751844
v 0.093224 -0.249359 0.786822
v 0.089812 -0.223625 0.832188
v 0.122133 -0.248459 0.762450
v 0.114145 -0.219135 0.819625
v 0.151316 -0.248255 0.728536
v 0.143092 -0.226252 0.777380
v 0.169437 -0.251537 0.694921
v 0.206052 -0.210356 0.708396
v 0.013424 -0.211051 0.886118
v 0.039974 -0.207902 0.884266
v 0.068273 -0.196973 0.888432
v 0.090067 -0.199066 0.867699
v 0.099195 -0.183410 0.884854
v 0.112233 -0.168391 0.894778
v 0.124367 -0.211660 0.820857
v 0.110630 -0.194771 0.856431
v 0.117706 -0.175745 0.875870
v 0.130923 -0.156066 0.888546
v 0.168764 -0.211037 0.768416
v 0.143985 -0.200860 0.815361
v 0.154526 -0.186251 0.822067
v 0.139788 -0.168497 0.860368
v 0.145544 -0.149386 0.876072
v 0.156273 -0.128189 0.885625
v 0.184825 -0.216864 0.734380
v 0.189336 -0.190388 0.767093
v 0.171866 -0.172325 0.817040
v 0.181018 -0.156957 0.821580
v 0.166043 -0.139358 0.859302
v 0.181024 -0.129024 0.848394
v 0.164160 -0.113479 0.887664
v 0.192605 -0.096295 0.856669
v 0.176356 -0.096263 0.882498
v 0.186368 -0.068438 0.883998
v 0.189845 -0.041048 0.889549
v 0.192012 -0.013768 0.891521
v 0.219445 -0.192326 0.710350
v 0.202218 -0.178438 0.762189
v 0.221772 -0.153691 0.757331
v 0.196972 -0.148858 0.805820
v 0.221366 -0.122359 0.789440
v 0.197121 -0.122017 0.830716
v 0.222773 -0.094691 0.808623
v 0.223149 -0.069808 0.821721
v 0.223131 -0.041732 0.832529
v 0.205292 -0.042895 0.861249
v 0.223502 -0.012486 0.838102
v 0.206696 -0.014630 0.864438
v 0.012910 -0.202570 0.909396
v 0.012862 -0.197160 0.935922
v 0.006840 -0.193985 0.976773
v 0.013474 -0.190532 0.990115
v 0.012896 -0.178094 1.075852
v 0.038240 -0.199081 0.907273
v 0.034815 -0.193482 0.935856
v 0.041225 -0.184955 0.990534
v 0.039474 -0.176173 1.061920
v 0.032749 -0.167147 1.115255
v 0.039575 -0.161138 1.128774
v 0.052286 -0.193600 0.911315
v 0.068489 -0.187797 0.911375
v 0.065042 -0.182539 0.940908
v 0.065738 -0.171681 1.031416
v 0.056109 -0.166808 1.084776
v 0.077055 -0.160911 1.062196
v 0.064901 -0.155790 1.112121
v 0.090652 -0.176742 0.911625
v 0.086472 -0.171791 0.941411
v 0.083134 -0.166773 1.001052
v 0.107490 -0.164016 0.914034
v 0.103869 -0.159337 0.944226
v 0.095218 -0.155830 1.020718
v 0.094551 -0.148193 1.065656
v 0.086445 -0.143390 1.108349
v 0.106835 -0.135923 1.073159
v 0.103538 -0.129672 1.106570
v 0.123145 -0.151151 0.912917
v 0.118149 -0.146716 0.944181
v 0.113604 -0.135190 1.048841
v 0.136317 -0.135884 0.914312
v 0.131790 -0.131604 0.945046
v 0.128543 -0.124900 1.012196
v 0.126889 -0.097933 1.132864
v 0.136763 -0.103759 1.064706
v 0.149446 -0.119719 0.912400
v 0.143666 -0.115726 0.944003
v 0.140098 -0.109586 1.012671
v 0.161625 -0.097112 0.913918
v 0.156634 -0.093735 0.941980
v 0.152009 -0.093968 0.980269
v 0.150705 -0.088940 1.046493
v 0.146006 -0.090243 1.077238
v 0.135989 -0.090660 1.129818
v 0.160760 -0.076455 0.993880
v 0.160609 -0.077203 1.021658
v 0.161481 -0.076780 1.049500
v 0.162551 -0.076214 1.076842
v 0.160549 -0.076946 1.104738
v 0.174878 -0.068011 0.911141
v 0.170759 -0.060691 0.939008
v 0.169673 -0.058128 0.966369
v 0.171056 -0.058344 0.993585
v 0.174484 -0.059994 1.020695
v 0.178084 -0.062865 1.048008
v 0.185636 -0.064173 1.074457
v 0.184228 -0.068559 1.104918
v 0.181009 -0.040566 0.912868
v 0.176832 -0.038308 0.939220
v 0.177630 -0.037729 0.966874
v 0.182030 -0.040748 0.992714
v 0.191066 -0.043931 1.017792
v 0.193787 -0.053058 1.044820
v 0.194617 -0.057023 1.061820
v 0.184111 -0.013618 0.913971
v 0.181192 -0.013182 0.940197
v 0.186090 -0.013574 0.969933
v 0.192727 -0.024253 0.991637
v 0.195776 -0.031021 1.006365
v 0.209485 -0.055095 1.063352
v 0.214575 -0.059764 1.077897
v 0.212439 -0.065452 1.107486
v 0.207081 -0.025720 1.008157
v 0.213994 -0.037097 1.021560
v 0.214705 -0.050056 1.048011
v 0.197496 -0.006659 0.982800
v 0.210765 -0.013304 0.997336
v 0.012132 -0.168290 1.122424
v 0.012650 -0.150293 1.177763
v 0.012557 -0.139910 1.205874
v 0.012102 -0.112389 1.258864
v 0.012503 -0.089357 1.290430
v 0.016449 -0.067763 1.315172
v 0.032896 -0.139171 1.199076
v 0.039628 -0.133429 1.206240
v 0.036469 -0.111340 1.250410
v 0.031505 -0.108404 1.258330
v 0.039256 -0.077111 1.298878
v 0.051808 -0.083381 1.283490
v 0.041236 -0.049695 1.337244
v 0.058118 -0.140536 1.170933
v 0.077383 -0.131909 1.163447
v 0.063258 -0.128123 1.193917
v 0.058185 -0.110479 1.234051
v 0.080855 -0.094021 1.238125
v 0.078528 -0.083965 1.261095
v 0.072716 -0.079004 1.276799
v 0.060437 -0.061126 1.315727
v 0.068106 -0.052232 1.331185
v 0.091857 -0.126359 1.148160
v 0.096094 -0.093061 1.219490
v 0.107252 -0.102667 1.174038
v 0.106852 -0.084255 1.226177
v 0.100066 -0.080235 1.247832
v 0.099229 -0.071541 1.275229
v 0.095008 -0.061177 1.305992
v 0.112987 -0.057776 1.315805
v 0.098528 -0.052164 1.331868
v 0.121346 -0.094199 1.162241
v 0.116811 -0.090442 1.186512
v 0.138910 -0.086002 1.143634
v 0.134689 -0.081318 1.183330
v 0.126287 -0.078939 1.216913
v 0.126392 -0.073473 1.245992
v 0.126303 -0.067784 1.273577
v 0.126988 -0.061970 1.299022
v 0.145921 -0.051977 1.340104
v 0.155336 -0.078642 1.133444
v 0.157187 -0.076216 1.162186
v 0.148930 -0.073549 1.220526
v 0.154027 -0.069588 1.249710
v 0.149851 -0.066067 1.276540
v 0.182589 -0.071297 1.133571
v 0.182690 -0.072109 1.161891
v 0.179423 -0.071623 1.215985
v 0.199973 -0.058541 1.322269
v 0.198790 -0.052928 1.341724
v 0.212725 -0.069013 1.135328
v 0.204093 -0.071930 1.177450
v 0.252493 -0.070639 1.246354
v 0.245603 -0.067526 1.274164
v 0.226704 -0.063423 1.299482
v 0.012922 -0.036185 1.356284
v 0.019725 -0.023272 1.369405
v 0.013179 -0.009752 1.376896
v 0.041002 -0.031827 1.363802
v 0.044245 -0.012112 1.381639
v 0.057563 -0.004662 1.391839
v 0.066923 -0.041167 1.353727
v 0.072516 -0.029732 1.374056
v 0.071687 -0.017613 1.387134
v 0.077952 -0.006450 1.395978
v 0.098487 -0.032355 1.375689
v 0.110386 -0.021169 1.391349
v 0.142049 -0.044321 1.359704
v 0.138906 -0.034586 1.378153
v 0.134905 -0.008017 1.400132
v 0.169560 -0.023353 1.393021
v 0.198404 -0.045448 1.360436
v 0.197718 -0.035262 1.378969
v 0.192505 -0.008239 1.400589
v 0.225542 -0.022350 1.391967
v 0.240175 -0.339718 0.021079
v 0.230350 -0.343099 0.129835
v 0.225491 -0.339297 0.211914
v 0.246118 -0.330187 0.129620
v 0.249663 -0.320728 0.199740
v 0.263710 -0.318499 0.041215
v 0.260302 -0.316376 0.143764
v 0.277248 -0.305352 0.035143
v 0.273726 -0.301634 0.164148
v 0.290270 -0.291016 0.022510
v 0.288200 -0.288384 0.129237
v 0.285714 -0.284445 0.194587
v 0.307943 -0.268777 0.028173
v 0.301006 -0.272431 0.130809
v 0.304620 -0.260517 0.196604
v 0.311981 -0.257577 0.131131
v 0.327648 -0.241301 0.031085
v 0.330000 -0.228972 0.149146
v 0.319631 -0.238330 0.199158
v 0.336690 -0.225564 0.062545
v 0.342096 -0.213377 0.092269
v 0.245979 -0.309235 0.306014
v 0.237425 -0.296003 0.405652
v 0.244456 -0.273534 0.465282
v 0.265218 -0.294158 0.282402
v 0.259911 -0.287754 0.345857
v 0.256074 -0.271241 0.430384
v 0.278659 -0.262930 0.361155
v 0.271324 -0.244264 0.459580
v 0.277064 -0.277818 0.303220
v 0.287409 -0.266200 0.298352
v 0.301472 -0.247280 0.300111
v 0.295787 -0.237931 0.370458
v 0.280957 -0.225850 0.475221
v 0.313421 -0.228396 0.304950
v 0.306563 -0.223547 0.365220
v 0.229189 -0.284981 0.476235
v 0.226417 -0.256013 0.568802
v 0.249402 -0.235313 0.556123
v 0.255418 -0.258277 0.475256
v 0.331008 -0.220172 0.195827
v 0.355330 -0.208293 0.014324
v 0.350517 -0.208343 0.042645
v 0.347658 -0.206979 0.069730
v 0.347012 -0.194307 0.171516
v 0.365752 -0.196936 0.024492
v 0.363520 -0.192649 0.044890
v 0.362673 -0.178468 0.083884
v 0.362029 -0.172296 0.106624
v 0.341943 -0.178680 0.290167
v 0.359430 -0.160626 0.198957
v 0.368760 -0.199768 0.004797
v 0.381052 -0.190825 0.015124
v 0.381827 -0.177401 0.043501
v 0.371982 -0.171450 0.068017
v 0.389941 -0.159815 0.054343
v 0.383188 -0.150647 0.071099
v 0.372370 -0.152639 0.098509
v 0.369837 -0.148168 0.126713
v 0.365525 -0.145761 0.190215
v 0.388036 -0.125119 0.074880
v 0.380522 -0.125365 0.099406
v 0.379670 -0.114827 0.125299
v 0.371259 -0.123632 0.201517
v 0.399719 -0.087947 0.031497
v 0.395988 -0.091557 0.046674
v 0.391291 -0.099480 0.069252
v 0.386023 -0.098323 0.098054
v 0.379454 -0.096193 0.183936
v 0.398457 -0.069491 0.021017
v 0.393647 -0.076752 0.047132
v 0.391495 -0.076231 0.070149
v 0.388230 -0.076077 0.112156
v 0.384368 -0.069868 0.184822
v 0.391241 -0.035840 0.151930
v 0.379233 -0.042546 0.276294
v 0.378584 -0.013677 0.301082
v 0.406425 -0.186370 0.013888
v 0.406896 -0.172082 0.036584
v 0.406631 -0.150172 0.048947
v 0.396016 -0.142298 0.060025
v 0.417183 -0.111014 0.030129
v 0.412260 -0.123390 0.044456
v 0.398402 -0.124871 0.059332
v 0.411138 -0.094314 0.019839
v 0.403469 -0.104158 0.041588
v 0.397371 -0.108924 0.056876
v 0.395195 -0.053885 0.040812
v 0.393840 -0.044884 0.066571
v 0.392240 -0.009531 0.162883
v 0.433926 -0.188264 0.014655
v 0.435244 -0.172647 0.039735
v 0.447456 -0.166018 0.054093
v 0.430171 -0.151015 0.048389
v 0.446333 -0.152530 0.058771
v 0.429782 -0.114543 0.028615
v 0.437259 -0.126912 0.042991
v 0.448910 -0.137690 0.056794
v 0.436848 -0.105207 0.014742
v 0.445753 -0.114545 0.029970
v 0.301657 -0.200904 0.454772
v 0.332433 -0.200481 0.282345
v 0.325528 -0.199769 0.334288
v 0.311145 -0.203131 0.402996
v 0.319135 -0.182063 0.418528
v 0.332982 -0.145566 0.430855
v 0.336602 -0.126443 0.446385
v 0.334323 -0.166594 0.375575
v 0.349317 -0.150214 0.321468
v 0.359543 -0.134819 0.284044
v 0.357100 -0.121417 0.334320
v 0.363479 -0.095643 0.339441
v 0.341432 -0.100015 0.458483
v 0.364149 -0.070311 0.366576
v 0.348492 -0.069011 0.453733
v 0.363857 -0.040399 0.391176
v 0.349934 -0.040992 0.466054
v 0.364662 -0.013757 0.396447
v 0.352445 -0.013981 0.462755
v 0.364426 -0.114045 0.296771
v 0.370470 -0.094903 0.282972
v 0.373649 -0.068516 0.297916
v 0.372635 -0.041525 0.331209
v 0.247439 -0.220320 0.595440
v 0.234539 -0.208833 0.649523
v 0.240380 -0.186936 0.672865
v 0.260721 -0.206617 0.586898
v 0.280059 -0.181685 0.575094
v 0.260185 -0.181052 0.633255
v 0.279413 -0.153621 0.620982
v 0.282456 -0.129631 0.641915
v 0.284729 -0.204903 0.510966
v 0.292991 -0.183157 0.526835
v 0.297293 -0.152717 0.564741
v 0.307897 -0.125786 0.566181
v 0.281032 -0.102065 0.673281
v 0.308133 -0.097331 0.596459
v 0.310096 -0.070020 0.610969
v 0.309747 -0.041768 0.626144
v 0.307129 -0.011180 0.642348
v 0.309936 -0.169360 0.489012
v 0.312569 -0.149733 0.512917
v 0.332224 -0.117648 0.479477
v 0.335553 -0.089219 0.497882
v 0.336552 -0.068215 0.511581
v 0.335456 -0.040778 0.531596
v 0.336537 -0.013816 0.534898
v 0.321482 -0.013962 0.591881
v 0.227405 -0.172761 0.722475
v 0.248382 -0.150282 0.706096
v 0.221994 -0.138863 0.772380
v 0.251776 -0.126003 0.725254
v 0.252602 -0.097038 0.747607
v 0.250328 -0.067702 0.769497
v 0.249676 -0.041185 0.781474
v 0.251524 -0.013361 0.783714
v 0.278893 -0.067752 0.703628
v 0.280573 -0.042128 0.710439
v 0.281241 -0.015078 0.714730
v 0.241478 -0.026521 1.008242
v 0.241274 -0.039668 1.024689
v 0.240157 -0.049368 1.044272
v 0.239552 -0.010262 0.997855
v 0.289553 -0.057320 1.057884
v 0.290846 -0.062628 1.079919
v 0.290544 -0.066992 1.104953
v 0.267368 -0.028352 1.005816
v 0.302039 -0.051973 1.039359
v 0.281581 -0.004336 0.984750
v 0.269570 -0.010517 0.992597
v 0.316686 -0.032785 1.001579
v 0.294096 -0.043216 1.021519
v 0.299870 -0.006627 0.982533
v 0.295396 -0.018124 0.990217
v 0.334281 -0.058369 1.057316
v 0.337487 -0.063422 1.080511
v 0.338707 -0.067382 1.105724
v 0.332714 -0.044481 1.019119
v 0.322293 -0.021291 0.988549
v 0.350000 -0.035097 1.001563
v 0.362714 -0.052983 1.038471
v 0.365193 -0.008267 0.979423
v 0.362994 -0.023077 0.987056
v 0.390803 -0.058254 1.059170
v 0.392410 -0.062331 1.080140
v 0.395553 -0.065749 1.105075
v 0.391687 -0.035034 1.000705
v 0.390631 -0.045062 1.019352
v 0.420395 -0.052036 1.041012
v 0.405983 -0.008151 0.979451
v 0.418259 -0.022778 0.987405
v 0.451601 -0.054295 1.055918
v 0.449003 -0.058948 1.078859
v 0.442343 -0.062967 1.106894
v 0.451208 -0.033060 1.003372
v 0.449021 -0.043051 1.022603
v 0.452343 -0.007233 0.981190
v 0.282076 -0.072460 1.161447
v 0.288680 -0.073232 1.187395
v 0.283350 -0.072662 1.215730
v 0.264990 -0.058405 1.319406
v 0.257774 -0.052432 1.339231
v 0.296263 -0.062224 1.297764
v 0.323040 -0.070729 1.134157
v 0.311125 -0.069727 1.244313
v 0.305994 -0.066374 1.271462
v 0.318392 -0.050268 1.332950
v 0.339277 -0.071880 1.160877
v 0.323180 -0.055365 1.317497
v 0.365865 -0.070947 1.190276
v 0.366632 -0.069534 1.216846
v 0.365175 -0.066877 1.243673
v 0.367846 -0.062528 1.271282
v 0.371635 -0.056968 1.295887
v 0.384504 -0.051662 1.307598
v 0.349201 -0.047463 1.329949
v 0.395579 -0.068262 1.132880
v 0.395310 -0.069399 1.160821
v 0.383903 -0.041111 1.331079
v 0.423267 -0.066863 1.188575
v 0.436677 -0.063653 1.216112
v 0.424208 -0.061692 1.242693
v 0.427908 -0.056753 1.268004
v 0.428999 -0.052375 1.283353
v 0.443446 -0.064863 1.133183
v 0.465833 -0.063390 1.159758
v 0.446787 -0.041555 1.300869
v 0.438976 -0.030260 1.324508
v 0.441018 -0.018488 1.335348
v 0.260059 -0.044129 1.357920
v 0.251092 -0.033698 1.376308
v 0.255262 -0.006627 1.397904
v 0.264610 -0.018146 1.389751
v 0.315073 -0.040124 1.354056
v 0.286346 -0.028311 1.375753
v 0.290453 -0.010542 1.387023
v 0.278421 -0.004351 1.395198
v 0.343704 -0.011193 1.373826
v 0.349445 -0.033862 1.354375
v 0.339490 -0.024798 1.367617
v 0.371467 -0.019653 1.363048
v 0.381428 -0.030495 1.348566
v 0.387893 -0.004629 1.366827
v 0.400861 -0.010442 1.356640
v 0.421850 -0.024001 1.339963
v 0.428870 -0.010220 1.345360
v 0.485547 -0.196079 0.017645
v 0.460469 -0.191062 0.021426
v 0.462156 -0.181420 0.041616
v 0.465448 -0.169994 0.059537
v 0.466461 -0.153851 0.069700
v 0.478242 -0.149138 0.079674
v 0.462279 -0.121915 0.048722
v 0.468396 -0.134728 0.065321
v 0.479194 -0.139843 0.077655
v 0.463478 -0.104607 0.011434
v 0.465188 -0.112148 0.032482
v 0.501653 -0.189045 0.046065
v 0.490466 -0.174523 0.067164
v 0.500770 -0.166824 0.081551
v 0.482316 -0.161403 0.075926
v 0.494222 -0.153891 0.085309
v 0.481453 -0.117481 0.052120
v 0.491960 -0.122000 0.064103
v 0.495846 -0.137528 0.082369
v 0.499104 -0.103990 0.021872
v 0.491157 -0.109792 0.038764
v 0.508996 -0.112952 0.055920
v 0.547004 -0.193870 0.051573
v 0.518156 -0.181034 0.069779
v 0.520880 -0.169436 0.087084
v 0.521042 -0.153493 0.096778
v 0.534269 -0.148563 0.106122
v 0.522719 -0.135038 0.092492
v 0.534871 -0.139625 0.103999
v 0.537451 -0.099248 0.012515
v 0.569098 -0.196336 0.048831
v 0.545043 -0.185173 0.072495
v 0.546599 -0.172842 0.094086
v 0.561256 -0.166499 0.107297
v 0.538427 -0.160213 0.102492
v 0.550331 -0.153105 0.110363
v 0.542322 -0.116440 0.077577
v 0.547175 -0.127036 0.095345
v 0.546030 -0.103790 0.039364
v 0.553516 -0.109496 0.064625
v 0.601236 -0.200503 0.029275
v 0.582952 -0.189987 0.074002
v 0.574340 -0.179179 0.094194
v 0.575889 -0.152712 0.117124
v 0.574010 -0.121375 0.096551
v 0.575784 -0.136148 0.112515
v 0.573921 -0.098252 0.013837
v 0.585519 -0.104697 0.054819
v 0.596366 -0.112531 0.086096
v 0.614241 -0.195603 0.060726
v 0.611272 -0.182395 0.098291
v 0.602907 -0.169716 0.115546
v 0.603990 -0.153425 0.126110
v 0.617590 -0.148838 0.134448
v 0.603075 -0.120556 0.103500
v 0.605660 -0.134934 0.121323
v 0.618160 -0.140295 0.132434
v 0.625935 -0.098702 0.015367
v 0.625854 -0.101754 0.042725
v 0.655893 -0.196508 0.055790
v 0.644117 -0.191451 0.080016
v 0.630554 -0.172012 0.121666
v 0.641186 -0.164629 0.133633
v 0.622121 -0.160139 0.130643
v 0.634091 -0.153285 0.137298
v 0.630476 -0.118019 0.106188
v 0.631682 -0.128371 0.123056
v 0.650138 -0.138427 0.136371
v 0.643109 -0.105552 0.066733
v 0.630525 -0.110822 0.087664
v 0.697803 -0.196457 0.032268
v 0.677917 -0.196369 0.051202
v 0.658213 -0.185714 0.098994
v 0.666584 -0.177211 0.120488
v 0.672220 -0.166555 0.135899
v 0.673520 -0.152481 0.142150
v 0.658087 -0.116476 0.107347
v 0.669413 -0.124565 0.124205
v 0.657997 -0.100188 0.013869
v 0.671365 -0.102864 0.041261
v 0.668459 -0.109851 0.087829
v 0.485087 -0.053569 1.068795
v 0.461489 -0.020279 0.989731
v 0.497639 -0.055814 1.090625
v 0.505192 -0.056600 1.106094
v 0.488689 -0.029324 1.006322
v 0.501841 -0.037827 1.026171
v 0.501351 -0.046546 1.050499
v 0.484800 -0.005810 0.984077
v 0.487743 -0.016934 0.992201
v 0.530591 -0.023860 1.013607
v 0.534690 -0.047249 1.078429
v 0.500974 -0.004046 0.986869
v 0.512315 -0.009762 0.996375
v 0.542804 -0.029187 1.027256
v 0.545037 -0.038390 1.051440
v 0.565485 -0.044784 1.107416
v 0.540834 -0.009924 1.007588
v 0.553109 -0.018082 1.018464
v 0.563670 -0.025304 1.033668
v 0.588327 -0.029151 1.059056
v 0.573340 -0.038435 1.078580
v 0.559215 -0.005760 1.013432
v 0.573017 -0.011773 1.026457
v 0.599419 -0.019700 1.050697
v 0.598791 -0.031164 1.079870
v 0.597726 -0.035444 1.106768
v 0.611749 -0.003735 1.044054
v 0.609997 -0.023034 1.069428
v 0.614843 -0.026212 1.088737
v 0.616531 -0.028045 1.108611
v 0.620670 -0.007305 1.058805
v 0.624488 -0.016775 1.080311
v 0.630221 -0.018235 1.106912
v 0.633005 -0.003291 1.068579
v 0.636363 -0.005471 1.083667
v 0.639634 -0.006299 1.107190
v 0.477549 -0.060960 1.187399
v 0.467991 -0.056160 1.240767
v 0.485710 -0.050895 1.248761
v 0.461401 -0.048623 1.274038
v 0.458981 -0.010775 1.329989
v 0.502264 -0.058492 1.133325
v 0.497375 -0.055851 1.211626
v 0.507939 -0.052163 1.220410
v 0.489282 -0.041559 1.273115
v 0.492749 -0.028827 1.296760
v 0.477460 -0.023899 1.312281
v 0.496517 -0.018553 1.305470
v 0.485111 -0.010325 1.316906
v 0.527357 -0.054455 1.161763
v 0.513498 -0.055159 1.191940
v 0.541038 -0.051731 1.133447
v 0.518355 -0.042615 1.245891
v 0.524943 -0.030678 1.269148
v 0.526959 -0.020076 1.281816
v 0.514618 -0.011581 1.297153
v 0.501938 -0.005763 1.310163
v 0.549123 -0.046637 1.189920
v 0.546863 -0.041877 1.217901
v 0.562919 -0.030066 1.238536
v 0.556332 -0.022820 1.255542
v 0.546152 -0.012624 1.271652
v 0.532761 -0.006370 1.287255
v 0.574104 -0.043806 1.133984
v 0.574169 -0.042821 1.161821
v 0.574076 -0.039191 1.189618
v 0.573047 -0.032986 1.217136
v 0.573046 -0.020613 1.244458
v 0.597594 -0.036637 1.133896
v 0.597568 -0.035117 1.160917
v 0.598415 -0.029789 1.187737
v 0.591582 -0.026156 1.208580
v 0.608619 -0.018588 1.197752
v 0.599253 -0.012115 1.217661
v 0.581336 -0.003877 1.253083
v 0.616987 -0.028501 1.133774
v 0.616073 -0.026950 1.158591
v 0.614071 -0.023532 1.177811
v 0.631454 -0.018299 1.133493
v 0.629425 -0.016248 1.159202
v 0.622842 -0.010391 1.184063
v 0.614280 -0.005962 1.203658
v 0.640448 -0.006373 1.132973
v 0.638692 -0.005673 1.156642
v 0.634920 -0.004249 1.172847
v 0.446091 -0.005522 1.340525
v 0.689862 -0.192802 0.069206
v 0.700070 -0.185443 0.099700
v 0.699982 -0.116367 0.108216
v 0.686213 -0.137152 0.138386
v 0.696833 -0.103468 0.012486
v 0.699742 -0.106925 0.063937
v 0.730466 -0.177084 0.120471
v 0.728634 -0.166168 0.137410
v 0.733219 -0.152345 0.143767
v 0.714041 -0.124560 0.124330
v 0.728480 -0.136942 0.138929
v 0.731505 -0.108144 0.040715
v 0.724403 -0.112005 0.087277
v 0.763798 -0.185117 0.062721
v 0.742297 -0.187564 0.070032
v 0.741944 -0.183272 0.096723
v 0.745451 -0.111920 0.071955
v 0.742107 -0.116751 0.098559
v 0.764912 -0.127542 0.121135
v 0.737425 -0.108908 0.014915
v 0.769370 -0.182779 0.014534
v 0.769387 -0.184228 0.042192
v 0.769032 -0.179707 0.096503
v 0.768385 -0.173382 0.119865
v 0.766505 -0.164772 0.135504
v 0.768133 -0.152428 0.141149
v 0.775056 -0.118530 0.014835
v 0.775851 -0.116985 0.041853
v 0.762114 -0.113705 0.061819
v 0.792652 -0.125528 0.097650
v 0.768610 -0.138846 0.136405
v 0.757501 -0.112101 0.040035
v 0.792568 -0.174574 0.015878
v 0.793891 -0.177013 0.042458
v 0.794456 -0.177071 0.069670
v 0.794087 -0.174258 0.096031
v 0.793667 -0.167748 0.119681
v 0.785463 -0.162849 0.133151
v 0.803206 -0.158456 0.126896
v 0.792845 -0.152898 0.136168
v 0.795771 -0.128173 0.015332
v 0.798203 -0.125172 0.042636
v 0.796997 -0.123838 0.069947
v 0.794767 -0.132475 0.118711
v 0.792326 -0.140755 0.133367
v 0.809437 -0.165478 0.018853
v 0.813243 -0.167155 0.043387
v 0.814788 -0.168640 0.069474
v 0.813651 -0.167255 0.094166
v 0.810501 -0.163646 0.112176
v 0.825431 -0.152574 0.046010
v 0.828293 -0.157707 0.070422
v 0.826262 -0.157288 0.094749
v 0.818070 -0.152753 0.117002
v 0.808154 -0.149031 0.130699
v 0.812166 -0.139000 0.018709
v 0.819645 -0.137160 0.045619
v 0.818961 -0.132480 0.070541
v 0.817894 -0.133545 0.094953
v 0.815823 -0.139631 0.115879
v 0.807494 -0.142255 0.129746
v 0.833779 -0.147395 0.056890
v 0.835200 -0.148495 0.072730
v 0.833870 -0.148325 0.092997
v 0.830009 -0.147286 0.107736
v 0.831569 -0.140846 0.056867
v 0.832296 -0.139853 0.072738
v 0.831356 -0.140127 0.092971
v 0.828859 -0.141583 0.107452
v 0.006717 -0.005907 -1.538891
v 0.013077 0.001603 -1.524155
v 0.013336 0.012168 -1.500478
v 0.014392 0.027976 -1.460788
v 0.014141 0.040290 -1.404932
v 0.032112 -0.001305 -1.516854
v 0.038768 0.005466 -1.497316
v 0.041335 0.018017 -1.465213
v 0.033895 0.025616 -1.453711
v 0.037112 0.034262 -1.412067
v 0.039525 0.039987 -1.375462
v 0.055945 -0.000283 -1.483172
v 0.066330 0.010311 -1.440462
v 0.072449 0.017244 -1.404564
v 0.079400 0.022671 -1.357097
v 0.055979 0.025166 -1.419174
v 0.060817 0.032191 -1.371567
v 0.082471 0.000325 -1.420606
v 0.092418 0.005862 -1.367059
v 0.014470 0.051690 -1.330205
v 0.028398 0.054817 -1.297946
v 0.006758 0.055394 -1.316748
v 0.012014 0.057266 -1.299933
v 0.011543 0.062948 -1.274882
v 0.012575 0.072429 -1.252166
v 0.011264 0.086258 -1.236993
v 0.012428 0.105481 -1.224550
v 0.011358 0.165767 -1.202075
v 0.015153 0.205526 -1.177946
v 0.041425 0.048120 -1.313515
v 0.049129 0.052576 -1.277027
v 0.053026 0.057193 -1.257618
v 0.032537 0.059960 -1.272873
v 0.039793 0.069152 -1.247838
v 0.041573 0.083637 -1.233414
v 0.040332 0.097449 -1.224783
v 0.044447 0.140335 -1.207643
v 0.040514 0.169997 -1.195722
v 0.039297 0.198527 -1.179575
v 0.041774 0.226255 -1.158634
v 0.069563 0.037012 -1.306661
v 0.068395 0.043407 -1.275623
v 0.070422 0.050931 -1.250074
v 0.080049 0.056050 -1.232232
v 0.060167 0.063885 -1.240626
v 0.070063 0.073242 -1.226559
v 0.066807 0.097402 -1.216785
v 0.072306 0.127579 -1.205145
v 0.065378 0.143131 -1.201664
v 0.074864 0.184428 -1.179148
v 0.065780 0.197406 -1.174137
v 0.093206 0.013979 -1.331306
v 0.103067 0.012930 -1.275301
v 0.103066 0.020519 -1.249171
v 0.106827 0.025956 -1.229890
v 0.086246 0.029256 -1.280793
v 0.090053 0.036656 -1.248403
v 0.099232 0.045835 -1.223124
v 0.111289 0.053727 -1.207177
v 0.091989 0.071690 -1.214633
v 0.112695 0.077257 -1.199928
v 0.095655 0.089573 -1.206441
v 0.092165 0.119025 -1.199937
v 0.105843 0.158646 -1.179330
v 0.097485 0.175840 -1.174681
v 0.106057 0.208517 -1.149453
v 0.110720 0.000609 -1.272642
v 0.113229 0.004312 -1.246547
v 0.117690 0.012631 -1.220420
v 0.129761 0.014216 -1.197803
v 0.114108 0.033629 -1.212737
v 0.125081 0.042857 -1.197723
v 0.125962 0.070767 -1.192373
v 0.131147 0.127933 -1.177398
v 0.124520 0.148205 -1.173804
v 0.135154 0.181453 -1.150130
v 0.132785 0.213681 -1.128542
v 0.143985 0.014801 -1.180435
v 0.158923 0.014497 -1.165564
v 0.143381 0.042302 -1.181560
v 0.166726 0.044248 -1.162061
v 0.153026 0.069539 -1.173147
v 0.141904 0.095087 -1.178271
v 0.168216 0.097433 -1.157785
v 0.142816 0.119063 -1.172477
v 0.158279 0.154375 -1.147729
v 0.162417 0.182913 -1.127958
v 0.153094 0.204967 -1.119573
v 0.173469 0.016142 -1.152684
v 0.200679 0.016537 -1.125273
v 0.198330 0.042216 -1.131910
v 0.182562 0.069108 -1.148298
v 0.195685 0.097195 -1.132048
v 0.169674 0.131137 -1.148057
v 0.196039 0.124083 -1.124674
v 0.188792 0.150270 -1.121672
v 0.203256 0.069924 -1.126963
v 0.189236 0.185992 -1.098570
v 0.173528 0.207696 -1.097686
v 0.194333 0.210214 -1.071808
v 0.223963 0.014750 -1.096557
v 0.223135 0.041910 -1.102505
v 0.224197 0.070965 -1.101766
v 0.224436 0.098304 -1.097841
v 0.221673 0.124955 -1.093771
v 0.202999 0.160411 -1.099640
v 0.223495 0.153848 -1.076494
v 0.217622 0.177060 -1.069148
v 0.225463 0.189876 -1.045746
v 0.213401 0.211706 -1.042821
v 0.013475 0.239058 -1.151409
v 0.013932 0.261191 -1.129112
v 0.042564 0.257035 -1.129694
v 0.075687 0.225918 -1.149530
v 0.074572 0.254104 -1.123019
v 0.104011 0.234396 -1.128576
v 0.014079 0.281466 -1.105159
v 0.014788 0.307784 -1.067231
v 0.012933 0.323327 -1.038032
v 0.015072 0.338618 -1.005350
v 0.012790 0.354998 -0.955907
v 0.013522 0.369091 -0.892290
v 0.040285 0.285506 -1.095616
v 0.042836 0.307579 -1.062542
v 0.040743 0.334013 -1.010603
v 0.062156 0.336006 -0.995831
v 0.044385 0.343937 -0.982037
v 0.036656 0.361834 -0.924071
v 0.049181 0.364099 -0.904193
v 0.071821 0.279226 -1.094156
v 0.073390 0.296479 -1.068002
v 0.077606 0.311873 -1.039554
v 0.070221 0.329135 -1.007304
v 0.070173 0.348814 -0.948969
v 0.070728 0.358099 -0.909995
v 0.111479 0.252730 -1.104628
v 0.100615 0.265130 -1.096866
v 0.106074 0.283732 -1.068198
v 0.098514 0.307935 -1.033217
v 0.092939 0.332754 -0.981143
v 0.115568 0.332038 -0.957851
v 0.099135 0.340339 -0.950766
v 0.098621 0.353547 -0.890144
v 0.133223 0.243445 -1.099384
v 0.130576 0.268376 -1.071080
v 0.124294 0.286871 -1.048088
v 0.130619 0.302620 -1.013407
v 0.124587 0.311503 -1.000958
v 0.139327 0.328159 -0.932352
v 0.122377 0.339064 -0.919902
v 0.164982 0.227153 -1.088667
v 0.156587 0.250388 -1.070270
v 0.158900 0.267558 -1.043703
v 0.151039 0.282063 -1.028983
v 0.157294 0.298859 -0.986995
v 0.149686 0.309912 -0.971438
v 0.163813 0.319542 -0.908511
v 0.141410 0.336421 -0.886924
v 0.187716 0.241061 -1.044623
v 0.180523 0.260561 -1.026297
v 0.190385 0.272938 -0.987803
v 0.172652 0.281874 -0.999801
v 0.182732 0.294523 -0.951359
v 0.196463 0.295767 -0.909353
v 0.169303 0.307376 -0.942381
v 0.208085 0.232401 -1.025506
v 0.216930 0.246200 -0.987221
v 0.201652 0.256192 -0.999408
v 0.213171 0.266953 -0.951754
v 0.220340 0.275476 -0.903694
v 0.200265 0.283230 -0.941207
v 0.012844 0.364176 -0.698490
v 0.013511 0.374139 -0.839990
v 0.013541 0.374469 -0.786182
v 0.013037 0.369470 -0.730596
v 0.038820 0.363739 -0.706052
v 0.043438 0.351293 -0.658135
v 0.040548 0.369771 -0.869064
v 0.039304 0.372901 -0.811946
v 0.040797 0.370063 -0.754578
v 0.081059 0.361411 -0.875688
v 0.080457 0.361853 -0.746849
v 0.068926 0.358764 -0.710496
v 0.067540 0.365869 -0.865373
v 0.064492 0.369080 -0.811940
v 0.067895 0.366825 -0.769472
v 0.059532 0.365024 -0.733845
v 0.087567 0.362988 -0.840634
v 0.113985 0.354215 -0.824848
v 0.114494 0.353977 -0.796793
v 0.095981 0.358132 -0.756118
v 0.097661 0.348658 -0.702526
v 0.085180 0.364056 -0.791678
v 0.135069 0.331899 -0.693951
v 0.122777 0.347539 -0.866678
v 0.122953 0.347835 -0.757087
v 0.119418 0.340289 -0.699531
v 0.166916 0.322514 -0.881419
v 0.162212 0.328681 -0.853580
v 0.170524 0.325598 -0.824896
v 0.171300 0.325201 -0.798189
v 0.171569 0.323254 -0.768961
v 0.168452 0.321882 -0.740974
v 0.150958 0.325747 -0.704035
v 0.143940 0.340163 -0.837370
v 0.144492 0.340211 -0.788367
v 0.140870 0.337281 -0.737069
v 0.194445 0.304121 -0.875953
v 0.194146 0.304868 -0.747794
v 0.188714 0.299873 -0.701764
v 0.191771 0.310457 -0.839976
v 0.170819 0.312797 -0.701050
v 0.218868 0.281933 -0.738536
v 0.223232 0.271199 -0.710832
v 0.220299 0.282692 -0.869390
v 0.208623 0.296696 -0.837263
v 0.206462 0.298619 -0.784038
v 0.204457 0.287971 -0.706694
v 0.196037 0.307681 -0.792322
v 0.013832 0.353603 -0.655886
v 0.013882 0.348906 -0.629442
v 0.013875 0.348066 -0.601742
v 0.015722 0.353254 -0.565869
v 0.040841 0.367932 -0.501088
v 0.011345 0.363229 -0.530559
v 0.013878 0.380372 -0.454137
v 0.041646 0.346281 -0.629866
v 0.041496 0.345401 -0.601683
v 0.041412 0.349112 -0.574203
v 0.042069 0.355485 -0.546551
v 0.083669 0.335141 -0.622282
v 0.083403 0.334851 -0.608102
v 0.068683 0.341405 -0.634465
v 0.069267 0.340004 -0.600922
v 0.069544 0.345399 -0.566595
v 0.069398 0.363867 -0.497625
v 0.070243 0.376208 -0.439078
v 0.097715 0.335023 -0.644701
v 0.100759 0.330738 -0.628430
v 0.100317 0.330407 -0.601241
v 0.105315 0.334393 -0.569805
v 0.086354 0.337642 -0.582535
v 0.097275 0.363117 -0.470723
v 0.141601 0.310661 -0.622409
v 0.141573 0.310489 -0.609001
v 0.126440 0.320527 -0.632739
v 0.127941 0.318928 -0.601807
v 0.127992 0.325726 -0.567625
v 0.127221 0.348323 -0.485684
v 0.121638 0.364837 -0.424373
v 0.154885 0.308792 -0.648451
v 0.156733 0.303745 -0.629010
v 0.156487 0.303764 -0.602285
v 0.163649 0.305060 -0.574108
v 0.145802 0.312979 -0.583416
v 0.160725 0.329314 -0.496225
v 0.143910 0.338224 -0.495552
v 0.154154 0.347964 -0.434829
v 0.206201 0.271399 -0.654717
v 0.179605 0.289059 -0.628076
v 0.180657 0.288519 -0.602325
v 0.211566 0.270240 -0.570037
v 0.181448 0.293425 -0.658213
v 0.183920 0.292049 -0.572653
v 0.196622 0.310301 -0.482638
v 0.184620 0.319868 -0.477489
v 0.170707 0.338701 -0.435377
v 0.234129 0.240959 -0.654405
v 0.212614 0.261244 -0.604666
v 0.209324 0.264039 -0.629050
v 0.202466 0.281367 -0.559792
v 0.212235 0.299434 -0.477361
v 0.013794 0.392333 -0.393826
v 0.013862 0.404500 -0.316021
v 0.013194 0.416807 -0.210225
v 0.038216 0.391278 -0.388998
v 0.067282 0.391666 -0.361962
v 0.042828 0.403665 -0.305311
v 0.068250 0.398865 -0.311280
v 0.068882 0.412488 -0.184607
v 0.096510 0.372235 -0.426467
v 0.091562 0.390996 -0.331787
v 0.109551 0.391105 -0.293041
v 0.097647 0.397099 -0.270251
v 0.134511 0.358601 -0.428565
v 0.124360 0.382782 -0.313921
v 0.138243 0.390620 -0.203751
v 0.164501 0.359529 -0.348133
v 0.143344 0.365729 -0.371578
v 0.153820 0.370522 -0.312492
v 0.153948 0.383421 -0.205174
v 0.190506 0.328772 -0.423781
v 0.191112 0.342123 -0.358283
v 0.185964 0.355213 -0.298923
v 0.170801 0.366569 -0.278805
v 0.215459 0.310227 -0.425528
v 0.211411 0.327632 -0.359192
v 0.220742 0.330757 -0.303635
v 0.207139 0.342034 -0.294875
v 0.208460 0.352973 -0.199430
v 0.022991 0.420084 -0.189485
v 0.014012 0.424798 -0.179115
v 0.013501 0.440585 -0.152740
v 0.026169 0.447254 -0.137467
v 0.042193 0.414289 -0.209499
v 0.043239 0.418195 -0.181685
v 0.051362 0.421579 -0.156292
v 0.065267 0.421439 -0.134291
v 0.029849 0.423835 -0.170584
v 0.034406 0.430096 -0.151727
v 0.043377 0.438663 -0.126542
v 0.051370 0.444080 -0.097312
v 0.056576 0.446885 -0.070778
v 0.062744 0.448814 -0.030608
v 0.080099 0.419755 -0.097946
v 0.083204 0.421154 -0.070636
v 0.090779 0.421700 -0.015986
v 0.062318 0.429714 -0.105251
v 0.068673 0.433506 -0.059993
v 0.072353 0.439031 -0.015814
v 0.082677 0.414153 -0.137789
v 0.099929 0.411024 -0.105643
v 0.102630 0.413301 -0.045261
v 0.101202 0.416006 -0.000748
v 0.087282 0.426116 0.017279
v 0.125757 0.397223 -0.181722
v 0.122935 0.406548 0.009993
v 0.161531 0.385895 -0.127986
v 0.166224 0.387648 -0.000418
v 0.139894 0.394745 -0.141291
v 0.145407 0.396496 -0.040318
v 0.193315 0.365567 -0.172739
v 0.191586 0.369370 -0.135602
v 0.182213 0.378561 -0.037669
v 0.214169 0.355112 -0.128985
v 0.217153 0.357122 -0.022180
v 0.201527 0.367872 0.000053
v 0.008703 0.464659 -0.142715
v 0.022472 0.465916 -0.132689
v 0.007525 0.490674 -0.139620
v 0.020825 0.490911 -0.130698
v 0.007024 0.545173 -0.137920
v 0.019482 0.541980 -0.129490
v 0.006002 0.570053 -0.135638
v 0.016979 0.572675 -0.126635
v 0.004573 0.587482 -0.132116
v 0.011305 0.599783 -0.120775
v 0.020247 0.627555 -0.103168
v 0.007457 0.626905 -0.113409
v 0.005075 0.643778 -0.107218
v 0.011573 0.655729 -0.093409
v 0.020266 0.683820 -0.067530
v 0.034844 0.464243 -0.117965
v 0.043486 0.465547 -0.095289
v 0.051623 0.467300 -0.062390
v 0.058000 0.465111 -0.027391
v 0.031660 0.491289 -0.115496
v 0.040088 0.491875 -0.094520
v 0.049390 0.490272 -0.061021
v 0.053202 0.538754 -0.033655
v 0.028544 0.557985 -0.114634
v 0.036486 0.565419 -0.094705
v 0.044130 0.560954 -0.069896
v 0.047320 0.590772 -0.043826
v 0.055978 0.566902 -0.003669
v 0.024375 0.592039 -0.111293
v 0.029840 0.615288 -0.093197
v 0.037345 0.623067 -0.068585
v 0.048503 0.620471 -0.016235
v 0.039971 0.642759 -0.044254
v 0.024752 0.647529 -0.084648
v 0.029440 0.668139 -0.061693
v 0.042573 0.657835 -0.013792
v 0.062994 0.464698 -0.007341
v 0.057922 0.488696 -0.013649
v 0.003525 0.696092 -0.075796
v 0.023366 0.694901 -0.050828
v 0.007541 0.705497 -0.061543
v 0.019604 0.711714 -0.037489
v 0.003713 0.718996 -0.051363
v 0.010510 0.734080 -0.009003
v 0.004275 0.746650 0.002896
v 0.031298 0.683994 -0.039896
v 0.038830 0.685083 0.001263
v 0.028097 0.703130 -0.026407
v 0.025556 0.727739 0.014230
v 0.249025 0.016955 -1.059853
v 0.250927 0.043931 -1.062610
v 0.250769 0.069532 -1.063542
v 0.250021 0.095597 -1.060359
v 0.240341 0.124905 -1.065486
v 0.248572 0.151078 -1.037155
v 0.246131 0.183726 -1.013754
v 0.237820 0.207915 -1.002573
v 0.248450 0.219854 -0.957982
v 0.278433 0.016220 -0.998577
v 0.278781 0.044781 -1.006085
v 0.277550 0.069504 -1.009394
v 0.275533 0.097951 -1.007167
v 0.258001 0.126337 -1.033267
v 0.277825 0.128680 -0.986079
v 0.259851 0.155888 -1.009595
v 0.277562 0.158371 -0.960944
v 0.255432 0.176024 -1.001198
v 0.272510 0.180549 -0.948148
v 0.277566 0.192670 -0.904908
v 0.255341 0.198968 -0.973033
v 0.263510 0.211332 -0.923861
v 0.293515 0.013986 -0.948836
v 0.305004 0.012893 -0.899641
v 0.298759 0.042638 -0.940864
v 0.287147 0.072128 -0.981493
v 0.301354 0.069806 -0.931054
v 0.283434 0.105576 -0.983669
v 0.294495 0.098317 -0.948678
v 0.305554 0.100030 -0.901298
v 0.287482 0.129756 -0.954610
v 0.302911 0.123715 -0.891935
v 0.284165 0.149630 -0.947869
v 0.285971 0.166120 -0.918096
v 0.308113 0.022136 -0.889718
v 0.308338 0.044603 -0.898249
v 0.309387 0.070006 -0.893534
v 0.308524 0.090337 -0.890936
v 0.270093 0.184759 -0.660535
v 0.273960 0.210765 -0.868930
v 0.268515 0.225791 -0.825769
v 0.268852 0.225549 -0.799102
v 0.278142 0.206470 -0.769901
v 0.265878 0.222471 -0.742692
v 0.269622 0.207259 -0.713482
v 0.304622 0.012958 -0.711569
v 0.303299 0.013900 -0.684814
v 0.306035 0.042434 -0.706351
v 0.303511 0.064063 -0.682831
v 0.305841 0.070100 -0.706116
v 0.305362 0.102986 -0.721021
v 0.300025 0.098300 -0.684918
v 0.305426 0.135667 -0.849049
v 0.305440 0.136349 -0.774083
v 0.304008 0.125050 -0.738068
v 0.294868 0.125290 -0.685994
v 0.298140 0.154870 -0.863484
v 0.305808 0.141880 -0.812008
v 0.295123 0.166698 -0.766688
v 0.295558 0.153422 -0.734599
v 0.283824 0.157408 -0.673935
v 0.287553 0.182406 -0.868134
v 0.293486 0.176159 -0.812063
v 0.285152 0.181514 -0.731076
v 0.281956 0.197156 -0.860131
v 0.283413 0.198960 -0.811282
v 0.279641 0.196299 -0.737359
v 0.312407 0.018871 -0.839508
v 0.312395 0.017496 -0.784495
v 0.308267 0.019990 -0.731895
v 0.312393 0.042773 -0.864671
v 0.314584 0.042924 -0.825830
v 0.314487 0.042890 -0.787916
v 0.310060 0.043189 -0.733020
v 0.314434 0.068575 -0.839025
v 0.314553 0.069912 -0.785221
v 0.309868 0.071645 -0.730624
v 0.311794 0.095578 -0.852959
v 0.313109 0.097966 -0.811024
v 0.311972 0.095924 -0.770678
v 0.308774 0.093969 -0.733530
v 0.308751 0.115153 -0.861645
v 0.308720 0.129090 -0.810484
v 0.308741 0.116566 -0.761124
v 0.255042 0.212057 -0.656228
v 0.236188 0.235082 -0.629675
v 0.258224 0.207783 -0.602333
v 0.245577 0.233190 -0.575161
v 0.282607 0.153822 -0.655293
v 0.284933 0.148367 -0.631095
v 0.273038 0.181919 -0.605149
v 0.269740 0.182790 -0.630925
v 0.258504 0.203377 -0.630448
v 0.264221 0.208273 -0.574572
v 0.280222 0.225628 -0.478144
v 0.305212 0.014373 -0.657489
v 0.307642 0.039406 -0.637721
v 0.302969 0.065131 -0.659425
v 0.305105 0.071158 -0.632333
v 0.298129 0.098198 -0.658341
v 0.296108 0.114570 -0.632494
v 0.304606 0.101573 -0.605778
v 0.312314 0.121236 -0.554971
v 0.292056 0.124896 -0.658616
v 0.296575 0.128084 -0.605039
v 0.310007 0.142199 -0.534792
v 0.288107 0.152555 -0.600055
v 0.313023 0.165841 -0.483150
v 0.279431 0.183506 -0.574973
v 0.298443 0.182584 -0.507449
v 0.307388 0.195641 -0.442520
v 0.290100 0.207975 -0.484258
v 0.311258 0.015631 -0.629282
v 0.337072 0.013518 -0.532704
v 0.336837 0.041437 -0.525897
v 0.311189 0.069887 -0.607900
v 0.337632 0.068868 -0.506409
v 0.317337 0.098225 -0.560821
v 0.338281 0.104652 -0.469223
v 0.332715 0.129112 -0.460446
v 0.352361 0.013291 -0.463429
v 0.354376 0.042229 -0.442109
v 0.350370 0.071204 -0.441845
v 0.336772 0.086475 -0.495118
v 0.339883 0.124485 -0.431770
v 0.301268 0.212101 -0.425779
v 0.330405 0.156942 -0.419370
v 0.322363 0.179574 -0.407950
v 0.332028 0.192751 -0.315600
v 0.314491 0.217273 -0.342874
v 0.327165 0.209291 -0.285457
v 0.331522 0.219865 -0.192538
v 0.364928 0.013181 -0.394838
v 0.365882 0.073731 -0.352206
v 0.363647 0.095785 -0.337875
v 0.359231 0.128283 -0.305861
v 0.339426 0.147594 -0.389770
v 0.350352 0.155514 -0.298765
v 0.359928 0.159282 -0.198157
v 0.337310 0.169476 -0.349751
v 0.341500 0.178388 -0.294335
v 0.341746 0.200459 -0.194829
v 0.377531 0.013283 -0.309589
v 0.392048 0.008595 -0.165496
v 0.364526 0.044939 -0.384807
v 0.373166 0.041596 -0.327171
v 0.379723 0.042099 -0.272347
v 0.374979 0.069583 -0.283942
v 0.383515 0.069957 -0.193943
v 0.370487 0.094637 -0.283244
v 0.380546 0.099204 -0.163757
v 0.365007 0.114864 -0.289954
v 0.366112 0.142865 -0.194224
v 0.336300 0.219924 -0.134394
v 0.361790 0.166335 -0.138538
v 0.352345 0.184745 -0.162487
v 0.357094 0.183623 -0.071725
v 0.352546 0.196573 0.009800
v 0.347536 0.205288 -0.040035
v 0.391333 0.039366 -0.145115
v 0.387808 0.070332 -0.132364
v 0.390321 0.083139 -0.009946
v 0.386918 0.096937 -0.022049
v 0.374451 0.122800 -0.165601
v 0.379427 0.123683 -0.034691
v 0.367908 0.150948 -0.129542
v 0.372110 0.148066 -0.024266
v 0.364811 0.168902 -0.021812
v 0.395261 0.027476 -0.050855
v 0.396611 0.012089 -0.000877
v 0.395112 0.040111 0.017521
v 0.392451 0.060298 -0.049891
v 0.392489 0.068665 0.014074
v 0.226276 0.226963 -0.999611
v 0.241024 0.234957 -0.949398
v 0.239707 0.251719 -0.908852
v 0.227665 0.254498 -0.942788
v 0.256210 0.226442 -0.916331
v 0.248277 0.249201 -0.875061
v 0.248113 0.250050 -0.748153
v 0.244021 0.245185 -0.707830
v 0.238779 0.262783 -0.866791
v 0.239458 0.266561 -0.811608
v 0.235004 0.267478 -0.755225
v 0.225863 0.281211 -0.811297
v 0.223933 0.280317 -0.762209
v 0.258971 0.236019 -0.864124
v 0.253316 0.248552 -0.785627
v 0.256109 0.229347 -0.712673
v 0.251738 0.250707 -0.830900
v 0.233575 0.240009 -0.600894
v 0.253407 0.253610 -0.494913
v 0.227098 0.255053 -0.570461
v 0.241062 0.267188 -0.494952
v 0.247603 0.276307 -0.444965
v 0.229671 0.284893 -0.475044
v 0.266771 0.237582 -0.494121
v 0.272967 0.245709 -0.448002
v 0.261766 0.262266 -0.439001
v 0.238250 0.289627 -0.428519
v 0.248142 0.302394 -0.331872
v 0.234358 0.315339 -0.329463
v 0.237940 0.325435 -0.242386
v 0.226439 0.338874 -0.209233
v 0.274550 0.274803 -0.332304
v 0.260315 0.288207 -0.341779
v 0.271780 0.287639 -0.280556
v 0.255913 0.312589 -0.218855
v 0.292761 0.234418 -0.396808
v 0.293223 0.249656 -0.340456
v 0.303455 0.248181 -0.279955
v 0.288167 0.265387 -0.297367
v 0.304788 0.260198 -0.197303
v 0.287435 0.285892 -0.169099
v 0.313643 0.228691 -0.301951
v 0.321765 0.238238 -0.179430
v 0.244727 0.329429 -0.156128
v 0.248581 0.332171 -0.038590
v 0.230705 0.342932 -0.127940
v 0.234374 0.344697 0.000127
v 0.273768 0.301605 -0.163953
v 0.277178 0.305427 -0.035073
v 0.260945 0.316956 -0.129119
v 0.263585 0.319016 -0.022396
v 0.300938 0.272521 -0.130770
v 0.308677 0.267968 -0.022641
v 0.289790 0.291137 -0.041284
v 0.326977 0.236987 -0.111430
v 0.326180 0.243540 0.000054
v 0.313718 0.255593 -0.125648
v 0.336770 0.226379 0.000133
v 0.206311 0.210256 0.707987
v 0.013663 0.223058 0.863117
v 0.013424 0.211051 0.886118
v 0.041063 0.219181 0.863391
v 0.039974 0.207902 0.884266
v 0.068050 0.197456 0.887560
v 0.065076 0.218063 0.855128
v 0.112233 0.168391 0.894777
v 0.110391 0.194249 0.857485
v 0.099195 0.183410 0.884854
v 0.114094 0.221248 0.816406
v 0.090075 0.198153 0.869209
v 0.129809 0.157494 0.888009
v 0.140249 0.168305 0.860136
v 0.119787 0.174823 0.875001
v 0.126547 0.211554 0.818830
v 0.165704 0.111477 0.886935
v 0.166669 0.139052 0.858803
v 0.156273 0.128189 0.885625
v 0.172224 0.172663 0.816169
v 0.145846 0.148903 0.876217
v 0.155966 0.185855 0.820826
v 0.162115 0.218097 0.766175
v 0.148139 0.205945 0.802977
v 0.192012 0.013768 0.891521
v 0.189845 0.041048 0.889549
v 0.185906 0.071217 0.882886
v 0.192606 0.096295 0.856668
v 0.176356 0.096263 0.882498
v 0.183804 0.130645 0.843031
v 0.181957 0.156510 0.820755
v 0.189657 0.190539 0.766366
v 0.192041 0.221683 0.714831
v 0.173577 0.202204 0.774349
v 0.223113 0.012841 0.838732
v 0.207460 0.016375 0.863018
v 0.223131 0.041731 0.832530
v 0.205294 0.042895 0.861246
v 0.204339 0.068077 0.853613
v 0.222144 0.094337 0.809973
v 0.222297 0.139539 0.771121
v 0.221045 0.122166 0.790223
v 0.196890 0.121608 0.831375
v 0.221638 0.153575 0.757716
v 0.196645 0.148454 0.806743
v 0.219996 0.192146 0.709539
v 0.203481 0.178287 0.760186
v 0.029165 0.194737 0.934541
v 0.015657 0.191032 0.986981
v 0.014362 0.183603 1.039764
v 0.012831 0.176580 1.083330
v 0.012910 0.202570 0.909396
v 0.012862 0.197160 0.935922
v 0.005018 0.194069 0.976786
v 0.048885 0.162358 1.113760
v 0.054281 0.193359 0.909978
v 0.040126 0.191403 0.940818
v 0.038226 0.175945 1.064837
v 0.033074 0.167105 1.115129
v 0.038240 0.199081 0.907273
v 0.077367 0.161007 1.060745
v 0.067041 0.155509 1.108736
v 0.068489 0.187797 0.911375
v 0.065351 0.182228 0.941775
v 0.066479 0.171965 1.027109
v 0.056132 0.166871 1.084435
v 0.107717 0.135129 1.073179
v 0.103583 0.129513 1.107000
v 0.107490 0.164016 0.914034
v 0.103630 0.159602 0.943477
v 0.095218 0.155830 1.020717
v 0.096016 0.147831 1.061861
v 0.086745 0.143447 1.107332
v 0.090652 0.176742 0.911625
v 0.086538 0.171693 0.941696
v 0.083124 0.166836 1.000600
v 0.129326 0.124196 1.011156
v 0.145757 0.090645 1.075272
v 0.130037 0.098099 1.120930
v 0.136317 0.135884 0.914312
v 0.131399 0.132179 0.944288
v 0.118236 0.128988 1.052735
v 0.123145 0.151151 0.912917
v 0.118567 0.146757 0.942338
v 0.112552 0.140825 1.022039
v 0.160964 0.098457 0.913765
v 0.156535 0.094639 0.939805
v 0.161534 0.076770 0.966672
v 0.160761 0.076455 0.993880
v 0.160609 0.077203 1.021658
v 0.161481 0.076780 1.049501
v 0.162551 0.076214 1.076842
v 0.160550 0.076946 1.104738
v 0.150417 0.096554 0.981709
v 0.152109 0.087503 1.041004
v 0.140105 0.088592 1.123457
v 0.149446 0.119719 0.912400
v 0.143782 0.115557 0.943900
v 0.139909 0.110178 1.010743
v 0.184111 0.013618 0.913971
v 0.181192 0.013182 0.940197
v 0.186090 0.013574 0.969933
v 0.192727 0.024253 0.991637
v 0.195776 0.031021 1.006365
v 0.181009 0.040566 0.912868
v 0.176832 0.038308 0.939220
v 0.177630 0.037729 0.966874
v 0.182030 0.040748 0.992714
v 0.191066 0.043931 1.017792
v 0.193787 0.053058 1.044820
v 0.194617 0.057023 1.061820
v 0.173151 0.072274 0.912441
v 0.170759 0.060691 0.939008
v 0.169673 0.058128 0.966369
v 0.171056 0.058344 0.993585
v 0.174484 0.059994 1.020695
v 0.178084 0.062865 1.048008
v 0.185636 0.064173 1.074457
v 0.184228 0.068559 1.104918
v 0.197496 0.006659 0.982800
v 0.210765 0.013304 0.997336
v 0.207335 0.024607 1.007254
v 0.213994 0.037097 1.021560
v 0.214705 0.050056 1.048012
v 0.208184 0.054935 1.062523
v 0.216268 0.059974 1.079332
v 0.216202 0.065478 1.108618
v 0.015490 0.070137 1.312429
v 0.013656 0.091094 1.288117
v 0.012596 0.140282 1.205133
v 0.013010 0.112637 1.258442
v 0.012004 0.168428 1.121974
v 0.012953 0.152023 1.172577
v 0.041236 0.049695 1.337244
v 0.051808 0.083381 1.283490
v 0.041855 0.074892 1.300724
v 0.050702 0.060063 1.320013
v 0.053773 0.097440 1.259932
v 0.032905 0.107906 1.258337
v 0.031616 0.087032 1.288777
v 0.048849 0.133826 1.197396
v 0.040977 0.117116 1.237116
v 0.040374 0.154702 1.147880
v 0.033401 0.139244 1.198609
v 0.087604 0.058167 1.314184
v 0.069745 0.051831 1.331841
v 0.080079 0.084836 1.257796
v 0.072716 0.079004 1.276799
v 0.070483 0.066262 1.303139
v 0.084994 0.093272 1.234435
v 0.077587 0.133385 1.158903
v 0.066122 0.127944 1.190409
v 0.058185 0.110479 1.234051
v 0.058174 0.140930 1.169813
v 0.098574 0.052613 1.330438
v 0.106923 0.082272 1.232690
v 0.099229 0.071541 1.275229
v 0.098852 0.062253 1.302553
v 0.118115 0.057284 1.317981
v 0.119459 0.094486 1.166159
v 0.116442 0.090920 1.185429
v 0.096090 0.095194 1.214764
v 0.094053 0.126519 1.142357
v 0.138910 0.086002 1.143634
v 0.137133 0.083349 1.164162
v 0.132015 0.080381 1.197094
v 0.126392 0.073473 1.245992
v 0.126303 0.067784 1.273577
v 0.126623 0.062076 1.298957
v 0.112391 0.087715 1.205942
v 0.169519 0.052597 1.341249
v 0.155336 0.078642 1.133444
v 0.158667 0.075820 1.161279
v 0.154326 0.073183 1.217571
v 0.162585 0.069703 1.246695
v 0.157927 0.066395 1.274463
v 0.154145 0.062373 1.298630
v 0.182589 0.071297 1.133571
v 0.182065 0.072414 1.168385
v 0.183472 0.071560 1.216027
v 0.228803 0.063137 1.301850
v 0.198296 0.058381 1.322780
v 0.226925 0.052821 1.341154
v 0.213040 0.069304 1.138330
v 0.206825 0.071861 1.174435
v 0.262447 0.070686 1.247025
v 0.022036 0.023921 1.369058
v 0.013179 0.009752 1.376896
v 0.044245 0.012112 1.381639
v 0.057563 0.004662 1.391839
v 0.041371 0.035701 1.358915
v 0.051962 0.026357 1.372661
v 0.071687 0.017613 1.387134
v 0.081331 0.006304 1.396505
v 0.070221 0.040315 1.355626
v 0.074853 0.030064 1.374684
v 0.098436 0.020439 1.390095
v 0.100887 0.042904 1.356042
v 0.141827 0.022756 1.392615
v 0.140375 0.007854 1.400321
v 0.139139 0.034649 1.378099
v 0.169662 0.045052 1.360676
v 0.196978 0.023077 1.392945
v 0.195611 0.008316 1.400536
v 0.197532 0.034890 1.379403
v 0.227209 0.044492 1.360874
v 0.085339 0.422067 0.196704
v 0.075052 0.441728 0.026878
v 0.076788 0.442339 0.087911
v 0.076320 0.441034 0.142006
v 0.076079 0.436482 0.180967
v 0.069715 0.438462 0.218275
v 0.105863 0.414235 0.066248
v 0.103919 0.412710 0.144240
v 0.099080 0.412821 0.180938
v 0.100762 0.406787 0.222946
v 0.089174 0.425783 0.088444
v 0.088253 0.424984 0.138405
v 0.124714 0.403029 0.127395
v 0.124827 0.397832 0.196729
v 0.157231 0.388132 0.128120
v 0.150597 0.386083 0.196451
v 0.147003 0.396109 0.031508
v 0.193982 0.365099 0.173374
v 0.183109 0.378067 0.037609
v 0.191970 0.369129 0.135773
v 0.173698 0.370238 0.232400
v 0.217467 0.356656 0.037765
v 0.212919 0.354939 0.143367
v 0.207687 0.353654 0.198210
v 0.013896 0.391604 0.401927
v 0.014440 0.377156 0.469175
v 0.029420 0.423853 0.337044
v 0.015917 0.416490 0.351513
v 0.013388 0.401803 0.374185
v 0.025470 0.440067 0.332082
v 0.010060 0.438532 0.341957
v 0.041252 0.394026 0.381850
v 0.041139 0.387033 0.409544
v 0.055955 0.422041 0.305482
v 0.046941 0.418366 0.326721
v 0.042344 0.406496 0.350457
v 0.055804 0.445916 0.262331
v 0.050485 0.437953 0.294072
v 0.039135 0.438862 0.317213
v 0.078140 0.387526 0.373071
v 0.069080 0.380397 0.419041
v 0.080713 0.419057 0.238015
v 0.073994 0.414937 0.279757
v 0.068665 0.405448 0.322398
v 0.067031 0.397396 0.347945
v 0.059300 0.393720 0.367645
v 0.060527 0.427449 0.284747
v 0.110452 0.391822 0.293562
v 0.089046 0.394948 0.324004
v 0.098899 0.385830 0.350679
v 0.096489 0.373372 0.420353
v 0.095831 0.398458 0.293126
v 0.137818 0.361011 0.410650
v 0.150868 0.371585 0.315412
v 0.120468 0.365079 0.425173
v 0.164030 0.359800 0.348003
v 0.151200 0.350444 0.430422
v 0.185563 0.328068 0.442253
v 0.188484 0.355618 0.283529
v 0.172783 0.361098 0.311796
v 0.192320 0.343348 0.347784
v 0.170049 0.339266 0.434543
v 0.218943 0.302080 0.447130
v 0.218401 0.336925 0.274823
v 0.222836 0.322767 0.340127
v 0.207964 0.320060 0.407248
v 0.013648 0.308352 0.699851
v 0.011265 0.363107 0.531080
v 0.015413 0.340397 0.609419
v 0.040287 0.363368 0.519049
v 0.040559 0.336946 0.613058
v 0.041115 0.374950 0.468693
v 0.070566 0.306765 0.680662
v 0.083097 0.335126 0.590706
v 0.086968 0.363978 0.479541
v 0.068687 0.347335 0.558951
v 0.060935 0.334914 0.608777
v 0.064359 0.365328 0.495625
v 0.097677 0.309138 0.651794
v 0.101611 0.332047 0.581000
v 0.099815 0.357927 0.487690
v 0.140620 0.308311 0.602231
v 0.126440 0.336544 0.531409
v 0.127450 0.319237 0.587778
v 0.113568 0.308611 0.636390
v 0.123197 0.355007 0.465190
v 0.169566 0.282850 0.623646
v 0.157686 0.299813 0.598914
v 0.157717 0.329947 0.500403
v 0.143282 0.338697 0.494881
v 0.181203 0.236746 0.705814
v 0.196125 0.278863 0.581929
v 0.181989 0.270022 0.632095
v 0.197068 0.309764 0.483431
v 0.181876 0.295536 0.564029
v 0.178016 0.317995 0.499541
v 0.214429 0.243284 0.627550
v 0.211976 0.272000 0.562551
v 0.205240 0.258067 0.614324
v 0.208903 0.298020 0.491399
v 0.013620 0.254581 0.812308
v 0.013555 0.285405 0.751291
v 0.041271 0.251878 0.811455
v 0.040293 0.280641 0.755602
v 0.047000 0.309634 0.686732
v 0.036644 0.306060 0.700113
v 0.068771 0.251175 0.800223
v 0.066121 0.278677 0.748757
v 0.095526 0.251337 0.781407
v 0.090795 0.224107 0.830781
v 0.097288 0.279708 0.724523
v 0.124666 0.250598 0.755863
v 0.123730 0.279437 0.698195
v 0.153330 0.249097 0.724222
v 0.143361 0.226846 0.776087
v 0.146034 0.276232 0.676129
v 0.169599 0.252064 0.693569
v 0.054899 0.482531 0.233494
v 0.054969 0.548382 0.205755
v 0.054671 0.587933 0.178802
v 0.049651 0.592619 0.207958
v 0.055715 0.596304 0.018036
v 0.055507 0.607361 0.144234
v 0.047534 0.649504 0.012098
v 0.050650 0.651837 0.070165
v 0.050876 0.650444 0.097807
v 0.049791 0.649925 0.126544
v 0.047187 0.651625 0.153269
v 0.044559 0.633253 0.197605
v 0.045051 0.674802 0.040131
v 0.042059 0.657177 0.181419
v 0.036729 0.656333 0.208444
v 0.067979 0.464503 0.057421
v 0.068793 0.464258 0.112469
v 0.066461 0.463594 0.174637
v 0.061248 0.463295 0.216380
v 0.062033 0.493019 0.029157
v 0.064172 0.492450 0.071515
v 0.064598 0.492082 0.111686
v 0.063176 0.491901 0.151804
v 0.061001 0.492478 0.182628
v 0.058473 0.491469 0.206058
v 0.060333 0.562084 0.058000
v 0.060504 0.565323 0.111470
v 0.059093 0.561201 0.151677
v 0.055952 0.615680 0.055889
v 0.056284 0.614802 0.103476
v 0.022992 0.463518 0.328783
v 0.008344 0.462578 0.338087
v 0.018858 0.517094 0.324625
v 0.005717 0.534593 0.331128
v 0.015896 0.542780 0.321042
v 0.017860 0.597264 0.296029
v 0.010313 0.568450 0.314227
v 0.004069 0.556051 0.325856
v 0.004515 0.610476 0.300176
v 0.017519 0.635041 0.271113
v 0.010121 0.622389 0.286312
v 0.018235 0.664559 0.244560
v 0.010851 0.653156 0.261226
v 0.005564 0.640563 0.276655
v 0.051655 0.463639 0.261014
v 0.043504 0.463564 0.292093
v 0.033814 0.466255 0.313461
v 0.047142 0.490981 0.265963
v 0.038439 0.502643 0.292500
v 0.049438 0.542808 0.238605
v 0.042939 0.547030 0.263604
v 0.026974 0.541299 0.308002
v 0.034963 0.544718 0.289161
v 0.043489 0.597605 0.234407
v 0.036517 0.598490 0.259230
v 0.027140 0.600760 0.281291
v 0.023067 0.561512 0.305403
v 0.036662 0.628258 0.236140
v 0.028402 0.625837 0.261250
v 0.022934 0.616297 0.278001
v 0.029223 0.654642 0.234657
v 0.024047 0.645619 0.253569
v 0.017917 0.691837 0.215811
v 0.019056 0.718599 0.176073
v 0.010561 0.707538 0.203557
v 0.016177 0.741201 0.016834
v 0.018698 0.744265 0.042780
v 0.019538 0.745351 0.070040
v 0.018974 0.744724 0.097435
v 0.016629 0.742078 0.123814
v 0.010947 0.735727 0.150174
v 0.007067 0.727626 0.176769
v 0.004692 0.721171 0.192837
v 0.005725 0.750726 0.019317
v 0.006845 0.754179 0.054339
v 0.006742 0.753698 0.096949
v 0.005891 0.751356 0.121204
v 0.004448 0.747559 0.138035
v 0.042983 0.688883 0.084186
v 0.039817 0.690606 0.135173
v 0.035364 0.682558 0.180465
v 0.028737 0.681751 0.206369
v 0.033729 0.708891 0.015655
v 0.036157 0.709318 0.042472
v 0.036428 0.712232 0.084120
v 0.034805 0.709479 0.125186
v 0.030270 0.710536 0.153013
v 0.027818 0.703478 0.178692
v 0.023508 0.698923 0.197166
v 0.028517 0.729287 0.042959
v 0.029103 0.730853 0.081951
v 0.025319 0.731014 0.122946
v 0.010989 0.681651 0.233579
v 0.005841 0.670316 0.250269
v 0.005751 0.697566 0.221476
v 0.024226 0.673867 0.225952
v 0.335045 0.222221 0.132848
v 0.331154 0.219966 0.195628
v 0.361475 0.167110 0.138616
v 0.363346 0.151650 0.192885
v 0.355773 0.184971 0.093670
v 0.347675 0.193641 0.167628
v 0.342068 0.178530 0.289647
v 0.343447 0.208170 0.113206
v 0.391808 0.010119 0.167572
v 0.378724 0.013889 0.299739
v 0.391320 0.038725 0.147058
v 0.379233 0.042546 0.276290
v 0.389163 0.075846 0.082208
v 0.384471 0.070142 0.183149
v 0.386973 0.095932 0.029211
v 0.380598 0.097324 0.166992
v 0.379833 0.122445 0.034483
v 0.374429 0.122432 0.167202
v 0.371972 0.148233 0.031785
v 0.367617 0.151142 0.133695
v 0.363875 0.169110 0.053412
v 0.394692 0.014190 0.086049
v 0.302059 0.200735 0.453483
v 0.306472 0.223862 0.364629
v 0.336449 0.126210 0.447531
v 0.334313 0.167350 0.373728
v 0.332927 0.145722 0.430871
v 0.335303 0.195693 0.278104
v 0.329610 0.184521 0.355627
v 0.312742 0.178218 0.458628
v 0.323289 0.209579 0.314931
v 0.311006 0.203075 0.403875
v 0.364669 0.013526 0.396489
v 0.352470 0.013254 0.462886
v 0.363690 0.040227 0.392250
v 0.352542 0.041423 0.452123
v 0.364030 0.070184 0.367421
v 0.348492 0.069010 0.453732
v 0.360335 0.116015 0.324450
v 0.363562 0.094182 0.341097
v 0.341671 0.099959 0.457241
v 0.363085 0.124928 0.281800
v 0.350879 0.151620 0.307605
v 0.372636 0.041525 0.331205
v 0.373649 0.068516 0.297915
v 0.370473 0.094916 0.282918
v 0.241551 0.186638 0.670595
v 0.247603 0.220274 0.595108
v 0.234811 0.209023 0.648595
v 0.280840 0.102100 0.673791
v 0.282337 0.129520 0.642375
v 0.279168 0.153405 0.621980
v 0.279377 0.181583 0.577463
v 0.261035 0.180683 0.631552
v 0.280740 0.226308 0.474800
v 0.260965 0.206387 0.586594
v 0.306958 0.011684 0.642733
v 0.309747 0.041768 0.626143
v 0.309898 0.069886 0.611655
v 0.307394 0.123220 0.571396
v 0.308147 0.095813 0.597798
v 0.301083 0.156740 0.545596
v 0.294164 0.182966 0.522898
v 0.284546 0.204785 0.511890
v 0.336486 0.013817 0.535104
v 0.322084 0.013945 0.589697
v 0.336510 0.040799 0.527533
v 0.336552 0.068215 0.511580
v 0.332770 0.117614 0.477263
v 0.335545 0.089314 0.497835
v 0.312598 0.149582 0.513007
v 0.251164 0.012879 0.784561
v 0.249675 0.041185 0.781476
v 0.228101 0.068032 0.813536
v 0.252378 0.096890 0.748167
v 0.251448 0.125802 0.726187
v 0.248160 0.150115 0.706849
v 0.227634 0.172879 0.721840
v 0.280888 0.014738 0.715703
v 0.280573 0.042128 0.710440
v 0.279754 0.068028 0.701099
v 0.256063 0.068814 0.756583
v 0.239552 0.010262 0.997855
v 0.241478 0.026521 1.008242
v 0.239969 0.039099 1.024052
v 0.243324 0.050128 1.045639
v 0.274716 0.057788 1.062166
v 0.283088 0.004484 0.984170
v 0.269570 0.010517 0.992597
v 0.286197 0.030665 1.004192
v 0.294703 0.042500 1.019995
v 0.296638 0.063110 1.080923
v 0.295396 0.018124 0.990217
v 0.294090 0.051784 1.040422
v 0.319297 0.067831 1.107724
v 0.336570 0.007875 0.980385
v 0.334545 0.022350 0.988030
v 0.322046 0.033997 1.002453
v 0.328875 0.045058 1.020546
v 0.333485 0.052750 1.038594
v 0.334510 0.058629 1.058175
v 0.362262 0.035265 1.001035
v 0.363241 0.063159 1.080193
v 0.393823 0.008279 0.979222
v 0.390446 0.023356 0.986981
v 0.390917 0.045106 1.019406
v 0.394390 0.052782 1.039692
v 0.418226 0.057781 1.060888
v 0.391961 0.066076 1.106270
v 0.422421 0.034639 1.002025
v 0.422618 0.061264 1.082268
v 0.452833 0.007531 0.981185
v 0.447848 0.021111 0.988434
v 0.448445 0.043279 1.023079
v 0.452272 0.051940 1.048278
v 0.447321 0.062794 1.109008
v 0.280816 0.072480 1.162617
v 0.286222 0.073239 1.192178
v 0.270686 0.072639 1.216823
v 0.264478 0.067323 1.274348
v 0.261005 0.058181 1.320698
v 0.278560 0.051100 1.339509
v 0.307116 0.070686 1.134408
v 0.329164 0.048600 1.333777
v 0.333620 0.072092 1.163020
v 0.340022 0.070806 1.218446
v 0.336320 0.068293 1.246770
v 0.313755 0.063058 1.289509
v 0.321744 0.055215 1.318281
v 0.386020 0.050970 1.308993
v 0.361921 0.069863 1.135004
v 0.361753 0.071093 1.191571
v 0.369236 0.056690 1.297794
v 0.388838 0.041286 1.328859
v 0.390185 0.069746 1.162878
v 0.392463 0.067398 1.219448
v 0.377995 0.063948 1.258671
v 0.441682 0.051341 1.279598
v 0.420027 0.066831 1.134038
v 0.417698 0.067264 1.190794
v 0.425871 0.056503 1.270213
v 0.441018 0.018488 1.335348
v 0.443695 0.041608 1.302220
v 0.440209 0.029097 1.325006
v 0.460117 0.064034 1.161681
v 0.444178 0.062523 1.217774
v 0.457458 0.057443 1.243526
v 0.237708 0.021296 1.391452
v 0.260780 0.006584 1.397430
v 0.244263 0.032845 1.378251
v 0.264610 0.018146 1.389751
v 0.265940 0.043244 1.358489
v 0.290453 0.010542 1.387023
v 0.278421 0.004351 1.395198
v 0.305844 0.040066 1.356399
v 0.292771 0.028454 1.374033
v 0.342618 0.011138 1.374150
v 0.317107 0.026248 1.371177
v 0.374525 0.019463 1.362250
v 0.358031 0.031456 1.355312
v 0.387180 0.004332 1.367126
v 0.400861 0.010442 1.356640
v 0.401888 0.027123 1.344294
v 0.428870 0.010220 1.345360
v 0.421850 0.024001 1.339962
v 0.258105 0.324194 0.022809
v 0.246115 0.330189 0.129614
v 0.234926 0.333112 0.201498
v 0.230543 0.343012 0.128691
v 0.277119 0.305312 0.039051
v 0.273726 0.301643 0.164038
v 0.260978 0.316932 0.129018
v 0.257571 0.313794 0.195663
v 0.302653 0.275223 0.041984
v 0.300617 0.271519 0.145789
v 0.304597 0.260546 0.196643
v 0.290150 0.291180 0.021763
v 0.288184 0.288428 0.128890
v 0.285823 0.285022 0.188760
v 0.326274 0.236861 0.129415
v 0.319587 0.238358 0.199420
v 0.314941 0.259275 0.021844
v 0.313705 0.255578 0.126083
v 0.244745 0.273602 0.464101
v 0.247465 0.303021 0.331890
v 0.235283 0.292980 0.426044
v 0.234452 0.320837 0.296187
v 0.271285 0.244288 0.459668
v 0.278123 0.277752 0.297511
v 0.277863 0.263088 0.364449
v 0.254419 0.272610 0.432015
v 0.260891 0.299544 0.276945
v 0.260632 0.287455 0.343763
v 0.301589 0.247155 0.299953
v 0.295932 0.237860 0.370015
v 0.287470 0.266159 0.298139
v 0.313413 0.228479 0.304637
v 0.249266 0.235190 0.556820
v 0.228003 0.234812 0.614704
v 0.226939 0.255979 0.567487
v 0.229043 0.285176 0.476070
v 0.255883 0.258098 0.474129
v 0.461808 0.032257 1.004368
v 0.482796 0.055128 1.074452
v 0.484800 0.005810 0.984077
v 0.487743 0.016934 0.992201
v 0.488689 0.029324 1.006322
v 0.504011 0.037679 1.026520
v 0.490430 0.047542 1.048655
v 0.501721 0.056354 1.098206
v 0.500974 0.004046 0.986869
v 0.512315 0.009762 0.996375
v 0.513362 0.025261 1.009026
v 0.537719 0.039845 1.050460
v 0.538610 0.046477 1.078385
v 0.542579 0.049840 1.107537
v 0.540834 0.009924 1.007588
v 0.553109 0.018082 1.018464
v 0.533093 0.022602 1.012843
v 0.542804 0.029187 1.027256
v 0.559215 0.005760 1.013432
v 0.573017 0.011773 1.026457
v 0.600810 0.019928 1.052285
v 0.563670 0.025304 1.033668
v 0.585608 0.029466 1.057141
v 0.573340 0.038435 1.078580
v 0.591891 0.037576 1.107093
v 0.611969 0.003376 1.044216
v 0.609997 0.023034 1.069428
v 0.598791 0.031164 1.079870
v 0.620670 0.007305 1.058805
v 0.624488 0.016775 1.080311
v 0.630221 0.018235 1.106912
v 0.614843 0.026212 1.088736
v 0.616531 0.028045 1.108611
v 0.633005 0.003291 1.068579
v 0.636363 0.005471 1.083667
v 0.639634 0.006299 1.107190
v 0.458981 0.010775 1.329989
v 0.484242 0.051093 1.249230
v 0.496185 0.059400 1.133539
v 0.474104 0.061316 1.189146
v 0.496517 0.018553 1.305470
v 0.485111 0.010325 1.316906
v 0.505683 0.051885 1.224402
v 0.489282 0.041559 1.273115
v 0.486776 0.030900 1.297146
v 0.477460 0.023899 1.312281
v 0.526959 0.020076 1.281815
v 0.514618 0.011581 1.297153
v 0.501938 0.005763 1.310163
v 0.542309 0.051528 1.134461
v 0.516870 0.056266 1.164237
v 0.502994 0.056275 1.201194
v 0.518355 0.042615 1.245891
v 0.516479 0.032792 1.272007
v 0.506923 0.026203 1.290128
v 0.556333 0.022820 1.255542
v 0.546152 0.012624 1.271652
v 0.532761 0.006370 1.287255
v 0.566539 0.044924 1.165000
v 0.549123 0.046638 1.189920
v 0.546863 0.041877 1.217901
v 0.560827 0.030175 1.240472
v 0.537052 0.027576 1.264137
v 0.574127 0.020465 1.243446
v 0.592871 0.038442 1.133987
v 0.574076 0.039191 1.189618
v 0.573047 0.032986 1.217136
v 0.608619 0.018588 1.197752
v 0.599253 0.012115 1.217661
v 0.581369 0.003860 1.253063
v 0.597568 0.035117 1.160917
v 0.598415 0.029789 1.187737
v 0.591582 0.026156 1.208580
v 0.631454 0.018299 1.133493
v 0.629425 0.016248 1.159202
v 0.622842 0.010391 1.184063
v 0.614280 0.005962 1.203658
v 0.616987 0.028501 1.133774
v 0.616073 0.026950 1.158590
v 0.614071 0.023532 1.177811
v 0.640448 0.006373 1.132973
v 0.638692 0.005673 1.156641
v 0.634920 0.004249 1.172847
v 0.446091 0.005522 1.340525
vt 0.999678 0.563557
vt 0.000069 0.559366
vt 0.999850 0.555304
vt 0.006214 0.566180
vt 0.001914 0.566552
vt 0.010990 0.560267
vt 0.007867 0.561345
vt 0.003273 0.560190
vt 0.010759 0.557073
vt 0.007518 0.555787
vt 0.002261 0.553914
vt 0.012434 0.568975
vt 0.008259 0.570073
vt 0.002646 0.572611
vt 0.016940 0.561955
vt 0.013568 0.563207
vt 0.010141 0.564914
vt 0.016735 0.558432
vt 0.013023 0.556547
vt 0.008323 0.552567
vt 0.002712 0.549752
vt 0.001476 0.547449
vt 0.023321 0.570319
vt 0.019934 0.571528
vt 0.014824 0.573049
vt 0.008954 0.576320
vt 0.002942 0.578148
vt 0.023815 0.565675
vt 0.019558 0.564791
vt 0.016258 0.567096
vt 0.023503 0.560769
vt 0.019342 0.557976
vt 0.014542 0.553508
vt 0.008360 0.549518
vt 0.008073 0.548137
vt 0.004413 0.585959
vt 0.025375 0.573344
vt 0.021062 0.577183
vt 0.015588 0.579973
vt 0.012251 0.585011
vt 0.031121 0.565875
vt 0.027706 0.567145
vt 0.030667 0.561979
vt 0.026519 0.559690
vt 0.021116 0.554251
vt 0.015707 0.551251
vt 0.012098 0.549462
vt 0.020881 0.551139
vt 0.013920 0.590676
vt 0.003265 0.592338
vt 0.033108 0.575903
vt 0.028541 0.577939
vt 0.022731 0.582730
vt 0.017711 0.587377
vt 0.037606 0.567614
vt 0.034118 0.569150
vt 0.030381 0.571469
vt 0.037165 0.563804
vt 0.033545 0.561495
vt 0.027030 0.554782
vt 0.028407 0.552897
vt 0.015938 0.549090
vt 0.004818 0.547263
vt 0.002838 0.547474
vt 0.057131 0.574596
vt 0.056691 0.570168
vt 0.060192 0.585840
vt 0.060023 0.578212
vt 0.059467 0.570169
vt 0.069289 0.588140
vt 0.064442 0.589618
vt 0.070338 0.581013
vt 0.065055 0.579674
vt 0.069442 0.574593
vt 0.064719 0.570552
vt 0.067761 0.597716
vt 0.077886 0.574493
vt 0.068383 0.567200
vt 0.069401 0.563920
vt 0.070932 0.614848
vt 0.083677 0.593638
vt 0.078147 0.595649
vt 0.071822 0.605176
vt 0.084546 0.585913
vt 0.078986 0.584436
vt 0.083491 0.578796
vt 0.073760 0.567688
vt 0.082827 0.603639
vt 0.076952 0.611394
vt 0.082945 0.571388
vt 0.079029 0.568174
vt 0.075153 0.564703
vt 0.010089 0.597596
vt 0.040262 0.577623
vt 0.035983 0.580026
vt 0.030293 0.584862
vt 0.025278 0.590290
vt 0.040211 0.570776
vt 0.037095 0.573284
vt 0.035100 0.557024
vt 0.033812 0.554805
vt 0.023102 0.550549
vt 0.016734 0.548999
vt 0.009744 0.548179
vt 0.029379 0.597230
vt 0.017924 0.602006
vt 0.004350 0.601369
vt 0.048272 0.579976
vt 0.043722 0.581533
vt 0.038102 0.587116
vt 0.033353 0.593260
vt 0.049143 0.573978
vt 0.044615 0.572456
vt 0.048859 0.567952
vt 0.044169 0.564101
vt 0.043812 0.558421
vt 0.037752 0.554681
vt 0.030647 0.552305
vt 0.023532 0.550343
vt 0.017078 0.549398
vt 0.003271 0.549269
vt 0.051088 0.583828
vt 0.046157 0.589245
vt 0.041047 0.595364
vt 0.053615 0.576086
vt 0.052522 0.567217
vt 0.046963 0.560616
vt 0.047487 0.557487
vt 0.010708 0.550413
vt 0.044412 0.602448
vt 0.030436 0.604794
vt 0.002232 0.607627
vt 0.055342 0.588978
vt 0.049053 0.596217
vt 0.056641 0.581182
vt 0.054333 0.562134
vt 0.055640 0.560086
vt 0.034377 0.552937
vt 0.019436 0.551897
vt 0.998588 0.551398
vt 0.046290 0.613741
vt 0.037056 0.613149
vt 0.027659 0.613969
vt 0.015916 0.613940
vt 0.004920 0.616231
vt 0.058789 0.596271
vt 0.054029 0.602610
vt 0.064837 0.564607
vt 0.050734 0.557461
vt 0.037861 0.553944
vt 0.028810 0.552259
vt 0.011423 0.554530
vt 0.003372 0.556169
vt 0.060679 0.611294
vt 0.013519 0.623413
vt 0.062727 0.605019
vt 0.060827 0.560903
vt 0.045940 0.556591
vt 0.032868 0.554444
vt 0.034460 0.559756
vt 0.024593 0.561037
vt 0.056644 0.620785
vt 0.026741 0.623517
vt 0.020582 0.625267
vt 0.003780 0.625947
vt 0.068341 0.562407
vt 0.059336 0.560486
vt 0.051118 0.559626
vt 0.042512 0.559457
vt 0.014744 0.563334
vt 0.004713 0.566433
vt 0.066835 0.620637
vt 0.047631 0.627887
vt 0.165061 0.623919
vt 0.171236 0.642203
vt 0.183011 0.617124
vt 0.167426 0.631316
vt 0.178631 0.657555
vt 0.193663 0.616651
vt 0.184580 0.634347
vt 0.172764 0.653002
vt 0.196875 0.600656
vt 0.093492 0.678850
vt 0.132516 0.642034
vt 0.119288 0.656966
vt 0.110883 0.667683
vt 0.129883 0.690201
vt 0.143801 0.659441
vt 0.133292 0.668350
vt 0.157312 0.641554
vt 0.129994 0.712211
vt 0.103398 0.745166
vt 0.165295 0.658524
vt 0.146774 0.687078
vt 0.149687 0.667811
vt 0.143127 0.743473
vt 0.157692 0.713565
vt 0.143434 0.724125
vt 0.169695 0.672485
vt 0.148032 0.701124
vt 0.088589 0.664792
vt 0.071580 0.673248
vt 0.052873 0.679889
vt 0.015172 0.686010
vt 0.073844 0.688164
vt 0.060770 0.708677
vt 0.014187 0.697990
vt 0.053069 0.694970
vt 0.084319 0.725411
vt 0.057717 0.739123
vt 0.999802 0.751491
vt 0.011157 0.735813
vt 0.073070 0.763494
vt 0.013850 0.786185
vt 0.085829 0.741037
vt 0.020767 0.764448
vt 0.112835 0.761689
vt 0.081031 0.791184
vt 0.000085 0.809925
vt 0.077147 0.777157
vt 0.202703 0.519680
vt 0.203844 0.512152
vt 0.199840 0.512952
vt 0.205235 0.502780
vt 0.201431 0.504724
vt 0.207526 0.539124
vt 0.209688 0.527440
vt 0.207306 0.531082
vt 0.203366 0.528050
vt 0.210844 0.519439
vt 0.205929 0.521191
vt 0.212730 0.511221
vt 0.210615 0.512446
vt 0.205580 0.514426
vt 0.211541 0.504020
vt 0.206509 0.504817
vt 0.211139 0.548431
vt 0.212930 0.537284
vt 0.210653 0.540986
vt 0.215688 0.526156
vt 0.212785 0.529952
vt 0.210446 0.533948
vt 0.216992 0.518421
vt 0.212742 0.521245
vt 0.216649 0.511139
vt 0.217577 0.497234
vt 0.215559 0.503785
vt 0.195394 0.500691
vt 0.192076 0.501476
vt 0.188998 0.500629
vt 0.199971 0.529365
vt 0.197122 0.531047
vt 0.193066 0.532423
vt 0.186565 0.541235
vt 0.199335 0.523729
vt 0.195593 0.520019
vt 0.193949 0.523953
vt 0.189116 0.525621
vt 0.187668 0.531910
vt 0.196084 0.510938
vt 0.192724 0.516878
vt 0.189838 0.516777
vt 0.185459 0.517938
vt 0.197478 0.504918
vt 0.193798 0.508523
vt 0.191285 0.508592
vt 0.186966 0.509012
vt 0.184314 0.506005
vt 0.195444 0.569880
vt 0.194497 0.563401
vt 0.203662 0.540226
vt 0.202187 0.546292
vt 0.196831 0.543097
vt 0.197272 0.551158
vt 0.195214 0.553714
vt 0.190504 0.554555
vt 0.201728 0.533199
vt 0.198785 0.537010
vt 0.193864 0.538938
vt 0.192175 0.542249
vt 0.189263 0.543793
vt 0.207302 0.560318
vt 0.199999 0.567005
vt 0.200394 0.572450
vt 0.207888 0.548534
vt 0.206346 0.550937
vt 0.203701 0.560506
vt 0.201793 0.563850
vt 0.201074 0.554417
vt 0.139609 0.573684
vt 0.155616 0.547004
vt 0.152351 0.555889
vt 0.157396 0.535307
vt 0.146392 0.538156
vt 0.159564 0.520868
vt 0.144465 0.523092
vt 0.146409 0.507649
vt 0.160008 0.591065
vt 0.169540 0.572664
vt 0.156056 0.584558
vt 0.170938 0.561125
vt 0.152771 0.567884
vt 0.173614 0.546753
vt 0.174365 0.532134
vt 0.178462 0.518177
vt 0.170559 0.519888
vt 0.177981 0.507660
vt 0.162035 0.507317
vt 0.169254 0.607073
vt 0.156623 0.612252
vt 0.178283 0.587806
vt 0.168451 0.594217
vt 0.181795 0.571857
vt 0.186067 0.548054
vt 0.181294 0.558596
vt 0.183206 0.531117
vt 0.178257 0.534034
vt 0.182273 0.518728
vt 0.181138 0.506322
vt 0.188600 0.591199
vt 0.180498 0.603301
vt 0.184859 0.585138
vt 0.193800 0.595578
vt 0.187249 0.604819
vt 0.099316 0.598046
vt 0.093755 0.600976
vt 0.087874 0.610164
vt 0.099884 0.590662
vt 0.094408 0.589417
vt 0.099539 0.583439
vt 0.094164 0.579003
vt 0.089117 0.571328
vt 0.085320 0.566404
vt 0.078729 0.563522
vt 0.089970 0.623544
vt 0.083724 0.627491
vt 0.103477 0.601958
vt 0.102925 0.613181
vt 0.092422 0.618243
vt 0.105182 0.592082
vt 0.103811 0.581566
vt 0.099088 0.573522
vt 0.093427 0.569351
vt 0.098301 0.566209
vt 0.091480 0.562868
vt 0.082509 0.560047
vt 0.090753 0.554614
vt 0.084430 0.552895
vt 0.095089 0.630886
vt 0.088389 0.636559
vt 0.109767 0.607217
vt 0.098908 0.623690
vt 0.118492 0.588587
vt 0.112656 0.593720
vt 0.118337 0.576533
vt 0.110488 0.577229
vt 0.104634 0.570911
vt 0.119131 0.561360
vt 0.111797 0.561510
vt 0.103547 0.560873
vt 0.097071 0.557365
vt 0.123935 0.546433
vt 0.112797 0.544839
vt 0.104464 0.545410
vt 0.095407 0.546282
vt 0.083049 0.541737
vt 0.131540 0.523024
vt 0.117875 0.533153
vt 0.105563 0.522866
vt 0.097759 0.527427
vt 0.084279 0.525858
vt 0.131667 0.508012
vt 0.117872 0.628564
vt 0.111620 0.633855
vt 0.102460 0.638193
vt 0.093963 0.646747
vt 0.130211 0.608140
vt 0.125896 0.608416
vt 0.117757 0.615740
vt 0.109546 0.623818
vt 0.103715 0.628658
vt 0.138408 0.588786
vt 0.132594 0.591952
vt 0.124098 0.593986
vt 0.118346 0.601504
vt 0.131392 0.575612
vt 0.124689 0.577399
vt 0.132797 0.558269
vt 0.124845 0.562281
vt 0.130354 0.543749
vt 0.138603 0.625415
vt 0.131760 0.631531
vt 0.125440 0.627043
vt 0.115663 0.644498
vt 0.106061 0.653013
vt 0.136227 0.609963
vt 0.047994 0.643670
vt 0.039513 0.645101
vt 0.021580 0.637449
vt 0.015350 0.638136
vt 0.004586 0.637097
vt 0.066948 0.560857
vt 0.050112 0.560035
vt 0.030743 0.561351
vt 0.015179 0.564969
vt 0.005021 0.568767
vt 0.075615 0.633426
vt 0.062821 0.639294
vt 0.026832 0.646768
vt 0.015459 0.645319
vt 0.010210 0.645425
vt 0.003842 0.641769
vt 0.071286 0.557935
vt 0.052412 0.557558
vt 0.033967 0.557781
vt 0.015798 0.561163
vt 0.004792 0.564717
vt 0.071921 0.551295
vt 0.054359 0.550908
vt 0.039137 0.547756
vt 0.023753 0.548753
vt 0.005004 0.551749
vt 0.049564 0.517622
vt 0.039710 0.531459
vt 0.027883 0.531708
vt 0.013456 0.532018
vt 0.063615 0.492586
vt 0.034968 0.508426
vt 0.019767 0.508670
vt 0.080253 0.642670
vt 0.067479 0.648532
vt 0.045953 0.655560
vt 0.028508 0.656773
vt 0.015912 0.655740
vt 0.002170 0.657460
vt 0.010199 0.649844
vt 0.003748 0.649126
vt 0.062431 0.541772
vt 0.044796 0.543480
vt 0.065756 0.527765
vt 0.044857 0.537740
vt 0.068011 0.514055
vt 0.085294 0.655173
vt 0.074804 0.658575
vt 0.061368 0.663738
vt 0.031920 0.669704
vt 0.018184 0.670614
vt 0.006214 0.671141
vt 0.230452 0.575769
vt 0.234735 0.574143
vt 0.232539 0.580437
vt 0.239861 0.571995
vt 0.237953 0.579585
vt 0.243741 0.571627
vt 0.242981 0.577192
vt 0.242922 0.585845
vt 0.248337 0.586998
vt 0.247845 0.572050
vt 0.247438 0.577727
vt 0.204243 0.600593
vt 0.211633 0.608554
vt 0.214897 0.590199
vt 0.208888 0.603580
vt 0.219745 0.619333
vt 0.216045 0.613979
vt 0.223237 0.583443
vt 0.219856 0.584392
vt 0.218741 0.588665
vt 0.217987 0.595574
vt 0.222238 0.623047
vt 0.223861 0.601979
vt 0.228829 0.579800
vt 0.226602 0.586238
vt 0.225794 0.591007
vt 0.224361 0.596314
vt 0.230432 0.618033
vt 0.230175 0.599898
vt 0.228532 0.612215
vt 0.231240 0.589848
vt 0.230427 0.594497
vt 0.239125 0.634550
vt 0.235529 0.616764
vt 0.236968 0.595777
vt 0.236588 0.599387
vt 0.235999 0.606592
vt 0.236702 0.585369
vt 0.237927 0.592955
vt 0.241847 0.630907
vt 0.242818 0.594693
vt 0.241853 0.600877
vt 0.241711 0.607096
vt 0.247059 0.631660
vt 0.247177 0.607684
vt 0.247473 0.595412
vt 0.247265 0.601699
vt 0.188394 0.670461
vt 0.198264 0.635684
vt 0.186024 0.662041
vt 0.177530 0.673598
vt 0.198678 0.620701
vt 0.192647 0.635248
vt 0.190634 0.700106
vt 0.195517 0.671936
vt 0.186772 0.690964
vt 0.207740 0.631338
vt 0.200354 0.647250
vt 0.205354 0.624101
vt 0.205147 0.685116
vt 0.196235 0.708502
vt 0.213492 0.647211
vt 0.201407 0.678689
vt 0.209026 0.643510
vt 0.206076 0.720203
vt 0.212823 0.675765
vt 0.205878 0.709020
vt 0.221894 0.641774
vt 0.216016 0.655327
vt 0.221447 0.704190
vt 0.227757 0.662929
vt 0.217870 0.698426
vt 0.226332 0.639606
vt 0.222444 0.663211
vt 0.229448 0.700921
vt 0.224750 0.723536
vt 0.234122 0.659425
vt 0.230540 0.675915
vt 0.232925 0.635785
vt 0.236088 0.714337
vt 0.239486 0.659673
vt 0.237672 0.693965
vt 0.246569 0.690784
vt 0.245199 0.719143
vt 0.245976 0.662101
vt 0.169606 0.726807
vt 0.121282 0.782958
vt 0.174856 0.694386
vt 0.169491 0.752094
vt 0.147887 0.788384
vt 0.156622 0.756934
vt 0.191582 0.737185
vt 0.177390 0.761125
vt 0.154893 0.804732
vt 0.179906 0.739340
vt 0.194182 0.781951
vt 0.160637 0.832198
vt 0.190176 0.771381
vt 0.207395 0.770135
vt 0.196899 0.798765
vt 0.214580 0.724489
vt 0.217988 0.767146
vt 0.207889 0.813711
vt 0.234132 0.750292
vt 0.227819 0.793806
vt 0.244943 0.749507
vt 0.242644 0.792002
vt 0.116121 0.803051
vt 0.098075 0.819774
vt 0.000042 0.840477
vt 0.094316 0.800700
vt 0.027414 0.824178
vt 0.032354 0.854631
vt 0.155494 0.820083
vt 0.115757 0.856143
vt 0.000016 0.887392
vt 0.122229 0.832766
vt 0.036498 0.869463
vt 0.128125 0.867533
vt 0.027587 0.903659
vt 0.167388 0.857084
vt 0.110018 0.904107
vt 0.000000 0.922158
vt 0.186698 0.896201
vt 0.999796 0.952638
vt 0.176822 0.883838
vt 0.053015 0.935362
vt 0.216057 0.877367
vt 0.195977 0.914553
vt 0.999992 0.969943
vt 0.242252 0.862487
vt 0.236427 0.895414
vt 0.133965 0.984334
vt 0.249523 0.510996
vt 0.249414 0.508470
vt 0.249499 0.505946
vt 0.236879 0.513909
vt 0.237355 0.508617
vt 0.236909 0.510080
vt 0.237436 0.506224
vt 0.240941 0.518719
vt 0.238999 0.521477
vt 0.241023 0.512755
vt 0.240567 0.514411
vt 0.238647 0.515155
vt 0.237894 0.516128
vt 0.240868 0.509129
vt 0.238109 0.509695
vt 0.237492 0.512019
vt 0.240977 0.505349
vt 0.240494 0.503894
vt 0.238364 0.504413
vt 0.237775 0.501361
vt 0.243576 0.525391
vt 0.242727 0.527447
vt 0.244215 0.517247
vt 0.242788 0.519070
vt 0.242541 0.522387
vt 0.241562 0.523583
vt 0.244299 0.512351
vt 0.243561 0.513934
vt 0.242167 0.514297
vt 0.241660 0.516435
vt 0.244074 0.508705
vt 0.241843 0.508944
vt 0.244224 0.505078
vt 0.243489 0.503643
vt 0.242118 0.503533
vt 0.241607 0.501484
vt 0.246022 0.525140
vt 0.245489 0.528480
vt 0.246749 0.516958
vt 0.245834 0.518405
vt 0.245129 0.523400
vt 0.246955 0.511976
vt 0.245866 0.513754
vt 0.244974 0.515729
vt 0.246670 0.508559
vt 0.245376 0.508632
vt 0.246871 0.505140
vt 0.245752 0.503494
vt 0.244871 0.501662
vt 0.249153 0.524262
vt 0.248491 0.528068
vt 0.248352 0.530384
vt 0.249357 0.515826
vt 0.248711 0.517492
vt 0.248393 0.521905
vt 0.247345 0.523772
vt 0.248778 0.512865
vt 0.247715 0.515100
vt 0.248265 0.508505
vt 0.248715 0.504156
vt 0.247583 0.502017
vt 0.222631 0.503812
vt 0.228051 0.518732
vt 0.224177 0.511866
vt 0.228487 0.502704
vt 0.230408 0.528161
vt 0.230402 0.518206
vt 0.230988 0.508146
vt 0.229765 0.510721
vt 0.227784 0.509702
vt 0.230680 0.502907
vt 0.233814 0.533012
vt 0.235488 0.521690
vt 0.234774 0.522697
vt 0.233759 0.524191
vt 0.232300 0.527168
vt 0.235750 0.516889
vt 0.234482 0.516684
vt 0.233402 0.517342
vt 0.231995 0.518609
vt 0.234920 0.510295
vt 0.233762 0.510555
vt 0.232422 0.510635
vt 0.231432 0.513353
vt 0.236316 0.503858
vt 0.234978 0.504504
vt 0.233895 0.503787
vt 0.232466 0.503433
vt 0.239532 0.527636
vt 0.238466 0.530314
vt 0.237797 0.531733
vt 0.236424 0.533729
vt 0.238604 0.523909
vt 0.237554 0.523930
vt 0.236499 0.526818
vt 0.235760 0.528109
vt 0.234869 0.529665
vt 0.237292 0.519210
vt 0.242160 0.538896
vt 0.241737 0.530164
vt 0.240904 0.533369
vt 0.240441 0.534815
vt 0.239895 0.537393
vt 0.240509 0.525598
vt 0.245979 0.537082
vt 0.245470 0.538556
vt 0.244362 0.540815
vt 0.244958 0.533541
vt 0.243430 0.535691
vt 0.243035 0.536846
vt 0.249380 0.534197
vt 0.248428 0.535468
vt 0.248582 0.537827
vt 0.248440 0.539404
vt 0.248169 0.541870
vt 0.248280 0.532956
vt 0.247058 0.534168
vt 0.216209 0.559024
vt 0.219318 0.543478
vt 0.214914 0.544534
vt 0.214938 0.550609
vt 0.212279 0.554585
vt 0.219454 0.536975
vt 0.216146 0.538956
vt 0.219556 0.527619
vt 0.216225 0.532695
vt 0.222600 0.519535
vt 0.219079 0.520524
vt 0.220129 0.512051
vt 0.218971 0.504825
vt 0.220989 0.565985
vt 0.221607 0.553072
vt 0.219729 0.559439
vt 0.224937 0.541068
vt 0.221363 0.542465
vt 0.218831 0.552733
vt 0.223466 0.536215
vt 0.223203 0.528602
vt 0.225250 0.565741
vt 0.225114 0.572107
vt 0.228167 0.551304
vt 0.225530 0.555552
vt 0.224261 0.561256
vt 0.230573 0.541630
vt 0.227214 0.545104
vt 0.224631 0.549908
vt 0.227462 0.536425
vt 0.226762 0.529729
vt 0.231610 0.560241
vt 0.229219 0.568613
vt 0.231102 0.549974
vt 0.228366 0.560585
vt 0.234517 0.562816
vt 0.233463 0.571029
vt 0.237423 0.549067
vt 0.234711 0.549670
vt 0.235988 0.558072
vt 0.237595 0.540335
vt 0.235806 0.537798
vt 0.239859 0.560460
vt 0.238764 0.569699
vt 0.239457 0.552468
vt 0.240017 0.543756
vt 0.243663 0.559212
vt 0.243635 0.566767
vt 0.244393 0.545133
vt 0.247885 0.558942
vt 0.247805 0.567015
vt 0.247963 0.545808
vt 0.207417 0.582212
vt 0.213830 0.560900
vt 0.209981 0.560891
vt 0.207688 0.569178
vt 0.206756 0.575897
vt 0.202593 0.580064
vt 0.218975 0.570428
vt 0.213786 0.576179
vt 0.212752 0.578914
vt 0.211889 0.586442
vt 0.215972 0.566248
vt 0.224508 0.576392
vt 0.221267 0.578763
vt 0.989157 0.555569
vt 0.986175 0.555802
vt 0.982323 0.555695
vt 0.979456 0.555447
vt 0.989133 0.553285
vt 0.986126 0.552794
vt 0.982275 0.552829
vt 0.979482 0.553415
vt 0.996294 0.564172
vt 0.991517 0.564438
vt 0.986462 0.564736
vt 0.981662 0.564117
vt 0.978112 0.562833
vt 0.996268 0.558827
vt 0.991184 0.558194
vt 0.986501 0.559679
vt 0.981829 0.559496
vt 0.977391 0.558181
vt 0.974482 0.557319
vt 0.996334 0.553941
vt 0.991151 0.552697
vt 0.986325 0.550864
vt 0.981605 0.551181
vt 0.977544 0.553431
vt 0.974644 0.554818
vt 0.996812 0.568997
vt 0.991496 0.569734
vt 0.986078 0.569547
vt 0.980846 0.568279
vt 0.976180 0.565581
vt 0.973274 0.564182
vt 0.975062 0.561259
vt 0.972930 0.559786
vt 0.996934 0.550824
vt 0.991507 0.549444
vt 0.986068 0.548882
vt 0.980855 0.549747
vt 0.976402 0.552007
vt 0.972839 0.555498
vt 0.996994 0.574232
vt 0.991361 0.575780
vt 0.985594 0.574135
vt 0.980132 0.572522
vt 0.975371 0.569825
vt 0.971748 0.567207
vt 0.971077 0.561354
vt 0.996954 0.548296
vt 0.991423 0.547569
vt 0.986459 0.547011
vt 0.979289 0.549056
vt 0.975256 0.551887
vt 0.996519 0.546986
vt 0.989617 0.546672
vt 0.996758 0.579827
vt 0.984606 0.578796
vt 0.979368 0.576462
vt 0.974414 0.573349
vt 0.969061 0.564201
vt 0.984253 0.547341
vt 0.972960 0.553612
vt 0.969918 0.558432
vt 0.996781 0.546664
vt 0.980993 0.548514
vt 0.996004 0.587211
vt 0.991989 0.587003
vt 0.978319 0.581151
vt 0.972982 0.578140
vt 0.969455 0.572709
vt 0.975762 0.551756
vt 0.996358 0.546819
vt 0.990821 0.546989
vt 0.985776 0.588456
vt 0.966975 0.569190
vt 0.970573 0.557876
vt 0.968019 0.562339
vt 0.986733 0.547643
vt 0.983788 0.549983
vt 0.978898 0.551833
vt 0.996855 0.596704
vt 0.990577 0.595604
vt 0.984772 0.592161
vt 0.971187 0.582013
vt 0.967438 0.577998
vt 0.974265 0.555048
vt 0.996050 0.548522
vt 0.989362 0.549645
vt 0.978284 0.589748
vt 0.975095 0.589352
vt 0.969664 0.583305
vt 0.967057 0.578552
vt 0.966063 0.573851
vt 0.973444 0.558103
vt 0.969379 0.562671
vt 0.966328 0.569502
vt 0.982910 0.553762
vt 0.978013 0.554864
vt 0.984582 0.600056
vt 0.979987 0.596903
vt 0.974569 0.592310
vt 0.969804 0.585474
vt 0.967240 0.577577
vt 0.965885 0.573615
vt 0.973114 0.562730
vt 0.968535 0.568459
vt 0.989152 0.553154
vt 0.977081 0.558261
vt 0.994624 0.608653
vt 0.988953 0.607434
vt 0.983018 0.604978
vt 0.974128 0.595064
vt 0.968067 0.580925
vt 0.976922 0.566153
vt 0.969286 0.572585
vt 0.996524 0.556587
vt 0.988804 0.559244
vt 0.980155 0.560629
vt 0.978955 0.603401
vt 0.972871 0.596159
vt 0.969817 0.590251
vt 0.970062 0.590523
vt 0.968501 0.584765
vt 0.972543 0.571573
vt 0.969331 0.579913
vt 0.990170 0.615068
vt 0.984810 0.611729
vt 0.978695 0.606104
vt 0.973635 0.598822
vt 0.970772 0.589738
vt 0.968793 0.584754
vt 0.977066 0.572154
vt 0.972127 0.579292
vt 0.996025 0.560963
vt 0.988330 0.563926
vt 0.981756 0.568048
vt 0.997705 0.625798
vt 0.988777 0.619205
vt 0.978340 0.607887
vt 0.974307 0.601117
vt 0.975150 0.601624
vt 0.972796 0.594768
vt 0.982837 0.575757
vt 0.978435 0.577823
vt 0.973801 0.585012
vt 0.995905 0.565712
vt 0.990995 0.575143
vt 0.992438 0.624954
vt 0.985707 0.618633
vt 0.979752 0.610634
vt 0.976393 0.600370
vt 0.973727 0.594990
vt 0.983288 0.581646
vt 0.977947 0.588340
vt 0.974431 0.589279
vt 0.996075 0.570638
vt 0.835116 0.500843
vt 0.834508 0.501386
vt 0.833376 0.501568
vt 0.831819 0.506672
vt 0.830777 0.507036
vt 0.834369 0.500882
vt 0.834385 0.501895
vt 0.833418 0.504279
vt 0.832375 0.504557
vt 0.830632 0.507563
vt 0.830579 0.508032
vt 0.828811 0.508967
vt 0.832518 0.505148
vt 0.832501 0.505955
vt 0.827713 0.507369
vt 0.827760 0.510012
vt 0.824465 0.511866
vt 0.830250 0.501584
vt 0.831034 0.503188
vt 0.827109 0.506285
vt 0.825298 0.510744
vt 0.823396 0.512406
vt 0.828403 0.502762
vt 0.829182 0.504966
vt 0.818187 0.514855
vt 0.822605 0.507845
vt 0.822641 0.510484
vt 0.824762 0.501164
vt 0.825587 0.502773
vt 0.819623 0.513065
vt 0.817872 0.514482
vt 0.822809 0.501758
vt 0.822716 0.504875
vt 0.811387 0.515801
vt 0.811583 0.516302
vt 0.811019 0.516699
vt 0.817361 0.509477
vt 0.815748 0.512327
vt 0.814818 0.514382
vt 0.819441 0.505910
vt 0.831885 0.501559
vt 0.830298 0.501367
vt 0.828969 0.501014
vt 0.829318 0.507027
vt 0.827782 0.506536
vt 0.826489 0.505639
vt 0.830893 0.504489
vt 0.829170 0.503921
vt 0.827070 0.502472
vt 0.825103 0.501404
vt 0.827196 0.509096
vt 0.824935 0.509086
vt 0.824277 0.506683
vt 0.824824 0.504404
vt 0.822787 0.502842
vt 0.819139 0.500887
vt 0.823590 0.511561
vt 0.821557 0.509442
vt 0.820033 0.507803
vt 0.818199 0.506932
vt 0.820583 0.505234
vt 0.818696 0.504671
vt 0.819399 0.512782
vt 0.818812 0.511323
vt 0.817170 0.509981
vt 0.816247 0.507284
vt 0.814563 0.502903
vt 0.812454 0.501455
vt 0.818349 0.514229
vt 0.814845 0.514752
vt 0.813251 0.513777
vt 0.812562 0.512472
vt 0.812749 0.510049
vt 0.811386 0.507602
vt 0.809586 0.506017
vt 0.812077 0.504611
vt 0.810110 0.502641
vt 0.808229 0.501308
vt 0.813366 0.515905
vt 0.810380 0.515234
vt 0.805958 0.513423
vt 0.809183 0.512099
vt 0.808396 0.509696
vt 0.807137 0.507098
vt 0.805537 0.505447
vt 0.807843 0.504228
vt 0.806173 0.502342
vt 0.808397 0.516683
vt 0.805665 0.515341
vt 0.803218 0.512027
vt 0.802264 0.509624
vt 0.803230 0.506228
vt 0.802888 0.502438
vt 0.801128 0.501244
vt 0.991542 0.686341
vt 0.986777 0.729478
vt 0.937987 0.706594
vt 0.911220 0.686207
vt 0.975331 0.690834
vt 0.929141 0.684396
vt 0.932932 0.735497
vt 0.905647 0.719796
vt 0.934439 0.720721
vt 0.906290 0.702292
vt 0.986442 0.779269
vt 0.926870 0.763504
vt 0.887398 0.738170
vt 0.979062 0.763776
vt 0.914122 0.741027
vt 0.919413 0.791278
vt 0.881280 0.765021
vt 0.975507 0.792828
vt 0.909621 0.770078
vt 0.873526 0.743194
vt 0.878021 0.653955
vt 0.868133 0.639067
vt 0.872498 0.681420
vt 0.863160 0.661434
vt 0.881410 0.672284
vt 0.851165 0.641252
vt 0.872471 0.702040
vt 0.853597 0.688085
vt 0.830817 0.658249
vt 0.859900 0.680658
vt 0.838755 0.654095
vt 0.837095 0.639427
vt 0.848405 0.710845
vt 0.852183 0.700667
vt 0.830760 0.669841
vt 0.834040 0.626252
vt 0.828982 0.641193
vt 0.815483 0.609672
vt 0.821629 0.657482
vt 0.821815 0.643315
vt 0.809541 0.623644
vt 0.814989 0.618528
vt 0.806972 0.608301
vt 0.994627 0.630234
vt 0.985510 0.619752
vt 0.980853 0.612339
vt 0.982172 0.606843
vt 0.979163 0.603985
vt 0.989419 0.582732
vt 0.984402 0.589508
vt 0.979971 0.594026
vt 0.994631 0.575185
vt 0.989315 0.579891
vt 0.994564 0.636787
vt 0.985729 0.626897
vt 0.980934 0.611867
vt 0.976059 0.608657
vt 0.988526 0.582579
vt 0.982904 0.592065
vt 0.976471 0.595689
vt 0.992326 0.571697
vt 0.983653 0.580012
vt 0.977374 0.584341
vt 0.992566 0.554371
vt 0.982879 0.546530
vt 0.975377 0.536414
vt 0.993953 0.532994
vt 0.940862 0.527652
vt 0.994274 0.514894
vt 0.937240 0.506891
vt 0.993686 0.647683
vt 0.981946 0.637662
vt 0.971217 0.635495
vt 0.962507 0.634233
vt 0.977962 0.622741
vt 0.970802 0.617409
vt 0.957383 0.619167
vt 0.949100 0.620615
vt 0.922050 0.606112
vt 0.969661 0.597599
vt 0.959332 0.598222
vt 0.948497 0.596444
vt 0.923993 0.590421
vt 0.988116 0.562376
vt 0.981327 0.571845
vt 0.972121 0.578082
vt 0.960753 0.574777
vt 0.926023 0.571114
vt 0.981035 0.560870
vt 0.971782 0.560278
vt 0.965563 0.558530
vt 0.928950 0.551407
vt 0.893795 0.509582
vt 0.993588 0.668657
vt 0.980732 0.669679
vt 0.968497 0.668185
vt 0.957630 0.666399
vt 0.922769 0.652541
vt 0.989358 0.656924
vt 0.980446 0.654125
vt 0.969390 0.651287
vt 0.957531 0.646169
vt 0.928780 0.640075
vt 0.919153 0.617614
vt 0.924447 0.669678
vt 0.893147 0.576896
vt 0.896114 0.563728
vt 0.880844 0.560677
vt 0.896848 0.546746
vt 0.878033 0.545886
vt 0.870695 0.526921
vt 0.893160 0.527285
vt 0.869073 0.507974
vt 0.886786 0.619932
vt 0.872118 0.606822
vt 0.887622 0.603680
vt 0.864031 0.588543
vt 0.887743 0.584505
vt 0.856136 0.570914
vt 0.849415 0.556972
vt 0.856703 0.539981
vt 0.857540 0.523680
vt 0.853770 0.507460
vt 0.885819 0.642974
vt 0.845406 0.608140
vt 0.879036 0.626778
vt 0.856432 0.605852
vt 0.856202 0.591005
vt 0.849586 0.571137
vt 0.843167 0.618324
vt 0.845063 0.545653
vt 0.843571 0.535876
vt 0.840752 0.521061
vt 0.839785 0.506836
vt 0.840631 0.591855
vt 0.844635 0.584738
vt 0.831298 0.573876
vt 0.829737 0.562114
vt 0.831896 0.548552
vt 0.825076 0.532793
vt 0.824090 0.518967
vt 0.829287 0.506694
vt 0.820824 0.505059
vt 0.824594 0.597648
vt 0.824597 0.587044
vt 0.818273 0.571724
vt 0.816764 0.559291
vt 0.814315 0.546425
vt 0.825429 0.545001
vt 0.810457 0.528886
vt 0.825818 0.608874
vt 0.815465 0.596955
vt 0.816357 0.584789
vt 0.804402 0.563630
vt 0.806385 0.593548
vt 0.806526 0.578911
vt 0.811544 0.540231
vt 0.810425 0.517422
vt 0.809575 0.506271
vt 0.803529 0.552780
vt 0.802290 0.545677
vt 0.802144 0.536832
vt 0.801292 0.527512
vt 0.800287 0.516480
vt 0.799288 0.505120
vt 0.798993 0.571386
vt 0.795569 0.560929
vt 0.793735 0.547820
vt 0.795927 0.537139
vt 0.793058 0.526341
vt 0.791907 0.515570
vt 0.791332 0.504628
vt 0.814865 0.502380
vt 0.813982 0.506727
vt 0.804194 0.517902
vt 0.809345 0.510465
vt 0.808279 0.513143
vt 0.807621 0.515112
vt 0.802677 0.516669
vt 0.801629 0.517623
vt 0.807007 0.502521
vt 0.806173 0.506932
vt 0.794665 0.518707
vt 0.800974 0.510443
vt 0.799616 0.513368
vt 0.799502 0.515302
vt 0.793829 0.516806
vt 0.792627 0.517903
vt 0.798009 0.502077
vt 0.800159 0.506517
vt 0.795396 0.509674
vt 0.794765 0.512735
vt 0.793844 0.515234
vt 0.796141 0.505582
vt 0.780654 0.518432
vt 0.791351 0.508669
vt 0.786140 0.514906
vt 0.794326 0.501348
vt 0.792205 0.503255
vt 0.780955 0.516061
vt 0.781483 0.517348
vt 0.787413 0.508141
vt 0.786634 0.511827
vt 0.787498 0.503183
vt 0.806455 0.517573
vt 0.803693 0.516951
vt 0.799736 0.515424
vt 0.800189 0.507208
vt 0.800768 0.504184
vt 0.801523 0.518080
vt 0.799556 0.516731
vt 0.797739 0.514298
vt 0.794885 0.513413
vt 0.796081 0.511896
vt 0.795306 0.509489
vt 0.799128 0.518646
vt 0.796911 0.518153
vt 0.794461 0.518944
vt 0.793312 0.517798
vt 0.791935 0.516818
vt 0.787986 0.515113
vt 0.788666 0.512952
vt 0.787104 0.511504
vt 0.792079 0.519122
vt 0.787501 0.518992
vt 0.787719 0.519266
vt 0.784837 0.518527
vt 0.783014 0.517638
vt 0.782569 0.516451
vt 0.783110 0.513564
vt 0.779445 0.519026
vt 0.777689 0.515193
vt 0.779514 0.512144
vt 0.774216 0.513852
vt 0.798542 0.505438
vt 0.799114 0.502304
vt 0.796235 0.506153
vt 0.795726 0.502350
vt 0.794013 0.500988
vt 0.793409 0.507176
vt 0.792918 0.504352
vt 0.790187 0.507705
vt 0.787244 0.505878
vt 0.789530 0.502771
vt 0.785296 0.509169
vt 0.783412 0.506446
vt 0.782854 0.502368
vt 0.781349 0.500973
vt 0.780767 0.509941
vt 0.780352 0.507231
vt 0.779945 0.504083
vt 0.779345 0.501482
vt 0.776330 0.510261
vt 0.775713 0.507825
vt 0.775363 0.504992
vt 0.901985 0.819838
vt 0.883937 0.803651
vt 0.983754 0.825075
vt 0.913724 0.804740
vt 0.878522 0.781889
vt 0.967778 0.853924
vt 0.837478 0.768157
vt 0.884948 0.856736
vt 0.844954 0.821129
vt 0.978426 0.871066
vt 0.893321 0.843838
vt 0.852471 0.812366
vt 0.953627 0.902530
vt 0.851417 0.846476
vt 0.889975 0.904104
vt 0.832612 0.857084
vt 0.813301 0.897090
vt 0.958546 0.936322
vt 0.848597 0.903692
vt 0.816841 0.871877
vt 0.792111 0.813710
vt 0.804460 0.912683
vt 0.783242 0.876735
vt 0.792948 0.962909
vt 0.763878 0.896226
vt 0.757410 0.862878
vt 0.847463 0.741698
vt 0.827989 0.722861
vt 0.850046 0.729904
vt 0.834667 0.712059
vt 0.824597 0.683560
vt 0.838573 0.751425
vt 0.809470 0.699522
vt 0.817238 0.696016
vt 0.822801 0.759839
vt 0.808598 0.736453
vt 0.820255 0.739097
vt 0.804221 0.705688
vt 0.806940 0.785273
vt 0.810031 0.769911
vt 0.794429 0.719844
vt 0.798403 0.714456
vt 0.803373 0.797759
vt 0.792854 0.770238
vt 0.785420 0.724488
vt 0.782879 0.767459
vt 0.773634 0.756518
vt 0.775250 0.723536
vt 0.772180 0.793806
vt 0.765586 0.750166
vt 0.757800 0.794422
vt 0.755477 0.749282
vt 0.754801 0.719143
vt 0.811421 0.670712
vt 0.816573 0.665655
vt 0.807420 0.644779
vt 0.807911 0.634235
vt 0.801840 0.620460
vt 0.802875 0.611483
vt 0.808707 0.677742
vt 0.796787 0.655991
vt 0.797524 0.639041
vt 0.797581 0.627123
vt 0.790526 0.599004
vt 0.794936 0.684561
vt 0.799201 0.677488
vt 0.788973 0.652691
vt 0.788230 0.634612
vt 0.787289 0.619891
vt 0.790274 0.689811
vt 0.786067 0.664976
vt 0.783968 0.645792
vt 0.779034 0.640352
vt 0.782457 0.705980
vt 0.778967 0.668615
vt 0.774295 0.662564
vt 0.773354 0.637947
vt 0.772086 0.699537
vt 0.769465 0.674692
vt 0.767154 0.658617
vt 0.766890 0.635886
vt 0.763912 0.714338
vt 0.762172 0.694594
vt 0.760874 0.660936
vt 0.759734 0.647859
vt 0.753250 0.690854
vt 0.753967 0.661654
vt 0.792051 0.592587
vt 0.788168 0.607683
vt 0.783674 0.602905
vt 0.779113 0.588746
vt 0.778054 0.618575
vt 0.776508 0.601047
vt 0.773668 0.585356
vt 0.772422 0.617709
vt 0.767833 0.614880
vt 0.771010 0.607536
vt 0.769547 0.597776
vt 0.767580 0.582711
vt 0.764514 0.614236
vt 0.763948 0.596852
vt 0.762305 0.579079
vt 0.759127 0.631748
vt 0.758869 0.613446
vt 0.758281 0.595375
vt 0.757561 0.579160
vt 0.753116 0.632077
vt 0.752833 0.616356
vt 0.752564 0.596391
vt 0.752329 0.580639
vt 0.795956 0.587796
vt 0.796828 0.577145
vt 0.790117 0.567221
vt 0.787145 0.553937
vt 0.787656 0.544960
vt 0.792217 0.535453
vt 0.786206 0.535142
vt 0.787017 0.524783
vt 0.786667 0.515636
vt 0.784327 0.504679
vt 0.788804 0.575405
vt 0.784877 0.566837
vt 0.785275 0.557861
vt 0.780623 0.541230
vt 0.780952 0.534102
vt 0.783191 0.524674
vt 0.783464 0.514355
vt 0.783839 0.582115
vt 0.779629 0.577691
vt 0.780307 0.568950
vt 0.776733 0.552117
vt 0.777795 0.544809
vt 0.774858 0.578526
vt 0.770585 0.570968
vt 0.774965 0.568328
vt 0.771186 0.558887
vt 0.773180 0.555572
vt 0.768594 0.576148
vt 0.764816 0.567644
vt 0.767768 0.564663
vt 0.761952 0.571362
vt 0.757190 0.573431
vt 0.752411 0.574419
vt 0.782363 0.507219
vt 0.782864 0.511309
vt 0.782161 0.514883
vt 0.781562 0.502114
vt 0.783146 0.504154
vt 0.779783 0.530349
vt 0.780117 0.523142
vt 0.778629 0.520214
vt 0.777662 0.518836
vt 0.777134 0.518400
vt 0.776947 0.518421
vt 0.776789 0.518802
vt 0.777229 0.518712
vt 0.776295 0.519458
vt 0.781154 0.513866
vt 0.779618 0.512752
vt 0.778917 0.512211
vt 0.778863 0.512845
vt 0.779808 0.512623
vt 0.779188 0.515880
vt 0.778851 0.516798
vt 0.781637 0.504649
vt 0.780300 0.504382
vt 0.780169 0.504375
vt 0.780551 0.507641
vt 0.775482 0.542397
vt 0.773959 0.538067
vt 0.772013 0.534305
vt 0.777809 0.533770
vt 0.776316 0.531712
vt 0.774072 0.530832
vt 0.771623 0.526293
vt 0.776352 0.524883
vt 0.775522 0.524126
vt 0.774817 0.523718
vt 0.774298 0.522976
vt 0.773845 0.522240
vt 0.772969 0.521905
vt 0.771340 0.551768
vt 0.769941 0.548802
vt 0.767502 0.543157
vt 0.772024 0.543883
vt 0.770246 0.538159
vt 0.767594 0.536719
vt 0.771492 0.529756
vt 0.768604 0.529098
vt 0.765775 0.560664
vt 0.764504 0.557019
vt 0.762554 0.550254
vt 0.768631 0.556138
vt 0.767426 0.553101
vt 0.765055 0.548498
vt 0.764572 0.543588
vt 0.762479 0.540590
vt 0.765892 0.539726
vt 0.764370 0.535726
vt 0.759768 0.566727
vt 0.761938 0.564508
vt 0.760817 0.560864
vt 0.760422 0.553128
vt 0.758857 0.550250
vt 0.757640 0.547416
vt 0.760991 0.546545
vt 0.760019 0.543209
vt 0.756704 0.568697
vt 0.755108 0.565395
vt 0.756863 0.564241
vt 0.755711 0.552091
vt 0.754952 0.547133
vt 0.752259 0.569758
vt 0.752187 0.566083
vt 0.750820 0.562432
vt 0.752203 0.560540
vt 0.752175 0.555503
vt 0.751849 0.551211
vt 0.777744 0.519158
vt 0.773833 0.518501
vt 0.769622 0.516442
vt 0.773112 0.512361
vt 0.775417 0.519740
vt 0.774603 0.519468
vt 0.770639 0.517629
vt 0.769887 0.524626
vt 0.771677 0.521846
vt 0.771612 0.520563
vt 0.770066 0.518958
vt 0.768803 0.515170
vt 0.766723 0.512234
vt 0.766866 0.526627
vt 0.767586 0.527443
vt 0.764530 0.521921
vt 0.769237 0.523719
vt 0.768662 0.522595
vt 0.767793 0.521467
vt 0.766458 0.520510
vt 0.766089 0.518653
vt 0.765732 0.516843
vt 0.765466 0.515128
vt 0.762193 0.513201
vt 0.762590 0.532756
vt 0.761320 0.529281
vt 0.766289 0.525358
vt 0.763526 0.527139
vt 0.762399 0.525039
vt 0.762736 0.520374
vt 0.762359 0.517785
vt 0.762056 0.515158
vt 0.758825 0.512784
vt 0.757943 0.537948
vt 0.760748 0.536278
vt 0.759069 0.533259
vt 0.757499 0.528390
vt 0.761105 0.524175
vt 0.760322 0.521624
vt 0.757781 0.520010
vt 0.759054 0.519639
vt 0.758602 0.516151
vt 0.756835 0.514451
vt 0.755618 0.543797
vt 0.754618 0.536617
vt 0.755607 0.534226
vt 0.755390 0.529574
vt 0.753828 0.527394
vt 0.754990 0.524021
vt 0.753904 0.521457
vt 0.755124 0.518302
vt 0.755009 0.511963
vt 0.751914 0.547108
vt 0.751766 0.540970
vt 0.751693 0.536594
vt 0.751428 0.528064
vt 0.751533 0.522543
vt 0.751661 0.518489
vt 0.753030 0.512252
vt 0.771994 0.501861
vt 0.769741 0.510454
vt 0.769246 0.508027
vt 0.769077 0.505231
vt 0.763860 0.501737
vt 0.763074 0.510055
vt 0.764521 0.507838
vt 0.762788 0.504869
vt 0.760116 0.507294
vt 0.758283 0.509601
vt 0.758273 0.503897
vt 0.758564 0.501325
vt 0.755097 0.508969
vt 0.755379 0.506067
vt 0.755426 0.502319
vt 0.756728 0.500936
vt 0.751807 0.508130
vt 0.751829 0.505604
vt 0.751884 0.502695
vt 0.197271 0.494067
vt 0.197617 0.486090
vt 0.197361 0.477224
vt 0.197148 0.467909
vt 0.206673 0.494383
vt 0.202291 0.495510
vt 0.207026 0.486093
vt 0.202119 0.486513
vt 0.206974 0.479378
vt 0.201473 0.477694
vt 0.202228 0.468671
vt 0.205081 0.461803
vt 0.201291 0.458825
vt 0.203663 0.451616
vt 0.199621 0.448717
vt 0.202506 0.443259
vt 0.212422 0.496311
vt 0.213132 0.487137
vt 0.213027 0.480237
vt 0.206722 0.471405
vt 0.211033 0.470145
vt 0.211392 0.462496
vt 0.206374 0.460093
vt 0.210543 0.453394
vt 0.205486 0.449725
vt 0.210447 0.445806
vt 0.205920 0.442714
vt 0.203196 0.434702
vt 0.209368 0.437736
vt 0.208716 0.431541
vt 0.217173 0.487892
vt 0.217942 0.479781
vt 0.213501 0.472406
vt 0.217256 0.471894
vt 0.217599 0.464273
vt 0.212437 0.461075
vt 0.216013 0.455217
vt 0.212883 0.448225
vt 0.216920 0.447635
vt 0.211621 0.438937
vt 0.215971 0.437690
vt 0.193324 0.493292
vt 0.189704 0.493342
vt 0.186820 0.492578
vt 0.194897 0.485221
vt 0.192074 0.484551
vt 0.189546 0.483925
vt 0.186430 0.482812
vt 0.194851 0.476357
vt 0.192051 0.474845
vt 0.189337 0.473677
vt 0.186297 0.472125
vt 0.194223 0.466623
vt 0.191479 0.464357
vt 0.188783 0.463438
vt 0.186690 0.461063
vt 0.195359 0.459926
vt 0.192268 0.452754
vt 0.188669 0.455399
vt 0.192668 0.448402
vt 0.185666 0.494253
vt 0.183644 0.494093
vt 0.184930 0.482471
vt 0.183402 0.482100
vt 0.184947 0.471083
vt 0.183576 0.470167
vt 0.184501 0.458667
vt 0.197351 0.456682
vt 0.195329 0.450552
vt 0.190163 0.448375
vt 0.188094 0.450291
vt 0.185389 0.447082
vt 0.191741 0.435676
vt 0.189286 0.438668
vt 0.186858 0.433422
vt 0.200066 0.438881
vt 0.196868 0.437527
vt 0.194086 0.434420
vt 0.190783 0.428364
vt 0.199710 0.431458
vt 0.197417 0.428671
vt 0.195026 0.425472
vt 0.192367 0.420360
vt 0.188088 0.420240
vt 0.201680 0.427090
vt 0.199967 0.419118
vt 0.198407 0.416615
vt 0.196969 0.413498
vt 0.195351 0.411995
vt 0.190873 0.408235
vt 0.160641 0.493015
vt 0.146424 0.492749
vt 0.160306 0.479426
vt 0.147498 0.477649
vt 0.157373 0.464722
vt 0.145760 0.461789
vt 0.155609 0.453109
vt 0.148125 0.444867
vt 0.147171 0.429201
vt 0.180590 0.494920
vt 0.176926 0.493362
vt 0.178239 0.480337
vt 0.178177 0.468863
vt 0.175926 0.454902
vt 0.153558 0.436657
vt 0.168668 0.439399
vt 0.162738 0.422175
vt 0.181243 0.476368
vt 0.182324 0.457013
vt 0.179808 0.451265
vt 0.183571 0.445363
vt 0.177001 0.440725
vt 0.185133 0.434193
vt 0.182469 0.432870
vt 0.178361 0.428266
vt 0.159952 0.409277
vt 0.179620 0.412632
vt 0.167630 0.405184
vt 0.156786 0.387717
vt 0.168315 0.391951
vt 0.185655 0.417305
vt 0.182349 0.415457
vt 0.188315 0.407121
vt 0.185645 0.402641
vt 0.181301 0.397681
vt 0.164816 0.376075
vt 0.185768 0.385885
vt 0.131701 0.491963
vt 0.114732 0.491546
vt 0.099343 0.491098
vt 0.130760 0.475974
vt 0.115646 0.473556
vt 0.099890 0.471379
vt 0.125529 0.456951
vt 0.107137 0.454669
vt 0.070764 0.448031
vt 0.119559 0.439524
vt 0.103801 0.436061
vt 0.108770 0.424223
vt 0.079160 0.408345
vt 0.077732 0.393686
vt 0.119758 0.422557
vt 0.106412 0.408912
vt 0.145282 0.416852
vt 0.114605 0.399967
vt 0.115561 0.376816
vt 0.077269 0.347880
vt 0.134239 0.398162
vt 0.146316 0.393992
vt 0.127113 0.371236
vt 0.145358 0.379163
vt 0.115350 0.357153
vt 0.085028 0.334502
vt 0.138862 0.360455
vt 0.006580 0.475838
vt 0.057082 0.470211
vt 0.992968 0.467469
vt 0.010660 0.446802
vt 0.033921 0.439703
vt 0.065805 0.426781
vt 0.011228 0.423185
vt 0.058663 0.405064
vt 0.015042 0.401454
vt 0.055579 0.382664
vt 0.013607 0.380201
vt 0.023173 0.362812
vt 0.990526 0.362157
vt 0.077161 0.372393
vt 0.059185 0.365760
vt 0.020149 0.347256
vt 0.051070 0.333789
vt 0.010337 0.328886
vt 0.060159 0.324315
vt 0.206789 0.425330
vt 0.214771 0.430436
vt 0.211263 0.424046
vt 0.209410 0.416274
vt 0.212830 0.416519
vt 0.203888 0.418325
vt 0.194823 0.406585
vt 0.203578 0.408414
vt 0.201167 0.406481
vt 0.206171 0.414596
vt 0.198991 0.402383
vt 0.197244 0.398719
vt 0.208220 0.408017
vt 0.202328 0.401612
vt 0.202759 0.391196
vt 0.199725 0.392646
vt 0.209572 0.402877
vt 0.208735 0.396464
vt 0.207327 0.393714
vt 0.204459 0.392162
vt 0.165100 0.363345
vt 0.171444 0.357790
vt 0.194981 0.395364
vt 0.193162 0.392267
vt 0.190969 0.387064
vt 0.190239 0.375777
vt 0.177213 0.346812
vt 0.169330 0.342500
vt 0.122820 0.346791
vt 0.088691 0.320405
vt 0.091218 0.301669
vt 0.142765 0.351932
vt 0.124640 0.332390
vt 0.145409 0.333562
vt 0.127972 0.318199
vt 0.095158 0.280838
vt 0.163347 0.345556
vt 0.132168 0.310701
vt 0.147432 0.313174
vt 0.129989 0.293282
vt 0.107391 0.249504
vt 0.165721 0.321104
vt 0.142243 0.287642
vt 0.157481 0.286346
vt 0.140738 0.263117
vt 0.120060 0.235360
vt 0.000063 0.311614
vt 0.060159 0.310961
vt 0.000027 0.295857
vt 0.060907 0.293655
vt 0.011628 0.273772
vt 0.065098 0.279562
vt 0.067064 0.264463
vt 0.011940 0.249877
vt 0.085972 0.258989
vt 0.021005 0.235770
vt 0.073083 0.236498
vt 0.015100 0.214347
vt 0.077151 0.222846
vt 0.081687 0.209004
vt 0.014847 0.189984
vt 0.240828 0.499859
vt 0.239292 0.498732
vt 0.244146 0.500259
vt 0.243542 0.499199
vt 0.242676 0.497724
vt 0.241911 0.496513
vt 0.240857 0.494856
vt 0.243718 0.494316
vt 0.243017 0.492751
vt 0.246631 0.500274
vt 0.245880 0.498838
vt 0.245720 0.495820
vt 0.246478 0.494177
vt 0.245636 0.491695
vt 0.249305 0.501222
vt 0.248634 0.499665
vt 0.248586 0.497419
vt 0.248585 0.493921
vt 0.248543 0.491090
vt 0.221658 0.495679
vt 0.220934 0.488228
vt 0.222624 0.480942
vt 0.222265 0.472966
vt 0.221804 0.465156
vt 0.222549 0.457934
vt 0.225890 0.495766
vt 0.224988 0.488181
vt 0.226767 0.480103
vt 0.227094 0.473289
vt 0.226387 0.466227
vt 0.226611 0.458657
vt 0.224948 0.449490
vt 0.230682 0.496038
vt 0.228432 0.496078
vt 0.231049 0.489528
vt 0.230774 0.481387
vt 0.231125 0.471470
vt 0.230890 0.466025
vt 0.229286 0.458709
vt 0.229357 0.450797
vt 0.228838 0.441813
vt 0.236241 0.499704
vt 0.235583 0.498903
vt 0.234699 0.496721
vt 0.232825 0.496244
vt 0.235069 0.491214
vt 0.234846 0.486433
vt 0.233249 0.481235
vt 0.233427 0.466879
vt 0.233674 0.459045
vt 0.232374 0.448536
vt 0.233214 0.443040
vt 0.238876 0.496666
vt 0.237457 0.496604
vt 0.236898 0.494790
vt 0.236211 0.493308
vt 0.239699 0.493192
vt 0.239218 0.492293
vt 0.238539 0.490681
vt 0.237116 0.488116
vt 0.237970 0.481288
vt 0.235612 0.480693
vt 0.238421 0.475601
vt 0.238410 0.466262
vt 0.236282 0.456323
vt 0.237360 0.451648
vt 0.236481 0.441008
vt 0.241787 0.490588
vt 0.241475 0.489188
vt 0.241044 0.487059
vt 0.239675 0.485562
vt 0.242287 0.483643
vt 0.240919 0.481046
vt 0.241709 0.474873
vt 0.241720 0.461097
vt 0.240501 0.449505
vt 0.241376 0.446391
vt 0.245216 0.488422
vt 0.243880 0.486912
vt 0.243293 0.485547
vt 0.245901 0.485572
vt 0.244926 0.482387
vt 0.243533 0.479494
vt 0.246074 0.478388
vt 0.244761 0.474741
vt 0.244728 0.464839
vt 0.245256 0.456053
vt 0.244416 0.445233
vt 0.248215 0.487659
vt 0.249183 0.486617
vt 0.248529 0.485987
vt 0.248559 0.484297
vt 0.248402 0.481609
vt 0.248551 0.477840
vt 0.248424 0.472774
vt 0.248692 0.456088
vt 0.248009 0.444398
vt 0.218745 0.455642
vt 0.220919 0.447606
vt 0.219503 0.439573
vt 0.222149 0.438188
vt 0.226089 0.444011
vt 0.229456 0.437382
vt 0.232584 0.433941
vt 0.237322 0.437516
vt 0.240732 0.436727
vt 0.240394 0.427428
vt 0.244393 0.435004
vt 0.244165 0.426218
vt 0.248147 0.434274
vt 0.247921 0.425805
vt 0.218807 0.429691
vt 0.215840 0.423789
vt 0.218594 0.421412
vt 0.216093 0.416459
vt 0.212139 0.408134
vt 0.217147 0.407544
vt 0.215976 0.402829
vt 0.225506 0.435770
vt 0.222404 0.428428
vt 0.223503 0.420365
vt 0.219994 0.415428
vt 0.223070 0.413581
vt 0.220670 0.408033
vt 0.221866 0.400894
vt 0.220148 0.396003
vt 0.228515 0.429127
vt 0.227231 0.424275
vt 0.227357 0.415415
vt 0.225595 0.407049
vt 0.226267 0.402388
vt 0.224556 0.393616
vt 0.225026 0.385714
vt 0.232236 0.425091
vt 0.231703 0.418193
vt 0.230252 0.408249
vt 0.230981 0.404537
vt 0.230672 0.393354
vt 0.227399 0.392394
vt 0.228181 0.384851
vt 0.236707 0.429819
vt 0.235356 0.421959
vt 0.235587 0.414553
vt 0.235398 0.407723
vt 0.234609 0.397557
vt 0.235320 0.394379
vt 0.233693 0.386551
vt 0.239836 0.419659
vt 0.240423 0.411426
vt 0.239163 0.406463
vt 0.239221 0.397144
vt 0.238491 0.389236
vt 0.239146 0.377758
vt 0.244009 0.417685
vt 0.244283 0.409615
vt 0.243424 0.397706
vt 0.243135 0.389527
vt 0.243739 0.380585
vt 0.248012 0.417349
vt 0.248161 0.410103
vt 0.247878 0.403842
vt 0.247689 0.396693
vt 0.247802 0.386918
vt 0.250423 0.380800
vt 0.247846 0.375325
vt 0.202348 0.386354
vt 0.212694 0.398805
vt 0.206486 0.386779
vt 0.205028 0.381434
vt 0.213264 0.389770
vt 0.211684 0.383389
vt 0.215430 0.395748
vt 0.209491 0.380455
vt 0.208298 0.375123
vt 0.219996 0.390683
vt 0.218678 0.386726
vt 0.217627 0.382524
vt 0.216436 0.379244
vt 0.212699 0.373237
vt 0.211444 0.368697
vt 0.216437 0.372185
vt 0.216207 0.364800
vt 0.223011 0.378884
vt 0.221279 0.372029
vt 0.219829 0.365580
vt 0.219300 0.360320
vt 0.227298 0.377741
vt 0.228088 0.372042
vt 0.227422 0.368047
vt 0.227337 0.363847
vt 0.222801 0.361490
vt 0.223223 0.355874
vt 0.232729 0.376202
vt 0.228239 0.354160
vt 0.233902 0.369282
vt 0.232824 0.363481
vt 0.235694 0.376012
vt 0.231756 0.357723
vt 0.236352 0.352876
vt 0.232959 0.347093
vt 0.237282 0.369078
vt 0.235738 0.360943
vt 0.241167 0.348596
vt 0.242572 0.372084
vt 0.242316 0.363101
vt 0.241400 0.355045
vt 0.246808 0.346936
vt 0.247402 0.366307
vt 0.246972 0.358524
vt 0.247203 0.351088
vt 0.199191 0.378812
vt 0.196568 0.375869
vt 0.200917 0.381455
vt 0.193915 0.366861
vt 0.187457 0.332367
vt 0.177644 0.326444
vt 0.203490 0.363501
vt 0.197866 0.362608
vt 0.207189 0.370800
vt 0.206333 0.366715
vt 0.201194 0.355175
vt 0.192616 0.319704
vt 0.212550 0.362191
vt 0.211156 0.360355
vt 0.209542 0.355450
vt 0.205361 0.349869
vt 0.216635 0.347781
vt 0.209405 0.344452
vt 0.193699 0.309228
vt 0.205345 0.315365
vt 0.197106 0.291917
vt 0.214398 0.355824
vt 0.213647 0.353285
vt 0.218331 0.353624
vt 0.215329 0.337301
vt 0.210373 0.303390
vt 0.206709 0.281462
vt 0.225612 0.349601
vt 0.224697 0.347451
vt 0.223687 0.341890
vt 0.220147 0.334743
vt 0.231814 0.336877
vt 0.229868 0.330224
vt 0.220799 0.319692
vt 0.218489 0.300515
vt 0.217485 0.288659
vt 0.231757 0.342794
vt 0.228307 0.341032
vt 0.230122 0.318430
vt 0.229036 0.301062
vt 0.226129 0.282005
vt 0.239949 0.344058
vt 0.239492 0.340289
vt 0.239041 0.334446
vt 0.237448 0.324348
vt 0.237218 0.302978
vt 0.235372 0.278249
vt 0.246644 0.342640
vt 0.246491 0.338922
vt 0.246331 0.333112
vt 0.246128 0.324975
vt 0.246761 0.309914
vt 0.245211 0.281037
vt 0.175733 0.306281
vt 0.170096 0.273725
vt 0.149684 0.254032
vt 0.121222 0.216927
vt 0.183282 0.303866
vt 0.163786 0.249935
vt 0.117519 0.200056
vt 0.166288 0.237586
vt 0.180469 0.261687
vt 0.192172 0.264254
vt 0.176757 0.236463
vt 0.145991 0.184799
vt 0.202250 0.286020
vt 0.191909 0.230678
vt 0.156554 0.182279
vt 0.208933 0.232789
vt 0.193360 0.217176
vt 0.198303 0.204617
vt 0.221537 0.242005
vt 0.216015 0.215085
vt 0.199522 0.155584
vt 0.234289 0.248194
vt 0.227852 0.206604
vt 0.218797 0.151290
vt 0.245053 0.250245
vt 0.242647 0.208100
vt 0.239962 0.146909
vt 0.094764 0.199455
vt 0.027666 0.175940
vt 0.079822 0.175753
vt 0.000049 0.159465
vt 0.118755 0.183109
vt 0.033087 0.145522
vt 0.116017 0.162508
vt 0.038087 0.130848
vt 0.117033 0.145217
vt 0.025359 0.113090
vt 0.151042 0.157239
vt 0.113186 0.098271
vt 0.039078 0.083629
vt 0.164911 0.126435
vt 0.022284 0.075295
vt 0.981933 0.064484
vt 0.208123 0.132427
vt 0.198959 0.122606
vt 0.166612 0.106925
vt 0.130352 0.087999
vt 0.044887 0.065076
vt 0.174328 0.094679
vt 0.155627 0.083507
vt 0.128138 0.070161
vt 0.020170 0.052948
vt 0.188454 0.106271
vt 0.222430 0.123469
vt 0.214510 0.110481
vt 0.197442 0.094217
vt 0.172697 0.077317
vt 0.140618 0.062995
vt 0.069521 0.048342
vt 0.239171 0.126013
vt 0.235968 0.106607
vt 0.220060 0.096521
vt 0.018084 0.043181
vt 0.043780 0.038737
vt 0.204289 0.082443
vt 0.181861 0.070443
vt 0.151586 0.058023
vt 0.080393 0.044336
vt 0.207315 0.075875
vt 0.185664 0.065492
vt 0.135317 0.049335
vt 0.188561 0.058166
vt 0.158066 0.047617
vt 0.091595 0.036799
vt 0.209447 0.067826
vt 0.211802 0.063918
vt 0.192093 0.055232
vt 0.166358 0.044244
vt 0.119003 0.034646
vt 0.048620 0.029344
vt 0.215684 0.060515
vt 0.199773 0.052616
vt 0.200020 0.047031
vt 0.171253 0.038595
vt 0.130445 0.028917
vt 0.049879 0.022906
vt 0.204724 0.043088
vt 0.184833 0.033209
vt 0.240307 0.095020
vt 0.223299 0.089507
vt 0.241381 0.088466
vt 0.224852 0.083822
vt 0.226128 0.075614
vt 0.242672 0.075898
vt 0.228787 0.069873
vt 0.244493 0.070452
vt 0.235145 0.063519
vt 0.221062 0.053572
vt 0.239550 0.057087
vt 0.242472 0.052588
vt 0.230381 0.045380
vt 0.209140 0.033996
vt 0.144127 0.023555
vt 0.995939 0.017994
vt 0.097360 0.015080
vt 0.008952 0.010051
vt 0.242037 0.034578
vt 0.181421 0.025570
vt 0.230594 0.027903
vt 0.177969 0.018322
vt 0.239358 0.022760
vt 0.112738 0.006000
vt 0.905230 0.002201
vt 0.835116 0.499157
vt 0.834508 0.498614
vt 0.833376 0.498432
vt 0.834355 0.499012
vt 0.834385 0.498105
vt 0.833418 0.495721
vt 0.832375 0.495443
vt 0.831352 0.493051
vt 0.832438 0.494850
vt 0.832501 0.494045
vt 0.830772 0.492518
vt 0.830579 0.491968
vt 0.828811 0.491033
vt 0.830250 0.498416
vt 0.831034 0.496812
vt 0.827712 0.492389
vt 0.827760 0.489988
vt 0.824551 0.488178
vt 0.828403 0.497238
vt 0.829182 0.495034
vt 0.827109 0.493715
vt 0.826114 0.489686
vt 0.822967 0.487389
vt 0.824762 0.498836
vt 0.825587 0.497227
vt 0.822777 0.492067
vt 0.822390 0.489463
vt 0.820869 0.487278
vt 0.818123 0.485120
vt 0.822852 0.498314
vt 0.822716 0.495125
vt 0.817761 0.485495
vt 0.816888 0.497729
vt 0.817771 0.493746
vt 0.817412 0.490487
vt 0.815850 0.487736
vt 0.816085 0.485857
vt 0.811257 0.484189
vt 0.812918 0.484014
vt 0.810508 0.483201
vt 0.831885 0.498441
vt 0.830298 0.498633
vt 0.828969 0.498986
vt 0.830893 0.495511
vt 0.829170 0.496079
vt 0.827070 0.497528
vt 0.825103 0.498596
vt 0.829318 0.492973
vt 0.827782 0.493464
vt 0.826489 0.494361
vt 0.824824 0.495596
vt 0.822787 0.497158
vt 0.819131 0.499106
vt 0.827196 0.490904
vt 0.825657 0.491441
vt 0.824278 0.492872
vt 0.822447 0.493813
vt 0.820583 0.494766
vt 0.818566 0.495354
vt 0.823754 0.488490
vt 0.823051 0.489486
vt 0.821557 0.490558
vt 0.820033 0.492197
vt 0.818190 0.492822
vt 0.814563 0.497097
vt 0.812454 0.498545
vt 0.818964 0.486971
vt 0.817945 0.488099
vt 0.817170 0.490019
vt 0.813938 0.493610
vt 0.812077 0.495389
vt 0.810110 0.497359
vt 0.808229 0.498692
vt 0.817362 0.485273
vt 0.813005 0.487460
vt 0.812749 0.489951
vt 0.811386 0.492398
vt 0.809586 0.493983
vt 0.813821 0.484738
vt 0.813643 0.485738
vt 0.811527 0.486155
vt 0.807843 0.495772
vt 0.806173 0.497658
vt 0.809437 0.487921
vt 0.808396 0.490304
vt 0.807137 0.492902
vt 0.805537 0.494553
vt 0.807927 0.486509
vt 0.802888 0.497562
vt 0.805300 0.488583
vt 0.802654 0.490386
vt 0.803230 0.493772
vt 0.809366 0.483049
vt 0.807571 0.483932
vt 0.802310 0.486501
vt 0.801128 0.498756
vt 0.969934 0.489186
vt 0.935902 0.492158
vt 0.947690 0.474813
vt 0.987953 0.449320
vt 0.900097 0.490281
vt 0.940557 0.467347
vt 0.995872 0.433352
vt 0.947681 0.445915
vt 0.925482 0.448636
vt 0.990788 0.421926
vt 0.935324 0.425188
vt 0.986269 0.399891
vt 0.933729 0.407249
vt 0.989665 0.379311
vt 0.946032 0.382481
vt 0.922248 0.394318
vt 0.941686 0.370906
vt 0.919880 0.382291
vt 0.986848 0.345609
vt 0.942832 0.357645
vt 0.919940 0.354438
vt 0.982929 0.330594
vt 0.939505 0.326403
vt 0.916200 0.334097
vt 0.885290 0.491165
vt 0.869086 0.491983
vt 0.893159 0.472715
vt 0.869149 0.475761
vt 0.894149 0.454036
vt 0.876059 0.455664
vt 0.896113 0.436272
vt 0.881031 0.439226
vt 0.893044 0.423067
vt 0.853143 0.492525
vt 0.856703 0.460019
vt 0.849334 0.443266
vt 0.887704 0.415403
vt 0.855913 0.429003
vt 0.887623 0.396320
vt 0.863737 0.411335
vt 0.886631 0.380044
vt 0.871947 0.393143
vt 0.849545 0.428791
vt 0.856306 0.408844
vt 0.878962 0.373408
vt 0.855668 0.394420
vt 0.886012 0.356951
vt 0.869529 0.365581
vt 0.845388 0.392207
vt 0.842749 0.381637
vt 0.839786 0.493157
vt 0.850435 0.477544
vt 0.839586 0.479237
vt 0.843571 0.464124
vt 0.844948 0.454424
vt 0.829352 0.493472
vt 0.820986 0.494731
vt 0.823412 0.481419
vt 0.825204 0.465733
vt 0.827376 0.451715
vt 0.829933 0.437690
vt 0.844624 0.415261
vt 0.831346 0.426105
vt 0.811276 0.471305
vt 0.814283 0.453655
vt 0.816808 0.440666
vt 0.840459 0.408645
vt 0.818524 0.427943
vt 0.825272 0.404915
vt 0.820379 0.416146
vt 0.804508 0.436225
vt 0.810015 0.421227
vt 0.825750 0.390999
vt 0.815389 0.402941
vt 0.805187 0.419120
vt 0.812928 0.395293
vt 0.806388 0.406548
vt 0.809435 0.493840
vt 0.810425 0.482577
vt 0.799397 0.495053
vt 0.800287 0.483520
vt 0.811333 0.460111
vt 0.802903 0.471187
vt 0.802142 0.463010
vt 0.803604 0.447158
vt 0.791461 0.495160
vt 0.791907 0.484430
vt 0.793058 0.473659
vt 0.802087 0.455025
vt 0.793553 0.464641
vt 0.793949 0.451895
vt 0.795634 0.438983
vt 0.798835 0.428592
vt 0.810981 0.485245
vt 0.810208 0.493087
vt 0.809476 0.489626
vt 0.808243 0.486868
vt 0.805461 0.482752
vt 0.804707 0.482188
vt 0.806801 0.497483
vt 0.803673 0.484757
vt 0.802835 0.483402
vt 0.802226 0.493251
vt 0.801430 0.489652
vt 0.800223 0.486800
vt 0.798183 0.482185
vt 0.797308 0.481474
vt 0.797145 0.497947
vt 0.795666 0.484840
vt 0.794645 0.483292
vt 0.796141 0.494418
vt 0.795396 0.490326
vt 0.794614 0.487066
vt 0.791870 0.482194
vt 0.790923 0.481357
vt 0.794326 0.498652
vt 0.792205 0.496745
vt 0.791351 0.491331
vt 0.786804 0.488011
vt 0.787498 0.496817
vt 0.787413 0.491859
vt 0.782009 0.485072
vt 0.781273 0.482694
vt 0.780163 0.481546
vt 0.800768 0.495816
vt 0.801819 0.487691
vt 0.800189 0.492792
vt 0.804070 0.482303
vt 0.803549 0.483999
vt 0.802355 0.485056
vt 0.796018 0.487913
vt 0.794690 0.490557
vt 0.803467 0.481912
vt 0.798952 0.482102
vt 0.795179 0.486517
vt 0.796576 0.482602
vt 0.795454 0.483591
vt 0.794827 0.484972
vt 0.789367 0.488744
vt 0.794162 0.480932
vt 0.795254 0.481104
vt 0.787220 0.486881
vt 0.787957 0.480947
vt 0.786444 0.481493
vt 0.788995 0.482713
vt 0.787588 0.483858
vt 0.785721 0.485131
vt 0.783120 0.488056
vt 0.787919 0.480726
vt 0.779479 0.481005
vt 0.781812 0.482337
vt 0.780306 0.483451
vt 0.780174 0.486194
vt 0.776582 0.487739
vt 0.777489 0.484707
vt 0.799114 0.497696
vt 0.798542 0.494562
vt 0.795726 0.497650
vt 0.794154 0.498981
vt 0.796235 0.493847
vt 0.792691 0.495694
vt 0.792354 0.498410
vt 0.793409 0.492824
vt 0.789604 0.497507
vt 0.790187 0.492295
vt 0.787325 0.494136
vt 0.786328 0.497750
vt 0.786386 0.490816
vt 0.782854 0.497632
vt 0.781349 0.499027
vt 0.783412 0.493554
vt 0.779945 0.495917
vt 0.778684 0.498499
vt 0.780116 0.489844
vt 0.780352 0.492769
vt 0.776929 0.495198
vt 0.777224 0.492258
vt 0.947895 0.308518
vt 0.919105 0.317302
vt 0.988666 0.280911
vt 0.939276 0.293580
vt 0.908586 0.302085
vt 0.979667 0.265647
vt 0.926546 0.274510
vt 0.977395 0.250839
vt 0.905219 0.280227
vt 0.978976 0.236289
vt 0.924315 0.253256
vt 0.902961 0.259690
vt 0.986441 0.220729
vt 0.926859 0.236495
vt 0.976584 0.206593
vt 0.909730 0.229809
vt 0.873896 0.256576
vt 0.972212 0.191358
vt 0.910794 0.212852
vt 0.880531 0.235531
vt 0.877953 0.346134
vt 0.862454 0.354709
vt 0.875473 0.333365
vt 0.838986 0.363469
vt 0.872406 0.318580
vt 0.856994 0.338485
vt 0.859865 0.319330
vt 0.838255 0.346276
vt 0.872611 0.297808
vt 0.852959 0.312133
vt 0.831910 0.335555
vt 0.872010 0.276309
vt 0.827349 0.347549
vt 0.855195 0.288828
vt 0.840728 0.305004
vt 0.834114 0.373726
vt 0.816996 0.383094
vt 0.828618 0.358787
vt 0.806701 0.391435
vt 0.810774 0.374644
vt 0.821666 0.342628
vt 0.795763 0.412148
vt 0.784197 0.495467
vt 0.786667 0.484364
vt 0.786577 0.475926
vt 0.791252 0.462842
vt 0.787537 0.454901
vt 0.798011 0.419592
vt 0.791745 0.429884
vt 0.783464 0.485645
vt 0.783116 0.475655
vt 0.781661 0.467500
vt 0.787121 0.446428
vt 0.780669 0.458434
vt 0.785069 0.442015
vt 0.788735 0.424743
vt 0.791982 0.407927
vt 0.779726 0.466541
vt 0.780471 0.450071
vt 0.777797 0.454931
vt 0.783255 0.435562
vt 0.776613 0.448082
vt 0.780151 0.431234
vt 0.784075 0.417602
vt 0.779345 0.422201
vt 0.773789 0.446430
vt 0.775783 0.439243
vt 0.774670 0.432721
vt 0.774524 0.421496
vt 0.770672 0.440668
vt 0.770534 0.429219
vt 0.767768 0.435337
vt 0.768630 0.423867
vt 0.764544 0.432289
vt 0.762096 0.422110
vt 0.761952 0.428638
vt 0.757526 0.421140
vt 0.757190 0.426569
vt 0.752533 0.420346
vt 0.752411 0.425581
vt 0.781562 0.497886
vt 0.783146 0.495846
vt 0.782352 0.492429
vt 0.782864 0.488691
vt 0.780810 0.483755
vt 0.781637 0.495351
vt 0.780300 0.495618
vt 0.780169 0.495625
vt 0.780551 0.492359
vt 0.780580 0.490372
vt 0.781154 0.486134
vt 0.779618 0.487248
vt 0.778917 0.487789
vt 0.778863 0.487155
vt 0.779534 0.486505
vt 0.779188 0.484120
vt 0.778851 0.483202
vt 0.780180 0.476708
vt 0.778629 0.479786
vt 0.777662 0.481164
vt 0.777134 0.481600
vt 0.776947 0.481579
vt 0.776789 0.481198
vt 0.777229 0.481288
vt 0.776295 0.480542
vt 0.777889 0.467666
vt 0.776290 0.468610
vt 0.774844 0.470437
vt 0.775522 0.475874
vt 0.774817 0.476282
vt 0.772426 0.474790
vt 0.773845 0.477760
vt 0.772969 0.478095
vt 0.773896 0.469803
vt 0.771970 0.465331
vt 0.770053 0.474660
vt 0.775839 0.459011
vt 0.774118 0.461663
vt 0.771222 0.469600
vt 0.768837 0.470555
vt 0.773555 0.453543
vt 0.772078 0.456343
vt 0.770106 0.461806
vt 0.767834 0.462657
vt 0.766460 0.467899
vt 0.771340 0.448232
vt 0.769833 0.451298
vt 0.767173 0.457552
vt 0.765865 0.460300
vt 0.764018 0.464194
vt 0.768631 0.443862
vt 0.767431 0.446985
vt 0.765011 0.451493
vt 0.764781 0.455403
vt 0.762806 0.458265
vt 0.765775 0.439336
vt 0.764575 0.442764
vt 0.763228 0.447736
vt 0.761697 0.452288
vt 0.759674 0.456786
vt 0.761938 0.435492
vt 0.760741 0.438887
vt 0.760422 0.446872
vt 0.758781 0.449922
vt 0.757591 0.452930
vt 0.759394 0.433246
vt 0.756198 0.434950
vt 0.756620 0.441291
vt 0.755913 0.447704
vt 0.754899 0.452861
vt 0.756704 0.431303
vt 0.752413 0.439129
vt 0.752093 0.444902
vt 0.751844 0.449158
vt 0.752259 0.430242
vt 0.752187 0.433917
vt 0.750820 0.437568
vt 0.777316 0.480863
vt 0.773714 0.486072
vt 0.770047 0.487605
vt 0.775417 0.480260
vt 0.774822 0.480509
vt 0.773316 0.481473
vt 0.769518 0.482427
vt 0.768598 0.483653
vt 0.768040 0.484780
vt 0.771677 0.478154
vt 0.771396 0.479343
vt 0.769325 0.480983
vt 0.761393 0.487451
vt 0.769237 0.476281
vt 0.768662 0.477405
vt 0.766022 0.479336
vt 0.766089 0.481347
vt 0.765732 0.483157
vt 0.763646 0.485911
vt 0.766934 0.473629
vt 0.764761 0.476279
vt 0.761439 0.485368
vt 0.763834 0.478244
vt 0.762736 0.479626
vt 0.762359 0.482215
vt 0.764884 0.471347
vt 0.761753 0.473156
vt 0.761450 0.475817
vt 0.762590 0.467244
vt 0.758357 0.487584
vt 0.759959 0.478498
vt 0.759054 0.480361
vt 0.757057 0.485580
vt 0.760665 0.463798
vt 0.758593 0.466488
vt 0.757499 0.471610
vt 0.757915 0.462200
vt 0.755009 0.488037
vt 0.756421 0.479366
vt 0.754803 0.481209
vt 0.756809 0.475453
vt 0.753930 0.472775
vt 0.755489 0.465327
vt 0.754932 0.470534
vt 0.755648 0.455732
vt 0.755210 0.461754
vt 0.753988 0.463668
vt 0.752758 0.491196
vt 0.751674 0.484408
vt 0.751403 0.477974
vt 0.751785 0.463463
vt 0.751531 0.471742
vt 0.751928 0.452940
vt 0.751724 0.459726
vt 0.772290 0.494817
vt 0.771832 0.498135
vt 0.773048 0.489481
vt 0.772666 0.491934
vt 0.765980 0.494843
vt 0.765600 0.498184
vt 0.766572 0.489683
vt 0.766062 0.492073
vt 0.761259 0.495367
vt 0.758821 0.498617
vt 0.757961 0.490264
vt 0.760244 0.492869
vt 0.758273 0.496103
vt 0.755426 0.497681
vt 0.756728 0.499064
vt 0.755379 0.493933
vt 0.751759 0.494137
vt 0.751884 0.497305
vt 0.749208 0.491559
vt 0.983649 0.174957
vt 0.913029 0.195490
vt 0.878510 0.218032
vt 0.902020 0.185824
vt 0.875064 0.202737
vt 0.967442 0.146297
vt 0.892261 0.175130
vt 0.848036 0.216266
vt 0.982620 0.124031
vt 0.937208 0.133428
vt 0.884119 0.157675
vt 0.855510 0.179472
vt 0.943021 0.099912
vt 0.865117 0.137404
vt 0.838914 0.168025
vt 0.949690 0.082877
vt 0.869262 0.113910
vt 0.830094 0.149161
vt 0.883280 0.087514
vt 0.841159 0.116824
vt 0.814602 0.150616
vt 0.902940 0.065981
vt 0.834628 0.104858
vt 0.813339 0.134533
vt 0.802112 0.148466
vt 0.823406 0.317678
vt 0.850027 0.270131
vt 0.833015 0.282773
vt 0.847147 0.258249
vt 0.816978 0.304381
vt 0.837077 0.250470
vt 0.824252 0.276100
vt 0.809011 0.301538
vt 0.826483 0.250177
vt 0.804372 0.290819
vt 0.823330 0.237691
vt 0.807879 0.265265
vt 0.795315 0.285561
vt 0.804438 0.220555
vt 0.789153 0.231862
vt 0.782828 0.287851
vt 0.807092 0.191912
vt 0.795524 0.218585
vt 0.787586 0.245133
vt 0.775531 0.241448
vt 0.777011 0.261815
vt 0.774475 0.295872
vt 0.802034 0.171961
vt 0.786938 0.202456
vt 0.783398 0.217284
vt 0.780290 0.231790
vt 0.792892 0.162949
vt 0.782843 0.191521
vt 0.765944 0.249402
vt 0.765468 0.257090
vt 0.778833 0.201933
vt 0.772711 0.212623
vt 0.769137 0.227619
vt 0.766631 0.241760
vt 0.783783 0.171379
vt 0.777059 0.190368
vt 0.769536 0.200363
vt 0.754951 0.253859
vt 0.754775 0.284655
vt 0.763857 0.214430
vt 0.757202 0.223294
vt 0.755692 0.238778
vt 0.762183 0.206220
vt 0.754681 0.210879
vt 0.802775 0.388567
vt 0.807354 0.366361
vt 0.801677 0.379703
vt 0.816046 0.334481
vt 0.807281 0.355235
vt 0.790077 0.400816
vt 0.799237 0.362532
vt 0.794318 0.378941
vt 0.811247 0.330462
vt 0.808096 0.322505
vt 0.792067 0.369526
vt 0.796377 0.345893
vt 0.789141 0.362816
vt 0.798528 0.322880
vt 0.786393 0.353527
vt 0.778653 0.360273
vt 0.791767 0.321105
vt 0.783470 0.346074
vt 0.787662 0.318130
vt 0.773057 0.363133
vt 0.779700 0.334922
vt 0.773872 0.337410
vt 0.788621 0.289009
vt 0.780826 0.308691
vt 0.765594 0.367469
vt 0.768267 0.346635
vt 0.770837 0.300959
vt 0.766681 0.339805
vt 0.760723 0.339859
vt 0.762159 0.305112
vt 0.752972 0.368029
vt 0.753645 0.309358
vt 0.753904 0.338885
vt 0.788008 0.392756
vt 0.783087 0.397852
vt 0.778959 0.411679
vt 0.783070 0.380568
vt 0.775747 0.400558
vt 0.773485 0.414910
vt 0.777453 0.382489
vt 0.769165 0.402851
vt 0.767347 0.417614
vt 0.771126 0.389278
vt 0.770530 0.382750
vt 0.763114 0.405145
vt 0.763971 0.387957
vt 0.758118 0.404590
vt 0.758722 0.386934
vt 0.758859 0.368623
vt 0.752832 0.404094
vt 0.752783 0.384877
vt 0.887896 0.060544
vt 0.837170 0.088229
vt 0.807444 0.122331
vt 0.796943 0.139024
vt 0.934021 0.043566
vt 0.853146 0.068015
vt 0.817951 0.096372
vt 0.801285 0.118633
vt 0.793608 0.132073
vt 0.005592 0.032659
vt 0.880515 0.046736
vt 0.844072 0.057989
vt 0.966308 0.030803
vt 0.813232 0.081886
vt 0.795420 0.109016
vt 0.881321 0.039340
vt 0.828113 0.059590
vt 0.787210 0.146042
vt 0.788847 0.119975
vt 0.798783 0.094780
vt 0.805718 0.078268
vt 0.782974 0.106799
vt 0.962290 0.023989
vt 0.894265 0.031051
vt 0.849410 0.041925
vt 0.787474 0.089979
vt 0.819236 0.050675
vt 0.805428 0.061696
vt 0.791297 0.073824
vt 0.777759 0.099298
vt 0.789522 0.150754
vt 0.778551 0.166925
vt 0.773532 0.180551
vt 0.767358 0.190264
vt 0.770863 0.170034
vt 0.765313 0.177426
vt 0.782311 0.135738
vt 0.776011 0.147598
vt 0.769151 0.156300
vt 0.762802 0.165589
vt 0.778809 0.123508
vt 0.771997 0.134138
vt 0.766306 0.149887
vt 0.765259 0.141086
vt 0.774514 0.115695
vt 0.767235 0.126542
vt 0.763100 0.135290
vt 0.769719 0.110337
vt 0.765048 0.119611
vt 0.760951 0.196869
vt 0.753895 0.200696
vt 0.759155 0.179687
vt 0.753014 0.181194
vt 0.757874 0.170190
vt 0.752642 0.174623
vt 0.759690 0.147515
vt 0.755222 0.160811
vt 0.751987 0.168739
vt 0.753418 0.151132
vt 0.760270 0.128677
vt 0.755624 0.137317
vt 0.752324 0.145000
vt 0.761845 0.112530
vt 0.756607 0.121198
vt 0.753200 0.129797
vt 0.852994 0.032704
vt 0.780798 0.083771
vt 0.772021 0.094414
vt 0.930837 0.016682
vt 0.840761 0.029950
vt 0.807212 0.046512
vt 0.793159 0.057656
vt 0.781084 0.068785
vt 0.774579 0.080094
vt 0.768887 0.088110
vt 0.904683 0.013904
vt 0.843270 0.022468
vt 0.813251 0.033004
vt 0.796016 0.043995
vt 0.784436 0.054425
vt 0.776224 0.062598
vt 0.763183 0.096560
vt 0.766862 0.077786
vt 0.758250 0.089283
vt 0.871832 0.010024
vt 0.815579 0.019942
vt 0.793295 0.030955
vt 0.780610 0.042179
vt 0.771248 0.053088
vt 0.761582 0.064257
vt 0.756359 0.075919
vt 0.753872 0.083192
vt 0.795859 0.008540
vt 0.774261 0.018454
vt 0.763313 0.035496
vt 0.757730 0.050968
vt 0.755127 0.058150
vt 0.766999 0.103531
vt 0.757482 0.105190
vt 0.753714 0.113771
vt 0.754132 0.097890
vt 0.251655 0.586919
vt 0.252155 0.572050
vt 0.252376 0.577452
vt 0.256259 0.571627
vt 0.257068 0.576615
vt 0.257036 0.585373
vt 0.260224 0.571742
vt 0.261878 0.579138
vt 0.265476 0.573953
vt 0.266689 0.580100
vt 0.269644 0.575639
vt 0.253073 0.631619
vt 0.252732 0.607736
vt 0.252365 0.595576
vt 0.252735 0.601699
vt 0.258526 0.631323
vt 0.258089 0.607270
vt 0.256234 0.590965
vt 0.257934 0.595402
vt 0.258147 0.600877
vt 0.262190 0.593557
vt 0.262867 0.633324
vt 0.263414 0.612934
vt 0.265980 0.631362
vt 0.263296 0.595663
vt 0.263412 0.599387
vt 0.264361 0.606149
vt 0.262843 0.584645
vt 0.271152 0.615965
vt 0.270238 0.599981
vt 0.268426 0.589903
vt 0.272327 0.593170
vt 0.277228 0.617064
vt 0.275373 0.597687
vt 0.271171 0.579800
vt 0.273351 0.586773
vt 0.281790 0.620244
vt 0.283467 0.610328
vt 0.277787 0.586551
vt 0.280042 0.590863
vt 0.283212 0.597727
vt 0.288118 0.607551
vt 0.288297 0.588066
vt 0.291018 0.601206
vt 0.295599 0.599016
vt 0.253610 0.690692
vt 0.254767 0.718188
vt 0.253904 0.661115
vt 0.261930 0.692798
vt 0.263790 0.713065
vt 0.260723 0.660141
vt 0.271392 0.698773
vt 0.273873 0.718011
vt 0.266681 0.660196
vt 0.268268 0.653363
vt 0.282804 0.710863
vt 0.273873 0.662590
vt 0.280825 0.691308
vt 0.273055 0.636869
vt 0.279700 0.665077
vt 0.288620 0.711018
vt 0.287662 0.681869
vt 0.295466 0.709968
vt 0.278652 0.639726
vt 0.283470 0.653928
vt 0.291766 0.678894
vt 0.304372 0.709192
vt 0.286393 0.646473
vt 0.298528 0.677121
vt 0.289141 0.637184
vt 0.309011 0.698462
vt 0.296377 0.654107
vt 0.308096 0.677494
vt 0.292072 0.630493
vt 0.299237 0.637468
vt 0.294330 0.621092
vt 0.311246 0.669537
vt 0.307280 0.644762
vt 0.316046 0.665518
vt 0.301681 0.620313
vt 0.307355 0.633641
vt 0.255396 0.748275
vt 0.257260 0.790703
vt 0.265906 0.749132
vt 0.271409 0.789346
vt 0.279162 0.758566
vt 0.283985 0.784927
vt 0.298607 0.834897
vt 0.291212 0.767534
vt 0.302047 0.795001
vt 0.306507 0.783432
vt 0.299303 0.732494
vt 0.310907 0.772443
vt 0.307977 0.735122
vt 0.323353 0.762290
vt 0.354785 0.814944
vt 0.327807 0.751640
vt 0.368698 0.804060
vt 0.324255 0.723905
vt 0.337076 0.749533
vt 0.316979 0.695621
vt 0.333016 0.717228
vt 0.347147 0.741751
vt 0.378513 0.781971
vt 0.323407 0.682324
vt 0.350028 0.729870
vt 0.258382 0.862610
vt 0.263915 0.895142
vt 0.290963 0.961684
vt 0.640913 0.983815
vt 0.282252 0.874321
vt 0.303021 0.911130
vt 0.499993 0.970132
vt 0.312451 0.895659
vt 0.499801 0.952730
vt 0.321565 0.881895
vt 0.426317 0.932120
vt 0.334193 0.859848
vt 0.438670 0.919163
vt 0.340442 0.832193
vt 0.369149 0.865489
vt 0.499999 0.905678
vt 0.343985 0.819202
vt 0.383968 0.855970
vt 0.500016 0.887744
vt 0.393361 0.843960
vt 0.500018 0.871588
vt 0.401802 0.819605
vt 0.467288 0.853802
vt 0.382660 0.800733
vt 0.500042 0.840547
vt 0.413028 0.804509
vt 0.484372 0.817989
vt 0.250477 0.510996
vt 0.250586 0.508470
vt 0.250501 0.505946
vt 0.251000 0.524233
vt 0.251597 0.529002
vt 0.250643 0.515826
vt 0.251289 0.517492
vt 0.251627 0.522552
vt 0.252655 0.523772
vt 0.251222 0.512865
vt 0.252285 0.515100
vt 0.251735 0.508505
vt 0.251285 0.504156
vt 0.252417 0.502017
vt 0.254198 0.525081
vt 0.254508 0.528094
vt 0.253251 0.516958
vt 0.254058 0.518510
vt 0.254406 0.522591
vt 0.255615 0.523885
vt 0.253045 0.511976
vt 0.254134 0.513754
vt 0.255026 0.515729
vt 0.253330 0.508559
vt 0.254624 0.508632
vt 0.253129 0.505140
vt 0.254248 0.503494
vt 0.255129 0.501662
vt 0.256439 0.525278
vt 0.257223 0.527419
vt 0.255903 0.517482
vt 0.257287 0.519864
vt 0.257459 0.522387
vt 0.258566 0.523735
vt 0.255701 0.512351
vt 0.256569 0.514410
vt 0.258340 0.516435
vt 0.256067 0.508650
vt 0.258157 0.508944
vt 0.255776 0.505078
vt 0.257065 0.503203
vt 0.258393 0.501484
vt 0.258941 0.518251
vt 0.260361 0.520602
vt 0.258977 0.512755
vt 0.259401 0.514670
vt 0.262126 0.515472
vt 0.259245 0.509052
vt 0.261921 0.509907
vt 0.262508 0.512019
vt 0.259023 0.505349
vt 0.259583 0.503997
vt 0.261605 0.504164
vt 0.262417 0.501489
vt 0.263182 0.513824
vt 0.262645 0.508617
vt 0.263090 0.509856
vt 0.262584 0.506233
vt 0.250970 0.534267
vt 0.251341 0.537752
vt 0.251560 0.539404
vt 0.251831 0.541870
vt 0.251720 0.532956
vt 0.252968 0.534189
vt 0.254123 0.537045
vt 0.254530 0.538556
vt 0.255638 0.540815
vt 0.255012 0.532994
vt 0.256653 0.535628
vt 0.256965 0.536846
vt 0.257740 0.538955
vt 0.258265 0.528701
vt 0.258192 0.530580
vt 0.259096 0.533369
vt 0.259559 0.534815
vt 0.260105 0.537393
vt 0.259586 0.525576
vt 0.260480 0.527506
vt 0.261479 0.530336
vt 0.262203 0.531733
vt 0.263576 0.533729
vt 0.261279 0.523327
vt 0.262433 0.523649
vt 0.263415 0.526649
vt 0.264240 0.528109
vt 0.265131 0.529665
vt 0.262741 0.519052
vt 0.266439 0.532702
vt 0.264650 0.521741
vt 0.265226 0.522697
vt 0.266241 0.524191
vt 0.267700 0.527168
vt 0.264404 0.517114
vt 0.265645 0.516812
vt 0.266598 0.517342
vt 0.268005 0.518609
vt 0.265161 0.510508
vt 0.266238 0.510555
vt 0.267578 0.510635
vt 0.268568 0.513353
vt 0.263529 0.504632
vt 0.265114 0.504416
vt 0.266105 0.503787
vt 0.267534 0.503433
vt 0.269853 0.525702
vt 0.269673 0.518362
vt 0.271028 0.517768
vt 0.269344 0.506619
vt 0.270235 0.510721
vt 0.272373 0.512029
vt 0.271420 0.504082
vt 0.274192 0.504394
vt 0.277266 0.510412
vt 0.278313 0.503178
vt 0.252139 0.559297
vt 0.252067 0.566780
vt 0.251945 0.545926
vt 0.256301 0.558933
vt 0.256331 0.565525
vt 0.255805 0.544832
vt 0.260559 0.559486
vt 0.261340 0.569432
vt 0.260025 0.550292
vt 0.260858 0.542073
vt 0.265423 0.561974
vt 0.266423 0.570632
vt 0.262543 0.549118
vt 0.265046 0.555496
vt 0.264082 0.538096
vt 0.265632 0.548400
vt 0.268282 0.560082
vt 0.270946 0.568544
vt 0.274621 0.572531
vt 0.268707 0.549489
vt 0.271740 0.560444
vt 0.268460 0.542762
vt 0.274952 0.565390
vt 0.271872 0.551042
vt 0.274470 0.555552
vt 0.275914 0.560788
vt 0.270518 0.540265
vt 0.272786 0.545104
vt 0.275474 0.549742
vt 0.269520 0.530398
vt 0.273268 0.537486
vt 0.279636 0.565300
vt 0.278146 0.552936
vt 0.280271 0.559439
vt 0.277316 0.543522
vt 0.281802 0.551270
vt 0.274695 0.532703
vt 0.277891 0.538173
vt 0.276354 0.526259
vt 0.277855 0.519398
vt 0.284308 0.557768
vt 0.280764 0.543347
vt 0.285062 0.550609
vt 0.287551 0.554913
vt 0.279217 0.532765
vt 0.282299 0.538106
vt 0.285850 0.543192
vt 0.280614 0.527277
vt 0.283864 0.532509
vt 0.280935 0.520330
vt 0.280632 0.511475
vt 0.275782 0.576333
vt 0.281175 0.582556
vt 0.281046 0.570342
vt 0.284270 0.578364
vt 0.286646 0.581195
vt 0.284872 0.563220
vt 0.285244 0.567812
vt 0.292194 0.570754
vt 0.294123 0.575690
vt 0.292649 0.583279
vt 0.300646 0.590582
vt 0.289930 0.560796
vt 0.291984 0.565756
vt 0.297059 0.579584
vt 0.298924 0.563672
vt 0.321665 0.657372
vt 0.305878 0.617699
vt 0.315487 0.633453
vt 0.327349 0.652451
vt 0.306715 0.608603
vt 0.316996 0.616905
vt 0.328618 0.641214
vt 0.334110 0.626273
vt 0.337043 0.639325
vt 0.380530 0.764468
vt 0.340728 0.694997
vt 0.355193 0.711172
vt 0.373896 0.743424
vt 0.331910 0.664445
vt 0.387424 0.738240
vt 0.352945 0.687861
vt 0.370440 0.705951
vt 0.338248 0.653727
vt 0.359918 0.680784
vt 0.370590 0.689723
vt 0.360129 0.660364
vt 0.410132 0.692463
vt 0.349207 0.640728
vt 0.394294 0.671865
vt 0.368593 0.642994
vt 0.379189 0.654775
vt 0.418723 0.791080
vt 0.409730 0.770191
vt 0.473864 0.793024
vt 0.426874 0.763492
vt 0.486898 0.779508
vt 0.406014 0.730146
vt 0.424370 0.746751
vt 0.477633 0.763835
vt 0.432661 0.734786
vt 0.488116 0.745438
vt 0.432512 0.708676
vt 0.461783 0.699220
vt 0.490090 0.701783
vt 0.409342 0.674750
vt 0.427880 0.687112
vt 0.427987 0.672781
vt 0.447563 0.680756
vt 0.484216 0.683569
vt 0.502335 0.682999
vt 0.289499 0.547279
vt 0.287191 0.537101
vt 0.289347 0.540986
vt 0.284435 0.525966
vt 0.287215 0.529952
vt 0.289642 0.533751
vt 0.283319 0.518302
vt 0.287462 0.521207
vt 0.283351 0.511139
vt 0.287401 0.511251
vt 0.282205 0.503803
vt 0.288138 0.504571
vt 0.292776 0.537776
vt 0.290424 0.527289
vt 0.293762 0.532585
vt 0.289379 0.519162
vt 0.294073 0.521628
vt 0.297044 0.526353
vt 0.289499 0.513150
vt 0.294595 0.514410
vt 0.293635 0.504850
vt 0.297683 0.517595
vt 0.296211 0.511880
vt 0.294931 0.502697
vt 0.299324 0.504876
vt 0.292709 0.560561
vt 0.298844 0.570592
vt 0.307606 0.585252
vt 0.291728 0.552572
vt 0.296942 0.560179
vt 0.303239 0.567310
vt 0.294166 0.542104
vt 0.295661 0.548954
vt 0.301582 0.548427
vt 0.303354 0.549973
vt 0.305401 0.553317
vt 0.306129 0.563033
vt 0.297681 0.539015
vt 0.299632 0.540756
vt 0.310371 0.553934
vt 0.299296 0.530215
vt 0.302445 0.539120
vt 0.306545 0.536928
vt 0.307965 0.541963
vt 0.311386 0.542309
vt 0.313254 0.529970
vt 0.302921 0.530873
vt 0.299702 0.522889
vt 0.302900 0.523168
vt 0.305909 0.523877
vt 0.310231 0.526545
vt 0.302569 0.514593
vt 0.305781 0.511497
vt 0.307515 0.512296
vt 0.309281 0.511328
vt 0.310162 0.516777
vt 0.313229 0.508231
vt 0.314541 0.517938
vt 0.303747 0.504413
vt 0.311172 0.500806
vt 0.315686 0.506005
vt 0.304680 0.500509
vt 0.307958 0.501690
vt 0.311501 0.600944
vt 0.315395 0.597070
vt 0.325749 0.608999
vt 0.314592 0.584156
vt 0.318623 0.572243
vt 0.324411 0.597023
vt 0.340983 0.616478
vt 0.324532 0.587148
vt 0.342660 0.604186
vt 0.331344 0.573893
vt 0.314064 0.546080
vt 0.326119 0.561420
vt 0.327423 0.548333
vt 0.317021 0.530759
vt 0.318174 0.516744
vt 0.318952 0.506042
vt 0.340371 0.591309
vt 0.344523 0.584689
vt 0.332064 0.561852
vt 0.349195 0.570956
vt 0.325619 0.535049
vt 0.343557 0.535859
vt 0.325977 0.519851
vt 0.339565 0.520758
vt 0.322267 0.505226
vt 0.339785 0.506845
vt 0.361069 0.573056
vt 0.346427 0.551812
vt 0.354886 0.538696
vt 0.352497 0.522682
vt 0.353431 0.507648
vt 0.360721 0.626352
vt 0.380328 0.642177
vt 0.392832 0.651258
vt 0.406192 0.661688
vt 0.361188 0.611468
vt 0.376217 0.623574
vt 0.362287 0.594919
vt 0.382128 0.628564
vt 0.388380 0.633855
vt 0.397540 0.638193
vt 0.409880 0.651285
vt 0.368879 0.615838
vt 0.374104 0.608416
vt 0.382243 0.615740
vt 0.390454 0.623818
vt 0.396285 0.628658
vt 0.360204 0.584796
vt 0.367406 0.591952
vt 0.375902 0.593986
vt 0.381654 0.601504
vt 0.368608 0.575612
vt 0.375311 0.577399
vt 0.368942 0.557804
vt 0.375155 0.562281
vt 0.371163 0.543467
vt 0.369096 0.523541
vt 0.369007 0.506892
vt 0.404911 0.630886
vt 0.411611 0.636559
vt 0.390233 0.607217
vt 0.395635 0.616322
vt 0.401742 0.623363
vt 0.381508 0.588587
vt 0.387344 0.593720
vt 0.381663 0.576533
vt 0.389512 0.577229
vt 0.395366 0.570911
vt 0.380869 0.561360
vt 0.388203 0.561510
vt 0.396453 0.560873
vt 0.402929 0.557365
vt 0.376761 0.546271
vt 0.379166 0.544195
vt 0.387203 0.544839
vt 0.395536 0.545410
vt 0.408808 0.545317
vt 0.385582 0.528731
vt 0.403550 0.526656
vt 0.416733 0.527213
vt 0.409337 0.623260
vt 0.414918 0.627247
vt 0.400833 0.598132
vt 0.401332 0.609623
vt 0.394818 0.592082
vt 0.396189 0.581566
vt 0.400912 0.573522
vt 0.406573 0.569351
vt 0.401699 0.566209
vt 0.408520 0.562868
vt 0.417491 0.560047
vt 0.409247 0.554614
vt 0.419679 0.552025
vt 0.406245 0.600976
vt 0.412126 0.610164
vt 0.417711 0.616237
vt 0.400116 0.590662
vt 0.405592 0.589417
vt 0.400461 0.583439
vt 0.406227 0.578977
vt 0.410872 0.571517
vt 0.415549 0.567261
vt 0.421271 0.563522
vt 0.428931 0.660217
vt 0.453083 0.667629
vt 0.488657 0.671094
vt 0.419747 0.642670
vt 0.433575 0.649642
vt 0.453533 0.655563
vt 0.471492 0.656773
vt 0.484088 0.655740
vt 0.493840 0.658185
vt 0.489801 0.649844
vt 0.496252 0.649126
vt 0.425644 0.541218
vt 0.440611 0.542175
vt 0.455416 0.543567
vt 0.432749 0.527839
vt 0.455314 0.537354
vt 0.431858 0.511252
vt 0.423881 0.632866
vt 0.432386 0.637762
vt 0.441521 0.641541
vt 0.450348 0.642549
vt 0.468513 0.647143
vt 0.484632 0.644855
vt 0.495020 0.637190
vt 0.491657 0.644942
vt 0.425955 0.558443
vt 0.438133 0.557470
vt 0.462500 0.557902
vt 0.480647 0.560056
vt 0.495208 0.564717
vt 0.432717 0.551254
vt 0.450212 0.551070
vt 0.460863 0.547756
vt 0.472595 0.548528
vt 0.483664 0.549867
vt 0.494996 0.551749
vt 0.457124 0.514018
vt 0.460290 0.531460
vt 0.478983 0.530932
vt 0.494586 0.532742
vt 0.481227 0.510137
vt 0.500757 0.513881
vt 0.464006 0.637914
vt 0.474500 0.638187
vt 0.431328 0.561029
vt 0.449910 0.559981
vt 0.465055 0.560974
vt 0.480119 0.563501
vt 0.494979 0.568767
vt 0.430100 0.613478
vt 0.416564 0.593490
vt 0.417173 0.603639
vt 0.421638 0.609556
vt 0.416414 0.585526
vt 0.425423 0.567594
vt 0.424951 0.565347
vt 0.421444 0.595493
vt 0.421014 0.584436
vt 0.416310 0.579108
vt 0.421323 0.574873
vt 0.432239 0.597716
vt 0.430575 0.580643
vt 0.431617 0.567200
vt 0.437964 0.561843
vt 0.430751 0.587319
vt 0.435558 0.589618
vt 0.434945 0.579674
vt 0.430558 0.574593
vt 0.435281 0.570552
vt 0.439808 0.585840
vt 0.439977 0.578212
vt 0.440533 0.570169
vt 0.442869 0.574596
vt 0.443309 0.570168
vt 0.435861 0.622306
vt 0.451091 0.624918
vt 0.486471 0.628041
vt 0.494180 0.630137
vt 0.431531 0.562500
vt 0.443285 0.560064
vt 0.455518 0.559499
vt 0.465365 0.559859
vt 0.480179 0.562151
vt 0.494981 0.566620
vt 0.442376 0.610152
vt 0.454796 0.611113
vt 0.465649 0.619510
vt 0.476900 0.622271
vt 0.502583 0.615809
vt 0.438707 0.604284
vt 0.449230 0.557463
vt 0.474932 0.557403
vt 0.485695 0.558813
vt 0.496204 0.559471
vt 0.487320 0.616281
vt 0.495916 0.616247
vt 0.446647 0.602285
vt 0.438553 0.563559
vt 0.456982 0.555308
vt 0.464643 0.553942
vt 0.476128 0.552397
vt 0.452158 0.603911
vt 0.464635 0.608507
vt 0.474082 0.609401
vt 0.441211 0.596271
vt 0.479706 0.553272
vt 0.487598 0.552853
vt 0.495933 0.553773
vt 0.466906 0.597919
vt 0.485297 0.606463
vt 0.500886 0.601642
vt 0.444658 0.588978
vt 0.450947 0.596217
vt 0.460098 0.594662
vt 0.443359 0.581182
vt 0.444665 0.563663
vt 0.451179 0.560244
vt 0.448596 0.558777
vt 0.458465 0.554919
vt 0.467423 0.552481
vt 0.474609 0.551014
vt 0.474357 0.601689
vt 0.482084 0.600382
vt 0.448912 0.583828
vt 0.453843 0.589245
vt 0.467309 0.592685
vt 0.446385 0.576086
vt 0.447478 0.567217
vt 0.459011 0.557667
vt 0.459598 0.555664
vt 0.481607 0.549726
vt 0.488761 0.549348
vt 0.495976 0.549255
vt 0.482683 0.591536
vt 0.489876 0.596138
vt 0.496294 0.596885
vt 0.451728 0.579976
vt 0.456278 0.581533
vt 0.461898 0.587116
vt 0.475501 0.589650
vt 0.450857 0.573978
vt 0.455385 0.572456
vt 0.451141 0.567952
vt 0.455831 0.564101
vt 0.469353 0.552305
vt 0.475982 0.550503
vt 0.459738 0.577623
vt 0.464017 0.580026
vt 0.469707 0.584862
vt 0.483301 0.586736
vt 0.459789 0.570776
vt 0.462905 0.573284
vt 0.460322 0.563805
vt 0.464216 0.558233
vt 0.470978 0.555392
vt 0.467709 0.553929
vt 0.483418 0.548993
vt 0.489860 0.548085
vt 0.496530 0.547437
vt 0.492489 0.587300
vt 0.501084 0.586588
vt 0.466892 0.575903
vt 0.471459 0.577939
vt 0.477269 0.582730
vt 0.490387 0.584381
vt 0.462394 0.567614
vt 0.465882 0.569150
vt 0.469619 0.571469
vt 0.462684 0.563857
vt 0.466455 0.561495
vt 0.476779 0.553709
vt 0.476674 0.551644
vt 0.491698 0.547646
vt 0.474625 0.573344
vt 0.478938 0.577183
vt 0.484412 0.579973
vt 0.501004 0.580441
vt 0.468879 0.565875
vt 0.472294 0.567145
vt 0.469333 0.561979
vt 0.473481 0.559690
vt 0.484293 0.551251
vt 0.490052 0.549675
vt 0.480532 0.551228
vt 0.487375 0.548852
vt 0.476679 0.570319
vt 0.480066 0.571528
vt 0.485176 0.573049
vt 0.491046 0.576320
vt 0.497058 0.578148
vt 0.476185 0.565675
vt 0.480442 0.564791
vt 0.483742 0.567096
vt 0.476497 0.560769
vt 0.480658 0.557976
vt 0.485458 0.553508
vt 0.495050 0.548630
vt 0.496119 0.547574
vt 0.487566 0.568975
vt 0.491741 0.570073
vt 0.497354 0.572611
vt 0.483060 0.561955
vt 0.486432 0.563207
vt 0.489859 0.564914
vt 0.483265 0.558432
vt 0.486977 0.556547
vt 0.491677 0.552567
vt 0.497288 0.549752
vt 0.501833 0.547191
vt 0.493786 0.566180
vt 0.498086 0.566552
vt 0.489010 0.560267
vt 0.492133 0.561345
vt 0.496727 0.560190
vt 0.489241 0.557073
vt 0.497216 0.554054
vt 0.500322 0.563557
vt 0.499931 0.559366
vt 0.500150 0.555304
vt 0.736384 0.894379
vt 0.742856 0.862395
vt 0.697255 0.913215
vt 0.717913 0.874145
vt 0.687224 0.894981
vt 0.572914 0.931508
vt 0.679001 0.883858
vt 0.701393 0.834900
vt 0.560103 0.918528
vt 0.665807 0.859849
vt 0.630851 0.865489
vt 0.659174 0.835010
vt 0.616707 0.855378
vt 0.656378 0.818108
vt 0.607231 0.843604
vt 0.645989 0.815206
vt 0.532842 0.854542
vt 0.618751 0.816915
vt 0.579823 0.824246
vt 0.617518 0.799945
vt 0.527666 0.824060
vt 0.594763 0.800545
vt 0.621219 0.783075
vt 0.742673 0.792621
vt 0.744972 0.749783
vt 0.745233 0.718186
vt 0.727842 0.793878
vt 0.734289 0.751806
vt 0.735370 0.721778
vt 0.716015 0.784927
vt 0.721537 0.757994
vt 0.726126 0.718014
vt 0.698162 0.796181
vt 0.708932 0.767212
vt 0.717474 0.711386
vt 0.693357 0.782885
vt 0.691910 0.769319
vt 0.706708 0.718540
vt 0.705374 0.710332
vt 0.676757 0.763537
vt 0.692170 0.735749
vt 0.680468 0.738315
vt 0.697107 0.708070
vt 0.666287 0.762416
vt 0.663786 0.750065
vt 0.670096 0.726275
vt 0.691441 0.693023
vt 0.683281 0.696136
vt 0.649685 0.745967
vt 0.640738 0.736882
vt 0.657481 0.713653
vt 0.675733 0.693720
vt 0.677645 0.673556
vt 0.746477 0.691025
vt 0.746434 0.659716
vt 0.747041 0.631856
vt 0.738004 0.694772
vt 0.739309 0.660404
vt 0.741518 0.632349
vt 0.728958 0.698920
vt 0.733211 0.660175
vt 0.733192 0.644623
vt 0.718856 0.697719
vt 0.726199 0.662500
vt 0.720521 0.665277
vt 0.726623 0.638387
vt 0.712417 0.683892
vt 0.716823 0.654679
vt 0.722013 0.641210
vt 0.722730 0.618370
vt 0.708588 0.678469
vt 0.702191 0.678207
vt 0.713513 0.645850
vt 0.702608 0.649503
vt 0.711495 0.639475
vt 0.717190 0.618831
vt 0.695935 0.671706
vt 0.707889 0.630038
vt 0.705987 0.623468
vt 0.710432 0.600215
vt 0.688561 0.669247
vt 0.686585 0.661693
vt 0.698363 0.634678
vt 0.693244 0.634779
vt 0.698858 0.620430
vt 0.694442 0.611699
vt 0.705468 0.598371
vt 0.747191 0.614482
vt 0.747418 0.596376
vt 0.747487 0.580383
vt 0.741400 0.614890
vt 0.742098 0.595686
vt 0.742465 0.578755
vt 0.735037 0.632545
vt 0.736971 0.613381
vt 0.736734 0.596247
vt 0.737736 0.578704
vt 0.728376 0.616892
vt 0.732319 0.613129
vt 0.730000 0.607838
vt 0.731231 0.597054
vt 0.732890 0.583101
vt 0.724721 0.599092
vt 0.727977 0.582399
vt 0.717407 0.602504
vt 0.721029 0.588739
vt 0.711937 0.607638
vt 0.704949 0.588414
vt 0.747589 0.574419
vt 0.742810 0.573431
vt 0.737793 0.569251
vt 0.733539 0.571413
vt 0.732232 0.564663
vt 0.730141 0.558761
vt 0.726069 0.579458
vt 0.729554 0.570612
vt 0.728739 0.562485
vt 0.726717 0.554765
vt 0.715592 0.583422
vt 0.722181 0.575756
vt 0.720428 0.569739
vt 0.724365 0.560782
vt 0.723798 0.553047
vt 0.722203 0.545069
vt 0.710760 0.588779
vt 0.711487 0.575266
vt 0.717002 0.564789
vt 0.715485 0.558711
vt 0.719621 0.550263
vt 0.716542 0.546998
vt 0.720895 0.539805
vt 0.714802 0.534770
vt 0.718608 0.533919
vt 0.716931 0.524067
vt 0.716536 0.514355
vt 0.716238 0.504805
vt 0.702313 0.580576
vt 0.708725 0.570836
vt 0.704662 0.561227
vt 0.711845 0.556518
vt 0.706489 0.547156
vt 0.712920 0.545185
vt 0.707215 0.535784
vt 0.707797 0.526038
vt 0.708323 0.515400
vt 0.712758 0.515410
vt 0.708522 0.504582
vt 0.712646 0.505239
vt 0.747741 0.569758
vt 0.747813 0.566083
vt 0.748885 0.562402
vt 0.747834 0.560509
vt 0.748092 0.552215
vt 0.743296 0.568697
vt 0.744082 0.564851
vt 0.743380 0.558709
vt 0.744087 0.552296
vt 0.745328 0.547334
vt 0.744422 0.545108
vt 0.740879 0.566525
vt 0.738062 0.564508
vt 0.739016 0.560854
vt 0.739870 0.552398
vt 0.741775 0.548503
vt 0.738475 0.547733
vt 0.740723 0.544227
vt 0.734225 0.560664
vt 0.735422 0.557218
vt 0.736813 0.552370
vt 0.731369 0.556138
vt 0.732562 0.552900
vt 0.735196 0.548018
vt 0.735916 0.543813
vt 0.737612 0.540830
vt 0.734208 0.539907
vt 0.735152 0.536971
vt 0.728660 0.551768
vt 0.730187 0.548696
vt 0.732828 0.540569
vt 0.726445 0.546457
vt 0.727948 0.543627
vt 0.729896 0.538772
vt 0.732247 0.527279
vt 0.729668 0.530672
vt 0.724161 0.540989
vt 0.725963 0.538390
vt 0.728121 0.533991
vt 0.722142 0.533186
vt 0.723775 0.531146
vt 0.725515 0.530063
vt 0.727237 0.526714
vt 0.728559 0.526364
vt 0.730935 0.525306
vt 0.724478 0.524126
vt 0.725183 0.523718
vt 0.725702 0.522976
vt 0.726155 0.522240
vt 0.727031 0.521905
vt 0.719820 0.523292
vt 0.721371 0.520214
vt 0.722338 0.518836
vt 0.722866 0.518400
vt 0.723053 0.518421
vt 0.723211 0.518802
vt 0.722771 0.518712
vt 0.723705 0.519458
vt 0.718846 0.513866
vt 0.720382 0.512752
vt 0.721083 0.512211
vt 0.721137 0.512845
vt 0.720466 0.513495
vt 0.720812 0.515880
vt 0.721149 0.516798
vt 0.718363 0.504649
vt 0.719700 0.504382
vt 0.719831 0.504375
vt 0.719449 0.507641
vt 0.719420 0.509628
vt 0.719042 0.516168
vt 0.718726 0.517292
vt 0.719837 0.518454
vt 0.717757 0.507953
vt 0.717136 0.511309
vt 0.717839 0.514883
vt 0.718438 0.502114
vt 0.716854 0.504154
vt 0.748280 0.547370
vt 0.748291 0.540398
vt 0.748343 0.536765
vt 0.748470 0.528342
vt 0.748458 0.522005
vt 0.748009 0.516385
vt 0.745635 0.536766
vt 0.744773 0.535049
vt 0.745359 0.528257
vt 0.746016 0.527346
vt 0.745191 0.518866
vt 0.743579 0.520633
vt 0.745094 0.511818
vt 0.742107 0.537976
vt 0.739430 0.535857
vt 0.741575 0.533981
vt 0.742501 0.528390
vt 0.739621 0.524075
vt 0.740102 0.521121
vt 0.740946 0.519639
vt 0.742694 0.514762
vt 0.741864 0.512467
vt 0.737294 0.534780
vt 0.737485 0.524169
vt 0.735501 0.527650
vt 0.736166 0.521756
vt 0.737264 0.520374
vt 0.737641 0.517785
vt 0.738442 0.514861
vt 0.736367 0.513917
vt 0.738248 0.512427
vt 0.733443 0.525604
vt 0.734382 0.524100
vt 0.730763 0.523719
vt 0.731962 0.521700
vt 0.733542 0.520510
vt 0.733911 0.518653
vt 0.734268 0.516843
vt 0.734491 0.515102
vt 0.732738 0.512267
vt 0.728323 0.521846
vt 0.728604 0.520657
vt 0.730675 0.519017
vt 0.730483 0.517573
vt 0.731402 0.516347
vt 0.724583 0.519740
vt 0.725178 0.519491
vt 0.726684 0.518527
vt 0.726111 0.513925
vt 0.726590 0.512415
vt 0.720521 0.518995
vt 0.722684 0.519137
vt 0.718188 0.517663
vt 0.719694 0.516549
vt 0.722511 0.515293
vt 0.748484 0.508490
vt 0.747708 0.505408
vt 0.748477 0.502254
vt 0.745217 0.507424
vt 0.744905 0.502789
vt 0.743421 0.501065
vt 0.742138 0.509665
vt 0.741608 0.506877
vt 0.741782 0.504036
vt 0.741122 0.501468
vt 0.738625 0.507466
vt 0.737399 0.504827
vt 0.733433 0.510316
vt 0.734013 0.507946
vt 0.734712 0.501814
vt 0.730722 0.505297
vt 0.726952 0.510519
vt 0.727335 0.508056
vt 0.728261 0.501855
vt 0.724434 0.505045
vt 0.513932 0.803537
vt 0.581687 0.790996
vt 0.620061 0.764639
vt 0.577150 0.777154
vt 0.607392 0.750496
vt 0.524675 0.777978
vt 0.580310 0.759857
vt 0.520067 0.764080
vt 0.585973 0.741010
vt 0.512317 0.749932
vt 0.567091 0.735541
vt 0.595159 0.719162
vt 0.514520 0.727759
vt 0.565246 0.720529
vt 0.591218 0.698330
vt 0.563328 0.707085
vt 0.515054 0.701377
vt 0.567558 0.679468
vt 0.588685 0.679597
vt 0.529232 0.685400
vt 0.541929 0.672539
vt 0.642242 0.712359
vt 0.665722 0.678895
vt 0.673008 0.652744
vt 0.629992 0.706715
vt 0.647431 0.686827
vt 0.664577 0.658002
vt 0.645409 0.666439
vt 0.665121 0.636627
vt 0.632169 0.689299
vt 0.627973 0.681800
vt 0.624640 0.667610
vt 0.642764 0.648068
vt 0.665022 0.623609
vt 0.622820 0.653209
vt 0.638862 0.639545
vt 0.678613 0.657411
vt 0.689707 0.626076
vt 0.682904 0.617282
vt 0.671514 0.642113
vt 0.585025 0.665500
vt 0.506412 0.668657
vt 0.519268 0.669679
vt 0.531504 0.668185
vt 0.573060 0.648086
vt 0.510642 0.656924
vt 0.519555 0.654125
vt 0.536175 0.642303
vt 0.545585 0.636323
vt 0.611993 0.620687
vt 0.580461 0.618638
vt 0.502070 0.658020
vt 0.506314 0.647683
vt 0.518054 0.637662
vt 0.528784 0.635495
vt 0.522038 0.622741
vt 0.529198 0.617409
vt 0.541161 0.620097
vt 0.552534 0.615316
vt 0.576367 0.608227
vt 0.530339 0.597599
vt 0.540668 0.598222
vt 0.550733 0.589024
vt 0.579147 0.590630
vt 0.512515 0.568730
vt 0.518673 0.571846
vt 0.527879 0.578083
vt 0.539590 0.577040
vt 0.571837 0.571390
vt 0.508387 0.554886
vt 0.518965 0.560870
vt 0.528218 0.560278
vt 0.544760 0.559231
vt 0.571334 0.551686
vt 0.558952 0.527116
vt 0.600210 0.528785
vt 0.606930 0.508998
vt 0.505436 0.636787
vt 0.514271 0.626897
vt 0.519066 0.611867
vt 0.523941 0.608657
vt 0.511474 0.582579
vt 0.517096 0.592065
vt 0.523529 0.595689
vt 0.507674 0.571697
vt 0.516347 0.580012
vt 0.522626 0.584341
vt 0.516378 0.542911
vt 0.526650 0.535619
vt 0.562643 0.507142
vt 0.505373 0.630234
vt 0.514490 0.619752
vt 0.519147 0.612339
vt 0.517828 0.606843
vt 0.520837 0.603985
vt 0.510581 0.582732
vt 0.515598 0.589508
vt 0.520029 0.594026
vt 0.505369 0.575185
vt 0.510685 0.579891
vt 0.656787 0.612282
vt 0.612062 0.637146
vt 0.627113 0.628764
vt 0.645358 0.620837
vt 0.646316 0.606008
vt 0.645282 0.583148
vt 0.647171 0.570800
vt 0.634238 0.601839
vt 0.618396 0.597548
vt 0.606415 0.591087
vt 0.619758 0.577442
vt 0.619559 0.560476
vt 0.648125 0.555133
vt 0.625528 0.543050
vt 0.645760 0.538211
vt 0.630756 0.524025
vt 0.647498 0.522352
vt 0.631643 0.508128
vt 0.646406 0.507649
vt 0.608771 0.575777
vt 0.603815 0.563927
vt 0.607127 0.545329
vt 0.615643 0.526451
vt 0.687318 0.604803
vt 0.694849 0.593476
vt 0.695391 0.581453
vt 0.683465 0.599081
vt 0.677875 0.588091
vt 0.687955 0.582295
vt 0.682707 0.570628
vt 0.684026 0.558180
vt 0.669088 0.607251
vt 0.669222 0.593891
vt 0.672880 0.574762
vt 0.670728 0.561354
vt 0.687067 0.544243
vt 0.674108 0.545829
vt 0.675250 0.532417
vt 0.676886 0.519009
vt 0.679016 0.504998
vt 0.660093 0.590586
vt 0.662895 0.577764
vt 0.653562 0.563348
vt 0.655615 0.546957
vt 0.657390 0.535313
vt 0.660407 0.520620
vt 0.660621 0.506958
vt 0.670809 0.506597
vt 0.701467 0.571382
vt 0.696166 0.563070
vt 0.705457 0.554463
vt 0.696820 0.551782
vt 0.698141 0.538947
vt 0.699943 0.526570
vt 0.700782 0.515966
vt 0.700574 0.505167
vt 0.689940 0.528417
vt 0.690138 0.517538
vt 0.690335 0.506248
vt 0.712587 0.508141
vt 0.713196 0.511989
vt 0.714024 0.514655
vt 0.712502 0.503183
vt 0.707479 0.516620
vt 0.708130 0.517806
vt 0.709077 0.518643
vt 0.708649 0.508669
vt 0.704989 0.515273
vt 0.705674 0.501348
vt 0.707795 0.503255
vt 0.701260 0.509931
vt 0.705386 0.512934
vt 0.702855 0.502053
vt 0.703859 0.505582
vt 0.701264 0.516739
vt 0.701818 0.517815
vt 0.702692 0.518526
vt 0.699777 0.513200
vt 0.699841 0.506517
vt 0.696494 0.510526
vt 0.696519 0.515320
vt 0.693198 0.502517
vt 0.693913 0.506984
vt 0.693743 0.516410
vt 0.694539 0.517248
vt 0.695293 0.517812
vt 0.690622 0.510373
vt 0.691757 0.513132
vt 0.688915 0.514743
vt 0.687461 0.502447
vt 0.686230 0.506760
vt 0.685679 0.515038
vt 0.687233 0.516044
vt 0.689492 0.516799
vt 0.682742 0.509562
vt 0.684150 0.512264
vt 0.681249 0.502131
vt 0.712081 0.519274
vt 0.712043 0.519053
vt 0.713556 0.518507
vt 0.718455 0.513806
vt 0.719736 0.512231
vt 0.714279 0.514869
vt 0.705838 0.519068
vt 0.711005 0.517287
vt 0.712412 0.516142
vt 0.712683 0.511670
vt 0.704746 0.518896
vt 0.711715 0.512984
vt 0.702538 0.518116
vt 0.703424 0.517398
vt 0.704545 0.516409
vt 0.705173 0.515028
vt 0.705550 0.513443
vt 0.704483 0.512060
vt 0.709134 0.510983
vt 0.696533 0.518088
vt 0.697761 0.517995
vt 0.705310 0.509443
vt 0.695552 0.516853
vt 0.695133 0.515668
vt 0.697645 0.514944
vt 0.698201 0.513491
vt 0.698656 0.512314
vt 0.690634 0.516951
vt 0.689212 0.516131
vt 0.697347 0.509614
vt 0.699065 0.506902
vt 0.699232 0.504184
vt 0.719884 0.510156
vt 0.721280 0.507666
vt 0.721254 0.501484
vt 0.720055 0.504083
vt 0.713614 0.509184
vt 0.717340 0.506412
vt 0.717146 0.502368
vt 0.718651 0.500973
vt 0.710984 0.502516
vt 0.709813 0.507705
vt 0.711275 0.505601
vt 0.707654 0.504428
vt 0.706131 0.506925
vt 0.705990 0.501037
vt 0.704274 0.502350
vt 0.701458 0.505438
vt 0.700886 0.502304
vt 0.505781 0.622096
vt 0.507400 0.625073
vt 0.514293 0.618633
vt 0.520248 0.610634
vt 0.523607 0.600370
vt 0.526273 0.594990
vt 0.516712 0.581646
vt 0.522053 0.588340
vt 0.525569 0.589279
vt 0.503925 0.570638
vt 0.511095 0.575125
vt 0.514574 0.614274
vt 0.521660 0.607887
vt 0.525693 0.601117
vt 0.524850 0.601624
vt 0.527204 0.594768
vt 0.517163 0.575757
vt 0.520622 0.576752
vt 0.526199 0.585012
vt 0.506970 0.565325
vt 0.512535 0.569793
vt 0.517415 0.569108
vt 0.514961 0.607976
vt 0.521305 0.606104
vt 0.526365 0.598822
vt 0.529228 0.589738
vt 0.531207 0.584754
vt 0.527873 0.579292
vt 0.530564 0.579847
vt 0.503705 0.558110
vt 0.513623 0.605386
vt 0.521045 0.603401
vt 0.527129 0.596159
vt 0.530063 0.590250
vt 0.529938 0.590523
vt 0.531499 0.584765
vt 0.522613 0.566663
vt 0.527457 0.571573
vt 0.511454 0.559640
vt 0.518498 0.561756
vt 0.507743 0.602347
vt 0.520096 0.599536
vt 0.525872 0.595064
vt 0.531933 0.580925
vt 0.526522 0.565437
vt 0.530714 0.572585
vt 0.503836 0.553955
vt 0.514858 0.556082
vt 0.522819 0.558770
vt 0.515684 0.597686
vt 0.525375 0.591195
vt 0.530136 0.585857
vt 0.532760 0.577577
vt 0.534115 0.573615
vt 0.527051 0.561921
vt 0.531465 0.568459
vt 0.533589 0.569513
vt 0.503907 0.549769
vt 0.510848 0.551186
vt 0.513505 0.592343
vt 0.519670 0.591301
vt 0.530336 0.583305
vt 0.532702 0.578385
vt 0.532943 0.578552
vt 0.533937 0.573851
vt 0.526556 0.558103
vt 0.530621 0.562671
vt 0.532907 0.565395
vt 0.516456 0.551510
vt 0.521987 0.554864
vt 0.507355 0.587266
vt 0.511998 0.589505
vt 0.523758 0.586610
vt 0.528461 0.581448
vt 0.531748 0.575835
vt 0.533105 0.569390
vt 0.525735 0.555048
vt 0.529198 0.557600
vt 0.503354 0.548087
vt 0.509769 0.548304
vt 0.520792 0.551412
vt 0.682190 0.514518
vt 0.680559 0.505910
vt 0.681870 0.514809
vt 0.681812 0.514805
vt 0.678050 0.508342
vt 0.677609 0.510537
vt 0.679131 0.512722
vt 0.677148 0.501686
vt 0.677284 0.504875
vt 0.673248 0.506638
vt 0.676743 0.512488
vt 0.675238 0.501164
vt 0.674413 0.502773
vt 0.672633 0.507995
vt 0.673886 0.510314
vt 0.674860 0.511459
vt 0.671597 0.502762
vt 0.670818 0.504966
vt 0.670544 0.506840
vt 0.669297 0.507658
vt 0.672240 0.510012
vt 0.669750 0.501584
vt 0.668966 0.503188
vt 0.667487 0.505183
vt 0.669421 0.508032
vt 0.671189 0.508967
vt 0.665646 0.500983
vt 0.667499 0.505955
vt 0.668181 0.506672
vt 0.669223 0.507036
vt 0.665615 0.501895
vt 0.666582 0.504279
vt 0.667625 0.504557
vt 0.664884 0.500843
vt 0.665492 0.501386
vt 0.666624 0.501568
vt 0.689141 0.515150
vt 0.692596 0.513472
vt 0.690962 0.512085
vt 0.694700 0.511417
vt 0.697112 0.502438
vt 0.683606 0.515008
vt 0.688005 0.513565
vt 0.687230 0.512554
vt 0.691604 0.509696
vt 0.692206 0.506614
vt 0.694463 0.505447
vt 0.692157 0.504228
vt 0.693827 0.502342
vt 0.682182 0.513578
vt 0.685259 0.513520
vt 0.679120 0.513103
vt 0.687251 0.510049
vt 0.687581 0.507109
vt 0.687923 0.504611
vt 0.689890 0.502641
vt 0.691771 0.501308
vt 0.681188 0.511323
vt 0.682830 0.509981
vt 0.682106 0.507033
vt 0.683616 0.505289
vt 0.685437 0.502903
vt 0.687546 0.501455
vt 0.675412 0.510966
vt 0.676949 0.510514
vt 0.678443 0.509442
vt 0.679967 0.507803
vt 0.681319 0.504789
vt 0.672804 0.509096
vt 0.674343 0.508559
vt 0.675722 0.507128
vt 0.677553 0.506187
vt 0.675176 0.504404
vt 0.677213 0.502842
vt 0.680867 0.500893
vt 0.670682 0.507027
vt 0.672218 0.506536
vt 0.673511 0.505639
vt 0.669107 0.504489
vt 0.670830 0.503921
vt 0.672930 0.502472
vt 0.674897 0.501404
vt 0.668115 0.501559
vt 0.669702 0.501367
vt 0.671031 0.501014
vt 0.698872 0.501244
vt 0.515913 0.586335
vt 0.522515 0.581637
vt 0.524412 0.551832
vt 0.531671 0.561584
vt 0.502851 0.546913
vt 0.514502 0.548069
vt 0.526014 0.574734
vt 0.529666 0.570175
vt 0.530816 0.564024
vt 0.527437 0.554175
vt 0.529992 0.558123
vt 0.508849 0.546649
vt 0.519083 0.548484
vt 0.513040 0.575443
vt 0.514971 0.578448
vt 0.520632 0.576462
vt 0.515315 0.547220
vt 0.521014 0.549245
vt 0.524997 0.551955
vt 0.503219 0.546664
vt 0.503006 0.574232
vt 0.508719 0.574702
vt 0.519868 0.572522
vt 0.524629 0.569825
vt 0.527848 0.566401
vt 0.528923 0.561354
vt 0.503046 0.548296
vt 0.508577 0.547569
vt 0.512882 0.546991
vt 0.519509 0.549625
vt 0.527954 0.556031
vt 0.508404 0.546702
vt 0.503188 0.568997
vt 0.508504 0.569734
vt 0.513922 0.569547
vt 0.519154 0.568279
vt 0.523820 0.565581
vt 0.526726 0.564182
vt 0.524938 0.561259
vt 0.527070 0.559786
vt 0.503066 0.550823
vt 0.508493 0.549444
vt 0.513932 0.548882
vt 0.523598 0.552007
vt 0.526541 0.555203
vt 0.503706 0.564172
vt 0.508483 0.564438
vt 0.513538 0.564736
vt 0.518338 0.564117
vt 0.521888 0.562833
vt 0.508862 0.558092
vt 0.513499 0.559679
vt 0.518171 0.559496
vt 0.522609 0.558181
vt 0.525518 0.557319
vt 0.503666 0.553941
vt 0.508849 0.552697
vt 0.513675 0.550864
vt 0.518395 0.551181
vt 0.522456 0.553431
vt 0.525356 0.554818
vt 0.510843 0.555569
vt 0.513825 0.555802
vt 0.517677 0.555695
vt 0.520544 0.555447
vt 0.510867 0.553285
vt 0.513874 0.552794
vt 0.517725 0.552829
vt 0.520518 0.553415
vt 0.250695 0.501222
vt 0.251366 0.499665
vt 0.251414 0.497419
vt 0.251568 0.493905
vt 0.251602 0.490875
vt 0.253369 0.500274
vt 0.254120 0.498838
vt 0.254489 0.496088
vt 0.253710 0.494393
vt 0.254182 0.492281
vt 0.254572 0.490753
vt 0.256000 0.500061
vt 0.257324 0.497724
vt 0.258202 0.496098
vt 0.259301 0.494692
vt 0.256275 0.494360
vt 0.257052 0.492538
vt 0.259229 0.499927
vt 0.260743 0.498638
vt 0.251731 0.487638
vt 0.253482 0.486568
vt 0.250817 0.486617
vt 0.251471 0.485987
vt 0.251441 0.484297
vt 0.251598 0.481609
vt 0.251449 0.477840
vt 0.251615 0.472650
vt 0.251504 0.456382
vt 0.252047 0.445020
vt 0.255018 0.488350
vt 0.256120 0.486912
vt 0.256707 0.485547
vt 0.254067 0.485022
vt 0.255074 0.482387
vt 0.255362 0.478461
vt 0.255239 0.474741
vt 0.255855 0.463200
vt 0.255390 0.455072
vt 0.255300 0.446954
vt 0.255736 0.438653
vt 0.258465 0.490999
vt 0.258525 0.489188
vt 0.258956 0.487059
vt 0.260325 0.485562
vt 0.257713 0.483643
vt 0.259081 0.481046
vt 0.258730 0.474612
vt 0.259537 0.466488
vt 0.258650 0.462319
vt 0.260091 0.450712
vt 0.258907 0.447060
vt 0.261124 0.496666
vt 0.262835 0.496783
vt 0.263102 0.494790
vt 0.263789 0.493308
vt 0.260701 0.492747
vt 0.261461 0.490681
vt 0.262884 0.488116
vt 0.264631 0.485902
vt 0.262030 0.481288
vt 0.264904 0.479623
vt 0.262593 0.476484
vt 0.262200 0.468621
vt 0.264246 0.457604
vt 0.263178 0.452862
vt 0.264643 0.443115
vt 0.263812 0.499848
vt 0.264417 0.498903
vt 0.265301 0.496721
vt 0.267175 0.496244
vt 0.264931 0.491214
vt 0.266561 0.488677
vt 0.266751 0.481235
vt 0.267655 0.465759
vt 0.266821 0.460242
vt 0.268617 0.450527
vt 0.268641 0.440834
vt 0.269318 0.496038
vt 0.271568 0.496078
vt 0.269219 0.488692
vt 0.272680 0.488008
vt 0.270644 0.481312
vt 0.269076 0.474551
vt 0.272963 0.473552
vt 0.269291 0.468021
vt 0.271811 0.457836
vt 0.272761 0.449341
vt 0.271629 0.442883
vt 0.273773 0.495592
vt 0.278088 0.495395
vt 0.277606 0.488312
vt 0.275093 0.481103
vt 0.277242 0.473134
vt 0.273353 0.464184
vt 0.277466 0.465538
vt 0.276539 0.458190
vt 0.278399 0.480588
vt 0.277149 0.447376
vt 0.274954 0.441189
vt 0.278547 0.439317
vt 0.282065 0.495805
vt 0.281782 0.488146
vt 0.281950 0.479936
vt 0.282094 0.472147
vt 0.281825 0.464508
vt 0.279054 0.454647
vt 0.282580 0.455746
vt 0.281959 0.448791
vt 0.283796 0.444085
vt 0.282126 0.437507
vt 0.251862 0.434842
vt 0.251964 0.427645
vt 0.255994 0.428837
vt 0.260464 0.438360
vt 0.260553 0.429320
vt 0.264627 0.435084
vt 0.252027 0.420625
vt 0.252205 0.410634
vt 0.251983 0.403891
vt 0.252386 0.396598
vt 0.252129 0.386822
vt 0.252412 0.375167
vt 0.255849 0.418909
vt 0.256413 0.410378
vt 0.256413 0.398470
vt 0.259921 0.396604
vt 0.257188 0.392870
vt 0.256310 0.381287
vt 0.258648 0.378310
vt 0.260432 0.420630
vt 0.260919 0.414000
vt 0.261859 0.407468
vt 0.261077 0.399701
vt 0.261748 0.388159
vt 0.262345 0.380990
vt 0.266008 0.428755
vt 0.264558 0.424811
vt 0.265753 0.417746
vt 0.265129 0.408194
vt 0.265031 0.396352
vt 0.269110 0.394494
vt 0.266535 0.391125
vt 0.267561 0.380320
vt 0.269193 0.431122
vt 0.269307 0.422403
vt 0.268787 0.415523
vt 0.270401 0.408347
vt 0.269708 0.404657
vt 0.273609 0.393371
vt 0.271049 0.388496
vt 0.273937 0.435242
vt 0.273121 0.427592
vt 0.274046 0.420993
vt 0.273196 0.415699
vt 0.275153 0.407512
vt 0.274332 0.402777
vt 0.278392 0.393929
vt 0.275164 0.385917
vt 0.278298 0.428910
vt 0.277711 0.422007
vt 0.280303 0.415668
vt 0.277216 0.413743
vt 0.280202 0.406053
vt 0.283864 0.402021
vt 0.278291 0.401121
vt 0.281862 0.430434
vt 0.284425 0.423948
vt 0.281687 0.421638
vt 0.285068 0.414960
vt 0.288063 0.408350
vt 0.283367 0.408884
vt 0.252926 0.347042
vt 0.252560 0.366634
vt 0.252741 0.358523
vt 0.252840 0.350986
vt 0.258742 0.348772
vt 0.260489 0.344221
vt 0.257420 0.372075
vt 0.257698 0.363098
vt 0.258597 0.355048
vt 0.264690 0.375885
vt 0.267080 0.357106
vt 0.265392 0.351758
vt 0.262396 0.373024
vt 0.262615 0.364572
vt 0.264007 0.358878
vt 0.262883 0.353492
vt 0.266519 0.370875
vt 0.271855 0.371976
vt 0.272714 0.368129
vt 0.270095 0.360180
vt 0.271984 0.354572
vt 0.267058 0.363497
vt 0.280595 0.360287
vt 0.272397 0.379695
vt 0.275623 0.364477
vt 0.276910 0.357675
vt 0.279787 0.390143
vt 0.279889 0.384882
vt 0.282444 0.382591
vt 0.283646 0.379333
vt 0.284938 0.376068
vt 0.285577 0.372459
vt 0.283617 0.364766
vt 0.277093 0.378783
vt 0.278850 0.372224
vt 0.280056 0.365544
vt 0.284766 0.395981
vt 0.290428 0.380364
vt 0.291810 0.375424
vt 0.285724 0.389913
vt 0.288039 0.369796
vt 0.295854 0.388315
vt 0.298429 0.388882
vt 0.289498 0.402806
vt 0.288866 0.394580
vt 0.290980 0.387669
vt 0.294822 0.381238
vt 0.288603 0.385253
vt 0.253356 0.342640
vt 0.253509 0.338922
vt 0.253669 0.333112
vt 0.254421 0.322415
vt 0.262943 0.298899
vt 0.253403 0.308944
vt 0.254862 0.278137
vt 0.260508 0.340289
vt 0.260959 0.334446
vt 0.261458 0.326481
vt 0.262226 0.316871
vt 0.271272 0.343935
vt 0.271693 0.341032
vt 0.267162 0.343636
vt 0.268265 0.337002
vt 0.269438 0.326797
vt 0.272053 0.300489
vt 0.275247 0.276483
vt 0.273940 0.348925
vt 0.275303 0.347451
vt 0.276313 0.341890
vt 0.279088 0.333398
vt 0.273422 0.334292
vt 0.282433 0.294062
vt 0.285603 0.355824
vt 0.286353 0.353285
vt 0.281390 0.353245
vt 0.283339 0.347774
vt 0.285297 0.337558
vt 0.290773 0.306934
vt 0.294428 0.280159
vt 0.287316 0.361932
vt 0.288866 0.360521
vt 0.290458 0.355450
vt 0.294195 0.349626
vt 0.288976 0.347251
vt 0.299853 0.320743
vt 0.294982 0.315320
vt 0.304223 0.294306
vt 0.298560 0.380150
vt 0.294329 0.367394
vt 0.296377 0.363076
vt 0.306561 0.366873
vt 0.292811 0.370800
vt 0.299460 0.356114
vt 0.311571 0.329055
vt 0.308719 0.322234
vt 0.309471 0.300475
vt 0.304683 0.393773
vt 0.303813 0.376805
vt 0.301126 0.379356
vt 0.305234 0.359453
vt 0.316583 0.334332
vt 0.255572 0.250702
vt 0.256977 0.211255
vt 0.259976 0.148947
vt 0.265586 0.249834
vt 0.279250 0.240157
vt 0.272181 0.207616
vt 0.284352 0.214573
vt 0.306838 0.141851
vt 0.285420 0.275511
vt 0.292854 0.229762
vt 0.306939 0.214759
vt 0.305183 0.199391
vt 0.298403 0.285544
vt 0.310031 0.230088
vt 0.344879 0.179026
vt 0.320255 0.260903
vt 0.308598 0.263549
vt 0.322800 0.240162
vt 0.352450 0.187680
vt 0.317238 0.303983
vt 0.327989 0.277138
vt 0.338573 0.248575
vt 0.337479 0.231842
vt 0.324596 0.316441
vt 0.334666 0.287942
vt 0.350047 0.270095
vt 0.347463 0.258302
vt 0.378523 0.218110
vt 0.269217 0.135754
vt 0.262425 0.127362
vt 0.264032 0.106607
vt 0.279940 0.096521
vt 0.281631 0.151591
vt 0.287186 0.133693
vt 0.300534 0.118431
vt 0.322001 0.108382
vt 0.277570 0.123470
vt 0.285490 0.110481
vt 0.302558 0.094217
vt 0.327303 0.077317
vt 0.357325 0.063678
vt 0.427767 0.049119
vt 0.359099 0.093192
vt 0.387973 0.080715
vt 0.472258 0.068499
vt 0.335082 0.088271
vt 0.385720 0.065994
vt 0.465752 0.053196
vt 0.336014 0.117812
vt 0.370578 0.108241
vt 0.433895 0.084355
vt 0.498823 0.075962
vt 0.531106 0.065524
vt 0.346345 0.161606
vt 0.512909 0.093761
vt 0.393359 0.156137
vt 0.499600 0.128943
vt 0.374209 0.148522
vt 0.456952 0.115751
vt 0.383937 0.196350
vt 0.401971 0.180190
vt 0.467555 0.145414
vt 0.413726 0.195260
vt 0.483800 0.174636
vt 0.500042 0.159526
vt 0.259693 0.095020
vt 0.276701 0.089507
vt 0.258570 0.088364
vt 0.275148 0.083822
vt 0.258098 0.078971
vt 0.273767 0.075460
vt 0.257038 0.074426
vt 0.271213 0.069873
vt 0.255507 0.070452
vt 0.264855 0.063519
vt 0.280843 0.052837
vt 0.260450 0.057087
vt 0.257528 0.052588
vt 0.269619 0.045380
vt 0.296401 0.032704
vt 0.295711 0.082443
vt 0.318139 0.070443
vt 0.360015 0.054617
vt 0.429780 0.043622
vt 0.292582 0.076107
vt 0.313841 0.065501
vt 0.358295 0.050540
vt 0.410231 0.037026
vt 0.288840 0.066411
vt 0.308526 0.056533
vt 0.339629 0.046571
vt 0.381098 0.034614
vt 0.489584 0.031396
vt 0.284316 0.060516
vt 0.299316 0.050205
vt 0.329357 0.039689
vt 0.448594 0.026181
vt 0.366914 0.029447
vt 0.295276 0.043088
vt 0.320863 0.032453
vt 0.450137 0.021620
vt 0.481536 0.043175
vt 0.463167 0.038571
vt 0.257396 0.034561
vt 0.318579 0.025570
vt 0.269406 0.027903
vt 0.326683 0.018899
vt 0.261485 0.022760
vt 0.387262 0.006000
vt 0.594769 0.002201
vt 0.355873 0.023555
vt 0.505176 0.018032
vt 0.379934 0.017438
vt 0.580862 0.012787
vt 0.286729 0.495043
vt 0.286907 0.487199
vt 0.286854 0.479772
vt 0.286854 0.472140
vt 0.285310 0.463757
vt 0.287438 0.455208
vt 0.287908 0.444509
vt 0.287068 0.436622
vt 0.290387 0.430418
vt 0.293278 0.495020
vt 0.293022 0.486355
vt 0.292707 0.478897
vt 0.292501 0.470227
vt 0.288944 0.462415
vt 0.293708 0.460226
vt 0.290093 0.452752
vt 0.294753 0.450015
vt 0.289757 0.446290
vt 0.294543 0.442383
vt 0.297368 0.436079
vt 0.290844 0.437845
vt 0.294221 0.431077
vt 0.297747 0.495518
vt 0.302023 0.495680
vt 0.298935 0.486260
vt 0.295298 0.477586
vt 0.299820 0.477333
vt 0.294649 0.467287
vt 0.297905 0.468597
vt 0.302021 0.466665
vt 0.296555 0.458803
vt 0.302106 0.458432
vt 0.296357 0.452230
vt 0.298058 0.445548
vt 0.303059 0.492518
vt 0.302627 0.485061
vt 0.303051 0.476477
vt 0.303057 0.469595
vt 0.311777 0.419359
vt 0.298609 0.427638
vt 0.300036 0.419023
vt 0.301653 0.416795
vt 0.305176 0.421355
vt 0.304714 0.412503
vt 0.307504 0.415544
vt 0.314377 0.494672
vt 0.316356 0.494093
vt 0.315070 0.482471
vt 0.316568 0.472777
vt 0.315053 0.471083
vt 0.313759 0.458373
vt 0.315710 0.458393
vt 0.304959 0.452497
vt 0.309815 0.448305
vt 0.312185 0.450536
vt 0.314611 0.447082
vt 0.302913 0.446544
vt 0.307324 0.448408
vt 0.308482 0.436276
vt 0.310880 0.439080
vt 0.313439 0.432512
vt 0.300907 0.437334
vt 0.305195 0.435940
vt 0.309189 0.427644
vt 0.300415 0.431735
vt 0.303490 0.427580
vt 0.307692 0.422345
vt 0.306699 0.493295
vt 0.310314 0.493406
vt 0.313445 0.491990
vt 0.305178 0.485201
vt 0.307926 0.484551
vt 0.310441 0.483921
vt 0.313689 0.482744
vt 0.307067 0.475686
vt 0.310641 0.473751
vt 0.313840 0.471342
vt 0.305777 0.466623
vt 0.308639 0.464281
vt 0.311217 0.463438
vt 0.313412 0.462590
vt 0.304761 0.460163
vt 0.307923 0.452967
vt 0.311331 0.455126
vt 0.308996 0.406877
vt 0.307113 0.392959
vt 0.314459 0.402269
vt 0.314225 0.386395
vt 0.314803 0.432423
vt 0.317496 0.432812
vt 0.317457 0.414867
vt 0.314301 0.417129
vt 0.311931 0.407672
vt 0.318599 0.398732
vt 0.334369 0.376933
vt 0.319170 0.493689
vt 0.321536 0.482303
vt 0.318545 0.471508
vt 0.321549 0.467849
vt 0.317676 0.457013
vt 0.319686 0.448241
vt 0.324152 0.452669
vt 0.331580 0.440117
vt 0.316429 0.445363
vt 0.322536 0.440207
vt 0.333611 0.428028
vt 0.321242 0.428286
vt 0.341496 0.410720
vt 0.321998 0.411021
vt 0.334613 0.404272
vt 0.346625 0.389133
vt 0.335901 0.387640
vt 0.323106 0.492914
vt 0.339789 0.493175
vt 0.340665 0.478911
vt 0.325301 0.467539
vt 0.343589 0.464136
vt 0.331953 0.451849
vt 0.349415 0.443028
vt 0.349588 0.428863
vt 0.353464 0.492734
vt 0.357539 0.476320
vt 0.356704 0.460019
vt 0.345064 0.454347
vt 0.356137 0.429086
vt 0.348006 0.377061
vt 0.356203 0.408994
vt 0.356433 0.394147
vt 0.379036 0.373222
vt 0.368132 0.360932
vt 0.385819 0.357027
vt 0.416259 0.334255
vt 0.368738 0.492198
vt 0.378031 0.454108
vt 0.380844 0.439323
vt 0.387744 0.415495
vt 0.364029 0.411458
vt 0.387622 0.396320
vt 0.419903 0.382279
vt 0.372118 0.393178
vt 0.386784 0.380068
vt 0.417535 0.349986
vt 0.390686 0.491342
vt 0.436427 0.493572
vt 0.370694 0.473077
vt 0.385438 0.473383
vt 0.400975 0.471400
vt 0.396851 0.453249
vt 0.425484 0.448636
vt 0.396115 0.436271
vt 0.435325 0.425187
vt 0.393158 0.423098
vt 0.422372 0.394333
vt 0.439492 0.326286
vt 0.441797 0.370909
vt 0.431230 0.358550
vt 0.468452 0.351362
vt 0.504423 0.338146
vt 0.481746 0.331083
vt 0.443484 0.470066
vt 0.447651 0.445894
vt 0.495945 0.433219
vt 0.490940 0.421981
vt 0.433729 0.407248
vt 0.485489 0.400087
vt 0.446118 0.382465
vt 0.489636 0.379687
vt 0.490495 0.362197
vt 0.479635 0.478088
vt 0.499648 0.490301
vt 0.507053 0.467828
vt 0.479875 0.451855
vt 0.505705 0.444905
vt 0.285430 0.430630
vt 0.289569 0.425063
vt 0.291042 0.416709
vt 0.287711 0.418317
vt 0.293392 0.425629
vt 0.294000 0.414882
vt 0.300965 0.402218
vt 0.302837 0.399265
vt 0.292782 0.409486
vt 0.295662 0.402861
vt 0.298013 0.396198
vt 0.293214 0.397415
vt 0.295479 0.392024
vt 0.296342 0.418545
vt 0.299642 0.406903
vt 0.304907 0.406395
vt 0.296820 0.410517
vt 0.309005 0.386559
vt 0.325315 0.363785
vt 0.310298 0.374680
vt 0.322133 0.356175
vt 0.330817 0.341751
vt 0.321674 0.342412
vt 0.328789 0.372595
vt 0.337094 0.360574
vt 0.335574 0.349093
vt 0.330759 0.330161
vt 0.352182 0.299334
vt 0.348404 0.289156
vt 0.373527 0.256805
vt 0.381282 0.234977
vt 0.359899 0.319342
vt 0.353596 0.311916
vt 0.372471 0.297959
vt 0.387398 0.261830
vt 0.351165 0.358748
vt 0.363159 0.338568
vt 0.381407 0.327718
vt 0.372499 0.318580
vt 0.408564 0.302071
vt 0.415365 0.274412
vt 0.378023 0.346044
vt 0.419039 0.317283
vt 0.409621 0.229922
vt 0.475488 0.206318
vt 0.419414 0.208722
vt 0.500086 0.190075
vt 0.414121 0.258973
vt 0.479967 0.235837
vt 0.426870 0.236496
vt 0.486509 0.220368
vt 0.434758 0.279382
vt 0.488347 0.272857
vt 0.477478 0.250861
vt 0.447726 0.308602
vt 0.500026 0.295852
vt 0.439370 0.293884
vt 0.500063 0.311615
vt 0.704871 0.411590
vt 0.747481 0.419509
vt 0.747589 0.425581
vt 0.742436 0.420951
vt 0.742810 0.426569
vt 0.737821 0.430517
vt 0.737912 0.420743
vt 0.730141 0.441239
vt 0.729623 0.429651
vt 0.732232 0.435337
vt 0.727901 0.416535
vt 0.733566 0.429022
vt 0.726898 0.444703
vt 0.724276 0.439275
vt 0.728346 0.437794
vt 0.725596 0.420426
vt 0.720604 0.460871
vt 0.719492 0.449825
vt 0.722203 0.454931
vt 0.716901 0.435029
vt 0.723749 0.447133
vt 0.720115 0.430328
vt 0.716814 0.413544
vt 0.720964 0.421356
vt 0.716238 0.495195
vt 0.716536 0.485645
vt 0.716970 0.474927
vt 0.714802 0.465230
vt 0.718608 0.466081
vt 0.715835 0.452167
vt 0.715278 0.441411
vt 0.711389 0.424619
vt 0.708229 0.407372
vt 0.714904 0.420583
vt 0.708621 0.495291
vt 0.712453 0.494128
vt 0.708323 0.484600
vt 0.712757 0.484590
vt 0.712605 0.475361
vt 0.707398 0.464396
vt 0.705330 0.445202
vt 0.706590 0.452955
vt 0.712990 0.454995
vt 0.704709 0.438843
vt 0.711948 0.443687
vt 0.702149 0.419433
vt 0.708374 0.429082
vt 0.745035 0.434638
vt 0.747475 0.439151
vt 0.747802 0.444371
vt 0.748115 0.448572
vt 0.747741 0.430242
vt 0.747813 0.433917
vt 0.749182 0.437572
vt 0.743019 0.453967
vt 0.740518 0.433469
vt 0.743216 0.436171
vt 0.744289 0.447909
vt 0.745281 0.452673
vt 0.743296 0.431303
vt 0.738412 0.452176
vt 0.740388 0.455724
vt 0.738062 0.435492
vt 0.738974 0.439303
vt 0.739713 0.447304
vt 0.741769 0.451464
vt 0.734079 0.460327
vt 0.735151 0.463088
vt 0.731369 0.443862
vt 0.732589 0.446972
vt 0.735196 0.451982
vt 0.735648 0.456145
vt 0.737558 0.459117
vt 0.734225 0.439336
vt 0.735415 0.442831
vt 0.736809 0.447587
vt 0.729754 0.461409
vt 0.728557 0.473471
vt 0.731619 0.472398
vt 0.726445 0.453543
vt 0.727995 0.456148
vt 0.732199 0.461432
vt 0.728660 0.448232
vt 0.730079 0.451201
vt 0.732543 0.456674
vt 0.722249 0.466349
vt 0.723732 0.468485
vt 0.723648 0.475117
vt 0.724478 0.475874
vt 0.725183 0.476282
vt 0.725702 0.477024
vt 0.726155 0.477760
vt 0.727031 0.478095
vt 0.725802 0.469151
vt 0.726908 0.473586
vt 0.730254 0.475143
vt 0.724161 0.459011
vt 0.725941 0.461662
vt 0.728109 0.465762
vt 0.718363 0.495351
vt 0.719700 0.495618
vt 0.719831 0.495625
vt 0.719449 0.492359
vt 0.719420 0.490372
vt 0.718846 0.486134
vt 0.720382 0.487248
vt 0.721083 0.487789
vt 0.721137 0.487155
vt 0.720466 0.486505
vt 0.720812 0.484120
vt 0.721149 0.483202
vt 0.720153 0.475279
vt 0.721371 0.479786
vt 0.722338 0.481164
vt 0.722866 0.481600
vt 0.723053 0.481579
vt 0.723211 0.481198
vt 0.722771 0.481288
vt 0.723705 0.480542
vt 0.718438 0.497886
vt 0.716854 0.495846
vt 0.717691 0.492385
vt 0.717136 0.488691
vt 0.717839 0.485117
vt 0.719206 0.483863
vt 0.718527 0.482675
vt 0.719346 0.481568
vt 0.748122 0.483007
vt 0.748313 0.477528
vt 0.748337 0.463116
vt 0.748355 0.471587
vt 0.748297 0.452573
vt 0.748242 0.458963
vt 0.745094 0.488182
vt 0.743579 0.479367
vt 0.744880 0.481702
vt 0.743890 0.485537
vt 0.743212 0.475454
vt 0.745839 0.472780
vt 0.746096 0.478543
vt 0.743511 0.464601
vt 0.744730 0.469972
vt 0.744404 0.457384
vt 0.745566 0.463201
vt 0.739406 0.485952
vt 0.741673 0.487636
vt 0.739881 0.478606
vt 0.740946 0.480361
vt 0.741400 0.483852
vt 0.739059 0.476051
vt 0.739361 0.463605
vt 0.741169 0.465971
vt 0.742501 0.471610
vt 0.742092 0.461883
vt 0.738229 0.487453
vt 0.736229 0.478866
vt 0.737641 0.482215
vt 0.737945 0.484842
vt 0.735775 0.486229
vt 0.733753 0.474399
vt 0.734417 0.475750
vt 0.737437 0.475184
vt 0.736926 0.465007
vt 0.730763 0.476281
vt 0.731338 0.477405
vt 0.732519 0.478787
vt 0.733911 0.481347
vt 0.734268 0.483157
vt 0.734534 0.484872
vt 0.735210 0.476988
vt 0.729991 0.487622
vt 0.728323 0.478154
vt 0.728388 0.479437
vt 0.729934 0.481042
vt 0.729361 0.482371
vt 0.730378 0.483558
vt 0.731197 0.484830
vt 0.724583 0.480260
vt 0.725397 0.480532
vt 0.726167 0.481499
vt 0.722311 0.484807
vt 0.726318 0.486115
vt 0.723323 0.487645
vt 0.720555 0.480974
vt 0.722256 0.480842
vt 0.716986 0.482362
vt 0.747438 0.494440
vt 0.748477 0.497746
vt 0.744905 0.497211
vt 0.743421 0.498935
vt 0.745156 0.491643
vt 0.743978 0.493893
vt 0.741782 0.495964
vt 0.740741 0.498565
vt 0.741763 0.490549
vt 0.741342 0.493050
vt 0.738749 0.495332
vt 0.738181 0.489960
vt 0.733847 0.494826
vt 0.734099 0.498224
vt 0.733985 0.492039
vt 0.730257 0.489545
vt 0.727642 0.494779
vt 0.727914 0.498128
vt 0.727363 0.492032
vt 0.723671 0.489739
vt 0.684852 0.149619
vt 0.554734 0.056834
vt 0.635732 0.082124
vt 0.671512 0.111552
vt 0.686661 0.134533
vt 0.700797 0.153285
vt 0.588994 0.093205
vt 0.650635 0.129467
vt 0.670265 0.147509
vt 0.682442 0.172358
vt 0.624346 0.091304
vt 0.659657 0.117326
vt 0.626692 0.132566
vt 0.660012 0.168641
vt 0.608819 0.153275
vt 0.645907 0.181475
vt 0.533604 0.115467
vt 0.616081 0.197075
vt 0.532240 0.146165
vt 0.597973 0.180538
vt 0.647848 0.211579
vt 0.527366 0.176399
vt 0.594317 0.199300
vt 0.621284 0.217051
vt 0.744500 0.254236
vt 0.745103 0.284547
vt 0.736143 0.214430
vt 0.742798 0.223294
vt 0.744308 0.238778
vt 0.737817 0.206220
vt 0.745319 0.210879
vt 0.732873 0.245928
vt 0.734066 0.259791
vt 0.721167 0.201933
vt 0.727289 0.212623
vt 0.730863 0.227619
vt 0.716641 0.172362
vt 0.722941 0.190368
vt 0.730464 0.200363
vt 0.717140 0.247366
vt 0.723997 0.267497
vt 0.697966 0.171961
vt 0.708847 0.193844
vt 0.716602 0.217284
vt 0.719710 0.231790
vt 0.724548 0.241143
vt 0.716665 0.190313
vt 0.692726 0.214873
vt 0.707313 0.224393
vt 0.706251 0.240892
vt 0.714089 0.272870
vt 0.699711 0.209659
vt 0.698466 0.278838
vt 0.678992 0.240316
vt 0.706057 0.280214
vt 0.679898 0.260651
vt 0.696235 0.291498
vt 0.686771 0.309036
vt 0.656624 0.243071
vt 0.669463 0.247947
vt 0.669605 0.273193
vt 0.690634 0.299893
vt 0.677530 0.326402
vt 0.643128 0.256528
vt 0.657692 0.286435
vt 0.674857 0.305615
vt 0.746897 0.367922
vt 0.746625 0.309139
vt 0.745976 0.337899
vt 0.737672 0.306035
vt 0.739486 0.340327
vt 0.736074 0.285820
vt 0.733559 0.365856
vt 0.727757 0.337071
vt 0.721447 0.295814
vt 0.730540 0.324084
vt 0.734122 0.340575
vt 0.729448 0.299080
vt 0.726325 0.360395
vt 0.722444 0.336789
vt 0.717870 0.301573
vt 0.713492 0.352789
vt 0.712823 0.324236
vt 0.716016 0.344673
vt 0.721894 0.358224
vt 0.708797 0.297685
vt 0.707748 0.368684
vt 0.709027 0.356492
vt 0.701406 0.321309
vt 0.705146 0.314883
vt 0.710004 0.400009
vt 0.698264 0.364316
vt 0.705384 0.376008
vt 0.688394 0.329539
vt 0.700355 0.352751
vt 0.695517 0.328064
vt 0.697598 0.388081
vt 0.692647 0.364752
vt 0.698683 0.379311
vt 0.686024 0.337960
vt 0.747332 0.403339
vt 0.747129 0.384455
vt 0.741912 0.404314
vt 0.741521 0.386949
vt 0.739124 0.365447
vt 0.741677 0.368977
vt 0.736356 0.403523
vt 0.735982 0.386989
vt 0.730640 0.401629
vt 0.732675 0.416605
vt 0.728756 0.383678
vt 0.723985 0.399367
vt 0.722085 0.380507
vt 0.716795 0.396679
vt 0.720928 0.410909
vt 0.716145 0.379062
vt 0.711831 0.391975
vt 0.713247 0.146842
vt 0.708451 0.117913
vt 0.702773 0.098009
vt 0.712699 0.110212
vt 0.549828 0.031160
vt 0.691532 0.079312
vt 0.539665 0.023993
vt 0.650487 0.042012
vt 0.673661 0.053444
vt 0.690339 0.065654
vt 0.702466 0.076811
vt 0.714702 0.098547
vt 0.615818 0.028384
vt 0.713743 0.087898
vt 0.722241 0.099298
vt 0.611632 0.060249
vt 0.662632 0.088075
vt 0.692124 0.121957
vt 0.706099 0.143843
vt 0.569929 0.043973
vt 0.633605 0.061337
vt 0.666543 0.081622
vt 0.687234 0.102683
vt 0.698693 0.118634
vt 0.705993 0.130826
vt 0.621862 0.047048
vt 0.670854 0.070250
vt 0.690873 0.089863
vt 0.624911 0.040664
vt 0.670713 0.060257
vt 0.738888 0.196749
vt 0.746073 0.200947
vt 0.740765 0.178686
vt 0.747252 0.176544
vt 0.742126 0.170190
vt 0.740409 0.146702
vt 0.744778 0.160811
vt 0.748013 0.168739
vt 0.747606 0.145479
vt 0.739730 0.128677
vt 0.744376 0.137317
vt 0.738155 0.112530
vt 0.743393 0.121198
vt 0.746800 0.129797
vt 0.718905 0.165838
vt 0.726468 0.180551
vt 0.732897 0.189257
vt 0.722080 0.160095
vt 0.729204 0.168944
vt 0.717484 0.134310
vt 0.724301 0.144573
vt 0.736097 0.165191
vt 0.730849 0.156300
vt 0.720804 0.120827
vt 0.727727 0.131252
vt 0.734691 0.139957
vt 0.738002 0.158944
vt 0.725486 0.115695
vt 0.732765 0.126542
vt 0.736900 0.135290
vt 0.730281 0.110337
vt 0.734952 0.119611
vt 0.736817 0.096560
vt 0.732842 0.076916
vt 0.741750 0.089283
vt 0.628168 0.010024
vt 0.684421 0.019942
vt 0.706704 0.030955
vt 0.719389 0.042179
vt 0.728752 0.053088
vt 0.738418 0.064257
vt 0.743641 0.075919
vt 0.746128 0.083192
vt 0.704141 0.008540
vt 0.730056 0.023075
vt 0.738950 0.040818
vt 0.742270 0.050968
vt 0.744873 0.058150
vt 0.674868 0.043405
vt 0.704408 0.064070
vt 0.719202 0.083771
vt 0.727979 0.094414
vt 0.569163 0.016682
vt 0.637754 0.024979
vt 0.684958 0.040744
vt 0.706841 0.057656
vt 0.718916 0.068785
vt 0.725421 0.080094
vt 0.731113 0.088110
vt 0.656730 0.022468
vt 0.695691 0.037699
vt 0.717676 0.054130
vt 0.742518 0.105190
vt 0.746286 0.113771
vt 0.745868 0.097890
vt 0.733001 0.103531
vt 0.560080 0.324132
vt 0.584923 0.334637
vt 0.558279 0.370292
vt 0.577672 0.387576
vt 0.540973 0.351710
vt 0.571502 0.351986
vt 0.611823 0.379347
vt 0.550675 0.333739
vt 0.564322 0.492443
vt 0.606555 0.490849
vt 0.557212 0.470597
vt 0.600209 0.471215
vt 0.533133 0.440022
vt 0.570754 0.448040
vt 0.511991 0.422860
vt 0.565806 0.426782
vt 0.514409 0.401117
vt 0.566842 0.407645
vt 0.513567 0.379689
vt 0.555515 0.382636
vt 0.523196 0.362811
vt 0.534164 0.488823
vt 0.656480 0.387644
vt 0.638758 0.360151
vt 0.647402 0.429427
vt 0.633851 0.397466
vt 0.645298 0.416764
vt 0.610202 0.365607
vt 0.631040 0.384255
vt 0.654749 0.401115
vt 0.622916 0.361621
vt 0.645560 0.379324
vt 0.631650 0.492009
vt 0.646423 0.492750
vt 0.631010 0.476107
vt 0.644597 0.477042
vt 0.625738 0.457069
vt 0.645760 0.461789
vt 0.616667 0.425245
vt 0.619928 0.440565
vt 0.647865 0.444817
vt 0.605044 0.415520
vt 0.614556 0.399997
vt 0.615642 0.473549
vt 0.607127 0.454671
vt 0.603799 0.436060
vt 0.694974 0.418481
vt 0.687249 0.395181
vt 0.694717 0.406344
vt 0.687148 0.455766
vt 0.684093 0.441899
vt 0.682855 0.429549
vt 0.678284 0.412195
vt 0.687621 0.417722
vt 0.665014 0.376069
vt 0.683379 0.400996
vt 0.679088 0.494779
vt 0.676886 0.480990
vt 0.675363 0.467669
vt 0.671447 0.440261
vt 0.674251 0.454955
vt 0.669745 0.421564
vt 0.668443 0.405779
vt 0.669254 0.392928
vt 0.660659 0.493043
vt 0.670437 0.493395
vt 0.659629 0.479275
vt 0.657390 0.464687
vt 0.653094 0.436510
vt 0.655610 0.452991
vt 0.662900 0.422322
vt 0.700690 0.495024
vt 0.700783 0.484034
vt 0.706493 0.474425
vt 0.698220 0.461135
vt 0.696948 0.448351
vt 0.696264 0.437050
vt 0.701381 0.428521
vt 0.690477 0.493899
vt 0.690138 0.482462
vt 0.689575 0.471391
vt 0.698061 0.472644
vt 0.712502 0.496817
vt 0.712587 0.491859
vt 0.713366 0.488173
vt 0.713612 0.485148
vt 0.709719 0.483249
vt 0.705424 0.498606
vt 0.707795 0.496745
vt 0.705812 0.490655
vt 0.705235 0.487265
vt 0.707373 0.482097
vt 0.703859 0.494418
vt 0.706156 0.484766
vt 0.705335 0.481293
vt 0.697368 0.497582
vt 0.698039 0.493181
vt 0.700528 0.489726
vt 0.700384 0.486632
vt 0.700552 0.484619
vt 0.701270 0.483200
vt 0.694737 0.489460
vt 0.698371 0.482377
vt 0.689142 0.497503
vt 0.690046 0.492997
vt 0.691721 0.486857
vt 0.692296 0.484902
vt 0.690235 0.483885
vt 0.695806 0.482098
vt 0.686504 0.489864
vt 0.690749 0.483231
vt 0.681183 0.497782
vt 0.682292 0.493808
vt 0.684252 0.487673
vt 0.685174 0.485529
vt 0.688981 0.483301
vt 0.712281 0.480734
vt 0.712499 0.481008
vt 0.715163 0.481473
vt 0.717431 0.483549
vt 0.718947 0.486252
vt 0.717368 0.488117
vt 0.707921 0.480878
vt 0.711492 0.488744
vt 0.705539 0.481056
vt 0.706688 0.482202
vt 0.708066 0.483182
vt 0.712014 0.484887
vt 0.711901 0.487055
vt 0.704359 0.488117
vt 0.700872 0.481354
vt 0.703089 0.481847
vt 0.705884 0.486634
vt 0.704694 0.490511
vt 0.698477 0.481920
vt 0.700444 0.483269
vt 0.703568 0.484523
vt 0.697102 0.487933
vt 0.693545 0.482427
vt 0.696307 0.483049
vt 0.698514 0.486583
vt 0.699232 0.495816
vt 0.697736 0.490376
vt 0.698950 0.493367
vt 0.689979 0.483701
vt 0.694335 0.484659
vt 0.693897 0.486209
vt 0.723071 0.495198
vt 0.720637 0.498526
vt 0.722083 0.492532
vt 0.720055 0.495917
vt 0.719233 0.490059
vt 0.717146 0.497632
vt 0.718651 0.499027
vt 0.714704 0.490831
vt 0.716588 0.493554
vt 0.711111 0.497497
vt 0.713829 0.494064
vt 0.707298 0.495615
vt 0.708895 0.492859
vt 0.706076 0.499029
vt 0.704274 0.497650
vt 0.703765 0.493847
vt 0.700886 0.497696
vt 0.701458 0.494562
vt 0.514029 0.214630
vt 0.577148 0.222842
vt 0.612833 0.238311
vt 0.581030 0.208816
vt 0.522281 0.236162
vt 0.585926 0.258957
vt 0.573072 0.236500
vt 0.603394 0.254828
vt 0.521938 0.266607
vt 0.571866 0.282777
vt 0.591238 0.301654
vt 0.511915 0.249882
vt 0.566935 0.264357
vt 0.592892 0.279087
vt 0.560099 0.311044
vt 0.588789 0.320425
vt 0.511021 0.281136
vt 0.560822 0.293962
vt 0.672764 0.346998
vt 0.648030 0.298877
vt 0.669695 0.327516
vt 0.643433 0.275875
vt 0.665144 0.363374
vt 0.630358 0.309479
vt 0.646326 0.334119
vt 0.665294 0.341475
vt 0.629749 0.287706
vt 0.646754 0.312906
vt 0.624567 0.332451
vt 0.642633 0.351901
vt 0.627899 0.318184
vt 0.622740 0.346676
vt 0.683011 0.382875
vt 0.693471 0.390528
vt 0.689454 0.373749
vt 0.678631 0.342444
vt 0.671235 0.357796
vt 0.681408 0.490714
vt 0.682788 0.485114
vt 0.677148 0.498314
vt 0.677284 0.495125
vt 0.678050 0.491658
vt 0.677360 0.489516
vt 0.680377 0.486935
vt 0.681796 0.485154
vt 0.675238 0.498836
vt 0.674413 0.497227
vt 0.675096 0.492899
vt 0.674702 0.489256
vt 0.676277 0.487733
vt 0.677500 0.487143
vt 0.671597 0.497238
vt 0.670818 0.495034
vt 0.672891 0.493715
vt 0.672633 0.492005
vt 0.669750 0.498416
vt 0.668966 0.496812
vt 0.667432 0.494766
vt 0.670544 0.493160
vt 0.669488 0.492240
vt 0.672240 0.489988
vt 0.671860 0.490475
vt 0.665631 0.499112
vt 0.667499 0.494045
vt 0.669421 0.491968
vt 0.665615 0.498105
vt 0.666582 0.495721
vt 0.667625 0.495443
vt 0.668181 0.493328
vt 0.669223 0.492964
vt 0.664884 0.499157
vt 0.665492 0.498614
vt 0.666624 0.498432
vt 0.697112 0.497562
vt 0.691145 0.487867
vt 0.684332 0.484731
vt 0.689620 0.484766
vt 0.692157 0.495772
vt 0.693827 0.497658
vt 0.687664 0.487539
vt 0.691604 0.490304
vt 0.692863 0.492902
vt 0.694463 0.494553
vt 0.687923 0.495389
vt 0.689890 0.497359
vt 0.691771 0.498692
vt 0.679030 0.486963
vt 0.683502 0.485949
vt 0.686885 0.486253
vt 0.687251 0.489951
vt 0.688614 0.492398
vt 0.690414 0.493983
vt 0.683616 0.494711
vt 0.685437 0.497097
vt 0.687546 0.498545
vt 0.677962 0.488966
vt 0.681188 0.488677
vt 0.682830 0.490019
vt 0.682422 0.492946
vt 0.686062 0.493610
vt 0.681156 0.495244
vt 0.673329 0.490440
vt 0.678443 0.490558
vt 0.679967 0.492197
vt 0.675176 0.495596
vt 0.677213 0.497158
vt 0.680863 0.499111
vt 0.674343 0.491441
vt 0.675722 0.492872
vt 0.677553 0.493813
vt 0.669107 0.495511
vt 0.670830 0.496079
vt 0.672930 0.497528
vt 0.674897 0.498596
vt 0.670682 0.492973
vt 0.672218 0.493463
vt 0.673511 0.494361
vt 0.668115 0.498441
vt 0.669702 0.498633
vt 0.671031 0.498986
vt 0.698872 0.498756
vn -0.686135 -0.617132 -0.385185
vn -0.861642 -0.076723 -0.501685
vn -0.747827 0.505863 -0.429950
vn -0.651183 -0.661078 -0.372742
vn -0.585033 -0.729822 -0.353690
vn -0.795489 -0.047872 -0.604074
vn -0.867064 -0.168002 -0.469016
vn -0.837437 -0.066023 -0.542532
vn -0.701448 0.479484 -0.527319
vn -0.738733 0.559730 -0.375467
vn -0.659292 0.643807 -0.388391
vn -0.527509 -0.730729 -0.433324
vn -0.488778 -0.801853 -0.343697
vn -0.369563 -0.907005 -0.201905
vn -0.733534 -0.045555 -0.678124
vn -0.733740 -0.256841 -0.629014
vn -0.663060 -0.558479 -0.498449
vn -0.643295 0.468548 -0.605504
vn -0.622226 0.583699 -0.521660
vn -0.495737 0.806144 -0.323074
vn -0.435320 0.872994 -0.219951
vn -0.261278 0.958650 -0.112798
vn -0.570421 -0.586546 -0.574964
vn -0.548004 -0.694118 -0.466790
vn -0.460706 -0.800397 -0.383556
vn -0.333426 -0.914578 -0.228855
vn -0.280075 -0.949027 -0.144587
vn -0.699084 -0.098218 -0.708262
vn -0.711629 -0.188474 -0.676803
vn -0.616917 -0.558079 -0.554942
vn -0.631948 0.441100 -0.637238
vn -0.588971 0.560366 -0.582325
vn -0.461217 0.795817 -0.392370
vn -0.379212 0.890569 -0.251166
vn -0.226556 0.964316 -0.136995
vn -0.186163 -0.979321 -0.079203
vn -0.479642 -0.679118 -0.555645
vn -0.376047 -0.853711 -0.360232
vn -0.336636 -0.901012 -0.273594
vn -0.251452 -0.952077 -0.174132
vn -0.673378 -0.026297 -0.738830
vn -0.672776 -0.169142 -0.720252
vn -0.608020 0.463494 -0.644581
vn -0.591402 0.544343 -0.594924
vn -0.438845 0.792699 -0.423136
vn -0.396862 0.845081 -0.358244
vn -0.302321 0.924929 -0.230454
vn -0.282275 0.923330 -0.260352
vn -0.150038 -0.983176 -0.104175
vn -0.094176 -0.995492 -0.011239
vn -0.475963 -0.679712 -0.558078
vn -0.425935 -0.767625 -0.478886
vn -0.318850 -0.891813 -0.320943
vn -0.237631 -0.949111 -0.206685
vn -0.612650 -0.011987 -0.790264
vn -0.637053 -0.220721 -0.738543
vn -0.566935 -0.522904 -0.636519
vn -0.564735 0.459500 -0.685518
vn -0.558347 0.550156 -0.620949
vn -0.409836 0.807845 -0.423581
vn -0.266574 0.920261 -0.286457
vn -0.183757 0.972825 -0.140872
vn -0.159022 0.984624 -0.072300
vn -0.101945 0.994764 -0.007135
vn -0.560116 -0.028241 -0.827933
vn -0.511452 0.428281 -0.744978
vn -0.388081 -0.599592 -0.699917
vn -0.452774 -0.161653 -0.876849
vn -0.398054 0.483388 -0.779673
vn -0.415581 -0.571864 -0.707294
vn -0.393593 -0.656623 -0.643374
vn -0.497908 -0.086273 -0.862928
vn -0.530976 -0.082615 -0.843350
vn -0.466687 0.409165 -0.784084
vn -0.445520 0.521022 -0.728044
vn -0.269450 -0.819127 -0.506387
vn -0.399668 0.531281 -0.746998
vn -0.315429 0.765470 -0.560857
vn -0.199809 0.910890 -0.361049
vn -0.129955 -0.957167 -0.258733
vn -0.393899 -0.570331 -0.720809
vn -0.361024 -0.662351 -0.656470
vn -0.224938 -0.870917 -0.436928
vn -0.476135 -0.089247 -0.874832
vn -0.496721 -0.082312 -0.863998
vn -0.438844 0.420761 -0.793962
vn -0.275654 0.804111 -0.526708
vn -0.246105 -0.818126 -0.519713
vn -0.189883 -0.907048 -0.375777
vn -0.313972 0.736923 -0.598637
vn -0.273260 0.832920 -0.481221
vn -0.215775 0.927624 -0.304884
vn -0.084423 -0.996078 -0.026487
vn -0.445312 -0.600599 -0.664062
vn -0.415291 -0.745504 -0.521303
vn -0.324557 -0.870621 -0.369705
vn -0.238323 -0.940610 -0.241777
vn -0.520033 -0.158029 -0.839400
vn -0.534862 -0.504726 -0.677624
vn -0.379481 0.793780 -0.475297
vn -0.279397 0.900584 -0.332997
vn -0.181066 0.968179 -0.172756
vn -0.151927 0.981860 -0.113445
vn -0.107537 0.993212 -0.044326
vn -0.149899 -0.975445 -0.161363
vn -0.084859 -0.994832 -0.055750
vn -0.047499 -0.998496 0.027388
vn -0.510572 -0.563548 -0.649407
vn -0.453087 -0.665398 -0.593261
vn -0.328101 -0.845914 -0.420452
vn -0.242877 -0.926302 -0.288053
vn -0.605846 -0.094345 -0.789968
vn -0.594528 -0.088625 -0.799176
vn -0.545307 0.413848 -0.728951
vn -0.500440 0.528645 -0.685634
vn -0.338135 0.825200 -0.452449
vn -0.223896 0.927304 -0.299963
vn -0.185955 0.960243 -0.208215
vn -0.135095 0.982589 -0.127548
vn -0.100772 0.992658 -0.066897
vn -0.052402 0.998174 0.030060
vn -0.417051 -0.665618 -0.618887
vn -0.335003 -0.826878 -0.451714
vn -0.248431 -0.912922 -0.323813
vn -0.579734 -0.177427 -0.795253
vn -0.507330 0.517628 -0.688968
vn -0.376837 0.775317 -0.506831
vn -0.223042 0.922952 -0.313706
vn -0.046199 0.998844 0.013262
vn -0.150135 -0.964673 -0.216484
vn -0.095530 -0.990176 -0.102101
vn -0.017159 -0.997862 0.063058
vn -0.365750 -0.745046 -0.557794
vn -0.253203 -0.892177 -0.374043
vn -0.483342 -0.502493 -0.716855
vn -0.335605 0.787869 -0.516364
vn -0.218031 0.910238 -0.352035
vn -0.142936 0.973657 -0.177657
vn -0.050943 0.998486 -0.020760
vn -0.006271 0.995397 0.095631
vn -0.084161 -0.987333 -0.134503
vn -0.071213 -0.993058 -0.093617
vn -0.051028 -0.997689 -0.044860
vn -0.027613 -0.999553 0.011458
vn 0.023681 -0.995134 0.095646
vn -0.279105 -0.841322 -0.462901
vn -0.215226 -0.919120 -0.329994
vn -0.288327 0.821811 -0.491420
vn -0.137459 0.967890 -0.210461
vn -0.117075 0.980885 -0.155428
vn -0.089905 0.991681 -0.092124
vn -0.005175 0.998238 0.059113
vn 0.022169 0.993234 0.113993
vn -0.128334 -0.962051 -0.240806
vn 0.027517 -0.996450 0.079556
vn -0.208664 -0.902250 -0.377364
vn -0.169262 0.938052 -0.302341
vn -0.087439 0.987986 -0.127427
vn -0.056965 0.996640 -0.058854
vn -0.079797 0.996789 -0.006639
vn -0.067978 0.996517 0.048303
vn -0.068717 -0.989465 -0.127422
vn -0.008752 -0.999945 0.005853
vn 0.005857 -0.998490 0.054626
vn 0.068276 -0.986272 0.150352
vn -0.170681 0.960898 -0.218045
vn -0.139739 0.978757 -0.150025
vn -0.117026 0.987933 -0.101459
vn -0.094934 0.994466 -0.045005
vn -0.046824 0.992665 0.111461
vn -0.013879 0.982076 0.187972
vn -0.077645 -0.983900 -0.160971
vn -0.030426 -0.998092 -0.053728
vn -0.803581 -0.556801 -0.210310
vn -0.740139 -0.637059 -0.215290
vn -0.748389 -0.614570 -0.249433
vn -0.769229 -0.602726 -0.212149
vn -0.662527 -0.716283 -0.219080
vn -0.695020 -0.658985 -0.287550
vn -0.692421 -0.679803 -0.241706
vn -0.701002 -0.682263 -0.207636
vn -0.712756 -0.623988 -0.320341
vn -0.721990 -0.685697 -0.092461
vn -0.793034 -0.580286 -0.185378
vn -0.756195 -0.635233 -0.156998
vn -0.736856 -0.664490 -0.124484
vn -0.748341 -0.652159 -0.121141
vn -0.780053 -0.605527 -0.157649
vn -0.777081 -0.612364 -0.145453
vn -0.789380 -0.586692 -0.180752
vn -0.701344 -0.704839 -0.106388
vn -0.682703 -0.725516 -0.086848
vn -0.725799 -0.663712 -0.180838
vn -0.717474 -0.680217 -0.150119
vn -0.750152 -0.641347 -0.161075
vn -0.588549 -0.800760 -0.111325
vn -0.614152 -0.774893 -0.149526
vn -0.643741 -0.755939 -0.118966
vn -0.664683 -0.726243 -0.175408
vn -0.676074 -0.722903 -0.142602
vn -0.597534 -0.796507 -0.092357
vn -0.599827 -0.798877 -0.044755
vn -0.626267 -0.779609 -0.000449
vn -0.695206 -0.717672 0.040436
vn -0.727561 -0.684022 -0.052624
vn -0.774835 -0.631168 -0.035456
vn -0.774344 -0.632755 0.003558
vn -0.742824 -0.669330 -0.014514
vn -0.754411 -0.652374 -0.072603
vn -0.753958 -0.655792 -0.038524
vn -0.756863 -0.653572 0.001531
vn -0.785588 -0.618593 -0.013936
vn -0.688811 -0.723371 -0.047678
vn -0.670238 -0.741989 -0.015249
vn -0.718169 -0.692438 -0.069016
vn -0.724056 -0.689382 -0.022279
vn -0.630280 -0.771614 -0.085786
vn -0.610887 -0.790256 -0.048096
vn -0.618917 -0.785456 -0.000837
vn -0.648947 -0.759165 -0.050359
vn -0.905443 -0.376810 -0.195417
vn -0.921225 -0.301404 -0.245969
vn -0.937734 -0.308507 -0.159619
vn -0.929643 -0.214746 -0.299412
vn -0.948993 -0.228406 -0.217354
vn -0.803381 -0.565176 -0.187499
vn -0.826967 -0.469938 -0.308679
vn -0.833396 -0.499806 -0.235892
vn -0.868817 -0.464112 -0.172506
vn -0.839923 -0.409038 -0.356676
vn -0.871123 -0.411730 -0.267624
vn -0.831255 -0.330967 -0.446627
vn -0.862258 -0.332229 -0.382277
vn -0.890942 -0.339975 -0.301064
vn -0.867960 -0.242420 -0.433450
vn -0.899973 -0.256368 -0.352596
vn -0.730017 -0.654226 -0.197646
vn -0.751878 -0.581767 -0.310205
vn -0.761507 -0.602234 -0.239626
vn -0.757590 -0.491658 -0.429337
vn -0.780753 -0.515132 -0.353643
vn -0.794769 -0.539167 -0.278640
vn -0.768482 -0.416252 -0.485973
vn -0.805729 -0.434699 -0.402289
vn -0.786274 -0.338698 -0.516775
vn -0.796432 -0.167289 -0.581129
vn -0.815943 -0.253494 -0.519594
vn -0.976115 -0.196353 -0.092983
vn -0.980464 -0.196615 -0.005724
vn -0.978155 -0.193967 0.074757
vn -0.889481 -0.450586 -0.076132
vn -0.894767 -0.446391 -0.011268
vn -0.912390 -0.408467 0.026463
vn -0.925370 -0.280028 -0.255487
vn -0.913990 -0.392294 -0.103571
vn -0.931251 -0.363200 -0.029285
vn -0.921591 -0.386698 0.033673
vn -0.951083 -0.306725 -0.036898
vn -0.943953 -0.287160 -0.162761
vn -0.950576 -0.299675 -0.081243
vn -0.942858 -0.331188 0.036521
vn -0.948039 -0.313294 0.055392
vn -0.970679 -0.212187 -0.112960
vn -0.956431 -0.250365 -0.150192
vn -0.960178 -0.277944 -0.028386
vn -0.961542 -0.271734 0.039964
vn -0.975411 -0.217312 0.036736
vn -0.986530 -0.149799 -0.065720
vn -0.819898 -0.483720 -0.306239
vn -0.844007 -0.459294 -0.276950
vn -0.823311 -0.558205 -0.102790
vn -0.812285 -0.582146 -0.036036
vn -0.862108 -0.506721 -0.001977
vn -0.847237 -0.524566 -0.083787
vn -0.862151 -0.474354 -0.178001
vn -0.879291 -0.394455 -0.266932
vn -0.860070 -0.498783 -0.107212
vn -0.859760 -0.510333 -0.019326
vn -0.900794 -0.433299 -0.028671
vn -0.911783 -0.390291 -0.127766
vn -0.911939 -0.347559 -0.218104
vn -0.730150 -0.681902 -0.043481
vn -0.795158 -0.559418 -0.234040
vn -0.773756 -0.560431 -0.295327
vn -0.761023 -0.635312 -0.131238
vn -0.765352 -0.637982 -0.084945
vn -0.763150 -0.644468 -0.047574
vn -0.782878 -0.607808 -0.132934
vn -0.807162 -0.589240 -0.035851
vn -0.937228 -0.286026 -0.199483
vn -0.949413 -0.222356 -0.221749
vn -0.945414 -0.244840 -0.215046
vn -0.960109 -0.164083 -0.226423
vn -0.968233 -0.160907 -0.191402
vn -0.967281 -0.102200 -0.232214
vn -0.976532 -0.099689 -0.190913
vn -0.979364 -0.036036 -0.198866
vn -0.880903 -0.421696 -0.214901
vn -0.892861 -0.378005 -0.244767
vn -0.904848 -0.373047 -0.205149
vn -0.913453 -0.315991 -0.256424
vn -0.928015 -0.307777 -0.209909
vn -0.928046 -0.254666 -0.271800
vn -0.945124 -0.174868 -0.275973
vn -0.953543 -0.124388 -0.274378
vn -0.959098 -0.108398 -0.261499
vn -0.965067 -0.059271 -0.255210
vn -0.969389 -0.035255 -0.242987
vn -0.824262 -0.516979 -0.230921
vn -0.849679 -0.490153 -0.194409
vn -0.842671 -0.469630 -0.263351
vn -0.854957 -0.461708 -0.236378
vn -0.863775 -0.411054 -0.291424
vn -0.906696 -0.305318 -0.291004
vn -0.893832 -0.338783 -0.293753
vn -0.941078 -0.226311 -0.251309
vn -0.931781 -0.208712 -0.297024
vn -0.961020 -0.164077 -0.222529
vn -0.977001 -0.096465 -0.190169
vn -0.788757 -0.534809 -0.303054
vn -0.798971 -0.544544 -0.255182
vn -0.822352 -0.486566 -0.294940
vn -0.748991 -0.582620 -0.315542
vn -0.759019 -0.586832 -0.281990
vn -0.382621 -0.545022 -0.746024
vn -0.330490 -0.662788 -0.671929
vn -0.205547 -0.859046 -0.468818
vn -0.471670 -0.113813 -0.874399
vn -0.468135 -0.091421 -0.878915
vn -0.471719 0.316852 -0.822852
vn -0.437494 0.485170 -0.757105
vn -0.360717 0.738338 -0.569860
vn -0.345314 0.850040 -0.397731
vn -0.309288 0.915684 -0.256639
vn -0.168446 -0.939304 -0.298886
vn -0.135630 -0.966518 -0.217824
vn -0.319963 -0.606600 -0.727778
vn -0.304841 -0.824683 -0.476414
vn -0.198782 -0.891697 -0.406648
vn -0.399246 -0.162277 -0.902369
vn -0.488335 0.309250 -0.816023
vn -0.522330 0.589914 -0.615771
vn -0.454197 0.722104 -0.521796
vn -0.633189 0.609661 -0.476848
vn -0.587640 0.717337 -0.374308
vn -0.527807 0.817297 -0.231181
vn -0.773383 0.581607 -0.252215
vn -0.770579 0.607813 -0.191760
vn -0.266247 -0.926487 -0.265961
vn -0.246007 -0.951167 -0.186447
vn -0.434490 -0.636317 -0.637431
vn -0.269602 -0.897066 -0.350124
vn -0.760972 -0.228871 -0.607075
vn -0.592775 -0.271193 -0.758335
vn -0.843092 -0.068691 -0.533363
vn -0.733611 0.152337 -0.662275
vn -0.701327 0.431307 -0.567552
vn -0.918946 -0.016582 -0.394035
vn -0.900875 0.146058 -0.408769
vn -0.836263 0.371181 -0.403594
vn -0.811056 0.484063 -0.328438
vn -0.965518 -0.095867 -0.242041
vn -0.962445 0.058225 -0.265161
vn -0.955516 0.166524 -0.243433
vn -0.926320 0.315228 -0.206309
vn -0.935473 0.331928 -0.121305
vn -0.980352 -0.090526 -0.175256
vn -0.980553 -0.042262 -0.191650
vn -0.986536 0.031264 -0.160529
vn -0.986985 0.086070 -0.135837
vn -0.990199 0.101887 -0.095523
vn -0.985523 -0.029234 -0.167005
vn -0.625694 -0.720517 -0.298936
vn -0.570022 -0.771691 -0.282078
vn -0.468702 -0.849576 -0.241949
vn -0.426729 -0.890879 -0.155684
vn -0.816378 -0.480093 -0.320994
vn -0.744599 -0.514683 -0.425056
vn -0.616081 -0.638989 -0.460583
vn -0.455924 -0.807546 -0.374169
vn -0.386424 -0.866515 -0.315956
vn -0.905991 -0.364122 -0.215859
vn -0.879247 -0.366568 -0.304225
vn -0.799508 -0.364410 -0.477485
vn -0.656209 -0.461740 -0.596812
vn -0.927005 -0.248007 -0.281344
vn -0.887535 -0.194748 -0.417558
vn -0.955775 -0.195774 -0.219469
vn -0.933472 -0.144054 -0.328448
vn -0.967322 -0.152212 -0.202781
vn -0.845661 -0.495628 -0.198018
vn -0.805177 -0.538729 -0.247913
vn -0.745012 -0.601330 -0.288720
vn -0.684034 -0.697969 -0.211981
vn -0.632662 -0.757204 -0.162420
vn -0.863697 -0.450516 -0.225971
vn -0.054698 -0.998489 -0.005339
vn -0.043196 -0.998250 0.040394
vn 0.040992 -0.994238 0.099048
vn 0.062814 -0.986140 0.153566
vn 0.086665 -0.967870 0.236042
vn -0.276689 0.950016 -0.144614
vn -0.257874 0.964417 -0.058320
vn -0.260781 0.964816 0.033529
vn -0.266057 0.955913 0.124274
vn -0.257616 0.939306 0.226580
vn -0.112514 -0.984283 -0.136117
vn -0.079209 -0.994847 -0.063287
vn -0.039030 -0.994069 0.101503
vn -0.019017 -0.982414 0.185746
vn -0.036047 -0.972875 0.228505
vn -0.006585 -0.969521 0.244919
vn -0.509570 0.849615 -0.135987
vn -0.517011 0.853703 -0.062377
vn -0.568146 0.822918 -0.004013
vn -0.627950 0.770830 0.107237
vn -0.655248 0.727486 0.203504
vn -0.749427 0.654194 -0.101926
vn -0.745682 0.664527 -0.048593
vn -0.823812 0.557296 -0.103705
vn -0.886680 0.461950 0.020035
vn -0.922166 0.367264 0.121355
vn -0.998258 0.011461 -0.057867
vn -0.981416 0.148579 -0.121436
vn -0.981327 0.188354 -0.038977
vn -0.989006 0.144790 0.030056
vn -0.996911 0.037677 -0.068912
vn -0.997791 0.049073 -0.044779
vn -0.998406 0.054550 -0.014484
vn -0.234658 -0.965329 -0.114348
vn -0.208453 -0.976996 -0.045010
vn -0.197329 -0.979854 0.030789
vn -0.230378 -0.968582 0.093673
vn -0.283161 -0.944568 0.166167
vn -0.457422 -0.870589 0.181218
vn -0.200929 -0.954635 0.219769
vn -0.236710 -0.947873 0.213319
vn -0.925450 0.376485 -0.042444
vn -0.886996 0.440126 -0.139738
vn -0.992558 0.108300 -0.055674
vn -0.973763 0.169658 -0.151666
vn -0.997306 0.014954 -0.071819
vn -0.423126 -0.900527 -0.100080
vn -0.402519 -0.913551 -0.058341
vn -0.407607 -0.913126 -0.007542
vn -0.456782 -0.888351 0.046721
vn -0.524936 -0.845550 0.097407
vn -0.596982 -0.795749 0.101964
vn -0.359100 -0.912752 -0.194762
vn -0.283049 -0.928083 -0.241961
vn -0.295387 -0.943262 -0.151672
vn -0.198329 -0.933723 -0.298039
vn -0.215065 -0.956179 -0.198667
vn -0.119569 -0.937779 -0.325995
vn -0.133295 -0.960709 -0.243455
vn -0.146796 -0.974383 -0.170376
vn -0.049285 -0.983428 -0.174473
vn -0.041643 -0.945018 -0.324356
vn -0.049350 -0.965789 -0.254590
vn -0.664739 -0.668530 -0.333451
vn -0.567660 -0.745696 -0.348854
vn -0.588809 -0.744539 -0.314587
vn -0.613818 -0.709823 -0.345512
vn -0.453289 -0.817533 -0.355202
vn -0.518772 -0.777649 -0.355160
vn -0.447191 -0.886869 -0.116118
vn -0.519996 -0.839495 -0.157646
vn -0.538335 -0.804282 -0.251647
vn -0.533131 -0.772859 -0.344180
vn -0.396268 -0.847836 -0.352343
vn -0.442774 -0.817138 -0.369101
vn -0.363489 -0.922729 -0.128250
vn -0.397207 -0.908083 -0.132706
vn -0.416528 -0.884362 -0.210731
vn -0.437371 -0.845207 -0.307133
vn -0.320476 -0.868302 -0.378612
vn -0.343834 -0.876902 -0.335889
vn -0.360835 -0.846430 -0.391605
vn -0.315185 -0.936316 -0.154824
vn -0.330010 -0.913614 -0.237495
vn -0.160109 -0.922212 -0.351980
vn -0.231021 -0.888637 -0.396173
vn -0.242827 -0.943657 -0.224824
vn -0.251044 -0.920024 -0.300887
vn -0.244729 -0.891217 -0.381891
vn -0.236187 -0.961432 -0.140941
vn -0.219945 -0.963045 -0.155461
vn -0.131987 -0.919765 -0.369609
vn -0.132793 -0.974944 -0.178467
vn -0.146955 -0.944806 -0.292823
vn -0.141127 -0.915951 -0.375655
vn -0.043682 -0.927415 -0.371475
vn -0.047376 -0.924831 -0.377417
vn -0.042151 -0.983161 -0.177812
vn -0.045202 -0.955378 -0.291906
vn -0.574819 -0.788328 -0.219369
vn -0.603848 -0.748513 -0.274035
vn -0.622936 -0.747056 -0.232073
vn -0.625400 -0.756389 -0.191701
vn -0.640325 -0.704782 -0.305395
vn -0.650465 -0.715933 -0.253643
vn -0.493799 -0.848677 -0.189501
vn -0.523682 -0.818824 -0.235124
vn -0.534776 -0.822549 -0.193466
vn -0.532721 -0.786206 -0.313190
vn -0.549608 -0.794818 -0.257285
vn -0.589667 -0.741120 -0.320990
vn -0.416360 -0.880025 -0.228472
vn -0.445122 -0.875464 -0.188225
vn -0.436168 -0.849980 -0.295450
vn -0.470508 -0.850379 -0.235536
vn -0.496391 -0.819347 -0.286823
vn -0.339227 -0.922848 -0.182420
vn -0.382576 -0.889498 -0.249857
vn -0.367209 -0.906856 -0.206810
vn -0.379772 -0.868683 -0.318060
vn -0.393249 -0.876543 -0.277539
vn -0.256070 -0.941301 -0.219957
vn -0.256151 -0.923197 -0.286520
vn -0.310120 -0.921002 -0.235758
vn -0.321416 -0.886528 -0.332805
vn -0.320896 -0.905941 -0.276219
vn -0.188039 -0.954212 -0.232638
vn -0.196678 -0.961658 -0.191133
vn -0.197339 -0.932099 -0.303724
vn -0.204522 -0.944366 -0.257571
vn -0.242656 -0.904936 -0.349584
vn -0.121188 -0.970371 -0.209032
vn -0.127117 -0.943263 -0.306751
vn -0.125692 -0.960990 -0.246374
vn -0.046250 -0.966542 -0.252305
vn -0.043073 -0.977268 -0.207588
vn -0.046807 -0.951980 -0.302562
vn -0.538188 -0.828854 -0.152823
vn -0.562710 -0.821880 -0.088718
vn -0.595074 -0.784907 -0.172652
vn -0.486830 -0.864345 -0.126113
vn -0.475715 -0.874000 -0.099093
vn -0.522713 -0.845076 -0.112334
vn -0.394586 -0.904539 -0.161586
vn -0.415369 -0.900935 -0.125634
vn -0.425490 -0.899332 -0.100804
vn -0.460372 -0.874042 -0.155267
vn -0.307071 -0.943848 -0.121895
vn -0.314887 -0.945499 -0.082934
vn -0.354110 -0.925145 -0.136795
vn -0.260396 -0.954379 -0.146135
vn -0.250039 -0.962335 -0.106734
vn -0.264813 -0.946527 -0.184282
vn -0.186508 -0.969931 -0.156363
vn -0.186235 -0.977076 -0.103143
vn -0.117269 -0.977513 -0.175260
vn -0.125171 -0.984263 -0.124734
vn -0.036281 -0.983863 -0.175209
vn -0.043599 -0.990031 -0.133932
vn -0.512352 -0.855206 -0.078214
vn -0.507415 -0.860387 -0.047589
vn -0.528335 -0.849036 0.000244
vn -0.571497 -0.818536 -0.058219
vn -0.572813 -0.819284 -0.025660
vn -0.492172 -0.870212 -0.022295
vn -0.375975 -0.922223 -0.090265
vn -0.386995 -0.920948 -0.045706
vn -0.386134 -0.922443 0.000055
vn -0.436002 -0.897606 -0.064849
vn -0.432992 -0.901106 -0.022946
vn -0.321180 -0.945690 -0.050140
vn -0.331209 -0.943358 -0.019401
vn -0.259072 -0.962810 -0.076670
vn -0.271584 -0.961708 -0.036878
vn -0.287112 -0.957897 -0.000384
vn -0.150638 -0.987404 -0.048392
vn -0.160916 -0.986968 0.000286
vn -0.208700 -0.975784 -0.065492
vn -0.221958 -0.974794 -0.022605
vn -0.111747 -0.990785 -0.076537
vn -0.089537 -0.995453 -0.032513
vn -0.095948 -0.995386 0.001075
vn -0.038640 -0.995019 -0.091893
vn -0.032431 -0.998421 -0.045868
vn -0.032159 -0.999408 -0.012215
vn -0.269856 -0.490284 -0.828733
vn -0.357016 -0.024706 -0.933772
vn -0.271612 0.454911 -0.848105
vn -0.956189 -0.262357 -0.129891
vn -0.963119 0.005876 -0.269010
vn -0.986691 -0.062875 -0.149960
vn -0.943290 0.228901 -0.240432
vn -0.776700 -0.586446 -0.229823
vn -0.773969 -0.612390 -0.161091
vn -0.899631 -0.268971 -0.343973
vn -0.895755 -0.357458 -0.264286
vn -0.905439 -0.356798 -0.229946
vn -0.895160 -0.398877 -0.198960
vn -0.924547 -0.022030 -0.380431
vn -0.956873 -0.054039 -0.285437
vn -0.942641 -0.228755 -0.243105
vn -0.907679 0.236582 -0.346624
vn -0.907046 0.320877 -0.272591
vn -0.914886 0.304680 -0.264865
vn -0.878218 0.450960 -0.159275
vn -0.441810 -0.879711 -0.175818
vn -0.444176 -0.887712 -0.121140
vn -0.641170 -0.679242 -0.357116
vn -0.651326 -0.691972 -0.311368
vn -0.582057 -0.781026 -0.226294
vn -0.630470 -0.757043 -0.171443
vn -0.777968 -0.332333 -0.533218
vn -0.804906 -0.416984 -0.422197
vn -0.826451 -0.397937 -0.398278
vn -0.780873 -0.530874 -0.329256
vn -0.819945 -0.026521 -0.571828
vn -0.890313 -0.017114 -0.455028
vn -0.797016 0.282169 -0.533991
vn -0.819773 0.388192 -0.421046
vn -0.836704 0.379028 -0.395302
vn -0.789402 0.517654 -0.329969
vn -0.285668 -0.935806 -0.206545
vn -0.268108 -0.953780 -0.135724
vn -0.406314 -0.782971 -0.471025
vn -0.445051 -0.805102 -0.392096
vn -0.411527 -0.869936 -0.271765
vn -0.571923 -0.395373 -0.718738
vn -0.615239 -0.509000 -0.601997
vn -0.625429 -0.619068 -0.474966
vn -0.637052 -0.029983 -0.770237
vn -0.743702 -0.030973 -0.667794
vn -0.583049 0.343683 -0.736163
vn -0.633687 0.470917 -0.613740
vn -0.643327 0.600247 -0.475219
vn -0.083823 -0.953638 -0.289048
vn -0.087257 -0.982405 -0.165128
vn -0.095798 -0.987466 -0.125433
vn -0.129853 -0.762552 -0.633761
vn -0.189138 -0.866544 -0.461874
vn -0.156076 -0.918231 -0.363994
vn -0.266268 -0.918031 -0.293805
vn -0.316387 -0.574171 -0.755134
vn -0.413157 -0.679126 -0.606703
vn -0.569956 -0.026631 -0.821243
vn -0.321867 0.537093 -0.779701
vn -0.421973 0.652088 -0.629857
vn -0.717904 -0.255963 -0.647377
vn -0.651957 -0.469516 -0.595405
vn -0.686491 -0.368454 -0.626875
vn -0.720686 -0.196002 -0.664977
vn -0.575853 -0.592531 -0.563294
vn -0.723327 -0.456819 -0.517798
vn -0.827342 -0.215455 -0.518734
vn -0.764840 -0.311683 -0.563803
vn -0.694558 -0.325584 -0.641549
vn -0.795847 -0.124723 -0.592513
vn -0.516842 -0.689698 -0.507140
vn -0.861910 -0.500806 -0.079399
vn -0.815104 -0.554092 -0.169078
vn -0.742074 -0.592498 -0.313485
vn -0.623171 -0.622331 -0.473670
vn -0.946171 -0.313449 -0.080683
vn -0.948126 -0.294567 -0.119529
vn -0.903979 -0.358703 -0.232711
vn -0.812303 -0.437956 -0.385174
vn -0.994073 -0.040025 -0.101083
vn -0.977068 -0.098874 -0.188581
vn -0.917024 -0.190105 -0.350610
vn -0.843798 -0.319245 -0.431379
vn -0.955718 0.274375 -0.106400
vn -0.976974 0.164564 -0.135792
vn -0.959794 0.099603 -0.262441
vn -0.893977 -0.016215 -0.447819
vn -0.611591 -0.788251 -0.067954
vn -0.592229 -0.799984 -0.096391
vn -0.561164 -0.798940 -0.216310
vn -0.513729 -0.763377 -0.391583
vn -0.711810 -0.694983 -0.101612
vn -0.781197 -0.619929 -0.073612
vn -0.710107 -0.693787 -0.120032
vn -0.660835 -0.708402 -0.247919
vn -0.601412 -0.705663 -0.374623
vn -0.868930 -0.481538 -0.114379
vn -0.315088 -0.889944 -0.329725
vn -0.464958 -0.881741 -0.079661
vn -0.457793 -0.885050 -0.084330
vn -0.434618 -0.880467 -0.189434
vn -0.398067 -0.843018 -0.361750
vn -0.605054 -0.786727 -0.122354
vn -0.210862 -0.975221 -0.066947
vn -0.216454 -0.962347 -0.164428
vn -0.208955 -0.920416 -0.330413
vn -0.297900 -0.951712 -0.074168
vn -0.344921 -0.935407 -0.077738
vn -0.338613 -0.925985 -0.167014
vn -0.061986 -0.988340 -0.139071
vn -0.100785 -0.993976 -0.043059
vn -0.064905 -0.995608 -0.067462
vn -0.067455 -0.985404 -0.156295
vn -0.066026 -0.948943 -0.308460
vn -0.120284 -0.982494 -0.142261
vn -0.220008 -0.969706 -0.106146
vn -0.628322 -0.753853 -0.192137
vn -0.650884 -0.668989 -0.358893
vn -0.698880 -0.654734 -0.287908
vn -0.678842 -0.694116 -0.239534
vn -0.694941 -0.700668 -0.161622
vn -0.674360 -0.601141 -0.428799
vn -0.713345 -0.607034 -0.350213
vn -0.698787 -0.526835 -0.483882
vn -0.731743 -0.555373 -0.395111
vn -0.672395 -0.458568 -0.581033
vn -0.725049 -0.449627 -0.521670
vn -0.734512 -0.358373 -0.576247
vn -0.763375 -0.269259 -0.587161
vn -0.540020 -0.819987 -0.189735
vn -0.584766 -0.744439 -0.322273
vn -0.585717 -0.773485 -0.242191
vn -0.560022 -0.680723 -0.472220
vn -0.610971 -0.674487 -0.414465
vn -0.629226 -0.724971 -0.280162
vn -0.612342 -0.619330 -0.491393
vn -0.638287 -0.549708 -0.538898
vn -0.476648 -0.843170 -0.248740
vn -0.455261 -0.872000 -0.179873
vn -0.473263 -0.772230 -0.423891
vn -0.501657 -0.789204 -0.354255
vn -0.509771 -0.812077 -0.284016
vn -0.462879 -0.713234 -0.526345
vn -0.514719 -0.716802 -0.470382
vn -0.545116 -0.738779 -0.396300
vn -0.541158 -0.649105 -0.534612
vn -0.583759 -0.576524 -0.571704
vn -0.393060 -0.839576 -0.374988
vn -0.402097 -0.875598 -0.267669
vn -0.424069 -0.775858 -0.467129
vn -0.443938 -0.831990 -0.332734
vn -0.312833 -0.877391 -0.363758
vn -0.329094 -0.899298 -0.288029
vn -0.293884 -0.803876 -0.517122
vn -0.357113 -0.789691 -0.498856
vn -0.309473 -0.843679 -0.438671
vn -0.373391 -0.784675 -0.494837
vn -0.427636 -0.750890 -0.503281
vn -0.218417 -0.876197 -0.429620
vn -0.237850 -0.908733 -0.342976
vn -0.237398 -0.834114 -0.497892
vn -0.285838 -0.821010 -0.494205
vn -0.138355 -0.875314 -0.463339
vn -0.133095 -0.911832 -0.388391
vn -0.168613 -0.870316 -0.462731
vn -0.046873 -0.880833 -0.471102
vn -0.044198 -0.917428 -0.395441
vn -0.056340 -0.889737 -0.452983
vn -0.678440 -0.663118 -0.316217
vn -0.648062 -0.749835 -0.133277
vn -0.681282 -0.726872 -0.086667
vn -0.696378 -0.711372 -0.094914
vn -0.712488 -0.664613 -0.225054
vn -0.745093 -0.587556 -0.315618
vn -0.545698 -0.829221 -0.120861
vn -0.606345 -0.788200 -0.105297
vn -0.629196 -0.754953 -0.184818
vn -0.633722 -0.712064 -0.302261
vn -0.601245 -0.790689 -0.115389
vn -0.451384 -0.882773 -0.130247
vn -0.495060 -0.863522 -0.096154
vn -0.932981 -0.119224 -0.339606
vn -0.981578 -0.189320 -0.025727
vn -0.962060 -0.210490 0.173594
vn -0.836861 -0.178179 0.517605
vn -0.751475 0.574013 -0.325262
vn -0.761221 0.648225 -0.018614
vn -0.754971 0.639937 0.143179
vn -0.689242 0.547496 0.474545
vn -0.678951 -0.700885 -0.218599
vn -0.621456 -0.771578 -0.135869
vn -0.540078 -0.841526 -0.012273
vn -0.502886 -0.845324 0.180371
vn -0.496477 -0.788482 0.363052
vn -0.947140 -0.113259 -0.300165
vn -0.896147 -0.266173 -0.355066
vn -0.721372 -0.690467 -0.053636
vn -0.682582 -0.702368 0.201896
vn -0.709780 -0.367079 0.601221
vn -0.590203 -0.113902 0.799179
vn -0.764582 0.582811 -0.275219
vn -0.676335 0.681724 -0.278967
vn -0.423417 0.905624 -0.023725
vn -0.378276 0.911020 0.164161
vn -0.544252 0.650494 0.529761
vn -0.488022 0.515137 0.704605
vn -0.412132 -0.897238 -0.158468
vn -0.364572 -0.929566 -0.054724
vn -0.318249 -0.946994 0.043830
vn -0.285565 -0.941013 0.181512
vn -0.320707 -0.847474 0.423007
vn -0.236633 -0.676526 0.697364
vn -0.475666 -0.638311 0.605228
vn -0.325379 -0.222829 0.918953
vn -0.489722 0.847998 -0.202660
vn -0.416363 0.904793 -0.089394
vn -0.321998 0.945953 0.038598
vn -0.272184 0.942230 0.195241
vn -0.247923 0.891667 0.378766
vn -0.194906 0.573109 0.795963
vn -0.306050 -0.945340 -0.112541
vn -0.223726 -0.974651 -0.001510
vn -0.199161 -0.976655 0.080500
vn -0.175034 -0.963907 0.200614
vn -0.155068 -0.915412 0.371449
vn -0.102653 -0.668071 0.736982
vn -0.124265 -0.049061 0.991035
vn -0.373942 0.917550 -0.135167
vn -0.311471 0.949814 -0.028977
vn -0.204214 0.974965 0.087975
vn -0.149062 0.955799 0.253434
vn -0.140606 0.884128 0.445587
vn -0.253203 0.965153 -0.066090
vn -0.206175 0.978037 0.030595
vn -0.209755 -0.976912 -0.040568
vn -0.124624 -0.985055 0.118890
vn -0.099243 -0.969492 0.224132
vn -0.068980 -0.908491 0.412171
vn -0.029581 -0.065758 0.997397
vn -0.133210 0.982493 0.130239
vn -0.054161 0.855786 0.514486
vn -0.036507 0.564095 0.824903
vn -0.158430 0.987115 -0.022458
vn -0.076633 0.975210 0.207588
vn -0.121987 -0.992274 0.022621
vn -0.103385 -0.991842 0.074577
vn -0.044660 -0.963794 0.262880
vn -0.004786 -0.892771 0.450485
vn 0.010366 -0.644354 0.764657
vn -0.027120 0.935377 0.352610
vn -0.112666 0.993548 0.013017
vn -0.091520 0.994623 0.048472
vn -0.052841 -0.985428 0.161676
vn 0.065638 -0.079417 0.994678
vn 0.046891 0.806631 0.589193
vn 0.053143 0.519948 0.852543
vn -0.072165 0.991576 0.107559
vn -0.025495 0.986217 0.163478
vn 0.001265 0.967862 0.251479
vn -0.046496 -0.997260 0.057532
vn -0.023041 -0.993860 0.108215
vn -0.015005 -0.982873 0.183674
vn 0.049774 -0.875209 0.481178
vn 0.121996 -0.613797 0.779981
vn 0.045984 0.911119 0.409569
vn -0.055646 0.996376 0.064334
vn -0.030558 0.992603 0.117495
vn 0.030396 -0.948036 0.316709
vn 0.095671 -0.900481 0.424242
vn 0.175169 -0.771616 0.611493
vn 0.287900 -0.533533 0.795271
vn 0.184668 -0.172030 0.967628
vn 0.103054 0.880030 0.463602
vn 0.132225 0.773851 0.619412
vn 0.298436 0.460051 0.836235
vn 0.030698 0.976510 0.213276
vn 0.048674 0.953153 0.298546
vn 0.032760 -0.976313 0.213869
vn 0.071820 -0.943495 0.323510
vn 0.119656 -0.881723 0.456342
vn 0.216773 -0.705970 0.674252
vn 0.382253 -0.190570 0.904193
vn 0.364893 -0.040744 0.930158
vn 0.158643 0.829932 0.534833
vn 0.305596 0.579192 0.755744
vn 0.019022 0.986365 0.163467
vn 0.086972 0.933499 0.347873
vn 0.024428 -0.990663 0.134123
vn 0.060474 -0.976627 0.206261
vn 0.112088 -0.935340 0.335523
vn 0.154336 -0.851425 0.501255
vn 0.257321 -0.091718 0.961963
vn 0.189898 0.853503 0.485255
vn 0.235830 0.499100 0.833837
vn 0.038093 0.988207 0.148312
vn 0.067605 0.974143 0.215583
vn 0.096567 0.941988 0.321456
vn 0.171558 -0.875550 0.451642
vn 0.247231 -0.748148 0.615752
vn 0.244579 -0.600937 0.760957
vn 0.359443 -0.505637 0.784303
vn 0.285754 -0.164472 0.944083
vn 0.223457 0.748624 0.624202
vn 0.377126 0.446340 0.811515
vn 0.095964 -0.967184 0.235259
vn 0.156508 -0.920388 0.358317
vn 0.210865 -0.846953 0.488064
vn 0.288849 -0.671879 0.682016
vn 0.444118 -0.178451 0.878017
vn 0.427485 -0.033749 0.903392
vn 0.242842 0.807014 0.538290
vn 0.387941 0.540935 0.746252
vn 0.071075 0.979045 0.190839
vn 0.103883 0.961189 0.255585
vn 0.163837 0.912069 0.375883
vn 0.116433 -0.964524 0.236932
vn 0.185911 -0.906111 0.379999
vn 0.300211 -0.750614 0.588602
vn 0.319615 -0.619763 0.716757
vn 0.419818 -0.506567 0.753089
vn 0.383174 -0.178378 0.906289
vn 0.256197 0.822306 0.508110
vn 0.279844 0.758130 0.589004
vn 0.331987 0.481516 0.811127
vn 0.081231 0.971528 0.222565
vn 0.119991 0.895215 0.429176
vn 0.198345 -0.908446 0.367948
vn 0.261138 -0.824284 0.502358
vn 0.348408 -0.661760 0.663841
vn 0.515268 -0.173560 0.839271
vn 0.500721 -0.032997 0.864980
vn 0.296039 0.757280 0.582141
vn 0.436318 0.519616 0.734593
vn 0.450910 0.429898 0.782220
vn 0.031979 0.947006 0.319619
vn -0.811166 -0.311671 -0.494845
vn -0.901834 -0.369492 -0.223990
vn -0.937330 -0.335134 -0.095382
vn -0.480674 -0.858697 -0.177738
vn -0.482751 -0.872022 -0.080796
vn -0.643848 -0.273949 -0.714431
vn -0.707837 -0.427090 -0.562638
vn -0.614021 -0.740516 -0.273156
vn -0.683425 -0.723671 -0.096079
vn -0.330542 -0.855060 -0.399518
vn -0.356377 -0.908899 -0.216562
vn -0.323011 -0.942402 -0.086843
vn -0.457807 -0.720780 -0.520470
vn -0.499914 -0.791589 -0.351386
vn -0.293076 -0.798260 -0.526201
vn -0.251140 -0.948299 -0.194055
vn -0.231600 -0.968235 -0.094248
vn -0.488612 -0.216396 -0.845240
vn -0.492944 -0.420912 -0.761472
vn -0.259438 -0.705018 -0.660032
vn -0.210314 -0.927570 -0.308841
vn -0.195136 -0.961276 -0.194604
vn -0.347751 -0.327867 -0.878392
vn -0.406445 -0.640509 -0.651576
vn -0.142804 -0.982878 -0.116437
vn -0.193387 -0.781738 -0.592863
vn -0.165694 -0.896182 -0.411587
vn -0.386471 -0.251523 -0.887342
vn -0.384370 -0.360646 -0.849820
vn -0.136860 -0.947015 -0.290573
vn -0.125767 -0.970290 -0.206688
vn -0.161433 -0.296418 -0.941316
vn -0.212795 -0.656603 -0.723596
vn -0.057877 -0.970929 -0.232266
vn -0.072831 -0.983396 -0.166214
vn -0.084455 -0.992008 -0.093741
vn -0.094967 -0.826767 -0.554470
vn -0.085213 -0.911048 -0.403399
vn -0.088149 -0.952826 -0.290436
vn -0.105117 -0.634842 -0.765458
vn -0.945154 -0.325545 0.026549
vn -0.924764 -0.338440 0.173984
vn -0.842631 -0.287336 0.455424
vn -0.491012 -0.870795 0.024957
vn -0.525243 -0.837497 0.150730
vn -0.573197 -0.775530 0.264572
vn -0.695400 -0.717907 0.032073
vn -0.689296 -0.697599 0.195516
vn -0.782118 -0.422564 0.457963
vn -0.798947 -0.229298 0.555973
vn -0.337980 -0.941133 0.006146
vn -0.348067 -0.931188 0.108346
vn -0.489875 -0.822478 0.289052
vn -0.615331 -0.658600 0.433144
vn -0.737737 -0.418919 0.529387
vn -0.691493 -0.251236 0.677287
vn -0.252648 -0.967553 -0.003167
vn -0.323825 -0.931230 0.167177
vn -0.417967 -0.859864 0.293150
vn -0.401004 -0.836022 0.374517
vn -0.592781 -0.691998 0.412006
vn -0.528606 -0.670501 0.520581
vn -0.224202 -0.973185 0.051424
vn -0.264593 -0.954231 0.139406
vn -0.285050 -0.930966 0.228141
vn -0.366910 -0.824359 0.431057
vn -0.568420 -0.405928 0.715626
vn -0.612017 -0.209564 0.762574
vn -0.171631 -0.984710 -0.029809
vn -0.150583 -0.988341 0.022521
vn -0.188053 -0.975485 0.114306
vn -0.232984 -0.951191 0.202372
vn -0.283808 -0.910359 0.301164
vn -0.370430 -0.808201 0.457814
vn -0.404263 -0.729094 0.552262
vn -0.493477 -0.615764 0.614259
vn -0.551880 -0.369219 0.747734
vn -0.541335 -0.196949 0.817415
vn -0.113873 -0.992810 -0.036885
vn -0.125959 -0.990183 0.060601
vn -0.158759 -0.967531 0.196670
vn -0.224658 -0.941125 0.252613
vn -0.270483 -0.889611 0.368009
vn -0.336137 -0.783910 0.522012
vn -0.350733 -0.666011 0.658343
vn -0.449001 -0.575011 0.683930
vn -0.430440 -0.307921 0.848473
vn -0.098554 -0.995127 0.003186
vn -0.117917 -0.987280 0.106646
vn -0.190899 -0.930717 0.311968
vn -0.237462 -0.871084 0.429912
vn -0.328392 -0.707074 0.626263
vn -0.466213 -0.321232 0.824291
vn -0.448689 -0.194904 0.872176
vn -0.775766 -0.628388 0.057575
vn -0.794103 -0.607383 0.022072
vn -0.815515 -0.576847 0.046719
vn -0.826618 -0.556304 0.085024
vn -0.822060 -0.566802 0.054340
vn -0.841279 -0.537516 0.057672
vn -0.754823 -0.654356 0.045390
vn -0.756322 -0.648723 0.084472
vn -0.789546 -0.611600 0.050614
vn -0.788763 -0.608823 0.084780
vn -0.686260 -0.727285 0.010206
vn -0.685371 -0.726791 0.045184
vn -0.684134 -0.723388 0.093116
vn -0.726632 -0.686627 0.023439
vn -0.718612 -0.691943 0.069364
vn -0.620046 -0.783137 0.047316
vn -0.609878 -0.787523 0.088640
vn -0.649918 -0.759593 0.025007
vn -0.648877 -0.757908 0.067338
vn -0.639938 -0.761301 0.104403
vn -0.838385 -0.532259 0.117525
vn -0.850476 -0.504688 0.148259
vn -0.777954 -0.617574 0.115715
vn -0.795867 -0.587316 0.147159
vn -0.811318 -0.574926 0.105942
vn -0.806694 -0.566229 0.169204
vn -0.726656 -0.678281 0.109116
vn -0.712416 -0.685212 0.151483
vn -0.707237 -0.680509 0.191632
vn -0.748838 -0.647171 0.142871
vn -0.751484 -0.636647 0.173067
vn -0.776920 -0.600745 0.188416
vn -0.645471 -0.750873 0.139847
vn -0.683900 -0.716283 0.138635
vn -0.669902 -0.720917 0.177511
vn -0.793468 -0.569307 0.215171
vn -0.742912 -0.633283 0.216876
vn -0.760590 -0.592914 0.264492
vn -0.662924 -0.716816 0.216119
vn -0.702557 -0.672332 0.233204
vn -0.692380 -0.670854 0.265641
vn -0.727635 -0.639020 0.249399
vn -0.722119 -0.623917 0.298784
vn 0.141062 -0.903280 0.405199
vn 0.249039 -0.696404 0.673053
vn 0.436553 -0.546908 0.714362
vn 0.284272 -0.102908 0.953205
vn 0.521620 -0.076418 0.849749
vn -0.152411 0.742257 0.652553
vn 0.152805 0.603612 0.782498
vn 0.449406 0.409430 0.793978
vn -0.187604 0.868017 0.459730
vn 0.110320 0.835337 0.538555
vn -0.059879 -0.916638 0.395208
vn -0.137460 -0.709587 0.691079
vn -0.362780 -0.270870 0.891639
vn -0.714534 -0.228558 0.661212
vn -0.458966 0.623164 0.633259
vn -0.506473 0.361101 0.783002
vn -0.795701 0.027921 0.605046
vn -0.679047 0.587751 0.439824
vn -0.790671 0.384487 0.476455
vn -0.856387 0.211844 0.470876
vn -0.945223 0.238172 0.223221
vn -0.993673 -0.007461 0.112061
vn -0.997317 -0.049424 0.054001
vn -0.993885 0.077907 0.078249
vn -0.993732 -0.092399 0.062919
vn -0.999398 0.020373 0.028091
vn -0.997282 -0.029417 0.067547
vn -0.383070 -0.871560 0.306008
vn -0.538563 -0.698949 0.470553
vn -0.770276 -0.545267 0.330695
vn -0.850860 -0.473670 0.227317
vn -0.588307 -0.504010 0.632352
vn -0.805690 -0.382840 0.451993
vn -0.915314 -0.354767 0.190632
vn -0.932742 -0.348140 0.093756
vn -0.947916 -0.306505 0.086659
vn -0.902855 -0.134127 0.408489
vn -0.954952 -0.212995 0.206640
vn -0.961338 -0.257510 0.097557
vn -0.961473 -0.261824 0.083775
vn -0.915205 0.214277 0.341300
vn -0.929188 0.232984 0.286927
vn -0.962025 0.020697 0.272175
vn -0.980184 -0.145935 0.133949
vn -0.975011 -0.205993 0.083196
vn -0.988936 0.024761 0.146263
vn -0.992185 -0.028438 0.121488
vn -0.991808 -0.092116 0.088494
vn -0.985874 -0.145624 0.082741
vn -0.992481 -0.030451 0.118547
vn -0.662539 -0.737318 0.131926
vn -0.776438 -0.617286 0.126893
vn -0.827337 -0.550565 0.111320
vn -0.864924 -0.496532 0.073230
vn -0.890621 -0.447427 0.081266
vn -0.617086 -0.755464 0.220179
vn -0.702046 -0.670268 0.240565
vn -0.804587 -0.558462 0.201889
vn -0.878339 -0.462791 0.119770
vn -0.907245 -0.413842 0.075106
vn -0.927748 -0.361866 0.091303
vn -0.865540 -0.495506 0.072900
vn -0.958548 -0.264087 0.106977
vn -0.973578 -0.203505 0.103598
vn -0.963464 -0.227056 0.142067
vn -0.982850 -0.151678 0.104878
vn -0.975408 -0.161667 0.149810
vn -0.981577 -0.101648 0.161788
vn -0.988557 -0.095074 0.117114
vn -0.986093 -0.033644 0.162752
vn -0.908410 -0.402983 0.111341
vn -0.907977 -0.392867 0.145717
vn -0.928262 -0.352078 0.119875
vn -0.925464 -0.344545 0.157497
vn -0.944109 -0.304126 0.127143
vn -0.941599 -0.289579 0.171858
vn -0.949152 -0.240849 0.202736
vn -0.968613 -0.168062 0.183150
vn -0.976887 -0.102589 0.187528
vn -0.979587 -0.037119 0.197562
vn -0.871390 -0.479559 0.103452
vn -0.868223 -0.456709 0.193925
vn -0.887608 -0.442070 0.129331
vn -0.887939 -0.428299 0.167704
vn -0.909773 -0.375095 0.177812
vn -0.926487 -0.317174 0.202542
vn -0.834379 -0.515985 0.193835
vn -0.952368 -0.213314 0.217930
vn -0.961065 -0.163201 0.222978
vn -0.966782 -0.103328 0.233784
vn -0.970928 -0.035002 0.236799
vn -0.878964 -0.425053 0.216222
vn -0.904477 -0.374168 0.204741
vn -0.893748 -0.378751 0.240340
vn -0.911930 -0.321616 0.254847
vn -0.939469 -0.241587 0.242969
vn -0.941471 -0.182927 0.283143
vn -0.950583 -0.111324 0.289826
vn -0.964176 -0.036832 0.262695
vn -0.949338 -0.043235 0.311268
vn -0.826488 -0.507425 0.243797
vn -0.854647 -0.451913 0.255642
vn -0.863360 -0.410739 0.293091
vn -0.884167 -0.351108 0.308175
vn -0.902585 -0.286210 0.321595
vn -0.926002 -0.254054 0.279244
vn -0.916134 -0.194336 0.350617
vn -0.803671 -0.547159 0.233943
vn -0.792537 -0.539900 0.283536
vn -0.823898 -0.483745 0.295267
vn -0.829498 -0.435341 0.349873
vn -0.755465 -0.572356 0.318874
vn -0.798774 -0.504127 0.328353
vn -0.907364 -0.264152 0.326977
vn -0.927704 -0.115759 0.354915
vn -0.929478 -0.044582 0.366173
vn -0.852017 -0.366494 0.373831
vn -0.860929 -0.322835 0.393165
vn -0.877588 -0.268566 0.397130
vn -0.888363 -0.204788 0.410942
vn -0.897347 -0.131583 0.421254
vn -0.900891 -0.046474 0.431551
vn -0.781280 -0.499809 0.373889
vn -0.783469 -0.464806 0.412469
vn -0.807946 -0.394048 0.438120
vn -0.851655 -0.299469 0.430119
vn -0.854043 -0.223376 0.469801
vn -0.862366 -0.144628 0.485187
vn -0.869585 -0.054079 0.490812
vn -0.035617 -0.242412 -0.969519
vn -0.043971 -0.633325 -0.772636
vn -0.043624 -0.992217 -0.116624
vn -0.016574 -0.823622 -0.566897
vn -0.023029 -0.908111 -0.418096
vn -0.031810 -0.949590 -0.311875
vn -0.010753 -0.970095 -0.242486
vn -0.018221 -0.984702 -0.173290
vn 0.017673 -0.232469 -0.972443
vn 0.022535 -0.617737 -0.786062
vn 0.000469 -0.990885 -0.134712
vn 0.053042 -0.804096 -0.592129
vn 0.038035 -0.894339 -0.445771
vn 0.017466 -0.941345 -0.336993
vn 0.031614 -0.962530 -0.269328
vn 0.021802 -0.980238 -0.196615
vn 0.099321 -0.262937 -0.959687
vn 0.077127 -0.603793 -0.793401
vn 0.130784 -0.762678 -0.633417
vn 0.082359 -0.871899 -0.482711
vn 0.056207 -0.931171 -0.360223
vn 0.157347 -0.600724 -0.783819
vn -0.041586 -0.989193 -0.140601
vn 0.137291 -0.698457 -0.702359
vn 0.052819 -0.918260 -0.392439
vn 0.300540 -0.223578 -0.927194
vn 0.253117 -0.353447 -0.900559
vn -0.091629 -0.949502 -0.300083
vn -0.045864 -0.972007 -0.230432
vn 0.056350 -0.686670 -0.724782
vn 0.056896 -0.844314 -0.532820
vn 0.062901 -0.294940 -0.953443
vn -0.071034 -0.995929 -0.055493
vn -0.087177 -0.995139 0.045805
vn -0.095220 -0.985513 0.140348
vn -0.283611 -0.768970 0.572930
vn -0.375029 -0.564372 0.735416
vn -0.059840 -0.998120 -0.013267
vn -0.077001 -0.993355 0.085541
vn -0.108286 -0.972319 0.207052
vn -0.106452 -0.959180 0.261994
vn -0.157335 -0.920683 0.357196
vn -0.189842 -0.858460 0.476452
vn -0.032617 -0.996812 -0.072814
vn -0.049959 -0.998347 0.028430
vn -0.024019 -0.999300 -0.028697
vn -0.043964 -0.996639 0.069123
vn -0.053376 -0.991140 0.121621
vn -0.055075 -0.979900 0.191735
vn -0.086964 -0.952695 0.291221
vn -0.104862 -0.911766 0.397097
vn 0.002484 -0.995950 -0.089876
vn -0.007582 -0.999957 0.005244
vn 0.007652 -0.998697 -0.050456
vn -0.004584 -0.998994 0.044599
vn -0.008988 -0.995151 0.097951
vn -0.018378 -0.988603 0.149423
vn -0.046990 -0.960980 0.272597
vn -0.026097 -0.995940 -0.086148
vn -0.005885 -0.981872 0.189452
vn -0.042912 -0.934708 0.352817
vn 0.004915 -0.968394 0.249376
vn -0.290369 -0.654352 0.698219
vn -0.348666 -0.305544 0.886044
vn -0.270425 -0.692039 0.669292
vn -0.407784 -0.336205 0.848928
vn -0.382984 -0.211496 0.899218
vn -0.219138 -0.764203 0.606607
vn -0.253870 -0.585788 0.769677
vn -0.172315 -0.774744 0.608341
vn -0.165884 -0.658195 0.734344
vn -0.206070 -0.337245 0.918586
vn -0.117692 -0.844962 0.521717
vn -0.156575 -0.693946 0.702797
vn -0.287568 -0.340993 0.895002
vn -0.318008 -0.224394 0.921151
vn -0.083219 -0.870698 0.484726
vn -0.122454 -0.756676 0.642220
vn -0.157403 -0.605775 0.779910
vn -0.122034 -0.274323 0.953863
vn -0.034722 -0.893021 0.448673
vn -0.050253 -0.803216 0.593564
vn -0.057401 -0.603739 0.795113
vn -0.505567 -0.861197 0.052368
vn -0.511947 -0.855598 0.076572
vn -0.572395 -0.819672 0.022397
vn -0.571279 -0.819346 0.048090
vn -0.560699 -0.823287 0.088408
vn -0.490413 -0.871175 0.023442
vn -0.467069 -0.877517 0.108674
vn -0.371556 -0.927299 0.045416
vn -0.365219 -0.926416 0.091483
vn -0.438843 -0.898439 0.014968
vn -0.438176 -0.897443 0.050969
vn -0.432471 -0.897161 0.089833
vn -0.331489 -0.943167 0.023478
vn -0.326157 -0.942791 0.069033
vn -0.276600 -0.960201 0.038806
vn -0.259696 -0.962668 0.076341
vn -0.153966 -0.986737 0.051414
vn -0.224189 -0.974334 0.020287
vn -0.212657 -0.976170 0.043243
vn -0.205745 -0.975643 0.076097
vn -0.186782 -0.976961 0.103244
vn -0.092127 -0.995181 0.033573
vn -0.109902 -0.990985 0.076615
vn -0.035022 -0.999042 0.026227
vn -0.030557 -0.998499 0.045458
vn -0.038914 -0.995095 0.090946
vn -0.567777 -0.814682 0.117995
vn -0.532838 -0.831413 0.157595
vn -0.608541 -0.783650 0.124779
vn -0.593218 -0.789321 0.158317
vn -0.613198 -0.768844 0.181296
vn -0.511170 -0.850552 0.123552
vn -0.502425 -0.843370 0.190514
vn -0.550309 -0.814935 0.181772
vn -0.425585 -0.895731 0.128621
vn -0.398546 -0.902715 0.162069
vn -0.464760 -0.872273 0.152111
vn -0.449652 -0.871950 0.193689
vn -0.309529 -0.943471 0.118548
vn -0.355926 -0.924368 0.137332
vn -0.344243 -0.920419 0.185271
vn -0.397841 -0.896735 0.193879
vn -0.248469 -0.962903 0.105264
vn -0.262519 -0.953850 0.145785
vn -0.265003 -0.946943 0.181857
vn -0.189291 -0.969613 0.154980
vn -0.157126 -0.973092 0.168531
vn -0.197446 -0.961198 0.192648
vn -0.122327 -0.984477 0.125864
vn -0.113787 -0.977824 0.175818
vn -0.043132 -0.990292 0.132140
vn -0.039647 -0.983757 0.175070
vn -0.042403 -0.977276 0.207688
vn -0.577283 -0.785491 0.223043
vn -0.624388 -0.750925 0.215061
vn -0.620854 -0.743764 0.247701
vn -0.650251 -0.714898 0.257087
vn -0.651844 -0.697053 0.298692
vn -0.678966 -0.662123 0.317172
vn -0.530511 -0.820422 0.213229
vn -0.513520 -0.818861 0.256444
vn -0.561745 -0.779305 0.277714
vn -0.596144 -0.742168 0.306265
vn -0.618331 -0.696503 0.364076
vn -0.426577 -0.874770 0.229804
vn -0.472388 -0.849648 0.234409
vn -0.459006 -0.844908 0.274671
vn -0.494258 -0.809900 0.315867
vn -0.525273 -0.780339 0.339352
vn -0.375641 -0.897507 0.231032
vn -0.398647 -0.878711 0.262578
vn -0.415004 -0.858869 0.300192
vn -0.383603 -0.865223 0.322858
vn -0.284580 -0.933952 0.216214
vn -0.320596 -0.910196 0.262225
vn -0.294327 -0.913258 0.281657
vn -0.318149 -0.885585 0.338408
vn -0.207394 -0.949763 0.234390
vn -0.210965 -0.942687 0.258526
vn -0.213657 -0.927725 0.306068
vn -0.238109 -0.905836 0.350378
vn -0.122183 -0.970095 0.209731
vn -0.123489 -0.961775 0.244415
vn -0.129456 -0.944387 0.302281
vn -0.129479 -0.932897 0.336062
vn -0.041936 -0.966803 0.252058
vn -0.044325 -0.951509 0.304411
vn -0.656646 -0.651996 0.379100
vn -0.572680 -0.741529 0.349532
vn -0.538188 -0.746776 0.390742
vn -0.529244 -0.727098 0.437298
vn -0.434022 -0.824142 0.363888
vn -0.454906 -0.785143 0.420252
vn -0.459569 -0.753099 0.470784
vn -0.351128 -0.854751 0.382243
vn -0.276669 -0.885639 0.372959
vn -0.363145 -0.829717 0.423904
vn -0.365700 -0.813470 0.452250
vn -0.365445 -0.779564 0.508655
vn -0.240604 -0.877772 0.414279
vn -0.268200 -0.839394 0.472744
vn -0.280785 -0.813696 0.508978
vn -0.145213 -0.918614 0.367508
vn -0.142512 -0.890807 0.431455
vn -0.163315 -0.854615 0.492911
vn -0.176847 -0.847073 0.501190
vn -0.046257 -0.927475 0.371011
vn -0.045260 -0.903835 0.425480
vn -0.049378 -0.869633 0.491223
vn -0.056838 -0.864753 0.498971
vn -0.715054 -0.600896 0.357241
vn -0.740370 -0.554309 0.380255
vn -0.728154 -0.532878 0.431083
vn -0.743619 -0.472484 0.473064
vn -0.775998 -0.399487 0.488095
vn -0.826222 -0.311101 0.469652
vn -0.799706 -0.332762 0.499740
vn -0.834874 -0.236916 0.496846
vn -0.851747 -0.155363 0.500390
vn -0.899702 -0.054318 0.433111
vn -0.683885 -0.595834 0.421050
vn -0.672718 -0.575821 0.464629
vn -0.696276 -0.528537 0.485642
vn -0.755979 -0.426720 0.496393
vn -0.811394 -0.389835 0.435509
vn -0.855274 -0.267025 0.444077
vn -0.897160 -0.151642 0.414860
vn -0.612762 -0.661821 0.431874
vn -0.576868 -0.669439 0.468053
vn -0.615995 -0.616818 0.489986
vn -0.655670 -0.562915 0.503213
vn -0.738835 -0.517716 0.431385
vn -0.506276 -0.706430 0.494612
vn -0.477745 -0.717919 0.506313
vn -0.542173 -0.671605 0.504971
vn -0.565401 -0.709171 0.421187
vn -0.637330 -0.640884 0.427877
vn -0.407755 -0.754976 0.513564
vn -0.393312 -0.815773 0.424052
vn -0.486038 -0.760569 0.430468
vn -0.306244 -0.843817 0.440667
vn -0.194415 -0.885434 0.422148
vn -0.069029 -0.910544 0.407608
vn -0.299440 -0.692633 -0.656198
vn -0.118139 -0.827122 -0.549466
vn -0.073932 -0.931678 -0.355682
vn -0.730965 -0.188576 -0.655842
vn -0.379681 -0.389028 -0.839345
vn -0.854554 -0.353846 0.380173
vn -0.906455 -0.302039 0.295146
vn -0.936015 -0.327043 0.130070
vn -0.917388 -0.397935 -0.006840
vn -0.843084 -0.526217 -0.110926
vn -0.718780 -0.675523 -0.164391
vn -0.581379 -0.798491 -0.156239
vn -0.347161 -0.922588 -0.168256
vn -0.234172 -0.967948 -0.090777
vn -0.947637 -0.179531 0.264108
vn -0.969365 -0.236721 0.065542
vn -0.928569 -0.348583 -0.127472
vn -0.824304 -0.505304 -0.255325
vn -0.549120 -0.731652 -0.403921
vn -0.383355 -0.879064 -0.283346
vn -0.293757 -0.916994 -0.269867
vn -0.969288 -0.066144 0.236869
vn -0.995064 -0.099179 -0.003461
vn -0.911527 -0.214788 -0.350691
vn -0.716676 -0.522411 -0.462020
vn -0.780882 -0.554228 0.288193
vn -0.827502 -0.540901 0.150556
vn -0.822848 -0.563258 0.075245
vn -0.854785 -0.428857 0.292274
vn -0.882156 -0.440980 0.165342
vn -0.870445 -0.487930 0.065194
vn -0.706306 -0.701852 0.092390
vn -0.903578 -0.424219 0.059875
vn -0.863085 -0.505005 -0.007394
vn -0.800364 -0.599267 -0.017235
vn -0.699890 -0.714045 -0.017128
vn -0.575747 -0.817402 -0.019219
vn -0.454556 -0.890675 0.008812
vn -0.676019 -0.683004 0.276591
vn -0.692466 -0.704378 0.156023
vn -0.694366 -0.709127 0.122459
vn -0.762253 -0.628150 0.156198
vn -0.770025 -0.628253 0.111174
vn -0.729200 -0.665249 0.160348
vn -0.774143 -0.626199 0.092616
vn -0.709526 -0.685269 0.164255
vn -0.495054 -0.821818 0.282022
vn -0.502545 -0.851061 0.152134
vn -0.504978 -0.852866 0.132727
vn -0.591694 -0.759051 0.271550
vn -0.606074 -0.780314 0.154221
vn -0.602736 -0.789772 0.113883
vn -0.615512 -0.770406 0.166195
vn -0.583505 -0.781203 0.221909
vn -0.675378 -0.714377 0.183113
vn -0.646997 -0.727677 0.227775
vn -0.303838 -0.905155 0.297283
vn -0.381734 -0.880581 0.280812
vn -0.383320 -0.910325 0.156121
vn -0.378911 -0.917854 0.118194
vn -0.370768 -0.914939 0.159429
vn -0.359827 -0.907705 0.215860
vn -0.496249 -0.847363 0.188976
vn -0.478845 -0.843191 0.244411
vn -0.210846 -0.933461 0.290164
vn -0.200709 -0.964435 0.171990
vn -0.274946 -0.946572 0.168541
vn -0.226111 -0.961249 0.157717
vn -0.232516 -0.939298 0.252301
vn -0.075977 -0.958359 0.275272
vn -0.083279 -0.985767 0.146043
vn -0.071897 -0.985081 0.156351
vn -0.126605 -0.979950 0.153846
vn -0.086699 -0.986167 0.141272
vn -0.076861 -0.978906 0.189305
vn -0.007668 -0.999724 -0.022220
vn -0.027506 -0.998596 0.045263
vn -0.016611 -0.987096 0.159267
vn 0.003661 -0.942141 0.335197
vn -0.166219 -0.985109 -0.043940
vn -0.089617 -0.995965 0.004806
vn -0.049161 -0.991671 0.119046
vn -0.596695 -0.794032 0.116051
vn -0.390033 -0.919374 0.051236
vn -0.247844 -0.966842 0.061563
vn -0.138723 -0.986124 0.091191
vn 0.011309 -0.979885 0.199242
vn 0.040475 -0.945070 0.324352
vn -0.625880 -0.751137 0.209920
vn -0.662892 -0.728912 0.171060
vn -0.426432 -0.869389 0.249636
vn -0.514412 -0.846957 0.134326
vn -0.457986 -0.875807 0.152355
vn -0.355343 -0.922808 0.148852
vn -0.289001 -0.942910 0.165529
vn -0.180066 -0.964988 0.190722
vn -0.097628 -0.970257 0.221516
vn -0.025166 -0.970684 0.239038
vn 0.025162 -0.945868 0.323576
vn -0.613843 -0.735951 0.285610
vn -0.574868 -0.745525 0.337222
vn -0.567938 -0.789845 0.231499
vn -0.596318 -0.749561 0.287337
vn -0.534157 -0.782685 0.319502
vn -0.323040 -0.898325 0.297753
vn -0.204356 -0.928034 0.311435
vn -0.099788 -0.935821 0.338057
vn -0.022344 -0.903748 0.427480
vn -0.406714 -0.857361 0.315460
vn -0.543343 -0.788850 0.287218
vn -0.485968 -0.795234 0.362543
vn -0.440190 -0.788644 0.429271
vn -0.478395 -0.798669 0.365056
vn -0.377746 -0.838276 0.393193
vn -0.304538 -0.824088 0.477636
vn -0.272660 -0.880139 0.388601
vn -0.185957 -0.874236 0.448477
vn -0.111546 -0.847902 0.518285
vn -0.282515 -0.913360 0.293186
vn -0.262810 -0.881886 0.391418
vn -0.331613 -0.843744 0.422053
vn -0.317180 -0.832434 0.454368
vn -0.247842 -0.820395 0.515293
vn -0.296510 -0.796781 0.526519
vn -0.202962 -0.790252 0.578193
vn -0.195212 -0.801709 0.564938
vn -0.011401 -0.859214 0.511489
vn -0.082565 -0.959625 0.268893
vn -0.092632 -0.942564 0.320925
vn -0.093798 -0.906690 0.411235
vn -0.094648 -0.843495 0.528732
vn -0.081094 -0.787225 0.611310
vn -0.058746 -0.770969 0.634157
vn -0.023455 -0.810286 0.585565
vn -0.021270 -0.242880 0.969823
vn 0.021374 -0.907998 0.418428
vn 0.016802 -0.823299 0.567359
vn 0.012020 -0.611536 0.791126
vn 0.058410 -0.248456 0.966880
vn 0.064455 -0.905628 0.419147
vn 0.060417 -0.830603 0.553578
vn 0.088570 -0.646168 0.758039
vn 0.118197 -0.803123 0.583971
vn 0.064096 -0.875682 0.478615
vn 0.179737 -0.625351 0.759362
vn 0.151294 -0.288554 0.945435
vn 0.057607 -0.823988 0.563672
vn 0.142096 -0.711458 0.688213
vn 0.305260 -0.370070 0.877419
vn 0.359143 -0.247212 0.899946
vn 0.026154 -0.765706 0.642659
vn 0.061634 -0.639393 0.766406
vn 0.103603 -0.297140 0.949197
vn -0.976421 -0.138919 -0.165235
vn -0.981688 -0.050279 -0.183740
vn -0.984399 0.026305 -0.173974
vn -0.979184 0.117525 -0.165492
vn -0.921954 -0.143759 -0.359632
vn -0.955961 -0.141388 -0.257191
vn -0.925715 -0.058201 -0.373717
vn -0.961588 -0.056890 -0.268536
vn -0.927713 0.033510 -0.371787
vn -0.965652 0.032302 -0.257824
vn -0.958566 0.119121 -0.258769
vn -0.934131 0.194574 -0.299233
vn -0.953769 0.206575 -0.218291
vn -0.926822 0.283217 -0.246554
vn -0.943044 0.292324 -0.158791
vn -0.912462 0.356429 -0.200925
vn -0.865732 -0.166224 -0.472099
vn -0.859833 -0.063939 -0.506557
vn -0.863107 0.032425 -0.503979
vn -0.925369 0.121126 -0.359195
vn -0.887579 0.138409 -0.439371
vn -0.879474 0.212526 -0.425862
vn -0.905539 0.237366 -0.351648
vn -0.864887 0.309020 -0.395572
vn -0.897987 0.320193 -0.301820
vn -0.848827 0.387001 -0.360170
vn -0.879730 0.391257 -0.270171
vn -0.876723 0.446498 -0.178874
vn -0.835983 0.451006 -0.312612
vn -0.823232 0.499893 -0.269066
vn -0.804793 -0.062764 -0.590228
vn -0.794390 0.035918 -0.606345
vn -0.851378 0.131252 -0.507867
vn -0.802091 0.134344 -0.581895
vn -0.790250 0.229951 -0.568003
vn -0.846594 0.248295 -0.470774
vn -0.799407 0.322733 -0.506747
vn -0.816115 0.382489 -0.433196
vn -0.767811 0.409807 -0.492467
vn -0.804421 0.471552 -0.361309
vn -0.755519 0.495924 -0.428079
vn -0.992471 -0.113113 -0.046965
vn -0.992426 -0.116130 0.040055
vn -0.986879 -0.116207 0.112102
vn -0.994744 -0.046091 -0.091429
vn -0.998900 -0.041110 -0.022546
vn -0.998361 -0.042420 0.038414
vn -0.992712 -0.038306 0.114262
vn -0.995753 0.027342 -0.087907
vn -0.999234 0.028378 -0.026941
vn -0.998535 0.031003 0.044349
vn -0.991889 0.031266 0.123202
vn -0.993137 0.098361 -0.063283
vn -0.994596 0.103673 -0.005510
vn -0.993440 0.096970 0.060614
vn -0.983429 0.119722 0.136141
vn -0.980180 0.174230 -0.094294
vn -0.982220 0.187615 -0.006717
vn -0.982149 0.168861 0.082881
vn -0.958947 0.283579 -0.001965
vn -0.989523 -0.112537 0.090444
vn -0.997883 -0.063664 -0.013316
vn -0.992942 -0.023651 0.116221
vn -0.999602 0.004771 0.027822
vn -0.988757 0.048173 0.141557
vn -0.994034 0.079573 0.074601
vn -0.981403 0.149723 0.120126
vn -0.961183 0.228864 -0.154103
vn -0.958040 0.274134 -0.083730
vn -0.964108 0.255270 0.073027
vn -0.962874 0.232010 0.138003
vn -0.962587 0.235694 0.133695
vn -0.934433 0.346718 0.081378
vn -0.943935 0.299385 0.139121
vn -0.934012 0.323113 0.152380
vn -0.918850 0.373282 -0.127963
vn -0.929080 0.365227 -0.058475
vn -0.928416 0.371122 0.017646
vn -0.919982 0.368252 0.134254
vn -0.897630 0.431940 -0.087685
vn -0.897834 0.439712 -0.023413
vn -0.898470 0.436627 0.045912
vn -0.885638 0.444398 0.134744
vn -0.901917 0.416289 0.115106
vn -0.867102 0.485307 -0.112296
vn -0.854890 0.517861 -0.031361
vn -0.855519 0.517436 0.018616
vn -0.847959 0.524586 0.075992
vn -0.845488 0.519816 0.122237
vn -0.846396 0.517342 0.126377
vn -0.971102 0.034779 -0.236119
vn -0.979688 0.031941 -0.197970
vn -0.966639 0.097418 -0.236894
vn -0.975188 0.099725 -0.197646
vn -0.960385 0.161891 -0.226831
vn -0.968972 0.161904 -0.186761
vn -0.950430 0.219577 -0.220157
vn -0.955819 0.226145 -0.187797
vn -0.935692 0.299616 -0.186309
vn -0.989172 -0.013580 -0.146130
vn -0.969752 0.029898 -0.242254
vn -0.977289 0.079926 -0.196258
vn -0.971917 0.153919 -0.178004
vn -0.945864 0.234591 -0.224295
vn -0.931973 0.292518 -0.214149
vn -0.921140 0.306582 -0.239808
vn -0.901945 0.367205 -0.227280
vn -0.995599 0.072579 -0.059282
vn -0.984705 0.174036 -0.008250
vn -0.962035 0.242172 -0.125860
vn -0.964283 0.262562 0.034922
vn -0.925488 0.316319 -0.208362
vn -0.939018 0.337896 0.063812
vn -0.928994 0.361466 -0.079446
vn -0.901845 0.384327 -0.197405
vn -0.883958 0.416789 -0.211908
vn -0.858420 0.464945 -0.216658
vn -0.855840 0.462415 -0.231753
vn -0.849626 0.490511 -0.193737
vn -0.827241 0.513988 -0.226911
vn -0.895151 0.444559 -0.032744
vn -0.877494 0.455833 -0.149063
vn -0.847528 0.530751 0.000364
vn -0.826072 0.548769 -0.128288
vn -0.808975 0.547277 -0.214587
vn -0.802361 0.558636 -0.210102
vn -0.753434 0.623953 -0.207411
vn -0.985742 0.031552 -0.165278
vn -0.990102 0.033167 -0.136373
vn -0.992945 0.046023 -0.109278
vn -0.981587 0.095029 -0.165699
vn -0.986760 0.091760 -0.133735
vn -0.989680 0.098622 -0.103956
vn -0.974727 0.158821 -0.157110
vn -0.982240 0.148640 -0.114505
vn -0.984821 0.153955 -0.080163
vn -0.965453 0.217344 -0.143746
vn -0.973556 0.204849 -0.101123
vn -0.958493 0.261160 -0.114401
vn -0.958630 0.271594 -0.085231
vn -0.942883 0.322869 -0.082019
vn -0.945527 0.290709 -0.146514
vn -0.946824 0.303998 -0.105404
vn -0.917987 0.354404 -0.178041
vn -0.929244 0.347424 -0.125708
vn -0.900973 0.417962 -0.116424
vn -0.889435 0.450448 -0.077470
vn -0.909193 0.386511 -0.154843
vn -0.884928 0.430679 -0.177253
vn -0.876530 0.460221 -0.141038
vn -0.859204 0.482585 -0.169944
vn -0.869579 0.482118 -0.106751
vn -0.863198 0.497529 -0.085752
vn -0.838310 0.522530 -0.155558
vn -0.998252 0.058614 -0.007577
vn -0.993722 0.097064 -0.055633
vn -0.997587 0.068323 0.012335
vn -0.991191 0.130742 -0.021134
vn -0.984130 0.172602 -0.041184
vn -0.974620 0.214050 -0.065568
vn -0.974722 0.222378 -0.021577
vn -0.962826 0.265194 -0.051356
vn -0.962452 0.270579 -0.021764
vn -0.944742 0.324260 -0.048139
vn -0.948204 0.317305 -0.015080
vn -0.932235 0.360945 -0.025638
vn -0.928898 0.370195 0.010268
vn -0.919793 0.383409 -0.083540
vn -0.917559 0.393965 -0.053631
vn -0.908112 0.418204 -0.020946
vn -0.888170 0.457973 -0.037604
vn -0.887078 0.461412 -0.013826
vn -0.867709 0.494401 -0.051458
vn -0.822469 0.535358 -0.192188
vn -0.750695 0.552725 -0.361873
vn -0.766472 0.580100 -0.275689
vn -0.768072 0.612715 -0.186132
vn -0.719087 0.649916 -0.246015
vn -0.824314 0.556261 -0.105261
vn -0.828235 0.534316 0.168918
vn -0.785805 0.617588 -0.033099
vn -0.805990 0.591086 0.031576
vn -0.789755 0.600041 -0.127427
vn -0.792936 0.598399 0.114763
vn -0.787773 0.591276 0.172645
vn -0.745860 0.657111 -0.109077
vn -0.765742 0.641360 0.047919
vn -0.722977 0.677676 0.134389
vn -0.746355 0.640756 0.179962
vn -0.708319 0.700743 -0.085114
vn -0.695803 0.717748 -0.026369
vn -0.694907 0.718844 0.019181
vn -0.717127 0.692589 0.077778
vn -0.774787 0.600734 -0.197035
vn -0.736530 0.639476 -0.220440
vn -0.775988 0.613181 0.147823
vn -0.772240 0.634932 0.022500
vn -0.753355 0.647834 -0.112992
vn -0.705967 0.679655 -0.199194
vn -0.677621 0.701324 -0.221300
vn -0.702789 0.685240 -0.191140
vn -0.840402 0.528143 -0.121617
vn -0.836250 0.541799 -0.084499
vn -0.799236 0.595355 -0.082311
vn -0.803020 0.573488 -0.162080
vn -0.808380 0.576361 -0.119712
vn -0.764094 0.625912 -0.156187
vn -0.781199 0.613125 -0.117500
vn -0.756003 0.648821 -0.086553
vn -0.748206 0.639773 -0.175725
vn -0.747865 0.652206 -0.123794
vn -0.710229 0.687589 -0.150982
vn -0.714446 0.691433 -0.107176
vn -0.665873 0.741095 -0.085977
vn -0.664958 0.727221 -0.170239
vn -0.671000 0.730480 -0.127114
vn -0.617521 0.772481 -0.148125
vn -0.618075 0.778128 -0.111804
vn -0.608276 0.788688 -0.089287
vn -0.867804 0.496907 -0.000328
vn -0.838818 0.542327 -0.047598
vn -0.837675 0.546168 -0.000964
vn -0.815212 0.577373 -0.045493
vn -0.801693 0.597501 -0.016780
vn -0.790653 0.610226 -0.049916
vn -0.756330 0.652565 -0.046084
vn -0.762860 0.646479 -0.010435
vn -0.720617 0.689825 -0.069664
vn -0.723322 0.690181 -0.021339
vn -0.690283 0.722018 -0.046898
vn -0.669944 0.742287 -0.013614
vn -0.649572 0.758597 -0.050854
vn -0.611639 0.789537 -0.050292
vn -0.621136 0.783626 -0.010941
vn -0.805990 0.539632 -0.243265
vn -0.806949 0.556716 -0.197230
vn -0.659525 0.657154 -0.364932
vn -0.649925 0.678388 -0.342619
vn -0.646227 0.701172 -0.301246
vn -0.652392 0.726523 -0.215751
vn -0.637824 0.752989 -0.161826
vn -0.471278 0.852703 -0.225377
vn -0.463668 0.872136 -0.156176
vn -0.425762 0.764444 -0.484100
vn -0.447105 0.799178 -0.401760
vn -0.411668 0.845515 -0.340050
vn -0.308344 0.906033 -0.289876
vn -0.285350 0.942976 -0.171383
vn -0.126750 0.740770 -0.659693
vn -0.197645 0.848838 -0.490317
vn -0.138504 0.911211 -0.387958
vn -0.110550 0.945046 -0.307679
vn -0.094133 0.977823 -0.187086
vn -0.738363 -0.152821 -0.656861
vn -0.753813 -0.061604 -0.654195
vn -0.723551 0.034303 -0.689418
vn -0.725733 0.130388 -0.675507
vn -0.726200 0.229172 -0.648162
vn -0.700885 0.326461 -0.634179
vn -0.687693 -0.138966 -0.712577
vn -0.688438 -0.051075 -0.723494
vn -0.651564 0.055554 -0.756556
vn -0.638048 0.137825 -0.757561
vn -0.642707 0.228990 -0.731089
vn -0.625780 0.331423 -0.706087
vn -0.640765 0.432931 -0.634027
vn -0.739457 -0.018226 -0.672957
vn -0.685953 -0.100872 -0.720620
vn -0.666096 0.035109 -0.745040
vn -0.604216 0.083600 -0.792423
vn -0.547133 0.181750 -0.817076
vn -0.547925 0.260534 -0.794922
vn -0.554415 0.345183 -0.757280
vn -0.548909 0.438802 -0.711443
vn -0.538922 0.532848 -0.652408
vn -0.903962 0.409809 -0.122101
vn -0.907037 0.369614 -0.201667
vn -0.876336 0.289426 -0.385056
vn -0.813769 0.105378 -0.571555
vn -0.779518 0.304276 -0.547511
vn -0.653909 0.217556 -0.724619
vn -0.562085 0.144508 -0.814357
vn -0.457831 0.263522 -0.849086
vn -0.463988 0.357632 -0.810441
vn -0.471275 0.471692 -0.745256
vn -0.444488 0.546432 -0.709819
vn -0.736222 0.663436 -0.133527
vn -0.801033 0.580283 -0.147030
vn -0.796669 0.546149 -0.258919
vn -0.791735 0.459143 -0.402919
vn -0.640785 0.756178 -0.132621
vn -0.649831 0.733825 -0.198043
vn -0.662807 0.665176 -0.343842
vn -0.658091 0.451368 -0.602647
vn -0.512594 0.357423 -0.780702
vn -0.535723 0.246504 -0.807611
vn -0.434442 0.275412 -0.857559
vn -0.373985 0.298470 -0.878095
vn -0.389153 0.391381 -0.833895
vn -0.359582 0.463598 -0.809801
vn -0.362437 0.569356 -0.737884
vn -0.496801 0.854467 -0.151902
vn -0.498838 0.837491 -0.223092
vn -0.509817 0.753506 -0.415108
vn -0.529761 0.589213 -0.610067
vn -0.441030 0.675632 -0.590774
vn -0.432819 0.490205 -0.756549
vn -0.325720 0.360528 -0.874029
vn -0.260302 0.369969 -0.891833
vn -0.273240 0.483878 -0.831385
vn -0.239212 0.546782 -0.802376
vn -0.291595 0.943010 -0.160327
vn -0.395667 0.882945 -0.252698
vn -0.417731 0.826199 -0.378016
vn -0.262133 0.924850 -0.275570
vn -0.300481 0.769155 -0.564014
vn -0.330076 0.557353 -0.761845
vn -0.192250 0.625052 -0.756538
vn -0.216962 0.456460 -0.862885
vn -0.161946 0.348336 -0.923274
vn -0.154743 0.435270 -0.886902
vn -0.148047 0.560848 -0.814574
vn -0.112991 0.977644 -0.177327
vn -0.064760 0.981093 -0.182380
vn -0.105984 0.977613 -0.181772
vn -0.086796 0.947533 -0.307650
vn -0.087026 0.838311 -0.538202
vn -0.073094 0.640845 -0.764183
vn -0.059399 0.447291 -0.892414
vn -0.050928 0.438056 -0.897504
vn -0.053306 0.574312 -0.816899
vn -0.754763 0.333249 -0.565047
vn -0.703805 0.429857 -0.565580
vn -0.707007 0.507947 -0.492068
vn -0.656357 0.535527 -0.531420
vn -0.606494 0.500978 -0.617403
vn -0.514106 0.589808 -0.622753
vn -0.436667 0.636400 -0.635859
vn -0.330487 0.625674 -0.706619
vn -0.238505 0.640858 -0.729668
vn -0.237897 0.722896 -0.648711
vn -0.147219 0.663954 -0.733138
vn -0.144128 0.741321 -0.655493
vn -0.050794 0.672616 -0.738246
vn -0.052233 0.749557 -0.659876
vn -0.683659 0.591501 -0.427477
vn -0.714155 0.614484 -0.335249
vn -0.659780 0.653372 -0.371209
vn -0.680063 0.672027 -0.293078
vn -0.701085 0.690496 -0.178031
vn -0.636250 0.731834 -0.244143
vn -0.629414 0.753606 -0.189513
vn -0.591881 0.579910 -0.559805
vn -0.624924 0.621684 -0.472206
vn -0.584233 0.691241 -0.425273
vn -0.623237 0.706205 -0.335932
vn -0.563369 0.740086 -0.367272
vn -0.587650 0.753083 -0.295862
vn -0.543823 0.801805 -0.247719
vn -0.556743 0.810596 -0.181581
vn -0.514928 0.653537 -0.554742
vn -0.527059 0.688039 -0.498809
vn -0.492773 0.755561 -0.431628
vn -0.504844 0.790848 -0.345963
vn -0.473513 0.825968 -0.305880
vn -0.478718 0.852856 -0.208483
vn -0.452827 0.882026 -0.130301
vn -0.422629 0.709699 -0.563660
vn -0.421144 0.761053 -0.493393
vn -0.424739 0.808851 -0.406641
vn -0.393791 0.844813 -0.362243
vn -0.376633 0.887868 -0.264269
vn -0.422956 0.877422 -0.226359
vn -0.382885 0.909894 -0.159659
vn -0.336160 0.691464 -0.639433
vn -0.343698 0.749530 -0.565753
vn -0.334824 0.799714 -0.498348
vn -0.326413 0.840326 -0.432790
vn -0.324269 0.879421 -0.348523
vn -0.284258 0.912222 -0.295041
vn -0.298866 0.930531 -0.211640
vn -0.245242 0.778303 -0.578015
vn -0.223246 0.835655 -0.501838
vn -0.236334 0.866352 -0.439978
vn -0.224070 0.907509 -0.355275
vn -0.214958 0.940174 -0.264321
vn -0.202569 0.965359 -0.164463
vn -0.137950 0.801372 -0.582042
vn -0.126803 0.859542 -0.495084
vn -0.135626 0.916007 -0.377540
vn -0.131947 0.946905 -0.293192
vn -0.119903 0.969581 -0.213391
vn -0.046768 0.809634 -0.585069
vn -0.040105 0.858050 -0.511998
vn -0.044361 0.894174 -0.445517
vn -0.041670 0.928497 -0.368995
vn -0.046792 0.956045 -0.289461
vn 0.008759 0.975802 -0.218483
vn -0.039202 0.990084 -0.134893
vn -0.697860 0.691389 0.187008
vn -0.653808 0.748779 -0.108926
vn -0.662861 0.741569 0.103397
vn -0.651822 0.736695 0.180025
vn -0.614755 0.787802 -0.037997
vn -0.605332 0.794647 0.045933
vn -0.601074 0.789466 -0.124315
vn -0.605932 0.786617 0.118658
vn -0.605767 0.773124 0.187953
vn -0.533224 0.835447 -0.133042
vn -0.537480 0.839210 -0.082713
vn -0.530340 0.847439 -0.024216
vn -0.531184 0.846997 0.020971
vn -0.551929 0.821709 0.142016
vn -0.545798 0.812088 0.206440
vn -0.515383 0.851563 0.096024
vn -0.489889 0.852001 0.184671
vn -0.452339 0.890403 -0.050710
vn -0.450456 0.891913 0.039751
vn -0.453561 0.882596 0.123716
vn -0.431879 0.878837 0.202794
vn -0.386979 0.918097 -0.085709
vn -0.369947 0.928666 -0.026792
vn -0.370913 0.928444 0.020365
vn -0.357160 0.930541 0.080807
vn -0.388345 0.909714 0.146999
vn -0.361696 0.908485 0.209357
vn -0.312353 0.943236 -0.112882
vn -0.299584 0.933892 0.195179
vn -0.273648 0.961204 -0.034694
vn -0.278647 0.959960 0.028854
vn -0.251569 0.959057 -0.130089
vn -0.283158 0.951613 0.119391
vn -0.201934 0.966931 0.155778
vn -0.232978 0.950205 0.206960
vn -0.193214 0.979737 -0.052769
vn -0.206231 0.977382 0.046824
vn -0.130981 0.971832 0.195923
vn -0.116366 0.988450 -0.097088
vn -0.117754 0.993039 -0.002684
vn -0.117290 0.988991 0.090226
vn -0.041082 0.977636 0.206252
vn -0.041158 0.997970 -0.048601
vn -0.043178 0.998134 0.043173
vn -0.038697 0.991139 0.127070
vn -0.687849 0.723777 0.054867
vn -0.684728 0.723307 -0.089301
vn -0.687140 0.705893 0.171914
vn -0.656037 0.726044 -0.206097
vn -0.593139 0.773702 -0.222648
vn -0.629944 0.752377 -0.192611
vn -0.590349 0.802753 -0.084123
vn -0.620746 0.759716 -0.193667
vn -0.596131 0.779761 0.191313
vn -0.584797 0.807689 0.075178
vn -0.564782 0.799676 -0.203811
vn -0.528092 0.819948 -0.220918
vn -0.503878 0.840732 0.198184
vn -0.492007 0.865431 0.094652
vn -0.490855 0.866103 -0.094477
vn -0.508260 0.836807 -0.203533
vn -0.438612 0.894228 -0.089312
vn -0.459628 0.863560 -0.207378
vn -0.491280 0.846515 -0.205079
vn -0.433287 0.870434 -0.233680
vn -0.443312 0.876011 -0.189945
vn -0.475910 0.876692 0.070148
vn -0.474341 0.879075 -0.047195
vn -0.436802 0.888989 0.137485
vn -0.396732 0.892904 -0.212899
vn -0.365595 0.903195 -0.224899
vn -0.331370 0.925109 -0.185386
vn -0.327107 0.922129 0.206590
vn -0.339542 0.934545 0.106474
vn -0.328012 0.941568 -0.076538
vn -0.334162 0.919872 -0.205355
vn -0.251134 0.965013 -0.075378
vn -0.238269 0.953448 -0.184838
vn -0.285563 0.927628 -0.240748
vn -0.290812 0.927312 -0.235630
vn -0.271638 0.940422 -0.204499
vn -0.252689 0.962290 0.100728
vn -0.299441 0.953970 -0.016628
vn -0.212324 0.947291 -0.239913
vn -0.201862 0.950334 -0.236891
vn -0.189983 0.961521 -0.198453
vn -0.140986 0.967714 0.208934
vn -0.145536 0.983675 0.105845
vn -0.145613 0.987709 -0.056819
vn -0.143875 0.968870 -0.201470
vn -0.123964 0.963257 -0.238261
vn -0.121098 0.972013 -0.201311
vn -0.045805 0.976950 0.208494
vn -0.047277 0.993508 0.103477
vn -0.048787 0.997381 -0.053397
vn -0.050343 0.981470 -0.184883
vn -0.045053 0.968229 -0.245974
vn -0.041594 0.976977 -0.209253
vn -0.592472 0.786462 -0.174512
vn -0.537686 0.828929 -0.154180
vn -0.560834 0.819776 -0.115902
vn -0.562723 0.821782 -0.089537
vn -0.540639 0.821219 -0.182509
vn -0.507714 0.852396 -0.125094
vn -0.523382 0.848343 -0.079910
vn -0.466204 0.877464 -0.112738
vn -0.460858 0.873886 -0.154705
vn -0.394926 0.904180 -0.162763
vn -0.417129 0.899935 -0.126965
vn -0.432347 0.897451 -0.087513
vn -0.389011 0.900711 -0.193365
vn -0.348537 0.926590 -0.141255
vn -0.371146 0.923662 -0.095393
vn -0.255052 0.954799 -0.152670
vn -0.311289 0.942757 -0.119616
vn -0.245290 0.963649 -0.105893
vn -0.184585 0.968596 -0.166582
vn -0.178365 0.975612 -0.127934
vn -0.197123 0.974154 -0.110306
vn -0.112190 0.978489 -0.173124
vn -0.119583 0.984895 -0.125224
vn -0.124779 0.984169 -0.125867
vn -0.036346 0.983774 -0.175691
vn -0.042222 0.990240 -0.132825
vn -0.058603 0.982722 -0.175565
vn -0.567424 0.821345 -0.058502
vn -0.572017 0.819901 -0.023637
vn -0.521448 0.852341 -0.040079
vn -0.528198 0.849121 0.000498
vn -0.476806 0.876358 -0.068219
vn -0.491901 0.870381 -0.021703
vn -0.436795 0.897923 -0.054272
vn -0.439770 0.897803 -0.023503
vn -0.384863 0.921653 -0.049357
vn -0.392668 0.919530 -0.016622
vn -0.329573 0.940882 -0.078249
vn -0.371537 0.926766 -0.055364
vn -0.422271 0.905588 -0.039962
vn -0.290717 0.951567 -0.100022
vn -0.518005 0.854180 -0.045243
vn -0.654959 0.754146 -0.047869
vn -0.215411 0.957813 -0.190244
vn -0.318873 0.916735 -0.240657
vn -0.419047 0.895687 -0.148810
vn -0.479265 0.870953 -0.108380
vn -0.594484 0.799611 -0.084921
vn -0.578253 0.786340 -0.217469
vn -0.624441 0.757745 -0.189462
vn -0.703744 0.695086 -0.146971
vn -0.804470 0.583053 -0.113479
vn -0.466709 0.842738 -0.268283
vn -0.268731 0.904954 -0.329912
vn -0.402494 0.818333 -0.410280
vn -0.645292 0.649113 -0.402804
vn -0.814159 0.518605 -0.261141
vn -0.863007 0.470862 -0.183050
vn -0.884317 0.427970 -0.186615
vn -0.127149 0.919757 -0.371323
vn -0.281419 0.684603 -0.672400
vn -0.594570 0.497039 -0.632012
vn -0.954100 0.256803 -0.154094
vn -0.984352 0.088979 -0.152098
vn -0.830910 0.268219 -0.487491
vn -0.922663 0.247245 -0.295910
vn -0.950685 0.222044 -0.216551
vn -0.957568 0.211863 -0.195392
vn -0.871868 0.083676 -0.482540
vn -0.945131 0.086043 -0.315158
vn -0.974652 0.070841 -0.212213
vn -0.942904 0.059056 -0.327789
vn -0.968051 0.057931 -0.243968
vn -0.983233 0.054153 -0.174130
vn -0.872651 0.070387 -0.483245
vn -0.843121 0.142011 -0.518633
vn -0.930274 0.105099 -0.351490
vn -0.957800 0.112610 -0.264459
vn -0.975053 0.106720 -0.194632
vn -0.983660 0.105579 -0.145831
vn -0.795679 0.206052 -0.569594
vn -0.878961 0.175142 -0.443568
vn -0.858351 0.243393 -0.451656
vn -0.939720 0.179540 -0.291019
vn -0.959096 0.184933 -0.214325
vn -0.972490 0.176213 -0.152359
vn -0.807350 0.315568 -0.498600
vn -0.864697 0.302255 -0.401175
vn -0.300211 0.270295 -0.914776
vn -0.665249 0.245013 -0.705274
vn -0.293683 0.079322 -0.952606
vn -0.692545 0.077891 -0.717157
vn -0.695232 0.063596 -0.715966
vn -0.316807 0.135741 -0.938727
vn -0.695390 0.190248 -0.692993
vn -0.273815 0.400202 -0.874565
vn -0.451892 0.357128 -0.817468
vn -0.700051 0.308610 -0.643963
vn -0.307721 0.337685 -0.889537
vn -0.262100 0.531319 -0.805607
vn -0.444435 0.492833 -0.748060
vn -0.725157 0.422328 -0.543862
vn -0.915312 0.305295 -0.262678
vn -0.958996 0.249314 -0.134792
vn -0.863160 0.442902 -0.242473
vn -0.801106 0.545841 -0.245533
vn -0.292286 0.616469 -0.731119
vn -0.796549 0.450423 -0.403272
vn -0.425669 0.664268 -0.614454
vn -0.728526 0.578944 -0.366160
vn -0.292109 0.771683 -0.564958
vn -0.452041 0.785128 -0.423359
vn -0.293271 0.839701 -0.457049
vn -0.811166 0.311675 -0.494842
vn -0.901833 0.369493 -0.223991
vn -0.937330 0.335134 -0.095383
vn -0.639543 0.286034 -0.713561
vn -0.706691 0.429685 -0.562102
vn -0.609733 0.742656 -0.276924
vn -0.683417 0.724368 -0.090731
vn -0.485245 0.864923 -0.128241
vn -0.452320 0.717322 -0.529957
vn -0.501813 0.792102 -0.347503
vn -0.334439 0.858198 -0.389418
vn -0.360494 0.906712 -0.218901
vn -0.322605 0.942843 -0.083509
vn -0.488613 0.216404 -0.845238
vn -0.492864 0.421591 -0.761148
vn -0.287840 0.811024 -0.509301
vn -0.250142 0.948612 -0.193815
vn -0.231456 0.968251 -0.094438
vn -0.347948 0.329565 -0.877679
vn -0.404740 0.632974 -0.659947
vn -0.260080 0.705970 -0.658760
vn -0.218806 0.927191 -0.304042
vn -0.193169 0.962077 -0.192598
vn -0.384284 0.254313 -0.887497
vn -0.384178 0.360154 -0.850115
vn -0.195248 0.779022 -0.595821
vn -0.162515 0.896451 -0.412268
vn -0.156032 0.943828 -0.291278
vn -0.140660 0.983048 -0.117603
vn -0.157366 0.291725 -0.943468
vn -0.199293 0.641666 -0.740640
vn -0.123235 0.970244 -0.208424
vn -0.059815 0.248381 -0.966814
vn -0.089134 0.643109 -0.760569
vn -0.096004 0.825933 -0.555535
vn -0.087986 0.911794 -0.401111
vn -0.100452 0.953225 -0.285081
vn -0.060202 0.972032 -0.227003
vn -0.081809 0.982297 -0.168523
vn -0.079740 0.991783 -0.100042
vn -0.945154 0.325544 0.026549
vn -0.924764 0.338439 0.173983
vn -0.842633 0.287331 0.455423
vn -0.693692 0.719624 0.030558
vn -0.689295 0.697600 0.195514
vn -0.779299 0.427103 0.458558
vn -0.798948 0.229292 0.555974
vn -0.491455 0.870646 0.021126
vn -0.529413 0.835053 0.149695
vn -0.576264 0.772046 0.268077
vn -0.640010 0.647690 0.413382
vn -0.742018 0.411330 0.529354
vn -0.691084 0.251103 0.677754
vn -0.340944 0.940077 0.003632
vn -0.369379 0.922940 0.108352
vn -0.469857 0.843679 0.259692
vn -0.514763 0.785554 0.343400
vn -0.588483 0.691864 0.418344
vn -0.532884 0.658370 0.531586
vn -0.252643 0.967533 -0.007097
vn -0.289982 0.953333 0.084065
vn -0.324683 0.929736 0.173702
vn -0.409247 0.865697 0.288246
vn -0.400101 0.831981 0.384352
vn -0.567919 0.402357 0.718037
vn -0.612014 0.209562 0.762576
vn -0.211657 0.976456 0.041652
vn -0.246987 0.960615 0.127339
vn -0.286189 0.930971 0.226689
vn -0.408673 0.769498 0.490774
vn -0.491386 0.612660 0.619022
vn -0.551879 0.369222 0.747733
vn -0.541333 0.196949 0.817416
vn -0.156196 0.987032 -0.037034
vn -0.235238 0.953819 0.186797
vn -0.290221 0.905872 0.308492
vn -0.365078 0.812306 0.454837
vn -0.404264 0.729095 0.552260
vn -0.136048 0.990600 0.014237
vn -0.170961 0.982411 0.075100
vn -0.168952 0.977698 0.124746
vn -0.449003 0.575010 0.683930
vn -0.430442 0.307918 0.848473
vn -0.228797 0.938538 0.258454
vn -0.274283 0.887982 0.369130
vn -0.338247 0.781908 0.523649
vn -0.351256 0.665186 0.658899
vn -0.160574 0.970365 0.180574
vn -0.466214 0.321229 0.824291
vn -0.218654 0.922112 0.319218
vn -0.236380 0.872817 0.426983
vn -0.329259 0.705731 0.627321
vn -0.090878 0.994735 -0.047359
vn -0.108904 0.992767 0.050524
vn -0.142262 0.965951 0.216101
vn -0.448689 0.194906 0.872175
vn -0.999222 0.027818 0.027959
vn -0.996583 0.037365 0.073661
vn -0.996385 0.075048 0.039799
vn -0.992445 0.120274 0.024249
vn -0.994051 0.036658 0.102560
vn -0.992044 0.106954 0.066403
vn -0.983318 0.181765 0.006934
vn -0.985744 0.161437 0.047390
vn -0.984562 0.151598 0.087501
vn -0.971231 0.237153 0.021676
vn -0.974630 0.214075 0.065328
vn -0.961086 0.275458 0.020900
vn -0.961357 0.267649 0.064467
vn -0.949660 0.313020 0.012801
vn -0.946226 0.320513 0.043899
vn -0.949342 0.302882 0.083739
vn -0.927722 0.368861 0.057218
vn -0.928716 0.360549 0.086551
vn -0.907087 0.420693 0.014515
vn -0.909462 0.412844 0.049387
vn -0.896990 0.434335 0.082234
vn -0.886555 0.462115 0.021704
vn -0.870409 0.489738 0.050447
vn -0.866439 0.491695 0.086711
vn -0.989859 0.031555 0.138502
vn -0.986197 0.031472 0.162560
vn -0.988862 0.091599 0.117314
vn -0.981413 0.098252 0.164846
vn -0.982056 0.153321 0.109813
vn -0.974912 0.160221 0.154518
vn -0.973252 0.206261 0.101173
vn -0.963946 0.224674 0.142580
vn -0.958475 0.264430 0.106781
vn -0.979638 0.035318 0.197642
vn -0.969159 0.166730 0.181471
vn -0.949275 0.239866 0.203328
vn -0.943888 0.304728 0.127339
vn -0.941177 0.290604 0.172439
vn -0.928286 0.352074 0.119704
vn -0.924969 0.345700 0.157870
vn -0.908408 0.402816 0.111954
vn -0.907616 0.393557 0.146106
vn -0.926278 0.317452 0.203060
vn -0.909524 0.375722 0.177763
vn -0.888102 0.441224 0.128828
vn -0.887734 0.428145 0.169176
vn -0.871358 0.479451 0.104226
vn -0.863500 0.482392 0.147195
vn -0.867488 0.458592 0.192763
vn -0.833306 0.517911 0.193311
vn -0.971416 0.032713 0.235120
vn -0.974287 0.101320 0.201246
vn -0.965433 0.104131 0.238946
vn -0.960487 0.164029 0.224854
vn -0.951979 0.213811 0.219138
vn -0.963821 0.038834 0.263706
vn -0.949922 0.042995 0.309516
vn -0.949488 0.111876 0.293183
vn -0.940310 0.188726 0.283194
vn -0.927273 0.261686 0.267743
vn -0.911927 0.323671 0.252243
vn -0.904602 0.374014 0.204473
vn -0.891889 0.383037 0.240449
vn -0.919674 0.190731 0.343250
vn -0.902594 0.286512 0.321303
vn -0.884354 0.350798 0.307990
vn -0.880338 0.421900 0.216809
vn -0.864534 0.409016 0.292040
vn -0.839704 0.484351 0.245564
vn -0.845131 0.459301 0.273490
vn -0.829041 0.436718 0.349239
vn -0.817503 0.482133 0.315019
vn -0.802877 0.547418 0.236056
vn -0.795839 0.536186 0.281328
vn -0.782993 0.524624 0.334203
vn -0.759822 0.587498 0.278417
vn -0.754867 0.573150 0.318865
vn -0.929044 0.044154 0.367324
vn -0.927549 0.116906 0.354946
vn -0.901435 0.045158 0.430553
vn -0.896577 0.133421 0.422313
vn -0.904494 0.266736 0.332779
vn -0.893499 0.204760 0.399667
vn -0.875255 0.273621 0.398822
vn -0.852223 0.366520 0.373336
vn -0.870316 0.054085 0.489516
vn -0.862408 0.144287 0.485215
vn -0.853583 0.223335 0.470657
vn -0.860339 0.321580 0.395477
vn -0.841607 0.298121 0.450358
vn -0.808666 0.395127 0.435815
vn -0.784736 0.462384 0.412784
vn -0.776237 0.505608 0.376584
vn -0.050538 0.947815 -0.314791
vn -0.012984 0.613600 -0.789510
vn -0.019042 0.824305 -0.565825
vn -0.023409 0.907648 -0.419080
vn -0.036375 0.984710 -0.170360
vn -0.045566 0.992282 -0.115325
vn 0.021220 0.242873 -0.969826
vn -0.002976 0.943540 -0.331245
vn -0.011932 0.970182 -0.242084
vn 0.057411 0.604212 -0.794753
vn 0.050498 0.803439 -0.593241
vn 0.034780 0.892852 -0.449004
vn -0.001059 0.982741 -0.184982
vn -0.012362 0.991530 -0.129285
vn 0.117906 0.272530 -0.954896
vn 0.044082 0.931238 -0.361737
vn 0.026925 0.962372 -0.270400
vn 0.154087 0.606064 -0.780348
vn 0.119410 0.757050 -0.642352
vn 0.083559 0.872668 -0.481112
vn 0.024247 0.978189 -0.206297
vn 0.017225 0.989488 -0.143588
vn 0.307489 0.222257 -0.925231
vn 0.255400 0.355146 -0.899245
vn 0.137476 0.702916 -0.697861
vn 0.061840 0.845818 -0.529876
vn 0.063902 0.296520 -0.952886
vn 0.058560 0.684477 -0.726678
vn -0.073220 0.933813 -0.350190
vn -0.049615 0.971237 -0.232889
vn -0.049858 0.988576 -0.142236
vn -0.375030 0.564367 0.735420
vn -0.176191 0.934783 0.308445
vn -0.281122 0.771017 0.571404
vn -0.073278 0.997248 -0.011240
vn -0.101081 0.990601 0.092154
vn -0.108274 0.984143 0.140494
vn -0.155900 0.921532 0.355633
vn -0.187549 0.860749 0.473219
vn -0.049592 0.996424 -0.068410
vn -0.059374 0.997804 0.029365
vn -0.105160 0.961924 0.252277
vn -0.058188 0.995725 0.071741
vn -0.069819 0.989980 0.122739
vn -0.080403 0.981335 0.174689
vn -0.124927 0.905593 0.405332
vn -0.009262 0.996553 -0.082443
vn -0.030979 0.999216 -0.024654
vn -0.079289 0.951590 0.296968
vn -0.008579 0.999963 0.000420
vn -0.012701 0.998768 0.047977
vn -0.039499 0.993487 0.106876
vn -0.044887 0.986605 0.156830
vn -0.046687 0.976946 0.208318
vn -0.069844 0.926031 0.370929
vn 0.007886 0.998431 -0.055444
vn -0.026785 0.995705 -0.088620
vn -0.003075 0.995805 0.091454
vn -0.007913 0.989488 0.144398
vn -0.029569 0.964965 0.260708
vn -0.022136 0.939235 0.342560
vn -0.001697 0.982386 0.186858
vn -0.348668 0.305544 0.886044
vn -0.290343 0.654399 0.698186
vn -0.400935 0.332494 0.853639
vn -0.414677 0.225007 0.881711
vn -0.269423 0.691866 0.669875
vn -0.252092 0.589569 0.767371
vn -0.212162 0.251321 0.944365
vn -0.223144 0.759911 0.610526
vn -0.201580 0.308780 0.929527
vn -0.172598 0.768802 0.615754
vn -0.169966 0.642156 0.747494
vn -0.218044 0.257211 0.941435
vn -0.122610 0.844776 0.520885
vn -0.286062 0.341699 0.895215
vn -0.310278 0.225825 0.923434
vn -0.158182 0.695891 0.700509
vn -0.162027 0.598598 0.784492
vn -0.101477 0.264037 0.959160
vn -0.072890 0.879366 0.470534
vn -0.130904 0.753121 0.644727
vn -0.073132 0.607040 0.791299
vn -0.067074 0.801849 0.593750
vn -0.841896 0.538541 0.034405
vn -0.837287 0.541562 0.075240
vn -0.813107 0.581863 0.017104
vn -0.813261 0.580104 0.045671
vn -0.799736 0.594086 0.086508
vn -0.791022 0.611442 0.020555
vn -0.771510 0.633737 0.056125
vn -0.761211 0.648142 0.021683
vn -0.755875 0.649143 0.085239
vn -0.721417 0.692224 0.019591
vn -0.725594 0.686010 0.053873
vn -0.703920 0.705571 0.081646
vn -0.686342 0.727211 0.009928
vn -0.681611 0.730327 0.045033
vn -0.655436 0.754970 0.020579
vn -0.648856 0.758066 0.065745
vn -0.640313 0.761679 0.099220
vn -0.615079 0.788118 0.023417
vn -0.613005 0.788036 0.056775
vn -0.608550 0.788436 0.089636
vn -0.841891 0.526974 0.116267
vn -0.823654 0.545447 0.155182
vn -0.810456 0.573767 0.118122
vn -0.787529 0.587484 0.186173
vn -0.778266 0.616891 0.117254
vn -0.779969 0.605899 0.156636
vn -0.749975 0.646196 0.141309
vn -0.748382 0.639330 0.176585
vn -0.733720 0.670582 0.109432
vn -0.707933 0.690037 0.150598
vn -0.689973 0.700628 0.181818
vn -0.683768 0.722098 0.105050
vn -0.705963 0.676693 0.209053
vn -0.664217 0.735873 0.131557
vn -0.650714 0.742357 0.159618
vn -0.793073 0.569655 0.215702
vn -0.751752 0.609975 0.250597
vn -0.740789 0.635026 0.219027
vn -0.718589 0.628126 0.298474
vn -0.694263 0.671328 0.259454
vn -0.663337 0.715836 0.218090
vn -0.711831 0.603068 0.360007
vn -0.901796 0.054121 0.428761
vn -0.852322 0.154863 0.499565
vn -0.833403 0.241150 0.497279
vn -0.810536 0.330926 0.483239
vn -0.772657 0.404007 0.489673
vn -0.747615 0.554973 0.364797
vn -0.726280 0.544149 0.420022
vn -0.896943 0.150962 0.415577
vn -0.856876 0.265164 0.442098
vn -0.813588 0.362939 0.454258
vn -0.744320 0.472455 0.471989
vn -0.764944 0.429067 0.480377
vn -0.705882 0.518537 0.482545
vn -0.678619 0.597940 0.426549
vn -0.656721 0.651496 0.379830
vn -0.829549 0.405783 0.383652
vn -0.700048 0.507207 0.502666
vn -0.746514 0.515320 0.420907
vn -0.666699 0.573059 0.476567
vn -0.671084 0.562104 0.483411
vn -0.603909 0.627555 0.491395
vn -0.614015 0.661010 0.431338
vn -0.573822 0.671684 0.468582
vn -0.658210 0.631263 0.410203
vn -0.606211 0.618364 0.500135
vn -0.547286 0.665793 0.507147
vn -0.501367 0.708440 0.496734
vn -0.569793 0.709254 0.415085
vn -0.476899 0.718975 0.505612
vn -0.485169 0.760771 0.431091
vn -0.408539 0.753834 0.514617
vn -0.390518 0.819328 0.419759
vn -0.278648 0.815464 0.507320
vn -0.305109 0.845739 0.437761
vn -0.177716 0.847062 0.500902
vn -0.194846 0.886685 0.419316
vn -0.061984 0.867249 0.494000
vn -0.069531 0.910927 0.406666
vn -0.730965 0.188576 -0.655842
vn -0.378228 0.394542 -0.837425
vn -0.272027 0.698527 -0.661862
vn -0.129079 0.829704 -0.543074
vn -0.092274 0.947158 -0.307209
vn -0.969403 0.066750 0.236226
vn -0.995064 0.099180 -0.003462
vn -0.911527 0.214788 -0.350691
vn -0.719119 0.524245 -0.456109
vn -0.560942 0.643082 -0.521334
vn -0.947955 0.178935 0.263368
vn -0.969453 0.236247 0.065937
vn -0.928570 0.348582 -0.127472
vn -0.819534 0.510655 -0.259992
vn -0.549315 0.742775 -0.382804
vn -0.386719 0.880057 -0.275588
vn -0.296029 0.915726 -0.271686
vn -0.906075 0.299948 0.298427
vn -0.934727 0.328977 0.134382
vn -0.916244 0.400617 -0.001578
vn -0.840759 0.529333 -0.113713
vn -0.712443 0.684428 -0.154864
vn -0.584935 0.798476 -0.142434
vn -0.350975 0.921528 -0.166140
vn -0.237650 0.967091 -0.090868
vn -0.866129 0.417524 0.274764
vn -0.883480 0.438911 0.163767
vn -0.883680 0.463060 0.068449
vn -0.864155 0.503067 -0.012612
vn -0.792846 0.609324 -0.010946
vn -0.685679 0.726442 0.046125
vn -0.519258 0.853805 -0.037266
vn -0.459795 0.888025 0.000570
vn -0.866505 0.496383 0.052658
vn -0.823057 0.561977 0.082219
vn -0.616528 0.778601 0.116930
vn -0.799059 0.529276 0.285257
vn -0.826600 0.540983 0.155146
vn -0.787284 0.606056 0.113494
vn -0.725636 0.669745 0.157777
vn -0.738242 0.615422 0.276142
vn -0.761763 0.629657 0.152477
vn -0.765585 0.633562 0.111710
vn -0.731052 0.664384 0.155425
vn -0.709546 0.674760 0.203086
vn -0.667464 0.691433 0.276428
vn -0.690469 0.706581 0.154907
vn -0.693475 0.709407 0.125836
vn -0.668454 0.720905 0.182937
vn -0.633421 0.736660 0.236875
vn -0.594229 0.758340 0.267980
vn -0.607962 0.779148 0.152679
vn -0.591265 0.797745 0.118361
vn -0.620416 0.769473 0.151639
vn -0.579114 0.787066 0.212494
vn -0.494247 0.822316 0.281986
vn -0.502545 0.850509 0.155184
vn -0.502620 0.857645 0.108710
vn -0.504948 0.847095 0.165704
vn -0.465353 0.848173 0.253079
vn -0.377889 0.881030 0.284580
vn -0.373636 0.914241 0.156713
vn -0.405399 0.905842 0.122893
vn -0.370931 0.913577 0.166692
vn -0.362784 0.905648 0.219520
vn -0.302718 0.906415 0.294573
vn -0.239373 0.955738 0.171073
vn -0.261710 0.957250 0.123208
vn -0.233779 0.959739 0.155721
vn -0.228187 0.939237 0.256446
vn -0.215909 0.930730 0.295170
vn -0.118997 0.981705 0.148647
vn -0.087334 0.985022 0.148673
vn -0.075920 0.978944 0.189484
vn -0.077879 0.957732 0.276920
vn -0.089882 0.984804 0.148603
vn -0.059374 0.984730 0.163653
vn -0.003109 0.999823 -0.018540
vn 0.008125 0.969848 0.243576
vn 0.024879 0.947229 0.319591
vn -0.170888 0.984356 -0.042899
vn -0.102368 0.994747 0.000104
vn -0.036240 0.998230 0.047147
vn -0.060906 0.989686 0.129665
vn -0.017512 0.985969 0.166005
vn 0.010070 0.980996 0.193767
vn -0.386984 0.920703 0.050483
vn -0.245306 0.967373 0.063368
vn -0.162338 0.980627 0.109622
vn 0.030342 0.937297 0.347207
vn -0.495945 0.859456 0.123996
vn -0.428095 0.892127 0.144378
vn -0.324988 0.926664 0.188883
vn -0.187959 0.962499 0.195620
vn -0.095589 0.969199 0.226972
vn -0.010662 0.961008 0.276316
vn -0.609722 0.765748 0.204620
vn -0.528538 0.810173 0.253511
vn -0.092440 0.930507 0.354418
vn -0.393761 0.882684 0.256556
vn -0.320561 0.900105 0.295044
vn -0.196592 0.926238 0.321614
vn -0.633103 0.726305 0.267699
vn -0.566323 0.751346 0.338758
vn -0.482710 0.800539 0.355147
vn -0.611268 0.734547 0.294606
vn -0.024663 0.895041 0.445300
vn -0.388813 0.837294 0.384401
vn -0.294142 0.855585 0.425976
vn -0.124299 0.857440 0.499345
vn -0.541281 0.788700 0.291490
vn -0.473113 0.800457 0.368012
vn -0.434060 0.793124 0.427254
vn -0.419551 0.852240 0.312513
vn -0.027545 0.847183 0.530587
vn -0.300846 0.802643 0.515031
vn -0.194905 0.796994 0.571676
vn -0.374390 0.795331 0.476740
vn -0.251578 0.820239 0.513728
vn -0.321108 0.847387 0.422878
vn -0.304905 0.835965 0.456284
vn -0.278017 0.913684 0.296460
vn -0.281268 0.898656 0.336608
vn -0.215982 0.867776 0.447567
vn 0.031530 0.790639 0.611471
vn -0.042762 0.787596 0.614706
vn -0.076447 0.784684 0.615164
vn -0.095131 0.905878 0.412716
vn -0.095756 0.846081 0.524384
vn -0.084271 0.958722 0.271571
vn -0.087977 0.941714 0.324708
vn -0.021522 0.615326 0.787979
vn -0.017767 0.232478 0.972439
vn -0.005671 0.904903 0.425580
vn -0.015215 0.819031 0.573548
vn 0.043014 0.630068 0.775348
vn 0.034249 0.242930 0.969439
vn 0.047370 0.907757 0.416814
vn 0.050752 0.827131 0.559713
vn 0.098571 0.641131 0.761075
vn 0.146731 0.286758 0.946699
vn 0.060023 0.866989 0.494700
vn 0.112437 0.805804 0.581411
vn 0.191381 0.638021 0.745857
vn 0.304687 0.370320 0.877513
vn 0.358890 0.244914 0.900675
vn 0.136166 0.715210 0.685516
vn 0.062711 0.643267 0.763069
vn 0.103807 0.298387 0.948783
vn 0.004597 0.764187 0.644979
vn -0.571934 0.820150 0.015676
vn -0.573422 0.817930 0.046669
vn -0.561380 0.822888 0.087792
vn -0.523809 0.850124 0.053972
vn -0.506180 0.858254 0.084742
vn -0.492113 0.870243 0.022408
vn -0.477996 0.876412 0.058493
vn -0.471518 0.875819 0.103009
vn -0.429567 0.903021 0.005091
vn -0.438150 0.898306 0.032731
vn -0.440088 0.896359 0.053508
vn -0.438184 0.894760 0.086015
vn -0.412665 0.910797 0.012521
vn -0.434557 0.899289 0.049396
vn -0.434849 0.895269 0.096956
vn -0.492351 0.870315 -0.011908
vn -0.525851 0.850040 0.030211
vn -0.534829 0.840946 0.082270
vn -0.695820 0.718211 0.002762
vn -0.714978 0.697245 0.051546
vn -0.704857 0.701357 0.106185
vn -0.872037 0.488305 -0.033313
vn -0.882420 0.469380 0.031906
vn -0.870744 0.484493 0.084090
vn -0.870572 0.471427 0.140932
vn -0.612604 0.768600 0.184312
vn -0.611232 0.781200 0.126975
vn -0.578252 0.801219 0.153863
vn -0.564951 0.816728 0.117413
vn -0.548944 0.815742 0.182277
vn -0.514594 0.848630 0.122558
vn -0.510928 0.844402 0.161053
vn -0.499904 0.843939 0.194583
vn -0.466463 0.873559 0.138946
vn -0.444239 0.875535 0.189974
vn -0.417128 0.900171 0.125284
vn -0.404185 0.900117 0.162555
vn -0.357764 0.913502 0.193699
vn -0.381877 0.911586 0.152254
vn -0.352187 0.911094 0.214177
vn -0.266488 0.942545 0.201477
vn -0.502461 0.852478 0.144271
vn -0.426182 0.878704 0.215055
vn -0.290281 0.936428 0.197078
vn -0.264596 0.923456 0.277881
vn -0.206474 0.958006 0.198979
vn -0.216306 0.950261 0.224087
vn -0.685270 0.710746 0.158887
vn -0.602313 0.758942 0.247441
vn -0.466253 0.828952 0.308946
vn -0.357349 0.883138 0.303925
vn -0.852105 0.482864 0.201890
vn -0.765328 0.588396 0.260888
vn -0.161523 0.949400 0.269352
vn -0.134003 0.965962 0.221272
vn -0.694748 0.633135 0.341270
vn -0.571328 0.676082 0.465293
vn -0.352725 0.823860 0.443666
vn -0.234702 0.905623 0.353215
vn -0.908839 0.350246 0.226584
vn -0.845873 0.419991 0.328796
vn -0.772700 0.366757 0.518097
vn -0.055903 0.961300 0.269771
vn -0.049375 0.975462 0.214562
vn -0.507263 0.558975 0.655920
vn -0.223215 0.697668 0.680760
vn -0.100061 0.897801 0.428884
vn -0.610881 0.314034 0.726779
vn -0.260103 0.309076 0.914778
vn -0.679105 0.662058 0.317012
vn -0.647973 0.716414 0.258617
vn -0.645902 0.702466 0.298919
vn -0.625503 0.749851 0.215566
vn -0.624554 0.741276 0.245849
vn -0.615103 0.698202 0.366281
vn -0.579753 0.766161 0.277280
vn -0.592895 0.735941 0.326905
vn -0.577569 0.784750 0.224900
vn -0.526965 0.822213 0.215116
vn -0.540521 0.781009 0.312829
vn -0.511022 0.819527 0.259292
vn -0.488406 0.816465 0.307968
vn -0.470426 0.850893 0.233838
vn -0.447345 0.844894 0.293320
vn -0.386655 0.864033 0.322406
vn -0.415881 0.876754 0.241547
vn -0.390123 0.876153 0.283124
vn -0.366545 0.898887 0.240096
vn -0.319330 0.885015 0.338786
vn -0.344105 0.900125 0.267144
vn -0.288437 0.915102 0.281767
vn -0.318010 0.925202 0.207053
vn -0.297252 0.923369 0.242963
vn -0.232442 0.904257 0.358177
vn -0.233806 0.915343 0.327845
vn -0.188926 0.952444 0.239076
vn -0.204198 0.931657 0.300529
vn -0.130950 0.943038 0.305830
vn -0.121580 0.962539 0.242355
vn -0.042820 0.927427 0.371546
vn -0.044182 0.966365 0.253350
vn -0.045904 0.950784 0.306435
vn -0.566867 0.745030 0.351557
vn -0.534640 0.746911 0.395328
vn -0.528762 0.726404 0.439031
vn -0.489693 0.800415 0.345741
vn -0.450153 0.784215 0.427048
vn -0.456794 0.753569 0.472730
vn -0.422951 0.826889 0.370631
vn -0.358233 0.815217 0.455073
vn -0.363087 0.778662 0.511716
vn -0.355518 0.835960 0.418065
vn -0.320267 0.865599 0.384925
vn -0.261867 0.836775 0.480867
vn -0.242820 0.872725 0.423545
vn -0.156067 0.856561 0.491881
vn -0.146742 0.891175 0.429271
vn -0.137164 0.918330 0.371291
vn -0.051490 0.868084 0.493739
vn -0.045623 0.901804 0.429730
vn -0.966914 0.252118 -0.038917
vn -0.969133 0.246339 0.009944
vn -0.964579 0.250964 0.081265
vn -0.957269 0.247516 0.149571
vn -0.992662 0.095212 -0.074548
vn -0.994898 0.100048 -0.012972
vn -0.993816 0.103533 0.040135
vn -0.989974 0.108908 0.089947
vn -0.984533 0.104821 0.140380
vn -0.992648 0.055560 -0.107527
vn -0.997373 0.059988 -0.040591
vn -0.996924 0.078362 0.001314
vn -0.991147 0.094378 -0.093385
vn -0.995399 0.081884 0.049759
vn -0.990091 0.082786 0.113426
vn -0.991922 0.118764 -0.044556
vn -0.990205 0.137655 0.023361
vn -0.974670 0.109292 0.195123
vn -0.980650 0.100047 0.168273
vn -0.985771 0.122874 0.114706
vn -0.984578 0.155288 0.080568
vn -0.962676 0.185166 0.197404
vn -0.979853 0.171665 -0.102077
vn -0.982292 0.174715 -0.067657
vn -0.983973 0.177730 -0.014466
vn -0.963206 0.215699 0.160340
vn -0.974292 0.223332 0.029648
vn -0.970649 0.228046 0.076394
vn -0.956983 0.260476 0.127808
vn -0.930787 0.272426 0.243760
vn -0.950883 0.235211 0.201238
vn -0.959018 0.160675 0.233383
vn -0.927940 0.192462 0.319195
vn -0.845828 0.174772 0.504014
vn -0.932332 0.108314 0.344999
vn -0.857877 0.119768 0.499702
vn -0.972619 0.094438 0.212354
vn -0.956912 0.106719 0.270057
vn -0.919397 0.132873 0.370208
vn -0.823340 0.188995 0.535155
vn -0.958939 0.158400 0.235256
vn -0.928650 0.188543 0.319469
vn -0.859396 0.199595 0.470744
vn -0.828448 0.278545 0.485887
vn -0.928048 0.241277 0.283746
vn -0.845332 0.324408 0.424468
vn -0.773933 0.354281 0.524892
vn -0.851425 0.364832 0.376794
vn -0.784865 0.405546 0.468529
vn -0.663943 0.149467 0.732693
vn -0.273968 0.135395 0.952160
vn -0.686795 0.129209 0.715274
vn -0.293062 0.128432 0.947428
vn -0.695602 0.234305 0.679146
vn -0.324785 0.223573 0.918983
vn -0.687628 0.330064 0.646704
vn -0.444166 0.394722 0.804308
vn -0.273769 0.436336 0.857124
vn -0.303818 0.359682 0.882226
vn -0.649291 0.471147 0.597027
vn -0.415849 0.537762 0.733404
vn -0.273590 0.553826 0.786400
vn -0.656125 0.524568 0.542519
vn -0.408841 0.603282 0.684763
vn -0.236035 0.613356 0.753712
vn -0.970602 0.237303 -0.040240
vn -0.929130 0.310546 0.200695
vn -0.851455 0.406510 0.331322
vn -0.935937 0.330307 -0.122145
vn -0.948050 0.315705 -0.039140
vn -0.948687 0.313740 0.039499
vn -0.935187 0.338857 0.102963
vn -0.881372 0.436125 0.181600
vn -0.849932 0.455908 0.264128
vn -0.783022 0.504689 0.363546
vn -0.853408 0.493895 -0.166622
vn -0.882481 0.463122 -0.082135
vn -0.889700 0.456494 -0.006900
vn -0.883245 0.465486 0.056579
vn -0.849700 0.506090 0.147931
vn -0.798473 0.559393 0.222532
vn -0.657665 0.575991 0.485501
vn -0.700265 0.629330 0.337005
vn -0.425752 0.714006 0.555816
vn -0.713904 0.666541 -0.214626
vn -0.724202 0.684143 -0.086489
vn -0.723931 0.689722 -0.014397
vn -0.721191 0.688461 0.076847
vn -0.701346 0.686197 0.192998
vn -0.455995 0.802229 0.385354
vn -0.315410 0.875983 0.364925
vn -0.265811 0.782585 0.562944
vn -0.337671 0.920406 -0.197058
vn -0.317900 0.944255 -0.085564
vn -0.309195 0.950498 0.030866
vn -0.330783 0.927605 0.173584
vn -0.282803 0.857092 0.430598
vn -0.789052 0.450366 0.417812
vn -0.412180 0.663438 0.624466
vn -0.235747 0.676765 0.697433
vn -0.237733 0.735639 0.634285
vn 0.047466 -0.983166 -0.176441
vn 0.041673 -0.944504 -0.325846
vn 0.046110 -0.965426 -0.256569
vn 0.120632 -0.936414 -0.329509
vn 0.132788 -0.959639 -0.247912
vn 0.146366 -0.973430 -0.176098
vn 0.200110 -0.931819 -0.302769
vn 0.210946 -0.955782 -0.204895
vn 0.288110 -0.926174 -0.243298
vn 0.287981 -0.944506 -0.158039
vn 0.361630 -0.911894 -0.194093
vn 0.043921 -0.926849 -0.372857
vn 0.045218 -0.924835 -0.377671
vn 0.041752 -0.982889 -0.179407
vn 0.046920 -0.954508 -0.294470
vn 0.135366 -0.918447 -0.371660
vn 0.140660 -0.914915 -0.378344
vn 0.124956 -0.983349 -0.131946
vn 0.143941 -0.970797 -0.191920
vn 0.147559 -0.944135 -0.294680
vn 0.225841 -0.961095 -0.159037
vn 0.194239 -0.912152 -0.360902
vn 0.224138 -0.887078 -0.403552
vn 0.247164 -0.898108 -0.363748
vn 0.253181 -0.940931 -0.224830
vn 0.254750 -0.918003 -0.303928
vn 0.255319 -0.886657 -0.385555
vn 0.231065 -0.962035 -0.145252
vn 0.332370 -0.861550 -0.383748
vn 0.341332 -0.876105 -0.340488
vn 0.303755 -0.940433 -0.152707
vn 0.377210 -0.895808 -0.235031
vn 0.422912 -0.828842 -0.366289
vn 0.433522 -0.839755 -0.326911
vn 0.365689 -0.921477 -0.130967
vn 0.381225 -0.913978 -0.138965
vn 0.470704 -0.813063 -0.342586
vn 0.520970 -0.772671 -0.362724
vn 0.472008 -0.863436 -0.178009
vn 0.512239 -0.816246 -0.267121
vn 0.544132 -0.758963 -0.357626
vn 0.571499 -0.742698 -0.348982
vn 0.631561 -0.707593 -0.316927
vn 0.619172 -0.703384 -0.349109
vn 0.670610 -0.662523 -0.333686
vn 0.044112 -0.966716 -0.252019
vn 0.043129 -0.977048 -0.208606
vn 0.045718 -0.950783 -0.306467
vn 0.122277 -0.961015 -0.247989
vn 0.120710 -0.969843 -0.211739
vn 0.129714 -0.943318 -0.305492
vn 0.200546 -0.950699 -0.236543
vn 0.190333 -0.961713 -0.197182
vn 0.204402 -0.931603 -0.300559
vn 0.232511 -0.915741 -0.327654
vn 0.267734 -0.940945 -0.207221
vn 0.289062 -0.914850 -0.281944
vn 0.296008 -0.924045 -0.241910
vn 0.318485 -0.885327 -0.338767
vn 0.344105 -0.900125 -0.267147
vn 0.320436 -0.925525 -0.201802
vn 0.367079 -0.898545 -0.240560
vn 0.376093 -0.904025 -0.203205
vn 0.386077 -0.864439 -0.322008
vn 0.390123 -0.876153 -0.283124
vn 0.417202 -0.876032 -0.241888
vn 0.441216 -0.877501 -0.187937
vn 0.447215 -0.845077 -0.292991
vn 0.470423 -0.850895 -0.233835
vn 0.488617 -0.816304 -0.308059
vn 0.499901 -0.843940 -0.194587
vn 0.511018 -0.819529 -0.259292
vn 0.526961 -0.822215 -0.215116
vn 0.539839 -0.781264 -0.313370
vn 0.579746 -0.766170 -0.277270
vn 0.593658 -0.735933 -0.325535
vn 0.577569 -0.784750 -0.224903
vn 0.623287 -0.742360 -0.245795
vn 0.625502 -0.749852 -0.215565
vn 0.640101 -0.705198 -0.304904
vn 0.652639 -0.712133 -0.258708
vn 0.038159 -0.983436 -0.177193
vn 0.042360 -0.990010 -0.134486
vn 0.115719 -0.977434 -0.176725
vn 0.116725 -0.984811 -0.128539
vn 0.186392 -0.968144 -0.167200
vn 0.182007 -0.975262 -0.125452
vn 0.190428 -0.976755 -0.098420
vn 0.258352 -0.954144 -0.151209
vn 0.244361 -0.963873 -0.106006
vn 0.308144 -0.943454 -0.122236
vn 0.345318 -0.922799 -0.170873
vn 0.354604 -0.924964 -0.136736
vn 0.412541 -0.897026 -0.158600
vn 0.413316 -0.902055 -0.124369
vn 0.432701 -0.897446 -0.085789
vn 0.470173 -0.872289 -0.134348
vn 0.474370 -0.875824 -0.088912
vn 0.510134 -0.844913 -0.160889
vn 0.518388 -0.846552 -0.120928
vn 0.548944 -0.815742 -0.182277
vn 0.578252 -0.801218 -0.153863
vn 0.564546 -0.817022 -0.117317
vn 0.563220 -0.821466 -0.089316
vn 0.612603 -0.768601 -0.184312
vn 0.611233 -0.781199 -0.126974
vn 0.043447 -0.994787 -0.092255
vn 0.031012 -0.998442 -0.046387
vn 0.034660 -0.999047 -0.026522
vn 0.031988 -0.999409 0.012584
vn 0.112775 -0.990552 -0.078026
vn 0.091849 -0.995182 -0.034299
vn 0.095382 -0.995440 -0.001241
vn 0.155329 -0.986512 -0.051649
vn 0.166453 -0.986049 0.000084
vn 0.209733 -0.975535 -0.065903
vn 0.212686 -0.976803 -0.024926
vn 0.259953 -0.962878 -0.072730
vn 0.283904 -0.958540 -0.024480
vn 0.317911 -0.944521 -0.082535
vn 0.318986 -0.946455 -0.049708
vn 0.325875 -0.945413 -0.000151
vn 0.375667 -0.922098 -0.092785
vn 0.380899 -0.923439 -0.046649
vn 0.382110 -0.924117 0.000044
vn 0.438182 -0.897532 -0.049324
vn 0.445205 -0.895429 -0.000032
vn 0.506707 -0.860585 -0.051393
vn 0.487420 -0.872810 -0.024972
vn 0.521981 -0.849435 -0.077440
vn 0.528426 -0.848977 -0.001674
vn 0.570371 -0.819930 -0.048908
vn 0.591501 -0.806123 -0.017070
vn 0.269859 -0.490286 -0.828731
vn 0.357012 -0.024706 -0.933773
vn 0.271609 0.454912 -0.848106
vn 0.089690 -0.953718 -0.287014
vn 0.092239 -0.984627 -0.148328
vn 0.129850 -0.762552 -0.633761
vn 0.190009 -0.866728 -0.461172
vn 0.154158 -0.916987 -0.367926
vn 0.254032 -0.922588 -0.290341
vn 0.316389 -0.574170 -0.755134
vn 0.413157 -0.679127 -0.606703
vn 0.569960 -0.026630 -0.821241
vn 0.321872 0.537094 -0.779698
vn 0.421975 0.652089 -0.629855
vn 0.290680 -0.933433 -0.210255
vn 0.272932 -0.951969 -0.138792
vn 0.407456 -0.784660 -0.467213
vn 0.433855 -0.812288 -0.389818
vn 0.408697 -0.860444 -0.304306
vn 0.471616 -0.846788 -0.246028
vn 0.571927 -0.395370 -0.718736
vn 0.618690 -0.508171 -0.599154
vn 0.622379 -0.627344 -0.468064
vn 0.637056 -0.029981 -0.770234
vn 0.748542 -0.031232 -0.662352
vn 0.583053 0.343687 -0.736158
vn 0.639333 0.468657 -0.609602
vn 0.656817 0.593515 -0.465114
vn 0.447576 -0.877180 -0.173869
vn 0.441601 -0.888752 -0.122919
vn 0.616598 -0.705862 -0.348663
vn 0.641843 -0.709220 -0.291626
vn 0.598561 -0.769185 -0.223786
vn 0.626449 -0.760708 -0.169953
vn 0.778256 -0.330195 -0.534125
vn 0.790670 -0.448201 -0.417082
vn 0.776435 -0.539158 -0.326280
vn 0.833600 -0.024335 -0.551832
vn 0.892525 -0.015566 -0.450729
vn 0.795782 0.287401 -0.533040
vn 0.816217 0.408442 -0.408613
vn 0.794581 0.513223 -0.324411
vn 0.775577 -0.586898 -0.232445
vn 0.780486 -0.598568 -0.180435
vn 0.899565 -0.270758 -0.342743
vn 0.887339 -0.376413 -0.266350
vn 0.900505 -0.384473 -0.203153
vn 0.935714 -0.019948 -0.352194
vn 0.956340 -0.057159 -0.286611
vn 0.934049 -0.241479 -0.263136
vn 0.904472 0.243244 -0.350375
vn 0.907203 0.322693 -0.269913
vn 0.914173 0.310858 -0.260105
vn 0.882226 0.446271 -0.150065
vn 0.959349 -0.253305 -0.124443
vn 0.961795 0.007443 -0.273671
vn 0.987742 -0.053429 -0.146670
vn 0.942437 0.230525 -0.242219
vn 0.085104 -0.988030 -0.128664
vn 0.064204 -0.995745 -0.066099
vn 0.067265 -0.985384 -0.156506
vn 0.067223 -0.949308 -0.307075
vn 0.117959 -0.981697 -0.149519
vn 0.205651 -0.975018 -0.083945
vn 0.213065 -0.974576 -0.069320
vn 0.216360 -0.962411 -0.164177
vn 0.214491 -0.921083 -0.324960
vn 0.306029 -0.947870 -0.088814
vn 0.347573 -0.934440 -0.077559
vn 0.339292 -0.925910 -0.166050
vn 0.311572 -0.893301 -0.323940
vn 0.479465 -0.872259 -0.096320
vn 0.454004 -0.888437 -0.067521
vn 0.459358 -0.884259 -0.084125
vn 0.434668 -0.880570 -0.188839
vn 0.394224 -0.844712 -0.362008
vn 0.611454 -0.781237 -0.125665
vn 0.611651 -0.788062 -0.069583
vn 0.586579 -0.804169 -0.096111
vn 0.559671 -0.800437 -0.214636
vn 0.511693 -0.765237 -0.390619
vn 0.733777 -0.668805 -0.119460
vn 0.787508 -0.611493 -0.076859
vn 0.713735 -0.691785 -0.109621
vn 0.662300 -0.708514 -0.243651
vn 0.601048 -0.705165 -0.376143
vn 0.875029 -0.468942 -0.120073
vn 0.513025 -0.691506 -0.508551
vn 0.858425 -0.505815 -0.085190
vn 0.815125 -0.552343 -0.174612
vn 0.743773 -0.591181 -0.311939
vn 0.623778 -0.620033 -0.475878
vn 0.944654 -0.317637 -0.082069
vn 0.945419 -0.300619 -0.125740
vn 0.901569 -0.362212 -0.236593
vn 0.811666 -0.437735 -0.386764
vn 0.993375 -0.048523 -0.104170
vn 0.977689 -0.094366 -0.187667
vn 0.914912 -0.192363 -0.354869
vn 0.844252 -0.317346 -0.431891
vn 0.962874 0.249012 -0.104245
vn 0.977288 0.157646 -0.141620
vn 0.959136 0.096426 -0.266007
vn 0.893578 -0.011038 -0.448772
vn 0.612077 -0.553843 -0.564464
vn 0.718886 -0.464203 -0.517415
vn 0.663280 -0.457289 -0.592408
vn 0.810630 -0.185555 -0.555381
vn 0.764847 -0.325105 -0.556162
vn 0.689019 -0.358993 -0.629585
vn 0.720201 -0.213125 -0.660218
vn 0.698003 -0.253609 -0.669682
vn 0.699405 -0.350604 -0.622824
vn 0.729469 -0.246955 -0.637878
vn 0.045580 -0.882516 -0.468068
vn 0.042645 -0.917041 -0.396505
vn 0.057434 -0.888957 -0.454376
vn 0.136879 -0.873493 -0.467198
vn 0.135138 -0.908399 -0.395664
vn 0.177703 -0.868858 -0.462068
vn 0.230953 -0.867757 -0.440067
vn 0.238417 -0.907202 -0.346614
vn 0.232316 -0.829291 -0.508238
vn 0.319126 -0.809002 -0.493633
vn 0.313823 -0.871618 -0.376560
vn 0.327758 -0.897879 -0.293919
vn 0.304238 -0.803533 -0.511638
vn 0.331151 -0.827068 -0.454199
vn 0.421325 -0.751653 -0.507447
vn 0.368396 -0.778469 -0.508203
vn 0.394196 -0.839197 -0.374645
vn 0.404638 -0.874367 -0.267863
vn 0.453844 -0.872945 -0.178868
vn 0.425694 -0.771661 -0.472572
vn 0.444583 -0.831266 -0.333681
vn 0.440262 -0.727734 -0.525901
vn 0.481368 -0.840387 -0.249068
vn 0.474013 -0.770641 -0.425939
vn 0.500361 -0.789326 -0.355813
vn 0.513604 -0.809192 -0.285342
vn 0.492207 -0.691833 -0.528298
vn 0.517633 -0.713550 -0.472126
vn 0.545773 -0.738854 -0.395254
vn 0.541562 -0.630727 -0.555782
vn 0.551258 -0.652675 -0.519741
vn 0.549119 -0.814012 -0.189349
vn 0.578763 -0.747049 -0.327034
vn 0.587178 -0.771904 -0.243694
vn 0.592610 -0.684878 -0.423976
vn 0.641729 -0.711469 -0.286349
vn 0.593724 -0.597808 -0.538626
vn 0.621657 -0.632869 -0.461539
vn 0.638720 -0.532414 -0.555492
vn 0.682658 -0.448127 -0.577200
vn 0.640299 -0.742080 -0.198328
vn 0.646790 -0.672040 -0.360590
vn 0.680053 -0.692897 -0.239626
vn 0.690772 -0.704370 -0.163392
vn 0.665253 -0.576007 -0.475032
vn 0.694237 -0.609652 -0.382569
vn 0.712578 -0.640373 -0.286626
vn 0.702399 -0.521191 -0.484763
vn 0.734795 -0.549626 -0.397477
vn 0.726481 -0.447955 -0.521115
vn 0.743673 -0.353030 -0.567733
vn 0.459788 -0.878762 -0.127953
vn 0.534620 -0.832772 -0.143777
vn 0.547097 -0.828469 -0.119685
vn 0.582637 -0.804481 -0.115520
vn 0.623434 -0.754021 -0.206839
vn 0.622665 -0.771048 -0.133314
vn 0.606747 -0.790251 -0.085794
vn 0.694751 -0.709952 -0.115278
vn 0.722647 -0.649067 -0.237683
vn 0.681505 -0.653248 -0.329876
vn 0.731076 -0.598772 -0.327109
vn 0.683323 -0.725034 -0.085996
vn 0.685981 -0.726335 -0.043216
vn 0.740031 -0.592625 -0.318041
vn 0.792242 -0.588796 -0.160223
vn 0.662349 -0.717066 -0.217048
vn 0.687401 -0.668102 -0.284815
vn 0.694934 -0.677050 -0.242218
vn 0.706161 -0.676869 -0.207810
vn 0.718749 -0.625174 -0.304232
vn 0.749997 -0.611376 -0.252437
vn 0.741303 -0.634526 -0.218741
vn 0.793315 -0.570051 -0.213757
vn 0.776348 -0.601182 -0.189380
vn 0.609004 -0.788131 -0.089234
vn 0.650708 -0.742362 -0.159618
vn 0.663181 -0.736794 -0.131627
vn 0.637710 -0.763468 -0.102188
vn 0.689968 -0.700633 -0.181818
vn 0.683045 -0.724629 -0.091449
vn 0.707896 -0.689997 -0.150955
vn 0.713276 -0.692146 -0.110324
vn 0.749771 -0.638001 -0.175493
vn 0.749167 -0.647031 -0.141775
vn 0.751680 -0.648472 -0.120257
vn 0.781652 -0.603469 -0.157626
vn 0.754430 -0.651118 -0.082945
vn 0.801199 -0.572229 -0.175028
vn 0.730871 -0.672503 -0.116475
vn 0.795242 -0.573517 -0.196646
vn 0.750631 -0.643140 -0.151405
vn 0.618014 -0.784648 -0.048847
vn 0.648918 -0.757867 -0.067411
vn 0.652177 -0.757699 -0.023596
vn 0.682062 -0.729767 -0.047240
vn 0.684789 -0.728708 -0.006982
vn 0.732479 -0.676157 -0.079283
vn 0.719125 -0.692424 -0.058381
vn 0.723175 -0.690299 -0.022479
vn 0.756975 -0.651799 -0.046334
vn 0.769860 -0.638115 -0.011200
vn 0.770629 -0.635737 -0.044375
vn 0.757294 -0.652953 -0.012553
vn 0.781054 -0.624444 0.004948
vn 0.699291 -0.709706 -0.085492
vn 0.720135 -0.692201 -0.047573
vn 0.599981 -0.798692 -0.045976
vn 0.619105 -0.785269 -0.007801
vn 0.694421 -0.719029 0.027865
vn 0.758104 -0.649628 0.057105
vn 0.740124 -0.644596 -0.191606
vn 0.751562 -0.580911 -0.312566
vn 0.762104 -0.601846 -0.238705
vn 0.759866 -0.489183 -0.428140
vn 0.780756 -0.515625 -0.352917
vn 0.798626 -0.534407 -0.276777
vn 0.772315 -0.414900 -0.481028
vn 0.807375 -0.435071 -0.398571
vn 0.791729 -0.333480 -0.511816
vn 0.831648 -0.331213 -0.445713
vn 0.788377 -0.253019 -0.560752
vn 0.861031 -0.241735 -0.447427
vn 0.807947 -0.558231 -0.188678
vn 0.829071 -0.468619 -0.305020
vn 0.837607 -0.505000 -0.208304
vn 0.841369 -0.408934 -0.353371
vn 0.870049 -0.415931 -0.264607
vn 0.876626 -0.448808 -0.173489
vn 0.861919 -0.336891 -0.378946
vn 0.891968 -0.341168 -0.296644
vn 0.900927 -0.261382 -0.346425
vn 0.916464 -0.351139 -0.191820
vn 0.922432 -0.296500 -0.247401
vn 0.931567 -0.213905 -0.293986
vn 0.949453 -0.239868 -0.202489
vn 0.723661 -0.688855 -0.042345
vn 0.770765 -0.577359 -0.269402
vn 0.784088 -0.533369 -0.317371
vn 0.744493 -0.658062 -0.112628
vn 0.773709 -0.631213 -0.054269
vn 0.820706 -0.501473 -0.273801
vn 0.805433 -0.576958 -0.135637
vn 0.789124 -0.611570 -0.057150
vn 0.837888 -0.545419 -0.021470
vn 0.858021 -0.505705 -0.089792
vn 0.867679 -0.459623 -0.189417
vn 0.845167 -0.453475 -0.282938
vn 0.838181 -0.539253 -0.081599
vn 0.841544 -0.539414 -0.028918
vn 0.882831 -0.384245 -0.270121
vn 0.878570 -0.466838 -0.100879
vn 0.867108 -0.498046 0.008577
vn 0.903618 -0.428156 -0.012549
vn 0.913542 -0.383728 -0.134885
vn 0.919588 -0.322178 -0.224856
vn 0.948934 -0.268714 -0.165276
vn 0.891844 -0.452174 -0.012385
vn 0.914604 -0.384158 -0.126186
vn 0.920573 -0.387553 -0.048465
vn 0.924447 -0.380505 0.024766
vn 0.944481 -0.327721 -0.023547
vn 0.940092 -0.323621 -0.107220
vn 0.953056 -0.301010 -0.032840
vn 0.952623 -0.303241 0.023541
vn 0.956071 -0.286125 0.063720
vn 0.951357 -0.300644 0.067329
vn 0.976564 -0.212260 0.035619
vn 0.971520 -0.208272 -0.113014
vn 0.960998 -0.250201 -0.117821
vn 0.977200 -0.198120 0.076342
vn 0.988787 -0.138928 -0.054761
vn 0.978742 -0.186325 -0.085716
vn 0.979605 -0.200922 -0.002259
vn 0.764065 -0.574827 -0.292880
vn 0.796831 -0.537479 -0.276001
vn 0.802239 -0.548455 -0.235816
vn 0.820204 -0.487764 -0.298919
vn 0.865161 -0.407861 -0.291797
vn 0.825984 -0.507348 -0.245660
vn 0.836280 -0.510965 -0.198875
vn 0.853587 -0.453145 -0.257000
vn 0.866741 -0.455817 -0.202465
vn 0.894001 -0.378736 -0.239420
vn 0.911605 -0.302663 -0.278157
vn 0.901199 -0.336964 -0.272572
vn 0.928962 -0.257217 -0.266211
vn 0.941919 -0.216683 -0.256589
vn 0.963178 -0.150441 -0.222838
vn 0.978011 -0.089837 -0.188209
vn 0.881155 -0.420237 -0.216716
vn 0.904111 -0.374959 -0.204912
vn 0.920965 -0.310306 -0.235655
vn 0.928453 -0.310996 -0.203116
vn 0.941275 -0.191807 -0.277870
vn 0.960101 -0.165624 -0.225335
vn 0.956516 -0.113084 -0.268865
vn 0.965370 -0.103451 -0.239496
vn 0.965881 -0.051511 -0.253814
vn 0.970833 -0.033990 -0.237335
vn 0.941669 -0.271854 -0.198380
vn 0.948842 -0.232933 -0.213169
vn 0.968846 -0.162581 -0.186830
vn 0.975318 -0.099406 -0.197163
vn 0.979762 -0.033476 -0.197347
vn 0.839564 -0.507775 -0.193123
vn 0.704534 -0.674120 -0.221797
vn 0.636886 -0.751807 -0.170770
vn 0.601481 -0.791920 -0.105271
vn 0.865154 -0.454504 -0.211979
vn 0.734078 -0.606181 -0.306063
vn 0.884151 -0.407919 -0.227770
vn 0.634946 -0.705353 -0.315152
vn 0.575657 -0.768792 -0.278527
vn 0.463168 -0.855277 -0.232329
vn 0.430309 -0.893616 -0.127613
vn 0.811519 -0.509334 -0.286383
vn 0.763229 -0.498812 -0.410692
vn 0.621342 -0.638113 -0.454693
vn 0.461755 -0.806214 -0.369867
vn 0.385984 -0.866486 -0.316573
vn 0.915274 -0.344694 -0.208467
vn 0.880778 -0.365389 -0.301200
vn 0.799423 -0.364508 -0.477553
vn 0.656210 -0.461740 -0.596812
vn 0.928348 -0.242089 -0.282069
vn 0.886723 -0.191919 -0.420583
vn 0.955497 -0.188403 -0.227002
vn 0.935484 -0.132908 -0.327423
vn 0.966925 -0.149897 -0.206365
vn 0.979983 -0.090089 -0.177532
vn 0.985630 -0.027536 -0.166657
vn 0.264799 -0.926720 -0.266592
vn 0.247119 -0.950354 -0.189101
vn 0.425615 -0.634783 -0.644904
vn 0.328882 -0.834955 -0.441233
vn 0.263548 -0.893597 -0.363354
vn 0.760974 -0.228871 -0.607072
vn 0.589442 -0.267208 -0.762337
vn 0.843093 -0.068693 -0.533362
vn 0.733612 0.152335 -0.662274
vn 0.701329 0.431305 -0.567550
vn 0.919876 -0.015220 -0.391913
vn 0.899856 0.147540 -0.410478
vn 0.836296 0.374620 -0.400336
vn 0.812571 0.486629 -0.320812
vn 0.963641 -0.107357 -0.244683
vn 0.967971 -0.053187 -0.245363
vn 0.962564 0.067463 -0.262526
vn 0.954813 0.177957 -0.238039
vn 0.924538 0.334057 -0.183400
vn 0.984263 -0.014427 -0.176120
vn 0.987239 0.080247 -0.137548
vn 0.986428 0.131397 -0.098459
vn 0.167939 -0.936619 -0.307474
vn 0.141334 -0.965186 -0.220095
vn 0.392825 -0.550564 -0.736592
vn 0.257656 -0.817770 -0.514650
vn 0.402785 -0.161785 -0.900883
vn 0.488489 0.309279 -0.815920
vn 0.521900 0.589469 -0.616561
vn 0.450505 0.721234 -0.526181
vn 0.633191 0.609660 -0.476848
vn 0.579390 0.725017 -0.372367
vn 0.529236 0.814452 -0.237861
vn 0.750575 0.607118 -0.260853
vn 0.759354 0.629637 -0.164132
vn 0.329618 -0.658980 -0.676090
vn 0.206668 -0.859288 -0.467882
vn 0.153888 -0.926051 -0.344600
vn 0.475820 -0.109552 -0.872693
vn 0.472170 -0.089802 -0.876922
vn 0.470615 0.317523 -0.823226
vn 0.435108 0.484386 -0.758980
vn 0.362227 0.739397 -0.567524
vn 0.315612 0.861151 -0.398508
vn 0.309960 0.915224 -0.257469
vn 0.407920 -0.911922 -0.044708
vn 0.425491 -0.904622 0.024831
vn 0.560766 -0.822162 0.097935
vn 0.232654 -0.966455 -0.108797
vn 0.208951 -0.977027 -0.041915
vn 0.202564 -0.978776 0.031055
vn 0.223753 -0.970432 0.090528
vn 0.264873 -0.950966 0.159703
vn 0.444428 -0.877278 0.181295
vn 0.193355 -0.955671 0.222049
vn 0.259857 -0.942393 0.210641
vn 0.931136 0.353524 -0.089475
vn 0.917957 0.395309 -0.032941
vn 0.888565 0.436710 -0.140487
vn 0.992522 0.108528 -0.055879
vn 0.972097 0.181313 -0.148843
vn 0.997524 0.008058 -0.069866
vn 0.113404 -0.983571 -0.140457
vn 0.094798 -0.991647 -0.087460
vn 0.076398 -0.996277 -0.039955
vn 0.051825 -0.998654 0.002317
vn 0.044352 -0.995527 0.083419
vn 0.011517 -0.984470 0.175176
vn -0.089178 -0.968393 0.232944
vn 0.036597 -0.969820 0.241061
vn 0.509470 0.846984 -0.151851
vn 0.498874 0.862600 -0.083947
vn 0.563441 0.825961 -0.017974
vn 0.621319 0.779333 0.081255
vn 0.656948 0.724929 0.207116
vn 0.747863 0.658681 -0.082710
vn 0.732609 0.679007 -0.047253
vn 0.838940 0.534041 -0.104785
vn 0.874328 0.485182 -0.012184
vn 0.901536 0.428243 0.061977
vn 0.921346 0.365749 0.131714
vn 0.998035 0.034689 -0.052186
vn 0.977738 0.164390 -0.130400
vn 0.985033 0.172128 -0.009044
vn 0.991129 0.120838 0.055327
vn 0.998401 0.053032 -0.019564
vn 0.999400 0.023439 0.025487
vn -0.010664 -0.999608 0.025872
vn -0.033352 -0.995813 0.085106
vn 0.287629 0.944905 -0.156282
vn 0.247184 0.967295 -0.056918
vn 0.262354 0.964857 0.014847
vn 0.272397 0.957225 0.097570
vn 0.262225 0.939337 0.221099
vn 0.127519 -0.956978 -0.260639
vn 0.389922 -0.567833 -0.724932
vn 0.250321 -0.823675 -0.508821
vn 0.197049 -0.895343 -0.399415
vn 0.506737 -0.091847 -0.857194
vn 0.280376 0.796588 -0.535572
vn 0.219122 0.909092 -0.354312
vn 0.369585 -0.657896 -0.656186
vn 0.506781 -0.082315 -0.858136
vn 0.432361 0.407877 -0.804177
vn 0.410215 0.530384 -0.741901
vn 0.272858 -0.815875 -0.509800
vn 0.531475 -0.073998 -0.843836
vn 0.308721 0.761829 -0.569481
vn 0.201412 0.910071 -0.362221
vn 0.419547 -0.531924 -0.735552
vn 0.390177 -0.660146 -0.641849
vn 0.539571 -0.080697 -0.838064
vn 0.457990 0.405511 -0.791079
vn 0.446923 0.522739 -0.725950
vn 0.388082 -0.599590 -0.699917
vn 0.452775 -0.161652 -0.876848
vn 0.397251 0.479007 -0.782780
vn 0.560117 -0.028243 -0.827932
vn 0.513064 0.423388 -0.746664
vn 0.073171 -0.986327 -0.147667
vn 0.042114 -0.996042 -0.078279
vn -0.045724 -0.993653 0.102779
vn -0.079186 -0.982033 0.171290
vn 0.177818 0.960343 -0.214759
vn 0.129841 0.983491 -0.126041
vn 0.104041 0.992738 -0.060398
vn 0.083205 0.996527 -0.003153
vn 0.063821 0.994360 0.084704
vn 0.022785 0.982163 0.186644
vn 0.127674 -0.964185 -0.232480
vn 0.091363 -0.986069 -0.139001
vn 0.038207 -0.998070 -0.048947
vn 0.002702 -0.999757 0.021855
vn -0.049489 -0.987298 0.150973
vn 0.212606 -0.901719 -0.376433
vn 0.138089 0.965368 -0.221350
vn 0.020233 0.999454 0.026135
vn -0.006416 0.996832 0.079283
vn -0.038764 0.989938 0.136085
vn 0.003048 -0.998645 0.051943
vn -0.019185 -0.995418 0.093675
vn 0.213419 -0.919613 -0.329794
vn 0.309122 0.794184 -0.523178
vn 0.113693 0.980591 -0.159734
vn 0.081476 0.992134 -0.095034
vn 0.062978 0.996822 -0.048790
vn 0.161501 -0.960106 -0.228285
vn 0.091014 -0.989305 -0.113982
vn 0.067943 -0.995804 -0.061306
vn 0.279624 -0.841573 -0.462131
vn 0.030917 0.999522 -0.000357
vn 0.022178 0.999246 0.031883
vn -0.002421 0.996622 0.082090
vn 0.154034 -0.970929 -0.183223
vn 0.054337 -0.998452 -0.011861
vn 0.030431 -0.997556 0.062890
vn 0.365220 -0.745605 -0.557393
vn 0.258289 -0.892422 -0.369960
vn 0.254859 -0.907156 -0.334835
vn 0.483344 -0.502492 -0.716855
vn 0.346131 0.761179 -0.548452
vn 0.354621 0.793544 -0.494501
vn 0.225252 0.910848 -0.345857
vn 0.151265 0.968008 -0.200198
vn 0.135535 0.977374 -0.162387
vn 0.106987 0.988678 -0.105209
vn 0.105355 -0.989623 -0.097703
vn 0.095730 -0.993356 -0.063868
vn 0.417051 -0.665618 -0.618887
vn 0.333588 -0.828527 -0.449736
vn 0.245218 -0.927800 -0.281167
vn 0.579735 -0.177428 -0.795253
vn 0.511544 0.518608 -0.685105
vn 0.349291 0.807062 -0.476074
vn 0.231020 0.923254 -0.306972
vn 0.098955 0.992694 -0.069046
vn 0.070600 0.997392 -0.014992
vn 0.051100 0.998166 0.032470
vn 0.156245 -0.979697 -0.125622
vn 0.095063 -0.994823 -0.035924
vn 0.073992 -0.997210 0.009827
vn 0.510572 -0.563549 -0.649407
vn 0.453163 -0.665275 -0.593340
vn 0.329261 -0.844774 -0.421834
vn 0.243980 -0.936910 -0.250345
vn 0.605846 -0.094347 -0.789968
vn 0.598191 -0.083178 -0.797025
vn 0.543126 0.420730 -0.726636
vn 0.500106 0.530913 -0.684124
vn 0.180433 0.963022 -0.200084
vn 0.166122 0.973281 -0.158515
vn 0.445311 -0.600599 -0.664063
vn 0.415571 -0.745149 -0.521587
vn 0.325054 -0.870449 -0.369673
vn 0.244713 -0.948796 -0.199753
vn 0.515183 -0.157044 -0.842569
vn 0.534860 -0.504724 -0.677627
vn 0.450100 0.494416 -0.743614
vn 0.386078 0.776811 -0.497503
vn 0.406756 0.803865 -0.433993
vn 0.273323 0.907364 -0.319351
vn 0.167076 0.976812 -0.133882
vn 0.111524 0.992415 -0.051714
vn 0.103657 0.994563 -0.009934
vn 0.157757 -0.984875 -0.071648
vn 0.143857 -0.989476 -0.015576
vn 0.475965 -0.679710 -0.558079
vn 0.426130 -0.767407 -0.479061
vn 0.319176 -0.891833 -0.320563
vn 0.245672 -0.957072 -0.153817
vn 0.621634 -0.030000 -0.782733
vn 0.637629 -0.221882 -0.737697
vn 0.566938 -0.522902 -0.636518
vn 0.559187 0.444075 -0.700077
vn 0.556056 0.546229 -0.626447
vn 0.417034 0.811034 -0.410252
vn 0.267833 0.925563 -0.267580
vn 0.153847 0.985204 -0.075532
vn 0.479642 -0.679118 -0.555646
vn 0.375959 -0.853785 -0.360147
vn 0.332218 -0.904649 -0.266909
vn 0.219413 -0.973718 -0.061088
vn 0.673378 -0.026297 -0.738830
vn 0.672775 -0.169143 -0.720253
vn 0.608140 0.463157 -0.644711
vn 0.591789 0.547397 -0.591728
vn 0.384094 0.858994 -0.338528
vn 0.365427 0.893247 -0.261864
vn 0.281865 0.925588 -0.252662
vn 0.236098 0.954826 -0.180457
vn 0.570423 -0.586545 -0.574963
vn 0.548005 -0.694118 -0.466788
vn 0.459335 -0.801891 -0.382075
vn 0.335131 -0.913592 -0.230296
vn 0.291420 -0.943176 -0.159668
vn 0.699086 -0.098218 -0.708260
vn 0.711630 -0.188476 -0.676801
vn 0.616915 -0.558081 -0.554943
vn 0.629751 0.447672 -0.634825
vn 0.585939 0.564812 -0.581087
vn 0.468145 0.788063 -0.399745
vn 0.356528 0.913287 -0.196964
vn 0.232480 0.966124 -0.112063
vn 0.527508 -0.730729 -0.433326
vn 0.488778 -0.801853 -0.343698
vn 0.371594 -0.905731 -0.203886
vn 0.733532 -0.045556 -0.678126
vn 0.733739 -0.256841 -0.629015
vn 0.663061 -0.558477 -0.498451
vn 0.643294 0.468548 -0.605504
vn 0.625494 0.582943 -0.518589
vn 0.492802 0.810272 -0.317185
vn 0.430001 0.876386 -0.216903
vn 0.263080 0.961032 -0.084886
vn 0.651186 -0.661074 -0.372744
vn 0.585036 -0.729820 -0.353689
vn 0.794698 -0.049487 -0.604984
vn 0.867282 -0.175519 -0.465850
vn 0.830224 -0.061252 -0.554055
vn 0.708062 0.477796 -0.519961
vn 0.665183 0.636146 -0.390959
vn 0.688808 -0.615025 -0.383781
vn 0.865619 -0.085881 -0.493283
vn 0.756670 0.499136 -0.422272
vn 0.033092 -0.998361 0.046699
vn 0.040237 -0.994903 0.092458
vn 0.089353 -0.995443 0.033309
vn 0.111998 -0.990612 0.078384
vn 0.153975 -0.986724 0.051651
vn 0.214417 -0.976423 0.024953
vn 0.209396 -0.975632 0.065545
vn 0.190895 -0.976696 0.098098
vn 0.285415 -0.958097 0.024234
vn 0.259282 -0.963065 0.072661
vn 0.318924 -0.946484 0.049543
vn 0.316788 -0.944958 0.081854
vn 0.380540 -0.923550 0.047371
vn 0.374004 -0.922668 0.093831
vn 0.442022 -0.895795 0.046570
vn 0.433206 -0.897093 0.086930
vn 0.483485 -0.875009 0.024525
vn 0.475583 -0.876998 0.068525
vn 0.521432 -0.852352 0.040068
vn 0.523375 -0.848347 0.079911
vn 0.572193 -0.819766 0.024071
vn 0.567427 -0.821343 0.058501
vn 0.562725 -0.821781 0.089535
vn 0.042030 -0.990138 0.133645
vn 0.035716 -0.983817 0.175579
vn 0.043042 -0.976903 0.209305
vn 0.117152 -0.985370 0.123780
vn 0.112073 -0.978494 0.173173
vn 0.120748 -0.971990 0.201633
vn 0.178287 -0.975592 0.128196
vn 0.184464 -0.968628 0.166534
vn 0.189408 -0.961521 0.199002
vn 0.243579 -0.964098 0.105757
vn 0.255049 -0.954806 0.152629
vn 0.272487 -0.939948 0.205544
vn 0.310436 -0.943017 0.119784
vn 0.348522 -0.926601 0.141221
vn 0.337060 -0.923433 0.183470
vn 0.370905 -0.904998 0.208345
vn 0.417107 -0.899949 0.126938
vn 0.394902 -0.904137 0.163061
vn 0.460486 -0.874119 0.154494
vn 0.437899 -0.878811 0.189569
vn 0.466205 -0.877465 0.112735
vn 0.507713 -0.852396 0.125093
vn 0.537563 -0.829044 0.153987
vn 0.507730 -0.838449 0.198025
vn 0.543966 -0.818982 0.182674
vn 0.560835 -0.819775 0.115902
vn 0.618075 -0.778128 0.111805
vn 0.617522 -0.772480 0.148126
vn 0.591888 -0.786869 0.174657
vn 0.628385 -0.753891 0.191782
vn 0.043981 -0.966702 0.252099
vn 0.040580 -0.949590 0.310858
vn 0.043663 -0.926826 0.372944
vn 0.122314 -0.962225 0.243234
vn 0.124771 -0.944449 0.304055
vn 0.131561 -0.921072 0.366493
vn 0.196593 -0.951806 0.235407
vn 0.210817 -0.930458 0.299673
vn 0.223604 -0.917032 0.330233
vn 0.291350 -0.927233 0.235273
vn 0.287176 -0.915065 0.283170
vn 0.341240 -0.901457 0.266329
vn 0.316557 -0.886947 0.336328
vn 0.362077 -0.901392 0.237472
vn 0.388793 -0.876876 0.282715
vn 0.376034 -0.869492 0.320284
vn 0.419218 -0.829258 0.369578
vn 0.410543 -0.878284 0.245094
vn 0.461811 -0.855454 0.234368
vn 0.445546 -0.845719 0.293679
vn 0.531010 -0.805851 0.261977
vn 0.484923 -0.818465 0.308164
vn 0.490294 -0.799239 0.347605
vn 0.521996 -0.819898 0.235135
vn 0.538497 -0.782571 0.312417
vn 0.586371 -0.742040 0.324878
vn 0.610394 -0.700455 0.369840
vn 0.575019 -0.787975 0.220110
vn 0.621144 -0.747895 0.234165
vn 0.604284 -0.747728 0.275216
vn 0.643119 -0.722364 0.254142
vn 0.641841 -0.703576 0.304994
vn 0.701870 -0.645549 0.301074
vn 0.665080 -0.664732 0.340293
vn 0.044796 -0.900220 0.433126
vn 0.047975 -0.870072 0.490584
vn 0.060169 -0.864928 0.498277
vn 0.137036 -0.894682 0.425165
vn 0.156394 -0.857846 0.489531
vn 0.175072 -0.847669 0.500806
vn 0.226897 -0.905926 0.357514
vn 0.219774 -0.879371 0.422382
vn 0.256342 -0.840858 0.476704
vn 0.279759 -0.814482 0.508285
vn 0.339991 -0.856008 0.389430
vn 0.289214 -0.864006 0.412127
vn 0.353564 -0.831902 0.427705
vn 0.351873 -0.815881 0.458828
vn 0.354730 -0.786935 0.504877
vn 0.443948 -0.786564 0.429218
vn 0.442232 -0.752398 0.488189
vn 0.526554 -0.752039 0.396457
vn 0.525994 -0.727134 0.441141
vn 0.565305 -0.746919 0.350059
vn 0.700938 -0.611873 0.366465
vn 0.069629 -0.910573 0.407442
vn 0.196456 -0.885006 0.422102
vn 0.337009 -0.846259 0.412639
vn 0.395815 -0.771454 0.498185
vn 0.482431 -0.765889 0.425058
vn 0.573089 -0.729231 0.373887
vn 0.493132 -0.716077 0.494020
vn 0.476692 -0.716134 0.509820
vn 0.546360 -0.689340 0.475712
vn 0.639850 -0.649834 0.410253
vn 0.610197 -0.664560 0.431300
vn 0.558695 -0.675706 0.480917
vn 0.604492 -0.626984 0.491407
vn 0.597442 -0.624771 0.502716
vn 0.663101 -0.567265 0.488373
vn 0.731290 -0.530264 0.428994
vn 0.641295 -0.654563 0.400360
vn 0.675409 -0.599573 0.429343
vn 0.660105 -0.580147 0.477169
vn 0.705058 -0.516050 0.486401
vn 0.695070 -0.515469 0.501168
vn 0.737713 -0.449872 0.503383
vn 0.784098 -0.456380 0.420604
vn 0.796206 -0.343831 0.497832
vn 0.812296 -0.377227 0.444831
vn 0.857941 -0.263613 0.440960
vn 0.895107 -0.156208 0.417592
vn 0.911146 -0.052728 0.408696
vn 0.744205 -0.558608 0.366218
vn 0.720678 -0.551573 0.419989
vn 0.782235 -0.467363 0.411922
vn 0.743825 -0.485099 0.459787
vn 0.809124 -0.388591 0.440812
vn 0.768611 -0.409461 0.491507
vn 0.832282 -0.305854 0.462342
vn 0.849561 -0.226312 0.476475
vn 0.860468 -0.144662 0.488536
vn 0.852397 -0.147343 0.501706
vn 0.865816 -0.049203 0.497937
vn 0.861556 -0.052871 0.504901
vn 0.075652 -0.958466 0.274991
vn 0.085035 -0.985540 0.146559
vn 0.079625 -0.984429 0.156711
vn 0.109668 -0.980485 0.163165
vn 0.075434 -0.981598 0.175427
vn 0.222147 -0.930908 0.289933
vn 0.237314 -0.957625 0.163209
vn 0.262415 -0.957387 0.120619
vn 0.236171 -0.959565 0.153164
vn 0.223365 -0.941897 0.250876
vn 0.276903 -0.917029 0.287023
vn 0.300993 -0.912753 0.276196
vn 0.373013 -0.885008 0.278606
vn 0.376625 -0.913071 0.156379
vn 0.403121 -0.906021 0.128913
vn 0.364493 -0.910568 0.194965
vn 0.494807 -0.852675 0.167667
vn 0.446816 -0.861225 0.242171
vn 0.492211 -0.825132 0.277283
vn 0.501737 -0.850910 0.155602
vn 0.504511 -0.856634 0.107924
vn 0.592496 -0.760491 0.265712
vn 0.610172 -0.777620 0.151649
vn 0.591812 -0.796725 0.122421
vn 0.594744 -0.784949 0.173592
vn 0.574043 -0.787328 0.224922
vn 0.672291 -0.716273 0.187024
vn 0.666234 -0.714971 0.212011
vn 0.666964 -0.692630 0.274630
vn 0.691417 -0.705508 0.155566
vn 0.703286 -0.696561 0.142095
vn 0.737887 -0.617098 0.273336
vn 0.761466 -0.630235 0.151568
vn 0.763459 -0.636511 0.109474
vn 0.655525 -0.730711 0.190653
vn 0.761758 -0.634045 0.133082
vn 0.795194 -0.533616 0.287959
vn 0.826059 -0.542208 0.153742
vn 0.819268 -0.566197 0.090670
vn 0.857799 -0.422932 0.292079
vn 0.885216 -0.437837 0.157133
vn 0.876548 -0.477081 0.063696
vn 0.771655 -0.633481 0.057011
vn 0.686378 -0.721155 0.093917
vn 0.604186 -0.785999 0.131014
vn 0.858299 -0.512919 -0.015365
vn 0.802589 -0.595970 -0.025901
vn 0.673326 -0.738265 -0.039958
vn 0.554672 -0.831964 -0.013229
vn 0.459871 -0.887937 0.009304
vn 0.906479 -0.299160 0.297993
vn 0.934533 -0.329812 0.133683
vn 0.915740 -0.401769 -0.001435
vn 0.839434 -0.531090 -0.115300
vn 0.717206 -0.677879 -0.161539
vn 0.578469 -0.801196 -0.153161
vn 0.348761 -0.922357 -0.166201
vn 0.237753 -0.967058 -0.090949
vn 0.948245 -0.178659 0.262512
vn 0.969453 -0.236247 0.065936
vn 0.928569 -0.348583 -0.127472
vn 0.819535 -0.510654 -0.259991
vn 0.549008 -0.741163 -0.386351
vn 0.381006 -0.882365 -0.276164
vn 0.291829 -0.917277 -0.270995
vn 0.970340 -0.065164 0.232795
vn 0.995064 -0.099180 -0.003462
vn 0.911528 -0.214789 -0.350690
vn 0.719993 -0.524318 -0.454643
vn 0.568690 -0.639582 -0.517230
vn 0.087426 -0.948493 -0.304497
vn 0.050984 -0.970464 -0.235795
vn 0.049873 -0.988561 -0.142335
vn 0.270847 -0.698756 -0.662104
vn 0.125864 -0.825958 -0.549501
vn 0.081449 -0.933407 -0.349454
vn 0.730967 -0.188579 -0.655840
vn 0.378121 -0.400990 -0.834405
vn 0.075911 -0.961458 0.264265
vn 0.087680 -0.942092 0.323690
vn 0.089696 -0.908096 0.409042
vn 0.094721 -0.848253 0.521052
vn 0.082869 -0.783994 0.615213
vn 0.050559 -0.787333 0.614452
vn 0.245751 -0.886681 0.391667
vn 0.309002 -0.850876 0.424885
vn 0.297720 -0.834205 0.464182
vn 0.240852 -0.822946 0.514538
vn 0.197510 -0.795677 0.572615
vn 0.298124 -0.801829 0.517873
vn 0.022774 -0.836707 0.547176
vn 0.399639 -0.861159 0.314154
vn 0.538876 -0.787955 0.297893
vn 0.457977 -0.807432 0.371901
vn 0.426912 -0.796389 0.428382
vn 0.472708 -0.795968 0.378131
vn 0.380825 -0.840537 0.385317
vn 0.295287 -0.855099 0.426158
vn 0.148334 -0.855738 0.495690
vn 0.033452 -0.885845 0.462773
vn 0.610147 -0.747319 0.263126
vn 0.498569 -0.804569 0.322643
vn 0.624564 -0.732754 0.270169
vn 0.388615 -0.867209 0.311332
vn 0.327257 -0.897026 0.297066
vn 0.195082 -0.928121 0.317073
vn 0.088775 -0.933091 0.348510
vn -0.009152 -0.959463 0.281685
vn -0.033798 -0.936866 0.348051
vn 0.588028 -0.782593 0.204379
vn 0.519726 -0.820886 0.236707
vn 0.501028 -0.852463 0.149255
vn 0.391238 -0.908491 0.146892
vn 0.300456 -0.935936 0.183711
vn 0.188882 -0.962427 0.195083
vn 0.106976 -0.967013 0.231177
vn 0.024126 -0.971787 0.234625
vn -0.037654 -0.946155 0.321516
vn 0.381034 -0.923455 0.045205
vn 0.255686 -0.964602 0.064554
vn 0.150247 -0.982677 0.108494
vn 0.059604 -0.989917 0.128502
vn 0.020772 -0.986490 0.162500
vn 0.170889 -0.984356 -0.042899
vn 0.102368 -0.994747 0.000104
vn 0.036240 -0.998230 0.047147
vn -0.007128 -0.970302 0.241793
vn -0.001620 -0.944404 0.328782
vn 0.026785 -0.995705 -0.088621
vn 0.003109 -0.999823 -0.018540
vn 0.003075 -0.995805 0.091454
vn 0.007881 -0.989473 0.144504
vn 0.002184 -0.982125 0.188219
vn -0.010681 -0.758497 0.651588
vn -0.070173 -0.623328 0.778805
vn -0.081780 -0.262034 0.961587
vn -0.085684 -0.762445 0.641355
vn -0.272950 -0.399465 0.875172
vn -0.371434 -0.236694 0.897782
vn -0.064822 -0.875464 0.478916
vn -0.152422 -0.778056 0.609423
vn -0.193903 -0.637414 0.745724
vn -0.161812 -0.286178 0.944415
vn -0.099444 -0.823146 0.559055
vn -0.086203 -0.630261 0.771583
vn -0.046248 -0.907891 0.416648
vn -0.049137 -0.826871 0.560241
vn -0.045264 -0.250460 0.967068
vn -0.010929 -0.623778 0.781526
vn 0.007311 -0.901969 0.431739
vn 0.017346 -0.816777 0.576692
vn 0.019739 -0.239446 0.970709
vn 0.059088 -0.612937 0.787919
vn 0.634408 -0.772908 0.011844
vn 0.610013 -0.790752 0.050953
vn 0.608274 -0.788689 0.089289
vn 0.651645 -0.756903 0.049574
vn 0.665781 -0.741138 0.086313
vn 0.683742 -0.729368 0.022793
vn 0.685132 -0.726474 0.053198
vn 0.727376 -0.685984 0.018679
vn 0.721437 -0.689002 0.069311
vn 0.762102 -0.647344 0.012096
vn 0.755774 -0.653203 0.046175
vn 0.755976 -0.648849 0.086573
vn 0.795650 -0.605484 0.018187
vn 0.789766 -0.611409 0.049483
vn 0.799448 -0.595059 0.082387
vn 0.816493 -0.575287 0.048831
vn 0.809799 -0.585638 0.035414
vn 0.853521 -0.517614 0.059819
vn 0.836847 -0.540602 0.086232
vn 0.740872 -0.657761 0.135866
vn 0.863565 -0.499956 0.065580
vn 0.670999 -0.730481 0.127113
vn 0.664990 -0.727042 0.170873
vn 0.699379 -0.683912 0.207687
vn 0.714447 -0.691432 0.107178
vn 0.710173 -0.687725 0.150625
vn 0.730607 -0.658897 0.179077
vn 0.764023 -0.626055 0.155962
vn 0.774808 -0.600955 0.196279
vn 0.747866 -0.652205 0.123795
vn 0.781198 -0.613125 0.117501
vn 0.808379 -0.576361 0.119711
vn 0.802045 -0.574792 0.162291
vn 0.802140 -0.558325 0.211766
vn 0.841512 -0.526595 0.120643
vn 0.838272 -0.522583 0.155586
vn 0.663704 -0.715239 0.218930
vn 0.689848 -0.676004 0.259093
vn 0.751626 -0.611299 0.247733
vn 0.737132 -0.638431 0.221454
vn 0.867251 -0.490255 0.086745
vn 0.681731 -0.719963 0.129982
vn 0.776426 -0.616838 0.129128
vn 0.836754 -0.533656 0.122697
vn 0.895627 -0.438411 0.075159
vn 0.617226 -0.755620 0.219247
vn 0.709496 -0.663418 0.237682
vn 0.837130 -0.509890 0.198053
vn 0.898662 -0.426379 0.102993
vn 0.910146 -0.398318 0.113918
vn 0.926614 -0.365263 0.089271
vn 0.496421 -0.848361 0.183984
vn 0.380819 -0.875682 0.296915
vn 0.540279 -0.698387 0.469419
vn 0.750933 -0.557722 0.353618
vn 0.588324 -0.504007 0.632339
vn 0.803768 -0.382397 0.455774
vn 0.907049 -0.364214 0.211211
vn 0.940710 -0.324235 0.099682
vn 0.945570 -0.315013 0.081636
vn 0.901547 -0.138188 0.410020
vn 0.954123 -0.222286 0.200595
vn 0.968266 -0.230777 0.095932
vn 0.959445 -0.267823 0.087955
vn 0.860481 0.328570 0.389376
vn 0.931288 0.225781 0.285875
vn 0.964421 0.011853 0.264104
vn 0.979215 -0.137816 0.148812
vn 0.974464 -0.209736 0.080196
vn 0.945802 0.236893 0.222127
vn 0.985482 0.044098 0.163952
vn 0.993133 -0.042579 0.108968
vn 0.987962 -0.133948 0.077393
vn 0.984785 -0.153518 0.081425
vn 0.993975 -0.090720 0.061512
vn 0.989921 -0.098703 0.101554
vn 0.992052 -0.036095 0.120542
vn 0.059498 -0.919824 0.387793
vn 0.137468 -0.709589 0.691076
vn 0.362790 -0.270869 0.891635
vn 0.714548 -0.228554 0.661200
vn 0.458965 0.623165 0.633259
vn 0.506476 0.361101 0.782999
vn 0.795709 0.027924 0.605036
vn 0.673036 0.590415 0.445457
vn 0.788252 0.391994 0.474341
vn 0.856391 0.211842 0.470868
vn 0.995455 0.005061 0.095100
vn 0.997211 -0.052550 0.052992
vn 0.997381 -0.026991 0.067106
vn -0.144643 -0.905002 0.400063
vn -0.248955 -0.696491 0.672995
vn -0.436552 -0.546908 0.714363
vn -0.284269 -0.102908 0.953206
vn -0.521619 -0.076418 0.849749
vn 0.152411 0.742257 0.652553
vn -0.155018 0.601749 0.783497
vn -0.449405 0.409430 0.793979
vn 0.182640 0.871571 0.454980
vn -0.110066 0.841471 0.528972
vn 0.849604 -0.490485 0.193902
vn 0.878934 -0.464976 0.106170
vn 0.878121 -0.457644 0.139516
vn 0.859202 -0.482587 0.169945
vn 0.884926 -0.430658 0.177309
vn 0.917929 -0.354444 0.178257
vn 0.935665 -0.299681 0.186338
vn 0.908326 -0.388579 0.154755
vn 0.927966 -0.348139 0.132959
vn 0.941658 -0.318807 0.107896
vn 0.946118 -0.289060 0.145963
vn 0.965453 -0.217341 0.143746
vn 0.955818 -0.226189 0.187750
vn 0.974728 -0.158820 0.157105
vn 0.968976 -0.161927 0.186722
vn 0.981797 -0.093748 0.165182
vn 0.975186 -0.099705 0.197666
vn 0.985970 -0.031333 0.163955
vn 0.979693 -0.033662 0.197656
vn 0.958479 -0.261193 0.114439
vn 0.973557 -0.204685 0.101448
vn 0.982240 -0.148650 0.114490
vn 0.986499 -0.091183 0.136034
vn 0.754824 -0.590750 0.285055
vn 0.746690 -0.582839 0.320552
vn 0.780952 -0.526907 0.335385
vn 0.795863 -0.540920 0.272044
vn 0.843919 -0.468237 0.261828
vn 0.813533 -0.491814 0.310294
vn 0.863443 -0.408173 0.296412
vn 0.884695 -0.346445 0.311914
vn 0.822678 -0.519069 0.231878
vn 0.853674 -0.463661 0.237191
vn 0.882571 -0.393534 0.257291
vn 0.913384 -0.317383 0.254944
vn 0.901296 -0.280557 0.330082
vn 0.926997 -0.255504 0.274581
vn 0.941594 -0.179719 0.284783
vn 0.949013 -0.110217 0.295342
vn 0.950646 -0.037107 0.308050
vn 0.883503 -0.417447 0.212511
vn 0.901933 -0.367007 0.227645
vn 0.931837 -0.292592 0.214637
vn 0.950091 -0.220084 0.221111
vn 0.959955 -0.162870 0.227947
vn 0.965861 -0.102109 0.238088
vn 0.971147 -0.034071 0.236034
vn 0.963620 -0.039574 0.264328
vn 0.774020 -0.507975 0.377962
vn 0.827132 -0.437722 0.352494
vn 0.797962 -0.425248 0.427108
vn 0.851292 -0.365874 0.376083
vn 0.871449 -0.284895 0.399265
vn 0.884986 -0.204402 0.418354
vn 0.893858 -0.131689 0.428574
vn 0.902465 -0.046883 0.428205
vn 0.913936 -0.200157 0.353070
vn 0.924276 -0.122337 0.361589
vn 0.929466 -0.044760 0.366181
vn -0.060576 -0.685150 -0.725879
vn -0.059083 -0.847088 -0.528159
vn -0.052752 -0.917962 -0.393144
vn -0.066486 -0.300564 -0.951442
vn -0.038130 -0.958021 -0.284153
vn -0.023630 -0.978379 -0.205466
vn -0.017227 -0.989487 -0.143593
vn -0.130159 -0.709887 -0.692184
vn -0.047198 -0.931062 -0.361797
vn -0.318830 -0.231495 -0.919107
vn -0.248797 -0.362000 -0.898363
vn -0.089862 -0.782018 -0.616743
vn -0.084504 -0.866700 -0.491620
vn -0.113772 -0.264540 -0.957640
vn -0.163625 -0.602961 -0.780811
vn -0.009997 -0.967193 -0.253847
vn 0.002112 -0.982997 -0.183607
vn 0.012361 -0.991530 -0.129285
vn -0.035423 -0.893508 -0.447647
vn -0.075226 -0.607455 -0.790784
vn -0.031805 -0.816683 -0.576209
vn 0.002894 -0.944989 -0.327090
vn -0.021995 -0.232735 -0.972291
vn -0.024295 -0.617269 -0.786377
vn 0.030581 -0.971569 -0.234772
vn 0.037163 -0.984749 -0.169965
vn 0.045514 -0.992295 -0.115231
vn 0.018560 -0.823792 -0.566588
vn 0.024637 -0.909109 -0.415830
vn 0.052887 -0.948750 -0.311569
vn 0.021240 -0.238164 -0.970993
vn 0.043400 -0.631413 -0.774231
vn 0.086841 -0.962491 -0.257041
vn 0.076770 -0.984619 -0.156945
vn 0.079843 -0.991837 -0.099424
vn 0.092247 -0.828433 -0.552439
vn 0.088651 -0.913183 -0.397792
vn 0.075890 -0.261392 -0.962245
vn -0.007886 -0.998431 -0.055444
vn 0.008069 -0.999967 0.000834
vn 0.012454 -0.998739 0.048628
vn 0.036897 -0.964943 0.259852
vn 0.046228 -0.935288 0.350854
vn 0.048197 -0.976531 0.209914
vn 0.008886 -0.996494 -0.083192
vn 0.039498 -0.993487 0.106877
vn 0.044781 -0.986655 0.156544
vn 0.100001 -0.915411 0.389900
vn 0.029494 -0.999176 -0.027887
vn 0.084314 -0.951752 0.295058
vn 0.051339 -0.998313 0.027125
vn 0.060917 -0.995445 0.073341
vn 0.069986 -0.990037 0.122185
vn 0.081469 -0.981071 0.175678
vn 0.102241 -0.960743 0.257914
vn 0.155002 -0.920570 0.358505
vn 0.134515 -0.900071 0.414462
vn 0.053497 -0.996497 -0.064272
vn 0.063210 -0.997884 -0.015246
vn 0.189088 -0.857324 0.478792
vn 0.087937 -0.995343 0.039482
vn 0.109426 -0.989279 0.096707
vn 0.107028 -0.984118 0.141621
vn 0.139174 -0.965957 0.218076
vn 0.173934 -0.934131 0.311683
vn 0.086318 -0.994937 -0.051474
vn 0.112727 -0.993617 0.004333
vn 0.236203 -0.872853 0.427007
vn 0.300392 -0.753351 0.585002
vn 0.397593 -0.565693 0.722434
vn 0.073621 -0.877967 0.473026
vn 0.095682 -0.783983 0.613365
vn 0.102443 -0.267035 0.958227
vn 0.162715 -0.597732 0.785009
vn 0.123196 -0.843303 0.523127
vn 0.153823 -0.708678 0.688560
vn 0.285598 -0.350097 0.892113
vn 0.311301 -0.226101 0.923022
vn 0.203157 -0.293266 0.934196
vn 0.169659 -0.778220 0.604640
vn 0.173634 -0.628670 0.758040
vn 0.243804 -0.584102 0.774199
vn 0.240519 -0.740429 0.627627
vn 0.387434 -0.228185 0.893211
vn 0.403122 -0.329202 0.853884
vn 0.284327 -0.665586 0.690039
vn 0.345478 -0.305156 0.887426
vn -0.113766 -0.961489 0.250193
vn -0.196757 -0.904712 0.377867
vn -0.259531 -0.826846 0.498968
vn -0.349411 -0.660501 0.664567
vn -0.515268 -0.173561 0.839271
vn -0.500721 -0.032996 0.864980
vn -0.282918 0.765044 0.578503
vn -0.433560 0.521249 0.735068
vn -0.449112 0.435413 0.780201
vn -0.040385 0.953220 0.299569
vn -0.160463 0.893480 0.419457
vn -0.186001 -0.900402 0.393295
vn -0.307623 -0.741749 0.595966
vn -0.319615 -0.619763 0.716756
vn -0.419818 -0.506566 0.753089
vn -0.383174 -0.178377 0.906289
vn -0.254956 0.826285 0.502246
vn -0.268340 0.788008 0.554109
vn -0.336064 0.481930 0.809200
vn -0.092007 0.966154 0.241001
vn -0.155369 0.923676 0.350262
vn -0.159797 0.916775 0.366044
vn -0.112143 -0.948299 0.296905
vn -0.208922 -0.849602 0.484280
vn -0.288848 -0.671879 0.682015
vn -0.444306 -0.178720 0.877867
vn -0.420518 -0.025033 0.906939
vn -0.388143 0.549027 0.740212
vn -0.382323 0.452810 0.805476
vn -0.051257 0.986096 0.158072
vn -0.054670 -0.974264 0.218679
vn -0.167551 -0.882364 0.439727
vn -0.249097 -0.743426 0.620700
vn -0.233873 -0.620462 0.748552
vn -0.354674 -0.507384 0.785346
vn -0.288989 -0.165551 0.942909
vn -0.200481 0.845528 0.494864
vn -0.225383 0.750200 0.621612
vn -0.075917 0.972789 0.218902
vn -0.114792 0.936359 0.331744
vn -0.007888 -0.991424 0.130450
vn -0.097374 -0.928554 0.358199
vn -0.154703 -0.848275 0.506456
vn -0.264102 -0.101502 0.959139
vn -0.169560 0.812023 0.558451
vn -0.235721 0.503760 0.831060
vn -0.013525 0.992039 0.125203
vn -0.041340 0.977685 0.205967
vn -0.089424 0.931624 0.352251
vn -0.028049 -0.975194 0.219569
vn -0.111660 -0.888228 0.445626
vn -0.220137 -0.686899 0.692611
vn -0.373003 -0.178338 0.910530
vn -0.360145 -0.038372 0.932107
vn -0.152699 0.832569 0.532458
vn -0.295863 0.571863 0.765139
vn -0.307168 0.452660 0.837107
vn 0.028290 0.995946 0.085385
vn 0.004067 0.990484 0.137566
vn 0.026038 -0.988365 0.149852
vn -0.020713 -0.962747 0.269608
vn -0.175369 -0.777451 0.604000
vn -0.148040 -0.613115 0.775999
vn -0.292758 -0.529338 0.796301
vn -0.189690 -0.178557 0.965471
vn -0.103310 0.881764 0.460239
vn -0.143760 0.779240 0.610015
vn -0.112960 0.488678 0.865121
vn -0.003268 0.982612 0.185641
vn -0.052891 0.951249 0.303854
vn 0.108819 -0.992459 0.056425
vn 0.057795 -0.990170 0.127373
vn -0.032443 -0.939035 0.342288
vn -0.046195 -0.873592 0.484462
vn -0.053390 -0.634205 0.771320
vn -0.063672 -0.065492 0.995820
vn -0.047322 0.912685 0.405915
vn -0.045675 0.813811 0.579331
vn 0.063811 0.996496 0.054077
vn 0.055909 0.993786 0.096245
vn 0.004464 0.969528 0.244939
vn 0.125580 -0.969981 -0.208245
vn 0.112810 -0.646360 -0.754647
vn 0.134046 -0.980121 -0.146269
vn 0.148846 -0.984342 -0.094429
vn 0.171799 -0.797168 -0.578799
vn 0.161803 -0.898066 -0.409019
vn 0.153955 -0.944937 -0.288778
vn 0.161241 -0.291241 -0.942963
vn 0.195421 -0.639297 -0.743714
vn 0.260562 -0.718366 -0.645025
vn 0.195948 -0.962531 -0.187452
vn 0.383433 -0.252586 -0.888358
vn 0.382441 -0.377987 -0.843128
vn 0.270912 -0.821750 -0.501332
vn 0.221667 -0.925937 -0.305786
vn 0.240015 -0.966025 -0.095861
vn 0.353664 -0.333095 -0.874053
vn 0.378931 -0.622452 -0.684810
vn 0.339705 -0.792619 -0.506316
vn 0.334940 -0.867105 -0.368706
vn 0.248918 -0.949349 -0.191772
vn 0.488609 -0.216402 -0.845240
vn 0.493628 -0.418147 -0.762551
vn 0.458813 -0.720667 -0.519741
vn 0.357783 -0.908872 -0.214342
vn 0.324999 -0.941654 -0.087538
vn 0.637013 -0.284714 -0.716347
vn 0.501776 -0.790840 -0.350419
vn 0.480672 -0.858699 -0.177738
vn 0.482752 -0.872022 -0.080795
vn 0.708724 -0.427990 -0.560834
vn 0.614079 -0.740497 -0.273076
vn 0.683426 -0.723669 -0.096079
vn 0.811166 -0.311671 -0.494844
vn 0.901835 -0.369490 -0.223990
vn 0.937330 -0.335133 -0.095383
vn 0.133059 -0.989194 0.061567
vn 0.160770 -0.969415 0.185439
vn 0.228391 -0.937365 0.263029
vn 0.219352 -0.920503 0.323357
vn 0.469346 -0.313112 0.825636
vn 0.139618 -0.989725 -0.030849
vn 0.173893 -0.975522 0.134605
vn 0.238092 -0.950333 0.200446
vn 0.274821 -0.887577 0.369704
vn 0.366242 -0.761947 0.534139
vn 0.347091 -0.673093 0.653050
vn 0.466756 -0.570015 0.676181
vn 0.428427 -0.302960 0.851273
vn 0.198803 -0.979222 0.040016
vn 0.198489 -0.975138 0.098534
vn 0.206949 -0.978032 -0.024994
vn 0.284834 -0.908903 0.304573
vn 0.384432 -0.794460 0.470154
vn 0.499545 -0.612160 0.612956
vn 0.553935 -0.371772 0.744944
vn 0.541332 -0.196956 0.817415
vn 0.263975 -0.954477 0.138893
vn 0.284173 -0.932084 0.224644
vn 0.403630 -0.832125 0.380329
vn 0.455087 -0.656074 0.602049
vn 0.570319 -0.396213 0.719549
vn 0.612012 -0.209564 0.762577
vn 0.266970 -0.963693 -0.004684
vn 0.284904 -0.955258 0.079448
vn 0.324923 -0.929563 0.174176
vn 0.422063 -0.856215 0.297922
vn 0.543826 -0.669435 0.506073
vn 0.340653 -0.940170 0.006082
vn 0.369972 -0.922636 0.108918
vn 0.469858 -0.843678 0.259692
vn 0.512852 -0.783396 0.351103
vn 0.640015 -0.647685 0.413382
vn 0.736696 -0.419555 0.530333
vn 0.690848 -0.251481 0.677854
vn 0.492049 -0.870238 0.023956
vn 0.529415 -0.835051 0.149697
vn 0.576268 -0.772043 0.268078
vn 0.695399 -0.717908 0.032072
vn 0.689296 -0.697599 0.195515
vn 0.779300 -0.427103 0.458557
vn 0.798951 -0.229292 0.555970
vn 0.945153 -0.325548 0.026547
vn 0.924764 -0.338439 0.173985
vn 0.842629 -0.287330 0.455432
vn 0.448690 -0.194905 0.872175
vn 0.064476 -0.981812 0.178574
vn 0.035255 -0.958197 0.283928
vn 0.030517 0.934848 0.353735
vn -0.028716 0.529519 0.847812
vn 0.114397 0.993407 0.007544
vn 0.063462 0.990680 0.120519
vn 0.054728 -0.905292 0.421249
vn 0.023582 -0.653984 0.756141
vn 0.033728 -0.061613 0.997530
vn 0.040260 0.849768 0.525618
vn 0.038270 0.567697 0.822347
vn 0.126152 0.991341 0.036466
vn 0.081657 0.975337 0.205061
vn 0.194533 -0.978537 0.067989
vn 0.113651 -0.984166 0.136016
vn 0.104221 -0.969223 0.223036
vn 0.141847 0.981534 0.128341
vn 0.126291 0.953311 0.274315
vn 0.132607 0.888270 0.439764
vn 0.161131 0.986533 -0.028110
vn 0.296243 -0.949501 -0.103383
vn 0.250930 -0.967628 -0.027024
vn 0.174080 -0.964062 0.200701
vn 0.144802 -0.912512 0.382563
vn 0.120257 -0.672013 0.730710
vn 0.126371 -0.061757 0.990059
vn 0.373115 0.917833 -0.135530
vn 0.312167 0.949464 -0.032696
vn 0.211697 0.974243 0.077680
vn 0.259609 0.944302 0.202230
vn 0.129064 0.592172 0.795408
vn 0.211664 0.977342 0.001327
vn 0.413580 -0.896310 -0.159937
vn 0.367905 -0.928098 -0.057272
vn 0.317479 -0.947161 0.045750
vn 0.284578 -0.941501 0.180531
vn 0.321762 -0.847685 0.421780
vn 0.240576 -0.676071 0.696456
vn 0.475664 -0.638315 0.605225
vn 0.317998 -0.210661 0.924391
vn 0.490284 0.847602 -0.202959
vn 0.418704 0.903504 -0.091469
vn 0.333193 0.942443 0.027988
vn 0.243600 0.889755 0.385999
vn 0.230493 0.580802 0.780732
vn 0.690997 -0.686841 -0.225327
vn 0.608255 -0.784490 -0.120838
vn 0.540408 -0.841310 -0.012532
vn 0.502886 -0.845323 0.180371
vn 0.496475 -0.788483 0.363053
vn 0.895725 -0.264052 -0.357706
vn 0.721305 -0.690504 -0.054061
vn 0.682582 -0.702368 0.201895
vn 0.709779 -0.367080 0.601221
vn 0.592503 -0.119281 0.796688
vn 0.771755 0.571485 -0.278923
vn 0.673209 0.686687 -0.274316
vn 0.422201 0.906224 -0.022477
vn 0.376962 0.911585 0.164051
vn 0.547673 0.650761 0.525894
vn 0.501950 0.512360 0.696802
vn 0.933053 -0.119909 -0.339167
vn 0.981530 -0.189539 -0.025964
vn 0.962061 -0.210487 0.173591
vn 0.836865 -0.178175 0.517601
vn 0.751348 0.574492 -0.324708
vn 0.761218 0.648228 -0.018612
vn 0.754968 0.639941 0.143176
vn 0.689243 0.547499 0.474541
vn 0.126756 0.740769 -0.659692
vn 0.197647 0.848837 -0.490318
vn 0.139477 0.910816 -0.388536
vn 0.121745 0.944331 -0.305644
vn 0.098158 0.978695 -0.180339
vn 0.425760 0.764442 -0.484105
vn 0.454221 0.794491 -0.403073
vn 0.429810 0.834944 -0.343702
vn 0.324591 0.897810 -0.297620
vn 0.279852 0.940752 -0.191492
vn 0.287967 0.945972 -0.149035
vn 0.640756 0.677412 -0.361309
vn 0.653022 0.697485 -0.295089
vn 0.650666 0.731062 -0.205382
vn 0.633443 0.757978 -0.155624
vn 0.476126 0.850410 -0.223845
vn 0.461309 0.873729 -0.154246
vn 0.804721 0.542755 -0.240503
vn 0.805653 0.560100 -0.192901
vn 0.116186 0.977589 -0.175558
vn 0.232315 0.951524 -0.201572
vn 0.063133 0.981088 -0.182977
vn 0.092467 0.978975 -0.181820
vn 0.082298 0.949255 -0.303549
vn 0.089117 0.837771 -0.538701
vn 0.076453 0.639010 -0.765389
vn 0.062738 0.441148 -0.895239
vn 0.057315 0.431755 -0.900168
vn 0.053473 0.567545 -0.821604
vn 0.317905 0.933205 -0.167528
vn 0.383814 0.887779 -0.254036
vn 0.413831 0.827299 -0.379895
vn 0.257409 0.916953 -0.304856
vn 0.300377 0.777641 -0.552312
vn 0.262964 0.577656 -0.772763
vn 0.202917 0.429635 -0.879908
vn 0.175718 0.355940 -0.917840
vn 0.169881 0.444122 -0.879714
vn 0.150574 0.536515 -0.830349
vn 0.154901 0.631709 -0.759572
vn 0.513162 0.846211 -0.143495
vn 0.500575 0.835791 -0.225561
vn 0.509020 0.754520 -0.414244
vn 0.529764 0.589210 -0.610067
vn 0.439800 0.677603 -0.589432
vn 0.434324 0.494364 -0.752972
vn 0.335972 0.346386 -0.875865
vn 0.315907 0.312491 -0.895853
vn 0.272959 0.358402 -0.892772
vn 0.291350 0.469306 -0.833587
vn 0.249339 0.535227 -0.807070
vn 0.739695 0.659282 -0.134900
vn 0.811002 0.565123 -0.151367
vn 0.797788 0.543577 -0.260880
vn 0.791735 0.459145 -0.402917
vn 0.655280 0.735267 -0.173177
vn 0.663707 0.663904 -0.344565
vn 0.658099 0.450290 -0.603444
vn 0.625162 0.256708 -0.737071
vn 0.505799 0.354343 -0.786516
vn 0.539382 0.214214 -0.814358
vn 0.445726 0.272360 -0.852730
vn 0.401271 0.275060 -0.873684
vn 0.403193 0.374063 -0.835172
vn 0.375282 0.446905 -0.812058
vn 0.392726 0.545719 -0.740241
vn 0.912857 0.390165 -0.120267
vn 0.908449 0.367071 -0.199949
vn 0.875087 0.279895 -0.394819
vn 0.822218 0.090954 -0.561859
vn 0.760268 0.297028 -0.577725
vn 0.690634 0.152309 -0.706984
vn 0.588361 0.115881 -0.800252
vn 0.496527 0.266996 -0.825938
vn 0.478012 0.342357 -0.808886
vn 0.497185 0.451013 -0.741211
vn 0.483937 0.562571 -0.670312
vn 0.739505 -0.041593 -0.671864
vn 0.683156 -0.107519 -0.722314
vn 0.661205 0.027354 -0.749706
vn 0.667121 -0.037780 -0.743990
vn 0.617971 0.065364 -0.783479
vn 0.559578 0.147469 -0.815552
vn 0.641317 0.137904 -0.754781
vn 0.556308 0.225908 -0.799679
vn 0.582539 0.352603 -0.732339
vn 0.595446 0.444324 -0.669343
vn 0.554195 0.527161 -0.644181
vn 0.686752 -0.137021 -0.713861
vn 0.731906 -0.146997 -0.665361
vn 0.728831 -0.059191 -0.682131
vn 0.682766 0.033346 -0.729876
vn 0.718662 0.131094 -0.682891
vn 0.633207 0.251669 -0.731923
vn 0.716891 0.221654 -0.661012
vn 0.683570 0.330147 -0.650949
vn 0.745984 0.034685 -0.665060
vn 0.669932 0.444574 -0.594597
vn 0.618250 0.513411 -0.595127
vn 0.675825 0.519867 -0.522493
vn 0.792300 -0.151699 -0.590972
vn 0.792744 -0.061777 -0.606417
vn 0.794254 0.036006 -0.606518
vn 0.792223 0.129455 -0.596342
vn 0.779570 0.226936 -0.583756
vn 0.722675 0.351333 -0.595237
vn 0.782809 0.323394 -0.531627
vn 0.753047 0.407110 -0.516897
vn 0.772270 0.433608 -0.464308
vn 0.725186 0.514348 -0.457768
vn 0.048210 0.667846 -0.742737
vn 0.047732 0.735942 -0.675360
vn 0.152190 0.719633 -0.677471
vn 0.272316 0.619890 -0.735921
vn 0.262633 0.703860 -0.660004
vn 0.379501 0.639089 -0.668987
vn 0.050757 0.790171 -0.610781
vn 0.045845 0.853483 -0.519101
vn 0.043750 0.893414 -0.447099
vn 0.041820 0.928441 -0.369119
vn 0.046231 0.956081 -0.289433
vn 0.041735 0.990157 -0.133593
vn 0.140850 0.795436 -0.589443
vn 0.145962 0.852023 -0.502745
vn 0.132047 0.907738 -0.398216
vn 0.208055 0.916308 -0.342187
vn 0.134808 0.942693 -0.305217
vn 0.120650 0.966654 -0.225882
vn 0.155136 0.972453 -0.173978
vn 0.247076 0.773528 -0.583616
vn 0.256248 0.813049 -0.522770
vn 0.251083 0.856504 -0.450953
vn 0.242722 0.885278 -0.396697
vn 0.224684 0.940290 -0.255678
vn 0.241217 0.949903 -0.198744
vn 0.396474 0.686271 -0.609787
vn 0.351480 0.730429 -0.585607
vn 0.360836 0.775742 -0.517708
vn 0.338914 0.834954 -0.433577
vn 0.303336 0.894499 -0.328419
vn 0.384069 0.879023 -0.282505
vn 0.302608 0.919759 -0.249943
vn 0.322560 0.933365 -0.157432
vn 0.474669 0.645947 -0.597864
vn 0.451655 0.721536 -0.524780
vn 0.428031 0.774910 -0.465085
vn 0.440013 0.804166 -0.399631
vn 0.405059 0.840580 -0.359655
vn 0.454807 0.860941 -0.227884
vn 0.383726 0.902989 -0.193302
vn 0.576606 0.588364 -0.566880
vn 0.543766 0.659256 -0.519327
vn 0.538523 0.705077 -0.461366
vn 0.504427 0.751548 -0.425122
vn 0.519948 0.782863 -0.341730
vn 0.483494 0.820820 -0.304119
vn 0.527257 0.829984 -0.182006
vn 0.444970 0.885017 -0.136919
vn 0.636754 0.613606 -0.466939
vn 0.607397 0.673453 -0.421344
vn 0.628229 0.703433 -0.332431
vn 0.570234 0.735513 -0.365860
vn 0.593504 0.758543 -0.269009
vn 0.624613 0.758699 -0.185024
vn 0.542628 0.804602 -0.241186
vn 0.699202 0.578444 -0.420140
vn 0.718026 0.612443 -0.330685
vn 0.666428 0.649539 -0.366022
vn 0.691299 0.670706 -0.268812
vn 0.704111 0.687076 -0.179317
vn 0.647129 0.722172 -0.244318
vn 0.038591 0.977934 0.205320
vn 0.040523 0.997839 -0.051724
vn 0.041053 0.998252 0.042525
vn 0.037214 0.991103 0.127790
vn 0.126318 0.972939 0.193478
vn 0.139846 0.967459 0.210871
vn 0.113931 0.989126 -0.093002
vn 0.113383 0.993544 -0.003837
vn 0.113228 0.989695 0.087649
vn 0.273194 0.953146 -0.129910
vn 0.260434 0.957443 0.124406
vn 0.238542 0.951771 0.192950
vn 0.196163 0.976156 -0.092948
vn 0.184742 0.982775 -0.004854
vn 0.199122 0.977823 0.064900
vn 0.182555 0.973571 0.137235
vn 0.282053 0.957868 -0.054177
vn 0.371232 0.928157 -0.026653
vn 0.370721 0.928441 0.023714
vn 0.315530 0.943095 0.104941
vn 0.311760 0.931571 0.187035
vn 0.273073 0.961461 0.031988
vn 0.437309 0.875918 0.203785
vn 0.385258 0.917135 -0.102177
vn 0.386597 0.916912 0.099071
vn 0.373913 0.908534 0.186430
vn 0.532707 0.836789 -0.126517
vn 0.513498 0.854098 -0.082682
vn 0.531338 0.846798 -0.024756
vn 0.534061 0.845235 0.018916
vn 0.538990 0.838789 0.076964
vn 0.533245 0.836797 0.124180
vn 0.483403 0.855665 0.184821
vn 0.453093 0.890264 -0.046220
vn 0.455223 0.889534 0.038738
vn 0.444116 0.886890 0.127226
vn 0.610567 0.781976 -0.125384
vn 0.612270 0.782070 0.116153
vn 0.606137 0.773416 0.185545
vn 0.599604 0.798451 -0.054316
vn 0.547983 0.815025 0.188277
vn 0.688154 0.713469 0.131931
vn 0.720461 0.670388 0.177527
vn 0.697598 0.708714 -0.105269
vn 0.666913 0.743781 -0.044909
vn 0.650812 0.757726 0.047897
vn 0.651435 0.736333 0.182883
vn 0.606541 0.794605 0.026680
vn 0.046970 0.977133 0.207378
vn 0.047254 0.993506 0.103500
vn 0.047818 0.997342 -0.054978
vn 0.055103 0.976865 -0.206638
vn 0.121713 0.965702 -0.229360
vn 0.043657 0.967830 -0.247788
vn 0.047513 0.977765 -0.204252
vn 0.144194 0.984112 0.103592
vn 0.142373 0.988311 -0.054516
vn 0.139410 0.974332 -0.176755
vn 0.137029 0.958982 -0.248147
vn 0.301091 0.950592 0.075627
vn 0.302506 0.952503 -0.035047
vn 0.246304 0.959251 0.138462
vn 0.252738 0.965091 -0.068725
vn 0.226730 0.952339 -0.204069
vn 0.208781 0.949684 -0.233475
vn 0.193427 0.961760 -0.193914
vn 0.319536 0.925734 0.202271
vn 0.332467 0.937777 0.100198
vn 0.323274 0.942799 -0.081382
vn 0.322159 0.923633 -0.207642
vn 0.282728 0.946418 -0.156071
vn 0.283771 0.934191 -0.216241
vn 0.474142 0.878308 0.061351
vn 0.471927 0.880053 -0.052845
vn 0.433900 0.891088 0.133015
vn 0.438147 0.894531 -0.088548
vn 0.401050 0.890166 -0.216248
vn 0.372238 0.900255 -0.225787
vn 0.344119 0.920537 -0.184917
vn 0.502495 0.841440 0.198691
vn 0.493897 0.864263 0.095467
vn 0.489980 0.867009 -0.090638
vn 0.513184 0.832939 -0.207013
vn 0.463653 0.865636 -0.188945
vn 0.476946 0.848262 -0.230160
vn 0.424930 0.875265 -0.230966
vn 0.449742 0.871948 -0.193492
vn 0.679396 0.713918 0.169535
vn 0.593067 0.801810 0.073293
vn 0.589073 0.803397 -0.086863
vn 0.659228 0.722391 -0.208734
vn 0.592699 0.782286 0.191669
vn 0.575906 0.791813 -0.203385
vn 0.578118 0.785385 -0.221245
vn 0.530710 0.820188 -0.213630
vn 0.502557 0.843323 -0.190377
vn 0.768208 0.623895 0.143566
vn 0.684891 0.722498 -0.094446
vn 0.692171 0.719782 0.053046
vn 0.625997 0.740015 -0.245977
vn 0.624415 0.750757 -0.215568
vn 0.039612 0.983732 -0.175222
vn 0.038933 0.989740 -0.137470
vn 0.058281 0.984527 -0.165256
vn 0.115515 0.977598 -0.175951
vn 0.185179 0.968618 -0.165795
vn 0.115509 0.985300 -0.125867
vn 0.184724 0.974884 -0.124415
vn 0.220989 0.967878 -0.119903
vn 0.265224 0.946871 -0.181910
vn 0.260854 0.953890 -0.148491
vn 0.308684 0.943663 -0.119224
vn 0.251277 0.962405 -0.103128
vn 0.398216 0.896688 -0.193327
vn 0.355946 0.924359 -0.137345
vn 0.369811 0.924478 -0.092631
vn 0.464761 0.872273 -0.152109
vn 0.398543 0.902717 -0.162070
vn 0.425603 0.895722 -0.128627
vn 0.433602 0.896581 -0.090171
vn 0.550274 0.814967 -0.181734
vn 0.532838 0.831413 -0.157594
vn 0.511172 0.850552 -0.123552
vn 0.467073 0.877515 -0.108675
vn 0.613181 0.768867 -0.181252
vn 0.593217 0.789321 -0.158319
vn 0.608544 0.783648 -0.124777
vn 0.567778 0.814681 -0.117997
vn 0.560700 0.823286 -0.088408
vn 0.169735 0.960023 -0.222589
vn 0.135829 0.924333 -0.356593
vn 0.280158 0.686875 -0.670607
vn 0.594568 0.497041 -0.632012
vn 0.138799 0.981876 -0.129054
vn 0.212358 0.957625 -0.194574
vn 0.326056 0.911884 -0.249308
vn 0.427198 0.878825 -0.212527
vn 0.287115 0.899089 -0.330460
vn 0.409755 0.814559 -0.410603
vn 0.642291 0.650498 -0.405357
vn 0.821899 0.506694 -0.260275
vn 0.861512 0.470781 -0.190161
vn 0.878653 0.439261 -0.187133
vn 0.465014 0.878043 -0.113145
vn 0.499960 0.861104 -0.092414
vn 0.589038 0.805733 -0.061873
vn 0.620249 0.759098 -0.197638
vn 0.696618 0.704196 -0.137224
vn 0.800161 0.584377 -0.135077
vn 0.318039 0.941799 -0.108930
vn 0.354957 0.932320 -0.069176
vn 0.411300 0.910160 -0.049412
vn 0.509060 0.860209 -0.029978
vn 0.673462 0.738177 -0.039285
vn 0.323476 0.942853 -0.079953
vn 0.399278 0.916810 -0.006039
vn 0.437267 0.897952 -0.049795
vn 0.446040 0.895012 -0.001119
vn 0.370093 0.927103 -0.059251
vn 0.400823 0.915802 -0.025449
vn 0.511955 0.855592 -0.076583
vn 0.505575 0.861188 -0.052427
vn 0.485634 0.873808 -0.024892
vn 0.571165 0.819426 -0.048087
vn 0.572032 0.819926 -0.022371
vn 0.528342 0.849032 -0.000238
vn 0.300338 0.270449 -0.914688
vn 0.664939 0.245215 -0.705497
vn 0.295385 0.077511 -0.952229
vn 0.692053 0.077920 -0.717628
vn 0.298268 0.066914 -0.952134
vn 0.706762 0.066153 -0.704352
vn 0.326021 0.174366 -0.929143
vn 0.689898 0.191051 -0.698241
vn 0.272344 0.407003 -0.871882
vn 0.455730 0.355078 -0.816229
vn 0.694984 0.322630 -0.642578
vn 0.312509 0.336338 -0.888378
vn 0.263165 0.531053 -0.805436
vn 0.457468 0.490566 -0.741666
vn 0.742497 0.421052 -0.520974
vn 0.830737 0.268162 -0.487816
vn 0.922906 0.245446 -0.296648
vn 0.956522 0.210889 -0.201472
vn 0.951045 0.231525 -0.204719
vn 0.870597 0.087268 -0.484195
vn 0.943896 0.085491 -0.318986
vn 0.972462 0.074563 -0.220812
vn 0.983515 0.049667 -0.173871
vn 0.856656 0.105352 -0.505016
vn 0.932265 0.094452 -0.349230
vn 0.964833 0.074323 -0.252136
vn 0.974765 0.104259 -0.197393
vn 0.990731 0.069894 -0.116477
vn 0.810816 0.190523 -0.553424
vn 0.864242 0.207028 -0.458504
vn 0.942574 0.166778 -0.289378
vn 0.979567 0.135583 -0.148543
vn 0.959228 0.184054 -0.214489
vn 0.821101 0.301658 -0.484557
vn 0.877615 0.289862 -0.381802
vn 0.967590 0.197328 -0.157582
vn 0.950810 0.266666 -0.157636
vn 0.984586 0.091125 -0.149289
vn 0.286931 0.615026 -0.734448
vn 0.801703 0.445206 -0.398828
vn 0.422467 0.663553 -0.617429
vn 0.741696 0.567728 -0.357174
vn 0.297688 0.771132 -0.562794
vn 0.469388 0.774894 -0.423337
vn 0.293271 0.839701 -0.457049
vn 0.919551 0.298092 -0.256060
vn 0.958178 0.250186 -0.138933
vn 0.877040 0.416379 -0.239645
vn 0.845974 0.497172 -0.192737
vn 0.854450 -0.157572 -0.495063
vn 0.861158 -0.062376 -0.504495
vn 0.860652 0.035317 -0.507967
vn 0.858385 0.129452 -0.496404
vn 0.828711 0.226290 -0.511890
vn 0.836394 0.312925 -0.450025
vn 0.816931 0.413220 -0.402334
vn 0.786757 0.493276 -0.371070
vn 0.811816 0.510389 -0.283652
vn 0.920751 -0.146522 -0.361592
vn 0.925628 -0.058279 -0.373920
vn 0.919968 0.040203 -0.389927
vn 0.912201 0.131152 -0.388186
vn 0.875989 0.215486 -0.431519
vn 0.910954 0.233864 -0.339809
vn 0.871221 0.314315 -0.377067
vn 0.900928 0.317712 -0.295614
vn 0.851709 0.385156 -0.355314
vn 0.882042 0.391914 -0.261544
vn 0.889545 0.423474 -0.171406
vn 0.839921 0.446914 -0.307898
vn 0.849354 0.484066 -0.210422
vn 0.955147 -0.143074 -0.259275
vn 0.967604 -0.164359 -0.191646
vn 0.965897 -0.054158 -0.253201
vn 0.952642 0.036256 -0.301925
vn 0.970863 0.037015 -0.236758
vn 0.937604 0.142059 -0.317361
vn 0.960032 0.123017 -0.251407
vn 0.971389 0.135570 -0.194996
vn 0.942517 0.215625 -0.255278
vn 0.961539 0.218176 -0.166862
vn 0.929112 0.279096 -0.242603
vn 0.926334 0.323607 -0.192833
vn 0.981851 -0.115032 -0.150783
vn 0.983263 -0.044933 -0.176562
vn 0.987432 0.027748 -0.155587
vn 0.984778 0.092685 -0.147041
vn 0.898531 0.425056 0.109402
vn 0.870288 0.480266 -0.109284
vn 0.855391 0.516915 -0.033233
vn 0.855114 0.517873 0.024247
vn 0.886016 0.458455 0.069244
vn 0.844815 0.521696 0.118829
vn 0.867583 0.468666 0.166288
vn 0.989643 -0.109000 0.093410
vn 0.998403 -0.056409 -0.003013
vn 0.992318 -0.026854 0.120761
vn 0.996744 0.053016 0.060748
vn 0.988263 0.049951 0.144365
vn 0.976080 0.147146 0.160047
vn 0.982022 0.152111 0.111779
vn 0.964804 0.251061 -0.078244
vn 0.964096 0.254849 0.074636
vn 0.963643 0.226445 0.141826
vn 0.961875 0.237046 0.136405
vn 0.944375 0.311680 -0.104940
vn 0.959351 0.282137 -0.006599
vn 0.935458 0.344208 0.080243
vn 0.944497 0.296595 0.141267
vn 0.932231 0.331021 0.146188
vn 0.920725 0.376360 -0.103044
vn 0.929132 0.369706 -0.005674
vn 0.916253 0.375157 0.140491
vn 0.899225 0.430779 -0.076318
vn 0.901121 0.433555 -0.003396
vn 0.892474 0.433344 0.125309
vn 0.992543 -0.113175 -0.045266
vn 0.992152 -0.117863 0.041733
vn 0.987173 -0.110883 0.114864
vn 0.995111 -0.041196 -0.089758
vn 0.998936 -0.041870 -0.019339
vn 0.998452 -0.040718 0.037886
vn 0.992590 -0.037051 0.115722
vn 0.998547 0.027662 -0.046253
vn 0.998630 0.030614 0.042433
vn 0.990980 0.035618 0.129187
vn 0.993204 0.095384 -0.066698
vn 0.994688 0.102916 -0.002171
vn 0.993420 0.096644 0.061460
vn 0.985563 0.104660 0.133084
vn 0.981214 0.169267 -0.092567
vn 0.983056 0.183303 0.000173
vn 0.981073 0.172586 0.087801
vn 0.842196 0.524842 0.123476
vn 0.775757 0.630700 0.020460
vn 0.823496 0.551292 -0.133909
vn 0.757885 0.618098 -0.208723
vn 0.935421 0.348989 0.056516
vn 0.929481 0.361059 -0.075507
vn 0.875756 0.458902 -0.149870
vn 0.896212 0.442616 -0.029925
vn 0.851438 0.524331 -0.011406
vn 0.812081 0.543474 -0.212512
vn 0.800329 0.562132 -0.208522
vn 0.990409 -0.008109 -0.137927
vn 0.976906 0.075346 -0.199943
vn 0.994308 0.095953 -0.046317
vn 0.975010 0.153781 -0.160335
vn 0.983784 0.179312 -0.004164
vn 0.958823 0.259638 -0.115095
vn 0.944076 0.242223 -0.223713
vn 0.923179 0.303156 -0.236297
vn 0.963778 0.264682 0.032791
vn 0.925603 0.320718 -0.200995
vn 0.902833 0.363712 -0.229361
vn 0.898558 0.391434 -0.198426
vn 0.892055 0.399006 -0.212208
vn 0.854443 0.469274 -0.222955
vn 0.857737 0.460367 -0.228799
vn 0.863238 0.467965 -0.189285
vn 0.831529 0.512114 -0.215170
vn 0.969997 0.026273 -0.241694
vn 0.970749 0.032536 -0.237882
vn 0.967008 0.103649 -0.232706
vn 0.955950 0.168787 -0.240147
vn 0.961180 0.164139 -0.221790
vn 0.940687 0.238116 -0.241679
vn 0.949576 0.239432 -0.202427
vn 0.926046 0.318569 -0.202370
vn 0.979419 0.036774 -0.198460
vn 0.976917 0.102345 -0.187504
vn 0.968616 0.168030 -0.183161
vn 0.952394 0.213285 -0.217842
vn 0.941600 0.289577 -0.171858
vn 0.836835 0.517281 -0.179240
vn 0.909694 0.375285 -0.177816
vn 0.888040 0.428178 -0.167479
vn 0.887564 0.442104 -0.129515
vn 0.850515 0.504706 -0.147974
vn 0.871413 0.479342 -0.104264
vn 0.865495 0.493466 -0.086074
vn 0.985845 0.032010 -0.164577
vn 0.975377 0.162255 -0.149374
vn 0.963464 0.227055 -0.142063
vn 0.944117 0.304111 -0.127122
vn 0.925464 0.344545 -0.157497
vn 0.928267 0.352088 -0.119809
vn 0.928869 0.359704 -0.088409
vn 0.907977 0.392867 -0.145717
vn 0.908432 0.402847 -0.111651
vn 0.890198 0.447125 -0.087336
vn 0.991100 0.037568 -0.127710
vn 0.997058 0.035210 -0.068084
vn 0.981436 0.101172 -0.162931
vn 0.986831 0.093802 -0.131780
vn 0.990306 0.093421 -0.102794
vn 0.982164 0.153629 -0.108404
vn 0.984787 0.151201 -0.085632
vn 0.973334 0.205014 -0.102908
vn 0.974595 0.214247 -0.065288
vn 0.958630 0.263961 -0.106552
vn 0.949411 0.302725 -0.083528
vn 0.870453 0.489776 -0.049297
vn 0.926037 0.373766 -0.052484
vn 0.905325 0.419367 -0.067223
vn 0.912635 0.407433 -0.033108
vn 0.898147 0.439585 0.009854
vn 0.888114 0.459068 -0.022579
vn 0.993961 0.093946 -0.056697
vn 0.985162 0.164357 -0.049422
vn 0.983117 0.182743 -0.009293
vn 0.971269 0.237044 -0.021147
vn 0.961347 0.267685 -0.064478
vn 0.961225 0.274891 -0.021940
vn 0.946900 0.318528 -0.043829
vn 0.949852 0.312437 -0.012811
vn 0.927511 0.373639 -0.010837
vn 0.997920 0.060233 -0.022972
vn 0.999268 0.038134 0.002908
vn 0.997417 0.070934 0.011316
vn 0.992518 0.118888 -0.027801
vn 0.991079 0.132601 0.013415
vn 0.749536 0.554515 -0.361537
vn 0.778448 0.569270 -0.264481
vn 0.770398 0.610519 -0.183721
vn 0.739015 0.626869 -0.246764
vn 0.821183 0.539816 -0.185089
vn 0.795729 0.591931 -0.128192
vn 0.795662 0.593738 0.119993
vn 0.784987 0.595346 0.171346
vn 0.759979 0.642344 -0.099123
vn 0.756371 0.654133 -0.003512
vn 0.751781 0.652011 0.098523
vn 0.711917 0.702257 -0.003018
vn 0.705513 0.704878 0.073471
vn 0.828503 0.550277 -0.103814
vn 0.806449 0.589342 0.048129
vn 0.824199 0.541871 0.164535
vn 0.800259 0.598237 -0.041202
vn 0.746169 0.655348 -0.117266
vn 0.738066 0.636900 -0.222749
vn 0.705561 0.677966 -0.206267
vn 0.696951 0.679882 -0.228078
vn 0.705308 0.682090 -0.193116
vn 0.661904 0.717888 -0.215684
vn 0.769449 0.598253 -0.223702
vn 0.778525 0.597765 -0.191251
vn 0.748329 0.637290 -0.184027
vn 0.669900 0.720925 -0.177487
vn 0.683900 0.716283 -0.138636
vn 0.645470 0.750873 -0.139848
vn 0.639938 0.761301 -0.104403
vn 0.609878 0.787523 -0.088639
vn 0.748854 0.647023 -0.143457
vn 0.712618 0.684937 -0.151780
vn 0.727497 0.677486 -0.108447
vn 0.684134 0.723388 -0.093117
vn 0.804989 0.568565 -0.169488
vn 0.795499 0.587709 -0.147577
vn 0.812164 0.573869 -0.105183
vn 0.777991 0.617600 -0.115328
vn 0.798586 0.595566 -0.086957
vn 0.761305 0.644514 -0.070833
vn 0.838292 0.532409 -0.117504
vn 0.837244 0.541655 -0.075053
vn 0.648879 0.757906 -0.067342
vn 0.648188 0.761072 -0.024924
vn 0.619974 0.783194 -0.047322
vn 0.619217 0.785219 0.000901
vn 0.715203 0.695745 -0.066511
vn 0.720958 0.692720 -0.018936
vn 0.685457 0.726712 -0.045148
vn 0.685478 0.728024 -0.010095
vn 0.784886 0.617870 -0.046807
vn 0.801681 0.597570 -0.014775
vn 0.763297 0.645632 -0.023184
vn 0.840829 0.540217 -0.034231
vn 0.837578 0.546318 -0.000744
vn 0.816566 0.575441 -0.045691
vn 0.867217 0.497928 0.001571
vn 0.707413 0.606892 0.362283
vn 0.060170 0.864409 0.499176
vn 0.068457 0.910662 0.407441
vn 0.176549 0.847061 0.501317
vn 0.196748 0.884264 0.423518
vn 0.335149 0.845431 0.415838
vn 0.275756 0.814803 0.509956
vn 0.570509 0.730166 0.376002
vn 0.470325 0.720342 0.509806
vn 0.481076 0.766177 0.426075
vn 0.441924 0.755529 0.483611
vn 0.394107 0.772292 0.498242
vn 0.634445 0.653321 0.413099
vn 0.601797 0.620322 0.503031
vn 0.545486 0.688969 0.477249
vn 0.505565 0.707735 0.493472
vn 0.789636 0.440591 0.427030
vn 0.696288 0.512975 0.502035
vn 0.731425 0.529915 0.429194
vn 0.661833 0.578508 0.476765
vn 0.660491 0.566460 0.492823
vn 0.596280 0.634485 0.491812
vn 0.589219 0.688211 0.423304
vn 0.565195 0.678594 0.469110
vn 0.910912 0.052644 0.409229
vn 0.893235 0.158293 0.420802
vn 0.858888 0.265594 0.437918
vn 0.797138 0.340511 0.498622
vn 0.815056 0.372644 0.443645
vn 0.736743 0.450996 0.503797
vn 0.706581 0.515746 0.484511
vn 0.679698 0.597361 0.425641
vn 0.652678 0.655840 0.379321
vn 0.635186 0.637502 0.436038
vn 0.865196 0.050044 0.498931
vn 0.860296 0.056993 0.506598
vn 0.860434 0.143764 0.488860
vn 0.850729 0.152495 0.502997
vn 0.833240 0.238345 0.498902
vn 0.831190 0.305994 0.464211
vn 0.798288 0.425072 0.426673
vn 0.808778 0.388205 0.441786
vn 0.769109 0.407070 0.492713
vn 0.781862 0.467505 0.412469
vn 0.744985 0.483899 0.459172
vn 0.745364 0.557908 0.364927
vn 0.722585 0.550354 0.418308
vn 0.197838 0.965715 0.168091
vn 0.144156 0.977600 0.153352
vn 0.089910 0.985639 0.142943
vn 0.073733 0.980200 0.183772
vn 0.075235 0.958602 0.274631
vn 0.084921 0.985453 0.147213
vn 0.057317 0.984616 0.165066
vn 0.358887 0.896460 0.259921
vn 0.295871 0.914006 0.277585
vn 0.275588 0.948396 0.156832
vn 0.232047 0.960175 0.155620
vn 0.221328 0.942653 0.249840
vn 0.213624 0.934445 0.284917
vn 0.495816 0.852323 0.166467
vn 0.461060 0.854822 0.238126
vn 0.377689 0.883982 0.275550
vn 0.385679 0.909422 0.155574
vn 0.400102 0.907565 0.127455
vn 0.364060 0.911790 0.190000
vn 0.684232 0.707677 0.176124
vn 0.662746 0.717862 0.213173
vn 0.591876 0.760327 0.267555
vn 0.607477 0.779797 0.151290
vn 0.585927 0.800809 0.124076
vn 0.608074 0.776022 0.167439
vn 0.577394 0.785653 0.222182
vn 0.492768 0.824742 0.277454
vn 0.502726 0.850457 0.154885
vn 0.505819 0.855948 0.107240
vn 0.767727 0.631404 0.109199
vn 0.704970 0.702440 0.097955
vn 0.665916 0.725856 0.172306
vn 0.737350 0.617631 0.273581
vn 0.761079 0.630515 0.152349
vn 0.726435 0.672066 0.143596
vn 0.666795 0.692098 0.276376
vn 0.690297 0.706143 0.157645
vn 0.690245 0.713567 0.119933
vn 0.850914 0.433363 0.296888
vn 0.883056 0.439883 0.163446
vn 0.903155 0.425387 0.057939
vn 0.861947 0.506977 -0.004731
vn 0.804407 0.593445 -0.027414
vn 0.670159 0.741183 -0.039181
vn 0.553525 0.832704 -0.014609
vn 0.461557 0.887074 0.008033
vn 0.871432 0.485183 0.072132
vn 0.784695 0.618051 0.047613
vn 0.584655 0.804368 0.105694
vn 0.794155 0.534685 0.288843
vn 0.825632 0.543086 0.152933
vn 0.818724 0.566408 0.094197
vn 0.970340 0.065164 0.232795
vn 0.995064 0.099179 -0.003462
vn 0.911529 0.214787 -0.350688
vn 0.720971 0.524398 -0.452999
vn 0.567748 0.639268 -0.518651
vn 0.947669 0.181977 0.262313
vn 0.969153 0.237839 0.064612
vn 0.928569 0.348583 -0.127472
vn 0.819534 0.510656 -0.259991
vn 0.549166 0.740990 -0.386460
vn 0.381908 0.882396 -0.274814
vn 0.293825 0.916734 -0.270676
vn 0.900215 0.319709 0.295633
vn 0.935985 0.327736 0.128531
vn 0.917159 0.398455 -0.007215
vn 0.842220 0.527382 -0.111952
vn 0.717208 0.677878 -0.161539
vn 0.578470 0.801195 -0.153161
vn 0.347289 0.922485 -0.168555
vn 0.234382 0.967880 -0.090961
vn 0.730968 0.188575 -0.655839
vn 0.379402 0.400905 -0.833864
vn 0.274026 0.699169 -0.660358
vn 0.127852 0.824267 -0.551578
vn 0.074724 0.929543 -0.361063
vn 0.094687 0.946381 -0.308864
vn 0.043956 0.970898 -0.235424
vn 0.041608 0.989163 -0.140806
vn 0.057727 0.780368 0.622650
vn 0.083304 0.787024 0.611272
vn 0.087717 0.909818 0.405632
vn 0.101055 0.848356 0.519692
vn 0.074318 0.961690 0.263872
vn 0.089448 0.943287 0.319702
vn 0.015464 0.834625 0.550602
vn 0.295505 0.806726 0.511732
vn 0.194701 0.803634 0.562373
vn 0.100996 0.836981 0.537831
vn 0.375838 0.794340 0.477252
vn 0.262673 0.819835 0.508796
vn 0.207642 0.781993 0.587683
vn 0.389048 0.834977 0.389173
vn 0.311213 0.837430 0.449286
vn 0.272758 0.915982 0.294244
vn 0.250401 0.889195 0.382926
vn 0.056926 0.920046 0.387653
vn 0.017446 0.896428 0.442846
vn 0.393835 0.838474 0.376636
vn 0.303457 0.856759 0.416987
vn 0.186133 0.871672 0.453369
vn 0.476032 0.793967 0.378168
vn 0.536097 0.791736 0.292839
vn 0.487685 0.797224 0.355805
vn 0.433466 0.795888 0.422693
vn 0.403298 0.861085 0.309651
vn -0.033193 0.936947 0.347891
vn 0.363468 0.891251 0.271224
vn 0.209054 0.928106 0.308083
vn 0.092865 0.937036 0.336661
vn -0.013890 0.960791 0.276925
vn 0.588462 0.775995 0.227032
vn 0.538514 0.808447 0.237522
vn 0.521380 0.793201 0.314634
vn 0.612297 0.747275 0.258212
vn 0.507136 0.850178 0.141457
vn 0.449491 0.880577 0.150140
vn 0.343117 0.926499 0.154498
vn 0.171453 0.967685 0.184903
vn 0.095627 0.970872 0.219689
vn 0.033668 0.969879 0.241250
vn 0.478738 0.842446 0.247173
vn -0.026200 0.946857 0.320585
vn 0.386974 0.920992 0.044999
vn 0.250563 0.966249 0.059842
vn 0.127914 0.987560 0.091451
vn 0.048298 0.991816 0.118190
vn 0.016611 0.987096 0.159267
vn -0.009260 0.981021 0.193681
vn 0.166219 0.985109 -0.043940
vn 0.089616 0.995965 0.004807
vn 0.027506 0.998596 0.045263
vn 0.003064 0.981944 0.189146
vn -0.010518 0.968930 0.247110
vn 0.019728 0.941483 0.336483
vn 0.026098 0.995941 -0.086148
vn 0.007668 0.999724 -0.022220
vn 0.008988 0.995151 0.097951
vn -0.083045 0.636071 0.767149
vn -0.079941 0.266272 0.960577
vn -0.274178 0.399924 0.874578
vn -0.367253 0.238237 0.899093
vn -0.077063 0.796631 0.599534
vn -0.164147 0.728615 0.664963
vn -0.201626 0.622407 0.756278
vn -0.144152 0.278464 0.949567
vn -0.067521 0.873310 0.482463
vn -0.135461 0.786703 0.602286
vn -0.095147 0.637017 0.764955
vn -0.065281 0.902793 0.425092
vn -0.042422 0.629099 0.776167
vn -0.037087 0.239071 0.970294
vn -0.053528 0.834208 0.548845
vn -0.021950 0.905283 0.424242
vn 0.022212 0.616530 0.787018
vn 0.022579 0.236179 0.971447
vn 0.015741 0.818938 0.573666
vn 0.034952 0.892125 0.450435
vn 0.706711 0.700777 0.097316
vn 0.863938 0.500478 -0.055973
vn 0.877984 0.478665 -0.004914
vn 0.881559 0.470143 0.042654
vn 0.870748 0.483946 0.087146
vn 0.867292 0.470712 0.161972
vn 0.511774 0.859084 0.007894
vn 0.531824 0.845149 0.053725
vn 0.543295 0.835922 0.077885
vn 0.521318 0.844230 0.124510
vn 0.700906 0.713189 0.009669
vn 0.710934 0.701760 0.045886
vn 0.432145 0.900773 0.043106
vn 0.434288 0.895973 0.092876
vn 0.442465 0.895373 0.050320
vn 0.437771 0.894922 0.086438
vn 0.410662 0.911599 0.018562
vn 0.511984 0.855597 0.076324
vn 0.487954 0.872519 0.024736
vn 0.508114 0.859769 0.051172
vn 0.474352 0.874568 0.100601
vn 0.574451 0.818135 0.025709
vn 0.571686 0.818403 0.058237
vn 0.562765 0.821839 0.088748
vn 0.060808 0.961369 0.268463
vn 0.044296 0.975627 0.214917
vn 0.507258 0.558977 0.655922
vn 0.218517 0.703183 0.676597
vn 0.099313 0.896982 0.430766
vn 0.610503 0.313189 0.727460
vn 0.260477 0.309374 0.914571
vn 0.204604 0.929499 0.306869
vn 0.139328 0.967085 0.212919
vn 0.699771 0.632860 0.331374
vn 0.575710 0.675148 0.461230
vn 0.349682 0.828864 0.436701
vn 0.904948 0.363302 0.221541
vn 0.847321 0.417501 0.328237
vn 0.773868 0.364959 0.517623
vn 0.249583 0.944753 0.212484
vn 0.206698 0.958559 0.196065
vn 0.678485 0.714438 0.170983
vn 0.626626 0.749904 0.212094
vn 0.487307 0.820425 0.299058
vn 0.354662 0.886252 0.297945
vn 0.269969 0.915980 0.296811
vn 0.775252 0.571415 0.269202
vn 0.392932 0.908124 0.144618
vn 0.398330 0.891868 0.214256
vn 0.318754 0.930019 0.182924
vn 0.266875 0.945482 0.186662
vn 0.447846 0.876025 0.178924
vn 0.401264 0.899620 0.172255
vn 0.410279 0.902024 0.134253
vn 0.335702 0.922890 0.188621
vn 0.457461 0.875177 0.157462
vn 0.447425 0.873154 0.193422
vn 0.534778 0.822547 0.193464
vn 0.522743 0.845056 0.112341
vn 0.487444 0.864125 0.125244
vn 0.538191 0.828850 0.152832
vn 0.493800 0.848676 0.189499
vn 0.625399 0.756391 0.191700
vn 0.588562 0.800751 0.111322
vn 0.614153 0.774892 0.149526
vn 0.595074 0.784906 0.172652
vn 0.044406 0.927994 0.369940
vn 0.045874 0.966547 0.252355
vn 0.046952 0.951992 0.302500
vn 0.126388 0.960811 0.246717
vn 0.126892 0.943415 0.306377
vn 0.122657 0.970248 0.208745
vn 0.246554 0.902178 0.353957
vn 0.255201 0.923304 0.287021
vn 0.255064 0.941844 0.218798
vn 0.204521 0.944367 0.257571
vn 0.198150 0.932011 0.303466
vn 0.188280 0.954385 0.231731
vn 0.323302 0.886087 0.332153
vn 0.320302 0.906089 0.276424
vn 0.307471 0.921743 0.236331
vn 0.436039 0.850033 0.295488
vn 0.382617 0.889359 0.250291
vn 0.393258 0.876540 0.277536
vn 0.380537 0.868048 0.318881
vn 0.360866 0.907413 0.215353
vn 0.535608 0.784768 0.311870
vn 0.496521 0.819442 0.286325
vn 0.470508 0.850380 0.235533
vn 0.417507 0.879574 0.228116
vn 0.612099 0.701863 0.364312
vn 0.603843 0.748509 0.274059
vn 0.588868 0.741143 0.322399
vn 0.574820 0.788327 0.219368
vn 0.549606 0.794817 0.257290
vn 0.523684 0.818823 0.235125
vn 0.673555 0.667434 0.317578
vn 0.644295 0.721846 0.252632
vn 0.643318 0.704143 0.300539
vn 0.623776 0.746337 0.232130
vn 0.049197 0.870788 0.489192
vn 0.047101 0.902685 0.427716
vn 0.159676 0.856522 0.490789
vn 0.138774 0.891203 0.431855
vn 0.161714 0.919362 0.358638
vn 0.132021 0.918822 0.371935
vn 0.264868 0.840109 0.473352
vn 0.237774 0.875182 0.421332
vn 0.360632 0.817665 0.448741
vn 0.353984 0.786447 0.506158
vn 0.339076 0.854135 0.394311
vn 0.447488 0.787882 0.423080
vn 0.423959 0.829026 0.364658
vn 0.531250 0.751336 0.391494
vn 0.520603 0.731720 0.439952
vn 0.496645 0.798249 0.340795
vn 0.566946 0.746414 0.348481
vn 0.974529 0.112080 0.194247
vn 0.985946 0.085614 0.143457
vn 0.986514 0.117234 0.114223
vn 0.973989 0.142651 0.176056
vn 0.991043 0.101214 -0.087114
vn 0.988918 0.128561 0.074255
vn 0.980130 0.171453 -0.099746
vn 0.983989 0.176938 -0.021391
vn 0.982846 0.182940 0.023373
vn 0.979917 0.189913 0.060786
vn 0.972866 0.202938 0.111123
vn 0.963822 0.197345 0.179168
vn 0.974295 0.216818 -0.061150
vn 0.956714 0.238551 0.166709
vn 0.929492 0.274311 0.246573
vn 0.967680 0.249184 -0.038766
vn 0.969633 0.244176 0.013795
vn 0.964435 0.251626 0.080934
vn 0.956905 0.235769 0.169545
vn 0.992827 0.093764 -0.074176
vn 0.994620 0.100407 -0.025496
vn 0.994759 0.101322 0.013757
vn 0.993093 0.106242 0.049779
vn 0.989664 0.108263 0.094047
vn 0.985526 0.102793 0.134805
vn 0.997381 0.063731 -0.034186
vn 0.997310 0.071292 0.017033
vn 0.995388 0.071667 0.063768
vn 0.991765 0.122584 -0.037092
vn 0.992586 0.120237 0.017787
vn 0.665952 0.152122 0.730320
vn 0.273948 0.138332 0.951744
vn 0.687845 0.123600 0.715257
vn 0.313857 0.190848 0.930092
vn 0.676082 0.239446 0.696835
vn 0.659954 0.336940 0.671514
vn 0.435696 0.395270 0.808660
vn 0.275363 0.430735 0.859443
vn 0.266368 0.529122 0.805654
vn 0.649289 0.471150 0.597027
vn 0.417103 0.544502 0.727697
vn 0.656125 0.524567 0.542521
vn 0.408845 0.603281 0.684760
vn 0.236040 0.613355 0.753711
vn 0.952987 0.200225 0.227435
vn 0.927487 0.188718 0.322729
vn 0.849014 0.166671 0.501394
vn 0.965195 0.100311 0.241530
vn 0.934961 0.105874 0.338584
vn 0.972763 0.096558 0.210732
vn 0.953298 0.118554 0.277790
vn 0.828456 0.180721 0.530096
vn 0.916299 0.143657 0.373843
vn 0.958448 0.164278 0.233217
vn 0.930089 0.192611 0.312786
vn 0.828621 0.277586 0.486142
vn 0.787670 0.244487 0.565510
vn 0.931612 0.237130 0.275443
vn 0.843517 0.328173 0.425183
vn 0.768985 0.361309 0.527369
vn 0.851827 0.364371 0.376330
vn 0.784863 0.405548 0.468530
vn 0.657665 0.575991 0.485501
vn 0.703135 0.631327 0.327150
vn 0.426099 0.714134 0.555385
vn 0.719390 0.659659 -0.217548
vn 0.729268 0.677875 -0.093026
vn 0.721828 0.692021 -0.008503
vn 0.717685 0.692437 0.073892
vn 0.718111 0.665186 0.204559
vn 0.464756 0.798548 0.382522
vn 0.312999 0.875909 0.367171
vn 0.266857 0.782414 0.562687
vn 0.339256 0.920641 -0.193197
vn 0.309687 0.949517 -0.050115
vn 0.309936 0.948190 0.069817
vn 0.327364 0.928003 0.177886
vn 0.282809 0.857091 0.430598
vn 0.970058 0.242639 0.010658
vn 0.956810 0.272461 0.101385
vn 0.931568 0.307077 0.194642
vn 0.850273 0.407882 0.332668
vn 0.936941 0.326110 -0.125673
vn 0.948122 0.311656 -0.062738
vn 0.945493 0.325139 0.018128
vn 0.933648 0.345706 0.093750
vn 0.870996 0.454400 0.186778
vn 0.849370 0.455621 0.266420
vn 0.782681 0.505486 0.363172
vn 0.884530 0.460376 -0.075239
vn 0.883351 0.468207 0.021742
vn 0.846309 0.510123 0.153413
vn 0.412180 0.663438 0.624466
vn 0.235751 0.676764 0.697432
vn 0.237731 0.735640 0.634285
vn 0.789053 0.450365 0.417812
vn 0.867831 0.494199 0.051352
vn 0.866854 0.491287 0.084861
vn 0.923372 0.379971 0.054832
vn 0.936306 0.340706 0.085150
vn 0.911034 0.410947 0.033757
vn 0.898604 0.432498 0.073866
vn 0.907740 0.403707 0.114138
vn 0.887685 0.458999 0.036550
vn 0.996669 0.033600 0.074310
vn 0.992157 0.036637 0.119509
vn 0.993857 0.095282 0.056298
vn 0.989810 0.100040 0.101333
vn 0.984630 0.169929 0.040354
vn 0.984794 0.154115 0.080187
vn 0.974047 0.225223 0.022539
vn 0.974841 0.213069 0.065479
vn 0.962049 0.272084 0.020788
vn 0.961587 0.266484 0.065852
vn 0.947913 0.318175 0.015040
vn 0.946859 0.318377 0.045757
vn 0.928999 0.369425 0.022052
vn 0.999115 0.029477 0.029993
vn 0.847685 0.494189 0.192892
vn 0.839074 0.521268 0.155674
vn 0.935619 0.299700 0.186539
vn 0.910860 0.381016 0.158619
vn 0.917477 0.356587 0.176302
vn 0.886330 0.451288 0.103727
vn 0.890613 0.429764 0.148702
vn 0.882828 0.425671 0.198543
vn 0.868828 0.478459 0.127341
vn 0.861822 0.477445 0.171198
vn 0.986048 0.030584 0.163631
vn 0.979476 0.034610 0.198567
vn 0.981804 0.093710 0.165163
vn 0.976430 0.100186 0.191172
vn 0.974784 0.158080 0.157505
vn 0.968963 0.158973 0.189310
vn 0.951463 0.276030 0.136105
vn 0.966098 0.213940 0.144516
vn 0.956311 0.225097 0.186550
vn 0.953590 0.282192 0.105040
vn 0.928407 0.349062 0.127344
vn 0.986492 0.091050 0.136171
vn 0.982259 0.148583 0.114409
vn 0.972743 0.207965 0.102573
vn 0.782759 0.525069 0.334051
vn 0.756431 0.589224 0.283949
vn 0.747231 0.582187 0.320475
vn 0.900860 0.281301 0.330638
vn 0.884562 0.346951 0.311729
vn 0.863215 0.409104 0.295793
vn 0.843935 0.467092 0.263816
vn 0.814358 0.490878 0.309614
vn 0.801909 0.558689 0.211680
vn 0.796365 0.540513 0.271384
vn 0.950412 0.038303 0.308626
vn 0.949191 0.109616 0.294993
vn 0.941596 0.178980 0.285241
vn 0.912975 0.315450 0.258781
vn 0.927829 0.250985 0.275935
vn 0.883938 0.397161 0.246812
vn 0.856047 0.462000 0.231817
vn 0.821841 0.520192 0.232333
vn 0.970954 0.032694 0.237020
vn 0.963787 0.040316 0.263607
vn 0.966747 0.102244 0.234408
vn 0.960224 0.163193 0.226578
vn 0.932425 0.291721 0.213264
vn 0.950195 0.219912 0.220837
vn 0.901028 0.371827 0.223368
vn 0.901938 0.045997 0.429409
vn 0.894074 0.132442 0.427892
vn 0.858991 0.216255 0.464077
vn 0.870424 0.286391 0.400429
vn 0.851097 0.365406 0.376977
vn 0.827145 0.437211 0.353097
vn 0.774531 0.507774 0.377183
vn 0.928996 0.044323 0.367426
vn 0.924614 0.122806 0.360566
vn 0.915192 0.201620 0.348959
vn 0.891295 0.200009 0.406926
vn -0.066601 0.299573 -0.951746
vn -0.062147 0.690890 -0.720284
vn -0.059273 0.846729 -0.528713
vn -0.051710 0.918809 -0.391301
vn -0.042351 0.959787 -0.277517
vn -0.281600 0.232217 -0.931008
vn -0.261253 0.350306 -0.899462
vn -0.134418 0.734931 -0.664686
vn -0.077753 0.870205 -0.486515
vn -0.022470 0.980150 -0.196981
vn -0.148283 0.594984 -0.789940
vn -0.052135 0.933931 -0.353632
vn -0.000470 0.990885 -0.134712
vn -0.052907 0.235180 -0.970511
vn -0.062744 0.612668 -0.787846
vn -0.077779 0.793411 -0.603697
vn -0.040753 0.892840 -0.448527
vn -0.017065 0.943048 -0.332218
vn -0.006878 0.969555 -0.244778
vn -0.016158 0.819036 -0.573514
vn 0.017877 0.983786 -0.178455
vn 0.009604 0.239971 -0.970732
vn 0.009433 0.629200 -0.777186
vn 0.022427 0.907100 -0.420318
vn 0.027421 0.948557 -0.315417
vn 0.051510 0.972357 -0.227746
vn 0.042944 0.992491 -0.114528
vn 0.052281 0.830940 -0.553901
vn 0.061816 0.986848 -0.149367
vn 0.077988 0.266495 -0.960676
vn 0.082422 0.640655 -0.763392
vn 0.085960 0.913178 -0.398393
vn 0.088525 0.953596 -0.287781
vn 0.085590 0.991860 -0.094275
vn -0.007652 0.998697 -0.050456
vn 0.007581 0.999957 0.005244
vn 0.004583 0.998994 0.044599
vn 0.018378 0.988603 0.149422
vn 0.038064 0.963422 0.265271
vn 0.071079 0.924414 0.374708
vn -0.002483 0.995950 -0.089875
vn 0.117758 0.906018 0.406527
vn 0.024018 0.999300 -0.028697
vn 0.043806 0.996668 0.068799
vn 0.049447 0.991898 0.117017
vn 0.053821 0.979630 0.193466
vn 0.078286 0.953121 0.292287
vn 0.157669 0.917331 0.365573
vn 0.032617 0.996812 -0.072814
vn 0.049959 0.998347 0.028430
vn 0.103856 0.959167 0.263081
vn 0.194893 0.851186 0.487338
vn 0.060575 0.998076 -0.013261
vn 0.081946 0.992283 0.093054
vn 0.086010 0.983819 0.157170
vn 0.195729 0.928456 0.315690
vn 0.072480 0.995898 -0.054167
vn 0.087226 0.995186 0.044686
vn 0.133179 0.965477 0.223871
vn 0.395761 0.562094 0.726240
vn 0.234970 0.869679 0.434105
vn 0.307063 0.742839 0.594897
vn 0.107702 0.994168 0.005464
vn 0.112883 0.988112 0.104365
vn 0.148350 0.972991 0.176864
vn 0.074268 0.608965 0.789713
vn 0.123413 0.272606 0.954178
vn 0.090038 0.782115 0.616595
vn 0.167289 0.602581 0.780327
vn 0.080419 0.869294 0.487709
vn 0.284215 0.351424 0.892033
vn 0.318624 0.224857 0.920825
vn 0.120604 0.841782 0.526173
vn 0.151361 0.700142 0.697776
vn 0.205564 0.304680 0.930007
vn 0.166874 0.654400 0.737505
vn 0.255450 0.564382 0.784995
vn 0.189488 0.741244 0.643934
vn 0.371938 0.217090 0.902516
vn 0.402426 0.341284 0.849458
vn 0.264312 0.701685 0.661647
vn 0.347769 0.301152 0.887899
vn 0.288420 0.663327 0.690515
vn 0.671472 0.740874 0.015226
vn 0.649089 0.759047 0.050312
vn 0.630298 0.771599 0.085791
vn 0.611103 0.790089 0.048097
vn 0.723636 0.689815 0.022498
vn 0.721057 0.689439 0.068926
vn 0.688785 0.723390 0.047775
vn 0.682634 0.725588 0.086798
vn 0.788703 0.614312 0.023838
vn 0.791008 0.608966 0.058880
vn 0.799553 0.594833 0.082997
vn 0.761476 0.648156 0.007033
vn 0.758001 0.650705 0.044905
vn 0.757202 0.647547 0.085599
vn 0.839458 0.541322 0.047766
vn 0.836988 0.540610 0.084802
vn 0.813465 0.581369 0.016866
vn 0.813606 0.579697 0.044679
vn 0.700835 0.682046 0.208912
vn 0.676101 0.722889 0.142543
vn 0.664684 0.726242 0.175407
vn 0.643828 0.755867 0.118959
vn 0.773839 0.602221 0.196221
vn 0.747514 0.653512 0.118938
vn 0.764060 0.625724 0.157102
vn 0.724822 0.665218 0.179214
vn 0.700187 0.705997 0.106329
vn 0.716836 0.680779 0.150620
vn 0.808192 0.576611 0.119776
vn 0.804344 0.571799 0.161482
vn 0.780599 0.613506 0.119478
vn 0.837962 0.532907 0.117598
vn 0.751814 0.610971 0.247970
vn 0.714698 0.633000 0.297521
vn 0.690661 0.675062 0.259382
vn 0.663936 0.714639 0.220180
vn 0.737713 0.638003 0.220752
vn 0.114598 0.826912 -0.550531
vn 0.118926 0.974680 -0.189356
vn 0.161910 0.292595 -0.942429
vn 0.195425 0.639148 -0.743840
vn 0.170116 0.798178 -0.577904
vn 0.164798 0.897334 -0.409430
vn 0.137196 0.948046 -0.287031
vn 0.143640 0.982921 -0.115042
vn 0.383431 0.252581 -0.888360
vn 0.381402 0.366820 -0.848514
vn 0.233791 0.735297 -0.636145
vn 0.208911 0.929853 -0.302870
vn 0.201126 0.960976 -0.189932
vn 0.209230 0.973565 -0.091613
vn 0.352151 0.331430 -0.875296
vn 0.384853 0.620393 -0.683374
vn 0.270076 0.700772 -0.660286
vn 0.277654 0.819065 -0.502036
vn 0.488609 0.216396 -0.845242
vn 0.495124 0.417044 -0.762185
vn 0.464286 0.727484 -0.505179
vn 0.339239 0.791343 -0.508619
vn 0.331710 0.862975 -0.381107
vn 0.246798 0.950200 -0.190293
vn 0.302885 0.948886 -0.088750
vn 0.642471 0.276746 -0.714593
vn 0.500821 0.793275 -0.346256
vn 0.359580 0.907692 -0.216327
vn 0.709474 0.425553 -0.561740
vn 0.614834 0.740264 -0.272008
vn 0.683426 0.723669 -0.096079
vn 0.479106 0.859799 -0.176644
vn 0.479995 0.873512 -0.081124
vn 0.811166 0.311674 -0.494843
vn 0.901833 0.369492 -0.223991
vn 0.937331 0.335132 -0.095384
vn 0.470040 0.311023 0.826031
vn 0.221395 0.941073 0.255667
vn 0.134923 0.990231 -0.035179
vn 0.127881 0.989814 0.062575
vn 0.449001 0.575013 0.683929
vn 0.429922 0.308612 0.848484
vn 0.232495 0.950621 0.205586
vn 0.270729 0.889327 0.368516
vn 0.336360 0.784270 0.521327
vn 0.349677 0.670030 0.654817
vn 0.491388 0.612661 0.619019
vn 0.551881 0.369221 0.747732
vn 0.541335 0.196947 0.817415
vn 0.211480 0.977190 -0.019403
vn 0.181968 0.982577 0.037825
vn 0.187579 0.975566 0.114387
vn 0.288892 0.905660 0.310357
vn 0.364034 0.812295 0.455693
vn 0.404268 0.729093 0.552260
vn 0.459747 0.651963 0.602973
vn 0.567553 0.392090 0.723981
vn 0.612014 0.209565 0.762575
vn 0.273573 0.958581 0.079244
vn 0.258147 0.955902 0.140039
vn 0.284237 0.932015 0.224850
vn 0.395305 0.832567 0.388029
vn 0.403248 0.768019 0.497531
vn 0.549532 0.670178 0.498875
vn 0.320576 0.947219 0.002623
vn 0.333563 0.924833 0.182811
vn 0.420972 0.856754 0.297917
vn 0.640013 0.647689 0.413379
vn 0.737383 0.418882 0.529910
vn 0.690752 0.250279 0.678397
vn 0.371434 0.921789 0.111093
vn 0.469191 0.844242 0.259066
vn 0.513046 0.783611 0.350340
vn 0.695400 0.717907 0.032072
vn 0.689297 0.697599 0.195515
vn 0.779296 0.427108 0.458559
vn 0.798952 0.229297 0.555967
vn 0.489512 0.871709 0.022416
vn 0.528347 0.835902 0.148717
vn 0.576263 0.772045 0.268082
vn 0.945154 0.325546 0.026546
vn 0.924762 0.338444 0.173983
vn 0.842626 0.287338 0.455431
vn 0.448688 0.194902 0.872177
f 34/34/34 20/20/20 21/21/21
f 35/35/35 34/34/34 22/22/22
f 22/22/22 34/34/34 21/21/21
f 35/35/35 47/47/47 34/34/34
f 63/63/63 35/35/35 22/22/22
f 50/50/50 36/36/36 49/49/49
f 40/40/40 39/39/39 54/54/54
f 60/60/60 44/44/44 45/45/45
f 61/61/61 60/60/60 48/48/48
f 48/48/48 60/60/60 45/45/45
f 62/62/62 48/48/48 47/47/47
f 77/77/77 85/85/85 72/72/72
f 87/87/87 77/77/77 78/78/78
f 79/79/79 87/87/87 78/78/78
f 89/89/89 80/80/80 83/83/83
f 90/90/90 86/86/86 77/77/77
f 50/50/50 49/49/49 93/93/93
f 54/54/54 53/53/53 97/97/97
f 58/58/58 98/98/98 55/55/55
f 100/100/100 58/58/58 59/59/59
f 100/100/100 59/59/59 60/60/60
f 101/101/101 100/100/100 61/61/61
f 61/61/61 100/100/100 60/60/60
f 102/102/102 61/61/61 48/48/48
f 93/93/93 49/49/49 106/106/106
f 97/97/97 96/96/96 111/111/111
f 121/121/121 104/104/104 64/64/64
f 106/106/106 105/105/105 131/131/131
f 111/111/111 110/110/110 124/124/124
f 138/138/138 117/117/117 118/118/118
f 129/129/129 120/120/120 104/104/104
f 93/93/93 106/106/106 144/144/144
f 124/124/124 123/123/123 134/134/134
f 136/136/136 126/126/126 127/127/127
f 137/137/137 136/136/136 128/128/128
f 128/128/128 136/136/136 127/127/127
f 138/138/138 128/128/128 117/117/117
f 140/140/140 129/129/129 121/121/121
f 141/141/141 130/130/130 154/154/154
f 143/143/143 131/131/131 142/142/142
f 137/137/137 148/148/148 136/136/136
f 149/149/149 137/137/137 128/128/128
f 139/139/139 159/159/159 151/151/151
f 152/152/152 139/139/139 129/129/129
f 155/155/155 144/144/144 163/163/163
f 145/145/145 144/144/144 155/155/155
f 147/147/147 146/146/146 156/156/156
f 158/158/158 149/149/149 150/150/150
f 155/155/155 163/163/163 164/164/164
f 156/156/156 76/76/76 83/83/83
f 166/166/166 79/79/79 157/157/157
f 160/160/160 169/169/169 159/159/159
f 170/170/170 161/161/161 152/152/152
f 162/162/162 154/154/154 172/172/172
f 165/165/165 155/155/155 399/399/399
f 181/181/181 175/175/175 180/180/180
f 176/176/176 179/179/179 180/180/180
f 188/188/188 184/184/184 190/190/190
f 189/189/189 184/184/184 188/188/188
f 186/186/186 185/185/185 189/189/189
f 195/195/195 193/193/193 194/194/194
f 187/187/187 194/194/194 191/191/191
f 190/190/190 174/174/174 177/177/177
f 190/190/190 193/193/193 195/195/195
f 200/200/200 194/194/194 199/199/199
f 200/200/200 197/197/197 198/198/198
f 181/181/181 178/178/178 199/199/199
f 208/208/208 205/205/205 206/206/206
f 208/208/208 206/206/206 207/207/207
f 183/183/183 187/187/187 209/209/209
f 206/206/206 209/209/209 210/210/210
f 212/212/212 210/210/210 211/211/211
f 215/215/215 213/213/213 216/216/216
f 210/210/210 215/215/215 216/216/216
f 217/217/217 218/218/218 220/220/220
f 214/214/214 213/213/213 220/220/220
f 231/231/231 227/227/227 228/228/228
f 229/229/229 221/221/221 231/231/231
f 235/235/235 232/232/232 233/233/233
f 236/236/236 233/233/233 234/234/234
f 242/242/242 227/227/227 241/241/241
f 242/242/242 238/238/238 239/239/239
f 244/244/244 240/240/240 241/241/241
f 232/232/232 243/243/243 244/244/244
f 247/247/247 245/245/245 232/232/232
f 247/247/247 232/232/232 235/235/235
f 223/223/223 221/221/221 255/255/255
f 261/261/261 256/256/256 257/257/257
f 263/263/263 258/258/258 259/259/259
f 260/260/260 248/248/248 264/264/264
f 265/265/265 260/260/260 256/256/256
f 249/249/249 265/265/265 266/266/266
f 250/250/250 266/266/266 267/267/267
f 273/273/273 274/274/274 279/279/279
f 253/253/253 273/273/273 279/279/279
f 279/279/279 280/280/280 258/258/258
f 269/269/269 270/270/270 283/283/283
f 271/271/271 285/285/285 286/286/286
f 272/272/272 286/286/286 282/282/282
f 274/274/274 273/273/273 289/289/289
f 308/308/308 295/295/295 297/297/297
f 297/297/297 295/295/295 296/296/296
f 302/302/302 299/299/299 300/300/300
f 308/308/308 306/306/306 295/295/295
f 310/310/310 298/298/298 312/312/312
f 299/299/299 311/311/311 312/312/312
f 303/303/303 315/315/315 301/301/301
f 317/317/317 314/314/314 303/303/303
f 317/317/317 303/303/303 304/304/304
f 174/174/174 309/309/309 321/321/321
f 174/174/174 176/176/176 177/177/177
f 276/276/276 270/270/270 313/313/313
f 276/276/276 313/313/313 315/315/315
f 314/314/314 254/254/254 281/281/281
f 324/324/324 320/320/320 323/323/323
f 324/324/324 179/179/179 176/176/176
f 324/324/324 176/176/176 321/321/321
f 320/320/320 269/269/269 284/284/284
f 89/89/89 88/88/88 327/327/327
f 338/338/338 337/337/337 351/351/351
f 388/388/388 290/290/290 386/386/386
f 294/294/294 388/388/388 390/390/390
f 393/393/393 373/373/373 379/379/379
f 300/300/300 298/298/298 396/396/396
f 184/184/184 391/391/391 310/310/310
f 310/310/310 391/391/391 396/396/396
f 167/167/167 402/402/402 166/166/166
f 169/169/169 403/403/403 168/168/168
f 404/404/404 160/160/160 161/161/161
f 397/397/397 173/173/173 408/408/408
f 399/399/399 398/398/398 409/409/409
f 401/401/401 411/411/411 412/412/412
f 421/421/421 415/415/415 416/416/416
f 426/426/426 421/421/421 422/422/422
f 428/428/428 423/423/423 424/424/424
f 366/366/366 348/348/348 418/418/418
f 438/438/438 418/418/418 419/419/419
f 439/439/439 419/419/419 420/420/420
f 442/442/442 371/371/371 440/440/440
f 445/445/445 431/431/431 444/444/444
f 445/445/445 202/202/202 203/203/203
f 445/445/445 203/203/203 446/446/446
f 446/446/446 432/432/432 445/445/445
f 446/446/446 204/204/204 447/447/447
f 447/447/447 204/204/204 448/448/448
f 451/451/451 449/449/449 450/450/450
f 453/453/453 450/450/450 452/452/452
f 455/455/455 452/452/452 454/454/454
f 453/453/453 455/455/455 456/456/456
f 464/464/464 465/465/465 471/471/471
f 471/471/471 465/465/465 469/469/469
f 521/521/521 470/470/470 476/476/476
f 478/478/478 471/471/471 477/477/477
f 473/473/473 451/451/451 479/479/479
f 477/477/477 471/471/471 475/475/475
f 485/485/485 477/477/477 484/484/484
f 486/486/486 451/451/451 453/453/453
f 487/487/487 486/486/486 456/456/456
f 492/492/492 488/488/488 493/493/493
f 494/494/494 489/489/489 457/457/457
f 493/493/493 488/488/488 491/491/491
f 457/457/457 489/489/489 456/456/456
f 499/499/499 178/178/178 498/498/498
f 501/501/501 179/179/179 500/500/500
f 501/501/501 497/497/497 498/498/498
f 179/179/179 182/182/182 460/460/460
f 504/504/504 496/496/496 503/503/503
f 497/497/497 500/500/500 507/507/507
f 497/497/497 505/505/505 506/506/506
f 463/463/463 461/461/461 507/507/507
f 511/511/511 508/508/508 509/509/509
f 512/512/512 510/510/510 511/511/511
f 505/505/505 464/464/464 512/512/512
f 515/515/515 508/508/508 514/514/514
f 514/514/514 508/508/508 511/511/511
f 510/510/510 516/516/516 517/517/517
f 522/522/522 519/519/519 520/520/520
f 521/521/521 516/516/516 470/470/470
f 524/524/524 518/518/518 523/523/523
f 526/526/526 519/519/519 525/525/525
f 518/518/518 520/520/520 526/526/526
f 528/528/528 523/523/523 530/530/530
f 530/530/530 523/523/523 526/526/526
f 529/529/529 527/527/527 481/481/481
f 529/529/529 525/525/525 527/527/527
f 530/530/530 533/533/533 531/531/531
f 196/196/196 198/198/198 197/197/197
f 499/499/499 496/496/496 536/536/536
f 539/539/539 537/537/537 538/538/538
f 504/504/504 502/502/502 534/534/534
f 504/504/504 534/534/534 536/536/536
f 543/543/543 540/540/540 541/541/541
f 546/546/546 540/540/540 513/513/513
f 562/562/562 544/544/544 545/545/545
f 549/549/549 513/513/513 518/518/518
f 513/513/513 549/549/549 547/547/547
f 544/544/544 546/546/546 547/547/547
f 544/544/544 547/547/547 548/548/548
f 553/553/553 550/550/550 552/552/552
f 552/552/552 524/524/524 528/528/528
f 555/555/555 552/552/552 554/554/554
f 554/554/554 552/552/552 532/532/532
f 559/559/559 556/556/556 557/557/557
f 559/559/559 557/557/557 560/560/560
f 560/560/560 218/218/218 559/559/559
f 556/556/556 535/535/535 539/539/539
f 565/565/565 562/562/562 563/563/563
f 565/565/565 563/563/563 566/566/566
f 569/569/569 545/545/545 548/548/548
f 570/570/570 567/567/567 569/569/569
f 571/571/571 568/568/568 570/570/570
f 574/574/574 569/569/569 551/551/551
f 574/574/574 572/572/572 575/575/575
f 575/575/575 570/570/570 574/574/574
f 551/551/551 553/553/553 576/576/576
f 572/572/572 574/574/574 576/576/576
f 572/572/572 576/576/576 577/577/577
f 580/580/580 576/576/576 579/579/579
f 581/581/581 577/577/577 580/580/580
f 588/588/588 586/586/586 587/587/587
f 595/595/595 591/591/591 592/592/592
f 598/598/598 595/595/595 599/599/599
f 606/606/606 589/589/589 605/605/605
f 607/607/607 589/589/589 606/606/606
f 607/607/607 602/602/602 603/603/603
f 612/612/612 608/608/608 609/609/609
f 614/614/614 612/612/612 615/615/615
f 619/619/619 602/602/602 618/618/618
f 622/622/622 605/605/605 621/621/621
f 632/632/632 618/618/618 631/631/631
f 633/633/633 619/619/619 632/632/632
f 651/651/651 644/644/644 645/645/645
f 651/651/651 645/645/645 643/643/643
f 662/662/662 585/585/585 658/658/658
f 662/662/662 659/659/659 663/663/663
f 588/588/588 587/587/587 666/666/666
f 676/676/676 654/654/654 675/675/675
f 679/679/679 585/585/585 594/594/594
f 679/679/679 590/590/590 674/674/674
f 679/679/679 674/674/674 675/675/675
f 601/601/601 588/588/588 666/666/666
f 682/682/682 671/671/671 681/681/681
f 685/685/685 590/590/590 607/607/607
f 685/685/685 603/603/603 681/681/681
f 690/690/690 681/681/681 689/689/689
f 694/694/694 686/686/686 693/693/693
f 698/698/698 689/689/689 697/697/697
f 698/698/698 692/692/692 693/693/693
f 703/703/703 237/237/237 702/702/702
f 701/701/701 238/238/238 705/705/705
f 707/707/707 240/240/240 706/706/706
f 707/707/707 704/704/704 705/705/705
f 710/710/710 708/708/708 709/709/709
f 713/713/713 700/700/700 716/716/716
f 717/717/717 713/713/713 714/714/714
f 716/716/716 704/704/704 718/718/718
f 716/716/716 700/700/700 704/704/704
f 645/645/645 644/644/644 708/708/708
f 645/645/645 708/708/708 710/710/710
f 721/721/721 712/712/712 720/720/720
f 724/724/724 713/713/713 723/723/723
f 727/727/727 722/722/722 723/723/723
f 715/715/715 718/718/718 728/728/728
f 644/644/644 647/647/647 729/729/729
f 721/721/721 720/720/720 731/731/731
f 730/730/730 722/722/722 732/732/732
f 733/733/733 730/730/730 731/731/731
f 732/732/732 722/722/722 726/726/726
f 725/725/725 728/728/728 653/653/653
f 737/737/737 725/725/725 739/739/739
f 740/740/740 653/653/653 673/673/673
f 740/740/740 725/725/725 653/653/653
f 742/742/742 734/734/734 741/741/741
f 738/738/738 737/737/737 743/743/743
f 746/746/746 741/741/741 745/745/745
f 745/745/745 743/743/743 747/747/747
f 745/745/745 741/741/741 743/743/743
f 747/747/747 743/743/743 744/744/744
f 754/754/754 282/282/282 753/753/753
f 756/756/756 751/751/751 182/182/182
f 703/703/703 699/699/699 752/752/752
f 287/287/287 282/282/282 754/754/754
f 288/288/288 754/754/754 755/755/755
f 288/288/288 287/287/287 754/754/754
f 760/760/760 462/462/462 463/463/463
f 758/758/758 753/753/753 761/761/761
f 754/754/754 758/758/758 759/759/759
f 755/755/755 759/759/759 760/760/760
f 755/755/755 754/754/754 759/759/759
f 757/757/757 762/762/762 763/763/763
f 467/467/467 758/758/758 763/763/763
f 462/462/462 468/468/468 469/469/469
f 762/762/762 472/472/472 473/473/473
f 802/802/802 814/814/814 801/801/801
f 805/805/805 804/804/804 818/818/818
f 813/813/813 822/822/822 812/812/812
f 825/825/825 22/22/22 815/815/815
f 826/826/826 822/822/822 813/813/813
f 36/36/36 827/827/827 817/817/817
f 804/804/804 817/817/817 828/828/828
f 819/819/819 818/818/818 829/829/829
f 821/821/821 808/808/808 831/831/831
f 823/823/823 832/832/832 813/813/813
f 826/826/826 839/839/839 822/822/822
f 827/827/827 36/36/36 50/50/50
f 818/818/818 828/828/828 835/835/835
f 839/839/839 833/833/833 834/834/834
f 826/826/826 832/832/832 841/841/841
f 848/848/848 64/64/64 833/833/833
f 842/842/842 50/50/50 107/107/107
f 846/846/846 845/845/845 852/852/852
f 836/836/836 846/846/846 854/854/854
f 858/858/858 849/849/849 840/840/840
f 842/842/842 107/107/107 132/132/132
f 140/140/140 121/121/121 848/848/848
f 869/869/869 858/858/858 859/859/859
f 860/860/860 870/870/870 871/871/871
f 872/872/872 860/860/860 871/871/871
f 861/861/861 860/860/860 872/872/872
f 863/863/863 862/862/862 873/873/873
f 876/876/876 866/866/866 867/867/867
f 870/870/870 132/132/132 145/145/145
f 885/885/885 875/875/875 866/866/866
f 895/895/895 153/153/153 877/877/877
f 887/887/887 165/165/165 898/898/898
f 899/899/899 887/887/887 898/898/898
f 888/888/888 887/887/887 899/899/899
f 897/897/897 904/904/904 908/908/908
f 897/897/897 893/893/893 905/905/905
f 899/899/899 898/898/898 909/909/909
f 910/910/910 899/899/899 909/909/909
f 917/917/917 171/171/171 907/907/907
f 908/908/908 904/904/904 914/914/914
f 930/930/930 923/923/923 936/936/936
f 934/934/934 933/933/933 939/939/939
f 941/941/941 932/932/932 936/936/936
f 948/948/948 942/942/942 939/939/939
f 950/950/950 943/943/943 946/946/946
f 953/953/953 942/942/942 952/952/952
f 948/948/948 947/947/947 956/956/956
f 971/971/971 970/970/970 972/972/972
f 970/970/970 975/975/975 976/976/976
f 979/979/979 977/977/977 983/983/983
f 979/979/979 983/983/983 984/984/984
f 973/973/973 979/979/979 984/984/984
f 980/980/980 986/986/986 987/987/987
f 980/980/980 974/974/974 986/986/986
f 981/981/981 980/980/980 988/988/988
f 983/983/983 990/990/990 991/991/991
f 988/988/988 987/987/987 997/997/997
f 990/990/990 989/989/989 999/999/999
f 996/996/996 942/942/942 953/953/953
f 988/988/988 997/997/997 1006/1006/1006
f 999/999/999 998/998/998 1007/1007/1007
f 1000/1000/1000 999/999/999 1007/1007/1007
f 1012/1012/1012 204/204/204 207/207/207
f 1012/1012/1012 1013/1013/1013 1016/1016/1016
f 1016/1016/1016 1014/1014/1014 1017/1017/1017
f 212/212/212 211/211/211 1013/1013/1013
f 1025/1025/1025 211/211/211 216/216/216
f 1025/1025/1025 1022/1022/1022 1023/1023/1023
f 1026/1026/1026 1018/1018/1018 1025/1025/1025
f 1026/1026/1026 1023/1023/1023 1024/1024/1024
f 214/214/214 219/219/219 1029/1029/1029
f 1029/1029/1029 219/219/219 1027/1027/1027
f 1023/1023/1023 1029/1029/1029 1030/1030/1030
f 1030/1030/1030 1027/1027/1027 1028/1028/1028
f 1030/1030/1030 1028/1028/1028 1031/1031/1031
f 1024/1024/1024 1030/1030/1030 1031/1031/1031
f 1036/1036/1036 1015/1015/1015 1021/1021/1021
f 1036/1036/1036 1034/1034/1034 1035/1035/1035
f 1035/1035/1035 1032/1032/1032 1036/1036/1036
f 1033/1033/1033 1035/1035/1035 1037/1037/1037
f 1026/1026/1026 1024/1024/1024 1038/1038/1038
f 1019/1019/1019 1026/1026/1026 1038/1038/1038
f 1041/1041/1041 1039/1039/1039 1042/1042/1042
f 1035/1035/1035 1041/1041/1041 1042/1042/1042
f 1024/1024/1024 1031/1031/1031 1044/1044/1044
f 1045/1045/1045 1044/1044/1044 1046/1046/1046
f 1039/1039/1039 1045/1045/1045 1046/1046/1046
f 1043/1043/1043 1048/1048/1048 1047/1047/1047
f 1047/1047/1047 1048/1048/1048 1049/1049/1049
f 1040/1040/1040 1050/1050/1050 1051/1051/1051
f 1048/1048/1048 1040/1040/1040 1051/1051/1051
f 1053/1053/1053 1052/1052/1052 1054/1054/1054
f 898/898/898 165/165/165 401/401/401
f 909/909/909 898/898/898 1055/1055/1055
f 437/437/437 435/435/435 1082/1082/1082
f 1098/1098/1098 1092/1092/1092 1093/1093/1093
f 1100/1100/1100 1095/1095/1095 1096/1096/1096
f 1077/1077/1077 1101/1101/1101 1102/1102/1102
f 1081/1081/1081 1079/1079/1079 1104/1104/1104
f 435/435/435 448/448/448 1105/1105/1105
f 1107/1107/1107 1016/1016/1016 1108/1108/1108
f 1088/1088/1088 1085/1085/1085 1113/1113/1113
f 1089/1089/1089 1114/1114/1114 1115/1115/1115
f 1115/1115/1115 1090/1090/1090 1089/1089/1089
f 1094/1094/1094 1090/1090/1090 1117/1117/1117
f 1099/1099/1099 1094/1094/1094 1117/1117/1117
f 1099/1099/1099 1117/1117/1117 1118/1118/1118
f 1118/1118/1118 1117/1117/1117 1119/1119/1119
f 1079/1079/1079 1103/1103/1103 1123/1123/1123
f 1114/1114/1114 1109/1109/1109 1125/1125/1125
f 1119/1119/1119 1117/1117/1117 1129/1129/1129
f 1119/1119/1119 1130/1130/1130 1131/1131/1131
f 1121/1121/1121 1119/1119/1119 1132/1132/1132
f 1124/1124/1124 1122/1122/1122 1133/1133/1133
f 1124/1124/1124 1133/1133/1133 1134/1134/1134
f 1109/1109/1109 1116/1116/1116 1135/1135/1135
f 1135/1135/1135 1032/1032/1032 1033/1033/1033
f 1137/1137/1137 1033/1033/1033 1138/1138/1138
f 1126/1126/1126 1137/1137/1137 1138/1138/1138
f 1141/1141/1141 1033/1033/1033 1037/1037/1037
f 1131/1131/1131 1130/1130/1130 1140/1140/1140
f 1142/1142/1142 1131/1131/1131 1150/1150/1150
f 1143/1143/1143 1142/1142/1142 1150/1150/1150
f 1143/1143/1143 1150/1150/1150 1151/1151/1151
f 1153/1153/1153 1152/1152/1152 1154/1154/1154
f 1146/1146/1146 1156/1156/1156 1148/1148/1148
f 1148/1148/1148 1156/1156/1156 1157/1157/1157
f 1160/1160/1160 1158/1158/1158 1159/1159/1159
f 1160/1160/1160 1159/1159/1159 1151/1151/1151
f 1151/1151/1151 1159/1159/1159 1161/1161/1161
f 1162/1162/1162 1049/1049/1049 1163/1163/1163
f 1155/1155/1155 1163/1163/1163 1164/1164/1164
f 1156/1156/1156 1155/1155/1155 1164/1164/1164
f 1157/1157/1157 1156/1156/1156 1164/1164/1164
f 1049/1049/1049 1054/1054/1054 1166/1166/1166
f 1163/1163/1163 1049/1049/1049 1166/1166/1166
f 1152/1152/1152 1161/1161/1161 1169/1169/1169
f 1158/1158/1158 1165/1165/1165 1171/1171/1171
f 1161/1161/1161 1173/1173/1173 1174/1174/1174
f 1169/1169/1169 1161/1161/1161 1175/1175/1175
f 1170/1170/1170 1175/1175/1175 1176/1176/1176
f 1165/1165/1165 1177/1177/1177 1178/1178/1178
f 1171/1171/1171 1178/1178/1178 1179/1179/1179
f 1173/1173/1173 1172/1172/1172 1180/1180/1180
f 1174/1174/1174 1173/1173/1173 1180/1180/1180
f 1174/1174/1174 1180/1180/1180 1181/1181/1181
f 1175/1175/1175 1181/1181/1181 1182/1182/1182
f 1189/1189/1189 951/951/951 956/956/956
f 1185/1185/1185 1187/1187/1187 954/954/954
f 1186/1186/1186 952/952/952 1191/1191/1191
f 1189/1189/1189 1190/1190/1190 951/951/951
f 1186/1186/1186 1191/1191/1191 1194/1194/1194
f 1201/1201/1201 1195/1195/1195 1193/1193/1193
f 1204/1204/1204 1198/1198/1198 1197/1197/1197
f 1201/1201/1201 1200/1200/1200 1205/1205/1205
f 1194/1194/1194 1199/1199/1199 1206/1206/1206
f 1204/1204/1204 1203/1203/1203 1208/1208/1208
f 1208/1208/1208 1198/1198/1198 1204/1204/1204
f 997/997/997 1005/1005/1005 1217/1217/1217
f 998/998/998 1006/1006/1006 1218/1218/1218
f 1009/1009/1009 1008/1008/1008 1219/1219/1219
f 1005/1005/1005 1216/1216/1216 1221/1221/1221
f 1006/1006/1006 1217/1217/1217 1222/1222/1222
f 998/998/998 1218/1218/1218 1223/1223/1223
f 1007/1007/1007 998/998/998 1223/1223/1223
f 1008/1008/1008 1007/1007/1007 1225/1225/1225
f 1216/1216/1216 1186/1186/1186 1227/1227/1227
f 1217/1217/1217 1221/1221/1221 1228/1228/1228
f 1221/1221/1221 1227/1227/1227 1229/1229/1229
f 1226/1226/1226 1225/1225/1225 1234/1234/1234
f 1227/1227/1227 1194/1194/1194 1235/1235/1235
f 1228/1228/1228 1229/1229/1229 1236/1236/1236
f 1230/1230/1230 1228/1228/1228 1236/1236/1236
f 1229/1229/1229 1235/1235/1235 1237/1237/1237
f 1233/1233/1233 1232/1232/1232 1241/1241/1241
f 1234/1234/1234 1233/1233/1233 1241/1241/1241
f 1237/1237/1237 1235/1235/1235 1242/1242/1242
f 1232/1232/1232 1240/1240/1240 1243/1243/1243
f 1234/1234/1234 1241/1241/1241 1244/1244/1244
f 1241/1241/1241 1243/1243/1243 1245/1245/1245
f 1248/1248/1248 1226/1226/1226 1251/1251/1251
f 1252/1252/1252 1251/1251/1251 1253/1253/1253
f 1250/1250/1250 1252/1252/1252 1255/1255/1255
f 1253/1253/1253 1234/1234/1234 1256/1256/1256
f 1254/1254/1254 1256/1256/1256 1257/1257/1257
f 1260/1260/1260 1244/1244/1244 1264/1264/1264
f 560/560/560 558/558/558 1269/1269/1269
f 1269/1269/1269 219/219/219 560/560/560
f 1270/1270/1270 1268/1268/1268 1271/1271/1271
f 1272/1272/1272 558/558/558 561/561/561
f 566/566/566 564/564/564 1276/1276/1276
f 1272/1272/1272 1276/1276/1276 1277/1277/1277
f 564/564/564 568/568/568 1279/1279/1279
f 1274/1274/1274 1279/1279/1279 1280/1280/1280
f 1279/1279/1279 571/571/571 1281/1281/1281
f 1280/1280/1280 1281/1281/1281 1282/1282/1282
f 575/575/575 573/573/573 1284/1284/1284
f 1284/1284/1284 571/571/571 575/575/575
f 1281/1281/1281 1284/1284/1284 1285/1285/1285
f 1282/1282/1282 1286/1286/1286 1287/1287/1287
f 1286/1286/1286 1283/1283/1283 1289/1289/1289
f 578/578/578 581/581/581 1290/1290/1290
f 1288/1288/1288 1290/1290/1290 1291/1291/1291
f 1289/1289/1289 1291/1291/1291 1292/1292/1292
f 1028/1028/1028 1271/1271/1271 1293/1293/1293
f 1044/1044/1044 1295/1295/1295 1296/1296/1296
f 1044/1044/1044 1296/1296/1296 1297/1297/1297
f 1268/1268/1268 1273/1273/1273 1298/1298/1298
f 1271/1271/1271 1268/1268/1268 1298/1298/1298
f 1273/1273/1273 1278/1278/1278 1301/1301/1301
f 1303/1303/1303 1302/1302/1302 1304/1304/1304
f 1275/1275/1275 1305/1305/1305 1306/1306/1306
f 1302/1302/1302 1306/1306/1306 1307/1307/1307
f 1306/1306/1306 1305/1305/1305 1310/1310/1310
f 1311/1311/1311 1307/1307/1307 1310/1310/1310
f 1315/1315/1315 1287/1287/1287 1289/1289/1289
f 1314/1314/1314 1313/1313/1313 1316/1316/1316
f 1316/1316/1316 1318/1318/1318 1319/1319/1319
f 1297/1297/1297 1320/1320/1320 1321/1321/1321
f 1050/1050/1050 1321/1321/1321 1322/1322/1322
f 1052/1052/1052 1323/1323/1323 1324/1324/1324
f 1300/1300/1300 1299/1299/1299 1326/1326/1326
f 1320/1320/1320 1327/1327/1327 1328/1328/1328
f 1322/1322/1322 1320/1320/1320 1328/1328/1328
f 1327/1327/1327 1333/1333/1333 1334/1334/1334
f 1328/1328/1328 1327/1327/1327 1334/1334/1334
f 1308/1308/1308 1307/1307/1307 1336/1336/1336
f 1304/1304/1304 1308/1308/1308 1336/1336/1336
f 1333/1333/1333 1337/1337/1337 1338/1338/1338
f 1334/1334/1334 1338/1338/1338 1339/1339/1339
f 1307/1307/1307 1311/1311/1311 1340/1340/1340
f 1336/1336/1336 1340/1340/1340 1341/1341/1341
f 1339/1339/1339 1342/1342/1342 1343/1343/1343
f 1340/1340/1340 1314/1314/1314 1344/1344/1344
f 1345/1345/1345 1341/1341/1341 1344/1344/1344
f 1342/1342/1342 1345/1345/1345 1346/1346/1346
f 1314/1314/1314 1316/1316/1316 1348/1348/1348
f 1344/1344/1344 1348/1348/1348 1349/1349/1349
f 1345/1345/1345 1349/1349/1349 1350/1350/1350
f 1351/1351/1351 1346/1346/1346 1350/1350/1350
f 1355/1355/1355 1335/1335/1335 1356/1356/1356
f 1334/1334/1334 1339/1339/1339 1358/1358/1358
f 1356/1356/1356 1358/1358/1358 1359/1359/1359
f 1357/1357/1357 1359/1359/1359 1360/1360/1360
f 1358/1358/1358 1343/1343/1343 1361/1361/1361
f 1361/1361/1361 1362/1362/1362 1363/1363/1363
f 1364/1364/1364 1359/1359/1359 1363/1363/1363
f 1360/1360/1360 1364/1364/1364 1365/1365/1365
f 1362/1362/1362 1366/1366/1366 1367/1367/1367
f 1363/1363/1363 1362/1362/1362 1367/1367/1367
f 1365/1365/1365 1367/1367/1367 1368/1368/1368
f 1347/1347/1347 1351/1351/1351 1369/1369/1369
f 1370/1370/1370 1366/1366/1366 1369/1369/1369
f 1367/1367/1367 1370/1370/1370 1371/1371/1371
f 1374/1374/1374 1369/1369/1369 1373/1373/1373
f 1375/1375/1375 1370/1370/1370 1374/1374/1374
f 1376/1376/1376 1371/1371/1371 1375/1375/1375
f 1178/1178/1178 1177/1177/1177 1378/1378/1378
f 1178/1178/1178 1379/1379/1379 1380/1380/1380
f 1179/1179/1179 1380/1380/1380 1381/1381/1381
f 1382/1382/1382 1381/1381/1381 1383/1383/1383
f 1387/1387/1387 1394/1394/1394 1388/1388/1388
f 1379/1379/1379 1387/1387/1387 1388/1388/1388
f 1380/1380/1380 1389/1389/1389 1390/1390/1390
f 1381/1381/1381 1380/1380/1380 1390/1390/1390
f 1383/1383/1383 1381/1381/1381 1390/1390/1390
f 1383/1383/1383 1390/1390/1390 1391/1391/1391
f 1386/1386/1386 1385/1385/1385 1393/1393/1393
f 1394/1394/1394 1357/1357/1357 1395/1395/1395
f 1389/1389/1389 1397/1397/1397 1398/1398/1398
f 1390/1390/1390 1389/1389/1389 1398/1398/1398
f 1391/1391/1391 1390/1390/1390 1398/1398/1398
f 1397/1397/1397 1396/1396/1396 1403/1403/1403
f 1398/1398/1398 1397/1397/1397 1403/1403/1403
f 1428/1428/1428 1411/1411/1411 1410/1410/1410
f 1415/1415/1415 1391/1391/1391 1438/1438/1438
f 1439/1439/1439 1436/1436/1436 1440/1440/1440
f 1416/1416/1416 1415/1415/1415 1438/1438/1438
f 1417/1417/1417 1416/1416/1416 1439/1439/1439
f 1439/1439/1439 1440/1440/1440 1442/1442/1442
f 1442/1442/1442 1440/1440/1440 1443/1443/1443
f 1436/1436/1436 1435/1435/1435 1451/1451/1451
f 1436/1436/1436 1451/1451/1451 1452/1452/1452
f 1452/1452/1452 1450/1450/1450 1453/1453/1453
f 1454/1454/1454 1437/1437/1437 1452/1452/1452
f 1454/1454/1454 1453/1453/1453 1441/1441/1441
f 1441/1441/1441 1453/1453/1453 1455/1455/1455
f 1460/1460/1460 1457/1457/1457 1461/1461/1461
f 1450/1450/1450 1461/1461/1461 1462/1462/1462
f 1453/1453/1453 1464/1464/1464 1465/1465/1465
f 1458/1458/1458 1470/1470/1470 1472/1472/1472
f 1462/1462/1462 1458/1458/1458 1472/1472/1472
f 1475/1475/1475 1481/1481/1481 1482/1482/1482
f 1476/1476/1476 1475/1475/1475 1482/1482/1482
f 1483/1483/1483 1476/1476/1476 1482/1482/1482
f 1477/1477/1477 1483/1483/1483 1484/1484/1484
f 1240/1240/1240 1239/1239/1239 1487/1487/1487
f 1244/1244/1244 1245/1245/1245 1488/1488/1488
f 1487/1487/1487 1239/1239/1239 1491/1491/1491
f 1491/1491/1491 1486/1486/1486 1495/1495/1495
f 1245/1245/1245 1243/1243/1243 1496/1496/1496
f 1494/1494/1494 1502/1502/1502 1503/1503/1503
f 1512/1512/1512 1510/1510/1510 1513/1513/1513
f 1508/1508/1508 1507/1507/1507 1516/1516/1516
f 1517/1517/1517 1508/1508/1508 1516/1516/1516
f 1519/1519/1519 1518/1518/1518 1520/1520/1520
f 1523/1523/1523 1524/1524/1524 1525/1525/1525
f 1517/1517/1517 1516/1516/1516 1526/1526/1526
f 1471/1471/1471 1478/1478/1478 1528/1528/1528
f 1473/1473/1473 1471/1471/1471 1528/1528/1528
f 1518/1518/1518 1528/1528/1528 1529/1529/1529
f 1531/1531/1531 1532/1532/1532 1533/1533/1533
f 1478/1478/1478 1484/1484/1484 1537/1537/1537
f 1528/1528/1528 1537/1537/1537 1538/1538/1538
f 1529/1529/1529 1538/1538/1538 1539/1539/1539
f 1263/1263/1263 1266/1266/1266 1544/1544/1544
f 1545/1545/1545 1488/1488/1488 1497/1497/1497
f 1544/1544/1544 1547/1547/1547 1548/1548/1548
f 1549/1549/1549 1497/1497/1497 1508/1508/1508
f 1551/1551/1551 1550/1550/1550 1552/1552/1552
f 1552/1552/1552 1549/1549/1549 1553/1553/1553
f 1568/1568/1568 224/224/224 225/225/225
f 1568/1568/1568 225/225/225 1563/1563/1563
f 1572/1572/1572 1570/1570/1570 1564/1564/1564
f 1573/1573/1573 1572/1572/1572 1566/1566/1566
f 1566/1566/1566 1572/1572/1572 1565/1565/1565
f 1575/1575/1575 1573/1573/1573 1566/1566/1566
f 1598/1598/1598 1584/1584/1584 1586/1586/1586
f 1586/1586/1586 1585/1585/1585 1587/1587/1587
f 1591/1591/1591 1589/1589/1589 1592/1592/1592
f 1593/1593/1593 246/246/246 1580/1580/1580
f 1580/1580/1580 246/246/246 1579/1579/1579
f 1596/1596/1596 1594/1594/1594 1581/1581/1581
f 1583/1583/1583 1595/1595/1595 1581/1581/1581
f 1588/1588/1588 1600/1600/1600 1586/1586/1586
f 1591/1591/1591 1602/1602/1602 1588/1588/1588
f 1604/1604/1604 248/248/248 249/249/249
f 1605/1605/1605 250/250/250 1606/1606/1606
f 1621/1621/1621 1617/1617/1617 1618/1618/1618
f 1563/1563/1563 225/225/225 264/264/264
f 1606/1606/1606 250/250/250 267/267/267
f 1606/1606/1606 267/267/267 1623/1623/1623
f 1629/1629/1629 1627/1627/1627 1628/1628/1628
f 1575/1575/1575 1566/1566/1566 1630/1630/1630
f 1631/1631/1631 1619/1619/1619 1620/1620/1620
f 1621/1621/1621 1632/1632/1632 1620/1620/1620
f 1621/1621/1621 1618/1618/1618 1633/1633/1633
f 1633/1633/1633 1618/1618/1618 1629/1629/1629
f 1622/1622/1622 1631/1631/1631 1620/1620/1620
f 1578/1578/1578 1577/1577/1577 1638/1638/1638
f 1639/1639/1639 1631/1631/1631 1622/1622/1622
f 1641/1641/1641 1635/1635/1635 1636/1636/1636
f 1642/1642/1642 1639/1639/1639 1643/1643/1643
f 1644/1644/1644 1640/1640/1640 1635/1635/1635
f 1590/1590/1590 1578/1578/1578 1638/1638/1638
f 1637/1637/1637 1646/1646/1646 1641/1641/1641
f 1657/1657/1657 1656/1656/1656 1658/1658/1658
f 1662/1662/1662 307/307/307 1663/1663/1663
f 1663/1663/1663 307/307/307 308/308/308
f 1664/1664/1664 1663/1663/1663 1655/1655/1655
f 1666/1666/1666 1657/1657/1657 1659/1659/1659
f 1667/1667/1667 1659/1659/1659 1660/1660/1660
f 1661/1661/1661 1667/1667/1667 1660/1660/1660
f 1670/1670/1670 1662/1662/1662 1664/1664/1664
f 1664/1664/1664 1662/1662/1662 1663/1663/1663
f 1670/1670/1670 1664/1664/1664 1665/1665/1665
f 1672/1672/1672 1665/1665/1665 1666/1666/1666
f 1672/1672/1672 1666/1666/1666 1674/1674/1674
f 1679/1679/1679 1677/1677/1677 1680/1680/1680
f 1637/1637/1637 1675/1675/1675 1646/1646/1646
f 1679/1679/1679 1684/1684/1684 1677/1677/1677
f 1689/1689/1689 1686/1686/1686 1687/1687/1687
f 1692/1692/1692 369/369/369 370/370/370
f 1696/1696/1696 1694/1694/1694 1697/1697/1697
f 1697/1697/1697 1695/1695/1695 1698/1698/1698
f 1699/1699/1699 1697/1697/1697 1700/1700/1700
f 1701/1701/1701 1700/1700/1700 1702/1702/1702
f 1660/1660/1660 1696/1696/1696 1699/1699/1699
f 1705/1705/1705 1701/1701/1701 1702/1702/1702
f 1710/1710/1710 1707/1707/1707 1708/1708/1708
f 1678/1678/1678 1706/1706/1706 1711/1711/1711
f 1712/1712/1712 1710/1710/1710 1708/1708/1708
f 1712/1712/1712 1708/1708/1708 1714/1714/1714
f 1681/1681/1681 1678/1678/1678 1711/1711/1711
f 1713/1713/1713 1681/1681/1681 1711/1711/1711
f 427/427/427 428/428/428 429/429/429
f 1698/1698/1698 1718/1718/1718 1721/1721/1721
f 1702/1702/1702 1700/1700/1700 1722/1722/1722
f 1702/1702/1702 1722/1722/1722 1724/1724/1724
f 1728/1728/1728 1727/1727/1727 1729/1729/1729
f 1732/1732/1732 1728/1728/1728 1729/1729/1729
f 1709/1709/1709 1731/1731/1731 1733/1733/1733
f 1733/1733/1733 1731/1731/1731 1732/1732/1732
f 1733/1733/1733 1732/1732/1732 1734/1734/1734
f 1735/1735/1735 1709/1709/1709 1733/1733/1733
f 1742/1742/1742 1651/1651/1651 1645/1645/1645
f 1742/1742/1742 1645/1645/1645 1652/1652/1652
f 1744/1744/1744 1649/1649/1649 1650/1650/1650
f 1651/1651/1651 1746/1746/1746 1650/1650/1650
f 1739/1739/1739 1745/1745/1745 1748/1748/1748
f 1755/1755/1755 1749/1749/1749 1750/1750/1750
f 1689/1689/1689 1688/1688/1688 1756/1756/1756
f 1761/1761/1761 1689/1689/1689 1762/1762/1762
f 1716/1716/1716 1712/1712/1712 1764/1764/1764
f 1768/1768/1768 1764/1764/1764 1765/1765/1765
f 1770/1770/1770 1768/1768/1768 1766/1766/1766
f 1766/1766/1766 1768/1768/1768 1765/1765/1765
f 1756/1756/1756 1688/1688/1688 1767/1767/1767
f 1757/1757/1757 1756/1756/1756 1772/1772/1772
f 1773/1773/1773 1769/1769/1769 1770/1770/1770
f 1763/1763/1763 1772/1772/1772 1774/1774/1774
f 1774/1774/1774 1773/1773/1773 1775/1775/1775
f 1775/1775/1775 1773/1773/1773 1771/1771/1771
f 1778/1778/1778 1775/1775/1775 1776/1776/1776
f 1763/1763/1763 1757/1757/1757 1772/1772/1772
f 1762/1762/1762 1763/1763/1763 1777/1777/1777
f 1777/1777/1777 1763/1763/1763 1774/1774/1774
f 1778/1778/1778 1774/1774/1774 1775/1775/1775
f 1787/1787/1787 1766/1766/1766 1785/1785/1785
f 1786/1786/1786 1787/1787/1787 1785/1785/1785
f 1788/1788/1788 1790/1790/1790 1771/1771/1771
f 1789/1789/1789 1791/1791/1791 1788/1788/1788
f 1792/1792/1792 1790/1790/1790 1791/1791/1791
f 1794/1794/1794 1776/1776/1776 1792/1792/1792
f 1808/1808/1808 1800/1800/1800 1801/1801/1801
f 1810/1810/1810 1804/1804/1804 1805/1805/1805
f 1809/1809/1809 1814/1814/1814 1808/1808/1808
f 1810/1810/1810 1815/1815/1815 1809/1809/1809
f 1822/1822/1822 646/646/646 643/643/643
f 1822/1822/1822 643/643/643 1816/1816/1816
f 1830/1830/1830 646/646/646 1822/1822/1822
f 1831/1831/1831 1829/1829/1829 1830/1830/1830
f 1832/1832/1832 1831/1831/1831 1824/1824/1824
f 1833/1833/1833 1825/1825/1825 1834/1834/1834
f 1838/1838/1838 667/667/667 1839/1839/1839
f 1833/1833/1833 1844/1844/1844 1832/1832/1832
f 1798/1798/1798 601/601/601 1849/1849/1849
f 1849/1849/1849 601/601/601 1850/1850/1850
f 1853/1853/1853 1850/1850/1850 1854/1854/1854
f 1803/1803/1803 1798/1798/1798 1849/1849/1849
f 1805/1805/1805 1803/1803/1803 1864/1864/1864
f 1860/1860/1860 1870/1870/1870 1859/1859/1859
f 1871/1871/1871 1882/1882/1882 1870/1870/1870
f 1872/1872/1872 1883/1883/1883 1871/1871/1871
f 1886/1886/1886 1885/1885/1885 1887/1887/1887
f 1882/1882/1882 1891/1891/1891 1881/1881/1881
f 1816/1816/1816 643/643/643 711/711/711
f 1818/1818/1818 1817/1817/1817 1594/1594/1594
f 1909/1909/1909 1737/1737/1737 1738/1738/1738
f 1910/1910/1910 1909/1909/1909 1911/1911/1911
f 1912/1912/1912 1740/1740/1740 1739/1739/1739
f 1915/1915/1915 1897/1897/1897 1916/1916/1916
f 1918/1918/1918 1910/1910/1910 1911/1911/1911
f 1919/1919/1919 1918/1918/1918 1920/1920/1920
f 1917/1917/1917 1924/1924/1924 1916/1916/1916
f 1926/1926/1926 1919/1919/1919 1920/1920/1920
f 1928/1928/1928 1921/1921/1921 1922/1922/1922
f 1925/1925/1925 1931/1931/1931 1924/1924/1924
f 1932/1932/1932 1925/1925/1925 1926/1926/1926
f 1934/1934/1934 1935/1935/1935 1936/1936/1936
f 1930/1930/1930 1937/1937/1937 1900/1900/1900
f 1933/1933/1933 1940/1940/1940 1932/1932/1932
f 1941/1941/1941 1933/1933/1933 1934/1934/1934
f 1943/1943/1943 1934/1934/1934 1936/1936/1936
f 1939/1939/1939 1944/1944/1944 1938/1938/1938
f 1942/1942/1942 1947/1947/1947 1941/1941/1941
f 1943/1943/1943 1948/1948/1948 1942/1942/1942
f 1952/1952/1952 1946/1946/1946 1947/1947/1947
f 1954/1954/1954 1948/1948/1948 1949/1949/1949
f 1957/1957/1957 1951/1951/1951 1952/1952/1952
f 1959/1959/1959 1953/1953/1953 1954/1954/1954
f 1912/1912/1912 1739/1739/1739 1748/1748/1748
f 1914/1914/1914 1912/1912/1912 1963/1963/1963
f 1755/1755/1755 1750/1750/1750 1964/1964/1964
f 1967/1967/1967 1754/1754/1754 1964/1964/1964
f 1968/1968/1968 1914/1914/1914 1963/1963/1963
f 1971/1971/1971 1968/1968/1968 1972/1972/1972
f 1975/1975/1975 1969/1969/1969 1970/1970/1970
f 1977/1977/1977 1974/1974/1974 1967/1967/1967
f 1975/1975/1975 1977/1977/1977 1967/1967/1967
f 1976/1976/1976 1978/1978/1978 1975/1975/1975
f 1979/1979/1979 1972/1972/1972 1973/1973/1973
f 1980/1980/1980 1974/1974/1974 1977/1977/1977
f 1981/1981/1981 1977/1977/1977 1978/1978/1978
f 1983/1983/1983 1989/1989/1989 1936/1936/1936
f 1994/1994/1994 1986/1986/1986 1987/1987/1987
f 1988/1988/1988 1990/1990/1990 1987/1987/1987
f 1992/1992/1992 1985/1985/1985 1986/1986/1986
f 1949/1949/1949 1993/1993/1993 1997/1997/1997
f 1996/1996/1996 1999/1999/1999 1995/1995/1995
f 2000/2000/2000 1949/1949/1949 1997/1997/1997
f 2001/2001/2001 1997/1997/1997 1998/1998/1998
f 1995/1995/1995 2002/2002/2002 1998/1998/1998
f 2000/2000/2000 1961/1961/1961 1954/1954/1954
f 2001/2001/2001 2004/2004/2004 2000/2000/2000
f 2005/2005/2005 2001/2001/2001 2002/2002/2002
f 2006/2006/2006 2002/2002/2002 1999/1999/1999
f 2010/2010/2010 2008/2008/2008 1761/1761/1761
f 2010/2010/2010 1761/1761/1761 1762/1762/1762
f 2014/2014/2014 2010/2010/2010 2011/2011/2011
f 2013/2013/2013 2007/2007/2007 2008/2008/2008
f 2013/2013/2013 2014/2014/2014 2017/2017/2017
f 1976/1976/1976 1970/1970/1970 2015/2015/2015
f 2022/2022/2022 2011/2011/2011 2018/2018/2018
f 2026/2026/2026 2025/2025/2025 2027/2027/2027
f 2023/2023/2023 2029/2029/2029 2021/2021/2021
f 2031/2031/2031 2023/2023/2023 2024/2024/2024
f 1988/1988/1988 1982/1982/1982 2030/2030/2030
f 2037/2037/2037 2031/2031/2031 2032/2032/2032
f 2032/2032/2032 2026/2026/2026 2027/2027/2027
f 2039/2039/2039 2037/2037/2037 2040/2040/2040
f 2040/2040/2040 2037/2037/2037 2032/2032/2032
f 2034/2034/2034 1996/1996/1996 1990/1990/1990
f 2038/2038/2038 2043/2043/2043 2044/2044/2044
f 2038/2038/2038 2044/2044/2044 2036/2036/2036
f 2045/2045/2045 2039/2039/2039 2040/2040/2040
f 2042/2042/2042 2046/2046/2046 2041/2041/2041
f 2051/2051/2051 2039/2039/2039 2045/2045/2045
f 2046/2046/2046 2052/2052/2052 2045/2045/2045
f 2058/2058/2058 2051/2051/2051 2052/2052/2052
f 2059/2059/2059 2052/2052/2052 2053/2053/2053
f 2012/2012/2012 1762/1762/1762 1777/1777/1777
f 2011/2011/2011 2012/2012/2012 2060/2060/2060
f 2025/2025/2025 2064/2064/2064 2061/2061/2061
f 2061/2061/2061 2064/2064/2064 2060/2060/2060
f 2065/2065/2065 2061/2061/2061 2062/2062/2062
f 2068/2068/2068 2061/2061/2061 2065/2065/2065
f 2069/2069/2069 2068/2068/2068 2070/2070/2070
f 2069/2069/2069 2072/2072/2072 2027/2027/2027
f 2073/2073/2073 2069/2069/2069 2070/2070/2070
f 2074/2074/2074 2070/2070/2070 2071/2071/2071
f 2075/2075/2075 2033/2033/2033 2073/2073/2073
f 2075/2075/2075 2076/2076/2076 2077/2077/2077
f 2078/2078/2078 2042/2042/2042 2075/2075/2075
f 2079/2079/2079 2075/2075/2075 2077/2077/2077
f 2082/2082/2082 2079/2079/2079 2080/2080/2080
f 2085/2085/2085 2081/2081/2081 2082/2082/2082
f 2088/2088/2088 1795/1795/1795 1796/1796/1796
f 2066/2066/2066 2087/2087/2087 2089/2089/2089
f 2089/2089/2089 2087/2087/2087 2088/2088/2088
f 2067/2067/2067 2066/2066/2066 2091/2091/2091
f 2091/2091/2091 2066/2066/2066 2089/2089/2089
f 2092/2092/2092 2089/2089/2089 2090/2090/2090
f 2091/2091/2091 2071/2071/2071 2067/2067/2067
f 2095/2095/2095 2093/2093/2093 2094/2094/2094
f 2076/2076/2076 2074/2074/2074 2097/2097/2097
f 2097/2097/2097 2074/2074/2074 2095/2095/2095
f 2080/2080/2080 2077/2077/2077 2100/2100/2100
f 2106/2106/2106 2098/2098/2098 2099/2099/2099
f 2109/2109/2109 2106/2106/2106 2110/2110/2110
f 2112/2112/2112 2104/2104/2104 2105/2105/2105
f 2086/2086/2086 2083/2083/2083 2103/2103/2103
f 2126/2126/2126 2117/2117/2117 2127/2127/2127
f 2128/2128/2128 2129/2129/2129 2131/2131/2131
f 2805/2805/2805 2133/2133/2133 2123/2123/2123
f 2138/2138/2138 2133/2133/2133 2139/2139/2139
f 2150/2150/2150 2151/2151/2151 2152/2152/2152
f 2134/2134/2134 2152/2152/2152 2128/2128/2128
f 2153/2153/2153 2152/2152/2152 2154/2154/2154
f 2142/2142/2142 2157/2157/2157 2141/2141/2141
f 2147/2147/2147 2144/2144/2144 2162/2162/2162
f 2166/2166/2166 2161/2161/2161 2168/2168/2168
f 2170/2170/2170 2169/2169/2169 2171/2171/2171
f 2181/2181/2181 2176/2176/2176 2177/2177/2177
f 2189/2189/2189 2183/2183/2183 2184/2184/2184
f 2188/2188/2188 2192/2192/2192 2187/2187/2187
f 2194/2194/2194 2188/2188/2188 2183/2183/2183
f 2195/2195/2195 2200/2200/2200 2194/2194/2194
f 2198/2198/2198 2203/2203/2203 2197/2197/2197
f 2204/2204/2204 2200/2200/2200 2195/2195/2195
f 2201/2201/2201 2204/2204/2204 2195/2195/2195
f 2239/2239/2239 2232/2232/2232 2233/2233/2233
f 2236/2236/2236 2241/2241/2241 2235/2235/2235
f 2246/2246/2246 2190/2190/2190 2232/2232/2232
f 2246/2246/2246 2239/2239/2239 2251/2251/2251
f 2253/2253/2253 2266/2266/2266 2252/2252/2252
f 1717/1717/1717 429/429/429 1080/1080/1080
f 2269/2269/2269 1080/1080/1080 1081/1081/1081
f 1719/1719/1719 1717/1717/1717 2269/2269/2269
f 1719/1719/1719 2269/2269/2269 2271/2271/2271
f 2271/2271/2271 2269/2269/2269 2270/2270/2270
f 2272/2272/2272 1719/1719/1719 2271/2271/2271
f 2275/2275/2275 1720/1720/1720 2272/2272/2272
f 2271/2271/2271 2270/2270/2270 2274/2274/2274
f 2274/2274/2274 2270/2270/2270 2273/2273/2273
f 2279/2279/2279 2276/2276/2276 2277/2277/2277
f 2280/2280/2280 2278/2278/2278 2279/2279/2279
f 2282/2282/2282 2280/2280/2280 2283/2283/2283
f 2283/2283/2283 2280/2280/2280 2281/2281/2281
f 1729/1729/1729 2282/2282/2282 2283/2283/2283
f 2290/2290/2290 2287/2287/2287 2288/2288/2288
f 2290/2290/2290 2288/2288/2288 2291/2291/2291
f 2273/2273/2273 1104/1104/1104 2293/2293/2293
f 2277/2277/2277 2274/2274/2274 2295/2295/2295
f 2298/2298/2298 2295/2295/2295 2296/2296/2296
f 2300/2300/2300 2297/2297/2297 2298/2298/2298
f 2281/2281/2281 2279/2279/2279 2301/2301/2301
f 2301/2301/2301 2279/2279/2279 2299/2299/2299
f 2301/2301/2301 2299/2299/2299 2300/2300/2300
f 2284/2284/2284 2281/2281/2281 2301/2301/2301
f 2296/2296/2296 2294/2294/2294 2302/2302/2302
f 2300/2300/2300 2298/2298/2298 2303/2303/2303
f 2301/2301/2301 2300/2300/2300 2305/2305/2305
f 2306/2306/2306 2300/2300/2300 2304/2304/2304
f 2310/2310/2310 2313/2313/2313 2309/2309/2309
f 2316/2316/2316 2313/2313/2313 2314/2314/2314
f 2317/2317/2317 2318/2318/2318 2316/2316/2316
f 2303/2303/2303 2296/2296/2296 2320/2320/2320
f 2322/2322/2322 2320/2320/2320 2321/2321/2321
f 2321/2321/2321 2319/2319/2319 2324/2324/2324
f 2326/2326/2326 2324/2324/2324 2325/2325/2325
f 2322/2322/2322 2321/2321/2321 2327/2327/2327
f 2323/2323/2323 2322/2322/2322 2328/2328/2328
f 2328/2328/2328 2322/2322/2322 2327/2327/2327
f 2306/2306/2306 2304/2304/2304 2311/2311/2311
f 2333/2333/2333 2327/2327/2327 2332/2332/2332
f 2334/2334/2334 2328/2328/2328 2333/2333/2333
f 2331/2331/2331 2335/2335/2335 2330/2330/2330
f 2335/2335/2335 2317/2317/2317 2314/2314/2314
f 2337/2337/2337 2335/2335/2335 2331/2331/2331
f 2338/2338/2338 2331/2331/2331 2336/2336/2336
f 2340/2340/2340 2336/2336/2336 2339/2339/2339
f 2337/2337/2337 2341/2341/2341 2318/2318/2318
f 2342/2342/2342 2337/2337/2337 2338/2338/2338
f 2342/2342/2342 2338/2338/2338 2340/2340/2340
f 2332/2332/2332 2326/2326/2326 2347/2347/2347
f 2349/2349/2349 2346/2346/2346 2348/2348/2348
f 2332/2332/2332 2347/2347/2347 2351/2351/2351
f 2351/2351/2351 2347/2347/2347 2349/2349/2349
f 2339/2339/2339 2334/2334/2334 2353/2353/2353
f 2356/2356/2356 2349/2349/2349 2355/2355/2355
f 2352/2352/2352 2351/2351/2351 2358/2358/2358
f 2358/2358/2358 2351/2351/2351 2356/2356/2356
f 2360/2360/2360 2353/2353/2353 2359/2359/2359
f 2340/2340/2340 2339/2339/2339 2343/2343/2343
f 2361/2361/2361 2339/2339/2339 2360/2360/2360
f 2205/2205/2205 1184/1184/1184 949/949/949
f 2362/2362/2362 2208/2208/2208 2209/2209/2209
f 2210/2210/2210 2362/2362/2362 2209/2209/2209
f 2366/2366/2366 2210/2210/2210 2211/2211/2211
f 2363/2363/2363 2368/2368/2368 2205/2205/2205
f 2369/2369/2369 2365/2365/2365 2362/2362/2362
f 2374/2374/2374 2370/2370/2370 2366/2366/2366
f 2371/2371/2371 2376/2376/2376 2368/2368/2368
f 2374/2374/2374 2378/2378/2378 2370/2370/2370
f 2377/2377/2377 2381/2381/2381 2373/2373/2373
f 2377/2377/2377 2387/2387/2387 2381/2381/2381
f 2387/2387/2387 2389/2389/2389 2386/2386/2386
f 2263/2263/2263 2394/2394/2394 2262/2262/2262
f 2266/2266/2266 2396/2396/2396 2251/2251/2251
f 2267/2267/2267 2398/2398/2398 2260/2260/2260
f 2396/2396/2396 2401/2401/2401 2265/2265/2265
f 2397/2397/2397 2402/2402/2402 2266/2266/2266
f 2403/2403/2403 2406/2406/2406 2267/2267/2267
f 2402/2402/2402 2409/2409/2409 2396/2396/2396
f 2410/2410/2410 2415/2415/2415 2403/2403/2403
f 2408/2408/2408 2383/2383/2383 2375/2375/2375
f 2411/2411/2411 2417/2417/2417 2409/2409/2409
f 2415/2415/2415 2420/2420/2420 2414/2414/2414
f 2418/2418/2418 2392/2392/2392 2383/2383/2383
f 2421/2421/2421 2423/2423/2423 2415/2415/2415
f 2421/2421/2421 2416/2416/2416 2422/2422/2422
f 2427/2427/2427 1250/1250/1250 2430/2430/2430
f 2431/2431/2431 2429/2429/2429 2433/2433/2433
f 2432/2432/2432 1255/1255/1255 2435/2435/2435
f 2434/2434/2434 2436/2436/2436 2433/2433/2433
f 2436/2436/2436 2416/2416/2416 2407/2407/2407
f 2441/2441/2441 2444/2444/2444 2440/2440/2440
f 2442/2442/2442 2422/2422/2422 2416/2416/2416
f 2447/2447/2447 2291/2291/2291 2292/2292/2292
f 1786/1786/1786 1784/1784/1784 2448/2448/2448
f 2451/2451/2451 2448/2448/2448 2449/2449/2449
f 2450/2450/2450 2452/2452/2452 2449/2449/2449
f 2454/2454/2454 2452/2452/2452 2450/2450/2450
f 2458/2458/2458 2455/2455/2455 2459/2459/2459
f 2460/2460/2460 1793/1793/1793 2458/2458/2458
f 2459/2459/2459 2460/2460/2460 2458/2458/2458
f 2457/2457/2457 2461/2461/2461 2459/2459/2459
f 2464/2464/2464 2461/2461/2461 2465/2465/2465
f 2465/2465/2465 2461/2461/2461 2462/2462/2462
f 2466/2466/2466 2315/2315/2315 2316/2316/2316
f 2466/2466/2466 2468/2468/2468 2447/2447/2447
f 2467/2467/2467 2468/2468/2468 2466/2466/2466
f 2471/2471/2471 2467/2467/2467 2469/2469/2469
f 2471/2471/2471 2472/2472/2472 2470/2470/2470
f 2471/2471/2471 2469/2469/2469 2473/2473/2473
f 2475/2475/2475 2472/2472/2472 2473/2473/2473
f 2477/2477/2477 2457/2457/2457 2474/2474/2474
f 2475/2475/2475 2479/2479/2479 2474/2474/2474
f 2476/2476/2476 2480/2480/2480 2475/2475/2475
f 2477/2477/2477 2462/2462/2462 2457/2457/2457
f 2482/2482/2482 2341/2341/2341 2342/2342/2342
f 2483/2483/2483 2469/2469/2469 2481/2481/2481
f 2483/2483/2483 2481/2481/2481 2482/2482/2482
f 2484/2484/2484 2344/2344/2344 2345/2345/2345
f 2483/2483/2483 2478/2478/2478 2473/2473/2473
f 2483/2483/2483 2482/2482/2482 2485/2485/2485
f 2485/2485/2485 2482/2482/2482 2484/2484/2484
f 2486/2486/2486 2478/2478/2478 2485/2485/2485
f 2358/2358/2358 2356/2356/2356 2491/2491/2491
f 2491/2491/2491 2356/2356/2356 2490/2490/2490
f 2498/2498/2498 2359/2359/2359 2492/2492/2492
f 2361/2361/2361 2493/2493/2493 2343/2343/2343
f 2361/2361/2361 2360/2360/2360 2494/2494/2494
f 2494/2494/2494 2360/2360/2360 2498/2498/2498
f 2487/2487/2487 2493/2493/2493 2494/2494/2494
f 2489/2489/2489 2488/2488/2488 2495/2495/2495
f 2509/2509/2509 2501/2501/2501 2506/2506/2506
f 2507/2507/2507 2504/2504/2504 2505/2505/2505
f 2512/2512/2512 2513/2513/2513 2508/2508/2508
f 2516/2516/2516 2518/2518/2518 2514/2514/2514
f 2559/2559/2559 2553/2553/2553 2554/2554/2554
f 2563/2563/2563 2552/2552/2552 2553/2553/2553
f 2561/2561/2561 2565/2565/2565 2556/2556/2556
f 2560/2560/2560 2564/2564/2564 2568/2568/2568
f 2569/2569/2569 2564/2564/2564 2565/2565/2565
f 2571/2571/2571 2511/2511/2511 2566/2566/2566
f 2572/2572/2572 2567/2567/2567 2568/2568/2568
f 2573/2573/2573 2568/2568/2568 2569/2569/2569
f 2573/2573/2573 2578/2578/2578 2572/2572/2572
f 2580/2580/2580 2574/2574/2574 2575/2575/2575
f 2579/2579/2579 2584/2584/2584 2578/2578/2578
f 2580/2580/2580 2584/2584/2584 2579/2579/2579
f 2583/2583/2583 2587/2587/2587 2582/2582/2582
f 2589/2589/2589 2594/2594/2594 2588/2588/2588
f 2599/2599/2599 2594/2594/2594 2595/2595/2595
f 2603/2603/2603 2418/2418/2418 2417/2417/2417
f 2603/2603/2603 2417/2417/2417 2411/2411/2411
f 2419/2419/2419 2608/2608/2608 2412/2412/2412
f 2609/2609/2609 2608/2608/2608 2419/2419/2419
f 2621/2621/2621 2611/2611/2611 2604/2604/2604
f 2604/2604/2604 2605/2605/2605 2621/2621/2621
f 2561/2561/2561 2558/2558/2558 2612/2612/2612
f 2621/2621/2621 2605/2605/2605 2615/2615/2615
f 2622/2622/2622 2616/2616/2616 2617/2617/2617
f 2570/2570/2570 2565/2565/2565 2622/2622/2622
f 2630/2630/2630 2625/2625/2625 2626/2626/2626
f 2632/2632/2632 2624/2624/2624 2615/2615/2615
f 2635/2635/2635 2624/2624/2624 2632/2632/2632
f 2643/2643/2643 2633/2633/2633 2634/2634/2634
f 2631/2631/2631 2636/2636/2636 2575/2575/2575
f 2629/2629/2629 2630/2630/2630 2637/2637/2637
f 2639/2639/2639 2636/2636/2636 2637/2637/2637
f 2595/2595/2595 2590/2590/2590 2647/2647/2647
f 2635/2635/2635 2651/2651/2651 2642/2642/2642
f 2642/2642/2642 2652/2652/2652 2644/2644/2644
f 2642/2642/2642 2651/2651/2651 2652/2652/2652
f 2644/2644/2644 2654/2654/2654 2646/2646/2646
f 2644/2644/2644 2652/2652/2652 2654/2654/2654
f 2663/2663/2663 2605/2605/2605 2659/2659/2659
f 2667/2667/2667 2615/2615/2615 2663/2663/2663
f 2464/2464/2464 2677/2677/2677 2463/2463/2463
f 2090/2090/2090 2088/2088/2088 2676/2676/2676
f 2679/2679/2679 2677/2677/2677 2678/2678/2678
f 2679/2679/2679 2681/2681/2681 2090/2090/2090
f 2683/2683/2683 2687/2687/2687 2680/2680/2680
f 2685/2685/2685 2688/2688/2688 2684/2684/2684
f 2689/2689/2689 2692/2692/2692 2688/2688/2688
f 2690/2690/2690 2693/2693/2693 2689/2689/2689
f 2694/2694/2694 2691/2691/2691 2692/2692/2692
f 2695/2695/2695 2692/2692/2692 2693/2693/2693
f 2697/2697/2697 2102/2102/2102 2694/2694/2694
f 2695/2695/2695 2698/2698/2698 2694/2694/2694
f 2476/2476/2476 2701/2701/2701 2480/2480/2480
f 2479/2479/2479 2702/2702/2702 2462/2462/2462
f 2701/2701/2701 2705/2705/2705 2703/2703/2703
f 2703/2703/2703 2705/2705/2705 2707/2707/2707
f 2683/2683/2683 2680/2680/2680 2706/2706/2706
f 2707/2707/2707 2709/2709/2709 2706/2706/2706
f 2708/2708/2708 2710/2710/2710 2707/2707/2707
f 2709/2709/2709 2711/2711/2711 2683/2683/2683
f 2712/2712/2712 2709/2709/2709 2710/2710/2710
f 2711/2711/2711 2690/2690/2690 2687/2687/2687
f 2712/2712/2712 2714/2714/2714 2711/2711/2711
f 2714/2714/2714 2690/2690/2690 2711/2711/2711
f 2714/2714/2714 2717/2717/2717 2690/2690/2690
f 2718/2718/2718 2724/2724/2724 2717/2717/2717
f 2715/2715/2715 2719/2719/2719 2726/2726/2726
f 2730/2730/2730 2721/2721/2721 2722/2722/2722
f 2720/2720/2720 2729/2729/2729 2734/2734/2734
f 2728/2728/2728 2735/2735/2735 2727/2727/2727
f 2753/2753/2753 2701/2701/2701 2748/2748/2748
f 2747/2747/2747 2751/2751/2751 2746/2746/2746
f 2749/2749/2749 2753/2753/2753 2748/2748/2748
f 2755/2755/2755 2751/2751/2751 2752/2752/2752
f 2756/2756/2756 2753/2753/2753 2751/2751/2751
f 2708/2708/2708 2705/2705/2705 2754/2754/2754
f 2756/2756/2756 2758/2758/2758 2754/2754/2754
f 2759/2759/2759 2756/2756/2756 2757/2757/2757
f 2762/2762/2762 2765/2765/2765 2761/2761/2761
f 2763/2763/2763 2765/2765/2765 2768/2768/2768
f 2764/2764/2764 2770/2770/2770 2766/2766/2766
f 2764/2764/2764 2769/2769/2769 2770/2770/2770
f 2766/2766/2766 2770/2770/2770 2772/2772/2772
f 2774/2774/2774 2739/2739/2739 2730/2730/2730
f 2502/2502/2502 2750/2750/2750 2745/2745/2745
f 2780/2780/2780 2509/2509/2509 2510/2510/2510
f 2780/2780/2780 2782/2782/2782 2779/2779/2779
f 2779/2779/2779 2784/2784/2784 2781/2781/2781
f 2783/2783/2783 2785/2785/2785 2782/2782/2782
f 2782/2782/2782 2787/2787/2787 2784/2784/2784
f 2782/2782/2782 2785/2785/2785 2787/2787/2787
f 2784/2784/2784 2764/2764/2764 2760/2760/2760
f 2784/2784/2784 2787/2787/2787 2788/2788/2788
f 2786/2786/2786 2789/2789/2789 2785/2785/2785
f 2788/2788/2788 2769/2769/2769 2764/2764/2764
f 2522/2522/2522 2794/2794/2794 2791/2791/2791
f 2794/2794/2794 2522/2522/2522 2524/2524/2524
f 2792/2792/2792 2795/2795/2795 2793/2793/2793
f 2793/2793/2793 2775/2775/2775 2773/2773/2773
f 2793/2793/2793 2795/2795/2795 2775/2775/2775
f 2798/2798/2798 2698/2698/2698 2699/2699/2699
f 2800/2800/2800 2122/2122/2122 2796/2796/2796
f 2801/2801/2801 2796/2796/2796 2797/2797/2797
f 2802/2802/2802 2797/2797/2797 2798/2798/2798
f 2123/2123/2123 2800/2800/2800 2805/2805/2805
f 2805/2805/2805 2800/2800/2800 2806/2806/2806
f 2806/2806/2806 2801/2801/2801 2807/2807/2807
f 2810/2810/2810 2803/2803/2803 2804/2804/2804
f 2809/2809/2809 2807/2807/2807 2802/2802/2802
f 2810/2810/2810 2809/2809/2809 2803/2803/2803
f 2808/2808/2808 2806/2806/2806 2811/2811/2811
f 2811/2811/2811 2806/2806/2806 2807/2807/2807
f 2815/2815/2815 2809/2809/2809 2810/2810/2810
f 2811/2811/2811 2807/2807/2807 2812/2812/2812
f 2812/2812/2812 2807/2807/2807 2809/2809/2809
f 2804/2804/2804 2813/2813/2813 2814/2814/2814
f 2815/2815/2815 2816/2816/2816 2809/2809/2809
f 2817/2817/2817 2815/2815/2815 2814/2814/2814
f 2821/2821/2821 2816/2816/2816 2815/2815/2815
f 2822/2822/2822 2820/2820/2820 2812/2812/2812
f 2823/2823/2823 2816/2816/2816 2824/2824/2824
f 2825/2825/2825 2821/2821/2821 2817/2817/2817
f 2830/2830/2830 2827/2827/2827 2828/2828/2828
f 2834/2834/2834 2833/2833/2833 2830/2830/2830
f 2836/2836/2836 2814/2814/2814 2832/2832/2832
f 2839/2839/2839 2837/2837/2837 2838/2838/2838
f 2840/2840/2840 2817/2817/2817 2836/2836/2836
f 2835/2835/2835 2849/2849/2849 2852/2852/2852
f 2854/2854/2854 2851/2851/2851 2852/2852/2852
f 2862/2862/2862 2824/2824/2824 2821/2821/2821
f 2164/2164/2164 2163/2163/2163 2864/2864/2864
f 2872/2872/2872 2865/2865/2865 2873/2873/2873
f 2869/2869/2869 2878/2878/2878 2868/2868/2868
f 2890/2890/2890 2882/2882/2882 2883/2883/2883
f 2901/2901/2901 2903/2903/2903 2904/2904/2904
f 2904/2904/2904 2905/2905/2905 2906/2906/2906
f 492/492/492 2909/2909/2909 2908/2908/2908
f 2909/2909/2909 2913/2913/2913 2912/2912/2912
f 2910/2910/2910 2914/2914/2914 2915/2915/2915
f 2917/2917/2917 2914/2914/2914 2902/2902/2902
f 2920/2920/2920 2912/2912/2912 2919/2919/2919
f 2902/2902/2902 2904/2904/2904 2924/2924/2924
f 2917/2917/2917 2921/2921/2921 2915/2915/2915
f 2920/2920/2920 2925/2925/2925 2955/2955/2955
f 2923/2923/2923 2926/2926/2926 2925/2925/2925
f 2923/2923/2923 2925/2925/2925 2919/2919/2919
f 2924/2924/2924 2906/2906/2906 2927/2927/2927
f 2906/2906/2906 2907/2907/2907 2931/2931/2931
f 2926/2926/2926 2928/2928/2928 2930/2930/2930
f 2932/2932/2932 3195/3195/3195 2935/2935/2935
f 2930/2930/2930 2936/2936/2936 2937/2937/2937
f 2937/2937/2937 2939/2939/2939 2940/2940/2940
f 2908/2908/2908 2912/2912/2912 2947/2947/2947
f 2946/2946/2946 2948/2948/2948 2949/2949/2949
f 2957/2957/2957 2952/2952/2952 2954/2954/2954
f 2951/2951/2951 2955/2955/2955 2953/2953/2953
f 2951/2951/2951 2953/2953/2953 2950/2950/2950
f 2920/2920/2920 2955/2955/2955 2951/2951/2951
f 2956/2956/2956 2961/2961/2961 2962/2962/2962
f 2956/2956/2956 2958/2958/2958 2954/2954/2954
f 2955/2955/2955 2929/2929/2929 2960/2960/2960
f 2968/2968/2968 2964/2964/2964 2966/2966/2966
f 2970/2970/2970 2933/2933/2933 2934/2934/2934
f 2965/2965/2965 2968/2968/2968 2969/2969/2969
f 2973/2973/2973 2968/2968/2968 2971/2971/2971
f 2971/2971/2971 2970/2970/2970 2972/2972/2972
f 2973/2973/2973 2974/2974/2974 2975/2975/2975
f 2971/2971/2971 2976/2976/2976 2977/2977/2977
f 3211/3211/3211 2976/2976/2976 2941/2941/2941
f 2979/2979/2979 2980/2980/2980 2981/2981/2981
f 3007/3007/3007 2979/2979/2979 2981/2981/2981
f 2943/2943/2943 2946/2946/2946 2980/2980/2980
f 2981/2981/2981 2982/2982/2982 2983/2983/2983
f 2981/2981/2981 2983/2983/2983 2984/2984/2984
f 2982/2982/2982 2980/2980/2980 2949/2949/2949
f 2983/2983/2983 2985/2985/2985 2986/2986/2986
f 2982/2982/2982 2952/2952/2952 2985/2985/2985
f 2952/2952/2952 2957/2957/2957 2988/2988/2988
f 3019/3019/3019 2987/2987/2987 2989/2989/2989
f 3019/3019/3019 2991/2991/2991 2992/2992/2992
f 2993/2993/2993 2990/2990/2990 2963/2963/2963
f 2963/2963/2963 2967/2967/2967 2995/2995/2995
f 2993/2993/2993 2995/2995/2995 2996/2996/2996
f 2997/2997/2997 2967/2967/2967 2969/2969/2969
f 2997/2997/2997 3001/3001/3001 2998/2998/2998
f 2997/2997/2997 2998/2998/2998 2995/2995/2995
f 3001/3001/3001 2973/2973/2973 2975/2975/2975
f 581/581/581 3005/3005/3005 3006/3006/3006
f 3004/3004/3004 3007/3007/3007 3008/3008/3008
f 3005/3005/3005 3008/3008/3008 3009/3009/3009
f 3013/3013/3013 3010/3010/3010 3012/3012/3012
f 3013/3013/3013 3011/3011/3011 3010/3010/3010
f 2984/2984/2984 2986/2986/2986 3014/3014/3014
f 3014/3014/3014 3016/3016/3016 3017/3017/3017
f 3015/3015/3015 3017/3017/3017 3018/3018/3018
f 3022/3022/3022 3024/3024/3024 3025/3025/3025
f 3025/3025/3025 3024/3024/3024 3027/3027/3027
f 3028/3028/3028 3026/3026/3026 3000/3000/3000
f 3038/3038/3038 3033/3033/3033 3037/3037/3037
f 3045/3045/3045 3034/3034/3034 3044/3044/3044
f 3048/3048/3048 3037/3037/3037 3047/3047/3047
f 3038/3038/3038 3044/3044/3044 3033/3033/3033
f 3049/3049/3049 3044/3044/3044 3048/3048/3048
f 3045/3045/3045 3058/3058/3058 3059/3059/3059
f 3048/3048/3048 3060/3060/3060 3061/3061/3061
f 3063/3063/3063 3058/3058/3058 3062/3062/3062
f 3068/3068/3068 3065/3065/3065 3067/3067/3067
f 3070/3070/3070 3068/3068/3068 3067/3067/3067
f 3079/3079/3079 3076/3076/3076 3078/3078/3078
f 3083/3083/3083 3087/3087/3087 3082/3082/3082
f 693/693/693 3088/3088/3088 3089/3089/3089
f 3093/3093/3093 3088/3088/3088 3092/3092/3092
f 3093/3093/3093 3094/3094/3094 3088/3088/3088
f 3098/3098/3098 3094/3094/3094 3097/3097/3097
f 3102/3102/3102 3097/3097/3097 3101/3101/3101
f 3098/3098/3098 3102/3102/3102 3103/3103/3103
f 3106/3106/3106 3059/3059/3059 3063/3063/3063
f 3102/3102/3102 3107/3107/3107 3108/3108/3108
f 3112/3112/3112 3107/3107/3107 3111/3111/3111
f 3113/3113/3113 3107/3107/3107 3112/3112/3112
f 3113/3113/3113 3118/3118/3118 3119/3119/3119
f 3116/3116/3116 3084/3084/3084 3122/3122/3122
f 3123/3123/3123 3118/3118/3118 3122/3122/3122
f 3126/3126/3126 3084/3084/3084 3086/3086/3086
f 3130/3130/3130 3126/3126/3126 3086/3086/3086
f 3131/3131/3131 3126/3126/3126 3130/3130/3130
f 3133/3133/3133 3137/3137/3137 3128/3128/3128
f 3141/3141/3141 3142/3142/3142 3139/3139/3139
f 3144/3144/3144 748/748/748 3146/3146/3146
f 3146/3146/3146 3149/3149/3149 3147/3147/3147
f 3148/3148/3148 3150/3150/3150 3151/3151/3151
f 3147/3147/3147 3152/3152/3152 3150/3150/3150
f 3156/3156/3156 3152/3152/3152 3153/3153/3153
f 3153/3153/3153 3100/3100/3100 3105/3105/3105
f 3151/3151/3151 3154/3154/3154 3155/3155/3155
f 3162/3162/3162 2907/2907/2907 3161/3161/3161
f 3157/3157/3157 3163/3163/3163 3160/3160/3160
f 3157/3157/3157 3160/3160/3160 3154/3154/3154
f 3159/3159/3159 3165/3165/3165 3163/3163/3163
f 3159/3159/3159 3163/3163/3163 3157/3157/3157
f 3170/3170/3170 3165/3165/3165 3117/3117/3117
f 3173/3173/3173 3117/3117/3117 3121/3121/3121
f 3164/3164/3164 3168/3168/3168 3169/3169/3169
f 3172/3172/3172 3167/3167/3167 3171/3171/3171
f 3182/3182/3182 3134/3134/3134 3136/3136/3136
f 3169/3169/3169 3176/3176/3176 3177/3177/3177
f 3172/3172/3172 3178/3178/3178 3176/3176/3176
f 3172/3172/3172 3176/3176/3176 3168/3168/3168
f 3174/3174/3174 3180/3180/3180 3181/3181/3181
f 3182/3182/3182 3136/3136/3136 3183/3183/3183
f 3187/3187/3187 3184/3184/3184 3186/3186/3186
f 3181/3181/3181 3188/3188/3188 3189/3189/3189
f 3265/3265/3265 3194/3194/3194 3143/3143/3143
f 2936/2936/2936 2935/2935/2935 3196/3196/3196
f 3201/3201/3201 3197/3197/3197 3200/3200/3200
f 3201/3201/3201 3198/3198/3198 3197/3197/3197
f 3199/3199/3199 3198/3198/3198 3202/3202/3202
f 3205/3205/3205 2941/2941/2941 3204/3204/3204
f 3201/3201/3201 3200/3200/3200 3206/3206/3206
f 3203/3203/3203 3204/3204/3204 2939/2939/2939
f 3208/3208/3208 3204/3204/3204 3203/3203/3203
f 3205/3205/3205 3204/3204/3204 3208/3208/3208
f 3206/3206/3206 3200/3200/3200 3187/3187/3187
f 2977/2977/2977 3211/3211/3211 3212/3212/3212
f 3213/3213/3213 3210/3210/3210 3212/3212/3212
f 3215/3215/3215 3211/3211/3211 3214/3214/3214
f 3215/3215/3215 3216/3216/3216 3212/3212/3212
f 3217/3217/3217 3216/3216/3216 3215/3215/3215
f 3218/3218/3218 3216/3216/3216 3217/3217/3217
f 3002/3002/3002 3221/3221/3221 3222/3222/3222
f 3001/3001/3001 3223/3223/3223 3220/3220/3220
f 3220/3220/3220 3223/3223/3223 3225/3225/3225
f 3221/3221/3221 3225/3225/3225 3226/3226/3226
f 3213/3213/3213 3216/3216/3216 3227/3227/3227
f 3228/3228/3228 3225/3225/3225 3227/3227/3227
f 3228/3228/3228 3230/3230/3230 3229/3229/3229
f 3228/3228/3228 3229/3229/3229 3226/3226/3226
f 3218/3218/3218 3217/3217/3217 3232/3232/3232
f 3230/3230/3230 3234/3234/3234 3235/3235/3235
f 3237/3237/3237 3219/3219/3219 3222/3222/3222
f 3237/3237/3237 3236/3236/3236 3219/3219/3219
f 3238/3238/3238 3029/3029/3029 3236/3236/3236
f 3237/3237/3237 3224/3224/3224 3239/3239/3239
f 3238/3238/3238 3239/3239/3239 3240/3240/3240
f 3241/3241/3241 3224/3224/3224 3226/3226/3226
f 3243/3243/3243 3240/3240/3240 3239/3239/3239
f 3245/3245/3245 3243/3243/3243 3244/3244/3244
f 3245/3245/3245 3244/3244/3244 3246/3246/3246
f 3248/3248/3248 3245/3245/3245 3247/3247/3247
f 3249/3249/3249 3231/3231/3231 3233/3233/3233
f 3250/3250/3250 3231/3231/3231 3249/3249/3249
f 3250/3250/3250 3247/3247/3247 3246/3246/3246
f 3250/3250/3250 3251/3251/3251 3252/3252/3252
f 3247/3247/3247 3252/3252/3252 3253/3253/3253
f 3248/3248/3248 3253/3253/3253 3254/3254/3254
f 3190/3190/3190 3256/3256/3256 3257/3257/3257
f 3192/3192/3192 3258/3258/3258 3259/3259/3259
f 3260/3260/3260 3256/3256/3256 3259/3259/3259
f 3262/3262/3262 3258/3258/3258 3261/3261/3261
f 3264/3264/3264 3261/3261/3261 3263/3263/3263
f 3265/3265/3265 3263/3263/3263 3194/3194/3194
f 3260/3260/3260 3268/3268/3268 3269/3269/3269
f 3271/3271/3271 3268/3268/3268 3270/3270/3270
f 3272/3272/3272 3269/3269/3269 3271/3271/3271
f 3275/3275/3275 3273/3273/3273 3266/3266/3266
f 3279/3279/3279 3277/3277/3277 3278/3278/3278
f 3279/3279/3279 3276/3276/3276 3277/3277/3277
f 3187/3187/3187 3255/3255/3255 3283/3283/3283
f 3206/3206/3206 3283/3283/3283 3280/3280/3280
f 3207/3207/3207 3280/3280/3280 3284/3284/3284
f 3209/3209/3209 3281/3281/3281 3203/3203/3203
f 3285/3285/3285 3281/3281/3281 3209/3209/3209
f 3287/3287/3287 3283/3283/3283 3286/3286/3286
f 3293/3293/3293 3287/3287/3287 3292/3292/3292
f 3290/3290/3290 3291/3291/3291 3285/3285/3285
f 3294/3294/3294 3291/3291/3291 3290/3290/3290
f 3292/3292/3292 3286/3286/3286 3295/3295/3295
f 3296/3296/3296 3288/3288/3288 3293/3293/3293
f 3297/3297/3297 3296/3296/3296 3301/3301/3301
f 3272/3272/3272 3276/3276/3276 3302/3302/3302
f 3303/3303/3303 3295/3295/3295 3302/3302/3302
f 3304/3304/3304 3301/3301/3301 3303/3303/3303
f 3304/3304/3304 3297/3297/3297 3301/3301/3301
f 3307/3307/3307 3303/3303/3303 3306/3306/3306
f 3307/3307/3307 3306/3306/3306 3313/3313/3313
f 3314/3314/3314 3311/3311/3311 3310/3310/3310
f 3205/3205/3205 3214/3214/3214 2941/2941/2941
f 3318/3318/3318 3214/3214/3214 3205/3205/3205
f 3320/3320/3320 3215/3215/3215 3319/3319/3319
f 3282/3282/3282 3285/3285/3285 3321/3321/3321
f 3323/3323/3323 3319/3319/3319 3321/3321/3321
f 3322/3322/3322 3321/3321/3321 3291/3291/3291
f 3328/3328/3328 3294/3294/3294 3299/3299/3299
f 3320/3320/3320 3323/3323/3323 3324/3324/3324
f 3322/3322/3322 3325/3325/3325 3321/3321/3321
f 3327/3327/3327 3325/3325/3325 3322/3322/3322
f 3334/3334/3334 3325/3325/3325 3327/3327/3327
f 3294/3294/3294 3328/3328/3328 3329/3329/3329
f 3330/3330/3330 3329/3329/3329 3328/3328/3328
f 3334/3334/3334 3327/3327/3327 3335/3335/3335
f 3330/3330/3330 3336/3336/3336 3329/3329/3329
f 3339/3339/3339 3330/3330/3330 3338/3338/3338
f 3341/3341/3341 3339/3339/3339 3338/3338/3338
f 3343/3343/3343 3341/3341/3341 3342/3342/3342
f 3345/3345/3345 3344/3344/3344 3337/3337/3337
f 3339/3339/3339 3345/3345/3345 3330/3330/3330
f 3346/3346/3346 3345/3345/3345 3339/3339/3339
f 3347/3347/3347 3339/3339/3339 3341/3341/3341
f 3234/3234/3234 3232/3232/3232 3324/3324/3324
f 3352/3352/3352 3233/3233/3233 3351/3351/3351
f 3326/3326/3326 3334/3334/3334 3353/3353/3353
f 3350/3350/3350 3356/3356/3356 3357/3357/3357
f 3355/3355/3355 3365/3365/3365 3366/3366/3366
f 3337/3337/3337 3365/3365/3365 3355/3355/3355
f 3371/3371/3371 3344/3344/3344 3345/3345/3345
f 3346/3346/3346 3371/3371/3371 3345/3345/3345
f 3374/3374/3374 3390/3390/3390 3373/3373/3373
f 3395/3395/3395 3392/3392/3392 3391/3391/3391
f 3380/3380/3380 3398/3398/3398 3376/3376/3376
f 3401/3401/3401 3400/3400/3400 3411/3411/3411
f 3422/3422/3422 3253/3253/3253 3252/3252/3252
f 3423/3423/3423 3254/3254/3254 3253/3253/3253
f 3424/3424/3424 3359/3359/3359 3377/3377/3377
f 3422/3422/3422 3426/3426/3426 3427/3427/3427
f 3429/3429/3429 3423/3423/3423 3428/3428/3428
f 3397/3397/3397 3432/3432/3432 3394/3394/3394
f 3435/3435/3435 3432/3432/3432 3397/3397/3397
f 3425/3425/3425 3439/3439/3439 3440/3440/3440
f 3426/3426/3426 3441/3441/3441 3442/3442/3442
f 3410/3410/3410 3446/3446/3446 3408/3408/3408
f 3432/3432/3432 3410/3410/3410 3394/3394/3394
f 3434/3434/3434 3452/3452/3452 3433/3433/3433
f 3455/3455/3455 3449/3449/3449 3454/3454/3454
f 3436/3436/3436 3457/3457/3457 3458/3458/3458
f 3457/3457/3457 3437/3437/3437 4952/4952/4952
f 3464/3464/3464 3442/3442/3442 3463/3463/3463
f 3443/3443/3443 3442/3442/3442 3464/3464/3464
f 3465/3465/3465 3446/3446/3446 3447/3447/3447
f 3466/3466/3466 3447/3447/3447 3448/3448/3448
f 3472/3472/3472 3471/3471/3471 3477/3477/3477
f 3479/3479/3479 3474/3474/3474 3417/3417/3417
f 3475/3475/3475 3480/3480/3480 3418/3418/3418
f 3473/3473/3473 3477/3477/3477 3481/3481/3481
f 3482/3482/3482 3485/3485/3485 3477/3477/3477
f 3488/3488/3488 3482/3482/3482 3480/3480/3480
f 3500/3500/3500 3465/3465/3465 3466/3466/3466
f 3495/3495/3495 3470/3470/3470 3505/3505/3505
f 3495/3495/3495 3505/3505/3505 3506/3506/3506
f 3498/3498/3498 3497/3497/3497 3509/3509/3509
f 3512/3512/3512 3502/3502/3502 3503/3503/3503
f 3497/3497/3497 3508/3508/3508 3515/3515/3515
f 3517/3517/3517 3505/3505/3505 3510/3510/3510
f 3484/3484/3484 3518/3518/3518 3483/3483/3483
f 3499/3499/3499 3484/3484/3484 3476/3476/3476
f 3519/3519/3519 3511/3511/3511 3500/3500/3500
f 3507/3507/3507 3506/3506/3506 3523/3523/3523
f 3507/3507/3507 3523/3523/3523 3524/3524/3524
f 3517/3517/3517 3522/3522/3522 3505/3505/3505
f 3518/3518/3518 3489/3489/3489 3483/3483/3483
f 3526/3526/3526 3521/3521/3521 3512/3512/3512
f 3506/3506/3506 3522/3522/3522 3529/3529/3529
f 3515/3515/3515 3508/3508/3508 3530/3530/3530
f 3516/3516/3516 3515/3515/3515 3531/3531/3531
f 3538/3538/3538 3537/3537/3537 3536/3536/3536
f 3511/3511/3511 3538/3538/3538 3484/3484/3484
f 3527/3527/3527 3521/3521/3521 3526/3526/3526
f 3531/3531/3531 3515/3515/3515 3530/3530/3530
f 3546/3546/3546 3529/3529/3529 3534/3534/3534
f 3537/3537/3537 3548/3548/3548 3536/3536/3536
f 3550/3550/3550 3537/3537/3537 3538/3538/3538
f 3550/3550/3550 3549/3549/3549 3537/3537/3537
f 3539/3539/3539 3550/3550/3550 3538/3538/3538
f 3542/3542/3542 3529/3529/3529 3554/3554/3554
f 3530/3530/3530 3543/3543/3543 3555/3555/3555
f 3549/3549/3549 3564/3564/3564 3537/3537/3537
f 3551/3551/3551 3566/3566/3566 3541/3541/3541
f 3570/3570/3570 3554/3554/3554 3560/3560/3560
f 3576/3576/3576 3575/3575/3575 3574/3574/3574
f 3565/3565/3565 3576/3576/3576 3550/3550/3550
f 3566/3566/3566 3576/3576/3576 3565/3565/3565
f 3555/3555/3555 3554/3554/3554 3580/3580/3580
f 3575/3575/3575 3590/3590/3590 3574/3574/3574
f 3592/3592/3592 3575/3575/3575 3576/3576/3576
f 3592/3592/3592 3591/3591/3591 3575/3575/3575
f 3566/3566/3566 3592/3592/3592 3576/3576/3576
f 3577/3577/3577 3592/3592/3592 3566/3566/3566
f 3579/3579/3579 3593/3593/3593 3578/3578/3578
f 3591/3591/3591 3601/3601/3601 3575/3575/3575
f 3604/3604/3604 3591/3591/3591 3592/3592/3592
f 3605/3605/3605 3603/3603/3603 3602/3602/3602
f 3593/3593/3593 3605/3605/3605 3577/3577/3577
f 3603/3603/3603 3616/3616/3616 3602/3602/3602
f 3618/3618/3618 3603/3603/3603 3605/3605/3605
f 3618/3618/3618 3617/3617/3617 3603/3603/3603
f 3593/3593/3593 3618/3618/3618 3605/3605/3605
f 3636/3636/3636 3634/3634/3634 3633/3633/3633
f 3628/3628/3628 3636/3636/3636 3627/3627/3627
f 3642/3642/3642 3006/3006/3006 3009/3009/3009
f 3643/3643/3643 3640/3640/3640 3642/3642/3642
f 3644/3644/3644 3643/3643/3643 3642/3642/3642
f 3650/3650/3650 3648/3648/3648 3018/3018/3018
f 3651/3651/3651 3649/3649/3649 3650/3650/3650
f 3656/3656/3656 3023/3023/3023 3025/3025/3025
f 3657/3657/3657 3654/3654/3654 3656/3656/3656
f 3658/3658/3658 3656/3656/3656 3027/3027/3027
f 3659/3659/3659 3657/3657/3657 3658/3658/3658
f 3660/3660/3660 3027/3027/3027 3029/3029/3029
f 3661/3661/3661 3658/3658/3658 3660/3660/3660
f 3661/3661/3661 3659/3659/3659 3658/3658/3658
f 3663/3663/3663 3643/3643/3643 3666/3666/3666
f 3667/3667/3667 3663/3663/3663 3666/3666/3666
f 3669/3669/3669 3666/3666/3666 3647/3647/3647
f 3672/3672/3672 3647/3647/3647 3649/3649/3649
f 3673/3673/3673 3669/3669/3669 3672/3672/3672
f 3675/3675/3675 3673/3673/3673 3672/3672/3672
f 3674/3674/3674 3670/3670/3670 3673/3673/3673
f 3653/3653/3653 3675/3675/3675 3651/3651/3651
f 3677/3677/3677 3673/3673/3673 3676/3676/3676
f 3679/3679/3679 3653/3653/3653 3655/3655/3655
f 3680/3680/3680 3676/3676/3676 3679/3679/3679
f 3681/3681/3681 3680/3680/3680 3679/3679/3679
f 3655/3655/3655 3657/3657/3657 3683/3683/3683
f 3659/3659/3659 3683/3683/3683 3657/3657/3657
f 3685/3685/3685 3681/3681/3681 3684/3684/3684
f 3687/3687/3687 3686/3686/3686 3685/3685/3685
f 3685/3685/3685 3684/3684/3684 3688/3688/3688
f 3687/3687/3687 3685/3685/3685 3691/3691/3691
f 1353/1353/1353 3693/3693/3693 3694/3694/3694
f 1353/1353/1353 3694/3694/3694 3695/3695/3695
f 3696/3696/3696 3665/3665/3665 3668/3668/3668
f 3693/3693/3693 3696/3696/3696 3697/3697/3697
f 3697/3697/3697 3700/3700/3700 3701/3701/3701
f 3699/3699/3699 3674/3674/3674 3702/3702/3702
f 3704/3704/3704 3703/3703/3703 3702/3702/3702
f 3706/3706/3706 3702/3702/3702 3678/3678/3678
f 3704/3704/3704 3706/3706/3706 3710/3710/3710
f 3707/3707/3707 3704/3704/3704 3710/3710/3710
f 3712/3712/3712 3708/3708/3708 3707/3707/3707
f 3705/3705/3705 3708/3708/3708 3709/3709/3709
f 3711/3711/3711 3710/3710/3710 3682/3682/3682
f 3713/3713/3713 3712/3712/3712 3711/3711/3711
f 3717/3717/3717 3715/3715/3715 3714/3714/3714
f 3716/3716/3716 3711/3711/3711 3686/3686/3686
f 3722/3722/3722 3717/3717/3717 3713/3713/3713
f 3692/3692/3692 3720/3720/3720 3691/3691/3691
f 3723/3723/3723 3722/3722/3722 3721/3721/3721
f 3724/3724/3724 3722/3722/3722 3723/3723/3723
f 3727/3727/3727 1374/1374/1374 3695/3695/3695
f 1375/1375/1375 3727/3727/3727 3728/3728/3728
f 3695/3695/3695 3698/3698/3698 3730/3730/3730
f 3732/3732/3732 3729/3729/3729 3731/3731/3731
f 3733/3733/3733 3698/3698/3698 3701/3701/3701
f 3730/3730/3730 3733/3733/3733 3734/3734/3734
f 3730/3730/3730 3734/3734/3734 3735/3735/3735
f 3736/3736/3736 3731/3731/3731 3735/3735/3735
f 3737/3737/3737 3733/3733/3733 3705/3705/3705
f 3740/3740/3740 3735/3735/3735 3739/3739/3739
f 3743/3743/3743 3740/3740/3740 3742/3742/3742
f 3744/3744/3744 3709/3709/3709 3715/3715/3715
f 3745/3745/3745 3742/3742/3742 3744/3744/3744
f 3719/3719/3719 3746/3746/3746 3718/3718/3718
f 3744/3744/3744 3746/3746/3746 3719/3719/3719
f 3736/3736/3736 3741/3741/3741 3751/3751/3751
f 3750/3750/3750 3751/3751/3751 3752/3752/3752
f 3758/3758/3758 3745/3745/3745 3744/3744/3744
f 3757/3757/3757 3762/3762/3762 3763/3763/3763
f 3765/3765/3765 3758/3758/3758 3764/3764/3764
f 3769/3769/3769 3768/3768/3768 3767/3767/3767
f 3773/3773/3773 3772/3772/3772 3771/3771/3771
f 3782/3782/3782 3781/3781/3781 3780/3780/3780
f 3783/3783/3783 3771/3771/3771 3782/3782/3782
f 3773/3773/3773 3771/3771/3771 3783/3783/3783
f 3785/3785/3785 3773/3773/3773 3783/3783/3783
f 3774/3774/3774 3773/3773/3773 3785/3785/3785
f 3794/3794/3794 3790/3790/3790 3789/3789/3789
f 3792/3792/3792 1483/1483/1483 3791/3791/3791
f 3799/3799/3799 3794/3794/3794 3793/3793/3793
f 3791/3791/3791 3795/3795/3795 3796/3796/3796
f 3792/3792/3792 3796/3796/3796 3797/3797/3797
f 3802/3802/3802 3795/3795/3795 3801/3801/3801
f 3803/3803/3803 3796/3796/3796 3802/3802/3802
f 3804/3804/3804 3803/3803/3803 3802/3802/3802
f 3810/3810/3810 3808/3808/3808 3807/3807/3807
f 3812/3812/3812 3804/3804/3804 3811/3811/3811
f 3821/3821/3821 3818/3818/3818 3817/3817/3817
f 3823/3823/3823 3818/3818/3818 3821/3821/3821
f 3823/3823/3823 3822/3822/3822 3818/3818/3818
f 3829/3829/3829 3826/3826/3826 3825/3825/3825
f 3831/3831/3831 3823/3823/3823 3830/3830/3830
f 3827/3827/3827 3770/3770/3770 3772/3772/3772
f 1539/1539/1539 3868/3868/3868 3869/3869/3869
f 3866/3866/3866 3797/3797/3797 3798/3798/3798
f 3872/3872/3872 3867/3867/3867 3798/3798/3798
f 3868/3868/3868 3872/3872/3872 3873/3873/3873
f 3875/3875/3875 3869/3869/3869 3874/3874/3874
f 3876/3876/3876 3870/3870/3870 3875/3875/3875
f 3877/3877/3877 3876/3876/3876 3875/3875/3875
f 3879/3879/3879 3798/3798/3798 3805/3805/3805
f 3880/3880/3880 3879/3879/3879 3805/3805/3805
f 3874/3874/3874 3882/3882/3882 3884/3884/3884
f 3889/3889/3889 3881/3881/3881 3880/3880/3880
f 3890/3890/3890 3880/3880/3880 3888/3888/3888
f 3890/3890/3890 3889/3889/3889 3880/3880/3880
f 3884/3884/3884 3883/3883/3883 3892/3892/3892
f 3894/3894/3894 3895/3895/3895 3896/3896/3896
f 3896/3896/3896 3887/3887/3887 3894/3894/3894
f 3897/3897/3897 3890/3890/3890 3822/3822/3822
f 3898/3898/3898 3890/3890/3890 3897/3897/3897
f 3889/3889/3889 3890/3890/3890 3898/3898/3898
f 3900/3900/3900 3898/3898/3898 3897/3897/3897
f 3891/3891/3891 3889/3889/3889 3901/3901/3901
f 3908/3908/3908 3900/3900/3900 3907/3907/3907
f 3904/3904/3904 3903/3903/3903 3910/3910/3910
f 3895/3895/3895 3904/3904/3904 3914/3914/3914
f 3909/3909/3909 3913/3913/3913 3918/3918/3918
f 3922/3922/3922 3921/3921/3921 3924/3924/3924
f 3922/3922/3922 3924/3924/3924 3925/3925/3925
f 3923/3923/3923 3922/3922/3922 3925/3925/3925
f 3924/3924/3924 3927/3927/3927 3928/3928/3928
f 3927/3927/3927 3887/3887/3887 3896/3896/3896
f 3928/3928/3928 3927/3927/3927 3931/3931/3931
f 3930/3930/3930 3932/3932/3932 3935/3935/3935
f 3932/3932/3932 3934/3934/3934 3936/3936/3936
f 3935/3935/3935 3932/3932/3932 3936/3936/3936
f 3939/3939/3939 3936/3936/3936 3940/3940/3940
f 3942/3942/3942 3660/3660/3660 3941/3941/3941
f 3941/3941/3941 3029/3029/3029 3238/3238/3238
f 3947/3947/3947 3944/3944/3944 3946/3946/3946
f 3945/3945/3945 3944/3944/3944 3947/3947/3947
f 3948/3948/3948 3950/3950/3950 3951/3951/3951
f 3949/3949/3949 3951/3951/3951 3952/3952/3952
f 3954/3954/3954 3953/3953/3953 3956/3956/3956
f 3955/3955/3955 3954/3954/3954 3956/3956/3956
f 3957/3957/3957 3956/3956/3956 3953/3953/3953
f 3960/3960/3960 3957/3957/3957 3254/3254/3254
f 3961/3961/3961 3957/3957/3957 3960/3960/3960
f 3965/3965/3965 3962/3962/3962 3945/3945/3945
f 3966/3966/3966 3962/3962/3962 3965/3965/3965
f 3967/3967/3967 3963/3963/3963 3966/3966/3966
f 3970/3970/3970 3966/3966/3966 3965/3965/3965
f 3970/3970/3970 3965/3965/3965 3952/3952/3952
f 3968/3968/3968 3970/3970/3970 3971/3971/3971
f 3972/3972/3972 3971/3971/3971 3955/3955/3955
f 3974/3974/3974 3969/3969/3969 3973/3973/3973
f 3972/3972/3972 3955/3955/3955 3959/3959/3959
f 3975/3975/3975 3972/3972/3972 3959/3959/3959
f 3977/3977/3977 3692/3692/3692 3963/3963/3963
f 3964/3964/3964 3977/3977/3977 3963/3963/3963
f 3980/3980/3980 3964/3964/3964 3967/3967/3967
f 3969/3969/3969 3980/3980/3980 3967/3967/3967
f 3984/3984/3984 3961/3961/3961 3960/3960/3960
f 3985/3985/3985 3958/3958/3958 3961/3961/3961
f 3981/3981/3981 3985/3985/3985 4042/4042/4042
f 3989/3989/3989 3985/3985/3985 3961/3961/3961
f 3991/3991/3991 3990/3990/3990 3985/3985/3985
f 3989/3989/3989 3988/3988/3988 3998/3998/3998
f 3999/3999/3999 3989/3989/3989 3998/3998/3998
f 4003/4003/4003 4002/4002/4002 4008/4008/4008
f 4015/4015/4015 4014/4014/4014 4013/4013/4013
f 4010/4010/4010 4005/4005/4005 4025/4025/4025
f 3462/3462/3462 4029/4029/4029 4028/4028/4028
f 4030/4030/4030 4015/4015/4015 4029/4029/4029
f 4043/4043/4043 3976/3976/3976 3975/3975/3975
f 4041/4041/4041 4044/4044/4044 4045/4045/4045
f 4048/4048/4048 4043/4043/4043 3990/3990/3990
f 4049/4049/4049 4048/4048/4048 3990/3990/3990
f 4050/4050/4050 4049/4049/4049 3991/3991/3991
f 4054/4054/4054 4053/4053/4053 4052/4052/4052
f 4060/4060/4060 4050/4050/4050 4004/4004/4004
f 4061/4061/4061 4004/4004/4004 4009/4009/4009
f 4061/4061/4061 4060/4060/4060 4004/4004/4004
f 4062/4062/4062 4052/4052/4052 4061/4061/4061
f 4016/4016/4016 4062/4062/4062 4014/4014/4014
f 4063/4063/4063 4054/4054/4054 4062/4062/4062
f 4064/4064/4064 3725/3725/3725 3979/3979/3979
f 3974/3974/3974 3979/3979/3979 3969/3969/3969
f 4064/4064/4064 3979/3979/3979 4067/4067/4067
f 4074/4074/4074 4068/4068/4068 4073/4073/4073
f 4077/4077/4077 4071/4071/4071 4075/4075/4075
f 4077/4077/4077 4076/4076/4076 4071/4071/4071
f 4078/4078/4078 4076/4076/4076 4077/4077/4077
f 4081/4081/4081 4041/4041/4041 4045/4045/4045
f 4046/4046/4046 4081/4081/4081 4045/4045/4045
f 4079/4079/4079 4078/4078/4078 4086/4086/4086
f 4088/4088/4088 4079/4079/4079 4086/4086/4086
f 4083/4083/4083 4047/4047/4047 4053/4053/4053
f 4084/4084/4084 4083/4083/4083 4053/4053/4053
f 4057/4057/4057 4085/4085/4085 4055/4055/4055
f 4089/4089/4089 3776/3776/3776 4066/4066/4066
f 4090/4090/4090 4089/4089/4089 4066/4066/4066
f 4092/4092/4092 3778/3778/3778 4090/4090/4090
f 4092/4092/4092 4091/4091/4091 3778/3778/3778
f 4093/4093/4093 3780/3780/3780 4092/4092/4092
f 4094/4094/4094 3782/3782/3782 4093/4093/4093
f 4076/4076/4076 4092/4092/4092 4071/4071/4071
f 4097/4097/4097 4093/4093/4093 4076/4076/4076
f 4102/4102/4102 3858/3858/3858 3863/3863/3863
f 4101/4101/4101 4100/4100/4100 4107/4107/4107
f 4108/4108/4108 4101/4101/4101 4112/4112/4112
f 4108/4108/4108 4112/4112/4112 4118/4118/4118
f 4108/4108/4108 4115/4115/4115 4104/4104/4104
f 4118/4118/4118 4111/4111/4111 4120/4120/4120
f 4123/4123/4123 4127/4127/4127 4120/4120/4120
f 4121/4121/4121 4128/4128/4128 4129/4129/4129
f 4129/4129/4129 4124/4124/4124 4121/4121/4121
f 4131/4131/4131 4127/4127/4127 4123/4123/4123
f 4129/4129/4129 4132/4132/4132 4124/4124/4124
f 4131/4131/4131 4130/4130/4130 4137/4137/4137
f 3917/3917/3917 3916/3916/3916 4138/4138/4138
f 3917/3917/3917 4138/4138/4138 4139/4139/4139
f 3918/3918/3918 3913/3913/3913 4140/4140/4140
f 3916/3916/3916 3860/3860/3860 4106/4106/4106
f 4141/4141/4141 3920/3920/3920 4143/4143/4143
f 4143/4143/4143 3919/3919/3919 4146/4146/4146
f 4144/4144/4144 4106/4106/4106 4117/4117/4117
f 4139/4139/4139 4138/4138/4138 4148/4148/4148
f 4149/4149/4149 4143/4143/4143 4154/4154/4154
f 4147/4147/4147 4149/4149/4149 4156/4156/4156
f 4150/4150/4150 4148/4148/4148 4158/4158/4158
f 4154/4154/4154 4153/4153/4153 4163/4163/4163
f 4160/4160/4160 4158/4158/4158 4166/4166/4166
f 3940/3940/3940 3938/3938/3938 4171/4171/4171
f 4172/4172/4172 3940/3940/3940 4173/4173/4173
f 4181/4181/4181 4182/4182/4182 4184/4184/4184
f 4183/4183/4183 4181/4181/4181 4184/4184/4184
f 3444/3444/3444 3498/3498/3498 4187/4187/4187
f 4188/4188/4188 4187/4187/4187 4198/4198/4198
f 4189/4189/4189 4188/4188/4188 4198/4198/4198
f 4187/4187/4187 3509/3509/3509 4209/4209/4209
f 4198/4198/4198 4187/4187/4187 4209/4209/4209
f 4199/4199/4199 4198/4198/4198 4210/4210/4210
f 4208/4208/4208 4206/4206/4206 4207/4207/4207
f 4209/4209/4209 3509/3509/3509 4217/4217/4217
f 4215/4215/4215 4224/4224/4224 4214/4214/4214
f 4215/4215/4215 4213/4213/4213 4222/4222/4222
f 4216/4216/4216 3528/3528/3528 3514/3514/3514
f 4209/4209/4209 4217/4217/4217 4228/4228/4228
f 4218/4218/4218 4209/4209/4209 4228/4228/4228
f 4226/4226/4226 4234/4234/4234 4225/4225/4225
f 4217/4217/4217 4227/4227/4227 4236/4236/4236
f 4228/4228/4228 4217/4217/4217 4236/4236/4236
f 4229/4229/4229 4228/4228/4228 4237/4237/4237
f 4235/4235/4235 4234/4234/4234 4226/4226/4226
f 4227/4227/4227 3531/3531/3531 4246/4246/4246
f 4238/4238/4238 4237/4237/4237 4248/4248/4248
f 3531/3531/3531 3556/3556/3556 4257/4257/4257
f 4254/4254/4254 4264/4264/4264 4253/4253/4253
f 4255/4255/4255 4266/4266/4266 4245/4245/4245
f 4129/4129/4129 4136/4136/4136 4132/4132/4132
f 4131/4131/4131 4137/4137/4137 4269/4269/4269
f 4269/4269/4269 4135/4135/4135 4131/4131/4131
f 4268/4268/4268 4270/4270/4270 4133/4133/4133
f 4268/4268/4268 4274/4274/4274 4278/4278/4278
f 4271/4271/4271 4270/4270/4270 4278/4278/4278
f 4273/4273/4273 4277/4277/4277 4281/4281/4281
f 4278/4278/4278 4274/4274/4274 4282/4282/4282
f 4271/4271/4271 4278/4278/4278 4283/4283/4283
f 4288/4288/4288 4287/4287/4287 4292/4292/4292
f 4291/4291/4291 4294/4294/4294 4298/4298/4298
f 4161/4161/4161 4160/4160/4160 4304/4304/4304
f 4163/4163/4163 4162/4162/4162 4305/4305/4305
f 4164/4164/4164 4163/4163/4163 4307/4307/4307
f 4167/4167/4167 4164/4164/4164 4307/4307/4307
f 4169/4169/4169 4168/4168/4168 4308/4308/4308
f 4305/4305/4305 4161/4161/4161 4310/4310/4310
f 4310/4310/4310 4304/4304/4304 4318/4318/4318
f 4317/4317/4317 4309/4309/4309 4319/4319/4319
f 4313/4313/4313 4312/4312/4312 4321/4321/4321
f 4315/4315/4315 4313/4313/4313 4323/4323/4323
f 4321/4321/4321 4320/4320/4320 4327/4327/4327
f 4322/4322/4322 4321/4321/4321 4329/4329/4329
f 4319/4319/4319 4283/4283/4283 4331/4331/4331
f 4327/4327/4327 4326/4326/4326 4334/4334/4334
f 4335/4335/4335 4327/4327/4327 4334/4334/4334
f 4328/4328/4328 4327/4327/4327 4335/4335/4335
f 4342/4342/4342 4335/4335/4335 4341/4341/4341
f 4260/4260/4260 4259/4259/4259 4355/4355/4355
f 4264/4264/4264 4356/4356/4356 4263/4263/4263
f 4266/4266/4266 4358/4358/4358 4265/4265/4265
f 4267/4267/4267 4263/4263/4263 4356/4356/4356
f 4354/4354/4354 4258/4258/4258 4257/4257/4257
f 4363/4363/4363 4356/4356/4356 4264/4264/4264
f 4358/4358/4358 3593/3593/3593 3579/3579/3579
f 4366/4366/4366 4359/4359/4359 4267/4267/4267
f 4365/4365/4365 4373/4373/4373 4358/4358/4358
f 4366/4366/4366 4356/4356/4356 4371/4371/4371
f 4384/4384/4384 4372/4372/4372 4364/4364/4364
f 3629/3629/3629 4380/4380/4380 3628/3628/3628
f 4373/4373/4373 3629/3629/3629 3618/3618/3618
f 4382/4382/4382 4381/4381/4381 4385/4385/4385
f 4397/4397/4397 4383/4383/4383 4372/4372/4372
f 4404/4404/4404 4400/4400/4400 4399/4399/4399
f 4410/4410/4410 4404/4404/4404 4409/4409/4409
f 4427/4427/4427 4431/4431/4431 4426/4426/4426
f 4430/4430/4430 4434/4434/4434 4429/4429/4429
f 4438/4438/4438 4436/4436/4436 4435/4435/4435
f 4432/4432/4432 4438/4438/4438 4431/4431/4431
f 4439/4439/4439 4437/4437/4437 4436/4436/4436
f 4436/4436/4436 4440/4440/4440 4435/4435/4435
f 4441/4441/4441 3083/3083/3083 3082/3082/3082
f 4437/4437/4437 4441/4441/4441 4436/4436/4436
f 4443/4443/4443 4452/4452/4452 4442/4442/4442
f 4459/4459/4459 4449/4449/4449 4450/4450/4450
f 4460/4460/4460 4471/4471/4471 4459/4459/4459
f 4462/4462/4462 4473/4473/4473 4461/4461/4461
f 4478/4478/4478 4475/4475/4475 4474/4474/4474
f 4464/4464/4464 4478/4478/4478 4463/4463/4463
f 4484/4484/4484 4483/4483/4483 4482/4482/4482
f 4489/4489/4489 3131/3131/3131 3130/3130/3130
f 4504/4504/4504 4503/4503/4503 4502/4502/4502
f 4507/4507/4507 4506/4506/4506 4505/4505/4505
f 4503/4503/4503 4511/4511/4511 4501/4501/4501
f 4515/4515/4515 4514/4514/4514 4506/4506/4506
f 4516/4516/4516 4506/4506/4506 4507/4507/4507
f 4516/4516/4516 4507/4507/4507 4508/4508/4508
f 4512/4512/4512 3143/3143/3143 3141/3141/3141
f 4515/4515/4515 4519/4519/4519 4514/4514/4514
f 4523/4523/4523 3143/3143/3143 4512/4512/4512
f 4528/4528/4528 4518/4518/4518 4520/4520/4520
f 4462/4462/4462 4451/4451/4451 4533/4533/4533
f 4534/4534/4534 4535/4535/4535 4533/4533/4533
f 1955/1955/1955 4539/4539/4539 1907/1907/1907
f 1956/1956/1956 4540/4540/4540 1955/1955/1955
f 1960/1960/1960 4543/4543/4543 1959/1959/1959
f 4539/4539/4539 4535/4535/4535 4534/4534/4534
f 4541/4541/4541 4546/4546/4546 4540/4540/4540
f 4547/4547/4547 4541/4541/4541 4542/4542/4542
f 4549/4549/4549 4542/4542/4542 4543/4543/4543
f 4550/4550/4550 4543/4543/4543 1960/1960/1960
f 4552/4552/4552 4535/4535/4535 4545/4545/4545
f 4548/4548/4548 4555/4555/4555 4547/4547/4547
f 4550/4550/4550 4556/4556/4556 4549/4549/4549
f 4562/4562/4562 4555/4555/4555 4548/4548/4548
f 4562/4562/4562 4570/4570/4570 4561/4561/4561
f 4563/4563/4563 4570/4570/4570 4562/4562/4562
f 4565/4565/4565 4572/4572/4572 4564/4564/4564
f 4574/4574/4574 4566/4566/4566 4567/4567/4567
f 4569/4569/4569 4576/4576/4576 4568/4568/4568
f 4563/4563/4563 4578/4578/4578 4570/4570/4570
f 4571/4571/4571 4578/4578/4578 4563/4563/4563
f 4573/4573/4573 4522/4522/4522 4521/4521/4521
f 4584/4584/4584 4583/4583/4583 4582/4582/4582
f 4577/4577/4577 4584/4584/4584 4576/4576/4576
f 4571/4571/4571 4587/4587/4587 4578/4578/4578
f 4579/4579/4579 4587/4587/4587 4571/4571/4571
f 4590/4590/4590 4589/4589/4589 4588/4588/4588
f 4583/4583/4583 4590/4590/4590 4582/4582/4582
f 4586/4586/4586 4593/4593/4593 4585/4585/4585
f 4595/4595/4595 4600/4600/4600 4544/4544/4544
f 4596/4596/4596 4601/4601/4601 4595/4595/4595
f 4602/4602/4602 4596/4596/4596 4597/4597/4597
f 4598/4598/4598 4597/4597/4597 4594/4594/4594
f 4598/4598/4598 4594/4594/4594 4599/4599/4599
f 4605/4605/4605 4598/4598/4598 4599/4599/4599
f 4609/4609/4609 4604/4604/4604 4608/4608/4608
f 4609/4609/4609 4602/4602/4602 4598/4598/4598
f 4609/4609/4609 4598/4598/4598 4605/4605/4605
f 4603/4603/4603 4565/4565/4565 4557/4557/4557
f 4610/4610/4610 4603/4603/4603 4606/4606/4606
f 4607/4607/4607 4610/4610/4610 4606/4606/4606
f 4615/4615/4615 4607/4607/4607 4608/4608/4608
f 4617/4617/4617 4565/4565/4565 4610/4610/4610
f 4611/4611/4611 4617/4617/4617 4610/4610/4610
f 4618/4618/4618 4612/4612/4612 4613/4613/4613
f 4580/4580/4580 4620/4620/4620 4579/4579/4579
f 4617/4617/4617 4580/4580/4580 4572/4572/4572
f 4611/4611/4611 4627/4627/4627 4617/4617/4617
f 4628/4628/4628 4612/4612/4612 4618/4618/4618
f 4629/4629/4629 4618/4618/4618 4619/4619/4619
f 4625/4625/4625 4631/4631/4631 4624/4624/4624
f 4634/4634/4634 4625/4625/4625 4626/4626/4626
f 4641/4641/4641 4623/4623/4623 4624/4624/4624
f 4645/4645/4645 2057/2057/2057 2058/2058/2058
f 4647/4647/4647 4646/4646/4646 4645/4645/4645
f 4647/4647/4647 2058/2058/2058 2059/2059/2059
f 4599/4599/4599 4594/4594/4594 4642/4642/4642
f 4646/4646/4646 4652/4652/4652 4645/4645/4645
f 4648/4648/4648 4646/4646/4646 4647/4647/4647
f 4649/4649/4649 4655/4655/4655 4599/4599/4599
f 4652/4652/4652 4657/4657/4657 4651/4651/4651
f 4658/4658/4658 4652/4652/4652 4646/4646/4646
f 4664/4664/4664 4663/4663/4663 4662/4662/4662
f 4657/4657/4657 4664/4664/4664 4656/4656/4656
f 4663/4663/4663 4657/4657/4657 4658/4658/4658
f 4659/4659/4659 4665/4665/4665 4658/4658/4658
f 4668/4668/4668 4660/4660/4660 4661/4661/4661
f 4619/4619/4619 4614/4614/4614 4660/4660/4660
f 4619/4619/4619 4660/4660/4660 4668/4668/4668
f 4665/4665/4665 4671/4671/4671 4663/4663/4663
f 4677/4677/4677 4676/4676/4676 4675/4675/4675
f 4670/4670/4670 4677/4677/4677 4669/4669/4669
f 4679/4679/4679 4670/4670/4670 4671/4671/4671
f 4682/4682/4682 4681/4681/4681 4685/4685/4685
f 4634/4634/4634 4626/4626/4626 4673/4673/4673
f 4634/4634/4634 4673/4673/4673 4685/4685/4685
f 4676/4676/4676 4687/4687/4687 4686/4686/4686
f 4692/4692/4692 4681/4681/4681 4682/4682/4682
f 4692/4692/4692 4691/4691/4691 4894/4894/4894
f 4684/4684/4684 4691/4691/4691 4683/4683/4683
f 4681/4681/4681 4636/4636/4636 4640/4640/4640
f 4693/4693/4693 4684/4684/4684 4686/4686/4686
f 4687/4687/4687 4693/4693/4693 4686/4686/4686
f 4697/4697/4697 2085/2085/2085 2086/2086/2086
f 4695/4695/4695 4698/4698/4698 4648/4648/4648
f 4700/4700/4700 4696/4696/4696 4697/4697/4697
f 4698/4698/4698 4659/4659/4659 4646/4646/4646
f 4699/4699/4699 4659/4659/4659 4698/4698/4698
f 4700/4700/4700 4699/4699/4699 4698/4698/4698
f 4701/4701/4701 4704/4704/4704 4699/4699/4699
f 4706/4706/4706 4701/4701/4701 4702/4702/4702
f 4672/4672/4672 4707/4707/4707 4671/4671/4671
f 4703/4703/4703 4672/4672/4672 4665/4665/4665
f 4672/4672/4672 4703/4703/4703 4704/4704/4704
f 4705/4705/4705 4708/4708/4708 4704/4704/4704
f 4705/4705/4705 4709/4709/4709 4708/4708/4708
f 4707/4707/4707 4680/4680/4680 4671/4671/4671
f 4711/4711/4711 4710/4710/4710 4680/4680/4680
f 4708/4708/4708 4711/4711/4711 4672/4672/4672
f 4689/4689/4689 4714/4714/4714 4688/4688/4688
f 4713/4713/4713 4717/4717/4717 4712/4712/4712
f 4687/4687/4687 4718/4718/4718 4694/4694/4694
f 4724/4724/4724 4723/4723/4723 4697/4697/4697
f 4724/4724/4724 2086/2086/2086 2119/2119/2119
f 4702/4702/4702 4700/4700/4700 4727/4727/4727
f 4728/4728/4728 4702/4702/4702 4727/4727/4727
f 4730/4730/4730 4743/4743/4743 4729/4729/4729
f 4740/4740/4740 4730/4730/4730 4733/4733/4733
f 4740/4740/4740 4737/4737/4737 4730/4730/4730
f 4734/4734/4734 4740/4740/4740 4733/4733/4733
f 4741/4741/4741 4739/4739/4739 4738/4738/4738
f 4736/4736/4736 4741/4741/4741 4735/4735/4735
f 4737/4737/4737 4744/4744/4744 4730/4730/4730
f 4739/4739/4739 4745/4745/4745 4738/4738/4738
f 4748/4748/4748 4706/4706/4706 4743/4743/4743
f 4745/4745/4745 4752/4752/4752 4744/4744/4744
f 4749/4749/4749 4745/4745/4745 4746/4746/4746
f 4753/4753/4753 4750/4750/4750 4752/4752/4752
f 4745/4745/4745 4753/4753/4753 4752/4752/4752
f 4753/4753/4753 4745/4745/4745 4749/4749/4749
f 4717/4717/4717 4754/4754/4754 4716/4716/4716
f 4751/4751/4751 4756/4756/4756 4750/4750/4750
f 4754/4754/4754 4722/4722/4722 4716/4716/4716
f 4754/4754/4754 4757/4757/4757 4722/4722/4722
f 2153/2153/2153 4764/4764/4764 2150/2150/2150
f 4771/4771/4771 4770/4770/4770 4769/4769/4769
f 4777/4777/4777 4736/4736/4736 4735/4735/4735
f 4779/4779/4779 4763/4763/4763 4765/4765/4765
f 4782/4782/4782 4781/4781/4781 4785/4785/4785
f 4783/4783/4783 4765/4765/4765 4767/4767/4767
f 4786/4786/4786 4785/4785/4785 4790/4790/4790
f 4792/4792/4792 4791/4791/4791 4786/4786/4786
f 4792/4792/4792 4790/4790/4790 4794/4794/4794
f 4797/4797/4797 4796/4796/4796 4778/4778/4778
f 4797/4797/4797 4781/4781/4781 4782/4782/4782
f 4798/4798/4798 4774/4774/4774 4773/4773/4773
f 4802/4802/4802 4801/4801/4801 4800/4800/4800
f 4807/4807/4807 4806/4806/4806 4805/4805/4805
f 4523/4523/4523 3265/3265/3265 3143/3143/3143
f 4809/4809/4809 3265/3265/3265 4523/4523/4523
f 4818/4818/4818 3266/3266/3266 4809/4809/4809
f 4822/4822/4822 4812/4812/4812 4813/4813/4813
f 4822/4822/4822 4821/4821/4821 4812/4812/4812
f 4824/4824/4824 4823/4823/4823 4822/4822/4822
f 4829/4829/4829 4827/4827/4827 4826/4826/4826
f 4817/4817/4817 4829/4829/4829 4816/4816/4816
f 4830/4830/4830 4828/4828/4828 4827/4827/4827
f 4818/4818/4818 3278/3278/3278 3275/3275/3275
f 4831/4831/4831 3278/3278/3278 4818/4818/4818
f 4834/4834/4834 4819/4819/4819 4820/4820/4820
f 4835/4835/4835 4833/4833/4833 4834/4834/4834
f 4837/4837/4837 4835/4835/4835 4834/4834/4834
f 4836/4836/4836 4821/4821/4821 4823/4823/4823
f 4828/4828/4828 4842/4842/4842 4827/4827/4827
f 4854/4854/4854 3311/3311/3311 3314/3314/3314
f 4858/4858/4858 4857/4857/4857 4856/4856/4856
f 4865/4865/4865 4861/4861/4861 4840/4840/4840
f 4867/4867/4867 4862/4862/4862 4866/4866/4866
f 4871/4871/4871 4867/4867/4867 4866/4866/4866
f 4869/4869/4869 4868/4868/4868 4872/4872/4872
f 4850/4850/4850 4874/4874/4874 4849/4849/4849
f 4875/4875/4875 4851/4851/4851 4852/4852/4852
f 4875/4875/4875 4852/4852/4852 4853/4853/4853
f 4876/4876/4876 3316/3316/3316 4843/4843/4843
f 4877/4877/4877 3317/3317/3317 4876/4876/4876
f 4877/4877/4877 3314/3314/3314 3317/3317/3317
f 4854/4854/4854 3314/3314/3314 4878/4878/4878
f 4879/4879/4879 4843/4843/4843 4844/4844/4844
f 4879/4879/4879 4876/4876/4876 4843/4843/4843
f 4880/4880/4880 4876/4876/4876 4879/4879/4879
f 4883/4883/4883 4879/4879/4879 4845/4845/4845
f 4883/4883/4883 4880/4880/4880 4879/4879/4879
f 4887/4887/4887 4884/4884/4884 4883/4883/4883
f 4888/4888/4888 4884/4884/4884 4887/4887/4887
f 4890/4890/4890 4886/4886/4886 4846/4846/4846
f 4861/4861/4861 4890/4890/4890 4840/4840/4840
f 4892/4892/4892 4862/4862/4862 4863/4863/4863
f 4866/4866/4866 4862/4862/4862 4891/4891/4891
f 4900/4900/4900 4899/4899/4899 4898/4898/4898
f 4893/4893/4893 4847/4847/4847 4853/4853/4853
f 4901/4901/4901 4893/4893/4893 4894/4894/4894
f 4906/4906/4906 4905/4905/4905 4904/4904/4904
f 4912/4912/4912 4909/4909/4909 4908/4908/4908
f 4913/4913/4913 4911/4911/4911 4910/4910/4910
f 4915/4915/4915 4914/4914/4914 4913/4913/4913
f 4918/4918/4918 4916/4916/4916 4915/4915/4915
f 4903/4903/4903 4920/4920/4920 4902/4902/4902
f 4920/4920/4920 4919/4919/4919 4918/4918/4918
f 4905/4905/4905 4921/4921/4921 4904/4904/4904
f 4923/4923/4923 4922/4922/4922 4921/4921/4921
f 4924/4924/4924 4905/4905/4905 4907/4907/4907
f 4925/4925/4925 4923/4923/4923 4924/4924/4924
f 4926/4926/4926 4924/4924/4924 4910/4910/4910
f 4911/4911/4911 4926/4926/4926 4910/4910/4910
f 4926/4926/4926 4925/4925/4925 4924/4924/4924
f 4914/4914/4914 4911/4911/4911 4913/4913/4913
f 4916/4916/4916 4914/4914/4914 4915/4915/4915
f 4919/4919/4919 4916/4916/4916 4918/4918/4918
f 4932/4932/4932 4925/4925/4925 4926/4926/4926
f 4927/4927/4927 4932/4932/4932 4926/4926/4926
f 4933/4933/4933 4927/4927/4927 4928/4928/4928
f 4938/4938/4938 4937/4937/4937 4936/4936/4936
f 4930/4930/4930 4941/4941/4941 4929/4929/4929
f 4943/4943/4943 4942/4942/4942 4931/4931/4931
f 4933/4933/4933 4943/4943/4943 4927/4927/4927
f 4937/4937/4937 4948/4948/4948 4936/4936/4936
f 4940/4940/4940 4950/4950/4950 4939/4939/4939
f 4951/4951/4951 3375/3375/3375 4941/4941/4941
f 4951/4951/4951 3396/3396/3396 3375/3375/3375
f 4953/4953/4953 4941/4941/4941 4930/4930/4930
f 4953/4953/4953 4951/4951/4951 4941/4941/4941
f 4955/4955/4955 4951/4951/4951 4954/4954/4954
f 4960/4960/4960 4943/4943/4943 4944/4944/4944
f 4960/4960/4960 4958/4958/4958 4943/4943/4943
f 4960/4960/4960 4959/4959/4959 4958/4958/4958
f 4964/4964/4964 4963/4963/4963 4947/4947/4947
f 4950/4950/4950 4964/4964/4964 4949/4949/4949
f 4962/4962/4962 4950/4950/4950 4940/4940/4940
f 4967/4967/4967 4966/4966/4966 4965/4965/4965
f 4952/4952/4952 3437/3437/3437 3396/3396/3396
f 4957/4957/4957 4968/4968/4968 4955/4955/4955
f 4959/4959/4959 4969/4969/4969 4957/4957/4957
f 4972/4972/4972 4959/4959/4959 4960/4960/4960
f 4973/4973/4973 4971/4971/4971 4959/4959/4959
f 4961/4961/4961 4972/4972/4972 4960/4960/4960
f 4974/4974/4974 4973/4973/4973 4972/4972/4972
f 4975/4975/4975 4973/4973/4973 4974/4974/4974
f 4976/4976/4976 4975/4975/4975 4974/4974/4974
f 4966/4966/4966 4976/4976/4976 4965/4965/4965
f 4977/4977/4977 3461/3461/3461 3457/3457/3457
f 4968/4968/4968 4977/4977/4977 4952/4952/4952
f 4980/4980/4980 4968/4968/4968 4969/4969/4969
f 4980/4980/4980 4977/4977/4977 4968/4968/4968
f 4970/4970/4970 4980/4980/4980 4969/4969/4969
f 4589/4589/4589 4982/4982/4982 4588/4588/4588
f 4985/4985/4985 4984/4984/4984 4983/4983/4983
f 4984/4984/4984 4986/4986/4986 4983/4983/4983
f 4993/4993/4993 4638/4638/4638 4639/4639/4639
f 4994/4994/4994 4639/4639/4639 4635/4635/4635
f 4994/4994/4994 4635/4635/4635 4992/4992/4992
f 4849/4849/4849 4848/4848/4848 4995/4995/4995
f 4852/4852/4852 4851/4851/4851 4996/4996/4996
f 4998/4998/4998 4849/4849/4849 4995/4995/4995
f 4991/4991/4991 4998/4998/4998 4990/4990/4990
f 4996/4996/4996 4991/4991/4991 4992/4992/4992
f 4894/4894/4894 4893/4893/4893 4690/4690/4690
f 4999/4999/4999 4896/4896/4896 4895/4895/4895
f 4690/4690/4690 4989/4989/4989 4636/4636/4636
f 4690/4690/4690 4636/4636/4636 4681/4681/4681
f 5001/5001/5001 5000/5000/5000 4896/4896/4896
f 4694/4694/4694 5004/5004/5004 4693/4693/4693
f 5004/5004/5004 5003/5003/5003 5002/5002/5002
f 4893/4893/4893 4853/4853/4853 4997/4997/4997
f 5005/5005/5005 4903/4903/4903 4902/4902/4902
f 5006/5006/5006 4903/4903/4903 5005/5005/5005
f 5010/5010/5010 5009/5009/5009 5008/5008/5008
f 4719/4719/4719 5010/5010/5010 4718/4718/4718
f 4720/4720/4720 5010/5010/5010 4719/4719/4719
f 4722/4722/4722 5012/5012/5012 4721/4721/4721
f 5014/5014/5014 5013/5013/5013 5007/5007/5007
f 5009/5009/5009 5014/5014/5014 5008/5008/5008
f 5011/5011/5011 5016/5016/5016 5010/5010/5010
f 5013/5013/5013 5018/5018/5018 5007/5007/5007
f 5020/5020/5020 5019/5019/5019 5018/5018/5018
f 4938/4938/4938 4934/4934/4934 5017/5017/5017
f 5018/5018/5018 4938/4938/4938 5017/5017/5017
f 5023/5023/5023 4939/4939/4939 4938/4938/4938
f 5023/5023/5023 5018/5018/5018 5019/5019/5019
f 5012/5012/5012 5025/5025/5025 5011/5011/5011
f 5027/5027/5027 5025/5025/5025 5012/5012/5012
f 5028/5028/5028 5026/5026/5026 5027/5027/5027
f 5016/5016/5016 5029/5029/5029 5015/5015/5015
f 5025/5025/5025 5016/5016/5016 5011/5011/5011
f 5031/5031/5031 5029/5029/5029 5016/5016/5016
f 5026/5026/5026 5031/5031/5031 5025/5025/5025
f 5032/5032/5032 5030/5030/5030 5031/5031/5031
f 5029/5029/5029 5022/5022/5022 5015/5015/5015
f 5022/5022/5022 5033/5033/5033 5021/5021/5021
f 5035/5035/5035 5034/5034/5034 5033/5033/5033
f 5024/5024/5024 4962/4962/4962 4940/4940/4940
f 5051/5051/5051 5046/5046/5046 5045/5045/5045
f 5051/5051/5051 5045/5045/5045 5049/5049/5049
f 5054/5054/5054 5048/5048/5048 5049/5049/5049
f 5048/5048/5048 5054/5054/5054 5055/5055/5055
f 5060/5060/5060 5053/5053/5053 5052/5052/5052
f 5060/5060/5060 5052/5052/5052 5058/5058/5058
f 5068/5068/5068 5066/5066/5066 5067/5067/5067
f 5057/5057/5057 5069/5069/5069 5070/5070/5070
f 5073/5073/5073 5071/5071/5071 5072/5072/5072
f 5073/5073/5073 5062/5062/5062 5063/5063/5063
f 5067/5067/5067 5078/5078/5078 5079/5079/5079
f 5067/5067/5067 5066/5066/5066 5078/5078/5078
f 5082/5082/5082 5079/5079/5079 5081/5081/5081
f 5086/5086/5086 5071/5071/5071 5059/5059/5059
f 5096/5096/5096 5087/5087/5087 5088/5088/5088
f 5089/5089/5089 5096/5096/5096 5088/5088/5088
f 5097/5097/5097 5089/5089/5089 5090/5090/5090
f 5104/5104/5104 5096/5096/5096 5097/5097/5097
f 5105/5105/5105 5100/5100/5100 5104/5104/5104
f 5105/5105/5105 5097/5097/5097 5098/5098/5098
f 5115/5115/5115 5109/5109/5109 5114/5114/5114
f 5124/5124/5124 5109/5109/5109 5110/5110/5110
f 5124/5124/5124 5110/5110/5110 5111/5111/5111
f 5134/5134/5134 5116/5116/5116 5117/5117/5117
f 5135/5135/5135 5117/5117/5117 5118/5118/5118
f 5138/5138/5138 5133/5133/5133 5137/5137/5137
f 5138/5138/5138 5116/5116/5116 5134/5134/5134
f 5151/5151/5151 5066/5066/5066 5068/5068/5068
f 5181/5181/5181 5169/5169/5169 5170/5170/5170
f 5178/5178/5178 5177/5177/5177 5181/5181/5181
f 5182/5182/5182 5171/5171/5171 5172/5172/5172
f 5183/5183/5183 5172/5172/5172 5169/5169/5169
f 5183/5183/5183 5169/5169/5169 5181/5181/5181
f 5098/5098/5098 5090/5090/5090 5171/5171/5171
f 5098/5098/5098 5171/5171/5171 5182/5182/5182
f 5176/5176/5176 5173/5173/5173 5185/5185/5185
f 5191/5191/5191 5180/5180/5180 5181/5181/5181
f 5101/5101/5101 5094/5094/5094 5182/5182/5182
f 5193/5193/5193 5190/5190/5190 5101/5101/5101
f 5193/5193/5193 5182/5182/5182 5183/5183/5183
f 5194/5194/5194 5184/5184/5184 5185/5185/5185
f 5189/5189/5189 5195/5195/5195 5201/5201/5201
f 5189/5189/5189 5186/5186/5186 5195/5195/5195
f 5198/5198/5198 5208/5208/5208 5197/5197/5197
f 5209/5209/5209 5205/5205/5205 5200/5200/5200
f 5209/5209/5209 5200/5200/5200 5201/5201/5201
f 5107/5107/5107 5118/5118/5118 5106/5106/5106
f 5212/5212/5212 5204/5204/5204 5205/5205/5205
f 5198/5198/5198 5216/5216/5216 5208/5208/5208
f 5214/5214/5214 5219/5219/5219 5213/5213/5213
f 5215/5215/5215 5225/5225/5225 5214/5214/5214
f 5221/5221/5221 5210/5210/5210 5222/5222/5222
f 2675/2675/2675 2673/2673/2673 5226/5226/5226
f 2675/2675/2675 5226/5226/5226 5230/5230/5230
f 5233/5233/5233 5236/5236/5236 5232/5232/5232
f 5235/5235/5235 5237/5237/5237 5234/5234/5234
f 5240/5240/5240 5241/5241/5241 5237/5237/5237
f 5251/5251/5251 5246/5246/5246 5250/5250/5250
f 5247/5247/5247 4747/4747/4747 4742/4742/4742
f 4747/4747/4747 5252/5252/5252 4746/4746/4746
f 5256/5256/5256 5252/5252/5252 4747/4747/4747
f 5252/5252/5252 4749/4749/4749 4746/4746/4746
f 5258/5258/5258 5252/5252/5252 5253/5253/5253
f 5255/5255/5255 5259/5259/5259 5254/5254/5254
f 5262/5262/5262 4751/4751/4751 4753/4753/4753
f 5262/5262/5262 5260/5260/5260 4751/4751/4751
f 5262/5262/5262 4749/4749/4749 5258/5258/5258
f 5264/5264/5264 4751/4751/4751 5260/5260/5260
f 5264/5264/5264 4759/4759/4759 4756/4756/4756
f 5265/5265/5265 5268/5268/5268 5267/5267/5267
f 5263/5263/5263 5268/5268/5268 5265/5265/5265
f 5278/5278/5278 5270/5270/5270 5271/5271/5271
f 5277/5277/5277 5274/5274/5274 5270/5270/5270
f 5277/5277/5277 5270/5270/5270 5278/5278/5278
f 5291/5291/5291 5285/5285/5285 5290/5290/5290
f 5291/5291/5291 5277/5277/5277 5285/5285/5285
f 5292/5292/5292 5282/5282/5282 5283/5283/5283
f 5255/5255/5255 5246/5246/5246 5287/5287/5287
f 5255/5255/5255 5287/5287/5287 5288/5288/5288
f 5294/5294/5294 5293/5293/5293 5297/5297/5297
f 5294/5294/5294 5289/5289/5289 5290/5290/5290
f 5293/5293/5293 5294/5294/5294 5295/5295/5295
f 5296/5296/5296 5300/5300/5300 5295/5295/5295
f 5293/5293/5293 5255/5255/5255 5297/5297/5297
f 5261/5261/5261 5259/5259/5259 5299/5299/5299
f 5298/5298/5298 5301/5301/5301 5299/5299/5299
f 5307/5307/5307 5303/5303/5303 5306/5306/5306
f 5305/5305/5305 5304/5304/5304 5266/5266/5266
f 5269/5269/5269 5263/5263/5263 5304/5304/5304
f 5306/5306/5306 5303/5303/5303 5311/5311/5311
f 5314/5314/5314 5315/5315/5315 5313/5313/5313
f 5318/5318/5318 5316/5316/5316 5350/5350/5350
f 5322/5322/5322 5316/5316/5316 5318/5318/5318
f 5286/5286/5286 5278/5278/5278 5317/5317/5317
f 5323/5323/5323 5317/5317/5317 5315/5315/5315
f 5323/5323/5323 5315/5315/5315 5321/5321/5321
f 5326/5326/5326 5320/5320/5320 5321/5321/5321
f 5319/5319/5319 5325/5325/5325 5326/5326/5326
f 5319/5319/5319 5321/5321/5321 5322/5322/5322
f 5320/5320/5320 5286/5286/5286 5323/5323/5323
f 5330/5330/5330 5327/5327/5327 5329/5329/5329
f 5330/5330/5330 5324/5324/5324 5358/5358/5358
f 5300/5300/5300 5296/5296/5296 5320/5320/5320
f 5361/5361/5361 5332/5332/5332 5333/5333/5333
f 5327/5327/5327 5333/5333/5333 5334/5334/5334
f 5302/5302/5302 5298/5298/5298 5331/5331/5331
f 5335/5335/5335 5334/5334/5334 5302/5302/5302
f 5335/5335/5335 5331/5331/5331 5328/5328/5328
f 5335/5335/5335 5328/5328/5328 5334/5334/5334
f 5332/5332/5332 5337/5337/5337 5340/5340/5340
f 5344/5344/5344 5337/5337/5337 5338/5338/5338
f 5337/5337/5337 5343/5343/5343 5345/5345/5345
f 5339/5339/5339 5308/5308/5308 5311/5311/5311
f 5339/5339/5339 5303/5303/5303 5341/5341/5341
f 2794/2794/2794 5346/5346/5346 2795/2795/2795
f 5346/5346/5346 2794/2794/2794 5041/5041/5041
f 5347/5347/5347 2795/2795/2795 5346/5346/5346
f 5351/5351/5351 5312/5312/5312 5347/5347/5347
f 5352/5352/5352 5349/5349/5349 5348/5348/5348
f 5318/5318/5318 5350/5350/5350 5351/5351/5351
f 5353/5353/5353 5351/5351/5351 5349/5349/5349
f 5353/5353/5353 5349/5349/5349 5352/5352/5352
f 5355/5355/5355 5352/5352/5352 5046/5046/5046
f 5355/5355/5355 5046/5046/5046 5051/5051/5051
f 5356/5356/5356 5318/5318/5318 5353/5353/5353
f 5050/5050/5050 5354/5354/5354 5355/5355/5355
f 5357/5357/5357 5356/5356/5356 5354/5354/5354
f 5358/5358/5358 5324/5324/5324 5356/5356/5356
f 5360/5360/5360 5062/5062/5062 5359/5359/5359
f 5360/5360/5360 5357/5357/5357 5050/5050/5050
f 5359/5359/5359 5358/5358/5358 5357/5357/5357
f 5362/5362/5362 5336/5336/5336 5338/5338/5338
f 5362/5362/5362 5361/5361/5361 5359/5359/5359
f 5362/5362/5362 5359/5359/5359 5336/5336/5336
f 5072/5072/5072 5040/5040/5040 5342/5342/5342
f 5373/5373/5373 5368/5368/5368 5372/5372/5372
f 4795/4795/4795 5369/5369/5369 4791/4791/4791
f 5375/5375/5375 5370/5370/5370 5391/5391/5391
f 5377/5377/5377 5374/5374/5374 5376/5376/5376
f 4796/4796/4796 5247/5247/5247 4742/4742/4742
f 5379/5379/5379 5248/5248/5248 5378/5378/5378
f 5380/5380/5380 5249/5249/5249 5379/5379/5379
f 5382/5382/5382 4796/4796/4796 4797/4797/4797
f 5383/5383/5383 5378/5378/5378 5382/5382/5382
f 5386/5386/5386 5380/5380/5380 5385/5385/5385
f 4787/4787/4787 5382/5382/5382 4797/4797/4797
f 5388/5388/5388 5383/5383/5383 5382/5382/5382
f 5386/5386/5386 5385/5385/5385 5390/5390/5390
f 5367/5367/5367 5388/5388/5388 4787/4787/4787
f 5364/5364/5364 5386/5386/5386 5365/5365/5365
f 5364/5364/5364 5365/5365/5365 5366/5366/5366
f 5365/5365/5365 5390/5390/5390 5368/5368/5368
f 5392/5392/5392 5371/5371/5371 5372/5372/5372
f 5396/5396/5396 2848/2848/2848 5394/5394/5394
f 5396/5396/5396 5395/5395/5395 5397/5397/5397
f 5401/5401/5401 5398/5398/5398 5403/5403/5403
f 5410/5410/5410 5407/5407/5407 5363/5363/5363
f 5409/5409/5409 5408/5408/5408 5411/5411/5411
f 5412/5412/5412 5363/5363/5363 5364/5364/5364
f 5411/5411/5411 5410/5410/5410 5413/5413/5413
f 5414/5414/5414 5411/5411/5411 5415/5415/5415
f 5363/5363/5363 5381/5381/5381 5387/5387/5387
f 5363/5363/5363 5407/5407/5407 5381/5381/5381
f 5434/5434/5434 5426/5426/5426 5433/5433/5433
f 5437/5437/5437 5430/5430/5430 5429/5429/5429
f 5437/5437/5437 2889/2889/2889 2890/2890/2890
f 4806/4806/4806 5369/5369/5369 4795/4795/4795
f 4806/4806/4806 5375/5375/5375 5369/5369/5369
f 4808/4808/4808 5445/5445/5445 4807/4807/4807
f 5428/5428/5428 4808/4808/4808 4803/4803/4803
f 5431/5431/5431 5453/5453/5453 5430/5430/5430
f 5454/5454/5454 5432/5432/5432 5433/5433/5433
f 5464/5464/5464 5461/5461/5461 5463/5463/5463
f 5465/5465/5465 5462/5462/5462 5464/5464/5464
f 5466/5466/5466 5463/5463/5463 4966/4966/4966
f 5464/5464/5464 5463/5463/5463 5466/5466/5466
f 5464/5464/5464 5459/5459/5459 5460/5460/5460
f 5472/5472/5472 5469/5469/5469 5471/5471/5471
f 5462/5462/5462 5476/5476/5476 5478/5478/5478
f 5462/5462/5462 5478/5478/5478 5461/5461/5461
f 4976/4976/4976 5477/5477/5477 4975/4975/4975
f 5479/5479/5479 5477/5477/5477 4976/4976/4976
f 5480/5480/5480 3462/3462/3462 4978/4978/4978
f 5467/5467/5467 4030/4030/4030 5480/5480/5480
f 4970/4970/4970 4971/4971/4971 5473/5473/5473
f 5490/5490/5490 5487/5487/5487 5489/5489/5489
f 5490/5490/5490 5482/5482/5482 5481/5481/5481
f 5490/5490/5490 5481/5481/5481 5488/5488/5488
f 5499/5499/5499 5495/5495/5495 5498/5498/5498
f 5465/5465/5465 5486/5486/5486 5487/5487/5487
f 5484/5484/5484 5501/5501/5501 5465/5465/5465
f 5486/5486/5486 5460/5460/5460 5489/5489/5489
f 5503/5503/5503 5470/5470/5470 5472/5472/5472
f 5495/5495/5495 5502/5502/5502 5503/5503/5503
f 5498/5498/5498 5503/5503/5503 5504/5504/5504
f 5514/5514/5514 5506/5506/5506 5507/5507/5507
f 5508/5508/5508 5517/5517/5517 5519/5519/5519
f 5508/5508/5508 5519/5519/5519 5509/5509/5509
f 5511/5511/5511 5520/5520/5520 5521/5521/5521
f 5522/5522/5522 5513/5513/5513 5514/5514/5514
f 5516/5516/5516 5524/5524/5524 5525/5525/5525
f 5517/5517/5517 5516/5516/5516 5525/5525/5525
f 5488/5488/5488 5481/5481/5481 5521/5521/5521
f 5525/5525/5525 5492/5492/5492 5494/5494/5494
f 5525/5525/5525 5523/5523/5523 5492/5492/5492
f 5483/5483/5483 5527/5527/5527 5499/5499/5499
f 5079/5079/5079 5532/5532/5532 5533/5533/5533
f 5079/5079/5079 5078/5078/5078 5532/5532/5532
f 5081/5081/5081 5533/5533/5533 5534/5534/5534
f 5083/5083/5083 5534/5534/5534 5535/5535/5535
f 5080/5080/5080 5534/5534/5534 5083/5083/5083
f 5536/5536/5536 5535/5535/5535 5505/5505/5505
f 5536/5536/5536 5085/5085/5085 5086/5086/5086
f 5540/5540/5540 5538/5538/5538 5539/5539/5539
f 5533/5533/5533 5539/5539/5539 5508/5508/5508
f 5533/5533/5533 5532/5532/5532 5540/5540/5540
f 5534/5534/5534 5508/5508/5508 5509/5509/5509
f 5550/5550/5550 5545/5545/5545 5165/5165/5165
f 5546/5546/5546 4113/4113/4113 4109/4109/4109
f 5551/5551/5551 5546/5546/5546 5547/5547/5547
f 5548/5548/5548 5551/5551/5551 5547/5547/5547
f 5552/5552/5552 5549/5549/5549 5544/5544/5544
f 5553/5553/5553 5550/5550/5550 5166/5166/5166
f 5554/5554/5554 4122/4122/4122 4113/4113/4113
f 5560/5560/5560 5555/5555/5555 5556/5556/5556
f 5561/5561/5561 5559/5559/5559 5550/5550/5550
f 5562/5562/5562 4122/4122/4122 5554/5554/5554
f 5564/5564/5564 5560/5560/5560 5557/5557/5557
f 5561/5561/5561 5566/5566/5566 5559/5559/5559
f 5567/5567/5567 5561/5561/5561 5553/5553/5553
f 5564/5564/5564 5568/5568/5568 5560/5560/5560
f 5567/5567/5567 5569/5569/5569 5561/5561/5561
f 5568/5568/5568 5571/5571/5571 5563/5563/5563
f 5578/5578/5578 5225/5225/5225 5215/5215/5215
f 5579/5579/5579 5220/5220/5220 5221/5221/5221
f 5221/5221/5221 5222/5222/5222 5579/5579/5579
f 5575/5575/5575 5581/5581/5581 5223/5223/5223
f 5586/5586/5586 5578/5578/5578 5220/5220/5220
f 5583/5583/5583 5581/5581/5581 5575/5575/5575
f 5587/5587/5587 5586/5586/5586 5579/5579/5579
f 5589/5589/5589 5553/5553/5553 5581/5581/5581
f 5590/5590/5590 5583/5583/5583 5576/5576/5576
f 5584/5584/5584 5590/5590/5590 5576/5576/5576
f 5592/5592/5592 5588/5588/5588 5582/5582/5582
f 5593/5593/5593 5589/5589/5589 5583/5583/5583
f 5595/5595/5595 5585/5585/5585 5586/5586/5586
f 5597/5597/5597 5567/5567/5567 5589/5589/5589
f 5598/5598/5598 5593/5593/5593 5590/5590/5590
f 5601/5601/5601 5596/5596/5596 5588/5588/5588
f 5603/5603/5603 5597/5597/5597 5593/5593/5593
f 5604/5604/5604 5598/5598/5598 5594/5594/5594
f 5608/5608/5608 5245/5245/5245 5244/5244/5244
f 5613/5613/5613 5580/5580/5580 5610/5610/5610
f 5616/5616/5616 5613/5613/5613 5614/5614/5614
f 5618/5618/5618 5582/5582/5582 5613/5613/5613
f 5619/5619/5619 5617/5617/5617 5615/5615/5615
f 5621/5621/5621 5592/5592/5592 5618/5618/5618
f 5267/5267/5267 5028/5028/5028 4758/4758/4758
f 5627/5627/5627 5267/5267/5267 5268/5268/5268
f 5627/5627/5627 5626/5626/5626 5625/5625/5625
f 5624/5624/5624 5032/5032/5032 5026/5026/5026
f 5630/5630/5630 5624/5624/5624 5625/5625/5625
f 5630/5630/5630 5629/5629/5629 5628/5628/5628
f 5636/5636/5636 5632/5632/5632 5635/5635/5635
f 5629/5629/5629 5636/5636/5636 5628/5628/5628
f 5640/5640/5640 5037/5037/5037 5034/5034/5034
f 5640/5640/5640 5034/5034/5034 5632/5632/5632
f 5633/5633/5633 5641/5641/5641 5632/5632/5632
f 5039/5039/5039 4966/4966/4966 4967/4967/4967
f 5645/5645/5645 5309/5309/5309 5310/5310/5310
f 5310/5310/5310 5643/5643/5643 5645/5645/5645
f 5649/5649/5649 5646/5646/5646 5648/5648/5648
f 5651/5651/5651 5647/5647/5647 5650/5650/5650
f 5651/5651/5651 5643/5643/5643 5644/5644/5644
f 5649/5649/5649 5648/5648/5648 5651/5651/5651
f 5654/5654/5654 5652/5652/5652 5634/5634/5634
f 5648/5648/5648 5646/5646/5646 5653/5653/5653
f 5647/5647/5647 5634/5634/5634 5637/5637/5637
f 5647/5647/5647 5654/5654/5654 5634/5634/5634
f 5482/5482/5482 5489/5489/5489 5655/5655/5655
f 5634/5634/5634 5652/5652/5652 5639/5639/5639
f 5657/5657/5657 5506/5506/5506 5656/5656/5656
f 5658/5658/5658 5343/5343/5343 5344/5344/5344
f 5659/5659/5659 5642/5642/5642 5644/5644/5644
f 5659/5659/5659 5308/5308/5308 5345/5345/5345
f 5656/5656/5656 5513/5513/5513 5646/5646/5646
f 5656/5656/5656 5506/5506/5506 5514/5514/5514
f 5660/5660/5660 5646/5646/5646 5649/5649/5649
f 5660/5660/5660 5642/5642/5642 5658/5658/5658
f 5572/5572/5572 5661/5661/5661 5568/5568/5568
f 5566/5566/5566 5662/5662/5662 5573/5573/5573
f 5662/5662/5662 5667/5667/5667 5573/5573/5573
f 5574/5574/5574 5668/5668/5668 5662/5662/5662
f 5666/5666/5666 5671/5671/5671 5665/5665/5665
f 5668/5668/5668 5674/5674/5674 5673/5673/5673
f 5681/5681/5681 5686/5686/5686 5680/5680/5680
f 5602/5602/5602 5600/5600/5600 5697/5697/5697
f 5700/5700/5700 5603/5603/5603 5598/5598/5598
f 5704/5704/5704 5698/5698/5698 5596/5596/5596
f 5699/5699/5699 5668/5668/5668 5574/5574/5574
f 5712/5712/5712 5700/5700/5700 5604/5604/5604
f 5713/5713/5713 5703/5703/5703 5698/5698/5698
f 5699/5699/5699 5711/5711/5711 5710/5710/5710
f 5711/5711/5711 5699/5699/5699 5603/5603/5603
f 5719/5719/5719 5725/5725/5725 5710/5710/5710
f 5722/5722/5722 5724/5724/5724 5727/5727/5727
f 5722/5722/5722 5716/5716/5716 5724/5724/5724
f 5731/5731/5731 5725/5725/5725 5719/5719/5719
f 1/1/1 2/2/2 8/8/8
f 1/1/1 8/8/8 5/5/5
f 6/6/6 7/7/7 10/10/10
f 6/6/6 10/10/10 9/9/9
f 8/8/8 11/11/11 10/10/10
f 8/8/8 10/10/10 7/7/7
f 8/8/8 2/2/2 3/3/3
f 8/8/8 3/3/3 11/11/11
f 4/4/4 13/13/13 14/14/14
f 4/4/4 14/14/14 5/5/5
f 12/12/12 13/13/13 17/17/17
f 12/12/12 17/17/17 16/16/16
f 6/6/6 16/16/16 17/17/17
f 6/6/6 17/17/17 7/7/7
f 4/4/4 7/7/7 17/17/17
f 4/4/4 17/17/17 13/13/13
f 15/15/15 16/16/16 19/19/19
f 15/15/15 19/19/19 18/18/18
f 16/16/16 6/6/6 9/9/9
f 16/16/16 9/9/9 19/19/19
f 9/9/9 10/10/10 20/20/20
f 9/9/9 20/20/20 19/19/19
f 10/10/10 11/11/11 21/21/21
f 10/10/10 21/21/21 20/20/20
f 12/12/12 25/25/25 26/26/26
f 12/12/12 26/26/26 13/13/13
f 13/13/13 26/26/26 27/27/27
f 13/13/13 27/27/27 14/14/14
f 24/24/24 29/29/29 28/28/28
f 24/24/24 28/28/28 23/23/23
f 24/24/24 25/25/25 30/30/30
f 24/24/24 30/30/30 29/29/29
f 15/15/15 29/29/29 30/30/30
f 15/15/15 30/30/30 16/16/16
f 12/12/12 16/16/16 30/30/30
f 12/12/12 30/30/30 25/25/25
f 29/29/29 32/32/32 31/31/31
f 29/29/29 31/31/31 28/28/28
f 29/29/29 15/15/15 18/18/18
f 29/29/29 18/18/18 32/32/32
f 18/18/18 19/19/19 33/33/33
f 18/18/18 33/33/33 32/32/32
f 19/19/19 20/20/20 34/34/34
f 19/19/19 34/34/34 33/33/33
f 23/23/23 37/37/37 38/38/38
f 23/23/23 38/38/38 24/24/24
f 24/24/24 38/38/38 39/39/39
f 24/24/24 39/39/39 25/25/25
f 39/39/39 40/40/40 26/26/26
f 39/39/39 26/26/26 25/25/25
f 26/26/26 40/40/40 36/36/36
f 26/26/26 36/36/36 27/27/27
f 37/37/37 23/23/23 28/28/28
f 37/37/37 28/28/28 42/42/42
f 42/42/42 44/44/44 43/43/43
f 42/42/42 43/43/43 41/41/41
f 42/42/42 28/28/28 31/31/31
f 42/42/42 31/31/31 44/44/44
f 31/31/31 32/32/32 45/45/45
f 31/31/31 45/45/45 44/44/44
f 32/32/32 33/33/33 46/46/46
f 32/32/32 46/46/46 45/45/45
f 33/33/33 34/34/34 47/47/47
f 33/33/33 47/47/47 46/46/46
f 46/46/46 47/47/47 48/48/48
f 46/46/46 48/48/48 45/45/45
f 37/37/37 52/52/52 53/53/53
f 37/37/37 53/53/53 38/38/38
f 38/38/38 53/53/53 54/54/54
f 38/38/38 54/54/54 39/39/39
f 51/51/51 52/52/52 57/57/57
f 51/51/51 57/57/57 56/56/56
f 40/40/40 54/54/54 49/49/49
f 40/40/40 49/49/49 36/36/36
f 41/41/41 56/56/56 57/57/57
f 41/41/41 57/57/57 42/42/42
f 37/37/37 42/42/42 57/57/57
f 37/37/37 57/57/57 52/52/52
f 56/56/56 59/59/59 58/58/58
f 56/56/56 58/58/58 55/55/55
f 41/41/41 43/43/43 59/59/59
f 41/41/41 59/59/59 56/56/56
f 43/43/43 44/44/44 60/60/60
f 43/43/43 60/60/60 59/59/59
f 47/47/47 35/35/35 63/63/63
f 47/47/47 63/63/63 62/62/62
f 65/65/65 66/66/66 69/69/69
f 65/65/65 69/69/69 68/68/68
f 70/70/70 71/71/71 73/73/73
f 70/70/70 73/73/73 72/72/72
f 67/67/67 68/68/68 73/73/73
f 67/67/67 73/73/73 71/71/71
f 73/73/73 75/75/75 74/74/74
f 73/73/73 74/74/74 72/72/72
f 73/73/73 68/68/68 69/69/69
f 73/73/73 69/69/69 75/75/75
f 74/74/74 75/75/75 78/78/78
f 74/74/74 78/78/78 77/77/77
f 76/76/76 71/71/71 70/70/70
f 74/74/74 77/77/77 72/72/72
f 70/70/70 82/82/82 83/83/83
f 70/70/70 83/83/83 76/76/76
f 81/81/81 82/82/82 85/85/85
f 81/81/81 85/85/85 84/84/84
f 70/70/70 72/72/72 85/85/85
f 70/70/70 85/85/85 82/82/82
f 85/85/85 77/77/77 86/86/86
f 85/85/85 86/86/86 84/84/84
f 82/82/82 88/88/88 89/89/89
f 82/82/82 89/89/89 83/83/83
f 88/88/88 82/82/82 81/81/81
f 77/77/77 87/87/87 91/91/91
f 77/77/77 91/91/91 90/90/90
f 91/91/91 87/87/87 79/79/79
f 91/91/91 79/79/79 92/92/92
f 51/51/51 95/95/95 96/96/96
f 51/51/51 96/96/96 52/52/52
f 52/52/52 96/96/96 97/97/97
f 52/52/52 97/97/97 53/53/53
f 105/105/105 49/49/49 54/54/54
f 105/105/105 54/54/54 97/97/97
f 94/94/94 95/95/95 99/99/99
f 94/94/94 99/99/99 98/98/98
f 55/55/55 98/98/98 99/99/99
f 55/55/55 99/99/99 56/56/56
f 51/51/51 56/56/56 99/99/99
f 51/51/51 99/99/99 95/95/95
f 48/48/48 62/62/62 103/103/103
f 48/48/48 103/103/103 102/102/102
f 62/62/62 63/63/63 104/104/104
f 62/62/62 104/104/104 103/103/103
f 94/94/94 109/109/109 110/110/110
f 94/94/94 110/110/110 95/95/95
f 64/64/64 104/104/104 63/63/63
f 106/106/106 49/49/49 105/105/105
f 107/107/107 50/50/50 93/93/93
f 95/95/95 110/110/110 111/111/111
f 95/95/95 111/111/111 96/96/96
f 108/108/108 109/109/109 113/113/113
f 108/108/108 113/113/113 112/112/112
f 97/97/97 111/111/111 105/105/105
f 94/94/94 98/98/98 113/113/113
f 94/94/94 113/113/113 109/109/109
f 113/113/113 115/115/115 114/114/114
f 113/113/113 114/114/114 112/112/112
f 113/113/113 98/98/98 58/58/58
f 113/113/113 58/58/58 115/115/115
f 58/58/58 100/100/100 116/116/116
f 58/58/58 116/116/116 115/115/115
f 116/116/116 100/100/100 101/101/101
f 116/116/116 101/101/101 117/117/117
f 101/101/101 61/61/61 118/118/118
f 101/101/101 118/118/118 117/117/117
f 61/61/61 102/102/102 119/119/119
f 61/61/61 119/119/119 118/118/118
f 102/102/102 103/103/103 120/120/120
f 102/102/102 120/120/120 119/119/119
f 108/108/108 122/122/122 123/123/123
f 108/108/108 123/123/123 109/109/109
f 104/104/104 120/120/120 103/103/103
f 109/109/109 123/123/123 124/124/124
f 109/109/109 124/124/124 110/110/110
f 130/130/130 105/105/105 111/111/111
f 130/130/130 111/111/111 124/124/124
f 122/122/122 108/108/108 112/112/112
f 122/122/122 112/112/112 125/125/125
f 125/125/125 126/126/126 66/66/66
f 125/125/125 66/66/66 65/65/65
f 125/125/125 112/112/112 114/114/114
f 125/125/125 114/114/114 126/126/126
f 114/114/114 115/115/115 127/127/127
f 114/114/114 127/127/127 126/126/126
f 116/116/116 117/117/117 128/128/128
f 116/116/116 128/128/128 127/127/127
f 116/116/116 127/127/127 115/115/115
f 144/144/144 132/132/132 107/107/107
f 144/144/144 107/107/107 93/93/93
f 119/119/119 138/138/138 118/118/118
f 121/121/121 129/129/129 104/104/104
f 131/131/131 105/105/105 130/130/130
f 122/122/122 133/133/133 134/134/134
f 122/122/122 134/134/134 123/123/123
f 67/67/67 133/133/133 135/135/135
f 67/67/67 135/135/135 68/68/68
f 124/124/124 134/134/134 130/130/130
f 65/65/65 68/68/68 135/135/135
f 65/65/65 135/135/135 125/125/125
f 122/122/122 125/125/125 135/135/135
f 122/122/122 135/135/135 133/133/133
f 66/66/66 126/126/126 136/136/136
f 66/66/66 136/136/136 69/69/69
f 138/138/138 119/119/119 151/151/151
f 138/138/138 151/151/151 150/150/150
f 119/119/119 120/120/120 139/139/139
f 119/119/119 139/139/139 151/151/151
f 130/130/130 141/141/141 142/142/142
f 130/130/130 142/142/142 131/131/131
f 129/129/129 139/139/139 120/120/120
f 143/143/143 144/144/144 106/106/106
f 143/143/143 106/106/106 131/131/131
f 67/67/67 71/71/71 146/146/146
f 67/67/67 146/146/146 133/133/133
f 145/145/145 132/132/132 144/144/144
f 133/133/133 146/146/146 147/147/147
f 133/133/133 147/147/147 134/134/134
f 130/130/130 134/134/134 147/147/147
f 130/130/130 147/147/147 154/154/154
f 69/69/69 136/136/136 148/148/148
f 69/69/69 148/148/148 75/75/75
f 128/128/128 138/138/138 150/150/150
f 128/128/128 150/150/150 149/149/149
f 129/129/129 140/140/140 153/153/153
f 129/129/129 153/153/153 152/152/152
f 71/71/71 76/76/76 156/156/156
f 71/71/71 156/156/156 146/146/146
f 163/163/163 144/144/144 143/143/143
f 148/148/148 157/157/157 79/79/79
f 148/148/148 79/79/79 78/78/78
f 147/147/147 156/156/156 154/154/154
f 148/148/148 78/78/78 75/75/75
f 150/150/150 151/151/151 159/159/159
f 150/150/150 159/159/159 158/158/158
f 137/137/137 157/157/157 148/148/148
f 149/149/149 157/157/157 137/137/137
f 160/160/160 159/159/159 139/139/139
f 160/160/160 139/139/139 161/161/161
f 173/173/173 163/163/163 143/143/143
f 173/173/173 143/143/143 142/142/142
f 152/152/152 161/161/161 139/139/139
f 141/141/141 154/154/154 162/162/162
f 173/173/173 142/142/142 141/141/141
f 80/80/80 154/154/154 156/156/156
f 80/80/80 156/156/156 83/83/83
f 165/165/165 145/145/145 155/155/155
f 166/166/166 157/157/157 149/149/149
f 166/166/166 149/149/149 167/167/167
f 167/167/167 149/149/149 158/158/158
f 167/167/167 158/158/158 168/168/168
f 168/168/168 158/158/158 159/159/159
f 168/168/168 159/159/159 169/169/169
f 152/152/152 153/153/153 171/171/171
f 152/152/152 171/171/171 170/170/170
f 188/188/188 195/195/195 187/187/187
f 188/188/188 187/187/187 189/189/189
f 172/172/172 154/154/154 80/80/80
f 173/173/173 141/141/141 162/162/162
f 399/399/399 155/155/155 164/164/164
f 166/166/166 92/92/92 79/79/79
f 177/177/177 176/176/176 175/175/175
f 181/181/181 180/180/180 178/178/178
f 176/176/176 180/180/180 175/175/175
f 185/185/185 184/184/184 189/189/189
f 186/186/186 189/189/189 187/187/187
f 186/186/186 187/187/187 183/183/183
f 187/187/187 195/195/195 194/194/194
f 175/175/175 193/193/193 190/190/190
f 175/175/175 190/190/190 177/177/177
f 191/191/191 198/198/198 217/217/217
f 191/191/191 217/217/217 192/192/192
f 190/190/190 195/195/195 188/188/188
f 217/217/217 198/198/198 196/196/196
f 201/201/201 183/183/183 205/205/205
f 201/201/201 205/205/205 202/202/202
f 199/199/199 194/194/194 193/193/193
f 200/200/200 199/199/199 197/197/197
f 200/200/200 191/191/191 194/194/194
f 200/200/200 198/198/198 191/191/191
f 181/181/181 193/193/193 175/175/175
f 181/181/181 199/199/199 193/193/193
f 202/202/202 205/205/205 208/208/208
f 202/202/202 208/208/208 203/203/203
f 203/203/203 208/208/208 207/207/207
f 203/203/203 207/207/207 204/204/204
f 187/187/187 191/191/191 215/215/215
f 187/187/187 215/215/215 209/209/209
f 209/209/209 205/205/205 183/183/183
f 206/206/206 205/205/205 209/209/209
f 212/212/212 206/206/206 210/210/210
f 207/207/207 206/206/206 212/212/212
f 215/215/215 191/191/191 192/192/192
f 192/192/192 217/217/217 220/220/220
f 192/192/192 220/220/220 213/213/213
f 215/215/215 192/192/192 213/213/213
f 210/210/210 209/209/209 215/215/215
f 216/216/216 213/213/213 214/214/214
f 211/211/211 210/210/210 216/216/216
f 219/219/219 214/214/214 220/220/220
f 219/219/219 220/220/220 218/218/218
f 230/230/230 231/231/231 234/234/234
f 230/230/230 234/234/234 233/233/233
f 223/223/223 222/222/222 221/221/221
f 225/225/225 224/224/224 222/222/222
f 225/225/225 222/222/222 223/223/223
f 229/229/229 228/228/228 226/226/226
f 231/231/231 230/230/230 227/227/227
f 229/229/229 231/231/231 228/228/228
f 221/221/221 222/222/222 234/234/234
f 221/221/221 234/234/234 231/231/231
f 222/222/222 224/224/224 236/236/236
f 222/222/222 236/236/236 234/234/234
f 236/236/236 235/235/235 233/233/233
f 226/226/226 228/228/228 242/242/242
f 226/226/226 242/242/242 239/239/239
f 226/226/226 239/239/239 237/237/237
f 242/242/242 241/241/241 238/238/238
f 242/242/242 228/228/228 227/227/227
f 227/227/227 230/230/230 244/244/244
f 227/227/227 244/244/244 241/241/241
f 244/244/244 243/243/243 240/240/240
f 230/230/230 233/233/233 232/232/232
f 230/230/230 232/232/232 244/244/244
f 232/232/232 245/245/245 243/243/243
f 251/251/251 252/252/252 256/256/256
f 251/251/251 256/256/256 255/255/255
f 257/257/257 253/253/253 262/262/262
f 257/257/257 262/262/262 261/261/261
f 257/257/257 256/256/256 252/252/252
f 257/257/257 252/252/252 253/253/253
f 260/260/260 223/223/223 255/255/255
f 256/256/256 260/260/260 255/255/255
f 248/248/248 260/260/260 265/265/265
f 248/248/248 265/265/265 249/249/249
f 262/262/262 253/253/253 258/258/258
f 264/264/264 225/225/225 223/223/223
f 260/260/260 264/264/264 223/223/223
f 256/256/256 261/261/261 266/266/266
f 256/256/256 266/266/266 265/265/265
f 262/262/262 267/267/267 266/266/266
f 262/262/262 266/266/266 261/261/261
f 250/250/250 249/249/249 266/266/266
f 263/263/263 268/268/268 267/267/267
f 263/263/263 267/267/267 258/258/258
f 267/267/267 262/262/262 258/258/258
f 271/271/271 277/277/277 229/229/229
f 271/271/271 229/229/229 226/226/226
f 276/276/276 275/275/275 270/270/270
f 271/271/271 272/272/272 278/278/278
f 271/271/271 278/278/278 277/277/277
f 251/251/251 277/277/277 278/278/278
f 251/251/251 278/278/278 252/252/252
f 278/278/278 273/273/273 253/253/253
f 278/278/278 253/253/253 252/252/252
f 278/278/278 272/272/272 273/273/273
f 274/274/274 275/275/275 280/280/280
f 274/274/274 280/280/280 279/279/279
f 275/275/275 276/276/276 281/281/281
f 275/275/275 281/281/281 280/280/280
f 251/251/251 255/255/255 229/229/229
f 251/251/251 229/229/229 277/277/277
f 229/229/229 255/255/255 221/221/221
f 280/280/280 281/281/281 259/259/259
f 280/280/280 259/259/259 258/258/258
f 258/258/258 253/253/253 279/279/279
f 282/282/282 287/287/287 289/289/289
f 282/282/282 289/289/289 272/272/272
f 259/259/259 281/281/281 254/254/254
f 269/269/269 283/283/283 284/284/284
f 285/285/285 226/226/226 237/237/237
f 285/285/285 271/271/271 226/226/226
f 272/272/272 271/271/271 286/286/286
f 287/287/287 288/288/288 274/274/274
f 287/287/287 274/274/274 289/289/289
f 289/289/289 273/273/273 272/272/272
f 288/288/288 283/283/283 275/275/275
f 288/288/288 275/275/275 274/274/274
f 291/291/291 292/292/292 294/294/294
f 291/291/291 294/294/294 293/293/293
f 275/275/275 283/283/283 270/270/270
f 293/293/293 294/294/294 296/296/296
f 293/293/293 296/296/296 295/295/295
f 303/303/303 291/291/291 293/293/293
f 303/303/303 293/293/293 304/304/304
f 302/302/302 301/301/301 299/299/299
f 291/291/291 303/303/303 301/301/301
f 291/291/291 301/301/301 302/302/302
f 292/292/292 291/291/291 302/302/302
f 292/292/292 302/302/302 290/290/290
f 293/293/293 295/295/295 306/306/306
f 293/293/293 306/306/306 304/304/304
f 306/306/306 305/305/305 304/304/304
f 305/305/305 306/306/306 308/308/308
f 305/305/305 308/308/308 307/307/307
f 313/313/313 299/299/299 301/301/301
f 313/313/313 301/301/301 315/315/315
f 310/310/310 309/309/309 174/174/174
f 310/310/310 312/312/312 309/309/309
f 299/299/299 313/313/313 311/311/311
f 298/298/298 299/299/299 312/312/312
f 298/298/298 300/300/300 299/299/299
f 254/254/254 314/314/314 317/317/317
f 254/254/254 317/317/317 316/316/316
f 303/303/303 314/314/314 315/315/315
f 316/316/316 259/259/259 254/254/254
f 316/316/316 318/318/318 263/263/263
f 316/316/316 263/263/263 259/259/259
f 316/316/316 317/317/317 305/305/305
f 316/316/316 305/305/305 318/318/318
f 318/318/318 319/319/319 268/268/268
f 318/318/318 268/268/268 263/263/263
f 305/305/305 317/317/317 304/304/304
f 318/318/318 305/305/305 307/307/307
f 318/318/318 307/307/307 319/319/319
f 320/320/320 321/321/321 311/311/311
f 320/320/320 311/311/311 322/322/322
f 174/174/174 321/321/321 176/176/176
f 309/309/309 312/312/312 311/311/311
f 309/309/309 311/311/311 321/321/321
f 269/269/269 322/322/322 313/313/313
f 269/269/269 313/313/313 270/270/270
f 182/182/182 179/179/179 324/324/324
f 182/182/182 324/324/324 323/323/323
f 313/313/313 322/322/322 311/311/311
f 276/276/276 315/315/315 314/314/314
f 314/314/314 281/281/281 276/276/276
f 756/756/756 323/323/323 320/320/320
f 756/756/756 320/320/320 284/284/284
f 324/324/324 321/321/321 320/320/320
f 81/81/81 326/326/326 327/327/327
f 81/81/81 327/327/327 88/88/88
f 320/320/320 322/322/322 269/269/269
f 325/325/325 326/326/326 329/329/329
f 325/325/325 329/329/329 328/328/328
f 81/81/81 84/84/84 329/329/329
f 81/81/81 329/329/329 326/326/326
f 329/329/329 331/331/331 330/330/330
f 329/329/329 330/330/330 328/328/328
f 329/329/329 84/84/84 86/86/86
f 329/329/329 86/86/86 331/331/331
f 86/86/86 90/90/90 332/332/332
f 86/86/86 332/332/332 331/331/331
f 332/332/332 90/90/90 91/91/91
f 332/332/332 91/91/91 333/333/333
f 91/91/91 92/92/92 334/334/334
f 91/91/91 334/334/334 333/333/333
f 325/325/325 337/337/337 338/338/338
f 325/325/325 338/338/338 326/326/326
f 338/338/338 339/339/339 327/327/327
f 338/338/338 327/327/327 326/326/326
f 327/327/327 339/339/339 335/335/335
f 327/327/327 335/335/335 89/89/89
f 80/80/80 89/89/89 335/335/335
f 80/80/80 335/335/335 336/336/336
f 325/325/325 328/328/328 340/340/340
f 325/325/325 340/340/340 337/337/337
f 340/340/340 328/328/328 330/330/330
f 340/340/340 330/330/330 341/341/341
f 330/330/330 331/331/331 342/342/342
f 330/330/330 342/342/342 341/341/341
f 331/331/331 332/332/332 343/343/343
f 331/331/331 343/343/343 342/342/342
f 343/343/343 345/345/345 344/344/344
f 343/343/343 344/344/344 342/342/342
f 343/343/343 332/332/332 333/333/333
f 343/343/343 333/333/333 345/345/345
f 333/333/333 334/334/334 346/346/346
f 333/333/333 346/346/346 345/345/345
f 346/346/346 348/348/348 347/347/347
f 346/346/346 347/347/347 345/345/345
f 335/335/335 349/349/349 350/350/350
f 335/335/335 350/350/350 336/336/336
f 335/335/335 339/339/339 352/352/352
f 335/335/335 352/352/352 349/349/349
f 352/352/352 339/339/339 338/338/338
f 351/351/351 337/337/337 340/340/340
f 351/351/351 340/340/340 354/354/354
f 353/353/353 354/354/354 356/356/356
f 353/353/353 356/356/356 355/355/355
f 340/340/340 341/341/341 356/356/356
f 340/340/340 356/356/356 354/354/354
f 341/341/341 342/342/342 357/357/357
f 341/341/341 357/357/357 356/356/356
f 355/355/355 356/356/356 359/359/359
f 355/355/355 359/359/359 358/358/358
f 357/357/357 360/360/360 359/359/359
f 357/357/357 359/359/359 356/356/356
f 357/357/357 342/342/342 344/344/344
f 357/357/357 344/344/344 360/360/360
f 344/344/344 345/345/345 361/361/361
f 344/344/344 361/361/361 360/360/360
f 358/358/358 359/359/359 363/363/363
f 358/358/358 363/363/363 362/362/362
f 360/360/360 364/364/364 363/363/363
f 360/360/360 363/363/363 359/359/359
f 361/361/361 365/365/365 364/364/364
f 361/361/361 364/364/364 360/360/360
f 361/361/361 345/345/345 347/347/347
f 361/361/361 347/347/347 365/365/365
f 347/347/347 348/348/348 366/366/366
f 347/347/347 366/366/366 365/365/365
f 364/364/364 369/369/369 368/368/368
f 364/364/364 368/368/368 363/363/363
f 368/368/368 367/367/367 362/362/362
f 368/368/368 362/362/362 363/363/363
f 364/364/364 365/365/365 370/370/370
f 364/364/364 370/370/370 369/369/369
f 366/366/366 371/371/371 370/370/370
f 366/366/366 370/370/370 365/365/365
f 367/367/367 368/368/368 369/369/369
f 367/367/367 369/369/369 372/372/372
f 349/349/349 375/375/375 376/376/376
f 349/349/349 376/376/376 350/350/350
f 373/373/373 374/374/374 380/380/380
f 373/373/373 380/380/380 379/379/379
f 351/351/351 379/379/379 380/380/380
f 351/351/351 380/380/380 338/338/338
f 374/374/374 375/375/375 381/381/381
f 374/374/374 381/381/381 380/380/380
f 338/338/338 380/380/380 381/381/381
f 338/338/338 381/381/381 352/352/352
f 349/349/349 352/352/352 381/381/381
f 349/349/349 381/381/381 375/375/375
f 377/377/377 378/378/378 384/384/384
f 377/377/377 384/384/384 383/383/383
f 378/378/378 379/379/379 385/385/385
f 378/378/378 385/385/385 384/384/384
f 353/353/353 384/384/384 385/385/385
f 353/353/353 385/385/385 354/354/354
f 351/351/351 354/354/354 385/385/385
f 351/351/351 385/385/385 379/379/379
f 382/382/382 383/383/383 386/386/386
f 382/382/382 386/386/386 290/290/290
f 383/383/383 384/384/384 387/387/387
f 383/383/383 387/387/387 386/386/386
f 353/353/353 355/355/355 387/387/387
f 353/353/353 387/387/387 384/384/384
f 386/386/386 387/387/387 389/389/389
f 386/386/386 389/389/389 388/388/388
f 388/388/388 292/292/292 290/290/290
f 355/355/355 358/358/358 389/389/389
f 355/355/355 389/389/389 387/387/387
f 388/388/388 389/389/389 362/362/362
f 388/388/388 362/362/362 390/390/390
f 294/294/294 292/292/292 388/388/388
f 390/390/390 367/367/367 296/296/296
f 390/390/390 296/296/296 294/294/294
f 362/362/362 389/389/389 358/358/358
f 296/296/296 367/367/367 372/372/372
f 296/296/296 372/372/372 297/297/297
f 367/367/367 390/390/390 362/362/362
f 184/184/184 185/185/185 394/394/394
f 184/184/184 394/394/394 393/393/393
f 392/392/392 391/391/391 184/184/184
f 393/393/393 392/392/392 184/184/184
f 373/373/373 393/393/393 394/394/394
f 373/373/373 394/394/394 374/374/374
f 185/185/185 186/186/186 395/395/395
f 185/185/185 395/395/395 394/394/394
f 374/374/374 394/394/394 395/395/395
f 374/374/374 395/395/395 375/375/375
f 391/391/391 392/392/392 377/377/377
f 391/391/391 377/377/377 396/396/396
f 376/376/376 375/375/375 395/395/395
f 378/378/378 377/377/377 393/393/393
f 378/378/378 393/393/393 379/379/379
f 393/393/393 377/377/377 392/392/392
f 377/377/377 383/383/383 382/382/382
f 377/377/377 382/382/382 396/396/396
f 382/382/382 300/300/300 396/396/396
f 382/382/382 290/290/290 302/302/302
f 382/382/382 302/302/302 300/300/300
f 174/174/174 190/190/190 184/184/184
f 174/174/174 184/184/184 310/310/310
f 397/397/397 398/398/398 163/163/163
f 397/397/397 163/163/163 173/173/173
f 310/310/310 396/396/396 298/298/298
f 398/398/398 399/399/399 164/164/164
f 398/398/398 164/164/164 163/163/163
f 399/399/399 400/400/400 401/401/401
f 399/399/399 401/401/401 165/165/165
f 334/334/334 92/92/92 166/166/166
f 334/334/334 166/166/166 402/402/402
f 402/402/402 167/167/167 168/168/168
f 402/402/402 168/168/168 403/403/403
f 403/403/403 169/169/169 160/160/160
f 403/403/403 160/160/160 404/404/404
f 404/404/404 161/161/161 170/170/170
f 404/404/404 170/170/170 405/405/405
f 405/405/405 170/170/170 171/171/171
f 405/405/405 171/171/171 406/406/406
f 80/80/80 336/336/336 407/407/407
f 80/80/80 407/407/407 172/172/172
f 172/172/172 407/407/407 408/408/408
f 172/172/172 408/408/408 162/162/162
f 409/409/409 410/410/410 400/400/400
f 409/409/409 400/400/400 399/399/399
f 408/408/408 173/173/173 162/162/162
f 400/400/400 410/410/410 411/411/411
f 400/400/400 411/411/411 401/401/401
f 334/334/334 402/402/402 413/413/413
f 334/334/334 413/413/413 346/346/346
f 413/413/413 402/402/402 403/403/403
f 413/413/413 403/403/403 414/414/414
f 414/414/414 403/403/403 404/404/404
f 414/414/414 404/404/404 415/415/415
f 404/404/404 405/405/405 416/416/416
f 404/404/404 416/416/416 415/415/415
f 416/416/416 405/405/405 406/406/406
f 416/416/416 406/406/406 417/417/417
f 413/413/413 418/418/418 348/348/348
f 413/413/413 348/348/348 346/346/346
f 414/414/414 419/419/419 418/418/418
f 414/414/414 418/418/418 413/413/413
f 415/415/415 420/420/420 419/419/419
f 415/415/415 419/419/419 414/414/414
f 416/416/416 417/417/417 422/422/422
f 416/416/416 422/422/422 421/421/421
f 421/421/421 420/420/420 415/415/415
f 420/420/420 421/421/421 425/425/425
f 420/420/420 425/425/425 424/424/424
f 426/426/426 429/429/429 428/428/428
f 426/426/426 428/428/428 425/425/425
f 426/426/426 425/425/425 421/421/421
f 428/428/428 424/424/424 425/425/425
f 350/350/350 430/430/430 407/407/407
f 350/350/350 407/407/407 336/336/336
f 407/407/407 430/430/430 431/431/431
f 407/407/407 431/431/431 408/408/408
f 408/408/408 431/431/431 432/432/432
f 408/408/408 432/432/432 397/397/397
f 432/432/432 433/433/433 409/409/409
f 432/432/432 409/409/409 398/398/398
f 432/432/432 398/398/398 397/397/397
f 433/433/433 434/434/434 410/410/410
f 433/433/433 410/410/410 409/409/409
f 410/410/410 434/434/434 436/436/436
f 410/410/410 436/436/436 411/411/411
f 435/435/435 437/437/437 436/436/436
f 435/435/435 436/436/436 434/434/434
f 411/411/411 436/436/436 437/437/437
f 411/411/411 437/437/437 412/412/412
f 366/366/366 438/438/438 440/440/440
f 366/366/366 440/440/440 371/371/371
f 418/418/418 438/438/438 366/366/366
f 439/439/439 438/438/438 419/419/419
f 438/438/438 439/439/439 441/441/441
f 438/438/438 441/441/441 440/440/440
f 442/442/442 440/440/440 441/441/441
f 442/442/442 441/441/441 423/423/423
f 420/420/420 424/424/424 441/441/441
f 420/420/420 441/441/441 439/439/439
f 441/441/441 424/424/424 423/423/423
f 376/376/376 443/443/443 430/430/430
f 376/376/376 430/430/430 350/350/350
f 442/442/442 423/423/423 427/427/427
f 201/201/201 202/202/202 444/444/444
f 201/201/201 444/444/444 443/443/443
f 430/430/430 443/443/443 444/444/444
f 430/430/430 444/444/444 431/431/431
f 433/433/433 446/446/446 447/447/447
f 433/433/433 447/447/447 434/434/434
f 445/445/445 444/444/444 202/202/202
f 445/445/445 432/432/432 431/431/431
f 446/446/446 203/203/203 204/204/204
f 446/446/446 433/433/433 432/432/432
f 447/447/447 448/448/448 435/435/435
f 447/447/447 435/435/435 434/434/434
f 186/186/186 183/183/183 201/201/201
f 186/186/186 201/201/201 395/395/395
f 376/376/376 395/395/395 201/201/201
f 376/376/376 201/201/201 443/443/443
f 454/454/454 458/458/458 459/459/459
f 454/454/454 459/459/459 455/455/455
f 453/453/453 451/451/451 450/450/450
f 455/455/455 453/453/453 452/452/452
f 459/459/459 457/457/457 456/456/456
f 459/459/459 456/456/456 455/455/455
f 461/461/461 463/463/463 469/469/469
f 461/461/461 469/469/469 465/465/465
f 469/469/469 463/463/463 462/462/462
f 466/466/466 473/473/473 474/474/474
f 466/466/466 474/474/474 467/467/467
f 467/467/467 474/474/474 475/475/475
f 467/467/467 475/475/475 468/468/468
f 468/468/468 475/475/475 471/471/471
f 468/468/468 471/471/471 469/469/469
f 470/470/470 464/464/464 478/478/478
f 470/470/470 478/478/478 476/476/476
f 478/478/478 464/464/464 471/471/471
f 473/473/473 479/479/479 480/480/480
f 473/473/473 480/480/480 474/474/474
f 451/451/451 472/472/472 449/449/449
f 451/451/451 473/473/473 472/472/472
f 474/474/474 480/480/480 477/477/477
f 474/474/474 477/477/477 475/475/475
f 476/476/476 482/482/482 527/527/527
f 476/476/476 527/527/527 521/521/521
f 477/477/477 485/485/485 476/476/476
f 477/477/477 476/476/476 478/478/478
f 476/476/476 485/485/485 482/482/482
f 451/451/451 486/486/486 487/487/487
f 451/451/451 487/487/487 479/479/479
f 479/479/479 487/487/487 483/483/483
f 479/479/479 483/483/483 480/480/480
f 477/477/477 480/480/480 483/483/483
f 477/477/477 483/483/483 484/484/484
f 482/482/482 488/488/488 481/481/481
f 482/482/482 481/481/481 527/527/527
f 483/483/483 489/489/489 490/490/490
f 483/483/483 490/490/490 484/484/484
f 484/484/484 490/490/490 491/491/491
f 484/484/484 491/491/491 485/485/485
f 482/482/482 485/485/485 491/491/491
f 482/482/482 491/491/491 488/488/488
f 494/494/494 495/495/495 490/490/490
f 494/494/494 490/490/490 489/489/489
f 456/456/456 486/486/486 453/453/453
f 487/487/487 456/456/456 489/489/489
f 487/487/487 489/489/489 483/483/483
f 492/492/492 481/481/481 488/488/488
f 490/490/490 495/495/495 493/493/493
f 490/490/490 493/493/493 491/491/491
f 178/178/178 180/180/180 501/501/501
f 178/178/178 501/501/501 498/498/498
f 499/499/499 498/498/498 496/496/496
f 501/501/501 180/180/180 179/179/179
f 497/497/497 506/506/506 496/496/496
f 497/497/497 496/496/496 498/498/498
f 179/179/179 460/460/460 500/500/500
f 496/496/496 506/506/506 503/503/503
f 500/500/500 460/460/460 463/463/463
f 500/500/500 463/463/463 507/507/507
f 497/497/497 507/507/507 505/505/505
f 497/497/497 501/501/501 500/500/500
f 502/502/502 504/504/504 511/511/511
f 502/502/502 511/511/511 509/509/509
f 511/511/511 504/504/504 503/503/503
f 503/503/503 506/506/506 512/512/512
f 503/503/503 512/512/512 511/511/511
f 512/512/512 506/506/506 505/505/505
f 461/461/461 465/465/465 505/505/505
f 461/461/461 505/505/505 507/507/507
f 505/505/505 465/465/465 464/464/464
f 510/510/510 517/517/517 514/514/514
f 510/510/510 514/514/514 511/511/511
f 515/515/515 509/509/509 508/508/508
f 464/464/464 470/470/470 510/510/510
f 464/464/464 510/510/510 512/512/512
f 510/510/510 470/470/470 516/516/516
f 513/513/513 515/515/515 520/520/520
f 513/513/513 520/520/520 518/518/518
f 520/520/520 515/515/515 514/514/514
f 516/516/516 521/521/521 522/522/522
f 516/516/516 522/522/522 517/517/517
f 521/521/521 527/527/527 519/519/519
f 521/521/521 519/519/519 522/522/522
f 522/522/522 514/514/514 517/517/517
f 522/522/522 520/520/520 514/514/514
f 526/526/526 520/520/520 519/519/519
f 518/518/518 526/526/526 523/523/523
f 519/519/519 527/527/527 525/525/525
f 525/525/525 529/529/529 530/530/530
f 525/525/525 530/530/530 526/526/526
f 528/528/528 524/524/524 523/523/523
f 530/530/530 531/531/531 532/532/532
f 530/530/530 532/532/532 528/528/528
f 481/481/481 492/492/492 533/533/533
f 481/481/481 533/533/533 529/529/529
f 533/533/533 530/530/530 529/529/529
f 197/197/197 199/199/199 499/499/499
f 197/197/197 499/499/499 536/536/536
f 197/197/197 536/536/536 534/534/534
f 197/197/197 534/534/534 196/196/196
f 499/499/499 199/199/199 178/178/178
f 534/534/534 537/537/537 539/539/539
f 534/534/534 539/539/539 196/196/196
f 537/537/537 541/541/541 542/542/542
f 537/537/537 542/542/542 538/538/538
f 535/535/535 196/196/196 539/539/539
f 504/504/504 536/536/536 496/496/496
f 502/502/502 509/509/509 543/543/543
f 502/502/502 543/543/543 534/534/534
f 543/543/543 509/509/509 540/540/540
f 541/541/541 546/546/546 562/562/562
f 541/541/541 562/562/562 542/542/542
f 543/543/543 537/537/537 534/534/534
f 543/543/543 541/541/541 537/537/537
f 546/546/546 541/541/541 540/540/540
f 562/562/562 546/546/546 544/544/544
f 540/540/540 509/509/509 515/515/515
f 540/540/540 515/515/515 513/513/513
f 547/547/547 550/550/550 551/551/551
f 547/547/547 551/551/551 548/548/548
f 548/548/548 545/545/545 544/544/544
f 547/547/547 546/546/546 513/513/513
f 549/549/549 524/524/524 550/550/550
f 549/549/549 550/550/550 547/547/547
f 524/524/524 549/549/549 518/518/518
f 217/217/217 535/535/535 559/559/559
f 217/217/217 559/559/559 218/218/218
f 553/553/553 551/551/551 550/550/550
f 552/552/552 550/550/550 524/524/524
f 555/555/555 553/553/553 552/552/552
f 532/532/532 552/552/552 528/528/528
f 535/535/535 217/217/217 196/196/196
f 559/559/559 535/535/535 556/556/556
f 538/538/538 542/542/542 565/565/565
f 538/538/538 565/565/565 556/556/556
f 560/560/560 557/557/557 558/558/558
f 560/560/560 219/219/219 218/218/218
f 561/561/561 558/558/558 557/557/557
f 556/556/556 539/539/539 538/538/538
f 565/565/565 542/542/542 562/562/562
f 557/557/557 565/565/565 566/566/566
f 557/557/557 566/566/566 561/561/561
f 557/557/557 556/556/556 565/565/565
f 562/562/562 545/545/545 567/567/567
f 562/562/562 567/567/567 563/563/563
f 566/566/566 563/563/563 564/564/564
f 563/563/563 567/567/567 568/568/568
f 563/563/563 568/568/568 564/564/564
f 572/572/572 577/577/577 578/578/578
f 572/572/572 578/578/578 573/573/573
f 569/569/569 567/567/567 545/545/545
f 570/570/570 568/568/568 567/567/567
f 551/551/551 569/569/569 548/548/548
f 570/570/570 569/569/569 574/574/574
f 575/575/575 572/572/572 573/573/573
f 575/575/575 571/571/571 570/570/570
f 555/555/555 579/579/579 576/576/576
f 555/555/555 576/576/576 553/553/553
f 576/576/576 574/574/574 551/551/551
f 580/580/580 577/577/577 576/576/576
f 581/581/581 578/578/578 577/577/577
f 590/590/590 594/594/594 593/593/593
f 590/590/590 593/593/593 589/589/589
f 593/593/593 592/592/592 589/589/589
f 593/593/593 596/596/596 595/595/595
f 593/593/593 595/595/595 592/592/592
f 593/593/593 594/594/594 597/597/597
f 593/593/593 597/597/597 596/596/596
f 586/586/586 596/596/596 597/597/597
f 586/586/586 597/597/597 587/587/587
f 585/585/585 587/587/587 597/597/597
f 585/585/585 597/597/597 594/594/594
f 595/595/595 596/596/596 600/600/600
f 595/595/595 600/600/600 599/599/599
f 596/596/596 586/586/586 588/588/588
f 596/596/596 588/588/588 600/600/600
f 604/604/604 605/605/605 610/610/610
f 604/604/604 610/610/610 609/609/609
f 601/601/601 600/600/600 588/588/588
f 607/607/607 606/606/606 602/602/602
f 607/607/607 590/590/590 589/589/589
f 591/591/591 610/610/610 611/611/611
f 591/591/591 611/611/611 592/592/592
f 611/611/611 610/610/610 605/605/605
f 589/589/589 592/592/592 611/611/611
f 589/589/589 611/611/611 605/605/605
f 609/609/609 610/610/610 613/613/613
f 609/609/609 613/613/613 612/612/612
f 591/591/591 595/595/595 613/613/613
f 591/591/591 613/613/613 610/610/610
f 613/613/613 616/616/616 615/615/615
f 613/613/613 615/615/615 612/612/612
f 613/613/613 595/595/595 598/598/598
f 613/613/613 598/598/598 616/616/616
f 598/598/598 599/599/599 617/617/617
f 598/598/598 617/617/617 616/616/616
f 602/602/602 606/606/606 622/622/622
f 602/602/602 622/622/622 618/618/618
f 619/619/619 603/603/603 602/602/602
f 621/621/621 605/605/605 604/604/604
f 622/622/622 606/606/606 605/605/605
f 620/620/620 621/621/621 625/625/625
f 620/620/620 625/625/625 624/624/624
f 608/608/608 624/624/624 625/625/625
f 608/608/608 625/625/625 609/609/609
f 604/604/604 609/609/609 625/625/625
f 604/604/604 625/625/625 621/621/621
f 623/623/623 624/624/624 627/627/627
f 623/623/623 627/627/627 626/626/626
f 608/608/608 612/612/612 627/627/627
f 608/608/608 627/627/627 624/624/624
f 627/627/627 629/629/629 628/628/628
f 627/627/627 628/628/628 626/626/626
f 627/627/627 612/612/612 614/614/614
f 627/627/627 614/614/614 629/629/629
f 614/614/614 615/615/615 630/630/630
f 614/614/614 630/630/630 629/629/629
f 620/620/620 635/635/635 636/636/636
f 620/620/620 636/636/636 621/621/621
f 619/619/619 618/618/618 632/632/632
f 621/621/621 636/636/636 637/637/637
f 621/621/621 637/637/637 622/622/622
f 637/637/637 636/636/636 631/631/631
f 618/618/618 622/622/622 637/637/637
f 618/618/618 637/637/637 631/631/631
f 634/634/634 635/635/635 639/639/639
f 634/634/634 639/639/639 638/638/638
f 623/623/623 638/638/638 639/639/639
f 623/623/623 639/639/639 624/624/624
f 620/620/620 624/624/624 639/639/639
f 620/620/620 639/639/639 635/635/635
f 582/582/582 638/638/638 640/640/640
f 582/582/582 640/640/640 583/583/583
f 623/623/623 626/626/626 640/640/640
f 623/623/623 640/640/640 638/638/638
f 640/640/640 641/641/641 584/584/584
f 640/640/640 584/584/584 583/583/583
f 640/640/640 626/626/626 628/628/628
f 640/640/640 628/628/628 641/641/641
f 628/628/628 629/629/629 642/642/642
f 628/628/628 642/642/642 641/641/641
f 648/648/648 644/644/644 651/651/651
f 648/648/648 651/651/651 650/650/650
f 649/649/649 650/650/650 646/646/646
f 649/649/649 646/646/646 652/652/652
f 655/655/655 660/660/660 659/659/659
f 655/655/655 659/659/659 654/654/654
f 651/651/651 646/646/646 650/650/650
f 651/651/651 643/643/643 646/646/646
f 659/659/659 658/658/658 654/654/654
f 655/655/655 656/656/656 661/661/661
f 655/655/655 661/661/661 660/660/660
f 656/656/656 657/657/657 648/648/648
f 656/656/656 648/648/648 661/661/661
f 647/647/647 644/644/644 648/648/648
f 647/647/647 648/648/648 657/657/657
f 660/660/660 664/664/664 663/663/663
f 660/660/660 663/663/663 659/659/659
f 662/662/662 587/587/587 585/585/585
f 662/662/662 658/658/658 659/659/659
f 660/660/660 661/661/661 665/665/665
f 660/660/660 665/665/665 664/664/664
f 649/649/649 664/664/664 665/665/665
f 649/649/649 665/665/665 650/650/650
f 648/648/648 650/650/650 665/665/665
f 648/648/648 665/665/665 661/661/661
f 663/663/663 668/668/668 667/667/667
f 663/663/663 667/667/667 662/662/662
f 666/666/666 587/587/587 662/662/662
f 667/667/667 666/666/666 662/662/662
f 663/663/663 664/664/664 669/669/669
f 663/663/663 669/669/669 668/668/668
f 649/649/649 652/652/652 669/669/669
f 649/649/649 669/669/669 664/664/664
f 670/670/670 671/671/671 676/676/676
f 670/670/670 676/676/676 675/675/675
f 675/675/675 674/674/674 670/670/670
f 671/671/671 672/672/672 677/677/677
f 671/671/671 677/677/677 676/676/676
f 676/676/676 655/655/655 654/654/654
f 655/655/655 676/676/676 677/677/677
f 655/655/655 677/677/677 656/656/656
f 672/672/672 673/673/673 678/678/678
f 672/672/672 678/678/678 677/677/677
f 656/656/656 677/677/677 678/678/678
f 656/656/656 678/678/678 657/657/657
f 653/653/653 657/657/657 678/678/678
f 653/653/653 678/678/678 673/673/673
f 654/654/654 658/658/658 679/679/679
f 654/654/654 679/679/679 675/675/675
f 679/679/679 594/594/594 590/590/590
f 679/679/679 658/658/658 585/585/585
f 671/671/671 682/682/682 683/683/683
f 671/671/671 683/683/683 672/672/672
f 681/681/681 671/671/671 670/670/670
f 672/672/672 683/683/683 684/684/684
f 672/672/672 684/684/684 673/673/673
f 670/670/670 674/674/674 685/685/685
f 670/670/670 685/685/685 681/681/681
f 685/685/685 607/607/607 603/603/603
f 685/685/685 674/674/674 590/590/590
f 603/603/603 619/619/619 689/689/689
f 603/603/603 689/689/689 681/681/681
f 686/686/686 687/687/687 691/691/691
f 686/686/686 691/691/691 690/690/690
f 690/690/690 689/689/689 686/686/686
f 690/690/690 682/682/682 681/681/681
f 682/682/682 690/690/690 691/691/691
f 682/682/682 691/691/691 683/683/683
f 687/687/687 688/688/688 680/680/680
f 687/687/687 680/680/680 691/691/691
f 683/683/683 691/691/691 680/680/680
f 683/683/683 680/680/680 684/684/684
f 686/686/686 694/694/694 695/695/695
f 686/686/686 695/695/695 687/687/687
f 687/687/687 695/695/695 696/696/696
f 687/687/687 696/696/696 688/688/688
f 633/633/633 697/697/697 689/689/689
f 633/633/633 689/689/689 619/619/619
f 686/686/686 689/689/689 698/698/698
f 686/686/686 698/698/698 693/693/693
f 698/698/698 697/697/697 692/692/692
f 237/237/237 239/239/239 701/701/701
f 237/237/237 701/701/701 702/702/702
f 703/703/703 702/702/702 699/699/699
f 705/705/705 704/704/704 700/700/700
f 701/701/701 705/705/705 700/700/700
f 701/701/701 239/239/239 238/238/238
f 238/238/238 241/241/241 707/707/707
f 238/238/238 707/707/707 705/705/705
f 707/707/707 706/706/706 704/704/704
f 707/707/707 241/241/241 240/240/240
f 240/240/240 243/243/243 709/709/709
f 240/240/240 709/709/709 706/706/706
f 243/243/243 245/245/245 710/710/710
f 243/243/243 710/710/710 709/709/709
f 245/245/245 247/247/247 711/711/711
f 245/245/245 711/711/711 710/710/710
f 711/711/711 247/247/247 246/246/246
f 700/700/700 713/713/713 717/717/717
f 700/700/700 717/717/717 701/701/701
f 699/699/699 714/714/714 712/712/712
f 699/699/699 702/702/702 717/717/717
f 699/699/699 717/717/717 714/714/714
f 717/717/717 702/702/702 701/701/701
f 704/704/704 706/706/706 719/719/719
f 704/704/704 719/719/719 718/718/718
f 716/716/716 718/718/718 715/715/715
f 706/706/706 709/709/709 708/708/708
f 706/706/706 708/708/708 719/719/719
f 710/710/710 711/711/711 643/643/643
f 710/710/710 643/643/643 645/645/645
f 712/712/712 714/714/714 724/724/724
f 712/712/712 724/724/724 720/720/720
f 724/724/724 714/714/714 713/713/713
f 715/715/715 726/726/726 727/727/727
f 715/715/715 727/727/727 716/716/716
f 727/727/727 726/726/726 722/722/722
f 725/725/725 726/726/726 715/715/715
f 725/725/725 715/715/715 728/728/728
f 727/727/727 713/713/713 716/716/716
f 727/727/727 723/723/723 713/713/713
f 718/718/718 719/719/719 729/729/729
f 718/718/718 729/729/729 728/728/728
f 719/719/719 708/708/708 644/644/644
f 719/719/719 644/644/644 729/729/729
f 722/722/722 730/730/730 733/733/733
f 722/722/722 733/733/733 723/723/723
f 721/721/721 731/731/731 449/449/449
f 720/720/720 724/724/724 733/733/733
f 720/720/720 733/733/733 731/731/731
f 733/733/733 724/724/724 723/723/723
f 728/728/728 729/729/729 647/647/647
f 728/728/728 647/647/647 653/653/653
f 732/732/732 726/726/726 725/725/725
f 647/647/647 657/657/657 653/653/653
f 730/730/730 734/734/734 735/735/735
f 730/730/730 735/735/735 731/731/731
f 449/449/449 731/731/731 735/735/735
f 449/449/449 735/735/735 450/450/450
f 732/732/732 737/737/737 738/738/738
f 732/732/732 738/738/738 730/730/730
f 450/450/450 735/735/735 742/742/742
f 450/450/450 742/742/742 452/452/452
f 738/738/738 734/734/734 730/730/730
f 737/737/737 732/732/732 725/725/725
f 740/740/740 739/739/739 725/725/725
f 742/742/742 735/735/735 734/734/734
f 739/739/739 744/744/744 736/736/736
f 739/739/739 736/736/736 737/737/737
f 743/743/743 737/737/737 736/736/736
f 738/738/738 743/743/743 741/741/741
f 738/738/738 741/741/741 734/734/734
f 736/736/736 744/744/744 743/743/743
f 680/680/680 744/744/744 739/739/739
f 680/680/680 739/739/739 684/684/684
f 673/673/673 684/684/684 739/739/739
f 673/673/673 739/739/739 740/740/740
f 452/452/452 742/742/742 746/746/746
f 452/452/452 746/746/746 454/454/454
f 746/746/746 742/742/742 741/741/741
f 680/680/680 688/688/688 747/747/747
f 680/680/680 747/747/747 744/744/744
f 745/745/745 748/748/748 749/749/749
f 745/745/745 749/749/749 746/746/746
f 454/454/454 746/746/746 749/749/749
f 454/454/454 749/749/749 458/458/458
f 747/747/747 750/750/750 748/748/748
f 747/747/747 748/748/748 745/745/745
f 688/688/688 696/696/696 750/750/750
f 688/688/688 750/750/750 747/747/747
f 283/283/283 755/755/755 756/756/756
f 283/283/283 756/756/756 284/284/284
f 182/182/182 751/751/751 460/460/460
f 756/756/756 755/755/755 751/751/751
f 285/285/285 703/703/703 753/753/753
f 285/285/285 753/753/753 286/286/286
f 703/703/703 285/285/285 237/237/237
f 753/753/753 703/703/703 752/752/752
f 460/460/460 751/751/751 760/760/760
f 460/460/460 760/760/760 463/463/463
f 753/753/753 282/282/282 286/286/286
f 288/288/288 755/755/755 283/283/283
f 712/712/712 757/757/757 761/761/761
f 712/712/712 761/761/761 699/699/699
f 712/712/712 721/721/721 762/762/762
f 712/712/712 762/762/762 757/757/757
f 761/761/761 752/752/752 699/699/699
f 761/761/761 753/753/753 752/752/752
f 761/761/761 757/757/757 758/758/758
f 758/758/758 754/754/754 753/753/753
f 755/755/755 760/760/760 751/751/751
f 758/758/758 467/467/467 468/468/468
f 758/758/758 468/468/468 759/759/759
f 763/763/763 758/758/758 757/757/757
f 467/467/467 763/763/763 466/466/466
f 759/759/759 468/468/468 462/462/462
f 759/759/759 462/462/462 760/760/760
f 449/449/449 472/472/472 762/762/762
f 449/449/449 762/762/762 721/721/721
f 466/466/466 763/763/763 762/762/762
f 466/466/466 762/762/762 473/473/473
f 764/764/764 765/765/765 769/769/769
f 764/764/764 769/769/769 768/768/768
f 182/182/182 323/323/323 756/756/756
f 766/766/766 770/770/770 769/769/769
f 766/766/766 769/769/769 765/765/765
f 767/767/767 771/771/771 770/770/770
f 767/767/767 770/770/770 766/766/766
f 1/1/1 772/772/772 777/777/777
f 1/1/1 777/777/777 2/2/2
f 773/773/773 778/778/778 777/777/777
f 773/773/773 777/777/777 772/772/772
f 774/774/774 779/779/779 778/778/778
f 774/774/774 778/778/778 773/773/773
f 764/764/764 778/778/778 779/779/779
f 764/764/764 779/779/779 765/765/765
f 775/775/775 780/780/780 779/779/779
f 775/775/775 779/779/779 774/774/774
f 779/779/779 780/780/780 766/766/766
f 779/779/779 766/766/766 765/765/765
f 776/776/776 781/781/781 780/780/780
f 776/776/776 780/780/780 775/775/775
f 780/780/780 781/781/781 767/767/767
f 780/780/780 767/767/767 766/766/766
f 777/777/777 783/783/783 3/3/3
f 777/777/777 3/3/3 2/2/2
f 777/777/777 778/778/778 784/784/784
f 777/777/777 784/784/784 783/783/783
f 778/778/778 764/764/764 768/768/768
f 778/778/778 768/768/768 784/784/784
f 768/768/768 769/769/769 785/785/785
f 768/768/768 785/785/785 784/784/784
f 785/785/785 769/769/769 770/770/770
f 785/785/785 770/770/770 786/786/786
f 786/786/786 770/770/770 771/771/771
f 786/786/786 771/771/771 787/787/787
f 781/781/781 787/787/787 771/771/771
f 781/781/781 771/771/771 767/767/767
f 782/782/782 788/788/788 787/787/787
f 782/782/782 787/787/787 781/781/781
f 1/1/1 5/5/5 789/789/789
f 1/1/1 789/789/789 772/772/772
f 772/772/772 789/789/789 790/790/790
f 772/772/772 790/790/790 773/773/773
f 773/773/773 790/790/790 791/791/791
f 773/773/773 791/791/791 774/774/774
f 791/791/791 792/792/792 775/775/775
f 791/791/791 775/775/775 774/774/774
f 792/792/792 793/793/793 776/776/776
f 792/792/792 776/776/776 775/775/775
f 776/776/776 793/793/793 795/795/795
f 776/776/776 795/795/795 781/781/781
f 794/794/794 796/796/796 795/795/795
f 794/794/794 795/795/795 793/793/793
f 795/795/795 796/796/796 782/782/782
f 795/795/795 782/782/782 781/781/781
f 3/3/3 783/783/783 797/797/797
f 3/3/3 797/797/797 11/11/11
f 783/783/783 784/784/784 798/798/798
f 783/783/783 798/798/798 797/797/797
f 798/798/798 784/784/784 785/785/785
f 798/798/798 785/785/785 799/799/799
f 799/799/799 785/785/785 786/786/786
f 799/799/799 786/786/786 800/800/800
f 800/800/800 786/786/786 787/787/787
f 800/800/800 787/787/787 801/801/801
f 801/801/801 787/787/787 788/788/788
f 801/801/801 788/788/788 802/802/802
f 782/782/782 796/796/796 802/802/802
f 782/782/782 802/802/802 788/788/788
f 5/5/5 14/14/14 803/803/803
f 5/5/5 803/803/803 789/789/789
f 789/789/789 803/803/803 804/804/804
f 789/789/789 804/804/804 790/790/790
f 790/790/790 804/804/804 805/805/805
f 790/790/790 805/805/805 791/791/791
f 791/791/791 805/805/805 806/806/806
f 791/791/791 806/806/806 792/792/792
f 792/792/792 806/806/806 807/807/807
f 792/792/792 807/807/807 793/793/793
f 807/807/807 808/808/808 794/794/794
f 807/807/807 794/794/794 793/793/793
f 794/794/794 808/808/808 809/809/809
f 794/794/794 809/809/809 796/796/796
f 11/11/11 797/797/797 810/810/810
f 11/11/11 810/810/810 21/21/21
f 797/797/797 798/798/798 811/811/811
f 797/797/797 811/811/811 810/810/810
f 811/811/811 798/798/798 799/799/799
f 811/811/811 799/799/799 812/812/812
f 812/812/812 799/799/799 800/800/800
f 812/812/812 800/800/800 813/813/813
f 813/813/813 800/800/800 801/801/801
f 813/813/813 801/801/801 814/814/814
f 810/810/810 815/815/815 22/22/22
f 810/810/810 22/22/22 21/21/21
f 802/802/802 796/796/796 809/809/809
f 810/810/810 811/811/811 816/816/816
f 810/810/810 816/816/816 815/815/815
f 14/14/14 27/27/27 817/817/817
f 14/14/14 817/817/817 803/803/803
f 812/812/812 816/816/816 811/811/811
f 805/805/805 818/818/818 819/819/819
f 805/805/805 819/819/819 806/806/806
f 804/804/804 803/803/803 817/817/817
f 806/806/806 819/819/819 820/820/820
f 806/806/806 820/820/820 807/807/807
f 823/823/823 814/814/814 802/802/802
f 823/823/823 802/802/802 824/824/824
f 808/808/808 807/807/807 820/820/820
f 821/821/821 809/809/809 808/808/808
f 814/814/814 823/823/823 813/813/813
f 809/809/809 821/821/821 824/824/824
f 809/809/809 824/824/824 802/802/802
f 819/819/819 829/829/829 830/830/830
f 819/819/819 830/830/830 820/820/820
f 816/816/816 825/825/825 815/815/815
f 812/812/812 822/822/822 816/816/816
f 817/817/817 27/27/27 36/36/36
f 817/817/817 827/827/827 828/828/828
f 818/818/818 804/804/804 828/828/828
f 820/820/820 830/830/830 831/831/831
f 820/820/820 831/831/831 808/808/808
f 22/22/22 825/825/825 833/833/833
f 22/22/22 833/833/833 63/63/63
f 825/825/825 816/816/816 834/834/834
f 825/825/825 834/834/834 833/833/833
f 816/816/816 822/822/822 839/839/839
f 816/816/816 839/839/839 834/834/834
f 823/823/823 824/824/824 838/838/838
f 823/823/823 838/838/838 837/837/837
f 826/826/826 813/813/813 832/832/832
f 829/829/829 818/818/818 835/835/835
f 836/836/836 821/821/821 831/831/831
f 823/823/823 837/837/837 832/832/832
f 836/836/836 838/838/838 824/824/824
f 836/836/836 824/824/824 821/821/821
f 840/840/840 839/839/839 826/826/826
f 840/840/840 826/826/826 841/841/841
f 833/833/833 64/64/64 63/63/63
f 827/827/827 842/842/842 843/843/843
f 827/827/827 843/843/843 828/828/828
f 842/842/842 827/827/827 50/50/50
f 843/843/843 844/844/844 835/835/835
f 843/843/843 835/835/835 828/828/828
f 844/844/844 850/850/850 829/829/829
f 844/844/844 829/829/829 835/835/835
f 850/850/850 845/845/845 830/830/830
f 850/850/850 830/830/830 829/829/829
f 830/830/830 845/845/845 846/846/846
f 830/830/830 846/846/846 831/831/831
f 833/833/833 839/839/839 849/849/849
f 833/833/833 849/849/849 848/848/848
f 836/836/836 831/831/831 846/846/846
f 837/837/837 847/847/847 832/832/832
f 851/851/851 852/852/852 845/845/845
f 851/851/851 845/845/845 850/850/850
f 840/840/840 849/849/849 839/839/839
f 841/841/841 832/832/832 847/847/847
f 846/846/846 852/852/852 853/853/853
f 846/846/846 853/853/853 854/854/854
f 847/847/847 837/837/837 856/856/856
f 847/847/847 856/856/856 855/855/855
f 837/837/837 838/838/838 857/857/857
f 837/837/837 857/857/857 856/856/856
f 836/836/836 854/854/854 857/857/857
f 836/836/836 857/857/857 838/838/838
f 840/840/840 841/841/841 859/859/859
f 840/840/840 859/859/859 858/858/858
f 848/848/848 121/121/121 64/64/64
f 855/855/855 859/859/859 841/841/841
f 855/855/855 841/841/841 847/847/847
f 842/842/842 132/132/132 870/870/870
f 842/842/842 870/870/870 843/843/843
f 843/843/843 870/870/870 860/860/860
f 843/843/843 860/860/860 844/844/844
f 860/860/860 861/861/861 850/850/850
f 860/860/860 850/850/850 844/844/844
f 850/850/850 861/861/861 862/862/862
f 850/850/850 862/862/862 851/851/851
f 851/851/851 862/862/862 863/863/863
f 851/851/851 863/863/863 852/852/852
f 863/863/863 864/864/864 853/853/853
f 863/863/863 853/853/853 852/852/852
f 853/853/853 864/864/864 865/865/865
f 853/853/853 865/865/865 854/854/854
f 855/855/855 856/856/856 867/867/867
f 855/855/855 867/867/867 866/866/866
f 864/864/864 867/867/867 857/857/857
f 864/864/864 857/857/857 865/865/865
f 848/848/848 849/849/849 868/868/868
f 848/848/848 868/868/868 140/140/140
f 857/857/857 867/867/867 856/856/856
f 857/857/857 854/854/854 865/865/865
f 866/866/866 869/869/869 859/859/859
f 866/866/866 859/859/859 855/855/855
f 858/858/858 868/868/868 849/849/849
f 861/861/861 872/872/872 873/873/873
f 861/861/861 873/873/873 862/862/862
f 874/874/874 876/876/876 867/867/867
f 874/874/874 867/867/867 864/864/864
f 874/874/874 864/864/864 863/863/863
f 877/877/877 140/140/140 868/868/868
f 877/877/877 868/868/868 878/878/878
f 878/878/878 868/868/868 858/858/858
f 878/878/878 858/858/858 879/879/879
f 875/875/875 879/879/879 869/869/869
f 875/875/875 869/869/869 866/866/866
f 880/880/880 881/881/881 873/873/873
f 880/880/880 873/873/873 872/872/872
f 869/869/869 879/879/879 858/858/858
f 873/873/873 881/881/881 882/882/882
f 873/873/873 882/882/882 863/863/863
f 882/882/882 881/881/881 883/883/883
f 882/882/882 883/883/883 884/884/884
f 882/882/882 884/884/884 874/874/874
f 882/882/882 874/874/874 863/863/863
f 866/866/866 876/876/876 886/886/886
f 866/866/866 886/886/886 885/885/885
f 874/874/874 884/884/884 886/886/886
f 874/874/874 886/886/886 876/876/876
f 870/870/870 165/165/165 887/887/887
f 870/870/870 887/887/887 871/871/871
f 877/877/877 153/153/153 140/140/140
f 165/165/165 870/870/870 145/145/145
f 887/887/887 888/888/888 872/872/872
f 887/887/887 872/872/872 871/871/871
f 872/872/872 888/888/888 889/889/889
f 872/872/872 889/889/889 880/880/880
f 880/880/880 889/889/889 890/890/890
f 880/880/880 890/890/890 881/881/881
f 890/890/890 891/891/891 883/883/883
f 890/890/890 883/883/883 881/881/881
f 883/883/883 891/891/891 892/892/892
f 883/883/883 892/892/892 884/884/884
f 875/875/875 885/885/885 894/894/894
f 875/875/875 894/894/894 893/893/893
f 891/891/891 894/894/894 886/886/886
f 891/891/891 886/886/886 892/892/892
f 877/877/877 878/878/878 896/896/896
f 877/877/877 896/896/896 895/895/895
f 886/886/886 894/894/894 885/885/885
f 886/886/886 884/884/884 892/892/892
f 878/878/878 879/879/879 897/897/897
f 878/878/878 897/897/897 896/896/896
f 875/875/875 893/893/893 897/897/897
f 875/875/875 897/897/897 879/879/879
f 888/888/888 899/899/899 900/900/900
f 888/888/888 900/900/900 889/889/889
f 889/889/889 900/900/900 901/901/901
f 889/889/889 901/901/901 890/890/890
f 901/901/901 900/900/900 902/902/902
f 901/901/901 902/902/902 903/903/903
f 901/901/901 903/903/903 891/891/891
f 901/901/901 891/891/891 890/890/890
f 893/893/893 894/894/894 906/906/906
f 893/893/893 906/906/906 905/905/905
f 891/891/891 903/903/903 906/906/906
f 891/891/891 906/906/906 894/894/894
f 153/153/153 895/895/895 907/907/907
f 153/153/153 907/907/907 171/171/171
f 907/907/907 895/895/895 896/896/896
f 907/907/907 896/896/896 908/908/908
f 899/899/899 910/910/910 911/911/911
f 899/899/899 911/911/911 900/900/900
f 897/897/897 905/905/905 904/904/904
f 897/897/897 908/908/908 896/896/896
f 911/911/911 912/912/912 902/902/902
f 911/911/911 902/902/902 900/900/900
f 902/902/902 912/912/912 913/913/913
f 902/902/902 913/913/913 903/903/903
f 904/904/904 905/905/905 915/915/915
f 904/904/904 915/915/915 914/914/914
f 912/912/912 915/915/915 916/916/916
f 912/912/912 916/916/916 913/913/913
f 905/905/905 906/906/906 916/916/916
f 905/905/905 916/916/916 915/915/915
f 913/913/913 916/916/916 906/906/906
f 913/913/913 906/906/906 903/903/903
f 918/918/918 924/924/924 925/925/925
f 918/918/918 925/925/925 919/919/919
f 908/908/908 917/917/917 907/907/907
f 921/921/921 922/922/922 926/926/926
f 921/921/921 926/926/926 925/925/925
f 919/919/919 925/925/925 926/926/926
f 919/919/919 926/926/926 920/920/920
f 921/921/921 928/928/928 929/929/929
f 921/921/921 929/929/929 922/922/922
f 927/927/927 928/928/928 931/931/931
f 927/927/927 931/931/931 930/930/930
f 930/930/930 924/924/924 923/923/923
f 924/924/924 930/930/930 931/931/931
f 924/924/924 931/931/931 925/925/925
f 921/921/921 925/925/925 931/931/931
f 921/921/921 931/931/931 928/928/928
f 933/933/933 934/934/934 929/929/929
f 933/933/933 929/929/929 928/928/928
f 933/933/933 928/928/928 927/927/927
f 932/932/932 927/927/927 930/930/930
f 932/932/932 930/930/930 936/936/936
f 938/938/938 939/939/939 933/933/933
f 938/938/938 933/933/933 927/927/927
f 938/938/938 927/927/927 932/932/932
f 937/937/937 932/932/932 941/941/941
f 937/937/937 941/941/941 940/940/940
f 935/935/935 940/940/940 941/941/941
f 935/935/935 941/941/941 936/936/936
f 937/937/937 943/943/943 944/944/944
f 937/937/937 944/944/944 932/932/932
f 937/937/937 940/940/940 946/946/946
f 937/937/937 946/946/946 943/943/943
f 938/938/938 932/932/932 944/944/944
f 934/934/934 939/939/939 942/942/942
f 938/938/938 947/947/947 948/948/948
f 938/938/938 948/948/948 939/939/939
f 947/947/947 938/938/938 944/944/944
f 945/945/945 949/949/949 950/950/950
f 945/945/945 950/950/950 946/946/946
f 943/943/943 954/954/954 955/955/955
f 943/943/943 955/955/955 944/944/944
f 944/944/944 955/955/955 956/956/956
f 944/944/944 956/956/956 947/947/947
f 951/951/951 952/952/952 948/948/948
f 951/951/951 948/948/948 956/956/956
f 954/954/954 943/943/943 950/950/950
f 954/954/954 950/950/950 957/957/957
f 948/948/948 952/952/952 942/942/942
f 957/957/957 950/950/950 949/949/949
f 922/922/922 961/961/961 964/964/964
f 922/922/922 964/964/964 926/926/926
f 920/920/920 926/926/926 964/964/964
f 920/920/920 964/964/964 958/958/958
f 962/962/962 965/965/965 964/964/964
f 962/962/962 964/964/964 961/961/961
f 964/964/964 965/965/965 959/959/959
f 964/964/964 959/959/959 958/958/958
f 963/963/963 966/966/966 965/965/965
f 963/963/963 965/965/965 962/962/962
f 965/965/965 966/966/966 960/960/960
f 965/965/965 960/960/960 959/959/959
f 922/922/922 929/929/929 968/968/968
f 922/922/922 968/968/968 961/961/961
f 968/968/968 969/969/969 962/962/962
f 968/968/968 962/962/962 961/961/961
f 969/969/969 970/970/970 963/963/963
f 969/969/969 963/963/963 962/962/962
f 963/963/963 970/970/970 971/971/971
f 963/963/963 971/971/971 966/966/966
f 971/971/971 972/972/972 967/967/967
f 971/971/971 967/967/967 966/966/966
f 934/934/934 974/974/974 968/968/968
f 934/934/934 968/968/968 929/929/929
f 970/970/970 976/976/976 978/978/978
f 970/970/970 978/978/978 972/972/972
f 969/969/969 968/968/968 974/974/974
f 975/975/975 970/970/970 969/969/969
f 977/977/977 979/979/979 978/978/978
f 977/977/977 978/978/978 976/976/976
f 978/978/978 979/979/979 973/973/973
f 978/978/978 973/973/973 972/972/972
f 969/969/969 980/980/980 981/981/981
f 969/969/969 981/981/981 975/975/975
f 980/980/980 969/969/969 974/974/974
f 981/981/981 982/982/982 976/976/976
f 981/981/981 976/976/976 975/975/975
f 982/982/982 983/983/983 977/977/977
f 982/982/982 977/977/977 976/976/976
f 988/988/988 989/989/989 982/982/982
f 988/988/988 982/982/982 981/981/981
f 986/986/986 934/934/934 942/942/942
f 986/986/986 974/974/974 934/934/934
f 980/980/980 987/987/987 988/988/988
f 982/982/982 989/989/989 990/990/990
f 982/982/982 990/990/990 983/983/983
f 983/983/983 991/991/991 993/993/993
f 983/983/983 993/993/993 984/984/984
f 992/992/992 994/994/994 993/993/993
f 992/992/992 993/993/993 991/991/991
f 993/993/993 994/994/994 985/985/985
f 993/993/993 985/985/985 984/984/984
f 998/998/998 999/999/999 989/989/989
f 998/998/998 989/989/989 988/988/988
f 996/996/996 986/986/986 942/942/942
f 987/987/987 986/986/986 996/996/996
f 999/999/999 1000/1000/1000 991/991/991
f 999/999/999 991/991/991 990/990/990
f 1000/1000/1000 1001/1001/1001 992/992/992
f 1000/1000/1000 992/992/992 991/991/991
f 992/992/992 1001/1001/1001 1003/1003/1003
f 992/992/992 1003/1003/1003 994/994/994
f 1002/1002/1002 1004/1004/1004 1003/1003/1003
f 1002/1002/1002 1003/1003/1003 1001/1001/1001
f 1003/1003/1003 1004/1004/1004 995/995/995
f 1003/1003/1003 995/995/995 994/994/994
f 1007/1007/1007 1008/1008/1008 1001/1001/1001
f 1007/1007/1007 1001/1001/1001 1000/1000/1000
f 1005/1005/1005 987/987/987 996/996/996
f 997/997/997 987/987/987 1005/1005/1005
f 998/998/998 988/988/988 1006/1006/1006
f 1008/1008/1008 1009/1009/1009 1002/1002/1002
f 1008/1008/1008 1002/1002/1002 1001/1001/1001
f 1002/1002/1002 1009/1009/1009 1010/1010/1010
f 1002/1002/1002 1010/1010/1010 1004/1004/1004
f 1013/1013/1013 1012/1012/1012 207/207/207
f 1013/1013/1013 207/207/207 212/212/212
f 1018/1018/1018 1020/1020/1020 1013/1013/1013
f 1018/1018/1018 1013/1013/1013 211/211/211
f 1016/1016/1016 1013/1013/1013 1014/1014/1014
f 1017/1017/1017 1014/1014/1014 1015/1015/1015
f 1019/1019/1019 1021/1021/1021 1020/1020/1020
f 1019/1019/1019 1020/1020/1020 1018/1018/1018
f 1020/1020/1020 1014/1014/1014 1013/1013/1013
f 1020/1020/1020 1021/1021/1021 1015/1015/1015
f 1020/1020/1020 1015/1015/1015 1014/1014/1014
f 1022/1022/1022 1025/1025/1025 216/216/216
f 1022/1022/1022 216/216/216 214/214/214
f 1019/1019/1019 1038/1038/1038 1034/1034/1034
f 1019/1019/1019 1034/1034/1034 1021/1021/1021
f 1025/1025/1025 1018/1018/1018 211/211/211
f 1026/1026/1026 1025/1025/1025 1023/1023/1023
f 1026/1026/1026 1019/1019/1019 1018/1018/1018
f 1029/1029/1029 1022/1022/1022 214/214/214
f 1023/1023/1023 1022/1022/1022 1029/1029/1029
f 1030/1030/1030 1029/1029/1029 1027/1027/1027
f 1024/1024/1024 1023/1023/1023 1030/1030/1030
f 1035/1035/1035 1042/1042/1042 1043/1043/1043
f 1035/1035/1035 1043/1043/1043 1037/1037/1037
f 1036/1036/1036 1021/1021/1021 1034/1034/1034
f 1032/1032/1032 1015/1015/1015 1036/1036/1036
f 1033/1033/1033 1032/1032/1032 1035/1035/1035
f 1041/1041/1041 1034/1034/1034 1038/1038/1038
f 1041/1041/1041 1038/1038/1038 1039/1039/1039
f 1035/1035/1035 1034/1034/1034 1041/1041/1041
f 1042/1042/1042 1039/1039/1039 1040/1040/1040
f 1024/1024/1024 1044/1044/1044 1045/1045/1045
f 1024/1024/1024 1045/1045/1045 1038/1038/1038
f 1048/1048/1048 1051/1051/1051 1053/1053/1053
f 1048/1048/1048 1053/1053/1053 1049/1049/1049
f 1039/1039/1039 1038/1038/1038 1045/1045/1045
f 1040/1040/1040 1039/1039/1039 1046/1046/1046
f 1043/1043/1043 1042/1042/1042 1048/1048/1048
f 1047/1047/1047 1037/1037/1037 1043/1043/1043
f 1040/1040/1040 1046/1046/1046 1050/1050/1050
f 1048/1048/1048 1042/1042/1042 1040/1040/1040
f 909/909/909 1055/1055/1055 1056/1056/1056
f 909/909/909 1056/1056/1056 910/910/910
f 1053/1053/1053 1051/1051/1051 1052/1052/1052
f 401/401/401 1055/1055/1055 898/898/898
f 910/910/910 1056/1056/1056 1057/1057/1057
f 910/910/910 1057/1057/1057 911/911/911
f 1057/1057/1057 1056/1056/1056 1058/1058/1058
f 1057/1057/1057 1058/1058/1058 1059/1059/1059
f 911/911/911 1057/1057/1057 1059/1059/1059
f 911/911/911 1059/1059/1059 912/912/912
f 1058/1058/1058 1061/1061/1061 1062/1062/1062
f 1058/1058/1058 1062/1062/1062 1059/1059/1059
f 914/914/914 915/915/915 1062/1062/1062
f 914/914/914 1062/1062/1062 1061/1061/1061
f 912/912/912 1059/1059/1059 1062/1062/1062
f 912/912/912 1062/1062/1062 915/915/915
f 406/406/406 171/171/171 917/917/917
f 406/406/406 917/917/917 1063/1063/1063
f 1060/1060/1060 1063/1063/1063 1064/1064/1064
f 1060/1060/1060 1064/1064/1064 1061/1061/1061
f 917/917/917 908/908/908 1064/1064/1064
f 917/917/917 1064/1064/1064 1063/1063/1063
f 914/914/914 1061/1061/1061 1064/1064/1064
f 914/914/914 1064/1064/1064 908/908/908
f 401/401/401 412/412/412 1065/1065/1065
f 401/401/401 1065/1065/1065 1055/1055/1055
f 1055/1055/1055 1065/1065/1065 1066/1066/1066
f 1055/1055/1055 1066/1066/1066 1056/1056/1056
f 1066/1066/1066 1067/1067/1067 1058/1058/1058
f 1066/1066/1066 1058/1058/1058 1056/1056/1056
f 1060/1060/1060 1061/1061/1061 1070/1070/1070
f 1060/1060/1060 1070/1070/1070 1069/1069/1069
f 1058/1058/1058 1067/1067/1067 1070/1070/1070
f 1058/1058/1058 1070/1070/1070 1061/1061/1061
f 1068/1068/1068 1071/1071/1071 1070/1070/1070
f 1068/1068/1068 1070/1070/1070 1067/1067/1067
f 417/417/417 406/406/406 1063/1063/1063
f 417/417/417 1063/1063/1063 1072/1072/1072
f 1069/1069/1069 1072/1072/1072 1063/1063/1063
f 1069/1069/1069 1063/1063/1063 1060/1060/1060
f 1069/1069/1069 1070/1070/1070 1073/1073/1073
f 1069/1069/1069 1073/1073/1073 1072/1072/1072
f 1070/1070/1070 1071/1071/1071 1074/1074/1074
f 1070/1070/1070 1074/1074/1074 1073/1073/1073
f 417/417/417 1072/1072/1072 1075/1075/1075
f 417/417/417 1075/1075/1075 422/422/422
f 422/422/422 1075/1075/1075 1078/1078/1078
f 422/422/422 1078/1078/1078 426/426/426
f 426/426/426 1078/1078/1078 1080/1080/1080
f 426/426/426 1080/1080/1080 429/429/429
f 1078/1078/1078 1075/1075/1075 1076/1076/1076
f 437/437/437 1082/1082/1082 1065/1065/1065
f 437/437/437 1065/1065/1065 412/412/412
f 1080/1080/1080 1078/1078/1078 1076/1076/1076
f 1080/1080/1080 1076/1076/1076 1077/1077/1077
f 1081/1081/1081 1080/1080/1080 1077/1077/1077
f 1081/1081/1081 1077/1077/1077 1079/1079/1079
f 1082/1082/1082 1083/1083/1083 1066/1066/1066
f 1082/1082/1082 1066/1066/1066 1065/1065/1065
f 1066/1066/1066 1083/1083/1083 1086/1086/1086
f 1066/1066/1066 1086/1086/1086 1067/1067/1067
f 1084/1084/1084 1087/1087/1087 1086/1086/1086
f 1084/1084/1084 1086/1086/1086 1083/1083/1083
f 1086/1086/1086 1087/1087/1087 1068/1068/1068
f 1086/1086/1086 1068/1068/1068 1067/1067/1067
f 1085/1085/1085 1088/1088/1088 1087/1087/1087
f 1085/1085/1085 1087/1087/1087 1084/1084/1084
f 1068/1068/1068 1087/1087/1087 1091/1091/1091
f 1068/1068/1068 1091/1091/1091 1071/1071/1071
f 1087/1087/1087 1088/1088/1088 1092/1092/1092
f 1087/1087/1087 1092/1092/1092 1091/1091/1091
f 1089/1089/1089 1093/1093/1093 1092/1092/1092
f 1089/1089/1089 1092/1092/1092 1088/1088/1088
f 1090/1090/1090 1094/1094/1094 1093/1093/1093
f 1090/1090/1090 1093/1093/1093 1089/1089/1089
f 1095/1095/1095 1072/1072/1072 1073/1073/1073
f 1095/1095/1095 1073/1073/1073 1096/1096/1096
f 1096/1096/1096 1073/1073/1073 1074/1074/1074
f 1096/1096/1096 1074/1074/1074 1097/1097/1097
f 1091/1091/1091 1097/1097/1097 1074/1074/1074
f 1091/1091/1091 1074/1074/1074 1071/1071/1071
f 1091/1091/1091 1092/1092/1092 1098/1098/1098
f 1091/1091/1091 1098/1098/1098 1097/1097/1097
f 1094/1094/1094 1099/1099/1099 1098/1098/1098
f 1094/1094/1094 1098/1098/1098 1093/1093/1093
f 1095/1095/1095 1100/1100/1100 1076/1076/1076
f 1095/1095/1095 1076/1076/1076 1075/1075/1075
f 1075/1075/1075 1072/1072/1072 1095/1095/1095
f 1096/1096/1096 1097/1097/1097 1101/1101/1101
f 1096/1096/1096 1101/1101/1101 1100/1100/1100
f 1100/1100/1100 1101/1101/1101 1077/1077/1077
f 1100/1100/1100 1077/1077/1077 1076/1076/1076
f 1098/1098/1098 1102/1102/1102 1101/1101/1101
f 1098/1098/1098 1101/1101/1101 1097/1097/1097
f 1099/1099/1099 1103/1103/1103 1102/1102/1102
f 1099/1099/1099 1102/1102/1102 1098/1098/1098
f 1012/1012/1012 1105/1105/1105 448/448/448
f 1012/1012/1012 448/448/448 204/204/204
f 1079/1079/1079 1077/1077/1077 1102/1102/1102
f 1079/1079/1079 1102/1102/1102 1103/1103/1103
f 1016/1016/1016 1107/1107/1107 1106/1106/1106
f 1016/1016/1016 1106/1106/1106 1012/1012/1012
f 1106/1106/1106 1105/1105/1105 1012/1012/1012
f 435/435/435 1105/1105/1105 1110/1110/1110
f 435/435/435 1110/1110/1110 1082/1082/1082
f 1106/1106/1106 1111/1111/1111 1110/1110/1110
f 1106/1106/1106 1110/1110/1110 1105/1105/1105
f 1110/1110/1110 1111/1111/1111 1083/1083/1083
f 1110/1110/1110 1083/1083/1083 1082/1082/1082
f 1107/1107/1107 1112/1112/1112 1111/1111/1111
f 1107/1107/1107 1111/1111/1111 1106/1106/1106
f 1111/1111/1111 1112/1112/1112 1084/1084/1084
f 1111/1111/1111 1084/1084/1084 1083/1083/1083
f 1108/1108/1108 1113/1113/1113 1112/1112/1112
f 1108/1108/1108 1112/1112/1112 1107/1107/1107
f 1112/1112/1112 1113/1113/1113 1085/1085/1085
f 1112/1112/1112 1085/1085/1085 1084/1084/1084
f 1114/1114/1114 1089/1089/1089 1088/1088/1088
f 1114/1114/1114 1088/1088/1088 1113/1113/1113
f 1114/1114/1114 1113/1113/1113 1108/1108/1108
f 1114/1114/1114 1108/1108/1108 1109/1109/1109
f 1016/1016/1016 1017/1017/1017 1116/1116/1116
f 1016/1016/1016 1116/1116/1116 1108/1108/1108
f 1118/1118/1118 1120/1120/1120 1103/1103/1103
f 1118/1118/1118 1103/1103/1103 1099/1099/1099
f 1109/1109/1109 1108/1108/1108 1116/1116/1116
f 1116/1116/1116 1017/1017/1017 1015/1015/1015
f 1119/1119/1119 1121/1121/1121 1120/1120/1120
f 1119/1119/1119 1120/1120/1120 1118/1118/1118
f 1122/1122/1122 1124/1124/1124 1104/1104/1104
f 1122/1122/1122 1104/1104/1104 1123/1123/1123
f 1123/1123/1123 1103/1103/1103 1120/1120/1120
f 1123/1123/1123 1120/1120/1120 1121/1121/1121
f 1123/1123/1123 1121/1121/1121 1122/1122/1122
f 1104/1104/1104 1079/1079/1079 1123/1123/1123
f 1126/1126/1126 1128/1128/1128 1127/1127/1127
f 1126/1126/1126 1127/1127/1127 1125/1125/1125
f 1115/1115/1115 1114/1114/1114 1125/1125/1125
f 1127/1127/1127 1115/1115/1115 1125/1125/1125
f 1090/1090/1090 1115/1115/1115 1129/1129/1129
f 1090/1090/1090 1129/1129/1129 1117/1117/1117
f 1132/1132/1132 1133/1133/1133 1122/1122/1122
f 1132/1132/1132 1122/1122/1122 1121/1121/1121
f 1129/1129/1129 1115/1115/1115 1127/1127/1127
f 1129/1129/1129 1127/1127/1127 1128/1128/1128
f 1130/1130/1130 1129/1129/1129 1128/1128/1128
f 1119/1119/1119 1129/1129/1129 1130/1130/1130
f 1132/1132/1132 1119/1119/1119 1131/1131/1131
f 1032/1032/1032 1135/1135/1135 1116/1116/1116
f 1032/1032/1032 1116/1116/1116 1015/1015/1015
f 1109/1109/1109 1135/1135/1135 1137/1137/1137
f 1109/1109/1109 1137/1137/1137 1125/1125/1125
f 1126/1126/1126 1138/1138/1138 1139/1139/1139
f 1126/1126/1126 1139/1139/1139 1128/1128/1128
f 1137/1137/1137 1135/1135/1135 1033/1033/1033
f 1126/1126/1126 1125/1125/1125 1137/1137/1137
f 1138/1138/1138 1033/1033/1033 1136/1136/1136
f 1128/1128/1128 1139/1139/1139 1140/1140/1140
f 1128/1128/1128 1140/1140/1140 1130/1130/1130
f 1142/1142/1142 1143/1143/1143 1132/1132/1132
f 1142/1142/1142 1132/1132/1132 1131/1131/1131
f 1136/1136/1136 1033/1033/1033 1141/1141/1141
f 1143/1143/1143 1144/1144/1144 1133/1133/1133
f 1143/1143/1143 1133/1133/1133 1132/1132/1132
f 1146/1146/1146 1147/1147/1147 1139/1139/1139
f 1146/1146/1146 1139/1139/1139 1138/1138/1138
f 1134/1134/1134 1133/1133/1133 1144/1144/1144
f 1145/1145/1145 1134/1134/1134 1144/1144/1144
f 1148/1148/1148 1149/1149/1149 1140/1140/1140
f 1148/1148/1148 1140/1140/1140 1147/1147/1147
f 1140/1140/1140 1139/1139/1139 1147/1147/1147
f 1149/1149/1149 1150/1150/1150 1131/1131/1131
f 1149/1149/1149 1131/1131/1131 1140/1140/1140
f 1143/1143/1143 1151/1151/1151 1152/1152/1152
f 1143/1143/1143 1152/1152/1152 1144/1144/1144
f 1151/1151/1151 1150/1150/1150 1160/1160/1160
f 1152/1152/1152 1153/1153/1153 1145/1145/1145
f 1152/1152/1152 1145/1145/1145 1144/1144/1144
f 1155/1155/1155 1156/1156/1156 1136/1136/1136
f 1155/1155/1155 1136/1136/1136 1141/1141/1141
f 1141/1141/1141 1037/1037/1037 1047/1047/1047
f 1146/1146/1146 1138/1138/1138 1136/1136/1136
f 1157/1157/1157 1158/1158/1158 1149/1149/1149
f 1157/1157/1157 1149/1149/1149 1148/1148/1148
f 1146/1146/1146 1136/1136/1136 1156/1156/1156
f 1148/1148/1148 1147/1147/1147 1146/1146/1146
f 1167/1167/1167 1165/1165/1165 1157/1157/1157
f 1167/1167/1167 1157/1157/1157 1164/1164/1164
f 1160/1160/1160 1150/1150/1150 1149/1149/1149
f 1160/1160/1160 1149/1149/1149 1158/1158/1158
f 1152/1152/1152 1151/1151/1151 1161/1161/1161
f 1162/1162/1162 1141/1141/1141 1047/1047/1047
f 1162/1162/1162 1047/1047/1047 1049/1049/1049
f 1155/1155/1155 1141/1141/1141 1162/1162/1162
f 1155/1155/1155 1162/1162/1162 1163/1163/1163
f 1163/1163/1163 1166/1166/1166 1167/1167/1167
f 1163/1163/1163 1167/1167/1167 1164/1164/1164
f 1158/1158/1158 1157/1157/1157 1165/1165/1165
f 1049/1049/1049 1053/1053/1053 1054/1054/1054
f 1171/1171/1171 1168/1168/1168 1159/1159/1159
f 1171/1171/1171 1159/1159/1159 1158/1158/1158
f 1161/1161/1161 1159/1159/1159 1168/1168/1168
f 1170/1170/1170 1154/1154/1154 1152/1152/1152
f 1170/1170/1170 1152/1152/1152 1169/1169/1169
f 1172/1172/1172 1173/1173/1173 1168/1168/1168
f 1172/1172/1172 1168/1168/1168 1171/1171/1171
f 1179/1179/1179 1180/1180/1180 1172/1172/1172
f 1179/1179/1179 1172/1172/1172 1171/1171/1171
f 1161/1161/1161 1168/1168/1168 1173/1173/1173
f 1175/1175/1175 1161/1161/1161 1174/1174/1174
f 1170/1170/1170 1169/1169/1169 1175/1175/1175
f 1165/1165/1165 1167/1167/1167 1177/1177/1177
f 1171/1171/1171 1165/1165/1165 1178/1178/1178
f 1182/1182/1182 1183/1183/1183 1176/1176/1176
f 1182/1182/1182 1176/1176/1176 1175/1175/1175
f 1181/1181/1181 1180/1180/1180 1382/1382/1382
f 1175/1175/1175 1174/1174/1174 1181/1181/1181
f 949/949/949 1184/1184/1184 1185/1185/1185
f 949/949/949 1185/1185/1185 957/957/957
f 954/954/954 1187/1187/1187 1188/1188/1188
f 954/954/954 1188/1188/1188 955/955/955
f 957/957/957 1185/1185/1185 954/954/954
f 1186/1186/1186 953/953/953 952/952/952
f 955/955/955 1188/1188/1188 1189/1189/1189
f 955/955/955 1189/1189/1189 956/956/956
f 951/951/951 1190/1190/1190 1191/1191/1191
f 951/951/951 1191/1191/1191 952/952/952
f 1192/1192/1192 1193/1193/1193 1185/1185/1185
f 1192/1192/1192 1185/1185/1185 1184/1184/1184
f 1195/1195/1195 1196/1196/1196 1188/1188/1188
f 1195/1195/1195 1188/1188/1188 1187/1187/1187
f 1185/1185/1185 1193/1193/1193 1187/1187/1187
f 1188/1188/1188 1196/1196/1196 1197/1197/1197
f 1188/1188/1188 1197/1197/1197 1189/1189/1189
f 1198/1198/1198 1199/1199/1199 1191/1191/1191
f 1198/1198/1198 1191/1191/1191 1190/1190/1190
f 1189/1189/1189 1197/1197/1197 1190/1190/1190
f 1193/1193/1193 1195/1195/1195 1187/1187/1187
f 1200/1200/1200 1201/1201/1201 1193/1193/1193
f 1200/1200/1200 1193/1193/1193 1192/1192/1192
f 1194/1194/1194 1191/1191/1191 1199/1199/1199
f 1197/1197/1197 1198/1198/1198 1190/1190/1190
f 1202/1202/1202 1203/1203/1203 1196/1196/1196
f 1202/1202/1202 1196/1196/1196 1195/1195/1195
f 1203/1203/1203 1204/1204/1204 1197/1197/1197
f 1203/1203/1203 1197/1197/1197 1196/1196/1196
f 1195/1195/1195 1201/1201/1201 1205/1205/1205
f 1195/1195/1195 1205/1205/1205 1202/1202/1202
f 1209/1209/1209 1210/1210/1210 1205/1205/1205
f 1209/1209/1209 1205/1205/1205 1200/1200/1200
f 1203/1203/1203 1202/1202/1202 1207/1207/1207
f 1207/1207/1207 1202/1202/1202 1205/1205/1205
f 1207/1207/1207 1205/1205/1205 1210/1210/1210
f 1211/1211/1211 1212/1212/1212 1199/1199/1199
f 1211/1211/1211 1199/1199/1199 1198/1198/1198
f 1213/1213/1213 1214/1214/1214 1203/1203/1203
f 1213/1213/1213 1203/1203/1203 1207/1207/1207
f 1206/1206/1206 1199/1199/1199 1212/1212/1212
f 1207/1207/1207 1210/1210/1210 1215/1215/1215
f 1207/1207/1207 1215/1215/1215 1213/1213/1213
f 1208/1208/1208 1203/1203/1203 1214/1214/1214
f 1208/1208/1208 1211/1211/1211 1198/1198/1198
f 1009/1009/1009 1219/1219/1219 1220/1220/1220
f 1009/1009/1009 1220/1220/1220 1010/1010/1010
f 1216/1216/1216 996/996/996 953/953/953
f 1005/1005/1005 996/996/996 1216/1216/1216
f 1006/1006/1006 997/997/997 1217/1217/1217
f 1224/1224/1224 1225/1225/1225 1007/1007/1007
f 1224/1224/1224 1007/1007/1007 1223/1223/1223
f 1216/1216/1216 953/953/953 1186/1186/1186
f 1217/1217/1217 1005/1005/1005 1221/1221/1221
f 1218/1218/1218 1006/1006/1006 1222/1222/1222
f 1008/1008/1008 1225/1225/1225 1226/1226/1226
f 1008/1008/1008 1226/1226/1226 1219/1219/1219
f 1230/1230/1230 1231/1231/1231 1218/1218/1218
f 1230/1230/1230 1218/1218/1218 1222/1222/1222
f 1221/1221/1221 1216/1216/1216 1227/1227/1227
f 1222/1222/1222 1217/1217/1217 1228/1228/1228
f 1227/1227/1227 1186/1186/1186 1194/1194/1194
f 1228/1228/1228 1221/1221/1221 1229/1229/1229
f 1230/1230/1230 1222/1222/1222 1228/1228/1228
f 1231/1231/1231 1232/1232/1232 1223/1223/1223
f 1231/1231/1231 1223/1223/1223 1218/1218/1218
f 1233/1233/1233 1234/1234/1234 1225/1225/1225
f 1233/1233/1233 1225/1225/1225 1224/1224/1224
f 1224/1224/1224 1223/1223/1223 1232/1232/1232
f 1230/1230/1230 1238/1238/1238 1239/1239/1239
f 1230/1230/1230 1239/1239/1239 1231/1231/1231
f 1229/1229/1229 1227/1227/1227 1235/1235/1235
f 1233/1233/1233 1224/1224/1224 1232/1232/1232
f 1236/1236/1236 1229/1229/1229 1237/1237/1237
f 1238/1238/1238 1230/1230/1230 1236/1236/1236
f 1239/1239/1239 1240/1240/1240 1232/1232/1232
f 1239/1239/1239 1232/1232/1232 1231/1231/1231
f 1206/1206/1206 1242/1242/1242 1235/1235/1235
f 1206/1206/1206 1235/1235/1235 1194/1194/1194
f 1246/1246/1246 1247/1247/1247 1220/1220/1220
f 1246/1246/1246 1220/1220/1220 1219/1219/1219
f 1241/1241/1241 1232/1232/1232 1243/1243/1243
f 1244/1244/1244 1241/1241/1241 1245/1245/1245
f 1220/1220/1220 1247/1247/1247 1011/1011/1011
f 1220/1220/1220 1011/1011/1011 1010/1010/1010
f 1226/1226/1226 1248/1248/1248 1246/1246/1246
f 1226/1226/1226 1246/1246/1246 1219/1219/1219
f 1246/1246/1246 1248/1248/1248 1249/1249/1249
f 1246/1246/1246 1249/1249/1249 1247/1247/1247
f 1248/1248/1248 1251/1251/1251 1252/1252/1252
f 1248/1248/1248 1252/1252/1252 1249/1249/1249
f 1234/1234/1234 1253/1253/1253 1251/1251/1251
f 1234/1234/1234 1251/1251/1251 1226/1226/1226
f 1250/1250/1250 1249/1249/1249 1252/1252/1252
f 1254/1254/1254 1255/1255/1255 1252/1252/1252
f 1254/1254/1254 1252/1252/1252 1253/1253/1253
f 1257/1257/1257 1258/1258/1258 1255/1255/1255
f 1257/1257/1257 1255/1255/1255 1254/1254/1254
f 1254/1254/1254 1253/1253/1253 1256/1256/1256
f 1244/1244/1244 1260/1260/1260 1256/1256/1256
f 1244/1244/1244 1256/1256/1256 1234/1234/1234
f 1260/1260/1260 1261/1261/1261 1257/1257/1257
f 1260/1260/1260 1257/1257/1257 1256/1256/1256
f 1257/1257/1257 1261/1261/1261 1262/1262/1262
f 1257/1257/1257 1262/1262/1262 1258/1258/1258
f 1262/1262/1262 1263/1263/1263 1259/1259/1259
f 1262/1262/1262 1259/1259/1259 1258/1258/1258
f 1264/1264/1264 1265/1265/1265 1261/1261/1261
f 1264/1264/1264 1261/1261/1261 1260/1260/1260
f 1265/1265/1265 1266/1266/1266 1262/1262/1262
f 1265/1265/1265 1262/1262/1262 1261/1261/1261
f 558/558/558 1267/1267/1267 1270/1270/1270
f 558/558/558 1270/1270/1270 1269/1269/1269
f 1263/1263/1263 1262/1262/1262 1266/1266/1266
f 1269/1269/1269 1270/1270/1270 1027/1027/1027
f 1269/1269/1269 1027/1027/1027 219/219/219
f 1270/1270/1270 1271/1271/1271 1028/1028/1028
f 1270/1270/1270 1028/1028/1028 1027/1027/1027
f 1270/1270/1270 1267/1267/1267 1268/1268/1268
f 561/561/561 566/566/566 1276/1276/1276
f 561/561/561 1276/1276/1276 1272/1272/1272
f 1267/1267/1267 558/558/558 1272/1272/1272
f 564/564/564 1274/1274/1274 1277/1277/1277
f 564/564/564 1277/1277/1277 1276/1276/1276
f 1275/1275/1275 1278/1278/1278 1277/1277/1277
f 1275/1275/1275 1277/1277/1277 1274/1274/1274
f 1267/1267/1267 1272/1272/1272 1277/1277/1277
f 1267/1267/1267 1277/1277/1277 1278/1278/1278
f 1267/1267/1267 1278/1278/1278 1268/1268/1268
f 573/573/573 1283/1283/1283 1285/1285/1285
f 573/573/573 1285/1285/1285 1284/1284/1284
f 1273/1273/1273 1268/1268/1268 1278/1278/1278
f 1274/1274/1274 564/564/564 1279/1279/1279
f 1275/1275/1275 1274/1274/1274 1280/1280/1280
f 1279/1279/1279 568/568/568 571/571/571
f 1280/1280/1280 1279/1279/1279 1281/1281/1281
f 1281/1281/1281 571/571/571 1284/1284/1284
f 1281/1281/1281 1285/1285/1285 1286/1286/1286
f 1281/1281/1281 1286/1286/1286 1282/1282/1282
f 578/578/578 1288/1288/1288 1283/1283/1283
f 578/578/578 1283/1283/1283 573/573/573
f 1028/1028/1028 1293/1293/1293 1295/1295/1295
f 1028/1028/1028 1295/1295/1295 1031/1031/1031
f 1283/1283/1283 1288/1288/1288 1289/1289/1289
f 1286/1286/1286 1285/1285/1285 1283/1283/1283
f 1287/1287/1287 1286/1286/1286 1289/1289/1289
f 1288/1288/1288 578/578/578 1290/1290/1290
f 1289/1289/1289 1288/1288/1288 1291/1291/1291
f 1294/1294/1294 1296/1296/1296 1295/1295/1295
f 1294/1294/1294 1295/1295/1295 1293/1293/1293
f 1044/1044/1044 1031/1031/1031 1295/1295/1295
f 1273/1273/1273 1301/1301/1301 1303/1303/1303
f 1273/1273/1273 1303/1303/1303 1298/1298/1298
f 1297/1297/1297 1046/1046/1046 1044/1044/1044
f 1298/1298/1298 1293/1293/1293 1271/1271/1271
f 1294/1294/1294 1293/1293/1293 1298/1298/1298
f 1300/1300/1300 1296/1296/1296 1294/1294/1294
f 1300/1300/1300 1294/1294/1294 1299/1299/1299
f 1297/1297/1297 1296/1296/1296 1300/1300/1300
f 1303/1303/1303 1304/1304/1304 1299/1299/1299
f 1303/1303/1303 1299/1299/1299 1294/1294/1294
f 1303/1303/1303 1301/1301/1301 1302/1302/1302
f 1294/1294/1294 1298/1298/1298 1303/1303/1303
f 1275/1275/1275 1306/1306/1306 1301/1301/1301
f 1275/1275/1275 1301/1301/1301 1278/1278/1278
f 1275/1275/1275 1280/1280/1280 1305/1305/1305
f 1302/1302/1302 1307/1307/1307 1308/1308/1308
f 1302/1302/1302 1308/1308/1308 1304/1304/1304
f 1302/1302/1302 1301/1301/1301 1306/1306/1306
f 1282/1282/1282 1309/1309/1309 1305/1305/1305
f 1282/1282/1282 1305/1305/1305 1280/1280/1280
f 1287/1287/1287 1312/1312/1312 1310/1310/1310
f 1287/1287/1287 1310/1310/1310 1309/1309/1309
f 1305/1305/1305 1309/1309/1309 1310/1310/1310
f 1307/1307/1307 1306/1306/1306 1310/1310/1310
f 1309/1309/1309 1282/1282/1282 1287/1287/1287
f 1312/1312/1312 1314/1314/1314 1311/1311/1311
f 1312/1312/1312 1311/1311/1311 1310/1310/1310
f 1315/1315/1315 1316/1316/1316 1313/1313/1313
f 1315/1315/1315 1313/1313/1313 1312/1312/1312
f 1312/1312/1312 1287/1287/1287 1315/1315/1315
f 1289/1289/1289 1292/1292/1292 1317/1317/1317
f 1289/1289/1289 1317/1317/1317 1315/1315/1315
f 1314/1314/1314 1312/1312/1312 1313/1313/1313
f 1317/1317/1317 1318/1318/1318 1316/1316/1316
f 1317/1317/1317 1316/1316/1316 1315/1315/1315
f 1297/1297/1297 1321/1321/1321 1050/1050/1050
f 1297/1297/1297 1050/1050/1050 1046/1046/1046
f 1050/1050/1050 1322/1322/1322 1323/1323/1323
f 1050/1050/1050 1323/1323/1323 1051/1051/1051
f 1052/1052/1052 1324/1324/1324 1325/1325/1325
f 1052/1052/1052 1325/1325/1325 1054/1054/1054
f 1052/1052/1052 1051/1051/1051 1323/1323/1323
f 1300/1300/1300 1326/1326/1326 1320/1320/1320
f 1300/1300/1300 1320/1320/1320 1297/1297/1297
f 1322/1322/1322 1328/1328/1328 1329/1329/1329
f 1322/1322/1322 1329/1329/1329 1323/1323/1323
f 1320/1320/1320 1326/1326/1326 1327/1327/1327
f 1322/1322/1322 1321/1321/1321 1320/1320/1320
f 1324/1324/1324 1329/1329/1329 1330/1330/1330
f 1324/1324/1324 1330/1330/1330 1325/1325/1325
f 1324/1324/1324 1323/1323/1323 1329/1329/1329
f 1299/1299/1299 1304/1304/1304 1332/1332/1332
f 1299/1299/1299 1332/1332/1332 1326/1326/1326
f 1328/1328/1328 1334/1334/1334 1335/1335/1335
f 1328/1328/1328 1335/1335/1335 1329/1329/1329
f 1332/1332/1332 1304/1304/1304 1331/1331/1331
f 1327/1327/1327 1326/1326/1326 1332/1332/1332
f 1327/1327/1327 1332/1332/1332 1333/1333/1333
f 1331/1331/1331 1336/1336/1336 1337/1337/1337
f 1331/1331/1331 1337/1337/1337 1332/1332/1332
f 1331/1331/1331 1304/1304/1304 1336/1336/1336
f 1341/1341/1341 1342/1342/1342 1338/1338/1338
f 1341/1341/1341 1338/1338/1338 1337/1337/1337
f 1333/1333/1333 1332/1332/1332 1337/1337/1337
f 1338/1338/1338 1334/1334/1334 1333/1333/1333
f 1340/1340/1340 1336/1336/1336 1307/1307/1307
f 1341/1341/1341 1337/1337/1337 1336/1336/1336
f 1346/1346/1346 1347/1347/1347 1343/1343/1343
f 1346/1346/1346 1343/1343/1343 1342/1342/1342
f 1339/1339/1339 1338/1338/1338 1342/1342/1342
f 1340/1340/1340 1311/1311/1311 1314/1314/1314
f 1341/1341/1341 1340/1340/1340 1344/1344/1344
f 1342/1342/1342 1341/1341/1341 1345/1345/1345
f 1319/1319/1319 1352/1352/1352 1349/1349/1349
f 1319/1319/1319 1349/1349/1349 1348/1348/1348
f 1344/1344/1344 1314/1314/1314 1348/1348/1348
f 1345/1345/1345 1344/1344/1344 1349/1349/1349
f 1346/1346/1346 1345/1345/1345 1350/1350/1350
f 1347/1347/1347 1346/1346/1346 1351/1351/1351
f 1348/1348/1348 1316/1316/1316 1319/1319/1319
f 1349/1349/1349 1352/1352/1352 1353/1353/1353
f 1349/1349/1349 1353/1353/1353 1350/1350/1350
f 1361/1361/1361 1363/1363/1363 1359/1359/1359
f 1361/1361/1361 1359/1359/1359 1358/1358/1358
f 1353/1353/1353 1351/1351/1351 1350/1350/1350
f 1330/1330/1330 1329/1329/1329 1355/1355/1355
f 1354/1354/1354 1325/1325/1325 1330/1330/1330
f 1355/1355/1355 1329/1329/1329 1335/1335/1335
f 1356/1356/1356 1330/1330/1330 1355/1355/1355
f 1358/1358/1358 1335/1335/1335 1334/1334/1334
f 1356/1356/1356 1335/1335/1335 1358/1358/1358
f 1357/1357/1357 1356/1356/1356 1359/1359/1359
f 1358/1358/1358 1339/1339/1339 1343/1343/1343
f 1347/1347/1347 1366/1366/1366 1361/1361/1361
f 1347/1347/1347 1361/1361/1361 1343/1343/1343
f 1360/1360/1360 1359/1359/1359 1364/1364/1364
f 1371/1371/1371 1372/1372/1372 1368/1368/1368
f 1371/1371/1371 1368/1368/1368 1367/1367/1367
f 1362/1362/1362 1361/1361/1361 1366/1366/1366
f 1364/1364/1364 1363/1363/1363 1367/1367/1367
f 1365/1365/1365 1364/1364/1364 1367/1367/1367
f 1366/1366/1366 1347/1347/1347 1369/1369/1369
f 1370/1370/1370 1367/1367/1367 1366/1366/1366
f 1353/1353/1353 1373/1373/1373 1369/1369/1369
f 1353/1353/1353 1369/1369/1369 1351/1351/1351
f 1054/1054/1054 1325/1325/1325 1377/1377/1377
f 1054/1054/1054 1377/1377/1377 1166/1166/1166
f 1370/1370/1370 1369/1369/1369 1374/1374/1374
f 1375/1375/1375 1371/1371/1371 1370/1370/1370
f 1372/1372/1372 1371/1371/1371 1376/1376/1376
f 1166/1166/1166 1377/1377/1377 1378/1378/1378
f 1166/1166/1166 1378/1378/1378 1167/1167/1167
f 1377/1377/1377 1325/1325/1325 1354/1354/1354
f 1383/1383/1383 1384/1384/1384 1181/1181/1181
f 1383/1383/1383 1181/1181/1181 1382/1382/1382
f 1177/1177/1177 1167/1167/1167 1378/1378/1378
f 1178/1178/1178 1378/1378/1378 1379/1379/1379
f 1179/1179/1179 1178/1178/1178 1380/1380/1380
f 1382/1382/1382 1180/1180/1180 1179/1179/1179
f 1382/1382/1382 1179/1179/1179 1381/1381/1381
f 1384/1384/1384 1385/1385/1385 1182/1182/1182
f 1384/1384/1384 1182/1182/1182 1181/1181/1181
f 1377/1377/1377 1354/1354/1354 1387/1387/1387
f 1377/1377/1377 1387/1387/1387 1378/1378/1378
f 1183/1183/1183 1182/1182/1182 1385/1385/1385
f 1386/1386/1386 1183/1183/1183 1385/1385/1385
f 1379/1379/1379 1388/1388/1388 1389/1389/1389
f 1379/1379/1379 1389/1389/1389 1380/1380/1380
f 1387/1387/1387 1354/1354/1354 1394/1394/1394
f 1379/1379/1379 1378/1378/1378 1387/1387/1387
f 1384/1384/1384 1392/1392/1392 1393/1393/1393
f 1384/1384/1384 1393/1393/1393 1385/1385/1385
f 1392/1392/1392 1384/1384/1384 1383/1383/1383
f 1392/1392/1392 1383/1383/1383 1391/1391/1391
f 1330/1330/1330 1356/1356/1356 1394/1394/1394
f 1330/1330/1330 1394/1394/1394 1354/1354/1354
f 1394/1394/1394 1395/1395/1395 1396/1396/1396
f 1394/1394/1394 1396/1396/1396 1388/1388/1388
f 1394/1394/1394 1356/1356/1356 1357/1357/1357
f 1388/1388/1388 1396/1396/1396 1397/1397/1397
f 1388/1388/1388 1397/1397/1397 1389/1389/1389
f 1357/1357/1357 1360/1360/1360 1399/1399/1399
f 1357/1357/1357 1399/1399/1399 1395/1395/1395
f 1395/1395/1395 1399/1399/1399 1401/1401/1401
f 1395/1395/1395 1401/1401/1401 1396/1396/1396
f 1402/1402/1402 1403/1403/1403 1396/1396/1396
f 1402/1402/1402 1396/1396/1396 1401/1401/1401
f 1401/1401/1401 1399/1399/1399 1400/1400/1400
f 1360/1360/1360 1365/1365/1365 1404/1404/1404
f 1360/1360/1360 1404/1404/1404 1399/1399/1399
f 1405/1405/1405 1406/1406/1406 1400/1400/1400
f 1405/1405/1405 1400/1400/1400 1404/1404/1404
f 1400/1400/1400 1399/1399/1399 1404/1404/1404
f 1400/1400/1400 1406/1406/1406 1402/1402/1402
f 1400/1400/1400 1402/1402/1402 1401/1401/1401
f 1368/1368/1368 1407/1407/1407 1405/1405/1405
f 1368/1368/1368 1405/1405/1405 1404/1404/1404
f 1368/1368/1368 1404/1404/1404 1365/1365/1365
f 1372/1372/1372 1408/1408/1408 1407/1407/1407
f 1372/1372/1372 1407/1407/1407 1368/1368/1368
f 1376/1376/1376 1409/1409/1409 1408/1408/1408
f 1376/1376/1376 1408/1408/1408 1372/1372/1372
f 1410/1410/1410 1411/1411/1411 1214/1214/1214
f 1410/1410/1410 1214/1214/1214 1213/1213/1213
f 1214/1214/1214 1411/1411/1411 1412/1412/1412
f 1214/1214/1214 1412/1412/1412 1208/1208/1208
f 1410/1410/1410 1213/1213/1213 1215/1215/1215
f 1410/1410/1410 1215/1215/1215 1414/1414/1414
f 1208/1208/1208 1412/1412/1412 1211/1211/1211
f 1415/1415/1415 1416/1416/1416 1392/1392/1392
f 1415/1415/1415 1392/1392/1392 1391/1391/1391
f 1212/1212/1212 1422/1422/1422 1423/1423/1423
f 1212/1212/1212 1423/1423/1423 1206/1206/1206
f 1416/1416/1416 1424/1424/1424 1393/1393/1393
f 1416/1416/1416 1393/1393/1393 1392/1392/1392
f 1417/1417/1417 1425/1425/1425 1424/1424/1424
f 1417/1417/1417 1424/1424/1424 1416/1416/1416
f 1418/1418/1418 1426/1426/1426 1425/1425/1425
f 1418/1418/1418 1425/1425/1425 1417/1417/1417
f 1418/1418/1418 1419/1419/1419 1427/1427/1427
f 1418/1418/1418 1427/1427/1427 1426/1426/1426
f 1419/1419/1419 1420/1420/1420 1428/1428/1428
f 1419/1419/1419 1428/1428/1428 1427/1427/1427
f 1420/1420/1420 1421/1421/1421 1429/1429/1429
f 1420/1420/1420 1429/1429/1429 1428/1428/1428
f 1411/1411/1411 1428/1428/1428 1429/1429/1429
f 1411/1411/1411 1429/1429/1429 1412/1412/1412
f 1421/1421/1421 1422/1422/1422 1430/1430/1430
f 1421/1421/1421 1430/1430/1430 1429/1429/1429
f 1429/1429/1429 1430/1430/1430 1211/1211/1211
f 1429/1429/1429 1211/1211/1211 1412/1412/1412
f 1212/1212/1212 1211/1211/1211 1430/1430/1430
f 1212/1212/1212 1430/1430/1430 1422/1422/1422
f 1424/1424/1424 1431/1431/1431 1386/1386/1386
f 1424/1424/1424 1386/1386/1386 1393/1393/1393
f 1425/1425/1425 1432/1432/1432 1431/1431/1431
f 1425/1425/1425 1431/1431/1431 1424/1424/1424
f 1426/1426/1426 1433/1433/1433 1432/1432/1432
f 1426/1426/1426 1432/1432/1432 1425/1425/1425
f 1426/1426/1426 1427/1427/1427 1434/1434/1434
f 1426/1426/1426 1434/1434/1434 1433/1433/1433
f 1413/1413/1413 1433/1433/1433 1434/1434/1434
f 1413/1413/1413 1434/1434/1434 1414/1414/1414
f 1434/1434/1434 1428/1428/1428 1410/1410/1410
f 1434/1434/1434 1410/1410/1410 1414/1414/1414
f 1428/1428/1428 1434/1434/1434 1427/1427/1427
f 1435/1435/1435 1438/1438/1438 1391/1391/1391
f 1435/1435/1435 1391/1391/1391 1398/1398/1398
f 1436/1436/1436 1439/1439/1439 1438/1438/1438
f 1436/1436/1436 1438/1438/1438 1435/1435/1435
f 1439/1439/1439 1442/1442/1442 1418/1418/1418
f 1439/1439/1439 1418/1418/1418 1417/1417/1417
f 1440/1440/1440 1436/1436/1436 1437/1437/1437
f 1416/1416/1416 1438/1438/1438 1439/1439/1439
f 1442/1442/1442 1443/1443/1443 1419/1419/1419
f 1442/1442/1442 1419/1419/1419 1418/1418/1418
f 1440/1440/1440 1437/1437/1437 1444/1444/1444
f 1440/1440/1440 1444/1444/1444 1443/1443/1443
f 1443/1443/1443 1444/1444/1444 1420/1420/1420
f 1443/1443/1443 1420/1420/1420 1419/1419/1419
f 1454/1454/1454 1445/1445/1445 1444/1444/1444
f 1454/1454/1454 1444/1444/1444 1437/1437/1437
f 1444/1444/1444 1445/1445/1445 1421/1421/1421
f 1444/1444/1444 1421/1421/1421 1420/1420/1420
f 1441/1441/1441 1446/1446/1446 1445/1445/1445
f 1441/1441/1441 1445/1445/1445 1454/1454/1454
f 1421/1421/1421 1445/1445/1445 1446/1446/1446
f 1421/1421/1421 1446/1446/1446 1422/1422/1422
f 1446/1446/1446 1447/1447/1447 1423/1423/1423
f 1446/1446/1446 1423/1423/1423 1422/1422/1422
f 1447/1447/1447 1446/1446/1446 1441/1441/1441
f 1448/1448/1448 1435/1435/1435 1398/1398/1398
f 1448/1448/1448 1398/1398/1398 1403/1403/1403
f 1449/1449/1449 1451/1451/1451 1435/1435/1435
f 1449/1449/1449 1435/1435/1435 1448/1448/1448
f 1450/1450/1450 1452/1452/1452 1451/1451/1451
f 1450/1450/1450 1451/1451/1451 1449/1449/1449
f 1456/1456/1456 1459/1459/1459 1402/1402/1402
f 1456/1456/1456 1402/1402/1402 1406/1406/1406
f 1437/1437/1437 1436/1436/1436 1452/1452/1452
f 1454/1454/1454 1452/1452/1452 1453/1453/1453
f 1402/1402/1402 1459/1459/1459 1448/1448/1448
f 1402/1402/1402 1448/1448/1448 1403/1403/1403
f 1457/1457/1457 1460/1460/1460 1459/1459/1459
f 1457/1457/1457 1459/1459/1459 1456/1456/1456
f 1459/1459/1459 1460/1460/1460 1449/1449/1449
f 1459/1459/1459 1449/1449/1449 1448/1448/1448
f 1460/1460/1460 1461/1461/1461 1450/1450/1450
f 1460/1460/1460 1450/1450/1450 1449/1449/1449
f 1450/1450/1450 1462/1462/1462 1464/1464/1464
f 1450/1450/1450 1464/1464/1464 1453/1453/1453
f 1461/1461/1461 1457/1457/1457 1458/1458/1458
f 1463/1463/1463 1465/1465/1465 1464/1464/1464
f 1463/1463/1463 1464/1464/1464 1462/1462/1462
f 1466/1466/1466 1467/1467/1467 1405/1405/1405
f 1466/1466/1466 1405/1405/1405 1407/1407/1407
f 1405/1405/1405 1467/1467/1467 1456/1456/1456
f 1405/1405/1405 1456/1456/1456 1406/1406/1406
f 1467/1467/1467 1468/1468/1468 1457/1457/1457
f 1467/1467/1467 1457/1457/1457 1456/1456/1456
f 1468/1468/1468 1469/1469/1469 1458/1458/1458
f 1468/1468/1468 1458/1458/1458 1457/1457/1457
f 1471/1471/1471 1473/1473/1473 1472/1472/1472
f 1471/1471/1471 1472/1472/1472 1470/1470/1470
f 1458/1458/1458 1469/1469/1469 1470/1470/1470
f 1462/1462/1462 1461/1461/1461 1458/1458/1458
f 1472/1472/1472 1473/1473/1473 1463/1463/1463
f 1472/1472/1472 1463/1463/1463 1462/1462/1462
f 1408/1408/1408 1474/1474/1474 1466/1466/1466
f 1408/1408/1408 1466/1466/1466 1407/1407/1407
f 1475/1475/1475 1476/1476/1476 1466/1466/1466
f 1475/1475/1475 1466/1466/1466 1474/1474/1474
f 1466/1466/1466 1476/1476/1476 1468/1468/1468
f 1466/1466/1466 1468/1468/1468 1467/1467/1467
f 1476/1476/1476 1477/1477/1477 1470/1470/1470
f 1476/1476/1476 1470/1470/1470 1469/1469/1469
f 1476/1476/1476 1469/1469/1469 1468/1468/1468
f 1477/1477/1477 1478/1478/1478 1471/1471/1471
f 1477/1477/1477 1471/1471/1471 1470/1470/1470
f 1409/1409/1409 1479/1479/1479 1474/1474/1474
f 1409/1409/1409 1474/1474/1474 1408/1408/1408
f 1479/1479/1479 1480/1480/1480 1475/1475/1475
f 1479/1479/1479 1475/1475/1475 1474/1474/1474
f 1485/1485/1485 1486/1486/1486 1238/1238/1238
f 1485/1485/1485 1238/1238/1238 1236/1236/1236
f 1475/1475/1475 1480/1480/1480 1481/1481/1481
f 1477/1477/1477 1476/1476/1476 1483/1483/1483
f 1484/1484/1484 1478/1478/1478 1477/1477/1477
f 1485/1485/1485 1237/1237/1237 1242/1242/1242
f 1485/1485/1485 1236/1236/1236 1237/1237/1237
f 1423/1423/1423 1489/1489/1489 1242/1242/1242
f 1423/1423/1423 1242/1242/1242 1206/1206/1206
f 1239/1239/1239 1238/1238/1238 1486/1486/1486
f 1243/1243/1243 1240/1240/1240 1487/1487/1487
f 1242/1242/1242 1489/1489/1489 1490/1490/1490
f 1242/1242/1242 1490/1490/1490 1485/1485/1485
f 1492/1492/1492 1493/1493/1493 1447/1447/1447
f 1492/1492/1492 1447/1447/1447 1441/1441/1441
f 1486/1486/1486 1485/1485/1485 1490/1490/1490
f 1491/1491/1491 1239/1239/1239 1486/1486/1486
f 1447/1447/1447 1493/1493/1493 1489/1489/1489
f 1447/1447/1447 1489/1489/1489 1423/1423/1423
f 1489/1489/1489 1493/1493/1493 1494/1494/1494
f 1489/1489/1489 1494/1494/1494 1490/1490/1490
f 1494/1494/1494 1495/1495/1495 1486/1486/1486
f 1494/1494/1494 1486/1486/1486 1490/1490/1490
f 1498/1498/1498 1499/1499/1499 1455/1455/1455
f 1498/1498/1498 1455/1455/1455 1453/1453/1453
f 1496/1496/1496 1243/1243/1243 1487/1487/1487
f 1497/1497/1497 1488/1488/1488 1245/1245/1245
f 1455/1455/1455 1499/1499/1499 1492/1492/1492
f 1455/1455/1455 1492/1492/1492 1441/1441/1441
f 1492/1492/1492 1499/1499/1499 1501/1501/1501
f 1492/1492/1492 1501/1501/1501 1493/1493/1493
f 1498/1498/1498 1502/1502/1502 1501/1501/1501
f 1498/1498/1498 1501/1501/1501 1499/1499/1499
f 1501/1501/1501 1502/1502/1502 1494/1494/1494
f 1501/1501/1501 1494/1494/1494 1493/1493/1493
f 1511/1511/1511 1503/1503/1503 1502/1502/1502
f 1511/1511/1511 1502/1502/1502 1498/1498/1498
f 1500/1500/1500 1504/1504/1504 1503/1503/1503
f 1500/1500/1500 1503/1503/1503 1511/1511/1511
f 1503/1503/1503 1504/1504/1504 1495/1495/1495
f 1503/1503/1503 1495/1495/1495 1494/1494/1494
f 1495/1495/1495 1504/1504/1504 1505/1505/1505
f 1495/1495/1495 1505/1505/1505 1491/1491/1491
f 1491/1491/1491 1505/1505/1505 1506/1506/1506
f 1491/1491/1491 1506/1506/1506 1487/1487/1487
f 1506/1506/1506 1507/1507/1507 1496/1496/1496
f 1506/1506/1506 1496/1496/1496 1487/1487/1487
f 1496/1496/1496 1507/1507/1507 1508/1508/1508
f 1496/1496/1496 1508/1508/1508 1245/1245/1245
f 1509/1509/1509 1511/1511/1511 1498/1498/1498
f 1509/1509/1509 1498/1498/1498 1465/1465/1465
f 1497/1497/1497 1245/1245/1245 1508/1508/1508
f 1498/1498/1498 1453/1453/1453 1465/1465/1465
f 1510/1510/1510 1512/1512/1512 1511/1511/1511
f 1510/1510/1510 1511/1511/1511 1509/1509/1509
f 1512/1512/1512 1513/1513/1513 1500/1500/1500
f 1512/1512/1512 1500/1500/1500 1511/1511/1511
f 1522/1522/1522 1514/1514/1514 1500/1500/1500
f 1522/1522/1522 1500/1500/1500 1513/1513/1513
f 1500/1500/1500 1514/1514/1514 1505/1505/1505
f 1500/1500/1500 1505/1505/1505 1504/1504/1504
f 1514/1514/1514 1515/1515/1515 1506/1506/1506
f 1514/1514/1514 1506/1506/1506 1505/1505/1505
f 1515/1515/1515 1516/1516/1516 1507/1507/1507
f 1515/1515/1515 1507/1507/1507 1506/1506/1506
f 1463/1463/1463 1473/1473/1473 1519/1519/1519
f 1463/1463/1463 1519/1519/1519 1465/1465/1465
f 1519/1519/1519 1520/1520/1520 1510/1510/1510
f 1519/1519/1519 1510/1510/1510 1509/1509/1509
f 1519/1519/1519 1473/1473/1473 1518/1518/1518
f 1509/1509/1509 1465/1465/1465 1519/1519/1519
f 1510/1510/1510 1520/1520/1520 1522/1522/1522
f 1510/1510/1510 1522/1522/1522 1513/1513/1513
f 1521/1521/1521 1523/1523/1523 1522/1522/1522
f 1521/1521/1521 1522/1522/1522 1520/1520/1520
f 1523/1523/1523 1525/1525/1525 1515/1515/1515
f 1523/1523/1523 1515/1515/1515 1514/1514/1514
f 1523/1523/1523 1514/1514/1514 1522/1522/1522
f 1525/1525/1525 1526/1526/1526 1516/1516/1516
f 1525/1525/1525 1516/1516/1516 1515/1515/1515
f 1518/1518/1518 1529/1529/1529 1530/1530/1530
f 1518/1518/1518 1530/1530/1530 1520/1520/1520
f 1517/1517/1517 1526/1526/1526 1527/1527/1527
f 1518/1518/1518 1473/1473/1473 1528/1528/1528
f 1530/1530/1530 1531/1531/1531 1521/1521/1521
f 1530/1530/1530 1521/1521/1521 1520/1520/1520
f 1531/1531/1531 1533/1533/1533 1524/1524/1524
f 1531/1531/1531 1524/1524/1524 1523/1523/1523
f 1531/1531/1531 1523/1523/1523 1521/1521/1521
f 1534/1534/1534 1535/1535/1535 1524/1524/1524
f 1534/1534/1534 1524/1524/1524 1533/1533/1533
f 1524/1524/1524 1535/1535/1535 1526/1526/1526
f 1524/1524/1524 1526/1526/1526 1525/1525/1525
f 1539/1539/1539 1540/1540/1540 1532/1532/1532
f 1539/1539/1539 1532/1532/1532 1531/1531/1531
f 1527/1527/1527 1526/1526/1526 1535/1535/1535
f 1536/1536/1536 1517/1517/1517 1527/1527/1527
f 1537/1537/1537 1528/1528/1528 1478/1478/1478
f 1529/1529/1529 1528/1528/1528 1538/1538/1538
f 1539/1539/1539 1530/1530/1530 1529/1529/1529
f 1531/1531/1531 1530/1530/1530 1539/1539/1539
f 1532/1532/1532 1540/1540/1540 1541/1541/1541
f 1532/1532/1532 1541/1541/1541 1533/1533/1533
f 1534/1534/1534 1541/1541/1541 1542/1542/1542
f 1534/1534/1534 1542/1542/1542 1535/1535/1535
f 1534/1534/1534 1533/1533/1533 1541/1541/1541
f 1542/1542/1542 1543/1543/1543 1527/1527/1527
f 1542/1542/1542 1527/1527/1527 1535/1535/1535
f 1545/1545/1545 1546/1546/1546 1265/1265/1265
f 1545/1545/1545 1265/1265/1265 1264/1264/1264
f 1536/1536/1536 1527/1527/1527 1543/1543/1543
f 1264/1264/1264 1244/1244/1244 1488/1488/1488
f 1545/1545/1545 1264/1264/1264 1488/1488/1488
f 1546/1546/1546 1547/1547/1547 1266/1266/1266
f 1546/1546/1546 1266/1266/1266 1265/1265/1265
f 1545/1545/1545 1549/1549/1549 1550/1550/1550
f 1545/1545/1545 1550/1550/1550 1546/1546/1546
f 1544/1544/1544 1266/1266/1266 1547/1547/1547
f 1549/1549/1549 1545/1545/1545 1497/1497/1497
f 1546/1546/1546 1550/1550/1550 1551/1551/1551
f 1546/1546/1546 1551/1551/1551 1547/1547/1547
f 1508/1508/1508 1517/1517/1517 1553/1553/1553
f 1508/1508/1508 1553/1553/1553 1549/1549/1549
f 1548/1548/1548 1547/1547/1547 1551/1551/1551
f 1552/1552/1552 1550/1550/1550 1549/1549/1549
f 1551/1551/1551 1554/1554/1554 1555/1555/1555
f 1551/1551/1551 1555/1555/1555 1548/1548/1548
f 1554/1554/1554 1551/1551/1551 1552/1552/1552
f 1536/1536/1536 1556/1556/1556 1553/1553/1553
f 1536/1536/1536 1553/1553/1553 1517/1517/1517
f 1553/1553/1553 1556/1556/1556 1557/1557/1557
f 1553/1553/1553 1557/1557/1557 1552/1552/1552
f 1557/1557/1557 1558/1558/1558 1554/1554/1554
f 1557/1557/1557 1554/1554/1554 1552/1552/1552
f 1554/1554/1554 1558/1558/1558 1559/1559/1559
f 1554/1554/1554 1559/1559/1559 1555/1555/1555
f 1543/1543/1543 1560/1560/1560 1556/1556/1556
f 1543/1543/1543 1556/1556/1556 1536/1536/1536
f 1556/1556/1556 1560/1560/1560 1561/1561/1561
f 1556/1556/1556 1561/1561/1561 1557/1557/1557
f 1561/1561/1561 1562/1562/1562 1558/1558/1558
f 1561/1561/1561 1558/1558/1558 1557/1557/1557
f 1567/1567/1567 1568/1568/1568 1570/1570/1570
f 1567/1567/1567 1570/1570/1570 1569/1569/1569
f 1568/1568/1568 1567/1567/1567 224/224/224
f 1568/1568/1568 1563/1563/1563 1564/1564/1564
f 1568/1568/1568 1564/1564/1564 1570/1570/1570
f 1569/1569/1569 1570/1570/1570 1572/1572/1572
f 1569/1569/1569 1572/1572/1572 1571/1571/1571
f 1572/1572/1572 1573/1573/1573 1582/1582/1582
f 1572/1572/1572 1582/1582/1582 1571/1571/1571
f 1565/1565/1565 1572/1572/1572 1564/1564/1564
f 235/235/235 236/236/236 1567/1567/1567
f 235/235/235 1567/1567/1567 1579/1579/1579
f 1574/1574/1574 1582/1582/1582 1573/1573/1573
f 1575/1575/1575 1574/1574/1574 1573/1573/1573
f 1576/1576/1576 1574/1574/1574 1575/1575/1575
f 1577/1577/1577 1576/1576/1576 1575/1575/1575
f 1578/1578/1578 1576/1576/1576 1577/1577/1577
f 1580/1580/1580 1569/1569/1569 1571/1571/1571
f 1580/1580/1580 1571/1571/1571 1581/1581/1581
f 1567/1567/1567 236/236/236 224/224/224
f 1569/1569/1569 1580/1580/1580 1579/1579/1579
f 1567/1567/1567 1569/1569/1569 1579/1579/1579
f 1582/1582/1582 1585/1585/1585 1584/1584/1584
f 1582/1582/1582 1584/1584/1584 1583/1583/1583
f 1583/1583/1583 1581/1581/1581 1571/1571/1571
f 1583/1583/1583 1571/1571/1571 1582/1582/1582
f 1585/1585/1585 1574/1574/1574 1576/1576/1576
f 1585/1585/1585 1576/1576/1576 1587/1587/1587
f 1574/1574/1574 1585/1585/1585 1582/1582/1582
f 1586/1586/1586 1584/1584/1584 1585/1585/1585
f 1587/1587/1587 1589/1589/1589 1588/1588/1588
f 1587/1587/1587 1588/1588/1588 1586/1586/1586
f 1587/1587/1587 1576/1576/1576 1578/1578/1578
f 1587/1587/1587 1578/1578/1578 1589/1589/1589
f 1580/1580/1580 1581/1581/1581 1594/1594/1594
f 1580/1580/1580 1594/1594/1594 1593/1593/1593
f 1590/1590/1590 1589/1589/1589 1578/1578/1578
f 1591/1591/1591 1588/1588/1588 1589/1589/1589
f 1592/1592/1592 1589/1589/1589 1590/1590/1590
f 1579/1579/1579 246/246/246 247/247/247
f 1579/1579/1579 247/247/247 235/235/235
f 1595/1595/1595 1598/1598/1598 1597/1597/1597
f 1595/1595/1595 1597/1597/1597 1596/1596/1596
f 1596/1596/1596 1581/1581/1581 1595/1595/1595
f 1595/1595/1595 1583/1583/1583 1584/1584/1584
f 1595/1595/1595 1584/1584/1584 1598/1598/1598
f 1598/1598/1598 1586/1586/1586 1600/1600/1600
f 1598/1598/1598 1600/1600/1600 1599/1599/1599
f 1599/1599/1599 1597/1597/1597 1598/1598/1598
f 1604/1604/1604 1605/1605/1605 1609/1609/1609
f 1604/1604/1604 1609/1609/1609 1608/1608/1608
f 1601/1601/1601 1599/1599/1599 1600/1600/1600
f 1602/1602/1602 1600/1600/1600 1588/1588/1588
f 1603/1603/1603 1601/1601/1601 1600/1600/1600
f 1603/1603/1603 1600/1600/1600 1602/1602/1602
f 1592/1592/1592 1602/1602/1602 1591/1591/1591
f 1604/1604/1604 1563/1563/1563 248/248/248
f 1605/1605/1605 1604/1604/1604 249/249/249
f 1605/1605/1605 249/249/249 250/250/250
f 1607/1607/1607 1564/1564/1564 1563/1563/1563
f 1607/1607/1607 1563/1563/1563 1604/1604/1604
f 1608/1608/1608 1607/1607/1607 1604/1604/1604
f 1605/1605/1605 1606/1606/1606 1610/1610/1610
f 1605/1605/1605 1610/1610/1610 1609/1609/1609
f 1564/1564/1564 1607/1607/1607 1611/1611/1611
f 1564/1564/1564 1611/1611/1611 1565/1565/1565
f 1608/1608/1608 1612/1612/1612 1611/1611/1611
f 1608/1608/1608 1611/1611/1611 1607/1607/1607
f 1609/1609/1609 1613/1613/1613 1612/1612/1612
f 1609/1609/1609 1612/1612/1612 1608/1608/1608
f 1610/1610/1610 1614/1614/1614 1613/1613/1613
f 1610/1610/1610 1613/1613/1613 1609/1609/1609
f 1612/1612/1612 1616/1616/1616 1615/1615/1615
f 1612/1612/1612 1615/1615/1615 1611/1611/1611
f 1566/1566/1566 1565/1565/1565 1611/1611/1611
f 1615/1615/1615 1566/1566/1566 1611/1611/1611
f 1614/1614/1614 1618/1618/1618 1617/1617/1617
f 1614/1614/1614 1617/1617/1617 1613/1613/1613
f 1616/1616/1616 1612/1612/1612 1613/1613/1613
f 1617/1617/1617 1616/1616/1616 1613/1613/1613
f 1616/1616/1616 1620/1620/1620 1619/1619/1619
f 1616/1616/1616 1619/1619/1619 1615/1615/1615
f 1619/1619/1619 1566/1566/1566 1615/1615/1615
f 1616/1616/1616 1617/1617/1617 1621/1621/1621
f 1616/1616/1616 1621/1621/1621 1620/1620/1620
f 268/268/268 1624/1624/1624 1623/1623/1623
f 268/268/268 1623/1623/1623 267/267/267
f 1563/1563/1563 264/264/264 248/248/248
f 1606/1606/1606 1623/1623/1623 1625/1625/1625
f 1606/1606/1606 1625/1625/1625 1610/1610/1610
f 1624/1624/1624 1626/1626/1626 1625/1625/1625
f 1624/1624/1624 1625/1625/1625 1623/1623/1623
f 1625/1625/1625 1627/1627/1627 1614/1614/1614
f 1625/1625/1625 1614/1614/1614 1610/1610/1610
f 1626/1626/1626 1628/1628/1628 1627/1627/1627
f 1626/1626/1626 1627/1627/1627 1625/1625/1625
f 1627/1627/1627 1629/1629/1629 1618/1618/1618
f 1627/1627/1627 1618/1618/1618 1614/1614/1614
f 1632/1632/1632 1633/1633/1633 1636/1636/1636
f 1632/1632/1632 1636/1636/1636 1635/1635/1635
f 1619/1619/1619 1630/1630/1630 1566/1566/1566
f 1631/1631/1631 1630/1630/1630 1619/1619/1619
f 1621/1621/1621 1633/1633/1633 1632/1632/1632
f 1634/1634/1634 1633/1633/1633 1629/1629/1629
f 1577/1577/1577 1575/1575/1575 1630/1630/1630
f 1577/1577/1577 1630/1630/1630 1631/1631/1631
f 1622/1622/1622 1620/1620/1620 1632/1632/1632
f 1635/1635/1635 1622/1622/1622 1632/1632/1632
f 1633/1633/1633 1634/1634/1634 1637/1637/1637
f 1633/1633/1633 1637/1637/1637 1636/1636/1636
f 1577/1577/1577 1631/1631/1631 1639/1639/1639
f 1577/1577/1577 1639/1639/1639 1638/1638/1638
f 1640/1640/1640 1644/1644/1644 1643/1643/1643
f 1640/1640/1640 1643/1643/1643 1639/1639/1639
f 1640/1640/1640 1639/1639/1639 1622/1622/1622
f 1640/1640/1640 1622/1622/1622 1635/1635/1635
f 1637/1637/1637 1641/1641/1641 1636/1636/1636
f 1642/1642/1642 1638/1638/1638 1639/1639/1639
f 1635/1635/1635 1641/1641/1641 1645/1645/1645
f 1635/1635/1635 1645/1645/1645 1644/1644/1644
f 1590/1590/1590 1638/1638/1638 1642/1642/1642
f 1590/1590/1590 1642/1642/1642 1647/1647/1647
f 1642/1642/1642 1643/1643/1643 1648/1648/1648
f 1642/1642/1642 1648/1648/1648 1647/1647/1647
f 1643/1643/1643 1644/1644/1644 1649/1649/1649
f 1643/1643/1643 1649/1649/1649 1648/1648/1648
f 1650/1650/1650 1644/1644/1644 1645/1645/1645
f 1650/1650/1650 1645/1645/1645 1651/1651/1651
f 1644/1644/1644 1650/1650/1650 1649/1649/1649
f 308/308/308 297/297/297 1654/1654/1654
f 308/308/308 1654/1654/1654 1653/1653/1653
f 1645/1645/1645 1641/1641/1641 1646/1646/1646
f 1652/1652/1652 1645/1645/1645 1646/1646/1646
f 1653/1653/1653 1654/1654/1654 1656/1656/1656
f 1653/1653/1653 1656/1656/1656 1655/1655/1655
f 1658/1658/1658 1660/1660/1660 1659/1659/1659
f 1658/1658/1658 1659/1659/1659 1657/1657/1657
f 1657/1657/1657 1655/1655/1655 1656/1656/1656
f 1664/1664/1664 1655/1655/1655 1657/1657/1657
f 1664/1664/1664 1657/1657/1657 1665/1665/1665
f 1653/1653/1653 1663/1663/1663 308/308/308
f 1655/1655/1655 1663/1663/1663 1653/1653/1653
f 1667/1667/1667 1661/1661/1661 1706/1706/1706
f 1667/1667/1667 1706/1706/1706 1669/1669/1669
f 1666/1666/1666 1665/1665/1665 1657/1657/1657
f 1668/1668/1668 1666/1666/1666 1659/1659/1659
f 1667/1667/1667 1668/1668/1668 1659/1659/1659
f 1669/1669/1669 1668/1668/1668 1667/1667/1667
f 319/319/319 1662/1662/1662 1624/1624/1624
f 319/319/319 1624/1624/1624 268/268/268
f 1678/1678/1678 1669/1669/1669 1706/1706/1706
f 1662/1662/1662 1670/1670/1670 1626/1626/1626
f 1662/1662/1662 1626/1626/1626 1624/1624/1624
f 1662/1662/1662 319/319/319 307/307/307
f 1628/1628/1628 1670/1670/1670 1671/1671/1671
f 1628/1628/1628 1671/1671/1671 1629/1629/1629
f 1628/1628/1628 1626/1626/1626 1670/1670/1670
f 1665/1665/1665 1672/1672/1672 1671/1671/1671
f 1665/1665/1665 1671/1671/1671 1670/1670/1670
f 1629/1629/1629 1671/1671/1671 1673/1673/1673
f 1629/1629/1629 1673/1673/1673 1634/1634/1634
f 1673/1673/1673 1675/1675/1675 1637/1637/1637
f 1673/1673/1673 1637/1637/1637 1634/1634/1634
f 1673/1673/1673 1671/1671/1671 1672/1672/1672
f 1668/1668/1668 1674/1674/1674 1666/1666/1666
f 1673/1673/1673 1672/1672/1672 1676/1676/1676
f 1673/1673/1673 1676/1676/1676 1675/1675/1675
f 1674/1674/1674 1677/1677/1677 1676/1676/1676
f 1674/1674/1674 1676/1676/1676 1672/1672/1672
f 1674/1674/1674 1668/1668/1668 1669/1669/1669
f 1674/1674/1674 1669/1669/1669 1677/1677/1677
f 1676/1676/1676 1677/1677/1677 1684/1684/1684
f 1676/1676/1676 1684/1684/1684 1683/1683/1683
f 1678/1678/1678 1677/1677/1677 1669/1669/1669
f 1680/1680/1680 1677/1677/1677 1678/1678/1678
f 1681/1681/1681 1680/1680/1680 1678/1678/1678
f 1682/1682/1682 1680/1680/1680 1681/1681/1681
f 1676/1676/1676 1683/1683/1683 1675/1675/1675
f 1646/1646/1646 1683/1683/1683 1685/1685/1685
f 1646/1646/1646 1685/1685/1685 1652/1652/1652
f 1683/1683/1683 1646/1646/1646 1675/1675/1675
f 1683/1683/1683 1684/1684/1684 1686/1686/1686
f 1683/1683/1683 1686/1686/1686 1685/1685/1685
f 1679/1679/1679 1687/1687/1687 1686/1686/1686
f 1679/1679/1679 1686/1686/1686 1684/1684/1684
f 1679/1679/1679 1680/1680/1680 1682/1682/1682
f 1679/1679/1679 1682/1682/1682 1687/1687/1687
f 372/372/372 369/369/369 1691/1691/1691
f 372/372/372 1691/1691/1691 1690/1690/1690
f 1688/1688/1688 1687/1687/1687 1682/1682/1682
f 1691/1691/1691 1694/1694/1694 1693/1693/1693
f 1691/1691/1691 1693/1693/1693 1690/1690/1690
f 1692/1692/1692 1691/1691/1691 369/369/369
f 1692/1692/1692 370/370/370 371/371/371
f 1691/1691/1691 1692/1692/1692 1695/1695/1695
f 1691/1691/1691 1695/1695/1695 1694/1694/1694
f 372/372/372 1690/1690/1690 1654/1654/1654
f 372/372/372 1654/1654/1654 297/297/297
f 1696/1696/1696 1693/1693/1693 1694/1694/1694
f 1697/1697/1697 1694/1694/1694 1695/1695/1695
f 1699/1699/1699 1696/1696/1696 1697/1697/1697
f 1700/1700/1700 1697/1697/1697 1698/1698/1698
f 1701/1701/1701 1699/1699/1699 1700/1700/1700
f 1690/1690/1690 1693/1693/1693 1656/1656/1656
f 1690/1690/1690 1656/1656/1656 1654/1654/1654
f 1693/1693/1693 1696/1696/1696 1658/1658/1658
f 1693/1693/1693 1658/1658/1658 1656/1656/1656
f 1699/1699/1699 1704/1704/1704 1661/1661/1661
f 1699/1699/1699 1661/1661/1661 1660/1660/1660
f 1660/1660/1660 1658/1658/1658 1696/1696/1696
f 1705/1705/1705 1702/1702/1702 1703/1703/1703
f 1705/1705/1705 1703/1703/1703 1707/1707/1707
f 1701/1701/1701 1704/1704/1704 1699/1699/1699
f 1705/1705/1705 1704/1704/1704 1701/1701/1701
f 1706/1706/1706 1661/1661/1661 1704/1704/1704
f 1707/1707/1707 1706/1706/1706 1704/1704/1704
f 1707/1707/1707 1704/1704/1704 1705/1705/1705
f 371/371/371 442/442/442 427/427/427
f 371/371/371 427/427/427 1692/1692/1692
f 1710/1710/1710 1706/1706/1706 1707/1707/1707
f 1730/1730/1730 1708/1708/1708 1707/1707/1707
f 1709/1709/1709 1708/1708/1708 1730/1730/1730
f 1711/1711/1711 1706/1706/1706 1710/1710/1710
f 1712/1712/1712 1711/1711/1711 1710/1710/1710
f 1713/1713/1713 1711/1711/1711 1712/1712/1712
f 1709/1709/1709 1714/1714/1714 1708/1708/1708
f 1715/1715/1715 1714/1714/1714 1709/1709/1709
f 1716/1716/1716 1681/1681/1681 1713/1713/1713
f 427/427/427 423/423/423 428/428/428
f 1718/1718/1718 427/427/427 429/429/429
f 1717/1717/1717 1718/1718/1718 429/429/429
f 1720/1720/1720 1718/1718/1718 1717/1717/1717
f 1720/1720/1720 1717/1717/1717 1719/1719/1719
f 427/427/427 1718/1718/1718 1695/1695/1695
f 427/427/427 1695/1695/1695 1692/1692/1692
f 1721/1721/1721 1720/1720/1720 2275/2275/2275
f 1721/1721/1721 2275/2275/2275 1723/1723/1723
f 1698/1698/1698 1695/1695/1695 1718/1718/1718
f 1720/1720/1720 1721/1721/1721 1718/1718/1718
f 1722/1722/1722 1700/1700/1700 1698/1698/1698
f 1722/1722/1722 1698/1698/1698 1721/1721/1721
f 1723/1723/1723 1722/1722/1722 1721/1721/1721
f 1723/1723/1723 1725/1725/1725 1724/1724/1724
f 1723/1723/1723 1724/1724/1724 1722/1722/1722
f 1724/1724/1724 1726/1726/1726 1703/1703/1703
f 1724/1724/1724 1703/1703/1703 1702/1702/1702
f 1730/1730/1730 1703/1703/1703 1726/1726/1726
f 1730/1730/1730 1726/1726/1726 1731/1731/1731
f 1726/1726/1726 1724/1724/1724 1725/1725/1725
f 1727/1727/1727 1726/1726/1726 1725/1725/1725
f 1728/1728/1728 1726/1726/1726 1727/1727/1727
f 1730/1730/1730 1707/1707/1707 1703/1703/1703
f 1731/1731/1731 1726/1726/1726 1728/1728/1728
f 1731/1731/1731 1728/1728/1728 1732/1732/1732
f 1592/1592/1592 1738/1738/1738 1737/1737/1737
f 1592/1592/1592 1737/1737/1737 1602/1602/1602
f 1709/1709/1709 1730/1730/1730 1731/1731/1731
f 1735/1735/1735 1715/1715/1715 1709/1709/1709
f 1736/1736/1736 1592/1592/1592 1590/1590/1590
f 1737/1737/1737 1603/1603/1603 1602/1602/1602
f 1647/1647/1647 1741/1741/1741 1736/1736/1736
f 1647/1647/1647 1736/1736/1736 1590/1590/1590
f 1736/1736/1736 1738/1738/1738 1592/1592/1592
f 1739/1739/1739 1738/1738/1738 1736/1736/1736
f 1740/1740/1740 1738/1738/1738 1739/1739/1739
f 1649/1649/1649 1744/1744/1744 1743/1743/1743
f 1649/1649/1649 1743/1743/1743 1648/1648/1648
f 1648/1648/1648 1741/1741/1741 1647/1647/1647
f 1743/1743/1743 1741/1741/1741 1648/1648/1648
f 1736/1736/1736 1741/1741/1741 1745/1745/1745
f 1736/1736/1736 1745/1745/1745 1739/1739/1739
f 1746/1746/1746 1651/1651/1651 1742/1742/1742
f 1746/1746/1746 1742/1742/1742 1747/1747/1747
f 1745/1745/1745 1741/1741/1741 1743/1743/1743
f 1745/1745/1745 1743/1743/1743 1748/1748/1748
f 1746/1746/1746 1749/1749/1749 1744/1744/1744
f 1746/1746/1746 1744/1744/1744 1650/1650/1650
f 1744/1744/1744 1749/1749/1749 1743/1743/1743
f 1746/1746/1746 1747/1747/1747 1751/1751/1751
f 1746/1746/1746 1751/1751/1751 1750/1750/1750
f 1750/1750/1750 1749/1749/1749 1746/1746/1746
f 1743/1743/1743 1753/1753/1753 1752/1752/1752
f 1743/1743/1743 1752/1752/1752 1748/1748/1748
f 1743/1743/1743 1749/1749/1749 1754/1754/1754
f 1743/1743/1743 1754/1754/1754 1753/1753/1753
f 1747/1747/1747 1742/1742/1742 1652/1652/1652
f 1747/1747/1747 1652/1652/1652 1758/1758/1758
f 1755/1755/1755 1754/1754/1754 1749/1749/1749
f 1688/1688/1688 1682/1682/1682 1681/1681/1681
f 1689/1689/1689 1687/1687/1687 1688/1688/1688
f 1757/1757/1757 1689/1689/1689 1756/1756/1756
f 1652/1652/1652 1685/1685/1685 1759/1759/1759
f 1652/1652/1652 1759/1759/1759 1758/1758/1758
f 1686/1686/1686 1760/1760/1760 1759/1759/1759
f 1686/1686/1686 1759/1759/1759 1685/1685/1685
f 1689/1689/1689 1761/1761/1761 2008/2008/2008
f 1689/1689/1689 2008/2008/2008 1760/1760/1760
f 1760/1760/1760 1686/1686/1686 1689/1689/1689
f 1758/1758/1758 1751/1751/1751 1747/1747/1747
f 1715/1715/1715 1765/1765/1765 1764/1764/1764
f 1715/1715/1715 1764/1764/1764 1714/1714/1714
f 1757/1757/1757 1762/1762/1762 1689/1689/1689
f 1763/1763/1763 1762/1762/1762 1757/1757/1757
f 1716/1716/1716 1713/1713/1713 1712/1712/1712
f 1764/1764/1764 1712/1712/1712 1714/1714/1714
f 1716/1716/1716 1767/1767/1767 1688/1688/1688
f 1716/1716/1716 1688/1688/1688 1681/1681/1681
f 1716/1716/1716 1764/1764/1764 1768/1768/1768
f 1716/1716/1716 1768/1768/1768 1767/1767/1767
f 1768/1768/1768 1770/1770/1770 1769/1769/1769
f 1768/1768/1768 1769/1769/1769 1767/1767/1767
f 1770/1770/1770 1766/1766/1766 1771/1771/1771
f 1770/1770/1770 1771/1771/1771 1773/1773/1773
f 1756/1756/1756 1767/1767/1767 1769/1769/1769
f 1756/1756/1756 1769/1769/1769 1772/1772/1772
f 1734/1734/1734 1782/1782/1782 1735/1735/1735
f 1734/1734/1734 1735/1735/1735 1733/1733/1733
f 1774/1774/1774 1772/1772/1772 1769/1769/1769
f 1774/1774/1774 1769/1769/1769 1773/1773/1773
f 1778/1778/1778 1777/1777/1777 1774/1774/1774
f 1779/1779/1779 1777/1777/1777 1778/1778/1778
f 1776/1776/1776 1780/1780/1780 1778/1778/1778
f 1781/1781/1781 1780/1780/1780 1776/1776/1776
f 1735/1735/1735 1783/1783/1783 1765/1765/1765
f 1735/1735/1735 1765/1765/1765 1715/1715/1715
f 1783/1783/1783 1735/1735/1735 1782/1782/1782
f 1783/1783/1783 1782/1782/1782 1784/1784/1784
f 1783/1783/1783 1785/1785/1785 1766/1766/1766
f 1783/1783/1783 1766/1766/1766 1765/1765/1765
f 1784/1784/1784 1786/1786/1786 1785/1785/1785
f 1784/1784/1784 1785/1785/1785 1783/1783/1783
f 1787/1787/1787 1788/1788/1788 1771/1771/1771
f 1787/1787/1787 1771/1771/1771 1766/1766/1766
f 1786/1786/1786 1789/1789/1789 1788/1788/1788
f 1786/1786/1786 1788/1788/1788 1787/1787/1787
f 1776/1776/1776 1794/1794/1794 1795/1795/1795
f 1776/1776/1776 1795/1795/1795 1781/1781/1781
f 1790/1790/1790 1775/1775/1775 1771/1771/1771
f 1788/1788/1788 1791/1791/1791 1790/1790/1790
f 1776/1776/1776 1775/1775/1775 1790/1790/1790
f 1792/1792/1792 1776/1776/1776 1790/1790/1790
f 1793/1793/1793 1792/1792/1792 1791/1791/1791
f 1793/1793/1793 1794/1794/1794 1792/1792/1792
f 1794/1794/1794 1793/1793/1793 1796/1796/1796
f 1794/1794/1794 1796/1796/1796 1795/1795/1795
f 616/616/616 1800/1800/1800 1799/1799/1799
f 616/616/616 1799/1799/1799 615/615/615
f 1797/1797/1797 599/599/599 600/600/600
f 1798/1798/1798 1797/1797/1797 600/600/600
f 1798/1798/1798 600/600/600 601/601/601
f 617/617/617 1801/1801/1801 1800/1800/1800
f 617/617/617 1800/1800/1800 616/616/616
f 617/617/617 599/599/599 1797/1797/1797
f 617/617/617 1797/1797/1797 1801/1801/1801
f 1797/1797/1797 1798/1798/1798 1803/1803/1803
f 1797/1797/1797 1803/1803/1803 1802/1802/1802
f 1802/1802/1802 1801/1801/1801 1797/1797/1797
f 1803/1803/1803 1805/1805/1805 1804/1804/1804
f 1803/1803/1803 1804/1804/1804 1802/1802/1802
f 1804/1804/1804 1801/1801/1801 1802/1802/1802
f 630/630/630 1807/1807/1807 1806/1806/1806
f 630/630/630 1806/1806/1806 629/629/629
f 630/630/630 615/615/615 1799/1799/1799
f 630/630/630 1799/1799/1799 1807/1807/1807
f 1799/1799/1799 1800/1800/1800 1808/1808/1808
f 1799/1799/1799 1808/1808/1808 1807/1807/1807
f 1808/1808/1808 1801/1801/1801 1804/1804/1804
f 1808/1808/1808 1804/1804/1804 1809/1809/1809
f 642/642/642 1812/1812/1812 1811/1811/1811
f 642/642/642 1811/1811/1811 641/641/641
f 1810/1810/1810 1809/1809/1809 1804/1804/1804
f 642/642/642 629/629/629 1806/1806/1806
f 642/642/642 1806/1806/1806 1812/1812/1812
f 1806/1806/1806 1807/1807/1807 1813/1813/1813
f 1806/1806/1806 1813/1813/1813 1812/1812/1812
f 1807/1807/1807 1808/1808/1808 1814/1814/1814
f 1807/1807/1807 1814/1814/1814 1813/1813/1813
f 1816/1816/1816 1817/1817/1817 1823/1823/1823
f 1816/1816/1816 1823/1823/1823 1822/1822/1822
f 1815/1815/1815 1814/1814/1814 1809/1809/1809
f 1824/1824/1824 1818/1818/1818 1819/1819/1819
f 1824/1824/1824 1819/1819/1819 1825/1825/1825
f 1818/1818/1818 1824/1824/1824 1823/1823/1823
f 1818/1818/1818 1823/1823/1823 1817/1817/1817
f 1826/1826/1826 1820/1820/1820 1821/1821/1821
f 1826/1826/1826 1821/1821/1821 1827/1827/1827
f 1826/1826/1826 1825/1825/1825 1819/1819/1819
f 1820/1820/1820 1826/1826/1826 1819/1819/1819
f 652/652/652 646/646/646 1830/1830/1830
f 652/652/652 1830/1830/1830 1829/1829/1829
f 1822/1822/1822 1823/1823/1823 1831/1831/1831
f 1822/1822/1822 1831/1831/1831 1830/1830/1830
f 1824/1824/1824 1825/1825/1825 1833/1833/1833
f 1824/1824/1824 1833/1833/1833 1832/1832/1832
f 1824/1824/1824 1831/1831/1831 1823/1823/1823
f 1834/1834/1834 1826/1826/1826 1827/1827/1827
f 1834/1834/1834 1827/1827/1827 1835/1835/1835
f 1826/1826/1826 1834/1834/1834 1825/1825/1825
f 668/668/668 1840/1840/1840 1839/1839/1839
f 668/668/668 1839/1839/1839 667/667/667
f 1836/1836/1836 1835/1835/1835 1827/1827/1827
f 1828/1828/1828 1836/1836/1836 1827/1827/1827
f 1838/1838/1838 666/666/666 667/667/667
f 668/668/668 669/669/669 1841/1841/1841
f 668/668/668 1841/1841/1841 1840/1840/1840
f 669/669/669 652/652/652 1829/1829/1829
f 669/669/669 1829/1829/1829 1841/1841/1841
f 1841/1841/1841 1843/1843/1843 1842/1842/1842
f 1841/1841/1841 1842/1842/1842 1840/1840/1840
f 1841/1841/1841 1829/1829/1829 1831/1831/1831
f 1841/1841/1841 1831/1831/1831 1843/1843/1843
f 1831/1831/1831 1832/1832/1832 1844/1844/1844
f 1831/1831/1831 1844/1844/1844 1843/1843/1843
f 1846/1846/1846 1835/1835/1835 1836/1836/1836
f 1846/1846/1846 1836/1836/1836 1847/1847/1847
f 1834/1834/1834 1845/1845/1845 1833/1833/1833
f 1846/1846/1846 1845/1845/1845 1834/1834/1834
f 1835/1835/1835 1846/1846/1846 1834/1834/1834
f 1847/1847/1847 1836/1836/1836 1837/1837/1837
f 1847/1847/1847 1837/1837/1837 1848/1848/1848
f 601/601/601 666/666/666 1838/1838/1838
f 601/601/601 1838/1838/1838 1850/1850/1850
f 1838/1838/1838 1839/1839/1839 1851/1851/1851
f 1838/1838/1838 1851/1851/1851 1850/1850/1850
f 1839/1839/1839 1840/1840/1840 1852/1852/1852
f 1839/1839/1839 1852/1852/1852 1851/1851/1851
f 1851/1851/1851 1855/1855/1855 1854/1854/1854
f 1851/1851/1851 1854/1854/1854 1850/1850/1850
f 1853/1853/1853 1849/1849/1849 1850/1850/1850
f 1852/1852/1852 1856/1856/1856 1855/1855/1855
f 1852/1852/1852 1855/1855/1855 1851/1851/1851
f 1852/1852/1852 1840/1840/1840 1842/1842/1842
f 1852/1852/1852 1842/1842/1842 1856/1856/1856
f 1843/1843/1843 1858/1858/1858 1857/1857/1857
f 1843/1843/1843 1857/1857/1857 1856/1856/1856
f 1843/1843/1843 1856/1856/1856 1842/1842/1842
f 1858/1858/1858 1844/1844/1844 1833/1833/1833
f 1858/1858/1858 1833/1833/1833 1859/1859/1859
f 1844/1844/1844 1858/1858/1858 1843/1843/1843
f 1859/1859/1859 1857/1857/1857 1858/1858/1858
f 1859/1859/1859 1833/1833/1833 1845/1845/1845
f 1859/1859/1859 1845/1845/1845 1860/1860/1860
f 1860/1860/1860 1845/1845/1845 1846/1846/1846
f 1860/1860/1860 1846/1846/1846 1861/1861/1861
f 1861/1861/1861 1846/1846/1846 1847/1847/1847
f 1861/1861/1861 1847/1847/1847 1862/1862/1862
f 1862/1862/1862 1847/1847/1847 1848/1848/1848
f 1862/1862/1862 1848/1848/1848 1863/1863/1863
f 1803/1803/1803 1849/1849/1849 1853/1853/1853
f 1803/1803/1803 1853/1853/1853 1864/1864/1864
f 1853/1853/1853 1854/1854/1854 1865/1865/1865
f 1853/1853/1853 1865/1865/1865 1864/1864/1864
f 1854/1854/1854 1855/1855/1855 1866/1866/1866
f 1854/1854/1854 1866/1866/1866 1865/1865/1865
f 1855/1855/1855 1856/1856/1856 1867/1867/1867
f 1855/1855/1855 1867/1867/1867 1866/1866/1866
f 1867/1867/1867 1869/1869/1869 1868/1868/1868
f 1867/1867/1867 1868/1868/1868 1866/1866/1866
f 1867/1867/1867 1856/1856/1856 1857/1857/1857
f 1867/1867/1867 1857/1857/1857 1869/1869/1869
f 1869/1869/1869 1857/1857/1857 1859/1859/1859
f 1869/1869/1869 1859/1859/1859 1870/1870/1870
f 1871/1871/1871 1861/1861/1861 1862/1862/1862
f 1871/1871/1871 1862/1862/1862 1872/1872/1872
f 1871/1871/1871 1870/1870/1870 1860/1860/1860
f 1861/1861/1861 1871/1871/1871 1860/1860/1860
f 1872/1872/1872 1862/1862/1862 1863/1863/1863
f 1872/1872/1872 1863/1863/1863 1873/1873/1873
f 1805/1805/1805 1864/1864/1864 1874/1874/1874
f 1805/1805/1805 1874/1874/1874 1810/1810/1810
f 1864/1864/1864 1865/1865/1865 1875/1875/1875
f 1864/1864/1864 1875/1875/1875 1874/1874/1874
f 1865/1865/1865 1866/1866/1866 1876/1876/1876
f 1865/1865/1865 1876/1876/1876 1875/1875/1875
f 1876/1876/1876 1878/1878/1878 1877/1877/1877
f 1876/1876/1876 1877/1877/1877 1875/1875/1875
f 1877/1877/1877 1874/1874/1874 1875/1875/1875
f 1876/1876/1876 1866/1866/1866 1868/1868/1868
f 1876/1876/1876 1868/1868/1868 1878/1878/1878
f 1868/1868/1868 1869/1869/1869 1879/1879/1879
f 1868/1868/1868 1879/1879/1879 1878/1878/1878
f 1879/1879/1879 1881/1881/1881 1880/1880/1880
f 1879/1879/1879 1880/1880/1880 1878/1878/1878
f 1879/1879/1879 1869/1869/1869 1870/1870/1870
f 1879/1879/1879 1870/1870/1870 1881/1881/1881
f 1883/1883/1883 1872/1872/1872 1873/1873/1873
f 1883/1883/1883 1873/1873/1873 1884/1884/1884
f 1882/1882/1882 1881/1881/1881 1870/1870/1870
f 1883/1883/1883 1882/1882/1882 1871/1871/1871
f 1810/1810/1810 1874/1874/1874 1885/1885/1885
f 1810/1810/1810 1885/1885/1885 1815/1815/1815
f 1885/1885/1885 1874/1874/1874 1877/1877/1877
f 1885/1885/1885 1877/1877/1877 1887/1887/1887
f 1877/1877/1877 1878/1878/1878 1889/1889/1889
f 1877/1877/1877 1889/1889/1889 1888/1888/1888
f 1888/1888/1888 1887/1887/1887 1877/1877/1877
f 1889/1889/1889 1878/1878/1878 1880/1880/1880
f 1889/1889/1889 1880/1880/1880 1890/1890/1890
f 1880/1880/1880 1881/1881/1881 1891/1891/1891
f 1880/1880/1880 1891/1891/1891 1890/1890/1890
f 1883/1883/1883 1884/1884/1884 1893/1893/1893
f 1883/1883/1883 1893/1893/1893 1892/1892/1892
f 1882/1882/1882 1892/1892/1892 1891/1891/1891
f 1883/1883/1883 1892/1892/1892 1882/1882/1882
f 246/246/246 1593/1593/1593 1817/1817/1817
f 246/246/246 1817/1817/1817 1816/1816/1816
f 1816/1816/1816 711/711/711 246/246/246
f 1819/1819/1819 1596/1596/1596 1597/1597/1597
f 1819/1819/1819 1597/1597/1597 1820/1820/1820
f 1594/1594/1594 1817/1817/1817 1593/1593/1593
f 1819/1819/1819 1818/1818/1818 1594/1594/1594
f 1596/1596/1596 1819/1819/1819 1594/1594/1594
f 1597/1597/1597 1894/1894/1894 1821/1821/1821
f 1597/1597/1597 1821/1821/1821 1820/1820/1820
f 1894/1894/1894 1599/1599/1599 1601/1601/1601
f 1894/1894/1894 1601/1601/1601 1895/1895/1895
f 1599/1599/1599 1894/1894/1894 1597/1597/1597
f 1895/1895/1895 1821/1821/1821 1894/1894/1894
f 1895/1895/1895 1897/1897/1897 1898/1898/1898
f 1895/1895/1895 1898/1898/1898 1828/1828/1828
f 1896/1896/1896 1895/1895/1895 1601/1601/1601
f 1603/1603/1603 1896/1896/1896 1601/1601/1601
f 1828/1828/1828 1827/1827/1827 1821/1821/1821
f 1895/1895/1895 1828/1828/1828 1821/1821/1821
f 1863/1863/1863 1848/1848/1848 1900/1900/1900
f 1863/1863/1863 1900/1900/1900 1901/1901/1901
f 1896/1896/1896 1897/1897/1897 1895/1895/1895
f 1898/1898/1898 1836/1836/1836 1828/1828/1828
f 1837/1837/1837 1836/1836/1836 1898/1898/1898
f 1899/1899/1899 1848/1848/1848 1837/1837/1837
f 1873/1873/1873 1863/1863/1863 1901/1901/1901
f 1873/1873/1873 1901/1901/1901 1902/1902/1902
f 1902/1902/1902 1901/1901/1901 1937/1937/1937
f 1902/1902/1902 1937/1937/1937 1903/1903/1903
f 1884/1884/1884 1873/1873/1873 1902/1902/1902
f 1884/1884/1884 1902/1902/1902 1904/1904/1904
f 1904/1904/1904 1902/1902/1902 1903/1903/1903
f 1904/1904/1904 1903/1903/1903 1905/1905/1905
f 1893/1893/1893 1884/1884/1884 1904/1904/1904
f 1893/1893/1893 1904/1904/1904 1906/1906/1906
f 1904/1904/1904 1905/1905/1905 1907/1907/1907
f 1904/1904/1904 1907/1907/1907 1906/1906/1906
f 1909/1909/1909 1738/1738/1738 1740/1740/1740
f 1909/1909/1909 1740/1740/1740 1911/1911/1911
f 1908/1908/1908 1896/1896/1896 1603/1603/1603
f 1737/1737/1737 1908/1908/1908 1603/1603/1603
f 1909/1909/1909 1908/1908/1908 1737/1737/1737
f 1910/1910/1910 1908/1908/1908 1909/1909/1909
f 1912/1912/1912 1914/1914/1914 1913/1913/1913
f 1912/1912/1912 1913/1913/1913 1740/1740/1740
f 1913/1913/1913 1911/1911/1911 1740/1740/1740
f 1897/1897/1897 1896/1896/1896 1908/1908/1908
f 1897/1897/1897 1908/1908/1908 1916/1916/1916
f 1915/1915/1915 1898/1898/1898 1897/1897/1897
f 1916/1916/1916 1908/1908/1908 1910/1910/1910
f 1916/1916/1916 1910/1910/1910 1917/1917/1917
f 1918/1918/1918 1911/1911/1911 1913/1913/1913
f 1918/1918/1918 1913/1913/1913 1920/1920/1920
f 1918/1918/1918 1917/1917/1917 1910/1910/1910
f 1919/1919/1919 1917/1917/1917 1918/1918/1918
f 1914/1914/1914 1922/1922/1922 1921/1921/1921
f 1914/1914/1914 1921/1921/1921 1913/1913/1913
f 1921/1921/1921 1920/1920/1920 1913/1913/1913
f 1837/1837/1837 1898/1898/1898 1915/1915/1915
f 1837/1837/1837 1915/1915/1915 1899/1899/1899
f 1915/1915/1915 1916/1916/1916 1924/1924/1924
f 1915/1915/1915 1924/1924/1924 1923/1923/1923
f 1923/1923/1923 1899/1899/1899 1915/1915/1915
f 1926/1926/1926 1920/1920/1920 1921/1921/1921
f 1926/1926/1926 1921/1921/1921 1927/1927/1927
f 1925/1925/1925 1924/1924/1924 1917/1917/1917
f 1919/1919/1919 1925/1925/1925 1917/1917/1917
f 1926/1926/1926 1925/1925/1925 1919/1919/1919
f 1932/1932/1932 1926/1926/1926 1927/1927/1927
f 1932/1932/1932 1927/1927/1927 1933/1933/1933
f 1928/1928/1928 1927/1927/1927 1921/1921/1921
f 1900/1900/1900 1848/1848/1848 1899/1899/1899
f 1923/1923/1923 1900/1900/1900 1899/1899/1899
f 1930/1930/1930 1900/1900/1900 1923/1923/1923
f 1924/1924/1924 1930/1930/1930 1923/1923/1923
f 1931/1931/1931 1930/1930/1930 1924/1924/1924
f 1932/1932/1932 1931/1931/1931 1925/1925/1925
f 1927/1927/1927 1928/1928/1928 1935/1935/1935
f 1927/1927/1927 1935/1935/1935 1934/1934/1934
f 1934/1934/1934 1933/1933/1933 1927/1927/1927
f 1935/1935/1935 1928/1928/1928 1929/1929/1929
f 1935/1935/1935 1929/1929/1929 1936/1936/1936
f 1938/1938/1938 1930/1930/1930 1931/1931/1931
f 1938/1938/1938 1931/1931/1931 1939/1939/1939
f 1937/1937/1937 1901/1901/1901 1900/1900/1900
f 1938/1938/1938 1937/1937/1937 1930/1930/1930
f 1931/1931/1931 1932/1932/1932 1940/1940/1940
f 1931/1931/1931 1940/1940/1940 1939/1939/1939
f 1937/1937/1937 1938/1938/1938 1944/1944/1944
f 1937/1937/1937 1944/1944/1944 1903/1903/1903
f 1941/1941/1941 1940/1940/1940 1933/1933/1933
f 1934/1934/1934 1942/1942/1942 1941/1941/1941
f 1943/1943/1943 1942/1942/1942 1934/1934/1934
f 1945/1945/1945 1939/1939/1939 1940/1940/1940
f 1945/1945/1945 1940/1940/1940 1946/1946/1946
f 1945/1945/1945 1944/1944/1944 1939/1939/1939
f 1940/1940/1940 1941/1941/1941 1947/1947/1947
f 1940/1940/1940 1947/1947/1947 1946/1946/1946
f 1905/1905/1905 1903/1903/1903 1944/1944/1944
f 1905/1905/1905 1944/1944/1944 1950/1950/1950
f 1948/1948/1948 1947/1947/1947 1942/1942/1942
f 1949/1949/1949 1948/1948/1948 1943/1943/1943
f 1947/1947/1947 1948/1948/1948 1953/1953/1953
f 1947/1947/1947 1953/1953/1953 1952/1952/1952
f 1945/1945/1945 1950/1950/1950 1944/1944/1944
f 1951/1951/1951 1950/1950/1950 1945/1945/1945
f 1946/1946/1946 1951/1951/1951 1945/1945/1945
f 1952/1952/1952 1951/1951/1951 1946/1946/1946
f 1907/1907/1907 1905/1905/1905 1950/1950/1950
f 1907/1907/1907 1950/1950/1950 1955/1955/1955
f 1954/1954/1954 1953/1953/1953 1948/1948/1948
f 1955/1955/1955 1950/1950/1950 1951/1951/1951
f 1955/1955/1955 1951/1951/1951 1956/1956/1956
f 1958/1958/1958 1952/1952/1952 1953/1953/1953
f 1958/1958/1958 1953/1953/1953 1959/1959/1959
f 1957/1957/1957 1956/1956/1956 1951/1951/1951
f 1952/1952/1952 1958/1958/1958 1957/1957/1957
f 1912/1912/1912 1748/1748/1748 1752/1752/1752
f 1912/1912/1912 1752/1752/1752 1963/1963/1963
f 1954/1954/1954 1960/1960/1960 1959/1959/1959
f 1961/1961/1961 1960/1960/1960 1954/1954/1954
f 1751/1751/1751 1962/1962/1962 1750/1750/1750
f 1750/1750/1750 1962/1962/1962 1965/1965/1965
f 1750/1750/1750 1965/1965/1965 1964/1964/1964
f 1753/1753/1753 1963/1963/1963 1752/1752/1752
f 1755/1755/1755 1964/1964/1964 1754/1754/1754
f 1753/1753/1753 1754/1754/1754 1967/1967/1967
f 1753/1753/1753 1967/1967/1967 1966/1966/1966
f 1966/1966/1966 1963/1963/1963 1753/1753/1753
f 1969/1969/1969 1964/1964/1964 1965/1965/1965
f 1969/1969/1969 1965/1965/1965 1970/1970/1970
f 1968/1968/1968 1971/1971/1971 1922/1922/1922
f 1968/1968/1968 1922/1922/1922 1914/1914/1914
f 1968/1968/1968 1963/1963/1963 1966/1966/1966
f 1968/1968/1968 1966/1966/1966 1972/1972/1972
f 1966/1966/1966 1967/1967/1967 1974/1974/1974
f 1966/1966/1966 1974/1974/1974 1973/1973/1973
f 1973/1973/1973 1972/1972/1972 1966/1966/1966
f 1972/1972/1972 1979/1979/1979 1929/1929/1929
f 1972/1972/1972 1929/1929/1929 1971/1971/1971
f 1967/1967/1967 1964/1964/1964 1969/1969/1969
f 1975/1975/1975 1967/1967/1967 1969/1969/1969
f 1976/1976/1976 1975/1975/1975 1970/1970/1970
f 1971/1971/1971 1928/1928/1928 1922/1922/1922
f 1975/1975/1975 1978/1978/1978 1977/1977/1977
f 1929/1929/1929 1928/1928/1928 1971/1971/1971
f 1973/1973/1973 1974/1974/1974 1980/1980/1980
f 1973/1973/1973 1980/1980/1980 1979/1979/1979
f 1929/1929/1929 1979/1979/1979 1983/1983/1983
f 1929/1929/1929 1983/1983/1983 1936/1936/1936
f 1981/1981/1981 1980/1980/1980 1977/1977/1977
f 1984/1984/1984 1979/1979/1979 1980/1980/1980
f 1984/1984/1984 1980/1980/1980 1985/1985/1985
f 1984/1984/1984 1983/1983/1983 1979/1979/1979
f 1986/1986/1986 1980/1980/1980 1981/1981/1981
f 1986/1986/1986 1981/1981/1981 1987/1987/1987
f 1980/1980/1980 1986/1986/1986 1985/1985/1985
f 1982/1982/1982 1987/1987/1987 1981/1981/1981
f 1982/1982/1982 1981/1981/1981 1978/1978/1978
f 1984/1984/1984 1985/1985/1985 1992/1992/1992
f 1984/1984/1984 1992/1992/1992 1991/1991/1991
f 1988/1988/1988 1987/1987/1987 1982/1982/1982
f 1989/1989/1989 1943/1943/1943 1936/1936/1936
f 1984/1984/1984 1989/1989/1989 1983/1983/1983
f 1987/1987/1987 1990/1990/1990 1994/1994/1994
f 1991/1991/1991 1989/1989/1989 1984/1984/1984
f 1943/1943/1943 1989/1989/1989 1993/1993/1993
f 1943/1943/1943 1993/1993/1993 1949/1949/1949
f 1993/1993/1993 1989/1989/1989 1991/1991/1991
f 1993/1993/1993 1991/1991/1991 1997/1997/1997
f 1990/1990/1990 1995/1995/1995 1994/1994/1994
f 1990/1990/1990 1996/1996/1996 1995/1995/1995
f 1991/1991/1991 1992/1992/1992 1998/1998/1998
f 1991/1991/1991 1998/1998/1998 1997/1997/1997
f 1994/1994/1994 1998/1998/1998 1992/1992/1992
f 1994/1994/1994 1992/1992/1992 1986/1986/1986
f 1759/1759/1759 1760/1760/1760 2008/2008/2008
f 1759/1759/1759 2008/2008/2008 2007/2007/2007
f 1995/1995/1995 1998/1998/1998 1994/1994/1994
f 2000/2000/2000 1954/1954/1954 1949/1949/1949
f 1997/1997/1997 2001/2001/2001 2000/2000/2000
f 2002/2002/2002 2001/2001/2001 1998/1998/1998
f 1995/1995/1995 1999/1999/1999 2002/2002/2002
f 2004/2004/2004 1961/1961/1961 2000/2000/2000
f 2005/2005/2005 2004/2004/2004 2001/2001/2001
f 2002/2002/2002 2006/2006/2006 2005/2005/2005
f 1999/1999/1999 2003/2003/2003 2006/2006/2006
f 1759/1759/1759 2007/2007/2007 1758/1758/1758
f 1962/1962/1962 1751/1751/1751 1758/1758/1758
f 1962/1962/1962 1758/1758/1758 2009/2009/2009
f 2008/2008/2008 2010/2010/2010 2014/2014/2014
f 2008/2008/2008 2014/2014/2014 2013/2013/2013
f 2007/2007/2007 2009/2009/2009 1758/1758/1758
f 2009/2009/2009 1965/1965/1965 1962/1962/1962
f 1762/1762/1762 2011/2011/2011 2010/2010/2010
f 2012/2012/2012 2011/2011/2011 1762/1762/1762
f 1970/1970/1970 1965/1965/1965 2009/2009/2009
f 1970/1970/1970 2009/2009/2009 2015/2015/2015
f 2009/2009/2009 2007/2007/2007 2016/2016/2016
f 2009/2009/2009 2016/2016/2016 2015/2015/2015
f 2019/2019/2019 2015/2015/2015 2016/2016/2016
f 2019/2019/2019 2016/2016/2016 2020/2020/2020
f 2013/2013/2013 2016/2016/2016 2007/2007/2007
f 2011/2011/2011 2017/2017/2017 2014/2014/2014
f 2022/2022/2022 2017/2017/2017 2011/2011/2011
f 2020/2020/2020 2016/2016/2016 2013/2013/2013
f 2020/2020/2020 2013/2013/2013 2021/2021/2021
f 2013/2013/2013 2017/2017/2017 2022/2022/2022
f 2013/2013/2013 2022/2022/2022 2021/2021/2021
f 2022/2022/2022 2024/2024/2024 2023/2023/2023
f 2022/2022/2022 2023/2023/2023 2021/2021/2021
f 1976/1976/1976 2019/2019/2019 1978/1978/1978
f 1976/1976/1976 2015/2015/2015 2019/2019/2019
f 2022/2022/2022 2018/2018/2018 2025/2025/2025
f 2022/2022/2022 2025/2025/2025 2024/2024/2024
f 2020/2020/2020 2021/2021/2021 2029/2029/2029
f 2020/2020/2020 2029/2029/2029 2028/2028/2028
f 2026/2026/2026 2024/2024/2024 2025/2025/2025
f 1982/1982/1982 1978/1978/1978 2019/2019/2019
f 1982/1982/1982 2019/2019/2019 2030/2030/2030
f 2028/2028/2028 2030/2030/2030 2019/2019/2019
f 2028/2028/2028 2019/2019/2019 2020/2020/2020
f 2028/2028/2028 2029/2029/2029 2023/2023/2023
f 2028/2028/2028 2023/2023/2023 2030/2030/2030
f 2031/2031/2031 2024/2024/2024 2026/2026/2026
f 2031/2031/2031 2026/2026/2026 2032/2032/2032
f 2035/2035/2035 2030/2030/2030 2023/2023/2023
f 2035/2035/2035 2023/2023/2023 2036/2036/2036
f 2030/2030/2030 2035/2035/2035 2034/2034/2034
f 2023/2023/2023 2031/2031/2031 2037/2037/2037
f 2023/2023/2023 2037/2037/2037 2036/2036/2036
f 2037/2037/2037 2039/2039/2039 2038/2038/2038
f 2037/2037/2037 2038/2038/2038 2036/2036/2036
f 1988/1988/1988 2034/2034/2034 1990/1990/1990
f 1988/1988/1988 2030/2030/2030 2034/2034/2034
f 2041/2041/2041 2032/2032/2032 2033/2033/2033
f 2041/2041/2041 2033/2033/2033 2042/2042/2042
f 2041/2041/2041 2040/2040/2040 2032/2032/2032
f 2035/2035/2035 2036/2036/2036 2044/2044/2044
f 2035/2035/2035 2044/2044/2044 2043/2043/2043
f 2040/2040/2040 2041/2041/2041 2046/2046/2046
f 2040/2040/2040 2046/2046/2046 2045/2045/2045
f 2034/2034/2034 2043/2043/2043 1996/1996/1996
f 2034/2034/2034 2035/2035/2035 2043/2043/2043
f 1996/1996/1996 2043/2043/2043 2049/2049/2049
f 1996/1996/1996 2049/2049/2049 2048/2048/2048
f 2047/2047/2047 2046/2046/2046 2042/2042/2042
f 2048/2048/2048 1999/1999/1999 1996/1996/1996
f 2049/2049/2049 2043/2043/2043 2038/2038/2038
f 2049/2049/2049 2038/2038/2038 2050/2050/2050
f 2050/2050/2050 2038/2038/2038 2039/2039/2039
f 2050/2050/2050 2039/2039/2039 2051/2051/2051
f 2046/2046/2046 2047/2047/2047 2053/2053/2053
f 2046/2046/2046 2053/2053/2053 2052/2052/2052
f 2052/2052/2052 2051/2051/2051 2045/2045/2045
f 2003/2003/2003 1999/1999/1999 2048/2048/2048
f 2003/2003/2003 2048/2048/2048 2054/2054/2054
f 2054/2054/2054 2048/2048/2048 2049/2049/2049
f 2054/2054/2054 2049/2049/2049 2055/2055/2055
f 2055/2055/2055 2049/2049/2049 2050/2050/2050
f 2055/2055/2055 2050/2050/2050 2056/2056/2056
f 2056/2056/2056 2050/2050/2050 2051/2051/2051
f 2056/2056/2056 2051/2051/2051 2057/2057/2057
f 2012/2012/2012 1777/1777/1777 1779/1779/1779
f 2012/2012/2012 1779/1779/1779 2060/2060/2060
f 2051/2051/2051 2058/2058/2058 2057/2057/2057
f 2059/2059/2059 2058/2058/2058 2052/2052/2052
f 1779/1779/1779 1780/1780/1780 2062/2062/2062
f 1779/1779/1779 2062/2062/2062 2061/2061/2061
f 1780/1780/1780 1779/1779/1779 1778/1778/1778
f 2061/2061/2061 2060/2060/2060 1779/1779/1779
f 2011/2011/2011 2060/2060/2060 2064/2064/2064
f 2011/2011/2011 2064/2064/2064 2018/2018/2018
f 1781/1781/1781 2062/2062/2062 1780/1780/1780
f 2063/2063/2063 2062/2062/2062 1781/1781/1781
f 2065/2065/2065 2062/2062/2062 2063/2063/2063
f 2065/2065/2065 2063/2063/2063 2066/2066/2066
f 2025/2025/2025 2018/2018/2018 2064/2064/2064
f 2025/2025/2025 2061/2061/2061 2068/2068/2068
f 2025/2025/2025 2068/2068/2068 2027/2027/2027
f 2067/2067/2067 2065/2065/2065 2066/2066/2066
f 2068/2068/2068 2065/2065/2065 2067/2067/2067
f 2068/2068/2068 2067/2067/2067 2070/2070/2070
f 2069/2069/2069 2027/2027/2027 2068/2068/2068
f 2053/2053/2053 2047/2047/2047 2078/2078/2078
f 2053/2053/2053 2078/2078/2078 2081/2081/2081
f 2071/2071/2071 2070/2070/2070 2067/2067/2067
f 2072/2072/2072 2032/2032/2032 2027/2027/2027
f 2033/2033/2033 2032/2032/2032 2072/2072/2072
f 2069/2069/2069 2033/2033/2033 2072/2072/2072
f 2073/2073/2073 2033/2033/2033 2069/2069/2069
f 2074/2074/2074 2073/2073/2073 2070/2070/2070
f 2076/2076/2076 2073/2073/2073 2074/2074/2074
f 2033/2033/2033 2075/2075/2075 2042/2042/2042
f 2076/2076/2076 2075/2075/2075 2073/2073/2073
f 2078/2078/2078 2047/2047/2047 2042/2042/2042
f 2079/2079/2079 2078/2078/2078 2075/2075/2075
f 2077/2077/2077 2080/2080/2080 2079/2079/2079
f 2078/2078/2078 2079/2079/2079 2082/2082/2082
f 2078/2078/2078 2082/2082/2082 2081/2081/2081
f 2053/2053/2053 2081/2081/2081 2084/2084/2084
f 2053/2053/2053 2084/2084/2084 2059/2059/2059
f 2080/2080/2080 2083/2083/2083 2082/2082/2082
f 2085/2085/2085 2082/2082/2082 2083/2083/2083
f 2085/2085/2085 2083/2083/2083 2086/2086/2086
f 2085/2085/2085 2084/2084/2084 2081/2081/2081
f 1781/1781/1781 1795/1795/1795 2087/2087/2087
f 1781/1781/1781 2087/2087/2087 2063/2063/2063
f 2091/2091/2091 2092/2092/2092 2094/2094/2094
f 2091/2091/2091 2094/2094/2094 2093/2093/2093
f 2088/2088/2088 2087/2087/2087 1795/1795/1795
f 2066/2066/2066 2063/2063/2063 2087/2087/2087
f 2090/2090/2090 2089/2089/2089 2088/2088/2088
f 2092/2092/2092 2091/2091/2091 2089/2089/2089
f 2091/2091/2091 2093/2093/2093 2071/2071/2071
f 2093/2093/2093 2095/2095/2095 2074/2074/2074
f 2093/2093/2093 2074/2074/2074 2071/2071/2071
f 2095/2095/2095 2096/2096/2096 2099/2099/2099
f 2095/2095/2095 2099/2099/2099 2098/2098/2098
f 2096/2096/2096 2095/2095/2095 2094/2094/2094
f 2098/2098/2098 2097/2097/2097 2095/2095/2095
f 2076/2076/2076 2097/2097/2097 2100/2100/2100
f 2076/2076/2076 2100/2100/2100 2077/2077/2077
f 2100/2100/2100 2098/2098/2098 2106/2106/2106
f 2100/2100/2100 2106/2106/2106 2105/2105/2105
f 2098/2098/2098 2100/2100/2100 2097/2097/2097
f 2103/2103/2103 2080/2080/2080 2100/2100/2100
f 2104/2104/2104 2103/2103/2103 2100/2100/2100
f 2105/2105/2105 2104/2104/2104 2100/2100/2100
f 2099/2099/2099 2101/2101/2101 2107/2107/2107
f 2099/2099/2099 2107/2107/2107 2106/2106/2106
f 2106/2106/2106 2109/2109/2109 2108/2108/2108
f 2106/2106/2106 2108/2108/2108 2105/2105/2105
f 2107/2107/2107 2111/2111/2111 2110/2110/2110
f 2107/2107/2107 2110/2110/2110 2106/2106/2106
f 2107/2107/2107 2101/2101/2101 2102/2102/2102
f 2107/2107/2107 2102/2102/2102 2111/2111/2111
f 2104/2104/2104 2114/2114/2114 2113/2113/2113
f 2104/2104/2104 2113/2113/2113 2103/2103/2103
f 2103/2103/2103 2083/2083/2083 2080/2080/2080
f 2112/2112/2112 2115/2115/2115 2114/2114/2114
f 2112/2112/2112 2114/2114/2114 2104/2104/2104
f 2112/2112/2112 2105/2105/2105 2108/2108/2108
f 2112/2112/2112 2108/2108/2108 2115/2115/2115
f 2108/2108/2108 2109/2109/2109 2116/2116/2116
f 2108/2108/2108 2116/2116/2116 2115/2115/2115
f 2109/2109/2109 2110/2110/2110 2117/2117/2117
f 2109/2109/2109 2117/2117/2117 2116/2116/2116
f 2110/2110/2110 2111/2111/2111 2118/2118/2118
f 2110/2110/2110 2118/2118/2118 2117/2117/2117
f 2086/2086/2086 2103/2103/2103 2113/2113/2113
f 2086/2086/2086 2113/2113/2113 2119/2119/2119
f 2113/2113/2113 2114/2114/2114 2120/2120/2120
f 2113/2113/2113 2120/2120/2120 2119/2119/2119
f 2114/2114/2114 2115/2115/2115 2121/2121/2121
f 2114/2114/2114 2121/2121/2121 2120/2120/2120
f 2116/2116/2116 2125/2125/2125 2124/2124/2124
f 2116/2116/2116 2124/2124/2124 2115/2115/2115
f 2117/2117/2117 2126/2126/2126 2125/2125/2125
f 2117/2117/2117 2125/2125/2125 2116/2116/2116
f 2118/2118/2118 2111/2111/2111 2122/2122/2122
f 2118/2118/2118 2122/2122/2122 2127/2127/2127
f 2127/2127/2127 2117/2117/2117 2118/2118/2118
f 2125/2125/2125 2129/2129/2129 2128/2128/2128
f 2125/2125/2125 2128/2128/2128 2124/2124/2124
f 2126/2126/2126 2130/2130/2130 2129/2129/2129
f 2126/2126/2126 2129/2129/2129 2125/2125/2125
f 2130/2130/2130 2132/2132/2132 2131/2131/2131
f 2130/2130/2130 2131/2131/2131 2129/2129/2129
f 2130/2130/2130 2126/2126/2126 2127/2127/2127
f 2123/2123/2123 2130/2130/2130 2127/2127/2127
f 2123/2123/2123 2127/2127/2127 2122/2122/2122
f 2131/2131/2131 2136/2136/2136 2135/2135/2135
f 2131/2131/2131 2135/2135/2135 2134/2134/2134
f 2133/2133/2133 2132/2132/2132 2130/2130/2130
f 2123/2123/2123 2133/2133/2133 2130/2130/2130
f 2134/2134/2134 2128/2128/2128 2131/2131/2131
f 2131/2131/2131 2132/2132/2132 2137/2137/2137
f 2131/2131/2131 2137/2137/2137 2136/2136/2136
f 2133/2133/2133 2138/2138/2138 2137/2137/2137
f 2133/2133/2133 2137/2137/2137 2132/2132/2132
f 2136/2136/2136 2141/2141/2141 2140/2140/2140
f 2136/2136/2136 2140/2140/2140 2135/2135/2135
f 2805/2805/2805 2139/2139/2139 2133/2133/2133
f 2137/2137/2137 2143/2143/2143 2142/2142/2142
f 2137/2137/2137 2142/2142/2142 2141/2141/2141
f 2137/2137/2137 2141/2141/2141 2136/2136/2136
f 2138/2138/2138 2144/2144/2144 2143/2143/2143
f 2138/2138/2138 2143/2143/2143 2137/2137/2137
f 2139/2139/2139 2145/2145/2145 2144/2144/2144
f 2139/2139/2139 2144/2144/2144 2138/2138/2138
f 2143/2143/2143 2147/2147/2147 2146/2146/2146
f 2143/2143/2143 2146/2146/2146 2142/2142/2142
f 2121/2121/2121 2149/2149/2149 2148/2148/2148
f 2121/2121/2121 2148/2148/2148 2120/2120/2120
f 2144/2144/2144 2147/2147/2147 2143/2143/2143
f 2121/2121/2121 2115/2115/2115 2124/2124/2124
f 2121/2121/2121 2124/2124/2124 2149/2149/2149
f 2149/2149/2149 2151/2151/2151 2150/2150/2150
f 2149/2149/2149 2150/2150/2150 2148/2148/2148
f 2149/2149/2149 2124/2124/2124 2128/2128/2128
f 2149/2149/2149 2128/2128/2128 2151/2151/2151
f 2152/2152/2152 2134/2134/2134 2135/2135/2135
f 2152/2152/2152 2135/2135/2135 2154/2154/2154
f 2128/2128/2128 2152/2152/2152 2151/2151/2151
f 2153/2153/2153 2150/2150/2150 2152/2152/2152
f 2154/2154/2154 2156/2156/2156 2155/2155/2155
f 2154/2154/2154 2155/2155/2155 2153/2153/2153
f 2154/2154/2154 2135/2135/2135 2140/2140/2140
f 2154/2154/2154 2140/2140/2140 2156/2156/2156
f 2140/2140/2140 2141/2141/2141 2157/2157/2157
f 2140/2140/2140 2157/2157/2157 2156/2156/2156
f 2157/2157/2157 2160/2160/2160 2159/2159/2159
f 2157/2157/2157 2159/2159/2159 2158/2158/2158
f 2158/2158/2158 2156/2156/2156 2157/2157/2157
f 2157/2157/2157 2142/2142/2142 2146/2146/2146
f 2157/2157/2157 2146/2146/2146 2160/2160/2160
f 2146/2146/2146 2147/2147/2147 2161/2161/2161
f 2146/2146/2146 2161/2161/2161 2160/2160/2160
f 2145/2145/2145 2163/2163/2163 2162/2162/2162
f 2145/2145/2145 2162/2162/2162 2144/2144/2144
f 2147/2147/2147 2162/2162/2162 2167/2167/2167
f 2147/2147/2147 2167/2167/2167 2161/2161/2161
f 2164/2164/2164 2162/2162/2162 2163/2163/2163
f 2166/2166/2166 2160/2160/2160 2161/2161/2161
f 2167/2167/2167 2169/2169/2169 2168/2168/2168
f 2167/2167/2167 2168/2168/2168 2161/2161/2161
f 2167/2167/2167 2162/2162/2162 2164/2164/2164
f 2167/2167/2167 2164/2164/2164 2169/2169/2169
f 2169/2169/2169 2164/2164/2164 2165/2165/2165
f 2169/2169/2169 2165/2165/2165 2171/2171/2171
f 2170/2170/2170 2168/2168/2168 2169/2169/2169
f 919/919/919 2174/2174/2174 2173/2173/2173
f 919/919/919 2173/2173/2173 918/918/918
f 919/919/919 920/920/920 2175/2175/2175
f 919/919/919 2175/2175/2175 2174/2174/2174
f 923/923/923 924/924/924 2177/2177/2177
f 923/923/923 2177/2177/2177 2176/2176/2176
f 918/918/918 2173/2173/2173 2177/2177/2177
f 918/918/918 2177/2177/2177 924/924/924
f 2173/2173/2173 2174/2174/2174 2178/2178/2178
f 2173/2173/2173 2178/2178/2178 2177/2177/2177
f 2174/2174/2174 2175/2175/2175 2179/2179/2179
f 2174/2174/2174 2179/2179/2179 2178/2178/2178
f 2177/2177/2177 2178/2178/2178 2182/2182/2182
f 2177/2177/2177 2182/2182/2182 2181/2181/2181
f 2180/2180/2180 2178/2178/2178 2179/2179/2179
f 2182/2182/2182 2184/2184/2184 2183/2183/2183
f 2182/2182/2182 2183/2183/2183 2181/2181/2181
f 2182/2182/2182 2178/2178/2178 2180/2180/2180
f 2182/2182/2182 2180/2180/2180 2184/2184/2184
f 936/936/936 2187/2187/2187 2186/2186/2186
f 936/936/936 2186/2186/2186 935/935/935
f 2185/2185/2185 2184/2184/2184 2180/2180/2180
f 923/923/923 2176/2176/2176 2187/2187/2187
f 923/923/923 2187/2187/2187 936/936/936
f 2181/2181/2181 2183/2183/2183 2188/2188/2188
f 2181/2181/2181 2188/2188/2188 2187/2187/2187
f 2181/2181/2181 2187/2187/2187 2176/2176/2176
f 2189/2189/2189 2184/2184/2184 2185/2185/2185
f 2189/2189/2189 2185/2185/2185 2190/2190/2190
f 940/940/940 935/935/935 2186/2186/2186
f 940/940/940 2186/2186/2186 2191/2191/2191
f 2186/2186/2186 2187/2187/2187 2192/2192/2192
f 2186/2186/2186 2192/2192/2192 2191/2191/2191
f 2192/2192/2192 2188/2188/2188 2193/2193/2193
f 2192/2192/2192 2193/2193/2193 2191/2191/2191
f 2194/2194/2194 2183/2183/2183 2189/2189/2189
f 2194/2194/2194 2189/2189/2189 2195/2195/2195
f 946/946/946 2197/2197/2197 2196/2196/2196
f 946/946/946 2196/2196/2196 945/945/945
f 2190/2190/2190 2195/2195/2195 2189/2189/2189
f 946/946/946 940/940/940 2191/2191/2191
f 946/946/946 2191/2191/2191 2197/2197/2197
f 2197/2197/2197 2191/2191/2191 2193/2193/2193
f 2197/2197/2197 2193/2193/2193 2198/2198/2198
f 2193/2193/2193 2188/2188/2188 2199/2199/2199
f 2193/2193/2193 2199/2199/2199 2198/2198/2198
f 2199/2199/2199 2188/2188/2188 2194/2194/2194
f 2199/2199/2199 2194/2194/2194 2200/2200/2200
f 945/945/945 2196/2196/2196 2202/2202/2202
f 945/945/945 2202/2202/2202 949/949/949
f 2201/2201/2201 2195/2195/2195 2190/2190/2190
f 2196/2196/2196 2197/2197/2197 2203/2203/2203
f 2196/2196/2196 2203/2203/2203 2202/2202/2202
f 2202/2202/2202 2203/2203/2203 2206/2206/2206
f 2202/2202/2202 2206/2206/2206 2205/2205/2205
f 2202/2202/2202 2205/2205/2205 949/949/949
f 2203/2203/2203 2198/2198/2198 2207/2207/2207
f 2203/2203/2203 2207/2207/2207 2206/2206/2206
f 2198/2198/2198 2199/2199/2199 2208/2208/2208
f 2198/2198/2198 2208/2208/2208 2207/2207/2207
f 2199/2199/2199 2200/2200/2200 2209/2209/2209
f 2199/2199/2199 2209/2209/2209 2208/2208/2208
f 2204/2204/2204 2211/2211/2211 2210/2210/2210
f 2204/2204/2204 2210/2210/2210 2209/2209/2209
f 2204/2204/2204 2209/2209/2209 2200/2200/2200
f 920/920/920 958/958/958 2213/2213/2213
f 920/920/920 2213/2213/2213 2175/2175/2175
f 2201/2201/2201 2211/2211/2211 2204/2204/2204
f 2212/2212/2212 2211/2211/2211 2201/2201/2201
f 958/958/958 959/959/959 2214/2214/2214
f 958/958/958 2214/2214/2214 2213/2213/2213
f 959/959/959 960/960/960 2215/2215/2215
f 959/959/959 2215/2215/2215 2214/2214/2214
f 2175/2175/2175 2213/2213/2213 2216/2216/2216
f 2175/2175/2175 2216/2216/2216 2179/2179/2179
f 2216/2216/2216 2213/2213/2213 2214/2214/2214
f 2216/2216/2216 2214/2214/2214 2217/2217/2217
f 2217/2217/2217 2214/2214/2214 2215/2215/2215
f 2217/2217/2217 2215/2215/2215 2218/2218/2218
f 960/960/960 966/966/966 2218/2218/2218
f 960/960/960 2218/2218/2218 2215/2215/2215
f 966/966/966 967/967/967 2219/2219/2219
f 966/966/966 2219/2219/2219 2218/2218/2218
f 2216/2216/2216 2220/2220/2220 2180/2180/2180
f 2216/2216/2216 2180/2180/2180 2179/2179/2179
f 2216/2216/2216 2217/2217/2217 2221/2221/2221
f 2216/2216/2216 2221/2221/2221 2220/2220/2220
f 2217/2217/2217 2218/2218/2218 2222/2222/2222
f 2217/2217/2217 2222/2222/2222 2221/2221/2221
f 2223/2223/2223 2218/2218/2218 2219/2219/2219
f 2223/2223/2223 2219/2219/2219 2224/2224/2224
f 967/967/967 972/972/972 2224/2224/2224
f 967/967/967 2224/2224/2224 2219/2219/2219
f 972/972/972 973/973/973 2225/2225/2225
f 972/972/972 2225/2225/2225 2224/2224/2224
f 2180/2180/2180 2220/2220/2220 2226/2226/2226
f 2180/2180/2180 2226/2226/2226 2185/2185/2185
f 2226/2226/2226 2220/2220/2220 2221/2221/2221
f 2226/2226/2226 2221/2221/2221 2227/2227/2227
f 2227/2227/2227 2221/2221/2221 2222/2222/2222
f 2227/2227/2227 2222/2222/2222 2228/2228/2228
f 2223/2223/2223 2228/2228/2228 2222/2222/2222
f 2223/2223/2223 2222/2222/2222 2218/2218/2218
f 2223/2223/2223 2224/2224/2224 2229/2229/2229
f 2223/2223/2223 2229/2229/2229 2228/2228/2228
f 2230/2230/2230 2224/2224/2224 2225/2225/2225
f 2230/2230/2230 2225/2225/2225 2231/2231/2231
f 2190/2190/2190 2185/2185/2185 2226/2226/2226
f 2190/2190/2190 2226/2226/2226 2232/2232/2232
f 2232/2232/2232 2226/2226/2226 2227/2227/2227
f 2232/2232/2232 2227/2227/2227 2233/2233/2233
f 2227/2227/2227 2228/2228/2228 2234/2234/2234
f 2227/2227/2227 2234/2234/2234 2233/2233/2233
f 2234/2234/2234 2228/2228/2228 2229/2229/2229
f 2234/2234/2234 2229/2229/2229 2235/2235/2235
f 2230/2230/2230 2235/2235/2235 2229/2229/2229
f 2230/2230/2230 2229/2229/2229 2224/2224/2224
f 2230/2230/2230 2231/2231/2231 2236/2236/2236
f 2230/2230/2230 2236/2236/2236 2235/2235/2235
f 984/984/984 2237/2237/2237 2225/2225/2225
f 984/984/984 2225/2225/2225 973/973/973
f 2225/2225/2225 2237/2237/2237 2231/2231/2231
f 984/984/984 985/985/985 2238/2238/2238
f 984/984/984 2238/2238/2238 2237/2237/2237
f 2233/2233/2233 2234/2234/2234 2240/2240/2240
f 2233/2233/2233 2240/2240/2240 2239/2239/2239
f 2240/2240/2240 2234/2234/2234 2235/2235/2235
f 2240/2240/2240 2235/2235/2235 2241/2241/2241
f 2231/2231/2231 2237/2237/2237 2242/2242/2242
f 2231/2231/2231 2242/2242/2242 2236/2236/2236
f 2243/2243/2243 2237/2237/2237 2238/2238/2238
f 2243/2243/2243 2238/2238/2238 2244/2244/2244
f 985/985/985 994/994/994 2244/2244/2244
f 985/985/985 2244/2244/2244 2238/2238/2238
f 995/995/995 2245/2245/2245 2244/2244/2244
f 995/995/995 2244/2244/2244 994/994/994
f 2241/2241/2241 2236/2236/2236 2248/2248/2248
f 2241/2241/2241 2248/2248/2248 2247/2247/2247
f 2239/2239/2239 2246/2246/2246 2232/2232/2232
f 2241/2241/2241 2247/2247/2247 2240/2240/2240
f 2248/2248/2248 2236/2236/2236 2242/2242/2242
f 2248/2248/2248 2242/2242/2242 2249/2249/2249
f 2243/2243/2243 2249/2249/2249 2242/2242/2242
f 2243/2243/2243 2242/2242/2242 2237/2237/2237
f 2243/2243/2243 2244/2244/2244 2250/2250/2250
f 2243/2243/2243 2250/2250/2250 2249/2249/2249
f 2239/2239/2239 2240/2240/2240 2252/2252/2252
f 2239/2239/2239 2252/2252/2252 2251/2251/2251
f 2201/2201/2201 2190/2190/2190 2246/2246/2246
f 2240/2240/2240 2247/2247/2247 2253/2253/2253
f 2240/2240/2240 2253/2253/2253 2252/2252/2252
f 2254/2254/2254 2244/2244/2244 2245/2245/2245
f 2254/2254/2254 2245/2245/2245 2255/2255/2255
f 995/995/995 1004/1004/1004 2255/2255/2255
f 995/995/995 2255/2255/2255 2245/2245/2245
f 2256/2256/2256 2248/2248/2248 2249/2249/2249
f 2256/2256/2256 2249/2249/2249 2257/2257/2257
f 2248/2248/2248 2256/2256/2256 2247/2247/2247
f 2257/2257/2257 2249/2249/2249 2250/2250/2250
f 2257/2257/2257 2250/2250/2250 2258/2258/2258
f 2254/2254/2254 2258/2258/2258 2250/2250/2250
f 2254/2254/2254 2250/2250/2250 2244/2244/2244
f 2254/2254/2254 2255/2255/2255 2259/2259/2259
f 2254/2254/2254 2259/2259/2259 2258/2258/2258
f 2247/2247/2247 2256/2256/2256 2260/2260/2260
f 2247/2247/2247 2260/2260/2260 2253/2253/2253
f 1010/1010/1010 2261/2261/2261 2255/2255/2255
f 1010/1010/1010 2255/2255/2255 1004/1004/1004
f 2262/2262/2262 2257/2257/2257 2258/2258/2258
f 2262/2262/2262 2258/2258/2258 2263/2263/2263
f 2257/2257/2257 2262/2262/2262 2256/2256/2256
f 2263/2263/2263 2258/2258/2258 2259/2259/2259
f 2263/2263/2263 2259/2259/2259 2264/2264/2264
f 2261/2261/2261 2264/2264/2264 2259/2259/2259
f 2261/2261/2261 2259/2259/2259 2255/2255/2255
f 2201/2201/2201 2246/2246/2246 2265/2265/2265
f 2201/2201/2201 2265/2265/2265 2212/2212/2212
f 2256/2256/2256 2262/2262/2262 2267/2267/2267
f 2256/2256/2256 2267/2267/2267 2260/2260/2260
f 2251/2251/2251 2265/2265/2265 2246/2246/2246
f 2252/2252/2252 2266/2266/2266 2251/2251/2251
f 1010/1010/1010 1011/1011/1011 2268/2268/2268
f 1010/1010/1010 2268/2268/2268 2261/2261/2261
f 1104/1104/1104 2273/2273/2273 2270/2270/2270
f 1104/1104/1104 2270/2270/2270 1081/1081/1081
f 2269/2269/2269 1717/1717/1717 1080/1080/1080
f 2270/2270/2270 2269/2269/2269 1081/1081/1081
f 2272/2272/2272 1720/1720/1720 1719/1719/1719
f 2274/2274/2274 2276/2276/2276 2272/2272/2272
f 2274/2274/2274 2272/2272/2272 2271/2271/2271
f 2272/2272/2272 2276/2276/2276 2275/2275/2275
f 2275/2275/2275 2276/2276/2276 2279/2279/2279
f 2275/2275/2275 2279/2279/2279 2278/2278/2278
f 2277/2277/2277 2276/2276/2276 2274/2274/2274
f 2275/2275/2275 2278/2278/2278 1723/1723/1723
f 2278/2278/2278 2280/2280/2280 1725/1725/1725
f 2278/2278/2278 1725/1725/1725 1723/1723/1723
f 2280/2280/2280 2282/2282/2282 1727/1727/1727
f 2280/2280/2280 1727/1727/1727 1725/1725/1725
f 2281/2281/2281 2280/2280/2280 2279/2279/2279
f 2283/2283/2283 2284/2284/2284 2286/2286/2286
f 2283/2283/2283 2286/2286/2286 2285/2285/2285
f 2284/2284/2284 2283/2283/2283 2281/2281/2281
f 1729/1729/1729 1727/1727/1727 2282/2282/2282
f 2285/2285/2285 2288/2288/2288 1729/1729/1729
f 2285/2285/2285 1729/1729/1729 2283/2283/2283
f 2287/2287/2287 1732/1732/1732 1729/1729/1729
f 1729/1729/1729 2288/2288/2288 2287/2287/2287
f 2285/2285/2285 2286/2286/2286 2289/2289/2289
f 2285/2285/2285 2289/2289/2289 2288/2288/2288
f 2287/2287/2287 2290/2290/2290 1734/1734/1734
f 2287/2287/2287 1734/1734/1734 1732/1732/1732
f 1124/1124/1124 2294/2294/2294 2293/2293/2293
f 1124/1124/1124 2293/2293/2293 1104/1104/1104
f 2289/2289/2289 2291/2291/2291 2288/2288/2288
f 2289/2289/2289 2292/2292/2292 2291/2291/2291
f 2293/2293/2293 2294/2294/2294 2296/2296/2296
f 2293/2293/2293 2296/2296/2296 2295/2295/2295
f 2295/2295/2295 2274/2274/2274 2273/2273/2273
f 2295/2295/2295 2273/2273/2273 2293/2293/2293
f 2277/2277/2277 2297/2297/2297 2299/2299/2299
f 2277/2277/2277 2299/2299/2299 2279/2279/2279
f 2297/2297/2297 2277/2277/2277 2295/2295/2295
f 2298/2298/2298 2297/2297/2297 2295/2295/2295
f 1134/1134/1134 2302/2302/2302 2294/2294/2294
f 1134/1134/1134 2294/2294/2294 1124/1124/1124
f 2300/2300/2300 2299/2299/2299 2297/2297/2297
f 2305/2305/2305 2286/2286/2286 2284/2284/2284
f 2305/2305/2305 2284/2284/2284 2301/2301/2301
f 2303/2303/2303 2298/2298/2298 2296/2296/2296
f 2304/2304/2304 2300/2300/2300 2303/2303/2303
f 2306/2306/2306 2305/2305/2305 2300/2300/2300
f 2307/2307/2307 2308/2308/2308 2310/2310/2310
f 2307/2307/2307 2310/2310/2310 2309/2309/2309
f 2307/2307/2307 2286/2286/2286 2305/2305/2305
f 2308/2308/2308 2307/2307/2307 2305/2305/2305
f 2308/2308/2308 2305/2305/2305 2306/2306/2306
f 2309/2309/2309 2289/2289/2289 2286/2286/2286
f 2309/2309/2309 2286/2286/2286 2307/2307/2307
f 2311/2311/2311 2312/2312/2312 2308/2308/2308
f 2311/2311/2311 2308/2308/2308 2306/2306/2306
f 2312/2312/2312 2314/2314/2314 2310/2310/2310
f 2312/2312/2312 2310/2310/2310 2308/2308/2308
f 2310/2310/2310 2314/2314/2314 2313/2313/2313
f 2313/2313/2313 2315/2315/2315 2289/2289/2289
f 2313/2313/2313 2289/2289/2289 2309/2309/2309
f 2289/2289/2289 2315/2315/2315 2292/2292/2292
f 1145/1145/1145 2319/2319/2319 2302/2302/2302
f 1145/1145/1145 2302/2302/2302 1134/1134/1134
f 2316/2316/2316 2315/2315/2315 2313/2313/2313
f 2317/2317/2317 2316/2316/2316 2314/2314/2314
f 2319/2319/2319 2321/2321/2321 2320/2320/2320
f 2319/2319/2319 2320/2320/2320 2302/2302/2302
f 2320/2320/2320 2296/2296/2296 2302/2302/2302
f 2303/2303/2303 2322/2322/2322 2323/2323/2323
f 2303/2303/2303 2323/2323/2323 2304/2304/2304
f 2322/2322/2322 2303/2303/2303 2320/2320/2320
f 1145/1145/1145 1153/1153/1153 2324/2324/2324
f 1145/1145/1145 2324/2324/2324 2319/2319/2319
f 1154/1154/1154 2325/2325/2325 2324/2324/2324
f 1154/1154/1154 2324/2324/2324 1153/1153/1153
f 2304/2304/2304 2328/2328/2328 2329/2329/2329
f 2304/2304/2304 2329/2329/2329 2311/2311/2311
f 2326/2326/2326 2321/2321/2321 2324/2324/2324
f 2327/2327/2327 2321/2321/2321 2326/2326/2326
f 2323/2323/2323 2328/2328/2328 2304/2304/2304
f 2311/2311/2311 2329/2329/2329 2331/2331/2331
f 2311/2311/2311 2331/2331/2331 2330/2330/2330
f 2330/2330/2330 2312/2312/2312 2311/2311/2311
f 2312/2312/2312 2330/2330/2330 2335/2335/2335
f 2312/2312/2312 2335/2335/2335 2314/2314/2314
f 2329/2329/2329 2334/2334/2334 2336/2336/2336
f 2329/2329/2329 2336/2336/2336 2331/2331/2331
f 2332/2332/2332 2327/2327/2327 2326/2326/2326
f 2333/2333/2333 2328/2328/2328 2327/2327/2327
f 2334/2334/2334 2329/2329/2329 2328/2328/2328
f 2343/2343/2343 2345/2345/2345 2342/2342/2342
f 2343/2343/2343 2342/2342/2342 2340/2340/2340
f 2337/2337/2337 2317/2317/2317 2335/2335/2335
f 2338/2338/2338 2337/2337/2337 2331/2331/2331
f 2337/2337/2337 2318/2318/2318 2317/2317/2317
f 2339/2339/2339 2336/2336/2336 2334/2334/2334
f 2340/2340/2340 2338/2338/2338 2336/2336/2336
f 2342/2342/2342 2341/2341/2341 2337/2337/2337
f 2342/2342/2342 2345/2345/2345 2344/2344/2344
f 1170/1170/1170 2346/2346/2346 2325/2325/2325
f 1170/1170/1170 2325/2325/2325 1154/1154/1154
f 1176/1176/1176 2348/2348/2348 2346/2346/2346
f 1176/1176/1176 2346/2346/2346 1170/1170/1170
f 2326/2326/2326 2325/2325/2325 2346/2346/2346
f 2347/2347/2347 2326/2326/2326 2346/2346/2346
f 2350/2350/2350 2333/2333/2333 2332/2332/2332
f 2333/2333/2333 2350/2350/2350 2353/2353/2353
f 2333/2333/2333 2353/2353/2353 2334/2334/2334
f 2349/2349/2349 2347/2347/2347 2346/2346/2346
f 2332/2332/2332 2351/2351/2351 2350/2350/2350
f 2352/2352/2352 2350/2350/2350 2351/2351/2351
f 2350/2350/2350 2352/2352/2352 2357/2357/2357
f 2350/2350/2350 2357/2357/2357 2353/2353/2353
f 1176/1176/1176 1183/1183/1183 2354/2354/2354
f 1176/1176/1176 2354/2354/2354 2348/2348/2348
f 2348/2348/2348 2354/2354/2354 2355/2355/2355
f 2348/2348/2348 2355/2355/2355 2349/2349/2349
f 2357/2357/2357 2358/2358/2358 2359/2359/2359
f 2357/2357/2357 2359/2359/2359 2353/2353/2353
f 2356/2356/2356 2351/2351/2351 2349/2349/2349
f 2352/2352/2352 2358/2358/2358 2357/2357/2357
f 2206/2206/2206 2207/2207/2207 2364/2364/2364
f 2206/2206/2206 2364/2364/2364 2363/2363/2363
f 2360/2360/2360 2339/2339/2339 2353/2353/2353
f 2361/2361/2361 2343/2343/2343 2339/2339/2339
f 2206/2206/2206 2363/2363/2363 2205/2205/2205
f 2207/2207/2207 2208/2208/2208 2365/2365/2365
f 2207/2207/2207 2365/2365/2365 2364/2364/2364
f 2211/2211/2211 2212/2212/2212 2367/2367/2367
f 2211/2211/2211 2367/2367/2367 2366/2366/2366
f 2362/2362/2362 2365/2365/2365 2208/2208/2208
f 1184/1184/1184 2205/2205/2205 2368/2368/2368
f 1184/1184/1184 2368/2368/2368 1192/1192/1192
f 2362/2362/2362 2210/2210/2210 2370/2370/2370
f 2362/2362/2362 2370/2370/2370 2369/2369/2369
f 2371/2371/2371 2363/2363/2363 2364/2364/2364
f 2371/2371/2371 2364/2364/2364 2372/2372/2372
f 2366/2366/2366 2370/2370/2370 2210/2210/2210
f 2363/2363/2363 2371/2371/2371 2368/2368/2368
f 2372/2372/2372 2364/2364/2364 2365/2365/2365
f 2372/2372/2372 2365/2365/2365 2373/2373/2373
f 2374/2374/2374 2366/2366/2366 2367/2367/2367
f 2374/2374/2374 2367/2367/2367 2375/2375/2375
f 2369/2369/2369 2373/2373/2373 2365/2365/2365
f 1200/1200/1200 1192/1192/1192 2368/2368/2368
f 1200/1200/1200 2368/2368/2368 2376/2376/2376
f 2377/2377/2377 2369/2369/2369 2370/2370/2370
f 2377/2377/2377 2370/2370/2370 2378/2378/2378
f 2369/2369/2369 2377/2377/2377 2373/2373/2373
f 2379/2379/2379 2371/2371/2371 2372/2372/2372
f 2379/2379/2379 2372/2372/2372 2380/2380/2380
f 2371/2371/2371 2379/2379/2379 2376/2376/2376
f 2380/2380/2380 2372/2372/2372 2373/2373/2373
f 2380/2380/2380 2373/2373/2373 2381/2381/2381
f 2382/2382/2382 2374/2374/2374 2375/2375/2375
f 2382/2382/2382 2375/2375/2375 2383/2383/2383
f 2374/2374/2374 2382/2382/2382 2378/2378/2378
f 1209/1209/1209 1200/1200/1200 2376/2376/2376
f 1209/1209/1209 2376/2376/2376 2384/2384/2384
f 1209/1209/1209 2384/2384/2384 2385/2385/2385
f 1209/1209/1209 2385/2385/2385 1210/1210/1210
f 2384/2384/2384 2376/2376/2376 2379/2379/2379
f 2384/2384/2384 2379/2379/2379 2385/2385/2385
f 2379/2379/2379 2380/2380/2380 2386/2386/2386
f 2379/2379/2379 2386/2386/2386 2385/2385/2385
f 2386/2386/2386 2380/2380/2380 2381/2381/2381
f 2386/2386/2386 2381/2381/2381 2387/2387/2387
f 1210/1210/1210 2385/2385/2385 2388/2388/2388
f 1210/1210/1210 2388/2388/2388 1215/1215/1215
f 2388/2388/2388 2385/2385/2385 2386/2386/2386
f 2388/2388/2388 2386/2386/2386 2389/2389/2389
f 2390/2390/2390 2377/2377/2377 2378/2378/2378
f 2390/2390/2390 2378/2378/2378 2530/2530/2530
f 2377/2377/2377 2390/2390/2390 2387/2387/2387
f 2530/2530/2530 2378/2378/2378 2382/2382/2382
f 2530/2530/2530 2382/2382/2382 2391/2391/2391
f 2391/2391/2391 2382/2382/2382 2383/2383/2383
f 2391/2391/2391 2383/2383/2383 2392/2392/2392
f 2393/2393/2393 2395/2395/2395 2264/2264/2264
f 2393/2393/2393 2264/2264/2264 2261/2261/2261
f 2264/2264/2264 2395/2395/2395 2263/2263/2263
f 2397/2397/2397 2253/2253/2253 2260/2260/2260
f 2397/2397/2397 2260/2260/2260 2398/2398/2398
f 2251/2251/2251 2396/2396/2396 2265/2265/2265
f 2253/2253/2253 2397/2397/2397 2266/2266/2266
f 2263/2263/2263 2395/2395/2395 2400/2400/2400
f 2263/2263/2263 2400/2400/2400 2399/2399/2399
f 2267/2267/2267 2262/2262/2262 2394/2394/2394
f 2263/2263/2263 2399/2399/2399 2394/2394/2394
f 2367/2367/2367 2212/2212/2212 2265/2265/2265
f 2367/2367/2367 2265/2265/2265 2401/2401/2401
f 2394/2394/2394 2399/2399/2399 2403/2403/2403
f 2394/2394/2394 2403/2403/2403 2267/2267/2267
f 2266/2266/2266 2402/2402/2402 2396/2396/2396
f 2404/2404/2404 2397/2397/2397 2398/2398/2398
f 2404/2404/2404 2398/2398/2398 2405/2405/2405
f 2397/2397/2397 2404/2404/2404 2402/2402/2402
f 2398/2398/2398 2267/2267/2267 2406/2406/2406
f 2398/2398/2398 2406/2406/2406 2405/2405/2405
f 2375/2375/2375 2367/2367/2367 2401/2401/2401
f 2375/2375/2375 2401/2401/2401 2408/2408/2408
f 2400/2400/2400 2407/2407/2407 2399/2399/2399
f 2408/2408/2408 2401/2401/2401 2396/2396/2396
f 2408/2408/2408 2396/2396/2396 2409/2409/2409
f 2399/2399/2399 2407/2407/2407 2410/2410/2410
f 2399/2399/2399 2410/2410/2410 2403/2403/2403
f 2402/2402/2402 2404/2404/2404 2412/2412/2412
f 2402/2402/2402 2412/2412/2412 2411/2411/2411
f 2402/2402/2402 2411/2411/2411 2409/2409/2409
f 2404/2404/2404 2405/2405/2405 2413/2413/2413
f 2404/2404/2404 2413/2413/2413 2412/2412/2412
f 2413/2413/2413 2405/2405/2405 2406/2406/2406
f 2413/2413/2413 2406/2406/2406 2414/2414/2414
f 2406/2406/2406 2403/2403/2403 2415/2415/2415
f 2406/2406/2406 2415/2415/2415 2414/2414/2414
f 2419/2419/2419 2413/2413/2413 2414/2414/2414
f 2419/2419/2419 2414/2414/2414 2420/2420/2420
f 2409/2409/2409 2417/2417/2417 2408/2408/2408
f 2410/2410/2410 2407/2407/2407 2416/2416/2416
f 2408/2408/2408 2418/2418/2418 2383/2383/2383
f 2417/2417/2417 2418/2418/2418 2408/2408/2408
f 2413/2413/2413 2419/2419/2419 2412/2412/2412
f 2393/2393/2393 2261/2261/2261 2268/2268/2268
f 2393/2393/2393 2268/2268/2268 2424/2424/2424
f 2410/2410/2410 2421/2421/2421 2415/2415/2415
f 2421/2421/2421 2410/2410/2410 2416/2416/2416
f 2415/2415/2415 2423/2423/2423 2420/2420/2420
f 1011/1011/1011 1247/1247/1247 2424/2424/2424
f 1011/1011/1011 2424/2424/2424 2268/2268/2268
f 2393/2393/2393 2424/2424/2424 2425/2425/2425
f 2393/2393/2393 2425/2425/2425 2395/2395/2395
f 1249/1249/1249 2426/2426/2426 2424/2424/2424
f 1249/1249/1249 2424/2424/2424 1247/1247/1247
f 1250/1250/1250 2427/2427/2427 2426/2426/2426
f 1250/1250/1250 2426/2426/2426 1249/1249/1249
f 2400/2400/2400 2395/2395/2395 2425/2425/2425
f 2400/2400/2400 2425/2425/2425 2428/2428/2428
f 2426/2426/2426 2428/2428/2428 2425/2425/2425
f 2426/2426/2426 2425/2425/2425 2424/2424/2424
f 2429/2429/2429 2426/2426/2426 2427/2427/2427
f 2429/2429/2429 2427/2427/2427 2430/2430/2430
f 2429/2429/2429 2431/2431/2431 2428/2428/2428
f 2429/2429/2429 2428/2428/2428 2426/2426/2426
f 2428/2428/2428 2431/2431/2431 2400/2400/2400
f 1255/1255/1255 2432/2432/2432 2430/2430/2430
f 1255/1255/1255 2430/2430/2430 1250/1250/1250
f 2430/2430/2430 2432/2432/2432 2429/2429/2429
f 2407/2407/2407 2400/2400/2400 2431/2431/2431
f 2407/2407/2407 2431/2431/2431 2433/2433/2433
f 2429/2429/2429 2432/2432/2432 2434/2434/2434
f 2429/2429/2429 2434/2434/2434 2433/2433/2433
f 1258/1258/1258 2437/2437/2437 2435/2435/2435
f 1258/1258/1258 2435/2435/2435 1255/1255/1255
f 2433/2433/2433 2436/2436/2436 2407/2407/2407
f 2434/2434/2434 2432/2432/2432 2435/2435/2435
f 1259/1259/1259 2438/2438/2438 2437/2437/2437
f 1259/1259/1259 2437/2437/2437 1258/1258/1258
f 2435/2435/2435 2437/2437/2437 2439/2439/2439
f 2435/2435/2435 2439/2439/2439 2434/2434/2434
f 2434/2434/2434 2439/2439/2439 2436/2436/2436
f 2440/2440/2440 2437/2437/2437 2438/2438/2438
f 2440/2440/2440 2438/2438/2438 2441/2441/2441
f 1263/1263/1263 2441/2441/2441 2438/2438/2438
f 1263/1263/1263 2438/2438/2438 1259/1259/1259
f 2442/2442/2442 2436/2436/2436 2439/2439/2439
f 2442/2442/2442 2439/2439/2439 2443/2443/2443
f 2436/2436/2436 2442/2442/2442 2416/2416/2416
f 2440/2440/2440 2443/2443/2443 2439/2439/2439
f 2440/2440/2440 2439/2439/2439 2437/2437/2437
f 2440/2440/2440 2444/2444/2444 2445/2445/2445
f 2440/2440/2440 2445/2445/2445 2443/2443/2443
f 2443/2443/2443 2445/2445/2445 2442/2442/2442
f 1782/1782/1782 2291/2291/2291 2446/2446/2446
f 1782/1782/1782 2446/2446/2446 1784/1784/1784
f 1782/1782/1782 1734/1734/1734 2290/2290/2290
f 2291/2291/2291 1782/1782/1782 2290/2290/2290
f 1784/1784/1784 2446/2446/2446 2449/2449/2449
f 1784/1784/1784 2449/2449/2449 2448/2448/2448
f 2447/2447/2447 2446/2446/2446 2291/2291/2291
f 2451/2451/2451 2453/2453/2453 1789/1789/1789
f 2451/2451/2451 1789/1789/1789 1786/1786/1786
f 2449/2449/2449 2446/2446/2446 2447/2447/2447
f 2450/2450/2450 2449/2449/2449 2447/2447/2447
f 2448/2448/2448 2451/2451/2451 1786/1786/1786
f 2452/2452/2452 2451/2451/2451 2449/2449/2449
f 1789/1789/1789 2453/2453/2453 2455/2455/2455
f 1789/1789/1789 2455/2455/2455 1791/1791/1791
f 2452/2452/2452 2453/2453/2453 2451/2451/2451
f 2453/2453/2453 2452/2452/2452 2456/2456/2456
f 2453/2453/2453 2456/2456/2456 2455/2455/2455
f 2452/2452/2452 2454/2454/2454 2457/2457/2457
f 2452/2452/2452 2457/2457/2457 2456/2456/2456
f 1791/1791/1791 2455/2455/2455 2458/2458/2458
f 1791/1791/1791 2458/2458/2458 1793/1793/1793
f 2460/2460/2460 2463/2463/2463 1796/1796/1796
f 2460/2460/2460 1796/1796/1796 1793/1793/1793
f 2459/2459/2459 2455/2455/2455 2456/2456/2456
f 2459/2459/2459 2456/2456/2456 2457/2457/2457
f 2459/2459/2459 2461/2461/2461 2460/2460/2460
f 2457/2457/2457 2462/2462/2462 2461/2461/2461
f 2461/2461/2461 2464/2464/2464 2463/2463/2463
f 2461/2461/2461 2463/2463/2463 2460/2460/2460
f 2292/2292/2292 2315/2315/2315 2466/2466/2466
f 2292/2292/2292 2466/2466/2466 2447/2447/2447
f 2468/2468/2468 2467/2467/2467 2471/2471/2471
f 2468/2468/2468 2471/2471/2471 2470/2470/2470
f 2467/2467/2467 2466/2466/2466 2316/2316/2316
f 2467/2467/2467 2316/2316/2316 2318/2318/2318
f 2469/2469/2469 2467/2467/2467 2318/2318/2318
f 2450/2450/2450 2447/2447/2447 2468/2468/2468
f 2470/2470/2470 2450/2450/2450 2468/2468/2468
f 2470/2470/2470 2474/2474/2474 2454/2454/2454
f 2470/2470/2470 2454/2454/2454 2450/2450/2450
f 1386/1386/1386 2488/2488/2488 2354/2354/2354
f 1386/1386/1386 2354/2354/2354 1183/1183/1183
f 2471/2471/2471 2473/2473/2473 2472/2472/2472
f 2454/2454/2454 2474/2474/2474 2457/2457/2457
f 2474/2474/2474 2470/2470/2470 2472/2472/2472
f 2475/2475/2475 2474/2474/2474 2472/2472/2472
f 2476/2476/2476 2475/2475/2475 2473/2473/2473
f 2475/2475/2475 2480/2480/2480 2479/2479/2479
f 2476/2476/2476 2473/2473/2473 2478/2478/2478
f 2477/2477/2477 2479/2479/2479 2462/2462/2462
f 2477/2477/2477 2474/2474/2474 2479/2479/2479
f 2481/2481/2481 2469/2469/2469 2318/2318/2318
f 2481/2481/2481 2318/2318/2318 2341/2341/2341
f 2482/2482/2482 2481/2481/2481 2341/2341/2341
f 2483/2483/2483 2473/2473/2473 2469/2469/2469
f 2482/2482/2482 2342/2342/2342 2344/2344/2344
f 2484/2484/2484 2482/2482/2482 2344/2344/2344
f 2483/2483/2483 2485/2485/2485 2478/2478/2478
f 2486/2486/2486 2476/2476/2476 2478/2478/2478
f 2355/2355/2355 2489/2489/2489 2490/2490/2490
f 2355/2355/2355 2490/2490/2490 2356/2356/2356
f 2489/2489/2489 2355/2355/2355 2354/2354/2354
f 2489/2489/2489 2354/2354/2354 2488/2488/2488
f 2493/2493/2493 2487/2487/2487 2345/2345/2345
f 2493/2493/2493 2345/2345/2345 2343/2343/2343
f 2359/2359/2359 2358/2358/2358 2491/2491/2491
f 2492/2492/2492 2359/2359/2359 2491/2491/2491
f 2498/2498/2498 2360/2360/2360 2359/2359/2359
f 2361/2361/2361 2494/2494/2494 2493/2493/2493
f 2495/2495/2495 2496/2496/2496 2490/2490/2490
f 2495/2495/2495 2490/2490/2490 2489/2489/2489
f 2496/2496/2496 2497/2497/2497 2491/2491/2491
f 2496/2496/2496 2491/2491/2491 2490/2490/2490
f 2497/2497/2497 2499/2499/2499 2492/2492/2492
f 2497/2497/2497 2492/2492/2492 2491/2491/2491
f 2492/2492/2492 2499/2499/2499 2498/2498/2498
f 2498/2498/2498 2499/2499/2499 2504/2504/2504
f 2498/2498/2498 2504/2504/2504 2500/2500/2500
f 2500/2500/2500 2506/2506/2506 2494/2494/2494
f 2500/2500/2500 2494/2494/2494 2498/2498/2498
f 2494/2494/2494 2506/2506/2506 2501/2501/2501
f 2501/2501/2501 2502/2502/2502 2487/2487/2487
f 2501/2501/2501 2487/2487/2487 2494/2494/2494
f 2503/2503/2503 2505/2505/2505 2499/2499/2499
f 2503/2503/2503 2499/2499/2499 2497/2497/2497
f 2509/2509/2509 2502/2502/2502 2501/2501/2501
f 2499/2499/2499 2505/2505/2505 2504/2504/2504
f 2506/2506/2506 2500/2500/2500 2504/2504/2504
f 2506/2506/2506 2504/2504/2504 2507/2507/2507
f 2506/2506/2506 2507/2507/2507 2512/2512/2512
f 2506/2506/2506 2512/2512/2512 2508/2508/2508
f 2508/2508/2508 2510/2510/2510 2509/2509/2509
f 2508/2508/2508 2509/2509/2509 2506/2506/2506
f 2512/2512/2512 2511/2511/2511 2515/2515/2515
f 2512/2512/2512 2515/2515/2515 2513/2513/2513
f 2507/2507/2507 2511/2511/2511 2512/2512/2512
f 2507/2507/2507 2505/2505/2505 2511/2511/2511
f 2513/2513/2513 2514/2514/2514 2510/2510/2510
f 2513/2513/2513 2510/2510/2510 2508/2508/2508
f 2516/2516/2516 2513/2513/2513 2515/2515/2515
f 2516/2516/2516 2515/2515/2515 2517/2517/2517
f 2516/2516/2516 2514/2514/2514 2513/2513/2513
f 2516/2516/2516 2517/2517/2517 2519/2519/2519
f 2516/2516/2516 2519/2519/2519 2518/2518/2518
f 2520/2520/2520 2518/2518/2518 2519/2519/2519
f 2520/2520/2520 2519/2519/2519 2521/2521/2521
f 2522/2522/2522 2520/2520/2520 2521/2521/2521
f 2522/2522/2522 2521/2521/2521 2523/2523/2523
f 2524/2524/2524 2522/2522/2522 2523/2523/2523
f 2524/2524/2524 2523/2523/2523 2525/2525/2525
f 1413/1413/1413 1414/1414/1414 2527/2527/2527
f 1413/1413/1413 2527/2527/2527 2526/2526/2526
f 1414/1414/1414 1215/1215/1215 2388/2388/2388
f 1414/1414/1414 2388/2388/2388 2527/2527/2527
f 2388/2388/2388 2389/2389/2389 2528/2528/2528
f 2388/2388/2388 2528/2528/2528 2527/2527/2527
f 2528/2528/2528 2389/2389/2389 2387/2387/2387
f 2528/2528/2528 2387/2387/2387 2529/2529/2529
f 1431/1431/1431 2531/2531/2531 2488/2488/2488
f 1431/1431/1431 2488/2488/2488 1386/1386/1386
f 2390/2390/2390 2529/2529/2529 2387/2387/2387
f 1432/1432/1432 2532/2532/2532 2531/2531/2531
f 1432/1432/1432 2531/2531/2531 1431/1431/1431
f 1433/1433/1433 2533/2533/2533 2532/2532/2532
f 1433/1433/1433 2532/2532/2532 1432/1432/1432
f 1433/1433/1433 1413/1413/1413 2526/2526/2526
f 1433/1433/1433 2526/2526/2526 2533/2533/2533
f 2526/2526/2526 2527/2527/2527 2534/2534/2534
f 2526/2526/2526 2534/2534/2534 2533/2533/2533
f 2534/2534/2534 2527/2527/2527 2528/2528/2528
f 2534/2534/2534 2528/2528/2528 2535/2535/2535
f 2488/2488/2488 2531/2531/2531 2536/2536/2536
f 2488/2488/2488 2536/2536/2536 2495/2495/2495
f 2531/2531/2531 2532/2532/2532 2537/2537/2537
f 2531/2531/2531 2537/2537/2537 2536/2536/2536
f 2532/2532/2532 2533/2533/2533 2538/2538/2538
f 2532/2532/2532 2538/2538/2538 2537/2537/2537
f 2534/2534/2534 2539/2539/2539 2538/2538/2538
f 2534/2534/2534 2538/2538/2538 2533/2533/2533
f 2535/2535/2535 2540/2540/2540 2539/2539/2539
f 2535/2535/2535 2539/2539/2539 2534/2534/2534
f 2535/2535/2535 2528/2528/2528 2529/2529/2529
f 2535/2535/2535 2529/2529/2529 2540/2540/2540
f 2529/2529/2529 2390/2390/2390 2541/2541/2541
f 2529/2529/2529 2541/2541/2541 2540/2540/2540
f 2541/2541/2541 2390/2390/2390 2530/2530/2530
f 2541/2541/2541 2530/2530/2530 2542/2542/2542
f 2495/2495/2495 2536/2536/2536 2543/2543/2543
f 2495/2495/2495 2543/2543/2543 2496/2496/2496
f 2536/2536/2536 2537/2537/2537 2544/2544/2544
f 2536/2536/2536 2544/2544/2544 2543/2543/2543
f 2537/2537/2537 2538/2538/2538 2545/2545/2545
f 2537/2537/2537 2545/2545/2545 2544/2544/2544
f 2539/2539/2539 2546/2546/2546 2545/2545/2545
f 2539/2539/2539 2545/2545/2545 2538/2538/2538
f 2540/2540/2540 2547/2547/2547 2546/2546/2546
f 2540/2540/2540 2546/2546/2546 2539/2539/2539
f 2541/2541/2541 2548/2548/2548 2547/2547/2547
f 2541/2541/2541 2547/2547/2547 2540/2540/2540
f 2542/2542/2542 2549/2549/2549 2548/2548/2548
f 2542/2542/2542 2548/2548/2548 2541/2541/2541
f 2542/2542/2542 2530/2530/2530 2391/2391/2391
f 2542/2542/2542 2391/2391/2391 2549/2549/2549
f 2391/2391/2391 2392/2392/2392 2550/2550/2550
f 2391/2391/2391 2550/2550/2550 2549/2549/2549
f 2496/2496/2496 2543/2543/2543 2503/2503/2503
f 2496/2496/2496 2503/2503/2503 2497/2497/2497
f 2551/2551/2551 2543/2543/2543 2544/2544/2544
f 2551/2551/2551 2544/2544/2544 2552/2552/2552
f 2552/2552/2552 2544/2544/2544 2545/2545/2545
f 2552/2552/2552 2545/2545/2545 2553/2553/2553
f 2553/2553/2553 2545/2545/2545 2546/2546/2546
f 2553/2553/2553 2546/2546/2546 2554/2554/2554
f 2554/2554/2554 2546/2546/2546 2547/2547/2547
f 2554/2554/2554 2547/2547/2547 2555/2555/2555
f 2555/2555/2555 2547/2547/2547 2548/2548/2548
f 2555/2555/2555 2548/2548/2548 2556/2556/2556
f 2548/2548/2548 2549/2549/2549 2557/2557/2557
f 2548/2548/2548 2557/2557/2557 2556/2556/2556
f 2557/2557/2557 2549/2549/2549 2550/2550/2550
f 2557/2557/2557 2550/2550/2550 2558/2558/2558
f 2555/2555/2555 2560/2560/2560 2559/2559/2559
f 2555/2555/2555 2559/2559/2559 2554/2554/2554
f 2503/2503/2503 2543/2543/2543 2551/2551/2551
f 2555/2555/2555 2556/2556/2556 2564/2564/2564
f 2555/2555/2555 2564/2564/2564 2560/2560/2560
f 2558/2558/2558 2561/2561/2561 2556/2556/2556
f 2558/2558/2558 2556/2556/2556 2557/2557/2557
f 2503/2503/2503 2551/2551/2551 2562/2562/2562
f 2503/2503/2503 2562/2562/2562 2505/2505/2505
f 2551/2551/2551 2552/2552/2552 2563/2563/2563
f 2551/2551/2551 2563/2563/2563 2562/2562/2562
f 2553/2553/2553 2559/2559/2559 2560/2560/2560
f 2553/2553/2553 2560/2560/2560 2563/2563/2563
f 2511/2511/2511 2505/2505/2505 2562/2562/2562
f 2511/2511/2511 2562/2562/2562 2566/2566/2566
f 2556/2556/2556 2565/2565/2565 2564/2564/2564
f 2566/2566/2566 2562/2562/2562 2563/2563/2563
f 2566/2566/2566 2563/2563/2563 2567/2567/2567
f 2567/2567/2567 2563/2563/2563 2560/2560/2560
f 2567/2567/2567 2560/2560/2560 2568/2568/2568
f 2566/2566/2566 2567/2567/2567 2572/2572/2572
f 2566/2566/2566 2572/2572/2572 2571/2571/2571
f 2569/2569/2569 2568/2568/2568 2564/2564/2564
f 2570/2570/2570 2569/2569/2569 2565/2565/2565
f 2574/2574/2574 2569/2569/2569 2570/2570/2570
f 2574/2574/2574 2570/2570/2570 2575/2575/2575
f 2573/2573/2573 2572/2572/2572 2568/2568/2568
f 2515/2515/2515 2511/2511/2511 2571/2571/2571
f 2515/2515/2515 2571/2571/2571 2576/2576/2576
f 2576/2576/2576 2571/2571/2571 2572/2572/2572
f 2576/2576/2576 2572/2572/2572 2577/2577/2577
f 2574/2574/2574 2579/2579/2579 2573/2573/2573
f 2574/2574/2574 2573/2573/2573 2569/2569/2569
f 2572/2572/2572 2578/2578/2578 2577/2577/2577
f 2573/2573/2573 2579/2579/2579 2578/2578/2578
f 2515/2515/2515 2576/2576/2576 2581/2581/2581
f 2515/2515/2515 2581/2581/2581 2517/2517/2517
f 2580/2580/2580 2579/2579/2579 2574/2574/2574
f 2576/2576/2576 2577/2577/2577 2582/2582/2582
f 2576/2576/2576 2582/2582/2582 2581/2581/2581
f 2577/2577/2577 2578/2578/2578 2583/2583/2583
f 2577/2577/2577 2583/2583/2583 2582/2582/2582
f 2519/2519/2519 2517/2517/2517 2581/2581/2581
f 2519/2519/2519 2581/2581/2581 2586/2586/2586
f 2580/2580/2580 2585/2585/2585 2584/2584/2584
f 2586/2586/2586 2581/2581/2581 2582/2582/2582
f 2586/2586/2586 2582/2582/2582 2587/2587/2587
f 2584/2584/2584 2588/2588/2588 2583/2583/2583
f 2584/2584/2584 2583/2583/2583 2578/2578/2578
f 2583/2583/2583 2588/2588/2588 2587/2587/2587
f 2584/2584/2584 2585/2585/2585 2590/2590/2590
f 2584/2584/2584 2590/2590/2590 2589/2589/2589
f 2589/2589/2589 2588/2588/2588 2584/2584/2584
f 2519/2519/2519 2586/2586/2586 2591/2591/2591
f 2519/2519/2519 2591/2591/2591 2521/2521/2521
f 2591/2591/2591 2586/2586/2586 2587/2587/2587
f 2591/2591/2591 2587/2587/2587 2592/2592/2592
f 2587/2587/2587 2588/2588/2588 2594/2594/2594
f 2587/2587/2587 2594/2594/2594 2593/2593/2593
f 2593/2593/2593 2592/2592/2592 2587/2587/2587
f 2594/2594/2594 2589/2589/2589 2590/2590/2590
f 2594/2594/2594 2590/2590/2590 2595/2595/2595
f 2523/2523/2523 2521/2521/2521 2591/2591/2591
f 2523/2523/2523 2591/2591/2591 2596/2596/2596
f 2593/2593/2593 2594/2594/2594 2598/2598/2598
f 2593/2593/2593 2598/2598/2598 2597/2597/2597
f 2592/2592/2592 2596/2596/2596 2591/2591/2591
f 2593/2593/2593 2597/2597/2597 2592/2592/2592
f 2525/2525/2525 2523/2523/2523 2596/2596/2596
f 2525/2525/2525 2596/2596/2596 2600/2600/2600
f 2594/2594/2594 2599/2599/2599 2598/2598/2598
f 2600/2600/2600 2596/2596/2596 2592/2592/2592
f 2600/2600/2600 2592/2592/2592 2601/2601/2601
f 2592/2592/2592 2597/2597/2597 2602/2602/2602
f 2592/2592/2592 2602/2602/2602 2601/2601/2601
f 2603/2603/2603 2411/2411/2411 2412/2412/2412
f 2603/2603/2603 2412/2412/2412 2608/2608/2608
f 2550/2550/2550 2392/2392/2392 2418/2418/2418
f 2550/2550/2550 2418/2418/2418 2606/2606/2606
f 2421/2421/2421 2604/2604/2604 2423/2423/2423
f 2604/2604/2604 2421/2421/2421 2422/2422/2422
f 2418/2418/2418 2603/2603/2603 2607/2607/2607
f 2418/2418/2418 2607/2607/2607 2606/2606/2606
f 2419/2419/2419 2420/2420/2420 2610/2610/2610
f 2419/2419/2419 2610/2610/2610 2609/2609/2609
f 2603/2603/2603 2608/2608/2608 2607/2607/2607
f 2420/2420/2420 2423/2423/2423 2611/2611/2611
f 2420/2420/2420 2611/2611/2611 2610/2610/2610
f 2558/2558/2558 2550/2550/2550 2606/2606/2606
f 2558/2558/2558 2606/2606/2606 2612/2612/2612
f 2604/2604/2604 2611/2611/2611 2423/2423/2423
f 2604/2604/2604 2422/2422/2422 2605/2605/2605
f 2606/2606/2606 2607/2607/2607 2613/2613/2613
f 2606/2606/2606 2613/2613/2613 2612/2612/2612
f 2613/2613/2613 2607/2607/2607 2608/2608/2608
f 2613/2613/2613 2608/2608/2608 2614/2614/2614
f 2616/2616/2616 2612/2612/2612 2613/2613/2613
f 2616/2616/2616 2613/2613/2613 2617/2617/2617
f 2609/2609/2609 2614/2614/2614 2608/2608/2608
f 2617/2617/2617 2613/2613/2613 2614/2614/2614
f 2617/2617/2617 2614/2614/2614 2618/2618/2618
f 2614/2614/2614 2609/2609/2609 2619/2619/2619
f 2614/2614/2614 2619/2619/2619 2618/2618/2618
f 2609/2609/2609 2610/2610/2610 2620/2620/2620
f 2609/2609/2609 2620/2620/2620 2619/2619/2619
f 2620/2620/2620 2610/2610/2610 2611/2611/2611
f 2620/2620/2620 2611/2611/2611 2621/2621/2621
f 2616/2616/2616 2622/2622/2622 2561/2561/2561
f 2616/2616/2616 2561/2561/2561 2612/2612/2612
f 2561/2561/2561 2622/2622/2622 2565/2565/2565
f 2617/2617/2617 2618/2618/2618 2623/2623/2623
f 2617/2617/2617 2623/2623/2623 2622/2622/2622
f 2625/2625/2625 2618/2618/2618 2619/2619/2619
f 2625/2625/2625 2619/2619/2619 2626/2626/2626
f 2626/2626/2626 2619/2619/2619 2620/2620/2620
f 2626/2626/2626 2620/2620/2620 2627/2627/2627
f 2627/2627/2627 2620/2620/2620 2621/2621/2621
f 2627/2627/2627 2621/2621/2621 2624/2624/2624
f 2628/2628/2628 2622/2622/2622 2623/2623/2623
f 2628/2628/2628 2623/2623/2623 2629/2629/2629
f 2621/2621/2621 2615/2615/2615 2624/2624/2624
f 2625/2625/2625 2630/2630/2630 2623/2623/2623
f 2625/2625/2625 2623/2623/2623 2618/2618/2618
f 2623/2623/2623 2630/2630/2630 2629/2629/2629
f 2628/2628/2628 2575/2575/2575 2570/2570/2570
f 2628/2628/2628 2570/2570/2570 2622/2622/2622
f 2633/2633/2633 2626/2626/2626 2627/2627/2627
f 2633/2633/2633 2627/2627/2627 2634/2634/2634
f 2631/2631/2631 2575/2575/2575 2628/2628/2628
f 2629/2629/2629 2631/2631/2631 2628/2628/2628
f 2634/2634/2634 2627/2627/2627 2624/2624/2624
f 2634/2634/2634 2624/2624/2624 2635/2635/2635
f 2636/2636/2636 2631/2631/2631 2629/2629/2629
f 2636/2636/2636 2629/2629/2629 2637/2637/2637
f 2630/2630/2630 2626/2626/2626 2633/2633/2633
f 2630/2630/2630 2633/2633/2633 2638/2638/2638
f 2630/2630/2630 2638/2638/2638 2637/2637/2637
f 2636/2636/2636 2585/2585/2585 2580/2580/2580
f 2636/2636/2636 2580/2580/2580 2575/2575/2575
f 2641/2641/2641 2634/2634/2634 2635/2635/2635
f 2641/2641/2641 2635/2635/2635 2642/2642/2642
f 2639/2639/2639 2585/2585/2585 2636/2636/2636
f 2641/2641/2641 2644/2644/2644 2643/2643/2643
f 2641/2641/2641 2643/2643/2643 2634/2634/2634
f 2635/2635/2635 2632/2632/2632 2640/2640/2640
f 2645/2645/2645 2637/2637/2637 2638/2638/2638
f 2645/2645/2645 2638/2638/2638 2646/2646/2646
f 2642/2642/2642 2644/2644/2644 2641/2641/2641
f 2643/2643/2643 2646/2646/2646 2638/2638/2638
f 2643/2643/2643 2638/2638/2638 2633/2633/2633
f 2647/2647/2647 2585/2585/2585 2639/2639/2639
f 2647/2647/2647 2639/2639/2639 2648/2648/2648
f 2644/2644/2644 2646/2646/2646 2643/2643/2643
f 2585/2585/2585 2647/2647/2647 2590/2590/2590
f 2645/2645/2645 2648/2648/2648 2639/2639/2639
f 2645/2645/2645 2639/2639/2639 2637/2637/2637
f 2640/2640/2640 2650/2650/2650 2651/2651/2651
f 2640/2640/2640 2651/2651/2651 2635/2635/2635
f 2649/2649/2649 2648/2648/2648 2645/2645/2645
f 2653/2653/2653 2645/2645/2645 2646/2646/2646
f 2653/2653/2653 2646/2646/2646 2654/2654/2654
f 2655/2655/2655 2647/2647/2647 2648/2648/2648
f 2655/2655/2655 2648/2648/2648 2656/2656/2656
f 2656/2656/2656 2648/2648/2648 2649/2649/2649
f 2656/2656/2656 2649/2649/2649 2653/2653/2653
f 2657/2657/2657 2444/2444/2444 2441/2441/2441
f 2657/2657/2657 2441/2441/2441 2658/2658/2658
f 2649/2649/2649 2645/2645/2645 2653/2653/2653
f 2595/2595/2595 2655/2655/2655 2599/2599/2599
f 2595/2595/2595 2647/2647/2647 2655/2655/2655
f 1544/1544/1544 2658/2658/2658 2441/2441/2441
f 1544/1544/1544 2441/2441/2441 1263/1263/1263
f 2659/2659/2659 2442/2442/2442 2445/2445/2445
f 2659/2659/2659 2445/2445/2445 2660/2660/2660
f 2442/2442/2442 2659/2659/2659 2422/2422/2422
f 2444/2444/2444 2657/2657/2657 2660/2660/2660
f 2444/2444/2444 2660/2660/2660 2445/2445/2445
f 2661/2661/2661 2657/2657/2657 2658/2658/2658
f 2661/2661/2661 2658/2658/2658 2662/2662/2662
f 2659/2659/2659 2605/2605/2605 2422/2422/2422
f 1544/1544/1544 1548/1548/1548 2662/2662/2662
f 1544/1544/1544 2662/2662/2662 2658/2658/2658
f 2659/2659/2659 2660/2660/2660 2664/2664/2664
f 2659/2659/2659 2664/2664/2664 2663/2663/2663
f 2661/2661/2661 2664/2664/2664 2660/2660/2660
f 2661/2661/2661 2660/2660/2660 2657/2657/2657
f 2661/2661/2661 2662/2662/2662 2666/2666/2666
f 2661/2661/2661 2666/2666/2666 2665/2665/2665
f 2663/2663/2663 2615/2615/2615 2605/2605/2605
f 2663/2663/2663 2664/2664/2664 2668/2668/2668
f 2663/2663/2663 2668/2668/2668 2667/2667/2667
f 2666/2666/2666 2662/2662/2662 1548/1548/1548
f 2665/2665/2665 2668/2668/2668 2664/2664/2664
f 2665/2665/2665 2664/2664/2664 2661/2661/2661
f 1558/1558/1558 2670/2670/2670 2671/2671/2671
f 1558/1558/1558 2671/2671/2671 1559/1559/1559
f 2666/2666/2666 2669/2669/2669 2665/2665/2665
f 2666/2666/2666 1548/1548/1548 1555/1555/1555
f 2667/2667/2667 2632/2632/2632 2615/2615/2615
f 2668/2668/2668 2665/2665/2665 2669/2669/2669
f 2669/2669/2669 2666/2666/2666 2671/2671/2671
f 2669/2669/2669 2671/2671/2671 2670/2670/2670
f 1559/1559/1559 2671/2671/2671 2666/2666/2666
f 1559/1559/1559 2666/2666/2666 1555/1555/1555
f 2640/2640/2640 2632/2632/2632 2667/2667/2667
f 2640/2640/2640 2667/2667/2667 2650/2650/2650
f 2667/2667/2667 2668/2668/2668 2672/2672/2672
f 2667/2667/2667 2672/2672/2672 2650/2650/2650
f 2669/2669/2669 2670/2670/2670 2672/2672/2672
f 2669/2669/2669 2672/2672/2672 2668/2668/2668
f 1562/1562/1562 2674/2674/2674 2670/2670/2670
f 1562/1562/1562 2670/2670/2670 1558/1558/1558
f 2650/2650/2650 2672/2672/2672 2673/2673/2673
f 2650/2650/2650 2673/2673/2673 2675/2675/2675
f 2670/2670/2670 2674/2674/2674 2673/2673/2673
f 2670/2670/2670 2673/2673/2673 2672/2672/2672
f 1796/1796/1796 2463/2463/2463 2676/2676/2676
f 1796/1796/1796 2676/2676/2676 2088/2088/2088
f 2677/2677/2677 2464/2464/2464 2465/2465/2465
f 2677/2677/2677 2465/2465/2465 2678/2678/2678
f 2463/2463/2463 2677/2677/2677 2676/2676/2676
f 2677/2677/2677 2679/2679/2679 2090/2090/2090
f 2677/2677/2677 2090/2090/2090 2676/2676/2676
f 2092/2092/2092 2681/2681/2681 2684/2684/2684
f 2092/2092/2092 2684/2684/2684 2094/2094/2094
f 2681/2681/2681 2092/2092/2092 2090/2090/2090
f 2679/2679/2679 2682/2682/2682 2681/2681/2681
f 2679/2679/2679 2680/2680/2680 2682/2682/2682
f 2679/2679/2679 2678/2678/2678 2680/2680/2680
f 2685/2685/2685 2681/2681/2681 2682/2682/2682
f 2685/2685/2685 2682/2682/2682 2686/2686/2686
f 2681/2681/2681 2685/2685/2685 2684/2684/2684
f 2682/2682/2682 2680/2680/2680 2687/2687/2687
f 2682/2682/2682 2687/2687/2687 2686/2686/2686
f 2096/2096/2096 2684/2684/2684 2688/2688/2688
f 2096/2096/2096 2688/2688/2688 2099/2099/2099
f 2684/2684/2684 2096/2096/2096 2094/2094/2094
f 2688/2688/2688 2685/2685/2685 2686/2686/2686
f 2688/2688/2688 2686/2686/2686 2689/2689/2689
f 2689/2689/2689 2686/2686/2686 2687/2687/2687
f 2689/2689/2689 2687/2687/2687 2690/2690/2690
f 2099/2099/2099 2688/2688/2688 2691/2691/2691
f 2099/2099/2099 2691/2691/2691 2101/2101/2101
f 2698/2698/2698 2695/2695/2695 2696/2696/2696
f 2698/2698/2698 2696/2696/2696 2699/2699/2699
f 2692/2692/2692 2691/2691/2691 2688/2688/2688
f 2689/2689/2689 2693/2693/2693 2692/2692/2692
f 2102/2102/2102 2101/2101/2101 2691/2691/2691
f 2694/2694/2694 2102/2102/2102 2691/2691/2691
f 2695/2695/2695 2694/2694/2694 2692/2692/2692
f 2696/2696/2696 2695/2695/2695 2693/2693/2693
f 2697/2697/2697 2111/2111/2111 2102/2102/2102
f 2698/2698/2698 2697/2697/2697 2694/2694/2694
f 2702/2702/2702 2479/2479/2479 2480/2480/2480
f 2702/2702/2702 2480/2480/2480 2703/2703/2703
f 2700/2700/2700 2699/2699/2699 2696/2696/2696
f 2702/2702/2702 2704/2704/2704 2465/2465/2465
f 2702/2702/2702 2465/2465/2465 2462/2462/2462
f 2480/2480/2480 2701/2701/2701 2703/2703/2703
f 2465/2465/2465 2704/2704/2704 2678/2678/2678
f 2678/2678/2678 2704/2704/2704 2706/2706/2706
f 2678/2678/2678 2706/2706/2706 2680/2680/2680
f 2703/2703/2703 2704/2704/2704 2702/2702/2702
f 2706/2706/2706 2704/2704/2704 2703/2703/2703
f 2706/2706/2706 2703/2703/2703 2707/2707/2707
f 2715/2715/2715 2714/2714/2714 2713/2713/2713
f 2715/2715/2715 2713/2713/2713 2719/2719/2719
f 2708/2708/2708 2707/2707/2707 2705/2705/2705
f 2709/2709/2709 2683/2683/2683 2706/2706/2706
f 2707/2707/2707 2710/2710/2710 2709/2709/2709
f 2683/2683/2683 2711/2711/2711 2687/2687/2687
f 2712/2712/2712 2711/2711/2711 2709/2709/2709
f 2712/2712/2712 2713/2713/2713 2714/2714/2714
f 2712/2712/2712 2710/2710/2710 2713/2713/2713
f 2719/2719/2719 2713/2713/2713 2767/2767/2767
f 2719/2719/2719 2767/2767/2767 2716/2716/2716
f 2721/2721/2721 2719/2719/2719 2716/2716/2716
f 2721/2721/2721 2716/2716/2716 2722/2722/2722
f 2690/2690/2690 2717/2717/2717 2693/2693/2693
f 2714/2714/2714 2718/2718/2718 2717/2717/2717
f 2715/2715/2715 2718/2718/2718 2714/2714/2714
f 2719/2719/2719 2721/2721/2721 2720/2720/2720
f 2696/2696/2696 2693/2693/2693 2717/2717/2717
f 2696/2696/2696 2717/2717/2717 2723/2723/2723
f 2725/2725/2725 2718/2718/2718 2715/2715/2715
f 2725/2725/2725 2715/2715/2715 2726/2726/2726
f 2717/2717/2717 2724/2724/2724 2723/2723/2723
f 2718/2718/2718 2725/2725/2725 2724/2724/2724
f 2696/2696/2696 2723/2723/2723 2727/2727/2727
f 2696/2696/2696 2727/2727/2727 2700/2700/2700
f 2720/2720/2720 2726/2726/2726 2719/2719/2719
f 2723/2723/2723 2724/2724/2724 2728/2728/2728
f 2723/2723/2723 2728/2728/2728 2727/2727/2727
f 2729/2729/2729 2720/2720/2720 2721/2721/2721
f 2729/2729/2729 2721/2721/2721 2730/2730/2730
f 2731/2731/2731 2724/2724/2724 2725/2725/2725
f 2731/2731/2731 2725/2725/2725 2732/2732/2732
f 2732/2732/2732 2725/2725/2725 2726/2726/2726
f 2732/2732/2732 2726/2726/2726 2733/2733/2733
f 2733/2733/2733 2726/2726/2726 2720/2720/2720
f 2733/2733/2733 2720/2720/2720 2734/2734/2734
f 2731/2731/2731 2736/2736/2736 2728/2728/2728
f 2731/2731/2731 2728/2728/2728 2724/2724/2724
f 2728/2728/2728 2736/2736/2736 2735/2735/2735
f 2731/2731/2731 2732/2732/2732 2737/2737/2737
f 2731/2731/2731 2737/2737/2737 2736/2736/2736
f 2740/2740/2740 2732/2732/2732 2733/2733/2733
f 2740/2740/2740 2733/2733/2733 2741/2741/2741
f 2730/2730/2730 2739/2739/2739 2738/2738/2738
f 2733/2733/2733 2734/2734/2734 2742/2742/2742
f 2733/2733/2733 2742/2742/2742 2741/2741/2741
f 2742/2742/2742 2734/2734/2734 2729/2729/2729
f 2742/2742/2742 2729/2729/2729 2738/2738/2738
f 2740/2740/2740 2743/2743/2743 2737/2737/2737
f 2740/2740/2740 2737/2737/2737 2732/2732/2732
f 2729/2729/2729 2730/2730/2730 2738/2738/2738
f 2740/2740/2740 2741/2741/2741 2744/2744/2744
f 2740/2740/2740 2744/2744/2744 2743/2743/2743
f 2487/2487/2487 2745/2745/2745 2484/2484/2484
f 2487/2487/2487 2484/2484/2484 2345/2345/2345
f 2745/2745/2745 2747/2747/2747 2485/2485/2485
f 2745/2745/2745 2485/2485/2485 2484/2484/2484
f 2485/2485/2485 2747/2747/2747 2746/2746/2746
f 2701/2701/2701 2476/2476/2476 2486/2486/2486
f 2701/2701/2701 2486/2486/2486 2748/2748/2748
f 2746/2746/2746 2749/2749/2749 2486/2486/2486
f 2746/2746/2746 2486/2486/2486 2485/2485/2485
f 2486/2486/2486 2749/2749/2749 2748/2748/2748
f 2750/2750/2750 2752/2752/2752 2747/2747/2747
f 2750/2750/2750 2747/2747/2747 2745/2745/2745
f 2747/2747/2747 2752/2752/2752 2751/2751/2751
f 2705/2705/2705 2701/2701/2701 2753/2753/2753
f 2705/2705/2705 2753/2753/2753 2754/2754/2754
f 2749/2749/2749 2751/2751/2751 2753/2753/2753
f 2749/2749/2749 2746/2746/2746 2751/2751/2751
f 2756/2756/2756 2751/2751/2751 2755/2755/2755
f 2756/2756/2756 2755/2755/2755 2757/2757/2757
f 2756/2756/2756 2754/2754/2754 2753/2753/2753
f 2758/2758/2758 2710/2710/2710 2708/2708/2708
f 2758/2758/2758 2708/2708/2708 2754/2754/2754
f 2781/2781/2781 2757/2757/2757 2755/2755/2755
f 2759/2759/2759 2758/2758/2758 2756/2756/2756
f 2759/2759/2759 2757/2757/2757 2781/2781/2781
f 2759/2759/2759 2781/2781/2781 2760/2760/2760
f 2761/2761/2761 2710/2710/2710 2758/2758/2758
f 2761/2761/2761 2758/2758/2758 2759/2759/2759
f 2761/2761/2761 2759/2759/2759 2762/2762/2762
f 2713/2713/2713 2710/2710/2710 2761/2761/2761
f 2713/2713/2713 2761/2761/2761 2763/2763/2763
f 2760/2760/2760 2762/2762/2762 2759/2759/2759
f 2766/2766/2766 2762/2762/2762 2760/2760/2760
f 2766/2766/2766 2760/2760/2760 2764/2764/2764
f 2762/2762/2762 2766/2766/2766 2765/2765/2765
f 2767/2767/2767 2713/2713/2713 2763/2763/2763
f 2767/2767/2767 2763/2763/2763 2768/2768/2768
f 2767/2767/2767 2768/2768/2768 2722/2722/2722
f 2767/2767/2767 2722/2722/2722 2716/2716/2716
f 2763/2763/2763 2761/2761/2761 2765/2765/2765
f 2766/2766/2766 2768/2768/2768 2765/2765/2765
f 2771/2771/2771 2768/2768/2768 2766/2766/2766
f 2771/2771/2771 2766/2766/2766 2772/2772/2772
f 2768/2768/2768 2771/2771/2771 2722/2722/2722
f 2774/2774/2774 2771/2771/2771 2772/2772/2772
f 2774/2774/2774 2772/2772/2772 2773/2773/2773
f 2730/2730/2730 2722/2722/2722 2771/2771/2771
f 2730/2730/2730 2771/2771/2771 2774/2774/2774
f 2772/2772/2772 2770/2770/2770 2773/2773/2773
f 2774/2774/2774 2773/2773/2773 2777/2777/2777
f 2774/2774/2774 2777/2777/2777 2776/2776/2776
f 2773/2773/2773 2775/2775/2775 2777/2777/2777
f 2509/2509/2509 2779/2779/2779 2750/2750/2750
f 2509/2509/2509 2750/2750/2750 2502/2502/2502
f 2774/2774/2774 2776/2776/2776 2739/2739/2739
f 2502/2502/2502 2745/2745/2745 2487/2487/2487
f 2778/2778/2778 2752/2752/2752 2750/2750/2750
f 2755/2755/2755 2752/2752/2752 2778/2778/2778
f 2755/2755/2755 2778/2778/2778 2781/2781/2781
f 2780/2780/2780 2779/2779/2779 2509/2509/2509
f 2514/2514/2514 2783/2783/2783 2780/2780/2780
f 2514/2514/2514 2780/2780/2780 2510/2510/2510
f 2778/2778/2778 2779/2779/2779 2781/2781/2781
f 2778/2778/2778 2750/2750/2750 2779/2779/2779
f 2780/2780/2780 2783/2783/2783 2782/2782/2782
f 2518/2518/2518 2786/2786/2786 2783/2783/2783
f 2518/2518/2518 2783/2783/2783 2514/2514/2514
f 2779/2779/2779 2782/2782/2782 2784/2784/2784
f 2781/2781/2781 2784/2784/2784 2760/2760/2760
f 2783/2783/2783 2786/2786/2786 2785/2785/2785
f 2790/2790/2790 2787/2787/2787 2785/2785/2785
f 2790/2790/2790 2785/2785/2785 2789/2789/2789
f 2784/2784/2784 2788/2788/2788 2764/2764/2764
f 2786/2786/2786 2520/2520/2520 2789/2789/2789
f 2786/2786/2786 2518/2518/2518 2520/2520/2520
f 2791/2791/2791 2789/2789/2789 2520/2520/2520
f 2791/2791/2791 2520/2520/2520 2522/2522/2522
f 2788/2788/2788 2790/2790/2790 2769/2769/2769
f 2788/2788/2788 2787/2787/2787 2790/2790/2790
f 2792/2792/2792 2790/2790/2790 2789/2789/2789
f 2792/2792/2792 2789/2789/2789 2791/2791/2791
f 2769/2769/2769 2790/2790/2790 2792/2792/2792
f 2769/2769/2769 2792/2792/2792 2793/2793/2793
f 2773/2773/2773 2770/2770/2770 2769/2769/2769
f 2773/2773/2773 2769/2769/2769 2793/2793/2793
f 2792/2792/2792 2791/2791/2791 2794/2794/2794
f 2792/2792/2792 2794/2794/2794 2795/2795/2795
f 2697/2697/2697 2796/2796/2796 2122/2122/2122
f 2697/2697/2697 2122/2122/2122 2111/2111/2111
f 2697/2697/2697 2698/2698/2698 2797/2797/2797
f 2697/2697/2697 2797/2797/2797 2796/2796/2796
f 2700/2700/2700 2799/2799/2799 2798/2798/2798
f 2700/2700/2700 2798/2798/2798 2699/2699/2699
f 2798/2798/2798 2797/2797/2797 2698/2698/2698
f 2799/2799/2799 2804/2804/2804 2803/2803/2803
f 2799/2799/2799 2803/2803/2803 2798/2798/2798
f 2800/2800/2800 2123/2123/2123 2122/2122/2122
f 2801/2801/2801 2800/2800/2800 2796/2796/2796
f 2802/2802/2802 2801/2801/2801 2797/2797/2797
f 2803/2803/2803 2802/2802/2802 2798/2798/2798
f 2808/2808/2808 2818/2818/2818 2145/2145/2145
f 2808/2808/2808 2145/2145/2145 2139/2139/2139
f 2806/2806/2806 2800/2800/2800 2801/2801/2801
f 2802/2802/2802 2807/2807/2807 2801/2801/2801
f 2803/2803/2803 2809/2809/2809 2802/2802/2802
f 2808/2808/2808 2805/2805/2805 2806/2806/2806
f 2810/2810/2810 2804/2804/2804 2814/2814/2814
f 2808/2808/2808 2139/2139/2139 2805/2805/2805
f 2810/2810/2810 2814/2814/2814 2815/2815/2815
f 2811/2811/2811 2819/2819/2819 2818/2818/2818
f 2811/2811/2811 2818/2818/2818 2808/2808/2808
f 2812/2812/2812 2816/2816/2816 2823/2823/2823
f 2812/2812/2812 2823/2823/2823 2822/2822/2822
f 2820/2820/2820 2819/2819/2819 2811/2811/2811
f 2812/2812/2812 2820/2820/2820 2811/2811/2811
f 2812/2812/2812 2809/2809/2809 2816/2816/2816
f 2817/2817/2817 2821/2821/2821 2815/2815/2815
f 2700/2700/2700 2727/2727/2727 2826/2826/2826
f 2700/2700/2700 2826/2826/2826 2799/2799/2799
f 2821/2821/2821 2824/2824/2824 2816/2816/2816
f 2799/2799/2799 2826/2826/2826 2813/2813/2813
f 2799/2799/2799 2813/2813/2813 2804/2804/2804
f 2735/2735/2735 2736/2736/2736 2828/2828/2828
f 2735/2735/2735 2828/2828/2828 2827/2827/2827
f 2826/2826/2826 2727/2727/2727 2735/2735/2735
f 2827/2827/2827 2826/2826/2826 2735/2735/2735
f 2737/2737/2737 2829/2829/2829 2828/2828/2828
f 2737/2737/2737 2828/2828/2828 2736/2736/2736
f 2828/2828/2828 2829/2829/2829 2831/2831/2831
f 2828/2828/2828 2831/2831/2831 2830/2830/2830
f 2827/2827/2827 2813/2813/2813 2826/2826/2826
f 2827/2827/2827 2833/2833/2833 2832/2832/2832
f 2827/2827/2827 2832/2832/2832 2813/2813/2813
f 2832/2832/2832 2814/2814/2814 2813/2813/2813
f 2830/2830/2830 2831/2831/2831 2835/2835/2835
f 2830/2830/2830 2835/2835/2835 2834/2834/2834
f 2830/2830/2830 2833/2833/2833 2827/2827/2827
f 2832/2832/2832 2833/2833/2833 2837/2837/2837
f 2832/2832/2832 2837/2837/2837 2836/2836/2836
f 2834/2834/2834 2838/2838/2838 2837/2837/2837
f 2834/2834/2834 2837/2837/2837 2833/2833/2833
f 2836/2836/2836 2837/2837/2837 2841/2841/2841
f 2836/2836/2836 2841/2841/2841 2840/2840/2840
f 2835/2835/2835 2838/2838/2838 2834/2834/2834
f 2817/2817/2817 2814/2814/2814 2836/2836/2836
f 2837/2837/2837 2839/2839/2839 2842/2842/2842
f 2837/2837/2837 2842/2842/2842 2841/2841/2841
f 2817/2817/2817 2840/2840/2840 2843/2843/2843
f 2817/2817/2817 2843/2843/2843 2825/2825/2825
f 2840/2840/2840 2841/2841/2841 2844/2844/2844
f 2840/2840/2840 2844/2844/2844 2843/2843/2843
f 2743/2743/2743 2845/2845/2845 2829/2829/2829
f 2743/2743/2743 2829/2829/2829 2737/2737/2737
f 2743/2743/2743 2744/2744/2744 2846/2846/2846
f 2743/2743/2743 2846/2846/2846 2845/2845/2845
f 2829/2829/2829 2845/2845/2845 2847/2847/2847
f 2829/2829/2829 2847/2847/2847 2831/2831/2831
f 2845/2845/2845 2846/2846/2846 2848/2848/2848
f 2845/2845/2845 2848/2848/2848 2847/2847/2847
f 2847/2847/2847 2849/2849/2849 2835/2835/2835
f 2847/2847/2847 2835/2835/2835 2831/2831/2831
f 2847/2847/2847 2848/2848/2848 2850/2850/2850
f 2847/2847/2847 2850/2850/2850 2849/2849/2849
f 2851/2851/2851 2838/2838/2838 2835/2835/2835
f 2851/2851/2851 2835/2835/2835 2852/2852/2852
f 2849/2849/2849 2850/2850/2850 2853/2853/2853
f 2849/2849/2849 2853/2853/2853 2852/2852/2852
f 2855/2855/2855 2841/2841/2841 2842/2842/2842
f 2855/2855/2855 2842/2842/2842 2856/2856/2856
f 2839/2839/2839 2838/2838/2838 2851/2851/2851
f 2851/2851/2851 2856/2856/2856 2842/2842/2842
f 2851/2851/2851 2842/2842/2842 2839/2839/2839
f 2851/2851/2851 2854/2854/2854 2857/2857/2857
f 2851/2851/2851 2857/2857/2857 2856/2856/2856
f 2858/2858/2858 2843/2843/2843 2844/2844/2844
f 2858/2858/2858 2844/2844/2844 2859/2859/2859
f 2855/2855/2855 2859/2859/2859 2844/2844/2844
f 2855/2855/2855 2844/2844/2844 2841/2841/2841
f 2855/2855/2855 2856/2856/2856 2860/2860/2860
f 2855/2855/2855 2860/2860/2860 2859/2859/2859
f 2819/2819/2819 2861/2861/2861 2163/2163/2163
f 2819/2819/2819 2163/2163/2163 2818/2818/2818
f 2163/2163/2163 2145/2145/2145 2818/2818/2818
f 2821/2821/2821 2825/2825/2825 2863/2863/2863
f 2821/2821/2821 2863/2863/2863 2862/2862/2862
f 2861/2861/2861 2819/2819/2819 2820/2820/2820
f 2822/2822/2822 2861/2861/2861 2820/2820/2820
f 2861/2861/2861 2865/2865/2865 2864/2864/2864
f 2861/2861/2861 2864/2864/2864 2163/2163/2163
f 2861/2861/2861 2822/2822/2822 2866/2866/2866
f 2861/2861/2861 2866/2866/2866 2865/2865/2865
f 2822/2822/2822 2823/2823/2823 2867/2867/2867
f 2822/2822/2822 2867/2867/2867 2866/2866/2866
f 2824/2824/2824 2868/2868/2868 2867/2867/2867
f 2824/2824/2824 2867/2867/2867 2823/2823/2823
f 2824/2824/2824 2862/2862/2862 2869/2869/2869
f 2824/2824/2824 2869/2869/2869 2868/2868/2868
f 2862/2862/2862 2863/2863/2863 2870/2870/2870
f 2862/2862/2862 2870/2870/2870 2869/2869/2869
f 2864/2864/2864 2871/2871/2871 2165/2165/2165
f 2864/2864/2864 2165/2165/2165 2164/2164/2164
f 2865/2865/2865 2872/2872/2872 2871/2871/2871
f 2865/2865/2865 2871/2871/2871 2864/2864/2864
f 2865/2865/2865 2866/2866/2866 2874/2874/2874
f 2865/2865/2865 2874/2874/2874 2873/2873/2873
f 2866/2866/2866 2867/2867/2867 2875/2875/2875
f 2866/2866/2866 2875/2875/2875 2874/2874/2874
f 2867/2867/2867 2868/2868/2868 2876/2876/2876
f 2867/2867/2867 2876/2876/2876 2875/2875/2875
f 2878/2878/2878 2869/2869/2869 2870/2870/2870
f 2878/2878/2878 2870/2870/2870 2879/2879/2879
f 2877/2877/2877 2879/2879/2879 2870/2870/2870
f 2877/2877/2877 2870/2870/2870 2863/2863/2863
f 2165/2165/2165 2871/2871/2871 2880/2880/2880
f 2165/2165/2165 2880/2880/2880 2171/2171/2171
f 2871/2871/2871 2872/2872/2872 2881/2881/2881
f 2871/2871/2871 2881/2881/2881 2880/2880/2880
f 2881/2881/2881 2872/2872/2872 2873/2873/2873
f 2881/2881/2881 2873/2873/2873 2882/2882/2882
f 2873/2873/2873 2874/2874/2874 2883/2883/2883
f 2873/2873/2873 2883/2883/2883 2882/2882/2882
f 2883/2883/2883 2874/2874/2874 2875/2875/2875
f 2883/2883/2883 2875/2875/2875 2884/2884/2884
f 2884/2884/2884 2875/2875/2875 2876/2876/2876
f 2884/2884/2884 2876/2876/2876 2885/2885/2885
f 2878/2878/2878 2885/2885/2885 2876/2876/2876
f 2878/2878/2878 2876/2876/2876 2868/2868/2868
f 2878/2878/2878 2879/2879/2879 2887/2887/2887
f 2878/2878/2878 2887/2887/2887 2886/2886/2886
f 2886/2886/2886 2885/2885/2885 2878/2878/2878
f 2880/2880/2880 2888/2888/2888 2172/2172/2172
f 2880/2880/2880 2172/2172/2172 2171/2171/2171
f 2881/2881/2881 2889/2889/2889 2888/2888/2888
f 2881/2881/2881 2888/2888/2888 2880/2880/2880
f 2882/2882/2882 2890/2890/2890 2889/2889/2889
f 2882/2882/2882 2889/2889/2889 2881/2881/2881
f 2883/2883/2883 2884/2884/2884 2891/2891/2891
f 2883/2883/2883 2891/2891/2891 2890/2890/2890
f 2884/2884/2884 2885/2885/2885 2892/2892/2892
f 2884/2884/2884 2892/2892/2892 2891/2891/2891
f 2825/2825/2825 2843/2843/2843 2893/2893/2893
f 2825/2825/2825 2893/2893/2893 2863/2863/2863
f 2877/2877/2877 2863/2863/2863 2893/2893/2893
f 2877/2877/2877 2893/2893/2893 2894/2894/2894
f 2858/2858/2858 2894/2894/2894 2893/2893/2893
f 2858/2858/2858 2893/2893/2893 2843/2843/2843
f 2858/2858/2858 2859/2859/2859 2895/2895/2895
f 2858/2858/2858 2895/2895/2895 2894/2894/2894
f 2877/2877/2877 2894/2894/2894 2896/2896/2896
f 2877/2877/2877 2896/2896/2896 2879/2879/2879
f 458/458/458 2898/2898/2898 2899/2899/2899
f 458/458/458 2899/2899/2899 459/459/459
f 2899/2899/2899 2897/2897/2897 457/457/457
f 2899/2899/2899 457/457/457 459/459/459
f 2900/2900/2900 2901/2901/2901 2899/2899/2899
f 2900/2900/2900 2899/2899/2899 2898/2898/2898
f 2899/2899/2899 2901/2901/2901 2902/2902/2902
f 2899/2899/2899 2902/2902/2902 2897/2897/2897
f 2897/2897/2897 2910/2910/2910 494/494/494
f 2897/2897/2897 494/494/494 457/457/457
f 2901/2901/2901 2900/2900/2900 2903/2903/2903
f 2904/2904/2904 2902/2902/2902 2901/2901/2901
f 2904/2904/2904 2903/2903/2903 2905/2905/2905
f 2906/2906/2906 2905/2905/2905 2907/2907/2907
f 492/492/492 493/493/493 2909/2909/2909
f 2910/2910/2910 2911/2911/2911 495/495/495
f 2910/2910/2910 495/495/495 494/494/494
f 495/495/495 2911/2911/2911 2909/2909/2909
f 495/495/495 2909/2909/2909 493/493/493
f 2910/2910/2910 2915/2915/2915 2916/2916/2916
f 2910/2910/2910 2916/2916/2916 2911/2911/2911
f 2908/2908/2908 2909/2909/2909 2912/2912/2912
f 2910/2910/2910 2897/2897/2897 2914/2914/2914
f 2916/2916/2916 2913/2913/2913 2909/2909/2909
f 2916/2916/2916 2909/2909/2909 2911/2911/2911
f 2921/2921/2921 2922/2922/2922 2916/2916/2916
f 2921/2921/2921 2916/2916/2916 2915/2915/2915
f 2897/2897/2897 2902/2902/2902 2914/2914/2914
f 2917/2917/2917 2915/2915/2915 2914/2914/2914
f 2912/2912/2912 2913/2913/2913 2919/2919/2919
f 2918/2918/2918 2912/2912/2912 2920/2920/2920
f 2922/2922/2922 2923/2923/2923 2913/2913/2913
f 2922/2922/2922 2913/2913/2913 2916/2916/2916
f 2927/2927/2927 2928/2928/2928 2921/2921/2921
f 2927/2927/2927 2921/2921/2921 2917/2917/2917
f 2913/2913/2913 2923/2923/2923 2919/2919/2919
f 2917/2917/2917 2902/2902/2902 2924/2924/2924
f 2920/2920/2920 2919/2919/2919 2925/2925/2925
f 2923/2923/2923 2922/2922/2922 2926/2926/2926
f 2924/2924/2924 2904/2904/2904 2906/2906/2906
f 2917/2917/2917 2924/2924/2924 2927/2927/2927
f 2926/2926/2926 2922/2922/2922 2921/2921/2921
f 2926/2926/2926 2921/2921/2921 2928/2928/2928
f 2930/2930/2930 2929/2929/2929 2925/2925/2925
f 2930/2930/2930 2925/2925/2925 2926/2926/2926
f 2955/2955/2955 2925/2925/2925 2929/2929/2929
f 2931/2931/2931 2932/2932/2932 2927/2927/2927
f 2931/2931/2931 2927/2927/2927 2906/2906/2906
f 2935/2935/2935 2936/2936/2936 2930/2930/2930
f 2935/2935/2935 2930/2930/2930 2928/2928/2928
f 2928/2928/2928 2927/2927/2927 2932/2932/2932
f 2933/2933/2933 2929/2929/2929 2934/2934/2934
f 2928/2928/2928 2932/2932/2932 2935/2935/2935
f 2934/2934/2934 2929/2929/2929 2930/2930/2930
f 2934/2934/2934 2930/2930/2930 2937/2937/2937
f 2938/2938/2938 2934/2934/2934 2937/2937/2937
f 2938/2938/2938 2937/2937/2937 2940/2940/2940
f 531/531/531 2942/2942/2942 2943/2943/2943
f 531/531/531 2943/2943/2943 532/532/532
f 533/533/533 2944/2944/2944 2942/2942/2942
f 533/533/533 2942/2942/2942 531/531/531
f 492/492/492 2908/2908/2908 2944/2944/2944
f 492/492/492 2944/2944/2944 533/533/533
f 2945/2945/2945 2946/2946/2946 2943/2943/2943
f 2945/2945/2945 2943/2943/2943 2942/2942/2942
f 2944/2944/2944 2947/2947/2947 2945/2945/2945
f 2944/2944/2944 2945/2945/2945 2942/2942/2942
f 2950/2950/2950 2948/2948/2948 2945/2945/2945
f 2950/2950/2950 2945/2945/2945 2947/2947/2947
f 2944/2944/2944 2908/2908/2908 2947/2947/2947
f 2946/2946/2946 2945/2945/2945 2948/2948/2948
f 2918/2918/2918 2951/2951/2951 2947/2947/2947
f 2918/2918/2918 2947/2947/2947 2912/2912/2912
f 2953/2953/2953 2954/2954/2954 2948/2948/2948
f 2953/2953/2953 2948/2948/2948 2950/2950/2950
f 2947/2947/2947 2951/2951/2951 2950/2950/2950
f 2920/2920/2920 2951/2951/2951 2918/2918/2918
f 2949/2949/2949 2948/2948/2948 2952/2952/2952
f 2958/2958/2958 2959/2959/2959 2957/2957/2957
f 2958/2958/2958 2957/2957/2957 2954/2954/2954
f 2948/2948/2948 2954/2954/2954 2952/2952/2952
f 2956/2956/2956 2954/2954/2954 2953/2953/2953
f 2960/2960/2960 2961/2961/2961 2953/2953/2953
f 2960/2960/2960 2953/2953/2953 2955/2955/2955
f 2962/2962/2962 2963/2963/2963 2959/2959/2959
f 2962/2962/2962 2959/2959/2959 2958/2958/2958
f 2956/2956/2956 2953/2953/2953 2961/2961/2961
f 2956/2956/2956 2962/2962/2962 2958/2958/2958
f 2964/2964/2964 2961/2961/2961 2960/2960/2960
f 2964/2964/2964 2965/2965/2965 2962/2962/2962
f 2964/2964/2964 2962/2962/2962 2961/2961/2961
f 2933/2933/2933 2966/2966/2966 2964/2964/2964
f 2933/2933/2933 2964/2964/2964 2960/2960/2960
f 2965/2965/2965 2963/2963/2963 2962/2962/2962
f 2960/2960/2960 2929/2929/2929 2933/2933/2933
f 2967/2967/2967 2963/2963/2963 2965/2965/2965
f 2967/2967/2967 2965/2965/2965 2969/2969/2969
f 2968/2968/2968 2965/2965/2965 2964/2964/2964
f 2970/2970/2970 2966/2966/2966 2933/2933/2933
f 2970/2970/2970 2971/2971/2971 2968/2968/2968
f 2970/2970/2970 2968/2968/2968 2966/2966/2966
f 2938/2938/2938 2972/2972/2972 2970/2970/2970
f 2938/2938/2938 2970/2970/2970 2934/2934/2934
f 2973/2973/2973 2969/2969/2969 2968/2968/2968
f 2976/2976/2976 2972/2972/2972 2940/2940/2940
f 2976/2976/2976 2940/2940/2940 2941/2941/2941
f 2940/2940/2940 2972/2972/2972 2938/2938/2938
f 2973/2973/2973 2971/2971/2971 2974/2974/2974
f 2971/2971/2971 2972/2972/2972 2976/2976/2976
f 2971/2971/2971 2977/2977/2977 2974/2974/2974
f 2978/2978/2978 2979/2979/2979 555/555/555
f 2978/2978/2978 555/555/555 554/554/554
f 532/532/532 2943/2943/2943 2978/2978/2978
f 532/532/532 2978/2978/2978 554/554/554
f 2988/2988/2988 2989/2989/2989 2987/2987/2987
f 2988/2988/2988 2987/2987/2987 2985/2985/2985
f 2979/2979/2979 2978/2978/2978 2980/2980/2980
f 2978/2978/2978 2943/2943/2943 2980/2980/2980
f 2981/2981/2981 2980/2980/2980 2982/2982/2982
f 2984/2984/2984 3007/3007/3007 2981/2981/2981
f 2980/2980/2980 2946/2946/2946 2949/2949/2949
f 2983/2983/2983 2982/2982/2982 2985/2985/2985
f 2986/2986/2986 2984/2984/2984 2983/2983/2983
f 2982/2982/2982 2949/2949/2949 2952/2952/2952
f 2987/2987/2987 2986/2986/2986 2985/2985/2985
f 2988/2988/2988 2985/2985/2985 2952/2952/2952
f 2990/2990/2990 2991/2991/2991 2989/2989/2989
f 2990/2990/2990 2989/2989/2989 2988/2988/2988
f 2959/2959/2959 2988/2988/2988 2957/2957/2957
f 2990/2990/2990 2988/2988/2988 2959/2959/2959
f 2990/2990/2990 2959/2959/2959 2963/2963/2963
f 3019/3019/3019 2989/2989/2989 2991/2991/2991
f 2993/2993/2993 2994/2994/2994 2992/2992/2992
f 2993/2993/2993 2992/2992/2992 2991/2991/2991
f 2993/2993/2993 2991/2991/2991 2990/2990/2990
f 2993/2993/2993 2996/2996/2996 3026/3026/3026
f 2993/2993/2993 3026/3026/3026 2994/2994/2994
f 2993/2993/2993 2963/2963/2963 2995/2995/2995
f 2998/2998/2998 2999/2999/2999 2996/2996/2996
f 2998/2998/2998 2996/2996/2996 2995/2995/2995
f 2997/2997/2997 2995/2995/2995 2967/2967/2967
f 2996/2996/2996 2999/2999/2999 3000/3000/3000
f 2996/2996/2996 3000/3000/3000 3026/3026/3026
f 2973/2973/2973 3001/3001/3001 2997/2997/2997
f 2973/2973/2973 2997/2997/2997 2969/2969/2969
f 3003/3003/3003 3004/3004/3004 580/580/580
f 3003/3003/3003 580/580/580 579/579/579
f 3002/3002/3002 2999/2999/2999 2998/2998/2998
f 580/580/580 3004/3004/3004 3005/3005/3005
f 580/580/580 3005/3005/3005 581/581/581
f 555/555/555 2979/2979/2979 3003/3003/3003
f 555/555/555 3003/3003/3003 579/579/579
f 3010/3010/3010 3011/3011/3011 3009/3009/3009
f 3010/3010/3010 3009/3009/3009 3008/3008/3008
f 3004/3004/3004 3003/3003/3003 3007/3007/3007
f 3005/3005/3005 3004/3004/3004 3008/3008/3008
f 3006/3006/3006 3005/3005/3005 3009/3009/3009
f 3007/3007/3007 3003/3003/3003 2979/2979/2979
f 3010/3010/3010 3008/3008/3008 3007/3007/3007
f 2984/2984/2984 3012/3012/3012 3010/3010/3010
f 2984/2984/2984 3010/3010/3010 3007/3007/3007
f 3014/3014/3014 3015/3015/3015 3013/3013/3013
f 3014/3014/3014 3013/3013/3013 3012/3012/3012
f 3012/3012/3012 2984/2984/2984 3014/3014/3014
f 2987/2987/2987 3016/3016/3016 3014/3014/3014
f 2987/2987/2987 3014/3014/3014 2986/2986/2986
f 3019/3019/3019 3020/3020/3020 3017/3017/3017
f 3019/3019/3019 3017/3017/3017 3016/3016/3016
f 3015/3015/3015 3014/3014/3014 3017/3017/3017
f 3019/3019/3019 3016/3016/3016 2987/2987/2987
f 3020/3020/3020 3021/3021/3021 3018/3018/3018
f 3020/3020/3020 3018/3018/3018 3017/3017/3017
f 3019/3019/3019 2992/2992/2992 3022/3022/3022
f 3019/3019/3019 3022/3022/3022 3020/3020/3020
f 3021/3021/3021 3020/3020/3020 3022/3022/3022
f 3021/3021/3021 3022/3022/3022 3023/3023/3023
f 2992/2992/2992 2994/2994/2994 3024/3024/3024
f 2992/2992/2992 3024/3024/3024 3022/3022/3022
f 3027/3027/3027 3024/3024/3024 3028/3028/3028
f 3027/3027/3027 3028/3028/3028 3029/3029/3029
f 3023/3023/3023 3022/3022/3022 3025/3025/3025
f 3024/3024/3024 2994/2994/2994 3026/3026/3026
f 3028/3028/3028 3024/3024/3024 3026/3026/3026
f 3030/3030/3030 582/582/582 583/583/583
f 3030/3030/3030 583/583/583 3031/3031/3031
f 583/583/583 584/584/584 3032/3032/3032
f 583/583/583 3032/3032/3032 3031/3031/3031
f 3033/3033/3033 3034/3034/3034 632/632/632
f 3033/3033/3033 632/632/632 631/631/631
f 3035/3035/3035 3036/3036/3036 635/635/635
f 3035/3035/3035 635/635/635 634/634/634
f 633/633/633 632/632/632 3034/3034/3034
f 3036/3036/3036 3037/3037/3037 636/636/636
f 3036/3036/3036 636/636/636 635/635/635
f 631/631/631 636/636/636 3037/3037/3037
f 631/631/631 3037/3037/3037 3033/3033/3033
f 3030/3030/3030 3039/3039/3039 638/638/638
f 3030/3030/3030 638/638/638 582/582/582
f 634/634/634 638/638/638 3039/3039/3039
f 634/634/634 3039/3039/3039 3035/3035/3035
f 3035/3035/3035 3039/3039/3039 3040/3040/3040
f 3035/3035/3035 3040/3040/3040 3036/3036/3036
f 3030/3030/3030 3031/3031/3031 3041/3041/3041
f 3030/3030/3030 3041/3041/3041 3039/3039/3039
f 3041/3041/3041 3031/3031/3031 3032/3032/3032
f 3041/3041/3041 3032/3032/3032 3042/3042/3042
f 584/584/584 641/641/641 3042/3042/3042
f 584/584/584 3042/3042/3042 3032/3032/3032
f 3046/3046/3046 3047/3047/3047 3037/3037/3037
f 3046/3046/3046 3037/3037/3037 3036/3036/3036
f 3034/3034/3034 3033/3033/3033 3044/3044/3044
f 3050/3050/3050 3051/3051/3051 3040/3040/3040
f 3050/3050/3050 3040/3040/3040 3039/3039/3039
f 3038/3038/3038 3037/3037/3037 3048/3048/3048
f 3038/3038/3038 3048/3048/3048 3044/3044/3044
f 3046/3046/3046 3036/3036/3036 3040/3040/3040
f 3046/3046/3046 3040/3040/3040 3051/3051/3051
f 3046/3046/3046 3051/3051/3051 3052/3052/3052
f 3046/3046/3046 3052/3052/3052 3047/3047/3047
f 3050/3050/3050 3039/3039/3039 3041/3041/3041
f 3050/3050/3050 3041/3041/3041 3053/3053/3053
f 3050/3050/3050 3053/3053/3053 3054/3054/3054
f 3050/3050/3050 3054/3054/3054 3051/3051/3051
f 3041/3041/3041 3042/3042/3042 3055/3055/3055
f 3041/3041/3041 3055/3055/3055 3053/3053/3053
f 3054/3054/3054 3053/3053/3053 3055/3055/3055
f 3054/3054/3054 3055/3055/3055 3056/3056/3056
f 3055/3055/3055 3042/3042/3042 3043/3043/3043
f 3055/3055/3055 3043/3043/3043 3056/3056/3056
f 3061/3061/3061 3062/3062/3062 3049/3049/3049
f 3061/3061/3061 3049/3049/3049 3048/3048/3048
f 3045/3045/3045 3044/3044/3044 3058/3058/3058
f 3048/3048/3048 3047/3047/3047 3060/3060/3060
f 3058/3058/3058 3044/3044/3044 3049/3049/3049
f 3058/3058/3058 3049/3049/3049 3062/3062/3062
f 3064/3064/3064 3065/3065/3065 3052/3052/3052
f 3064/3064/3064 3052/3052/3052 3051/3051/3051
f 3063/3063/3063 3059/3059/3059 3058/3058/3058
f 3060/3060/3060 3047/3047/3047 3052/3052/3052
f 3060/3060/3060 3052/3052/3052 3065/3065/3065
f 3060/3060/3060 3065/3065/3065 3066/3066/3066
f 3060/3060/3060 3066/3066/3066 3061/3061/3061
f 3064/3064/3064 3051/3051/3051 3054/3054/3054
f 3064/3064/3064 3054/3054/3054 3067/3067/3067
f 3054/3054/3054 3056/3056/3056 3069/3069/3069
f 3054/3054/3054 3069/3069/3069 3067/3067/3067
f 3067/3067/3067 3065/3065/3065 3064/3064/3064
f 3069/3069/3069 3056/3056/3056 3057/3057/3057
f 3069/3069/3069 3057/3057/3057 3070/3070/3070
f 3069/3069/3069 3070/3070/3070 3067/3067/3067
f 3072/3072/3072 3073/3073/3073 3063/3063/3063
f 3072/3072/3072 3063/3063/3063 3062/3062/3062
f 3062/3062/3062 3061/3061/3061 3072/3072/3072
f 3074/3074/3074 3075/3075/3075 3066/3066/3066
f 3074/3074/3074 3066/3066/3066 3065/3065/3065
f 3072/3072/3072 3061/3061/3061 3066/3066/3066
f 3072/3072/3072 3066/3066/3066 3075/3075/3075
f 3072/3072/3072 3075/3075/3075 3076/3076/3076
f 3072/3072/3072 3076/3076/3076 3073/3073/3073
f 3074/3074/3074 3065/3065/3065 3068/3068/3068
f 3074/3074/3074 3068/3068/3068 3077/3077/3077
f 3076/3076/3076 3075/3075/3075 3077/3077/3077
f 3076/3076/3076 3077/3077/3077 3078/3078/3078
f 3077/3077/3077 3075/3075/3075 3074/3074/3074
f 3068/3068/3068 3070/3070/3070 3080/3080/3080
f 3068/3068/3068 3080/3080/3080 3077/3077/3077
f 3080/3080/3080 3070/3070/3070 3071/3071/3071
f 3080/3080/3080 3071/3071/3071 3081/3081/3081
f 3080/3080/3080 3081/3081/3081 3077/3077/3077
f 3078/3078/3078 3077/3077/3077 3081/3081/3081
f 3078/3078/3078 3081/3081/3081 3082/3082/3082
f 3085/3085/3085 3086/3086/3086 3079/3079/3079
f 3085/3085/3085 3079/3079/3079 3078/3078/3078
f 3084/3084/3084 3076/3076/3076 3079/3079/3079
f 3084/3084/3084 3079/3079/3079 3086/3086/3086
f 3078/3078/3078 3082/3082/3082 3087/3087/3087
f 3078/3078/3078 3087/3087/3087 3085/3085/3085
f 694/694/694 3089/3089/3089 3090/3090/3090
f 694/694/694 3090/3090/3090 695/695/695
f 3087/3087/3087 3086/3086/3086 3085/3085/3085
f 693/693/693 692/692/692 3088/3088/3088
f 3089/3089/3089 694/694/694 693/693/693
f 695/695/695 3090/3090/3090 3091/3091/3091
f 695/695/695 3091/3091/3091 696/696/696
f 633/633/633 3034/3034/3034 3092/3092/3092
f 633/633/633 3092/3092/3092 697/697/697
f 692/692/692 697/697/697 3092/3092/3092
f 692/692/692 3092/3092/3092 3088/3088/3088
f 3094/3094/3094 3095/3095/3095 3090/3090/3090
f 3094/3094/3094 3090/3090/3090 3089/3089/3089
f 3089/3089/3089 3088/3088/3088 3094/3094/3094
f 3095/3095/3095 3096/3096/3096 3091/3091/3091
f 3095/3095/3095 3091/3091/3091 3090/3090/3090
f 3034/3034/3034 3045/3045/3045 3097/3097/3097
f 3034/3034/3034 3097/3097/3097 3092/3092/3092
f 3094/3094/3094 3098/3098/3098 3099/3099/3099
f 3094/3094/3094 3099/3099/3099 3095/3095/3095
f 3093/3093/3093 3092/3092/3092 3097/3097/3097
f 3093/3093/3093 3097/3097/3097 3094/3094/3094
f 3095/3095/3095 3099/3099/3099 3100/3100/3100
f 3095/3095/3095 3100/3100/3100 3096/3096/3096
f 3059/3059/3059 3101/3101/3101 3097/3097/3097
f 3059/3059/3059 3097/3097/3097 3045/3045/3045
f 3103/3103/3103 3104/3104/3104 3099/3099/3099
f 3103/3103/3103 3099/3099/3099 3098/3098/3098
f 3098/3098/3098 3097/3097/3097 3102/3102/3102
f 3104/3104/3104 3105/3105/3105 3100/3100/3100
f 3104/3104/3104 3100/3100/3100 3099/3099/3099
f 3108/3108/3108 3109/3109/3109 3104/3104/3104
f 3108/3108/3108 3104/3104/3104 3103/3103/3103
f 3106/3106/3106 3101/3101/3101 3059/3059/3059
f 3102/3102/3102 3101/3101/3101 3107/3107/3107
f 3103/3103/3103 3102/3102/3102 3108/3108/3108
f 3109/3109/3109 3110/3110/3110 3105/3105/3105
f 3109/3109/3109 3105/3105/3105 3104/3104/3104
f 3073/3073/3073 3111/3111/3111 3106/3106/3106
f 3073/3073/3073 3106/3106/3106 3063/3063/3063
f 3107/3107/3107 3101/3101/3101 3106/3106/3106
f 3107/3107/3107 3106/3106/3106 3111/3111/3111
f 3108/3108/3108 3113/3113/3113 3114/3114/3114
f 3108/3108/3108 3114/3114/3114 3109/3109/3109
f 3113/3113/3113 3108/3108/3108 3107/3107/3107
f 3109/3109/3109 3114/3114/3114 3115/3115/3115
f 3109/3109/3109 3115/3115/3115 3110/3110/3110
f 3073/3073/3073 3076/3076/3076 3116/3116/3116
f 3073/3073/3073 3116/3116/3116 3111/3111/3111
f 3119/3119/3119 3120/3120/3120 3114/3114/3114
f 3119/3119/3119 3114/3114/3114 3113/3113/3113
f 3116/3116/3116 3112/3112/3112 3111/3111/3111
f 3113/3113/3113 3112/3112/3112 3118/3118/3118
f 3120/3120/3120 3121/3121/3121 3115/3115/3115
f 3120/3120/3120 3115/3115/3115 3114/3114/3114
f 3117/3117/3117 3110/3110/3110 3115/3115/3115
f 3117/3117/3117 3115/3115/3115 3121/3121/3121
f 3118/3118/3118 3112/3112/3112 3116/3116/3116
f 3118/3118/3118 3116/3116/3116 3122/3122/3122
f 3116/3116/3116 3076/3076/3076 3084/3084/3084
f 3119/3119/3119 3118/3118/3118 3123/3123/3123
f 3119/3119/3119 3123/3123/3123 3124/3124/3124
f 3119/3119/3119 3124/3124/3124 3125/3125/3125
f 3119/3119/3119 3125/3125/3125 3120/3120/3120
f 3120/3120/3120 3125/3125/3125 3135/3135/3135
f 3120/3120/3120 3135/3135/3135 3121/3121/3121
f 3123/3123/3123 3122/3122/3122 3126/3126/3126
f 3123/3123/3123 3126/3126/3126 3127/3127/3127
f 3126/3126/3126 3122/3122/3122 3084/3084/3084
f 3124/3124/3124 3123/3123/3123 3127/3127/3127
f 3124/3124/3124 3127/3127/3127 3128/3128/3128
f 3124/3124/3124 3128/3128/3128 3129/3129/3129
f 3124/3124/3124 3129/3129/3129 3125/3125/3125
f 3127/3127/3127 3126/3126/3126 3131/3131/3131
f 3127/3127/3127 3131/3131/3131 3132/3132/3132
f 3087/3087/3087 3130/3130/3130 3086/3086/3086
f 3083/3083/3083 3130/3130/3130 3087/3087/3087
f 3127/3127/3127 3132/3132/3132 3133/3133/3133
f 3127/3127/3127 3133/3133/3133 3128/3128/3128
f 3134/3134/3134 3121/3121/3121 3135/3135/3135
f 3134/3134/3134 3135/3135/3135 3136/3136/3136
f 3137/3137/3137 3138/3138/3138 3129/3129/3129
f 3137/3137/3137 3129/3129/3129 3128/3128/3128
f 3135/3135/3135 3125/3125/3125 3129/3129/3129
f 3135/3135/3135 3129/3129/3129 3138/3138/3138
f 3135/3135/3135 3138/3138/3138 3139/3139/3139
f 3135/3135/3135 3139/3139/3139 3136/3136/3136
f 3138/3138/3138 3140/3140/3140 3141/3141/3141
f 3138/3138/3138 3141/3141/3141 3139/3139/3139
f 3140/3140/3140 3138/3138/3138 3137/3137/3137
f 748/748/748 3144/3144/3144 3145/3145/3145
f 748/748/748 3145/3145/3145 749/749/749
f 3139/3139/3139 3142/3142/3142 3136/3136/3136
f 458/458/458 749/749/749 3145/3145/3145
f 458/458/458 3145/3145/3145 2898/2898/2898
f 3091/3091/3091 3146/3146/3146 750/750/750
f 3091/3091/3091 750/750/750 696/696/696
f 3146/3146/3146 748/748/748 750/750/750
f 3147/3147/3147 3148/3148/3148 3145/3145/3145
f 3147/3147/3147 3145/3145/3145 3144/3144/3144
f 2900/2900/2900 2898/2898/2898 3145/3145/3145
f 2900/2900/2900 3145/3145/3145 3148/3148/3148
f 3096/3096/3096 3149/3149/3149 3146/3146/3146
f 3096/3096/3096 3146/3146/3146 3091/3091/3091
f 3144/3144/3144 3146/3146/3146 3147/3147/3147
f 2903/2903/2903 2900/2900/2900 3148/3148/3148
f 2903/2903/2903 3148/3148/3148 3151/3151/3151
f 3148/3148/3148 3147/3147/3147 3150/3150/3150
f 3100/3100/3100 3153/3153/3153 3149/3149/3149
f 3100/3100/3100 3149/3149/3149 3096/3096/3096
f 3147/3147/3147 3149/3149/3149 3152/3152/3152
f 2905/2905/2905 2903/2903/2903 3151/3151/3151
f 2905/2905/2905 3151/3151/3151 3155/3155/3155
f 3149/3149/3149 3153/3153/3153 3152/3152/3152
f 3151/3151/3151 3150/3150/3150 3154/3154/3154
f 3156/3156/3156 3157/3157/3157 3150/3150/3150
f 3156/3156/3156 3150/3150/3150 3152/3152/3152
f 3158/3158/3158 3159/3159/3159 3156/3156/3156
f 3158/3158/3158 3156/3156/3156 3153/3153/3153
f 3150/3150/3150 3157/3157/3157 3154/3154/3154
f 3110/3110/3110 3158/3158/3158 3153/3153/3153
f 3110/3110/3110 3153/3153/3153 3105/3105/3105
f 3159/3159/3159 3157/3157/3157 3156/3156/3156
f 3160/3160/3160 3161/3161/3161 3155/3155/3155
f 3160/3160/3160 3155/3155/3155 3154/3154/3154
f 2907/2907/2907 2905/2905/2905 3155/3155/3155
f 2907/2907/2907 3155/3155/3155 3161/3161/3161
f 3167/3167/3167 3168/3168/3168 3164/3164/3164
f 3167/3167/3167 3164/3164/3164 3160/3160/3160
f 3164/3164/3164 3161/3161/3161 3160/3160/3160
f 3159/3159/3159 3158/3158/3158 3165/3165/3165
f 3158/3158/3158 3110/3110/3110 3117/3117/3117
f 3158/3158/3158 3117/3117/3117 3165/3165/3165
f 3162/3162/3162 3161/3161/3161 3166/3166/3166
f 3160/3160/3160 3163/3163/3163 3167/3167/3167
f 3166/3166/3166 3161/3161/3161 3164/3164/3164
f 3166/3166/3166 3164/3164/3164 3169/3169/3169
f 3170/3170/3170 3171/3171/3171 3163/3163/3163
f 3170/3170/3170 3163/3163/3163 3165/3165/3165
f 3173/3173/3173 3174/3174/3174 3170/3170/3170
f 3173/3173/3173 3170/3170/3170 3117/3117/3117
f 3163/3163/3163 3171/3171/3171 3167/3167/3167
f 3172/3172/3172 3168/3168/3168 3167/3167/3167
f 3173/3173/3173 3134/3134/3134 3180/3180/3180
f 3173/3173/3173 3180/3180/3180 3174/3174/3174
f 3174/3174/3174 3171/3171/3171 3170/3170/3170
f 3173/3173/3173 3121/3121/3121 3134/3134/3134
f 3175/3175/3175 3166/3166/3166 3169/3169/3169
f 3175/3175/3175 3169/3169/3169 3177/3177/3177
f 3162/3162/3162 3166/3166/3166 3175/3175/3175
f 3169/3169/3169 3168/3168/3168 3176/3176/3176
f 3178/3178/3178 3171/3171/3171 3174/3174/3174
f 3178/3178/3178 3174/3174/3174 3181/3181/3181
f 3172/3172/3172 3171/3171/3171 3178/3178/3178
f 3179/3179/3179 3177/3177/3177 3176/3176/3176
f 3180/3180/3180 3182/3182/3182 3188/3188/3188
f 3180/3180/3180 3188/3188/3188 3181/3181/3181
f 3180/3180/3180 3134/3134/3134 3182/3182/3182
f 3184/3184/3184 3177/3177/3177 3179/3179/3179
f 3184/3184/3184 3179/3179/3179 3186/3186/3186
f 3142/3142/3142 3183/3183/3183 3136/3136/3136
f 3175/3175/3175 3177/3177/3177 3184/3184/3184
f 3176/3176/3176 3178/3178/3178 3185/3185/3185
f 3179/3179/3179 3176/3176/3176 3185/3185/3185
f 3185/3185/3185 3178/3178/3178 3181/3181/3181
f 3185/3185/3185 3181/3181/3181 3189/3189/3189
f 3185/3185/3185 3189/3189/3189 3190/3190/3190
f 3185/3185/3185 3190/3190/3190 3179/3179/3179
f 3188/3188/3188 3191/3191/3191 3192/3192/3192
f 3188/3188/3188 3192/3192/3192 3189/3189/3189
f 3190/3190/3190 3186/3186/3186 3179/3179/3179
f 3188/3188/3188 3182/3182/3182 3191/3191/3191
f 3191/3191/3191 3182/3182/3182 3183/3183/3183
f 3191/3191/3191 3183/3183/3183 3193/3193/3193
f 2907/2907/2907 3162/3162/3162 3195/3195/3195
f 2907/2907/2907 3195/3195/3195 2931/2931/2931
f 3142/3142/3142 3194/3194/3194 3183/3183/3183
f 3194/3194/3194 3193/3193/3193 3183/3183/3183
f 3142/3142/3142 3141/3141/3141 3143/3143/3143
f 3142/3142/3142 3143/3143/3143 3194/3194/3194
f 3175/3175/3175 3197/3197/3197 3195/3195/3195
f 3175/3175/3175 3195/3195/3195 3162/3162/3162
f 3195/3195/3195 2932/2932/2932 2931/2931/2931
f 3196/3196/3196 2935/2935/2935 3195/3195/3195
f 2939/2939/2939 2937/2937/2937 2936/2936/2936
f 3197/3197/3197 3198/3198/3198 3196/3196/3196
f 3197/3197/3197 3196/3196/3196 3195/3195/3195
f 3198/3198/3198 3199/3199/3199 2936/2936/2936
f 3198/3198/3198 2936/2936/2936 3196/3196/3196
f 2941/2941/2941 2940/2940/2940 2939/2939/2939
f 2941/2941/2941 2939/2939/2939 3204/3204/3204
f 2939/2939/2939 2936/2936/2936 3199/3199/3199
f 3200/3200/3200 3197/3197/3197 3175/3175/3175
f 3201/3201/3201 3202/3202/3202 3198/3198/3198
f 3203/3203/3203 2939/2939/2939 3199/3199/3199
f 3206/3206/3206 3207/3207/3207 3202/3202/3202
f 3206/3206/3206 3202/3202/3202 3201/3201/3201
f 3200/3200/3200 3175/3175/3175 3184/3184/3184
f 3210/3210/3210 2974/2974/2974 2977/2977/2977
f 3210/3210/3210 2977/2977/2977 3212/3212/3212
f 3203/3203/3203 3199/3199/3199 3202/3202/3202
f 3187/3187/3187 3200/3200/3200 3184/3184/3184
f 3209/3209/3209 3203/3203/3203 3202/3202/3202
f 2975/2975/2975 2974/2974/2974 3210/3210/3210
f 2977/2977/2977 2976/2976/2976 3211/3211/3211
f 3220/3220/3220 3221/3221/3221 3002/3002/3002
f 3220/3220/3220 3002/3002/3002 2998/2998/2998
f 3211/3211/3211 2941/2941/2941 3214/3214/3214
f 3215/3215/3215 3212/3212/3212 3211/3211/3211
f 3213/3213/3213 3212/3212/3212 3216/3216/3216
f 3000/3000/3000 2999/2999/2999 3219/3219/3219
f 2998/2998/2998 3001/3001/3001 3220/3220/3220
f 3219/3219/3219 2999/2999/2999 3002/3002/3002
f 3219/3219/3219 3002/3002/3002 3222/3222/3222
f 3210/3210/3210 3223/3223/3223 3001/3001/3001
f 3210/3210/3210 3001/3001/3001 2975/2975/2975
f 3230/3230/3230 3227/3227/3227 3218/3218/3218
f 3230/3230/3230 3218/3218/3218 3232/3232/3232
f 3213/3213/3213 3223/3223/3223 3210/3210/3210
f 3222/3222/3222 3221/3221/3221 3224/3224/3224
f 3221/3221/3221 3220/3220/3220 3225/3225/3225
f 3221/3221/3221 3226/3226/3226 3224/3224/3224
f 3213/3213/3213 3227/3227/3227 3223/3223/3223
f 3227/3227/3227 3225/3225/3225 3223/3223/3223
f 3228/3228/3228 3226/3226/3226 3225/3225/3225
f 3218/3218/3218 3227/3227/3227 3216/3216/3216
f 3228/3228/3228 3227/3227/3227 3230/3230/3230
f 3219/3219/3219 3236/3236/3236 3028/3028/3028
f 3219/3219/3219 3028/3028/3028 3000/3000/3000
f 3233/3233/3233 3231/3231/3231 3229/3229/3229
f 3230/3230/3230 3232/3232/3232 3234/3234/3234
f 3235/3235/3235 3229/3229/3229 3230/3230/3230
f 3233/3233/3233 3229/3229/3229 3235/3235/3235
f 3239/3239/3239 3224/3224/3224 3241/3241/3241
f 3239/3239/3239 3241/3241/3241 3242/3242/3242
f 3029/3029/3029 3028/3028/3028 3236/3236/3236
f 3237/3237/3237 3238/3238/3238 3236/3236/3236
f 3237/3237/3237 3222/3222/3222 3224/3224/3224
f 3238/3238/3238 3237/3237/3237 3239/3239/3239
f 3241/3241/3241 3231/3231/3231 3246/3246/3246
f 3241/3241/3241 3246/3246/3246 3244/3244/3244
f 3242/3242/3242 3243/3243/3243 3239/3239/3239
f 3241/3241/3241 3226/3226/3226 3229/3229/3229
f 3244/3244/3244 3242/3242/3242 3241/3241/3241
f 3244/3244/3244 3243/3243/3243 3242/3242/3242
f 3231/3231/3231 3241/3241/3241 3229/3229/3229
f 3352/3352/3352 3251/3251/3251 3250/3250/3250
f 3352/3352/3352 3250/3250/3250 3249/3249/3249
f 3247/3247/3247 3245/3245/3245 3246/3246/3246
f 3250/3250/3250 3246/3246/3246 3231/3231/3231
f 3255/3255/3255 3186/3186/3186 3190/3190/3190
f 3255/3255/3255 3190/3190/3190 3257/3257/3257
f 3247/3247/3247 3250/3250/3250 3252/3252/3252
f 3248/3248/3248 3247/3247/3247 3253/3253/3253
f 3187/3187/3187 3186/3186/3186 3255/3255/3255
f 3190/3190/3190 3189/3189/3189 3256/3256/3256
f 3256/3256/3256 3189/3189/3189 3192/3192/3192
f 3256/3256/3256 3192/3192/3192 3259/3259/3259
f 3192/3192/3192 3191/3191/3191 3258/3258/3258
f 3258/3258/3258 3191/3191/3191 3193/3193/3193
f 3258/3258/3258 3193/3193/3193 3261/3261/3261
f 3260/3260/3260 3257/3257/3257 3256/3256/3256
f 3261/3261/3261 3193/3193/3193 3194/3194/3194
f 3261/3261/3261 3194/3194/3194 3263/3263/3263
f 3262/3262/3262 3259/3259/3259 3258/3258/3258
f 3263/3263/3263 3265/3265/3265 3266/3266/3266
f 3263/3263/3263 3266/3266/3266 3264/3264/3264
f 3264/3264/3264 3262/3262/3262 3261/3261/3261
f 3267/3267/3267 3257/3257/3257 3260/3260/3260
f 3267/3267/3267 3260/3260/3260 3269/3269/3269
f 3255/3255/3255 3257/3257/3257 3267/3267/3267
f 3260/3260/3260 3259/3259/3259 3268/3268/3268
f 3268/3268/3268 3259/3259/3259 3262/3262/3262
f 3268/3268/3268 3262/3262/3262 3270/3270/3270
f 3270/3270/3270 3262/3262/3262 3264/3264/3264
f 3270/3270/3270 3264/3264/3264 3273/3273/3273
f 3271/3271/3271 3269/3269/3269 3268/3268/3268
f 3270/3270/3270 3273/3273/3273 3274/3274/3274
f 3270/3270/3270 3274/3274/3274 3271/3271/3271
f 3276/3276/3276 3271/3271/3271 3274/3274/3274
f 3276/3276/3276 3274/3274/3274 3277/3277/3277
f 3266/3266/3266 3273/3273/3273 3264/3264/3264
f 3275/3275/3275 3274/3274/3274 3273/3273/3273
f 3272/3272/3272 3271/3271/3271 3276/3276/3276
f 3277/3277/3277 3274/3274/3274 3275/3275/3275
f 3277/3277/3277 3275/3275/3275 3278/3278/3278
f 3281/3281/3281 3282/3282/3282 3205/3205/3205
f 3281/3281/3281 3205/3205/3205 3208/3208/3208
f 3207/3207/3207 3206/3206/3206 3280/3280/3280
f 3208/3208/3208 3203/3203/3203 3281/3281/3281
f 3284/3284/3284 3288/3288/3288 3289/3289/3289
f 3284/3284/3284 3289/3289/3289 3209/3209/3209
f 3206/3206/3206 3187/3187/3187 3283/3283/3283
f 3284/3284/3284 3202/3202/3202 3207/3207/3207
f 3209/3209/3209 3202/3202/3202 3284/3284/3284
f 3285/3285/3285 3282/3282/3282 3281/3281/3281
f 3286/3286/3286 3283/3283/3283 3255/3255/3255
f 3287/3287/3287 3280/3280/3280 3283/3283/3283
f 3287/3287/3287 3284/3284/3284 3280/3280/3280
f 3287/3287/3287 3288/3288/3288 3284/3284/3284
f 3209/3209/3209 3289/3289/3289 3290/3290/3290
f 3209/3209/3209 3290/3290/3290 3285/3285/3285
f 3286/3286/3286 3267/3267/3267 3269/3269/3269
f 3286/3286/3286 3269/3269/3269 3295/3295/3295
f 3286/3286/3286 3255/3255/3255 3267/3267/3267
f 3292/3292/3292 3287/3287/3287 3286/3286/3286
f 3288/3288/3288 3287/3287/3287 3293/3293/3293
f 3289/3289/3289 3288/3288/3288 3296/3296/3296
f 3289/3289/3289 3296/3296/3296 3297/3297/3297
f 3289/3289/3289 3297/3297/3297 3298/3298/3298
f 3289/3289/3289 3298/3298/3298 3290/3290/3290
f 3290/3290/3290 3298/3298/3298 3299/3299/3299
f 3290/3290/3290 3299/3299/3299 3294/3294/3294
f 3295/3295/3295 3301/3301/3301 3293/3293/3293
f 3295/3295/3295 3293/3293/3293 3292/3292/3292
f 3272/3272/3272 3295/3295/3295 3269/3269/3269
f 3300/3300/3300 3299/3299/3299 3298/3298/3298
f 3303/3303/3303 3307/3307/3307 3308/3308/3308
f 3303/3303/3303 3308/3308/3308 3304/3304/3304
f 3301/3301/3301 3296/3296/3296 3293/3293/3293
f 3272/3272/3272 3302/3302/3302 3295/3295/3295
f 3303/3303/3303 3301/3301/3301 3295/3295/3295
f 3304/3304/3304 3305/3305/3305 3297/3297/3297
f 3305/3305/3305 3298/3298/3298 3297/3297/3297
f 3300/3300/3300 3298/3298/3298 3305/3305/3305
f 3306/3306/3306 3302/3302/3302 3276/3276/3276
f 3306/3306/3306 3303/3303/3303 3302/3302/3302
f 3304/3304/3304 3309/3309/3309 3310/3310/3310
f 3304/3304/3304 3310/3310/3310 3305/3305/3305
f 3308/3308/3308 3309/3309/3309 3304/3304/3304
f 3305/3305/3305 3311/3311/3311 3312/3312/3312
f 3305/3305/3305 3312/3312/3312 3300/3300/3300
f 3310/3310/3310 3311/3311/3311 3305/3305/3305
f 3276/3276/3276 3279/3279/3279 3313/3313/3313
f 3276/3276/3276 3313/3313/3313 3306/3306/3306
f 3316/3316/3316 3317/3317/3317 3307/3307/3307
f 3316/3316/3316 3307/3307/3307 3313/3313/3313
f 3309/3309/3309 3314/3314/3314 3310/3310/3310
f 3311/3311/3311 3315/3315/3315 3312/3312/3312
f 3308/3308/3308 3317/3317/3317 3314/3314/3314
f 3308/3308/3308 3314/3314/3314 3309/3309/3309
f 3317/3317/3317 3308/3308/3308 3307/3307/3307
f 3319/3319/3319 3318/3318/3318 3282/3282/3282
f 3319/3319/3319 3282/3282/3282 3321/3321/3321
f 3318/3318/3318 3215/3215/3215 3214/3214/3214
f 3282/3282/3282 3318/3318/3318 3205/3205/3205
f 3318/3318/3318 3319/3319/3319 3215/3215/3215
f 3320/3320/3320 3217/3217/3217 3215/3215/3215
f 3323/3323/3323 3325/3325/3325 3326/3326/3326
f 3323/3323/3323 3326/3326/3326 3324/3324/3324
f 3323/3323/3323 3320/3320/3320 3319/3319/3319
f 3291/3291/3291 3321/3321/3321 3285/3285/3285
f 3294/3294/3294 3322/3322/3322 3291/3291/3291
f 3320/3320/3320 3324/3324/3324 3217/3217/3217
f 3323/3323/3323 3321/3321/3321 3325/3325/3325
f 3299/3299/3299 3300/3300/3300 3331/3331/3331
f 3299/3299/3299 3331/3331/3331 3328/3328/3328
f 3334/3334/3334 3326/3326/3326 3325/3325/3325
f 3294/3294/3294 3329/3329/3329 3322/3322/3322
f 3329/3329/3329 3327/3327/3327 3322/3322/3322
f 3328/3328/3328 3331/3331/3331 3338/3338/3338
f 3328/3328/3328 3338/3338/3338 3330/3330/3330
f 3331/3331/3331 3300/3300/3300 3312/3312/3312
f 3331/3331/3331 3312/3312/3312 3332/3332/3332
f 3332/3332/3332 3312/3312/3312 3315/3315/3315
f 3332/3332/3332 3315/3315/3315 3333/3333/3333
f 3327/3327/3327 3336/3336/3336 3337/3337/3337
f 3327/3327/3327 3337/3337/3337 3335/3335/3335
f 3329/3329/3329 3336/3336/3336 3327/3327/3327
f 3336/3336/3336 3330/3330/3330 3345/3345/3345
f 3336/3336/3336 3345/3345/3345 3337/3337/3337
f 3338/3338/3338 3331/3331/3331 3332/3332/3332
f 3338/3338/3338 3332/3332/3332 3340/3340/3340
f 3340/3340/3340 3332/3332/3332 3333/3333/3333
f 3340/3340/3340 3333/3333/3333 3342/3342/3342
f 3340/3340/3340 3341/3341/3341 3338/3338/3338
f 3347/3347/3347 3341/3341/3341 3343/3343/3343
f 3347/3347/3347 3343/3343/3343 3348/3348/3348
f 3342/3342/3342 3341/3341/3341 3340/3340/3340
f 3347/3347/3347 3346/3346/3346 3339/3339/3339
f 3235/3235/3235 3350/3350/3350 3351/3351/3351
f 3235/3235/3235 3351/3351/3351 3233/3233/3233
f 3324/3324/3324 3232/3232/3232 3217/3217/3217
f 3234/3234/3234 3324/3324/3324 3349/3349/3349
f 3350/3350/3350 3235/3235/3235 3234/3234/3234
f 3349/3349/3349 3324/3324/3324 3326/3326/3326
f 3349/3349/3349 3326/3326/3326 3353/3353/3353
f 3349/3349/3349 3353/3353/3353 3360/3360/3360
f 3349/3349/3349 3360/3360/3360 3234/3234/3234
f 3234/3234/3234 3360/3360/3360 3354/3354/3354
f 3234/3234/3234 3354/3354/3354 3350/3350/3350
f 3334/3334/3334 3335/3335/3335 3355/3355/3355
f 3334/3334/3334 3355/3355/3355 3353/3353/3353
f 3357/3357/3357 3358/3358/3358 3351/3351/3351
f 3357/3357/3357 3351/3351/3351 3350/3350/3350
f 3337/3337/3337 3355/3355/3355 3335/3335/3335
f 3351/3351/3351 3358/3358/3358 3359/3359/3359
f 3351/3351/3351 3359/3359/3359 3352/3352/3352
f 3361/3361/3361 3362/3362/3362 3354/3354/3354
f 3361/3361/3361 3354/3354/3354 3360/3360/3360
f 3356/3356/3356 3350/3350/3350 3354/3354/3354
f 3356/3356/3356 3354/3354/3354 3362/3362/3362
f 3356/3356/3356 3362/3362/3362 3363/3363/3363
f 3356/3356/3356 3363/3363/3363 3357/3357/3357
f 3357/3357/3357 3363/3363/3363 3364/3364/3364
f 3357/3357/3357 3364/3364/3364 3358/3358/3358
f 3360/3360/3360 3353/3353/3353 3355/3355/3355
f 3360/3360/3360 3355/3355/3355 3366/3366/3366
f 3360/3360/3360 3366/3366/3366 3367/3367/3367
f 3360/3360/3360 3367/3367/3367 3361/3361/3361
f 3361/3361/3361 3367/3367/3367 3368/3368/3368
f 3361/3361/3361 3368/3368/3368 3362/3362/3362
f 3365/3365/3365 3344/3344/3344 3369/3369/3369
f 3365/3365/3365 3369/3369/3369 3366/3366/3366
f 3337/3337/3337 3344/3344/3344 3365/3365/3365
f 3366/3366/3366 3369/3369/3369 3370/3370/3370
f 3366/3366/3366 3370/3370/3370 3367/3367/3367
f 3369/3369/3369 3371/3371/3371 3372/3372/3372
f 3369/3369/3369 3372/3372/3372 3370/3370/3370
f 3371/3371/3371 3369/3369/3369 3344/3344/3344
f 3371/3371/3371 3373/3373/3373 3390/3390/3390
f 3371/3371/3371 3390/3390/3390 3372/3372/3372
f 3346/3346/3346 3373/3373/3373 3371/3371/3371
f 3373/3373/3373 3346/3346/3346 3347/3347/3347
f 3373/3373/3373 3347/3347/3347 3374/3374/3374
f 3347/3347/3347 3348/3348/3348 3375/3375/3375
f 3347/3347/3347 3375/3375/3375 3374/3374/3374
f 3376/3376/3376 3377/3377/3377 3359/3359/3359
f 3376/3376/3376 3359/3359/3359 3358/3358/3358
f 3378/3378/3378 3379/3379/3379 3363/3363/3363
f 3378/3378/3378 3363/3363/3363 3362/3362/3362
f 3379/3379/3379 3380/3380/3380 3364/3364/3364
f 3379/3379/3379 3364/3364/3364 3363/3363/3363
f 3376/3376/3376 3358/3358/3358 3364/3364/3364
f 3376/3376/3376 3364/3364/3364 3380/3380/3380
f 3381/3381/3381 3382/3382/3382 3368/3368/3368
f 3381/3381/3381 3368/3368/3368 3367/3367/3367
f 3378/3378/3378 3362/3362/3362 3368/3368/3368
f 3378/3378/3378 3368/3368/3368 3382/3382/3382
f 3381/3381/3381 3367/3367/3367 3370/3370/3370
f 3381/3381/3381 3370/3370/3370 3383/3383/3383
f 3381/3381/3381 3383/3383/3383 3384/3384/3384
f 3381/3381/3381 3384/3384/3384 3382/3382/3382
f 3383/3383/3383 3370/3370/3370 3372/3372/3372
f 3383/3383/3383 3372/3372/3372 3386/3386/3386
f 3383/3383/3383 3386/3386/3386 3387/3387/3387
f 3383/3383/3383 3387/3387/3387 3384/3384/3384
f 3385/3385/3385 3384/3384/3384 3387/3387/3387
f 3385/3385/3385 3387/3387/3387 3388/3388/3388
f 3386/3386/3386 3372/3372/3372 3390/3390/3390
f 3386/3386/3386 3390/3390/3390 3391/3391/3391
f 3386/3386/3386 3391/3391/3391 3392/3392/3392
f 3386/3386/3386 3392/3392/3392 3387/3387/3387
f 3388/3388/3388 3387/3387/3387 3392/3392/3392
f 3388/3388/3388 3392/3392/3392 3393/3393/3393
f 3389/3389/3389 3388/3388/3388 3393/3393/3393
f 3389/3389/3389 3393/3393/3393 3394/3394/3394
f 3390/3390/3390 3374/3374/3374 3395/3395/3395
f 3390/3390/3390 3395/3395/3395 3391/3391/3391
f 3393/3393/3393 3392/3392/3392 3395/3395/3395
f 3393/3393/3393 3395/3395/3395 3396/3396/3396
f 3398/3398/3398 3399/3399/3399 3377/3377/3377
f 3398/3398/3398 3377/3377/3377 3376/3376/3376
f 3396/3396/3396 3394/3394/3394 3393/3393/3393
f 3396/3396/3396 3397/3397/3397 3394/3394/3394
f 3375/3375/3375 3395/3395/3395 3374/3374/3374
f 3375/3375/3375 3396/3396/3396 3395/3395/3395
f 3400/3400/3400 3401/3401/3401 3379/3379/3379
f 3400/3400/3400 3379/3379/3379 3378/3378/3378
f 3378/3378/3378 3382/3382/3382 3402/3402/3402
f 3378/3378/3378 3402/3402/3402 3400/3400/3400
f 3380/3380/3380 3379/3379/3379 3401/3401/3401
f 3402/3402/3402 3382/3382/3382 3384/3384/3384
f 3402/3402/3402 3384/3384/3384 3403/3403/3403
f 3403/3403/3403 3384/3384/3384 3385/3385/3385
f 3403/3403/3403 3385/3385/3385 3404/3404/3404
f 3385/3385/3385 3388/3388/3388 3406/3406/3406
f 3385/3385/3385 3406/3406/3406 3404/3404/3404
f 3405/3405/3405 3404/3404/3404 3406/3406/3406
f 3405/3405/3405 3406/3406/3406 3407/3407/3407
f 3406/3406/3406 3388/3388/3388 3389/3389/3389
f 3406/3406/3406 3389/3389/3389 3407/3407/3407
f 3389/3389/3389 3394/3394/3394 3409/3409/3409
f 3389/3389/3389 3409/3409/3409 3407/3407/3407
f 3408/3408/3408 3407/3407/3407 3409/3409/3409
f 3408/3408/3408 3409/3409/3409 3410/3410/3410
f 3401/3401/3401 3411/3411/3411 3412/3412/3412
f 3401/3401/3401 3412/3412/3412 3380/3380/3380
f 3394/3394/3394 3410/3410/3410 3409/3409/3409
f 3412/3412/3412 3413/3413/3413 3398/3398/3398
f 3412/3412/3412 3398/3398/3398 3380/3380/3380
f 3400/3400/3400 3414/3414/3414 3415/3415/3415
f 3400/3400/3400 3415/3415/3415 3411/3411/3411
f 3398/3398/3398 3413/3413/3413 3399/3399/3399
f 3402/3402/3402 3414/3414/3414 3400/3400/3400
f 3402/3402/3402 3403/3403/3403 3416/3416/3416
f 3402/3402/3402 3416/3416/3416 3414/3414/3414
f 3415/3415/3415 3414/3414/3414 3416/3416/3416
f 3415/3415/3415 3416/3416/3416 3417/3417/3417
f 3416/3416/3416 3403/3403/3403 3404/3404/3404
f 3416/3416/3416 3404/3404/3404 3417/3417/3417
f 3417/3417/3417 3404/3404/3404 3405/3405/3405
f 3417/3417/3417 3405/3405/3405 3418/3418/3418
f 3405/3405/3405 3407/3407/3407 3419/3419/3419
f 3405/3405/3405 3419/3419/3419 3418/3418/3418
f 3419/3419/3419 3407/3407/3407 3408/3408/3408
f 3419/3419/3419 3408/3408/3408 3420/3420/3420
f 3352/3352/3352 3359/3359/3359 3421/3421/3421
f 3352/3352/3352 3421/3421/3421 3251/3251/3251
f 3352/3352/3352 3249/3249/3249 3233/3233/3233
f 3251/3251/3251 3421/3421/3421 3422/3422/3422
f 3251/3251/3251 3422/3422/3422 3252/3252/3252
f 3424/3424/3424 3425/3425/3425 3421/3421/3421
f 3424/3424/3424 3421/3421/3421 3359/3359/3359
f 3422/3422/3422 3423/3423/3423 3253/3253/3253
f 3425/3425/3425 3426/3426/3426 3422/3422/3422
f 3425/3425/3425 3422/3422/3422 3421/3421/3421
f 3427/3427/3427 3428/3428/3428 3423/3423/3423
f 3427/3427/3427 3423/3423/3423 3422/3422/3422
f 3429/3429/3429 3428/3428/3428 3430/3430/3430
f 3429/3429/3429 3430/3430/3430 3431/3431/3431
f 3433/3433/3433 3435/3435/3435 3436/3436/3436
f 3433/3433/3433 3436/3436/3436 3434/3434/3434
f 3435/3435/3435 3433/3433/3433 3432/3432/3432
f 3377/3377/3377 3399/3399/3399 3438/3438/3438
f 3377/3377/3377 3438/3438/3438 3424/3424/3424
f 3396/3396/3396 3437/3437/3437 3397/3397/3397
f 3437/3437/3437 3435/3435/3435 3397/3397/3397
f 3438/3438/3438 3439/3439/3439 3425/3425/3425
f 3438/3438/3438 3425/3425/3425 3424/3424/3424
f 3440/3440/3440 3441/3441/3441 3426/3426/3426
f 3440/3440/3440 3426/3426/3426 3425/3425/3425
f 3427/3427/3427 3442/3442/3442 3443/3443/3443
f 3427/3427/3427 3443/3443/3443 3428/3428/3428
f 3442/3442/3442 3427/3427/3427 3426/3426/3426
f 3443/3443/3443 3445/3445/3445 3430/3430/3430
f 3443/3443/3443 3430/3430/3430 3428/3428/3428
f 3447/3447/3447 3446/3446/3446 3410/3410/3410
f 3447/3447/3447 3410/3410/3410 3451/3451/3451
f 3445/3445/3445 3443/3443/3443 3444/3444/3444
f 3431/3431/3431 3430/3430/3430 3445/3445/3445
f 3451/3451/3451 3432/3432/3432 3433/3433/3433
f 3451/3451/3451 3433/3433/3433 3452/3452/3452
f 3451/3451/3451 3410/3410/3410 3432/3432/3432
f 3451/3451/3451 3452/3452/3452 3447/3447/3447
f 3448/3448/3448 3453/3453/3453 3454/3454/3454
f 3448/3448/3448 3454/3454/3454 3449/3449/3449
f 3452/3452/3452 3448/3448/3448 3447/3447/3447
f 3452/3452/3452 3453/3453/3453 3448/3448/3448
f 3434/3434/3434 3453/3453/3453 3452/3452/3452
f 3449/3449/3449 3455/3455/3455 3456/3456/3456
f 3449/3449/3449 3456/3456/3456 3450/3450/3450
f 3437/3437/3437 3457/3457/3457 3436/3436/3436
f 3437/3437/3437 3436/3436/3436 3435/3435/3435
f 3453/3453/3453 3434/3434/3434 3436/3436/3436
f 3453/3453/3453 3436/3436/3436 3458/3458/3458
f 3453/3453/3453 3458/3458/3458 3459/3459/3459
f 3453/3453/3453 3459/3459/3459 3454/3454/3454
f 3455/3455/3455 3459/3459/3459 3460/3460/3460
f 3455/3455/3455 3460/3460/3460 3456/3456/3456
f 3459/3459/3459 3455/3455/3455 3454/3454/3454
f 3459/3459/3459 3458/3458/3458 3457/3457/3457
f 3459/3459/3459 3457/3457/3457 3461/3461/3461
f 3459/3459/3459 3461/3461/3461 3462/3462/3462
f 3459/3459/3459 3462/3462/3462 3460/3460/3460
f 3420/3420/3420 3408/3408/3408 3446/3446/3446
f 3420/3420/3420 3446/3446/3446 3465/3465/3465
f 3463/3463/3463 3442/3442/3442 3441/3441/3441
f 3467/3467/3467 3448/3448/3448 3449/3449/3449
f 3467/3467/3467 3449/3449/3449 3468/3468/3468
f 3466/3466/3466 3465/3465/3465 3447/3447/3447
f 3467/3467/3467 3466/3466/3466 3448/3448/3448
f 3449/3449/3449 3450/3450/3450 3469/3469/3469
f 3449/3449/3449 3469/3469/3469 3468/3468/3468
f 3471/3471/3471 3472/3472/3472 3412/3412/3412
f 3471/3471/3471 3412/3412/3412 3411/3411/3411
f 3472/3472/3472 3473/3473/3473 3413/3413/3413
f 3472/3472/3472 3413/3413/3413 3412/3412/3412
f 3470/3470/3470 3399/3399/3399 3413/3413/3413
f 3470/3470/3470 3413/3413/3413 3473/3473/3473
f 3471/3471/3471 3411/3411/3411 3415/3415/3415
f 3471/3471/3471 3415/3415/3415 3474/3474/3474
f 3475/3475/3475 3418/3418/3418 3419/3419/3419
f 3475/3475/3475 3419/3419/3419 3476/3476/3476
f 3417/3417/3417 3474/3474/3474 3415/3415/3415
f 3471/3471/3471 3474/3474/3474 3478/3478/3478
f 3471/3471/3471 3478/3478/3478 3477/3477/3477
f 3420/3420/3420 3476/3476/3476 3419/3419/3419
f 3473/3473/3473 3472/3472/3472 3477/3477/3477
f 3478/3478/3478 3474/3474/3474 3479/3479/3479
f 3478/3478/3478 3479/3479/3479 3480/3480/3480
f 3479/3479/3479 3417/3417/3417 3418/3418/3418
f 3479/3479/3479 3418/3418/3418 3480/3480/3480
f 3475/3475/3475 3476/3476/3476 3484/3484/3484
f 3475/3475/3475 3484/3484/3484 3483/3483/3483
f 3478/3478/3478 3482/3482/3482 3477/3477/3477
f 3480/3480/3480 3482/3482/3482 3478/3478/3478
f 3475/3475/3475 3483/3483/3483 3480/3480/3480
f 3485/3485/3485 3486/3486/3486 3481/3481/3481
f 3485/3485/3485 3481/3481/3481 3477/3477/3477
f 3485/3485/3485 3482/3482/3482 3487/3487/3487
f 3485/3485/3485 3487/3487/3487 3486/3486/3486
f 3487/3487/3487 3482/3482/3482 3488/3488/3488
f 3487/3487/3487 3488/3488/3488 3489/3489/3489
f 3488/3488/3488 3480/3480/3480 3483/3483/3483
f 3488/3488/3488 3483/3483/3483 3489/3489/3489
f 3490/3490/3490 3486/3486/3486 3487/3487/3487
f 3490/3490/3490 3487/3487/3487 3491/3491/3491
f 3487/3487/3487 3489/3489/3489 3492/3492/3492
f 3487/3487/3487 3492/3492/3492 3491/3491/3491
f 3493/3493/3493 3491/3491/3491 3492/3492/3492
f 3493/3493/3493 3492/3492/3492 3494/3494/3494
f 3470/3470/3470 3495/3495/3495 3438/3438/3438
f 3470/3470/3470 3438/3438/3438 3399/3399/3399
f 3495/3495/3495 3496/3496/3496 3440/3440/3440
f 3495/3495/3495 3440/3440/3440 3439/3439/3439
f 3439/3439/3439 3438/3438/3438 3495/3495/3495
f 3497/3497/3497 3498/3498/3498 3444/3444/3444
f 3497/3497/3497 3444/3444/3444 3443/3443/3443
f 3441/3441/3441 3440/3440/3440 3496/3496/3496
f 3497/3497/3497 3443/3443/3443 3464/3464/3464
f 3420/3420/3420 3465/3465/3465 3499/3499/3499
f 3420/3420/3420 3499/3499/3499 3476/3476/3476
f 3466/3466/3466 3467/3467/3467 3502/3502/3502
f 3466/3466/3466 3502/3502/3502 3501/3501/3501
f 3500/3500/3500 3499/3499/3499 3465/3465/3465
f 3501/3501/3501 3500/3500/3500 3466/3466/3466
f 3502/3502/3502 3467/3467/3467 3468/3468/3468
f 3502/3502/3502 3468/3468/3468 3503/3503/3503
f 3468/3468/3468 3469/3469/3469 3504/3504/3504
f 3468/3468/3468 3504/3504/3504 3503/3503/3503
f 3441/3441/3441 3507/3507/3507 3508/3508/3508
f 3441/3441/3441 3508/3508/3508 3463/3463/3463
f 3496/3496/3496 3495/3495/3495 3506/3506/3506
f 3507/3507/3507 3441/3441/3441 3496/3496/3496
f 3470/3470/3470 3473/3473/3473 3510/3510/3510
f 3470/3470/3470 3510/3510/3510 3505/3505/3505
f 3508/3508/3508 3464/3464/3464 3463/3463/3463
f 3497/3497/3497 3464/3464/3464 3508/3508/3508
f 3513/3513/3513 3503/3503/3503 3504/3504/3504
f 3513/3513/3513 3504/3504/3504 3514/3514/3514
f 3500/3500/3500 3511/3511/3511 3499/3499/3499
f 3513/3513/3513 3512/3512/3512 3503/3503/3503
f 3515/3515/3515 3516/3516/3516 3509/3509/3509
f 3515/3515/3515 3509/3509/3509 3497/3497/3497
f 3507/3507/3507 3496/3496/3496 3506/3506/3506
f 3500/3500/3500 3501/3501/3501 3520/3520/3520
f 3500/3500/3500 3520/3520/3520 3519/3519/3519
f 3510/3510/3510 3473/3473/3473 3481/3481/3481
f 3511/3511/3511 3484/3484/3484 3499/3499/3499
f 3501/3501/3501 3502/3502/3502 3521/3521/3521
f 3501/3501/3501 3521/3521/3521 3520/3520/3520
f 3486/3486/3486 3525/3525/3525 3510/3510/3510
f 3486/3486/3486 3510/3510/3510 3481/3481/3481
f 3512/3512/3512 3521/3521/3521 3502/3502/3502
f 3506/3506/3506 3505/3505/3505 3522/3522/3522
f 3508/3508/3508 3507/3507/3507 3524/3524/3524
f 3526/3526/3526 3512/3512/3512 3513/3513/3513
f 3526/3526/3526 3513/3513/3513 3527/3527/3527
f 3517/3517/3517 3510/3510/3510 3525/3525/3525
f 3527/3527/3527 3513/3513/3513 3514/3514/3514
f 3527/3527/3527 3514/3514/3514 3528/3528/3528
f 3490/3490/3490 3532/3532/3532 3525/3525/3525
f 3490/3490/3490 3525/3525/3525 3486/3486/3486
f 3523/3523/3523 3506/3506/3506 3529/3529/3529
f 3530/3530/3530 3508/3508/3508 3524/3524/3524
f 3532/3532/3532 3533/3533/3533 3517/3517/3517
f 3532/3532/3532 3517/3517/3517 3525/3525/3525
f 3522/3522/3522 3533/3533/3533 3534/3534/3534
f 3522/3522/3522 3534/3534/3534 3529/3529/3529
f 3517/3517/3517 3533/3533/3533 3522/3522/3522
f 3490/3490/3490 3491/3491/3491 3535/3535/3535
f 3490/3490/3490 3535/3535/3535 3532/3532/3532
f 3492/3492/3492 3489/3489/3489 3518/3518/3518
f 3492/3492/3492 3518/3518/3518 3536/3536/3536
f 3518/3518/3518 3484/3484/3484 3538/3538/3538
f 3518/3518/3518 3538/3538/3538 3536/3536/3536
f 3538/3538/3538 3511/3511/3511 3519/3519/3519
f 3538/3538/3538 3519/3519/3519 3539/3539/3539
f 3519/3519/3519 3520/3520/3520 3540/3540/3540
f 3519/3519/3519 3540/3540/3540 3539/3539/3539
f 3520/3520/3520 3521/3521/3521 3541/3541/3541
f 3520/3520/3520 3541/3541/3541 3540/3540/3540
f 3529/3529/3529 3542/3542/3542 3524/3524/3524
f 3529/3529/3529 3524/3524/3524 3523/3523/3523
f 3542/3542/3542 3543/3543/3543 3530/3530/3530
f 3542/3542/3542 3530/3530/3530 3524/3524/3524
f 3544/3544/3544 3545/3545/3545 3533/3533/3533
f 3544/3544/3544 3533/3533/3533 3532/3532/3532
f 3493/3493/3493 3547/3547/3547 3535/3535/3535
f 3493/3493/3493 3535/3535/3535 3491/3491/3491
f 3534/3534/3534 3533/3533/3533 3545/3545/3545
f 3544/3544/3544 3532/3532/3532 3535/3535/3535
f 3544/3544/3544 3535/3535/3535 3547/3547/3547
f 3547/3547/3547 3493/3493/3493 3494/3494/3494
f 3547/3547/3547 3494/3494/3494 3548/3548/3548
f 3494/3494/3494 3492/3492/3492 3536/3536/3536
f 3494/3494/3494 3536/3536/3536 3548/3548/3548
f 3551/3551/3551 3521/3521/3521 3527/3527/3527
f 3551/3551/3551 3527/3527/3527 3552/3552/3552
f 3540/3540/3540 3550/3550/3550 3539/3539/3539
f 3521/3521/3521 3551/3551/3551 3541/3541/3541
f 3552/3552/3552 3527/3527/3527 3528/3528/3528
f 3552/3552/3552 3528/3528/3528 3553/3553/3553
f 3530/3530/3530 3555/3555/3555 3556/3556/3556
f 3530/3530/3530 3556/3556/3556 3531/3531/3531
f 3543/3543/3543 3542/3542/3542 3554/3554/3554
f 3557/3557/3557 3558/3558/3558 3545/3545/3545
f 3557/3557/3557 3545/3545/3545 3544/3544/3544
f 3558/3558/3558 3559/3559/3559 3534/3534/3534
f 3558/3558/3558 3534/3534/3534 3545/3545/3545
f 3529/3529/3529 3546/3546/3546 3560/3560/3560
f 3529/3529/3529 3560/3560/3560 3554/3554/3554
f 3546/3546/3546 3534/3534/3534 3559/3559/3559
f 3544/3544/3544 3547/3547/3547 3561/3561/3561
f 3544/3544/3544 3561/3561/3561 3557/3557/3557
f 3557/3557/3557 3561/3561/3561 3562/3562/3562
f 3557/3557/3557 3562/3562/3562 3558/3558/3558
f 3547/3547/3547 3548/3548/3548 3563/3563/3563
f 3547/3547/3547 3563/3563/3563 3561/3561/3561
f 3562/3562/3562 3561/3561/3561 3563/3563/3563
f 3562/3562/3562 3563/3563/3563 3564/3564/3564
f 3563/3563/3563 3548/3548/3548 3537/3537/3537
f 3563/3563/3563 3537/3537/3537 3564/3564/3564
f 3565/3565/3565 3540/3540/3540 3541/3541/3541
f 3565/3565/3565 3541/3541/3541 3566/3566/3566
f 3540/3540/3540 3565/3565/3565 3550/3550/3550
f 3567/3567/3567 3568/3568/3568 3559/3559/3559
f 3567/3567/3567 3559/3559/3559 3558/3558/3558
f 3555/3555/3555 3543/3543/3543 3554/3554/3554
f 3568/3568/3568 3569/3569/3569 3546/3546/3546
f 3568/3568/3568 3546/3546/3546 3559/3559/3559
f 3567/3567/3567 3558/3558/3558 3562/3562/3562
f 3567/3567/3567 3562/3562/3562 3571/3571/3571
f 3560/3560/3560 3546/3546/3546 3569/3569/3569
f 3567/3567/3567 3571/3571/3571 3572/3572/3572
f 3567/3567/3567 3572/3572/3572 3568/3568/3568
f 3562/3562/3562 3564/3564/3564 3573/3573/3573
f 3562/3562/3562 3573/3573/3573 3571/3571/3571
f 3573/3573/3573 3564/3564/3564 3549/3549/3549
f 3573/3573/3573 3549/3549/3549 3574/3574/3574
f 3549/3549/3549 3550/3550/3550 3576/3576/3576
f 3549/3549/3549 3576/3576/3576 3574/3574/3574
f 3577/3577/3577 3551/3551/3551 3552/3552/3552
f 3577/3577/3577 3552/3552/3552 3578/3578/3578
f 3551/3551/3551 3577/3577/3577 3566/3566/3566
f 3578/3578/3578 3552/3552/3552 3553/3553/3553
f 3578/3578/3578 3553/3553/3553 3579/3579/3579
f 3580/3580/3580 3581/3581/3581 3556/3556/3556
f 3580/3580/3580 3556/3556/3556 3555/3555/3555
f 3582/3582/3582 3583/3583/3583 3569/3569/3569
f 3582/3582/3582 3569/3569/3569 3568/3568/3568
f 3583/3583/3583 3584/3584/3584 3560/3560/3560
f 3583/3583/3583 3560/3560/3560 3569/3569/3569
f 3554/3554/3554 3570/3570/3570 3585/3585/3585
f 3554/3554/3554 3585/3585/3585 3580/3580/3580
f 3570/3570/3570 3560/3560/3560 3584/3584/3584
f 3586/3586/3586 3587/3587/3587 3572/3572/3572
f 3586/3586/3586 3572/3572/3572 3571/3571/3571
f 3582/3582/3582 3568/3568/3568 3572/3572/3572
f 3582/3582/3582 3572/3572/3572 3587/3587/3587
f 3582/3582/3582 3587/3587/3587 3588/3588/3588
f 3582/3582/3582 3588/3588/3588 3583/3583/3583
f 3571/3571/3571 3573/3573/3573 3589/3589/3589
f 3571/3571/3571 3589/3589/3589 3586/3586/3586
f 3587/3587/3587 3586/3586/3586 3589/3589/3589
f 3587/3587/3587 3589/3589/3589 3590/3590/3590
f 3589/3589/3589 3573/3573/3573 3574/3574/3574
f 3589/3589/3589 3574/3574/3574 3590/3590/3590
f 3594/3594/3594 3595/3595/3595 3584/3584/3584
f 3594/3594/3594 3584/3584/3584 3583/3583/3583
f 3578/3578/3578 3593/3593/3593 3577/3577/3577
f 3595/3595/3595 3596/3596/3596 3570/3570/3570
f 3595/3595/3595 3570/3570/3570 3584/3584/3584
f 3580/3580/3580 3585/3585/3585 3597/3597/3597
f 3580/3580/3580 3597/3597/3597 3581/3581/3581
f 3585/3585/3585 3570/3570/3570 3596/3596/3596
f 3598/3598/3598 3599/3599/3599 3588/3588/3588
f 3598/3598/3598 3588/3588/3588 3587/3587/3587
f 3594/3594/3594 3583/3583/3583 3588/3588/3588
f 3594/3594/3594 3588/3588/3588 3599/3599/3599
f 3598/3598/3598 3587/3587/3587 3590/3590/3590
f 3598/3598/3598 3590/3590/3590 3600/3600/3600
f 3599/3599/3599 3598/3598/3598 3600/3600/3600
f 3599/3599/3599 3600/3600/3600 3601/3601/3601
f 3600/3600/3600 3590/3590/3590 3575/3575/3575
f 3600/3600/3600 3575/3575/3575 3601/3601/3601
f 3602/3602/3602 3591/3591/3591 3604/3604/3604
f 3602/3602/3602 3604/3604/3604 3605/3605/3605
f 3604/3604/3604 3592/3592/3592 3577/3577/3577
f 3604/3604/3604 3577/3577/3577 3605/3605/3605
f 3606/3606/3606 3607/3607/3607 3595/3595/3595
f 3606/3606/3606 3595/3595/3595 3594/3594/3594
f 3607/3607/3607 3608/3608/3608 3596/3596/3596
f 3607/3607/3607 3596/3596/3596 3595/3595/3595
f 3596/3596/3596 3608/3608/3608 3609/3609/3609
f 3596/3596/3596 3609/3609/3609 3585/3585/3585
f 3609/3609/3609 3610/3610/3610 3597/3597/3597
f 3609/3609/3609 3597/3597/3597 3585/3585/3585
f 3594/3594/3594 3599/3599/3599 3611/3611/3611
f 3594/3594/3594 3611/3611/3611 3606/3606/3606
f 3607/3607/3607 3606/3606/3606 3611/3611/3611
f 3607/3607/3607 3611/3611/3611 3612/3612/3612
f 3607/3607/3607 3612/3612/3612 3613/3613/3613
f 3607/3607/3607 3613/3613/3613 3608/3608/3608
f 3599/3599/3599 3601/3601/3601 3614/3614/3614
f 3599/3599/3599 3614/3614/3614 3611/3611/3611
f 3612/3612/3612 3611/3611/3611 3614/3614/3614
f 3612/3612/3612 3614/3614/3614 3615/3615/3615
f 3614/3614/3614 3601/3601/3601 3591/3591/3591
f 3614/3614/3614 3591/3591/3591 3615/3615/3615
f 3615/3615/3615 3591/3591/3591 3602/3602/3602
f 3615/3615/3615 3602/3602/3602 3616/3616/3616
f 3619/3619/3619 3620/3620/3620 3609/3609/3609
f 3619/3619/3619 3609/3609/3609 3608/3608/3608
f 3620/3620/3620 3621/3621/3621 3610/3610/3610
f 3620/3620/3620 3610/3610/3610 3609/3609/3609
f 3622/3622/3622 3623/3623/3623 3613/3613/3613
f 3622/3622/3622 3613/3613/3613 3612/3612/3612
f 3619/3619/3619 3608/3608/3608 3613/3613/3613
f 3619/3619/3619 3613/3613/3613 3623/3623/3623
f 3619/3619/3619 3623/3623/3623 3624/3624/3624
f 3619/3619/3619 3624/3624/3624 3620/3620/3620
f 3612/3612/3612 3615/3615/3615 3625/3625/3625
f 3612/3612/3612 3625/3625/3625 3622/3622/3622
f 3622/3622/3622 3625/3625/3625 3626/3626/3626
f 3622/3622/3622 3626/3626/3626 3623/3623/3623
f 3625/3625/3625 3615/3615/3615 3616/3616/3616
f 3625/3625/3625 3616/3616/3616 3626/3626/3626
f 3626/3626/3626 3616/3616/3616 3603/3603/3603
f 3626/3626/3626 3603/3603/3603 3627/3627/3627
f 3627/3627/3627 3603/3603/3603 3617/3617/3617
f 3627/3627/3627 3617/3617/3617 3628/3628/3628
f 3617/3617/3617 3618/3618/3618 3629/3629/3629
f 3617/3617/3617 3629/3629/3629 3628/3628/3628
f 3630/3630/3630 3631/3631/3631 3621/3621/3621
f 3630/3630/3630 3621/3621/3621 3620/3620/3620
f 3632/3632/3632 3633/3633/3633 3624/3624/3624
f 3632/3632/3632 3624/3624/3624 3623/3623/3623
f 3630/3630/3630 3620/3620/3620 3624/3624/3624
f 3630/3630/3630 3624/3624/3624 3633/3633/3633
f 3630/3630/3630 3633/3633/3633 3634/3634/3634
f 3630/3630/3630 3634/3634/3634 3631/3631/3631
f 3623/3623/3623 3626/3626/3626 3635/3635/3635
f 3623/3623/3623 3635/3635/3635 3632/3632/3632
f 3632/3632/3632 3635/3635/3635 3636/3636/3636
f 3632/3632/3632 3636/3636/3636 3633/3633/3633
f 3635/3635/3635 3626/3626/3626 3627/3627/3627
f 3635/3635/3635 3627/3627/3627 3636/3636/3636
f 3637/3637/3637 3631/3631/3631 3634/3634/3634
f 3637/3637/3637 3634/3634/3634 3638/3638/3638
f 3634/3634/3634 3636/3636/3636 3639/3639/3639
f 3634/3634/3634 3639/3639/3639 3638/3638/3638
f 3006/3006/3006 3640/3640/3640 1291/1291/1291
f 3006/3006/3006 1291/1291/1291 1290/1290/1290
f 1290/1290/1290 581/581/581 3006/3006/3006
f 3640/3640/3640 3641/3641/3641 1292/1292/1292
f 3640/3640/3640 1292/1292/1292 1291/1291/1291
f 3009/3009/3009 3011/3011/3011 3644/3644/3644
f 3009/3009/3009 3644/3644/3644 3642/3642/3642
f 3642/3642/3642 3640/3640/3640 3006/3006/3006
f 3643/3643/3643 3641/3641/3641 3640/3640/3640
f 3644/3644/3644 3646/3646/3646 3647/3647/3647
f 3644/3644/3644 3647/3647/3647 3643/3643/3643
f 3013/3013/3013 3645/3645/3645 3011/3011/3011
f 3645/3645/3645 3644/3644/3644 3011/3011/3011
f 3645/3645/3645 3646/3646/3646 3644/3644/3644
f 3015/3015/3015 3648/3648/3648 3645/3645/3645
f 3015/3015/3015 3645/3645/3645 3013/3013/3013
f 3645/3645/3645 3648/3648/3648 3649/3649/3649
f 3645/3645/3645 3649/3649/3649 3646/3646/3646
f 3018/3018/3018 3021/3021/3021 3652/3652/3652
f 3018/3018/3018 3652/3652/3652 3650/3650/3650
f 3649/3649/3649 3647/3647/3647 3646/3646/3646
f 3648/3648/3648 3015/3015/3015 3018/3018/3018
f 3650/3650/3650 3649/3649/3649 3648/3648/3648
f 3650/3650/3650 3652/3652/3652 3653/3653/3653
f 3650/3650/3650 3653/3653/3653 3651/3651/3651
f 3021/3021/3021 3023/3023/3023 3654/3654/3654
f 3021/3021/3021 3654/3654/3654 3652/3652/3652
f 3653/3653/3653 3652/3652/3652 3654/3654/3654
f 3653/3653/3653 3654/3654/3654 3655/3655/3655
f 1292/1292/1292 3641/3641/3641 3663/3663/3663
f 1292/1292/1292 3663/3663/3663 1317/1317/1317
f 3656/3656/3656 3654/3654/3654 3023/3023/3023
f 3655/3655/3655 3654/3654/3654 3657/3657/3657
f 3027/3027/3027 3656/3656/3656 3025/3025/3025
f 3658/3658/3658 3657/3657/3657 3656/3656/3656
f 3660/3660/3660 3658/3658/3658 3027/3027/3027
f 3661/3661/3661 3662/3662/3662 3659/3659/3659
f 3663/3663/3663 3664/3664/3664 1318/1318/1318
f 3663/3663/3663 1318/1318/1318 1317/1317/1317
f 3664/3664/3664 3665/3665/3665 1319/1319/1319
f 3664/3664/3664 1319/1319/1319 1318/1318/1318
f 3664/3664/3664 3667/3667/3667 3668/3668/3668
f 3664/3664/3664 3668/3668/3668 3665/3665/3665
f 3663/3663/3663 3641/3641/3641 3643/3643/3643
f 3667/3667/3667 3664/3664/3664 3663/3663/3663
f 3666/3666/3666 3669/3669/3669 3670/3670/3670
f 3666/3666/3666 3670/3670/3670 3667/3667/3667
f 3666/3666/3666 3643/3643/3643 3647/3647/3647
f 3670/3670/3670 3671/3671/3671 3668/3668/3668
f 3670/3670/3670 3668/3668/3668 3667/3667/3667
f 3649/3649/3649 3651/3651/3651 3675/3675/3675
f 3649/3649/3649 3675/3675/3675 3672/3672/3672
f 3669/3669/3669 3647/3647/3647 3672/3672/3672
f 3673/3673/3673 3670/3670/3670 3669/3669/3669
f 3674/3674/3674 3671/3671/3671 3670/3670/3670
f 3680/3680/3680 3682/3682/3682 3678/3678/3678
f 3680/3680/3680 3678/3678/3678 3677/3677/3677
f 3653/3653/3653 3676/3676/3676 3675/3675/3675
f 3676/3676/3676 3673/3673/3673 3675/3675/3675
f 3674/3674/3674 3673/3673/3673 3677/3677/3677
f 3679/3679/3679 3676/3676/3676 3653/3653/3653
f 3680/3680/3680 3677/3677/3677 3676/3676/3676
f 3681/3681/3681 3682/3682/3682 3680/3680/3680
f 3683/3683/3683 3684/3684/3684 3681/3681/3681
f 3683/3683/3683 3681/3681/3681 3679/3679/3679
f 3683/3683/3683 3679/3679/3679 3655/3655/3655
f 3659/3659/3659 3684/3684/3684 3683/3683/3683
f 3681/3681/3681 3685/3685/3685 3686/3686/3686
f 3681/3681/3681 3686/3686/3686 3682/3682/3682
f 3662/3662/3662 3688/3688/3688 3684/3684/3684
f 3662/3662/3662 3684/3684/3684 3659/3659/3659
f 3688/3688/3688 3689/3689/3689 3690/3690/3690
f 3688/3688/3688 3690/3690/3690 3685/3685/3685
f 3665/3665/3665 3693/3693/3693 1352/1352/1352
f 3665/3665/3665 1352/1352/1352 1319/1319/1319
f 3690/3690/3690 3691/3691/3691 3685/3685/3685
f 3694/3694/3694 3697/3697/3697 3698/3698/3698
f 3694/3694/3694 3698/3698/3698 3695/3695/3695
f 3693/3693/3693 1353/1353/1353 1352/1352/1352
f 3696/3696/3696 3693/3693/3693 3665/3665/3665
f 3697/3697/3697 3694/3694/3694 3693/3693/3693
f 3668/3668/3668 3671/3671/3671 3699/3699/3699
f 3668/3668/3668 3699/3699/3699 3696/3696/3696
f 3696/3696/3696 3699/3699/3699 3700/3700/3700
f 3696/3696/3696 3700/3700/3700 3697/3697/3697
f 3699/3699/3699 3702/3702/3702 3703/3703/3703
f 3699/3699/3699 3703/3703/3703 3700/3700/3700
f 3701/3701/3701 3698/3698/3698 3697/3697/3697
f 3674/3674/3674 3699/3699/3699 3671/3671/3671
f 3700/3700/3700 3703/3703/3703 3705/3705/3705
f 3700/3700/3700 3705/3705/3705 3701/3701/3701
f 3677/3677/3677 3678/3678/3678 3702/3702/3702
f 3677/3677/3677 3702/3702/3702 3674/3674/3674
f 3733/3733/3733 3701/3701/3701 3705/3705/3705
f 3703/3703/3703 3707/3707/3707 3708/3708/3708
f 3703/3703/3703 3708/3708/3708 3705/3705/3705
f 3704/3704/3704 3702/3702/3702 3706/3706/3706
f 3707/3707/3707 3703/3703/3703 3704/3704/3704
f 3678/3678/3678 3682/3682/3682 3710/3710/3710
f 3678/3678/3678 3710/3710/3710 3706/3706/3706
f 3712/3712/3712 3709/3709/3709 3708/3708/3708
f 3710/3710/3710 3711/3711/3711 3712/3712/3712
f 3710/3710/3710 3712/3712/3712 3707/3707/3707
f 3712/3712/3712 3714/3714/3714 3715/3715/3715
f 3712/3712/3712 3715/3715/3715 3709/3709/3709
f 3713/3713/3713 3714/3714/3714 3712/3712/3712
f 3687/3687/3687 3691/3691/3691 3720/3720/3720
f 3687/3687/3687 3720/3720/3720 3686/3686/3686
f 3711/3711/3711 3682/3682/3682 3686/3686/3686
f 3720/3720/3720 3713/3713/3713 3716/3716/3716
f 3713/3713/3713 3711/3711/3711 3716/3716/3716
f 3717/3717/3717 3714/3714/3714 3713/3713/3713
f 3722/3722/3722 3718/3718/3718 3717/3717/3717
f 3720/3720/3720 3721/3721/3721 3722/3722/3722
f 3720/3720/3720 3722/3722/3722 3713/3713/3713
f 3720/3720/3720 3716/3716/3716 3686/3686/3686
f 3692/3692/3692 3721/3721/3721 3720/3720/3720
f 3724/3724/3724 3726/3726/3726 3719/3719/3719
f 3724/3724/3724 3719/3719/3719 3718/3718/3718
f 3724/3724/3724 3718/3718/3718 3722/3722/3722
f 3725/3725/3725 3726/3726/3726 3724/3724/3724
f 3728/3728/3728 3729/3729/3729 1376/1376/1376
f 3728/3728/3728 1376/1376/1376 1375/1375/1375
f 1373/1373/1373 1353/1353/1353 3695/3695/3695
f 3695/3695/3695 1374/1374/1374 1373/1373/1373
f 1375/1375/1375 1374/1374/1374 3727/3727/3727
f 3730/3730/3730 3731/3731/3731 3728/3728/3728
f 3730/3730/3730 3728/3728/3728 3727/3727/3727
f 3733/3733/3733 3730/3730/3730 3698/3698/3698
f 3730/3730/3730 3727/3727/3727 3695/3695/3695
f 3733/3733/3733 3737/3737/3737 3738/3738/3738
f 3733/3733/3733 3738/3738/3738 3734/3734/3734
f 3729/3729/3729 3728/3728/3728 3731/3731/3731
f 3738/3738/3738 3735/3735/3735 3734/3734/3734
f 3735/3735/3735 3731/3731/3731 3730/3730/3730
f 3736/3736/3736 3732/3732/3732 3731/3731/3731
f 3735/3735/3735 3740/3740/3740 3741/3741/3741
f 3735/3735/3735 3741/3741/3741 3736/3736/3736
f 3737/3737/3737 3739/3739/3739 3738/3738/3738
f 3739/3739/3739 3735/3735/3735 3738/3738/3738
f 3737/3737/3737 3709/3709/3709 3742/3742/3742
f 3737/3737/3737 3742/3742/3742 3739/3739/3739
f 3709/3709/3709 3737/3737/3737 3705/3705/3705
f 3717/3717/3717 3718/3718/3718 3746/3746/3746
f 3717/3717/3717 3746/3746/3746 3715/3715/3715
f 3740/3740/3740 3739/3739/3739 3742/3742/3742
f 3743/3743/3743 3741/3741/3741 3740/3740/3740
f 3744/3744/3744 3742/3742/3742 3709/3709/3709
f 3745/3745/3745 3743/3743/3743 3742/3742/3742
f 1376/1376/1376 3729/3729/3729 3748/3748/3748
f 1376/1376/1376 3748/3748/3748 1409/1409/1409
f 3746/3746/3746 3744/3744/3744 3715/3715/3715
f 3729/3729/3729 3732/3732/3732 3749/3749/3749
f 3729/3729/3729 3749/3749/3749 3748/3748/3748
f 3732/3732/3732 3736/3736/3736 3750/3750/3750
f 3732/3732/3732 3750/3750/3750 3749/3749/3749
f 3743/3743/3743 3754/3754/3754 3755/3755/3755
f 3743/3743/3743 3755/3755/3755 3751/3751/3751
f 3743/3743/3743 3751/3751/3751 3741/3741/3741
f 3751/3751/3751 3750/3750/3750 3736/3736/3736
f 3755/3755/3755 3752/3752/3752 3751/3751/3751
f 3755/3755/3755 3754/3754/3754 3759/3759/3759
f 3755/3755/3755 3759/3759/3759 3756/3756/3756
f 3756/3756/3756 3757/3757/3757 3753/3753/3753
f 3756/3756/3756 3753/3753/3753 3752/3752/3752
f 3756/3756/3756 3752/3752/3752 3755/3755/3755
f 3761/3761/3761 3757/3757/3757 3756/3756/3756
f 3745/3745/3745 3759/3759/3759 3754/3754/3754
f 3745/3745/3745 3754/3754/3754 3743/3743/3743
f 3758/3758/3758 3759/3759/3759 3745/3745/3745
f 3759/3759/3759 3760/3760/3760 3761/3761/3761
f 3759/3759/3759 3761/3761/3761 3756/3756/3756
f 3761/3761/3761 3760/3760/3760 3766/3766/3766
f 3761/3761/3761 3766/3766/3766 3762/3762/3762
f 3719/3719/3719 3764/3764/3764 3758/3758/3758
f 3719/3719/3719 3758/3758/3758 3744/3744/3744
f 3762/3762/3762 3757/3757/3757 3761/3761/3761
f 3768/3768/3768 3763/3763/3763 3762/3762/3762
f 3758/3758/3758 3766/3766/3766 3760/3760/3760
f 3758/3758/3758 3760/3760/3760 3759/3759/3759
f 3765/3765/3765 3766/3766/3766 3758/3758/3758
f 3766/3766/3766 3767/3767/3767 3768/3768/3768
f 3766/3766/3766 3768/3768/3768 3762/3762/3762
f 3768/3768/3768 3769/3769/3769 3770/3770/3770
f 3768/3768/3768 3770/3770/3770 3763/3763/3763
f 3770/3770/3770 3769/3769/3769 3771/3771/3771
f 3770/3770/3770 3771/3771/3771 3772/3772/3772
f 3726/3726/3726 3747/3747/3747 3764/3764/3764
f 3726/3726/3726 3764/3764/3764 3719/3719/3719
f 3747/3747/3747 3777/3777/3777 3765/3765/3765
f 3747/3747/3747 3765/3765/3765 3764/3764/3764
f 3776/3776/3776 3777/3777/3777 3747/3747/3747
f 3777/3777/3777 3779/3779/3779 3767/3767/3767
f 3777/3777/3777 3767/3767/3767 3766/3766/3766
f 3777/3777/3777 3766/3766/3766 3765/3765/3765
f 3778/3778/3778 3779/3779/3779 3777/3777/3777
f 3779/3779/3779 3778/3778/3778 4091/4091/4091
f 3779/3779/3779 4091/4091/4091 3780/3780/3780
f 3779/3779/3779 3781/3781/3781 3769/3769/3769
f 3779/3779/3779 3769/3769/3769 3767/3767/3767
f 3780/3780/3780 3781/3781/3781 3779/3779/3779
f 3785/3785/3785 3784/3784/3784 3786/3786/3786
f 3785/3785/3785 3786/3786/3786 3787/3787/3787
f 3782/3782/3782 3771/3771/3771 3781/3781/3781
f 3771/3771/3771 3769/3769/3769 3781/3781/3781
f 3784/3784/3784 3785/3785/3785 3783/3783/3783
f 3785/3785/3785 3787/3787/3787 3775/3775/3775
f 3785/3785/3785 3775/3775/3775 3774/3774/3774
f 1409/1409/1409 3748/3748/3748 3788/3788/3788
f 1409/1409/1409 3788/3788/3788 1479/1479/1479
f 1479/1479/1479 3788/3788/3788 3789/3789/3789
f 1479/1479/1479 3789/3789/3789 1480/1480/1480
f 3789/3789/3789 3790/3790/3790 1481/1481/1481
f 3789/3789/3789 1481/1481/1481 1480/1480/1480
f 3790/3790/3790 3791/3791/3791 1482/1482/1482
f 3790/3790/3790 1482/1482/1482 1481/1481/1481
f 3748/3748/3748 3749/3749/3749 3793/3793/3793
f 3748/3748/3748 3793/3793/3793 3788/3788/3788
f 3791/3791/3791 1483/1483/1483 1482/1482/1482
f 3792/3792/3792 1484/1484/1484 1483/1483/1483
f 3788/3788/3788 3793/3793/3793 3794/3794/3794
f 3788/3788/3788 3794/3794/3794 3789/3789/3789
f 3749/3749/3749 3750/3750/3750 3799/3799/3799
f 3749/3749/3749 3799/3799/3799 3793/3793/3793
f 3795/3795/3795 3790/3790/3790 3794/3794/3794
f 3795/3795/3795 3791/3791/3791 3790/3790/3790
f 3796/3796/3796 3792/3792/3792 3791/3791/3791
f 3799/3799/3799 3800/3800/3800 3801/3801/3801
f 3799/3799/3799 3801/3801/3801 3794/3794/3794
f 3750/3750/3750 3800/3800/3800 3799/3799/3799
f 3803/3803/3803 3805/3805/3805 3798/3798/3798
f 3803/3803/3803 3798/3798/3798 3797/3797/3797
f 3795/3795/3795 3794/3794/3794 3801/3801/3801
f 3796/3796/3796 3795/3795/3795 3802/3802/3802
f 3803/3803/3803 3797/3797/3797 3796/3796/3796
f 3804/3804/3804 3805/3805/3805 3803/3803/3803
f 3750/3750/3750 3752/3752/3752 3806/3806/3806
f 3750/3750/3750 3806/3806/3806 3800/3800/3800
f 3800/3800/3800 3806/3806/3806 3807/3807/3807
f 3800/3800/3800 3807/3807/3807 3801/3801/3801
f 3801/3801/3801 3807/3807/3807 3808/3808/3808
f 3801/3801/3801 3808/3808/3808 3802/3802/3802
f 3806/3806/3806 3752/3752/3752 3753/3753/3753
f 3806/3806/3806 3753/3753/3753 3809/3809/3809
f 3807/3807/3807 3806/3806/3806 3809/3809/3809
f 3807/3807/3807 3809/3809/3809 3810/3810/3810
f 3808/3808/3808 3811/3811/3811 3804/3804/3804
f 3808/3808/3808 3804/3804/3804 3802/3802/3802
f 3810/3810/3810 3811/3811/3811 3808/3808/3808
f 3804/3804/3804 3812/3812/3812 3813/3813/3813
f 3804/3804/3804 3813/3813/3813 3805/3805/3805
f 3813/3813/3813 3812/3812/3812 3814/3814/3814
f 3813/3813/3813 3814/3814/3814 3815/3815/3815
f 3753/3753/3753 3757/3757/3757 3816/3816/3816
f 3753/3753/3753 3816/3816/3816 3809/3809/3809
f 3809/3809/3809 3816/3816/3816 3817/3817/3817
f 3809/3809/3809 3817/3817/3817 3810/3810/3810
f 3810/3810/3810 3817/3817/3817 3818/3818/3818
f 3810/3810/3810 3818/3818/3818 3811/3811/3811
f 3817/3817/3817 3816/3816/3816 3819/3819/3819
f 3817/3817/3817 3819/3819/3819 3820/3820/3820
f 3818/3818/3818 3812/3812/3812 3811/3811/3811
f 3757/3757/3757 3819/3819/3819 3816/3816/3816
f 3814/3814/3814 3818/3818/3818 3822/3822/3822
f 3814/3814/3814 3822/3822/3822 3815/3815/3815
f 3820/3820/3820 3821/3821/3821 3817/3817/3817
f 3814/3814/3814 3812/3812/3812 3818/3818/3818
f 3757/3757/3757 3763/3763/3763 3824/3824/3824
f 3757/3757/3757 3824/3824/3824 3819/3819/3819
f 3819/3819/3819 3824/3824/3824 3825/3825/3825
f 3819/3819/3819 3825/3825/3825 3820/3820/3820
f 3820/3820/3820 3825/3825/3825 3826/3826/3826
f 3820/3820/3820 3826/3826/3826 3821/3821/3821
f 3824/3824/3824 3763/3763/3763 3770/3770/3770
f 3824/3824/3824 3770/3770/3770 3827/3827/3827
f 3825/3825/3825 3824/3824/3824 3827/3827/3827
f 3825/3825/3825 3827/3827/3827 3828/3828/3828
f 3826/3826/3826 3830/3830/3830 3823/3823/3823
f 3826/3826/3826 3823/3823/3823 3821/3821/3821
f 3828/3828/3828 3829/3829/3829 3825/3825/3825
f 3829/3829/3829 3830/3830/3830 3826/3826/3826
f 3823/3823/3823 3831/3831/3831 3832/3832/3832
f 3823/3823/3823 3832/3832/3832 3822/3822/3822
f 3829/3829/3829 3833/3833/3833 3834/3834/3834
f 3829/3829/3829 3834/3834/3834 3830/3830/3830
f 3831/3831/3831 3830/3830/3830 3835/3835/3835
f 3831/3831/3831 3835/3835/3835 3836/3836/3836
f 3834/3834/3834 3835/3835/3835 3830/3830/3830
f 3831/3831/3831 3836/3836/3836 3837/3837/3837
f 3831/3831/3831 3837/3837/3837 3832/3832/3832
f 3827/3827/3827 3772/3772/3772 3773/3773/3773
f 3827/3827/3827 3773/3773/3773 3838/3838/3838
f 3827/3827/3827 3838/3838/3838 3839/3839/3839
f 3827/3827/3827 3839/3839/3839 3828/3828/3828
f 3828/3828/3828 3839/3839/3839 3840/3840/3840
f 3828/3828/3828 3840/3840/3840 3829/3829/3829
f 3829/3829/3829 3840/3840/3840 3841/3841/3841
f 3829/3829/3829 3841/3841/3841 3833/3833/3833
f 3833/3833/3833 3841/3841/3841 3842/3842/3842
f 3833/3833/3833 3842/3842/3842 3834/3834/3834
f 3834/3834/3834 3842/3842/3842 3843/3843/3843
f 3834/3834/3834 3843/3843/3843 3835/3835/3835
f 3843/3843/3843 3844/3844/3844 3836/3836/3836
f 3843/3843/3843 3836/3836/3836 3835/3835/3835
f 3836/3836/3836 3844/3844/3844 3845/3845/3845
f 3836/3836/3836 3845/3845/3845 3837/3837/3837
f 3838/3838/3838 3773/3773/3773 3774/3774/3774
f 3838/3838/3838 3774/3774/3774 3846/3846/3846
f 3839/3839/3839 3838/3838/3838 3846/3846/3846
f 3839/3839/3839 3846/3846/3846 3847/3847/3847
f 3840/3840/3840 3839/3839/3839 3847/3847/3847
f 3840/3840/3840 3847/3847/3847 3848/3848/3848
f 3840/3840/3840 3848/3848/3848 3849/3849/3849
f 3840/3840/3840 3849/3849/3849 3841/3841/3841
f 3841/3841/3841 3849/3849/3849 3850/3850/3850
f 3841/3841/3841 3850/3850/3850 3842/3842/3842
f 3842/3842/3842 3850/3850/3850 3851/3851/3851
f 3842/3842/3842 3851/3851/3851 3843/3843/3843
f 3843/3843/3843 3851/3851/3851 3852/3852/3852
f 3843/3843/3843 3852/3852/3852 3844/3844/3844
f 3846/3846/3846 3774/3774/3774 3775/3775/3775
f 3846/3846/3846 3775/3775/3775 3853/3853/3853
f 3847/3847/3847 3846/3846/3846 3853/3853/3853
f 3847/3847/3847 3853/3853/3853 3854/3854/3854
f 3848/3848/3848 3847/3847/3847 3854/3854/3854
f 3848/3848/3848 3854/3854/3854 3855/3855/3855
f 3848/3848/3848 3855/3855/3855 3856/3856/3856
f 3848/3848/3848 3856/3856/3856 3849/3849/3849
f 3849/3849/3849 3856/3856/3856 3857/3857/3857
f 3849/3849/3849 3857/3857/3857 3850/3850/3850
f 3859/3859/3859 3860/3860/3860 3845/3845/3845
f 3859/3859/3859 3845/3845/3845 3844/3844/3844
f 3862/3862/3862 3863/3863/3863 3851/3851/3851
f 3862/3862/3862 3851/3851/3851 3850/3850/3850
f 3851/3851/3851 3863/3863/3863 3858/3858/3858
f 3851/3851/3851 3858/3858/3858 3852/3852/3852
f 3859/3859/3859 3844/3844/3844 3852/3852/3852
f 3859/3859/3859 3852/3852/3852 3858/3858/3858
f 3864/3864/3864 3865/3865/3865 3856/3856/3856
f 3864/3864/3864 3856/3856/3856 3855/3855/3855
f 3856/3856/3856 3865/3865/3865 3861/3861/3861
f 3856/3856/3856 3861/3861/3861 3857/3857/3857
f 3862/3862/3862 3850/3850/3850 3857/3857/3857
f 3862/3862/3862 3857/3857/3857 3861/3861/3861
f 1484/1484/1484 3792/3792/3792 3866/3866/3866
f 1484/1484/1484 3866/3866/3866 1537/1537/1537
f 1537/1537/1537 3866/3866/3866 3867/3867/3867
f 1537/1537/1537 3867/3867/3867 1538/1538/1538
f 3867/3867/3867 3868/3868/3868 1539/1539/1539
f 3867/3867/3867 1539/1539/1539 1538/1538/1538
f 1540/1540/1540 3869/3869/3869 3870/3870/3870
f 1540/1540/1540 3870/3870/3870 1541/1541/1541
f 1540/1540/1540 1539/1539/1539 3869/3869/3869
f 1541/1541/1541 3870/3870/3870 3871/3871/3871
f 1541/1541/1541 3871/3871/3871 1542/1542/1542
f 3868/3868/3868 3873/3873/3873 3874/3874/3874
f 3868/3868/3868 3874/3874/3874 3869/3869/3869
f 3871/3871/3871 1543/1543/1543 1542/1542/1542
f 3797/3797/3797 3866/3866/3866 3792/3792/3792
f 3798/3798/3798 3867/3867/3867 3866/3866/3866
f 3872/3872/3872 3868/3868/3868 3867/3867/3867
f 3879/3879/3879 3881/3881/3881 3873/3873/3873
f 3879/3879/3879 3873/3873/3873 3872/3872/3872
f 3870/3870/3870 3869/3869/3869 3875/3875/3875
f 3871/3871/3871 3870/3870/3870 3876/3876/3876
f 3879/3879/3879 3872/3872/3872 3798/3798/3798
f 3880/3880/3880 3881/3881/3881 3879/3879/3879
f 3873/3873/3873 3881/3881/3881 3882/3882/3882
f 3873/3873/3873 3882/3882/3882 3874/3874/3874
f 3882/3882/3882 3881/3881/3881 3883/3883/3883
f 3882/3882/3882 3883/3883/3883 3884/3884/3884
f 3874/3874/3874 3885/3885/3885 3877/3877/3877
f 3874/3874/3874 3877/3877/3877 3875/3875/3875
f 3884/3884/3884 3885/3885/3885 3874/3874/3874
f 3877/3877/3877 3885/3885/3885 3886/3886/3886
f 3877/3877/3877 3886/3886/3886 3876/3876/3876
f 3886/3886/3886 3887/3887/3887 3878/3878/3878
f 3886/3886/3886 3878/3878/3878 3871/3871/3871
f 3886/3886/3886 3871/3871/3871 3876/3876/3876
f 3813/3813/3813 3888/3888/3888 3880/3880/3880
f 3813/3813/3813 3880/3880/3880 3805/3805/3805
f 3815/3815/3815 3888/3888/3888 3813/3813/3813
f 3883/3883/3883 3889/3889/3889 3891/3891/3891
f 3883/3883/3883 3891/3891/3891 3892/3892/3892
f 3883/3883/3883 3881/3881/3881 3889/3889/3889
f 3884/3884/3884 3892/3892/3892 3893/3893/3893
f 3884/3884/3884 3893/3893/3893 3885/3885/3885
f 3885/3885/3885 3893/3893/3893 3894/3894/3894
f 3885/3885/3885 3894/3894/3894 3886/3886/3886
f 3815/3815/3815 3822/3822/3822 3890/3890/3890
f 3815/3815/3815 3890/3890/3890 3888/3888/3888
f 3887/3887/3887 3886/3886/3886 3894/3894/3894
f 3897/3897/3897 3822/3822/3822 3899/3899/3899
f 3897/3897/3897 3899/3899/3899 3900/3900/3900
f 3889/3889/3889 3898/3898/3898 3900/3900/3900
f 3889/3889/3889 3900/3900/3900 3901/3901/3901
f 3891/3891/3891 3901/3901/3901 3902/3902/3902
f 3891/3891/3891 3902/3902/3902 3892/3892/3892
f 3892/3892/3892 3902/3902/3902 3903/3903/3903
f 3892/3892/3892 3903/3903/3903 3893/3893/3893
f 3893/3893/3893 3903/3903/3903 3904/3904/3904
f 3893/3893/3893 3904/3904/3904 3894/3894/3894
f 3832/3832/3832 3906/3906/3906 3899/3899/3899
f 3832/3832/3832 3899/3899/3899 3822/3822/3822
f 3895/3895/3895 3894/3894/3894 3904/3904/3904
f 3905/3905/3905 3896/3896/3896 3895/3895/3895
f 3837/3837/3837 3906/3906/3906 3832/3832/3832
f 3899/3899/3899 3906/3906/3906 3907/3907/3907
f 3899/3899/3899 3907/3907/3907 3900/3900/3900
f 3908/3908/3908 3909/3909/3909 3902/3902/3902
f 3908/3908/3908 3902/3902/3902 3901/3901/3901
f 3908/3908/3908 3901/3901/3901 3900/3900/3900
f 3909/3909/3909 3910/3910/3910 3903/3903/3903
f 3909/3909/3909 3903/3903/3903 3902/3902/3902
f 3837/3837/3837 3845/3845/3845 3911/3911/3911
f 3837/3837/3837 3911/3911/3911 3906/3906/3906
f 3911/3911/3911 3912/3912/3912 3907/3907/3907
f 3911/3911/3911 3907/3907/3907 3906/3906/3906
f 3907/3907/3907 3912/3912/3912 3913/3913/3913
f 3907/3907/3907 3913/3913/3913 3908/3908/3908
f 3914/3914/3914 3915/3915/3915 3905/3905/3905
f 3914/3914/3914 3905/3905/3905 3895/3895/3895
f 3909/3909/3909 3908/3908/3908 3913/3913/3913
f 3845/3845/3845 3860/3860/3860 3916/3916/3916
f 3845/3845/3845 3916/3916/3916 3911/3911/3911
f 3916/3916/3916 3917/3917/3917 3912/3912/3912
f 3916/3916/3916 3912/3912/3912 3911/3911/3911
f 3918/3918/3918 3919/3919/3919 3910/3910/3910
f 3918/3918/3918 3910/3910/3910 3909/3909/3909
f 3917/3917/3917 3913/3913/3913 3912/3912/3912
f 3919/3919/3919 3920/3920/3920 3904/3904/3904
f 3919/3919/3919 3904/3904/3904 3910/3910/3910
f 1543/1543/1543 3871/3871/3871 3921/3921/3921
f 1543/1543/1543 3921/3921/3921 1560/1560/1560
f 3914/3914/3914 3904/3904/3904 3920/3920/3920
f 3921/3921/3921 3922/3922/3922 1561/1561/1561
f 3921/3921/3921 1561/1561/1561 1560/1560/1560
f 1561/1561/1561 3922/3922/3922 3923/3923/3923
f 1561/1561/1561 3923/3923/3923 1562/1562/1562
f 3878/3878/3878 3924/3924/3924 3921/3921/3921
f 3878/3878/3878 3921/3921/3921 3871/3871/3871
f 3878/3878/3878 3887/3887/3887 3927/3927/3927
f 3878/3878/3878 3927/3927/3927 3924/3924/3924
f 3924/3924/3924 3928/3928/3928 3929/3929/3929
f 3924/3924/3924 3929/3929/3929 3925/3925/3925
f 3929/3929/3929 3930/3930/3930 3926/3926/3926
f 3929/3929/3929 3926/3926/3926 3925/3925/3925
f 3928/3928/3928 3931/3931/3931 3932/3932/3932
f 3928/3928/3928 3932/3932/3932 3929/3929/3929
f 3905/3905/3905 3933/3933/3933 3927/3927/3927
f 3905/3905/3905 3927/3927/3927 3896/3896/3896
f 3930/3930/3930 3929/3929/3929 3932/3932/3932
f 3933/3933/3933 3934/3934/3934 3931/3931/3931
f 3933/3933/3933 3931/3931/3931 3927/3927/3927
f 3915/3915/3915 3937/3937/3937 3933/3933/3933
f 3915/3915/3915 3933/3933/3933 3905/3905/3905
f 3932/3932/3932 3931/3931/3931 3934/3934/3934
f 3937/3937/3937 3938/3938/3938 3934/3934/3934
f 3937/3937/3937 3934/3934/3934 3933/3933/3933
f 3661/3661/3661 3942/3942/3942 3943/3943/3943
f 3661/3661/3661 3943/3943/3943 3662/3662/3662
f 3936/3936/3936 3934/3934/3934 3938/3938/3938
f 3939/3939/3939 3935/3935/3935 3936/3936/3936
f 3940/3940/3940 3936/3936/3936 3938/3938/3938
f 3941/3941/3941 3660/3660/3660 3029/3029/3029
f 3942/3942/3942 3661/3661/3661 3660/3660/3660
f 3942/3942/3942 3944/3944/3944 3945/3945/3945
f 3942/3942/3942 3945/3945/3945 3943/3943/3943
f 3944/3944/3944 3942/3942/3942 3941/3941/3941
f 3240/3240/3240 3946/3946/3946 3941/3941/3941
f 3240/3240/3240 3941/3941/3941 3238/3238/3238
f 3240/3240/3240 3243/3243/3243 3948/3948/3948
f 3240/3240/3240 3948/3948/3948 3946/3946/3946
f 3946/3946/3946 3944/3944/3944 3941/3941/3941
f 3946/3946/3946 3948/3948/3948 3949/3949/3949
f 3946/3946/3946 3949/3949/3949 3947/3947/3947
f 3245/3245/3245 3950/3950/3950 3948/3948/3948
f 3245/3245/3245 3948/3948/3948 3243/3243/3243
f 3949/3949/3949 3945/3945/3945 3947/3947/3947
f 3951/3951/3951 3950/3950/3950 3953/3953/3953
f 3951/3951/3951 3953/3953/3953 3954/3954/3954
f 3949/3949/3949 3948/3948/3948 3951/3951/3951
f 3245/3245/3245 3953/3953/3953 3950/3950/3950
f 3952/3952/3952 3951/3951/3951 3954/3954/3954
f 3952/3952/3952 3954/3954/3954 3955/3955/3955
f 3955/3955/3955 3956/3956/3956 3958/3958/3958
f 3955/3955/3955 3958/3958/3958 3959/3959/3959
f 3953/3953/3953 3245/3245/3245 3248/3248/3248
f 3248/3248/3248 3957/3957/3957 3953/3953/3953
f 3957/3957/3957 3958/3958/3958 3956/3956/3956
f 3690/3690/3690 3963/3963/3963 3692/3692/3692
f 3690/3690/3690 3692/3692/3692 3691/3691/3691
f 3957/3957/3957 3248/3248/3248 3254/3254/3254
f 3961/3961/3961 3958/3958/3958 3957/3957/3957
f 3943/3943/3943 3688/3688/3688 3662/3662/3662
f 3945/3945/3945 3689/3689/3689 3943/3943/3943
f 3689/3689/3689 3688/3688/3688 3943/3943/3943
f 3962/3962/3962 3690/3690/3690 3689/3689/3689
f 3962/3962/3962 3963/3963/3963 3690/3690/3690
f 3952/3952/3952 3955/3955/3955 3971/3971/3971
f 3952/3952/3952 3971/3971/3971 3970/3970/3970
f 3962/3962/3962 3689/3689/3689 3945/3945/3945
f 3949/3949/3949 3965/3965/3965 3945/3945/3945
f 3966/3966/3966 3963/3963/3963 3962/3962/3962
f 3970/3970/3970 3968/3968/3968 3966/3966/3966
f 3968/3968/3968 3967/3967/3967 3966/3966/3966
f 3964/3964/3964 3963/3963/3963 3967/3967/3967
f 3952/3952/3952 3965/3965/3965 3949/3949/3949
f 3968/3968/3968 3971/3971/3971 3972/3972/3972
f 3968/3968/3968 3972/3972/3972 3973/3973/3973
f 3968/3968/3968 3973/3973/3973 3969/3969/3969
f 3968/3968/3968 3969/3969/3969 3967/3967/3967
f 3972/3972/3972 3975/3975/3975 3976/3976/3976
f 3972/3972/3972 3976/3976/3976 3973/3973/3973
f 3977/3977/3977 3978/3978/3978 3723/3723/3723
f 3977/3977/3977 3723/3723/3723 3721/3721/3721
f 3977/3977/3977 3721/3721/3721 3692/3692/3692
f 3964/3964/3964 3978/3978/3978 3977/3977/3977
f 3254/3254/3254 3982/3982/3982 3983/3983/3983
f 3254/3254/3254 3983/3983/3983 3960/3960/3960
f 3978/3978/3978 3724/3724/3724 3723/3723/3723
f 3979/3979/3979 3725/3725/3725 3978/3978/3978
f 3725/3725/3725 3724/3724/3724 3978/3978/3978
f 3980/3980/3980 3978/3978/3978 3964/3964/3964
f 3969/3969/3969 3979/3979/3979 3980/3980/3980
f 3979/3979/3979 3978/3978/3978 3980/3980/3980
f 3958/3958/3958 3981/3981/3981 3959/3959/3959
f 3423/3423/3423 3982/3982/3982 3254/3254/3254
f 3983/3983/3983 3982/3982/3982 3986/3986/3986
f 3983/3983/3983 3986/3986/3986 3987/3987/3987
f 3983/3983/3983 3984/3984/3984 3960/3960/3960
f 3985/3985/3985 3981/3981/3981 3958/3958/3958
f 3984/3984/3984 3983/3983/3983 3987/3987/3987
f 3984/3984/3984 3987/3987/3987 3988/3988/3988
f 3961/3961/3961 3984/3984/3984 3988/3988/3988
f 3961/3961/3961 3988/3988/3988 3989/3989/3989
f 3423/3423/3423 3429/3429/3429 3992/3992/3992
f 3423/3423/3423 3992/3992/3992 3982/3982/3982
f 3985/3985/3985 3990/3990/3990 4042/4042/4042
f 3989/3989/3989 3991/3991/3991 3985/3985/3985
f 3992/3992/3992 3429/3429/3429 3431/3431/3431
f 3992/3992/3992 3431/3431/3431 3993/3993/3993
f 3992/3992/3992 3993/3993/3993 3986/3986/3986
f 3992/3992/3992 3986/3986/3986 3982/3982/3982
f 3986/3986/3986 3993/3993/3993 3994/3994/3994
f 3986/3986/3986 3994/3994/3994 3987/3987/3987
f 3987/3987/3987 3994/3994/3994 3995/3995/3995
f 3987/3987/3987 3995/3995/3995 3988/3988/3988
f 3995/3995/3995 3994/3994/3994 3996/3996/3996
f 3995/3995/3995 3996/3996/3996 3997/3997/3997
f 3988/3988/3988 3995/3995/3995 3997/3997/3997
f 3988/3988/3988 3997/3997/3997 3998/3998/3998
f 3989/3989/3989 3999/3999/3999 4000/4000/4000
f 3989/3989/3989 4000/4000/4000 3991/3991/3991
f 3997/3997/3997 4001/4001/4001 4002/4002/4002
f 3997/3997/3997 4002/4002/4002 3998/3998/3998
f 3999/3999/3999 3998/3998/3998 4002/4002/4002
f 3999/3999/3999 4002/4002/4002 4003/4003/4003
f 4000/4000/4000 3999/3999/3999 4003/4003/4003
f 4000/4000/4000 4003/4003/4003 4004/4004/4004
f 4001/4001/4001 4007/4007/4007 4008/4008/4008
f 4001/4001/4001 4008/4008/4008 4002/4002/4002
f 4005/4005/4005 4010/4010/4010 4011/4011/4011
f 4005/4005/4005 4011/4011/4011 4006/4006/4006
f 4003/4003/4003 4009/4009/4009 4004/4004/4004
f 4006/4006/4006 4011/4011/4011 4012/4012/4012
f 4006/4006/4006 4012/4012/4012 4007/4007/4007
f 4008/4008/4008 4007/4007/4007 4012/4012/4012
f 4008/4008/4008 4012/4012/4012 4013/4013/4013
f 4009/4009/4009 4003/4003/4003 4013/4013/4013
f 4009/4009/4009 4013/4013/4013 4014/4014/4014
f 4013/4013/4013 4003/4003/4003 4008/4008/4008
f 4016/4016/4016 4015/4015/4015 4030/4030/4030
f 4016/4016/4016 4030/4030/4030 4017/4017/4017
f 4015/4015/4015 4016/4016/4016 4014/4014/4014
f 3431/3431/3431 3445/3445/3445 4018/4018/4018
f 3431/3431/3431 4018/4018/4018 3993/3993/3993
f 3993/3993/3993 4018/4018/4018 4019/4019/4019
f 3993/3993/3993 4019/4019/4019 3994/3994/3994
f 4019/4019/4019 4020/4020/4020 3996/3996/3996
f 4019/4019/4019 3996/3996/3996 3994/3994/3994
f 3996/3996/3996 4020/4020/4020 4021/4021/4021
f 3996/3996/3996 4021/4021/4021 3997/3997/3997
f 4021/4021/4021 4020/4020/4020 4023/4023/4023
f 4021/4021/4021 4023/4023/4023 4024/4024/4024
f 4021/4021/4021 4024/4024/4024 4001/4001/4001
f 4021/4021/4021 4001/4001/4001 3997/3997/3997
f 4022/4022/4022 4025/4025/4025 4026/4026/4026
f 4022/4022/4022 4026/4026/4026 4023/4023/4023
f 4005/4005/4005 4006/4006/4006 4026/4026/4026
f 4005/4005/4005 4026/4026/4026 4025/4025/4025
f 4023/4023/4023 4026/4026/4026 4027/4027/4027
f 4023/4023/4023 4027/4027/4027 4024/4024/4024
f 4006/4006/4006 4007/4007/4007 4027/4027/4027
f 4006/4006/4006 4027/4027/4027 4026/4026/4026
f 4001/4001/4001 4024/4024/4024 4027/4027/4027
f 4001/4001/4001 4027/4027/4027 4007/4007/4007
f 3450/3450/3450 3456/3456/3456 4010/4010/4010
f 3450/3450/3450 4010/4010/4010 4025/4025/4025
f 4011/4011/4011 4028/4028/4028 4029/4029/4029
f 4011/4011/4011 4029/4029/4029 4012/4012/4012
f 4028/4028/4028 4011/4011/4011 4010/4010/4010
f 3456/3456/3456 3460/3460/3460 4028/4028/4028
f 3456/3456/3456 4028/4028/4028 4010/4010/4010
f 4029/4029/4029 4013/4013/4013 4012/4012/4012
f 3444/3444/3444 4031/4031/4031 4018/4018/4018
f 3444/3444/3444 4018/4018/4018 3445/3445/3445
f 4015/4015/4015 4013/4013/4013 4029/4029/4029
f 3462/3462/3462 4028/4028/4028 3460/3460/3460
f 3462/3462/3462 4030/4030/4030 4029/4029/4029
f 4031/4031/4031 4032/4032/4032 4019/4019/4019
f 4031/4031/4031 4019/4019/4019 4018/4018/4018
f 4019/4019/4019 4032/4032/4032 4034/4034/4034
f 4019/4019/4019 4034/4034/4034 4020/4020/4020
f 4033/4033/4033 4035/4035/4035 4034/4034/4034
f 4033/4033/4033 4034/4034/4034 4032/4032/4032
f 4036/4036/4036 4022/4022/4022 4023/4023/4023
f 4036/4036/4036 4023/4023/4023 4037/4037/4037
f 4034/4034/4034 4037/4037/4037 4023/4023/4023
f 4034/4034/4034 4023/4023/4023 4020/4020/4020
f 4034/4034/4034 4035/4035/4035 4038/4038/4038
f 4034/4034/4034 4038/4038/4038 4037/4037/4037
f 3450/3450/3450 4025/4025/4025 4039/4039/4039
f 3450/3450/3450 4039/4039/4039 3469/3469/3469
f 4022/4022/4022 4036/4036/4036 4039/4039/4039
f 4022/4022/4022 4039/4039/4039 4025/4025/4025
f 4036/4036/4036 4037/4037/4037 4040/4040/4040
f 4036/4036/4036 4040/4040/4040 4039/4039/4039
f 3974/3974/3974 3973/3973/3973 3976/3976/3976
f 3974/3974/3974 3976/3976/3976 4041/4041/4041
f 3975/3975/3975 3959/3959/3959 3981/3981/3981
f 3975/3975/3975 3981/3981/3981 4042/4042/4042
f 4047/4047/4047 4051/4051/4051 4052/4052/4052
f 4047/4047/4047 4052/4052/4052 4053/4053/4053
f 4042/4042/4042 4043/4043/4043 3975/3975/3975
f 4043/4043/4043 4044/4044/4044 3976/3976/3976
f 4044/4044/4044 4041/4041/4041 3976/3976/3976
f 4043/4043/4043 4045/4045/4045 4044/4044/4044
f 4048/4048/4048 4046/4046/4046 4045/4045/4045
f 3990/3990/3990 4043/4043/4043 4042/4042/4042
f 4048/4048/4048 4045/4045/4045 4043/4043/4043
f 3991/3991/3991 4049/4049/4049 3990/3990/3990
f 4049/4049/4049 4046/4046/4046 4048/4048/4048
f 4050/4050/4050 4051/4051/4051 4049/4049/4049
f 4051/4051/4051 4046/4046/4046 4049/4049/4049
f 4051/4051/4051 4047/4047/4047 4046/4046/4046
f 4055/4055/4055 4054/4054/4054 4056/4056/4056
f 4055/4055/4055 4056/4056/4056 4057/4057/4057
f 4054/4054/4054 4055/4055/4055 4053/4053/4053
f 4057/4057/4057 4056/4056/4056 4058/4058/4058
f 4057/4057/4057 4058/4058/4058 4059/4059/4059
f 4000/4000/4000 4004/4004/4004 4050/4050/4050
f 4000/4000/4000 4050/4050/4050 3991/3991/3991
f 4056/4056/4056 4063/4063/4063 4017/4017/4017
f 4056/4056/4056 4017/4017/4017 4058/4058/4058
f 4060/4060/4060 4051/4051/4051 4050/4050/4050
f 4061/4061/4061 4052/4052/4052 4060/4060/4060
f 4052/4052/4052 4051/4051/4051 4060/4060/4060
f 4014/4014/4014 4061/4061/4061 4009/4009/4009
f 4014/4014/4014 4062/4062/4062 4061/4061/4061
f 4062/4062/4062 4054/4054/4054 4052/4052/4052
f 4016/4016/4016 4063/4063/4063 4062/4062/4062
f 4063/4063/4063 4056/4056/4056 4054/4054/4054
f 4017/4017/4017 4063/4063/4063 4016/4016/4016
f 3725/3725/3725 4065/4065/4065 3747/3747/3747
f 3725/3725/3725 3747/3747/3747 3726/3726/3726
f 4064/4064/4064 4065/4065/4065 3725/3725/3725
f 4067/4067/4067 4069/4069/4069 4066/4066/4066
f 4067/4067/4067 4066/4066/4066 4065/4065/4065
f 3974/3974/3974 4067/4067/4067 3979/3979/3979
f 4067/4067/4067 4065/4065/4065 4064/4064/4064
f 4068/4068/4068 4069/4069/4069 4067/4067/4067
f 4072/4072/4072 4073/4073/4073 4068/4068/4068
f 4072/4072/4072 4068/4068/4068 4067/4067/4067
f 4041/4041/4041 4072/4072/4072 3974/3974/3974
f 4072/4072/4072 4067/4067/4067 3974/3974/3974
f 4041/4041/4041 4073/4073/4073 4072/4072/4072
f 4070/4070/4070 4074/4074/4074 4075/4075/4075
f 4070/4070/4070 4075/4075/4075 4071/4071/4071
f 4081/4081/4081 4074/4074/4074 4073/4073/4073
f 4074/4074/4074 4070/4070/4070 4068/4068/4068
f 4070/4070/4070 4069/4069/4069 4068/4068/4068
f 4046/4046/4046 4047/4047/4047 4083/4083/4083
f 4046/4046/4046 4083/4083/4083 4082/4082/4082
f 4081/4081/4081 4073/4073/4073 4041/4041/4041
f 4046/4046/4046 4082/4082/4082 4081/4081/4081
f 4082/4082/4082 4074/4074/4074 4081/4081/4081
f 4077/4077/4077 4084/4084/4084 4085/4085/4085
f 4077/4077/4077 4085/4085/4085 4078/4078/4078
f 4083/4083/4083 4075/4075/4075 4082/4082/4082
f 4075/4075/4075 4074/4074/4074 4082/4082/4082
f 4084/4084/4084 4075/4075/4075 4083/4083/4083
f 4084/4084/4084 4077/4077/4077 4075/4075/4075
f 4084/4084/4084 4053/4053/4053 4055/4055/4055
f 4084/4084/4084 4055/4055/4055 4085/4085/4085
f 4086/4086/4086 4078/4078/4078 4085/4085/4085
f 4087/4087/4087 4088/4088/4088 4086/4086/4086
f 4088/4088/4088 4080/4080/4080 4079/4079/4079
f 4057/4057/4057 4059/4059/4059 4087/4087/4087
f 4057/4057/4057 4087/4087/4087 4086/4086/4086
f 4057/4057/4057 4086/4086/4086 4085/4085/4085
f 4065/4065/4065 4066/4066/4066 3776/3776/3776
f 4065/4065/4065 3776/3776/3776 3747/3747/3747
f 3783/3783/3783 4094/4094/4094 4095/4095/4095
f 3783/3783/3783 4095/4095/4095 3784/3784/3784
f 4089/4089/4089 3777/3777/3777 3776/3776/3776
f 4090/4090/4090 3778/3778/3778 4089/4089/4089
f 3778/3778/3778 3777/3777/3777 4089/4089/4089
f 4092/4092/4092 3780/3780/3780 4091/4091/4091
f 4093/4093/4093 3782/3782/3782 3780/3780/3780
f 4094/4094/4094 3783/3783/3783 3782/3782/3782
f 3784/3784/3784 4095/4095/4095 4096/4096/4096
f 3784/3784/3784 4096/4096/4096 3786/3786/3786
f 4090/4090/4090 4070/4070/4070 4071/4071/4071
f 4090/4090/4090 4071/4071/4071 4092/4092/4092
f 4070/4070/4070 4090/4090/4090 4069/4069/4069
f 4090/4090/4090 4066/4066/4066 4069/4069/4069
f 4094/4094/4094 4097/4097/4097 4098/4098/4098
f 4094/4094/4094 4098/4098/4098 4095/4095/4095
f 4076/4076/4076 4093/4093/4093 4092/4092/4092
f 4097/4097/4097 4094/4094/4094 4093/4093/4093
f 4095/4095/4095 4098/4098/4098 4099/4099/4099
f 4095/4095/4095 4099/4099/4099 4096/4096/4096
f 4097/4097/4097 4078/4078/4078 4079/4079/4079
f 4097/4097/4097 4079/4079/4079 4098/4098/4098
f 4078/4078/4078 4097/4097/4097 4076/4076/4076
f 4079/4079/4079 4080/4080/4080 4099/4099/4099
f 4079/4079/4079 4099/4099/4099 4098/4098/4098
f 3861/3861/3861 4100/4100/4100 4101/4101/4101
f 3861/3861/3861 4101/4101/4101 3862/3862/3862
f 4101/4101/4101 4102/4102/4102 3863/3863/3863
f 4101/4101/4101 3863/3863/3863 3862/3862/3862
f 3861/3861/3861 3865/3865/3865 4103/4103/4103
f 3861/3861/3861 4103/4103/4103 4100/4100/4100
f 3858/3858/3858 4104/4104/4104 4105/4105/4105
f 3858/3858/3858 4105/4105/4105 3859/3859/3859
f 3859/3859/3859 4105/4105/4105 4106/4106/4106
f 3859/3859/3859 4106/4106/4106 3860/3860/3860
f 4104/4104/4104 3858/3858/3858 4102/4102/4102
f 4104/4104/4104 4102/4102/4102 4108/4108/4108
f 4108/4108/4108 4102/4102/4102 4101/4101/4101
f 4107/4107/4107 4100/4100/4100 4103/4103/4103
f 4107/4107/4107 4103/4103/4103 4110/4110/4110
f 4107/4107/4107 4111/4111/4111 4112/4112/4112
f 4107/4107/4107 4112/4112/4112 4101/4101/4101
f 4109/4109/4109 4113/4113/4113 4114/4114/4114
f 4109/4109/4109 4114/4114/4114 4110/4110/4110
f 4107/4107/4107 4110/4110/4110 4114/4114/4114
f 4107/4107/4107 4114/4114/4114 4111/4111/4111
f 4104/4104/4104 4115/4115/4115 4116/4116/4116
f 4104/4104/4104 4116/4116/4116 4105/4105/4105
f 4105/4105/4105 4116/4116/4116 4117/4117/4117
f 4105/4105/4105 4117/4117/4117 4106/4106/4106
f 4113/4113/4113 4122/4122/4122 4123/4123/4123
f 4113/4113/4113 4123/4123/4123 4119/4119/4119
f 4118/4118/4118 4112/4112/4112 4111/4111/4111
f 4119/4119/4119 4114/4114/4114 4113/4113/4113
f 4114/4114/4114 4119/4119/4119 4111/4111/4111
f 4121/4121/4121 4108/4108/4108 4118/4118/4118
f 4108/4108/4108 4121/4121/4121 4115/4115/4115
f 4120/4120/4120 4111/4111/4111 4119/4119/4119
f 4120/4120/4120 4119/4119/4119 4123/4123/4123
f 4124/4124/4124 4125/4125/4125 4116/4116/4116
f 4124/4124/4124 4116/4116/4116 4115/4115/4115
f 4116/4116/4116 4125/4125/4125 4126/4126/4126
f 4116/4116/4116 4126/4126/4126 4117/4117/4117
f 4120/4120/4120 4127/4127/4127 4128/4128/4128
f 4120/4120/4120 4128/4128/4128 4118/4118/4118
f 4122/4122/4122 4130/4130/4130 4131/4131/4131
f 4122/4122/4122 4131/4131/4131 4123/4123/4123
f 4121/4121/4121 4118/4118/4118 4128/4128/4128
f 4121/4121/4121 4124/4124/4124 4115/4115/4115
f 4132/4132/4132 4133/4133/4133 4125/4125/4125
f 4132/4132/4132 4125/4125/4125 4124/4124/4124
f 4133/4133/4133 4134/4134/4134 4126/4126/4126
f 4133/4133/4133 4126/4126/4126 4125/4125/4125
f 4135/4135/4135 4136/4136/4136 4128/4128/4128
f 4135/4135/4135 4128/4128/4128 4127/4127/4127
f 3917/3917/3917 4139/4139/4139 4140/4140/4140
f 3917/3917/3917 4140/4140/4140 3913/3913/3913
f 4129/4129/4129 4128/4128/4128 4136/4136/4136
f 4131/4131/4131 4135/4135/4135 4127/4127/4127
f 3914/3914/3914 4141/4141/4141 4142/4142/4142
f 3914/3914/3914 4142/4142/4142 3915/3915/3915
f 4141/4141/4141 3914/3914/3914 3920/3920/3920
f 3918/3918/3918 4145/4145/4145 4146/4146/4146
f 3918/3918/3918 4146/4146/4146 3919/3919/3919
f 4143/4143/4143 3920/3920/3920 3919/3919/3919
f 4144/4144/4144 3916/3916/3916 4106/4106/4106
f 4138/4138/4138 3916/3916/3916 4144/4144/4144
f 4145/4145/4145 3918/3918/3918 4140/4140/4140
f 4150/4150/4150 4151/4151/4151 4140/4140/4140
f 4150/4150/4150 4140/4140/4140 4139/4139/4139
f 4147/4147/4147 4142/4142/4142 4141/4141/4141
f 4148/4148/4148 4138/4138/4138 4144/4144/4144
f 4149/4149/4149 4141/4141/4141 4143/4143/4143
f 4147/4147/4147 4141/4141/4141 4149/4149/4149
f 4150/4150/4150 4139/4139/4139 4148/4148/4148
f 4151/4151/4151 4152/4152/4152 4145/4145/4145
f 4151/4151/4151 4145/4145/4145 4140/4140/4140
f 4145/4145/4145 4152/4152/4152 4153/4153/4153
f 4145/4145/4145 4153/4153/4153 4146/4146/4146
f 4153/4153/4153 4154/4154/4154 4143/4143/4143
f 4153/4153/4153 4143/4143/4143 4146/4146/4146
f 4149/4149/4149 4154/4154/4154 4155/4155/4155
f 4149/4149/4149 4155/4155/4155 4156/4156/4156
f 4117/4117/4117 4126/4126/4126 4157/4157/4157
f 4117/4117/4117 4157/4157/4157 4144/4144/4144
f 4144/4144/4144 4157/4157/4157 4158/4158/4158
f 4144/4144/4144 4158/4158/4158 4148/4148/4148
f 4150/4150/4150 4160/4160/4160 4161/4161/4161
f 4150/4150/4150 4161/4161/4161 4151/4151/4151
f 4159/4159/4159 4156/4156/4156 4155/4155/4155
f 4160/4160/4160 4150/4150/4150 4158/4158/4158
f 4151/4151/4151 4161/4161/4161 4162/4162/4162
f 4151/4151/4151 4162/4162/4162 4152/4152/4152
f 4162/4162/4162 4163/4163/4163 4153/4153/4153
f 4162/4162/4162 4153/4153/4153 4152/4152/4152
f 4154/4154/4154 4163/4163/4163 4164/4164/4164
f 4154/4154/4154 4164/4164/4164 4155/4155/4155
f 4126/4126/4126 4134/4134/4134 4165/4165/4165
f 4126/4126/4126 4165/4165/4165 4157/4157/4157
f 4157/4157/4157 4165/4165/4165 4166/4166/4166
f 4157/4157/4157 4166/4166/4166 4158/4158/4158
f 4167/4167/4167 4168/4168/4168 4159/4159/4159
f 4167/4167/4167 4159/4159/4159 4155/4155/4155
f 4167/4167/4167 4155/4155/4155 4164/4164/4164
f 3915/3915/3915 4142/4142/4142 4170/4170/4170
f 3915/3915/3915 4170/4170/4170 3937/3937/3937
f 3937/3937/3937 4170/4170/4170 4171/4171/4171
f 3937/3937/3937 4171/4171/4171 3938/3938/3938
f 4142/4142/4142 4147/4147/4147 4174/4174/4174
f 4142/4142/4142 4174/4174/4174 4170/4170/4170
f 4172/4172/4172 3939/3939/3939 3940/3940/3940
f 4173/4173/4173 3940/3940/3940 4171/4171/4171
f 4170/4170/4170 4174/4174/4174 4175/4175/4175
f 4170/4170/4170 4175/4175/4175 4171/4171/4171
f 4175/4175/4175 4176/4176/4176 4173/4173/4173
f 4175/4175/4175 4173/4173/4173 4171/4171/4171
f 4173/4173/4173 4176/4176/4176 4177/4177/4177
f 4173/4173/4173 4177/4177/4177 4172/4172/4172
f 4147/4147/4147 4156/4156/4156 4179/4179/4179
f 4147/4147/4147 4179/4179/4179 4174/4174/4174
f 4178/4178/4178 4176/4176/4176 4175/4175/4175
f 4174/4174/4174 4179/4179/4179 4180/4180/4180
f 4174/4174/4174 4180/4180/4180 4175/4175/4175
f 4180/4180/4180 4179/4179/4179 4181/4181/4181
f 4180/4180/4180 4181/4181/4181 4178/4178/4178
f 4156/4156/4156 4159/4159/4159 4182/4182/4182
f 4156/4156/4156 4182/4182/4182 4179/4179/4179
f 4178/4178/4178 4175/4175/4175 4180/4180/4180
f 4159/4159/4159 4168/4168/4168 4185/4185/4185
f 4159/4159/4159 4185/4185/4185 4182/4182/4182
f 4181/4181/4181 4179/4179/4179 4182/4182/4182
f 4183/4183/4183 4178/4178/4178 4181/4181/4181
f 4185/4185/4185 4168/4168/4168 4169/4169/4169
f 4185/4185/4185 4169/4169/4169 4186/4186/4186
f 4185/4185/4185 4186/4186/4186 4184/4184/4184
f 4185/4185/4185 4184/4184/4184 4182/4182/4182
f 3444/3444/3444 4187/4187/4187 4188/4188/4188
f 3444/3444/3444 4188/4188/4188 4031/4031/4031
f 4188/4188/4188 4189/4189/4189 4032/4032/4032
f 4188/4188/4188 4032/4032/4032 4031/4031/4031
f 4189/4189/4189 4190/4190/4190 4033/4033/4033
f 4189/4189/4189 4033/4033/4033 4032/4032/4032
f 4190/4190/4190 4191/4191/4191 4035/4035/4035
f 4190/4190/4190 4035/4035/4035 4033/4033/4033
f 4193/4193/4193 4037/4037/4037 4038/4038/4038
f 4193/4193/4193 4038/4038/4038 4194/4194/4194
f 4191/4191/4191 4194/4194/4194 4038/4038/4038
f 4191/4191/4191 4038/4038/4038 4035/4035/4035
f 4191/4191/4191 4192/4192/4192 4195/4195/4195
f 4191/4191/4191 4195/4195/4195 4194/4194/4194
f 3469/3469/3469 4039/4039/4039 4196/4196/4196
f 3469/3469/3469 4196/4196/4196 3504/3504/3504
f 4196/4196/4196 4039/4039/4039 4040/4040/4040
f 4196/4196/4196 4040/4040/4040 4197/4197/4197
f 4193/4193/4193 4197/4197/4197 4040/4040/4040
f 4193/4193/4193 4040/4040/4040 4037/4037/4037
f 4198/4198/4198 4199/4199/4199 4190/4190/4190
f 4198/4198/4198 4190/4190/4190 4189/4189/4189
f 4187/4187/4187 3498/3498/3498 3509/3509/3509
f 4190/4190/4190 4199/4199/4199 4201/4201/4201
f 4190/4190/4190 4201/4201/4201 4191/4191/4191
f 4200/4200/4200 4202/4202/4202 4201/4201/4201
f 4200/4200/4200 4201/4201/4201 4199/4199/4199
f 4201/4201/4201 4202/4202/4202 4192/4192/4192
f 4201/4201/4201 4192/4192/4192 4191/4191/4191
f 4203/4203/4203 4193/4193/4193 4194/4194/4194
f 4203/4203/4203 4194/4194/4194 4204/4204/4204
f 4204/4204/4204 4194/4194/4194 4195/4195/4195
f 4204/4204/4204 4195/4195/4195 4205/4205/4205
f 4192/4192/4192 4202/4202/4202 4205/4205/4205
f 4192/4192/4192 4205/4205/4205 4195/4195/4195
f 3514/3514/3514 3504/3504/3504 4196/4196/4196
f 3514/3514/3514 4196/4196/4196 4206/4206/4206
f 4206/4206/4206 4196/4196/4196 4197/4197/4197
f 4206/4206/4206 4197/4197/4197 4207/4207/4207
f 4203/4203/4203 4207/4207/4207 4197/4197/4197
f 4203/4203/4203 4197/4197/4197 4193/4193/4193
f 4203/4203/4203 4204/4204/4204 4208/4208/4208
f 4203/4203/4203 4208/4208/4208 4207/4207/4207
f 4210/4210/4210 4211/4211/4211 4200/4200/4200
f 4210/4210/4210 4200/4200/4200 4199/4199/4199
f 4200/4200/4200 4211/4211/4211 4212/4212/4212
f 4200/4200/4200 4212/4212/4212 4202/4202/4202
f 4212/4212/4212 4214/4214/4214 4205/4205/4205
f 4212/4212/4212 4205/4205/4205 4202/4202/4202
f 4205/4205/4205 4214/4214/4214 4204/4204/4204
f 4212/4212/4212 4213/4213/4213 4215/4215/4215
f 4212/4212/4212 4215/4215/4215 4214/4214/4214
f 4209/4209/4209 4218/4218/4218 4210/4210/4210
f 4209/4209/4209 4210/4210/4210 4198/4198/4198
f 4206/4206/4206 4216/4216/4216 3514/3514/3514
f 4218/4218/4218 4219/4219/4219 4211/4211/4211
f 4218/4218/4218 4211/4211/4211 4210/4210/4210
f 4211/4211/4211 4219/4219/4219 4221/4221/4221
f 4211/4211/4211 4221/4221/4221 4212/4212/4212
f 4220/4220/4220 4222/4222/4222 4221/4221/4221
f 4220/4220/4220 4221/4221/4221 4219/4219/4219
f 4221/4221/4221 4222/4222/4222 4213/4213/4213
f 4221/4221/4221 4213/4213/4213 4212/4212/4212
f 4223/4223/4223 4204/4204/4204 4214/4214/4214
f 4223/4223/4223 4214/4214/4214 4224/4224/4224
f 4225/4225/4225 4206/4206/4206 4208/4208/4208
f 4225/4225/4225 4208/4208/4208 4226/4226/4226
f 4206/4206/4206 4225/4225/4225 4216/4216/4216
f 4223/4223/4223 4226/4226/4226 4208/4208/4208
f 4223/4223/4223 4208/4208/4208 4204/4204/4204
f 3531/3531/3531 4227/4227/4227 3509/3509/3509
f 3531/3531/3531 3509/3509/3509 3516/3516/3516
f 4218/4218/4218 4228/4228/4228 4229/4229/4229
f 4218/4218/4218 4229/4229/4229 4219/4219/4219
f 4217/4217/4217 3509/3509/3509 4227/4227/4227
f 4231/4231/4231 4224/4224/4224 4215/4215/4215
f 4231/4231/4231 4215/4215/4215 4232/4232/4232
f 4220/4220/4220 4219/4219/4219 4229/4229/4229
f 4230/4230/4230 4222/4222/4222 4220/4220/4220
f 4224/4224/4224 4231/4231/4231 4223/4223/4223
f 4230/4230/4230 4232/4232/4232 4215/4215/4215
f 4230/4230/4230 4215/4215/4215 4222/4222/4222
f 4233/4233/4233 4216/4216/4216 4225/4225/4225
f 4233/4233/4233 4225/4225/4225 4234/4234/4234
f 4216/4216/4216 4233/4233/4233 3528/3528/3528
f 4223/4223/4223 4231/4231/4231 4235/4235/4235
f 4223/4223/4223 4235/4235/4235 4226/4226/4226
f 4237/4237/4237 4238/4238/4238 4220/4220/4220
f 4237/4237/4237 4220/4220/4220 4229/4229/4229
f 4238/4238/4238 4239/4239/4239 4230/4230/4230
f 4238/4238/4238 4230/4230/4230 4220/4220/4220
f 4241/4241/4241 4231/4231/4231 4232/4232/4232
f 4241/4241/4241 4232/4232/4232 4242/4242/4242
f 4230/4230/4230 4239/4239/4239 4242/4242/4242
f 4230/4230/4230 4242/4242/4242 4232/4232/4232
f 4239/4239/4239 4240/4240/4240 4243/4243/4243
f 4239/4239/4239 4243/4243/4243 4242/4242/4242
f 3528/3528/3528 4233/4233/4233 4244/4244/4244
f 3528/3528/3528 4244/4244/4244 3553/3553/3553
f 4233/4233/4233 4234/4234/4234 4245/4245/4245
f 4233/4233/4233 4245/4245/4245 4244/4244/4244
f 4238/4238/4238 4248/4248/4248 4250/4250/4250
f 4238/4238/4238 4250/4250/4250 4239/4239/4239
f 4235/4235/4235 4231/4231/4231 4241/4241/4241
f 4236/4236/4236 4227/4227/4227 4246/4246/4246
f 4247/4247/4247 4228/4228/4228 4236/4236/4236
f 4237/4237/4237 4228/4228/4228 4247/4247/4247
f 4249/4249/4249 4251/4251/4251 4250/4250/4250
f 4249/4249/4249 4250/4250/4250 4248/4248/4248
f 4250/4250/4250 4251/4251/4251 4240/4240/4240
f 4250/4250/4250 4240/4240/4240 4239/4239/4239
f 4252/4252/4252 4241/4241/4241 4242/4242/4242
f 4252/4252/4252 4242/4242/4242 4253/4253/4253
f 4253/4253/4253 4242/4242/4242 4243/4243/4243
f 4253/4253/4253 4243/4243/4243 4254/4254/4254
f 4240/4240/4240 4251/4251/4251 4254/4254/4254
f 4240/4240/4240 4254/4254/4254 4243/4243/4243
f 4255/4255/4255 4234/4234/4234 4235/4235/4235
f 4255/4255/4255 4235/4235/4235 4256/4256/4256
f 4234/4234/4234 4255/4255/4255 4245/4245/4245
f 4241/4241/4241 4252/4252/4252 4256/4256/4256
f 4241/4241/4241 4256/4256/4256 4235/4235/4235
f 4257/4257/4257 4258/4258/4258 4246/4246/4246
f 4257/4257/4257 4246/4246/4246 3531/3531/3531
f 4237/4237/4237 4259/4259/4259 4260/4260/4260
f 4237/4237/4237 4260/4260/4260 4248/4248/4248
f 4247/4247/4247 4236/4236/4236 4246/4246/4246
f 4259/4259/4259 4237/4237/4237 4247/4247/4247
f 4260/4260/4260 4261/4261/4261 4249/4249/4249
f 4260/4260/4260 4249/4249/4249 4248/4248/4248
f 4249/4249/4249 4261/4261/4261 4262/4262/4262
f 4249/4249/4249 4262/4262/4262 4251/4251/4251
f 4263/4263/4263 4252/4252/4252 4253/4253/4253
f 4263/4263/4263 4253/4253/4253 4264/4264/4264
f 3579/3579/3579 3553/3553/3553 4244/4244/4244
f 3579/3579/3579 4244/4244/4244 4265/4265/4265
f 4254/4254/4254 4251/4251/4251 4262/4262/4262
f 4265/4265/4265 4244/4244/4244 4245/4245/4245
f 4265/4265/4265 4245/4245/4245 4266/4266/4266
f 4252/4252/4252 4263/4263/4263 4267/4267/4267
f 4252/4252/4252 4267/4267/4267 4256/4256/4256
f 4256/4256/4256 4267/4267/4267 4255/4255/4255
f 4270/4270/4270 4271/4271/4271 4134/4134/4134
f 4270/4270/4270 4134/4134/4134 4133/4133/4133
f 4268/4268/4268 4133/4133/4133 4132/4132/4132
f 4272/4272/4272 4273/4273/4273 4136/4136/4136
f 4272/4272/4272 4136/4136/4136 4135/4135/4135
f 4273/4273/4273 4274/4274/4274 4132/4132/4132
f 4273/4273/4273 4132/4132/4132 4136/4136/4136
f 4275/4275/4275 4276/4276/4276 4269/4269/4269
f 4275/4275/4275 4269/4269/4269 4137/4137/4137
f 4268/4268/4268 4132/4132/4132 4274/4274/4274
f 4135/4135/4135 4269/4269/4269 4276/4276/4276
f 4135/4135/4135 4276/4276/4276 4272/4272/4272
f 4279/4279/4279 4280/4280/4280 4276/4276/4276
f 4279/4279/4279 4276/4276/4276 4275/4275/4275
f 4273/4273/4273 4272/4272/4272 4277/4277/4277
f 4268/4268/4268 4278/4278/4278 4270/4270/4270
f 4277/4277/4277 4272/4272/4272 4276/4276/4276
f 4277/4277/4277 4276/4276/4276 4280/4280/4280
f 4273/4273/4273 4281/4281/4281 4282/4282/4282
f 4273/4273/4273 4282/4282/4282 4274/4274/4274
f 4277/4277/4277 4284/4284/4284 4285/4285/4285
f 4277/4277/4277 4285/4285/4285 4281/4281/4281
f 4280/4280/4280 4284/4284/4284 4277/4277/4277
f 4286/4286/4286 4287/4287/4287 4282/4282/4282
f 4286/4286/4286 4282/4282/4282 4281/4281/4281
f 4282/4282/4282 4287/4287/4287 4288/4288/4288
f 4282/4282/4282 4288/4288/4288 4278/4278/4278
f 4289/4289/4289 4290/4290/4290 4285/4285/4285
f 4289/4289/4289 4285/4285/4285 4284/4284/4284
f 4283/4283/4283 4278/4278/4278 4288/4288/4288
f 4286/4286/4286 4281/4281/4281 4285/4285/4285
f 4286/4286/4286 4285/4285/4285 4290/4290/4290
f 4286/4286/4286 4290/4290/4290 4291/4291/4291
f 4286/4286/4286 4291/4291/4291 4287/4287/4287
f 4288/4288/4288 4292/4292/4292 4293/4293/4293
f 4288/4288/4288 4293/4293/4293 4283/4283/4283
f 4287/4287/4287 4291/4291/4291 4295/4295/4295
f 4287/4287/4287 4295/4295/4295 4292/4292/4292
f 4291/4291/4291 4290/4290/4290 4294/4294/4294
f 4296/4296/4296 4297/4297/4297 4293/4293/4293
f 4296/4296/4296 4293/4293/4293 4292/4292/4292
f 4298/4298/4298 4299/4299/4299 4295/4295/4295
f 4298/4298/4298 4295/4295/4295 4291/4291/4291
f 4296/4296/4296 4292/4292/4292 4295/4295/4295
f 4296/4296/4296 4295/4295/4295 4299/4299/4299
f 4296/4296/4296 4299/4299/4299 4300/4300/4300
f 4296/4296/4296 4300/4300/4300 4297/4297/4297
f 4301/4301/4301 4302/4302/4302 4299/4299/4299
f 4301/4301/4301 4299/4299/4299 4298/4298/4298
f 4302/4302/4302 4303/4303/4303 4300/4300/4300
f 4302/4302/4302 4300/4300/4300 4299/4299/4299
f 4163/4163/4163 4305/4305/4305 4306/4306/4306
f 4163/4163/4163 4306/4306/4306 4307/4307/4307
f 4304/4304/4304 4160/4160/4160 4166/4166/4166
f 4305/4305/4305 4162/4162/4162 4161/4161/4161
f 4271/4271/4271 4309/4309/4309 4165/4165/4165
f 4271/4271/4271 4165/4165/4165 4134/4134/4134
f 4305/4305/4305 4310/4310/4310 4311/4311/4311
f 4305/4305/4305 4311/4311/4311 4306/4306/4306
f 4166/4166/4166 4165/4165/4165 4309/4309/4309
f 4310/4310/4310 4161/4161/4161 4304/4304/4304
f 4307/4307/4307 4312/4312/4312 4313/4313/4313
f 4307/4307/4307 4313/4313/4313 4167/4167/4167
f 4312/4312/4312 4307/4307/4307 4306/4306/4306
f 4167/4167/4167 4313/4313/4313 4314/4314/4314
f 4167/4167/4167 4314/4314/4314 4168/4168/4168
f 4314/4314/4314 4313/4313/4313 4315/4315/4315
f 4314/4314/4314 4315/4315/4315 4316/4316/4316
f 4314/4314/4314 4316/4316/4316 4308/4308/4308
f 4314/4314/4314 4308/4308/4308 4168/4168/4168
f 4166/4166/4166 4317/4317/4317 4318/4318/4318
f 4166/4166/4166 4318/4318/4318 4304/4304/4304
f 4317/4317/4317 4166/4166/4166 4309/4309/4309
f 4306/4306/4306 4320/4320/4320 4321/4321/4321
f 4306/4306/4306 4321/4321/4321 4312/4312/4312
f 4319/4319/4319 4309/4309/4309 4271/4271/4271
f 4318/4318/4318 4311/4311/4311 4310/4310/4310
f 4320/4320/4320 4306/4306/4306 4311/4311/4311
f 4313/4313/4313 4321/4321/4321 4322/4322/4322
f 4313/4313/4313 4322/4322/4322 4323/4323/4323
f 4315/4315/4315 4323/4323/4323 4324/4324/4324
f 4315/4315/4315 4324/4324/4324 4316/4316/4316
f 4318/4318/4318 4325/4325/4325 4326/4326/4326
f 4318/4318/4318 4326/4326/4326 4311/4311/4311
f 4319/4319/4319 4271/4271/4271 4283/4283/4283
f 4325/4325/4325 4318/4318/4318 4317/4317/4317
f 4326/4326/4326 4327/4327/4327 4320/4320/4320
f 4326/4326/4326 4320/4320/4320 4311/4311/4311
f 4321/4321/4321 4327/4327/4327 4328/4328/4328
f 4321/4321/4321 4328/4328/4328 4329/4329/4329
f 4322/4322/4322 4329/4329/4329 4330/4330/4330
f 4322/4322/4322 4330/4330/4330 4323/4323/4323
f 4331/4331/4331 4332/4332/4332 4317/4317/4317
f 4331/4331/4331 4317/4317/4317 4319/4319/4319
f 4332/4332/4332 4333/4333/4333 4325/4325/4325
f 4332/4332/4332 4325/4325/4325 4317/4317/4317
f 4325/4325/4325 4333/4333/4333 4334/4334/4334
f 4325/4325/4325 4334/4334/4334 4326/4326/4326
f 4328/4328/4328 4335/4335/4335 4342/4342/4342
f 4328/4328/4328 4342/4342/4342 4329/4329/4329
f 4283/4283/4283 4293/4293/4293 4336/4336/4336
f 4283/4283/4283 4336/4336/4336 4331/4331/4331
f 4331/4331/4331 4336/4336/4336 4337/4337/4337
f 4331/4331/4331 4337/4337/4337 4332/4332/4332
f 4337/4337/4337 4338/4338/4338 4333/4333/4333
f 4337/4337/4337 4333/4333/4333 4332/4332/4332
f 4333/4333/4333 4338/4338/4338 4339/4339/4339
f 4333/4333/4333 4339/4339/4339 4334/4334/4334
f 4339/4339/4339 4338/4338/4338 4340/4340/4340
f 4339/4339/4339 4340/4340/4340 4341/4341/4341
f 4339/4339/4339 4341/4341/4341 4335/4335/4335
f 4339/4339/4339 4335/4335/4335 4334/4334/4334
f 4297/4297/4297 4343/4343/4343 4336/4336/4336
f 4297/4297/4297 4336/4336/4336 4293/4293/4293
f 4336/4336/4336 4343/4343/4343 4344/4344/4344
f 4336/4336/4336 4344/4344/4344 4337/4337/4337
f 4337/4337/4337 4344/4344/4344 4345/4345/4345
f 4337/4337/4337 4345/4345/4345 4338/4338/4338
f 4297/4297/4297 4300/4300/4300 4346/4346/4346
f 4297/4297/4297 4346/4346/4346 4343/4343/4343
f 4344/4344/4344 4343/4343/4343 4346/4346/4346
f 4344/4344/4344 4346/4346/4346 4347/4347/4347
f 4345/4345/4345 4344/4344/4344 4347/4347/4347
f 4345/4345/4345 4347/4347/4347 4348/4348/4348
f 4345/4345/4345 4348/4348/4348 4340/4340/4340
f 4345/4345/4345 4340/4340/4340 4338/4338/4338
f 4340/4340/4340 4348/4348/4348 4349/4349/4349
f 4340/4340/4340 4349/4349/4349 4341/4341/4341
f 4303/4303/4303 4350/4350/4350 4346/4346/4346
f 4303/4303/4303 4346/4346/4346 4300/4300/4300
f 4346/4346/4346 4350/4350/4350 4351/4351/4351
f 4346/4346/4346 4351/4351/4351 4347/4347/4347
f 4347/4347/4347 4351/4351/4351 4352/4352/4352
f 4347/4347/4347 4352/4352/4352 4348/4348/4348
f 4169/4169/4169 4308/4308/4308 4353/4353/4353
f 4169/4169/4169 4353/4353/4353 4186/4186/4186
f 4258/4258/4258 4354/4354/4354 4247/4247/4247
f 4258/4258/4258 4247/4247/4247 4246/4246/4246
f 4257/4257/4257 3556/3556/3556 3581/3581/3581
f 4247/4247/4247 4354/4354/4354 4355/4355/4355
f 4247/4247/4247 4355/4355/4355 4259/4259/4259
f 4360/4360/4360 4361/4361/4361 4261/4261/4261
f 4360/4360/4360 4261/4261/4261 4260/4260/4260
f 4254/4254/4254 4357/4357/4357 4264/4264/4264
f 4357/4357/4357 4254/4254/4254 4262/4262/4262
f 4265/4265/4265 4358/4358/4358 3579/3579/3579
f 4255/4255/4255 4359/4359/4359 4266/4266/4266
f 4267/4267/4267 4359/4359/4359 4255/4255/4255
f 4360/4360/4360 4260/4260/4260 4355/4355/4355
f 4361/4361/4361 4362/4362/4362 4262/4262/4262
f 4361/4361/4361 4262/4262/4262 4261/4261/4261
f 4363/4363/4363 4264/4264/4264 4357/4357/4357
f 4363/4363/4363 4357/4357/4357 4364/4364/4364
f 4262/4262/4262 4362/4362/4362 4364/4364/4364
f 4262/4262/4262 4364/4364/4364 4357/4357/4357
f 3581/3581/3581 3597/3597/3597 4367/4367/4367
f 3581/3581/3581 4367/4367/4367 4257/4257/4257
f 4266/4266/4266 4365/4365/4365 4358/4358/4358
f 4359/4359/4359 4365/4365/4365 4266/4266/4266
f 4366/4366/4366 4267/4267/4267 4356/4356/4356
f 4257/4257/4257 4367/4367/4367 4368/4368/4368
f 4257/4257/4257 4368/4368/4368 4354/4354/4354
f 4354/4354/4354 4368/4368/4368 4369/4369/4369
f 4354/4354/4354 4369/4369/4369 4355/4355/4355
f 4356/4356/4356 4363/4363/4363 4372/4372/4372
f 4356/4356/4356 4372/4372/4372 4371/4371/4371
f 4360/4360/4360 4355/4355/4355 4369/4369/4369
f 3618/3618/3618 3593/3593/3593 4358/4358/4358
f 3618/3618/3618 4358/4358/4358 4373/4373/4373
f 4364/4364/4364 4372/4372/4372 4363/4363/4363
f 3621/3621/3621 4374/4374/4374 3597/3597/3597
f 3621/3621/3621 3597/3597/3597 3610/3610/3610
f 4359/4359/4359 4370/4370/4370 4365/4365/4365
f 4366/4366/4366 4371/4371/4371 4370/4370/4370
f 4366/4366/4366 4370/4370/4370 4359/4359/4359
f 3597/3597/3597 4374/4374/4374 4375/4375/4375
f 3597/3597/3597 4375/4375/4375 4367/4367/4367
f 4367/4367/4367 4376/4376/4376 4369/4369/4369
f 4367/4367/4367 4369/4369/4369 4368/4368/4368
f 4376/4376/4376 4377/4377/4377 4360/4360/4360
f 4376/4376/4376 4360/4360/4360 4369/4369/4369
f 4360/4360/4360 4377/4377/4377 4378/4378/4378
f 4360/4360/4360 4378/4378/4378 4361/4361/4361
f 4378/4378/4378 4379/4379/4379 4362/4362/4362
f 4378/4378/4378 4362/4362/4362 4361/4361/4361
f 4370/4370/4370 4371/4371/4371 4383/4383/4383
f 4370/4370/4370 4383/4383/4383 4382/4382/4382
f 4379/4379/4379 4384/4384/4384 4364/4364/4364
f 4379/4379/4379 4364/4364/4364 4362/4362/4362
f 4372/4372/4372 4383/4383/4383 4371/4371/4371
f 4380/4380/4380 3629/3629/3629 4385/4385/4385
f 4380/4380/4380 4385/4385/4385 4381/4381/4381
f 3629/3629/3629 4373/4373/4373 4365/4365/4365
f 3629/3629/3629 4365/4365/4365 4385/4385/4385
f 4365/4365/4365 4370/4370/4370 4382/4382/4382
f 4365/4365/4365 4382/4382/4382 4385/4385/4385
f 3631/3631/3631 4386/4386/4386 4374/4374/4374
f 3631/3631/3631 4374/4374/4374 3621/3621/3621
f 4386/4386/4386 4387/4387/4387 4375/4375/4375
f 4386/4386/4386 4375/4375/4375 4374/4374/4374
f 4387/4387/4387 4388/4388/4388 4367/4367/4367
f 4387/4387/4387 4367/4367/4367 4375/4375/4375
f 4388/4388/4388 4389/4389/4389 4376/4376/4376
f 4388/4388/4388 4376/4376/4376 4367/4367/4367
f 4389/4389/4389 4390/4390/4390 4377/4377/4377
f 4389/4389/4389 4377/4377/4377 4376/4376/4376
f 4377/4377/4377 4390/4390/4390 4391/4391/4391
f 4377/4377/4377 4391/4391/4391 4378/4378/4378
f 4391/4391/4391 4390/4390/4390 4392/4392/4392
f 4391/4391/4391 4392/4392/4392 4393/4393/4393
f 4391/4391/4391 4393/4393/4393 4379/4379/4379
f 4391/4391/4391 4379/4379/4379 4378/4378/4378
f 3636/3636/3636 3628/3628/3628 4380/4380/4380
f 3636/3636/3636 4380/4380/4380 4394/4394/4394
f 4394/4394/4394 4380/4380/4380 4381/4381/4381
f 4394/4394/4394 4381/4381/4381 4395/4395/4395
f 4381/4381/4381 4382/4382/4382 4396/4396/4396
f 4381/4381/4381 4396/4396/4396 4395/4395/4395
f 4372/4372/4372 4384/4384/4384 4398/4398/4398
f 4372/4372/4372 4398/4398/4398 4397/4397/4397
f 4383/4383/4383 4396/4396/4396 4382/4382/4382
f 4379/4379/4379 4393/4393/4393 4398/4398/4398
f 4379/4379/4379 4398/4398/4398 4384/4384/4384
f 3637/3637/3637 4399/4399/4399 4386/4386/4386
f 3637/3637/3637 4386/4386/4386 3631/3631/3631
f 4399/4399/4399 4400/4400/4400 4387/4387/4387
f 4399/4399/4399 4387/4387/4387 4386/4386/4386
f 4400/4400/4400 4401/4401/4401 4388/4388/4388
f 4400/4400/4400 4388/4388/4388 4387/4387/4387
f 4388/4388/4388 4401/4401/4401 4402/4402/4402
f 4388/4388/4388 4402/4402/4402 4389/4389/4389
f 4389/4389/4389 4402/4402/4402 4403/4403/4403
f 4389/4389/4389 4403/4403/4403 4390/4390/4390
f 3637/3637/3637 3638/3638/3638 4404/4404/4404
f 3637/3637/3637 4404/4404/4404 4399/4399/4399
f 4401/4401/4401 4400/4400/4400 4404/4404/4404
f 4401/4401/4401 4404/4404/4404 4405/4405/4405
f 4402/4402/4402 4401/4401/4401 4405/4405/4405
f 4402/4402/4402 4405/4405/4405 4406/4406/4406
f 4403/4403/4403 4402/4402/4402 4406/4406/4406
f 4403/4403/4403 4406/4406/4406 4407/4407/4407
f 4403/4403/4403 4407/4407/4407 4392/4392/4392
f 4403/4403/4403 4392/4392/4392 4390/4390/4390
f 4392/4392/4392 4407/4407/4407 4408/4408/4408
f 4392/4392/4392 4408/4408/4408 4393/4393/4393
f 4404/4404/4404 3638/3638/3638 3639/3639/3639
f 4404/4404/4404 3639/3639/3639 4409/4409/4409
f 3639/3639/3639 3636/3636/3636 4394/4394/4394
f 3639/3639/3639 4394/4394/4394 4409/4409/4409
f 4409/4409/4409 4394/4394/4394 4395/4395/4395
f 4409/4409/4409 4395/4395/4395 4410/4410/4410
f 4395/4395/4395 4396/4396/4396 4411/4411/4411
f 4395/4395/4395 4411/4411/4411 4410/4410/4410
f 4396/4396/4396 4383/4383/4383 4412/4412/4412
f 4396/4396/4396 4412/4412/4412 4411/4411/4411
f 4383/4383/4383 4397/4397/4397 4413/4413/4413
f 4383/4383/4383 4413/4413/4413 4412/4412/4412
f 4408/4408/4408 4407/4407/4407 4413/4413/4413
f 4408/4408/4408 4413/4413/4413 4414/4414/4414
f 4397/4397/4397 4398/4398/4398 4414/4414/4414
f 4397/4397/4397 4414/4414/4414 4413/4413/4413
f 4408/4408/4408 4414/4414/4414 4398/4398/4398
f 4408/4408/4408 4398/4398/4398 4393/4393/4393
f 4415/4415/4415 4416/4416/4416 4405/4405/4405
f 4415/4415/4415 4405/4405/4405 4404/4404/4404
f 4405/4405/4405 4416/4416/4416 4417/4417/4417
f 4405/4405/4405 4417/4417/4417 4406/4406/4406
f 4406/4406/4406 4417/4417/4417 4418/4418/4418
f 4406/4406/4406 4418/4418/4418 4407/4407/4407
f 4404/4404/4404 4410/4410/4410 4419/4419/4419
f 4404/4404/4404 4419/4419/4419 4415/4415/4415
f 4415/4415/4415 4419/4419/4419 4420/4420/4420
f 4415/4415/4415 4420/4420/4420 4416/4416/4416
f 4419/4419/4419 4410/4410/4410 4411/4411/4411
f 4419/4419/4419 4411/4411/4411 4420/4420/4420
f 4417/4417/4417 4416/4416/4416 4420/4420/4420
f 4417/4417/4417 4420/4420/4420 4421/4421/4421
f 4411/4411/4411 4412/4412/4412 4421/4421/4421
f 4411/4411/4411 4421/4421/4421 4420/4420/4420
f 4418/4418/4418 4417/4417/4417 4421/4421/4421
f 4418/4418/4418 4421/4421/4421 4422/4422/4422
f 4412/4412/4412 4413/4413/4413 4422/4422/4422
f 4412/4412/4412 4422/4422/4422 4421/4421/4421
f 4407/4407/4407 4418/4418/4418 4422/4422/4422
f 4407/4407/4407 4422/4422/4422 4413/4413/4413
f 641/641/641 1811/1811/1811 4423/4423/4423
f 641/641/641 4423/4423/4423 3042/3042/3042
f 3043/3043/3043 3042/3042/3042 4423/4423/4423
f 3043/3043/3043 4423/4423/4423 4424/4424/4424
f 1811/1811/1811 1812/1812/1812 4424/4424/4424
f 1811/1811/1811 4424/4424/4424 4423/4423/4423
f 4424/4424/4424 1812/1812/1812 1813/1813/1813
f 4424/4424/4424 1813/1813/1813 4425/4425/4425
f 4425/4425/4425 1813/1813/1813 1814/1814/1814
f 4425/4425/4425 1814/1814/1814 4426/4426/4426
f 4426/4426/4426 1814/1814/1814 1815/1815/1815
f 4426/4426/4426 1815/1815/1815 4427/4427/4427
f 3043/3043/3043 4424/4424/4424 4428/4428/4428
f 3043/3043/3043 4428/4428/4428 3056/3056/3056
f 3057/3057/3057 3056/3056/3056 4428/4428/4428
f 3057/3057/3057 4428/4428/4428 4429/4429/4429
f 4428/4428/4428 4424/4424/4424 4425/4425/4425
f 4428/4428/4428 4425/4425/4425 4429/4429/4429
f 4429/4429/4429 4425/4425/4425 4426/4426/4426
f 4429/4429/4429 4426/4426/4426 4430/4430/4430
f 3057/3057/3057 4429/4429/4429 4434/4434/4434
f 3057/3057/3057 4434/4434/4434 3070/3070/3070
f 4431/4431/4431 4430/4430/4430 4426/4426/4426
f 4432/4432/4432 4431/4431/4431 4427/4427/4427
f 4427/4427/4427 4433/4433/4433 4432/4432/4432
f 3071/3071/3071 3070/3070/3070 4434/4434/4434
f 3071/3071/3071 4434/4434/4434 4435/4435/4435
f 4430/4430/4430 4431/4431/4431 4438/4438/4438
f 4430/4430/4430 4438/4438/4438 4435/4435/4435
f 4430/4430/4430 4435/4435/4435 4434/4434/4434
f 4438/4438/4438 4432/4432/4432 4433/4433/4433
f 4438/4438/4438 4433/4433/4433 4439/4439/4439
f 4438/4438/4438 4439/4439/4439 4436/4436/4436
f 3071/3071/3071 4435/4435/4435 4440/4440/4440
f 3071/3071/3071 4440/4440/4440 3081/3081/3081
f 3081/3081/3081 4440/4440/4440 4441/4441/4441
f 3081/3081/3081 4441/4441/4441 3082/3082/3082
f 1815/1815/1815 1885/1885/1885 4442/4442/4442
f 1815/1815/1815 4442/4442/4442 4427/4427/4427
f 4436/4436/4436 4441/4441/4441 4440/4440/4440
f 1885/1885/1885 1886/1886/1886 4444/4444/4444
f 1885/1885/1885 4444/4444/4444 4442/4442/4442
f 4443/4443/4443 4442/4442/4442 4444/4444/4444
f 4443/4443/4443 4444/4444/4444 4445/4445/4445
f 1886/1886/1886 1887/1887/1887 4445/4445/4445
f 1886/1886/1886 4445/4445/4445 4444/4444/4444
f 1887/1887/1887 1888/1888/1888 4446/4446/4446
f 1887/1887/1887 4446/4446/4446 4445/4445/4445
f 1888/1888/1888 1889/1889/1889 4447/4447/4447
f 1888/1888/1888 4447/4447/4447 4446/4446/4446
f 1889/1889/1889 1890/1890/1890 4448/4448/4448
f 1889/1889/1889 4448/4448/4448 4447/4447/4447
f 4448/4448/4448 1890/1890/1890 1891/1891/1891
f 4448/4448/4448 1891/1891/1891 4449/4449/4449
f 4449/4449/4449 1891/1891/1891 1892/1892/1892
f 4449/4449/4449 1892/1892/1892 4450/4450/4450
f 1892/1892/1892 1893/1893/1893 4451/4451/4451
f 1892/1892/1892 4451/4451/4451 4450/4450/4450
f 4433/4433/4433 4427/4427/4427 4442/4442/4442
f 4433/4433/4433 4442/4442/4442 4452/4452/4452
f 4453/4453/4453 4452/4452/4452 4443/4443/4443
f 4453/4453/4453 4443/4443/4443 4455/4455/4455
f 4443/4443/4443 4445/4445/4445 4446/4446/4446
f 4443/4443/4443 4446/4446/4446 4455/4455/4455
f 4454/4454/4454 4453/4453/4453 4455/4455/4455
f 4454/4454/4454 4455/4455/4455 4456/4456/4456
f 4455/4455/4455 4446/4446/4446 4447/4447/4447
f 4455/4455/4455 4447/4447/4447 4456/4456/4456
f 4447/4447/4447 4448/4448/4448 4457/4457/4457
f 4447/4447/4447 4457/4457/4457 4456/4456/4456
f 4457/4457/4457 4448/4448/4448 4449/4449/4449
f 4457/4457/4457 4449/4449/4449 4458/4458/4458
f 4460/4460/4460 4450/4450/4450 4451/4451/4451
f 4460/4460/4460 4451/4451/4451 4461/4461/4461
f 4459/4459/4459 4458/4458/4458 4449/4449/4449
f 4450/4450/4450 4460/4460/4460 4459/4459/4459
f 4439/4439/4439 4433/4433/4433 4452/4452/4452
f 4439/4439/4439 4452/4452/4452 4463/4463/4463
f 4451/4451/4451 4462/4462/4462 4461/4461/4461
f 4439/4439/4439 4463/4463/4463 4437/4437/4437
f 4463/4463/4463 4452/4452/4452 4453/4453/4453
f 4463/4463/4463 4453/4453/4453 4464/4464/4464
f 4464/4464/4464 4453/4453/4453 4454/4454/4454
f 4464/4464/4464 4454/4454/4454 4465/4465/4465
f 4454/4454/4454 4456/4456/4456 4467/4467/4467
f 4454/4454/4454 4467/4467/4467 4465/4465/4465
f 4466/4466/4466 4465/4465/4465 4467/4467/4467
f 4466/4466/4466 4467/4467/4467 4468/4468/4468
f 4467/4467/4467 4456/4456/4456 4457/4457/4457
f 4467/4467/4467 4457/4457/4457 4468/4468/4468
f 4457/4457/4457 4458/4458/4458 4469/4469/4469
f 4457/4457/4457 4469/4469/4469 4468/4468/4468
f 4469/4469/4469 4458/4458/4458 4459/4459/4459
f 4469/4469/4469 4459/4459/4459 4470/4470/4470
f 4460/4460/4460 4461/4461/4461 4473/4473/4473
f 4460/4460/4460 4473/4473/4473 4472/4472/4472
f 4471/4471/4471 4470/4470/4470 4459/4459/4459
f 4472/4472/4472 4471/4471/4471 4460/4460/4460
f 4437/4437/4437 4463/4463/4463 4478/4478/4478
f 4437/4437/4437 4478/4478/4478 4474/4474/4474
f 4441/4441/4441 4474/4474/4474 3083/3083/3083
f 4437/4437/4437 4474/4474/4474 4441/4441/4441
f 4474/4474/4474 4475/4475/4475 3083/3083/3083
f 4476/4476/4476 4475/4475/4475 4478/4478/4478
f 4476/4476/4476 4478/4478/4478 4479/4479/4479
f 4478/4478/4478 4464/4464/4464 4465/4465/4465
f 4478/4478/4478 4465/4465/4465 4479/4479/4479
f 4477/4477/4477 4476/4476/4476 4479/4479/4479
f 4477/4477/4477 4479/4479/4479 4480/4480/4480
f 4479/4479/4479 4465/4465/4465 4466/4466/4466
f 4479/4479/4479 4466/4466/4466 4480/4480/4480
f 4466/4466/4466 4468/4468/4468 4482/4482/4482
f 4466/4466/4466 4482/4482/4482 4480/4480/4480
f 4481/4481/4481 4480/4480/4480 4482/4482/4482
f 4481/4481/4481 4482/4482/4482 4483/4483/4483
f 4468/4468/4468 4469/4469/4469 4484/4484/4484
f 4468/4468/4468 4484/4484/4484 4482/4482/4482
f 4469/4469/4469 4470/4470/4470 4485/4485/4485
f 4469/4469/4469 4485/4485/4485 4484/4484/4484
f 4470/4470/4470 4471/4471/4471 4486/4486/4486
f 4470/4470/4470 4486/4486/4486 4485/4485/4485
f 4471/4471/4471 4472/4472/4472 4487/4487/4487
f 4471/4471/4471 4487/4487/4487 4486/4486/4486
f 4472/4472/4472 4473/4473/4473 4488/4488/4488
f 4472/4472/4472 4488/4488/4488 4487/4487/4487
f 3083/3083/3083 4475/4475/4475 4489/4489/4489
f 3083/3083/3083 4489/4489/4489 3130/3130/3130
f 4489/4489/4489 4475/4475/4475 4476/4476/4476
f 4489/4489/4489 4476/4476/4476 4490/4490/4490
f 4489/4489/4489 4490/4490/4490 3131/3131/3131
f 3132/3132/3132 3131/3131/3131 4490/4490/4490
f 3132/3132/3132 4490/4490/4490 4491/4491/4491
f 4490/4490/4490 4476/4476/4476 4477/4477/4477
f 4490/4490/4490 4477/4477/4477 4491/4491/4491
f 3132/3132/3132 4491/4491/4491 4492/4492/4492
f 3132/3132/3132 4492/4492/4492 3133/3133/3133
f 4477/4477/4477 4480/4480/4480 4493/4493/4493
f 4477/4477/4477 4493/4493/4493 4491/4491/4491
f 4492/4492/4492 4491/4491/4491 4493/4493/4493
f 4492/4492/4492 4493/4493/4493 4494/4494/4494
f 4493/4493/4493 4480/4480/4480 4481/4481/4481
f 4493/4493/4493 4481/4481/4481 4494/4494/4494
f 4481/4481/4481 4483/4483/4483 4495/4495/4495
f 4481/4481/4481 4495/4495/4495 4494/4494/4494
f 4484/4484/4484 4485/4485/4485 4496/4496/4496
f 4484/4484/4484 4496/4496/4496 4483/4483/4483
f 4485/4485/4485 4486/4486/4486 4497/4497/4497
f 4485/4485/4485 4497/4497/4497 4496/4496/4496
f 4486/4486/4486 4487/4487/4487 4498/4498/4498
f 4486/4486/4486 4498/4498/4498 4497/4497/4497
f 3133/3133/3133 4492/4492/4492 4500/4500/4500
f 3133/3133/3133 4500/4500/4500 3137/3137/3137
f 4488/4488/4488 4498/4498/4498 4487/4487/4487
f 4488/4488/4488 4499/4499/4499 4498/4498/4498
f 3137/3137/3137 4500/4500/4500 4501/4501/4501
f 3137/3137/3137 4501/4501/4501 3140/3140/3140
f 4492/4492/4492 4494/4494/4494 4502/4502/4502
f 4492/4492/4492 4502/4502/4502 4500/4500/4500
f 4500/4500/4500 4502/4502/4502 4503/4503/4503
f 4500/4500/4500 4503/4503/4503 4501/4501/4501
f 4502/4502/4502 4494/4494/4494 4495/4495/4495
f 4502/4502/4502 4495/4495/4495 4504/4504/4504
f 4495/4495/4495 4483/4483/4483 4505/4505/4505
f 4495/4495/4495 4505/4505/4505 4504/4504/4504
f 4483/4483/4483 4496/4496/4496 4507/4507/4507
f 4483/4483/4483 4507/4507/4507 4505/4505/4505
f 4505/4505/4505 4506/4506/4506 4504/4504/4504
f 4496/4496/4496 4497/4497/4497 4508/4508/4508
f 4496/4496/4496 4508/4508/4508 4507/4507/4507
f 4498/4498/4498 4499/4499/4499 4510/4510/4510
f 4498/4498/4498 4510/4510/4510 4509/4509/4509
f 4498/4498/4498 4508/4508/4508 4497/4497/4497
f 4498/4498/4498 4509/4509/4509 4508/4508/4508
f 3140/3140/3140 4511/4511/4511 4512/4512/4512
f 3140/3140/3140 4512/4512/4512 3141/3141/3141
f 4501/4501/4501 4511/4511/4511 3140/3140/3140
f 4511/4511/4511 4503/4503/4503 4513/4513/4513
f 4511/4511/4511 4513/4513/4513 4512/4512/4512
f 4515/4515/4515 4506/4506/4506 4516/4516/4516
f 4515/4515/4515 4516/4516/4516 4517/4517/4517
f 4504/4504/4504 4514/4514/4514 4503/4503/4503
f 4514/4514/4514 4513/4513/4513 4503/4503/4503
f 4506/4506/4506 4514/4514/4514 4504/4504/4504
f 4509/4509/4509 4510/4510/4510 4521/4521/4521
f 4509/4509/4509 4521/4521/4521 4520/4520/4520
f 4516/4516/4516 4518/4518/4518 4517/4517/4517
f 4508/4508/4508 4518/4518/4518 4516/4516/4516
f 4509/4509/4509 4518/4518/4518 4508/4508/4508
f 4514/4514/4514 4519/4519/4519 4513/4513/4513
f 4509/4509/4509 4520/4520/4520 4518/4518/4518
f 4512/4512/4512 4513/4513/4513 4524/4524/4524
f 4512/4512/4512 4524/4524/4524 4523/4523/4523
f 4521/4521/4521 4522/4522/4522 4520/4520/4520
f 4524/4524/4524 4513/4513/4513 4519/4519/4519
f 4524/4524/4524 4519/4519/4519 4525/4525/4525
f 4525/4525/4525 4519/4519/4519 4515/4515/4515
f 4525/4525/4525 4515/4515/4515 4526/4526/4526
f 4526/4526/4526 4515/4515/4515 4517/4517/4517
f 4526/4526/4526 4517/4517/4517 4527/4527/4527
f 4527/4527/4527 4517/4517/4517 4518/4518/4518
f 4527/4527/4527 4518/4518/4518 4528/4528/4528
f 4531/4531/4531 4530/4530/4530 4522/4522/4522
f 4531/4531/4531 4522/4522/4522 4532/4532/4532
f 4528/4528/4528 4529/4529/4529 4527/4527/4527
f 4528/4528/4528 4530/4530/4530 4529/4529/4529
f 4520/4520/4520 4530/4530/4530 4528/4528/4528
f 4522/4522/4522 4530/4530/4530 4520/4520/4520
f 1893/1893/1893 1906/1906/1906 4533/4533/4533
f 1893/1893/1893 4533/4533/4533 4451/4451/4451
f 1906/1906/1906 1907/1907/1907 4534/4534/4534
f 1906/1906/1906 4534/4534/4534 4533/4533/4533
f 4536/4536/4536 4462/4462/4462 4535/4535/4535
f 4536/4536/4536 4535/4535/4535 4537/4537/4537
f 4533/4533/4533 4535/4535/4535 4462/4462/4462
f 4536/4536/4536 4473/4473/4473 4462/4462/4462
f 1956/1956/1956 1957/1957/1957 4541/4541/4541
f 1956/1956/1956 4541/4541/4541 4540/4540/4540
f 4536/4536/4536 4488/4488/4488 4473/4473/4473
f 4536/4536/4536 4538/4538/4538 4488/4488/4488
f 4537/4537/4537 4538/4538/4538 4536/4536/4536
f 4538/4538/4538 4499/4499/4499 4488/4488/4488
f 4539/4539/4539 4534/4534/4534 1907/1907/1907
f 1955/1955/1955 4540/4540/4540 4539/4539/4539
f 4541/4541/4541 1957/1957/1957 1958/1958/1958
f 4541/4541/4541 1958/1958/1958 4542/4542/4542
f 4542/4542/4542 1958/1958/1958 1959/1959/1959
f 4542/4542/4542 1959/1959/1959 4543/4543/4543
f 4545/4545/4545 4539/4539/4539 4540/4540/4540
f 4545/4545/4545 4540/4540/4540 4546/4546/4546
f 1961/1961/1961 4544/4544/4544 1960/1960/1960
f 4545/4545/4545 4535/4535/4535 4539/4539/4539
f 4550/4550/4550 1960/1960/1960 4544/4544/4544
f 4550/4550/4550 4544/4544/4544 4551/4551/4551
f 4541/4541/4541 4547/4547/4547 4546/4546/4546
f 4547/4547/4547 4549/4549/4549 4548/4548/4548
f 4542/4542/4542 4549/4549/4549 4547/4547/4547
f 4543/4543/4543 4550/4550/4550 4549/4549/4549
f 4552/4552/4552 4545/4545/4545 4546/4546/4546
f 4552/4552/4552 4546/4546/4546 4553/4553/4553
f 4535/4535/4535 4552/4552/4552 4537/4537/4537
f 4554/4554/4554 4546/4546/4546 4547/4547/4547
f 4554/4554/4554 4547/4547/4547 4555/4555/4555
f 4554/4554/4554 4553/4553/4553 4546/4546/4546
f 4556/4556/4556 4550/4550/4550 4551/4551/4551
f 4556/4556/4556 4551/4551/4551 4557/4557/4557
f 4549/4549/4549 4556/4556/4556 4548/4548/4548
f 4558/4558/4558 4538/4538/4538 4537/4537/4537
f 4558/4558/4558 4537/4537/4537 4559/4559/4559
f 4552/4552/4552 4553/4553/4553 4560/4560/4560
f 4552/4552/4552 4560/4560/4560 4559/4559/4559
f 4552/4552/4552 4559/4559/4559 4537/4537/4537
f 4562/4562/4562 4548/4548/4548 4556/4556/4556
f 4562/4562/4562 4556/4556/4556 4564/4564/4564
f 4553/4553/4553 4561/4561/4561 4560/4560/4560
f 4554/4554/4554 4561/4561/4561 4553/4553/4553
f 4555/4555/4555 4561/4561/4561 4554/4554/4554
f 4555/4555/4555 4562/4562/4562 4561/4561/4561
f 4562/4562/4562 4564/4564/4564 4563/4563/4563
f 4564/4564/4564 4556/4556/4556 4557/4557/4557
f 4564/4564/4564 4557/4557/4557 4565/4565/4565
f 4499/4499/4499 4566/4566/4566 4573/4573/4573
f 4499/4499/4499 4573/4573/4573 4510/4510/4510
f 4538/4538/4538 4566/4566/4566 4499/4499/4499
f 4558/4558/4558 4566/4566/4566 4538/4538/4538
f 4558/4558/4558 4567/4567/4567 4566/4566/4566
f 4559/4559/4559 4567/4567/4567 4558/4558/4558
f 4560/4560/4560 4567/4567/4567 4559/4559/4559
f 4560/4560/4560 4568/4568/4568 4567/4567/4567
f 4561/4561/4561 4568/4568/4568 4560/4560/4560
f 4561/4561/4561 4569/4569/4569 4568/4568/4568
f 4570/4570/4570 4569/4569/4569 4561/4561/4561
f 4563/4563/4563 4572/4572/4572 4571/4571/4571
f 4564/4564/4564 4572/4572/4572 4563/4563/4563
f 4567/4567/4567 4568/4568/4568 4576/4576/4576
f 4567/4567/4567 4576/4576/4576 4575/4575/4575
f 4566/4566/4566 4574/4574/4574 4573/4573/4573
f 4567/4567/4567 4575/4575/4575 4574/4574/4574
f 4569/4569/4569 4570/4570/4570 4578/4578/4578
f 4569/4569/4569 4578/4578/4578 4577/4577/4577
f 4569/4569/4569 4577/4577/4577 4576/4576/4576
f 4571/4571/4571 4572/4572/4572 4580/4580/4580
f 4571/4571/4571 4580/4580/4580 4579/4579/4579
f 4574/4574/4574 4575/4575/4575 4582/4582/4582
f 4574/4574/4574 4582/4582/4582 4581/4581/4581
f 4573/4573/4573 4521/4521/4521 4510/4510/4510
f 4573/4573/4573 4581/4581/4581 4522/4522/4522
f 4574/4574/4574 4581/4581/4581 4573/4573/4573
f 4575/4575/4575 4576/4576/4576 4584/4584/4584
f 4575/4575/4575 4584/4584/4584 4582/4582/4582
f 4577/4577/4577 4578/4578/4578 4587/4587/4587
f 4577/4577/4577 4587/4587/4587 4585/4585/4585
f 4584/4584/4584 4585/4585/4585 4583/4583/4583
f 4577/4577/4577 4585/4585/4585 4584/4584/4584
f 4586/4586/4586 4585/4585/4585 4587/4587/4587
f 4586/4586/4586 4587/4587/4587 4579/4579/4579
f 4522/4522/4522 4581/4581/4581 4588/4588/4588
f 4522/4522/4522 4588/4588/4588 4532/4532/4532
f 4581/4581/4581 4582/4582/4582 4590/4590/4590
f 4581/4581/4581 4590/4590/4590 4588/4588/4588
f 4583/4583/4583 4585/4585/4585 4593/4593/4593
f 4583/4583/4583 4593/4593/4593 4591/4591/4591
f 4590/4590/4590 4591/4591/4591 4589/4589/4589
f 4583/4583/4583 4591/4591/4591 4590/4590/4590
f 4592/4592/4592 4591/4591/4591 4593/4593/4593
f 4592/4592/4592 4593/4593/4593 4586/4586/4586
f 1961/1961/1961 2004/2004/2004 4595/4595/4595
f 1961/1961/1961 4595/4595/4595 4544/4544/4544
f 2004/2004/2004 2005/2005/2005 4596/4596/4596
f 2004/2004/2004 4596/4596/4596 4595/4595/4595
f 4596/4596/4596 2005/2005/2005 2006/2006/2006
f 4596/4596/4596 2006/2006/2006 4597/4597/4597
f 4597/4597/4597 2006/2006/2006 2003/2003/2003
f 4597/4597/4597 2003/2003/2003 4594/4594/4594
f 4603/4603/4603 4557/4557/4557 4551/4551/4551
f 4603/4603/4603 4551/4551/4551 4606/4606/4606
f 4600/4600/4600 4551/4551/4551 4544/4544/4544
f 4601/4601/4601 4600/4600/4600 4595/4595/4595
f 4596/4596/4596 4602/4602/4602 4601/4601/4601
f 4597/4597/4597 4598/4598/4598 4602/4602/4602
f 4600/4600/4600 4601/4601/4601 4607/4607/4607
f 4600/4600/4600 4607/4607/4607 4606/4606/4606
f 4600/4600/4600 4606/4606/4606 4551/4551/4551
f 4607/4607/4607 4601/4601/4601 4602/4602/4602
f 4607/4607/4607 4602/4602/4602 4608/4608/4608
f 4604/4604/4604 4605/4605/4605 4614/4614/4614
f 4604/4604/4604 4614/4614/4614 4613/4613/4613
f 4609/4609/4609 4608/4608/4608 4602/4602/4602
f 4609/4609/4609 4605/4605/4605 4604/4604/4604
f 4603/4603/4603 4610/4610/4610 4565/4565/4565
f 4611/4611/4611 4610/4610/4610 4615/4615/4615
f 4611/4611/4611 4615/4615/4615 4612/4612/4612
f 4604/4604/4604 4613/4613/4613 4615/4615/4615
f 4604/4604/4604 4615/4615/4615 4608/4608/4608
f 4607/4607/4607 4615/4615/4615 4610/4610/4610
f 4615/4615/4615 4613/4613/4613 4612/4612/4612
f 4613/4613/4613 4614/4614/4614 4619/4619/4619
f 4613/4613/4613 4619/4619/4619 4618/4618/4618
f 4565/4565/4565 4617/4617/4617 4572/4572/4572
f 4621/4621/4621 4620/4620/4620 4580/4580/4580
f 4621/4621/4621 4580/4580/4580 4627/4627/4627
f 4622/4622/4622 4627/4627/4627 4628/4628/4628
f 4622/4622/4622 4628/4628/4628 4623/4623/4623
f 4617/4617/4617 4627/4627/4627 4580/4580/4580
f 4627/4627/4627 4622/4622/4622 4621/4621/4621
f 4611/4611/4611 4612/4612/4612 4628/4628/4628
f 4611/4611/4611 4628/4628/4628 4627/4627/4627
f 4624/4624/4624 4628/4628/4628 4629/4629/4629
f 4624/4624/4624 4629/4629/4629 4625/4625/4625
f 4628/4628/4628 4624/4624/4624 4623/4623/4623
f 4616/4616/4616 4626/4626/4626 4629/4629/4629
f 4616/4616/4616 4629/4629/4629 4619/4619/4619
f 4629/4629/4629 4628/4628/4628 4618/4618/4618
f 4629/4629/4629 4626/4626/4626 4625/4625/4625
f 4630/4630/4630 4586/4586/4586 4579/4579/4579
f 4630/4630/4630 4579/4579/4579 4620/4620/4620
f 4631/4631/4631 4625/4625/4625 4634/4634/4634
f 4631/4631/4631 4634/4634/4634 4632/4632/4632
f 4620/4620/4620 4633/4633/4633 4630/4630/4630
f 4621/4621/4621 4633/4633/4633 4620/4620/4620
f 4622/4622/4622 4633/4633/4633 4621/4621/4621
f 4631/4631/4631 4632/4632/4632 4640/4640/4640
f 4631/4631/4631 4640/4640/4640 4635/4635/4635
f 4586/4586/4586 4637/4637/4637 4592/4592/4592
f 4630/4630/4630 4637/4637/4637 4586/4586/4586
f 4630/4630/4630 4638/4638/4638 4637/4637/4637
f 4635/4635/4635 4639/4639/4639 4631/4631/4631
f 4640/4640/4640 4636/4636/4636 4635/4635/4635
f 4638/4638/4638 4633/4633/4633 4641/4641/4641
f 4638/4638/4638 4641/4641/4641 4639/4639/4639
f 4633/4633/4633 4638/4638/4638 4630/4630/4630
f 4633/4633/4633 4622/4622/4622 4623/4623/4623
f 4633/4633/4633 4623/4623/4623 4641/4641/4641
f 4631/4631/4631 4639/4639/4639 4641/4641/4641
f 4631/4631/4631 4641/4641/4641 4624/4624/4624
f 2003/2003/2003 2054/2054/2054 4642/4642/4642
f 2003/2003/2003 4642/4642/4642 4594/4594/4594
f 2054/2054/2054 2055/2055/2055 4643/4643/4643
f 2054/2054/2054 4643/4643/4643 4642/4642/4642
f 2055/2055/2055 2056/2056/2056 4644/4644/4644
f 2055/2055/2055 4644/4644/4644 4643/4643/4643
f 4644/4644/4644 2056/2056/2056 2057/2057/2057
f 4644/4644/4644 2057/2057/2057 4645/4645/4645
f 4642/4642/4642 4643/4643/4643 4649/4649/4649
f 4642/4642/4642 4649/4649/4649 4599/4599/4599
f 4647/4647/4647 4645/4645/4645 2058/2058/2058
f 4648/4648/4648 4647/4647/4647 2059/2059/2059
f 4643/4643/4643 4644/4644/4644 4650/4650/4650
f 4643/4643/4643 4650/4650/4650 4649/4649/4649
f 4644/4644/4644 4645/4645/4645 4651/4651/4651
f 4644/4644/4644 4651/4651/4651 4650/4650/4650
f 4653/4653/4653 4655/4655/4655 4656/4656/4656
f 4653/4653/4653 4656/4656/4656 4654/4654/4654
f 4652/4652/4652 4651/4651/4651 4645/4645/4645
f 4599/4599/4599 4655/4655/4655 4605/4605/4605
f 4649/4649/4649 4650/4650/4650 4656/4656/4656
f 4649/4649/4649 4656/4656/4656 4655/4655/4655
f 4650/4650/4650 4651/4651/4651 4657/4657/4657
f 4650/4650/4650 4657/4657/4657 4656/4656/4656
f 4661/4661/4661 4653/4653/4653 4654/4654/4654
f 4661/4661/4661 4654/4654/4654 4662/4662/4662
f 4652/4652/4652 4658/4658/4658 4657/4657/4657
f 4646/4646/4646 4659/4659/4659 4658/4658/4658
f 4605/4605/4605 4655/4655/4655 4660/4660/4660
f 4605/4605/4605 4660/4660/4660 4614/4614/4614
f 4653/4653/4653 4661/4661/4661 4660/4660/4660
f 4653/4653/4653 4660/4660/4660 4655/4655/4655
f 4654/4654/4654 4656/4656/4656 4664/4664/4664
f 4654/4654/4654 4664/4664/4664 4662/4662/4662
f 4666/4666/4666 4668/4668/4668 4669/4669/4669
f 4666/4666/4666 4669/4669/4669 4667/4667/4667
f 4657/4657/4657 4663/4663/4663 4664/4664/4664
f 4658/4658/4658 4665/4665/4665 4663/4663/4663
f 4661/4661/4661 4662/4662/4662 4669/4669/4669
f 4661/4661/4661 4669/4669/4669 4668/4668/4668
f 4669/4669/4669 4662/4662/4662 4663/4663/4663
f 4669/4669/4669 4663/4663/4663 4670/4670/4670
f 4674/4674/4674 4666/4666/4666 4667/4667/4667
f 4674/4674/4674 4667/4667/4667 4675/4675/4675
f 4619/4619/4619 4668/4668/4668 4616/4616/4616
f 4663/4663/4663 4671/4671/4671 4670/4670/4670
f 4672/4672/4672 4671/4671/4671 4665/4665/4665
f 4616/4616/4616 4668/4668/4668 4673/4673/4673
f 4616/4616/4616 4673/4673/4673 4626/4626/4626
f 4667/4667/4667 4669/4669/4669 4677/4677/4677
f 4667/4667/4667 4677/4677/4677 4675/4675/4675
f 4674/4674/4674 4673/4673/4673 4668/4668/4668
f 4674/4674/4674 4668/4668/4668 4666/4666/4666
f 4673/4673/4673 4674/4674/4674 4682/4682/4682
f 4673/4673/4673 4682/4682/4682 4685/4685/4685
f 4677/4677/4677 4678/4678/4678 4676/4676/4676
f 4670/4670/4670 4678/4678/4678 4677/4677/4677
f 4679/4679/4679 4678/4678/4678 4670/4670/4670
f 4679/4679/4679 4680/4680/4680 4678/4678/4678
f 4671/4671/4671 4680/4680/4680 4679/4679/4679
f 4674/4674/4674 4675/4675/4675 4683/4683/4683
f 4674/4674/4674 4683/4683/4683 4682/4682/4682
f 4683/4683/4683 4675/4675/4675 4676/4676/4676
f 4683/4683/4683 4676/4676/4676 4686/4686/4686
f 4683/4683/4683 4686/4686/4686 4684/4684/4684
f 4678/4678/4678 4680/4680/4680 4689/4689/4689
f 4678/4678/4678 4689/4689/4689 4688/4688/4688
f 4634/4634/4634 4685/4685/4685 4632/4632/4632
f 4676/4676/4676 4688/4688/4688 4687/4687/4687
f 4678/4678/4678 4688/4688/4688 4676/4676/4676
f 4690/4690/4690 4681/4681/4681 4692/4692/4692
f 4690/4690/4690 4692/4692/4692 4894/4894/4894
f 4692/4692/4692 4682/4682/4682 4683/4683/4683
f 4692/4692/4692 4683/4683/4683 4691/4691/4691
f 4632/4632/4632 4685/4685/4685 4681/4681/4681
f 4632/4632/4632 4681/4681/4681 4640/4640/4640
f 2059/2059/2059 2084/2084/2084 4695/4695/4695
f 2059/2059/2059 4695/4695/4695 4648/4648/4648
f 4687/4687/4687 4694/4694/4694 4693/4693/4693
f 2084/2084/2084 2085/2085/2085 4696/4696/4696
f 2084/2084/2084 4696/4696/4696 4695/4695/4695
f 4698/4698/4698 4695/4695/4695 4696/4696/4696
f 4698/4698/4698 4696/4696/4696 4700/4700/4700
f 2085/2085/2085 4697/4697/4697 4696/4696/4696
f 4648/4648/4648 4698/4698/4698 4646/4646/4646
f 4703/4703/4703 4659/4659/4659 4699/4699/4699
f 4703/4703/4703 4699/4699/4699 4704/4704/4704
f 4700/4700/4700 4701/4701/4701 4699/4699/4699
f 4700/4700/4700 4702/4702/4702 4701/4701/4701
f 4659/4659/4659 4703/4703/4703 4665/4665/4665
f 4707/4707/4707 4672/4672/4672 4711/4711/4711
f 4707/4707/4707 4711/4711/4711 4680/4680/4680
f 4704/4704/4704 4706/4706/4706 4705/4705/4705
f 4701/4701/4701 4706/4706/4706 4704/4704/4704
f 4704/4704/4704 4708/4708/4708 4672/4672/4672
f 4712/4712/4712 4708/4708/4708 4709/4709/4709
f 4712/4712/4712 4709/4709/4709 4713/4713/4713
f 4711/4711/4711 4712/4712/4712 4710/4710/4710
f 4708/4708/4708 4712/4712/4712 4711/4711/4711
f 4689/4689/4689 4680/4680/4680 4710/4710/4710
f 4689/4689/4689 4710/4710/4710 4715/4715/4715
f 4689/4689/4689 4715/4715/4715 4714/4714/4714
f 4710/4710/4710 4712/4712/4712 4717/4717/4717
f 4710/4710/4710 4717/4717/4717 4716/4716/4716
f 4710/4710/4710 4716/4716/4716 4715/4715/4715
f 4687/4687/4687 4688/4688/4688 4714/4714/4714
f 4687/4687/4687 4714/4714/4714 4718/4718/4718
f 4720/4720/4720 4719/4719/4719 4715/4715/4715
f 4720/4720/4720 4715/4715/4715 4721/4721/4721
f 4714/4714/4714 4719/4719/4719 4718/4718/4718
f 4715/4715/4715 4719/4719/4719 4714/4714/4714
f 2119/2119/2119 2120/2120/2120 4725/4725/4725
f 2119/2119/2119 4725/4725/4725 4724/4724/4724
f 4716/4716/4716 4721/4721/4721 4715/4715/4715
f 4722/4722/4722 4721/4721/4721 4716/4716/4716
f 4724/4724/4724 4697/4697/4697 2086/2086/2086
f 4727/4727/4727 4697/4697/4697 4723/4723/4723
f 4727/4727/4727 4723/4723/4723 4728/4728/4728
f 4727/4727/4727 4700/4700/4700 4697/4697/4697
f 4723/4723/4723 4724/4724/4724 4731/4731/4731
f 4723/4723/4723 4731/4731/4731 4728/4728/4728
f 4729/4729/4729 4728/4728/4728 4731/4731/4731
f 4729/4729/4729 4731/4731/4731 4732/4732/4732
f 4731/4731/4731 4724/4724/4724 4725/4725/4725
f 4731/4731/4731 4725/4725/4725 4732/4732/4732
f 4730/4730/4730 4729/4729/4729 4732/4732/4732
f 4730/4730/4730 4732/4732/4732 4733/4733/4733
f 4732/4732/4732 4725/4725/4725 4726/4726/4726
f 4732/4732/4732 4726/4726/4726 4733/4733/4733
f 4702/4702/4702 4728/4728/4728 4729/4729/4729
f 4702/4702/4702 4729/4729/4729 4743/4743/4743
f 4738/4738/4738 4737/4737/4737 4740/4740/4740
f 4738/4738/4738 4740/4740/4740 4741/4741/4741
f 4740/4740/4740 4734/4734/4734 4735/4735/4735
f 4740/4740/4740 4735/4735/4735 4741/4741/4741
f 4744/4744/4744 4737/4737/4737 4738/4738/4738
f 4744/4744/4744 4738/4738/4738 4745/4745/4745
f 4741/4741/4741 4742/4742/4742 4739/4739/4739
f 4736/4736/4736 4742/4742/4742 4741/4741/4741
f 4702/4702/4702 4743/4743/4743 4706/4706/4706
f 4730/4730/4730 4744/4744/4744 4743/4743/4743
f 4739/4739/4739 4742/4742/4742 4747/4747/4747
f 4739/4739/4739 4747/4747/4747 4746/4746/4746
f 4739/4739/4739 4746/4746/4746 4745/4745/4745
f 4748/4748/4748 4743/4743/4743 4744/4744/4744
f 4748/4748/4748 4744/4744/4744 4752/4752/4752
f 4705/4705/4705 4748/4748/4748 4709/4709/4709
f 4706/4706/4706 4748/4748/4748 4705/4705/4705
f 4750/4750/4750 4713/4713/4713 4709/4709/4709
f 4750/4750/4750 4709/4709/4709 4752/4752/4752
f 4713/4713/4713 4750/4750/4750 4755/4755/4755
f 4713/4713/4713 4755/4755/4755 4754/4754/4754
f 4748/4748/4748 4752/4752/4752 4709/4709/4709
f 4753/4753/4753 4751/4751/4751 4750/4750/4750
f 4713/4713/4713 4754/4754/4754 4717/4717/4717
f 4757/4757/4757 4755/4755/4755 4759/4759/4759
f 4757/4757/4757 4759/4759/4759 4758/4758/4758
f 4750/4750/4750 4756/4756/4756 4755/4755/4755
f 4754/4754/4754 4755/4755/4755 4757/4757/4757
f 4725/4725/4725 2120/2120/2120 2148/2148/2148
f 4725/4725/4725 2148/2148/2148 4760/4760/4760
f 4756/4756/4756 4759/4759/4759 4755/4755/4755
f 4726/4726/4726 4725/4725/4725 4760/4760/4760
f 4726/4726/4726 4760/4760/4760 4761/4761/4761
f 4760/4760/4760 2148/2148/2148 2150/2150/2150
f 4760/4760/4760 2150/2150/2150 4762/4762/4762
f 4761/4761/4761 4760/4760/4760 4762/4762/4762
f 4761/4761/4761 4762/4762/4762 4763/4763/4763
f 4763/4763/4763 4762/4762/4762 4764/4764/4764
f 4763/4763/4763 4764/4764/4764 4765/4765/4765
f 2150/2150/2150 4764/4764/4764 4762/4762/4762
f 4765/4765/4765 4764/4764/4764 4766/4766/4766
f 4765/4765/4765 4766/4766/4766 4767/4767/4767
f 4766/4766/4766 4764/4764/4764 2153/2153/2153
f 2153/2153/2153 2155/2155/2155 4768/4768/4768
f 2153/2153/2153 4768/4768/4768 4766/4766/4766
f 4767/4767/4767 4766/4766/4766 4768/4768/4768
f 4767/4767/4767 4768/4768/4768 4769/4769/4769
f 4768/4768/4768 2155/2155/2155 2156/2156/2156
f 4768/4768/4768 2156/2156/2156 4769/4769/4769
f 4769/4769/4769 2156/2156/2156 2158/2158/2158
f 4769/4769/4769 2158/2158/2158 4771/4771/4771
f 4771/4771/4771 2158/2158/2158 2159/2159/2159
f 4771/4771/4771 2159/2159/2159 4772/4772/4772
f 4770/4770/4770 4771/4771/4771 4772/4772/4772
f 4770/4770/4770 4772/4772/4772 4773/4773/4773
f 4772/4772/4772 2159/2159/2159 2160/2160/2160
f 4772/4772/4772 2160/2160/2160 4773/4773/4773
f 4726/4726/4726 4761/4761/4761 4775/4775/4775
f 4726/4726/4726 4775/4775/4775 4733/4733/4733
f 4734/4734/4734 4733/4733/4733 4775/4775/4775
f 4734/4734/4734 4775/4775/4775 4776/4776/4776
f 4735/4735/4735 4734/4734/4734 4776/4776/4776
f 4735/4735/4735 4776/4776/4776 4777/4777/4777
f 4761/4761/4761 4763/4763/4763 4779/4779/4779
f 4761/4761/4761 4779/4779/4779 4775/4775/4775
f 4777/4777/4777 4778/4778/4778 4736/4736/4736
f 4776/4776/4776 4775/4775/4775 4779/4779/4779
f 4776/4776/4776 4779/4779/4779 4780/4780/4780
f 4777/4777/4777 4776/4776/4776 4780/4780/4780
f 4777/4777/4777 4780/4780/4780 4781/4781/4781
f 4777/4777/4777 4781/4781/4781 4797/4797/4797
f 4777/4777/4777 4797/4797/4797 4778/4778/4778
f 4780/4780/4780 4779/4779/4779 4783/4783/4783
f 4780/4780/4780 4783/4783/4783 4784/4784/4784
f 4783/4783/4783 4779/4779/4779 4765/4765/4765
f 4780/4780/4780 4784/4784/4784 4785/4785/4785
f 4780/4780/4780 4785/4785/4785 4781/4781/4781
f 4767/4767/4767 4769/4769/4769 4788/4788/4788
f 4767/4767/4767 4788/4788/4788 4783/4783/4783
f 4785/4785/4785 4786/4786/4786 4782/4782/4782
f 4786/4786/4786 4787/4787/4787 4782/4782/4782
f 4784/4784/4784 4783/4783/4783 4788/4788/4788
f 4784/4784/4784 4788/4788/4788 4789/4789/4789
f 4788/4788/4788 4769/4769/4769 4770/4770/4770
f 4788/4788/4788 4770/4770/4770 4789/4789/4789
f 4784/4784/4784 4789/4789/4789 4790/4790/4790
f 4784/4784/4784 4790/4790/4790 4785/4785/4785
f 4770/4770/4770 4773/4773/4773 4793/4793/4793
f 4770/4770/4770 4793/4793/4793 4789/4789/4789
f 4786/4786/4786 4791/4791/4791 4787/4787/4787
f 4790/4790/4790 4792/4792/4792 4786/4786/4786
f 4790/4790/4790 4789/4789/4789 4793/4793/4793
f 4790/4790/4790 4793/4793/4793 4794/4794/4794
f 4793/4793/4793 4773/4773/4773 4774/4774/4774
f 4793/4793/4793 4774/4774/4774 4794/4794/4794
f 4736/4736/4736 4778/4778/4778 4796/4796/4796
f 4736/4736/4736 4796/4796/4796 4742/4742/4742
f 4792/4792/4792 4795/4795/4795 4791/4791/4791
f 4773/4773/4773 2160/2160/2160 2166/2166/2166
f 4773/4773/4773 2166/2166/2166 4798/4798/4798
f 4787/4787/4787 4797/4797/4797 4782/4782/4782
f 2166/2166/2166 2168/2168/2168 4800/4800/4800
f 2166/2166/2166 4800/4800/4800 4798/4798/4798
f 4798/4798/4798 4800/4800/4800 4774/4774/4774
f 4799/4799/4799 4774/4774/4774 4800/4800/4800
f 4799/4799/4799 4800/4800/4800 4801/4801/4801
f 2168/2168/2168 2170/2170/2170 4802/4802/4802
f 2168/2168/2168 4802/4802/4802 4800/4800/4800
f 2170/2170/2170 2171/2171/2171 4803/4803/4803
f 2170/2170/2170 4803/4803/4803 4802/4802/4802
f 4802/4802/4802 4803/4803/4803 4801/4801/4801
f 2171/2171/2171 2172/2172/2172 4804/4804/4804
f 2171/2171/2171 4804/4804/4804 4803/4803/4803
f 4794/4794/4794 4774/4774/4774 4799/4799/4799
f 4794/4794/4794 4799/4799/4799 4805/4805/4805
f 4794/4794/4794 4805/4805/4805 4792/4792/4792
f 4795/4795/4795 4792/4792/4792 4805/4805/4805
f 4795/4795/4795 4805/4805/4805 4806/4806/4806
f 4799/4799/4799 4801/4801/4801 4807/4807/4807
f 4799/4799/4799 4807/4807/4807 4805/4805/4805
f 4801/4801/4801 4803/4803/4803 4808/4808/4808
f 4801/4801/4801 4808/4808/4808 4807/4807/4807
f 4809/4809/4809 4523/4523/4523 4524/4524/4524
f 4809/4809/4809 4524/4524/4524 4810/4810/4810
f 4809/4809/4809 3266/3266/3266 3265/3265/3265
f 4810/4810/4810 4524/4524/4524 4525/4525/4525
f 4810/4810/4810 4525/4525/4525 4811/4811/4811
f 4525/4525/4525 4526/4526/4526 4812/4812/4812
f 4525/4525/4525 4812/4812/4812 4811/4811/4811
f 4812/4812/4812 4526/4526/4526 4527/4527/4527
f 4812/4812/4812 4527/4527/4527 4813/4813/4813
f 4814/4814/4814 4529/4529/4529 4530/4530/4530
f 4814/4814/4814 4530/4530/4530 4531/4531/4531
f 4529/4529/4529 4813/4813/4813 4527/4527/4527
f 4529/4529/4529 4814/4814/4814 4813/4813/4813
f 4809/4809/4809 4810/4810/4810 4819/4819/4819
f 4809/4809/4809 4819/4819/4819 4818/4818/4818
f 4531/4531/4531 4815/4815/4815 4814/4814/4814
f 4531/4531/4531 4816/4816/4816 4815/4815/4815
f 4532/4532/4532 4816/4816/4816 4531/4531/4531
f 4818/4818/4818 3275/3275/3275 3266/3266/3266
f 4810/4810/4810 4811/4811/4811 4820/4820/4820
f 4810/4810/4810 4820/4820/4820 4819/4819/4819
f 4820/4820/4820 4811/4811/4811 4812/4812/4812
f 4820/4820/4820 4812/4812/4812 4821/4821/4821
f 4814/4814/4814 4815/4815/4815 4826/4826/4826
f 4814/4814/4814 4826/4826/4826 4824/4824/4824
f 4822/4822/4822 4823/4823/4823 4821/4821/4821
f 4814/4814/4814 4822/4822/4822 4813/4813/4813
f 4814/4814/4814 4824/4824/4824 4822/4822/4822
f 4824/4824/4824 4825/4825/4825 4823/4823/4823
f 4825/4825/4825 4824/4824/4824 4826/4826/4826
f 4825/4825/4825 4826/4826/4826 4827/4827/4827
f 4815/4815/4815 4816/4816/4816 4829/4829/4829
f 4815/4815/4815 4829/4829/4829 4826/4826/4826
f 4818/4818/4818 4819/4819/4819 4833/4833/4833
f 4818/4818/4818 4833/4833/4833 4831/4831/4831
f 4829/4829/4829 4830/4830/4830 4827/4827/4827
f 4817/4817/4817 4830/4830/4830 4829/4829/4829
f 4831/4831/4831 3279/3279/3279 3278/3278/3278
f 4831/4831/4831 4832/4832/4832 3279/3279/3279
f 4820/4820/4820 4821/4821/4821 4836/4836/4836
f 4820/4820/4820 4836/4836/4836 4834/4834/4834
f 4833/4833/4833 4832/4832/4832 4831/4831/4831
f 4834/4834/4834 4833/4833/4833 4819/4819/4819
f 4837/4837/4837 4839/4839/4839 4840/4840/4840
f 4837/4837/4837 4840/4840/4840 4838/4838/4838
f 4836/4836/4836 4837/4837/4837 4834/4834/4834
f 4837/4837/4837 4838/4838/4838 4835/4835/4835
f 4836/4836/4836 4839/4839/4839 4837/4837/4837
f 4823/4823/4823 4839/4839/4839 4836/4836/4836
f 4823/4823/4823 4825/4825/4825 4841/4841/4841
f 4823/4823/4823 4841/4841/4841 4839/4839/4839
f 4839/4839/4839 4841/4841/4841 4842/4842/4842
f 4839/4839/4839 4842/4842/4842 4840/4840/4840
f 4825/4825/4825 4827/4827/4827 4842/4842/4842
f 4825/4825/4825 4842/4842/4842 4841/4841/4841
f 4843/4843/4843 4832/4832/4832 4833/4833/4833
f 4843/4843/4843 4833/4833/4833 4844/4844/4844
f 4833/4833/4833 4835/4835/4835 4845/4845/4845
f 4833/4833/4833 4845/4845/4845 4844/4844/4844
f 4835/4835/4835 4838/4838/4838 4846/4846/4846
f 4835/4835/4835 4846/4846/4846 4845/4845/4845
f 3315/3315/3315 3311/3311/3311 4854/4854/4854
f 3315/3315/3315 4854/4854/4854 4855/4855/4855
f 4830/4830/4830 4848/4848/4848 4828/4828/4828
f 4832/4832/4832 3313/3313/3313 3279/3279/3279
f 4855/4855/4855 4854/4854/4854 4856/4856/4856
f 4855/4855/4855 4856/4856/4856 4857/4857/4857
f 4858/4858/4858 4859/4859/4859 4860/4860/4860
f 4858/4858/4858 4860/4860/4860 4857/4857/4857
f 4859/4859/4859 4863/4863/4863 4864/4864/4864
f 4859/4859/4859 4864/4864/4864 4860/4860/4860
f 4862/4862/4862 4867/4867/4867 4868/4868/4868
f 4862/4862/4862 4868/4868/4868 4863/4863/4863
f 4842/4842/4842 4865/4865/4865 4840/4840/4840
f 4865/4865/4865 4866/4866/4866 4861/4861/4861
f 4863/4863/4863 4868/4868/4868 4869/4869/4869
f 4863/4863/4863 4869/4869/4869 4864/4864/4864
f 4865/4865/4865 4870/4870/4870 4871/4871/4871
f 4865/4865/4865 4871/4871/4871 4866/4866/4866
f 4842/4842/4842 4870/4870/4870 4865/4865/4865
f 4828/4828/4828 4870/4870/4870 4842/4842/4842
f 4828/4828/4828 4848/4848/4848 4873/4873/4873
f 4828/4828/4828 4873/4873/4873 4870/4870/4870
f 4872/4872/4872 4868/4868/4868 4867/4867/4867
f 4869/4869/4869 4872/4872/4872 4847/4847/4847
f 4871/4871/4871 4870/4870/4870 4873/4873/4873
f 4871/4871/4871 4873/4873/4873 4874/4874/4874
f 4873/4873/4873 4848/4848/4848 4849/4849/4849
f 4873/4873/4873 4849/4849/4849 4874/4874/4874
f 4871/4871/4871 4874/4874/4874 4851/4851/4851
f 4871/4871/4871 4851/4851/4851 4867/4867/4867
f 4867/4867/4867 4851/4851/4851 4875/4875/4875
f 4867/4867/4867 4875/4875/4875 4872/4872/4872
f 4851/4851/4851 4874/4874/4874 4850/4850/4850
f 4847/4847/4847 4872/4872/4872 4875/4875/4875
f 4847/4847/4847 4875/4875/4875 4853/4853/4853
f 3316/3316/3316 3313/3313/3313 4832/4832/4832
f 3316/3316/3316 4832/4832/4832 4843/4843/4843
f 4876/4876/4876 4880/4880/4880 4881/4881/4881
f 4876/4876/4876 4881/4881/4881 4877/4877/4877
f 4876/4876/4876 3317/3317/3317 3316/3316/3316
f 4877/4877/4877 4878/4878/4878 3314/3314/3314
f 4877/4877/4877 4881/4881/4881 4882/4882/4882
f 4877/4877/4877 4882/4882/4882 4878/4878/4878
f 4878/4878/4878 4882/4882/4882 4856/4856/4856
f 4878/4878/4878 4856/4856/4856 4854/4854/4854
f 4881/4881/4881 4880/4880/4880 4883/4883/4883
f 4881/4881/4881 4883/4883/4883 4884/4884/4884
f 4845/4845/4845 4879/4879/4879 4844/4844/4844
f 4882/4882/4882 4881/4881/4881 4884/4884/4884
f 4882/4882/4882 4884/4884/4884 4885/4885/4885
f 4856/4856/4856 4882/4882/4882 4885/4885/4885
f 4856/4856/4856 4885/4885/4885 4858/4858/4858
f 4845/4845/4845 4846/4846/4846 4886/4886/4886
f 4845/4845/4845 4886/4886/4886 4883/4883/4883
f 4885/4885/4885 4884/4884/4884 4888/4888/4888
f 4885/4885/4885 4888/4888/4888 4889/4889/4889
f 4886/4886/4886 4887/4887/4887 4883/4883/4883
f 4858/4858/4858 4885/4885/4885 4889/4889/4889
f 4858/4858/4858 4889/4889/4889 4859/4859/4859
f 4838/4838/4838 4840/4840/4840 4890/4890/4890
f 4838/4838/4838 4890/4890/4890 4846/4846/4846
f 4887/4887/4887 4886/4886/4886 4890/4890/4890
f 4887/4887/4887 4890/4890/4890 4891/4891/4891
f 4887/4887/4887 4891/4891/4891 4892/4892/4892
f 4887/4887/4887 4892/4892/4892 4888/4888/4888
f 4861/4861/4861 4891/4891/4891 4890/4890/4890
f 4859/4859/4859 4889/4889/4889 4892/4892/4892
f 4859/4859/4859 4892/4892/4892 4863/4863/4863
f 4892/4892/4892 4891/4891/4891 4862/4862/4862
f 4892/4892/4892 4889/4889/4889 4888/4888/4888
f 4897/4897/4897 4847/4847/4847 4900/4900/4900
f 4897/4897/4897 4900/4900/4900 4898/4898/4898
f 4866/4866/4866 4891/4891/4891 4861/4861/4861
f 4847/4847/4847 4893/4893/4893 4901/4901/4901
f 4847/4847/4847 4901/4901/4901 4900/4900/4900
f 4900/4900/4900 4901/4901/4901 4895/4895/4895
f 4900/4900/4900 4895/4895/4895 4899/4899/4899
f 4917/4917/4917 4899/4899/4899 4895/4895/4895
f 4917/4917/4917 4895/4895/4895 4902/4902/4902
f 4895/4895/4895 4901/4901/4901 4894/4894/4894
f 3333/3333/3333 3315/3315/3315 4855/4855/4855
f 3333/3333/3333 4855/4855/4855 4904/4904/4904
f 4896/4896/4896 4902/4902/4902 4895/4895/4895
f 4904/4904/4904 4855/4855/4855 4857/4857/4857
f 4904/4904/4904 4857/4857/4857 4906/4906/4906
f 4857/4857/4857 4860/4860/4860 4908/4908/4908
f 4857/4857/4857 4908/4908/4908 4906/4906/4906
f 4906/4906/4906 4907/4907/4907 4905/4905/4905
f 4907/4907/4907 4906/4906/4906 4908/4908/4908
f 4907/4907/4907 4908/4908/4908 4909/4909/4909
f 4924/4924/4924 4907/4907/4907 4909/4909/4909
f 4924/4924/4924 4909/4909/4909 4910/4910/4910
f 4860/4860/4860 4864/4864/4864 4912/4912/4912
f 4860/4860/4860 4912/4912/4912 4908/4908/4908
f 4912/4912/4912 4864/4864/4864 4869/4869/4869
f 4912/4912/4912 4869/4869/4869 4897/4897/4897
f 4909/4909/4909 4913/4913/4913 4910/4910/4910
f 4912/4912/4912 4897/4897/4897 4898/4898/4898
f 4912/4912/4912 4898/4898/4898 4909/4909/4909
f 4913/4913/4913 4909/4909/4909 4898/4898/4898
f 4913/4913/4913 4898/4898/4898 4915/4915/4915
f 4917/4917/4917 4902/4902/4902 4920/4920/4920
f 4917/4917/4917 4920/4920/4920 4918/4918/4918
f 4899/4899/4899 4915/4915/4915 4898/4898/4898
f 4869/4869/4869 4847/4847/4847 4897/4897/4897
f 4917/4917/4917 4915/4915/4915 4899/4899/4899
f 4917/4917/4917 4918/4918/4918 4915/4915/4915
f 3342/3342/3342 3333/3333/3333 4904/4904/4904
f 3342/3342/3342 4904/4904/4904 4921/4921/4921
f 3342/3342/3342 4921/4921/4921 4922/4922/4922
f 3342/3342/3342 4922/4922/4922 3343/3343/3343
f 4927/4927/4927 4926/4926/4926 4911/4911/4911
f 4927/4927/4927 4911/4911/4911 4928/4928/4928
f 4905/4905/4905 4923/4923/4923 4921/4921/4921
f 4924/4924/4924 4923/4923/4923 4905/4905/4905
f 4928/4928/4928 4911/4911/4911 4914/4914/4914
f 4928/4928/4928 4914/4914/4914 4916/4916/4916
f 3343/3343/3343 4922/4922/4922 4929/4929/4929
f 3343/3343/3343 4929/4929/4929 3348/3348/3348
f 4930/4930/4930 4923/4923/4923 4925/4925/4925
f 4930/4930/4930 4925/4925/4925 4931/4931/4931
f 4923/4923/4923 4929/4929/4929 4922/4922/4922
f 4923/4923/4923 4930/4930/4930 4929/4929/4929
f 4931/4931/4931 4925/4925/4925 4932/4932/4932
f 4931/4931/4931 4932/4932/4932 4927/4927/4927
f 3375/3375/3375 3348/3348/3348 4929/4929/4929
f 3375/3375/3375 4929/4929/4929 4941/4941/4941
f 4920/4920/4920 4934/4934/4934 4919/4919/4919
f 4916/4916/4916 4935/4935/4935 4928/4928/4928
f 4916/4916/4916 4936/4936/4936 4935/4935/4935
f 4919/4919/4919 4936/4936/4936 4916/4916/4916
f 4919/4919/4919 4938/4938/4938 4936/4936/4936
f 4934/4934/4934 4938/4938/4938 4919/4919/4919
f 4938/4938/4938 4939/4939/4939 4937/4937/4937
f 4953/4953/4953 4930/4930/4930 4931/4931/4931
f 4953/4953/4953 4931/4931/4931 4942/4942/4942
f 4928/4928/4928 4935/4935/4935 4945/4945/4945
f 4928/4928/4928 4945/4945/4945 4933/4933/4933
f 4927/4927/4927 4943/4943/4943 4931/4931/4931
f 4933/4933/4933 4944/4944/4944 4943/4943/4943
f 4935/4935/4935 4936/4936/4936 4948/4948/4948
f 4935/4935/4935 4948/4948/4948 4945/4945/4945
f 4945/4945/4945 4944/4944/4944 4933/4933/4933
f 4945/4945/4945 4946/4946/4946 4944/4944/4944
f 4946/4946/4946 4947/4947/4947 4944/4944/4944
f 4946/4946/4946 4945/4945/4945 4948/4948/4948
f 4946/4946/4946 4948/4948/4948 4949/4949/4949
f 4937/4937/4937 4939/4939/4939 4950/4950/4950
f 4937/4937/4937 4950/4950/4950 4949/4949/4949
f 4937/4937/4937 4949/4949/4949 4948/4948/4948
f 4949/4949/4949 4947/4947/4947 4946/4946/4946
f 4955/4955/4955 4954/4954/4954 4942/4942/4942
f 4955/4955/4955 4942/4942/4942 4956/4956/4956
f 4951/4951/4951 4952/4952/4952 3396/3396/3396
f 4953/4953/4953 4954/4954/4954 4951/4951/4951
f 4955/4955/4955 4952/4952/4952 4951/4951/4951
f 4953/4953/4953 4942/4942/4942 4954/4954/4954
f 4956/4956/4956 4942/4942/4942 4943/4943/4943
f 4956/4956/4956 4943/4943/4943 4958/4958/4958
f 4956/4956/4956 4957/4957/4957 4955/4955/4955
f 4957/4957/4957 4956/4956/4956 4958/4958/4958
f 4957/4957/4957 4958/4958/4958 4959/4959/4959
f 4944/4944/4944 4947/4947/4947 4961/4961/4961
f 4944/4944/4944 4961/4961/4961 4960/4960/4960
f 4964/4964/4964 4962/4962/4962 4967/4967/4967
f 4964/4964/4964 4967/4967/4967 4965/4965/4965
f 4949/4949/4949 4964/4964/4964 4947/4947/4947
f 4964/4964/4964 4965/4965/4965 4963/4963/4963
f 4950/4950/4950 4962/4962/4962 4964/4964/4964
f 4970/4970/4970 4969/4969/4969 4959/4959/4959
f 4970/4970/4970 4959/4959/4959 4971/4971/4971
f 4955/4955/4955 4968/4968/4968 4952/4952/4952
f 4957/4957/4957 4969/4969/4969 4968/4968/4968
f 4947/4947/4947 4963/4963/4963 4974/4974/4974
f 4947/4947/4947 4974/4974/4974 4961/4961/4961
f 4972/4972/4972 4973/4973/4973 4959/4959/4959
f 4961/4961/4961 4974/4974/4974 4972/4972/4972
f 4963/4963/4963 4965/4965/4965 4976/4976/4976
f 4963/4963/4963 4976/4976/4976 4974/4974/4974
f 3462/3462/3462 3461/3461/3461 4977/4977/4977
f 3462/3462/3462 4977/4977/4977 4978/4978/4978
f 4952/4952/4952 4977/4977/4977 3457/3457/3457
f 4979/4979/4979 4977/4977/4977 4980/4980/4980
f 4979/4979/4979 4980/4980/4980 4981/4981/4981
f 4977/4977/4977 4979/4979/4979 4978/4978/4978
f 4532/4532/4532 4588/4588/4588 4982/4982/4982
f 4532/4532/4532 4982/4982/4982 4816/4816/4816
f 4970/4970/4970 4981/4981/4981 4980/4980/4980
f 4817/4817/4817 4816/4816/4816 4982/4982/4982
f 4817/4817/4817 4982/4982/4982 4983/4983/4983
f 4589/4589/4589 4591/4591/4591 4985/4985/4985
f 4589/4589/4589 4985/4985/4985 4983/4983/4983
f 4589/4589/4589 4983/4983/4983 4982/4982/4982
f 4985/4985/4985 4591/4591/4591 4592/4592/4592
f 4985/4985/4985 4592/4592/4592 4984/4984/4984
f 4817/4817/4817 4983/4983/4983 4986/4986/4986
f 4817/4817/4817 4986/4986/4986 4830/4830/4830
f 4988/4988/4988 4992/4992/4992 4636/4636/4636
f 4988/4988/4988 4636/4636/4636 4989/4989/4989
f 4984/4984/4984 4990/4990/4990 4987/4987/4987
f 4592/4592/4592 4990/4990/4990 4984/4984/4984
f 4991/4991/4991 4990/4990/4990 4637/4637/4637
f 4991/4991/4991 4637/4637/4637 4993/4993/4993
f 4636/4636/4636 4992/4992/4992 4635/4635/4635
f 4637/4637/4637 4990/4990/4990 4592/4592/4592
f 4991/4991/4991 4993/4993/4993 4994/4994/4994
f 4991/4991/4991 4994/4994/4994 4992/4992/4992
f 4638/4638/4638 4993/4993/4993 4637/4637/4637
f 4848/4848/4848 4830/4830/4830 4986/4986/4986
f 4848/4848/4848 4986/4986/4986 4995/4995/4995
f 4994/4994/4994 4993/4993/4993 4639/4639/4639
f 4986/4986/4986 4984/4984/4984 4987/4987/4987
f 4986/4986/4986 4987/4987/4987 4995/4995/4995
f 4988/4988/4988 4989/4989/4989 4997/4997/4997
f 4988/4988/4988 4997/4997/4997 4852/4852/4852
f 4850/4850/4850 4996/4996/4996 4851/4851/4851
f 4852/4852/4852 4996/4996/4996 4988/4988/4988
f 4997/4997/4997 4853/4853/4853 4852/4852/4852
f 4987/4987/4987 4990/4990/4990 4998/4998/4998
f 4987/4987/4987 4998/4998/4998 4995/4995/4995
f 4850/4850/4850 4849/4849/4849 4998/4998/4998
f 4850/4850/4850 4998/4998/4998 4996/4996/4996
f 4999/4999/4999 4691/4691/4691 4684/4684/4684
f 4999/4999/4999 4684/4684/4684 5001/5001/5001
f 4996/4996/4996 4998/4998/4998 4991/4991/4991
f 4996/4996/4996 4992/4992/4992 4988/4988/4988
f 4894/4894/4894 4999/4999/4999 4895/4895/4895
f 4691/4691/4691 4999/4999/4999 4894/4894/4894
f 4999/4999/4999 5001/5001/5001 4896/4896/4896
f 4684/4684/4684 4693/4693/4693 5004/5004/5004
f 4684/4684/4684 5004/5004/5004 5002/5002/5002
f 5001/5001/5001 5002/5002/5002 5000/5000/5000
f 4684/4684/4684 5002/5002/5002 5001/5001/5001
f 4989/4989/4989 4690/4690/4690 4893/4893/4893
f 4989/4989/4989 4893/4893/4893 4997/4997/4997
f 5006/5006/5006 5005/5005/5005 5000/5000/5000
f 5006/5006/5006 5000/5000/5000 5007/5007/5007
f 4896/4896/4896 5005/5005/5005 4902/4902/4902
f 5000/5000/5000 5005/5005/5005 4896/4896/4896
f 5000/5000/5000 5002/5002/5002 5003/5003/5003
f 5000/5000/5000 5003/5003/5003 5007/5007/5007
f 5004/5004/5004 4694/4694/4694 4718/4718/4718
f 5004/5004/5004 4718/4718/4718 5008/5008/5008
f 5004/5004/5004 5008/5008/5008 5003/5003/5003
f 4720/4720/4720 4721/4721/4721 5012/5012/5012
f 4720/4720/4720 5012/5012/5012 5011/5011/5011
f 5010/5010/5010 5008/5008/5008 4718/4718/4718
f 4720/4720/4720 5011/5011/5011 5010/5010/5010
f 5009/5009/5009 5010/5010/5010 5016/5016/5016
f 5009/5009/5009 5016/5016/5016 5015/5015/5015
f 5003/5003/5003 5014/5014/5014 5007/5007/5007
f 5008/5008/5008 5014/5014/5014 5003/5003/5003
f 5014/5014/5014 5015/5015/5015 5013/5013/5013
f 5009/5009/5009 5015/5015/5015 5014/5014/5014
f 4934/4934/4934 4920/4920/4920 4903/4903/4903
f 4934/4934/4934 4903/4903/4903 5017/5017/5017
f 5006/5006/5006 5007/5007/5007 5018/5018/5018
f 5006/5006/5006 5018/5018/5018 5017/5017/5017
f 5006/5006/5006 5017/5017/5017 4903/4903/4903
f 5020/5020/5020 5015/5015/5015 5022/5022/5022
f 5020/5020/5020 5022/5022/5022 5021/5021/5021
f 5013/5013/5013 5020/5020/5020 5018/5018/5018
f 5020/5020/5020 5021/5021/5021 5019/5019/5019
f 5015/5015/5015 5020/5020/5020 5013/5013/5013
f 4940/4940/4940 4939/4939/4939 5023/5023/5023
f 4940/4940/4940 5023/5023/5023 5024/5024/5024
f 5018/5018/5018 5023/5023/5023 4938/4938/4938
f 5012/5012/5012 4722/4722/4722 4757/4757/4757
f 5012/5012/5012 4757/4757/4757 5027/5027/5027
f 5019/5019/5019 5024/5024/5024 5023/5023/5023
f 5021/5021/5021 5024/5024/5024 5019/5019/5019
f 5027/5027/5027 4757/4757/4757 4758/4758/4758
f 5027/5027/5027 4758/4758/4758 5028/5028/5028
f 5027/5027/5027 5026/5026/5026 5025/5025/5025
f 5029/5029/5029 5030/5030/5030 5035/5035/5035
f 5029/5029/5029 5035/5035/5035 5022/5022/5022
f 5025/5025/5025 5031/5031/5031 5016/5016/5016
f 5031/5031/5031 5030/5030/5030 5029/5029/5029
f 5026/5026/5026 5032/5032/5032 5031/5031/5031
f 5022/5022/5022 5035/5035/5035 5033/5033/5033
f 5037/5037/5037 5036/5036/5036 5038/5038/5038
f 5037/5037/5037 5038/5038/5038 5034/5034/5034
f 5024/5024/5024 5036/5036/5036 4962/4962/4962
f 5021/5021/5021 5038/5038/5038 5024/5024/5024
f 5033/5033/5033 5038/5038/5038 5021/5021/5021
f 5038/5038/5038 5036/5036/5036 5024/5024/5024
f 5036/5036/5036 5037/5037/5037 5039/5039/5039
f 5036/5036/5036 5039/5039/5039 4962/4962/4962
f 5034/5034/5034 5038/5038/5038 5033/5033/5033
f 4962/4962/4962 5039/5039/5039 4967/4967/4967
f 2524/2524/2524 2525/2525/2525 5042/5042/5042
f 2524/2524/2524 5042/5042/5042 5041/5041/5041
f 5041/5041/5041 5042/5042/5042 5044/5044/5044
f 5041/5041/5041 5044/5044/5044 5043/5043/5043
f 5043/5043/5043 5044/5044/5044 5045/5045/5045
f 5043/5043/5043 5045/5045/5045 5046/5046/5046
f 5047/5047/5047 5052/5052/5052 5054/5054/5054
f 5047/5047/5047 5054/5054/5054 5049/5049/5049
f 5051/5051/5051 5049/5049/5049 5048/5048/5048
f 5054/5054/5054 5052/5052/5052 5053/5053/5053
f 5050/5050/5050 5051/5051/5051 5048/5048/5048
f 5050/5050/5050 5048/5048/5048 5055/5055/5055
f 5059/5059/5059 5061/5061/5061 5053/5053/5053
f 5059/5059/5059 5053/5053/5053 5060/5060/5060
f 5060/5060/5060 5058/5058/5058 5057/5057/5057
f 5054/5054/5054 5061/5061/5061 5063/5063/5063
f 5054/5054/5054 5063/5063/5063 5055/5055/5055
f 5053/5053/5053 5061/5061/5061 5054/5054/5054
f 5067/5067/5067 5069/5069/5069 5056/5056/5056
f 5067/5067/5067 5056/5056/5056 5068/5068/5068
f 5057/5057/5057 5058/5058/5058 5056/5056/5056
f 5057/5057/5057 5056/5056/5056 5069/5069/5069
f 5059/5059/5059 5060/5060/5060 5057/5057/5057
f 5059/5059/5059 5057/5057/5057 5070/5070/5070
f 5061/5061/5061 5059/5059/5059 5073/5073/5073
f 5061/5061/5061 5073/5073/5073 5063/5063/5063
f 5073/5073/5073 5072/5072/5072 5062/5062/5062
f 5073/5073/5073 5059/5059/5059 5071/5071/5071
f 3775/3775/3775 3787/3787/3787 5075/5075/5075
f 3775/3775/3775 5075/5075/5075 5064/5064/5064
f 5074/5074/5074 5076/5076/5076 5077/5077/5077
f 5074/5074/5074 5077/5077/5077 5075/5075/5075
f 5064/5064/5064 5075/5075/5075 5077/5077/5077
f 5064/5064/5064 5077/5077/5077 5065/5065/5065
f 5065/5065/5065 5077/5077/5077 5078/5078/5078
f 5065/5065/5065 5078/5078/5078 5066/5066/5066
f 5078/5078/5078 5077/5077/5077 5076/5076/5076
f 5080/5080/5080 5083/5083/5083 5084/5084/5084
f 5080/5080/5080 5084/5084/5084 5081/5081/5081
f 5082/5082/5082 5067/5067/5067 5079/5079/5079
f 5082/5082/5082 5069/5069/5069 5067/5067/5067
f 5069/5069/5069 5082/5082/5082 5084/5084/5084
f 5069/5069/5069 5084/5084/5084 5070/5070/5070
f 5084/5084/5084 5082/5082/5082 5081/5081/5081
f 5070/5070/5070 5084/5084/5084 5086/5086/5086
f 5070/5070/5070 5086/5086/5086 5059/5059/5059
f 5086/5086/5086 5084/5084/5084 5083/5083/5083
f 5071/5071/5071 5086/5086/5086 5040/5040/5040
f 5071/5071/5071 5040/5040/5040 5072/5072/5072
f 5040/5040/5040 5086/5086/5086 5085/5085/5085
f 2597/2597/2597 2598/2598/2598 5089/5089/5089
f 2597/2597/2597 5089/5089/5089 5088/5088/5088
f 2598/2598/2598 2599/2599/2599 5090/5090/5090
f 2598/2598/2598 5090/5090/5090 5089/5089/5089
f 5042/5042/5042 2525/2525/2525 2600/2600/2600
f 5042/5042/5042 2600/2600/2600 5091/5091/5091
f 5091/5091/5091 2600/2600/2600 2601/2601/2601
f 5091/5091/5091 2601/2601/2601 5092/5092/5092
f 5087/5087/5087 5092/5092/5092 5093/5093/5093
f 5087/5087/5087 5093/5093/5093 5088/5088/5088
f 5092/5092/5092 2601/2601/2601 2602/2602/2602
f 5092/5092/5092 2602/2602/2602 5093/5093/5093
f 2597/2597/2597 5088/5088/5088 5093/5093/5093
f 2597/2597/2597 5093/5093/5093 2602/2602/2602
f 5042/5042/5042 5091/5091/5091 5099/5099/5099
f 5042/5042/5042 5099/5099/5099 5044/5044/5044
f 5097/5097/5097 5096/5096/5096 5089/5089/5089
f 5090/5090/5090 5098/5098/5098 5097/5097/5097
f 5095/5095/5095 5099/5099/5099 5087/5087/5087
f 5095/5095/5095 5087/5087/5087 5096/5096/5096
f 5091/5091/5091 5092/5092/5092 5087/5087/5087
f 5091/5091/5091 5087/5087/5087 5099/5099/5099
f 5095/5095/5095 5096/5096/5096 5103/5103/5103
f 5095/5095/5095 5103/5103/5103 5102/5102/5102
f 5094/5094/5094 5101/5101/5101 5105/5105/5105
f 5094/5094/5094 5105/5105/5105 5098/5098/5098
f 5104/5104/5104 5103/5103/5103 5096/5096/5096
f 5105/5105/5105 5104/5104/5104 5097/5097/5097
f 5105/5105/5105 5101/5101/5101 5100/5100/5100
f 5044/5044/5044 5099/5099/5099 5095/5095/5095
f 5044/5044/5044 5095/5095/5095 5045/5045/5045
f 5095/5095/5095 5102/5102/5102 5045/5045/5045
f 5106/5106/5106 5111/5111/5111 5112/5112/5112
f 5106/5106/5106 5112/5112/5112 5107/5107/5107
f 5111/5111/5111 5110/5110/5110 5100/5100/5100
f 5100/5100/5100 5101/5101/5101 5112/5112/5112
f 5100/5100/5100 5112/5112/5112 5111/5111/5111
f 5047/5047/5047 5049/5049/5049 5113/5113/5113
f 5047/5047/5047 5113/5113/5113 5108/5108/5108
f 5045/5045/5045 5102/5102/5102 5113/5113/5113
f 5045/5045/5045 5113/5113/5113 5049/5049/5049
f 5108/5108/5108 5113/5113/5113 5114/5114/5114
f 5108/5108/5108 5114/5114/5114 5109/5109/5109
f 5102/5102/5102 5103/5103/5103 5114/5114/5114
f 5102/5102/5102 5114/5114/5114 5113/5113/5113
f 5103/5103/5103 5104/5104/5104 5115/5115/5115
f 5103/5103/5103 5115/5115/5115 5114/5114/5114
f 5100/5100/5100 5110/5110/5110 5115/5115/5115
f 5100/5100/5100 5115/5115/5115 5104/5104/5104
f 5115/5115/5115 5110/5110/5110 5109/5109/5109
f 5117/5117/5117 5121/5121/5121 5106/5106/5106
f 5117/5117/5117 5106/5106/5106 5118/5118/5118
f 5121/5121/5121 5117/5117/5117 5116/5116/5116
f 5047/5047/5047 5108/5108/5108 5122/5122/5122
f 5047/5047/5047 5122/5122/5122 5052/5052/5052
f 5122/5122/5122 5119/5119/5119 5052/5052/5052
f 5119/5119/5119 5122/5122/5122 5123/5123/5123
f 5119/5119/5119 5123/5123/5123 5120/5120/5120
f 5108/5108/5108 5109/5109/5109 5123/5123/5123
f 5108/5108/5108 5123/5123/5123 5122/5122/5122
f 5120/5120/5120 5123/5123/5123 5124/5124/5124
f 5120/5120/5120 5124/5124/5124 5116/5116/5116
f 5106/5106/5106 5121/5121/5121 5124/5124/5124
f 5106/5106/5106 5124/5124/5124 5111/5111/5111
f 5124/5124/5124 5123/5123/5123 5109/5109/5109
f 5124/5124/5124 5121/5121/5121 5116/5116/5116
f 5129/5129/5129 5128/5128/5128 5133/5133/5133
f 5129/5129/5129 5133/5133/5133 5134/5134/5134
f 5133/5133/5133 5127/5127/5127 5126/5126/5126
f 5133/5133/5133 5128/5128/5128 5127/5127/5127
f 5130/5130/5130 5134/5134/5134 5117/5117/5117
f 5130/5130/5130 5117/5117/5117 5131/5131/5131
f 5134/5134/5134 5130/5130/5130 5129/5129/5129
f 5132/5132/5132 5131/5131/5131 5117/5117/5117
f 5132/5132/5132 5117/5117/5117 5135/5135/5135
f 5056/5056/5056 5058/5058/5058 5136/5136/5136
f 5056/5056/5056 5136/5136/5136 5125/5125/5125
f 5052/5052/5052 5119/5119/5119 5136/5136/5136
f 5052/5052/5052 5136/5136/5136 5058/5058/5058
f 5125/5125/5125 5136/5136/5136 5137/5137/5137
f 5125/5125/5125 5137/5137/5137 5126/5126/5126
f 5119/5119/5119 5120/5120/5120 5137/5137/5137
f 5119/5119/5119 5137/5137/5137 5136/5136/5136
f 5120/5120/5120 5116/5116/5116 5138/5138/5138
f 5120/5120/5120 5138/5138/5138 5137/5137/5137
f 5137/5137/5137 5133/5133/5133 5126/5126/5126
f 3853/3853/3853 3775/3775/3775 5064/5064/5064
f 3853/3853/3853 5064/5064/5064 5139/5139/5139
f 5138/5138/5138 5134/5134/5134 5133/5133/5133
f 3853/3853/3853 5139/5139/5139 5140/5140/5140
f 3853/3853/3853 5140/5140/5140 3854/3854/3854
f 3854/3854/3854 5140/5140/5140 5141/5141/5141
f 3854/3854/3854 5141/5141/5141 3855/3855/3855
f 5064/5064/5064 5065/5065/5065 5144/5144/5144
f 5064/5064/5064 5144/5144/5144 5139/5139/5139
f 5139/5139/5139 5144/5144/5144 5145/5145/5145
f 5139/5139/5139 5145/5145/5145 5140/5140/5140
f 5140/5140/5140 5145/5145/5145 5146/5146/5146
f 5140/5140/5140 5146/5146/5146 5141/5141/5141
f 5142/5142/5142 5141/5141/5141 5146/5146/5146
f 5142/5142/5142 5146/5146/5146 5147/5147/5147
f 5143/5143/5143 5142/5142/5142 5147/5147/5147
f 5143/5143/5143 5147/5147/5147 5148/5148/5148
f 5065/5065/5065 5066/5066/5066 5151/5151/5151
f 5065/5065/5065 5151/5151/5151 5144/5144/5144
f 5144/5144/5144 5151/5151/5151 5152/5152/5152
f 5144/5144/5144 5152/5152/5152 5145/5145/5145
f 5125/5125/5125 5126/5126/5126 5152/5152/5152
f 5125/5125/5125 5152/5152/5152 5151/5151/5151
f 5145/5145/5145 5152/5152/5152 5153/5153/5153
f 5145/5145/5145 5153/5153/5153 5146/5146/5146
f 5126/5126/5126 5127/5127/5127 5153/5153/5153
f 5126/5126/5126 5153/5153/5153 5152/5152/5152
f 5147/5147/5147 5146/5146/5146 5153/5153/5153
f 5147/5147/5147 5153/5153/5153 5154/5154/5154
f 5127/5127/5127 5128/5128/5128 5154/5154/5154
f 5127/5127/5127 5154/5154/5154 5153/5153/5153
f 5148/5148/5148 5147/5147/5147 5154/5154/5154
f 5148/5148/5148 5154/5154/5154 5155/5155/5155
f 5128/5128/5128 5129/5129/5129 5155/5155/5155
f 5128/5128/5128 5155/5155/5155 5154/5154/5154
f 5149/5149/5149 5148/5148/5148 5155/5155/5155
f 5149/5149/5149 5155/5155/5155 5156/5156/5156
f 5129/5129/5129 5130/5130/5130 5156/5156/5156
f 5129/5129/5129 5156/5156/5156 5155/5155/5155
f 5150/5150/5150 5149/5149/5149 5156/5156/5156
f 5150/5150/5150 5156/5156/5156 5157/5157/5157
f 5156/5156/5156 5130/5130/5130 5131/5131/5131
f 5156/5156/5156 5131/5131/5131 5157/5157/5157
f 5131/5131/5131 5132/5132/5132 5158/5158/5158
f 5131/5131/5131 5158/5158/5158 5157/5157/5157
f 5056/5056/5056 5125/5125/5125 5151/5151/5151
f 5056/5056/5056 5151/5151/5151 5068/5068/5068
f 4/4/4 5/5/5 8/8/8
f 4/4/4 8/8/8 7/7/7
f 3855/3855/3855 5141/5141/5141 5159/5159/5159
f 3855/3855/3855 5159/5159/5159 3864/3864/3864
f 3864/3864/3864 5159/5159/5159 5160/5160/5160
f 3864/3864/3864 5160/5160/5160 3865/3865/3865
f 5159/5159/5159 5141/5141/5141 5142/5142/5142
f 5159/5159/5159 5142/5142/5142 5160/5160/5160
f 5142/5142/5142 5143/5143/5143 5161/5161/5161
f 5142/5142/5142 5161/5161/5161 5160/5160/5160
f 5143/5143/5143 5148/5148/5148 5162/5162/5162
f 5143/5143/5143 5162/5162/5162 5161/5161/5161
f 5162/5162/5162 5148/5148/5148 5149/5149/5149
f 5162/5162/5162 5149/5149/5149 5163/5163/5163
f 5149/5149/5149 5150/5150/5150 5164/5164/5164
f 5149/5149/5149 5164/5164/5164 5163/5163/5163
f 5150/5150/5150 5157/5157/5157 5165/5165/5165
f 5150/5150/5150 5165/5165/5165 5164/5164/5164
f 5165/5165/5165 5157/5157/5157 5158/5158/5158
f 5165/5165/5165 5158/5158/5158 5166/5166/5166
f 2675/2675/2675 5167/5167/5167 2651/2651/2651
f 2675/2675/2675 2651/2651/2651 2650/2650/2650
f 5167/5167/5167 5168/5168/5168 2652/2652/2652
f 5167/5167/5167 2652/2652/2652 2651/2651/2651
f 5169/5169/5169 2653/2653/2653 2654/2654/2654
f 5169/5169/5169 2654/2654/2654 5170/5170/5170
f 5168/5168/5168 5170/5170/5170 2654/2654/2654
f 5168/5168/5168 2654/2654/2654 2652/2652/2652
f 2655/2655/2655 2656/2656/2656 5172/5172/5172
f 2655/2655/2655 5172/5172/5172 5171/5171/5171
f 2656/2656/2656 2653/2653/2653 5169/5169/5169
f 2656/2656/2656 5169/5169/5169 5172/5172/5172
f 2599/2599/2599 2655/2655/2655 5171/5171/5171
f 2599/2599/2599 5171/5171/5171 5090/5090/5090
f 5173/5173/5173 5176/5176/5176 5167/5167/5167
f 5173/5173/5173 5167/5167/5167 2675/2675/2675
f 5176/5176/5176 5175/5175/5175 5167/5167/5167
f 5174/5174/5174 5178/5178/5178 5179/5179/5179
f 5174/5174/5174 5179/5179/5179 5175/5175/5175
f 5167/5167/5167 5175/5175/5175 5179/5179/5179
f 5167/5167/5167 5179/5179/5179 5168/5168/5168
f 5179/5179/5179 5178/5178/5178 5168/5168/5168
f 5174/5174/5174 5175/5175/5175 5188/5188/5188
f 5174/5174/5174 5188/5188/5188 5187/5187/5187
f 5178/5178/5178 5181/5181/5181 5170/5170/5170
f 5178/5178/5178 5170/5170/5170 5168/5168/5168
f 5183/5183/5183 5182/5182/5182 5172/5172/5172
f 5183/5183/5183 5181/5181/5181 5180/5180/5180
f 5098/5098/5098 5182/5182/5182 5094/5094/5094
f 5184/5184/5184 5188/5188/5188 5176/5176/5176
f 5184/5184/5184 5176/5176/5176 5185/5185/5185
f 5174/5174/5174 5187/5187/5187 5177/5177/5177
f 5174/5174/5174 5177/5177/5177 5178/5178/5178
f 5176/5176/5176 5188/5188/5188 5175/5175/5175
f 5177/5177/5177 5187/5187/5187 5186/5186/5186
f 5189/5189/5189 5191/5191/5191 5192/5192/5192
f 5189/5189/5189 5192/5192/5192 5186/5186/5186
f 5177/5177/5177 5186/5186/5186 5192/5192/5192
f 5177/5177/5177 5192/5192/5192 5181/5181/5181
f 5192/5192/5192 5191/5191/5191 5181/5181/5181
f 5180/5180/5180 5191/5191/5191 5193/5193/5193
f 5180/5180/5180 5193/5193/5193 5183/5183/5183
f 5193/5193/5193 5101/5101/5101 5182/5182/5182
f 5193/5193/5193 5191/5191/5191 5190/5190/5190
f 5186/5186/5186 5187/5187/5187 5196/5196/5196
f 5186/5186/5186 5196/5196/5196 5195/5195/5195
f 5187/5187/5187 5188/5188/5188 5197/5197/5197
f 5187/5187/5187 5197/5197/5197 5196/5196/5196
f 5184/5184/5184 5194/5194/5194 5198/5198/5198
f 5184/5184/5184 5198/5198/5198 5197/5197/5197
f 5197/5197/5197 5188/5188/5188 5184/5184/5184
f 5199/5199/5199 5202/5202/5202 5201/5201/5201
f 5199/5199/5199 5201/5201/5201 5200/5200/5200
f 5190/5190/5190 5191/5191/5191 5201/5201/5201
f 5190/5190/5190 5201/5201/5201 5202/5202/5202
f 5190/5190/5190 5202/5202/5202 5112/5112/5112
f 5190/5190/5190 5112/5112/5112 5101/5101/5101
f 5201/5201/5201 5191/5191/5191 5189/5189/5189
f 5112/5112/5112 5202/5202/5202 5107/5107/5107
f 5195/5195/5195 5196/5196/5196 5207/5207/5207
f 5195/5195/5195 5207/5207/5207 5206/5206/5206
f 5206/5206/5206 5205/5205/5205 5195/5195/5195
f 5196/5196/5196 5197/5197/5197 5208/5208/5208
f 5196/5196/5196 5208/5208/5208 5207/5207/5207
f 5203/5203/5203 5118/5118/5118 5199/5199/5199
f 5203/5203/5203 5199/5199/5199 5204/5204/5204
f 5204/5204/5204 5199/5199/5199 5200/5200/5200
f 5204/5204/5204 5200/5200/5200 5205/5205/5205
f 5195/5195/5195 5205/5205/5205 5209/5209/5209
f 5195/5195/5195 5209/5209/5209 5201/5201/5201
f 5199/5199/5199 5118/5118/5118 5107/5107/5107
f 5199/5199/5199 5107/5107/5107 5202/5202/5202
f 5203/5203/5203 5204/5204/5204 5212/5212/5212
f 5203/5203/5203 5212/5212/5212 5211/5211/5211
f 5213/5213/5213 5205/5205/5205 5206/5206/5206
f 5213/5213/5213 5206/5206/5206 5214/5214/5214
f 5213/5213/5213 5212/5212/5212 5205/5205/5205
f 5214/5214/5214 5206/5206/5206 5207/5207/5207
f 5214/5214/5214 5207/5207/5207 5215/5215/5215
f 5207/5207/5207 5208/5208/5208 5216/5216/5216
f 5207/5207/5207 5216/5216/5216 5215/5215/5215
f 5203/5203/5203 5211/5211/5211 5135/5135/5135
f 5203/5203/5203 5135/5135/5135 5118/5118/5118
f 5198/5198/5198 5194/5194/5194 5210/5210/5210
f 5135/5135/5135 5211/5211/5211 5132/5132/5132
f 5132/5132/5132 5211/5211/5211 5217/5217/5217
f 5132/5132/5132 5217/5217/5217 5158/5158/5158
f 5217/5217/5217 5211/5211/5211 5212/5212/5212
f 5217/5217/5217 5212/5212/5212 5218/5218/5218
f 5212/5212/5212 5213/5213/5213 5219/5219/5219
f 5212/5212/5212 5219/5219/5219 5218/5218/5218
f 5220/5220/5220 5216/5216/5216 5198/5198/5198
f 5220/5220/5220 5198/5198/5198 5221/5221/5221
f 5216/5216/5216 5220/5220/5220 5215/5215/5215
f 5158/5158/5158 5217/5217/5217 5223/5223/5223
f 5158/5158/5158 5223/5223/5223 5166/5166/5166
f 5221/5221/5221 5198/5198/5198 5210/5210/5210
f 5223/5223/5223 5217/5217/5217 5218/5218/5218
f 5223/5223/5223 5218/5218/5218 5224/5224/5224
f 2673/2673/2673 2674/2674/2674 5227/5227/5227
f 2673/2673/2673 5227/5227/5227 5226/5226/5226
f 5219/5219/5219 5224/5224/5224 5218/5218/5218
f 5214/5214/5214 5225/5225/5225 5219/5219/5219
f 3923/3923/3923 5227/5227/5227 2674/2674/2674
f 3923/3923/3923 2674/2674/2674 1562/1562/1562
f 3923/3923/3923 3925/3925/3925 5228/5228/5228
f 3923/3923/3923 5228/5228/5228 5227/5227/5227
f 5227/5227/5227 5228/5228/5228 5226/5226/5226
f 3925/3925/3925 3926/3926/3926 5229/5229/5229
f 3925/3925/3925 5229/5229/5229 5228/5228/5228
f 5226/5226/5226 5228/5228/5228 5231/5231/5231
f 5226/5226/5226 5231/5231/5231 5230/5230/5230
f 2675/2675/2675 5230/5230/5230 5173/5173/5173
f 5232/5232/5232 5228/5228/5228 5229/5229/5229
f 5232/5232/5232 5229/5229/5229 5233/5233/5233
f 3926/3926/3926 3930/3930/3930 5233/5233/5233
f 3926/3926/3926 5233/5233/5233 5229/5229/5229
f 5173/5173/5173 5230/5230/5230 5234/5234/5234
f 5173/5173/5173 5234/5234/5234 5185/5185/5185
f 5234/5234/5234 5230/5230/5230 5231/5231/5231
f 5234/5234/5234 5231/5231/5231 5235/5235/5235
f 5232/5232/5232 5235/5235/5235 5231/5231/5231
f 5232/5232/5232 5231/5231/5231 5228/5228/5228
f 5185/5185/5185 5234/5234/5234 5237/5237/5237
f 5185/5185/5185 5237/5237/5237 5194/5194/5194
f 5238/5238/5238 5236/5236/5236 5233/5233/5233
f 5238/5238/5238 5233/5233/5233 5239/5239/5239
f 5235/5235/5235 5232/5232/5232 5236/5236/5236
f 3935/3935/3935 5239/5239/5239 5233/5233/5233
f 3935/3935/3935 5233/5233/5233 3930/3930/3930
f 5236/5236/5236 5238/5238/5238 5240/5240/5240
f 5236/5236/5236 5240/5240/5240 5235/5235/5235
f 5235/5235/5235 5240/5240/5240 5237/5237/5237
f 5210/5210/5210 5194/5194/5194 5237/5237/5237
f 5210/5210/5210 5237/5237/5237 5241/5241/5241
f 5238/5238/5238 5239/5239/5239 5243/5243/5243
f 5238/5238/5238 5243/5243/5243 5242/5242/5242
f 3939/3939/3939 5243/5243/5243 5239/5239/5239
f 3939/3939/3939 5239/5239/5239 3935/3935/3935
f 5238/5238/5238 5242/5242/5242 5244/5244/5244
f 5238/5238/5238 5244/5244/5244 5240/5240/5240
f 5240/5240/5240 5244/5244/5244 5241/5241/5241
f 5222/5222/5222 5210/5210/5210 5241/5241/5241
f 5222/5222/5222 5241/5241/5241 5245/5245/5245
f 4747/4747/4747 5247/5247/5247 5248/5248/5248
f 4747/4747/4747 5248/5248/5248 5256/5256/5256
f 5244/5244/5244 5245/5245/5245 5241/5241/5241
f 5255/5255/5255 5254/5254/5254 5246/5246/5246
f 5252/5252/5252 5256/5256/5256 5257/5257/5257
f 5252/5252/5252 5257/5257/5257 5253/5253/5253
f 5248/5248/5248 5249/5249/5249 5257/5257/5257
f 5248/5248/5248 5257/5257/5257 5256/5256/5256
f 5253/5253/5253 5257/5257/5257 5246/5246/5246
f 5253/5253/5253 5246/5246/5246 5254/5254/5254
f 5249/5249/5249 5250/5250/5250 5246/5246/5246
f 5249/5249/5249 5246/5246/5246 5257/5257/5257
f 5253/5253/5253 5254/5254/5254 5259/5259/5259
f 5253/5253/5253 5259/5259/5259 5258/5258/5258
f 5252/5252/5252 5258/5258/5258 4749/4749/4749
f 5258/5258/5258 5259/5259/5259 5261/5261/5261
f 5258/5258/5258 5261/5261/5261 5260/5260/5260
f 4749/4749/4749 5262/5262/5262 4753/4753/4753
f 5260/5260/5260 5262/5262/5262 5258/5258/5258
f 5265/5265/5265 5260/5260/5260 5261/5261/5261
f 5265/5265/5265 5261/5261/5261 5263/5263/5263
f 4751/4751/4751 5264/5264/5264 4756/4756/4756
f 5265/5265/5265 5264/5264/5264 5260/5260/5260
f 2738/2738/2738 2739/2739/2739 5271/5271/5271
f 2738/2738/2738 5271/5271/5271 5270/5270/5270
f 5266/5266/5266 5263/5263/5263 5261/5261/5261
f 4759/4759/4759 5267/5267/5267 4758/4758/4758
f 4759/4759/4759 5265/5265/5265 5267/5267/5267
f 5265/5265/5265 4759/4759/4759 5264/5264/5264
f 5263/5263/5263 5269/5269/5269 5268/5268/5268
f 2741/2741/2741 2742/2742/2742 5274/5274/5274
f 2741/2741/2741 5274/5274/5274 5273/5273/5273
f 2742/2742/2742 2738/2738/2738 5270/5270/5270
f 2742/2742/2742 5270/5270/5270 5274/5274/5274
f 5272/5272/5272 5275/5275/5275 5276/5276/5276
f 5272/5272/5272 5276/5276/5276 5273/5273/5273
f 2741/2741/2741 5273/5273/5273 5276/5276/5276
f 2741/2741/2741 5276/5276/5276 2744/2744/2744
f 5272/5272/5272 5273/5273/5273 5281/5281/5281
f 5272/5272/5272 5281/5281/5281 5280/5280/5280
f 5281/5281/5281 5273/5273/5273 5274/5274/5274
f 5281/5281/5281 5274/5274/5274 5277/5277/5277
f 5279/5279/5279 5283/5283/5283 5284/5284/5284
f 5279/5279/5279 5284/5284/5284 5280/5280/5280
f 5272/5272/5272 5280/5280/5280 5284/5284/5284
f 5272/5272/5272 5284/5284/5284 5275/5275/5275
f 5277/5277/5277 5278/5278/5278 5286/5286/5286
f 5277/5277/5277 5286/5286/5286 5285/5285/5285
f 5279/5279/5279 5280/5280/5280 5289/5289/5289
f 5279/5279/5279 5289/5289/5289 5288/5288/5288
f 5280/5280/5280 5281/5281/5281 5290/5290/5290
f 5280/5280/5280 5290/5290/5290 5289/5289/5289
f 5281/5281/5281 5277/5277/5277 5291/5291/5291
f 5281/5281/5281 5291/5291/5291 5290/5290/5290
f 5287/5287/5287 5251/5251/5251 5292/5292/5292
f 5287/5287/5287 5292/5292/5292 5288/5288/5288
f 5251/5251/5251 5287/5287/5287 5246/5246/5246
f 5279/5279/5279 5288/5288/5288 5292/5292/5292
f 5279/5279/5279 5292/5292/5292 5283/5283/5283
f 5292/5292/5292 5251/5251/5251 5282/5282/5282
f 5285/5285/5285 5286/5286/5286 5296/5296/5296
f 5285/5285/5285 5296/5296/5296 5295/5295/5295
f 5288/5288/5288 5289/5289/5289 5294/5294/5294
f 5288/5288/5288 5294/5294/5294 5297/5297/5297
f 5297/5297/5297 5255/5255/5255 5288/5288/5288
f 5285/5285/5285 5295/5295/5295 5294/5294/5294
f 5285/5285/5285 5294/5294/5294 5290/5290/5290
f 5293/5293/5293 5300/5300/5300 5298/5298/5298
f 5293/5293/5293 5298/5298/5298 5299/5299/5299
f 5300/5300/5300 5293/5293/5293 5295/5295/5295
f 5293/5293/5293 5299/5299/5299 5259/5259/5259
f 5293/5293/5293 5259/5259/5259 5255/5255/5255
f 5301/5301/5301 5302/5302/5302 5307/5307/5307
f 5301/5301/5301 5307/5307/5307 5306/5306/5306
f 5298/5298/5298 5302/5302/5302 5301/5301/5301
f 5306/5306/5306 5305/5305/5305 5301/5301/5301
f 5261/5261/5261 5299/5299/5299 5305/5305/5305
f 5261/5261/5261 5305/5305/5305 5266/5266/5266
f 5266/5266/5266 5304/5304/5304 5263/5263/5263
f 5304/5304/5304 5305/5305/5305 5306/5306/5306
f 5304/5304/5304 5306/5306/5306 5309/5309/5309
f 5305/5305/5305 5299/5299/5299 5301/5301/5301
f 5304/5304/5304 5309/5309/5309 5269/5269/5269
f 5309/5309/5309 5306/5306/5306 5310/5310/5310
f 2777/2777/2777 2775/2775/2775 5312/5312/5312
f 2777/2777/2777 5312/5312/5312 5314/5314/5314
f 5306/5306/5306 5311/5311/5311 5310/5310/5310
f 2776/2776/2776 2777/2777/2777 5314/5314/5314
f 2776/2776/2776 5314/5314/5314 5313/5313/5313
f 5271/5271/5271 2739/2739/2739 2776/2776/2776
f 5271/5271/5271 2776/2776/2776 5313/5313/5313
f 5314/5314/5314 5312/5312/5312 5350/5350/5350
f 5314/5314/5314 5350/5350/5350 5316/5316/5316
f 5271/5271/5271 5313/5313/5313 5315/5315/5315
f 5271/5271/5271 5315/5315/5315 5317/5317/5317
f 5316/5316/5316 5315/5315/5315 5314/5314/5314
f 5317/5317/5317 5278/5278/5278 5271/5271/5271
f 5315/5315/5315 5316/5316/5316 5322/5322/5322
f 5315/5315/5315 5322/5322/5322 5321/5321/5321
f 5319/5319/5319 5318/5318/5318 5324/5324/5324
f 5319/5319/5319 5324/5324/5324 5325/5325/5325
f 5322/5322/5322 5318/5318/5318 5319/5319/5319
f 5323/5323/5323 5286/5286/5286 5317/5317/5317
f 5323/5323/5323 5321/5321/5321 5320/5320/5320
f 5325/5325/5325 5324/5324/5324 5330/5330/5330
f 5325/5325/5325 5330/5330/5330 5329/5329/5329
f 5319/5319/5319 5326/5326/5326 5321/5321/5321
f 5320/5320/5320 5296/5296/5296 5286/5286/5286
f 5329/5329/5329 5328/5328/5328 5325/5325/5325
f 5326/5326/5326 5331/5331/5331 5300/5300/5300
f 5326/5326/5326 5300/5300/5300 5320/5320/5320
f 5330/5330/5330 5358/5358/5358 5327/5327/5327
f 5328/5328/5328 5331/5331/5331 5326/5326/5326
f 5328/5328/5328 5326/5326/5326 5325/5325/5325
f 5300/5300/5300 5331/5331/5331 5298/5298/5298
f 5327/5327/5327 5358/5358/5358 5361/5361/5361
f 5327/5327/5327 5361/5361/5361 5333/5333/5333
f 5328/5328/5328 5329/5329/5329 5327/5327/5327
f 5328/5328/5328 5327/5327/5327 5334/5334/5334
f 5333/5333/5333 5340/5340/5340 5341/5341/5341
f 5333/5333/5333 5341/5341/5341 5334/5334/5334
f 5335/5335/5335 5302/5302/5302 5331/5331/5331
f 5332/5332/5332 5340/5340/5340 5333/5333/5333
f 5332/5332/5332 5338/5338/5338 5337/5337/5337
f 5341/5341/5341 5303/5303/5303 5334/5334/5334
f 5341/5341/5341 5340/5340/5340 5339/5339/5339
f 5334/5334/5334 5303/5303/5303 5307/5307/5307
f 5334/5334/5334 5307/5307/5307 5302/5302/5302
f 5336/5336/5336 5342/5342/5342 5344/5344/5344
f 5336/5336/5336 5344/5344/5344 5338/5338/5338
f 5344/5344/5344 5343/5343/5343 5337/5337/5337
f 5339/5339/5339 5340/5340/5340 5337/5337/5337
f 5339/5339/5339 5337/5337/5337 5345/5345/5345
f 5348/5348/5348 5043/5043/5043 5046/5046/5046
f 5348/5348/5348 5046/5046/5046 5352/5352/5352
f 5339/5339/5339 5311/5311/5311 5303/5303/5303
f 5339/5339/5339 5345/5345/5345 5308/5308/5308
f 5041/5041/5041 2794/2794/2794 2524/2524/2524
f 5347/5347/5347 5312/5312/5312 2795/2795/2795
f 5312/5312/5312 2775/2775/2775 2795/2795/2795
f 5043/5043/5043 5348/5348/5348 5041/5041/5041
f 5346/5346/5346 5348/5348/5348 5349/5349/5349
f 5348/5348/5348 5346/5346/5346 5041/5041/5041
f 5349/5349/5349 5351/5351/5351 5347/5347/5347
f 5349/5349/5349 5347/5347/5347 5346/5346/5346
f 5351/5351/5351 5350/5350/5350 5312/5312/5312
f 5353/5353/5353 5352/5352/5352 5354/5354/5354
f 5353/5353/5353 5354/5354/5354 5356/5356/5356
f 5351/5351/5351 5353/5353/5353 5318/5318/5318
f 5355/5355/5355 5354/5354/5354 5352/5352/5352
f 5355/5355/5355 5051/5051/5051 5050/5050/5050
f 5055/5055/5055 5063/5063/5063 5360/5360/5360
f 5055/5055/5055 5360/5360/5360 5050/5050/5050
f 5356/5356/5356 5324/5324/5324 5318/5318/5318
f 5050/5050/5050 5357/5357/5357 5354/5354/5354
f 5357/5357/5357 5358/5358/5358 5356/5356/5356
f 5360/5360/5360 5359/5359/5359 5357/5357/5357
f 5360/5360/5360 5063/5063/5063 5062/5062/5062
f 5062/5062/5062 5072/5072/5072 5336/5336/5336
f 5062/5062/5062 5336/5336/5336 5359/5359/5359
f 5359/5359/5359 5361/5361/5361 5358/5358/5358
f 5332/5332/5332 5361/5361/5361 5362/5362/5362
f 5332/5332/5332 5362/5362/5362 5338/5338/5338
f 5368/5368/5368 5373/5373/5373 5374/5374/5374
f 5368/5368/5368 5374/5374/5374 5365/5365/5365
f 5072/5072/5072 5342/5342/5342 5336/5336/5336
f 4791/4791/4791 5367/5367/5367 4787/4787/4787
f 4791/4791/4791 5369/5369/5369 5367/5367/5367
f 5369/5369/5369 5391/5391/5391 5367/5367/5367
f 5251/5251/5251 5250/5250/5250 5380/5380/5380
f 5251/5251/5251 5380/5380/5380 5381/5381/5381
f 5374/5374/5374 5366/5366/5366 5365/5365/5365
f 5375/5375/5375 5391/5391/5391 5369/5369/5369
f 5376/5376/5376 5374/5374/5374 5373/5373/5373
f 4796/4796/4796 5378/5378/5378 5247/5247/5247
f 5378/5378/5378 5248/5248/5248 5247/5247/5247
f 5379/5379/5379 5249/5249/5249 5248/5248/5248
f 5380/5380/5380 5250/5250/5250 5249/5249/5249
f 5378/5378/5378 5383/5383/5383 5384/5384/5384
f 5378/5378/5378 5384/5384/5384 5379/5379/5379
f 5382/5382/5382 5378/5378/5378 4796/4796/4796
f 5379/5379/5379 5384/5384/5384 5385/5385/5385
f 5379/5379/5379 5385/5385/5385 5380/5380/5380
f 5381/5381/5381 5380/5380/5380 5386/5386/5386
f 5381/5381/5381 5386/5386/5386 5387/5387/5387
f 5384/5384/5384 5383/5383/5383 5388/5388/5388
f 5384/5384/5384 5388/5388/5388 5389/5389/5389
f 5387/5387/5387 5364/5364/5364 5363/5363/5363
f 4787/4787/4787 5388/5388/5388 5382/5382/5382
f 5384/5384/5384 5389/5389/5389 5390/5390/5390
f 5384/5384/5384 5390/5390/5390 5385/5385/5385
f 5389/5389/5389 5388/5388/5388 5391/5391/5391
f 5389/5389/5389 5391/5391/5391 5392/5392/5392
f 5364/5364/5364 5387/5387/5387 5386/5386/5386
f 5365/5365/5365 5386/5386/5386 5390/5390/5390
f 5367/5367/5367 5391/5391/5391 5388/5388/5388
f 5391/5391/5391 5370/5370/5370 5371/5371/5371
f 5391/5391/5391 5371/5371/5371 5392/5392/5392
f 5392/5392/5392 5368/5368/5368 5389/5389/5389
f 5368/5368/5368 5390/5390/5390 5389/5389/5389
f 5275/5275/5275 5393/5393/5393 5394/5394/5394
f 5275/5275/5275 5394/5394/5394 5276/5276/5276
f 5392/5392/5392 5372/5372/5372 5368/5368/5368
f 2744/2744/2744 5276/5276/5276 5394/5394/5394
f 2744/2744/2744 5394/5394/5394 2846/2846/2846
f 5393/5393/5393 5395/5395/5395 5396/5396/5396
f 5393/5393/5393 5396/5396/5396 5394/5394/5394
f 5394/5394/5394 2848/2848/2848 2846/2846/2846
f 5397/5397/5397 5399/5399/5399 5400/5400/5400
f 5397/5397/5397 5400/5400/5400 5396/5396/5396
f 2850/2850/2850 2848/2848/2848 5396/5396/5396
f 2852/2852/2852 2853/2853/2853 5400/5400/5400
f 2852/2852/2852 5400/5400/5400 5399/5399/5399
f 5396/5396/5396 5400/5400/5400 2853/2853/2853
f 5396/5396/5396 2853/2853/2853 2850/2850/2850
f 5399/5399/5399 5401/5401/5401 2854/2854/2854
f 5399/5399/5399 2854/2854/2854 2852/2852/2852
f 5401/5401/5401 5399/5399/5399 5398/5398/5398
f 2856/2856/2856 2857/2857/2857 5401/5401/5401
f 2856/2856/2856 5401/5401/5401 5403/5403/5403
f 5402/5402/5402 5405/5405/5405 5406/5406/5406
f 5402/5402/5402 5406/5406/5406 5403/5403/5403
f 5401/5401/5401 2857/2857/2857 2854/2854/2854
f 5405/5405/5405 2859/2859/2859 2860/2860/2860
f 5405/5405/5405 2860/2860/2860 5406/5406/5406
f 2856/2856/2856 5403/5403/5403 5406/5406/5406
f 2856/2856/2856 5406/5406/5406 2860/2860/2860
f 5282/5282/5282 5407/5407/5407 5408/5408/5408
f 5282/5282/5282 5408/5408/5408 5283/5283/5283
f 5284/5284/5284 5283/5283/5283 5408/5408/5408
f 5284/5284/5284 5408/5408/5408 5409/5409/5409
f 5275/5275/5275 5284/5284/5284 5409/5409/5409
f 5275/5275/5275 5409/5409/5409 5393/5393/5393
f 5407/5407/5407 5410/5410/5410 5411/5411/5411
f 5407/5407/5407 5411/5411/5411 5408/5408/5408
f 5410/5410/5410 5363/5363/5363 5412/5412/5412
f 5410/5410/5410 5412/5412/5412 5413/5413/5413
f 5409/5409/5409 5414/5414/5414 5395/5395/5395
f 5409/5409/5409 5395/5395/5395 5393/5393/5393
f 5414/5414/5414 5409/5409/5409 5411/5411/5411
f 5364/5364/5364 5366/5366/5366 5416/5416/5416
f 5364/5364/5364 5416/5416/5416 5412/5412/5412
f 5415/5415/5415 5411/5411/5411 5413/5413/5413
f 5414/5414/5414 5397/5397/5397 5395/5395/5395
f 5412/5412/5412 5416/5416/5416 5417/5417/5417
f 5412/5412/5412 5417/5417/5417 5413/5413/5413
f 5415/5415/5415 5413/5413/5413 5417/5417/5417
f 5415/5415/5415 5417/5417/5417 5418/5418/5418
f 5415/5415/5415 5418/5418/5418 5419/5419/5419
f 5415/5415/5415 5419/5419/5419 5414/5414/5414
f 5398/5398/5398 5399/5399/5399 5419/5419/5419
f 5398/5398/5398 5419/5419/5419 5418/5418/5418
f 5397/5397/5397 5414/5414/5414 5419/5419/5419
f 5397/5397/5397 5419/5419/5419 5399/5399/5399
f 5366/5366/5366 5374/5374/5374 5420/5420/5420
f 5366/5366/5366 5420/5420/5420 5416/5416/5416
f 5416/5416/5416 5420/5420/5420 5421/5421/5421
f 5416/5416/5416 5421/5421/5421 5417/5417/5417
f 5417/5417/5417 5421/5421/5421 5422/5422/5422
f 5417/5417/5417 5422/5422/5422 5418/5418/5418
f 5402/5402/5402 5403/5403/5403 5422/5422/5422
f 5402/5402/5402 5422/5422/5422 5421/5421/5421
f 5398/5398/5398 5418/5418/5418 5422/5422/5422
f 5398/5398/5398 5422/5422/5422 5403/5403/5403
f 5374/5374/5374 5377/5377/5377 5423/5423/5423
f 5374/5374/5374 5423/5423/5423 5420/5420/5420
f 5420/5420/5420 5423/5423/5423 5424/5424/5424
f 5420/5420/5420 5424/5424/5424 5421/5421/5421
f 5404/5404/5404 5405/5405/5405 5424/5424/5424
f 5404/5404/5404 5424/5424/5424 5423/5423/5423
f 5402/5402/5402 5421/5421/5421 5424/5424/5424
f 5402/5402/5402 5424/5424/5424 5405/5405/5405
f 5282/5282/5282 5251/5251/5251 5381/5381/5381
f 5282/5282/5282 5381/5381/5381 5407/5407/5407
f 5433/5433/5433 2885/2885/2885 2886/2886/2886
f 5433/5433/5433 2886/2886/2886 5434/5434/5434
f 5426/5426/5426 5434/5434/5434 5435/5435/5435
f 5426/5426/5426 5435/5435/5435 5427/5427/5427
f 5434/5434/5434 2886/2886/2886 2887/2887/2887
f 5434/5434/5434 2887/2887/2887 5435/5435/5435
f 2879/2879/2879 5427/5427/5427 5435/5435/5435
f 2879/2879/2879 5435/5435/5435 2887/2887/2887
f 5428/5428/5428 4803/4803/4803 4804/4804/4804
f 5428/5428/5428 4804/4804/4804 5436/5436/5436
f 2172/2172/2172 2888/2888/2888 5436/5436/5436
f 2172/2172/2172 5436/5436/5436 4804/4804/4804
f 5429/5429/5429 5428/5428/5428 5436/5436/5436
f 5429/5429/5429 5436/5436/5436 5437/5437/5437
f 2888/2888/2888 2889/2889/2889 5437/5437/5437
f 2888/2888/2888 5437/5437/5437 5436/5436/5436
f 5430/5430/5430 5437/5437/5437 5438/5438/5438
f 5430/5430/5430 5438/5438/5438 5431/5431/5431
f 5431/5431/5431 5438/5438/5438 5439/5439/5439
f 5431/5431/5431 5439/5439/5439 5432/5432/5432
f 5438/5438/5438 5437/5437/5437 2890/2890/2890
f 5438/5438/5438 2890/2890/2890 2891/2891/2891
f 5438/5438/5438 2891/2891/2891 5439/5439/5439
f 5432/5432/5432 5439/5439/5439 5440/5440/5440
f 5432/5432/5432 5440/5440/5440 5433/5433/5433
f 5439/5439/5439 2891/2891/2891 2892/2892/2892
f 5439/5439/5439 2892/2892/2892 5440/5440/5440
f 2885/2885/2885 5433/5433/5433 5440/5440/5440
f 2885/2885/2885 5440/5440/5440 2892/2892/2892
f 5371/5371/5371 5441/5441/5441 5442/5442/5442
f 5371/5371/5371 5442/5442/5442 5372/5372/5372
f 5375/5375/5375 5441/5441/5441 5370/5370/5370
f 5441/5441/5441 5371/5371/5371 5370/5370/5370
f 5373/5373/5373 5442/5442/5442 5443/5443/5443
f 5373/5373/5373 5443/5443/5443 5376/5376/5376
f 5442/5442/5442 5373/5373/5373 5372/5372/5372
f 5376/5376/5376 5443/5443/5443 5444/5444/5444
f 5376/5376/5376 5444/5444/5444 5377/5377/5377
f 5375/5375/5375 4806/4806/4806 5445/5445/5445
f 5375/5375/5375 5445/5445/5445 5446/5446/5446
f 4807/4807/4807 5445/5445/5445 4806/4806/4806
f 5441/5441/5441 5375/5375/5375 5446/5446/5446
f 5441/5441/5441 5446/5446/5446 5447/5447/5447
f 5441/5441/5441 5447/5447/5447 5448/5448/5448
f 5441/5441/5441 5448/5448/5448 5442/5442/5442
f 5442/5442/5442 5449/5449/5449 5450/5450/5450
f 5442/5442/5442 5450/5450/5450 5443/5443/5443
f 5448/5448/5448 5449/5449/5449 5442/5442/5442
f 5443/5443/5443 5450/5450/5450 5451/5451/5451
f 5443/5443/5443 5451/5451/5451 5444/5444/5444
f 5450/5450/5450 5449/5449/5449 5426/5426/5426
f 5426/5426/5426 5427/5427/5427 5451/5451/5451
f 5426/5426/5426 5451/5451/5451 5450/5450/5450
f 5425/5425/5425 5444/5444/5444 5451/5451/5451
f 5425/5425/5425 5451/5451/5451 5427/5427/5427
f 5446/5446/5446 5445/5445/5445 4808/4808/4808
f 5446/5446/5446 4808/4808/4808 5452/5452/5452
f 4808/4808/4808 5428/5428/5428 5429/5429/5429
f 4808/4808/4808 5429/5429/5429 5452/5452/5452
f 5447/5447/5447 5446/5446/5446 5452/5452/5452
f 5447/5447/5447 5452/5452/5452 5453/5453/5453
f 5429/5429/5429 5430/5430/5430 5453/5453/5453
f 5429/5429/5429 5453/5453/5453 5452/5452/5452
f 5447/5447/5447 5453/5453/5453 5454/5454/5454
f 5447/5447/5447 5454/5454/5454 5448/5448/5448
f 5431/5431/5431 5432/5432/5432 5454/5454/5454
f 5431/5431/5431 5454/5454/5454 5453/5453/5453
f 5426/5426/5426 5449/5449/5449 5454/5454/5454
f 5426/5426/5426 5454/5454/5454 5433/5433/5433
f 5454/5454/5454 5449/5449/5449 5448/5448/5448
f 5404/5404/5404 5455/5455/5455 5456/5456/5456
f 5404/5404/5404 5456/5456/5456 5405/5405/5405
f 2894/2894/2894 2895/2895/2895 5456/5456/5456
f 2894/2894/2894 5456/5456/5456 5455/5455/5455
f 2859/2859/2859 5405/5405/5405 5456/5456/5456
f 2859/2859/2859 5456/5456/5456 2895/2895/2895
f 5425/5425/5425 5427/5427/5427 5457/5457/5457
f 5425/5425/5425 5457/5457/5457 5455/5455/5455
f 2879/2879/2879 2896/2896/2896 5457/5457/5457
f 2879/2879/2879 5457/5457/5457 5427/5427/5427
f 5455/5455/5455 5457/5457/5457 2896/2896/2896
f 5455/5455/5455 2896/2896/2896 2894/2894/2894
f 5377/5377/5377 5444/5444/5444 5458/5458/5458
f 5377/5377/5377 5458/5458/5458 5423/5423/5423
f 5425/5425/5425 5455/5455/5455 5458/5458/5458
f 5425/5425/5425 5458/5458/5458 5444/5444/5444
f 5404/5404/5404 5423/5423/5423 5458/5458/5458
f 5404/5404/5404 5458/5458/5458 5455/5455/5455
f 4030/4030/4030 5467/5467/5467 5468/5468/5468
f 4030/4030/4030 5468/5468/5468 4017/4017/4017
f 5464/5464/5464 5462/5462/5462 5461/5461/5461
f 5464/5464/5464 5466/5466/5466 5459/5459/5459
f 5486/5486/5486 5465/5465/5465 5464/5464/5464
f 5460/5460/5460 5486/5486/5486 5464/5464/5464
f 5467/5467/5467 5469/5469/5469 5470/5470/5470
f 5467/5467/5467 5470/5470/5470 5468/5468/5468
f 4971/4971/4971 4973/4973/4973 5475/5475/5475
f 4971/4971/4971 5475/5475/5475 5473/5473/5473
f 5472/5472/5472 5470/5470/5470 5469/5469/5469
f 5473/5473/5473 5474/5474/5474 5471/5471/5471
f 5474/5474/5474 5472/5472/5472 5471/5471/5471
f 5473/5473/5473 5475/5475/5475 5476/5476/5476
f 5473/5473/5473 5476/5476/5476 5474/5474/5474
f 5475/5475/5475 4973/4973/4973 4975/4975/4975
f 5475/5475/5475 4975/4975/4975 5477/5477/5477
f 4966/4966/4966 5463/5463/5463 5479/5479/5479
f 4966/4966/4966 5479/5479/5479 4976/4976/4976
f 5477/5477/5477 5478/5478/5478 5475/5475/5475
f 5478/5478/5478 5476/5476/5476 5475/5475/5475
f 5461/5461/5461 5478/5478/5478 5479/5479/5479
f 5461/5461/5461 5479/5479/5479 5463/5463/5463
f 5479/5479/5479 5478/5478/5478 5477/5477/5477
f 5471/5471/5471 4981/4981/4981 4970/4970/4970
f 5471/5471/5471 4970/4970/4970 5473/5473/5473
f 5480/5480/5480 4030/4030/4030 3462/3462/3462
f 4979/4979/4979 5480/5480/5480 4978/4978/4978
f 4979/4979/4979 5469/5469/5469 5480/5480/5480
f 5469/5469/5469 5467/5467/5467 5480/5480/5480
f 4981/4981/4981 5469/5469/5469 4979/4979/4979
f 4981/4981/4981 5471/5471/5471 5469/5469/5469
f 5484/5484/5484 5487/5487/5487 5488/5488/5488
f 5484/5484/5484 5488/5488/5488 5485/5485/5485
f 4058/4058/4058 5491/5491/5491 5492/5492/5492
f 4058/4058/4058 5492/5492/5492 4059/4059/4059
f 5489/5489/5489 5487/5487/5487 5486/5486/5486
f 5490/5490/5490 5488/5488/5488 5487/5487/5487
f 5491/5491/5491 5493/5493/5493 5494/5494/5494
f 5491/5491/5491 5494/5494/5494 5492/5492/5492
f 5493/5493/5493 5495/5495/5495 5496/5496/5496
f 5493/5493/5493 5496/5496/5496 5494/5494/5494
f 5498/5498/5498 5497/5497/5497 5483/5483/5483
f 5498/5498/5498 5483/5483/5483 5499/5499/5499
f 5499/5499/5499 5496/5496/5496 5495/5495/5495
f 4017/4017/4017 5468/5468/5468 5491/5491/5491
f 4017/4017/4017 5491/5491/5491 4058/4058/4058
f 5501/5501/5501 5497/5497/5497 5500/5500/5500
f 5501/5501/5501 5485/5485/5485 5497/5497/5497
f 5485/5485/5485 5483/5483/5483 5497/5497/5497
f 5465/5465/5465 5501/5501/5501 5462/5462/5462
f 5484/5484/5484 5465/5465/5465 5487/5487/5487
f 5484/5484/5484 5485/5485/5485 5501/5501/5501
f 5468/5468/5468 5502/5502/5502 5493/5493/5493
f 5468/5468/5468 5493/5493/5493 5491/5491/5491
f 5470/5470/5470 5502/5502/5502 5468/5468/5468
f 5504/5504/5504 5474/5474/5474 5476/5476/5476
f 5504/5504/5504 5476/5476/5476 5500/5500/5500
f 5503/5503/5503 5502/5502/5502 5470/5470/5470
f 5495/5495/5495 5493/5493/5493 5502/5502/5502
f 5474/5474/5474 5504/5504/5504 5472/5472/5472
f 5504/5504/5504 5503/5503/5503 5472/5472/5472
f 5498/5498/5498 5495/5495/5495 5503/5503/5503
f 5504/5504/5504 5500/5500/5500 5497/5497/5497
f 5504/5504/5504 5497/5497/5497 5498/5498/5498
f 5505/5505/5505 5512/5512/5512 5514/5514/5514
f 5505/5505/5505 5514/5514/5514 5507/5507/5507
f 5462/5462/5462 5500/5500/5500 5476/5476/5476
f 5462/5462/5462 5501/5501/5501 5500/5500/5500
f 5514/5514/5514 5512/5512/5512 5511/5511/5511
f 5518/5518/5518 5520/5520/5520 5510/5510/5510
f 5518/5518/5518 5510/5510/5510 5509/5509/5509
f 5509/5509/5509 5519/5519/5519 5518/5518/5518
f 5511/5511/5511 5521/5521/5521 5522/5522/5522
f 5511/5511/5511 5522/5522/5522 5514/5514/5514
f 5511/5511/5511 5510/5510/5510 5520/5520/5520
f 5511/5511/5511 5512/5512/5512 5510/5510/5510
f 5522/5522/5522 5521/5521/5521 5481/5481/5481
f 4087/4087/4087 5523/5523/5523 5524/5524/5524
f 4087/4087/4087 5524/5524/5524 4088/4088/4088
f 4088/4088/4088 5524/5524/5524 5515/5515/5515
f 4088/4088/4088 5515/5515/5515 4080/4080/4080
f 5526/5526/5526 5528/5528/5528 5519/5519/5519
f 5526/5526/5526 5519/5519/5519 5517/5517/5517
f 5525/5525/5525 5524/5524/5524 5523/5523/5523
f 5516/5516/5516 5515/5515/5515 5524/5524/5524
f 5526/5526/5526 5517/5517/5517 5525/5525/5525
f 5527/5527/5527 5483/5483/5483 5485/5485/5485
f 5527/5527/5527 5485/5485/5485 5529/5529/5529
f 5527/5527/5527 5518/5518/5518 5528/5528/5528
f 5518/5518/5518 5519/5519/5519 5528/5528/5528
f 5520/5520/5520 5529/5529/5529 5488/5488/5488
f 5520/5520/5520 5488/5488/5488 5521/5521/5521
f 5529/5529/5529 5518/5518/5518 5527/5527/5527
f 5529/5529/5529 5520/5520/5520 5518/5518/5518
f 5488/5488/5488 5529/5529/5529 5485/5485/5485
f 4087/4087/4087 4059/4059/4059 5492/5492/5492
f 4087/4087/4087 5492/5492/5492 5523/5523/5523
f 5494/5494/5494 5496/5496/5496 5526/5526/5526
f 5494/5494/5494 5526/5526/5526 5525/5525/5525
f 5496/5496/5496 5499/5499/5499 5528/5528/5528
f 5496/5496/5496 5528/5528/5528 5526/5526/5526
f 4096/4096/4096 5530/5530/5530 5074/5074/5074
f 4096/4096/4096 5074/5074/5074 3786/3786/3786
f 5528/5528/5528 5499/5499/5499 5527/5527/5527
f 3786/3786/3786 5074/5074/5074 5075/5075/5075
f 3786/3786/3786 5075/5075/5075 3787/3787/3787
f 5530/5530/5530 5531/5531/5531 5076/5076/5076
f 5530/5530/5530 5076/5076/5076 5074/5074/5074
f 5085/5085/5085 5505/5505/5505 5507/5507/5507
f 5085/5085/5085 5507/5507/5507 5040/5040/5040
f 5532/5532/5532 5076/5076/5076 5531/5531/5531
f 5532/5532/5532 5078/5078/5078 5076/5076/5076
f 5081/5081/5081 5079/5079/5079 5533/5533/5533
f 5080/5080/5080 5081/5081/5081 5534/5534/5534
f 5536/5536/5536 5505/5505/5505 5085/5085/5085
f 5536/5536/5536 5083/5083/5083 5535/5535/5535
f 5536/5536/5536 5086/5086/5086 5083/5083/5083
f 4096/4096/4096 4099/4099/4099 5537/5537/5537
f 4096/4096/4096 5537/5537/5537 5530/5530/5530
f 5537/5537/5537 5538/5538/5538 5531/5531/5531
f 5537/5537/5537 5531/5531/5531 5530/5530/5530
f 5509/5509/5509 5510/5510/5510 5535/5535/5535
f 5509/5509/5509 5535/5535/5535 5534/5534/5534
f 5540/5540/5540 5531/5531/5531 5538/5538/5538
f 5540/5540/5540 5532/5532/5532 5531/5531/5531
f 5533/5533/5533 5540/5540/5540 5539/5539/5539
f 5534/5534/5534 5533/5533/5533 5508/5508/5508
f 4099/4099/4099 4080/4080/4080 5515/5515/5515
f 4099/4099/4099 5515/5515/5515 5537/5537/5537
f 5512/5512/5512 5535/5535/5535 5510/5510/5510
f 5512/5512/5512 5505/5505/5505 5535/5535/5535
f 5537/5537/5537 5515/5515/5515 5516/5516/5516
f 5537/5537/5537 5516/5516/5516 5538/5538/5538
f 5516/5516/5516 5517/5517/5517 5539/5539/5539
f 5516/5516/5516 5539/5539/5539 5538/5538/5538
f 3865/3865/3865 5160/5160/5160 5541/5541/5541
f 3865/3865/3865 5541/5541/5541 4103/4103/4103
f 5508/5508/5508 5539/5539/5539 5517/5517/5517
f 5541/5541/5541 5160/5160/5160 5161/5161/5161
f 5541/5541/5541 5161/5161/5161 5542/5542/5542
f 5161/5161/5161 5162/5162/5162 5543/5543/5543
f 5161/5161/5161 5543/5543/5543 5542/5542/5542
f 5543/5543/5543 5162/5162/5162 5163/5163/5163
f 5543/5543/5543 5163/5163/5163 5544/5544/5544
f 5544/5544/5544 5163/5163/5163 5164/5164/5164
f 5544/5544/5544 5164/5164/5164 5545/5545/5545
f 4109/4109/4109 4110/4110/4110 5547/5547/5547
f 4109/4109/4109 5547/5547/5547 5546/5546/5546
f 5165/5165/5165 5545/5545/5545 5164/5164/5164
f 4110/4110/4110 4103/4103/4103 5541/5541/5541
f 4110/4110/4110 5541/5541/5541 5547/5547/5547
f 5541/5541/5541 5542/5542/5542 5548/5548/5548
f 5541/5541/5541 5548/5548/5548 5547/5547/5547
f 5542/5542/5542 5543/5543/5543 5549/5549/5549
f 5542/5542/5542 5549/5549/5549 5548/5548/5548
f 5546/5546/5546 5551/5551/5551 5555/5555/5555
f 5546/5546/5546 5555/5555/5555 5554/5554/5554
f 5544/5544/5544 5549/5549/5549 5543/5543/5543
f 5166/5166/5166 5550/5550/5550 5165/5165/5165
f 5545/5545/5545 5552/5552/5552 5544/5544/5544
f 5546/5546/5546 5554/5554/5554 4113/4113/4113
f 5551/5551/5551 5548/5548/5548 5556/5556/5556
f 5551/5551/5551 5556/5556/5556 5555/5555/5555
f 5548/5548/5548 5549/5549/5549 5557/5557/5557
f 5548/5548/5548 5557/5557/5557 5556/5556/5556
f 5549/5549/5549 5552/5552/5552 5558/5558/5558
f 5549/5549/5549 5558/5558/5558 5557/5557/5557
f 5552/5552/5552 5545/5545/5545 5559/5559/5559
f 5552/5552/5552 5559/5559/5559 5558/5558/5558
f 5554/5554/5554 5555/5555/5555 5563/5563/5563
f 5554/5554/5554 5563/5563/5563 5562/5562/5562
f 5550/5550/5550 5559/5559/5559 5545/5545/5545
f 5557/5557/5557 5560/5560/5560 5556/5556/5556
f 5553/5553/5553 5561/5561/5561 5550/5550/5550
f 5564/5564/5564 5557/5557/5557 5558/5558/5558
f 5564/5564/5564 5558/5558/5558 5565/5565/5565
f 5560/5560/5560 5563/5563/5563 5555/5555/5555
f 5565/5565/5565 5558/5558/5558 5559/5559/5559
f 5565/5565/5565 5559/5559/5559 5566/5566/5566
f 4130/4130/4130 5562/5562/5562 5570/5570/5570
f 4130/4130/4130 5570/5570/5570 4137/4137/4137
f 5562/5562/5562 4130/4130/4130 4122/4122/4122
f 5560/5560/5560 5568/5568/5568 5563/5563/5563
f 5561/5561/5561 5569/5569/5569 5566/5566/5566
f 5562/5562/5562 5563/5563/5563 5571/5571/5571
f 5562/5562/5562 5571/5571/5571 5570/5570/5570
f 5572/5572/5572 5564/5564/5564 5565/5565/5565
f 5572/5572/5572 5565/5565/5565 5573/5573/5573
f 5564/5564/5564 5572/5572/5572 5568/5568/5568
f 5224/5224/5224 5219/5219/5219 5577/5577/5577
f 5224/5224/5224 5577/5577/5577 5576/5576/5576
f 5566/5566/5566 5573/5573/5573 5565/5565/5565
f 5567/5567/5567 5574/5574/5574 5569/5569/5569
f 5224/5224/5224 5575/5575/5575 5223/5223/5223
f 5224/5224/5224 5576/5576/5576 5575/5575/5575
f 5166/5166/5166 5223/5223/5223 5581/5581/5581
f 5166/5166/5166 5581/5581/5581 5553/5553/5553
f 5225/5225/5225 5577/5577/5577 5219/5219/5219
f 5220/5220/5220 5578/5578/5578 5215/5215/5215
f 5579/5579/5579 5222/5222/5222 5580/5580/5580
f 5584/5584/5584 5577/5577/5577 5225/5225/5225
f 5584/5584/5584 5225/5225/5225 5585/5585/5585
f 5579/5579/5579 5586/5586/5586 5220/5220/5220
f 5576/5576/5576 5583/5583/5583 5575/5575/5575
f 5577/5577/5577 5584/5584/5584 5576/5576/5576
f 5225/5225/5225 5578/5578/5578 5586/5586/5586
f 5225/5225/5225 5586/5586/5586 5585/5585/5585
f 5580/5580/5580 5582/5582/5582 5587/5587/5587
f 5580/5580/5580 5587/5587/5587 5579/5579/5579
f 5588/5588/5588 5591/5591/5591 5587/5587/5587
f 5588/5588/5588 5587/5587/5587 5582/5582/5582
f 5583/5583/5583 5589/5589/5589 5581/5581/5581
f 5584/5584/5584 5585/5585/5585 5595/5595/5595
f 5584/5584/5584 5595/5595/5595 5594/5594/5594
f 5587/5587/5587 5591/5591/5591 5586/5586/5586
f 5589/5589/5589 5567/5567/5567 5553/5553/5553
f 5590/5590/5590 5593/5593/5593 5583/5583/5583
f 5584/5584/5584 5594/5594/5594 5590/5590/5590
f 5596/5596/5596 5599/5599/5599 5591/5591/5591
f 5596/5596/5596 5591/5591/5591 5588/5588/5588
f 5591/5591/5591 5595/5595/5595 5586/5586/5586
f 5593/5593/5593 5597/5597/5597 5589/5589/5589
f 5594/5594/5594 5598/5598/5598 5590/5590/5590
f 5601/5601/5601 5588/5588/5588 5592/5592/5592
f 5601/5601/5601 5592/5592/5592 5602/5602/5602
f 5591/5591/5591 5599/5599/5599 5595/5595/5595
f 5594/5594/5594 5595/5595/5595 5605/5605/5605
f 5594/5594/5594 5605/5605/5605 5604/5604/5604
f 5597/5597/5597 5574/5574/5574 5567/5567/5567
f 5598/5598/5598 5603/5603/5603 5593/5593/5593
f 5242/5242/5242 5243/5243/5243 5607/5607/5607
f 5242/5242/5242 5607/5607/5607 5606/5606/5606
f 5599/5599/5599 5605/5605/5605 5595/5595/5595
f 4172/4172/4172 5607/5607/5607 5243/5243/5243
f 4172/4172/4172 5243/5243/5243 3939/3939/3939
f 5606/5606/5606 5608/5608/5608 5244/5244/5244
f 5606/5606/5606 5244/5244/5244 5242/5242/5242
f 5222/5222/5222 5245/5245/5245 5610/5610/5610
f 5222/5222/5222 5610/5610/5610 5580/5580/5580
f 5607/5607/5607 5609/5609/5609 5606/5606/5606
f 4177/4177/4177 4176/4176/4176 5611/5611/5611
f 4177/4177/4177 5611/5611/5611 5612/5612/5612
f 5608/5608/5608 5610/5610/5610 5245/5245/5245
f 5608/5608/5608 5606/5606/5606 5609/5609/5609
f 5609/5609/5609 5607/5607/5607 5612/5612/5612
f 5609/5609/5609 5612/5612/5612 5611/5611/5611
f 4172/4172/4172 4177/4177/4177 5612/5612/5612
f 4172/4172/4172 5612/5612/5612 5607/5607/5607
f 5610/5610/5610 5608/5608/5608 5614/5614/5614
f 5610/5610/5610 5614/5614/5614 5613/5613/5613
f 5609/5609/5609 5611/5611/5611 5614/5614/5614
f 5609/5609/5609 5614/5614/5614 5608/5608/5608
f 4178/4178/4178 5615/5615/5615 5611/5611/5611
f 4178/4178/4178 5611/5611/5611 4176/4176/4176
f 5615/5615/5615 5616/5616/5616 5614/5614/5614
f 5615/5615/5615 5614/5614/5614 5611/5611/5611
f 5613/5613/5613 5582/5582/5582 5580/5580/5580
f 5617/5617/5617 5618/5618/5618 5616/5616/5616
f 5617/5617/5617 5616/5616/5616 5615/5615/5615
f 4178/4178/4178 4183/4183/4183 5619/5619/5619
f 4178/4178/4178 5619/5619/5619 5615/5615/5615
f 5616/5616/5616 5618/5618/5618 5613/5613/5613
f 4183/4183/4183 4184/4184/4184 5620/5620/5620
f 4183/4183/4183 5620/5620/5620 5619/5619/5619
f 5618/5618/5618 5592/5592/5592 5582/5582/5582
f 5617/5617/5617 5620/5620/5620 5621/5621/5621
f 5617/5617/5617 5621/5621/5621 5618/5618/5618
f 5619/5619/5619 5620/5620/5620 5617/5617/5617
f 4186/4186/4186 5622/5622/5622 5620/5620/5620
f 4186/4186/4186 5620/5620/5620 4184/4184/4184
f 5600/5600/5600 5602/5602/5602 5623/5623/5623
f 5600/5600/5600 5623/5623/5623 5622/5622/5622
f 5592/5592/5592 5621/5621/5621 5623/5623/5623
f 5592/5592/5592 5623/5623/5623 5602/5602/5602
f 5620/5620/5620 5622/5622/5622 5623/5623/5623
f 5620/5620/5620 5623/5623/5623 5621/5621/5621
f 5625/5625/5625 5624/5624/5624 5028/5028/5028
f 5625/5625/5625 5028/5028/5028 5627/5627/5627
f 5028/5028/5028 5624/5624/5624 5026/5026/5026
f 5268/5268/5268 5269/5269/5269 5626/5626/5626
f 5268/5268/5268 5626/5626/5626 5627/5627/5627
f 5627/5627/5627 5028/5028/5028 5267/5267/5267
f 5030/5030/5030 5032/5032/5032 5624/5624/5624
f 5030/5030/5030 5624/5624/5624 5628/5628/5628
f 5625/5625/5625 5626/5626/5626 5631/5631/5631
f 5625/5625/5625 5631/5631/5631 5630/5630/5630
f 5624/5624/5624 5630/5630/5630 5628/5628/5628
f 5630/5630/5630 5631/5631/5631 5629/5629/5629
f 5034/5034/5034 5035/5035/5035 5635/5635/5635
f 5034/5034/5034 5635/5635/5635 5632/5632/5632
f 5030/5030/5030 5628/5628/5628 5635/5635/5635
f 5030/5030/5030 5635/5635/5635 5035/5035/5035
f 5633/5633/5633 5636/5636/5636 5637/5637/5637
f 5633/5633/5633 5637/5637/5637 5634/5634/5634
f 5628/5628/5628 5636/5636/5636 5635/5635/5635
f 5636/5636/5636 5633/5633/5633 5632/5632/5632
f 5459/5459/5459 5638/5638/5638 5639/5639/5639
f 5459/5459/5459 5639/5639/5639 5460/5460/5460
f 5629/5629/5629 5637/5637/5637 5636/5636/5636
f 5037/5037/5037 5640/5640/5640 5641/5641/5641
f 5037/5037/5037 5641/5641/5641 5638/5638/5638
f 5638/5638/5638 5641/5641/5641 5634/5634/5634
f 5638/5638/5638 5634/5634/5634 5639/5639/5639
f 5632/5632/5632 5641/5641/5641 5640/5640/5640
f 4966/4966/4966 5039/5039/5039 5459/5459/5459
f 4966/4966/4966 5459/5459/5459 5466/5466/5466
f 5634/5634/5634 5641/5641/5641 5633/5633/5633
f 5039/5039/5039 5037/5037/5037 5638/5638/5638
f 5039/5039/5039 5638/5638/5638 5459/5459/5459
f 5308/5308/5308 5644/5644/5644 5310/5310/5310
f 5308/5308/5308 5310/5310/5310 5311/5311/5311
f 5310/5310/5310 5644/5644/5644 5643/5643/5643
f 5626/5626/5626 5645/5645/5645 5650/5650/5650
f 5626/5626/5626 5650/5650/5650 5631/5631/5631
f 5309/5309/5309 5626/5626/5626 5269/5269/5269
f 5309/5309/5309 5645/5645/5645 5626/5626/5626
f 5651/5651/5651 5650/5650/5650 5643/5643/5643
f 5651/5651/5651 5648/5648/5648 5647/5647/5647
f 5649/5649/5649 5651/5651/5651 5644/5644/5644
f 5649/5649/5649 5644/5644/5644 5642/5642/5642
f 5631/5631/5631 5650/5650/5650 5629/5629/5629
f 5482/5482/5482 5653/5653/5653 5513/5513/5513
f 5482/5482/5482 5513/5513/5513 5481/5481/5481
f 5650/5650/5650 5645/5645/5645 5643/5643/5643
f 5652/5652/5652 5654/5654/5654 5648/5648/5648
f 5652/5652/5652 5648/5648/5648 5653/5653/5653
f 5513/5513/5513 5653/5653/5653 5646/5646/5646
f 5629/5629/5629 5650/5650/5650 5647/5647/5647
f 5629/5629/5629 5647/5647/5647 5637/5637/5637
f 5648/5648/5648 5654/5654/5654 5647/5647/5647
f 5460/5460/5460 5639/5639/5639 5655/5655/5655
f 5460/5460/5460 5655/5655/5655 5489/5489/5489
f 5652/5652/5652 5653/5653/5653 5482/5482/5482
f 5652/5652/5652 5482/5482/5482 5655/5655/5655
f 5655/5655/5655 5639/5639/5639 5652/5652/5652
f 5040/5040/5040 5507/5507/5507 5657/5657/5657
f 5040/5040/5040 5657/5657/5657 5342/5342/5342
f 5482/5482/5482 5490/5490/5490 5489/5489/5489
f 5657/5657/5657 5507/5507/5507 5506/5506/5506
f 5342/5342/5342 5657/5657/5657 5658/5658/5658
f 5342/5342/5342 5658/5658/5658 5344/5344/5344
f 5658/5658/5658 5657/5657/5657 5656/5656/5656
f 5343/5343/5343 5658/5658/5658 5659/5659/5659
f 5343/5343/5343 5659/5659/5659 5345/5345/5345
f 5659/5659/5659 5644/5644/5644 5308/5308/5308
f 5659/5659/5659 5658/5658/5658 5642/5642/5642
f 4137/4137/4137 5570/5570/5570 5663/5663/5663
f 4137/4137/4137 5663/5663/5663 4275/4275/4275
f 5656/5656/5656 5514/5514/5514 5513/5513/5513
f 5660/5660/5660 5649/5649/5649 5642/5642/5642
f 5660/5660/5660 5656/5656/5656 5646/5646/5646
f 5660/5660/5660 5658/5658/5658 5656/5656/5656
f 5513/5513/5513 5522/5522/5522 5481/5481/5481
f 5568/5568/5568 5661/5661/5661 5571/5571/5571
f 5569/5569/5569 5662/5662/5662 5566/5566/5566
f 5574/5574/5574 5662/5662/5662 5569/5569/5569
f 5663/5663/5663 5570/5570/5570 5571/5571/5571
f 5663/5663/5663 5571/5571/5571 5664/5664/5664
f 5664/5664/5664 5571/5571/5571 5661/5661/5661
f 5664/5664/5664 5661/5661/5661 5665/5665/5665
f 5665/5665/5665 5661/5661/5661 5572/5572/5572
f 5665/5665/5665 5572/5572/5572 5666/5666/5666
f 5666/5666/5666 5572/5572/5572 5573/5573/5573
f 5666/5666/5666 5573/5573/5573 5667/5667/5667
f 4275/4275/4275 5663/5663/5663 5669/5669/5669
f 4275/4275/4275 5669/5669/5669 4279/4279/4279
f 4279/4279/4279 5669/5669/5669 5670/5670/5670
f 4279/4279/4279 5670/5670/5670 4280/4280/4280
f 5669/5669/5669 5663/5663/5663 5664/5664/5664
f 5669/5669/5669 5664/5664/5664 5670/5670/5670
f 5664/5664/5664 5665/5665/5665 5671/5671/5671
f 5664/5664/5664 5671/5671/5671 5670/5670/5670
f 5672/5672/5672 5667/5667/5667 5662/5662/5662
f 5672/5672/5672 5662/5662/5662 5673/5673/5673
f 5667/5667/5667 5672/5672/5672 5666/5666/5666
f 4280/4280/4280 5670/5670/5670 5675/5675/5675
f 4280/4280/4280 5675/5675/5675 4284/4284/4284
f 5668/5668/5668 5673/5673/5673 5662/5662/5662
f 5670/5670/5670 5671/5671/5671 5677/5677/5677
f 5670/5670/5670 5677/5677/5677 5675/5675/5675
f 5676/5676/5676 5675/5675/5675 5677/5677/5677
f 5676/5676/5676 5677/5677/5677 5678/5678/5678
f 5677/5677/5677 5671/5671/5671 5666/5666/5666
f 5677/5677/5677 5666/5666/5666 5678/5678/5678
f 4284/4284/4284 5675/5675/5675 5679/5679/5679
f 4284/4284/4284 5679/5679/5679 4289/4289/4289
f 5672/5672/5672 5678/5678/5678 5666/5666/5666
f 4290/4290/4290 4289/4289/4289 5679/5679/5679
f 4290/4290/4290 5679/5679/5679 5680/5680/5680
f 5679/5679/5679 5675/5675/5675 5676/5676/5676
f 5679/5679/5679 5676/5676/5676 5680/5680/5680
f 5676/5676/5676 5678/5678/5678 5682/5682/5682
f 5676/5676/5676 5682/5682/5682 5680/5680/5680
f 5681/5681/5681 5680/5680/5680 5682/5682/5682
f 5681/5681/5681 5682/5682/5682 5683/5683/5683
f 5682/5682/5682 5678/5678/5678 5672/5672/5672
f 5682/5682/5682 5672/5672/5672 5683/5683/5683
f 5672/5672/5672 5673/5673/5673 5684/5684/5684
f 5672/5672/5672 5684/5684/5684 5683/5683/5683
f 5684/5684/5684 5673/5673/5673 5674/5674/5674
f 5684/5684/5684 5674/5674/5674 5685/5685/5685
f 4294/4294/4294 4290/4290/4290 5680/5680/5680
f 4294/4294/4294 5680/5680/5680 5686/5686/5686
f 5687/5687/5687 5681/5681/5681 5683/5683/5683
f 5687/5687/5687 5683/5683/5683 5688/5688/5688
f 4298/4298/4298 4294/4294/4294 5686/5686/5686
f 4298/4298/4298 5686/5686/5686 5689/5689/5689
f 5684/5684/5684 5688/5688/5688 5683/5683/5683
f 5685/5685/5685 5688/5688/5688 5684/5684/5684
f 5689/5689/5689 5681/5681/5681 5687/5687/5687
f 5689/5689/5689 5687/5687/5687 5690/5690/5690
f 5681/5681/5681 5689/5689/5689 5686/5686/5686
f 5687/5687/5687 5688/5688/5688 5692/5692/5692
f 5687/5687/5687 5692/5692/5692 5690/5690/5690
f 5691/5691/5691 5690/5690/5690 5692/5692/5692
f 5691/5691/5691 5692/5692/5692 5693/5693/5693
f 5692/5692/5692 5688/5688/5688 5685/5685/5685
f 5692/5692/5692 5685/5685/5685 5693/5693/5693
f 4301/4301/4301 4298/4298/4298 5689/5689/5689
f 4301/4301/4301 5689/5689/5689 5694/5694/5694
f 4302/4302/4302 4301/4301/4301 5694/5694/5694
f 4302/4302/4302 5694/5694/5694 5695/5695/5695
f 5694/5694/5694 5689/5689/5689 5690/5690/5690
f 5694/5694/5694 5690/5690/5690 5695/5695/5695
f 4303/4303/4303 4302/4302/4302 5695/5695/5695
f 4303/4303/4303 5695/5695/5695 5696/5696/5696
f 5695/5695/5695 5690/5690/5690 5691/5691/5691
f 5695/5695/5695 5691/5691/5691 5696/5696/5696
f 5698/5698/5698 5605/5605/5605 5599/5599/5599
f 5698/5698/5698 5599/5599/5599 5596/5596/5596
f 5597/5597/5597 5699/5699/5699 5574/5574/5574
f 5603/5603/5603 5699/5699/5699 5597/5597/5597
f 5604/5604/5604 5700/5700/5700 5598/5598/5598
f 4308/4308/4308 4316/4316/4316 5702/5702/5702
f 4308/4308/4308 5702/5702/5702 5697/5697/5697
f 5596/5596/5596 5601/5601/5601 5705/5705/5705
f 5596/5596/5596 5705/5705/5705 5704/5704/5704
f 5701/5701/5701 5705/5705/5705 5706/5706/5706
f 5701/5701/5701 5706/5706/5706 5702/5702/5702
f 5601/5601/5601 5602/5602/5602 5706/5706/5706
f 5601/5601/5601 5706/5706/5706 5705/5705/5705
f 5697/5697/5697 5702/5702/5702 5706/5706/5706
f 5697/5697/5697 5706/5706/5706 5602/5602/5602
f 5703/5703/5703 5712/5712/5712 5605/5605/5605
f 5703/5703/5703 5605/5605/5605 5698/5698/5698
f 4324/4324/4324 4323/4323/4323 5708/5708/5708
f 4324/4324/4324 5708/5708/5708 5709/5709/5709
f 5605/5605/5605 5712/5712/5712 5604/5604/5604
f 5701/5701/5701 5702/5702/5702 5709/5709/5709
f 5701/5701/5701 5709/5709/5709 5708/5708/5708
f 4316/4316/4316 4324/4324/4324 5709/5709/5709
f 4316/4316/4316 5709/5709/5709 5702/5702/5702
f 5698/5698/5698 5704/5704/5704 5714/5714/5714
f 5698/5698/5698 5714/5714/5714 5713/5713/5713
f 5707/5707/5707 5714/5714/5714 5715/5715/5715
f 5707/5707/5707 5715/5715/5715 5708/5708/5708
f 5704/5704/5704 5705/5705/5705 5715/5715/5715
f 5704/5704/5704 5715/5715/5715 5714/5714/5714
f 5701/5701/5701 5708/5708/5708 5715/5715/5715
f 5701/5701/5701 5715/5715/5715 5705/5705/5705
f 5710/5710/5710 5674/5674/5674 5668/5668/5668
f 5710/5710/5710 5668/5668/5668 5699/5699/5699
f 5603/5603/5603 5700/5700/5700 5712/5712/5712
f 5603/5603/5603 5712/5712/5712 5711/5711/5711
f 4329/4329/4329 5717/5717/5717 5718/5718/5718
f 4329/4329/4329 5718/5718/5718 4330/4330/4330
f 5707/5707/5707 5708/5708/5708 5718/5718/5718
f 5707/5707/5707 5718/5718/5718 5717/5717/5717
f 4330/4330/4330 5718/5718/5718 5708/5708/5708
f 4330/4330/4330 5708/5708/5708 4323/4323/4323
f 5711/5711/5711 5712/5712/5712 5720/5720/5720
f 5711/5711/5711 5720/5720/5720 5719/5719/5719
f 5711/5711/5711 5719/5719/5719 5710/5710/5710
f 5712/5712/5712 5703/5703/5703 5721/5721/5721
f 5712/5712/5712 5721/5721/5721 5720/5720/5720
f 5721/5721/5721 5703/5703/5703 5713/5713/5713
f 5721/5721/5721 5713/5713/5713 5722/5722/5722
f 5716/5716/5716 5722/5722/5722 5723/5723/5723
f 5716/5716/5716 5723/5723/5723 5717/5717/5717
f 5713/5713/5713 5714/5714/5714 5723/5723/5723
f 5713/5713/5713 5723/5723/5723 5722/5722/5722
f 5707/5707/5707 5717/5717/5717 5723/5723/5723
f 5707/5707/5707 5723/5723/5723 5714/5714/5714
f 5716/5716/5716 5717/5717/5717 5730/5730/5730
f 5716/5716/5716 5730/5730/5730 5724/5724/5724
f 4342/4342/4342 5730/5730/5730 5717/5717/5717
f 4342/4342/4342 5717/5717/5717 4329/4329/4329
f 5685/5685/5685 5674/5674/5674 5710/5710/5710
f 5685/5685/5685 5710/5710/5710 5725/5725/5725
f 5720/5720/5720 5721/5721/5721 5727/5727/5727
f 5720/5720/5720 5727/5727/5727 5726/5726/5726
f 5720/5720/5720 5726/5726/5726 5719/5719/5719
f 4341/4341/4341 5729/5729/5729 5730/5730/5730
f 4341/4341/4341 5730/5730/5730 4342/4342/4342
f 5722/5722/5722 5727/5727/5727 5721/5721/5721
f 5731/5731/5731 5719/5719/5719 5726/5726/5726
f 5731/5731/5731 5726/5726/5726 5732/5732/5732
f 5730/5730/5730 5729/5729/5729 5724/5724/5724
f 5728/5728/5728 5732/5732/5732 5733/5733/5733
f 5728/5728/5728 5733/5733/5733 5729/5729/5729
f 5726/5726/5726 5727/5727/5727 5733/5733/5733
f 5726/5726/5726 5733/5733/5733 5732/5732/5732
f 5724/5724/5724 5729/5729/5729 5733/5733/5733
f 5724/5724/5724 5733/5733/5733 5727/5727/5727
f 4348/4348/4348 5736/5736/5736 5737/5737/5737
f 4348/4348/4348 5737/5737/5737 4349/4349/4349
f 5728/5728/5728 5729/5729/5729 5737/5737/5737
f 5728/5728/5728 5737/5737/5737 5736/5736/5736
f 4349/4349/4349 5737/5737/5737 5729/5729/5729
f 4349/4349/4349 5729/5729/5729 4341/4341/4341
f 5734/5734/5734 5691/5691/5691 5693/5693/5693
f 5734/5734/5734 5693/5693/5693 5738/5738/5738
f 5693/5693/5693 5685/5685/5685 5725/5725/5725
f 5693/5693/5693 5725/5725/5725 5738/5738/5738
f 5734/5734/5734 5738/5738/5738 5739/5739/5739
f 5734/5734/5734 5739/5739/5739 5735/5735/5735
f 5725/5725/5725 5731/5731/5731 5739/5739/5739
f 5725/5725/5725 5739/5739/5739 5738/5738/5738
f 5735/5735/5735 5739/5739/5739 5740/5740/5740
f 5735/5735/5735 5740/5740/5740 5736/5736/5736
f 5731/5731/5731 5732/5732/5732 5740/5740/5740
f 5731/5731/5731 5740/5740/5740 5739/5739/5739
f 5728/5728/5728 5736/5736/5736 5740/5740/5740
f 5728/5728/5728 5740/5740/5740 5732/5732/5732
f 4303/4303/4303 5696/5696/5696 5741/5741/5741
f 4303/4303/4303 5741/5741/5741 4350/4350/4350
f 5696/5696/5696 5691/5691/5691 5734/5734/5734
f 5696/5696/5696 5734/5734/5734 5741/5741/5741
f 4350/4350/4350 5741/5741/5741 5742/5742/5742
f 4350/4350/4350 5742/5742/5742 4351/4351/4351
f 5734/5734/5734 5735/5735/5735 5742/5742/5742
f 5734/5734/5734 5742/5742/5742 5741/5741/5741
f 4351/4351/4351 5742/5742/5742 5743/5743/5743
f 4351/4351/4351 5743/5743/5743 4352/4352/4352
f 5735/5735/5735 5736/5736/5736 5743/5743/5743
f 5735/5735/5735 5743/5743/5743 5742/5742/5742
f 4352/4352/4352 5743/5743/5743 5736/5736/5736
f 4352/4352/4352 5736/5736/5736 4348/4348/4348
f 4353/4353/4353 4308/4308/4308 5697/5697/5697
f 4353/4353/4353 5697/5697/5697 5744/5744/5744
f 5600/5600/5600 5622/5622/5622 5744/5744/5744
f 5600/5600/5600 5744/5744/5744 5697/5697/5697
f 4353/4353/4353 5744/5744/5744 5622/5622/5622
f 4353/4353/4353 5622/5622/5622 4186/4186/4186
