# Original Foam Haven inflated heart; generated with Blender MCP
v 0.0000000 0.0300000 -0.4800000
v 0.0000000 0.0615798 -0.4115275
v 0.0001745 0.0632734 -0.4126688
v 0.0005826 0.0653103 -0.4140773
v 0.0013603 0.0680168 -0.4160151
v 0.0026058 0.0712566 -0.4184494
v 0.0043971 0.0748665 -0.4213383
v 0.0067883 0.0786651 -0.4246326
v 0.0098074 0.0824613 -0.4282757
v 0.0134543 0.0860638 -0.4322054
v 0.0177005 0.0892900 -0.4363544
v 0.0224897 0.0919746 -0.4406517
v 0.0277395 0.0939765 -0.4450239
v 0.0333441 0.0951848 -0.4493960
v 0.0391781 0.0955221 -0.4536934
v 0.0451006 0.0949470 -0.4578424
v 0.0509607 0.0934538 -0.4617721
v 0.0566025 0.0910704 -0.4654152
v 0.0618713 0.0878546 -0.4687094
v 0.0666188 0.0838896 -0.4715984
v 0.0707090 0.0792772 -0.4740326
v 0.0740227 0.0741313 -0.4759706
v 0.0764626 0.0685715 -0.4773790
v 0.0779562 0.0627161 -0.4782338
v 0.0784591 0.0566761 -0.4785203
v 0.0779562 0.0505508 -0.4782338
v 0.0764626 0.0444237 -0.4773790
v 0.0740227 0.0383607 -0.4759706
v 0.0707090 0.0324090 -0.4740326
v 0.0666188 0.0265983 -0.4715984
v 0.0618713 0.0209423 -0.4687094
v 0.0566025 0.0154424 -0.4654152
v 0.0509607 0.0100910 -0.4617721
v 0.0451006 0.0048761 -0.4578424
v 0.0391781 -0.0002143 -0.4536934
v 0.0333441 -0.0051883 -0.4493960
v 0.0277395 -0.0100465 -0.4450239
v 0.0224897 -0.0147794 -0.4406517
v 0.0177005 -0.0193656 -0.4363544
v 0.0134543 -0.0237719 -0.4322054
v 0.0098074 -0.0279535 -0.4282757
v 0.0067883 -0.0318559 -0.4246326
v 0.0043971 -0.0354182 -0.4213383
v 0.0026058 -0.0385759 -0.4184494
v 0.0013603 -0.0412651 -0.4160151
v 0.0005826 -0.0434268 -0.4140773
v 0.0001745 -0.0450102 -0.4126688
v 0.0000000 -0.0463015 -0.4115275
v -0.0000220 -0.0459766 -0.4118140
v -0.0001745 -0.0450102 -0.4126688
v -0.0005826 -0.0434268 -0.4140773
v -0.0013603 -0.0412651 -0.4160151
v -0.0026058 -0.0385759 -0.4184494
v -0.0043971 -0.0354182 -0.4213383
v -0.0067883 -0.0318559 -0.4246326
v -0.0098074 -0.0279535 -0.4282757
v -0.0134543 -0.0237719 -0.4322054
v -0.0177005 -0.0193656 -0.4363544
v -0.0224897 -0.0147794 -0.4406517
v -0.0277395 -0.0100465 -0.4450239
v -0.0333441 -0.0051883 -0.4493960
v -0.0391781 -0.0002143 -0.4536934
v -0.0451006 0.0048761 -0.4578424
v -0.0509607 0.0100910 -0.4617721
v -0.0566025 0.0154424 -0.4654152
v -0.0618713 0.0209423 -0.4687094
v -0.0666188 0.0265983 -0.4715984
v -0.0707090 0.0324090 -0.4740326
v -0.0740227 0.0383607 -0.4759706
v -0.0764626 0.0444237 -0.4773790
v -0.0779562 0.0505508 -0.4782338
v -0.0784591 0.0566761 -0.4785203
v -0.0779562 0.0627161 -0.4782338
v -0.0764626 0.0685715 -0.4773790
v -0.0740227 0.0741313 -0.4759706
v -0.0707090 0.0792772 -0.4740326
v -0.0666188 0.0838896 -0.4715984
v -0.0618713 0.0878546 -0.4687094
v -0.0566025 0.0910704 -0.4654152
v -0.0509607 0.0934538 -0.4617721
v -0.0451006 0.0949470 -0.4578424
v -0.0391781 0.0955221 -0.4536934
v -0.0333441 0.0951848 -0.4493960
v -0.0277395 0.0939765 -0.4450239
v -0.0224897 0.0919746 -0.4406517
v -0.0177005 0.0892900 -0.4363544
v -0.0134543 0.0860638 -0.4322054
v -0.0098074 0.0824613 -0.4282757
v -0.0067883 0.0786651 -0.4246326
v -0.0043971 0.0748665 -0.4213383
v -0.0026058 0.0712566 -0.4184494
v -0.0013603 0.0680168 -0.4160151
v -0.0005826 0.0653103 -0.4140773
v -0.0001745 0.0632734 -0.4126688
v -0.0000220 0.0620086 -0.4118140
v 0.0000000 0.0929649 -0.4077177
v 0.0003479 0.0963416 -0.4088486
v 0.0011616 0.1004030 -0.4102439
v 0.0027122 0.1057993 -0.4121639
v 0.0051955 0.1122588 -0.4145756
v 0.0087670 0.1194564 -0.4174378
v 0.0135347 0.1270302 -0.4207015
v 0.0195543 0.1345992 -0.4243109
v 0.0268256 0.1417820 -0.4282042
v 0.0352918 0.1482145 -0.4323148
v 0.0448407 0.1535671 -0.4365724
v 0.0553079 0.1575586 -0.4409041
v 0.0664827 0.1599676 -0.4452358
v 0.0781146 0.1606402 -0.4494933
v 0.0899232 0.1594936 -0.4536039
v 0.1016072 0.1565164 -0.4574972
v 0.1128561 0.1517642 -0.4611066
v 0.1233612 0.1453526 -0.4643703
v 0.1328270 0.1374470 -0.4672326
v 0.1409820 0.1282505 -0.4696443
v 0.1475891 0.1179905 -0.4715642
v 0.1524538 0.1069052 -0.4729596
v 0.1554318 0.0952304 -0.4738065
v 0.1564345 0.0831877 -0.4740904
v 0.1554318 0.0709748 -0.4738065
v 0.1524538 0.0587585 -0.4729596
v 0.1475891 0.0466698 -0.4715642
v 0.1409820 0.0348032 -0.4696443
v 0.1328270 0.0232175 -0.4672326
v 0.1233612 0.0119405 -0.4643703
v 0.1128561 0.0009746 -0.4611066
v 0.1016072 -0.0096952 -0.4574972
v 0.0899232 -0.0200929 -0.4536039
v 0.0781146 -0.0302423 -0.4494933
v 0.0664827 -0.0401597 -0.4452358
v 0.0553079 -0.0498461 -0.4409041
v 0.0448407 -0.0592827 -0.4365724
v 0.0352918 -0.0684269 -0.4323148
v 0.0268256 -0.0772123 -0.4282042
v 0.0195543 -0.0855496 -0.4243109
v 0.0135347 -0.0933305 -0.4207015
v 0.0087670 -0.1004331 -0.4174378
v 0.0051955 -0.1067290 -0.4145756
v 0.0027122 -0.1120909 -0.4121639
v 0.0011616 -0.1164009 -0.4102439
v 0.0003479 -0.1195580 -0.4088486
v 0.0000000 -0.1221325 -0.4077177
v -0.0000438 -0.1214847 -0.4080017
v -0.0003479 -0.1195580 -0.4088486
v -0.0011616 -0.1164009 -0.4102439
v -0.0027122 -0.1120909 -0.4121639
v -0.0051955 -0.1067290 -0.4145756
v -0.0087670 -0.1004331 -0.4174378
v -0.0135347 -0.0933305 -0.4207015
v -0.0195543 -0.0855496 -0.4243109
v -0.0268256 -0.0772123 -0.4282042
v -0.0352918 -0.0684269 -0.4323148
v -0.0448407 -0.0592827 -0.4365724
v -0.0553079 -0.0498461 -0.4409041
v -0.0664827 -0.0401597 -0.4452358
v -0.0781146 -0.0302423 -0.4494933
v -0.0899232 -0.0200929 -0.4536039
v -0.1016072 -0.0096952 -0.4574972
v -0.1128561 0.0009746 -0.4611066
v -0.1233612 0.0119405 -0.4643703
v -0.1328270 0.0232175 -0.4672326
v -0.1409820 0.0348032 -0.4696443
v -0.1475891 0.0466698 -0.4715642
v -0.1524538 0.0587585 -0.4729596
v -0.1554318 0.0709748 -0.4738065
v -0.1564345 0.0831877 -0.4740904
v -0.1554318 0.0952304 -0.4738065
v -0.1524538 0.1069052 -0.4729596
v -0.1475891 0.1179905 -0.4715642
v -0.1409820 0.1282505 -0.4696443
v -0.1328270 0.1374470 -0.4672326
v -0.1233612 0.1453526 -0.4643703
v -0.1128561 0.1517642 -0.4611066
v -0.1016072 0.1565164 -0.4574972
v -0.0899232 0.1594936 -0.4536039
v -0.0781146 0.1606402 -0.4494933
v -0.0664827 0.1599676 -0.4452358
v -0.0553079 0.1575586 -0.4409041
v -0.0448407 0.1535671 -0.4365724
v -0.0352918 0.1482145 -0.4323148
v -0.0268256 0.1417820 -0.4282042
v -0.0195543 0.1345992 -0.4243109
v -0.0135347 0.1270302 -0.4207015
v -0.0087670 0.1194564 -0.4174378
v -0.0051955 0.1122588 -0.4145756
v -0.0027122 0.1057993 -0.4121639
v -0.0011616 0.1004030 -0.4102439
v -0.0003479 0.0963416 -0.4088486
v -0.0000438 0.0938198 -0.4080017
v 0.0000000 0.1239618 -0.4013943
v 0.0000653 0.1252376 -0.4016738
v 0.0005191 0.1290008 -0.4025076
v 0.0017334 0.1350616 -0.4038813
v 0.0040474 0.1431144 -0.4057715
v 0.0077532 0.1527538 -0.4081458
v 0.0130829 0.1634948 -0.4109636
v 0.0201977 0.1747971 -0.4141767
v 0.0291807 0.1860922 -0.4177301
v 0.0400315 0.1968109 -0.4215630
v 0.0526656 0.2064101 -0.4256099
v 0.0669152 0.2143978 -0.4298014
v 0.0825354 0.2203543 -0.4340659
v 0.0992113 0.2239492 -0.4383304
v 0.1165696 0.2249528 -0.4425220
v 0.1341913 0.2232418 -0.4465688
v 0.1516272 0.2187989 -0.4504018
v 0.1684138 0.2117073 -0.4539552
v 0.1840905 0.2021394 -0.4571683
v 0.1982162 0.1903419 -0.4599861
v 0.2103859 0.1766181 -0.4623604
v 0.2202455 0.1613073 -0.4642506
v 0.2275050 0.1447648 -0.4656243
v 0.2319491 0.1273426 -0.4664581
v 0.2334454 0.1093714 -0.4667376
v 0.2319491 0.0911463 -0.4664581
v 0.2275050 0.0729160 -0.4656243
v 0.2202455 0.0548762 -0.4642506
v 0.2103859 0.0371677 -0.4623604
v 0.1982162 0.0198786 -0.4599861
v 0.1840905 0.0030500 -0.4571683
v 0.1684138 -0.0133143 -0.4539552
v 0.1516272 -0.0292368 -0.4504018
v 0.1341913 -0.0447530 -0.4465688
v 0.1165696 -0.0598989 -0.4425220
v 0.0992113 -0.0746985 -0.4383304
v 0.0825354 -0.0891535 -0.4340659
v 0.0669152 -0.1032355 -0.4298014
v 0.0526656 -0.1168813 -0.4256099
v 0.0400315 -0.1299917 -0.4215630
v 0.0291807 -0.1424334 -0.4177301
v 0.0201977 -0.1540447 -0.4141767
v 0.0130829 -0.1646438 -0.4109636
v 0.0077532 -0.1740391 -0.4081458
v 0.0040474 -0.1820406 -0.4057715
v 0.0017334 -0.1884724 -0.4038813
v 0.0005191 -0.1931837 -0.4025076
v 0.0000653 -0.1960589 -0.4016738
v 0.0000000 -0.1970256 -0.4013943
v -0.0000653 -0.1960589 -0.4016738
v -0.0005191 -0.1931837 -0.4025076
v -0.0017334 -0.1884724 -0.4038813
v -0.0040474 -0.1820406 -0.4057715
v -0.0077532 -0.1740391 -0.4081458
v -0.0130829 -0.1646438 -0.4109636
v -0.0201977 -0.1540447 -0.4141767
v -0.0291807 -0.1424334 -0.4177301
v -0.0400315 -0.1299917 -0.4215630
v -0.0526656 -0.1168813 -0.4256099
v -0.0669152 -0.1032355 -0.4298014
v -0.0825354 -0.0891535 -0.4340659
v -0.0992113 -0.0746985 -0.4383304
v -0.1165696 -0.0598989 -0.4425220
v -0.1341913 -0.0447530 -0.4465688
v -0.1516272 -0.0292368 -0.4504018
v -0.1684138 -0.0133143 -0.4539552
v -0.1840905 0.0030500 -0.4571683
v -0.1982162 0.0198786 -0.4599861
v -0.2103859 0.0371677 -0.4623604
v -0.2202455 0.0548762 -0.4642506
v -0.2275050 0.0729160 -0.4656243
v -0.2319491 0.0911463 -0.4664581
v -0.2334454 0.1093714 -0.4667376
v -0.2319491 0.1273426 -0.4664581
v -0.2275050 0.1447648 -0.4656243
v -0.2202455 0.1613073 -0.4642506
v -0.2103859 0.1766181 -0.4623604
v -0.1982162 0.1903419 -0.4599861
v -0.1840905 0.2021394 -0.4571683
v -0.1684138 0.2117073 -0.4539552
v -0.1516272 0.2187989 -0.4504018
v -0.1341913 0.2232418 -0.4465688
v -0.1165696 0.2249528 -0.4425220
v -0.0992113 0.2239492 -0.4383304
v -0.0825354 0.2203543 -0.4340659
v -0.0669152 0.2143978 -0.4298014
v -0.0526656 0.2064101 -0.4256099
v -0.0400315 0.1968109 -0.4215630
v -0.0291807 0.1860922 -0.4177301
v -0.0201977 0.1747971 -0.4141767
v -0.0130829 0.1634948 -0.4109636
v -0.0077532 0.1527538 -0.4081458
v -0.0040474 0.1431144 -0.4057715
v -0.0017334 0.1350616 -0.4038813
v -0.0005191 0.1290008 -0.4025076
v -0.0000653 0.1252376 -0.4016738
v 0.0000000 0.1543793 -0.3925961
v 0.0000865 0.1560682 -0.3928695
v 0.0006872 0.1610497 -0.3936850
v 0.0022945 0.1690724 -0.3950286
v 0.0053576 0.1797322 -0.3968773
v 0.0102631 0.1924921 -0.3991996
v 0.0173181 0.2067101 -0.4019557
v 0.0267362 0.2216712 -0.4050983
v 0.0386271 0.2366229 -0.4085739
v 0.0529907 0.2508115 -0.4123228
v 0.0697146 0.2635182 -0.4162809
v 0.0885772 0.2740916 -0.4203806
v 0.1092540 0.2819763 -0.4245516
v 0.1313283 0.2867350 -0.4287226
v 0.1543058 0.2880635 -0.4328223
v 0.1776321 0.2857986 -0.4367805
v 0.2007124 0.2799175 -0.4405294
v 0.2229332 0.2705301 -0.4440049
v 0.2436848 0.2578648 -0.4471476
v 0.2623833 0.2422483 -0.4499036
v 0.2784926 0.2240818 -0.4522259
v 0.2915440 0.2038144 -0.4540747
v 0.3011536 0.1819168 -0.4554183
v 0.3070363 0.1588547 -0.4562337
v 0.3090170 0.1350658 -0.4565071
v 0.3070363 0.1109408 -0.4562337
v 0.3011536 0.0868088 -0.4554183
v 0.2915440 0.0629292 -0.4540747
v 0.2784926 0.0394881 -0.4522259
v 0.2623833 0.0166021 -0.4499036
v 0.2436848 -0.0056743 -0.4471476
v 0.2229332 -0.0273361 -0.4440049
v 0.2007124 -0.0484131 -0.4405294
v 0.1776321 -0.0689523 -0.4367805
v 0.1543058 -0.0890012 -0.4328223
v 0.1313283 -0.1085918 -0.4287226
v 0.1092540 -0.1277262 -0.4245516
v 0.0885772 -0.1463669 -0.4203806
v 0.0697146 -0.1644302 -0.4162809
v 0.0529907 -0.1817847 -0.4123228
v 0.0386271 -0.1982540 -0.4085739
v 0.0267362 -0.2136242 -0.4050983
v 0.0173181 -0.2276545 -0.4019557
v 0.0102631 -0.2400912 -0.3991996
v 0.0053576 -0.2506830 -0.3968773
v 0.0022945 -0.2591969 -0.3950286
v 0.0006872 -0.2654333 -0.3936850
v 0.0000865 -0.2692394 -0.3928695
v 0.0000000 -0.2705190 -0.3925961
v -0.0000865 -0.2692394 -0.3928695
v -0.0006872 -0.2654333 -0.3936850
v -0.0022945 -0.2591969 -0.3950286
v -0.0053576 -0.2506830 -0.3968773
v -0.0102631 -0.2400912 -0.3991996
v -0.0173181 -0.2276545 -0.4019557
v -0.0267362 -0.2136242 -0.4050983
v -0.0386271 -0.1982540 -0.4085739
v -0.0529907 -0.1817847 -0.4123228
v -0.0697146 -0.1644302 -0.4162809
v -0.0885772 -0.1463669 -0.4203806
v -0.1092540 -0.1277262 -0.4245516
v -0.1313283 -0.1085918 -0.4287226
v -0.1543058 -0.0890012 -0.4328223
v -0.1776321 -0.0689523 -0.4367805
v -0.2007124 -0.0484131 -0.4405294
v -0.2229332 -0.0273361 -0.4440049
v -0.2436848 -0.0056743 -0.4471476
v -0.2623833 0.0166021 -0.4499036
v -0.2784926 0.0394881 -0.4522259
v -0.2915440 0.0629292 -0.4540747
v -0.3011536 0.0868088 -0.4554183
v -0.3070363 0.1109408 -0.4562337
v -0.3090170 0.1350658 -0.4565071
v -0.3070363 0.1588547 -0.4562337
v -0.3011536 0.1819168 -0.4554183
v -0.2915440 0.2038144 -0.4540747
v -0.2784926 0.2240818 -0.4522259
v -0.2623833 0.2422483 -0.4499036
v -0.2436848 0.2578648 -0.4471476
v -0.2229332 0.2705301 -0.4440049
v -0.2007124 0.2799175 -0.4405294
v -0.1776321 0.2857986 -0.4367805
v -0.1543058 0.2880635 -0.4328223
v -0.1313283 0.2867350 -0.4287226
v -0.1092540 0.2819763 -0.4245516
v -0.0885772 0.2740916 -0.4203806
v -0.0697146 0.2635182 -0.4162809
v -0.0529907 0.2508115 -0.4123228
v -0.0386271 0.2366229 -0.4085739
v -0.0267362 0.2216712 -0.4050983
v -0.0173181 0.2067101 -0.4019557
v -0.0102631 0.1924921 -0.3991996
v -0.0053576 0.1797322 -0.3968773
v -0.0022945 0.1690724 -0.3950286
v -0.0006872 0.1610497 -0.3936850
v -0.0000865 0.1560682 -0.3928695
v 0.0000000 0.1840301 -0.3813775
v 0.0001071 0.1861216 -0.3816431
v 0.0008510 0.1922905 -0.3824352
v 0.0028415 0.2022258 -0.3837404
v 0.0066348 0.2154267 -0.3855363
v 0.0127098 0.2312285 -0.3877923
v 0.0214466 0.2488359 -0.3904696
v 0.0331098 0.2673636 -0.3935224
v 0.0478354 0.2858796 -0.3968987
v 0.0656231 0.3034506 -0.4005404
v 0.0863338 0.3191865 -0.4043855
v 0.1096931 0.3322805 -0.4083680
v 0.1352990 0.3420449 -0.4124198
v 0.1626356 0.3479380 -0.4164717
v 0.1910907 0.3495832 -0.4204542
v 0.2199778 0.3467784 -0.4242992
v 0.2485602 0.3394952 -0.4279410
v 0.2760782 0.3278700 -0.4313172
v 0.3017767 0.3121854 -0.4343701
v 0.3249327 0.2928461 -0.4370474
v 0.3448824 0.2703488 -0.4393033
v 0.3610451 0.2452500 -0.4410992
v 0.3729455 0.2181322 -0.4424044
v 0.3802306 0.1895723 -0.4431966
v 0.3826834 0.1601124 -0.4434622
v 0.3802306 0.1302362 -0.4431966
v 0.3729455 0.1003515 -0.4424044
v 0.3610451 0.0707791 -0.4410992
v 0.3448824 0.0417500 -0.4393033
v 0.3249327 0.0134082 -0.4370474
v 0.3017767 -0.0141786 -0.4343701
v 0.2760782 -0.0410045 -0.4313172
v 0.2485602 -0.0671059 -0.4279410
v 0.2199778 -0.0925414 -0.4242992
v 0.1910907 -0.1173699 -0.4204542
v 0.1626356 -0.1416306 -0.4164717
v 0.1352990 -0.1653264 -0.4124198
v 0.1096931 -0.1884109 -0.4083680
v 0.0863338 -0.2107804 -0.4043855
v 0.0656231 -0.2322720 -0.4005404
v 0.0478354 -0.2526675 -0.3968987
v 0.0331098 -0.2717017 -0.3935224
v 0.0214466 -0.2890767 -0.3904696
v 0.0127098 -0.3044782 -0.3877923
v 0.0066348 -0.3175949 -0.3855363
v 0.0028415 -0.3281384 -0.3837404
v 0.0008510 -0.3358616 -0.3824352
v 0.0001071 -0.3405750 -0.3816431
v 0.0000000 -0.3421596 -0.3813775
v -0.0001071 -0.3405750 -0.3816431
v -0.0008510 -0.3358616 -0.3824352
v -0.0028415 -0.3281384 -0.3837404
v -0.0066348 -0.3175949 -0.3855363
v -0.0127098 -0.3044782 -0.3877923
v -0.0214466 -0.2890767 -0.3904696
v -0.0331098 -0.2717017 -0.3935224
v -0.0478354 -0.2526675 -0.3968987
v -0.0656231 -0.2322720 -0.4005404
v -0.0863338 -0.2107804 -0.4043855
v -0.1096931 -0.1884109 -0.4083680
v -0.1352990 -0.1653264 -0.4124198
v -0.1626356 -0.1416306 -0.4164717
v -0.1910907 -0.1173699 -0.4204542
v -0.2199778 -0.0925414 -0.4242992
v -0.2485602 -0.0671059 -0.4279410
v -0.2760782 -0.0410045 -0.4313172
v -0.3017767 -0.0141786 -0.4343701
v -0.3249327 0.0134082 -0.4370474
v -0.3448824 0.0417500 -0.4393033
v -0.3610451 0.0707791 -0.4410992
v -0.3729455 0.1003515 -0.4424044
v -0.3802306 0.1302362 -0.4431966
v -0.3826834 0.1601124 -0.4434622
v -0.3802306 0.1895723 -0.4431966
v -0.3729455 0.2181322 -0.4424044
v -0.3610451 0.2452500 -0.4410992
v -0.3448824 0.2703488 -0.4393033
v -0.3249327 0.2928461 -0.4370474
v -0.3017767 0.3121854 -0.4343701
v -0.2760782 0.3278700 -0.4313172
v -0.2485602 0.3394952 -0.4279410
v -0.2199778 0.3467784 -0.4242992
v -0.1910907 0.3495832 -0.4204542
v -0.1626356 0.3479380 -0.4164717
v -0.1352990 0.3420449 -0.4124198
v -0.1096931 0.3322805 -0.4083680
v -0.0863338 0.3191865 -0.4043855
v -0.0656231 0.3034506 -0.4005404
v -0.0478354 0.2858796 -0.3968987
v -0.0331098 0.2673636 -0.3935224
v -0.0214466 0.2488359 -0.3904696
v -0.0127098 0.2312285 -0.3877923
v -0.0066348 0.2154267 -0.3855363
v -0.0028415 0.2022258 -0.3837404
v -0.0008510 0.1922905 -0.3824352
v -0.0001071 0.1861216 -0.3816431
v 0.0000000 0.2127312 -0.3678075
v 0.0001270 0.2152124 -0.3680636
v 0.0010096 0.2225308 -0.3688276
v 0.0033710 0.2343174 -0.3700864
v 0.0078711 0.2499781 -0.3718184
v 0.0150780 0.2687243 -0.3739941
v 0.0254428 0.2896126 -0.3765761
v 0.0392793 0.3115926 -0.3795203
v 0.0567488 0.3335588 -0.3827764
v 0.0778509 0.3544039 -0.3862886
v 0.1024208 0.3730718 -0.3899968
v 0.1301327 0.3886057 -0.3938376
v 0.1605099 0.4001896 -0.3977453
v 0.1929402 0.4071808 -0.4016530
v 0.2266975 0.4091325 -0.4054938
v 0.2609672 0.4058051 -0.4092020
v 0.2948755 0.3971648 -0.4127142
v 0.3275211 0.3833734 -0.4159703
v 0.3580081 0.3647663 -0.4189146
v 0.3854789 0.3418234 -0.4214966
v 0.4091458 0.3151341 -0.4236722
v 0.4283202 0.2853585 -0.4254043
v 0.4424380 0.2531877 -0.4266630
v 0.4510807 0.2193061 -0.4274270
v 0.4539905 0.1843568 -0.4276831
v 0.4510807 0.1489137 -0.4274270
v 0.4424380 0.1134604 -0.4266630
v 0.4283202 0.0783777 -0.4254043
v 0.4091458 0.0439394 -0.4236722
v 0.3854789 0.0103165 -0.4214966
v 0.3580081 -0.0224106 -0.4189146
v 0.3275211 -0.0542350 -0.4159703
v 0.2948755 -0.0852001 -0.4127142
v 0.2609672 -0.1153751 -0.4092020
v 0.2266975 -0.1448300 -0.4054938
v 0.1929402 -0.1736113 -0.4016530
v 0.1605099 -0.2017225 -0.3977453
v 0.1301327 -0.2291083 -0.3938376
v 0.1024208 -0.2556460 -0.3899968
v 0.0778509 -0.2811423 -0.3862886
v 0.0567488 -0.3053381 -0.3827764
v 0.0392793 -0.3279191 -0.3795203
v 0.0254428 -0.3485316 -0.3765761
v 0.0150780 -0.3668029 -0.3739941
v 0.0078711 -0.3823638 -0.3718184
v 0.0033710 -0.3948720 -0.3700864
v 0.0010096 -0.4040342 -0.3688276
v 0.0001270 -0.4096258 -0.3680636
v 0.0000000 -0.4115058 -0.3678075
v -0.0001270 -0.4096258 -0.3680636
v -0.0010096 -0.4040342 -0.3688276
v -0.0033710 -0.3948720 -0.3700864
v -0.0078711 -0.3823638 -0.3718184
v -0.0150780 -0.3668029 -0.3739941
v -0.0254428 -0.3485316 -0.3765761
v -0.0392793 -0.3279191 -0.3795203
v -0.0567488 -0.3053381 -0.3827764
v -0.0778509 -0.2811423 -0.3862886
v -0.1024208 -0.2556460 -0.3899968
v -0.1301327 -0.2291083 -0.3938376
v -0.1605099 -0.2017225 -0.3977453
v -0.1929402 -0.1736113 -0.4016530
v -0.2266975 -0.1448300 -0.4054938
v -0.2609672 -0.1153751 -0.4092020
v -0.2948755 -0.0852001 -0.4127142
v -0.3275211 -0.0542350 -0.4159703
v -0.3580081 -0.0224106 -0.4189146
v -0.3854789 0.0103165 -0.4214966
v -0.4091458 0.0439394 -0.4236722
v -0.4283202 0.0783777 -0.4254043
v -0.4424380 0.1134604 -0.4266630
v -0.4510807 0.1489137 -0.4274270
v -0.4539905 0.1843568 -0.4276831
v -0.4510807 0.2193061 -0.4274270
v -0.4424380 0.2531877 -0.4266630
v -0.4283202 0.2853585 -0.4254043
v -0.4091458 0.3151341 -0.4236722
v -0.3854789 0.3418234 -0.4214966
v -0.3580081 0.3647663 -0.4189146
v -0.3275211 0.3833734 -0.4159703
v -0.2948755 0.3971648 -0.4127142
v -0.2609672 0.4058051 -0.4092020
v -0.2266975 0.4091325 -0.4054938
v -0.1929402 0.4071808 -0.4016530
v -0.1605099 0.4001896 -0.3977453
v -0.1301327 0.3886057 -0.3938376
v -0.1024208 0.3730718 -0.3899968
v -0.0778509 0.3544039 -0.3862886
v -0.0567488 0.3335588 -0.3827764
v -0.0392793 0.3115926 -0.3795203
v -0.0254428 0.2896126 -0.3765761
v -0.0150780 0.2687243 -0.3739941
v -0.0078711 0.2499781 -0.3718184
v -0.0033710 0.2343174 -0.3700864
v -0.0010096 0.2225308 -0.3688276
v -0.0001270 0.2152124 -0.3680636
v 0.0000000 0.2403057 -0.3519699
v 0.0001462 0.2431613 -0.3522150
v 0.0011619 0.2515841 -0.3529460
v 0.0038796 0.2651493 -0.3541506
v 0.0090589 0.2831733 -0.3558080
v 0.0173533 0.3047482 -0.3578900
v 0.0292822 0.3287886 -0.3603609
v 0.0452067 0.3540855 -0.3631783
v 0.0653123 0.3793664 -0.3662942
v 0.0895988 0.4033571 -0.3696552
v 0.1178763 0.4248421 -0.3732037
v 0.1497700 0.4427201 -0.3768792
v 0.1847311 0.4560519 -0.3806186
v 0.2220553 0.4640981 -0.3843580
v 0.2609066 0.4663444 -0.3880334
v 0.3003477 0.4625148 -0.3915820
v 0.3393728 0.4525707 -0.3949429
v 0.3769446 0.4366982 -0.3980588
v 0.4120322 0.4152832 -0.4008763
v 0.4436484 0.3888781 -0.4033471
v 0.4708867 0.3581614 -0.4054291
v 0.4929546 0.3238926 -0.4070865
v 0.5092028 0.2868672 -0.4082911
v 0.5191496 0.2478728 -0.4090222
v 0.5224985 0.2076495 -0.4092673
v 0.5191496 0.1668580 -0.4090222
v 0.5092028 0.1260547 -0.4082911
v 0.4929546 0.0856780 -0.4070865
v 0.4708867 0.0460429 -0.4054291
v 0.4436484 0.0073463 -0.4033471
v 0.4120322 -0.0303195 -0.4008763
v 0.3769446 -0.0669463 -0.3980588
v 0.3393728 -0.1025840 -0.3949429
v 0.3003477 -0.1373125 -0.3915820
v 0.2609066 -0.1712121 -0.3880334
v 0.2220553 -0.2043366 -0.3843580
v 0.1847311 -0.2366899 -0.3806186
v 0.1497700 -0.2682083 -0.3768792
v 0.1178763 -0.2987505 -0.3732037
v 0.0895988 -0.3280943 -0.3696552
v 0.0653123 -0.3559413 -0.3662942
v 0.0452067 -0.3819298 -0.3631783
v 0.0292822 -0.4056528 -0.3603609
v 0.0173533 -0.4266813 -0.3578900
v 0.0090589 -0.4445903 -0.3558080
v 0.0038796 -0.4589860 -0.3541506
v 0.0011619 -0.4695308 -0.3529460
v 0.0001462 -0.4759662 -0.3522150
v 0.0000000 -0.4781299 -0.3519699
v -0.0001462 -0.4759662 -0.3522150
v -0.0011619 -0.4695308 -0.3529460
v -0.0038796 -0.4589860 -0.3541506
v -0.0090589 -0.4445903 -0.3558080
v -0.0173533 -0.4266813 -0.3578900
v -0.0292822 -0.4056528 -0.3603609
v -0.0452067 -0.3819298 -0.3631783
v -0.0653123 -0.3559413 -0.3662942
v -0.0895988 -0.3280943 -0.3696552
v -0.1178763 -0.2987505 -0.3732037
v -0.1497700 -0.2682083 -0.3768792
v -0.1847311 -0.2366899 -0.3806186
v -0.2220553 -0.2043366 -0.3843580
v -0.2609066 -0.1712121 -0.3880334
v -0.3003477 -0.1373125 -0.3915820
v -0.3393728 -0.1025840 -0.3949429
v -0.3769446 -0.0669463 -0.3980588
v -0.4120322 -0.0303195 -0.4008763
v -0.4436484 0.0073463 -0.4033471
v -0.4708867 0.0460429 -0.4054291
v -0.4929546 0.0856780 -0.4070865
v -0.5092028 0.1260547 -0.4082911
v -0.5191496 0.1668580 -0.4090222
v -0.5224985 0.2076495 -0.4092673
v -0.5191496 0.2478728 -0.4090222
v -0.5092028 0.2868672 -0.4082911
v -0.4929546 0.3238926 -0.4070865
v -0.4708867 0.3581614 -0.4054291
v -0.4436484 0.3888781 -0.4033471
v -0.4120322 0.4152832 -0.4008763
v -0.3769446 0.4366982 -0.3980588
v -0.3393728 0.4525707 -0.3949429
v -0.3003477 0.4625148 -0.3915820
v -0.2609066 0.4663444 -0.3880334
v -0.2220553 0.4640981 -0.3843580
v -0.1847311 0.4560519 -0.3806186
v -0.1497700 0.4427201 -0.3768792
v -0.1178763 0.4248421 -0.3732037
v -0.0895988 0.4033571 -0.3696552
v -0.0653123 0.3793664 -0.3662942
v -0.0452067 0.3540855 -0.3631783
v -0.0292822 0.3287886 -0.3603609
v -0.0173533 0.3047482 -0.3578900
v -0.0090589 0.2831733 -0.3558080
v -0.0038796 0.2651493 -0.3541506
v -0.0011619 0.2515841 -0.3529460
v -0.0001462 0.2431613 -0.3522150
v 0.0000000 0.2665836 -0.3339622
v 0.0001644 0.2697960 -0.3341948
v 0.0013071 0.2792713 -0.3348885
v 0.0043644 0.2945315 -0.3360314
v 0.0101908 0.3148075 -0.3376040
v 0.0195216 0.3390782 -0.3395795
v 0.0329411 0.3661225 -0.3419239
v 0.0508553 0.3945803 -0.3445973
v 0.0734732 0.4230200 -0.3475537
v 0.1007942 0.4500084 -0.3507427
v 0.1326050 0.4741780 -0.3541097
v 0.1684839 0.4942898 -0.3575971
v 0.2078135 0.5092875 -0.3611452
v 0.2498013 0.5183390 -0.3646933
v 0.2935071 0.5208660 -0.3681807
v 0.3378764 0.5165579 -0.3715477
v 0.3817777 0.5053713 -0.3747367
v 0.4240442 0.4875155 -0.3776931
v 0.4635160 0.4634247 -0.3803664
v 0.4990827 0.4337203 -0.3827109
v 0.5297245 0.3991655 -0.3846863
v 0.5545498 0.3606147 -0.3862590
v 0.5728282 0.3189630 -0.3874019
v 0.5840179 0.2750961 -0.3880956
v 0.5877852 0.2298470 -0.3883282
v 0.5840179 0.1839585 -0.3880956
v 0.5728282 0.1380568 -0.3874019
v 0.5545498 0.0926350 -0.3862590
v 0.5297245 0.0480474 -0.3846863
v 0.4990827 0.0045157 -0.3827109
v 0.4635160 -0.0378565 -0.3803664
v 0.4240442 -0.0790598 -0.3776931
v 0.3817777 -0.1191505 -0.3747367
v 0.3378764 -0.1582184 -0.3715477
v 0.2935071 -0.1963538 -0.3681807
v 0.2498013 -0.2336172 -0.3646933
v 0.2078135 -0.2700130 -0.3611452
v 0.1684839 -0.3054697 -0.3575971
v 0.1326050 -0.3398283 -0.3541097
v 0.1007942 -0.3728385 -0.3507427
v 0.0734732 -0.4041650 -0.3475537
v 0.0508553 -0.4334008 -0.3445973
v 0.0329411 -0.4600880 -0.3419239
v 0.0195216 -0.4837440 -0.3395795
v 0.0101908 -0.5038908 -0.3376040
v 0.0043644 -0.5200852 -0.3360314
v 0.0013071 -0.5319476 -0.3348885
v 0.0001644 -0.5391872 -0.3341948
v 0.0000000 -0.5416211 -0.3339622
v -0.0001644 -0.5391872 -0.3341948
v -0.0013071 -0.5319476 -0.3348885
v -0.0043644 -0.5200852 -0.3360314
v -0.0101908 -0.5038908 -0.3376040
v -0.0195216 -0.4837440 -0.3395795
v -0.0329411 -0.4600880 -0.3419239
v -0.0508553 -0.4334008 -0.3445973
v -0.0734732 -0.4041650 -0.3475537
v -0.1007942 -0.3728385 -0.3507427
v -0.1326050 -0.3398283 -0.3541097
v -0.1684839 -0.3054697 -0.3575971
v -0.2078135 -0.2700130 -0.3611452
v -0.2498013 -0.2336172 -0.3646933
v -0.2935071 -0.1963538 -0.3681807
v -0.3378764 -0.1582184 -0.3715477
v -0.3817777 -0.1191505 -0.3747367
v -0.4240442 -0.0790598 -0.3776931
v -0.4635160 -0.0378565 -0.3803664
v -0.4990827 0.0045157 -0.3827109
v -0.5297245 0.0480474 -0.3846863
v -0.5545498 0.0926350 -0.3862590
v -0.5728282 0.1380568 -0.3874019
v -0.5840179 0.1839585 -0.3880956
v -0.5877852 0.2298470 -0.3883282
v -0.5840179 0.2750961 -0.3880956
v -0.5728282 0.3189630 -0.3874019
v -0.5545498 0.3606147 -0.3862590
v -0.5297245 0.3991655 -0.3846863
v -0.4990827 0.4337203 -0.3827109
v -0.4635160 0.4634247 -0.3803664
v -0.4240442 0.4875155 -0.3776931
v -0.3817777 0.5053713 -0.3747367
v -0.3378764 0.5165579 -0.3715477
v -0.2935071 0.5208660 -0.3681807
v -0.2498013 0.5183390 -0.3646933
v -0.2078135 0.5092875 -0.3611452
v -0.1684839 0.4942898 -0.3575971
v -0.1326050 0.4741780 -0.3541097
v -0.1007942 0.4500084 -0.3507427
v -0.0734732 0.4230200 -0.3475537
v -0.0508553 0.3945803 -0.3445973
v -0.0329411 0.3661225 -0.3419239
v -0.0195216 0.3390782 -0.3395795
v -0.0101908 0.3148075 -0.3376040
v -0.0043644 0.2945315 -0.3360314
v -0.0013071 0.2792713 -0.3348885
v -0.0001644 0.2697960 -0.3341948
v 0.0000000 0.2914028 -0.3138956
v 0.0001817 0.2949523 -0.3141142
v 0.0014442 0.3054216 -0.3147662
v 0.0048223 0.3222827 -0.3158404
v 0.0112599 0.3446858 -0.3173186
v 0.0215696 0.3715027 -0.3191753
v 0.0363968 0.4013841 -0.3213789
v 0.0561904 0.4328273 -0.3238916
v 0.0811810 0.4642506 -0.3266704
v 0.1113682 0.4940702 -0.3296678
v 0.1465162 0.5207753 -0.3328325
v 0.1861591 0.5429971 -0.3361103
v 0.2296146 0.5595681 -0.3394452
v 0.2760072 0.5695692 -0.3427801
v 0.3242981 0.5723613 -0.3460580
v 0.3733220 0.5676012 -0.3492227
v 0.4218289 0.5552411 -0.3522200
v 0.4685294 0.5355121 -0.3549989
v 0.5121421 0.5088940 -0.3575116
v 0.5514399 0.4760734 -0.3597151
v 0.5852963 0.4378935 -0.3615718
v 0.6127259 0.3952985 -0.3630500
v 0.6329219 0.3492772 -0.3641243
v 0.6452854 0.3008085 -0.3647763
v 0.6494480 0.2508123 -0.3649949
v 0.6452854 0.2001098 -0.3647763
v 0.6329219 0.1493928 -0.3641243
v 0.6127259 0.0992058 -0.3630500
v 0.5852963 0.0499407 -0.3615718
v 0.5514399 0.0018422 -0.3597151
v 0.5121421 -0.0449751 -0.3575116
v 0.4685294 -0.0905009 -0.3549989
v 0.4218289 -0.1347974 -0.3522200
v 0.3733220 -0.1779638 -0.3492227
v 0.3242981 -0.2200999 -0.3460580
v 0.2760072 -0.2612725 -0.3427801
v 0.2296146 -0.3014865 -0.3394452
v 0.1861591 -0.3406629 -0.3361103
v 0.1465162 -0.3786258 -0.3328325
v 0.1113682 -0.4150991 -0.3296678
v 0.0811810 -0.4497120 -0.3266704
v 0.0561904 -0.4820148 -0.3238916
v 0.0363968 -0.5115017 -0.3213789
v 0.0215696 -0.5376394 -0.3191753
v 0.0112599 -0.5598997 -0.3173186
v 0.0048223 -0.5777930 -0.3158404
v 0.0014442 -0.5908999 -0.3147662
v 0.0001817 -0.5988989 -0.3141142
v 0.0000000 -0.6015882 -0.3138956
v -0.0001817 -0.5988989 -0.3141142
v -0.0014442 -0.5908999 -0.3147662
v -0.0048223 -0.5777930 -0.3158404
v -0.0112599 -0.5598997 -0.3173186
v -0.0215696 -0.5376394 -0.3191753
v -0.0363968 -0.5115017 -0.3213789
v -0.0561904 -0.4820148 -0.3238916
v -0.0811810 -0.4497120 -0.3266704
v -0.1113682 -0.4150991 -0.3296678
v -0.1465162 -0.3786258 -0.3328325
v -0.1861591 -0.3406629 -0.3361103
v -0.2296146 -0.3014865 -0.3394452
v -0.2760072 -0.2612725 -0.3427801
v -0.3242981 -0.2200999 -0.3460580
v -0.3733220 -0.1779638 -0.3492227
v -0.4218289 -0.1347974 -0.3522200
v -0.4685294 -0.0905009 -0.3549989
v -0.5121421 -0.0449751 -0.3575116
v -0.5514399 0.0018422 -0.3597151
v -0.5852963 0.0499407 -0.3615718
v -0.6127259 0.0992058 -0.3630500
v -0.6329219 0.1493928 -0.3641243
v -0.6452854 0.2001098 -0.3647763
v -0.6494480 0.2508123 -0.3649949
v -0.6452854 0.3008085 -0.3647763
v -0.6329219 0.3492772 -0.3641243
v -0.6127259 0.3952985 -0.3630500
v -0.5852963 0.4378935 -0.3615718
v -0.5514399 0.4760734 -0.3597151
v -0.5121421 0.5088940 -0.3575116
v -0.4685294 0.5355121 -0.3549989
v -0.4218289 0.5552411 -0.3522200
v -0.3733220 0.5676012 -0.3492227
v -0.3242981 0.5723613 -0.3460580
v -0.2760072 0.5695692 -0.3427801
v -0.2296146 0.5595681 -0.3394452
v -0.1861591 0.5429971 -0.3361103
v -0.1465162 0.5207753 -0.3328325
v -0.1113682 0.4940702 -0.3296678
v -0.0811810 0.4642506 -0.3266704
v -0.0561904 0.4328273 -0.3238916
v -0.0363968 0.4013841 -0.3213789
v -0.0215696 0.3715027 -0.3191753
v -0.0112599 0.3446858 -0.3173186
v -0.0048223 0.3222827 -0.3158404
v -0.0014442 0.3054216 -0.3147662
v -0.0001817 0.2949523 -0.3141142
v 0.0000000 0.3146105 -0.2918937
v 0.0001978 0.3184750 -0.2920969
v 0.0015725 0.3298738 -0.2927032
v 0.0052504 0.3482319 -0.2937022
v 0.0122595 0.3726240 -0.2950768
v 0.0234846 0.4018217 -0.2968034
v 0.0396282 0.4343561 -0.2988525
v 0.0611790 0.4685908 -0.3011890
v 0.0883883 0.5028039 -0.3037731
v 0.1212556 0.5352709 -0.3065604
v 0.1595241 0.5643469 -0.3095032
v 0.2026865 0.5885416 -0.3125513
v 0.2500000 0.6065838 -0.3156525
v 0.3005114 0.6174728 -0.3187536
v 0.3530896 0.6205127 -0.3218017
v 0.4064659 0.6153300 -0.3247446
v 0.4592793 0.6018726 -0.3275319
v 0.5101260 0.5803920 -0.3301159
v 0.5576106 0.5514107 -0.3324525
v 0.6003974 0.5156763 -0.3345016
v 0.6372595 0.4741067 -0.3362282
v 0.6671244 0.4277301 -0.3376027
v 0.6891134 0.3776230 -0.3386017
v 0.7025746 0.3248512 -0.3392080
v 0.7071068 0.2704163 -0.3394113
v 0.7025746 0.2152124 -0.3392080
v 0.6891134 0.1599926 -0.3386017
v 0.6671244 0.1053500 -0.3376027
v 0.6372595 0.0517111 -0.3362282
v 0.6003974 -0.0006577 -0.3345016
v 0.5576106 -0.0516315 -0.3324525
v 0.5101260 -0.1011991 -0.3301159
v 0.4592793 -0.1494284 -0.3275319
v 0.4064659 -0.1964271 -0.3247446
v 0.3530896 -0.2423040 -0.3218017
v 0.3005114 -0.2871320 -0.3187536
v 0.2500000 -0.3309162 -0.3156525
v 0.2026865 -0.3735707 -0.3125513
v 0.1595241 -0.4149041 -0.3095032
v 0.1212556 -0.4546154 -0.3065604
v 0.0883883 -0.4923013 -0.3037731
v 0.0611790 -0.5274721 -0.3011890
v 0.0396282 -0.5595768 -0.2988525
v 0.0234846 -0.5880350 -0.2968034
v 0.0122595 -0.6122717 -0.2950768
v 0.0052504 -0.6317536 -0.2937022
v 0.0015725 -0.6460240 -0.2927032
v 0.0001978 -0.6547333 -0.2920969
v 0.0000000 -0.6576613 -0.2918937
v -0.0001978 -0.6547333 -0.2920969
v -0.0015725 -0.6460240 -0.2927032
v -0.0052504 -0.6317536 -0.2937022
v -0.0122595 -0.6122717 -0.2950768
v -0.0234846 -0.5880350 -0.2968034
v -0.0396282 -0.5595768 -0.2988525
v -0.0611790 -0.5274721 -0.3011890
v -0.0883883 -0.4923013 -0.3037731
v -0.1212556 -0.4546154 -0.3065604
v -0.1595241 -0.4149041 -0.3095032
v -0.2026865 -0.3735707 -0.3125513
v -0.2500000 -0.3309162 -0.3156525
v -0.3005114 -0.2871320 -0.3187536
v -0.3530896 -0.2423040 -0.3218017
v -0.4064659 -0.1964271 -0.3247446
v -0.4592793 -0.1494284 -0.3275319
v -0.5101260 -0.1011991 -0.3301159
v -0.5576106 -0.0516315 -0.3324525
v -0.6003974 -0.0006577 -0.3345016
v -0.6372595 0.0517111 -0.3362282
v -0.6671244 0.1053500 -0.3376027
v -0.6891134 0.1599926 -0.3386017
v -0.7025746 0.2152124 -0.3392080
v -0.7071068 0.2704163 -0.3394113
v -0.7025746 0.3248512 -0.3392080
v -0.6891134 0.3776230 -0.3386017
v -0.6671244 0.4277301 -0.3376027
v -0.6372595 0.4741067 -0.3362282
v -0.6003974 0.5156763 -0.3345016
v -0.5576106 0.5514107 -0.3324525
v -0.5101260 0.5803920 -0.3301159
v -0.4592793 0.6018726 -0.3275319
v -0.4064659 0.6153300 -0.3247446
v -0.3530896 0.6205127 -0.3218017
v -0.3005114 0.6174728 -0.3187536
v -0.2500000 0.6065838 -0.3156525
v -0.2026865 0.5885416 -0.3125513
v -0.1595241 0.5643469 -0.3095032
v -0.1212556 0.5352709 -0.3065604
v -0.0883883 0.5028039 -0.3037731
v -0.0611790 0.4685908 -0.3011890
v -0.0396282 0.4343561 -0.2988525
v -0.0234846 0.4018217 -0.2968034
v -0.0122595 0.3726240 -0.2950768
v -0.0052504 0.3482319 -0.2937022
v -0.0015725 0.3298738 -0.2927032
v -0.0001978 0.3184750 -0.2920969
v 0.0000000 0.3360634 -0.2680922
v 0.0002127 0.3402193 -0.2682788
v 0.0016910 0.3524772 -0.2688357
v 0.0056462 0.3722190 -0.2697532
v 0.0131836 0.3984497 -0.2710157
v 0.0252548 0.4298483 -0.2726015
v 0.0426152 0.4648350 -0.2744835
v 0.0657905 0.5016502 -0.2766295
v 0.0950507 0.5384421 -0.2790029
v 0.1303954 0.5733564 -0.2815629
v 0.1715485 0.6046241 -0.2842658
v 0.2179643 0.6306424 -0.2870653
v 0.2688441 0.6500446 -0.2899136
v 0.3231629 0.6617544 -0.2927619
v 0.3797043 0.6650235 -0.2955614
v 0.4371039 0.6594502 -0.2982643
v 0.4938982 0.6449783 -0.3008243
v 0.5485775 0.6218786 -0.3031977
v 0.5996413 0.5907128 -0.3053437
v 0.6456532 0.5522848 -0.3072257
v 0.6852939 0.5075819 -0.3088115
v 0.7174098 0.4577096 -0.3100740
v 0.7410563 0.4038256 -0.3109915
v 0.7555321 0.3470760 -0.3115484
v 0.7604060 0.2885380 -0.3117351
v 0.7555321 0.2291730 -0.3115484
v 0.7410563 0.1697910 -0.3109915
v 0.7174098 0.1110296 -0.3100740
v 0.6852939 0.0533476 -0.3088115
v 0.6456532 -0.0029686 -0.3072257
v 0.5996413 -0.0577846 -0.3053437
v 0.5485775 -0.1110884 -0.3031977
v 0.4938982 -0.1629530 -0.3008243
v 0.4371039 -0.2134943 -0.2982643
v 0.3797043 -0.2628293 -0.2955614
v 0.3231629 -0.3110363 -0.2927619
v 0.2688441 -0.3581208 -0.2899136
v 0.2179643 -0.4039904 -0.2870653
v 0.1715485 -0.4484394 -0.2842658
v 0.1303954 -0.4911440 -0.2815629
v 0.0950507 -0.5316706 -0.2790029
v 0.0657905 -0.5694923 -0.2766295
v 0.0426152 -0.6040170 -0.2744835
v 0.0252548 -0.6346203 -0.2726015
v 0.0131836 -0.6606838 -0.2710157
v 0.0056462 -0.6816342 -0.2697532
v 0.0016910 -0.6969804 -0.2688357
v 0.0002127 -0.7063460 -0.2682788
v 0.0000000 -0.7094948 -0.2680922
v -0.0002127 -0.7063460 -0.2682788
v -0.0016910 -0.6969804 -0.2688357
v -0.0056462 -0.6816342 -0.2697532
v -0.0131836 -0.6606838 -0.2710157
v -0.0252548 -0.6346203 -0.2726015
v -0.0426152 -0.6040170 -0.2744835
v -0.0657905 -0.5694923 -0.2766295
v -0.0950507 -0.5316706 -0.2790029
v -0.1303954 -0.4911440 -0.2815629
v -0.1715485 -0.4484394 -0.2842658
v -0.2179643 -0.4039904 -0.2870653
v -0.2688441 -0.3581208 -0.2899136
v -0.3231629 -0.3110363 -0.2927619
v -0.3797043 -0.2628293 -0.2955614
v -0.4371039 -0.2134943 -0.2982643
v -0.4938982 -0.1629530 -0.3008243
v -0.5485775 -0.1110884 -0.3031977
v -0.5996413 -0.0577846 -0.3053437
v -0.6456532 -0.0029686 -0.3072257
v -0.6852939 0.0533476 -0.3088115
v -0.7174098 0.1110296 -0.3100740
v -0.7410563 0.1697910 -0.3109915
v -0.7555321 0.2291730 -0.3115484
v -0.7604060 0.2885380 -0.3117351
v -0.7555321 0.3470760 -0.3115484
v -0.7410563 0.4038256 -0.3109915
v -0.7174098 0.4577096 -0.3100740
v -0.6852939 0.5075819 -0.3088115
v -0.6456532 0.5522848 -0.3072257
v -0.5996413 0.5907128 -0.3053437
v -0.5485775 0.6218786 -0.3031977
v -0.4938982 0.6449783 -0.3008243
v -0.4371039 0.6594502 -0.2982643
v -0.3797043 0.6650235 -0.2955614
v -0.3231629 0.6617544 -0.2927619
v -0.2688441 0.6500446 -0.2899136
v -0.2179643 0.6306424 -0.2870653
v -0.1715485 0.6046241 -0.2842658
v -0.1303954 0.5733564 -0.2815629
v -0.0950507 0.5384421 -0.2790029
v -0.0657905 0.5016502 -0.2766295
v -0.0426152 0.4648350 -0.2744835
v -0.0252548 0.4298483 -0.2726015
v -0.0131836 0.3984497 -0.2710157
v -0.0056462 0.3722190 -0.2697532
v -0.0016910 0.3524772 -0.2688357
v -0.0002127 0.3402193 -0.2682788
v 0.0000000 0.3556294 -0.2426378
v 0.0002263 0.3600509 -0.2428067
v 0.0017991 0.3730924 -0.2433107
v 0.0060071 0.3940963 -0.2441411
v 0.0140264 0.4220039 -0.2452837
v 0.0268692 0.4554097 -0.2467189
v 0.0453395 0.4926330 -0.2484223
v 0.0699963 0.5318018 -0.2503645
v 0.1011271 0.5709457 -0.2525125
v 0.1387313 0.6080920 -0.2548295
v 0.1825152 0.6413585 -0.2572758
v 0.2318982 0.6690401 -0.2598095
v 0.2860307 0.6896827 -0.2623873
v 0.3438219 0.7021410 -0.2649652
v 0.4039779 0.7056191 -0.2674989
v 0.4650469 0.6996895 -0.2699452
v 0.5254719 0.6842925 -0.2722621
v 0.5836468 0.6597161 -0.2744101
v 0.6379750 0.6265579 -0.2763524
v 0.6869284 0.5856733 -0.2780557
v 0.7291031 0.5381126 -0.2794910
v 0.7632722 0.4850521 -0.2806336
v 0.7884304 0.4277234 -0.2814640
v 0.8038316 0.3673459 -0.2819680
v 0.8090170 0.3050658 -0.2821369
v 0.8038316 0.2419057 -0.2819680
v 0.7884304 0.1787275 -0.2814640
v 0.7632722 0.1162097 -0.2806336
v 0.7291031 0.0548402 -0.2794910
v 0.6869284 -0.0050762 -0.2780557
v 0.6379750 -0.0633965 -0.2763524
v 0.5836468 -0.1201079 -0.2744101
v 0.5254719 -0.1752881 -0.2722621
v 0.4650469 -0.2290604 -0.2699452
v 0.4039779 -0.2815492 -0.2674989
v 0.3438219 -0.3328380 -0.2649652
v 0.2860307 -0.3829325 -0.2623873
v 0.2318982 -0.4317345 -0.2598095
v 0.1825152 -0.4790249 -0.2572758
v 0.1387313 -0.5244596 -0.2548295
v 0.1011271 -0.5675769 -0.2525125
v 0.0699963 -0.6078165 -0.2503645
v 0.0453395 -0.6445483 -0.2484223
v 0.0268692 -0.6771080 -0.2467189
v 0.0140264 -0.7048377 -0.2452837
v 0.0060071 -0.7271274 -0.2441411
v 0.0017991 -0.7434546 -0.2433107
v 0.0002263 -0.7534190 -0.2428067
v 0.0000000 -0.7567690 -0.2426378
v -0.0002263 -0.7534190 -0.2428067
v -0.0017991 -0.7434546 -0.2433107
v -0.0060071 -0.7271274 -0.2441411
v -0.0140264 -0.7048377 -0.2452837
v -0.0268692 -0.6771080 -0.2467189
v -0.0453395 -0.6445483 -0.2484223
v -0.0699963 -0.6078165 -0.2503645
v -0.1011271 -0.5675769 -0.2525125
v -0.1387313 -0.5244596 -0.2548295
v -0.1825152 -0.4790249 -0.2572758
v -0.2318982 -0.4317345 -0.2598095
v -0.2860307 -0.3829325 -0.2623873
v -0.3438219 -0.3328380 -0.2649652
v -0.4039779 -0.2815492 -0.2674989
v -0.4650469 -0.2290604 -0.2699452
v -0.5254719 -0.1752881 -0.2722621
v -0.5836468 -0.1201079 -0.2744101
v -0.6379750 -0.0633965 -0.2763524
v -0.6869284 -0.0050762 -0.2780557
v -0.7291031 0.0548402 -0.2794910
v -0.7632722 0.1162097 -0.2806336
v -0.7884304 0.1787275 -0.2814640
v -0.8038316 0.2419057 -0.2819680
v -0.8090170 0.3050658 -0.2821369
v -0.8038316 0.3673459 -0.2819680
v -0.7884304 0.4277234 -0.2814640
v -0.7632722 0.4850521 -0.2806336
v -0.7291031 0.5381126 -0.2794910
v -0.6869284 0.5856733 -0.2780557
v -0.6379750 0.6265579 -0.2763524
v -0.5836468 0.6597161 -0.2744101
v -0.5254719 0.6842925 -0.2722621
v -0.4650469 0.6996895 -0.2699452
v -0.4039779 0.7056191 -0.2674989
v -0.3438219 0.7021410 -0.2649652
v -0.2860307 0.6896827 -0.2623873
v -0.2318982 0.6690401 -0.2598095
v -0.1825152 0.6413585 -0.2572758
v -0.1387313 0.6080920 -0.2548295
v -0.1011271 0.5709457 -0.2525125
v -0.0699963 0.5318018 -0.2503645
v -0.0453395 0.4926330 -0.2484223
v -0.0268692 0.4554097 -0.2467189
v -0.0140264 0.4220039 -0.2452837
v -0.0060071 0.3940963 -0.2441411
v -0.0017991 0.3730924 -0.2433107
v -0.0002263 0.3600509 -0.2428067
v 0.0000000 0.3731877 -0.2156874
v 0.0002385 0.3778476 -0.2158376
v 0.0018961 0.3915924 -0.2162856
v 0.0063310 0.4137288 -0.2170238
v 0.0147827 0.4431412 -0.2180395
v 0.0283181 0.4783483 -0.2193153
v 0.0477843 0.5175787 -0.2208294
v 0.0737706 0.5588595 -0.2225560
v 0.1065800 0.6001141 -0.2244654
v 0.1462119 0.6392634 -0.2265250
v 0.1923566 0.6743237 -0.2286996
v 0.2444025 0.7034979 -0.2309518
v 0.3014538 0.7252535 -0.2332434
v 0.3623613 0.7383837 -0.2355349
v 0.4257609 0.7420493 -0.2377872
v 0.4901228 0.7358000 -0.2399617
v 0.5538060 0.7195727 -0.2420213
v 0.6151177 0.6936711 -0.2439307
v 0.6723754 0.6587250 -0.2456573
v 0.7239684 0.6156359 -0.2471714
v 0.7684173 0.5655107 -0.2484473
v 0.8044288 0.5095891 -0.2494629
v 0.8309435 0.4491692 -0.2502011
v 0.8471752 0.3855360 -0.2506491
v 0.8526402 0.3198977 -0.2507993
v 0.8471752 0.2533319 -0.2506491
v 0.8309435 0.1867470 -0.2502011
v 0.8044288 0.1208582 -0.2494629
v 0.7684173 0.0561796 -0.2484473
v 0.7239684 -0.0069675 -0.2471714
v 0.6723754 -0.0684325 -0.2456573
v 0.6151177 -0.1282019 -0.2439307
v 0.5538060 -0.1863574 -0.2420213
v 0.4901228 -0.2430292 -0.2399617
v 0.4257609 -0.2983484 -0.2377872
v 0.3623613 -0.3524026 -0.2355349
v 0.3014538 -0.4051983 -0.2332434
v 0.2444025 -0.4566317 -0.2309518
v 0.1923566 -0.5064721 -0.2286996
v 0.1462119 -0.5543567 -0.2265250
v 0.1065800 -0.5997989 -0.2244654
v 0.0737706 -0.6422083 -0.2225560
v 0.0477843 -0.6809208 -0.2208294
v 0.0283181 -0.7152361 -0.2193153
v 0.0147827 -0.7444610 -0.2180395
v 0.0063310 -0.7679526 -0.2170238
v 0.0018961 -0.7851602 -0.2162856
v 0.0002385 -0.7956619 -0.2158376
v 0.0000000 -0.7991925 -0.2156874
v -0.0002385 -0.7956619 -0.2158376
v -0.0018961 -0.7851602 -0.2162856
v -0.0063310 -0.7679526 -0.2170238
v -0.0147827 -0.7444610 -0.2180395
v -0.0283181 -0.7152361 -0.2193153
v -0.0477843 -0.6809208 -0.2208294
v -0.0737706 -0.6422083 -0.2225560
v -0.1065800 -0.5997989 -0.2244654
v -0.1462119 -0.5543567 -0.2265250
v -0.1923566 -0.5064721 -0.2286996
v -0.2444025 -0.4566317 -0.2309518
v -0.3014538 -0.4051983 -0.2332434
v -0.3623613 -0.3524026 -0.2355349
v -0.4257609 -0.2983484 -0.2377872
v -0.4901228 -0.2430292 -0.2399617
v -0.5538060 -0.1863574 -0.2420213
v -0.6151177 -0.1282019 -0.2439307
v -0.6723754 -0.0684325 -0.2456573
v -0.7239684 -0.0069675 -0.2471714
v -0.7684173 0.0561796 -0.2484473
v -0.8044288 0.1208582 -0.2494629
v -0.8309435 0.1867470 -0.2502011
v -0.8471752 0.2533319 -0.2506491
v -0.8526402 0.3198977 -0.2507993
v -0.8471752 0.3855360 -0.2506491
v -0.8309435 0.4491692 -0.2502011
v -0.8044288 0.5095891 -0.2494629
v -0.7684173 0.5655107 -0.2484473
v -0.7239684 0.6156359 -0.2471714
v -0.6723754 0.6587250 -0.2456573
v -0.6151177 0.6936711 -0.2439307
v -0.5538060 0.7195727 -0.2420213
v -0.4901228 0.7358000 -0.2399617
v -0.4257609 0.7420493 -0.2377872
v -0.3623613 0.7383837 -0.2355349
v -0.3014538 0.7252535 -0.2332434
v -0.2444025 0.7034979 -0.2309518
v -0.1923566 0.6743237 -0.2286996
v -0.1462119 0.6392634 -0.2265250
v -0.1065800 0.6001141 -0.2244654
v -0.0737706 0.5588595 -0.2225560
v -0.0477843 0.5175787 -0.2208294
v -0.0283181 0.4783483 -0.2193153
v -0.0147827 0.4431412 -0.2180395
v -0.0063310 0.4137288 -0.2170238
v -0.0018961 0.3915924 -0.2162856
v -0.0002385 0.3778476 -0.2158376
v 0.0000000 0.3886301 -0.1874073
v 0.0002493 0.3934998 -0.1875378
v 0.0019814 0.4078631 -0.1879271
v 0.0066159 0.4309955 -0.1885684
v 0.0154479 0.4617314 -0.1894509
v 0.0295923 0.4985227 -0.1905595
v 0.0499344 0.5395184 -0.1918751
v 0.0770901 0.5826566 -0.1933753
v 0.1113758 0.6257676 -0.1950343
v 0.1527910 0.6666785 -0.1968239
v 0.2010121 0.7033164 -0.1987133
v 0.2553999 0.7338035 -0.2006703
v 0.3150184 0.7565380 -0.2026614
v 0.3786665 0.7702589 -0.2046524
v 0.4449189 0.7740895 -0.2066094
v 0.5121769 0.7675589 -0.2084989
v 0.5787257 0.7506015 -0.2102884
v 0.6427963 0.7235344 -0.2119475
v 0.7026304 0.6870158 -0.2134476
v 0.7565449 0.6419878 -0.2147632
v 0.8029938 0.5896071 -0.2158718
v 0.8406258 0.5311692 -0.2167543
v 0.8683336 0.4680306 -0.2173957
v 0.8852956 0.4015341 -0.2177849
v 0.8910065 0.3329422 -0.2179154
v 0.8852956 0.2633812 -0.2177849
v 0.8683336 0.1938002 -0.2173957
v 0.8406258 0.1249466 -0.2167543
v 0.8029938 0.0573576 -0.2158718
v 0.7565449 -0.0086310 -0.2147632
v 0.7026304 -0.0728617 -0.2134476
v 0.6427963 -0.1353205 -0.2119475
v 0.5787257 -0.1960929 -0.2102884
v 0.5121769 -0.2553147 -0.2084989
v 0.4449189 -0.3131231 -0.2066094
v 0.3786665 -0.3696096 -0.2046524
v 0.3150184 -0.4247810 -0.2026614
v 0.2553999 -0.4785288 -0.2006703
v 0.2010121 -0.5306119 -0.1987133
v 0.1527910 -0.5806511 -0.1968239
v 0.1113758 -0.6281381 -0.1950343
v 0.0770901 -0.6724558 -0.1933753
v 0.0499344 -0.7129102 -0.1918751
v 0.0295923 -0.7487696 -0.1905595
v 0.0154479 -0.7793095 -0.1894509
v 0.0066159 -0.8038582 -0.1885684
v 0.0019814 -0.8218400 -0.1879271
v 0.0002493 -0.8328143 -0.1875378
v 0.0000000 -0.8365039 -0.1874073
v -0.0002493 -0.8328143 -0.1875378
v -0.0019814 -0.8218400 -0.1879271
v -0.0066159 -0.8038582 -0.1885684
v -0.0154479 -0.7793095 -0.1894509
v -0.0295923 -0.7487696 -0.1905595
v -0.0499344 -0.7129102 -0.1918751
v -0.0770901 -0.6724558 -0.1933753
v -0.1113758 -0.6281381 -0.1950343
v -0.1527910 -0.5806511 -0.1968239
v -0.2010121 -0.5306119 -0.1987133
v -0.2553999 -0.4785288 -0.2006703
v -0.3150184 -0.4247810 -0.2026614
v -0.3786665 -0.3696096 -0.2046524
v -0.4449189 -0.3131231 -0.2066094
v -0.5121769 -0.2553147 -0.2084989
v -0.5787257 -0.1960929 -0.2102884
v -0.6427963 -0.1353205 -0.2119475
v -0.7026304 -0.0728617 -0.2134476
v -0.7565449 -0.0086310 -0.2147632
v -0.8029938 0.0573576 -0.2158718
v -0.8406258 0.1249466 -0.2167543
v -0.8683336 0.1938002 -0.2173957
v -0.8852956 0.2633812 -0.2177849
v -0.8910065 0.3329422 -0.2179154
v -0.8852956 0.4015341 -0.2177849
v -0.8683336 0.4680306 -0.2173957
v -0.8406258 0.5311692 -0.2167543
v -0.8029938 0.5896071 -0.2158718
v -0.7565449 0.6419878 -0.2147632
v -0.7026304 0.6870158 -0.2134476
v -0.6427963 0.7235344 -0.2119475
v -0.5787257 0.7506015 -0.2102884
v -0.5121769 0.7675589 -0.2084989
v -0.4449189 0.7740895 -0.2066094
v -0.3786665 0.7702589 -0.2046524
v -0.3150184 0.7565380 -0.2026614
v -0.2553999 0.7338035 -0.2006703
v -0.2010121 0.7033164 -0.1987133
v -0.1527910 0.6666785 -0.1968239
v -0.1113758 0.6257676 -0.1950343
v -0.0770901 0.5826566 -0.1933753
v -0.0499344 0.5395184 -0.1918751
v -0.0295923 0.4985227 -0.1905595
v -0.0154479 0.4617314 -0.1894509
v -0.0066159 0.4309955 -0.1885684
v -0.0019814 0.4078631 -0.1879271
v -0.0002493 0.3934998 -0.1875378
v 0.0000000 0.4018615 -0.1579717
v 0.0002585 0.4069108 -0.1580817
v 0.0020545 0.4218040 -0.1584098
v 0.0068600 0.4457900 -0.1589505
v 0.0160178 0.4776598 -0.1596944
v 0.0306841 0.5158085 -0.1606288
v 0.0517767 0.5583166 -0.1617378
v 0.0799342 0.6030465 -0.1630023
v 0.1154849 0.6477480 -0.1644008
v 0.1584281 0.6901683 -0.1659093
v 0.2084283 0.7281579 -0.1675019
v 0.2648226 0.7597697 -0.1691516
v 0.3266408 0.7833430 -0.1708299
v 0.3926371 0.7975702 -0.1725082
v 0.4613338 0.8015421 -0.1741578
v 0.5310733 0.7947706 -0.1757505
v 0.6000773 0.7771876 -0.1772590
v 0.6665118 0.7491218 -0.1786574
v 0.7285534 0.7112559 -0.1799220
v 0.7844570 0.6645666 -0.1810309
v 0.8326197 0.6102534 -0.1819654
v 0.8716400 0.5496594 -0.1827093
v 0.9003701 0.4841914 -0.1832499
v 0.9179580 0.4152416 -0.1835780
v 0.9238795 0.3441190 -0.1836880
v 0.9179580 0.2719916 -0.1835780
v 0.9003701 0.1998435 -0.1832499
v 0.8716400 0.1284495 -0.1827093
v 0.8326197 0.0583669 -0.1819654
v 0.7844570 -0.0100562 -0.1810309
v 0.7285534 -0.0766567 -0.1799220
v 0.6665118 -0.1414199 -0.1786574
v 0.6000773 -0.2044344 -0.1772590
v 0.5310733 -0.2658412 -0.1757505
v 0.4613338 -0.3257824 -0.1741578
v 0.3926371 -0.3843529 -0.1725082
v 0.3266408 -0.4415598 -0.1708299
v 0.2648226 -0.4972906 -0.1691516
v 0.2084283 -0.5512952 -0.1675019
v 0.1584281 -0.6031806 -0.1659093
v 0.1154849 -0.6524196 -0.1644008
v 0.0799342 -0.6983724 -0.1630023
v 0.0517767 -0.7403193 -0.1617378
v 0.0306841 -0.7775017 -0.1606288
v 0.0160178 -0.8091684 -0.1596944
v 0.0068600 -0.8346227 -0.1589505
v 0.0020545 -0.8532680 -0.1584098
v 0.0002585 -0.8646472 -0.1580817
v 0.0000000 -0.8684729 -0.1579717
v -0.0002585 -0.8646472 -0.1580817
v -0.0020545 -0.8532680 -0.1584098
v -0.0068600 -0.8346227 -0.1589505
v -0.0160178 -0.8091684 -0.1596944
v -0.0306841 -0.7775017 -0.1606288
v -0.0517767 -0.7403193 -0.1617378
v -0.0799342 -0.6983724 -0.1630023
v -0.1154849 -0.6524196 -0.1644008
v -0.1584281 -0.6031806 -0.1659093
v -0.2084283 -0.5512952 -0.1675019
v -0.2648226 -0.4972906 -0.1691516
v -0.3266408 -0.4415598 -0.1708299
v -0.3926371 -0.3843529 -0.1725082
v -0.4613338 -0.3257824 -0.1741578
v -0.5310733 -0.2658412 -0.1757505
v -0.6000773 -0.2044344 -0.1772590
v -0.6665118 -0.1414199 -0.1786574
v -0.7285534 -0.0766567 -0.1799220
v -0.7844570 -0.0100562 -0.1810309
v -0.8326197 0.0583669 -0.1819654
v -0.8716400 0.1284495 -0.1827093
v -0.9003701 0.1998435 -0.1832499
v -0.9179580 0.2719916 -0.1835780
v -0.9238795 0.3441190 -0.1836880
v -0.9179580 0.4152416 -0.1835780
v -0.9003701 0.4841914 -0.1832499
v -0.8716400 0.5496594 -0.1827093
v -0.8326197 0.6102534 -0.1819654
v -0.7844570 0.6645666 -0.1810309
v -0.7285534 0.7112559 -0.1799220
v -0.6665118 0.7491218 -0.1786574
v -0.6000773 0.7771876 -0.1772590
v -0.5310733 0.7947706 -0.1757505
v -0.4613338 0.8015421 -0.1741578
v -0.3926371 0.7975702 -0.1725082
v -0.3266408 0.7833430 -0.1708299
v -0.2648226 0.7597697 -0.1691516
v -0.2084283 0.7281579 -0.1675019
v -0.1584281 0.6901683 -0.1659093
v -0.1154849 0.6477480 -0.1644008
v -0.0799342 0.6030465 -0.1630023
v -0.0517767 0.5583166 -0.1617378
v -0.0306841 0.5158085 -0.1606288
v -0.0160178 0.4776598 -0.1596944
v -0.0068600 0.4457900 -0.1589505
v -0.0020545 0.4218040 -0.1584098
v -0.0002585 0.4069108 -0.1580817
v 0.0000000 0.4128003 -0.1275622
v 0.0002661 0.4179981 -0.1276510
v 0.0021149 0.4333294 -0.1279160
v 0.0070618 0.4580209 -0.1283526
v 0.0164890 0.4908282 -0.1289533
v 0.0315867 0.5300992 -0.1297078
v 0.0532998 0.5738577 -0.1306033
v 0.0822856 0.6199033 -0.1316244
v 0.1188821 0.6659198 -0.1327537
v 0.1630885 0.7095879 -0.1339718
v 0.2145595 0.7486950 -0.1352579
v 0.2726127 0.7812368 -0.1365899
v 0.3362493 0.8055035 -0.1379452
v 0.4041869 0.8201491 -0.1393004
v 0.4749045 0.8242379 -0.1406325
v 0.5466955 0.8172672 -0.1419186
v 0.6177293 0.7991670 -0.1431367
v 0.6861180 0.7702757 -0.1442659
v 0.7499846 0.7312959 -0.1452871
v 0.8075327 0.6832331 -0.1461826
v 0.8571122 0.6273223 -0.1469371
v 0.8972803 0.5649458 -0.1475378
v 0.9268555 0.4975519 -0.1479744
v 0.9449607 0.4265739 -0.1482393
v 0.9510565 0.3533592 -0.1483282
v 0.9449607 0.2791101 -0.1482393
v 0.9268555 0.2048396 -0.1479744
v 0.8972803 0.1313455 -0.1475378
v 0.8571122 0.0592014 -0.1469371
v 0.8075327 -0.0112345 -0.1461826
v 0.7499846 -0.0797941 -0.1452871
v 0.6861180 -0.1464624 -0.1442659
v 0.6177293 -0.2113306 -0.1431367
v 0.5466955 -0.2745437 -0.1419186
v 0.4749045 -0.3362481 -0.1406325
v 0.4041869 -0.3965416 -0.1393004
v 0.3362493 -0.4554312 -0.1379452
v 0.2726127 -0.5128014 -0.1365899
v 0.2145595 -0.5683947 -0.1352579
v 0.1630885 -0.6218063 -0.1339718
v 0.1188821 -0.6724938 -0.1327537
v 0.0822856 -0.7197983 -0.1316244
v 0.0532998 -0.7629791 -0.1306033
v 0.0315867 -0.8012553 -0.1297078
v 0.0164890 -0.8338535 -0.1289533
v 0.0070618 -0.8600566 -0.1283526
v 0.0021149 -0.8792503 -0.1279160
v 0.0002661 -0.8909642 -0.1276510
v 0.0000000 -0.8949025 -0.1275622
v -0.0002661 -0.8909642 -0.1276510
v -0.0021149 -0.8792503 -0.1279160
v -0.0070618 -0.8600566 -0.1283526
v -0.0164890 -0.8338535 -0.1289533
v -0.0315867 -0.8012553 -0.1297078
v -0.0532998 -0.7629791 -0.1306033
v -0.0822856 -0.7197983 -0.1316244
v -0.1188821 -0.6724938 -0.1327537
v -0.1630885 -0.6218063 -0.1339718
v -0.2145595 -0.5683947 -0.1352579
v -0.2726127 -0.5128014 -0.1365899
v -0.3362493 -0.4554312 -0.1379452
v -0.4041869 -0.3965416 -0.1393004
v -0.4749045 -0.3362481 -0.1406325
v -0.5466955 -0.2745437 -0.1419186
v -0.6177293 -0.2113306 -0.1431367
v -0.6861180 -0.1464624 -0.1442659
v -0.7499846 -0.0797941 -0.1452871
v -0.8075327 -0.0112345 -0.1461826
v -0.8571122 0.0592014 -0.1469371
v -0.8972803 0.1313455 -0.1475378
v -0.9268555 0.2048396 -0.1479744
v -0.9449607 0.2791101 -0.1482393
v -0.9510565 0.3533592 -0.1483282
v -0.9449607 0.4265739 -0.1482393
v -0.9268555 0.4975519 -0.1479744
v -0.8972803 0.5649458 -0.1475378
v -0.8571122 0.6273223 -0.1469371
v -0.8075327 0.6832331 -0.1461826
v -0.7499846 0.7312959 -0.1452871
v -0.6861180 0.7702757 -0.1442659
v -0.6177293 0.7991670 -0.1431367
v -0.5466955 0.8172672 -0.1419186
v -0.4749045 0.8242379 -0.1406325
v -0.4041869 0.8201491 -0.1393004
v -0.3362493 0.8055035 -0.1379452
v -0.2726127 0.7812368 -0.1365899
v -0.2145595 0.7486950 -0.1352579
v -0.1630885 0.7095879 -0.1339718
v -0.1188821 0.6659198 -0.1327537
v -0.0822856 0.6199033 -0.1316244
v -0.0532998 0.5738577 -0.1306033
v -0.0315867 0.5300992 -0.1297078
v -0.0164890 0.4908282 -0.1289533
v -0.0070618 0.4580209 -0.1283526
v -0.0021149 0.4333294 -0.1279160
v -0.0002661 0.4179981 -0.1276510
v 0.0000000 0.4213789 -0.0963662
v 0.0002720 0.4266932 -0.0964333
v 0.0021623 0.4423681 -0.0966335
v 0.0072200 0.4676130 -0.0969633
v 0.0168585 0.5011555 -0.0974171
v 0.0322945 0.5413065 -0.0979871
v 0.0544942 0.5860457 -0.0986636
v 0.0841296 0.6331232 -0.0994350
v 0.1215462 0.6801709 -0.1002881
v 0.1667433 0.7248176 -0.1012083
v 0.2193678 0.7648011 -0.1021799
v 0.2787220 0.7980722 -0.1031862
v 0.3437847 0.8228827 -0.1042100
v 0.4132449 0.8378566 -0.1052338
v 0.4855472 0.8420370 -0.1062401
v 0.5589470 0.8349100 -0.1072117
v 0.6315728 0.8164042 -0.1081319
v 0.7014940 0.7868654 -0.1089850
v 0.7667919 0.7470121 -0.1097564
v 0.8256297 0.6978723 -0.1104329
v 0.8763202 0.6407084 -0.1110029
v 0.9173886 0.5769341 -0.1114567
v 0.9476265 0.5080299 -0.1117865
v 0.9661375 0.4354612 -0.1119867
v 0.9723699 0.3606058 -0.1120538
v 0.9661375 0.2846927 -0.1119867
v 0.9476265 0.2087578 -0.1117865
v 0.9173886 0.1336167 -0.1114567
v 0.8763202 0.0598558 -0.1110029
v 0.8256297 -0.0121586 -0.1104329
v 0.7667919 -0.0822546 -0.1097564
v 0.7014940 -0.1504170 -0.1089850
v 0.6315728 -0.2167389 -0.1081319
v 0.5589470 -0.2813686 -0.1072117
v 0.4855472 -0.3444558 -0.1062401
v 0.4132449 -0.4061005 -0.1052338
v 0.3437847 -0.4663099 -0.1042100
v 0.2787220 -0.5249658 -0.1031862
v 0.2193678 -0.5818048 -0.1021799
v 0.1667433 -0.6364135 -0.1012083
v 0.1215462 -0.6882368 -0.1002881
v 0.0841296 -0.7366014 -0.0994350
v 0.0544942 -0.7807499 -0.0986636
v 0.0322945 -0.8198839 -0.0979871
v 0.0168585 -0.8532127 -0.0974171
v 0.0072200 -0.8800030 -0.0969633
v 0.0021623 -0.8996269 -0.0966335
v 0.0002720 -0.9116033 -0.0964333
v 0.0000000 -0.9156297 -0.0963662
v -0.0002720 -0.9116033 -0.0964333
v -0.0021623 -0.8996269 -0.0966335
v -0.0072200 -0.8800030 -0.0969633
v -0.0168585 -0.8532127 -0.0974171
v -0.0322945 -0.8198839 -0.0979871
v -0.0544942 -0.7807499 -0.0986636
v -0.0841296 -0.7366014 -0.0994350
v -0.1215462 -0.6882368 -0.1002881
v -0.1667433 -0.6364135 -0.1012083
v -0.2193678 -0.5818048 -0.1021799
v -0.2787220 -0.5249658 -0.1031862
v -0.3437847 -0.4663099 -0.1042100
v -0.4132449 -0.4061005 -0.1052338
v -0.4855472 -0.3444558 -0.1062401
v -0.5589470 -0.2813686 -0.1072117
v -0.6315728 -0.2167389 -0.1081319
v -0.7014940 -0.1504170 -0.1089850
v -0.7667919 -0.0822546 -0.1097564
v -0.8256297 -0.0121586 -0.1104329
v -0.8763202 0.0598558 -0.1110029
v -0.9173886 0.1336167 -0.1114567
v -0.9476265 0.2087578 -0.1117865
v -0.9661375 0.2846927 -0.1119867
v -0.9723699 0.3606058 -0.1120538
v -0.9661375 0.4354612 -0.1119867
v -0.9476265 0.5080299 -0.1117865
v -0.9173886 0.5769341 -0.1114567
v -0.8763202 0.6407084 -0.1110029
v -0.8256297 0.6978723 -0.1104329
v -0.7667919 0.7470121 -0.1097564
v -0.7014940 0.7868654 -0.1089850
v -0.6315728 0.8164042 -0.1081319
v -0.5589470 0.8349100 -0.1072117
v -0.4855472 0.8420370 -0.1062401
v -0.4132449 0.8378566 -0.1052338
v -0.3437847 0.8228827 -0.1042100
v -0.2787220 0.7980722 -0.1031862
v -0.2193678 0.7648011 -0.1021799
v -0.1667433 0.7248176 -0.1012083
v -0.1215462 0.6801709 -0.1002881
v -0.0841296 0.6331232 -0.0994350
v -0.0544942 0.5860457 -0.0986636
v -0.0322945 0.5413065 -0.0979871
v -0.0168585 0.5011555 -0.0974171
v -0.0072200 0.4676130 -0.0969633
v -0.0021623 0.4423681 -0.0966335
v -0.0002720 0.4266932 -0.0964333
v 0.0000000 0.4275446 -0.0645761
v 0.0002763 0.4329426 -0.0646211
v 0.0021964 0.4488644 -0.0647552
v 0.0073338 0.4745070 -0.0649763
v 0.0171241 0.5085779 -0.0652803
v 0.0328033 0.5493614 -0.0656623
v 0.0553527 0.5948055 -0.0661157
v 0.0854550 0.6426246 -0.0666326
v 0.1234610 0.6904135 -0.0672042
v 0.1693701 0.7357635 -0.0678209
v 0.2228237 0.7763770 -0.0684719
v 0.2831129 0.8101721 -0.0691463
v 0.3492006 0.8353735 -0.0698323
v 0.4197550 0.8505833 -0.0705184
v 0.4931964 0.8548295 -0.0711927
v 0.5677525 0.8475903 -0.0718438
v 0.6415224 0.8287929 -0.0724604
v 0.7125452 0.7987888 -0.0730321
v 0.7788718 0.7583076 -0.0735490
v 0.8386365 0.7083938 -0.0740024
v 0.8901255 0.6503293 -0.0743843
v 0.9318408 0.5855504 -0.0746884
v 0.9625552 0.5155606 -0.0749094
v 0.9813578 0.4418488 -0.0750436
v 0.9876884 0.3658140 -0.0750885
v 0.9813578 0.2887050 -0.0750436
v 0.9625552 0.2115739 -0.0749094
v 0.9318408 0.1352491 -0.0746884
v 0.8901255 0.0603261 -0.0743843
v 0.8386365 -0.0128227 -0.0740024
v 0.7788718 -0.0840231 -0.0735490
v 0.7125452 -0.1532592 -0.0730321
v 0.6415224 -0.2206259 -0.0724604
v 0.5677525 -0.2862738 -0.0718438
v 0.4931964 -0.3503549 -0.0711927
v 0.4197550 -0.4129707 -0.0705184
v 0.3492006 -0.4741286 -0.0698323
v 0.2831129 -0.5337085 -0.0691463
v 0.2228237 -0.5914430 -0.0684719
v 0.1693701 -0.6469120 -0.0678209
v 0.1234610 -0.6995517 -0.0672042
v 0.0854550 -0.7486783 -0.0666326
v 0.0553527 -0.7935222 -0.0661157
v 0.0328033 -0.8332728 -0.0656623
v 0.0171241 -0.8671265 -0.0652803
v 0.0073338 -0.8943388 -0.0649763
v 0.0021964 -0.9142720 -0.0647552
v 0.0002763 -0.9264370 -0.0646211
v 0.0000000 -0.9305269 -0.0645761
v -0.0002763 -0.9264370 -0.0646211
v -0.0021964 -0.9142720 -0.0647552
v -0.0073338 -0.8943388 -0.0649763
v -0.0171241 -0.8671265 -0.0652803
v -0.0328033 -0.8332728 -0.0656623
v -0.0553527 -0.7935222 -0.0661157
v -0.0854550 -0.7486783 -0.0666326
v -0.1234610 -0.6995517 -0.0672042
v -0.1693701 -0.6469120 -0.0678209
v -0.2228237 -0.5914430 -0.0684719
v -0.2831129 -0.5337085 -0.0691463
v -0.3492006 -0.4741286 -0.0698323
v -0.4197550 -0.4129707 -0.0705184
v -0.4931964 -0.3503549 -0.0711927
v -0.5677525 -0.2862738 -0.0718438
v -0.6415224 -0.2206259 -0.0724604
v -0.7125452 -0.1532592 -0.0730321
v -0.7788718 -0.0840231 -0.0735490
v -0.8386365 -0.0128227 -0.0740024
v -0.8901255 0.0603261 -0.0743843
v -0.9318408 0.1352491 -0.0746884
v -0.9625552 0.2115739 -0.0749094
v -0.9813578 0.2887050 -0.0750436
v -0.9876884 0.3658140 -0.0750885
v -0.9813578 0.4418488 -0.0750436
v -0.9625552 0.5155606 -0.0749094
v -0.9318408 0.5855504 -0.0746884
v -0.8901255 0.6503293 -0.0743843
v -0.8386365 0.7083938 -0.0740024
v -0.7788718 0.7583076 -0.0735490
v -0.7125452 0.7987888 -0.0730321
v -0.6415224 0.8287929 -0.0724604
v -0.5677525 0.8475903 -0.0718438
v -0.4931964 0.8548295 -0.0711927
v -0.4197550 0.8505833 -0.0705184
v -0.3492006 0.8353735 -0.0698323
v -0.2831129 0.8101721 -0.0691463
v -0.2228237 0.7763770 -0.0684719
v -0.1693701 0.7357635 -0.0678209
v -0.1234610 0.6904135 -0.0672042
v -0.0854550 0.6426246 -0.0666326
v -0.0553527 0.5948055 -0.0661157
v -0.0328033 0.5493614 -0.0656623
v -0.0171241 0.5085779 -0.0652803
v -0.0073338 0.4745070 -0.0649763
v -0.0021964 0.4488644 -0.0647552
v -0.0002763 0.4329426 -0.0646211
v 0.0000000 0.4312592 -0.0323879
v 0.0002789 0.4367077 -0.0324105
v 0.0022169 0.4527783 -0.0324777
v 0.0074023 0.4786605 -0.0325886
v 0.0172841 0.5130498 -0.0327411
v 0.0331098 0.5542144 -0.0329327
v 0.0558699 0.6000830 -0.0331600
v 0.0862535 0.6483490 -0.0334193
v 0.1246147 0.6965844 -0.0337060
v 0.1709527 0.7423582 -0.0340153
v 0.2249057 0.7833511 -0.0343418
v 0.2857583 0.8174621 -0.0346800
v 0.3524635 0.8428990 -0.0350241
v 0.4236772 0.8582509 -0.0353682
v 0.4978049 0.8625368 -0.0357064
v 0.5730576 0.8552300 -0.0360330
v 0.6475168 0.8362569 -0.0363423
v 0.7192032 0.8059724 -0.0366290
v 0.7861496 0.7651130 -0.0368882
v 0.8464727 0.7147326 -0.0371156
v 0.8984429 0.6561257 -0.0373072
v 0.9405480 0.5907414 -0.0374597
v 0.9715493 0.5200977 -0.0375705
v 0.9905276 0.4456971 -0.0376378
v 0.9969173 0.3689519 -0.0376604
v 0.9905276 0.2911224 -0.0376378
v 0.9715493 0.2132706 -0.0375705
v 0.9405480 0.1362325 -0.0374597
v 0.8984429 0.0606095 -0.0373072
v 0.8464727 -0.0132229 -0.0371156
v 0.7861496 -0.0850885 -0.0368882
v 0.7192032 -0.1549716 -0.0366290
v 0.6475168 -0.2229678 -0.0363423
v 0.5730576 -0.2892291 -0.0360330
v 0.4978049 -0.3539089 -0.0357064
v 0.4236772 -0.4171098 -0.0353682
v 0.3524635 -0.4788392 -0.0350241
v 0.2857583 -0.5389758 -0.0346800
v 0.2249057 -0.5972498 -0.0343418
v 0.1709527 -0.6532370 -0.0340153
v 0.1246147 -0.7063686 -0.0337060
v 0.0862535 -0.7559543 -0.0334193
v 0.0558699 -0.8012173 -0.0331600
v 0.0331098 -0.8413392 -0.0329327
v 0.0172841 -0.8755093 -0.0327411
v 0.0074023 -0.9029759 -0.0325886
v 0.0022169 -0.9230953 -0.0324777
v 0.0002789 -0.9353740 -0.0324105
v 0.0000000 -0.9395021 -0.0323879
v -0.0002789 -0.9353740 -0.0324105
v -0.0022169 -0.9230953 -0.0324777
v -0.0074023 -0.9029759 -0.0325886
v -0.0172841 -0.8755093 -0.0327411
v -0.0331098 -0.8413392 -0.0329327
v -0.0558699 -0.8012173 -0.0331600
v -0.0862535 -0.7559543 -0.0334193
v -0.1246147 -0.7063686 -0.0337060
v -0.1709527 -0.6532370 -0.0340153
v -0.2249057 -0.5972498 -0.0343418
v -0.2857583 -0.5389758 -0.0346800
v -0.3524635 -0.4788392 -0.0350241
v -0.4236772 -0.4171098 -0.0353682
v -0.4978049 -0.3539089 -0.0357064
v -0.5730576 -0.2892291 -0.0360330
v -0.6475168 -0.2229678 -0.0363423
v -0.7192032 -0.1549716 -0.0366290
v -0.7861496 -0.0850885 -0.0368882
v -0.8464727 -0.0132229 -0.0371156
v -0.8984429 0.0606095 -0.0373072
v -0.9405480 0.1362325 -0.0374597
v -0.9715493 0.2132706 -0.0375705
v -0.9905276 0.2911224 -0.0376378
v -0.9969173 0.3689519 -0.0376604
v -0.9905276 0.4456971 -0.0376378
v -0.9715493 0.5200977 -0.0375705
v -0.9405480 0.5907414 -0.0374597
v -0.8984429 0.6561257 -0.0373072
v -0.8464727 0.7147326 -0.0371156
v -0.7861496 0.7651130 -0.0368882
v -0.7192032 0.8059724 -0.0366290
v -0.6475168 0.8362569 -0.0363423
v -0.5730576 0.8552300 -0.0360330
v -0.4978049 0.8625368 -0.0357064
v -0.4236772 0.8582509 -0.0353682
v -0.3524635 0.8428990 -0.0350241
v -0.2857583 0.8174621 -0.0346800
v -0.2249057 0.7833511 -0.0343418
v -0.1709527 0.7423582 -0.0340153
v -0.1246147 0.6965844 -0.0337060
v -0.0862535 0.6483490 -0.0334193
v -0.0558699 0.6000830 -0.0331600
v -0.0331098 0.5542144 -0.0329327
v -0.0172841 0.5130498 -0.0327411
v -0.0074023 0.4786605 -0.0325886
v -0.0022169 0.4527783 -0.0324777
v -0.0002789 0.4367077 -0.0324105
v 0.0000000 0.0300000 0.4800000
v 0.0000000 0.0615798 0.4115275
v 0.0001745 0.0632734 0.4126688
v 0.0005826 0.0653103 0.4140773
v 0.0013603 0.0680168 0.4160151
v 0.0026058 0.0712566 0.4184494
v 0.0043971 0.0748665 0.4213383
v 0.0067883 0.0786651 0.4246326
v 0.0098074 0.0824613 0.4282757
v 0.0134543 0.0860638 0.4322054
v 0.0177005 0.0892900 0.4363544
v 0.0224897 0.0919746 0.4406517
v 0.0277395 0.0939765 0.4450239
v 0.0333441 0.0951848 0.4493960
v 0.0391781 0.0955221 0.4536934
v 0.0451006 0.0949470 0.4578424
v 0.0509607 0.0934538 0.4617721
v 0.0566025 0.0910704 0.4654152
v 0.0618713 0.0878546 0.4687094
v 0.0666188 0.0838896 0.4715984
v 0.0707090 0.0792772 0.4740326
v 0.0740227 0.0741313 0.4759706
v 0.0764626 0.0685715 0.4773790
v 0.0779562 0.0627161 0.4782338
v 0.0784591 0.0566761 0.4785203
v 0.0779562 0.0505508 0.4782338
v 0.0764626 0.0444237 0.4773790
v 0.0740227 0.0383607 0.4759706
v 0.0707090 0.0324090 0.4740326
v 0.0666188 0.0265983 0.4715984
v 0.0618713 0.0209423 0.4687094
v 0.0566025 0.0154424 0.4654152
v 0.0509607 0.0100910 0.4617721
v 0.0451006 0.0048761 0.4578424
v 0.0391781 -0.0002143 0.4536934
v 0.0333441 -0.0051883 0.4493960
v 0.0277395 -0.0100465 0.4450239
v 0.0224897 -0.0147794 0.4406517
v 0.0177005 -0.0193656 0.4363544
v 0.0134543 -0.0237719 0.4322054
v 0.0098074 -0.0279535 0.4282757
v 0.0067883 -0.0318559 0.4246326
v 0.0043971 -0.0354182 0.4213383
v 0.0026058 -0.0385759 0.4184494
v 0.0013603 -0.0412651 0.4160151
v 0.0005826 -0.0434268 0.4140773
v 0.0001745 -0.0450102 0.4126688
v 0.0000000 -0.0463015 0.4115275
v -0.0000220 -0.0459766 0.4118140
v -0.0001745 -0.0450102 0.4126688
v -0.0005826 -0.0434268 0.4140773
v -0.0013603 -0.0412651 0.4160151
v -0.0026058 -0.0385759 0.4184494
v -0.0043971 -0.0354182 0.4213383
v -0.0067883 -0.0318559 0.4246326
v -0.0098074 -0.0279535 0.4282757
v -0.0134543 -0.0237719 0.4322054
v -0.0177005 -0.0193656 0.4363544
v -0.0224897 -0.0147794 0.4406517
v -0.0277395 -0.0100465 0.4450239
v -0.0333441 -0.0051883 0.4493960
v -0.0391781 -0.0002143 0.4536934
v -0.0451006 0.0048761 0.4578424
v -0.0509607 0.0100910 0.4617721
v -0.0566025 0.0154424 0.4654152
v -0.0618713 0.0209423 0.4687094
v -0.0666188 0.0265983 0.4715984
v -0.0707090 0.0324090 0.4740326
v -0.0740227 0.0383607 0.4759706
v -0.0764626 0.0444237 0.4773790
v -0.0779562 0.0505508 0.4782338
v -0.0784591 0.0566761 0.4785203
v -0.0779562 0.0627161 0.4782338
v -0.0764626 0.0685715 0.4773790
v -0.0740227 0.0741313 0.4759706
v -0.0707090 0.0792772 0.4740326
v -0.0666188 0.0838896 0.4715984
v -0.0618713 0.0878546 0.4687094
v -0.0566025 0.0910704 0.4654152
v -0.0509607 0.0934538 0.4617721
v -0.0451006 0.0949470 0.4578424
v -0.0391781 0.0955221 0.4536934
v -0.0333441 0.0951848 0.4493960
v -0.0277395 0.0939765 0.4450239
v -0.0224897 0.0919746 0.4406517
v -0.0177005 0.0892900 0.4363544
v -0.0134543 0.0860638 0.4322054
v -0.0098074 0.0824613 0.4282757
v -0.0067883 0.0786651 0.4246326
v -0.0043971 0.0748665 0.4213383
v -0.0026058 0.0712566 0.4184494
v -0.0013603 0.0680168 0.4160151
v -0.0005826 0.0653103 0.4140773
v -0.0001745 0.0632734 0.4126688
v -0.0000220 0.0620086 0.4118140
v 0.0000000 0.0929649 0.4077177
v 0.0003479 0.0963416 0.4088486
v 0.0011616 0.1004030 0.4102439
v 0.0027122 0.1057993 0.4121639
v 0.0051955 0.1122588 0.4145756
v 0.0087670 0.1194564 0.4174378
v 0.0135347 0.1270302 0.4207015
v 0.0195543 0.1345992 0.4243109
v 0.0268256 0.1417820 0.4282042
v 0.0352918 0.1482145 0.4323148
v 0.0448407 0.1535671 0.4365724
v 0.0553079 0.1575586 0.4409041
v 0.0664827 0.1599676 0.4452358
v 0.0781146 0.1606402 0.4494933
v 0.0899232 0.1594936 0.4536039
v 0.1016072 0.1565164 0.4574972
v 0.1128561 0.1517642 0.4611066
v 0.1233612 0.1453526 0.4643703
v 0.1328270 0.1374470 0.4672326
v 0.1409820 0.1282505 0.4696443
v 0.1475891 0.1179905 0.4715642
v 0.1524538 0.1069052 0.4729596
v 0.1554318 0.0952304 0.4738065
v 0.1564345 0.0831877 0.4740904
v 0.1554318 0.0709748 0.4738065
v 0.1524538 0.0587585 0.4729596
v 0.1475891 0.0466698 0.4715642
v 0.1409820 0.0348032 0.4696443
v 0.1328270 0.0232175 0.4672326
v 0.1233612 0.0119405 0.4643703
v 0.1128561 0.0009746 0.4611066
v 0.1016072 -0.0096952 0.4574972
v 0.0899232 -0.0200929 0.4536039
v 0.0781146 -0.0302423 0.4494933
v 0.0664827 -0.0401597 0.4452358
v 0.0553079 -0.0498461 0.4409041
v 0.0448407 -0.0592827 0.4365724
v 0.0352918 -0.0684269 0.4323148
v 0.0268256 -0.0772123 0.4282042
v 0.0195543 -0.0855496 0.4243109
v 0.0135347 -0.0933305 0.4207015
v 0.0087670 -0.1004331 0.4174378
v 0.0051955 -0.1067290 0.4145756
v 0.0027122 -0.1120909 0.4121639
v 0.0011616 -0.1164009 0.4102439
v 0.0003479 -0.1195580 0.4088486
v 0.0000000 -0.1221325 0.4077177
v -0.0000438 -0.1214847 0.4080017
v -0.0003479 -0.1195580 0.4088486
v -0.0011616 -0.1164009 0.4102439
v -0.0027122 -0.1120909 0.4121639
v -0.0051955 -0.1067290 0.4145756
v -0.0087670 -0.1004331 0.4174378
v -0.0135347 -0.0933305 0.4207015
v -0.0195543 -0.0855496 0.4243109
v -0.0268256 -0.0772123 0.4282042
v -0.0352918 -0.0684269 0.4323148
v -0.0448407 -0.0592827 0.4365724
v -0.0553079 -0.0498461 0.4409041
v -0.0664827 -0.0401597 0.4452358
v -0.0781146 -0.0302423 0.4494933
v -0.0899232 -0.0200929 0.4536039
v -0.1016072 -0.0096952 0.4574972
v -0.1128561 0.0009746 0.4611066
v -0.1233612 0.0119405 0.4643703
v -0.1328270 0.0232175 0.4672326
v -0.1409820 0.0348032 0.4696443
v -0.1475891 0.0466698 0.4715642
v -0.1524538 0.0587585 0.4729596
v -0.1554318 0.0709748 0.4738065
v -0.1564345 0.0831877 0.4740904
v -0.1554318 0.0952304 0.4738065
v -0.1524538 0.1069052 0.4729596
v -0.1475891 0.1179905 0.4715642
v -0.1409820 0.1282505 0.4696443
v -0.1328270 0.1374470 0.4672326
v -0.1233612 0.1453526 0.4643703
v -0.1128561 0.1517642 0.4611066
v -0.1016072 0.1565164 0.4574972
v -0.0899232 0.1594936 0.4536039
v -0.0781146 0.1606402 0.4494933
v -0.0664827 0.1599676 0.4452358
v -0.0553079 0.1575586 0.4409041
v -0.0448407 0.1535671 0.4365724
v -0.0352918 0.1482145 0.4323148
v -0.0268256 0.1417820 0.4282042
v -0.0195543 0.1345992 0.4243109
v -0.0135347 0.1270302 0.4207015
v -0.0087670 0.1194564 0.4174378
v -0.0051955 0.1122588 0.4145756
v -0.0027122 0.1057993 0.4121639
v -0.0011616 0.1004030 0.4102439
v -0.0003479 0.0963416 0.4088486
v -0.0000438 0.0938198 0.4080017
v 0.0000000 0.1239618 0.4013943
v 0.0000653 0.1252376 0.4016738
v 0.0005191 0.1290008 0.4025076
v 0.0017334 0.1350616 0.4038813
v 0.0040474 0.1431144 0.4057715
v 0.0077532 0.1527538 0.4081458
v 0.0130829 0.1634948 0.4109636
v 0.0201977 0.1747971 0.4141767
v 0.0291807 0.1860922 0.4177301
v 0.0400315 0.1968109 0.4215630
v 0.0526656 0.2064101 0.4256099
v 0.0669152 0.2143978 0.4298014
v 0.0825354 0.2203543 0.4340659
v 0.0992113 0.2239492 0.4383304
v 0.1165696 0.2249528 0.4425220
v 0.1341913 0.2232418 0.4465688
v 0.1516272 0.2187989 0.4504018
v 0.1684138 0.2117073 0.4539552
v 0.1840905 0.2021394 0.4571683
v 0.1982162 0.1903419 0.4599861
v 0.2103859 0.1766181 0.4623604
v 0.2202455 0.1613073 0.4642506
v 0.2275050 0.1447648 0.4656243
v 0.2319491 0.1273426 0.4664581
v 0.2334454 0.1093714 0.4667376
v 0.2319491 0.0911463 0.4664581
v 0.2275050 0.0729160 0.4656243
v 0.2202455 0.0548762 0.4642506
v 0.2103859 0.0371677 0.4623604
v 0.1982162 0.0198786 0.4599861
v 0.1840905 0.0030500 0.4571683
v 0.1684138 -0.0133143 0.4539552
v 0.1516272 -0.0292368 0.4504018
v 0.1341913 -0.0447530 0.4465688
v 0.1165696 -0.0598989 0.4425220
v 0.0992113 -0.0746985 0.4383304
v 0.0825354 -0.0891535 0.4340659
v 0.0669152 -0.1032355 0.4298014
v 0.0526656 -0.1168813 0.4256099
v 0.0400315 -0.1299917 0.4215630
v 0.0291807 -0.1424334 0.4177301
v 0.0201977 -0.1540447 0.4141767
v 0.0130829 -0.1646438 0.4109636
v 0.0077532 -0.1740391 0.4081458
v 0.0040474 -0.1820406 0.4057715
v 0.0017334 -0.1884724 0.4038813
v 0.0005191 -0.1931837 0.4025076
v 0.0000653 -0.1960589 0.4016738
v 0.0000000 -0.1970256 0.4013943
v -0.0000653 -0.1960589 0.4016738
v -0.0005191 -0.1931837 0.4025076
v -0.0017334 -0.1884724 0.4038813
v -0.0040474 -0.1820406 0.4057715
v -0.0077532 -0.1740391 0.4081458
v -0.0130829 -0.1646438 0.4109636
v -0.0201977 -0.1540447 0.4141767
v -0.0291807 -0.1424334 0.4177301
v -0.0400315 -0.1299917 0.4215630
v -0.0526656 -0.1168813 0.4256099
v -0.0669152 -0.1032355 0.4298014
v -0.0825354 -0.0891535 0.4340659
v -0.0992113 -0.0746985 0.4383304
v -0.1165696 -0.0598989 0.4425220
v -0.1341913 -0.0447530 0.4465688
v -0.1516272 -0.0292368 0.4504018
v -0.1684138 -0.0133143 0.4539552
v -0.1840905 0.0030500 0.4571683
v -0.1982162 0.0198786 0.4599861
v -0.2103859 0.0371677 0.4623604
v -0.2202455 0.0548762 0.4642506
v -0.2275050 0.0729160 0.4656243
v -0.2319491 0.0911463 0.4664581
v -0.2334454 0.1093714 0.4667376
v -0.2319491 0.1273426 0.4664581
v -0.2275050 0.1447648 0.4656243
v -0.2202455 0.1613073 0.4642506
v -0.2103859 0.1766181 0.4623604
v -0.1982162 0.1903419 0.4599861
v -0.1840905 0.2021394 0.4571683
v -0.1684138 0.2117073 0.4539552
v -0.1516272 0.2187989 0.4504018
v -0.1341913 0.2232418 0.4465688
v -0.1165696 0.2249528 0.4425220
v -0.0992113 0.2239492 0.4383304
v -0.0825354 0.2203543 0.4340659
v -0.0669152 0.2143978 0.4298014
v -0.0526656 0.2064101 0.4256099
v -0.0400315 0.1968109 0.4215630
v -0.0291807 0.1860922 0.4177301
v -0.0201977 0.1747971 0.4141767
v -0.0130829 0.1634948 0.4109636
v -0.0077532 0.1527538 0.4081458
v -0.0040474 0.1431144 0.4057715
v -0.0017334 0.1350616 0.4038813
v -0.0005191 0.1290008 0.4025076
v -0.0000653 0.1252376 0.4016738
v 0.0000000 0.1543793 0.3925961
v 0.0000865 0.1560682 0.3928695
v 0.0006872 0.1610497 0.3936850
v 0.0022945 0.1690724 0.3950286
v 0.0053576 0.1797322 0.3968773
v 0.0102631 0.1924921 0.3991996
v 0.0173181 0.2067101 0.4019557
v 0.0267362 0.2216712 0.4050983
v 0.0386271 0.2366229 0.4085739
v 0.0529907 0.2508115 0.4123228
v 0.0697146 0.2635182 0.4162809
v 0.0885772 0.2740916 0.4203806
v 0.1092540 0.2819763 0.4245516
v 0.1313283 0.2867350 0.4287226
v 0.1543058 0.2880635 0.4328223
v 0.1776321 0.2857986 0.4367805
v 0.2007124 0.2799175 0.4405294
v 0.2229332 0.2705301 0.4440049
v 0.2436848 0.2578648 0.4471476
v 0.2623833 0.2422483 0.4499036
v 0.2784926 0.2240818 0.4522259
v 0.2915440 0.2038144 0.4540747
v 0.3011536 0.1819168 0.4554183
v 0.3070363 0.1588547 0.4562337
v 0.3090170 0.1350658 0.4565071
v 0.3070363 0.1109408 0.4562337
v 0.3011536 0.0868088 0.4554183
v 0.2915440 0.0629292 0.4540747
v 0.2784926 0.0394881 0.4522259
v 0.2623833 0.0166021 0.4499036
v 0.2436848 -0.0056743 0.4471476
v 0.2229332 -0.0273361 0.4440049
v 0.2007124 -0.0484131 0.4405294
v 0.1776321 -0.0689523 0.4367805
v 0.1543058 -0.0890012 0.4328223
v 0.1313283 -0.1085918 0.4287226
v 0.1092540 -0.1277262 0.4245516
v 0.0885772 -0.1463669 0.4203806
v 0.0697146 -0.1644302 0.4162809
v 0.0529907 -0.1817847 0.4123228
v 0.0386271 -0.1982540 0.4085739
v 0.0267362 -0.2136242 0.4050983
v 0.0173181 -0.2276545 0.4019557
v 0.0102631 -0.2400912 0.3991996
v 0.0053576 -0.2506830 0.3968773
v 0.0022945 -0.2591969 0.3950286
v 0.0006872 -0.2654333 0.3936850
v 0.0000865 -0.2692394 0.3928695
v 0.0000000 -0.2705190 0.3925961
v -0.0000865 -0.2692394 0.3928695
v -0.0006872 -0.2654333 0.3936850
v -0.0022945 -0.2591969 0.3950286
v -0.0053576 -0.2506830 0.3968773
v -0.0102631 -0.2400912 0.3991996
v -0.0173181 -0.2276545 0.4019557
v -0.0267362 -0.2136242 0.4050983
v -0.0386271 -0.1982540 0.4085739
v -0.0529907 -0.1817847 0.4123228
v -0.0697146 -0.1644302 0.4162809
v -0.0885772 -0.1463669 0.4203806
v -0.1092540 -0.1277262 0.4245516
v -0.1313283 -0.1085918 0.4287226
v -0.1543058 -0.0890012 0.4328223
v -0.1776321 -0.0689523 0.4367805
v -0.2007124 -0.0484131 0.4405294
v -0.2229332 -0.0273361 0.4440049
v -0.2436848 -0.0056743 0.4471476
v -0.2623833 0.0166021 0.4499036
v -0.2784926 0.0394881 0.4522259
v -0.2915440 0.0629292 0.4540747
v -0.3011536 0.0868088 0.4554183
v -0.3070363 0.1109408 0.4562337
v -0.3090170 0.1350658 0.4565071
v -0.3070363 0.1588547 0.4562337
v -0.3011536 0.1819168 0.4554183
v -0.2915440 0.2038144 0.4540747
v -0.2784926 0.2240818 0.4522259
v -0.2623833 0.2422483 0.4499036
v -0.2436848 0.2578648 0.4471476
v -0.2229332 0.2705301 0.4440049
v -0.2007124 0.2799175 0.4405294
v -0.1776321 0.2857986 0.4367805
v -0.1543058 0.2880635 0.4328223
v -0.1313283 0.2867350 0.4287226
v -0.1092540 0.2819763 0.4245516
v -0.0885772 0.2740916 0.4203806
v -0.0697146 0.2635182 0.4162809
v -0.0529907 0.2508115 0.4123228
v -0.0386271 0.2366229 0.4085739
v -0.0267362 0.2216712 0.4050983
v -0.0173181 0.2067101 0.4019557
v -0.0102631 0.1924921 0.3991996
v -0.0053576 0.1797322 0.3968773
v -0.0022945 0.1690724 0.3950286
v -0.0006872 0.1610497 0.3936850
v -0.0000865 0.1560682 0.3928695
v 0.0000000 0.1840301 0.3813775
v 0.0001071 0.1861216 0.3816431
v 0.0008510 0.1922905 0.3824352
v 0.0028415 0.2022258 0.3837404
v 0.0066348 0.2154267 0.3855363
v 0.0127098 0.2312285 0.3877923
v 0.0214466 0.2488359 0.3904696
v 0.0331098 0.2673636 0.3935224
v 0.0478354 0.2858796 0.3968987
v 0.0656231 0.3034506 0.4005404
v 0.0863338 0.3191865 0.4043855
v 0.1096931 0.3322805 0.4083680
v 0.1352990 0.3420449 0.4124198
v 0.1626356 0.3479380 0.4164717
v 0.1910907 0.3495832 0.4204542
v 0.2199778 0.3467784 0.4242992
v 0.2485602 0.3394952 0.4279410
v 0.2760782 0.3278700 0.4313172
v 0.3017767 0.3121854 0.4343701
v 0.3249327 0.2928461 0.4370474
v 0.3448824 0.2703488 0.4393033
v 0.3610451 0.2452500 0.4410992
v 0.3729455 0.2181322 0.4424044
v 0.3802306 0.1895723 0.4431966
v 0.3826834 0.1601124 0.4434622
v 0.3802306 0.1302362 0.4431966
v 0.3729455 0.1003515 0.4424044
v 0.3610451 0.0707791 0.4410992
v 0.3448824 0.0417500 0.4393033
v 0.3249327 0.0134082 0.4370474
v 0.3017767 -0.0141786 0.4343701
v 0.2760782 -0.0410045 0.4313172
v 0.2485602 -0.0671059 0.4279410
v 0.2199778 -0.0925414 0.4242992
v 0.1910907 -0.1173699 0.4204542
v 0.1626356 -0.1416306 0.4164717
v 0.1352990 -0.1653264 0.4124198
v 0.1096931 -0.1884109 0.4083680
v 0.0863338 -0.2107804 0.4043855
v 0.0656231 -0.2322720 0.4005404
v 0.0478354 -0.2526675 0.3968987
v 0.0331098 -0.2717017 0.3935224
v 0.0214466 -0.2890767 0.3904696
v 0.0127098 -0.3044782 0.3877923
v 0.0066348 -0.3175949 0.3855363
v 0.0028415 -0.3281384 0.3837404
v 0.0008510 -0.3358616 0.3824352
v 0.0001071 -0.3405750 0.3816431
v 0.0000000 -0.3421596 0.3813775
v -0.0001071 -0.3405750 0.3816431
v -0.0008510 -0.3358616 0.3824352
v -0.0028415 -0.3281384 0.3837404
v -0.0066348 -0.3175949 0.3855363
v -0.0127098 -0.3044782 0.3877923
v -0.0214466 -0.2890767 0.3904696
v -0.0331098 -0.2717017 0.3935224
v -0.0478354 -0.2526675 0.3968987
v -0.0656231 -0.2322720 0.4005404
v -0.0863338 -0.2107804 0.4043855
v -0.1096931 -0.1884109 0.4083680
v -0.1352990 -0.1653264 0.4124198
v -0.1626356 -0.1416306 0.4164717
v -0.1910907 -0.1173699 0.4204542
v -0.2199778 -0.0925414 0.4242992
v -0.2485602 -0.0671059 0.4279410
v -0.2760782 -0.0410045 0.4313172
v -0.3017767 -0.0141786 0.4343701
v -0.3249327 0.0134082 0.4370474
v -0.3448824 0.0417500 0.4393033
v -0.3610451 0.0707791 0.4410992
v -0.3729455 0.1003515 0.4424044
v -0.3802306 0.1302362 0.4431966
v -0.3826834 0.1601124 0.4434622
v -0.3802306 0.1895723 0.4431966
v -0.3729455 0.2181322 0.4424044
v -0.3610451 0.2452500 0.4410992
v -0.3448824 0.2703488 0.4393033
v -0.3249327 0.2928461 0.4370474
v -0.3017767 0.3121854 0.4343701
v -0.2760782 0.3278700 0.4313172
v -0.2485602 0.3394952 0.4279410
v -0.2199778 0.3467784 0.4242992
v -0.1910907 0.3495832 0.4204542
v -0.1626356 0.3479380 0.4164717
v -0.1352990 0.3420449 0.4124198
v -0.1096931 0.3322805 0.4083680
v -0.0863338 0.3191865 0.4043855
v -0.0656231 0.3034506 0.4005404
v -0.0478354 0.2858796 0.3968987
v -0.0331098 0.2673636 0.3935224
v -0.0214466 0.2488359 0.3904696
v -0.0127098 0.2312285 0.3877923
v -0.0066348 0.2154267 0.3855363
v -0.0028415 0.2022258 0.3837404
v -0.0008510 0.1922905 0.3824352
v -0.0001071 0.1861216 0.3816431
v 0.0000000 0.2127312 0.3678075
v 0.0001270 0.2152124 0.3680636
v 0.0010096 0.2225308 0.3688276
v 0.0033710 0.2343174 0.3700864
v 0.0078711 0.2499781 0.3718184
v 0.0150780 0.2687243 0.3739941
v 0.0254428 0.2896126 0.3765761
v 0.0392793 0.3115926 0.3795203
v 0.0567488 0.3335588 0.3827764
v 0.0778509 0.3544039 0.3862886
v 0.1024208 0.3730718 0.3899968
v 0.1301327 0.3886057 0.3938376
v 0.1605099 0.4001896 0.3977453
v 0.1929402 0.4071808 0.4016530
v 0.2266975 0.4091325 0.4054938
v 0.2609672 0.4058051 0.4092020
v 0.2948755 0.3971648 0.4127142
v 0.3275211 0.3833734 0.4159703
v 0.3580081 0.3647663 0.4189146
v 0.3854789 0.3418234 0.4214966
v 0.4091458 0.3151341 0.4236722
v 0.4283202 0.2853585 0.4254043
v 0.4424380 0.2531877 0.4266630
v 0.4510807 0.2193061 0.4274270
v 0.4539905 0.1843568 0.4276831
v 0.4510807 0.1489137 0.4274270
v 0.4424380 0.1134604 0.4266630
v 0.4283202 0.0783777 0.4254043
v 0.4091458 0.0439394 0.4236722
v 0.3854789 0.0103165 0.4214966
v 0.3580081 -0.0224106 0.4189146
v 0.3275211 -0.0542350 0.4159703
v 0.2948755 -0.0852001 0.4127142
v 0.2609672 -0.1153751 0.4092020
v 0.2266975 -0.1448300 0.4054938
v 0.1929402 -0.1736113 0.4016530
v 0.1605099 -0.2017225 0.3977453
v 0.1301327 -0.2291083 0.3938376
v 0.1024208 -0.2556460 0.3899968
v 0.0778509 -0.2811423 0.3862886
v 0.0567488 -0.3053381 0.3827764
v 0.0392793 -0.3279191 0.3795203
v 0.0254428 -0.3485316 0.3765761
v 0.0150780 -0.3668029 0.3739941
v 0.0078711 -0.3823638 0.3718184
v 0.0033710 -0.3948720 0.3700864
v 0.0010096 -0.4040342 0.3688276
v 0.0001270 -0.4096258 0.3680636
v 0.0000000 -0.4115058 0.3678075
v -0.0001270 -0.4096258 0.3680636
v -0.0010096 -0.4040342 0.3688276
v -0.0033710 -0.3948720 0.3700864
v -0.0078711 -0.3823638 0.3718184
v -0.0150780 -0.3668029 0.3739941
v -0.0254428 -0.3485316 0.3765761
v -0.0392793 -0.3279191 0.3795203
v -0.0567488 -0.3053381 0.3827764
v -0.0778509 -0.2811423 0.3862886
v -0.1024208 -0.2556460 0.3899968
v -0.1301327 -0.2291083 0.3938376
v -0.1605099 -0.2017225 0.3977453
v -0.1929402 -0.1736113 0.4016530
v -0.2266975 -0.1448300 0.4054938
v -0.2609672 -0.1153751 0.4092020
v -0.2948755 -0.0852001 0.4127142
v -0.3275211 -0.0542350 0.4159703
v -0.3580081 -0.0224106 0.4189146
v -0.3854789 0.0103165 0.4214966
v -0.4091458 0.0439394 0.4236722
v -0.4283202 0.0783777 0.4254043
v -0.4424380 0.1134604 0.4266630
v -0.4510807 0.1489137 0.4274270
v -0.4539905 0.1843568 0.4276831
v -0.4510807 0.2193061 0.4274270
v -0.4424380 0.2531877 0.4266630
v -0.4283202 0.2853585 0.4254043
v -0.4091458 0.3151341 0.4236722
v -0.3854789 0.3418234 0.4214966
v -0.3580081 0.3647663 0.4189146
v -0.3275211 0.3833734 0.4159703
v -0.2948755 0.3971648 0.4127142
v -0.2609672 0.4058051 0.4092020
v -0.2266975 0.4091325 0.4054938
v -0.1929402 0.4071808 0.4016530
v -0.1605099 0.4001896 0.3977453
v -0.1301327 0.3886057 0.3938376
v -0.1024208 0.3730718 0.3899968
v -0.0778509 0.3544039 0.3862886
v -0.0567488 0.3335588 0.3827764
v -0.0392793 0.3115926 0.3795203
v -0.0254428 0.2896126 0.3765761
v -0.0150780 0.2687243 0.3739941
v -0.0078711 0.2499781 0.3718184
v -0.0033710 0.2343174 0.3700864
v -0.0010096 0.2225308 0.3688276
v -0.0001270 0.2152124 0.3680636
v 0.0000000 0.2403057 0.3519699
v 0.0001462 0.2431613 0.3522150
v 0.0011619 0.2515841 0.3529460
v 0.0038796 0.2651493 0.3541506
v 0.0090589 0.2831733 0.3558080
v 0.0173533 0.3047482 0.3578900
v 0.0292822 0.3287886 0.3603609
v 0.0452067 0.3540855 0.3631783
v 0.0653123 0.3793664 0.3662942
v 0.0895988 0.4033571 0.3696552
v 0.1178763 0.4248421 0.3732037
v 0.1497700 0.4427201 0.3768792
v 0.1847311 0.4560519 0.3806186
v 0.2220553 0.4640981 0.3843580
v 0.2609066 0.4663444 0.3880334
v 0.3003477 0.4625148 0.3915820
v 0.3393728 0.4525707 0.3949429
v 0.3769446 0.4366982 0.3980588
v 0.4120322 0.4152832 0.4008763
v 0.4436484 0.3888781 0.4033471
v 0.4708867 0.3581614 0.4054291
v 0.4929546 0.3238926 0.4070865
v 0.5092028 0.2868672 0.4082911
v 0.5191496 0.2478728 0.4090222
v 0.5224985 0.2076495 0.4092673
v 0.5191496 0.1668580 0.4090222
v 0.5092028 0.1260547 0.4082911
v 0.4929546 0.0856780 0.4070865
v 0.4708867 0.0460429 0.4054291
v 0.4436484 0.0073463 0.4033471
v 0.4120322 -0.0303195 0.4008763
v 0.3769446 -0.0669463 0.3980588
v 0.3393728 -0.1025840 0.3949429
v 0.3003477 -0.1373125 0.3915820
v 0.2609066 -0.1712121 0.3880334
v 0.2220553 -0.2043366 0.3843580
v 0.1847311 -0.2366899 0.3806186
v 0.1497700 -0.2682083 0.3768792
v 0.1178763 -0.2987505 0.3732037
v 0.0895988 -0.3280943 0.3696552
v 0.0653123 -0.3559413 0.3662942
v 0.0452067 -0.3819298 0.3631783
v 0.0292822 -0.4056528 0.3603609
v 0.0173533 -0.4266813 0.3578900
v 0.0090589 -0.4445903 0.3558080
v 0.0038796 -0.4589860 0.3541506
v 0.0011619 -0.4695308 0.3529460
v 0.0001462 -0.4759662 0.3522150
v 0.0000000 -0.4781299 0.3519699
v -0.0001462 -0.4759662 0.3522150
v -0.0011619 -0.4695308 0.3529460
v -0.0038796 -0.4589860 0.3541506
v -0.0090589 -0.4445903 0.3558080
v -0.0173533 -0.4266813 0.3578900
v -0.0292822 -0.4056528 0.3603609
v -0.0452067 -0.3819298 0.3631783
v -0.0653123 -0.3559413 0.3662942
v -0.0895988 -0.3280943 0.3696552
v -0.1178763 -0.2987505 0.3732037
v -0.1497700 -0.2682083 0.3768792
v -0.1847311 -0.2366899 0.3806186
v -0.2220553 -0.2043366 0.3843580
v -0.2609066 -0.1712121 0.3880334
v -0.3003477 -0.1373125 0.3915820
v -0.3393728 -0.1025840 0.3949429
v -0.3769446 -0.0669463 0.3980588
v -0.4120322 -0.0303195 0.4008763
v -0.4436484 0.0073463 0.4033471
v -0.4708867 0.0460429 0.4054291
v -0.4929546 0.0856780 0.4070865
v -0.5092028 0.1260547 0.4082911
v -0.5191496 0.1668580 0.4090222
v -0.5224985 0.2076495 0.4092673
v -0.5191496 0.2478728 0.4090222
v -0.5092028 0.2868672 0.4082911
v -0.4929546 0.3238926 0.4070865
v -0.4708867 0.3581614 0.4054291
v -0.4436484 0.3888781 0.4033471
v -0.4120322 0.4152832 0.4008763
v -0.3769446 0.4366982 0.3980588
v -0.3393728 0.4525707 0.3949429
v -0.3003477 0.4625148 0.3915820
v -0.2609066 0.4663444 0.3880334
v -0.2220553 0.4640981 0.3843580
v -0.1847311 0.4560519 0.3806186
v -0.1497700 0.4427201 0.3768792
v -0.1178763 0.4248421 0.3732037
v -0.0895988 0.4033571 0.3696552
v -0.0653123 0.3793664 0.3662942
v -0.0452067 0.3540855 0.3631783
v -0.0292822 0.3287886 0.3603609
v -0.0173533 0.3047482 0.3578900
v -0.0090589 0.2831733 0.3558080
v -0.0038796 0.2651493 0.3541506
v -0.0011619 0.2515841 0.3529460
v -0.0001462 0.2431613 0.3522150
v 0.0000000 0.2665836 0.3339622
v 0.0001644 0.2697960 0.3341948
v 0.0013071 0.2792713 0.3348885
v 0.0043644 0.2945315 0.3360314
v 0.0101908 0.3148075 0.3376040
v 0.0195216 0.3390782 0.3395795
v 0.0329411 0.3661225 0.3419239
v 0.0508553 0.3945803 0.3445973
v 0.0734732 0.4230200 0.3475537
v 0.1007942 0.4500084 0.3507427
v 0.1326050 0.4741780 0.3541097
v 0.1684839 0.4942898 0.3575971
v 0.2078135 0.5092875 0.3611452
v 0.2498013 0.5183390 0.3646933
v 0.2935071 0.5208660 0.3681807
v 0.3378764 0.5165579 0.3715477
v 0.3817777 0.5053713 0.3747367
v 0.4240442 0.4875155 0.3776931
v 0.4635160 0.4634247 0.3803664
v 0.4990827 0.4337203 0.3827109
v 0.5297245 0.3991655 0.3846863
v 0.5545498 0.3606147 0.3862590
v 0.5728282 0.3189630 0.3874019
v 0.5840179 0.2750961 0.3880956
v 0.5877852 0.2298470 0.3883282
v 0.5840179 0.1839585 0.3880956
v 0.5728282 0.1380568 0.3874019
v 0.5545498 0.0926350 0.3862590
v 0.5297245 0.0480474 0.3846863
v 0.4990827 0.0045157 0.3827109
v 0.4635160 -0.0378565 0.3803664
v 0.4240442 -0.0790598 0.3776931
v 0.3817777 -0.1191505 0.3747367
v 0.3378764 -0.1582184 0.3715477
v 0.2935071 -0.1963538 0.3681807
v 0.2498013 -0.2336172 0.3646933
v 0.2078135 -0.2700130 0.3611452
v 0.1684839 -0.3054697 0.3575971
v 0.1326050 -0.3398283 0.3541097
v 0.1007942 -0.3728385 0.3507427
v 0.0734732 -0.4041650 0.3475537
v 0.0508553 -0.4334008 0.3445973
v 0.0329411 -0.4600880 0.3419239
v 0.0195216 -0.4837440 0.3395795
v 0.0101908 -0.5038908 0.3376040
v 0.0043644 -0.5200852 0.3360314
v 0.0013071 -0.5319476 0.3348885
v 0.0001644 -0.5391872 0.3341948
v 0.0000000 -0.5416211 0.3339622
v -0.0001644 -0.5391872 0.3341948
v -0.0013071 -0.5319476 0.3348885
v -0.0043644 -0.5200852 0.3360314
v -0.0101908 -0.5038908 0.3376040
v -0.0195216 -0.4837440 0.3395795
v -0.0329411 -0.4600880 0.3419239
v -0.0508553 -0.4334008 0.3445973
v -0.0734732 -0.4041650 0.3475537
v -0.1007942 -0.3728385 0.3507427
v -0.1326050 -0.3398283 0.3541097
v -0.1684839 -0.3054697 0.3575971
v -0.2078135 -0.2700130 0.3611452
v -0.2498013 -0.2336172 0.3646933
v -0.2935071 -0.1963538 0.3681807
v -0.3378764 -0.1582184 0.3715477
v -0.3817777 -0.1191505 0.3747367
v -0.4240442 -0.0790598 0.3776931
v -0.4635160 -0.0378565 0.3803664
v -0.4990827 0.0045157 0.3827109
v -0.5297245 0.0480474 0.3846863
v -0.5545498 0.0926350 0.3862590
v -0.5728282 0.1380568 0.3874019
v -0.5840179 0.1839585 0.3880956
v -0.5877852 0.2298470 0.3883282
v -0.5840179 0.2750961 0.3880956
v -0.5728282 0.3189630 0.3874019
v -0.5545498 0.3606147 0.3862590
v -0.5297245 0.3991655 0.3846863
v -0.4990827 0.4337203 0.3827109
v -0.4635160 0.4634247 0.3803664
v -0.4240442 0.4875155 0.3776931
v -0.3817777 0.5053713 0.3747367
v -0.3378764 0.5165579 0.3715477
v -0.2935071 0.5208660 0.3681807
v -0.2498013 0.5183390 0.3646933
v -0.2078135 0.5092875 0.3611452
v -0.1684839 0.4942898 0.3575971
v -0.1326050 0.4741780 0.3541097
v -0.1007942 0.4500084 0.3507427
v -0.0734732 0.4230200 0.3475537
v -0.0508553 0.3945803 0.3445973
v -0.0329411 0.3661225 0.3419239
v -0.0195216 0.3390782 0.3395795
v -0.0101908 0.3148075 0.3376040
v -0.0043644 0.2945315 0.3360314
v -0.0013071 0.2792713 0.3348885
v -0.0001644 0.2697960 0.3341948
v 0.0000000 0.2914028 0.3138956
v 0.0001817 0.2949523 0.3141142
v 0.0014442 0.3054216 0.3147662
v 0.0048223 0.3222827 0.3158404
v 0.0112599 0.3446858 0.3173186
v 0.0215696 0.3715027 0.3191753
v 0.0363968 0.4013841 0.3213789
v 0.0561904 0.4328273 0.3238916
v 0.0811810 0.4642506 0.3266704
v 0.1113682 0.4940702 0.3296678
v 0.1465162 0.5207753 0.3328325
v 0.1861591 0.5429971 0.3361103
v 0.2296146 0.5595681 0.3394452
v 0.2760072 0.5695692 0.3427801
v 0.3242981 0.5723613 0.3460580
v 0.3733220 0.5676012 0.3492227
v 0.4218289 0.5552411 0.3522200
v 0.4685294 0.5355121 0.3549989
v 0.5121421 0.5088940 0.3575116
v 0.5514399 0.4760734 0.3597151
v 0.5852963 0.4378935 0.3615718
v 0.6127259 0.3952985 0.3630500
v 0.6329219 0.3492772 0.3641243
v 0.6452854 0.3008085 0.3647763
v 0.6494480 0.2508123 0.3649949
v 0.6452854 0.2001098 0.3647763
v 0.6329219 0.1493928 0.3641243
v 0.6127259 0.0992058 0.3630500
v 0.5852963 0.0499407 0.3615718
v 0.5514399 0.0018422 0.3597151
v 0.5121421 -0.0449751 0.3575116
v 0.4685294 -0.0905009 0.3549989
v 0.4218289 -0.1347974 0.3522200
v 0.3733220 -0.1779638 0.3492227
v 0.3242981 -0.2200999 0.3460580
v 0.2760072 -0.2612725 0.3427801
v 0.2296146 -0.3014865 0.3394452
v 0.1861591 -0.3406629 0.3361103
v 0.1465162 -0.3786258 0.3328325
v 0.1113682 -0.4150991 0.3296678
v 0.0811810 -0.4497120 0.3266704
v 0.0561904 -0.4820148 0.3238916
v 0.0363968 -0.5115017 0.3213789
v 0.0215696 -0.5376394 0.3191753
v 0.0112599 -0.5598997 0.3173186
v 0.0048223 -0.5777930 0.3158404
v 0.0014442 -0.5908999 0.3147662
v 0.0001817 -0.5988989 0.3141142
v 0.0000000 -0.6015882 0.3138956
v -0.0001817 -0.5988989 0.3141142
v -0.0014442 -0.5908999 0.3147662
v -0.0048223 -0.5777930 0.3158404
v -0.0112599 -0.5598997 0.3173186
v -0.0215696 -0.5376394 0.3191753
v -0.0363968 -0.5115017 0.3213789
v -0.0561904 -0.4820148 0.3238916
v -0.0811810 -0.4497120 0.3266704
v -0.1113682 -0.4150991 0.3296678
v -0.1465162 -0.3786258 0.3328325
v -0.1861591 -0.3406629 0.3361103
v -0.2296146 -0.3014865 0.3394452
v -0.2760072 -0.2612725 0.3427801
v -0.3242981 -0.2200999 0.3460580
v -0.3733220 -0.1779638 0.3492227
v -0.4218289 -0.1347974 0.3522200
v -0.4685294 -0.0905009 0.3549989
v -0.5121421 -0.0449751 0.3575116
v -0.5514399 0.0018422 0.3597151
v -0.5852963 0.0499407 0.3615718
v -0.6127259 0.0992058 0.3630500
v -0.6329219 0.1493928 0.3641243
v -0.6452854 0.2001098 0.3647763
v -0.6494480 0.2508123 0.3649949
v -0.6452854 0.3008085 0.3647763
v -0.6329219 0.3492772 0.3641243
v -0.6127259 0.3952985 0.3630500
v -0.5852963 0.4378935 0.3615718
v -0.5514399 0.4760734 0.3597151
v -0.5121421 0.5088940 0.3575116
v -0.4685294 0.5355121 0.3549989
v -0.4218289 0.5552411 0.3522200
v -0.3733220 0.5676012 0.3492227
v -0.3242981 0.5723613 0.3460580
v -0.2760072 0.5695692 0.3427801
v -0.2296146 0.5595681 0.3394452
v -0.1861591 0.5429971 0.3361103
v -0.1465162 0.5207753 0.3328325
v -0.1113682 0.4940702 0.3296678
v -0.0811810 0.4642506 0.3266704
v -0.0561904 0.4328273 0.3238916
v -0.0363968 0.4013841 0.3213789
v -0.0215696 0.3715027 0.3191753
v -0.0112599 0.3446858 0.3173186
v -0.0048223 0.3222827 0.3158404
v -0.0014442 0.3054216 0.3147662
v -0.0001817 0.2949523 0.3141142
v 0.0000000 0.3146105 0.2918937
v 0.0001978 0.3184750 0.2920969
v 0.0015725 0.3298738 0.2927032
v 0.0052504 0.3482319 0.2937022
v 0.0122595 0.3726240 0.2950768
v 0.0234846 0.4018217 0.2968034
v 0.0396282 0.4343561 0.2988525
v 0.0611790 0.4685908 0.3011890
v 0.0883883 0.5028039 0.3037731
v 0.1212556 0.5352709 0.3065604
v 0.1595241 0.5643469 0.3095032
v 0.2026865 0.5885416 0.3125513
v 0.2500000 0.6065838 0.3156525
v 0.3005114 0.6174728 0.3187536
v 0.3530896 0.6205127 0.3218017
v 0.4064659 0.6153300 0.3247446
v 0.4592793 0.6018726 0.3275319
v 0.5101260 0.5803920 0.3301159
v 0.5576106 0.5514107 0.3324525
v 0.6003974 0.5156763 0.3345016
v 0.6372595 0.4741067 0.3362282
v 0.6671244 0.4277301 0.3376027
v 0.6891134 0.3776230 0.3386017
v 0.7025746 0.3248512 0.3392080
v 0.7071068 0.2704163 0.3394113
v 0.7025746 0.2152124 0.3392080
v 0.6891134 0.1599926 0.3386017
v 0.6671244 0.1053500 0.3376027
v 0.6372595 0.0517111 0.3362282
v 0.6003974 -0.0006577 0.3345016
v 0.5576106 -0.0516315 0.3324525
v 0.5101260 -0.1011991 0.3301159
v 0.4592793 -0.1494284 0.3275319
v 0.4064659 -0.1964271 0.3247446
v 0.3530896 -0.2423040 0.3218017
v 0.3005114 -0.2871320 0.3187536
v 0.2500000 -0.3309162 0.3156525
v 0.2026865 -0.3735707 0.3125513
v 0.1595241 -0.4149041 0.3095032
v 0.1212556 -0.4546154 0.3065604
v 0.0883883 -0.4923013 0.3037731
v 0.0611790 -0.5274721 0.3011890
v 0.0396282 -0.5595768 0.2988525
v 0.0234846 -0.5880350 0.2968034
v 0.0122595 -0.6122717 0.2950768
v 0.0052504 -0.6317536 0.2937022
v 0.0015725 -0.6460240 0.2927032
v 0.0001978 -0.6547333 0.2920969
v 0.0000000 -0.6576613 0.2918937
v -0.0001978 -0.6547333 0.2920969
v -0.0015725 -0.6460240 0.2927032
v -0.0052504 -0.6317536 0.2937022
v -0.0122595 -0.6122717 0.2950768
v -0.0234846 -0.5880350 0.2968034
v -0.0396282 -0.5595768 0.2988525
v -0.0611790 -0.5274721 0.3011890
v -0.0883883 -0.4923013 0.3037731
v -0.1212556 -0.4546154 0.3065604
v -0.1595241 -0.4149041 0.3095032
v -0.2026865 -0.3735707 0.3125513
v -0.2500000 -0.3309162 0.3156525
v -0.3005114 -0.2871320 0.3187536
v -0.3530896 -0.2423040 0.3218017
v -0.4064659 -0.1964271 0.3247446
v -0.4592793 -0.1494284 0.3275319
v -0.5101260 -0.1011991 0.3301159
v -0.5576106 -0.0516315 0.3324525
v -0.6003974 -0.0006577 0.3345016
v -0.6372595 0.0517111 0.3362282
v -0.6671244 0.1053500 0.3376027
v -0.6891134 0.1599926 0.3386017
v -0.7025746 0.2152124 0.3392080
v -0.7071068 0.2704163 0.3394113
v -0.7025746 0.3248512 0.3392080
v -0.6891134 0.3776230 0.3386017
v -0.6671244 0.4277301 0.3376027
v -0.6372595 0.4741067 0.3362282
v -0.6003974 0.5156763 0.3345016
v -0.5576106 0.5514107 0.3324525
v -0.5101260 0.5803920 0.3301159
v -0.4592793 0.6018726 0.3275319
v -0.4064659 0.6153300 0.3247446
v -0.3530896 0.6205127 0.3218017
v -0.3005114 0.6174728 0.3187536
v -0.2500000 0.6065838 0.3156525
v -0.2026865 0.5885416 0.3125513
v -0.1595241 0.5643469 0.3095032
v -0.1212556 0.5352709 0.3065604
v -0.0883883 0.5028039 0.3037731
v -0.0611790 0.4685908 0.3011890
v -0.0396282 0.4343561 0.2988525
v -0.0234846 0.4018217 0.2968034
v -0.0122595 0.3726240 0.2950768
v -0.0052504 0.3482319 0.2937022
v -0.0015725 0.3298738 0.2927032
v -0.0001978 0.3184750 0.2920969
v 0.0000000 0.3360634 0.2680922
v 0.0002127 0.3402193 0.2682788
v 0.0016910 0.3524772 0.2688357
v 0.0056462 0.3722190 0.2697532
v 0.0131836 0.3984497 0.2710157
v 0.0252548 0.4298483 0.2726015
v 0.0426152 0.4648350 0.2744835
v 0.0657905 0.5016502 0.2766295
v 0.0950507 0.5384421 0.2790029
v 0.1303954 0.5733564 0.2815629
v 0.1715485 0.6046241 0.2842658
v 0.2179643 0.6306424 0.2870653
v 0.2688441 0.6500446 0.2899136
v 0.3231629 0.6617544 0.2927619
v 0.3797043 0.6650235 0.2955614
v 0.4371039 0.6594502 0.2982643
v 0.4938982 0.6449783 0.3008243
v 0.5485775 0.6218786 0.3031977
v 0.5996413 0.5907128 0.3053437
v 0.6456532 0.5522848 0.3072257
v 0.6852939 0.5075819 0.3088115
v 0.7174098 0.4577096 0.3100740
v 0.7410563 0.4038256 0.3109915
v 0.7555321 0.3470760 0.3115484
v 0.7604060 0.2885380 0.3117351
v 0.7555321 0.2291730 0.3115484
v 0.7410563 0.1697910 0.3109915
v 0.7174098 0.1110296 0.3100740
v 0.6852939 0.0533476 0.3088115
v 0.6456532 -0.0029686 0.3072257
v 0.5996413 -0.0577846 0.3053437
v 0.5485775 -0.1110884 0.3031977
v 0.4938982 -0.1629530 0.3008243
v 0.4371039 -0.2134943 0.2982643
v 0.3797043 -0.2628293 0.2955614
v 0.3231629 -0.3110363 0.2927619
v 0.2688441 -0.3581208 0.2899136
v 0.2179643 -0.4039904 0.2870653
v 0.1715485 -0.4484394 0.2842658
v 0.1303954 -0.4911440 0.2815629
v 0.0950507 -0.5316706 0.2790029
v 0.0657905 -0.5694923 0.2766295
v 0.0426152 -0.6040170 0.2744835
v 0.0252548 -0.6346203 0.2726015
v 0.0131836 -0.6606838 0.2710157
v 0.0056462 -0.6816342 0.2697532
v 0.0016910 -0.6969804 0.2688357
v 0.0002127 -0.7063460 0.2682788
v 0.0000000 -0.7094948 0.2680922
v -0.0002127 -0.7063460 0.2682788
v -0.0016910 -0.6969804 0.2688357
v -0.0056462 -0.6816342 0.2697532
v -0.0131836 -0.6606838 0.2710157
v -0.0252548 -0.6346203 0.2726015
v -0.0426152 -0.6040170 0.2744835
v -0.0657905 -0.5694923 0.2766295
v -0.0950507 -0.5316706 0.2790029
v -0.1303954 -0.4911440 0.2815629
v -0.1715485 -0.4484394 0.2842658
v -0.2179643 -0.4039904 0.2870653
v -0.2688441 -0.3581208 0.2899136
v -0.3231629 -0.3110363 0.2927619
v -0.3797043 -0.2628293 0.2955614
v -0.4371039 -0.2134943 0.2982643
v -0.4938982 -0.1629530 0.3008243
v -0.5485775 -0.1110884 0.3031977
v -0.5996413 -0.0577846 0.3053437
v -0.6456532 -0.0029686 0.3072257
v -0.6852939 0.0533476 0.3088115
v -0.7174098 0.1110296 0.3100740
v -0.7410563 0.1697910 0.3109915
v -0.7555321 0.2291730 0.3115484
v -0.7604060 0.2885380 0.3117351
v -0.7555321 0.3470760 0.3115484
v -0.7410563 0.4038256 0.3109915
v -0.7174098 0.4577096 0.3100740
v -0.6852939 0.5075819 0.3088115
v -0.6456532 0.5522848 0.3072257
v -0.5996413 0.5907128 0.3053437
v -0.5485775 0.6218786 0.3031977
v -0.4938982 0.6449783 0.3008243
v -0.4371039 0.6594502 0.2982643
v -0.3797043 0.6650235 0.2955614
v -0.3231629 0.6617544 0.2927619
v -0.2688441 0.6500446 0.2899136
v -0.2179643 0.6306424 0.2870653
v -0.1715485 0.6046241 0.2842658
v -0.1303954 0.5733564 0.2815629
v -0.0950507 0.5384421 0.2790029
v -0.0657905 0.5016502 0.2766295
v -0.0426152 0.4648350 0.2744835
v -0.0252548 0.4298483 0.2726015
v -0.0131836 0.3984497 0.2710157
v -0.0056462 0.3722190 0.2697532
v -0.0016910 0.3524772 0.2688357
v -0.0002127 0.3402193 0.2682788
v 0.0000000 0.3556294 0.2426378
v 0.0002263 0.3600509 0.2428067
v 0.0017991 0.3730924 0.2433107
v 0.0060071 0.3940963 0.2441411
v 0.0140264 0.4220039 0.2452837
v 0.0268692 0.4554097 0.2467189
v 0.0453395 0.4926330 0.2484223
v 0.0699963 0.5318018 0.2503645
v 0.1011271 0.5709457 0.2525125
v 0.1387313 0.6080920 0.2548295
v 0.1825152 0.6413585 0.2572758
v 0.2318982 0.6690401 0.2598095
v 0.2860307 0.6896827 0.2623873
v 0.3438219 0.7021410 0.2649652
v 0.4039779 0.7056191 0.2674989
v 0.4650469 0.6996895 0.2699452
v 0.5254719 0.6842925 0.2722621
v 0.5836468 0.6597161 0.2744101
v 0.6379750 0.6265579 0.2763524
v 0.6869284 0.5856733 0.2780557
v 0.7291031 0.5381126 0.2794910
v 0.7632722 0.4850521 0.2806336
v 0.7884304 0.4277234 0.2814640
v 0.8038316 0.3673459 0.2819680
v 0.8090170 0.3050658 0.2821369
v 0.8038316 0.2419057 0.2819680
v 0.7884304 0.1787275 0.2814640
v 0.7632722 0.1162097 0.2806336
v 0.7291031 0.0548402 0.2794910
v 0.6869284 -0.0050762 0.2780557
v 0.6379750 -0.0633965 0.2763524
v 0.5836468 -0.1201079 0.2744101
v 0.5254719 -0.1752881 0.2722621
v 0.4650469 -0.2290604 0.2699452
v 0.4039779 -0.2815492 0.2674989
v 0.3438219 -0.3328380 0.2649652
v 0.2860307 -0.3829325 0.2623873
v 0.2318982 -0.4317345 0.2598095
v 0.1825152 -0.4790249 0.2572758
v 0.1387313 -0.5244596 0.2548295
v 0.1011271 -0.5675769 0.2525125
v 0.0699963 -0.6078165 0.2503645
v 0.0453395 -0.6445483 0.2484223
v 0.0268692 -0.6771080 0.2467189
v 0.0140264 -0.7048377 0.2452837
v 0.0060071 -0.7271274 0.2441411
v 0.0017991 -0.7434546 0.2433107
v 0.0002263 -0.7534190 0.2428067
v 0.0000000 -0.7567690 0.2426378
v -0.0002263 -0.7534190 0.2428067
v -0.0017991 -0.7434546 0.2433107
v -0.0060071 -0.7271274 0.2441411
v -0.0140264 -0.7048377 0.2452837
v -0.0268692 -0.6771080 0.2467189
v -0.0453395 -0.6445483 0.2484223
v -0.0699963 -0.6078165 0.2503645
v -0.1011271 -0.5675769 0.2525125
v -0.1387313 -0.5244596 0.2548295
v -0.1825152 -0.4790249 0.2572758
v -0.2318982 -0.4317345 0.2598095
v -0.2860307 -0.3829325 0.2623873
v -0.3438219 -0.3328380 0.2649652
v -0.4039779 -0.2815492 0.2674989
v -0.4650469 -0.2290604 0.2699452
v -0.5254719 -0.1752881 0.2722621
v -0.5836468 -0.1201079 0.2744101
v -0.6379750 -0.0633965 0.2763524
v -0.6869284 -0.0050762 0.2780557
v -0.7291031 0.0548402 0.2794910
v -0.7632722 0.1162097 0.2806336
v -0.7884304 0.1787275 0.2814640
v -0.8038316 0.2419057 0.2819680
v -0.8090170 0.3050658 0.2821369
v -0.8038316 0.3673459 0.2819680
v -0.7884304 0.4277234 0.2814640
v -0.7632722 0.4850521 0.2806336
v -0.7291031 0.5381126 0.2794910
v -0.6869284 0.5856733 0.2780557
v -0.6379750 0.6265579 0.2763524
v -0.5836468 0.6597161 0.2744101
v -0.5254719 0.6842925 0.2722621
v -0.4650469 0.6996895 0.2699452
v -0.4039779 0.7056191 0.2674989
v -0.3438219 0.7021410 0.2649652
v -0.2860307 0.6896827 0.2623873
v -0.2318982 0.6690401 0.2598095
v -0.1825152 0.6413585 0.2572758
v -0.1387313 0.6080920 0.2548295
v -0.1011271 0.5709457 0.2525125
v -0.0699963 0.5318018 0.2503645
v -0.0453395 0.4926330 0.2484223
v -0.0268692 0.4554097 0.2467189
v -0.0140264 0.4220039 0.2452837
v -0.0060071 0.3940963 0.2441411
v -0.0017991 0.3730924 0.2433107
v -0.0002263 0.3600509 0.2428067
v 0.0000000 0.3731877 0.2156874
v 0.0002385 0.3778476 0.2158376
v 0.0018961 0.3915924 0.2162856
v 0.0063310 0.4137288 0.2170238
v 0.0147827 0.4431412 0.2180395
v 0.0283181 0.4783483 0.2193153
v 0.0477843 0.5175787 0.2208294
v 0.0737706 0.5588595 0.2225560
v 0.1065800 0.6001141 0.2244654
v 0.1462119 0.6392634 0.2265250
v 0.1923566 0.6743237 0.2286996
v 0.2444025 0.7034979 0.2309518
v 0.3014538 0.7252535 0.2332434
v 0.3623613 0.7383837 0.2355349
v 0.4257609 0.7420493 0.2377872
v 0.4901228 0.7358000 0.2399617
v 0.5538060 0.7195727 0.2420213
v 0.6151177 0.6936711 0.2439307
v 0.6723754 0.6587250 0.2456573
v 0.7239684 0.6156359 0.2471714
v 0.7684173 0.5655107 0.2484473
v 0.8044288 0.5095891 0.2494629
v 0.8309435 0.4491692 0.2502011
v 0.8471752 0.3855360 0.2506491
v 0.8526402 0.3198977 0.2507993
v 0.8471752 0.2533319 0.2506491
v 0.8309435 0.1867470 0.2502011
v 0.8044288 0.1208582 0.2494629
v 0.7684173 0.0561796 0.2484473
v 0.7239684 -0.0069675 0.2471714
v 0.6723754 -0.0684325 0.2456573
v 0.6151177 -0.1282019 0.2439307
v 0.5538060 -0.1863574 0.2420213
v 0.4901228 -0.2430292 0.2399617
v 0.4257609 -0.2983484 0.2377872
v 0.3623613 -0.3524026 0.2355349
v 0.3014538 -0.4051983 0.2332434
v 0.2444025 -0.4566317 0.2309518
v 0.1923566 -0.5064721 0.2286996
v 0.1462119 -0.5543567 0.2265250
v 0.1065800 -0.5997989 0.2244654
v 0.0737706 -0.6422083 0.2225560
v 0.0477843 -0.6809208 0.2208294
v 0.0283181 -0.7152361 0.2193153
v 0.0147827 -0.7444610 0.2180395
v 0.0063310 -0.7679526 0.2170238
v 0.0018961 -0.7851602 0.2162856
v 0.0002385 -0.7956619 0.2158376
v 0.0000000 -0.7991925 0.2156874
v -0.0002385 -0.7956619 0.2158376
v -0.0018961 -0.7851602 0.2162856
v -0.0063310 -0.7679526 0.2170238
v -0.0147827 -0.7444610 0.2180395
v -0.0283181 -0.7152361 0.2193153
v -0.0477843 -0.6809208 0.2208294
v -0.0737706 -0.6422083 0.2225560
v -0.1065800 -0.5997989 0.2244654
v -0.1462119 -0.5543567 0.2265250
v -0.1923566 -0.5064721 0.2286996
v -0.2444025 -0.4566317 0.2309518
v -0.3014538 -0.4051983 0.2332434
v -0.3623613 -0.3524026 0.2355349
v -0.4257609 -0.2983484 0.2377872
v -0.4901228 -0.2430292 0.2399617
v -0.5538060 -0.1863574 0.2420213
v -0.6151177 -0.1282019 0.2439307
v -0.6723754 -0.0684325 0.2456573
v -0.7239684 -0.0069675 0.2471714
v -0.7684173 0.0561796 0.2484473
v -0.8044288 0.1208582 0.2494629
v -0.8309435 0.1867470 0.2502011
v -0.8471752 0.2533319 0.2506491
v -0.8526402 0.3198977 0.2507993
v -0.8471752 0.3855360 0.2506491
v -0.8309435 0.4491692 0.2502011
v -0.8044288 0.5095891 0.2494629
v -0.7684173 0.5655107 0.2484473
v -0.7239684 0.6156359 0.2471714
v -0.6723754 0.6587250 0.2456573
v -0.6151177 0.6936711 0.2439307
v -0.5538060 0.7195727 0.2420213
v -0.4901228 0.7358000 0.2399617
v -0.4257609 0.7420493 0.2377872
v -0.3623613 0.7383837 0.2355349
v -0.3014538 0.7252535 0.2332434
v -0.2444025 0.7034979 0.2309518
v -0.1923566 0.6743237 0.2286996
v -0.1462119 0.6392634 0.2265250
v -0.1065800 0.6001141 0.2244654
v -0.0737706 0.5588595 0.2225560
v -0.0477843 0.5175787 0.2208294
v -0.0283181 0.4783483 0.2193153
v -0.0147827 0.4431412 0.2180395
v -0.0063310 0.4137288 0.2170238
v -0.0018961 0.3915924 0.2162856
v -0.0002385 0.3778476 0.2158376
v 0.0000000 0.3886301 0.1874073
v 0.0002493 0.3934998 0.1875378
v 0.0019814 0.4078631 0.1879271
v 0.0066159 0.4309955 0.1885684
v 0.0154479 0.4617314 0.1894509
v 0.0295923 0.4985227 0.1905595
v 0.0499344 0.5395184 0.1918751
v 0.0770901 0.5826566 0.1933753
v 0.1113758 0.6257676 0.1950343
v 0.1527910 0.6666785 0.1968239
v 0.2010121 0.7033164 0.1987133
v 0.2553999 0.7338035 0.2006703
v 0.3150184 0.7565380 0.2026614
v 0.3786665 0.7702589 0.2046524
v 0.4449189 0.7740895 0.2066094
v 0.5121769 0.7675589 0.2084989
v 0.5787257 0.7506015 0.2102884
v 0.6427963 0.7235344 0.2119475
v 0.7026304 0.6870158 0.2134476
v 0.7565449 0.6419878 0.2147632
v 0.8029938 0.5896071 0.2158718
v 0.8406258 0.5311692 0.2167543
v 0.8683336 0.4680306 0.2173957
v 0.8852956 0.4015341 0.2177849
v 0.8910065 0.3329422 0.2179154
v 0.8852956 0.2633812 0.2177849
v 0.8683336 0.1938002 0.2173957
v 0.8406258 0.1249466 0.2167543
v 0.8029938 0.0573576 0.2158718
v 0.7565449 -0.0086310 0.2147632
v 0.7026304 -0.0728617 0.2134476
v 0.6427963 -0.1353205 0.2119475
v 0.5787257 -0.1960929 0.2102884
v 0.5121769 -0.2553147 0.2084989
v 0.4449189 -0.3131231 0.2066094
v 0.3786665 -0.3696096 0.2046524
v 0.3150184 -0.4247810 0.2026614
v 0.2553999 -0.4785288 0.2006703
v 0.2010121 -0.5306119 0.1987133
v 0.1527910 -0.5806511 0.1968239
v 0.1113758 -0.6281381 0.1950343
v 0.0770901 -0.6724558 0.1933753
v 0.0499344 -0.7129102 0.1918751
v 0.0295923 -0.7487696 0.1905595
v 0.0154479 -0.7793095 0.1894509
v 0.0066159 -0.8038582 0.1885684
v 0.0019814 -0.8218400 0.1879271
v 0.0002493 -0.8328143 0.1875378
v 0.0000000 -0.8365039 0.1874073
v -0.0002493 -0.8328143 0.1875378
v -0.0019814 -0.8218400 0.1879271
v -0.0066159 -0.8038582 0.1885684
v -0.0154479 -0.7793095 0.1894509
v -0.0295923 -0.7487696 0.1905595
v -0.0499344 -0.7129102 0.1918751
v -0.0770901 -0.6724558 0.1933753
v -0.1113758 -0.6281381 0.1950343
v -0.1527910 -0.5806511 0.1968239
v -0.2010121 -0.5306119 0.1987133
v -0.2553999 -0.4785288 0.2006703
v -0.3150184 -0.4247810 0.2026614
v -0.3786665 -0.3696096 0.2046524
v -0.4449189 -0.3131231 0.2066094
v -0.5121769 -0.2553147 0.2084989
v -0.5787257 -0.1960929 0.2102884
v -0.6427963 -0.1353205 0.2119475
v -0.7026304 -0.0728617 0.2134476
v -0.7565449 -0.0086310 0.2147632
v -0.8029938 0.0573576 0.2158718
v -0.8406258 0.1249466 0.2167543
v -0.8683336 0.1938002 0.2173957
v -0.8852956 0.2633812 0.2177849
v -0.8910065 0.3329422 0.2179154
v -0.8852956 0.4015341 0.2177849
v -0.8683336 0.4680306 0.2173957
v -0.8406258 0.5311692 0.2167543
v -0.8029938 0.5896071 0.2158718
v -0.7565449 0.6419878 0.2147632
v -0.7026304 0.6870158 0.2134476
v -0.6427963 0.7235344 0.2119475
v -0.5787257 0.7506015 0.2102884
v -0.5121769 0.7675589 0.2084989
v -0.4449189 0.7740895 0.2066094
v -0.3786665 0.7702589 0.2046524
v -0.3150184 0.7565380 0.2026614
v -0.2553999 0.7338035 0.2006703
v -0.2010121 0.7033164 0.1987133
v -0.1527910 0.6666785 0.1968239
v -0.1113758 0.6257676 0.1950343
v -0.0770901 0.5826566 0.1933753
v -0.0499344 0.5395184 0.1918751
v -0.0295923 0.4985227 0.1905595
v -0.0154479 0.4617314 0.1894509
v -0.0066159 0.4309955 0.1885684
v -0.0019814 0.4078631 0.1879271
v -0.0002493 0.3934998 0.1875378
v 0.0000000 0.4018615 0.1579717
v 0.0002585 0.4069108 0.1580817
v 0.0020545 0.4218040 0.1584098
v 0.0068600 0.4457900 0.1589505
v 0.0160178 0.4776598 0.1596944
v 0.0306841 0.5158085 0.1606288
v 0.0517767 0.5583166 0.1617378
v 0.0799342 0.6030465 0.1630023
v 0.1154849 0.6477480 0.1644008
v 0.1584281 0.6901683 0.1659093
v 0.2084283 0.7281579 0.1675019
v 0.2648226 0.7597697 0.1691516
v 0.3266408 0.7833430 0.1708299
v 0.3926371 0.7975702 0.1725082
v 0.4613338 0.8015421 0.1741578
v 0.5310733 0.7947706 0.1757505
v 0.6000773 0.7771876 0.1772590
v 0.6665118 0.7491218 0.1786574
v 0.7285534 0.7112559 0.1799220
v 0.7844570 0.6645666 0.1810309
v 0.8326197 0.6102534 0.1819654
v 0.8716400 0.5496594 0.1827093
v 0.9003701 0.4841914 0.1832499
v 0.9179580 0.4152416 0.1835780
v 0.9238795 0.3441190 0.1836880
v 0.9179580 0.2719916 0.1835780
v 0.9003701 0.1998435 0.1832499
v 0.8716400 0.1284495 0.1827093
v 0.8326197 0.0583669 0.1819654
v 0.7844570 -0.0100562 0.1810309
v 0.7285534 -0.0766567 0.1799220
v 0.6665118 -0.1414199 0.1786574
v 0.6000773 -0.2044344 0.1772590
v 0.5310733 -0.2658412 0.1757505
v 0.4613338 -0.3257824 0.1741578
v 0.3926371 -0.3843529 0.1725082
v 0.3266408 -0.4415598 0.1708299
v 0.2648226 -0.4972906 0.1691516
v 0.2084283 -0.5512952 0.1675019
v 0.1584281 -0.6031806 0.1659093
v 0.1154849 -0.6524196 0.1644008
v 0.0799342 -0.6983724 0.1630023
v 0.0517767 -0.7403193 0.1617378
v 0.0306841 -0.7775017 0.1606288
v 0.0160178 -0.8091684 0.1596944
v 0.0068600 -0.8346227 0.1589505
v 0.0020545 -0.8532680 0.1584098
v 0.0002585 -0.8646472 0.1580817
v 0.0000000 -0.8684729 0.1579717
v -0.0002585 -0.8646472 0.1580817
v -0.0020545 -0.8532680 0.1584098
v -0.0068600 -0.8346227 0.1589505
v -0.0160178 -0.8091684 0.1596944
v -0.0306841 -0.7775017 0.1606288
v -0.0517767 -0.7403193 0.1617378
v -0.0799342 -0.6983724 0.1630023
v -0.1154849 -0.6524196 0.1644008
v -0.1584281 -0.6031806 0.1659093
v -0.2084283 -0.5512952 0.1675019
v -0.2648226 -0.4972906 0.1691516
v -0.3266408 -0.4415598 0.1708299
v -0.3926371 -0.3843529 0.1725082
v -0.4613338 -0.3257824 0.1741578
v -0.5310733 -0.2658412 0.1757505
v -0.6000773 -0.2044344 0.1772590
v -0.6665118 -0.1414199 0.1786574
v -0.7285534 -0.0766567 0.1799220
v -0.7844570 -0.0100562 0.1810309
v -0.8326197 0.0583669 0.1819654
v -0.8716400 0.1284495 0.1827093
v -0.9003701 0.1998435 0.1832499
v -0.9179580 0.2719916 0.1835780
v -0.9238795 0.3441190 0.1836880
v -0.9179580 0.4152416 0.1835780
v -0.9003701 0.4841914 0.1832499
v -0.8716400 0.5496594 0.1827093
v -0.8326197 0.6102534 0.1819654
v -0.7844570 0.6645666 0.1810309
v -0.7285534 0.7112559 0.1799220
v -0.6665118 0.7491218 0.1786574
v -0.6000773 0.7771876 0.1772590
v -0.5310733 0.7947706 0.1757505
v -0.4613338 0.8015421 0.1741578
v -0.3926371 0.7975702 0.1725082
v -0.3266408 0.7833430 0.1708299
v -0.2648226 0.7597697 0.1691516
v -0.2084283 0.7281579 0.1675019
v -0.1584281 0.6901683 0.1659093
v -0.1154849 0.6477480 0.1644008
v -0.0799342 0.6030465 0.1630023
v -0.0517767 0.5583166 0.1617378
v -0.0306841 0.5158085 0.1606288
v -0.0160178 0.4776598 0.1596944
v -0.0068600 0.4457900 0.1589505
v -0.0020545 0.4218040 0.1584098
v -0.0002585 0.4069108 0.1580817
v 0.0000000 0.4128003 0.1275622
v 0.0002661 0.4179981 0.1276510
v 0.0021149 0.4333294 0.1279160
v 0.0070618 0.4580209 0.1283526
v 0.0164890 0.4908282 0.1289533
v 0.0315867 0.5300992 0.1297078
v 0.0532998 0.5738577 0.1306033
v 0.0822856 0.6199033 0.1316244
v 0.1188821 0.6659198 0.1327537
v 0.1630885 0.7095879 0.1339718
v 0.2145595 0.7486950 0.1352579
v 0.2726127 0.7812368 0.1365899
v 0.3362493 0.8055035 0.1379452
v 0.4041869 0.8201491 0.1393004
v 0.4749045 0.8242379 0.1406325
v 0.5466955 0.8172672 0.1419186
v 0.6177293 0.7991670 0.1431367
v 0.6861180 0.7702757 0.1442659
v 0.7499846 0.7312959 0.1452871
v 0.8075327 0.6832331 0.1461826
v 0.8571122 0.6273223 0.1469371
v 0.8972803 0.5649458 0.1475378
v 0.9268555 0.4975519 0.1479744
v 0.9449607 0.4265739 0.1482393
v 0.9510565 0.3533592 0.1483282
v 0.9449607 0.2791101 0.1482393
v 0.9268555 0.2048396 0.1479744
v 0.8972803 0.1313455 0.1475378
v 0.8571122 0.0592014 0.1469371
v 0.8075327 -0.0112345 0.1461826
v 0.7499846 -0.0797941 0.1452871
v 0.6861180 -0.1464624 0.1442659
v 0.6177293 -0.2113306 0.1431367
v 0.5466955 -0.2745437 0.1419186
v 0.4749045 -0.3362481 0.1406325
v 0.4041869 -0.3965416 0.1393004
v 0.3362493 -0.4554312 0.1379452
v 0.2726127 -0.5128014 0.1365899
v 0.2145595 -0.5683947 0.1352579
v 0.1630885 -0.6218063 0.1339718
v 0.1188821 -0.6724938 0.1327537
v 0.0822856 -0.7197983 0.1316244
v 0.0532998 -0.7629791 0.1306033
v 0.0315867 -0.8012553 0.1297078
v 0.0164890 -0.8338535 0.1289533
v 0.0070618 -0.8600566 0.1283526
v 0.0021149 -0.8792503 0.1279160
v 0.0002661 -0.8909642 0.1276510
v 0.0000000 -0.8949025 0.1275622
v -0.0002661 -0.8909642 0.1276510
v -0.0021149 -0.8792503 0.1279160
v -0.0070618 -0.8600566 0.1283526
v -0.0164890 -0.8338535 0.1289533
v -0.0315867 -0.8012553 0.1297078
v -0.0532998 -0.7629791 0.1306033
v -0.0822856 -0.7197983 0.1316244
v -0.1188821 -0.6724938 0.1327537
v -0.1630885 -0.6218063 0.1339718
v -0.2145595 -0.5683947 0.1352579
v -0.2726127 -0.5128014 0.1365899
v -0.3362493 -0.4554312 0.1379452
v -0.4041869 -0.3965416 0.1393004
v -0.4749045 -0.3362481 0.1406325
v -0.5466955 -0.2745437 0.1419186
v -0.6177293 -0.2113306 0.1431367
v -0.6861180 -0.1464624 0.1442659
v -0.7499846 -0.0797941 0.1452871
v -0.8075327 -0.0112345 0.1461826
v -0.8571122 0.0592014 0.1469371
v -0.8972803 0.1313455 0.1475378
v -0.9268555 0.2048396 0.1479744
v -0.9449607 0.2791101 0.1482393
v -0.9510565 0.3533592 0.1483282
v -0.9449607 0.4265739 0.1482393
v -0.9268555 0.4975519 0.1479744
v -0.8972803 0.5649458 0.1475378
v -0.8571122 0.6273223 0.1469371
v -0.8075327 0.6832331 0.1461826
v -0.7499846 0.7312959 0.1452871
v -0.6861180 0.7702757 0.1442659
v -0.6177293 0.7991670 0.1431367
v -0.5466955 0.8172672 0.1419186
v -0.4749045 0.8242379 0.1406325
v -0.4041869 0.8201491 0.1393004
v -0.3362493 0.8055035 0.1379452
v -0.2726127 0.7812368 0.1365899
v -0.2145595 0.7486950 0.1352579
v -0.1630885 0.7095879 0.1339718
v -0.1188821 0.6659198 0.1327537
v -0.0822856 0.6199033 0.1316244
v -0.0532998 0.5738577 0.1306033
v -0.0315867 0.5300992 0.1297078
v -0.0164890 0.4908282 0.1289533
v -0.0070618 0.4580209 0.1283526
v -0.0021149 0.4333294 0.1279160
v -0.0002661 0.4179981 0.1276510
v 0.0000000 0.4213789 0.0963662
v 0.0002720 0.4266932 0.0964333
v 0.0021623 0.4423681 0.0966335
v 0.0072200 0.4676130 0.0969633
v 0.0168585 0.5011555 0.0974171
v 0.0322945 0.5413065 0.0979871
v 0.0544942 0.5860457 0.0986636
v 0.0841296 0.6331232 0.0994350
v 0.1215462 0.6801709 0.1002881
v 0.1667433 0.7248176 0.1012083
v 0.2193678 0.7648011 0.1021799
v 0.2787220 0.7980722 0.1031862
v 0.3437847 0.8228827 0.1042100
v 0.4132449 0.8378566 0.1052338
v 0.4855472 0.8420370 0.1062401
v 0.5589470 0.8349100 0.1072117
v 0.6315728 0.8164042 0.1081319
v 0.7014940 0.7868654 0.1089850
v 0.7667919 0.7470121 0.1097564
v 0.8256297 0.6978723 0.1104329
v 0.8763202 0.6407084 0.1110029
v 0.9173886 0.5769341 0.1114567
v 0.9476265 0.5080299 0.1117865
v 0.9661375 0.4354612 0.1119867
v 0.9723699 0.3606058 0.1120538
v 0.9661375 0.2846927 0.1119867
v 0.9476265 0.2087578 0.1117865
v 0.9173886 0.1336167 0.1114567
v 0.8763202 0.0598558 0.1110029
v 0.8256297 -0.0121586 0.1104329
v 0.7667919 -0.0822546 0.1097564
v 0.7014940 -0.1504170 0.1089850
v 0.6315728 -0.2167389 0.1081319
v 0.5589470 -0.2813686 0.1072117
v 0.4855472 -0.3444558 0.1062401
v 0.4132449 -0.4061005 0.1052338
v 0.3437847 -0.4663099 0.1042100
v 0.2787220 -0.5249658 0.1031862
v 0.2193678 -0.5818048 0.1021799
v 0.1667433 -0.6364135 0.1012083
v 0.1215462 -0.6882368 0.1002881
v 0.0841296 -0.7366014 0.0994350
v 0.0544942 -0.7807499 0.0986636
v 0.0322945 -0.8198839 0.0979871
v 0.0168585 -0.8532127 0.0974171
v 0.0072200 -0.8800030 0.0969633
v 0.0021623 -0.8996269 0.0966335
v 0.0002720 -0.9116033 0.0964333
v 0.0000000 -0.9156297 0.0963662
v -0.0002720 -0.9116033 0.0964333
v -0.0021623 -0.8996269 0.0966335
v -0.0072200 -0.8800030 0.0969633
v -0.0168585 -0.8532127 0.0974171
v -0.0322945 -0.8198839 0.0979871
v -0.0544942 -0.7807499 0.0986636
v -0.0841296 -0.7366014 0.0994350
v -0.1215462 -0.6882368 0.1002881
v -0.1667433 -0.6364135 0.1012083
v -0.2193678 -0.5818048 0.1021799
v -0.2787220 -0.5249658 0.1031862
v -0.3437847 -0.4663099 0.1042100
v -0.4132449 -0.4061005 0.1052338
v -0.4855472 -0.3444558 0.1062401
v -0.5589470 -0.2813686 0.1072117
v -0.6315728 -0.2167389 0.1081319
v -0.7014940 -0.1504170 0.1089850
v -0.7667919 -0.0822546 0.1097564
v -0.8256297 -0.0121586 0.1104329
v -0.8763202 0.0598558 0.1110029
v -0.9173886 0.1336167 0.1114567
v -0.9476265 0.2087578 0.1117865
v -0.9661375 0.2846927 0.1119867
v -0.9723699 0.3606058 0.1120538
v -0.9661375 0.4354612 0.1119867
v -0.9476265 0.5080299 0.1117865
v -0.9173886 0.5769341 0.1114567
v -0.8763202 0.6407084 0.1110029
v -0.8256297 0.6978723 0.1104329
v -0.7667919 0.7470121 0.1097564
v -0.7014940 0.7868654 0.1089850
v -0.6315728 0.8164042 0.1081319
v -0.5589470 0.8349100 0.1072117
v -0.4855472 0.8420370 0.1062401
v -0.4132449 0.8378566 0.1052338
v -0.3437847 0.8228827 0.1042100
v -0.2787220 0.7980722 0.1031862
v -0.2193678 0.7648011 0.1021799
v -0.1667433 0.7248176 0.1012083
v -0.1215462 0.6801709 0.1002881
v -0.0841296 0.6331232 0.0994350
v -0.0544942 0.5860457 0.0986636
v -0.0322945 0.5413065 0.0979871
v -0.0168585 0.5011555 0.0974171
v -0.0072200 0.4676130 0.0969633
v -0.0021623 0.4423681 0.0966335
v -0.0002720 0.4266932 0.0964333
v 0.0000000 0.4275446 0.0645761
v 0.0002763 0.4329426 0.0646211
v 0.0021964 0.4488644 0.0647552
v 0.0073338 0.4745070 0.0649763
v 0.0171241 0.5085779 0.0652803
v 0.0328033 0.5493614 0.0656623
v 0.0553527 0.5948055 0.0661157
v 0.0854550 0.6426246 0.0666326
v 0.1234610 0.6904135 0.0672042
v 0.1693701 0.7357635 0.0678209
v 0.2228237 0.7763770 0.0684719
v 0.2831129 0.8101721 0.0691463
v 0.3492006 0.8353735 0.0698323
v 0.4197550 0.8505833 0.0705184
v 0.4931964 0.8548295 0.0711927
v 0.5677525 0.8475903 0.0718438
v 0.6415224 0.8287929 0.0724604
v 0.7125452 0.7987888 0.0730321
v 0.7788718 0.7583076 0.0735490
v 0.8386365 0.7083938 0.0740024
v 0.8901255 0.6503293 0.0743843
v 0.9318408 0.5855504 0.0746884
v 0.9625552 0.5155606 0.0749094
v 0.9813578 0.4418488 0.0750436
v 0.9876884 0.3658140 0.0750885
v 0.9813578 0.2887050 0.0750436
v 0.9625552 0.2115739 0.0749094
v 0.9318408 0.1352491 0.0746884
v 0.8901255 0.0603261 0.0743843
v 0.8386365 -0.0128227 0.0740024
v 0.7788718 -0.0840231 0.0735490
v 0.7125452 -0.1532592 0.0730321
v 0.6415224 -0.2206259 0.0724604
v 0.5677525 -0.2862738 0.0718438
v 0.4931964 -0.3503549 0.0711927
v 0.4197550 -0.4129707 0.0705184
v 0.3492006 -0.4741286 0.0698323
v 0.2831129 -0.5337085 0.0691463
v 0.2228237 -0.5914430 0.0684719
v 0.1693701 -0.6469120 0.0678209
v 0.1234610 -0.6995517 0.0672042
v 0.0854550 -0.7486783 0.0666326
v 0.0553527 -0.7935222 0.0661157
v 0.0328033 -0.8332728 0.0656623
v 0.0171241 -0.8671265 0.0652803
v 0.0073338 -0.8943388 0.0649763
v 0.0021964 -0.9142720 0.0647552
v 0.0002763 -0.9264370 0.0646211
v 0.0000000 -0.9305269 0.0645761
v -0.0002763 -0.9264370 0.0646211
v -0.0021964 -0.9142720 0.0647552
v -0.0073338 -0.8943388 0.0649763
v -0.0171241 -0.8671265 0.0652803
v -0.0328033 -0.8332728 0.0656623
v -0.0553527 -0.7935222 0.0661157
v -0.0854550 -0.7486783 0.0666326
v -0.1234610 -0.6995517 0.0672042
v -0.1693701 -0.6469120 0.0678209
v -0.2228237 -0.5914430 0.0684719
v -0.2831129 -0.5337085 0.0691463
v -0.3492006 -0.4741286 0.0698323
v -0.4197550 -0.4129707 0.0705184
v -0.4931964 -0.3503549 0.0711927
v -0.5677525 -0.2862738 0.0718438
v -0.6415224 -0.2206259 0.0724604
v -0.7125452 -0.1532592 0.0730321
v -0.7788718 -0.0840231 0.0735490
v -0.8386365 -0.0128227 0.0740024
v -0.8901255 0.0603261 0.0743843
v -0.9318408 0.1352491 0.0746884
v -0.9625552 0.2115739 0.0749094
v -0.9813578 0.2887050 0.0750436
v -0.9876884 0.3658140 0.0750885
v -0.9813578 0.4418488 0.0750436
v -0.9625552 0.5155606 0.0749094
v -0.9318408 0.5855504 0.0746884
v -0.8901255 0.6503293 0.0743843
v -0.8386365 0.7083938 0.0740024
v -0.7788718 0.7583076 0.0735490
v -0.7125452 0.7987888 0.0730321
v -0.6415224 0.8287929 0.0724604
v -0.5677525 0.8475903 0.0718438
v -0.4931964 0.8548295 0.0711927
v -0.4197550 0.8505833 0.0705184
v -0.3492006 0.8353735 0.0698323
v -0.2831129 0.8101721 0.0691463
v -0.2228237 0.7763770 0.0684719
v -0.1693701 0.7357635 0.0678209
v -0.1234610 0.6904135 0.0672042
v -0.0854550 0.6426246 0.0666326
v -0.0553527 0.5948055 0.0661157
v -0.0328033 0.5493614 0.0656623
v -0.0171241 0.5085779 0.0652803
v -0.0073338 0.4745070 0.0649763
v -0.0021964 0.4488644 0.0647552
v -0.0002763 0.4329426 0.0646211
v 0.0000000 0.4312592 0.0323879
v 0.0002789 0.4367077 0.0324105
v 0.0022169 0.4527783 0.0324777
v 0.0074023 0.4786605 0.0325886
v 0.0172841 0.5130498 0.0327411
v 0.0331098 0.5542144 0.0329327
v 0.0558699 0.6000830 0.0331600
v 0.0862535 0.6483490 0.0334193
v 0.1246147 0.6965844 0.0337060
v 0.1709527 0.7423582 0.0340153
v 0.2249057 0.7833511 0.0343418
v 0.2857583 0.8174621 0.0346800
v 0.3524635 0.8428990 0.0350241
v 0.4236772 0.8582509 0.0353682
v 0.4978049 0.8625368 0.0357064
v 0.5730576 0.8552300 0.0360330
v 0.6475168 0.8362569 0.0363423
v 0.7192032 0.8059724 0.0366290
v 0.7861496 0.7651130 0.0368882
v 0.8464727 0.7147326 0.0371156
v 0.8984429 0.6561257 0.0373072
v 0.9405480 0.5907414 0.0374597
v 0.9715493 0.5200977 0.0375705
v 0.9905276 0.4456971 0.0376378
v 0.9969173 0.3689519 0.0376604
v 0.9905276 0.2911224 0.0376378
v 0.9715493 0.2132706 0.0375705
v 0.9405480 0.1362325 0.0374597
v 0.8984429 0.0606095 0.0373072
v 0.8464727 -0.0132229 0.0371156
v 0.7861496 -0.0850885 0.0368882
v 0.7192032 -0.1549716 0.0366290
v 0.6475168 -0.2229678 0.0363423
v 0.5730576 -0.2892291 0.0360330
v 0.4978049 -0.3539089 0.0357064
v 0.4236772 -0.4171098 0.0353682
v 0.3524635 -0.4788392 0.0350241
v 0.2857583 -0.5389758 0.0346800
v 0.2249057 -0.5972498 0.0343418
v 0.1709527 -0.6532370 0.0340153
v 0.1246147 -0.7063686 0.0337060
v 0.0862535 -0.7559543 0.0334193
v 0.0558699 -0.8012173 0.0331600
v 0.0331098 -0.8413392 0.0329327
v 0.0172841 -0.8755093 0.0327411
v 0.0074023 -0.9029759 0.0325886
v 0.0022169 -0.9230953 0.0324777
v 0.0002789 -0.9353740 0.0324105
v 0.0000000 -0.9395021 0.0323879
v -0.0002789 -0.9353740 0.0324105
v -0.0022169 -0.9230953 0.0324777
v -0.0074023 -0.9029759 0.0325886
v -0.0172841 -0.8755093 0.0327411
v -0.0331098 -0.8413392 0.0329327
v -0.0558699 -0.8012173 0.0331600
v -0.0862535 -0.7559543 0.0334193
v -0.1246147 -0.7063686 0.0337060
v -0.1709527 -0.6532370 0.0340153
v -0.2249057 -0.5972498 0.0343418
v -0.2857583 -0.5389758 0.0346800
v -0.3524635 -0.4788392 0.0350241
v -0.4236772 -0.4171098 0.0353682
v -0.4978049 -0.3539089 0.0357064
v -0.5730576 -0.2892291 0.0360330
v -0.6475168 -0.2229678 0.0363423
v -0.7192032 -0.1549716 0.0366290
v -0.7861496 -0.0850885 0.0368882
v -0.8464727 -0.0132229 0.0371156
v -0.8984429 0.0606095 0.0373072
v -0.9405480 0.1362325 0.0374597
v -0.9715493 0.2132706 0.0375705
v -0.9905276 0.2911224 0.0376378
v -0.9969173 0.3689519 0.0376604
v -0.9905276 0.4456971 0.0376378
v -0.9715493 0.5200977 0.0375705
v -0.9405480 0.5907414 0.0374597
v -0.8984429 0.6561257 0.0373072
v -0.8464727 0.7147326 0.0371156
v -0.7861496 0.7651130 0.0368882
v -0.7192032 0.8059724 0.0366290
v -0.6475168 0.8362569 0.0363423
v -0.5730576 0.8552300 0.0360330
v -0.4978049 0.8625368 0.0357064
v -0.4236772 0.8582509 0.0353682
v -0.3524635 0.8428990 0.0350241
v -0.2857583 0.8174621 0.0346800
v -0.2249057 0.7833511 0.0343418
v -0.1709527 0.7423582 0.0340153
v -0.1246147 0.6965844 0.0337060
v -0.0862535 0.6483490 0.0334193
v -0.0558699 0.6000830 0.0331600
v -0.0331098 0.5542144 0.0329327
v -0.0172841 0.5130498 0.0327411
v -0.0074023 0.4786605 0.0325886
v -0.0022169 0.4527783 0.0324777
v -0.0002789 0.4367077 0.0324105
v 0.0000000 0.4325000 0.0000000
v 0.0002798 0.4379653 0.0000000
v 0.0022238 0.4540856 0.0000000
v 0.0074252 0.4800478 0.0000000
v 0.0173376 0.5145435 0.0000000
v 0.0332122 0.5558354 0.0000000
v 0.0560427 0.6018458 0.0000000
v 0.0865202 0.6502610 0.0000000
v 0.1250000 0.6986457 0.0000000
v 0.1714814 0.7445610 0.0000000
v 0.2256012 0.7856807 0.0000000
v 0.2866420 0.8198971 0.0000000
v 0.3535534 0.8454126 0.0000000
v 0.4249873 0.8608119 0.0000000
v 0.4993441 0.8651111 0.0000000
v 0.5748296 0.8577817 0.0000000
v 0.6495190 0.8387500 0.0000000
v 0.7214271 0.8083718 0.0000000
v 0.7885805 0.7673861 0.0000000
v 0.8490902 0.7168500 0.0000000
v 0.9012210 0.6580617 0.0000000
v 0.9434564 0.5924754 0.0000000
v 0.9745535 0.5216132 0.0000000
v 0.9935905 0.4469825 0.0000000
v 1.0000000 0.3700000 0.0000000
v 0.9935905 0.2919298 0.0000000
v 0.9745535 0.2138373 0.0000000
v 0.9434564 0.1365610 0.0000000
v 0.9012210 0.0607041 0.0000000
v 0.8490902 -0.0133565 0.0000000
v 0.7885805 -0.0854444 0.0000000
v 0.7214271 -0.1555436 0.0000000
v 0.6495190 -0.2237500 0.0000000
v 0.5748296 -0.2902162 0.0000000
v 0.4993441 -0.3550961 0.0000000
v 0.4249873 -0.4184924 0.0000000
v 0.3535534 -0.4804126 0.0000000
v 0.2866420 -0.5407352 0.0000000
v 0.2256012 -0.5991894 0.0000000
v 0.1714814 -0.6553497 0.0000000
v 0.1250000 -0.7086456 0.0000000
v 0.0865202 -0.7583846 0.0000000
v 0.0560427 -0.8037876 0.0000000
v 0.0332122 -0.8440335 0.0000000
v 0.0173376 -0.8783093 0.0000000
v 0.0074252 -0.9058608 0.0000000
v 0.0022238 -0.9260424 0.0000000
v 0.0002798 -0.9383591 0.0000000
v 0.0000000 -0.9425000 0.0000000
v -0.0002798 -0.9383591 0.0000000
v -0.0022238 -0.9260424 0.0000000
v -0.0074252 -0.9058608 0.0000000
v -0.0173376 -0.8783093 0.0000000
v -0.0332122 -0.8440335 0.0000000
v -0.0560427 -0.8037876 0.0000000
v -0.0865202 -0.7583846 0.0000000
v -0.1250000 -0.7086456 0.0000000
v -0.1714814 -0.6553497 0.0000000
v -0.2256012 -0.5991894 0.0000000
v -0.2866420 -0.5407352 0.0000000
v -0.3535534 -0.4804126 0.0000000
v -0.4249873 -0.4184924 0.0000000
v -0.4993441 -0.3550961 0.0000000
v -0.5748296 -0.2902162 0.0000000
v -0.6495190 -0.2237500 0.0000000
v -0.7214271 -0.1555436 0.0000000
v -0.7885805 -0.0854444 0.0000000
v -0.8490902 -0.0133565 0.0000000
v -0.9012210 0.0607041 0.0000000
v -0.9434564 0.1365610 0.0000000
v -0.9745535 0.2138373 0.0000000
v -0.9935905 0.2919298 0.0000000
v -1.0000000 0.3700000 0.0000000
v -0.9935905 0.4469825 0.0000000
v -0.9745535 0.5216132 0.0000000
v -0.9434564 0.5924754 0.0000000
v -0.9012210 0.6580617 0.0000000
v -0.8490902 0.7168500 0.0000000
v -0.7885805 0.7673861 0.0000000
v -0.7214271 0.8083718 0.0000000
v -0.6495190 0.8387500 0.0000000
v -0.5748296 0.8577817 0.0000000
v -0.4993441 0.8651111 0.0000000
v -0.4249873 0.8608119 0.0000000
v -0.3535534 0.8454126 0.0000000
v -0.2866420 0.8198971 0.0000000
v -0.2256012 0.7856807 0.0000000
v -0.1714814 0.7445610 0.0000000
v -0.1250000 0.6986457 0.0000000
v -0.0865202 0.6502610 0.0000000
v -0.0560427 0.6018458 0.0000000
v -0.0332122 0.5558354 0.0000000
v -0.0173376 0.5145435 0.0000000
v -0.0074252 0.4800478 0.0000000
v -0.0022238 0.4540856 0.0000000
v -0.0002798 0.4379653 0.0000000
vn 0.0013288 -0.1341895 -0.9909548
vn 0.9986737 0.0297644 -0.0420120
vn -0.9820086 0.0839579 -0.1691460
vn -0.9701734 0.1139250 -0.2139734
vn -0.9476852 0.1552619 -0.2789024
vn -0.9199964 0.1979024 -0.3382914
vn -0.8871423 0.2409002 -0.3936314
vn -0.8488275 0.2829756 -0.4465609
vn -0.8047407 0.3225919 -0.4983239
vn -0.7548273 0.3580854 -0.5495549
vn -0.6994792 0.3878288 -0.6002647
vn -0.6396098 0.4104437 -0.6499503
vn -0.5765895 0.4249868 -0.6978042
vn -0.5120531 0.4310639 -0.7429574
vn -0.4476402 0.4287867 -0.7847039
vn -0.3847572 0.4186323 -0.8226232
vn -0.3244173 0.4012074 -0.8566131
vn -0.2671979 0.3770160 -0.8868282
vn -0.2133034 0.3463042 -0.9135507
vn -0.1626868 0.3089326 -0.9370665
vn -0.1152183 0.2643723 -0.9575135
vn -0.0708797 0.2118294 -0.9747330
vn -0.0299671 0.1504557 -0.9881625
vn 0.0067458 0.0798086 -0.9967874
vn 0.0379648 0.0004726 -0.9992790
vn 0.0620218 -0.0853392 -0.9944197
vn 0.0772502 -0.1734684 -0.9818050
vn 0.0825052 -0.2583104 -0.9625324
vn 0.0776223 -0.3341119 -0.9393317
vn 0.0635656 -0.3965519 -0.9158089
vn 0.0421610 -0.4436089 -0.8952283
vn 0.0155834 -0.4755363 -0.8795581
vn -0.0141129 -0.4941275 -0.8692749
vn -0.0452748 -0.5018998 -0.8637400
vn -0.0767663 -0.5015281 -0.8617288
vn -0.1079677 -0.4954638 -0.8618925
vn -0.1387142 -0.4857766 -0.8630060
vn -0.1692091 -0.4741322 -0.8640410
vn -0.1999165 -0.4618297 -0.8641451
vn -0.2314819 -0.4498770 -0.8625699
vn -0.2646758 -0.4390734 -0.8585809
vn -0.3003678 -0.4300797 -0.8513581
vn -0.3394201 -0.4235197 -0.8398958
vn -0.3825609 -0.4200848 -0.8229070
vn -0.4299910 -0.4206868 -0.7988306
vn -0.4805406 -0.4267258 -0.7661500
vn -0.5318395 -0.4349602 -0.7266061
vn 0.9898426 -0.0201788 -0.1407281
vn 0.0457264 -0.4873780 -0.8719929
vn 0.5287048 -0.4410471 -0.7252232
vn 0.4805406 -0.4267258 -0.7661500
vn 0.4299910 -0.4206868 -0.7988306
vn 0.3825609 -0.4200848 -0.8229070
vn 0.3394201 -0.4235195 -0.8398960
vn 0.3003678 -0.4300798 -0.8513580
vn 0.2646758 -0.4390736 -0.8585809
vn 0.2314819 -0.4498770 -0.8625699
vn 0.1999165 -0.4618299 -0.8641450
vn 0.1692091 -0.4741324 -0.8640409
vn 0.1387142 -0.4857763 -0.8630062
vn 0.1079677 -0.4954638 -0.8618925
vn 0.0767663 -0.5015285 -0.8617286
vn 0.0452748 -0.5018998 -0.8637400
vn 0.0141129 -0.4941275 -0.8692749
vn -0.0155834 -0.4755363 -0.8795580
vn -0.0421610 -0.4436093 -0.8952281
vn -0.0635656 -0.3965524 -0.9158088
vn -0.0776223 -0.3341110 -0.9393319
vn -0.0825052 -0.2583104 -0.9625324
vn -0.0772502 -0.1734684 -0.9818050
vn -0.0620218 -0.0853392 -0.9944197
vn -0.0379648 0.0004726 -0.9992790
vn -0.0067458 0.0798087 -0.9967874
vn 0.0299672 0.1504557 -0.9881625
vn 0.0708797 0.2118294 -0.9747330
vn 0.1152183 0.2643729 -0.9575134
vn 0.1626868 0.3089325 -0.9370666
vn 0.2133035 0.3463038 -0.9135510
vn 0.2671979 0.3770160 -0.8868282
vn 0.3244173 0.4012074 -0.8566132
vn 0.3847571 0.4186323 -0.8226232
vn 0.4476404 0.4287863 -0.7847040
vn 0.5120530 0.4310641 -0.7429573
vn 0.5765895 0.4249870 -0.6978042
vn 0.6396099 0.4104434 -0.6499503
vn 0.6994792 0.3878286 -0.6002647
vn 0.7548273 0.3580854 -0.5495549
vn 0.8047408 0.3225917 -0.4983239
vn 0.8488275 0.2829759 -0.4465609
vn 0.8871422 0.2409004 -0.3936314
vn 0.9199964 0.1979025 -0.3382914
vn 0.9476852 0.1552619 -0.2789024
vn 0.9701734 0.1139250 -0.2139734
vn 0.9868740 0.0745160 -0.1432724
vn 0.9800939 0.1019990 -0.1703292
vn 0.9933497 0.0164990 -0.1139483
vn -0.9533818 0.0527935 -0.2971126
vn -0.9149599 0.0754610 -0.3964268
vn -0.8651271 0.1013181 -0.4912126
vn -0.8126202 0.1271540 -0.5687532
vn -0.7595112 0.1526441 -0.6323310
vn -0.7063830 0.1773215 -0.6852592
vn -0.6531423 0.2005937 -0.7301831
vn -0.5995607 0.2218107 -0.7689778
vn -0.5455515 0.2403399 -0.8028763
vn -0.4912432 0.2556153 -0.8326710
vn -0.4369563 0.2671831 -0.8588845
vn -0.3831235 0.2746937 -0.8819069
vn -0.3302004 0.2778778 -0.9020817
vn -0.2786043 0.2765122 -0.9197395
vn -0.2286757 0.2703584 -0.9352078
vn -0.1806799 0.2591195 -0.9487950
vn -0.1348286 0.2424117 -0.9607589
vn -0.0913207 0.2197367 -0.9712756
vn -0.0504070 0.1905097 -0.9803904
vn -0.0124741 0.1541419 -0.9879700
vn 0.0218631 0.1101991 -0.9936692
vn 0.0516900 0.0586752 -0.9969379
vn 0.0757836 0.0003694 -0.9971243
vn 0.0927177 -0.0627527 -0.9937130
vn 0.1011356 -0.1273590 -0.9866870
vn 0.1001508 -0.1890275 -0.9768513
vn 0.0897064 -0.2430851 -0.9658480
vn 0.0706690 -0.2856989 -0.9557102
vn 0.0445870 -0.3146498 -0.9481601
vn 0.0132612 -0.3295499 -0.9440451
vn -0.0216510 -0.3315101 -0.9432032
vn -0.0588797 -0.3226020 -0.9447016
vn -0.0976405 -0.3053519 -0.9472204
vn -0.1376317 -0.2823276 -0.9493939
vn -0.1789849 -0.2558645 -0.9499989
vn -0.2222020 -0.2279063 -0.9479901
vn -0.2680905 -0.1999460 -0.9424165
vn -0.3177127 -0.1730484 -0.9322622
vn -0.3723388 -0.1479128 -0.9162346
vn -0.4333880 -0.1249527 -0.8925030
vn -0.5023211 -0.1043513 -0.8583614
vn -0.5804078 -0.0860840 -0.8097631
vn -0.6681772 -0.0698840 -0.7407128
vn -0.7642367 -0.0551381 -0.6425746
vn -0.8436330 -0.0422394 -0.5352562
vn 0.2991472 -0.0814414 -0.9507251
vn 0.6082560 -0.0650173 -0.7910735
vn 0.8626915 -0.0407355 -0.5040874
vn 0.7642367 -0.0551381 -0.6425745
vn 0.6681771 -0.0698841 -0.7407128
vn 0.5804079 -0.0860840 -0.8097631
vn 0.5023212 -0.1043512 -0.8583614
vn 0.4333881 -0.1249525 -0.8925030
vn 0.3723388 -0.1479128 -0.9162346
vn 0.3177127 -0.1730485 -0.9322622
vn 0.2680905 -0.1999463 -0.9424165
vn 0.2222020 -0.2279066 -0.9479899
vn 0.1789849 -0.2558642 -0.9499989
vn 0.1376317 -0.2823274 -0.9493939
vn 0.0976405 -0.3053519 -0.9472204
vn 0.0588797 -0.3226023 -0.9447015
vn 0.0216510 -0.3315107 -0.9432030
vn -0.0132612 -0.3295496 -0.9440451
vn -0.0445871 -0.3146501 -0.9481600
vn -0.0706690 -0.2856987 -0.9557103
vn -0.0897064 -0.2430853 -0.9658480
vn -0.1001508 -0.1890275 -0.9768512
vn -0.1011356 -0.1273590 -0.9866870
vn -0.0927177 -0.0627526 -0.9937130
vn -0.0757836 0.0003693 -0.9971243
vn -0.0516900 0.0586752 -0.9969379
vn -0.0218631 0.1101991 -0.9936690
vn 0.0124741 0.1541419 -0.9879701
vn 0.0504070 0.1905098 -0.9803904
vn 0.0913207 0.2197364 -0.9712757
vn 0.1348287 0.2424116 -0.9607590
vn 0.1806799 0.2591197 -0.9487948
vn 0.2286758 0.2703579 -0.9352080
vn 0.2786042 0.2765119 -0.9197395
vn 0.3302005 0.2778779 -0.9020818
vn 0.3831236 0.2746937 -0.8819069
vn 0.4369562 0.2671836 -0.8588843
vn 0.4912432 0.2556152 -0.8326710
vn 0.5455517 0.2403393 -0.8028764
vn 0.5995607 0.2218109 -0.7689778
vn 0.6531423 0.2005937 -0.7301830
vn 0.7063830 0.1773212 -0.6852592
vn 0.7595112 0.1526445 -0.6323310
vn 0.8126202 0.1271539 -0.5687533
vn 0.8651271 0.1013180 -0.4912125
vn 0.9149598 0.0754611 -0.3964268
vn 0.9577991 0.0498833 -0.2830770
vn 0.2382562 0.1503435 -0.9594951
vn -0.0349889 0.2297086 -0.9726303
vn -0.9822004 0.0441002 -0.1825853
vn -0.9461072 0.0780766 -0.3143010
vn -0.8927813 0.1118577 -0.4363822
vn -0.8292982 0.1426593 -0.5402895
vn -0.7617700 0.1697925 -0.6252016
vn -0.6935334 0.1933354 -0.6939978
vn -0.6262922 0.2133899 -0.7498153
vn -0.5608168 0.2299915 -0.7953543
vn -0.4974824 0.2431211 -0.8327084
vn -0.4365359 0.2527500 -0.8634546
vn -0.3782043 0.2588796 -0.8887873
vn -0.3227015 0.2615543 -0.9096445
vn -0.2701943 0.2608453 -0.9267981
vn -0.2207720 0.2568297 -0.9409029
vn -0.1744317 0.2495411 -0.9525244
vn -0.1310897 0.2389406 -0.9621450
vn -0.0906088 0.2248878 -0.9701626
vn -0.0528352 0.2071226 -0.9768872
vn -0.0176400 0.1852615 -0.9825310
vn 0.0150244 0.1588245 -0.9871925
vn 0.0450635 0.1272985 -0.9908403
vn 0.0721735 0.0902630 -0.9932993
vn 0.0957872 0.0475930 -0.9942634
vn 0.1150693 -0.0002597 -0.9933575
vn 0.1289942 -0.0519699 -0.9902825
vn 0.1365501 -0.1051703 -0.9850346
vn 0.1370422 -0.1565795 -0.9781116
vn 0.1303850 -0.2025626 -0.9705504
vn 0.1172239 -0.2399238 -0.9636883
vn 0.0988026 -0.2666352 -0.9587198
vn 0.0766422 -0.2821209 -0.9563126
vn 0.0521935 -0.2871383 -0.9564661
vn 0.0265885 -0.2833443 -0.9586496
vn 0.0005267 -0.2728140 -0.9620667
vn -0.0257306 -0.2576492 -0.9658959
vn -0.0523108 -0.2397188 -0.9694320
vn -0.0796697 -0.2205322 -0.9721204
vn -0.1085569 -0.2012189 -0.9735124
vn -0.1400272 -0.1825615 -0.9731720
vn -0.1755191 -0.1650588 -0.9705403
vn -0.2170153 -0.1489864 -0.9647318
vn -0.2673643 -0.1344252 -0.9541730
vn -0.3307884 -0.1212499 -0.9358832
vn -0.4136039 -0.1090278 -0.9039052
vn -0.5245257 -0.0967230 -0.8458826
vn -0.6538680 -0.0834183 -0.7519962
vn -0.8850536 -0.0550058 -0.4622278
vn -0.0021612 -0.1187194 -0.9929255
vn 0.8396626 -0.0606846 -0.5397074
vn 0.6713347 -0.0820122 -0.7366028
vn 0.5245258 -0.0967229 -0.8458827
vn 0.4136040 -0.1090279 -0.9039052
vn 0.3307883 -0.1212500 -0.9358833
vn 0.2673644 -0.1344250 -0.9541730
vn 0.2170154 -0.1489863 -0.9647317
vn 0.1755192 -0.1650586 -0.9705404
vn 0.1400271 -0.1825611 -0.9731721
vn 0.1085568 -0.2012190 -0.9735124
vn 0.0796697 -0.2205324 -0.9721204
vn 0.0523108 -0.2397192 -0.9694319
vn 0.0257306 -0.2576492 -0.9658958
vn -0.0005267 -0.2728140 -0.9620667
vn -0.0265885 -0.2833449 -0.9586495
vn -0.0521935 -0.2871386 -0.9564660
vn -0.0766422 -0.2821199 -0.9563129
vn -0.0988026 -0.2666343 -0.9587201
vn -0.1172239 -0.2399250 -0.9636880
vn -0.1303849 -0.2025638 -0.9705502
vn -0.1370422 -0.1565808 -0.9781114
vn -0.1365501 -0.1051712 -0.9850345
vn -0.1289942 -0.0519699 -0.9902825
vn -0.1150692 -0.0002597 -0.9933574
vn -0.0957872 0.0475930 -0.9942634
vn -0.0721736 0.0902625 -0.9932993
vn -0.0450635 0.1272973 -0.9908404
vn -0.0150244 0.1588234 -0.9871927
vn 0.0176400 0.1852606 -0.9825311
vn 0.0528352 0.2071233 -0.9768871
vn 0.0906089 0.2248887 -0.9701624
vn 0.1310897 0.2389404 -0.9621450
vn 0.1744318 0.2495406 -0.9525245
vn 0.2207721 0.2568296 -0.9409029
vn 0.2701943 0.2608452 -0.9267982
vn 0.3227016 0.2615539 -0.9096445
vn 0.3782043 0.2588794 -0.8887874
vn 0.4365359 0.2527501 -0.8634546
vn 0.4974825 0.2431212 -0.8327084
vn 0.5608168 0.2299918 -0.7953542
vn 0.6262921 0.2133901 -0.7498153
vn 0.6935331 0.1933355 -0.6939980
vn 0.7617698 0.1697925 -0.6252018
vn 0.8292981 0.1426592 -0.5402896
vn 0.8927813 0.1118576 -0.4363823
vn 0.9466724 0.0776735 -0.3126951
vn 0.9831490 0.0425170 -0.1777934
vn 0.0000000 0.2908822 -0.9567589
vn -0.9836555 0.0552956 -0.1713601
vn -0.9478981 0.0996292 -0.3025942
vn -0.8934813 0.1419510 -0.4260763
vn -0.8269155 0.1789385 -0.5330966
vn -0.7535384 0.2099503 -0.6229774
vn -0.6773691 0.2350059 -0.6970965
vn -0.6011828 0.2543972 -0.7575364
vn -0.5268189 0.2685204 -0.8064480
vn -0.4554869 0.2778095 -0.8457857
vn -0.3879696 0.2827062 -0.8772438
vn -0.3247438 0.2836526 -0.9022653
vn -0.2660403 0.2810657 -0.9220762
vn -0.2118860 0.2753134 -0.9377136
vn -0.1621379 0.2666818 -0.9500486
vn -0.1165239 0.2553483 -0.9598017
vn -0.0746920 0.2413598 -0.9675570
vn -0.0362575 0.2246191 -0.9737719
vn -0.0008477 0.2048816 -0.9787863
vn 0.0318511 0.1817643 -0.9828262
vn 0.0620431 0.1547715 -0.9860002
vn 0.0897703 0.1233618 -0.9882930
vn 0.1148511 0.0870666 -0.9895598
vn 0.1368332 0.0456780 -0.9895404
vn 0.1549921 -0.0004852 -0.9879156
vn 0.1684080 -0.0502926 -0.9844336
vn 0.1761617 -0.1016347 -0.9791003
vn 0.1776248 -0.1515384 -0.9723608
vn 0.1727381 -0.1966549 -0.9651365
vn 0.1621340 -0.2339911 -0.9586244
vn 0.1470197 -0.2615885 -0.9539165
vn 0.1288797 -0.2788383 -0.9516508
vn 0.1091449 -0.2863673 -0.9518830
vn 0.0889556 -0.2856672 -0.9541914
vn 0.0690589 -0.2786337 -0.9579113
vn 0.0498132 -0.2671917 -0.9623551
vn 0.0312474 -0.2530544 -0.9669473
vn 0.0131365 -0.2376085 -0.9712722
vn -0.0049479 -0.2218978 -0.9750574
vn -0.0236234 -0.2066594 -0.9781277
vn -0.0437336 -0.1923869 -0.9803441
vn -0.0664707 -0.1793843 -0.9815308
vn -0.0936551 -0.1678135 -0.9813599
vn -0.1283519 -0.1577086 -0.9791087
vn -0.1763100 -0.1489374 -0.9730017
vn -0.2496340 -0.1409794 -0.9580228
vn -0.3758654 -0.1319888 -0.9172263
vn -0.5907757 -0.1161734 -0.7984284
vn 0.0000000 -0.1544764 -0.9879965
vn 0.5907757 -0.1161734 -0.7984282
vn 0.3758647 -0.1319889 -0.9172266
vn 0.2496339 -0.1409795 -0.9580228
vn 0.1763100 -0.1489374 -0.9730017
vn 0.1283519 -0.1577086 -0.9791087
vn 0.0936550 -0.1678134 -0.9813600
vn 0.0664708 -0.1793841 -0.9815310
vn 0.0437336 -0.1923867 -0.9803442
vn 0.0236233 -0.2066593 -0.9781277
vn 0.0049479 -0.2218975 -0.9750575
vn -0.0131365 -0.2376085 -0.9712722
vn -0.0312475 -0.2530549 -0.9669472
vn -0.0498132 -0.2671923 -0.9623548
vn -0.0690589 -0.2786342 -0.9579111
vn -0.0889556 -0.2856675 -0.9541913
vn -0.1091449 -0.2863673 -0.9518830
vn -0.1288797 -0.2788376 -0.9516510
vn -0.1470197 -0.2615890 -0.9539164
vn -0.1621339 -0.2339920 -0.9586242
vn -0.1727381 -0.1966559 -0.9651363
vn -0.1776248 -0.1515395 -0.9723606
vn -0.1761618 -0.1016348 -0.9791002
vn -0.1684081 -0.0502926 -0.9844336
vn -0.1549922 -0.0004852 -0.9879156
vn -0.1368332 0.0456780 -0.9895404
vn -0.1148511 0.0870663 -0.9895598
vn -0.0897703 0.1233610 -0.9882932
vn -0.0620431 0.1547707 -0.9860004
vn -0.0318511 0.1817636 -0.9828263
vn 0.0008477 0.2048814 -0.9787865
vn 0.0362575 0.2246195 -0.9737718
vn 0.0746920 0.2413599 -0.9675570
vn 0.1165239 0.2553480 -0.9598019
vn 0.1621380 0.2666813 -0.9500486
vn 0.2118860 0.2753128 -0.9377139
vn 0.2660403 0.2810653 -0.9220764
vn 0.3247438 0.2836526 -0.9022653
vn 0.3879697 0.2827063 -0.8772438
vn 0.4554870 0.2778101 -0.8457856
vn 0.5268190 0.2685208 -0.8064479
vn 0.6011828 0.2543974 -0.7575363
vn 0.6773691 0.2350062 -0.6970963
vn 0.7535382 0.2099504 -0.6229776
vn 0.8269156 0.1789384 -0.5330964
vn 0.8934813 0.1419510 -0.4260765
vn 0.9478980 0.0996293 -0.3025945
vn 0.9836555 0.0552956 -0.1713601
vn 0.0000001 0.3670447 -0.9302033
vn -0.9856884 0.0642461 -0.1558556
vn -0.9537222 0.1156410 -0.2775628
vn -0.9033575 0.1651717 -0.3958074
vn -0.8390566 0.2088018 -0.5023802
vn -0.7650763 0.2453177 -0.5953801
vn -0.6853790 0.2742913 -0.6745516
vn -0.6034003 0.2957994 -0.7405477
vn -0.5219526 0.3102725 -0.7945417
vn -0.4432023 0.3183736 -0.8379797
vn -0.3686868 0.3208952 -0.8724083
vn -0.2993641 0.3186582 -0.8993543
vn -0.2356919 0.3124358 -0.9202354
vn -0.1777267 0.3028842 -0.9363089
vn -0.1252285 0.2905062 -0.9486433
vn -0.0777619 0.2756224 -0.9581155
vn -0.0347871 0.2583631 -0.9654214
vn 0.0042676 0.2386668 -0.9710922
vn 0.0399426 0.2162906 -0.9755117
vn 0.0726944 0.1908262 -0.9789285
vn 0.1028442 0.1617363 -0.9814603
vn 0.1305249 0.1284238 -0.9830923
vn 0.1556195 0.0903556 -0.9836760
vn 0.1777171 0.0472580 -0.9829463
vn 0.1961133 -0.0006093 -0.9805810
vn 0.2098960 -0.0521634 -0.9763312
vn 0.2181541 -0.1053238 -0.9702142
vn 0.2202829 -0.1571346 -0.9626963
vn 0.2162701 -0.2042545 -0.9547289
vn 0.2068149 -0.2436973 -0.9475438
vn 0.1931982 -0.2734994 -0.9422699
vn 0.1769755 -0.2930340 -0.9395801
vn 0.1596422 -0.3028955 -0.9395577
vn 0.1424029 -0.3045244 -0.9417995
vn 0.1260806 -0.2997658 -0.9456448
vn 0.1111370 -0.2904977 -0.9503997
vn 0.0977468 -0.2783962 -0.9554796
vn 0.0858894 -0.2648269 -0.9604633
vn 0.0754274 -0.2508272 -0.9650888
vn 0.0661637 -0.2371428 -0.9692191
vn 0.0578799 -0.2242813 -0.9728041
vn 0.0503489 -0.2125781 -0.9758461
vn 0.0433272 -0.2022413 -0.9783769
vn 0.0364847 -0.1933976 -0.9804418
vn 0.0291899 -0.1861220 -0.9820930
vn 0.0196349 -0.1804604 -0.9833863
vn 0.0001904 -0.1764614 -0.9843075
vn -0.0728854 -0.1740834 -0.9820300
vn -0.0000000 -0.1915417 -0.9814845
vn 0.0728854 -0.1740832 -0.9820300
vn -0.0001905 -0.1764615 -0.9843075
vn -0.0196364 -0.1804605 -0.9833862
vn -0.0291904 -0.1861220 -0.9820929
vn -0.0364847 -0.1933975 -0.9804419
vn -0.0433274 -0.2022412 -0.9783769
vn -0.0503490 -0.2125781 -0.9758461
vn -0.0578798 -0.2242813 -0.9728042
vn -0.0661638 -0.2371428 -0.9692191
vn -0.0754275 -0.2508274 -0.9650888
vn -0.0858894 -0.2648268 -0.9604633
vn -0.0977468 -0.2783963 -0.9554796
vn -0.1111369 -0.2904978 -0.9503997
vn -0.1260806 -0.2997662 -0.9456447
vn -0.1424029 -0.3045245 -0.9417995
vn -0.1596421 -0.3028952 -0.9395578
vn -0.1769755 -0.2930345 -0.9395799
vn -0.1931982 -0.2735004 -0.9422696
vn -0.2068149 -0.2436979 -0.9475437
vn -0.2162701 -0.2042549 -0.9547288
vn -0.2202829 -0.1571343 -0.9626964
vn -0.2181541 -0.1053235 -0.9702143
vn -0.2098960 -0.0521631 -0.9763312
vn -0.1961134 -0.0006093 -0.9805810
vn -0.1777171 0.0472582 -0.9829462
vn -0.1556195 0.0903560 -0.9836760
vn -0.1305248 0.1284240 -0.9830923
vn -0.1028441 0.1617361 -0.9814604
vn -0.0726944 0.1908257 -0.9789286
vn -0.0399426 0.2162898 -0.9755118
vn -0.0042675 0.2386664 -0.9710922
vn 0.0347871 0.2583633 -0.9654212
vn 0.0777619 0.2756224 -0.9581155
vn 0.1252285 0.2905060 -0.9486433
vn 0.1777266 0.3028841 -0.9363090
vn 0.2356918 0.3124356 -0.9202356
vn 0.2993641 0.3186579 -0.8993543
vn 0.3686868 0.3208953 -0.8724083
vn 0.4432024 0.3183734 -0.8379797
vn 0.5219526 0.3102726 -0.7945416
vn 0.6034003 0.2957996 -0.7405475
vn 0.6853791 0.2742917 -0.6745514
vn 0.7650765 0.2453177 -0.5953799
vn 0.8390567 0.2088017 -0.5023800
vn 0.9033576 0.1651715 -0.3958072
vn 0.9537222 0.1156410 -0.2775628
vn 0.9856882 0.0642461 -0.1558558
vn 0.0000000 0.4410974 -0.8974593
vn -0.9878608 0.0704067 -0.1384702
vn -0.9601963 0.1271045 -0.2487320
vn -0.9152452 0.1826985 -0.3590926
vn -0.8555811 0.2327385 -0.4624000
vn -0.7840508 0.2754752 -0.5562173
vn -0.7039469 0.3098681 -0.6390936
vn -0.6187874 0.3354791 -0.7103210
vn -0.5320109 0.3524495 -0.7698986
vn -0.4466598 0.3614128 -0.8184594
vn -0.3651311 0.3633424 -0.8571240
vn -0.2890559 0.3593698 -0.8872992
vn -0.2193188 0.3506093 -0.9104792
vn -0.1561757 0.3380321 -0.9280859
vn -0.0994146 0.3223896 -0.9413723
vn -0.0485235 0.3041785 -0.9513784
vn -0.0028293 0.2836363 -0.9589278
vn 0.0383884 0.2607519 -0.9646423
vn 0.0758146 0.2352861 -0.9689647
vn 0.1100308 0.2068037 -0.9721757
vn 0.1414585 0.1747148 -0.9744046
vn 0.1702999 0.1383556 -0.9756309
vn 0.1964742 0.0971240 -0.9756868
vn 0.2195721 0.0506928 -0.9742783
vn 0.2388596 -0.0006959 -0.9710538
vn 0.2533796 -0.0559217 -0.9657493
vn 0.2621906 -0.1128095 -0.9583998
vn 0.2646998 -0.1682683 -0.9495366
vn 0.2609691 -0.2188307 -0.9402171
vn 0.2518234 -0.2614232 -0.9317956
vn 0.2386905 -0.2940551 -0.9255044
vn 0.2232602 -0.3161049 -0.9220805
vn 0.2071360 -0.3281876 -0.9216222
vn 0.1916079 -0.3317634 -0.9236988
vn 0.1775773 -0.3286887 -0.9275936
vn 0.1655948 -0.3208511 -0.9325411
vn 0.1559533 -0.3099408 -0.9378781
vn 0.1487953 -0.2973409 -0.9431058
vn 0.1442173 -0.2841086 -0.9478838
vn 0.1423645 -0.2710037 -0.9519923
vn 0.1435342 -0.2585423 -0.9552769
vn 0.1483144 -0.2470471 -0.9575858
vn 0.1578194 -0.2366846 -0.9586831
vn 0.1741602 -0.2274752 -0.9580832
vn 0.2015754 -0.2192286 -0.9546236
vn 0.2495458 -0.2112575 -0.9450381
vn 0.3437364 -0.2009811 -0.9173068
vn 0.5649577 -0.1748624 -0.8063784
vn 0.0000000 -0.2298437 -0.9732276
vn -0.5649577 -0.1748623 -0.8063784
vn -0.3437364 -0.2009811 -0.9173068
vn -0.2495464 -0.2112576 -0.9450380
vn -0.2015761 -0.2192286 -0.9546234
vn -0.1741602 -0.2274753 -0.9580830
vn -0.1578195 -0.2366845 -0.9586833
vn -0.1483146 -0.2470471 -0.9575857
vn -0.1435342 -0.2585423 -0.9552768
vn -0.1423645 -0.2710037 -0.9519923
vn -0.1442174 -0.2841088 -0.9478837
vn -0.1487953 -0.2973408 -0.9431057
vn -0.1559532 -0.3099406 -0.9378782
vn -0.1655948 -0.3208509 -0.9325412
vn -0.1775773 -0.3286885 -0.9275938
vn -0.1916079 -0.3317632 -0.9236988
vn -0.2071360 -0.3281873 -0.9216223
vn -0.2232602 -0.3161049 -0.9220805
vn -0.2386905 -0.2940555 -0.9255044
vn -0.2518233 -0.2614236 -0.9317954
vn -0.2609691 -0.2188309 -0.9402171
vn -0.2646998 -0.1682683 -0.9495366
vn -0.2621905 -0.1128091 -0.9583998
vn -0.2533796 -0.0559213 -0.9657491
vn -0.2388596 -0.0006959 -0.9710538
vn -0.2195721 0.0506932 -0.9742783
vn -0.1964742 0.0971243 -0.9756868
vn -0.1702998 0.1383556 -0.9756309
vn -0.1414584 0.1747146 -0.9744046
vn -0.1100308 0.2068034 -0.9721757
vn -0.0758147 0.2352858 -0.9689648
vn -0.0383883 0.2607519 -0.9646423
vn 0.0028295 0.2836366 -0.9589277
vn 0.0485234 0.3041788 -0.9513783
vn 0.0994145 0.3223898 -0.9413722
vn 0.1561756 0.3380322 -0.9280859
vn 0.2193189 0.3506097 -0.9104791
vn 0.2890558 0.3593700 -0.8872992
vn 0.3651312 0.3633423 -0.8571241
vn 0.4466599 0.3614127 -0.8184594
vn 0.5320110 0.3524493 -0.7698986
vn 0.6187873 0.3354790 -0.7103211
vn 0.7039469 0.3098680 -0.6390936
vn 0.7840507 0.2754754 -0.5562174
vn 0.8555811 0.2327385 -0.4624000
vn 0.9152452 0.1826983 -0.3590925
vn 0.9601963 0.1271045 -0.2487321
vn 0.9878608 0.0704068 -0.1384702
vn 0.0000000 0.5122799 -0.8588186
vn -0.9897352 0.0746947 -0.1218400
vn -0.9659538 0.1353510 -0.2204842
vn -0.9263516 0.1958855 -0.3217166
vn -0.8720722 0.2517118 -0.4196799
vn -0.8046114 0.3007328 -0.5120159
vn -0.7262675 0.3413300 -0.5966820
vn -0.6401287 0.3724166 -0.6719680
vn -0.5498019 0.3935875 -0.7367542
vn -0.4589495 0.4051690 -0.7906980
vn -0.3707903 0.4080988 -0.8342481
vn -0.2877423 0.4036928 -0.8684679
vn -0.2112906 0.3933697 -0.8947718
vn -0.1420537 0.3784309 -0.9146644
vn -0.0799779 0.3599173 -0.9295499
vn -0.0245603 0.3385444 -0.9406298
vn 0.0249504 0.3146935 -0.9488654
vn 0.0693931 0.2884266 -0.9549841
vn 0.1095791 0.2595240 -0.9594997
vn 0.1462045 0.2275263 -0.9627336
vn 0.1797801 0.1917897 -0.9648294
vn 0.2105635 0.1515794 -0.9657570
vn 0.2384892 0.1062248 -0.9653181
vn 0.2631178 0.0553572 -0.9631742
vn 0.2836488 -0.0007630 -0.9589279
vn 0.2990454 -0.0609125 -0.9522927
vn 0.3083127 -0.1227273 -0.9433352
vn 0.3108785 -0.1828860 -0.9326882
vn 0.3069183 -0.2377119 -0.9215716
vn 0.2974426 -0.2840131 -0.9115177
vn 0.2840863 -0.3197747 -0.9039022
vn 0.2687193 -0.3444212 -0.8995354
vn 0.2530763 -0.3586322 -0.8985184
vn 0.2385368 -0.3639270 -0.9003652
vn 0.2260704 -0.3622072 -0.9042666
vn 0.2162962 -0.3553933 -0.9093468
vn 0.2095945 -0.3452064 -0.9148239
vn 0.2062321 -0.3330579 -0.9200764
vn 0.2064830 -0.3200256 -0.9246342
vn 0.2107512 -0.3068784 -0.9281215
vn 0.2197201 -0.2941162 -0.9301714
vn 0.2345662 -0.2820010 -0.9302979
vn 0.2573284 -0.2705633 -0.9276732
vn 0.2916357 -0.2595211 -0.9206505
vn 0.3442746 -0.2480020 -0.9055219
vn 0.4288031 -0.2336022 -0.8726729
vn 0.5730132 -0.2089201 -0.7924697
vn 0.8010753 -0.1526056 -0.5787831
vn 0.0000000 -0.2705690 -0.9627006
vn -0.8010753 -0.1526056 -0.5787831
vn -0.5730132 -0.2089200 -0.7924697
vn -0.4288031 -0.2336024 -0.8726728
vn -0.3442757 -0.2480018 -0.9055216
vn -0.2916355 -0.2595212 -0.9206507
vn -0.2573282 -0.2705636 -0.9276732
vn -0.2345662 -0.2820010 -0.9302978
vn -0.2197202 -0.2941163 -0.9301713
vn -0.2107512 -0.3068787 -0.9281215
vn -0.2064830 -0.3200258 -0.9246341
vn -0.2062321 -0.3330579 -0.9200765
vn -0.2095945 -0.3452063 -0.9148239
vn -0.2162962 -0.3553932 -0.9093468
vn -0.2260704 -0.3622070 -0.9042667
vn -0.2385367 -0.3639271 -0.9003651
vn -0.2530763 -0.3586321 -0.8985184
vn -0.2687193 -0.3444209 -0.8995355
vn -0.2840863 -0.3197747 -0.9039022
vn -0.2974426 -0.2840130 -0.9115177
vn -0.3069183 -0.2377116 -0.9215717
vn -0.3108785 -0.1828857 -0.9326882
vn -0.3083127 -0.1227271 -0.9433352
vn -0.2990453 -0.0609124 -0.9522929
vn -0.2836488 -0.0007630 -0.9589279
vn -0.2631178 0.0553574 -0.9631742
vn -0.2384892 0.1062249 -0.9653183
vn -0.2105635 0.1515796 -0.9657571
vn -0.1797801 0.1917900 -0.9648294
vn -0.1462046 0.2275265 -0.9627336
vn -0.1095792 0.2595239 -0.9594997
vn -0.0693931 0.2884269 -0.9549841
vn -0.0249503 0.3146936 -0.9488654
vn 0.0245603 0.3385443 -0.9406298
vn 0.0799778 0.3599175 -0.9295499
vn 0.1420537 0.3784309 -0.9146643
vn 0.2112907 0.3933696 -0.8947718
vn 0.2877426 0.4036928 -0.8684677
vn 0.3707903 0.4080986 -0.8342482
vn 0.4589497 0.4051688 -0.7906980
vn 0.5498020 0.3935875 -0.7367541
vn 0.6401289 0.3724163 -0.6719681
vn 0.7262675 0.3413299 -0.5966820
vn 0.8046114 0.3007327 -0.5120159
vn 0.8720721 0.2517119 -0.4196800
vn 0.9263517 0.1958854 -0.3217165
vn 0.9659538 0.1353510 -0.2204842
vn 0.9897352 0.0746947 -0.1218400
vn 0.0000000 0.5800042 -0.8146135
vn -0.9912440 0.0777407 -0.1067321
vn -0.9707012 0.1413658 -0.1943065
vn -0.9358518 0.2058596 -0.2860126
vn -0.8868713 0.2667031 -0.3772649
vn -0.8241557 0.3216694 -0.4661504
vn -0.7489479 0.3687228 -0.5505640
vn -0.6635750 0.4061433 -0.6282642
vn -0.5713780 0.4328403 -0.6972635
vn -0.4762821 0.4485850 -0.7562584
vn -0.3821597 0.4540321 -0.8048657
vn -0.2922308 0.4504960 -0.8435962
vn -0.2087039 0.4396139 -0.8736030
vn -0.1327178 0.4230055 -0.8963550
vn -0.0645117 0.4020333 -0.9133496
vn -0.0036885 0.3776787 -0.9259294
vn 0.0505208 0.3505080 -0.9351962
vn 0.0990389 0.3206930 -0.9419912
vn 0.1427861 0.2880529 -0.9469095
vn 0.1825625 0.2521136 -0.9503208
vn 0.2189588 0.2121809 -0.9523845
vn 0.2522754 0.1674495 -0.9530571
vn 0.2824398 0.1171834 -0.9521008
vn 0.3089539 0.0609897 -0.9491195
vn 0.3309159 -0.0008153 -0.9436599
vn 0.3471798 -0.0668407 -0.9354135
vn 0.3566896 -0.1344520 -0.9244973
vn 0.3589168 -0.2000175 -0.9116862
vn 0.3542047 -0.2596080 -0.8984113
vn 0.3438174 -0.3099088 -0.8864233
vn 0.3296548 -0.3489176 -0.8772594
vn 0.3138017 -0.3761489 -0.8718030
vn 0.2981347 -0.3923919 -0.8701404
vn 0.2841146 -0.3992521 -0.8717090
vn 0.2727609 -0.3986870 -0.8755856
vn 0.2647365 -0.3926570 -0.8807583
vn 0.2604780 -0.3829114 -0.8863013
vn 0.2603367 -0.3708838 -0.8914427
vn 0.2647104 -0.3576638 -0.8955473
vn 0.2741817 -0.3440117 -0.8980425
vn 0.2896879 -0.3303810 -0.8982924
vn 0.3127561 -0.3169306 -0.8953985
vn 0.3458928 -0.3034718 -0.8878418
vn 0.3932581 -0.2892959 -0.8727290
vn 0.4618506 -0.2726746 -0.8440039
vn 0.5630887 -0.2495283 -0.7878240
vn 0.7109457 -0.2100938 -0.6711309
vn 0.8861990 -0.1388500 -0.4420092
vn 0.0000000 -0.3140560 -0.9494044
vn -0.8861990 -0.1388500 -0.4420092
vn -0.7109458 -0.2100938 -0.6711309
vn -0.5630888 -0.2495283 -0.7878240
vn -0.4618506 -0.2726746 -0.8440039
vn -0.3932586 -0.2892957 -0.8727289
vn -0.3458924 -0.3034719 -0.8878419
vn -0.3127560 -0.3169306 -0.8953987
vn -0.2896879 -0.3303809 -0.8982925
vn -0.2741816 -0.3440118 -0.8980425
vn -0.2647102 -0.3576640 -0.8955473
vn -0.2603367 -0.3708841 -0.8914425
vn -0.2604781 -0.3829114 -0.8863013
vn -0.2647364 -0.3926569 -0.8807583
vn -0.2727609 -0.3986869 -0.8755857
vn -0.2841146 -0.3992523 -0.8717089
vn -0.2981348 -0.3923918 -0.8701404
vn -0.3138018 -0.3761487 -0.8718031
vn -0.3296548 -0.3489177 -0.8772594
vn -0.3438173 -0.3099088 -0.8864232
vn -0.3542047 -0.2596078 -0.8984113
vn -0.3589168 -0.2000174 -0.9116862
vn -0.3566896 -0.1344520 -0.9244973
vn -0.3471797 -0.0668407 -0.9354135
vn -0.3309159 -0.0008153 -0.9436599
vn -0.3089539 0.0609897 -0.9491194
vn -0.2824398 0.1171834 -0.9521008
vn -0.2522755 0.1674497 -0.9530570
vn -0.2189588 0.2121810 -0.9523845
vn -0.1825625 0.2521134 -0.9503208
vn -0.1427862 0.2880527 -0.9469095
vn -0.0990389 0.3206931 -0.9419911
vn -0.0505208 0.3505081 -0.9351960
vn 0.0036885 0.3776786 -0.9259294
vn 0.0645117 0.4020333 -0.9133496
vn 0.1327178 0.4230056 -0.8963550
vn 0.2087039 0.4396139 -0.8736030
vn 0.2922309 0.4504959 -0.8435962
vn 0.3821599 0.4540319 -0.8048658
vn 0.4762822 0.4485850 -0.7562584
vn 0.5713780 0.4328403 -0.6972635
vn 0.6635751 0.4061432 -0.6282641
vn 0.7489480 0.3687226 -0.5505640
vn 0.8241557 0.3216695 -0.4661504
vn 0.8868712 0.2667033 -0.3772649
vn 0.9358518 0.2058595 -0.2860126
vn 0.9707012 0.1413657 -0.1943065
vn 0.9912440 0.0777407 -0.1067321
vn 0.0000000 0.6437792 -0.7652112
vn -0.9924306 0.0799521 -0.0932160
vn -0.9745054 0.1458241 -0.1705128
vn -0.9436842 0.2134694 -0.2527664
vn -0.8995365 0.2785611 -0.3365083
vn -0.8416554 0.3389237 -0.4204128
vn -0.7703353 0.3923085 -0.5026705
vn -0.6870078 0.4364927 -0.5809426
vn -0.5944171 0.4696817 -0.6527383
vn -0.4963768 0.4909301 -0.7159593
vn -0.3971483 0.5003548 -0.7693623
vn -0.3006617 0.4990458 -0.8127459
vn -0.2099090 0.4887072 -0.8468196
vn -0.1266843 0.4712209 -0.8728700
vn -0.0516593 0.4482824 -0.8923981
vn 0.0153478 0.4211807 -0.9068468
vn 0.0750506 0.3907183 -0.9174457
vn 0.1284147 0.3572144 -0.9251527
vn 0.1764460 0.3205566 -0.9306505
vn 0.2200364 0.2802723 -0.9343615
vn 0.2598457 0.2356234 -0.9364623
vn 0.2962007 0.1857387 -0.9368919
vn 0.3289981 0.1298253 -0.9353639
vn 0.3576480 0.0674888 -0.9314146
vn 0.3811120 -0.0008517 -0.9245285
vn 0.3981078 -0.0735667 -0.9143840
vn 0.4075230 -0.1476697 -0.9011762
vn 0.4089162 -0.2191501 -0.8858672
vn 0.4028714 -0.2838041 -0.8701436
vn 0.3909839 -0.3382210 -0.8560013
vn 0.3754762 -0.3804658 -0.8451411
vn 0.3586738 -0.4102012 -0.8385035
vn 0.3425942 -0.4283660 -0.8361409
vn 0.3287630 -0.4366711 -0.8373967
vn 0.3182237 -0.4371327 -0.8412185
vn 0.3116542 -0.4317403 -0.8464467
vn 0.3095149 -0.4222582 -0.8519968
vn 0.3122006 -0.4101246 -0.8569297
vn 0.3201801 -0.3964218 -0.8604269
vn 0.3341357 -0.3818786 -0.8616972
vn 0.3551275 -0.3668773 -0.8598172
vn 0.3848094 -0.3514292 -0.8534749
vn 0.4257362 -0.3350822 -0.8405169
vn 0.4817989 -0.3166580 -0.8170664
vn 0.5586293 -0.2936574 -0.7756923
vn 0.6629631 -0.2609982 -0.7016835
vn 0.7960392 -0.2092423 -0.5679256
vn 0.9268022 -0.1303095 -0.3522173
vn -0.0000017 -0.3608056 -0.9326410
vn -0.9268023 -0.1303095 -0.3522172
vn -0.7960391 -0.2092422 -0.5679255
vn -0.6629631 -0.2609982 -0.7016835
vn -0.5586294 -0.2936573 -0.7756923
vn -0.4817989 -0.3166579 -0.8170664
vn -0.4257362 -0.3350822 -0.8405169
vn -0.3848093 -0.3514292 -0.8534749
vn -0.3551276 -0.3668770 -0.8598172
vn -0.3341356 -0.3818785 -0.8616973
vn -0.3201800 -0.3964218 -0.8604270
vn -0.3122005 -0.4101246 -0.8569297
vn -0.3095149 -0.4222583 -0.8519968
vn -0.3116541 -0.4317404 -0.8464466
vn -0.3182237 -0.4371327 -0.8412185
vn -0.3287630 -0.4366712 -0.8373967
vn -0.3425942 -0.4283661 -0.8361409
vn -0.3586738 -0.4102011 -0.8385035
vn -0.3754762 -0.3804659 -0.8451410
vn -0.3909838 -0.3382214 -0.8560012
vn -0.4028713 -0.2838044 -0.8701436
vn -0.4089161 -0.2191499 -0.8858673
vn -0.4075230 -0.1476696 -0.9011762
vn -0.3981078 -0.0735668 -0.9143841
vn -0.3811121 -0.0008517 -0.9245285
vn -0.3576482 0.0674887 -0.9314146
vn -0.3289982 0.1298254 -0.9353639
vn -0.2962008 0.1857389 -0.9368918
vn -0.2598458 0.2356232 -0.9364625
vn -0.2200364 0.2802719 -0.9343616
vn -0.1764461 0.3205566 -0.9306505
vn -0.1284147 0.3572145 -0.9251527
vn -0.0750506 0.3907182 -0.9174457
vn -0.0153479 0.4211807 -0.9068468
vn 0.0516592 0.4482822 -0.8923981
vn 0.1266844 0.4712206 -0.8728701
vn 0.2099091 0.4887073 -0.8468196
vn 0.3006617 0.4990459 -0.8127459
vn 0.3971483 0.5003548 -0.7693623
vn 0.4963768 0.4909302 -0.7159593
vn 0.5944170 0.4696819 -0.6527383
vn 0.6870077 0.4364928 -0.5809427
vn 0.7703353 0.3923084 -0.5026706
vn 0.8416553 0.3389238 -0.4204127
vn 0.8995365 0.2785611 -0.3365082
vn 0.9436842 0.2134695 -0.2527664
vn 0.9745054 0.1458240 -0.1705128
vn 0.9924305 0.0799521 -0.0932160
vn 0.0000001 0.7031868 -0.7110052
vn -0.9933583 0.0815897 -0.0811311
vn -0.9775243 0.1491798 -0.1489688
vn -0.9500389 0.2193311 -0.2220808
vn -0.9101220 0.2879672 -0.2979143
vn -0.8568276 0.3530947 -0.3757269
vn -0.7896892 0.4124424 -0.4541828
vn -0.7092558 0.4634723 -0.5311776
vn -0.6174806 0.5037791 -0.6040898
vn -0.5177443 0.5316325 -0.6703042
vn -0.4143774 0.5464190 -0.7278171
vn -0.3118376 0.5487476 -0.7756503
vn -0.2138823 0.5401837 -0.8139139
vn -0.1230554 0.5227588 -0.8435524
vn -0.0405975 0.4984735 -0.8659539
vn 0.0333327 0.4689557 -0.8825926
vn 0.0993070 0.4352896 -0.8947967
vn 0.1582790 0.3979898 -0.9036326
vn 0.2113106 0.3570471 -0.9098710
vn 0.2593670 0.3120139 -0.9139891
vn 0.3031621 0.2621199 -0.9161800
vn 0.3430277 0.2064371 -0.9163600
vn 0.3788005 0.1441303 -0.9141863
vn 0.4097584 0.0748353 -0.9091191
vn 0.4346858 -0.0008665 -0.9005818
vn 0.4521459 -0.0810231 -0.8882563
vn 0.4609882 -0.1622055 -0.8724559
vn 0.4609251 -0.2399692 -0.8543786
vn 0.4528781 -0.3098328 -0.8360054
vn 0.4388620 -0.3683435 -0.8195872
vn 0.4214768 -0.4137084 -0.8069713
vn 0.4033042 -0.4458061 -0.7991261
vn 0.3864908 -0.4657635 -0.7960460
vn 0.3726006 -0.4754086 -0.7969664
vn 0.3626702 -0.4768092 -0.8007018
vn 0.3573583 -0.4719665 -0.8059421
vn 0.3571151 -0.4626336 -0.8114425
vn 0.3623374 -0.4502285 -0.8160920
vn 0.3735099 -0.4358020 -0.8188815
vn 0.3913352 -0.4200273 -0.8188003
vn 0.4168734 -0.4031859 -0.8146519
vn 0.4517011 -0.3851210 -0.8047658
vn 0.4980875 -0.3651011 -0.7865176
vn 0.5591024 -0.3415307 -0.7554874
vn 0.6383066 -0.3113931 -0.7039880
vn 0.7377868 -0.2694137 -0.6189401
vn 0.8513629 -0.2079193 -0.4816126
vn 0.9496389 -0.1246286 -0.2874957
vn -0.0000004 -0.4113880 -0.9114603
vn -0.9496394 -0.1246280 -0.2874941
vn -0.8513629 -0.2079192 -0.4816126
vn -0.7377868 -0.2694136 -0.6189401
vn -0.6383070 -0.3113930 -0.7039877
vn -0.5591023 -0.3415307 -0.7554876
vn -0.4980874 -0.3651011 -0.7865177
vn -0.4517011 -0.3851210 -0.8047658
vn -0.4168734 -0.4031859 -0.8146519
vn -0.3913353 -0.4200273 -0.8188003
vn -0.3735099 -0.4358019 -0.8188816
vn -0.3623373 -0.4502282 -0.8160920
vn -0.3571150 -0.4626334 -0.8114427
vn -0.3573583 -0.4719666 -0.8059421
vn -0.3626702 -0.4768093 -0.8007017
vn -0.3726007 -0.4754087 -0.7969663
vn -0.3864909 -0.4657637 -0.7960459
vn -0.4033043 -0.4458061 -0.7991261
vn -0.4214768 -0.4137085 -0.8069712
vn -0.4388620 -0.3683439 -0.8195871
vn -0.4528780 -0.3098328 -0.8360054
vn -0.4609253 -0.2399691 -0.8543785
vn -0.4609883 -0.1622057 -0.8724558
vn -0.4521459 -0.0810230 -0.8882563
vn -0.4346857 -0.0008665 -0.9005818
vn -0.4097584 0.0748352 -0.9091192
vn -0.3788004 0.1441303 -0.9141864
vn -0.3430277 0.2064371 -0.9163601
vn -0.3031621 0.2621199 -0.9161801
vn -0.2593670 0.3120137 -0.9139892
vn -0.2113106 0.3570472 -0.9098710
vn -0.1582790 0.3979899 -0.9036326
vn -0.0993069 0.4352895 -0.8947967
vn -0.0333327 0.4689557 -0.8825926
vn 0.0405974 0.4984733 -0.8659539
vn 0.1230554 0.5227585 -0.8435525
vn 0.2138827 0.5401838 -0.8139137
vn 0.3118376 0.5487477 -0.7756502
vn 0.4143773 0.5464191 -0.7278170
vn 0.5177443 0.5316324 -0.6703042
vn 0.6174806 0.5037791 -0.6040898
vn 0.7092557 0.4634724 -0.5311776
vn 0.7896893 0.4124424 -0.4541828
vn 0.8568275 0.3530946 -0.3757270
vn 0.9101219 0.2879673 -0.2979143
vn 0.9500390 0.2193311 -0.2220808
vn 0.9775243 0.1491798 -0.1489688
vn 0.9933583 0.0815898 -0.0811312
vn 0.0000006 0.7578650 -0.6524113
vn -0.9940845 0.0828227 -0.0702597
vn -0.9799144 0.1517396 -0.1293946
vn -0.9551584 0.2238853 -0.1937724
vn -0.9188551 0.2954513 -0.2615601
vn -0.8697271 0.3647043 -0.3325141
vn -0.8067472 0.4295021 -0.4058163
vn -0.7296864 0.4871890 -0.4797965
vn -0.6396474 0.5349138 -0.5520131
vn -0.5393384 0.5702088 -0.6196579
vn -0.4328463 0.5916075 -0.6801800
vn -0.3249017 0.5990046 -0.7318690
vn -0.2199231 0.5935790 -0.7741433
vn -0.1212453 0.5773311 -0.8074580
vn -0.0308001 0.5524910 -0.8329496
vn 0.0507824 0.5210223 -0.8520311
vn 0.1238249 0.4843333 -0.8660766
vn 0.1892001 0.4431829 -0.8762375
vn 0.2479836 0.3977073 -0.8833647
vn 0.3011871 0.3475131 -0.8879871
vn 0.3495559 0.2918173 -0.8903108
vn 0.3933982 0.2296499 -0.8902239
vn 0.4324505 0.1601569 -0.8873197
vn 0.4658106 0.0830500 -0.8809786
vn 0.4920421 -0.0008504 -0.8705710
vn 0.5095419 -0.0891677 -0.8558133
vn 0.5171639 -0.1779340 -0.8371864
vn 0.5148740 -0.2622235 -0.8161762
vn 0.5040506 -0.3373048 -0.7950839
vn 0.4872263 -0.3997625 -0.7764022
vn 0.4674254 -0.4480398 -0.7620853
vn 0.4474880 -0.4823016 -0.7530868
vn 0.4296643 -0.5038987 -0.7493161
vn 0.4155216 -0.5147823 -0.7498940
vn 0.4060533 -0.5170587 -0.7535058
vn 0.4018633 -0.5127130 -0.7587037
vn 0.4033530 -0.5034570 -0.7640926
vn 0.4108793 -0.4906580 -0.7683963
vn 0.4248872 -0.4753051 -0.7704257
vn 0.4460221 -0.4579886 -0.7689673
vn 0.4752291 -0.4388722 -0.7625933
vn 0.5138395 -0.4176207 -0.7493744
vn 0.5635935 -0.3932537 -0.7264392
vn 0.6264637 -0.3638802 -0.6893000
vn 0.7038884 -0.3262980 -0.6309285
vn 0.7944869 -0.2756930 -0.5410951
vn 0.8890665 -0.2065982 -0.4085069
vn 0.9638411 -0.1206397 -0.2376051
vn 0.0000000 -0.4663797 -0.8845847
vn -0.9638413 -0.1206397 -0.2376052
vn -0.8890665 -0.2065981 -0.4085068
vn -0.7944869 -0.2756930 -0.5410951
vn -0.7038884 -0.3262981 -0.6309284
vn -0.6264642 -0.3638799 -0.6892996
vn -0.5635934 -0.3932536 -0.7264393
vn -0.5138397 -0.4176205 -0.7493744
vn -0.4752292 -0.4388721 -0.7625933
vn -0.4460221 -0.4579886 -0.7689673
vn -0.4248872 -0.4753051 -0.7704258
vn -0.4108794 -0.4906579 -0.7683964
vn -0.4033530 -0.5034568 -0.7640927
vn -0.4018632 -0.5127129 -0.7587037
vn -0.4060533 -0.5170588 -0.7535057
vn -0.4155216 -0.5147823 -0.7498939
vn -0.4296643 -0.5038986 -0.7493162
vn -0.4474880 -0.4823016 -0.7530867
vn -0.4674254 -0.4480399 -0.7620851
vn -0.4872262 -0.3997626 -0.7764022
vn -0.5040506 -0.3373047 -0.7950839
vn -0.5148741 -0.2622237 -0.8161762
vn -0.5171639 -0.1779339 -0.8371864
vn -0.5095416 -0.0891674 -0.8558133
vn -0.4920421 -0.0008503 -0.8705710
vn -0.4658106 0.0830503 -0.8809786
vn -0.4324504 0.1601569 -0.8873198
vn -0.3933982 0.2296499 -0.8902240
vn -0.3495558 0.2918173 -0.8903109
vn -0.3011872 0.3475130 -0.8879871
vn -0.2479837 0.3977073 -0.8833646
vn -0.1892001 0.4431830 -0.8762375
vn -0.1238250 0.4843334 -0.8660766
vn -0.0507824 0.5210223 -0.8520311
vn 0.0308001 0.5524910 -0.8329496
vn 0.1212453 0.5773309 -0.8074581
vn 0.2199232 0.5935792 -0.7741431
vn 0.3249018 0.5990049 -0.7318688
vn 0.4328461 0.5916075 -0.6801800
vn 0.5393384 0.5702090 -0.6196578
vn 0.6396474 0.5349139 -0.5520130
vn 0.7296863 0.4871891 -0.4797965
vn 0.8067471 0.4295023 -0.4058162
vn 0.8697271 0.3647043 -0.3325141
vn 0.9188551 0.2954512 -0.2615602
vn 0.9551584 0.2238854 -0.1937724
vn 0.9799144 0.1517396 -0.1293946
vn 0.9940845 0.0828228 -0.0702598
vn 0.0000000 0.8075061 -0.5898592
vn -0.9946540 0.0837631 -0.0603910
vn -0.9818063 0.1537123 -0.1114843
vn -0.9592675 0.2274460 -0.1675538
vn -0.9259993 0.3014182 -0.2273156
vn -0.8805433 0.3741882 -0.2909068
vn -0.8214905 0.4438480 -0.3579838
vn -0.7479837 0.5078006 -0.4273859
vn -0.6603118 0.5629488 -0.4970685
vn -0.5603786 0.6062196 -0.5643346
vn -0.4517572 0.6352786 -0.6263677
vn -0.3391630 0.6491302 -0.6808807
vn -0.2274912 0.6483028 -0.7266025
vn -0.1208404 0.6345325 -0.7633912
vn -0.0219210 0.6101330 -0.7919958
vn 0.0680330 0.5773577 -0.8136520
vn 0.1489721 0.5379590 -0.8297032
vn 0.2215988 0.4929864 -0.8413433
vn 0.2869437 0.4427680 -0.8494821
vn 0.3460271 0.3870012 -0.8546901
vn 0.3995897 0.3249167 -0.8571799
vn 0.4478770 0.2555255 -0.8568038
vn 0.4904722 0.1779924 -0.8530861
vn 0.5262340 0.0921677 -0.8453301
vn 0.5534607 -0.0007893 -0.8328749
vn 0.5703851 -0.0979529 -0.8155158
vn 0.5759446 -0.1947157 -0.7939608
vn 0.5704945 -0.2856412 -0.7700292
vn 0.5560186 -0.3658077 -0.7463431
vn 0.5356634 -0.4319449 -0.7255952
vn 0.5129106 -0.4828407 -0.7097800
vn 0.4908417 -0.5190160 -0.6997834
vn 0.4717700 -0.5420762 -0.6954039
vn 0.4572224 -0.5540948 -0.6956483
vn 0.4481091 -0.5571954 -0.6990933
vn 0.4449423 -0.5533168 -0.7041782
vn 0.4480364 -0.5440952 -0.7093827
vn 0.4576644 -0.5308118 -0.7132896
vn 0.4741770 -0.5143617 -0.7145545
vn 0.4980880 -0.4952295 -0.7117978
vn 0.5301295 -0.4734475 -0.7034274
vn 0.5712590 -0.4485168 -0.6873833
vn 0.6225512 -0.4192758 -0.6607857
vn 0.6848357 -0.3837039 -0.6194928
vn 0.7577711 -0.3387387 -0.5577088
vn 0.8379067 -0.2804306 -0.4682640
vn 0.9157145 -0.2054060 -0.3453626
vn 0.9732741 -0.1177183 -0.1971803
vn 0.0000000 -0.5262957 -0.8503017
vn -0.9732741 -0.1177183 -0.1971803
vn -0.9157145 -0.2054060 -0.3453625
vn -0.8379067 -0.2804306 -0.4682640
vn -0.7577711 -0.3387387 -0.5577088
vn -0.6848358 -0.3837039 -0.6194927
vn -0.6225516 -0.4192756 -0.6607854
vn -0.5712592 -0.4485167 -0.6873833
vn -0.5301298 -0.4734473 -0.7034274
vn -0.4980881 -0.4952295 -0.7117977
vn -0.4741770 -0.5143616 -0.7145545
vn -0.4576644 -0.5308117 -0.7132897
vn -0.4480364 -0.5440952 -0.7093827
vn -0.4449424 -0.5533167 -0.7041782
vn -0.4481091 -0.5571954 -0.6990933
vn -0.4572224 -0.5540947 -0.6956484
vn -0.4717699 -0.5420762 -0.6954039
vn -0.4908417 -0.5190161 -0.6997834
vn -0.5129107 -0.4828405 -0.7097800
vn -0.5356632 -0.4319448 -0.7255952
vn -0.5560184 -0.3658076 -0.7463433
vn -0.5704946 -0.2856414 -0.7700292
vn -0.5759446 -0.1947157 -0.7939607
vn -0.5703852 -0.0979528 -0.8155158
vn -0.5534608 -0.0007891 -0.8328749
vn -0.5262340 0.0921678 -0.8453301
vn -0.4904723 0.1779925 -0.8530859
vn -0.4478772 0.2555256 -0.8568038
vn -0.3995897 0.3249166 -0.8571799
vn -0.3460273 0.3870014 -0.8546901
vn -0.2869438 0.4427682 -0.8494820
vn -0.2215988 0.4929864 -0.8413433
vn -0.1489721 0.5379589 -0.8297033
vn -0.0680329 0.5773578 -0.8136519
vn 0.0219210 0.6101331 -0.7919956
vn 0.1208404 0.6345326 -0.7633912
vn 0.2274912 0.6483027 -0.7266026
vn 0.3391628 0.6491304 -0.6808805
vn 0.4517571 0.6352788 -0.6263676
vn 0.5603786 0.6062196 -0.5643346
vn 0.6603118 0.5629490 -0.4970683
vn 0.7479839 0.5078007 -0.4273858
vn 0.8214906 0.4438480 -0.3579837
vn 0.8805433 0.3741882 -0.2909068
vn 0.9259993 0.3014182 -0.2273156
vn 0.9592675 0.2274460 -0.1675538
vn 0.9818063 0.1537124 -0.1114843
vn 0.9946540 0.0837631 -0.0603910
vn 0.0000000 0.8518491 -0.5237874
vn -0.9951013 0.0844859 -0.0513378
vn -0.9833028 0.1552414 -0.0949509
vn -0.9625526 0.2302397 -0.1431160
vn -0.9317992 0.3061734 -0.1949571
vn -0.8895037 0.3818992 -0.2508709
vn -0.8340186 0.4558048 -0.3108935
vn -0.7640166 0.5254852 -0.3743579
vn -0.6790717 0.5877957 -0.4397248
vn -0.5802497 0.6392516 -0.5046461
vn -0.4704196 0.6767364 -0.5663332
vn -0.3539977 0.6982791 -0.6221672
vn -0.2361112 0.7035304 -0.6702957
vn -0.1215168 0.6936883 -0.7099509
vn -0.0137372 0.6709380 -0.7413861
vn 0.0852692 0.6377163 -0.7655371
vn 0.1749492 0.5960996 -0.7836186
vn 0.2557226 0.5474597 -0.7968023
vn 0.3284982 0.4923624 -0.8060200
vn 0.3942465 0.4306379 -0.8118624
vn 0.4536544 0.3615648 -0.8145358
vn 0.5068477 0.2841713 -0.8138502
vn 0.5531873 0.1976919 -0.8092600
vn 0.5912223 0.1022043 -0.8000066
vn 0.6189469 -0.0006639 -0.7854325
vn 0.6344617 -0.1072943 -0.7654713
vn 0.6369109 -0.2123408 -0.7411180
vn 0.6272219 -0.3098567 -0.7145498
vn 0.6081431 -0.3948249 -0.6886765
vn 0.5835268 -0.4642594 -0.6663029
vn 0.5573167 -0.5174032 -0.6493782
vn 0.5327930 -0.5551981 -0.6386602
vn 0.5122782 -0.5795222 -0.6338178
vn 0.4972094 -0.5925640 -0.6337592
vn 0.4883718 -0.5964407 -0.6369862
vn 0.4861499 -0.5930126 -0.6418678
vn 0.4907347 -0.5838044 -0.6468012
vn 0.5022731 -0.5699742 -0.6502700
vn 0.5209694 -0.5522933 -0.6508173
vn 0.5471409 -0.5311193 -0.6469537
vn 0.5812292 -0.5063531 -0.6370080
vn 0.6237385 -0.4773676 -0.6189269
vn 0.6750417 -0.4429126 -0.5900400
vn 0.7349458 -0.4010201 -0.5468432
vn 0.8018492 -0.3490243 -0.4849948
vn 0.8713887 -0.2840177 -0.4000196
vn 0.9350429 -0.2043596 -0.2897101
vn 0.9798170 -0.1155096 -0.1631443
vn 0.0000000 -0.5914328 -0.8063543
vn -0.9798170 -0.1155096 -0.1631443
vn -0.9350429 -0.2043596 -0.2897102
vn -0.8713887 -0.2840177 -0.4000195
vn -0.8018492 -0.3490244 -0.4849948
vn -0.7349458 -0.4010201 -0.5468433
vn -0.6750416 -0.4429126 -0.5900399
vn -0.6237385 -0.4773676 -0.6189269
vn -0.5812293 -0.5063531 -0.6370079
vn -0.5471410 -0.5311192 -0.6469538
vn -0.5209693 -0.5522933 -0.6508173
vn -0.5022730 -0.5699741 -0.6502702
vn -0.4907346 -0.5838044 -0.6468014
vn -0.4861499 -0.5930126 -0.6418678
vn -0.4883719 -0.5964407 -0.6369863
vn -0.4972095 -0.5925640 -0.6337591
vn -0.5122783 -0.5795222 -0.6338177
vn -0.5327929 -0.5551981 -0.6386603
vn -0.5573166 -0.5174031 -0.6493784
vn -0.5835267 -0.4642593 -0.6663032
vn -0.6081431 -0.3948250 -0.6886765
vn -0.6272220 -0.3098569 -0.7145497
vn -0.6369108 -0.2123408 -0.7411181
vn -0.6344616 -0.1072942 -0.7654713
vn -0.6189470 -0.0006638 -0.7854325
vn -0.5912223 0.1022043 -0.8000065
vn -0.5531871 0.1976919 -0.8092601
vn -0.5068478 0.2841712 -0.8138502
vn -0.4536546 0.3615648 -0.8145358
vn -0.3942465 0.4306379 -0.8118624
vn -0.3284982 0.4923624 -0.8060200
vn -0.2557226 0.5474595 -0.7968024
vn -0.1749492 0.5960995 -0.7836187
vn -0.0852692 0.6377164 -0.7655371
vn 0.0137372 0.6709381 -0.7413859
vn 0.1215168 0.6936884 -0.7099507
vn 0.2361112 0.7035304 -0.6702958
vn 0.3539973 0.6982791 -0.6221673
vn 0.4704193 0.6767367 -0.5663332
vn 0.5802497 0.6392516 -0.5046460
vn 0.6790715 0.5877957 -0.4397249
vn 0.7640166 0.5254853 -0.3743578
vn 0.8340188 0.4558047 -0.3108934
vn 0.8895037 0.3818992 -0.2508709
vn 0.9317992 0.3061734 -0.1949572
vn 0.9625526 0.2302396 -0.1431160
vn 0.9833028 0.1552414 -0.0949509
vn 0.9951013 0.0844859 -0.0513378
vn 0.0000000 0.8906751 -0.4546404
vn -0.9954516 0.0850428 -0.0429414
vn -0.9844813 0.1564280 -0.0795404
vn -0.9651623 0.2324281 -0.1201622
vn -0.9364631 0.3099457 -0.1642269
vn -0.8968287 0.3881190 -0.2122780
vn -0.8444796 0.4656514 -0.2646182
vn -0.7777585 0.5404203 -0.3209946
vn -0.6956570 0.6094006 -0.3803846
vn -0.5984502 0.6689089 -0.4409288
vn -0.4882014 0.7152170 -0.5001240
vn -0.3687903 0.7454072 -0.5553035
vn -0.2453085 0.7581005 -0.6042411
vn -0.1229861 0.7536911 -0.6456192
vn -0.0061246 0.7339731 -0.6791509
vn 0.1025118 0.7013879 -0.7053696
vn 0.2017328 0.6582615 -0.7252555
vn 0.2915500 0.6062860 -0.7398756
vn 0.3726480 0.5463009 -0.7501258
vn 0.4458682 0.4783117 -0.7565840
vn 0.5117727 0.4016868 -0.7594317
vn 0.5702899 0.3155192 -0.7584307
vn 0.6204737 0.2191868 -0.7529738
vn 0.6604864 0.1131117 -0.7422692
vn 0.6879929 -0.0004509 -0.7257172
vn 0.7010381 -0.1170324 -0.7034550
vn 0.6991544 -0.2304659 -0.6768076
vn 0.6840609 -0.3343372 -0.6482896
vn 0.6594354 -0.4236708 -0.6210057
vn 0.6298883 -0.4959170 -0.5977517
vn 0.5997968 -0.5508814 -0.5803218
vn 0.5725703 -0.5899719 -0.5692946
vn 0.5504743 -0.6153451 -0.5642060
vn 0.5348046 -0.6292887 -0.5638970
vn 0.5261829 -0.6338893 -0.5668474
vn 0.5248346 -0.6308989 -0.5714151
vn 0.5307952 -0.6216974 -0.5759763
vn 0.5440497 -0.6072876 -0.5789747
vn 0.5646110 -0.5882890 -0.5789047
vn 0.5925490 -0.5649194 -0.5742401
vn 0.6279637 -0.5369593 -0.5633262
vn 0.6708778 -0.5037042 -0.5442473
vn 0.7210091 -0.4639226 -0.5147055
vn 0.7773661 -0.4158582 -0.4719787
vn 0.8376036 -0.3574139 -0.4131289
vn 0.8972553 -0.2867156 -0.3357485
vn 0.9492859 -0.2034435 -0.2397226
vn 0.9844831 -0.1137927 -0.1335829
vn 0.0000000 -0.6616073 -0.7498506
vn -0.9844831 -0.1137926 -0.1335829
vn -0.9492859 -0.2034435 -0.2397226
vn -0.8972554 -0.2867157 -0.3357485
vn -0.8376036 -0.3574139 -0.4131290
vn -0.7773660 -0.4158583 -0.4719786
vn -0.7210090 -0.4639225 -0.5147055
vn -0.6708778 -0.5037042 -0.5442472
vn -0.6279637 -0.5369592 -0.5633262
vn -0.5925490 -0.5649193 -0.5742402
vn -0.5646108 -0.5882890 -0.5789049
vn -0.5440494 -0.6072876 -0.5789748
vn -0.5307952 -0.6216974 -0.5759764
vn -0.5248346 -0.6308989 -0.5714151
vn -0.5261830 -0.6338893 -0.5668473
vn -0.5348046 -0.6292886 -0.5638970
vn -0.5504742 -0.6153451 -0.5642061
vn -0.5725701 -0.5899718 -0.5692949
vn -0.5997966 -0.5508814 -0.5803221
vn -0.6298882 -0.4959171 -0.5977517
vn -0.6594354 -0.4236709 -0.6210055
vn -0.6840608 -0.3343373 -0.6482896
vn -0.6991543 -0.2304658 -0.6768078
vn -0.7010380 -0.1170323 -0.7034551
vn -0.6879930 -0.0004509 -0.7257172
vn -0.6604864 0.1131117 -0.7422692
vn -0.6204734 0.2191868 -0.7529740
vn -0.5702899 0.3155191 -0.7584306
vn -0.5117729 0.4016868 -0.7594315
vn -0.4458682 0.4783116 -0.7565841
vn -0.3726480 0.5463009 -0.7501258
vn -0.2915501 0.6062860 -0.7398756
vn -0.2017328 0.6582614 -0.7252556
vn -0.1025118 0.7013880 -0.7053695
vn 0.0061246 0.7339732 -0.6791509
vn 0.1229861 0.7536911 -0.6456192
vn 0.2453085 0.7581006 -0.6042411
vn 0.3687902 0.7454072 -0.5553033
vn 0.4882012 0.7152171 -0.5001240
vn 0.5984501 0.6689090 -0.4409288
vn 0.6956568 0.6094006 -0.3803846
vn 0.7777585 0.5404204 -0.3209947
vn 0.8444794 0.4656517 -0.2646184
vn 0.8968287 0.3881191 -0.2122781
vn 0.9364631 0.3099458 -0.1642269
vn 0.9651623 0.2324280 -0.1201622
vn 0.9844815 0.1564280 -0.0795405
vn 0.9954516 0.0850429 -0.0429414
vn 0.0000000 0.9238050 -0.3828631
vn -0.9957233 0.0854702 -0.0350675
vn -0.9854004 0.1573431 -0.0650315
vn -0.9672112 0.2341283 -0.0984195
vn -0.9401605 0.3129070 -0.1348614
vn -0.9027127 0.3930675 -0.1749507
vn -0.8530296 0.4736221 -0.2191408
vn -0.7892390 0.5527714 -0.2674802
vn -0.7098871 0.6277299 -0.3193986
vn -0.6145608 0.6948117 -0.3735661
vn -0.5045060 0.7498955 -0.4279375
vn -0.3829092 0.7892500 -0.4800678
vn -0.2545712 0.8104311 -0.5276315
vn -0.1249643 0.8128290 -0.5689401
vn 0.0009452 0.7975733 -0.6032213
vn 0.1195654 0.7668730 -0.6305633
vn 0.2289619 0.7231620 -0.6516234
vn 0.3286066 0.6684037 -0.6672737
vn 0.4188404 0.6037176 -0.6783050
vn 0.5002728 0.5293188 -0.6852363
vn 0.5732460 0.4447107 -0.6882015
vn 0.6373944 0.3491131 -0.6869122
vn 0.6913629 0.2421414 -0.6807238
vn 0.7328558 0.1247068 -0.6688577
vn 0.7592177 -0.0001275 -0.6508366
vn 0.7685726 -0.1268904 -0.6270527
vn 0.7610725 -0.2485513 -0.5991584
vn 0.7394639 -0.3583224 -0.5699107
vn 0.7084862 -0.4514405 -0.5424472
vn 0.6735101 -0.5259405 -0.5193945
vn 0.6392673 -0.5822704 -0.5022933
vn 0.6092090 -0.6223245 -0.4915046
vn 0.5854715 -0.6485260 -0.4864537
vn 0.5691621 -0.6632408 -0.4859693
vn 0.5607099 -0.6685027 -0.4885781
vn 0.5601588 -0.6659319 -0.4927035
vn 0.5673666 -0.6567397 -0.4967778
vn 0.5821292 -0.6417484 -0.4992840
vn 0.6042380 -0.6214072 -0.4987480
vn 0.6334833 -0.5957893 -0.4936944
vn 0.6696036 -0.5645761 -0.4825814
vn 0.7121595 -0.5270456 -0.4637367
vn 0.7603223 -0.4820804 -0.4353257
vn 0.8125513 -0.4282598 -0.3954162
vn 0.8661908 -0.3641197 -0.3422430
vn 0.9171295 -0.2887076 -0.2748114
vn 0.9598370 -0.2026377 -0.1940386
vn 0.9878561 -0.1124273 -0.1072400
vn 0.0000000 -0.7357078 -0.6772991
vn -0.9878561 -0.1124273 -0.1072400
vn -0.9598370 -0.2026377 -0.1940386
vn -0.9171295 -0.2887076 -0.2748114
vn -0.8661908 -0.3641198 -0.3422431
vn -0.8125513 -0.4282598 -0.3954162
vn -0.7603223 -0.4820804 -0.4353257
vn -0.7121596 -0.5270455 -0.4637367
vn -0.6696036 -0.5645760 -0.4825815
vn -0.6334833 -0.5957892 -0.4936943
vn -0.6042380 -0.6214072 -0.4987481
vn -0.5821292 -0.6417483 -0.4992842
vn -0.5673665 -0.6567397 -0.4967779
vn -0.5601588 -0.6659320 -0.4927034
vn -0.5607100 -0.6685027 -0.4885781
vn -0.5691621 -0.6632408 -0.4859693
vn -0.5854715 -0.6485260 -0.4864538
vn -0.6092087 -0.6223242 -0.4915051
vn -0.6392670 -0.5822704 -0.5022936
vn -0.6735099 -0.5259405 -0.5193947
vn -0.7084860 -0.4514404 -0.5424474
vn -0.7394639 -0.3583224 -0.5699107
vn -0.7610725 -0.2485513 -0.5991585
vn -0.7685724 -0.1268904 -0.6270530
vn -0.7592177 -0.0001275 -0.6508368
vn -0.7328559 0.1247069 -0.6688575
vn -0.6913627 0.2421413 -0.6807240
vn -0.6373942 0.3491131 -0.6869124
vn -0.5732461 0.4447107 -0.6882014
vn -0.5002728 0.5293188 -0.6852364
vn -0.4188404 0.6037176 -0.6783051
vn -0.3286066 0.6684037 -0.6672738
vn -0.2289619 0.7231620 -0.6516235
vn -0.1195654 0.7668729 -0.6305632
vn -0.0009452 0.7975733 -0.6032213
vn 0.1249644 0.8128291 -0.5689402
vn 0.2545712 0.8104310 -0.5276316
vn 0.3829091 0.7892500 -0.4800678
vn 0.5045060 0.7498955 -0.4279376
vn 0.6145608 0.6948117 -0.3735660
vn 0.7098870 0.6277300 -0.3193986
vn 0.7892389 0.5527714 -0.2674802
vn 0.8530295 0.4736221 -0.2191408
vn 0.9027126 0.3930676 -0.1749509
vn 0.9401605 0.3129070 -0.1348614
vn 0.9672112 0.2341283 -0.0984195
vn 0.9854004 0.1573431 -0.0650315
vn 0.9957233 0.0854702 -0.0350675
vn 0.0000000 0.9510943 -0.3089006
vn -0.9959306 0.0857928 -0.0276014
vn -0.9861032 0.1580372 -0.0512320
vn -0.9687861 0.2354254 -0.0776419
vn -0.9430240 0.3151843 -0.1066052
vn -0.9073174 0.3969145 -0.1386867
vn -0.8598146 0.4799051 -0.1743845
vn -0.7985138 0.5626823 -0.2139258
vn -0.7216426 0.6427609 -0.2570802
vn -0.6282303 0.7166016 -0.3029998
vn -0.5187722 0.7799078 -0.3501703
vn -0.3957015 0.8283427 -0.3965712
vn -0.2633385 0.8584896 -0.4400550
vn -0.1271562 0.8686537 -0.4788236
vn 0.0073918 0.8590827 -0.5117835
vn 0.1359442 0.8315048 -0.5386268
vn 0.2557721 0.7882679 -0.5596555
vn 0.3656984 0.7314980 -0.5754783
vn 0.4655969 0.6625599 -0.5867145
vn 0.5557316 0.5818890 -0.5937740
vn 0.6361148 0.4891627 -0.5967225
vn 0.7059735 0.3837937 -0.5952343
vn 0.7634472 0.2657446 -0.5886664
vn 0.8057347 0.1365716 -0.5763158
vn 0.8299180 0.0003168 -0.5578853
vn 0.8343862 -0.1364339 -0.5340276
vn 0.8201713 -0.2658082 -0.5066213
vn 0.7912403 -0.3807884 -0.4784756
vn 0.7534474 -0.4769958 -0.4525396
vn 0.7128549 -0.5531648 -0.4310993
vn 0.6744367 -0.6104195 -0.4153590
vn 0.6415858 -0.6511243 -0.4054686
vn 0.6162471 -0.6779411 -0.4007934
vn 0.5993069 -0.6932893 -0.4002264
vn 0.5909870 -0.6991338 -0.4024254
vn 0.5911412 -0.6969525 -0.4059673
vn 0.5994416 -0.6877753 -0.4094324
vn 0.6154847 -0.6722348 -0.4114352
vn 0.6388276 -0.6506037 -0.4106264
vn 0.6689754 -0.6228164 -0.4056745
vn 0.7053170 -0.5884840 -0.3952399
vn 0.7470098 -0.5469182 -0.3779642
vn 0.7928116 -0.4971896 -0.3524943
vn 0.8408653 -0.4382734 -0.3175878
vn 0.8885003 -0.3693201 -0.2723416
vn 0.9321547 -0.2901257 -0.2165981
vn 0.9675934 -0.2019273 -0.1516192
vn 0.9902902 -0.1113291 -0.0832531
vn 0.0000000 -0.8110656 -0.5849553
vn -0.9902902 -0.1113292 -0.0832531
vn -0.9675934 -0.2019273 -0.1516193
vn -0.9321547 -0.2901258 -0.2165981
vn -0.8885003 -0.3693201 -0.2723416
vn -0.8408653 -0.4382734 -0.3175878
vn -0.7928115 -0.4971897 -0.3524943
vn -0.7470099 -0.5469181 -0.3779641
vn -0.7053170 -0.5884839 -0.3952399
vn -0.6689753 -0.6228164 -0.4056745
vn -0.6388277 -0.6506037 -0.4106264
vn -0.6154849 -0.6722347 -0.4114350
vn -0.5994416 -0.6877753 -0.4094322
vn -0.5911412 -0.6969525 -0.4059672
vn -0.5909870 -0.6991338 -0.4024253
vn -0.5993069 -0.6932894 -0.4002262
vn -0.6162471 -0.6779411 -0.4007933
vn -0.6415858 -0.6511242 -0.4054687
vn -0.6744367 -0.6104195 -0.4153591
vn -0.7128547 -0.5531647 -0.4310996
vn -0.7534473 -0.4769958 -0.4525397
vn -0.7912406 -0.3807884 -0.4784752
vn -0.8201709 -0.2658080 -0.5066219
vn -0.8343857 -0.1364339 -0.5340284
vn -0.8299179 0.0003169 -0.5578854
vn -0.8057348 0.1365716 -0.5763154
vn -0.7634473 0.2657447 -0.5886662
vn -0.7059734 0.3837937 -0.5952343
vn -0.6361147 0.4891627 -0.5967226
vn -0.5557316 0.5818891 -0.5937740
vn -0.4655969 0.6625599 -0.5867145
vn -0.3656984 0.7314978 -0.5754784
vn -0.2557720 0.7882679 -0.5596555
vn -0.1359442 0.8315048 -0.5386269
vn -0.0073918 0.8590826 -0.5117835
vn 0.1271562 0.8686537 -0.4788236
vn 0.2633386 0.8584896 -0.4400549
vn 0.3957016 0.8283427 -0.3965711
vn 0.5187724 0.7799077 -0.3501704
vn 0.6282303 0.7166016 -0.3029999
vn 0.7216426 0.6427609 -0.2570801
vn 0.7985137 0.5626824 -0.2139258
vn 0.8598145 0.4799052 -0.1743845
vn 0.9073174 0.3969145 -0.1386868
vn 0.9430239 0.3151844 -0.1066052
vn 0.9687861 0.2354254 -0.0776419
vn 0.9861032 0.1580372 -0.0512320
vn 0.9959306 0.0857928 -0.0276014
vn 0.0000000 0.9724301 -0.2331948
vn -0.9960828 0.0860283 -0.0204446
vn -0.9866211 0.1585457 -0.0379733
vn -0.9699516 0.2363799 -0.0576071
vn -0.9451549 0.3168709 -0.0792154
vn -0.9107717 0.3997868 -0.1032735
vn -0.8649591 0.4846488 -0.1302356
vn -0.8056462 0.5702714 -0.1603894
vn -0.7308462 0.6544756 -0.1937147
vn -0.6391686 0.7339497 -0.2297418
vn -0.5304846 0.8043940 -0.2674630
vn -0.4065166 0.8610947 -0.3053853
vn -0.2710149 0.8998587 -0.3417679
vn -0.1292616 0.9179745 -0.3749856
vn 0.0130096 0.9147233 -0.4038713
vn 0.1508039 0.8911680 -0.4278758
vn 0.2806320 0.8493739 -0.4470007
vn 0.4006214 0.7914844 -0.4615788
vn 0.5100920 0.7190301 -0.4720189
vn 0.6088639 0.6326419 -0.4785906
vn 0.6965181 0.5321889 -0.4812874
vn 0.7717825 0.4173323 -0.4797765
vn 0.8322271 0.2884755 -0.4734764
vn 0.8745456 0.1479422 -0.4618258
vn 0.8956679 0.0008588 -0.4447227
vn 0.8944488 -0.1450565 -0.4229895
vn 0.8729942 -0.2811905 -0.3985136
vn 0.8365753 -0.4004619 -0.3738609
vn 0.7920949 -0.4990057 -0.3515382
vn 0.7461689 -0.5762933 -0.3333434
vn 0.7038839 -0.6340930 -0.3201146
vn 0.6684929 -0.6751849 -0.3118373
vn 0.6417128 -0.7024250 -0.3079022
vn 0.6242030 -0.7182646 -0.3073540
vn 0.6159838 -0.7245939 -0.3090753
vn 0.6167284 -0.7227517 -0.3118910
vn 0.6259343 -0.7135949 -0.3146245
vn 0.6430069 -0.6975742 -0.3161210
vn 0.6672816 -0.6747962 -0.3152544
vn 0.6979991 -0.6450746 -0.3109279
vn 0.7342432 -0.6079772 -0.3020774
vn 0.7748517 -0.5628846 -0.2876903
vn 0.8183011 -0.5090893 -0.2668548
vn 0.8625955 -0.4459555 -0.2388571
vn 0.9052070 -0.3731657 -0.2033413
vn 0.9431331 -0.2910779 -0.1605419
vn 0.9731430 -0.2013139 -0.1116487
vn 0.9920080 -0.1104529 -0.0609939
vn 0.0000000 -0.8828166 -0.4697180
vn -0.9920080 -0.1104529 -0.0609939
vn -0.9731430 -0.2013139 -0.1116487
vn -0.9431331 -0.2910780 -0.1605419
vn -0.9052070 -0.3731658 -0.2033413
vn -0.8625955 -0.4459555 -0.2388571
vn -0.8183010 -0.5090894 -0.2668548
vn -0.7748517 -0.5628847 -0.2876903
vn -0.7342431 -0.6079772 -0.3020774
vn -0.6979991 -0.6450745 -0.3109279
vn -0.6672816 -0.6747963 -0.3152543
vn -0.6430069 -0.6975742 -0.3161209
vn -0.6259343 -0.7135949 -0.3146244
vn -0.6167282 -0.7227519 -0.3118910
vn -0.6159837 -0.7245940 -0.3090754
vn -0.6242030 -0.7182648 -0.3073539
vn -0.6417128 -0.7024251 -0.3079019
vn -0.6684929 -0.6751850 -0.3118371
vn -0.7038839 -0.6340931 -0.3201146
vn -0.7461689 -0.5762933 -0.3333434
vn -0.7920949 -0.4990058 -0.3515377
vn -0.8365753 -0.4004619 -0.3738609
vn -0.8729939 -0.2811904 -0.3985142
vn -0.8944484 -0.1450564 -0.4229901
vn -0.8956678 0.0008588 -0.4447228
vn -0.8745457 0.1479422 -0.4618257
vn -0.8322273 0.2884757 -0.4734759
vn -0.7717828 0.4173324 -0.4797760
vn -0.6965181 0.5321890 -0.4812873
vn -0.6088639 0.6326420 -0.4785904
vn -0.5100920 0.7190302 -0.4720187
vn -0.4006214 0.7914844 -0.4615789
vn -0.2806320 0.8493738 -0.4470008
vn -0.1508039 0.8911680 -0.4278758
vn -0.0130096 0.9147233 -0.4038714
vn 0.1292617 0.9179745 -0.3749856
vn 0.2710150 0.8998587 -0.3417679
vn 0.4065166 0.8610947 -0.3053852
vn 0.5304846 0.8043940 -0.2674629
vn 0.6391686 0.7339497 -0.2297419
vn 0.7308463 0.6544756 -0.1937148
vn 0.8056462 0.5702713 -0.1603895
vn 0.8649591 0.4846488 -0.1302356
vn 0.9107717 0.3997868 -0.1032735
vn 0.9451548 0.3168710 -0.0792154
vn 0.9699515 0.2363800 -0.0576071
vn 0.9866212 0.1585457 -0.0379733
vn 0.9960828 0.0860283 -0.0204446
vn 0.0000000 0.9877279 -0.1561847
vn -0.9961873 0.0861888 -0.0135102
vn -0.9869766 0.1588930 -0.0251050
vn -0.9707535 0.2370343 -0.0381122
vn -0.9466272 0.3180324 -0.0524624
vn -0.9131722 0.4017771 -0.0684969
vn -0.8685625 0.4879622 -0.0865569
vn -0.8106946 0.5756285 -0.1068931
vn -0.7374484 0.6628581 -0.1295727
vn -0.6471474 0.7465708 -0.1543770
vn -0.5392004 0.8225589 -0.1807205
vn -0.4147513 0.8859248 -0.2076505
vn -0.2770169 0.9319447 -0.2339675
vn -0.1309988 0.9570987 -0.2584598
vn 0.0174702 0.9597943 -0.2801601
vn 0.1629476 0.9403949 -0.2985052
vn 0.3013153 0.9005710 -0.3133380
vn 0.4300645 0.8423566 -0.3247768
vn 0.5479642 0.7673486 -0.3330337
vn 0.6543583 0.6763168 -0.3382463
vn 0.7483618 0.5693066 -0.3403597
vn 0.8281834 0.4462413 -0.3390887
vn 0.8908377 0.3079919 -0.3339897
vn 0.9325892 0.1576619 -0.3246845
vn 0.9503396 0.0014174 -0.3112119
vn 0.9435272 -0.1520208 -0.2943572
vn 0.9153506 -0.2934751 -0.2756914
vn 0.8722671 -0.4159333 -0.2571954
vn 0.8220359 -0.5160683 -0.2406873
vn 0.7716479 -0.5940166 -0.2273851
vn 0.7261941 -0.6520809 -0.2177902
vn 0.6887523 -0.6933666 -0.2118090
vn 0.6608196 -0.7208711 -0.2089554
vn 0.6428540 -0.7370594 -0.2085237
vn 0.6347058 -0.7437544 -0.2097091
vn 0.6358992 -0.7421778 -0.2116700
vn 0.6457866 -0.7330421 -0.2135626
vn 0.6636148 -0.7166457 -0.2145559
vn 0.6885352 -0.6929593 -0.2138380
vn 0.7195736 -0.6617023 -0.2106275
vn 0.7555798 -0.6224197 -0.2041882
vn 0.7951635 -0.5745735 -0.1938566
vn 0.8366332 -0.5176603 -0.1790882
vn 0.8779610 -0.4513707 -0.1595274
vn 0.9168044 -0.3757909 -0.1350963
vn 0.9506186 -0.2916593 -0.1061091
vn 0.9768704 -0.2008206 -0.0734533
vn 0.9931505 -0.1097908 -0.0399758
vn 0.0000000 -0.9437175 -0.3307526
vn -0.9931505 -0.1097908 -0.0399758
vn -0.9768704 -0.2008206 -0.0734533
vn -0.9506186 -0.2916593 -0.1061091
vn -0.9168044 -0.3757909 -0.1350963
vn -0.8779609 -0.4513708 -0.1595273
vn -0.8366332 -0.5176604 -0.1790882
vn -0.7951635 -0.5745735 -0.1938565
vn -0.7555799 -0.6224197 -0.2041882
vn -0.7195736 -0.6617022 -0.2106276
vn -0.6885351 -0.6929594 -0.2138381
vn -0.6636147 -0.7166458 -0.2145559
vn -0.6457866 -0.7330421 -0.2135627
vn -0.6358992 -0.7421778 -0.2116702
vn -0.6347058 -0.7437544 -0.2097094
vn -0.6428539 -0.7370594 -0.2085239
vn -0.6608195 -0.7208712 -0.2089553
vn -0.6887522 -0.6933666 -0.2118089
vn -0.7261941 -0.6520809 -0.2177901
vn -0.7716479 -0.5940166 -0.2273846
vn -0.8220360 -0.5160685 -0.2406868
vn -0.8722671 -0.4159333 -0.2571955
vn -0.9153506 -0.2934752 -0.2756914
vn -0.9435273 -0.1520208 -0.2943568
vn -0.9503397 0.0014173 -0.3112113
vn -0.9325894 0.1576619 -0.3246840
vn -0.8908378 0.3079920 -0.3339893
vn -0.8281834 0.4462414 -0.3390883
vn -0.7483619 0.5693067 -0.3403591
vn -0.6543585 0.6763171 -0.3382457
vn -0.5479642 0.7673486 -0.3330335
vn -0.4300645 0.8423565 -0.3247769
vn -0.3013154 0.9005710 -0.3133382
vn -0.1629476 0.9403949 -0.2985055
vn -0.0174702 0.9597943 -0.2801600
vn 0.1309988 0.9570987 -0.2584597
vn 0.2770169 0.9319446 -0.2339675
vn 0.4147513 0.8859248 -0.2076506
vn 0.5392003 0.8225589 -0.1807204
vn 0.6471474 0.7465708 -0.1543770
vn 0.7374483 0.6628581 -0.1295729
vn 0.8106946 0.5756285 -0.1068931
vn 0.8685625 0.4879622 -0.0865569
vn 0.9131722 0.4017771 -0.0684968
vn 0.9466273 0.3180323 -0.0524624
vn 0.9707535 0.2370343 -0.0381122
vn 0.9869766 0.1588930 -0.0251050
vn 0.9961873 0.0861888 -0.0135102
vn 0.0000000 0.9969292 -0.0783084
vn -0.9962481 0.0862817 -0.0067197
vn -0.9871843 0.1590949 -0.0124902
vn -0.9712229 0.2374158 -0.0189693
vn -0.9474914 0.3187121 -0.0261277
vn -0.9145862 0.4029468 -0.0341431
vn -0.8706964 0.4899200 -0.0431977
vn -0.8137047 0.5788171 -0.0534355
vn -0.7414207 0.6678933 -0.0649152
vn -0.6520023 0.7542397 -0.0775594
vn -0.5445770 0.8337477 -0.0911078
vn -0.4199119 0.9014583 -0.1051042
vn -0.2808465 0.9523537 -0.1189442
vn -0.1321390 0.9824046 -0.1319865
vn 0.0203764 0.9894133 -0.1436871
vn 0.1710067 0.9732085 -0.1536944
vn 0.3152217 0.9351116 -0.1618684
vn 0.4500603 0.8770101 -0.1682235
vn 0.5738724 0.8004983 -0.1728379
vn 0.6856239 0.7064199 -0.1757574
vn 0.7840534 0.5949414 -0.1769321
vn 0.8669596 0.4661929 -0.1761961
vn 0.9309427 0.3214194 -0.1733066
vn 0.9719806 0.1643267 -0.1680786
vn 0.9870210 0.0018526 -0.1605804
vn 0.9760075 -0.1565822 -0.1512989
vn 0.9429766 -0.3014566 -0.1411347
vn 0.8952249 -0.4258707 -0.1311734
vn 0.8410645 -0.5269126 -0.1223675
vn 0.7876871 -0.6051850 -0.1153257
vn 0.7401426 -0.6633466 -0.1102728
vn 0.7013620 -0.7047088 -0.1071308
vn 0.6726820 -0.7323534 -0.1056288
vn 0.6544212 -0.7487493 -0.1053917
vn 0.6463156 -0.7556725 -0.1059965
vn 0.6477907 -0.7542661 -0.1070037
vn 0.6581026 -0.7451462 -0.1079726
vn 0.6763932 -0.7285101 -0.1084674
vn 0.7016910 -0.7042388 -0.1080626
vn 0.7328824 -0.6719915 -0.1063518
vn 0.7686701 -0.6313047 -0.1029590
vn 0.8075292 -0.5817036 -0.0975581
vn 0.8476842 -0.5228285 -0.0898996
vn 0.8871174 -0.4545852 -0.0798440
vn 0.9236308 -0.3773102 -0.0674018
vn 0.9549733 -0.2919600 -0.0527751
vn 0.9790177 -0.2004922 -0.0364317
vn 0.9938045 -0.1093679 -0.0197799
vn 0.0000000 -0.9852048 -0.1713817
vn -0.9938045 -0.1093679 -0.0197799
vn -0.9790177 -0.2004922 -0.0364317
vn -0.9549733 -0.2919600 -0.0527751
vn -0.9236309 -0.3773102 -0.0674018
vn -0.8871173 -0.4545853 -0.0798440
vn -0.8476842 -0.5228285 -0.0898996
vn -0.8075292 -0.5817036 -0.0975581
vn -0.7686701 -0.6313047 -0.1029590
vn -0.7328824 -0.6719915 -0.1063519
vn -0.7016910 -0.7042387 -0.1080628
vn -0.6763932 -0.7285101 -0.1084675
vn -0.6581026 -0.7451462 -0.1079728
vn -0.6477907 -0.7542660 -0.1070040
vn -0.6463156 -0.7556725 -0.1059967
vn -0.6544212 -0.7487493 -0.1053918
vn -0.6726820 -0.7323534 -0.1056290
vn -0.7013620 -0.7047088 -0.1071308
vn -0.7401426 -0.6633466 -0.1102728
vn -0.7876872 -0.6051850 -0.1153255
vn -0.8410645 -0.5269126 -0.1223672
vn -0.8952249 -0.4258707 -0.1311732
vn -0.9429767 -0.3014566 -0.1411340
vn -0.9760077 -0.1565823 -0.1512977
vn -0.9870211 0.0018526 -0.1605794
vn -0.9719807 0.1643267 -0.1680782
vn -0.9309427 0.3214194 -0.1733066
vn -0.8669596 0.4661929 -0.1761964
vn -0.7840534 0.5949414 -0.1769324
vn -0.6856240 0.7064199 -0.1757571
vn -0.5738724 0.8004983 -0.1728380
vn -0.4500602 0.8770100 -0.1682239
vn -0.3152217 0.9351116 -0.1618684
vn -0.1710067 0.9732085 -0.1536945
vn -0.0203764 0.9894133 -0.1436871
vn 0.1321390 0.9824046 -0.1319865
vn 0.2808464 0.9523537 -0.1189442
vn 0.4199120 0.9014583 -0.1051042
vn 0.5445771 0.8337477 -0.0911077
vn 0.6520023 0.7542397 -0.0775593
vn 0.7414206 0.6678933 -0.0649152
vn 0.8137047 0.5788172 -0.0534354
vn 0.8706965 0.4899201 -0.0431977
vn 0.9145864 0.4029468 -0.0341431
vn 0.9474915 0.3187119 -0.0261277
vn 0.9712229 0.2374157 -0.0189692
vn 0.9871843 0.1590949 -0.0124902
vn 0.9962481 0.0862817 -0.0067197
vn 0.0013288 -0.1341895 0.9909548
vn 0.9986737 0.0297644 0.0420120
vn -0.9820086 0.0839578 0.1691460
vn -0.9701734 0.1139250 0.2139734
vn -0.9476852 0.1552616 0.2789024
vn -0.9199964 0.1979024 0.3382914
vn -0.8871423 0.2409002 0.3936314
vn -0.8488275 0.2829756 0.4465609
vn -0.8047407 0.3225919 0.4983239
vn -0.7548273 0.3580855 0.5495548
vn -0.6994792 0.3878290 0.6002646
vn -0.6396098 0.4104436 0.6499503
vn -0.5765895 0.4249868 0.6978043
vn -0.5120531 0.4310636 0.7429574
vn -0.4476403 0.4287865 0.7847039
vn -0.3847571 0.4186327 0.8226230
vn -0.3244172 0.4012076 0.8566130
vn -0.2671979 0.3770159 0.8868282
vn -0.2133034 0.3463041 0.9135509
vn -0.1626867 0.3089328 0.9370665
vn -0.1152183 0.2643729 0.9575133
vn -0.0708797 0.2118297 0.9747329
vn -0.0299672 0.1504554 0.9881625
vn 0.0067458 0.0798081 0.9967874
vn 0.0379648 0.0004727 0.9992790
vn 0.0620218 -0.0853387 0.9944198
vn 0.0772502 -0.1734680 0.9818051
vn 0.0825052 -0.2583110 0.9625322
vn 0.0776223 -0.3341117 0.9393318
vn 0.0635656 -0.3965516 0.9158091
vn 0.0421610 -0.4436087 0.8952284
vn 0.0155834 -0.4755362 0.8795581
vn -0.0141129 -0.4941278 0.8692748
vn -0.0452748 -0.5019000 0.8637399
vn -0.0767663 -0.5015281 0.8617288
vn -0.1079677 -0.4954638 0.8618925
vn -0.1387142 -0.4857766 0.8630061
vn -0.1692091 -0.4741322 0.8640410
vn -0.1999165 -0.4618297 0.8641450
vn -0.2314819 -0.4498771 0.8625699
vn -0.2646758 -0.4390734 0.8585809
vn -0.3003678 -0.4300797 0.8513581
vn -0.3394201 -0.4235197 0.8398958
vn -0.3825609 -0.4200848 0.8229070
vn -0.4299910 -0.4206868 0.7988306
vn -0.4805406 -0.4267258 0.7661500
vn -0.5318396 -0.4349603 0.7266060
vn 0.9898426 -0.0201788 0.1407280
vn 0.0457264 -0.4873780 0.8719929
vn 0.5287048 -0.4410471 0.7252232
vn 0.4805407 -0.4267257 0.7661501
vn 0.4299910 -0.4206867 0.7988306
vn 0.3825609 -0.4200848 0.8229070
vn 0.3394201 -0.4235195 0.8398960
vn 0.3003678 -0.4300798 0.8513580
vn 0.2646758 -0.4390736 0.8585809
vn 0.2314819 -0.4498771 0.8625699
vn 0.1999165 -0.4618300 0.8641450
vn 0.1692091 -0.4741324 0.8640409
vn 0.1387143 -0.4857763 0.8630062
vn 0.1079677 -0.4954634 0.8618926
vn 0.0767663 -0.5015284 0.8617286
vn 0.0452748 -0.5019003 0.8637397
vn 0.0141129 -0.4941278 0.8692748
vn -0.0155834 -0.4755362 0.8795581
vn -0.0421610 -0.4436091 0.8952281
vn -0.0635656 -0.3965525 0.9158086
vn -0.0776223 -0.3341117 0.9393318
vn -0.0825052 -0.2583110 0.9625322
vn -0.0772502 -0.1734681 0.9818051
vn -0.0620218 -0.0853387 0.9944198
vn -0.0379648 0.0004727 0.9992790
vn -0.0067458 0.0798081 0.9967874
vn 0.0299672 0.1504555 0.9881625
vn 0.0708797 0.2118297 0.9747329
vn 0.1152183 0.2643729 0.9575133
vn 0.1626868 0.3089322 0.9370667
vn 0.2133035 0.3463036 0.9135510
vn 0.2671979 0.3770159 0.8868282
vn 0.3244173 0.4012076 0.8566131
vn 0.3847572 0.4186324 0.8226231
vn 0.4476404 0.4287863 0.7847040
vn 0.5120530 0.4310641 0.7429573
vn 0.5765893 0.4249870 0.6978042
vn 0.6396099 0.4104433 0.6499504
vn 0.6994792 0.3878288 0.6002646
vn 0.7548273 0.3580855 0.5495548
vn 0.8047408 0.3225917 0.4983240
vn 0.8488274 0.2829759 0.4465609
vn 0.8871422 0.2409004 0.3936314
vn 0.9199964 0.1979025 0.3382914
vn 0.9476852 0.1552619 0.2789024
vn 0.9701734 0.1139250 0.2139734
vn 0.9868740 0.0745160 0.1432725
vn 0.9800939 0.1019989 0.1703292
vn 0.9933497 0.0164990 0.1139483
vn -0.9533818 0.0527934 0.2971125
vn -0.9149599 0.0754606 0.3964267
vn -0.8651271 0.1013180 0.4912126
vn -0.8126202 0.1271540 0.5687532
vn -0.7595112 0.1526443 0.6323310
vn -0.7063830 0.1773214 0.6852591
vn -0.6531422 0.2005937 0.7301831
vn -0.5995607 0.2218109 0.7689778
vn -0.5455515 0.2403400 0.8028762
vn -0.4912432 0.2556152 0.8326710
vn -0.4369563 0.2671828 0.8588845
vn -0.3831236 0.2746931 0.8819070
vn -0.3302004 0.2778778 0.9020818
vn -0.2786042 0.2765121 0.9197395
vn -0.2286757 0.2703582 0.9352079
vn -0.1806799 0.2591192 0.9487950
vn -0.1348287 0.2424116 0.9607590
vn -0.0913207 0.2197370 0.9712755
vn -0.0504070 0.1905104 0.9803902
vn -0.0124741 0.1541419 0.9879700
vn 0.0218631 0.1101988 0.9936690
vn 0.0516900 0.0586750 0.9969380
vn 0.0757836 0.0003692 0.9971243
vn 0.0927177 -0.0627525 0.9937130
vn 0.1011356 -0.1273584 0.9866870
vn 0.1001508 -0.1890279 0.9768512
vn 0.0897064 -0.2430860 0.9658478
vn 0.0706690 -0.2856985 0.9557103
vn 0.0445870 -0.3146496 0.9481601
vn 0.0132612 -0.3295496 0.9440451
vn -0.0216510 -0.3315105 0.9432030
vn -0.0588797 -0.3226021 0.9447016
vn -0.0976405 -0.3053516 0.9472205
vn -0.1376317 -0.2823275 0.9493939
vn -0.1789849 -0.2558643 0.9499989
vn -0.2222020 -0.2279061 0.9479900
vn -0.2680905 -0.1999462 0.9424165
vn -0.3177127 -0.1730485 0.9322622
vn -0.3723388 -0.1479128 0.9162345
vn -0.4333880 -0.1249527 0.8925030
vn -0.5023211 -0.1043513 0.8583614
vn -0.5804078 -0.0860841 0.8097631
vn -0.6681772 -0.0698841 0.7407128
vn -0.7642366 -0.0551381 0.6425746
vn -0.8436330 -0.0422395 0.5352563
vn 0.2991461 -0.0814415 0.9507254
vn 0.6082559 -0.0650174 0.7910736
vn 0.8626915 -0.0407355 0.5040874
vn 0.7642367 -0.0551380 0.6425745
vn 0.6681772 -0.0698840 0.7407128
vn 0.5804079 -0.0860841 0.8097631
vn 0.5023212 -0.1043513 0.8583614
vn 0.4333881 -0.1249525 0.8925030
vn 0.3723388 -0.1479128 0.9162346
vn 0.3177127 -0.1730486 0.9322622
vn 0.2680905 -0.1999465 0.9424165
vn 0.2222020 -0.2279064 0.9479899
vn 0.1789849 -0.2558639 0.9499990
vn 0.1376318 -0.2823268 0.9493940
vn 0.0976405 -0.3053517 0.9472204
vn 0.0588797 -0.3226024 0.9447015
vn 0.0216510 -0.3315105 0.9432030
vn -0.0132612 -0.3295493 0.9440452
vn -0.0445870 -0.3146499 0.9481600
vn -0.0706689 -0.2856992 0.9557101
vn -0.0897064 -0.2430863 0.9658478
vn -0.1001508 -0.1890273 0.9768513
vn -0.1011356 -0.1273584 0.9866870
vn -0.0927177 -0.0627525 0.9937130
vn -0.0757836 0.0003692 0.9971243
vn -0.0516900 0.0586750 0.9969380
vn -0.0218631 0.1101988 0.9936690
vn 0.0124741 0.1541422 0.9879700
vn 0.0504070 0.1905104 0.9803902
vn 0.0913207 0.2197362 0.9712757
vn 0.1348287 0.2424115 0.9607590
vn 0.1806799 0.2591195 0.9487950
vn 0.2286757 0.2703582 0.9352079
vn 0.2786043 0.2765119 0.9197395
vn 0.3302005 0.2778777 0.9020818
vn 0.3831236 0.2746935 0.8819069
vn 0.4369562 0.2671833 0.8588844
vn 0.4912432 0.2556151 0.8326711
vn 0.5455516 0.2403394 0.8028763
vn 0.5995606 0.2218111 0.7689778
vn 0.6531423 0.2005937 0.7301830
vn 0.7063830 0.1773212 0.6852592
vn 0.7595111 0.1526447 0.6323310
vn 0.8126202 0.1271541 0.5687533
vn 0.8651271 0.1013181 0.4912125
vn 0.9149598 0.0754612 0.3964267
vn 0.9577991 0.0498833 0.2830770
vn 0.2382561 0.1503434 0.9594951
vn -0.0349888 0.2297091 0.9726301
vn -0.9822005 0.0441001 0.1825853
vn -0.9461072 0.0780766 0.3143010
vn -0.8927813 0.1118577 0.4363823
vn -0.8292983 0.1426592 0.5402895
vn -0.7617699 0.1697924 0.6252016
vn -0.6935334 0.1933353 0.6939978
vn -0.6262922 0.2133899 0.7498153
vn -0.5608168 0.2299915 0.7953542
vn -0.4974825 0.2431211 0.8327084
vn -0.4365359 0.2527502 0.8634546
vn -0.3782043 0.2588798 0.8887872
vn -0.3227016 0.2615539 0.9096445
vn -0.2701944 0.2608449 0.9267982
vn -0.2207721 0.2568292 0.9409029
vn -0.1744318 0.2495407 0.9525245
vn -0.1310897 0.2389406 0.9621449
vn -0.0906088 0.2248880 0.9701626
vn -0.0528352 0.2071228 0.9768872
vn -0.0176400 0.1852617 0.9825308
vn 0.0150244 0.1588246 0.9871925
vn 0.0450635 0.1272981 0.9908403
vn 0.0721736 0.0902627 0.9932994
vn 0.0957872 0.0475931 0.9942634
vn 0.1150693 -0.0002597 0.9933575
vn 0.1289942 -0.0519698 0.9902827
vn 0.1365502 -0.1051708 0.9850346
vn 0.1370422 -0.1565798 0.9781115
vn 0.1303849 -0.2025636 0.9705503
vn 0.1172239 -0.2399241 0.9636882
vn 0.0988026 -0.2666351 0.9587198
vn 0.0766422 -0.2821209 0.9563126
vn 0.0521935 -0.2871384 0.9564660
vn 0.0265885 -0.2833441 0.9586497
vn 0.0005267 -0.2728136 0.9620667
vn -0.0257306 -0.2576490 0.9658959
vn -0.0523108 -0.2397186 0.9694321
vn -0.0796698 -0.2205321 0.9721205
vn -0.1085569 -0.2012189 0.9735124
vn -0.1400271 -0.1825614 0.9731720
vn -0.1755191 -0.1650587 0.9705404
vn -0.2170153 -0.1489864 0.9647318
vn -0.2673644 -0.1344253 0.9541730
vn -0.3307884 -0.1212499 0.9358832
vn -0.4136039 -0.1090277 0.9039052
vn -0.5245256 -0.0967231 0.8458827
vn -0.6538678 -0.0834183 0.7519962
vn -0.8850536 -0.0550058 0.4622277
vn -0.0021613 -0.1187194 0.9929255
vn 0.8396625 -0.0606847 0.5397077
vn 0.6713347 -0.0820122 0.7366028
vn 0.5245259 -0.0967228 0.8458826
vn 0.4136041 -0.1090278 0.9039052
vn 0.3307884 -0.1212499 0.9358833
vn 0.2673645 -0.1344251 0.9541730
vn 0.2170154 -0.1489863 0.9647317
vn 0.1755191 -0.1650586 0.9705404
vn 0.1400271 -0.1825611 0.9731721
vn 0.1085568 -0.2012192 0.9735123
vn 0.0796697 -0.2205325 0.9721204
vn 0.0523108 -0.2397188 0.9694320
vn 0.0257306 -0.2576488 0.9658960
vn -0.0005267 -0.2728136 0.9620668
vn -0.0265885 -0.2833444 0.9586496
vn -0.0521935 -0.2871386 0.9564660
vn -0.0766422 -0.2821201 0.9563128
vn -0.0988026 -0.2666346 0.9587199
vn -0.1172239 -0.2399253 0.9636880
vn -0.1303849 -0.2025639 0.9705501
vn -0.1370422 -0.1565802 0.9781115
vn -0.1365501 -0.1051712 0.9850345
vn -0.1289942 -0.0519699 0.9902825
vn -0.1150692 -0.0002597 0.9933574
vn -0.0957872 0.0475931 0.9942634
vn -0.0721735 0.0902625 0.9932994
vn -0.0450635 0.1272979 0.9908403
vn -0.0150244 0.1588241 0.9871926
vn 0.0176400 0.1852609 0.9825311
vn 0.0528352 0.2071232 0.9768872
vn 0.0906088 0.2248887 0.9701625
vn 0.1310897 0.2389404 0.9621450
vn 0.1744318 0.2495404 0.9525247
vn 0.2207722 0.2568293 0.9409029
vn 0.2701944 0.2608452 0.9267981
vn 0.3227016 0.2615537 0.9096447
vn 0.3782044 0.2588792 0.8887874
vn 0.4365359 0.2527502 0.8634546
vn 0.4974825 0.2431210 0.8327084
vn 0.5608168 0.2299918 0.7953542
vn 0.6262922 0.2133901 0.7498152
vn 0.6935333 0.1933354 0.6939979
vn 0.7617698 0.1697925 0.6252018
vn 0.8292981 0.1426593 0.5402897
vn 0.8927813 0.1118577 0.4363823
vn 0.9466724 0.0776736 0.3126951
vn 0.9831490 0.0425169 0.1777933
vn 0.0000000 0.2908822 0.9567589
vn -0.9836555 0.0552956 0.1713601
vn -0.9478981 0.0996293 0.3025943
vn -0.8934814 0.1419509 0.4260763
vn -0.8269155 0.1789382 0.5330964
vn -0.7535383 0.2099500 0.6229776
vn -0.6773691 0.2350059 0.6970963
vn -0.6011828 0.2543972 0.7575364
vn -0.5268191 0.2685204 0.8064480
vn -0.4554870 0.2778095 0.8457857
vn -0.3879696 0.2827064 0.8772438
vn -0.3247438 0.2836528 0.9022653
vn -0.2660404 0.2810655 0.9220764
vn -0.2118861 0.2753130 0.9377137
vn -0.1621379 0.2666816 0.9500486
vn -0.1165239 0.2553480 0.9598019
vn -0.0746920 0.2413598 0.9675570
vn -0.0362575 0.2246193 0.9737718
vn -0.0008477 0.2048816 0.9787864
vn 0.0318510 0.1817644 0.9828262
vn 0.0620431 0.1547716 0.9860002
vn 0.0897703 0.1233617 0.9882931
vn 0.1148511 0.0870663 0.9895599
vn 0.1368332 0.0456777 0.9895404
vn 0.1549922 -0.0004852 0.9879156
vn 0.1684080 -0.0502923 0.9844336
vn 0.1761617 -0.1016344 0.9791004
vn 0.1776248 -0.1515390 0.9723607
vn 0.1727381 -0.1966553 0.9651363
vn 0.1621339 -0.2339911 0.9586244
vn 0.1470198 -0.2615884 0.9539164
vn 0.1288797 -0.2788384 0.9516508
vn 0.1091449 -0.2863675 0.9518829
vn 0.0889556 -0.2856669 0.9541914
vn 0.0690589 -0.2786335 0.9579114
vn 0.0498132 -0.2671916 0.9623551
vn 0.0312475 -0.2530544 0.9669473
vn 0.0131365 -0.2376085 0.9712722
vn -0.0049479 -0.2218978 0.9750574
vn -0.0236233 -0.2066594 0.9781277
vn -0.0437336 -0.1923869 0.9803441
vn -0.0664707 -0.1793843 0.9815310
vn -0.0936550 -0.1678135 0.9813599
vn -0.1283520 -0.1577084 0.9791087
vn -0.1763099 -0.1489373 0.9730018
vn -0.2496337 -0.1409795 0.9580229
vn -0.3758653 -0.1319888 0.9172264
vn -0.5907755 -0.1161734 0.7984284
vn 0.0000000 -0.1544764 0.9879965
vn 0.5907755 -0.1161735 0.7984284
vn 0.3758646 -0.1319888 0.9172267
vn 0.2496341 -0.1409795 0.9580228
vn 0.1763101 -0.1489372 0.9730017
vn 0.1283520 -0.1577084 0.9791087
vn 0.0936551 -0.1678132 0.9813600
vn 0.0664708 -0.1793841 0.9815310
vn 0.0437336 -0.1923867 0.9803442
vn 0.0236233 -0.2066592 0.9781277
vn 0.0049479 -0.2218976 0.9750574
vn -0.0131365 -0.2376088 0.9712722
vn -0.0312474 -0.2530547 0.9669472
vn -0.0498132 -0.2671920 0.9623550
vn -0.0690589 -0.2786340 0.9579113
vn -0.0889556 -0.2856672 0.9541914
vn -0.1091449 -0.2863673 0.9518830
vn -0.1288797 -0.2788378 0.9516509
vn -0.1470197 -0.2615889 0.9539164
vn -0.1621339 -0.2339921 0.9586242
vn -0.1727381 -0.1966559 0.9651362
vn -0.1776248 -0.1515395 0.9723606
vn -0.1761618 -0.1016343 0.9791003
vn -0.1684081 -0.0502923 0.9844335
vn -0.1549922 -0.0004852 0.9879156
vn -0.1368332 0.0456777 0.9895404
vn -0.1148511 0.0870662 0.9895599
vn -0.0897703 0.1233614 0.9882931
vn -0.0620431 0.1547711 0.9860003
vn -0.0318511 0.1817636 0.9828263
vn 0.0008477 0.2048813 0.9787865
vn 0.0362575 0.2246196 0.9737718
vn 0.0746920 0.2413600 0.9675570
vn 0.1165239 0.2553477 0.9598019
vn 0.1621380 0.2666811 0.9500486
vn 0.2118861 0.2753128 0.9377138
vn 0.2660404 0.2810652 0.9220764
vn 0.3247437 0.2836526 0.9022654
vn 0.3879696 0.2827063 0.8772438
vn 0.4554870 0.2778102 0.8457856
vn 0.5268191 0.2685206 0.8064479
vn 0.6011828 0.2543976 0.7575362
vn 0.6773690 0.2350062 0.6970963
vn 0.7535382 0.2099501 0.6229777
vn 0.8269155 0.1789382 0.5330964
vn 0.8934812 0.1419509 0.4260765
vn 0.9478980 0.0996293 0.3025945
vn 0.9836555 0.0552956 0.1713601
vn 0.0000000 0.3670447 0.9302034
vn -0.9856884 0.0642461 0.1558557
vn -0.9537222 0.1156409 0.2775628
vn -0.9033576 0.1651717 0.3958074
vn -0.8390566 0.2088016 0.5023802
vn -0.7650764 0.2453175 0.5953801
vn -0.6853791 0.2742913 0.6745515
vn -0.6034003 0.2957994 0.7405477
vn -0.5219526 0.3102726 0.7945417
vn -0.4432023 0.3183734 0.8379797
vn -0.3686867 0.3208950 0.8724084
vn -0.2993641 0.3186583 0.8993542
vn -0.2356919 0.3124358 0.9202354
vn -0.1777267 0.3028842 0.9363089
vn -0.1252285 0.2905061 0.9486433
vn -0.0777619 0.2756222 0.9581155
vn -0.0347871 0.2583630 0.9654214
vn 0.0042676 0.2386667 0.9710922
vn 0.0399426 0.2162905 0.9755117
vn 0.0726944 0.1908262 0.9789285
vn 0.1028442 0.1617363 0.9814603
vn 0.1305249 0.1284237 0.9830924
vn 0.1556194 0.0903552 0.9836760
vn 0.1777171 0.0472578 0.9829463
vn 0.1961134 -0.0006093 0.9805810
vn 0.2098960 -0.0521632 0.9763312
vn 0.2181541 -0.1053234 0.9702143
vn 0.2202829 -0.1571342 0.9626964
vn 0.2162701 -0.2042546 0.9547289
vn 0.2068149 -0.2436973 0.9475438
vn 0.1931982 -0.2734994 0.9422699
vn 0.1769755 -0.2930339 0.9395801
vn 0.1596422 -0.3028954 0.9395577
vn 0.1424029 -0.3045244 0.9417995
vn 0.1260806 -0.2997658 0.9456448
vn 0.1111370 -0.2904978 0.9503997
vn 0.0977468 -0.2783963 0.9554796
vn 0.0858894 -0.2648269 0.9604633
vn 0.0754275 -0.2508271 0.9650888
vn 0.0661638 -0.2371430 0.9692191
vn 0.0578799 -0.2242813 0.9728041
vn 0.0503490 -0.2125782 0.9758461
vn 0.0433273 -0.2022413 0.9783768
vn 0.0364846 -0.1933974 0.9804419
vn 0.0291900 -0.1861219 0.9820930
vn 0.0196354 -0.1804604 0.9833863
vn 0.0001916 -0.1764615 0.9843075
vn -0.0728833 -0.1740833 0.9820300
vn 0.0000000 -0.1915416 0.9814845
vn 0.0728833 -0.1740833 0.9820300
vn -0.0001916 -0.1764615 0.9843075
vn -0.0196362 -0.1804604 0.9833863
vn -0.0291900 -0.1861219 0.9820930
vn -0.0364846 -0.1933974 0.9804419
vn -0.0433274 -0.2022412 0.9783769
vn -0.0503490 -0.2125781 0.9758461
vn -0.0578799 -0.2242813 0.9728041
vn -0.0661638 -0.2371427 0.9692191
vn -0.0754275 -0.2508273 0.9650888
vn -0.0858894 -0.2648269 0.9604633
vn -0.0977468 -0.2783963 0.9554796
vn -0.1111370 -0.2904978 0.9503997
vn -0.1260807 -0.2997660 0.9456448
vn -0.1424029 -0.3045243 0.9417995
vn -0.1596421 -0.3028952 0.9395578
vn -0.1769755 -0.2930343 0.9395800
vn -0.1931982 -0.2735002 0.9422696
vn -0.2068149 -0.2436979 0.9475437
vn -0.2162702 -0.2042550 0.9547288
vn -0.2202829 -0.1571339 0.9626964
vn -0.2181541 -0.1053231 0.9702142
vn -0.2098960 -0.0521629 0.9763312
vn -0.1961134 -0.0006093 0.9805810
vn -0.1777171 0.0472580 0.9829463
vn -0.1556195 0.0903557 0.9836760
vn -0.1305249 0.1284238 0.9830923
vn -0.1028441 0.1617361 0.9814604
vn -0.0726944 0.1908257 0.9789286
vn -0.0399426 0.2162898 0.9755118
vn -0.0042675 0.2386664 0.9710923
vn 0.0347871 0.2583632 0.9654213
vn 0.0777619 0.2756223 0.9581155
vn 0.1252285 0.2905060 0.9486433
vn 0.1777267 0.3028841 0.9363090
vn 0.2356918 0.3124356 0.9202355
vn 0.2993641 0.3186578 0.8993544
vn 0.3686867 0.3208952 0.8724083
vn 0.4432024 0.3183736 0.8379797
vn 0.5219527 0.3102727 0.7945415
vn 0.6034003 0.2957994 0.7405475
vn 0.6853790 0.2742917 0.6745514
vn 0.7650765 0.2453175 0.5953799
vn 0.8390566 0.2088016 0.5023802
vn 0.9033576 0.1651716 0.3958072
vn 0.9537222 0.1156410 0.2775629
vn 0.9856883 0.0642461 0.1558558
vn 0.0000000 0.4410973 0.8974593
vn -0.9878608 0.0704067 0.1384702
vn -0.9601963 0.1271045 0.2487321
vn -0.9152452 0.1826985 0.3590925
vn -0.8555812 0.2327383 0.4624000
vn -0.7840508 0.2754752 0.5562174
vn -0.7039468 0.3098683 0.6390936
vn -0.6187873 0.3354793 0.7103210
vn -0.5320109 0.3524496 0.7698985
vn -0.4466599 0.3614126 0.8184595
vn -0.3651312 0.3633425 0.8571240
vn -0.2890559 0.3593698 0.8872992
vn -0.2193188 0.3506093 0.9104792
vn -0.1561756 0.3380321 0.9280859
vn -0.0994145 0.3223896 0.9413722
vn -0.0485235 0.3041789 0.9513783
vn -0.0028293 0.2836367 0.9589276
vn 0.0383884 0.2607520 0.9646422
vn 0.0758146 0.2352861 0.9689647
vn 0.1100308 0.2068037 0.9721757
vn 0.1414585 0.1747147 0.9744046
vn 0.1702999 0.1383556 0.9756309
vn 0.1964742 0.0971240 0.9756868
vn 0.2195721 0.0506929 0.9742783
vn 0.2388596 -0.0006960 0.9710538
vn 0.2533796 -0.0559218 0.9657491
vn 0.2621906 -0.1128096 0.9583998
vn 0.2646997 -0.1682682 0.9495367
vn 0.2609691 -0.2188306 0.9402172
vn 0.2518234 -0.2614232 0.9317956
vn 0.2386905 -0.2940551 0.9255044
vn 0.2232602 -0.3161047 0.9220806
vn 0.2071361 -0.3281873 0.9216223
vn 0.1916079 -0.3317634 0.9236988
vn 0.1775773 -0.3286887 0.9275938
vn 0.1655948 -0.3208511 0.9325411
vn 0.1559532 -0.3099408 0.9378782
vn 0.1487953 -0.2973408 0.9431058
vn 0.1442173 -0.2841086 0.9478838
vn 0.1423645 -0.2710037 0.9519923
vn 0.1435342 -0.2585422 0.9552769
vn 0.1483145 -0.2470471 0.9575858
vn 0.1578196 -0.2366845 0.9586833
vn 0.1741601 -0.2274752 0.9580832
vn 0.2015757 -0.2192286 0.9546235
vn 0.2495465 -0.2112576 0.9450380
vn 0.3437380 -0.2009808 0.9173063
vn 0.5649624 -0.1748617 0.8063752
vn 0.0000000 -0.2298438 0.9732275
vn -0.5649624 -0.1748615 0.8063752
vn -0.3437380 -0.2009810 0.9173063
vn -0.2495471 -0.2112575 0.9450378
vn -0.2015758 -0.2192285 0.9546235
vn -0.1741601 -0.2274753 0.9580830
vn -0.1578196 -0.2366845 0.9586831
vn -0.1483146 -0.2470472 0.9575857
vn -0.1435342 -0.2585424 0.9552768
vn -0.1423645 -0.2710037 0.9519923
vn -0.1442174 -0.2841086 0.9478838
vn -0.1487953 -0.2973408 0.9431057
vn -0.1559532 -0.3099406 0.9378782
vn -0.1655948 -0.3208509 0.9325412
vn -0.1775774 -0.3286886 0.9275938
vn -0.1916079 -0.3317635 0.9236987
vn -0.2071360 -0.3281876 0.9216223
vn -0.2232602 -0.3161051 0.9220805
vn -0.2386905 -0.2940555 0.9255044
vn -0.2518233 -0.2614236 0.9317954
vn -0.2609691 -0.2188307 0.9402171
vn -0.2646998 -0.1682683 0.9495366
vn -0.2621906 -0.1128092 0.9583998
vn -0.2533797 -0.0559214 0.9657491
vn -0.2388596 -0.0006960 0.9710538
vn -0.2195721 0.0506933 0.9742783
vn -0.1964742 0.0971244 0.9756868
vn -0.1702998 0.1383555 0.9756309
vn -0.1414584 0.1747145 0.9744046
vn -0.1100308 0.2068034 0.9721757
vn -0.0758147 0.2352858 0.9689648
vn -0.0383883 0.2607518 0.9646423
vn 0.0028294 0.2836364 0.9589278
vn 0.0485235 0.3041788 0.9513784
vn 0.0994145 0.3223898 0.9413723
vn 0.1561756 0.3380321 0.9280859
vn 0.2193188 0.3506097 0.9104790
vn 0.2890558 0.3593700 0.8872992
vn 0.3651312 0.3633421 0.8571241
vn 0.4466599 0.3614126 0.8184594
vn 0.5320110 0.3524494 0.7698985
vn 0.6187874 0.3354790 0.7103211
vn 0.7039468 0.3098680 0.6390937
vn 0.7840508 0.2754751 0.5562174
vn 0.8555812 0.2327383 0.4624000
vn 0.9152452 0.1826983 0.3590925
vn 0.9601963 0.1271045 0.2487321
vn 0.9878608 0.0704067 0.1384702
vn 0.0000000 0.5122799 0.8588185
vn -0.9897352 0.0746946 0.1218399
vn -0.9659538 0.1353511 0.2204842
vn -0.9263517 0.1958854 0.3217166
vn -0.8720722 0.2517119 0.4196800
vn -0.8046114 0.3007330 0.5120159
vn -0.7262675 0.3413301 0.5966820
vn -0.6401287 0.3724168 0.6719680
vn -0.5498019 0.3935876 0.7367542
vn -0.4589495 0.4051691 0.7906980
vn -0.3707903 0.4080986 0.8342482
vn -0.2877424 0.4036927 0.8684680
vn -0.2112906 0.3933696 0.8947718
vn -0.1420536 0.3784309 0.9146643
vn -0.0799779 0.3599173 0.9295499
vn -0.0245603 0.3385446 0.9406297
vn 0.0249504 0.3146938 0.9488653
vn 0.0693932 0.2884268 0.9549841
vn 0.1095791 0.2595239 0.9594997
vn 0.1462044 0.2275264 0.9627336
vn 0.1797801 0.1917897 0.9648294
vn 0.2105636 0.1515795 0.9657571
vn 0.2384892 0.1062248 0.9653183
vn 0.2631178 0.0553572 0.9631742
vn 0.2836488 -0.0007629 0.9589279
vn 0.2990454 -0.0609126 0.9522927
vn 0.3083127 -0.1227274 0.9433352
vn 0.3108785 -0.1828860 0.9326881
vn 0.3069183 -0.2377120 0.9215716
vn 0.2974425 -0.2840132 0.9115177
vn 0.2840863 -0.3197747 0.9039022
vn 0.2687193 -0.3444211 0.8995355
vn 0.2530763 -0.3586321 0.8985184
vn 0.2385368 -0.3639271 0.9003651
vn 0.2260704 -0.3622072 0.9042666
vn 0.2162963 -0.3553933 0.9093469
vn 0.2095945 -0.3452065 0.9148238
vn 0.2062321 -0.3330580 0.9200764
vn 0.2064830 -0.3200256 0.9246342
vn 0.2107511 -0.3068785 0.9281215
vn 0.2197201 -0.2941162 0.9301714
vn 0.2345663 -0.2820010 0.9302979
vn 0.2573285 -0.2705634 0.9276732
vn 0.2916355 -0.2595212 0.9206506
vn 0.3442751 -0.2480021 0.9055218
vn 0.4288030 -0.2336022 0.8726729
vn 0.5730137 -0.2089201 0.7924694
vn 0.8010774 -0.1526050 0.5787804
vn 0.0000000 -0.2705690 0.9627005
vn -0.8010774 -0.1526050 0.5787804
vn -0.5730137 -0.2089199 0.7924694
vn -0.4288030 -0.2336025 0.8726728
vn -0.3442759 -0.2480018 0.9055216
vn -0.2916355 -0.2595212 0.9206507
vn -0.2573283 -0.2705638 0.9276732
vn -0.2345662 -0.2820011 0.9302979
vn -0.2197201 -0.2941165 0.9301713
vn -0.2107511 -0.3068786 0.9281215
vn -0.2064830 -0.3200257 0.9246342
vn -0.2062321 -0.3330578 0.9200764
vn -0.2095945 -0.3452064 0.9148238
vn -0.2162962 -0.3553931 0.9093469
vn -0.2260704 -0.3622070 0.9042667
vn -0.2385367 -0.3639274 0.9003650
vn -0.2530763 -0.3586325 0.8985183
vn -0.2687193 -0.3444211 0.8995354
vn -0.2840863 -0.3197747 0.9039022
vn -0.2974426 -0.2840131 0.9115177
vn -0.3069184 -0.2377117 0.9215717
vn -0.3108785 -0.1828858 0.9326882
vn -0.3083127 -0.1227272 0.9433352
vn -0.2990454 -0.0609124 0.9522927
vn -0.2836488 -0.0007629 0.9589280
vn -0.2631178 0.0553574 0.9631742
vn -0.2384891 0.1062250 0.9653181
vn -0.2105635 0.1515796 0.9657571
vn -0.1797801 0.1917900 0.9648294
vn -0.1462045 0.2275265 0.9627335
vn -0.1095791 0.2595239 0.9594997
vn -0.0693931 0.2884268 0.9549841
vn -0.0249503 0.3146935 0.9488654
vn 0.0245603 0.3385444 0.9406298
vn 0.0799778 0.3599175 0.9295498
vn 0.1420536 0.3784309 0.9146643
vn 0.2112907 0.3933697 0.8947718
vn 0.2877426 0.4036930 0.8684678
vn 0.3707903 0.4080987 0.8342482
vn 0.4589497 0.4051688 0.7906980
vn 0.5498021 0.3935875 0.7367541
vn 0.6401289 0.3724163 0.6719681
vn 0.7262675 0.3413300 0.5966820
vn 0.8046114 0.3007328 0.5120159
vn 0.8720722 0.2517119 0.4196799
vn 0.9263517 0.1958854 0.3217165
vn 0.9659539 0.1353509 0.2204842
vn 0.9897352 0.0746947 0.1218399
vn 0.0000000 0.5800042 0.8146135
vn -0.9912440 0.0777408 0.1067322
vn -0.9707012 0.1413658 0.1943065
vn -0.9358518 0.2058596 0.2860126
vn -0.8868713 0.2667032 0.3772649
vn -0.8241557 0.3216694 0.4661504
vn -0.7489478 0.3687229 0.5505640
vn -0.6635749 0.4061434 0.6282642
vn -0.5713780 0.4328405 0.6972635
vn -0.4762821 0.4485850 0.7562584
vn -0.3821597 0.4540320 0.8048657
vn -0.2922310 0.4504959 0.8435962
vn -0.2087039 0.4396141 0.8736029
vn -0.1327178 0.4230056 0.8963550
vn -0.0645117 0.4020333 0.9133496
vn -0.0036884 0.3776788 0.9259294
vn 0.0505208 0.3505082 0.9351960
vn 0.0990389 0.3206931 0.9419911
vn 0.1427861 0.2880529 0.9469095
vn 0.1825624 0.2521136 0.9503208
vn 0.2189588 0.2121809 0.9523845
vn 0.2522755 0.1674495 0.9530571
vn 0.2824398 0.1171834 0.9521008
vn 0.3089539 0.0609896 0.9491195
vn 0.3309159 -0.0008153 0.9436599
vn 0.3471799 -0.0668406 0.9354135
vn 0.3566896 -0.1344521 0.9244973
vn 0.3589169 -0.2000175 0.9116862
vn 0.3542047 -0.2596080 0.8984113
vn 0.3438174 -0.3099090 0.8864232
vn 0.3296548 -0.3489175 0.8772596
vn 0.3138017 -0.3761487 0.8718030
vn 0.2981348 -0.3923919 0.8701404
vn 0.2841147 -0.3992522 0.8717090
vn 0.2727609 -0.3986869 0.8755857
vn 0.2647364 -0.3926570 0.8807583
vn 0.2604780 -0.3829115 0.8863013
vn 0.2603367 -0.3708838 0.8914427
vn 0.2647103 -0.3576638 0.8955473
vn 0.2741817 -0.3440117 0.8980425
vn 0.2896879 -0.3303811 0.8982924
vn 0.3127562 -0.3169306 0.8953986
vn 0.3458927 -0.3034719 0.8878418
vn 0.3932583 -0.2892960 0.8727289
vn 0.4618504 -0.2726748 0.8440039
vn 0.5630887 -0.2495284 0.7878242
vn 0.7109461 -0.2100937 0.6711305
vn 0.8861991 -0.1388500 0.4420089
vn 0.0000000 -0.3140560 0.9494045
vn -0.8861991 -0.1388500 0.4420089
vn -0.7109461 -0.2100937 0.6711306
vn -0.5630887 -0.2495284 0.7878242
vn -0.4618505 -0.2726748 0.8440039
vn -0.3932586 -0.2892957 0.8727289
vn -0.3458924 -0.3034720 0.8878419
vn -0.3127560 -0.3169307 0.8953985
vn -0.2896879 -0.3303810 0.8982925
vn -0.2741817 -0.3440118 0.8980424
vn -0.2647103 -0.3576639 0.8955473
vn -0.2603368 -0.3708840 0.8914425
vn -0.2604781 -0.3829116 0.8863013
vn -0.2647364 -0.3926570 0.8807583
vn -0.2727609 -0.3986869 0.8755857
vn -0.2841146 -0.3992524 0.8717089
vn -0.2981348 -0.3923920 0.8701403
vn -0.3138017 -0.3761488 0.8718030
vn -0.3296548 -0.3489176 0.8772596
vn -0.3438174 -0.3099090 0.8864232
vn -0.3542047 -0.2596078 0.8984113
vn -0.3589168 -0.2000174 0.9116862
vn -0.3566897 -0.1344521 0.9244972
vn -0.3471797 -0.0668406 0.9354137
vn -0.3309159 -0.0008153 0.9436599
vn -0.3089539 0.0609896 0.9491194
vn -0.2824398 0.1171835 0.9521008
vn -0.2522755 0.1674497 0.9530570
vn -0.2189588 0.2121811 0.9523845
vn -0.1825625 0.2521136 0.9503208
vn -0.1427861 0.2880527 0.9469095
vn -0.0990389 0.3206931 0.9419911
vn -0.0505208 0.3505080 0.9351960
vn 0.0036884 0.3776786 0.9259294
vn 0.0645116 0.4020332 0.9133496
vn 0.1327177 0.4230056 0.8963550
vn 0.2087039 0.4396141 0.8736029
vn 0.2922310 0.4504959 0.8435962
vn 0.3821599 0.4540319 0.8048658
vn 0.4762822 0.4485851 0.7562584
vn 0.5713781 0.4328402 0.6972635
vn 0.6635751 0.4061432 0.6282642
vn 0.7489479 0.3687227 0.5505639
vn 0.8241557 0.3216695 0.4661503
vn 0.8868712 0.2667033 0.3772649
vn 0.9358518 0.2058596 0.2860126
vn 0.9707012 0.1413658 0.1943065
vn 0.9912440 0.0777408 0.1067322
vn 0.0000000 0.6437792 0.7652113
vn -0.9924305 0.0799521 0.0932160
vn -0.9745054 0.1458240 0.1705127
vn -0.9436842 0.2134694 0.2527663
vn -0.8995366 0.2785611 0.3365083
vn -0.8416554 0.3389237 0.4204128
vn -0.7703353 0.3923085 0.5026705
vn -0.6870078 0.4364928 0.5809425
vn -0.5944171 0.4696817 0.6527385
vn -0.4963766 0.4909302 0.7159593
vn -0.3971483 0.5003547 0.7693623
vn -0.3006617 0.4990456 0.8127460
vn -0.2099092 0.4887072 0.8468196
vn -0.1266844 0.4712209 0.8728700
vn -0.0516593 0.4482825 0.8923980
vn 0.0153478 0.4211808 0.9068468
vn 0.0750507 0.3907182 0.9174458
vn 0.1284147 0.3572143 0.9251527
vn 0.1764460 0.3205566 0.9306505
vn 0.2200364 0.2802722 0.9343616
vn 0.2598457 0.2356233 0.9364625
vn 0.2962008 0.1857388 0.9368919
vn 0.3289980 0.1298254 0.9353639
vn 0.3576481 0.0674888 0.9314145
vn 0.3811120 -0.0008517 0.9245285
vn 0.3981079 -0.0735668 0.9143839
vn 0.4075229 -0.1476697 0.9011763
vn 0.4089162 -0.2191501 0.8858672
vn 0.4028714 -0.2838042 0.8701435
vn 0.3909839 -0.3382210 0.8560013
vn 0.3754762 -0.3804657 0.8451411
vn 0.3586738 -0.4102010 0.8385035
vn 0.3425943 -0.4283661 0.8361409
vn 0.3287630 -0.4366713 0.8373966
vn 0.3182237 -0.4371328 0.8412185
vn 0.3116542 -0.4317403 0.8464467
vn 0.3095150 -0.4222583 0.8519968
vn 0.3122006 -0.4101245 0.8569297
vn 0.3201801 -0.3964218 0.8604269
vn 0.3341357 -0.3818786 0.8616972
vn 0.3551275 -0.3668771 0.8598172
vn 0.3848094 -0.3514292 0.8534747
vn 0.4257362 -0.3350823 0.8405168
vn 0.4817989 -0.3166579 0.8170664
vn 0.5586295 -0.2936574 0.7756923
vn 0.6629630 -0.2609983 0.7016836
vn 0.7960395 -0.2092420 0.5679250
vn 0.9268024 -0.1303093 0.3522169
vn 0.0000000 -0.3608055 0.9326411
vn -0.9268025 -0.1303094 0.3522168
vn -0.7960395 -0.2092420 0.5679250
vn -0.6629630 -0.2609981 0.7016837
vn -0.5586295 -0.2936573 0.7756923
vn -0.4817990 -0.3166579 0.8170664
vn -0.4257362 -0.3350821 0.8405169
vn -0.3848095 -0.3514292 0.8534749
vn -0.3551275 -0.3668772 0.8598172
vn -0.3341356 -0.3818785 0.8616973
vn -0.3201800 -0.3964216 0.8604270
vn -0.3122005 -0.4101245 0.8569298
vn -0.3095150 -0.4222583 0.8519968
vn -0.3116541 -0.4317404 0.8464466
vn -0.3182237 -0.4371329 0.8412185
vn -0.3287630 -0.4366713 0.8373966
vn -0.3425943 -0.4283661 0.8361409
vn -0.3586738 -0.4102010 0.8385036
vn -0.3754762 -0.3804660 0.8451410
vn -0.3909838 -0.3382213 0.8560011
vn -0.4028713 -0.2838042 0.8701436
vn -0.4089161 -0.2191500 0.8858673
vn -0.4075230 -0.1476697 0.9011762
vn -0.3981077 -0.0735667 0.9143840
vn -0.3811120 -0.0008517 0.9245285
vn -0.3576481 0.0674888 0.9314145
vn -0.3289981 0.1298254 0.9353639
vn -0.2962008 0.1857388 0.9368918
vn -0.2598457 0.2356232 0.9364625
vn -0.2200364 0.2802719 0.9343616
vn -0.1764461 0.3205564 0.9306505
vn -0.1284147 0.3572143 0.9251527
vn -0.0750506 0.3907182 0.9174457
vn -0.0153479 0.4211808 0.9068468
vn 0.0516592 0.4482824 0.8923981
vn 0.1266845 0.4712206 0.8728701
vn 0.2099092 0.4887072 0.8468196
vn 0.3006617 0.4990458 0.8127459
vn 0.3971483 0.5003548 0.7693623
vn 0.4963767 0.4909301 0.7159594
vn 0.5944169 0.4696821 0.6527383
vn 0.6870078 0.4364928 0.5809426
vn 0.7703353 0.3923084 0.5026706
vn 0.8416553 0.3389238 0.4204128
vn 0.8995364 0.2785612 0.3365083
vn 0.9436842 0.2134695 0.2527664
vn 0.9745054 0.1458240 0.1705127
vn 0.9924306 0.0799521 0.0932160
vn 0.0000000 0.7031867 0.7110052
vn -0.9933583 0.0815898 0.0811311
vn -0.9775243 0.1491798 0.1489688
vn -0.9500389 0.2193311 0.2220809
vn -0.9101219 0.2879671 0.2979144
vn -0.8568276 0.3530946 0.3757269
vn -0.7896894 0.4124424 0.4541828
vn -0.7092559 0.4634721 0.5311776
vn -0.6174804 0.5037791 0.6040899
vn -0.5177442 0.5316325 0.6703042
vn -0.4143773 0.5464190 0.7278171
vn -0.3118376 0.5487476 0.7756503
vn -0.2138823 0.5401837 0.8139140
vn -0.1230552 0.5227587 0.8435524
vn -0.0405975 0.4984735 0.8659539
vn 0.0333326 0.4689558 0.8825925
vn 0.0993069 0.4352896 0.8947967
vn 0.1582790 0.3979898 0.9036326
vn 0.2113106 0.3570471 0.9098710
vn 0.2593670 0.3120138 0.9139891
vn 0.3031619 0.2621199 0.9161801
vn 0.3430276 0.2064371 0.9163601
vn 0.3788005 0.1441303 0.9141864
vn 0.4097584 0.0748352 0.9091192
vn 0.4346857 -0.0008665 0.9005818
vn 0.4521459 -0.0810231 0.8882563
vn 0.4609883 -0.1622056 0.8724558
vn 0.4609251 -0.2399691 0.8543786
vn 0.4528781 -0.3098328 0.8360054
vn 0.4388620 -0.3683435 0.8195872
vn 0.4214768 -0.4137083 0.8069713
vn 0.4033043 -0.4458061 0.7991261
vn 0.3864909 -0.4657635 0.7960460
vn 0.3726006 -0.4754087 0.7969663
vn 0.3626701 -0.4768093 0.8007018
vn 0.3573583 -0.4719664 0.8059421
vn 0.3571151 -0.4626334 0.8114426
vn 0.3623374 -0.4502284 0.8160920
vn 0.3735098 -0.4358021 0.8188815
vn 0.3913352 -0.4200273 0.8188003
vn 0.4168733 -0.4031858 0.8146519
vn 0.4517011 -0.3851210 0.8047658
vn 0.4980876 -0.3651011 0.7865177
vn 0.5591023 -0.3415307 0.7554874
vn 0.6383067 -0.3113931 0.7039878
vn 0.7377870 -0.2694135 0.6189400
vn 0.8513629 -0.2079192 0.4816126
vn 0.9496390 -0.1246284 0.2874951
vn 0.0000000 -0.4113880 0.9114603
vn -0.9496390 -0.1246284 0.2874951
vn -0.8513629 -0.2079192 0.4816126
vn -0.7377867 -0.2694137 0.6189404
vn -0.6383070 -0.3113929 0.7039877
vn -0.5591022 -0.3415307 0.7554876
vn -0.4980875 -0.3651010 0.7865177
vn -0.4517011 -0.3851208 0.8047658
vn -0.4168734 -0.4031858 0.8146519
vn -0.3913351 -0.4200273 0.8188003
vn -0.3735098 -0.4358020 0.8188816
vn -0.3623373 -0.4502283 0.8160920
vn -0.3571151 -0.4626333 0.8114427
vn -0.3573584 -0.4719665 0.8059421
vn -0.3626702 -0.4768094 0.8007016
vn -0.3726007 -0.4754088 0.7969663
vn -0.3864909 -0.4657635 0.7960460
vn -0.4033042 -0.4458061 0.7991261
vn -0.4214769 -0.4137085 0.8069712
vn -0.4388620 -0.3683438 0.8195871
vn -0.4528780 -0.3098327 0.8360056
vn -0.4609251 -0.2399691 0.8543786
vn -0.4609883 -0.1622057 0.8724558
vn -0.4521459 -0.0810230 0.8882563
vn -0.4346857 -0.0008665 0.9005818
vn -0.4097584 0.0748352 0.9091191
vn -0.3788005 0.1441303 0.9141864
vn -0.3430276 0.2064370 0.9163601
vn -0.3031620 0.2621199 0.9161801
vn -0.2593670 0.3120137 0.9139891
vn -0.2113106 0.3570471 0.9098710
vn -0.1582791 0.3979899 0.9036326
vn -0.0993070 0.4352896 0.8947967
vn -0.0333327 0.4689557 0.8825924
vn 0.0405975 0.4984735 0.8659538
vn 0.1230554 0.5227586 0.8435525
vn 0.2138826 0.5401837 0.8139139
vn 0.3118376 0.5487477 0.7756503
vn 0.4143772 0.5464191 0.7278170
vn 0.5177443 0.5316325 0.6703043
vn 0.6174805 0.5037790 0.6040899
vn 0.7092557 0.4634724 0.5311776
vn 0.7896893 0.4124424 0.4541828
vn 0.8568276 0.3530946 0.3757269
vn 0.9101219 0.2879672 0.2979144
vn 0.9500389 0.2193312 0.2220809
vn 0.9775243 0.1491798 0.1489688
vn 0.9933583 0.0815898 0.0811311
vn 0.0000000 0.7578651 0.6524112
vn -0.9940845 0.0828228 0.0702598
vn -0.9799144 0.1517396 0.1293947
vn -0.9551584 0.2238853 0.1937724
vn -0.9188551 0.2954512 0.2615601
vn -0.8697271 0.3647043 0.3325140
vn -0.8067472 0.4295021 0.4058162
vn -0.7296864 0.4871890 0.4797965
vn -0.6396474 0.5349138 0.5520131
vn -0.5393383 0.5702089 0.6196579
vn -0.4328462 0.5916076 0.6801798
vn -0.3249017 0.5990047 0.7318690
vn -0.2199230 0.5935791 0.7741432
vn -0.1212451 0.5773310 0.8074582
vn -0.0308000 0.5524911 0.8329495
vn 0.0507824 0.5210223 0.8520310
vn 0.1238248 0.4843333 0.8660766
vn 0.1892000 0.4431829 0.8762375
vn 0.2479836 0.3977073 0.8833646
vn 0.3011871 0.3475130 0.8879870
vn 0.3495558 0.2918172 0.8903109
vn 0.3933981 0.2296499 0.8902241
vn 0.4324505 0.1601569 0.8873197
vn 0.4658106 0.0830500 0.8809786
vn 0.4920421 -0.0008504 0.8705710
vn 0.5095419 -0.0891676 0.8558132
vn 0.5171639 -0.1779340 0.8371863
vn 0.5148740 -0.2622235 0.8161762
vn 0.5040506 -0.3373047 0.7950840
vn 0.4872262 -0.3997625 0.7764023
vn 0.4674253 -0.4480397 0.7620853
vn 0.4474880 -0.4823015 0.7530868
vn 0.4296644 -0.5038987 0.7493162
vn 0.4155216 -0.5147823 0.7498940
vn 0.4060533 -0.5170587 0.7535059
vn 0.4018633 -0.5127130 0.7587037
vn 0.4033530 -0.5034570 0.7640926
vn 0.4108794 -0.4906581 0.7683963
vn 0.4248871 -0.4753053 0.7704258
vn 0.4460220 -0.4579886 0.7689674
vn 0.4752289 -0.4388722 0.7625934
vn 0.5138395 -0.4176206 0.7493743
vn 0.5635935 -0.3932536 0.7264392
vn 0.6264638 -0.3638802 0.6892999
vn 0.7038885 -0.3262980 0.6309284
vn 0.7944868 -0.2756931 0.5410953
vn 0.8890661 -0.2065985 0.4085076
vn 0.9638414 -0.1206394 0.2376045
vn 0.0000000 -0.4663798 0.8845847
vn -0.9638414 -0.1206394 0.2376045
vn -0.8890661 -0.2065985 0.4085076
vn -0.7944866 -0.2756931 0.5410954
vn -0.7038882 -0.3262981 0.6309286
vn -0.6264641 -0.3638800 0.6892997
vn -0.5635933 -0.3932537 0.7264393
vn -0.5138397 -0.4176204 0.7493744
vn -0.4752291 -0.4388722 0.7625933
vn -0.4460220 -0.4579887 0.7689673
vn -0.4248872 -0.4753051 0.7704258
vn -0.4108794 -0.4906580 0.7683964
vn -0.4033529 -0.5034568 0.7640926
vn -0.4018633 -0.5127130 0.7587037
vn -0.4060534 -0.5170589 0.7535056
vn -0.4155216 -0.5147824 0.7498939
vn -0.4296643 -0.5038985 0.7493163
vn -0.4474879 -0.4823016 0.7530868
vn -0.4674254 -0.4480399 0.7620851
vn -0.4872262 -0.3997626 0.7764022
vn -0.5040506 -0.3373048 0.7950840
vn -0.5148741 -0.2622237 0.8161761
vn -0.5171640 -0.1779339 0.8371863
vn -0.5095417 -0.0891674 0.8558133
vn -0.4920421 -0.0008503 0.8705710
vn -0.4658106 0.0830502 0.8809785
vn -0.4324506 0.1601570 0.8873197
vn -0.3933982 0.2296499 0.8902241
vn -0.3495558 0.2918172 0.8903109
vn -0.3011872 0.3475130 0.8879871
vn -0.2479837 0.3977073 0.8833646
vn -0.1892001 0.4431830 0.8762375
vn -0.1238249 0.4843333 0.8660766
vn -0.0507825 0.5210222 0.8520311
vn 0.0308000 0.5524910 0.8329496
vn 0.1212452 0.5773309 0.8074581
vn 0.2199232 0.5935791 0.7741432
vn 0.3249017 0.5990049 0.7318689
vn 0.4328461 0.5916076 0.6801800
vn 0.5393384 0.5702090 0.6196578
vn 0.6396473 0.5349140 0.5520130
vn 0.7296863 0.4871891 0.4797966
vn 0.8067471 0.4295023 0.4058163
vn 0.8697271 0.3647043 0.3325141
vn 0.9188551 0.2954512 0.2615601
vn 0.9551585 0.2238853 0.1937724
vn 0.9799144 0.1517396 0.1293947
vn 0.9940845 0.0828228 0.0702598
vn 0.0000000 0.8075060 0.5898593
vn -0.9946540 0.0837631 0.0603909
vn -0.9818063 0.1537124 0.1114844
vn -0.9592675 0.2274461 0.1675537
vn -0.9259993 0.3014182 0.2273156
vn -0.8805432 0.3741882 0.2909069
vn -0.8214905 0.4438480 0.3579838
vn -0.7479838 0.5078006 0.4273859
vn -0.6603117 0.5629488 0.4970684
vn -0.5603786 0.6062198 0.5643345
vn -0.4517570 0.6352786 0.6263679
vn -0.3391630 0.6491302 0.6808806
vn -0.2274912 0.6483029 0.7266024
vn -0.1208404 0.6345326 0.7633911
vn -0.0219208 0.6101329 0.7919958
vn 0.0680330 0.5773576 0.8136520
vn 0.1489721 0.5379589 0.8297033
vn 0.2215987 0.4929864 0.8413433
vn 0.2869436 0.4427681 0.8494821
vn 0.3460271 0.3870012 0.8546902
vn 0.3995897 0.3249166 0.8571799
vn 0.4478770 0.2555255 0.8568039
vn 0.4904722 0.1779924 0.8530860
vn 0.5262340 0.0921677 0.8453301
vn 0.5534607 -0.0007893 0.8328750
vn 0.5703852 -0.0979530 0.8155158
vn 0.5759447 -0.1947157 0.7939606
vn 0.5704945 -0.2856412 0.7700293
vn 0.5560185 -0.3658076 0.7463433
vn 0.5356632 -0.4319449 0.7255952
vn 0.5129106 -0.4828407 0.7097799
vn 0.4908416 -0.5190160 0.6997834
vn 0.4717700 -0.5420762 0.6954039
vn 0.4572224 -0.5540947 0.6956484
vn 0.4481091 -0.5571954 0.6990933
vn 0.4449424 -0.5533168 0.7041781
vn 0.4480365 -0.5440953 0.7093827
vn 0.4576644 -0.5308118 0.7132896
vn 0.4741770 -0.5143616 0.7145546
vn 0.4980879 -0.4952295 0.7117979
vn 0.5301295 -0.4734475 0.7034275
vn 0.5712590 -0.4485168 0.6873834
vn 0.6225513 -0.4192758 0.6607858
vn 0.6848356 -0.3837039 0.6194928
vn 0.7577711 -0.3387388 0.5577087
vn 0.8379062 -0.2804309 0.4682645
vn 0.9157144 -0.2054061 0.3453628
vn 0.9732739 -0.1177184 0.1971804
vn 0.0000000 -0.5262957 0.8503016
vn -0.9732739 -0.1177183 0.1971804
vn -0.9157144 -0.2054061 0.3453628
vn -0.8379062 -0.2804309 0.4682645
vn -0.7577711 -0.3387387 0.5577088
vn -0.6848357 -0.3837039 0.6194928
vn -0.6225514 -0.4192758 0.6607856
vn -0.5712591 -0.4485167 0.6873833
vn -0.5301296 -0.4734474 0.7034274
vn -0.4980880 -0.4952295 0.7117978
vn -0.4741770 -0.5143617 0.7145546
vn -0.4576644 -0.5308117 0.7132897
vn -0.4480364 -0.5440953 0.7093827
vn -0.4449423 -0.5533167 0.7041782
vn -0.4481091 -0.5571954 0.6990933
vn -0.4572224 -0.5540946 0.6956486
vn -0.4717698 -0.5420761 0.6954041
vn -0.4908416 -0.5190160 0.6997834
vn -0.5129107 -0.4828406 0.7097800
vn -0.5356634 -0.4319449 0.7255952
vn -0.5560185 -0.3658077 0.7463432
vn -0.5704947 -0.2856414 0.7700292
vn -0.5759446 -0.1947157 0.7939607
vn -0.5703852 -0.0979528 0.8155158
vn -0.5534608 -0.0007892 0.8328749
vn -0.5262340 0.0921678 0.8453301
vn -0.4904724 0.1779925 0.8530859
vn -0.4478773 0.2555256 0.8568038
vn -0.3995897 0.3249165 0.8571799
vn -0.3460271 0.3870013 0.8546901
vn -0.2869436 0.4427682 0.8494821
vn -0.2215987 0.4929864 0.8413433
vn -0.1489721 0.5379588 0.8297033
vn -0.0680330 0.5773578 0.8136519
vn 0.0219208 0.6101331 0.7919957
vn 0.1208404 0.6345326 0.7633911
vn 0.2274913 0.6483029 0.7266025
vn 0.3391630 0.6491303 0.6808805
vn 0.4517570 0.6352788 0.6263676
vn 0.5603786 0.6062196 0.5643347
vn 0.6603118 0.5629489 0.4970682
vn 0.7479839 0.5078007 0.4273857
vn 0.8214905 0.4438480 0.3579838
vn 0.8805433 0.3741882 0.2909069
vn 0.9259993 0.3014182 0.2273156
vn 0.9592675 0.2274461 0.1675537
vn 0.9818063 0.1537124 0.1114844
vn 0.9946540 0.0837631 0.0603909
vn 0.0000000 0.8518491 0.5237872
vn -0.9951013 0.0844859 0.0513378
vn -0.9833028 0.1552414 0.0949509
vn -0.9625525 0.2302397 0.1431160
vn -0.9317991 0.3061734 0.1949571
vn -0.8895038 0.3818992 0.2508708
vn -0.8340188 0.4558047 0.3108934
vn -0.7640167 0.5254852 0.3743579
vn -0.6790717 0.5877957 0.4397247
vn -0.5802497 0.6392516 0.5046461
vn -0.4704195 0.6767364 0.5663332
vn -0.3539976 0.6982790 0.6221672
vn -0.2361112 0.7035306 0.6702957
vn -0.1215169 0.6936883 0.7099508
vn -0.0137373 0.6709381 0.7413862
vn 0.0852692 0.6377162 0.7655371
vn 0.1749492 0.5960995 0.7836187
vn 0.2557226 0.5474596 0.7968023
vn 0.3284982 0.4923624 0.8060200
vn 0.3942465 0.4306379 0.8118625
vn 0.4536544 0.3615648 0.8145359
vn 0.5068477 0.2841713 0.8138502
vn 0.5531872 0.1976919 0.8092601
vn 0.5912221 0.1022043 0.8000066
vn 0.6189467 -0.0006638 0.7854326
vn 0.6344616 -0.1072943 0.7654713
vn 0.6369109 -0.2123407 0.7411180
vn 0.6272220 -0.3098567 0.7145498
vn 0.6081430 -0.3948247 0.6886766
vn 0.5835268 -0.4642594 0.6663031
vn 0.5573167 -0.5174032 0.6493783
vn 0.5327929 -0.5551981 0.6386602
vn 0.5122781 -0.5795221 0.6338180
vn 0.4972094 -0.5925640 0.6337592
vn 0.4883718 -0.5964408 0.6369861
vn 0.4861500 -0.5930126 0.6418678
vn 0.4907347 -0.5838044 0.6468013
vn 0.5022732 -0.5699741 0.6502700
vn 0.5209695 -0.5522932 0.6508173
vn 0.5471409 -0.5311192 0.6469537
vn 0.5812292 -0.5063531 0.6370080
vn 0.6237383 -0.4773677 0.6189270
vn 0.6750416 -0.4429127 0.5900400
vn 0.7349458 -0.4010200 0.5468432
vn 0.8018491 -0.3490244 0.4849949
vn 0.8713886 -0.2840178 0.4000197
vn 0.9350429 -0.2043596 0.2897102
vn 0.9798170 -0.1155096 0.1631443
vn 0.0000000 -0.5914327 0.8063543
vn -0.9798170 -0.1155096 0.1631443
vn -0.9350429 -0.2043596 0.2897102
vn -0.8713886 -0.2840179 0.4000198
vn -0.8018490 -0.3490244 0.4849949
vn -0.7349458 -0.4010201 0.5468432
vn -0.6750416 -0.4429127 0.5900400
vn -0.6237384 -0.4773677 0.6189269
vn -0.5812292 -0.5063533 0.6370080
vn -0.5471409 -0.5311193 0.6469537
vn -0.5209693 -0.5522932 0.6508173
vn -0.5022731 -0.5699742 0.6502701
vn -0.4907346 -0.5838044 0.6468013
vn -0.4861499 -0.5930126 0.6418679
vn -0.4883719 -0.5964406 0.6369863
vn -0.4972096 -0.5925639 0.6337592
vn -0.5122782 -0.5795221 0.6338180
vn -0.5327929 -0.5551981 0.6386601
vn -0.5573167 -0.5174032 0.6493783
vn -0.5835267 -0.4642594 0.6663030
vn -0.6081430 -0.3948248 0.6886766
vn -0.6272219 -0.3098569 0.7145497
vn -0.6369109 -0.2123408 0.7411180
vn -0.6344616 -0.1072943 0.7654714
vn -0.6189470 -0.0006639 0.7854325
vn -0.5912223 0.1022043 0.8000065
vn -0.5531870 0.1976918 0.8092602
vn -0.5068477 0.2841711 0.8138503
vn -0.4536545 0.3615648 0.8145358
vn -0.3942465 0.4306379 0.8118625
vn -0.3284982 0.4923624 0.8060200
vn -0.2557226 0.5474596 0.7968024
vn -0.1749492 0.5960995 0.7836187
vn -0.0852692 0.6377165 0.7655370
vn 0.0137373 0.6709383 0.7413859
vn 0.1215169 0.6936884 0.7099507
vn 0.2361113 0.7035306 0.6702957
vn 0.3539974 0.6982791 0.6221673
vn 0.4704194 0.6767364 0.5663332
vn 0.5802497 0.6392516 0.5046461
vn 0.6790717 0.5877956 0.4397249
vn 0.7640167 0.5254852 0.3743577
vn 0.8340188 0.4558047 0.3108933
vn 0.8895037 0.3818992 0.2508709
vn 0.9317991 0.3061734 0.1949572
vn 0.9625526 0.2302397 0.1431160
vn 0.9833028 0.1552414 0.0949509
vn 0.9951013 0.0844859 0.0513378
vn 0.0000000 0.8906751 0.4546404
vn -0.9954516 0.0850428 0.0429414
vn -0.9844815 0.1564279 0.0795404
vn -0.9651623 0.2324281 0.1201622
vn -0.9364631 0.3099456 0.1642268
vn -0.8968288 0.3881190 0.2122779
vn -0.8444797 0.4656515 0.2646182
vn -0.7777587 0.5404202 0.3209946
vn -0.6956570 0.6094006 0.3803846
vn -0.5984502 0.6689088 0.4409288
vn -0.4882014 0.7152169 0.5001241
vn -0.3687902 0.7454072 0.5553035
vn -0.2453086 0.7581005 0.6042411
vn -0.1229864 0.7536911 0.6456192
vn -0.0061248 0.7339732 0.6791508
vn 0.1025118 0.7013879 0.7053696
vn 0.2017328 0.6582614 0.7252556
vn 0.2915500 0.6062860 0.7398756
vn 0.3726480 0.5463009 0.7501259
vn 0.4458682 0.4783117 0.7565841
vn 0.5117726 0.4016867 0.7594317
vn 0.5702899 0.3155192 0.7584307
vn 0.6204737 0.2191868 0.7529738
vn 0.6604863 0.1131117 0.7422692
vn 0.6879928 -0.0004509 0.7257174
vn 0.7010381 -0.1170323 0.7034551
vn 0.6991543 -0.2304658 0.6768077
vn 0.6840609 -0.3343372 0.6482895
vn 0.6594353 -0.4236707 0.6210057
vn 0.6298883 -0.4959169 0.5977518
vn 0.5997968 -0.5508814 0.5803218
vn 0.5725701 -0.5899718 0.5692948
vn 0.5504742 -0.6153451 0.5642061
vn 0.5348046 -0.6292888 0.5638970
vn 0.5261829 -0.6338893 0.5668473
vn 0.5248346 -0.6308988 0.5714151
vn 0.5307953 -0.6216974 0.5759763
vn 0.5440497 -0.6072876 0.5789747
vn 0.5646111 -0.5882889 0.5789047
vn 0.5925490 -0.5649193 0.5742401
vn 0.6279636 -0.5369593 0.5633262
vn 0.6708776 -0.5037043 0.5442473
vn 0.7210091 -0.4639225 0.5147055
vn 0.7773662 -0.4158581 0.4719786
vn 0.8376036 -0.3574138 0.4131289
vn 0.8972551 -0.2867158 0.3357488
vn 0.9492859 -0.2034435 0.2397225
vn 0.9844831 -0.1137925 0.1335827
vn 0.0000000 -0.6616072 0.7498506
vn -0.9844831 -0.1137925 0.1335827
vn -0.9492860 -0.2034435 0.2397225
vn -0.8972552 -0.2867158 0.3357487
vn -0.8376036 -0.3574139 0.4131289
vn -0.7773662 -0.4158582 0.4719785
vn -0.7210091 -0.4639226 0.5147055
vn -0.6708776 -0.5037043 0.5442473
vn -0.6279637 -0.5369592 0.5633261
vn -0.5925490 -0.5649193 0.5742401
vn -0.5646110 -0.5882889 0.5789048
vn -0.5440495 -0.6072876 0.5789748
vn -0.5307952 -0.6216975 0.5759763
vn -0.5248346 -0.6308989 0.5714151
vn -0.5261829 -0.6338893 0.5668474
vn -0.5348046 -0.6292886 0.5638970
vn -0.5504743 -0.6153451 0.5642061
vn -0.5725701 -0.5899718 0.5692950
vn -0.5997967 -0.5508814 0.5803220
vn -0.6298882 -0.4959171 0.5977517
vn -0.6594353 -0.4236709 0.6210055
vn -0.6840609 -0.3343373 0.6482895
vn -0.6991543 -0.2304659 0.6768078
vn -0.7010378 -0.1170323 0.7034553
vn -0.6879929 -0.0004510 0.7257172
vn -0.6604864 0.1131116 0.7422692
vn -0.6204734 0.2191867 0.7529740
vn -0.5702900 0.3155192 0.7584307
vn -0.5117729 0.4016868 0.7594315
vn -0.4458682 0.4783116 0.7565841
vn -0.3726480 0.5463008 0.7501259
vn -0.2915500 0.6062860 0.7398755
vn -0.2017328 0.6582615 0.7252555
vn -0.1025118 0.7013881 0.7053695
vn 0.0061248 0.7339732 0.6791508
vn 0.1229864 0.7536911 0.6456193
vn 0.2453086 0.7581006 0.6042411
vn 0.3687901 0.7454073 0.5553033
vn 0.4882012 0.7152171 0.5001242
vn 0.5984502 0.6689089 0.4409288
vn 0.6956570 0.6094006 0.3803846
vn 0.7777586 0.5404203 0.3209946
vn 0.8444796 0.4656515 0.2646183
vn 0.8968287 0.3881190 0.2122780
vn 0.9364631 0.3099458 0.1642269
vn 0.9651623 0.2324281 0.1201622
vn 0.9844813 0.1564279 0.0795404
vn 0.9954516 0.0850428 0.0429414
vn 0.0000000 0.9238051 0.3828631
vn -0.9957234 0.0854701 0.0350674
vn -0.9854004 0.1573430 0.0650314
vn -0.9672112 0.2341283 0.0984195
vn -0.9401605 0.3129070 0.1348614
vn -0.9027128 0.3930675 0.1749508
vn -0.8530296 0.4736220 0.2191408
vn -0.7892390 0.5527714 0.2674801
vn -0.7098871 0.6277300 0.3193986
vn -0.6145609 0.6948116 0.3735660
vn -0.5045060 0.7498955 0.4279375
vn -0.3829092 0.7892500 0.4800678
vn -0.2545713 0.8104310 0.5276316
vn -0.1249644 0.8128290 0.5689400
vn 0.0009451 0.7975733 0.6032213
vn 0.1195653 0.7668730 0.6305633
vn 0.2289620 0.7231620 0.6516234
vn 0.3286067 0.6684037 0.6672736
vn 0.4188403 0.6037177 0.6783051
vn 0.5002727 0.5293189 0.6852364
vn 0.5732461 0.4447107 0.6882015
vn 0.6373943 0.3491131 0.6869123
vn 0.6913627 0.2421413 0.6807239
vn 0.7328558 0.1247068 0.6688576
vn 0.7592176 -0.0001274 0.6508369
vn 0.7685726 -0.1268904 0.6270527
vn 0.7610727 -0.2485514 0.5991582
vn 0.7394640 -0.3583225 0.5699106
vn 0.7084861 -0.4514405 0.5424473
vn 0.6735100 -0.5259405 0.5193947
vn 0.6392673 -0.5822703 0.5022934
vn 0.6092089 -0.6223243 0.4915048
vn 0.5854715 -0.6485259 0.4864539
vn 0.5691620 -0.6632408 0.4859693
vn 0.5607099 -0.6685027 0.4885781
vn 0.5601588 -0.6659319 0.4927035
vn 0.5673667 -0.6567397 0.4967778
vn 0.5821292 -0.6417484 0.4992840
vn 0.6042380 -0.6214072 0.4987480
vn 0.6334834 -0.5957893 0.4936943
vn 0.6696036 -0.5645761 0.4825815
vn 0.7121596 -0.5270455 0.4637367
vn 0.7603223 -0.4820804 0.4353257
vn 0.8125515 -0.4282596 0.3954161
vn 0.8661908 -0.3641197 0.3422430
vn 0.9171295 -0.2887076 0.2748115
vn 0.9598370 -0.2026376 0.1940386
vn 0.9878561 -0.1124270 0.1072397
vn 0.0000000 -0.7357079 0.6772989
vn -0.9878561 -0.1124270 0.1072397
vn -0.9598370 -0.2026376 0.1940385
vn -0.9171295 -0.2887076 0.2748114
vn -0.8661908 -0.3641196 0.3422430
vn -0.8125515 -0.4282596 0.3954161
vn -0.7603223 -0.4820805 0.4353257
vn -0.7121595 -0.5270456 0.4637367
vn -0.6696036 -0.5645761 0.4825814
vn -0.6334834 -0.5957891 0.4936943
vn -0.6042380 -0.6214070 0.4987481
vn -0.5821292 -0.6417483 0.4992841
vn -0.5673666 -0.6567397 0.4967778
vn -0.5601588 -0.6659320 0.4927033
vn -0.5607099 -0.6685027 0.4885781
vn -0.5691621 -0.6632408 0.4859693
vn -0.5854716 -0.6485260 0.4864537
vn -0.6092088 -0.6223242 0.4915050
vn -0.6392671 -0.5822704 0.5022935
vn -0.6735100 -0.5259405 0.5193946
vn -0.7084861 -0.4514404 0.5424473
vn -0.7394640 -0.3583225 0.5699106
vn -0.7610725 -0.2485513 0.5991585
vn -0.7685724 -0.1268903 0.6270529
vn -0.7592179 -0.0001275 0.6508365
vn -0.7328558 0.1247068 0.6688576
vn -0.6913627 0.2421413 0.6807241
vn -0.6373942 0.3491131 0.6869124
vn -0.5732462 0.4447108 0.6882014
vn -0.5002726 0.5293187 0.6852363
vn -0.4188403 0.6037176 0.6783051
vn -0.3286068 0.6684037 0.6672736
vn -0.2289620 0.7231620 0.6516234
vn -0.1195653 0.7668729 0.6305633
vn -0.0009451 0.7975733 0.6032212
vn 0.1249644 0.8128290 0.5689402
vn 0.2545713 0.8104309 0.5276316
vn 0.3829092 0.7892500 0.4800677
vn 0.5045060 0.7498955 0.4279375
vn 0.6145609 0.6948116 0.3735661
vn 0.7098870 0.6277300 0.3193985
vn 0.7892390 0.5527714 0.2674801
vn 0.8530296 0.4736220 0.2191408
vn 0.9027126 0.3930675 0.1749508
vn 0.9401605 0.3129070 0.1348614
vn 0.9672112 0.2341283 0.0984195
vn 0.9854004 0.1573430 0.0650314
vn 0.9957234 0.0854701 0.0350674
vn 0.0000000 0.9510943 0.3089006
vn -0.9959306 0.0857928 0.0276014
vn -0.9861032 0.1580371 0.0512320
vn -0.9687861 0.2354254 0.0776419
vn -0.9430240 0.3151843 0.1066051
vn -0.9073174 0.3969145 0.1386867
vn -0.8598145 0.4799053 0.1743845
vn -0.7985138 0.5626824 0.2139258
vn -0.7216427 0.6427609 0.2570801
vn -0.6282303 0.7166016 0.3029997
vn -0.5187721 0.7799079 0.3501703
vn -0.3957014 0.8283427 0.3965712
vn -0.2633385 0.8584896 0.4400550
vn -0.1271560 0.8686537 0.4788236
vn 0.0073918 0.8590827 0.5117834
vn 0.1359441 0.8315048 0.5386268
vn 0.2557721 0.7882679 0.5596555
vn 0.3656985 0.7314981 0.5754782
vn 0.4655969 0.6625600 0.5867144
vn 0.5557315 0.5818889 0.5937741
vn 0.6361148 0.4891627 0.5967226
vn 0.7059734 0.3837937 0.5952343
vn 0.7634473 0.2657446 0.5886661
vn 0.8057346 0.1365716 0.5763158
vn 0.8299178 0.0003169 0.5578857
vn 0.8343859 -0.1364339 0.5340279
vn 0.8201714 -0.2658082 0.5066211
vn 0.7912406 -0.3807885 0.4784751
vn 0.7534474 -0.4769958 0.4525396
vn 0.7128548 -0.5531648 0.4310995
vn 0.6744367 -0.6104195 0.4153591
vn 0.6415858 -0.6511242 0.4054687
vn 0.6162471 -0.6779412 0.4007934
vn 0.5993069 -0.6932893 0.4002265
vn 0.5909871 -0.6991338 0.4024255
vn 0.5911412 -0.6969525 0.4059672
vn 0.5994417 -0.6877753 0.4094322
vn 0.6154848 -0.6722348 0.4114351
vn 0.6388277 -0.6506037 0.4106264
vn 0.6689754 -0.6228163 0.4056745
vn 0.7053170 -0.5884839 0.3952399
vn 0.7470098 -0.5469182 0.3779642
vn 0.7928116 -0.4971896 0.3524943
vn 0.8408654 -0.4382733 0.3175877
vn 0.8885003 -0.3693200 0.2723415
vn 0.9321547 -0.2901256 0.2165980
vn 0.9675934 -0.2019271 0.1516191
vn 0.9902902 -0.1113293 0.0832532
vn 0.0000000 -0.8110656 0.5849552
vn -0.9902902 -0.1113293 0.0832532
vn -0.9675934 -0.2019272 0.1516191
vn -0.9321547 -0.2901256 0.2165980
vn -0.8885003 -0.3693200 0.2723415
vn -0.8408654 -0.4382733 0.3175877
vn -0.7928116 -0.4971896 0.3524943
vn -0.7470098 -0.5469182 0.3779641
vn -0.7053171 -0.5884839 0.3952398
vn -0.6689754 -0.6228164 0.4056745
vn -0.6388277 -0.6506037 0.4106264
vn -0.6154848 -0.6722348 0.4114350
vn -0.5994418 -0.6877753 0.4094323
vn -0.5911411 -0.6969525 0.4059672
vn -0.5909870 -0.6991338 0.4024255
vn -0.5993069 -0.6932893 0.4002263
vn -0.6162471 -0.6779412 0.4007933
vn -0.6415858 -0.6511242 0.4054686
vn -0.6744367 -0.6104195 0.4153591
vn -0.7128548 -0.5531648 0.4310995
vn -0.7534474 -0.4769957 0.4525396
vn -0.7912406 -0.3807884 0.4784752
vn -0.8201712 -0.2658081 0.5066215
vn -0.8343861 -0.1364339 0.5340279
vn -0.8299181 0.0003169 0.5578851
vn -0.8057349 0.1365716 0.5763154
vn -0.7634472 0.2657446 0.5886664
vn -0.7059733 0.3837937 0.5952345
vn -0.6361147 0.4891627 0.5967226
vn -0.5557315 0.5818890 0.5937741
vn -0.4655969 0.6625599 0.5867145
vn -0.3656985 0.7314979 0.5754783
vn -0.2557721 0.7882680 0.5596555
vn -0.1359442 0.8315048 0.5386269
vn -0.0073918 0.8590827 0.5117834
vn 0.1271560 0.8686537 0.4788235
vn 0.2633385 0.8584896 0.4400549
vn 0.3957015 0.8283427 0.3965712
vn 0.5187721 0.7799078 0.3501705
vn 0.6282303 0.7166016 0.3029999
vn 0.7216427 0.6427609 0.2570801
vn 0.7985138 0.5626824 0.2139258
vn 0.8598145 0.4799053 0.1743845
vn 0.9073173 0.3969145 0.1386868
vn 0.9430239 0.3151844 0.1066052
vn 0.9687861 0.2354254 0.0776419
vn 0.9861032 0.1580371 0.0512320
vn 0.9959306 0.0857928 0.0276014
vn 0.0000000 0.9724301 0.2331948
vn -0.9960828 0.0860283 0.0204446
vn -0.9866211 0.1585457 0.0379733
vn -0.9699516 0.2363799 0.0576071
vn -0.9451549 0.3168709 0.0792154
vn -0.9107717 0.3997869 0.1032735
vn -0.8649590 0.4846489 0.1302356
vn -0.8056461 0.5702715 0.1603895
vn -0.7308462 0.6544757 0.1937146
vn -0.6391685 0.7339498 0.2297417
vn -0.5304844 0.8043941 0.2674630
vn -0.4065165 0.8610947 0.3053853
vn -0.2710148 0.8998587 0.3417679
vn -0.1292615 0.9179745 0.3749856
vn 0.0130096 0.9147233 0.4038713
vn 0.1508038 0.8911681 0.4278758
vn 0.2806318 0.8493739 0.4470008
vn 0.4006214 0.7914844 0.4615788
vn 0.5100920 0.7190302 0.4720187
vn 0.6088639 0.6326419 0.4785906
vn 0.6965181 0.5321889 0.4812873
vn 0.7717825 0.4173324 0.4797765
vn 0.8322272 0.2884756 0.4734762
vn 0.8745456 0.1479422 0.4618258
vn 0.8956677 0.0008588 0.4447230
vn 0.8944486 -0.1450564 0.4229898
vn 0.8729940 -0.2811905 0.3985139
vn 0.8365754 -0.4004619 0.3738605
vn 0.7920950 -0.4990058 0.3515378
vn 0.7461689 -0.5762933 0.3333434
vn 0.7038840 -0.6340931 0.3201146
vn 0.6684930 -0.6751850 0.3118372
vn 0.6417128 -0.7024251 0.3079021
vn 0.6242030 -0.7182646 0.3073540
vn 0.6159838 -0.7245939 0.3090755
vn 0.6167284 -0.7227518 0.3118910
vn 0.6259344 -0.7135949 0.3146243
vn 0.6430069 -0.6975742 0.3161209
vn 0.6672816 -0.6747962 0.3152544
vn 0.6979990 -0.6450746 0.3109279
vn 0.7342432 -0.6079772 0.3020774
vn 0.7748517 -0.5628846 0.2876903
vn 0.8183011 -0.5090892 0.2668547
vn 0.8625955 -0.4459554 0.2388571
vn 0.9052070 -0.3731657 0.2033413
vn 0.9431331 -0.2910778 0.1605419
vn 0.9731430 -0.2013137 0.1116487
vn 0.9920080 -0.1104528 0.0609938
vn 0.0000000 -0.8828164 0.4697182
vn -0.9920080 -0.1104528 0.0609938
vn -0.9731430 -0.2013137 0.1116486
vn -0.9431331 -0.2910778 0.1605419
vn -0.9052070 -0.3731656 0.2033413
vn -0.8625956 -0.4459555 0.2388570
vn -0.8183011 -0.5090892 0.2668547
vn -0.7748518 -0.5628846 0.2876902
vn -0.7342432 -0.6079772 0.3020774
vn -0.6979990 -0.6450746 0.3109279
vn -0.6672815 -0.6747963 0.3152543
vn -0.6430069 -0.6975743 0.3161210
vn -0.6259343 -0.7135949 0.3146245
vn -0.6167284 -0.7227517 0.3118910
vn -0.6159838 -0.7245939 0.3090755
vn -0.6242030 -0.7182646 0.3073540
vn -0.6417128 -0.7024251 0.3079021
vn -0.6684930 -0.6751850 0.3118372
vn -0.7038840 -0.6340931 0.3201146
vn -0.7461690 -0.5762933 0.3333435
vn -0.7920949 -0.4990058 0.3515378
vn -0.8365754 -0.4004620 0.3738605
vn -0.8729941 -0.2811904 0.3985139
vn -0.8944486 -0.1450564 0.4229898
vn -0.8956680 0.0008588 0.4447225
vn -0.8745458 0.1479422 0.4618255
vn -0.8322274 0.2884758 0.4734758
vn -0.7717828 0.4173325 0.4797760
vn -0.6965181 0.5321889 0.4812873
vn -0.6088639 0.6326419 0.4785905
vn -0.5100920 0.7190302 0.4720188
vn -0.4006214 0.7914844 0.4615790
vn -0.2806319 0.8493739 0.4470009
vn -0.1508038 0.8911681 0.4278757
vn -0.0130096 0.9147233 0.4038713
vn 0.1292615 0.9179745 0.3749856
vn 0.2710148 0.8998587 0.3417678
vn 0.4065165 0.8610948 0.3053852
vn 0.5304844 0.8043941 0.2674630
vn 0.6391684 0.7339498 0.2297419
vn 0.7308462 0.6544757 0.1937148
vn 0.8056461 0.5702715 0.1603896
vn 0.8649590 0.4846489 0.1302356
vn 0.9107717 0.3997869 0.1032734
vn 0.9451548 0.3168709 0.0792154
vn 0.9699515 0.2363800 0.0576071
vn 0.9866211 0.1585457 0.0379733
vn 0.9960828 0.0860283 0.0204446
vn 0.0000000 0.9877279 0.1561847
vn -0.9961873 0.0861888 0.0135102
vn -0.9869766 0.1588931 0.0251050
vn -0.9707535 0.2370344 0.0381122
vn -0.9466272 0.3180324 0.0524624
vn -0.9131721 0.4017771 0.0684969
vn -0.8685625 0.4879622 0.0865570
vn -0.8106946 0.5756285 0.1068930
vn -0.7374484 0.6628581 0.1295727
vn -0.6471473 0.7465709 0.1543770
vn -0.5392002 0.8225589 0.1807205
vn -0.4147512 0.8859248 0.2076506
vn -0.2770168 0.9319447 0.2339675
vn -0.1309987 0.9570987 0.2584597
vn 0.0174702 0.9597943 0.2801600
vn 0.1629474 0.9403950 0.2985053
vn 0.3013152 0.9005710 0.3133381
vn 0.4300645 0.8423565 0.3247769
vn 0.5479643 0.7673486 0.3330335
vn 0.6543584 0.6763170 0.3382460
vn 0.7483619 0.5693066 0.3403594
vn 0.8281833 0.4462413 0.3390887
vn 0.8908377 0.3079919 0.3339896
vn 0.9325894 0.1576620 0.3246842
vn 0.9503396 0.0014173 0.3112117
vn 0.9435273 -0.1520208 0.2943569
vn 0.9153506 -0.2934751 0.2756916
vn 0.8722672 -0.4159333 0.2571953
vn 0.8220360 -0.5160685 0.2406869
vn 0.7716479 -0.5940165 0.2273850
vn 0.7261941 -0.6520809 0.2177902
vn 0.6887523 -0.6933666 0.2118089
vn 0.6608195 -0.7208712 0.2089554
vn 0.6428539 -0.7370594 0.2085238
vn 0.6347058 -0.7437544 0.2097094
vn 0.6358992 -0.7421778 0.2116702
vn 0.6457866 -0.7330421 0.2135625
vn 0.6636149 -0.7166457 0.2145558
vn 0.6885352 -0.6929593 0.2138381
vn 0.7195736 -0.6617023 0.2106276
vn 0.7555798 -0.6224197 0.2041882
vn 0.7951635 -0.5745735 0.1938565
vn 0.8366332 -0.5176603 0.1790882
vn 0.8779610 -0.4513706 0.1595273
vn 0.9168044 -0.3757908 0.1350963
vn 0.9506187 -0.2916591 0.1061090
vn 0.9768704 -0.2008204 0.0734532
vn 0.9931505 -0.1097908 0.0399757
vn 0.0000000 -0.9437177 0.3307521
vn -0.9931505 -0.1097908 0.0399757
vn -0.9768704 -0.2008204 0.0734532
vn -0.9506187 -0.2916591 0.1061090
vn -0.9168044 -0.3757908 0.1350963
vn -0.8779610 -0.4513706 0.1595273
vn -0.8366333 -0.5176604 0.1790882
vn -0.7951635 -0.5745735 0.1938565
vn -0.7555798 -0.6224197 0.2041882
vn -0.7195735 -0.6617023 0.2106276
vn -0.6885351 -0.6929594 0.2138380
vn -0.6636148 -0.7166458 0.2145559
vn -0.6457866 -0.7330421 0.2135626
vn -0.6358992 -0.7421778 0.2116701
vn -0.6347058 -0.7437544 0.2097094
vn -0.6428539 -0.7370594 0.2085238
vn -0.6608195 -0.7208712 0.2089554
vn -0.6887522 -0.6933666 0.2118089
vn -0.7261941 -0.6520809 0.2177902
vn -0.7716479 -0.5940166 0.2273850
vn -0.8220360 -0.5160685 0.2406869
vn -0.8722672 -0.4159333 0.2571953
vn -0.9153504 -0.2934752 0.2756916
vn -0.9435273 -0.1520208 0.2943569
vn -0.9503396 0.0014173 0.3112117
vn -0.9325894 0.1576619 0.3246842
vn -0.8908379 0.3079920 0.3339891
vn -0.8281834 0.4462414 0.3390882
vn -0.7483618 0.5693066 0.3403595
vn -0.6543584 0.6763170 0.3382460
vn -0.5479643 0.7673486 0.3330337
vn -0.4300645 0.8423565 0.3247770
vn -0.3013152 0.9005710 0.3133382
vn -0.1629474 0.9403949 0.2985054
vn -0.0174702 0.9597943 0.2801600
vn 0.1309987 0.9570987 0.2584597
vn 0.2770168 0.9319447 0.2339675
vn 0.4147512 0.8859248 0.2076506
vn 0.5392002 0.8225589 0.1807205
vn 0.6471474 0.7465708 0.1543771
vn 0.7374483 0.6628581 0.1295729
vn 0.8106945 0.5756285 0.1068932
vn 0.8685625 0.4879622 0.0865569
vn 0.9131722 0.4017771 0.0684968
vn 0.9466273 0.3180323 0.0524624
vn 0.9707535 0.2370343 0.0381122
vn 0.9869766 0.1588931 0.0251050
vn 0.9961873 0.0861888 0.0135102
vn 0.0000000 0.9969292 0.0783083
vn -0.9962481 0.0862817 0.0067197
vn -0.9871843 0.1590949 0.0124902
vn -0.9712229 0.2374158 0.0189693
vn -0.9474914 0.3187120 0.0261277
vn -0.9145864 0.4029467 0.0341431
vn -0.8706964 0.4899200 0.0431977
vn -0.8137047 0.5788171 0.0534355
vn -0.7414207 0.6678933 0.0649152
vn -0.6520023 0.7542397 0.0775593
vn -0.5445770 0.8337477 0.0911078
vn -0.4199120 0.9014583 0.1051041
vn -0.2808464 0.9523537 0.1189441
vn -0.1321390 0.9824046 0.1319866
vn 0.0203763 0.9894133 0.1436871
vn 0.1710066 0.9732085 0.1536945
vn 0.3152217 0.9351116 0.1618684
vn 0.4500603 0.8770100 0.1682235
vn 0.5738724 0.8004983 0.1728379
vn 0.6856239 0.7064200 0.1757574
vn 0.7840534 0.5949414 0.1769324
vn 0.8669596 0.4661929 0.1761965
vn 0.9309427 0.3214194 0.1733066
vn 0.9719806 0.1643267 0.1680782
vn 0.9870211 0.0018526 0.1605798
vn 0.9760075 -0.1565822 0.1512983
vn 0.9429767 -0.3014566 0.1411346
vn 0.8952250 -0.4258707 0.1311733
vn 0.8410645 -0.5269125 0.1223673
vn 0.7876871 -0.6051850 0.1153257
vn 0.7401426 -0.6633466 0.1102728
vn 0.7013620 -0.7047088 0.1071308
vn 0.6726820 -0.7323534 0.1056289
vn 0.6544213 -0.7487493 0.1053918
vn 0.6463156 -0.7556725 0.1059967
vn 0.6477907 -0.7542661 0.1070039
vn 0.6581026 -0.7451462 0.1079726
vn 0.6763933 -0.7285101 0.1084673
vn 0.7016910 -0.7042387 0.1080627
vn 0.7328824 -0.6719915 0.1063519
vn 0.7686701 -0.6313048 0.1029590
vn 0.8075291 -0.5817036 0.0975582
vn 0.8476841 -0.5228285 0.0898996
vn 0.8871174 -0.4545852 0.0798440
vn 0.9236308 -0.3773102 0.0674018
vn 0.9549733 -0.2919600 0.0527751
vn 0.9790177 -0.2004922 0.0364317
vn 0.9938045 -0.1093681 0.0197799
vn 0.0000000 -0.9852046 0.1713820
vn -0.9938045 -0.1093681 0.0197799
vn -0.9790177 -0.2004922 0.0364317
vn -0.9549733 -0.2919600 0.0527751
vn -0.9236309 -0.3773102 0.0674018
vn -0.8871174 -0.4545852 0.0798440
vn -0.8476842 -0.5228285 0.0898996
vn -0.8075291 -0.5817037 0.0975582
vn -0.7686701 -0.6313048 0.1029590
vn -0.7328824 -0.6719915 0.1063518
vn -0.7016910 -0.7042387 0.1080627
vn -0.6763933 -0.7285101 0.1084673
vn -0.6581027 -0.7451462 0.1079726
vn -0.6477907 -0.7542660 0.1070039
vn -0.6463156 -0.7556725 0.1059967
vn -0.6544212 -0.7487493 0.1053918
vn -0.6726820 -0.7323534 0.1056289
vn -0.7013618 -0.7047088 0.1071308
vn -0.7401426 -0.6633466 0.1102728
vn -0.7876872 -0.6051850 0.1153257
vn -0.8410644 -0.5269126 0.1223673
vn -0.8952250 -0.4258707 0.1311733
vn -0.9429766 -0.3014566 0.1411346
vn -0.9760076 -0.1565822 0.1512983
vn -0.9870211 0.0018526 0.1605798
vn -0.9719806 0.1643268 0.1680782
vn -0.9309427 0.3214194 0.1733066
vn -0.8669596 0.4661929 0.1761968
vn -0.7840534 0.5949413 0.1769327
vn -0.6856239 0.7064199 0.1757574
vn -0.5738723 0.8004982 0.1728382
vn -0.4500602 0.8770100 0.1682239
vn -0.3152217 0.9351118 0.1618684
vn -0.1710066 0.9732085 0.1536945
vn -0.0203763 0.9894133 0.1436871
vn 0.1321390 0.9824046 0.1319865
vn 0.2808464 0.9523537 0.1189442
vn 0.4199120 0.9014583 0.1051042
vn 0.5445771 0.8337477 0.0911078
vn 0.6520023 0.7542397 0.0775593
vn 0.7414207 0.6678932 0.0649152
vn 0.8137047 0.5788172 0.0534355
vn 0.8706965 0.4899201 0.0431977
vn 0.9145864 0.4029468 0.0341431
vn 0.9474914 0.3187120 0.0261277
vn 0.9712229 0.2374157 0.0189693
vn 0.9871843 0.1590949 0.0124902
vn 0.9962481 0.0862817 0.0067197
vn 0.0000000 1.0000000 -0.0000000
vn -0.9962682 0.0863118 0.0000000
vn -0.9872527 0.1591606 -0.0000000
vn -0.9713776 0.2375405 -0.0000000
vn -0.9477766 0.3189350 0.0000000
vn -0.9150538 0.4033318 -0.0000000
vn -0.8714034 0.4905671 -0.0000000
vn -0.8147055 0.5798748 -0.0000000
vn -0.7427475 0.6695716 0.0000000
vn -0.6536332 0.7568115 -0.0000000
vn -0.5463958 0.8375270 -0.0000001
vn -0.4216726 0.9067482 -0.0000000
vn -0.2821649 0.9593659 0.0000000
vn -0.1325374 0.9911780 0.0000000
vn 0.0213886 0.9997713 0.0000000
vn 0.1738421 0.9847735 0.0000000
vn 0.3201492 0.9473671 -0.0000000
vn 0.4571844 0.8893719 0.0000000
vn 0.5831404 0.8123714 0.0000001
vn 0.6968365 0.7172299 0.0000002
vn 0.7968651 0.6041573 0.0000003
vn 0.8808675 0.4733630 0.0000004
vn 0.9452882 0.3262362 0.0000002
vn 0.9860055 0.1667131 -0.0000001
vn 0.9999979 0.0020184 -0.0000004
vn 0.9874111 -0.1581748 -0.0000004
vn 0.9525983 -0.3042310 -0.0000001
vn 0.9031604 -0.4293033 0.0000001
vn 0.8475991 -0.5306371 0.0000001
vn 0.7931677 -0.6090034 0.0000001
vn 0.7448915 -0.6671856 0.0000001
vn 0.7056449 -0.7085657 0.0000001
vn 0.6767059 -0.7362535 0.0000000
vn 0.6583430 -0.7527182 -0.0000001
vn 0.6502516 -0.7597190 -0.0000000
vn 0.6518229 -0.7583713 0.0000001
vn 0.6622791 -0.7492572 -0.0000000
vn 0.6807255 -0.7325386 -0.0000000
vn 0.7061472 -0.7080651 0.0000001
vn 0.7373822 -0.6754758 0.0000000
vn 0.7730830 -0.6343049 0.0000000
vn 0.8116810 -0.5841010 0.0000000
vn 0.8513758 -0.5245562 0.0000000
vn 0.8901581 -0.4556520 0.0000000
vn 0.9258837 -0.3778087 -0.0000000
vn 0.9564019 -0.2920537 -0.0000000
vn 0.9797185 -0.2003787 -0.0000000
vn 0.9940171 -0.1092242 -0.0000000
vn 0.0000000 -1.0000000 -0.0000000
vn -0.9940171 -0.1092242 -0.0000000
vn -0.9797185 -0.2003787 -0.0000000
vn -0.9564019 -0.2920537 0.0000000
vn -0.9258837 -0.3778087 0.0000000
vn -0.8901581 -0.4556519 0.0000000
vn -0.8513758 -0.5245562 -0.0000000
vn -0.8116810 -0.5841010 -0.0000000
vn -0.7730830 -0.6343049 0.0000000
vn -0.7373822 -0.6754758 -0.0000000
vn -0.7061472 -0.7080651 -0.0000000
vn -0.6807255 -0.7325386 -0.0000001
vn -0.6622791 -0.7492572 -0.0000001
vn -0.6518229 -0.7583713 -0.0000001
vn -0.6502516 -0.7597190 -0.0000000
vn -0.6583430 -0.7527182 -0.0000000
vn -0.6767059 -0.7362535 -0.0000001
vn -0.7056449 -0.7085657 -0.0000001
vn -0.7448915 -0.6671856 -0.0000001
vn -0.7931677 -0.6090034 -0.0000001
vn -0.8475991 -0.5306371 -0.0000001
vn -0.9031604 -0.4293033 0.0000001
vn -0.9525983 -0.3042310 0.0000004
vn -0.9874111 -0.1581748 0.0000004
vn -0.9999979 0.0020184 0.0000001
vn -0.9860054 0.1667131 -0.0000002
vn -0.9452882 0.3262362 -0.0000000
vn -0.8808675 0.4733629 0.0000003
vn -0.7968652 0.6041572 0.0000001
vn -0.6968365 0.7172299 0.0000000
vn -0.5831404 0.8123714 0.0000001
vn -0.4571844 0.8893719 0.0000000
vn -0.3201492 0.9473671 0.0000000
vn -0.1738421 0.9847735 0.0000000
vn -0.0213886 0.9997712 -0.0000000
vn 0.1325374 0.9911780 -0.0000000
vn 0.2821649 0.9593659 0.0000000
vn 0.4216726 0.9067482 0.0000001
vn 0.5463958 0.8375271 0.0000000
vn 0.6536332 0.7568115 -0.0000000
vn 0.7427475 0.6695716 0.0000000
vn 0.8147055 0.5798748 0.0000000
vn 0.8714034 0.4905671 0.0000000
vn 0.9150538 0.4033318 -0.0000000
vn 0.9477766 0.3189350 -0.0000000
vn 0.9713776 0.2375405 0.0000000
vn 0.9872527 0.1591606 -0.0000000
vn 0.9962682 0.0863118 0.0000000
vt 0.5000000 0.5150000
vt 0.5000000 0.5307899
vt 0.5000872 0.5316367
vt 0.5002913 0.5326552
vt 0.5006801 0.5340084
vt 0.5013029 0.5356283
vt 0.5021985 0.5374333
vt 0.5033941 0.5393326
vt 0.5049037 0.5412307
vt 0.5067271 0.5430319
vt 0.5088502 0.5446450
vt 0.5112448 0.5459873
vt 0.5138697 0.5469883
vt 0.5166721 0.5475924
vt 0.5195890 0.5477610
vt 0.5225503 0.5474735
vt 0.5254803 0.5467269
vt 0.5283013 0.5455352
vt 0.5309357 0.5439273
vt 0.5333094 0.5419448
vt 0.5353545 0.5396386
vt 0.5370114 0.5370657
vt 0.5382313 0.5342858
vt 0.5389781 0.5313580
vt 0.5392295 0.5283380
vt 0.5389781 0.5252754
vt 0.5382313 0.5222119
vt 0.5370114 0.5191803
vt 0.5353545 0.5162045
vt 0.5333094 0.5132991
vt 0.5309357 0.5104712
vt 0.5283013 0.5077212
vt 0.5254803 0.5050455
vt 0.5225503 0.5024381
vt 0.5195890 0.4998929
vt 0.5166721 0.4974058
vt 0.5138697 0.4949767
vt 0.5112448 0.4926103
vt 0.5088502 0.4903172
vt 0.5067271 0.4881140
vt 0.5049037 0.4860233
vt 0.5033941 0.4840720
vt 0.5021985 0.4822909
vt 0.5013029 0.4807121
vt 0.5006801 0.4793674
vt 0.5002913 0.4782866
vt 0.5000872 0.4774949
vt 0.5000000 0.4768493
vt 0.4999890 0.4770117
vt 0.4999128 0.4774949
vt 0.4997087 0.4782866
vt 0.4993199 0.4793674
vt 0.4986971 0.4807121
vt 0.4978015 0.4822909
vt 0.4966059 0.4840720
vt 0.4950963 0.4860233
vt 0.4932729 0.4881140
vt 0.4911498 0.4903172
vt 0.4887552 0.4926103
vt 0.4861303 0.4949767
vt 0.4833279 0.4974058
vt 0.4804110 0.4998929
vt 0.4774497 0.5024381
vt 0.4745197 0.5050455
vt 0.4716987 0.5077212
vt 0.4690643 0.5104712
vt 0.4666906 0.5132991
vt 0.4646455 0.5162045
vt 0.4629886 0.5191803
vt 0.4617687 0.5222119
vt 0.4610219 0.5252754
vt 0.4607705 0.5283380
vt 0.4610219 0.5313580
vt 0.4617687 0.5342858
vt 0.4629886 0.5370657
vt 0.4646455 0.5396386
vt 0.4666906 0.5419448
vt 0.4690643 0.5439273
vt 0.4716987 0.5455352
vt 0.4745197 0.5467269
vt 0.4774497 0.5474735
vt 0.4804110 0.5477610
vt 0.4833279 0.5475924
vt 0.4861303 0.5469883
vt 0.4887552 0.5459873
vt 0.4911498 0.5446450
vt 0.4932729 0.5430319
vt 0.4950963 0.5412307
vt 0.4966059 0.5393326
vt 0.4978015 0.5374333
vt 0.4986971 0.5356283
vt 0.4993199 0.5340084
vt 0.4997087 0.5326552
vt 0.4999128 0.5316367
vt 0.4999890 0.5310043
vt 0.5000000 0.5464824
vt 0.5001739 0.5481708
vt 0.5005808 0.5502015
vt 0.5013561 0.5528996
vt 0.5025978 0.5561294
vt 0.5043835 0.5597282
vt 0.5067674 0.5635151
vt 0.5097772 0.5672996
vt 0.5134128 0.5708910
vt 0.5176459 0.5741073
vt 0.5224203 0.5767836
vt 0.5276540 0.5787793
vt 0.5332413 0.5799838
vt 0.5390573 0.5803201
vt 0.5449616 0.5797468
vt 0.5508036 0.5782582
vt 0.5564280 0.5758821
vt 0.5616806 0.5726763
vt 0.5664135 0.5687235
vt 0.5704910 0.5641253
vt 0.5737945 0.5589953
vt 0.5762269 0.5534526
vt 0.5777159 0.5476152
vt 0.5782172 0.5415939
vt 0.5777159 0.5354874
vt 0.5762269 0.5293792
vt 0.5737945 0.5233349
vt 0.5704910 0.5174016
vt 0.5664135 0.5116088
vt 0.5616806 0.5059703
vt 0.5564280 0.5004873
vt 0.5508036 0.4951524
vt 0.5449616 0.4899536
vt 0.5390573 0.4848789
vt 0.5332413 0.4799202
vt 0.5276540 0.4750769
vt 0.5224203 0.4703587
vt 0.5176459 0.4657865
vt 0.5134128 0.4613938
vt 0.5097772 0.4572252
vt 0.5067674 0.4533347
vt 0.5043835 0.4497834
vt 0.5025978 0.4466355
vt 0.5013561 0.4439546
vt 0.5005808 0.4417996
vt 0.5001739 0.4402210
vt 0.5000000 0.4389337
vt 0.4999781 0.4392576
vt 0.4998261 0.4402210
vt 0.4994192 0.4417996
vt 0.4986439 0.4439546
vt 0.4974022 0.4466355
vt 0.4956165 0.4497834
vt 0.4932326 0.4533347
vt 0.4902228 0.4572252
vt 0.4865872 0.4613938
vt 0.4823541 0.4657865
vt 0.4775797 0.4703587
vt 0.4723460 0.4750769
vt 0.4667587 0.4799202
vt 0.4609427 0.4848789
vt 0.4550384 0.4899536
vt 0.4491964 0.4951524
vt 0.4435720 0.5004873
vt 0.4383194 0.5059703
vt 0.4335865 0.5116088
vt 0.4295090 0.5174016
vt 0.4262055 0.5233349
vt 0.4237731 0.5293792
vt 0.4222841 0.5354874
vt 0.4217828 0.5415939
vt 0.4222841 0.5476152
vt 0.4237731 0.5534526
vt 0.4262055 0.5589953
vt 0.4295090 0.5641253
vt 0.4335865 0.5687235
vt 0.4383194 0.5726763
vt 0.4435720 0.5758821
vt 0.4491964 0.5782582
vt 0.4550384 0.5797468
vt 0.4609427 0.5803201
vt 0.4667587 0.5799838
vt 0.4723460 0.5787793
vt 0.4775797 0.5767836
vt 0.4823541 0.5741073
vt 0.4865872 0.5708910
vt 0.4902228 0.5672996
vt 0.4932326 0.5635151
vt 0.4956165 0.5597282
vt 0.4974022 0.5561294
vt 0.4986439 0.5528996
vt 0.4994192 0.5502015
vt 0.4998261 0.5481708
vt 0.4999781 0.5469099
vt 0.5000000 0.5619809
vt 0.5000327 0.5626188
vt 0.5002596 0.5645004
vt 0.5008667 0.5675308
vt 0.5020237 0.5715572
vt 0.5038766 0.5763769
vt 0.5065415 0.5817474
vt 0.5100989 0.5873985
vt 0.5145903 0.5930461
vt 0.5200158 0.5984055
vt 0.5263328 0.6032051
vt 0.5334576 0.6071989
vt 0.5412677 0.6101771
vt 0.5496057 0.6119746
vt 0.5582848 0.6124764
vt 0.5670957 0.6116209
vt 0.5758136 0.6093995
vt 0.5842069 0.6058537
vt 0.5920452 0.6010697
vt 0.5991081 0.5951710
vt 0.6051929 0.5883090
vt 0.6101228 0.5806536
vt 0.6137525 0.5723824
vt 0.6159746 0.5636713
vt 0.6167227 0.5546857
vt 0.6159746 0.5455732
vt 0.6137525 0.5364580
vt 0.6101228 0.5274381
vt 0.6051929 0.5185839
vt 0.5991081 0.5099393
vt 0.5920452 0.5015250
vt 0.5842069 0.4933429
vt 0.5758136 0.4853816
vt 0.5670957 0.4776235
vt 0.5582848 0.4700506
vt 0.5496057 0.4626508
vt 0.5412677 0.4554233
vt 0.5334576 0.4483823
vt 0.5263328 0.4415593
vt 0.5200158 0.4350041
vt 0.5145903 0.4287833
vt 0.5100989 0.4229776
vt 0.5065415 0.4176781
vt 0.5038766 0.4129805
vt 0.5020237 0.4089797
vt 0.5008667 0.4057638
vt 0.5002596 0.4034082
vt 0.5000327 0.4019705
vt 0.5000000 0.4014872
vt 0.4999673 0.4019705
vt 0.4997404 0.4034082
vt 0.4991333 0.4057638
vt 0.4979763 0.4089797
vt 0.4961234 0.4129805
vt 0.4934585 0.4176781
vt 0.4899011 0.4229776
vt 0.4854097 0.4287833
vt 0.4799842 0.4350041
vt 0.4736672 0.4415593
vt 0.4665424 0.4483823
vt 0.4587323 0.4554233
vt 0.4503943 0.4626508
vt 0.4417152 0.4700506
vt 0.4329043 0.4776235
vt 0.4241864 0.4853816
vt 0.4157931 0.4933429
vt 0.4079548 0.5015250
vt 0.4008919 0.5099393
vt 0.3948071 0.5185839
vt 0.3898772 0.5274381
vt 0.3862475 0.5364580
vt 0.3840254 0.5455732
vt 0.3832773 0.5546857
vt 0.3840254 0.5636713
vt 0.3862475 0.5723824
vt 0.3898772 0.5806536
vt 0.3948071 0.5883090
vt 0.4008919 0.5951710
vt 0.4079548 0.6010697
vt 0.4157931 0.6058537
vt 0.4241864 0.6093995
vt 0.4329043 0.6116209
vt 0.4417152 0.6124764
vt 0.4503943 0.6119746
vt 0.4587323 0.6101771
vt 0.4665424 0.6071989
vt 0.4736672 0.6032051
vt 0.4799842 0.5984055
vt 0.4854097 0.5930461
vt 0.4899011 0.5873985
vt 0.4934585 0.5817474
vt 0.4961234 0.5763769
vt 0.4979763 0.5715572
vt 0.4991333 0.5675308
vt 0.4997404 0.5645004
vt 0.4999673 0.5626188
vt 0.5000000 0.5771897
vt 0.5000432 0.5780341
vt 0.5003436 0.5805248
vt 0.5011473 0.5845362
vt 0.5026788 0.5898661
vt 0.5051316 0.5962460
vt 0.5086591 0.6033550
vt 0.5133681 0.6108356
vt 0.5193136 0.6183114
vt 0.5264953 0.6254057
vt 0.5348573 0.6317591
vt 0.5442886 0.6370458
vt 0.5546270 0.6409882
vt 0.5656641 0.6433675
vt 0.5771529 0.6440318
vt 0.5888161 0.6428993
vt 0.6003562 0.6399588
vt 0.6114666 0.6352651
vt 0.6218424 0.6289324
vt 0.6311916 0.6211242
vt 0.6392463 0.6120409
vt 0.6457720 0.6019072
vt 0.6505768 0.5909584
vt 0.6535182 0.5794273
vt 0.6545085 0.5675329
vt 0.6535182 0.5554704
vt 0.6505768 0.5434044
vt 0.6457720 0.5314646
vt 0.6392463 0.5197440
vt 0.6311916 0.5083010
vt 0.6218424 0.4971629
vt 0.6114666 0.4863319
vt 0.6003562 0.4757935
vt 0.5888161 0.4655239
vt 0.5771529 0.4554994
vt 0.5656641 0.4457041
vt 0.5546270 0.4361369
vt 0.5442886 0.4268166
vt 0.5348573 0.4177849
vt 0.5264953 0.4091076
vt 0.5193136 0.4008730
vt 0.5133681 0.3931879
vt 0.5086591 0.3861727
vt 0.5051316 0.3799544
vt 0.5026788 0.3746585
vt 0.5011473 0.3704015
vt 0.5003436 0.3672833
vt 0.5000432 0.3653803
vt 0.5000000 0.3647405
vt 0.4999568 0.3653803
vt 0.4996564 0.3672833
vt 0.4988527 0.3704015
vt 0.4973212 0.3746585
vt 0.4948684 0.3799544
vt 0.4913409 0.3861727
vt 0.4866319 0.3931879
vt 0.4806864 0.4008730
vt 0.4735047 0.4091076
vt 0.4651427 0.4177849
vt 0.4557114 0.4268166
vt 0.4453730 0.4361369
vt 0.4343359 0.4457041
vt 0.4228471 0.4554994
vt 0.4111839 0.4655239
vt 0.3996438 0.4757935
vt 0.3885334 0.4863319
vt 0.3781576 0.4971629
vt 0.3688084 0.5083010
vt 0.3607537 0.5197440
vt 0.3542280 0.5314646
vt 0.3494232 0.5434044
vt 0.3464818 0.5554704
vt 0.3454915 0.5675329
vt 0.3464818 0.5794273
vt 0.3494232 0.5909584
vt 0.3542280 0.6019072
vt 0.3607537 0.6120409
vt 0.3688084 0.6211242
vt 0.3781576 0.6289324
vt 0.3885334 0.6352651
vt 0.3996438 0.6399588
vt 0.4111839 0.6428993
vt 0.4228471 0.6440318
vt 0.4343359 0.6433675
vt 0.4453730 0.6409882
vt 0.4557114 0.6370458
vt 0.4651427 0.6317591
vt 0.4735047 0.6254057
vt 0.4806864 0.6183114
vt 0.4866319 0.6108356
vt 0.4913409 0.6033550
vt 0.4948684 0.5962460
vt 0.4973212 0.5898661
vt 0.4988527 0.5845362
vt 0.4996564 0.5805248
vt 0.4999568 0.5780341
vt 0.5000000 0.5920150
vt 0.5000535 0.5930608
vt 0.5004255 0.5961453
vt 0.5014207 0.6011129
vt 0.5033174 0.6077134
vt 0.5063549 0.6156142
vt 0.5107233 0.6244180
vt 0.5165549 0.6336818
vt 0.5239177 0.6429398
vt 0.5328115 0.6517253
vt 0.5431669 0.6595932
vt 0.5548466 0.6661403
vt 0.5676495 0.6710224
vt 0.5813178 0.6739690
vt 0.5955454 0.6747916
vt 0.6099889 0.6733892
vt 0.6242801 0.6697476
vt 0.6380391 0.6639350
vt 0.6508884 0.6560927
vt 0.6624664 0.6464231
vt 0.6724412 0.6351744
vt 0.6805226 0.6226250
vt 0.6864727 0.6090661
vt 0.6901153 0.5947861
vt 0.6913417 0.5800562
vt 0.6901153 0.5651181
vt 0.6864727 0.5501757
vt 0.6805226 0.5353896
vt 0.6724412 0.5208750
vt 0.6624664 0.5067041
vt 0.6508884 0.4929107
vt 0.6380391 0.4794978
vt 0.6242801 0.4664470
vt 0.6099889 0.4537293
vt 0.5955454 0.4413151
vt 0.5813178 0.4291847
vt 0.5676495 0.4173368
vt 0.5548466 0.4057945
vt 0.5431669 0.3946098
vt 0.5328115 0.3838640
vt 0.5239177 0.3736663
vt 0.5165549 0.3641491
vt 0.5107233 0.3554617
vt 0.5063549 0.3477609
vt 0.5033174 0.3412025
vt 0.5014207 0.3359308
vt 0.5004255 0.3320692
vt 0.5000535 0.3297125
vt 0.5000000 0.3289202
vt 0.4999465 0.3297125
vt 0.4995745 0.3320692
vt 0.4985793 0.3359308
vt 0.4966826 0.3412025
vt 0.4936451 0.3477609
vt 0.4892767 0.3554617
vt 0.4834451 0.3641491
vt 0.4760823 0.3736663
vt 0.4671885 0.3838640
vt 0.4568331 0.3946098
vt 0.4451534 0.4057945
vt 0.4323505 0.4173368
vt 0.4186822 0.4291847
vt 0.4044546 0.4413151
vt 0.3900111 0.4537293
vt 0.3757199 0.4664470
vt 0.3619609 0.4794978
vt 0.3491116 0.4929107
vt 0.3375336 0.5067041
vt 0.3275588 0.5208750
vt 0.3194774 0.5353896
vt 0.3135273 0.5501757
vt 0.3098847 0.5651181
vt 0.3086583 0.5800562
vt 0.3098847 0.5947861
vt 0.3135273 0.6090661
vt 0.3194774 0.6226250
vt 0.3275588 0.6351744
vt 0.3375336 0.6464231
vt 0.3491116 0.6560927
vt 0.3619609 0.6639350
vt 0.3757199 0.6697476
vt 0.3900111 0.6733892
vt 0.4044546 0.6747916
vt 0.4186822 0.6739690
vt 0.4323505 0.6710224
vt 0.4451534 0.6661403
vt 0.4568331 0.6595932
vt 0.4671885 0.6517253
vt 0.4760823 0.6429398
vt 0.4834451 0.6336818
vt 0.4892767 0.6244180
vt 0.4936451 0.6156142
vt 0.4966826 0.6077134
vt 0.4985793 0.6011129
vt 0.4995745 0.5961453
vt 0.4999465 0.5930608
vt 0.5000000 0.6063656
vt 0.5000635 0.6076062
vt 0.5005048 0.6112654
vt 0.5016855 0.6171587
vt 0.5039356 0.6249891
vt 0.5075390 0.6343621
vt 0.5127214 0.6448063
vt 0.5196397 0.6557963
vt 0.5283744 0.6667794
vt 0.5389255 0.6772019
vt 0.5512104 0.6865359
vt 0.5650664 0.6943029
vt 0.5802549 0.7000948
vt 0.5964701 0.7035904
vt 0.6133488 0.7045663
vt 0.6304836 0.7029025
vt 0.6474377 0.6985824
vt 0.6637605 0.6916867
vt 0.6790040 0.6823831
vt 0.6927394 0.6709117
vt 0.7045729 0.6575670
vt 0.7141601 0.6426792
vt 0.7212190 0.6265939
vt 0.7255403 0.6096530
vt 0.7269952 0.5921784
vt 0.7255403 0.5744568
vt 0.7212190 0.5567302
vt 0.7141601 0.5391888
vt 0.7045729 0.5219697
vt 0.6927394 0.5051583
vt 0.6790040 0.4887947
vt 0.6637605 0.4728825
vt 0.6474377 0.4574000
vt 0.6304836 0.4423124
vt 0.6133488 0.4275850
vt 0.5964701 0.4131944
vt 0.5802549 0.3991388
vt 0.5650664 0.3854458
vt 0.5512104 0.3721770
vt 0.5389255 0.3594289
vt 0.5283744 0.3473309
vt 0.5196397 0.3360405
vt 0.5127214 0.3257342
vt 0.5075390 0.3165985
vt 0.5039356 0.3088181
vt 0.5016855 0.3025640
vt 0.5005048 0.2979829
vt 0.5000635 0.2951871
vt 0.5000000 0.2942471
vt 0.4999365 0.2951871
vt 0.4994952 0.2979829
vt 0.4983145 0.3025640
vt 0.4960644 0.3088181
vt 0.4924610 0.3165985
vt 0.4872786 0.3257342
vt 0.4803603 0.3360405
vt 0.4716256 0.3473309
vt 0.4610745 0.3594289
vt 0.4487896 0.3721770
vt 0.4349336 0.3854458
vt 0.4197451 0.3991388
vt 0.4035299 0.4131944
vt 0.3866512 0.4275850
vt 0.3695164 0.4423124
vt 0.3525623 0.4574000
vt 0.3362395 0.4728825
vt 0.3209960 0.4887947
vt 0.3072606 0.5051583
vt 0.2954271 0.5219697
vt 0.2858399 0.5391888
vt 0.2787810 0.5567302
vt 0.2744597 0.5744568
vt 0.2730048 0.5921784
vt 0.2744597 0.6096530
vt 0.2787810 0.6265939
vt 0.2858399 0.6426792
vt 0.2954271 0.6575670
vt 0.3072606 0.6709117
vt 0.3209960 0.6823831
vt 0.3362395 0.6916867
vt 0.3525623 0.6985824
vt 0.3695164 0.7029025
vt 0.3866512 0.7045663
vt 0.4035299 0.7035904
vt 0.4197451 0.7000948
vt 0.4349336 0.6943029
vt 0.4487896 0.6865359
vt 0.4610745 0.6772019
vt 0.4716256 0.6667794
vt 0.4803603 0.6557963
vt 0.4872786 0.6448063
vt 0.4924610 0.6343621
vt 0.4960644 0.6249891
vt 0.4983145 0.6171587
vt 0.4994952 0.6112654
vt 0.4999365 0.6076062
vt 0.5000000 0.6201528
vt 0.5000731 0.6215807
vt 0.5005810 0.6257921
vt 0.5019398 0.6325747
vt 0.5045294 0.6415866
vt 0.5086767 0.6523741
vt 0.5146411 0.6643943
vt 0.5226033 0.6770428
vt 0.5326562 0.6896832
vt 0.5447994 0.7016785
vt 0.5589381 0.7124210
vt 0.5748850 0.7213600
vt 0.5923656 0.7280260
vt 0.6110276 0.7320490
vt 0.6304533 0.7331722
vt 0.6501738 0.7312574
vt 0.6696864 0.7262854
vt 0.6884723 0.7183491
vt 0.7060161 0.7076416
vt 0.7218242 0.6944391
vt 0.7354434 0.6790807
vt 0.7464773 0.6619463
vt 0.7546014 0.6434336
vt 0.7595748 0.6239364
vt 0.7612493 0.6038248
vt 0.7595748 0.5834290
vt 0.7546014 0.5630274
vt 0.7464773 0.5428390
vt 0.7354434 0.5230214
vt 0.7218242 0.5036731
vt 0.7060161 0.4848402
vt 0.6884723 0.4665269
vt 0.6696864 0.4487080
vt 0.6501738 0.4313437
vt 0.6304533 0.4143939
vt 0.6110276 0.3978317
vt 0.5923656 0.3816551
vt 0.5748850 0.3658958
vt 0.5589381 0.3506247
vt 0.5447994 0.3359529
vt 0.5326562 0.3220294
vt 0.5226033 0.3090351
vt 0.5146411 0.2971736
vt 0.5086767 0.2866594
vt 0.5045294 0.2777048
vt 0.5019398 0.2705070
vt 0.5005810 0.2652346
vt 0.5000731 0.2620169
vt 0.5000000 0.2609351
vt 0.4999269 0.2620169
vt 0.4994190 0.2652346
vt 0.4980602 0.2705070
vt 0.4954706 0.2777048
vt 0.4913233 0.2866594
vt 0.4853589 0.2971736
vt 0.4773967 0.3090351
vt 0.4673438 0.3220294
vt 0.4552006 0.3359529
vt 0.4410619 0.3506247
vt 0.4251150 0.3658958
vt 0.4076344 0.3816551
vt 0.3889724 0.3978317
vt 0.3695467 0.4143939
vt 0.3498262 0.4313437
vt 0.3303136 0.4487080
vt 0.3115277 0.4665269
vt 0.2939839 0.4848402
vt 0.2781758 0.5036731
vt 0.2645566 0.5230214
vt 0.2535227 0.5428390
vt 0.2453986 0.5630274
vt 0.2404252 0.5834290
vt 0.2387507 0.6038248
vt 0.2404252 0.6239364
vt 0.2453986 0.6434336
vt 0.2535227 0.6619463
vt 0.2645566 0.6790807
vt 0.2781758 0.6944391
vt 0.2939839 0.7076416
vt 0.3115277 0.7183491
vt 0.3303136 0.7262854
vt 0.3498262 0.7312574
vt 0.3695467 0.7331722
vt 0.3889724 0.7320490
vt 0.4076344 0.7280260
vt 0.4251150 0.7213600
vt 0.4410619 0.7124210
vt 0.4552006 0.7016785
vt 0.4673438 0.6896832
vt 0.4773967 0.6770428
vt 0.4853589 0.6643943
vt 0.4913233 0.6523741
vt 0.4954706 0.6415866
vt 0.4980602 0.6325747
vt 0.4994190 0.6257921
vt 0.4999269 0.6215807
vt 0.5000000 0.6332918
vt 0.5000822 0.6348980
vt 0.5006536 0.6396356
vt 0.5021822 0.6472657
vt 0.5050954 0.6574038
vt 0.5097608 0.6695391
vt 0.5164705 0.6830613
vt 0.5254276 0.6972902
vt 0.5367366 0.7115100
vt 0.5503971 0.7250042
vt 0.5663025 0.7370890
vt 0.5842420 0.7471449
vt 0.6039067 0.7546437
vt 0.6249006 0.7591695
vt 0.6467536 0.7604330
vt 0.6689382 0.7582789
vt 0.6908889 0.7526857
vt 0.7120221 0.7437578
vt 0.7317580 0.7317123
vt 0.7495413 0.7168601
vt 0.7648622 0.6995827
vt 0.7772749 0.6803074
vt 0.7864141 0.6594815
vt 0.7920089 0.6375481
vt 0.7938926 0.6149235
vt 0.7920089 0.5919792
vt 0.7864141 0.5690284
vt 0.7772749 0.5463175
vt 0.7648622 0.5240237
vt 0.7495413 0.5022578
vt 0.7317580 0.4810718
vt 0.7120221 0.4604701
vt 0.6908889 0.4404247
vt 0.6689382 0.4208908
vt 0.6467536 0.4018231
vt 0.6249006 0.3831914
vt 0.6039067 0.3649935
vt 0.5842420 0.3472651
vt 0.5663025 0.3300859
vt 0.5503971 0.3135808
vt 0.5367366 0.2979175
vt 0.5254276 0.2832996
vt 0.5164705 0.2699560
vt 0.5097608 0.2581280
vt 0.5050954 0.2480546
vt 0.5021822 0.2399574
vt 0.5006536 0.2340262
vt 0.5000822 0.2304064
vt 0.5000000 0.2291894
vt 0.4999178 0.2304064
vt 0.4993464 0.2340262
vt 0.4978178 0.2399574
vt 0.4949046 0.2480546
vt 0.4902392 0.2581280
vt 0.4835295 0.2699560
vt 0.4745724 0.2832996
vt 0.4632634 0.2979175
vt 0.4496029 0.3135808
vt 0.4336975 0.3300859
vt 0.4157580 0.3472651
vt 0.3960933 0.3649935
vt 0.3750994 0.3831914
vt 0.3532464 0.4018231
vt 0.3310618 0.4208908
vt 0.3091111 0.4404247
vt 0.2879779 0.4604701
vt 0.2682420 0.4810718
vt 0.2504587 0.5022578
vt 0.2351378 0.5240237
vt 0.2227251 0.5463175
vt 0.2135859 0.5690284
vt 0.2079911 0.5919792
vt 0.2061074 0.6149235
vt 0.2079911 0.6375481
vt 0.2135859 0.6594815
vt 0.2227251 0.6803074
vt 0.2351378 0.6995827
vt 0.2504587 0.7168601
vt 0.2682420 0.7317123
vt 0.2879779 0.7437578
vt 0.3091111 0.7526857
vt 0.3310618 0.7582789
vt 0.3532464 0.7604330
vt 0.3750994 0.7591695
vt 0.3960933 0.7546437
vt 0.4157580 0.7471449
vt 0.4336975 0.7370890
vt 0.4496029 0.7250042
vt 0.4632634 0.7115100
vt 0.4745724 0.6972902
vt 0.4835295 0.6830613
vt 0.4902392 0.6695391
vt 0.4949046 0.6574038
vt 0.4978178 0.6472657
vt 0.4993464 0.6396356
vt 0.4999178 0.6348980
vt 0.5000000 0.6457014
vt 0.5000908 0.6474762
vt 0.5007221 0.6527108
vt 0.5024111 0.6611413
vt 0.5056299 0.6723429
vt 0.5107848 0.6857514
vt 0.5181984 0.7006921
vt 0.5280952 0.7164137
vt 0.5405905 0.7321253
vt 0.5556841 0.7470351
vt 0.5732581 0.7603877
vt 0.5930795 0.7714986
vt 0.6148073 0.7797841
vt 0.6380036 0.7847846
vt 0.6621490 0.7861806
vt 0.6866610 0.7838006
vt 0.7109144 0.7776206
vt 0.7342647 0.7677560
vt 0.7560710 0.7544470
vt 0.7757200 0.7380367
vt 0.7926481 0.7189467
vt 0.8063630 0.6976493
vt 0.8164609 0.6746386
vt 0.8226427 0.6504042
vt 0.8247240 0.6254062
vt 0.8226427 0.6000549
vt 0.8164609 0.5746964
vt 0.8063630 0.5496029
vt 0.7926481 0.5249704
vt 0.7757200 0.5009211
vt 0.7560710 0.4775124
vt 0.7342647 0.4547495
vt 0.7109144 0.4326013
vt 0.6866610 0.4110181
vt 0.6621490 0.3899501
vt 0.6380036 0.3693638
vt 0.6148073 0.3492568
vt 0.5930795 0.3296686
vt 0.5732581 0.3106871
vt 0.5556841 0.2924505
vt 0.5405905 0.2751440
vt 0.5280952 0.2589926
vt 0.5181984 0.2442491
vt 0.5107848 0.2311803
vt 0.5056299 0.2200501
vt 0.5024111 0.2111035
vt 0.5007221 0.2045501
vt 0.5000908 0.2005505
vt 0.5000000 0.1992059
vt 0.4999092 0.2005505
vt 0.4992779 0.2045501
vt 0.4975889 0.2111035
vt 0.4943701 0.2200501
vt 0.4892152 0.2311803
vt 0.4818016 0.2442491
vt 0.4719048 0.2589926
vt 0.4594095 0.2751440
vt 0.4443159 0.2924505
vt 0.4267419 0.3106871
vt 0.4069205 0.3296686
vt 0.3851927 0.3492568
vt 0.3619964 0.3693638
vt 0.3378510 0.3899501
vt 0.3133390 0.4110181
vt 0.2890856 0.4326013
vt 0.2657353 0.4547495
vt 0.2439290 0.4775124
vt 0.2242800 0.5009211
vt 0.2073519 0.5249704
vt 0.1936370 0.5496029
vt 0.1835391 0.5746964
vt 0.1773573 0.6000549
vt 0.1752760 0.6254062
vt 0.1773573 0.6504042
vt 0.1835391 0.6746386
vt 0.1936370 0.6976493
vt 0.2073519 0.7189467
vt 0.2242800 0.7380367
vt 0.2439290 0.7544470
vt 0.2657353 0.7677560
vt 0.2890856 0.7776206
vt 0.3133390 0.7838006
vt 0.3378510 0.7861806
vt 0.3619964 0.7847846
vt 0.3851927 0.7797841
vt 0.4069205 0.7714986
vt 0.4267419 0.7603877
vt 0.4443159 0.7470351
vt 0.4594095 0.7321253
vt 0.4719048 0.7164137
vt 0.4818016 0.7006921
vt 0.4892152 0.6857514
vt 0.4943701 0.6723429
vt 0.4975889 0.6611413
vt 0.4992779 0.6527108
vt 0.4999092 0.6474762
vt 0.5000000 0.6573052
vt 0.5000989 0.6592375
vt 0.5007862 0.6649369
vt 0.5026252 0.6741159
vt 0.5061298 0.6863120
vt 0.5117423 0.7009109
vt 0.5198141 0.7171780
vt 0.5305895 0.7342954
vt 0.5441942 0.7514019
vt 0.5606278 0.7676354
vt 0.5797621 0.7821735
vt 0.6013432 0.7942708
vt 0.6250000 0.8032919
vt 0.6502557 0.8087364
vt 0.6765448 0.8102564
vt 0.7032330 0.8076650
vt 0.7296397 0.8009363
vt 0.7550630 0.7901960
vt 0.7788053 0.7757054
vt 0.8001987 0.7578381
vt 0.8186298 0.7370534
vt 0.8335622 0.7138651
vt 0.8445567 0.6888115
vt 0.8512873 0.6624256
vt 0.8535534 0.6352082
vt 0.8512873 0.6076062
vt 0.8445567 0.5799963
vt 0.8335622 0.5526750
vt 0.8186298 0.5258555
vt 0.8001987 0.4996711
vt 0.7788053 0.4741843
vt 0.7550630 0.4494004
vt 0.7296397 0.4252858
vt 0.7032330 0.4017865
vt 0.6765448 0.3788480
vt 0.6502557 0.3564340
vt 0.6250000 0.3345419
vt 0.6013432 0.3132146
vt 0.5797621 0.2925480
vt 0.5606278 0.2726923
vt 0.5441942 0.2538493
vt 0.5305895 0.2362640
vt 0.5198141 0.2202116
vt 0.5117423 0.2059825
vt 0.5061298 0.1938642
vt 0.5026252 0.1841232
vt 0.5007862 0.1769880
vt 0.5000989 0.1726333
vt 0.5000000 0.1711693
vt 0.4999011 0.1726333
vt 0.4992138 0.1769880
vt 0.4973748 0.1841232
vt 0.4938702 0.1938642
vt 0.4882577 0.2059825
vt 0.4801859 0.2202116
vt 0.4694105 0.2362640
vt 0.4558058 0.2538493
vt 0.4393722 0.2726923
vt 0.4202379 0.2925480
vt 0.3986568 0.3132146
vt 0.3750000 0.3345419
vt 0.3497443 0.3564340
vt 0.3234552 0.3788480
vt 0.2967670 0.4017865
vt 0.2703603 0.4252858
vt 0.2449370 0.4494004
vt 0.2211947 0.4741843
vt 0.1998013 0.4996711
vt 0.1813702 0.5258555
vt 0.1664378 0.5526750
vt 0.1554433 0.5799963
vt 0.1487127 0.6076062
vt 0.1464466 0.6352082
vt 0.1487127 0.6624256
vt 0.1554433 0.6888115
vt 0.1664378 0.7138651
vt 0.1813702 0.7370534
vt 0.1998013 0.7578381
vt 0.2211947 0.7757054
vt 0.2449370 0.7901960
vt 0.2703603 0.8009363
vt 0.2967670 0.8076650
vt 0.3234552 0.8102564
vt 0.3497443 0.8087364
vt 0.3750000 0.8032919
vt 0.3986568 0.7942708
vt 0.4202379 0.7821735
vt 0.4393722 0.7676354
vt 0.4558058 0.7514019
vt 0.4694105 0.7342954
vt 0.4801859 0.7171780
vt 0.4882577 0.7009109
vt 0.4938702 0.6863120
vt 0.4973748 0.6741159
vt 0.4992138 0.6649369
vt 0.4999011 0.6592375
vt 0.5000000 0.6680317
vt 0.5001064 0.6701096
vt 0.5008455 0.6762386
vt 0.5028231 0.6861095
vt 0.5065918 0.6992249
vt 0.5126274 0.7149242
vt 0.5213076 0.7324175
vt 0.5328952 0.7508251
vt 0.5475254 0.7692211
vt 0.5651977 0.7866782
vt 0.5857742 0.8023120
vt 0.6089821 0.8153212
vt 0.6344220 0.8250223
vt 0.6615814 0.8308772
vt 0.6898521 0.8325118
vt 0.7185519 0.8297251
vt 0.7469491 0.8224892
vt 0.7742887 0.8109393
vt 0.7998207 0.7953564
vt 0.8228266 0.7761424
vt 0.8426469 0.7537909
vt 0.8587049 0.7288548
vt 0.8705282 0.7019128
vt 0.8777661 0.6735380
vt 0.8802030 0.6442690
vt 0.8777661 0.6145865
vt 0.8705282 0.5848955
vt 0.8587049 0.5555148
vt 0.8426469 0.5266738
vt 0.8228266 0.4985157
vt 0.7998207 0.4711077
vt 0.7742887 0.4444558
vt 0.7469491 0.4185235
vt 0.7185519 0.3932528
vt 0.6898521 0.3685853
vt 0.6615814 0.3444819
vt 0.6344220 0.3209396
vt 0.6089821 0.2980048
vt 0.5857742 0.2757803
vt 0.5651977 0.2544280
vt 0.5475254 0.2341647
vt 0.5328952 0.2152538
vt 0.5213076 0.1979915
vt 0.5126274 0.1826898
vt 0.5065918 0.1696581
vt 0.5028231 0.1591829
vt 0.5008455 0.1515098
vt 0.5001064 0.1468270
vt 0.5000000 0.1452526
vt 0.4998936 0.1468270
vt 0.4991545 0.1515098
vt 0.4971769 0.1591829
vt 0.4934082 0.1696581
vt 0.4873726 0.1826898
vt 0.4786924 0.1979915
vt 0.4671048 0.2152538
vt 0.4524746 0.2341647
vt 0.4348023 0.2544280
vt 0.4142258 0.2757803
vt 0.3910179 0.2980048
vt 0.3655780 0.3209396
vt 0.3384186 0.3444819
vt 0.3101479 0.3685853
vt 0.2814481 0.3932528
vt 0.2530509 0.4185235
vt 0.2257113 0.4444558
vt 0.2001793 0.4711077
vt 0.1771734 0.4985157
vt 0.1573531 0.5266738
vt 0.1412951 0.5555148
vt 0.1294718 0.5848955
vt 0.1222339 0.6145865
vt 0.1197970 0.6442690
vt 0.1222339 0.6735380
vt 0.1294718 0.7019128
vt 0.1412951 0.7288548
vt 0.1573531 0.7537909
vt 0.1771734 0.7761424
vt 0.2001793 0.7953564
vt 0.2257113 0.8109393
vt 0.2530509 0.8224892
vt 0.2814481 0.8297251
vt 0.3101479 0.8325118
vt 0.3384186 0.8308772
vt 0.3655780 0.8250223
vt 0.3910179 0.8153212
vt 0.4142258 0.8023120
vt 0.4348023 0.7866782
vt 0.4524746 0.7692211
vt 0.4671048 0.7508251
vt 0.4786924 0.7324175
vt 0.4873726 0.7149242
vt 0.4934082 0.6992249
vt 0.4971769 0.6861095
vt 0.4991545 0.6762386
vt 0.4998936 0.6701096
vt 0.5000000 0.6778147
vt 0.5001132 0.6800254
vt 0.5008995 0.6865462
vt 0.5030035 0.6970482
vt 0.5070132 0.7110019
vt 0.5134346 0.7277049
vt 0.5226697 0.7463165
vt 0.5349982 0.7659009
vt 0.5505636 0.7854728
vt 0.5693657 0.8040460
vt 0.5912576 0.8206792
vt 0.6159491 0.8345201
vt 0.6430154 0.8448413
vt 0.6719110 0.8510705
vt 0.7019890 0.8528095
vt 0.7325235 0.8498448
vt 0.7627360 0.8421462
vt 0.7918234 0.8298580
vt 0.8189875 0.8132789
vt 0.8434642 0.7928367
vt 0.8645516 0.7690563
vt 0.8816361 0.7425261
vt 0.8942152 0.7138617
vt 0.9019158 0.6836730
vt 0.9045085 0.6525329
vt 0.9019158 0.6209528
vt 0.8942152 0.5893637
vt 0.8816361 0.5581048
vt 0.8645516 0.5274201
vt 0.8434642 0.4974619
vt 0.8189875 0.4683018
vt 0.7918234 0.4399460
vt 0.7627360 0.4123560
vt 0.7325235 0.3854698
vt 0.7019890 0.3592254
vt 0.6719110 0.3335810
vt 0.6430154 0.3085338
vt 0.6159491 0.2841328
vt 0.5912576 0.2604875
vt 0.5693657 0.2377702
vt 0.5505636 0.2162116
vt 0.5349982 0.1960917
vt 0.5226697 0.1777259
vt 0.5134346 0.1614460
vt 0.5070132 0.1475812
vt 0.5030035 0.1364363
vt 0.5008995 0.1282727
vt 0.5001132 0.1232905
vt 0.5000000 0.1216155
vt 0.4998868 0.1232905
vt 0.4991005 0.1282727
vt 0.4969965 0.1364363
vt 0.4929868 0.1475812
vt 0.4865654 0.1614460
vt 0.4773303 0.1777259
vt 0.4650018 0.1960917
vt 0.4494364 0.2162116
vt 0.4306343 0.2377702
vt 0.4087424 0.2604875
vt 0.3840509 0.2841328
vt 0.3569846 0.3085338
vt 0.3280890 0.3335810
vt 0.2980110 0.3592254
vt 0.2674765 0.3854698
vt 0.2372640 0.4123560
vt 0.2081766 0.4399460
vt 0.1810125 0.4683018
vt 0.1565358 0.4974619
vt 0.1354484 0.5274201
vt 0.1183639 0.5581048
vt 0.1057848 0.5893637
vt 0.0980842 0.6209528
vt 0.0954915 0.6525329
vt 0.0980842 0.6836730
vt 0.1057848 0.7138617
vt 0.1183639 0.7425261
vt 0.1354484 0.7690563
vt 0.1565358 0.7928367
vt 0.1810125 0.8132789
vt 0.2081766 0.8298580
vt 0.2372640 0.8421462
vt 0.2674765 0.8498448
vt 0.2980110 0.8528095
vt 0.3280890 0.8510705
vt 0.3569846 0.8448413
vt 0.3840509 0.8345201
vt 0.4087424 0.8206792
vt 0.4306343 0.8040460
vt 0.4494364 0.7854728
vt 0.4650018 0.7659009
vt 0.4773303 0.7463165
vt 0.4865654 0.7277049
vt 0.4929868 0.7110019
vt 0.4969965 0.6970482
vt 0.4991005 0.6865462
vt 0.4998868 0.6800254
vt 0.5000000 0.6865938
vt 0.5001193 0.6889238
vt 0.5009480 0.6957962
vt 0.5031655 0.7068644
vt 0.5073914 0.7215706
vt 0.5141590 0.7391742
vt 0.5238921 0.7587894
vt 0.5368853 0.7794297
vt 0.5532900 0.8000571
vt 0.5731059 0.8196317
vt 0.5961783 0.8371618
vt 0.6222012 0.8517490
vt 0.6507269 0.8626268
vt 0.6811806 0.8691918
vt 0.7128804 0.8710246
vt 0.7450614 0.8679000
vt 0.7769030 0.8597864
vt 0.8075589 0.8468356
vt 0.8361877 0.8293625
vt 0.8619842 0.8078179
vt 0.8842086 0.7827553
vt 0.9022144 0.7547945
vt 0.9154717 0.7245846
vt 0.9235876 0.6927680
vt 0.9263201 0.6599488
vt 0.9235876 0.6266659
vt 0.9154717 0.5933735
vt 0.9022144 0.5604291
vt 0.8842086 0.5280898
vt 0.8619842 0.4965162
vt 0.8361877 0.4657837
vt 0.8075589 0.4358990
vt 0.7769030 0.4068213
vt 0.7450614 0.3784854
vt 0.7128804 0.3508258
vt 0.6811806 0.3237987
vt 0.6507269 0.2974009
vt 0.6222012 0.2716841
vt 0.5961783 0.2467639
vt 0.5731059 0.2228217
vt 0.5532900 0.2001005
vt 0.5368853 0.1788958
vt 0.5238921 0.1595396
vt 0.5141590 0.1423819
vt 0.5073914 0.1277695
vt 0.5031655 0.1160237
vt 0.5009480 0.1074199
vt 0.5001193 0.1021691
vt 0.5000000 0.1004037
vt 0.4998807 0.1021691
vt 0.4990520 0.1074199
vt 0.4968345 0.1160237
vt 0.4926086 0.1277695
vt 0.4858410 0.1423819
vt 0.4761079 0.1595396
vt 0.4631147 0.1788958
vt 0.4467100 0.2001005
vt 0.4268941 0.2228217
vt 0.4038217 0.2467639
vt 0.3777988 0.2716841
vt 0.3492731 0.2974009
vt 0.3188194 0.3237987
vt 0.2871196 0.3508258
vt 0.2549386 0.3784854
vt 0.2230970 0.4068213
vt 0.1924411 0.4358990
vt 0.1638123 0.4657837
vt 0.1380158 0.4965162
vt 0.1157914 0.5280898
vt 0.0977856 0.5604291
vt 0.0845283 0.5933735
vt 0.0764124 0.6266659
vt 0.0736799 0.6599488
vt 0.0764124 0.6927680
vt 0.0845283 0.7245846
vt 0.0977856 0.7547945
vt 0.1157914 0.7827553
vt 0.1380158 0.8078179
vt 0.1638123 0.8293625
vt 0.1924411 0.8468356
vt 0.2230970 0.8597864
vt 0.2549386 0.8679000
vt 0.2871196 0.8710246
vt 0.3188194 0.8691918
vt 0.3492731 0.8626268
vt 0.3777988 0.8517490
vt 0.4038217 0.8371618
vt 0.4268941 0.8196317
vt 0.4467100 0.8000571
vt 0.4631147 0.7794297
vt 0.4761079 0.7587894
vt 0.4858410 0.7391742
vt 0.4926086 0.7215706
vt 0.4968345 0.7068644
vt 0.4990520 0.6957962
vt 0.4998807 0.6889238
vt 0.5000000 0.6943151
vt 0.5001246 0.6967499
vt 0.5009907 0.7039315
vt 0.5033079 0.7154978
vt 0.5077240 0.7308657
vt 0.5147961 0.7492614
vt 0.5249672 0.7697592
vt 0.5385450 0.7913283
vt 0.5556879 0.8128838
vt 0.5763955 0.8333392
vt 0.6005061 0.8516582
vt 0.6276999 0.8669017
vt 0.6575092 0.8782690
vt 0.6893332 0.8851295
vt 0.7224595 0.8870447
vt 0.7560885 0.8837795
vt 0.7893628 0.8753008
vt 0.8213981 0.8617672
vt 0.8513152 0.8435079
vt 0.8782724 0.8209939
vt 0.9014969 0.7948036
vt 0.9203129 0.7655846
vt 0.9341668 0.7340153
vt 0.9426478 0.7007671
vt 0.9455033 0.6664711
vt 0.9426478 0.6316906
vt 0.9341668 0.5969001
vt 0.9203129 0.5624733
vt 0.9014969 0.5286788
vt 0.8782724 0.4956845
vt 0.8513152 0.4635692
vt 0.8213981 0.4323397
vt 0.7893628 0.4019535
vt 0.7560885 0.3723426
vt 0.7224595 0.3434384
vt 0.6893332 0.3151952
vt 0.6575092 0.2876095
vt 0.6276999 0.2607356
vt 0.6005061 0.2346941
vt 0.5763955 0.2096744
vt 0.5556879 0.1859310
vt 0.5385450 0.1637721
vt 0.5249672 0.1435449
vt 0.5147961 0.1256152
vt 0.5077240 0.1103452
vt 0.5033079 0.0980709
vt 0.5009907 0.0890800
vt 0.5001246 0.0835929
vt 0.5000000 0.0817481
vt 0.4998754 0.0835929
vt 0.4990093 0.0890800
vt 0.4966921 0.0980709
vt 0.4922760 0.1103452
vt 0.4852039 0.1256152
vt 0.4750328 0.1435449
vt 0.4614550 0.1637721
vt 0.4443121 0.1859310
vt 0.4236045 0.2096744
vt 0.3994939 0.2346941
vt 0.3723001 0.2607356
vt 0.3424908 0.2876095
vt 0.3106668 0.3151952
vt 0.2775405 0.3434384
vt 0.2439115 0.3723426
vt 0.2106372 0.4019535
vt 0.1786019 0.4323397
vt 0.1486848 0.4635692
vt 0.1217276 0.4956845
vt 0.0985031 0.5286788
vt 0.0796871 0.5624733
vt 0.0658332 0.5969001
vt 0.0573522 0.6316906
vt 0.0544967 0.6664711
vt 0.0573522 0.7007671
vt 0.0658332 0.7340153
vt 0.0796871 0.7655846
vt 0.0985031 0.7948036
vt 0.1217276 0.8209939
vt 0.1486848 0.8435079
vt 0.1786019 0.8617672
vt 0.2106372 0.8753008
vt 0.2439115 0.8837795
vt 0.2775405 0.8870447
vt 0.3106668 0.8851295
vt 0.3424908 0.8782690
vt 0.3723001 0.8669017
vt 0.3994939 0.8516582
vt 0.4236045 0.8333392
vt 0.4443121 0.8128838
vt 0.4614550 0.7913283
vt 0.4750328 0.7697592
vt 0.4852039 0.7492614
vt 0.4922760 0.7308657
vt 0.4966921 0.7154978
vt 0.4990093 0.7039315
vt 0.4998754 0.6967499
vt 0.5000000 0.7009308
vt 0.5001292 0.7034554
vt 0.5010273 0.7109020
vt 0.5034300 0.7228950
vt 0.5080089 0.7388299
vt 0.5153420 0.7579043
vt 0.5258883 0.7791583
vt 0.5399671 0.8015232
vt 0.5577425 0.8238740
vt 0.5792141 0.8450841
vt 0.6042142 0.8640789
vt 0.6324113 0.8798849
vt 0.6633204 0.8916715
vt 0.6963185 0.8987851
vt 0.7306669 0.9007711
vt 0.7655367 0.8973853
vt 0.8000387 0.8885938
vt 0.8332559 0.8745609
vt 0.8642767 0.8556280
vt 0.8922285 0.8322833
vt 0.9163098 0.8051267
vt 0.9358200 0.7748297
vt 0.9501850 0.7420957
vt 0.9589790 0.7076208
vt 0.9619398 0.6720595
vt 0.9589790 0.6359958
vt 0.9501850 0.5999217
vt 0.9358200 0.5642248
vt 0.9163098 0.5291835
vt 0.8922285 0.4949719
vt 0.8642767 0.4616717
vt 0.8332559 0.4292900
vt 0.8000387 0.3977828
vt 0.7655367 0.3670794
vt 0.7306669 0.3371088
vt 0.6963185 0.3078235
vt 0.6633204 0.2792201
vt 0.6324113 0.2513547
vt 0.6042142 0.2243524
vt 0.5792141 0.1984097
vt 0.5577425 0.1737902
vt 0.5399671 0.1508138
vt 0.5258883 0.1298404
vt 0.5153420 0.1112491
vt 0.5080089 0.0954158
vt 0.5034300 0.0826887
vt 0.5010273 0.0733660
vt 0.5001292 0.0676764
vt 0.5000000 0.0657636
vt 0.4998708 0.0676764
vt 0.4989727 0.0733660
vt 0.4965700 0.0826887
vt 0.4919911 0.0954158
vt 0.4846580 0.1112491
vt 0.4741117 0.1298404
vt 0.4600329 0.1508138
vt 0.4422575 0.1737902
vt 0.4207859 0.1984097
vt 0.3957858 0.2243524
vt 0.3675887 0.2513547
vt 0.3366796 0.2792201
vt 0.3036815 0.3078235
vt 0.2693331 0.3371088
vt 0.2344633 0.3670794
vt 0.1999613 0.3977828
vt 0.1667441 0.4292900
vt 0.1357233 0.4616717
vt 0.1077715 0.4949719
vt 0.0836902 0.5291835
vt 0.0641800 0.5642248
vt 0.0498150 0.5999217
vt 0.0410210 0.6359958
vt 0.0380602 0.6720595
vt 0.0410210 0.7076208
vt 0.0498150 0.7420957
vt 0.0641800 0.7748297
vt 0.0836902 0.8051267
vt 0.1077715 0.8322833
vt 0.1357233 0.8556280
vt 0.1667441 0.8745609
vt 0.1999613 0.8885938
vt 0.2344633 0.8973853
vt 0.2693331 0.9007711
vt 0.3036815 0.8987851
vt 0.3366796 0.8916715
vt 0.3675887 0.8798849
vt 0.3957858 0.8640789
vt 0.4207859 0.8450841
vt 0.4422575 0.8238740
vt 0.4600329 0.8015232
vt 0.4741117 0.7791583
vt 0.4846580 0.7579043
vt 0.4919911 0.7388299
vt 0.4965700 0.7228950
vt 0.4989727 0.7109020
vt 0.4998708 0.7034554
vt 0.5000000 0.7064001
vt 0.5001330 0.7089990
vt 0.5010575 0.7166647
vt 0.5035309 0.7290104
vt 0.5082445 0.7454141
vt 0.5157933 0.7650496
vt 0.5266499 0.7869289
vt 0.5411428 0.8099517
vt 0.5594410 0.8329599
vt 0.5815442 0.8547939
vt 0.6072797 0.8743475
vt 0.6363063 0.8906184
vt 0.6681246 0.9027517
vt 0.7020935 0.9100746
vt 0.7374523 0.9121189
vt 0.7733477 0.9086336
vt 0.8088647 0.8995835
vt 0.8430590 0.8851378
vt 0.8749923 0.8656479
vt 0.9037664 0.8416166
vt 0.9285561 0.8136611
vt 0.9486402 0.7824729
vt 0.9634278 0.7487760
vt 0.9724804 0.7132870
vt 0.9755283 0.6766796
vt 0.9724804 0.6395550
vt 0.9634278 0.6024198
vt 0.9486402 0.5656728
vt 0.9285561 0.5296007
vt 0.9037664 0.4943827
vt 0.8749923 0.4601029
vt 0.8430590 0.4267688
vt 0.8088647 0.3943347
vt 0.7733477 0.3627281
vt 0.7374523 0.3318759
vt 0.7020935 0.3017292
vt 0.6681246 0.2722844
vt 0.6363063 0.2435993
vt 0.6072797 0.2158027
vt 0.5815442 0.1890968
vt 0.5594410 0.1637531
vt 0.5411428 0.1401009
vt 0.5266499 0.1185105
vt 0.5157933 0.0993724
vt 0.5082445 0.0830733
vt 0.5035309 0.0699717
vt 0.5010575 0.0603748
vt 0.5001330 0.0545179
vt 0.5000000 0.0525488
vt 0.4998670 0.0545179
vt 0.4989425 0.0603748
vt 0.4964691 0.0699717
vt 0.4917555 0.0830733
vt 0.4842067 0.0993724
vt 0.4733501 0.1185105
vt 0.4588572 0.1401009
vt 0.4405590 0.1637531
vt 0.4184558 0.1890968
vt 0.3927203 0.2158027
vt 0.3636937 0.2435993
vt 0.3318754 0.2722844
vt 0.2979065 0.3017292
vt 0.2625477 0.3318759
vt 0.2266523 0.3627281
vt 0.1911353 0.3943347
vt 0.1569410 0.4267688
vt 0.1250077 0.4601029
vt 0.0962336 0.4943827
vt 0.0714439 0.5296007
vt 0.0513598 0.5656728
vt 0.0365722 0.6024198
vt 0.0275196 0.6395550
vt 0.0244717 0.6766796
vt 0.0275196 0.7132870
vt 0.0365722 0.7487760
vt 0.0513598 0.7824729
vt 0.0714439 0.8136611
vt 0.0962336 0.8416166
vt 0.1250077 0.8656479
vt 0.1569410 0.8851378
vt 0.1911353 0.8995835
vt 0.2266523 0.9086336
vt 0.2625477 0.9121189
vt 0.2979065 0.9100746
vt 0.3318754 0.9027517
vt 0.3636937 0.8906184
vt 0.3927203 0.8743475
vt 0.4184558 0.8547939
vt 0.4405590 0.8329599
vt 0.4588572 0.8099517
vt 0.4733501 0.7869289
vt 0.4842067 0.7650496
vt 0.4917555 0.7454141
vt 0.4964691 0.7290104
vt 0.4989425 0.7166647
vt 0.4998670 0.7089990
vt 0.5000000 0.7106894
vt 0.5001360 0.7133466
vt 0.5010812 0.7211840
vt 0.5036100 0.7338065
vt 0.5084293 0.7505777
vt 0.5161473 0.7706532
vt 0.5272471 0.7930228
vt 0.5420648 0.8165616
vt 0.5607731 0.8400854
vt 0.5833717 0.8624088
vt 0.6096839 0.8824006
vt 0.6393610 0.8990361
vt 0.6718923 0.9114414
vt 0.7066224 0.9189283
vt 0.7427736 0.9210185
vt 0.7794735 0.9174550
vt 0.8157864 0.9082021
vt 0.8507470 0.8934327
vt 0.8833960 0.8735060
vt 0.9128149 0.8489361
vt 0.9381601 0.8203542
vt 0.9586943 0.7884670
vt 0.9738133 0.7540149
vt 0.9830688 0.7177306
vt 0.9861850 0.6803029
vt 0.9830688 0.6423463
vt 0.9738133 0.6043789
vt 0.9586943 0.5668084
vt 0.9381601 0.5299279
vt 0.9128149 0.4939207
vt 0.8833960 0.4588727
vt 0.8507470 0.4247915
vt 0.8157864 0.3916306
vt 0.7794735 0.3593157
vt 0.7427736 0.3277721
vt 0.7066224 0.2969497
vt 0.6718923 0.2668451
vt 0.6393610 0.2375171
vt 0.6096839 0.2090976
vt 0.5833717 0.1817933
vt 0.5607731 0.1558816
vt 0.5420648 0.1316993
vt 0.5272471 0.1096250
vt 0.5161473 0.0900580
vt 0.5084293 0.0733937
vt 0.5036100 0.0599985
vt 0.5010812 0.0501865
vt 0.5001360 0.0441984
vt 0.5000000 0.0421851
vt 0.4998640 0.0441984
vt 0.4989188 0.0501865
vt 0.4963900 0.0599985
vt 0.4915707 0.0733937
vt 0.4838527 0.0900580
vt 0.4727529 0.1096250
vt 0.4579352 0.1316993
vt 0.4392269 0.1558816
vt 0.4166283 0.1817933
vt 0.3903161 0.2090976
vt 0.3606390 0.2375171
vt 0.3281077 0.2668451
vt 0.2933776 0.2969497
vt 0.2572264 0.3277721
vt 0.2205265 0.3593157
vt 0.1842136 0.3916306
vt 0.1492530 0.4247915
vt 0.1166040 0.4588727
vt 0.0871851 0.4939207
vt 0.0618399 0.5299279
vt 0.0413057 0.5668084
vt 0.0261867 0.6043789
vt 0.0169312 0.6423463
vt 0.0138150 0.6803029
vt 0.0169312 0.7177306
vt 0.0261867 0.7540149
vt 0.0413057 0.7884670
vt 0.0618399 0.8203542
vt 0.0871851 0.8489361
vt 0.1166040 0.8735060
vt 0.1492530 0.8934327
vt 0.1842136 0.9082021
vt 0.2205265 0.9174550
vt 0.2572264 0.9210185
vt 0.2933776 0.9189283
vt 0.3281077 0.9114414
vt 0.3606390 0.8990361
vt 0.3903161 0.8824006
vt 0.4166283 0.8624088
vt 0.4392269 0.8400854
vt 0.4579352 0.8165616
vt 0.4727529 0.7930228
vt 0.4838527 0.7706532
vt 0.4915707 0.7505777
vt 0.4963900 0.7338065
vt 0.4989188 0.7211840
vt 0.4998640 0.7133466
vt 0.5000000 0.7137723
vt 0.5001382 0.7164713
vt 0.5010982 0.7244322
vt 0.5036669 0.7372535
vt 0.5085621 0.7542890
vt 0.5164016 0.7746807
vt 0.5276764 0.7974027
vt 0.5427275 0.8213123
vt 0.5617305 0.8452067
vt 0.5846851 0.8678818
vt 0.6114118 0.8881885
vt 0.6415565 0.9050860
vt 0.6746003 0.9176868
vt 0.7098775 0.9252917
vt 0.7465982 0.9274148
vt 0.7838763 0.9237952
vt 0.8207612 0.9143965
vt 0.8562726 0.8993944
vt 0.8894359 0.8791538
vt 0.9193182 0.8541969
vt 0.9450628 0.8251646
vt 0.9659204 0.7927752
vt 0.9812776 0.7577803
vt 0.9906789 0.7209244
vt 0.9938442 0.6829070
vt 0.9906789 0.6443525
vt 0.9812776 0.6057870
vt 0.9659204 0.5676245
vt 0.9450628 0.5301630
vt 0.9193182 0.4935886
vt 0.8894359 0.4579885
vt 0.8562726 0.4233704
vt 0.8207612 0.3896870
vt 0.7838763 0.3568631
vt 0.7465982 0.3248226
vt 0.7098775 0.2935147
vt 0.6746003 0.2629357
vt 0.6415565 0.2331457
vt 0.6114118 0.2042785
vt 0.5846851 0.1765440
vt 0.5617305 0.1502241
vt 0.5427275 0.1256609
vt 0.5276764 0.1032389
vt 0.5164016 0.0833636
vt 0.5085621 0.0664367
vt 0.5036669 0.0528306
vt 0.5010982 0.0428640
vt 0.5001382 0.0367815
vt 0.5000000 0.0347365
vt 0.4998618 0.0367815
vt 0.4989018 0.0428640
vt 0.4963331 0.0528306
vt 0.4914379 0.0664367
vt 0.4835984 0.0833636
vt 0.4723236 0.1032389
vt 0.4572725 0.1256609
vt 0.4382695 0.1502241
vt 0.4153149 0.1765440
vt 0.3885882 0.2042785
vt 0.3584435 0.2331457
vt 0.3253997 0.2629357
vt 0.2901225 0.2935147
vt 0.2534018 0.3248226
vt 0.2161237 0.3568631
vt 0.1792388 0.3896870
vt 0.1437274 0.4233704
vt 0.1105641 0.4579885
vt 0.0806818 0.4935886
vt 0.0549372 0.5301630
vt 0.0340796 0.5676245
vt 0.0187224 0.6057870
vt 0.0093211 0.6443525
vt 0.0061558 0.6829070
vt 0.0093211 0.7209244
vt 0.0187224 0.7577803
vt 0.0340796 0.7927752
vt 0.0549372 0.8251646
vt 0.0806818 0.8541969
vt 0.1105641 0.8791538
vt 0.1437274 0.8993944
vt 0.1792388 0.9143965
vt 0.2161237 0.9237952
vt 0.2534018 0.9274148
vt 0.2901225 0.9252917
vt 0.3253997 0.9176868
vt 0.3584435 0.9050860
vt 0.3885882 0.8881885
vt 0.4153149 0.8678818
vt 0.4382695 0.8452067
vt 0.4572725 0.8213123
vt 0.4723236 0.7974027
vt 0.4835984 0.7746807
vt 0.4914379 0.7542890
vt 0.4963331 0.7372535
vt 0.4989018 0.7244322
vt 0.4998618 0.7164713
vt 0.5000000 0.7156296
vt 0.5001395 0.7183539
vt 0.5011085 0.7263891
vt 0.5037011 0.7393302
vt 0.5086421 0.7565249
vt 0.5165549 0.7771072
vt 0.5279350 0.8000415
vt 0.5431267 0.8241745
vt 0.5623073 0.8482922
vt 0.5854764 0.8711791
vt 0.6124529 0.8916756
vt 0.6428792 0.9087310
vt 0.6762318 0.9214495
vt 0.7118386 0.9291254
vt 0.7489024 0.9312684
vt 0.7865288 0.9276150
vt 0.8237584 0.9181285
vt 0.8596016 0.9029862
vt 0.8930748 0.8825565
vt 0.9232363 0.8573663
vt 0.9492215 0.8280628
vt 0.9702740 0.7953707
vt 0.9857747 0.7600489
vt 0.9952638 0.7228485
vt 0.9984587 0.6844759
vt 0.9952638 0.6455612
vt 0.9857747 0.6066353
vt 0.9702740 0.5681163
vt 0.9492215 0.5303047
vt 0.9232363 0.4933886
vt 0.8930748 0.4574558
vt 0.8596016 0.4225142
vt 0.8237584 0.3885161
vt 0.7865288 0.3553855
vt 0.7489024 0.3230455
vt 0.7118386 0.2914451
vt 0.6762318 0.2605804
vt 0.6428792 0.2305121
vt 0.6124529 0.2013751
vt 0.5854764 0.1733815
vt 0.5623073 0.1468157
vt 0.5431267 0.1220229
vt 0.5279350 0.0993914
vt 0.5165549 0.0793304
vt 0.5086421 0.0622453
vt 0.5037011 0.0485120
vt 0.5011085 0.0384524
vt 0.5001395 0.0323130
vt 0.5000000 0.0302489
vt 0.4998605 0.0323130
vt 0.4988915 0.0384524
vt 0.4962989 0.0485120
vt 0.4913579 0.0622453
vt 0.4834451 0.0793304
vt 0.4720650 0.0993914
vt 0.4568733 0.1220229
vt 0.4376927 0.1468157
vt 0.4145236 0.1733815
vt 0.3875471 0.2013751
vt 0.3571208 0.2305121
vt 0.3237682 0.2605804
vt 0.2881614 0.2914451
vt 0.2510976 0.3230455
vt 0.2134712 0.3553855
vt 0.1762416 0.3885161
vt 0.1403984 0.4225142
vt 0.1069252 0.4574558
vt 0.0767637 0.4933886
vt 0.0507785 0.5303047
vt 0.0297260 0.5681163
vt 0.0142253 0.6066353
vt 0.0047362 0.6455612
vt 0.0015413 0.6844759
vt 0.0047362 0.7228485
vt 0.0142253 0.7600489
vt 0.0297260 0.7953707
vt 0.0507785 0.8280628
vt 0.0767637 0.8573663
vt 0.1069252 0.8825565
vt 0.1403984 0.9029862
vt 0.1762416 0.9181285
vt 0.2134712 0.9276150
vt 0.2510976 0.9312684
vt 0.2881614 0.9291254
vt 0.3237682 0.9214495
vt 0.3571208 0.9087310
vt 0.3875471 0.8916756
vt 0.4145236 0.8711791
vt 0.4376927 0.8482922
vt 0.4568733 0.8241745
vt 0.4720650 0.8000415
vt 0.4834451 0.7771072
vt 0.4913579 0.7565249
vt 0.4962989 0.7393302
vt 0.4988915 0.7263891
vt 0.4998605 0.7183539
vt 0.5000000 0.5150000
vt 0.5000000 0.5307899
vt 0.5000872 0.5316367
vt 0.5002913 0.5326552
vt 0.5006801 0.5340084
vt 0.5013029 0.5356283
vt 0.5021985 0.5374333
vt 0.5033941 0.5393326
vt 0.5049037 0.5412307
vt 0.5067271 0.5430319
vt 0.5088502 0.5446450
vt 0.5112448 0.5459873
vt 0.5138697 0.5469883
vt 0.5166721 0.5475924
vt 0.5195890 0.5477610
vt 0.5225503 0.5474735
vt 0.5254803 0.5467269
vt 0.5283013 0.5455352
vt 0.5309357 0.5439273
vt 0.5333094 0.5419448
vt 0.5353545 0.5396386
vt 0.5370114 0.5370657
vt 0.5382313 0.5342858
vt 0.5389781 0.5313580
vt 0.5392295 0.5283380
vt 0.5389781 0.5252754
vt 0.5382313 0.5222119
vt 0.5370114 0.5191803
vt 0.5353545 0.5162045
vt 0.5333094 0.5132991
vt 0.5309357 0.5104712
vt 0.5283013 0.5077212
vt 0.5254803 0.5050455
vt 0.5225503 0.5024381
vt 0.5195890 0.4998929
vt 0.5166721 0.4974058
vt 0.5138697 0.4949767
vt 0.5112448 0.4926103
vt 0.5088502 0.4903172
vt 0.5067271 0.4881140
vt 0.5049037 0.4860233
vt 0.5033941 0.4840720
vt 0.5021985 0.4822909
vt 0.5013029 0.4807121
vt 0.5006801 0.4793674
vt 0.5002913 0.4782866
vt 0.5000872 0.4774949
vt 0.5000000 0.4768493
vt 0.4999890 0.4770117
vt 0.4999128 0.4774949
vt 0.4997087 0.4782866
vt 0.4993199 0.4793674
vt 0.4986971 0.4807121
vt 0.4978015 0.4822909
vt 0.4966059 0.4840720
vt 0.4950963 0.4860233
vt 0.4932729 0.4881140
vt 0.4911498 0.4903172
vt 0.4887552 0.4926103
vt 0.4861303 0.4949767
vt 0.4833279 0.4974058
vt 0.4804110 0.4998929
vt 0.4774497 0.5024381
vt 0.4745197 0.5050455
vt 0.4716987 0.5077212
vt 0.4690643 0.5104712
vt 0.4666906 0.5132991
vt 0.4646455 0.5162045
vt 0.4629886 0.5191803
vt 0.4617687 0.5222119
vt 0.4610219 0.5252754
vt 0.4607705 0.5283380
vt 0.4610219 0.5313580
vt 0.4617687 0.5342858
vt 0.4629886 0.5370657
vt 0.4646455 0.5396386
vt 0.4666906 0.5419448
vt 0.4690643 0.5439273
vt 0.4716987 0.5455352
vt 0.4745197 0.5467269
vt 0.4774497 0.5474735
vt 0.4804110 0.5477610
vt 0.4833279 0.5475924
vt 0.4861303 0.5469883
vt 0.4887552 0.5459873
vt 0.4911498 0.5446450
vt 0.4932729 0.5430319
vt 0.4950963 0.5412307
vt 0.4966059 0.5393326
vt 0.4978015 0.5374333
vt 0.4986971 0.5356283
vt 0.4993199 0.5340084
vt 0.4997087 0.5326552
vt 0.4999128 0.5316367
vt 0.4999890 0.5310043
vt 0.5000000 0.5464824
vt 0.5001739 0.5481708
vt 0.5005808 0.5502015
vt 0.5013561 0.5528996
vt 0.5025978 0.5561294
vt 0.5043835 0.5597282
vt 0.5067674 0.5635151
vt 0.5097772 0.5672996
vt 0.5134128 0.5708910
vt 0.5176459 0.5741073
vt 0.5224203 0.5767836
vt 0.5276540 0.5787793
vt 0.5332413 0.5799838
vt 0.5390573 0.5803201
vt 0.5449616 0.5797468
vt 0.5508036 0.5782582
vt 0.5564280 0.5758821
vt 0.5616806 0.5726763
vt 0.5664135 0.5687235
vt 0.5704910 0.5641253
vt 0.5737945 0.5589953
vt 0.5762269 0.5534526
vt 0.5777159 0.5476152
vt 0.5782172 0.5415939
vt 0.5777159 0.5354874
vt 0.5762269 0.5293792
vt 0.5737945 0.5233349
vt 0.5704910 0.5174016
vt 0.5664135 0.5116088
vt 0.5616806 0.5059703
vt 0.5564280 0.5004873
vt 0.5508036 0.4951524
vt 0.5449616 0.4899536
vt 0.5390573 0.4848789
vt 0.5332413 0.4799202
vt 0.5276540 0.4750769
vt 0.5224203 0.4703587
vt 0.5176459 0.4657865
vt 0.5134128 0.4613938
vt 0.5097772 0.4572252
vt 0.5067674 0.4533347
vt 0.5043835 0.4497834
vt 0.5025978 0.4466355
vt 0.5013561 0.4439546
vt 0.5005808 0.4417996
vt 0.5001739 0.4402210
vt 0.5000000 0.4389337
vt 0.4999781 0.4392576
vt 0.4998261 0.4402210
vt 0.4994192 0.4417996
vt 0.4986439 0.4439546
vt 0.4974022 0.4466355
vt 0.4956165 0.4497834
vt 0.4932326 0.4533347
vt 0.4902228 0.4572252
vt 0.4865872 0.4613938
vt 0.4823541 0.4657865
vt 0.4775797 0.4703587
vt 0.4723460 0.4750769
vt 0.4667587 0.4799202
vt 0.4609427 0.4848789
vt 0.4550384 0.4899536
vt 0.4491964 0.4951524
vt 0.4435720 0.5004873
vt 0.4383194 0.5059703
vt 0.4335865 0.5116088
vt 0.4295090 0.5174016
vt 0.4262055 0.5233349
vt 0.4237731 0.5293792
vt 0.4222841 0.5354874
vt 0.4217828 0.5415939
vt 0.4222841 0.5476152
vt 0.4237731 0.5534526
vt 0.4262055 0.5589953
vt 0.4295090 0.5641253
vt 0.4335865 0.5687235
vt 0.4383194 0.5726763
vt 0.4435720 0.5758821
vt 0.4491964 0.5782582
vt 0.4550384 0.5797468
vt 0.4609427 0.5803201
vt 0.4667587 0.5799838
vt 0.4723460 0.5787793
vt 0.4775797 0.5767836
vt 0.4823541 0.5741073
vt 0.4865872 0.5708910
vt 0.4902228 0.5672996
vt 0.4932326 0.5635151
vt 0.4956165 0.5597282
vt 0.4974022 0.5561294
vt 0.4986439 0.5528996
vt 0.4994192 0.5502015
vt 0.4998261 0.5481708
vt 0.4999781 0.5469099
vt 0.5000000 0.5619809
vt 0.5000327 0.5626188
vt 0.5002596 0.5645004
vt 0.5008667 0.5675308
vt 0.5020237 0.5715572
vt 0.5038766 0.5763769
vt 0.5065415 0.5817474
vt 0.5100989 0.5873985
vt 0.5145903 0.5930461
vt 0.5200158 0.5984055
vt 0.5263328 0.6032051
vt 0.5334576 0.6071989
vt 0.5412677 0.6101771
vt 0.5496057 0.6119746
vt 0.5582848 0.6124764
vt 0.5670957 0.6116209
vt 0.5758136 0.6093995
vt 0.5842069 0.6058537
vt 0.5920452 0.6010697
vt 0.5991081 0.5951710
vt 0.6051929 0.5883090
vt 0.6101228 0.5806536
vt 0.6137525 0.5723824
vt 0.6159746 0.5636713
vt 0.6167227 0.5546857
vt 0.6159746 0.5455732
vt 0.6137525 0.5364580
vt 0.6101228 0.5274381
vt 0.6051929 0.5185839
vt 0.5991081 0.5099393
vt 0.5920452 0.5015250
vt 0.5842069 0.4933429
vt 0.5758136 0.4853816
vt 0.5670957 0.4776235
vt 0.5582848 0.4700506
vt 0.5496057 0.4626508
vt 0.5412677 0.4554233
vt 0.5334576 0.4483823
vt 0.5263328 0.4415593
vt 0.5200158 0.4350041
vt 0.5145903 0.4287833
vt 0.5100989 0.4229776
vt 0.5065415 0.4176781
vt 0.5038766 0.4129805
vt 0.5020237 0.4089797
vt 0.5008667 0.4057638
vt 0.5002596 0.4034082
vt 0.5000327 0.4019705
vt 0.5000000 0.4014872
vt 0.4999673 0.4019705
vt 0.4997404 0.4034082
vt 0.4991333 0.4057638
vt 0.4979763 0.4089797
vt 0.4961234 0.4129805
vt 0.4934585 0.4176781
vt 0.4899011 0.4229776
vt 0.4854097 0.4287833
vt 0.4799842 0.4350041
vt 0.4736672 0.4415593
vt 0.4665424 0.4483823
vt 0.4587323 0.4554233
vt 0.4503943 0.4626508
vt 0.4417152 0.4700506
vt 0.4329043 0.4776235
vt 0.4241864 0.4853816
vt 0.4157931 0.4933429
vt 0.4079548 0.5015250
vt 0.4008919 0.5099393
vt 0.3948071 0.5185839
vt 0.3898772 0.5274381
vt 0.3862475 0.5364580
vt 0.3840254 0.5455732
vt 0.3832773 0.5546857
vt 0.3840254 0.5636713
vt 0.3862475 0.5723824
vt 0.3898772 0.5806536
vt 0.3948071 0.5883090
vt 0.4008919 0.5951710
vt 0.4079548 0.6010697
vt 0.4157931 0.6058537
vt 0.4241864 0.6093995
vt 0.4329043 0.6116209
vt 0.4417152 0.6124764
vt 0.4503943 0.6119746
vt 0.4587323 0.6101771
vt 0.4665424 0.6071989
vt 0.4736672 0.6032051
vt 0.4799842 0.5984055
vt 0.4854097 0.5930461
vt 0.4899011 0.5873985
vt 0.4934585 0.5817474
vt 0.4961234 0.5763769
vt 0.4979763 0.5715572
vt 0.4991333 0.5675308
vt 0.4997404 0.5645004
vt 0.4999673 0.5626188
vt 0.5000000 0.5771897
vt 0.5000432 0.5780341
vt 0.5003436 0.5805248
vt 0.5011473 0.5845362
vt 0.5026788 0.5898661
vt 0.5051316 0.5962460
vt 0.5086591 0.6033550
vt 0.5133681 0.6108356
vt 0.5193136 0.6183114
vt 0.5264953 0.6254057
vt 0.5348573 0.6317591
vt 0.5442886 0.6370458
vt 0.5546270 0.6409882
vt 0.5656641 0.6433675
vt 0.5771529 0.6440318
vt 0.5888161 0.6428993
vt 0.6003562 0.6399588
vt 0.6114666 0.6352651
vt 0.6218424 0.6289324
vt 0.6311916 0.6211242
vt 0.6392463 0.6120409
vt 0.6457720 0.6019072
vt 0.6505768 0.5909584
vt 0.6535182 0.5794273
vt 0.6545085 0.5675329
vt 0.6535182 0.5554704
vt 0.6505768 0.5434044
vt 0.6457720 0.5314646
vt 0.6392463 0.5197440
vt 0.6311916 0.5083010
vt 0.6218424 0.4971629
vt 0.6114666 0.4863319
vt 0.6003562 0.4757935
vt 0.5888161 0.4655239
vt 0.5771529 0.4554994
vt 0.5656641 0.4457041
vt 0.5546270 0.4361369
vt 0.5442886 0.4268166
vt 0.5348573 0.4177849
vt 0.5264953 0.4091076
vt 0.5193136 0.4008730
vt 0.5133681 0.3931879
vt 0.5086591 0.3861727
vt 0.5051316 0.3799544
vt 0.5026788 0.3746585
vt 0.5011473 0.3704015
vt 0.5003436 0.3672833
vt 0.5000432 0.3653803
vt 0.5000000 0.3647405
vt 0.4999568 0.3653803
vt 0.4996564 0.3672833
vt 0.4988527 0.3704015
vt 0.4973212 0.3746585
vt 0.4948684 0.3799544
vt 0.4913409 0.3861727
vt 0.4866319 0.3931879
vt 0.4806864 0.4008730
vt 0.4735047 0.4091076
vt 0.4651427 0.4177849
vt 0.4557114 0.4268166
vt 0.4453730 0.4361369
vt 0.4343359 0.4457041
vt 0.4228471 0.4554994
vt 0.4111839 0.4655239
vt 0.3996438 0.4757935
vt 0.3885334 0.4863319
vt 0.3781576 0.4971629
vt 0.3688084 0.5083010
vt 0.3607537 0.5197440
vt 0.3542280 0.5314646
vt 0.3494232 0.5434044
vt 0.3464818 0.5554704
vt 0.3454915 0.5675329
vt 0.3464818 0.5794273
vt 0.3494232 0.5909584
vt 0.3542280 0.6019072
vt 0.3607537 0.6120409
vt 0.3688084 0.6211242
vt 0.3781576 0.6289324
vt 0.3885334 0.6352651
vt 0.3996438 0.6399588
vt 0.4111839 0.6428993
vt 0.4228471 0.6440318
vt 0.4343359 0.6433675
vt 0.4453730 0.6409882
vt 0.4557114 0.6370458
vt 0.4651427 0.6317591
vt 0.4735047 0.6254057
vt 0.4806864 0.6183114
vt 0.4866319 0.6108356
vt 0.4913409 0.6033550
vt 0.4948684 0.5962460
vt 0.4973212 0.5898661
vt 0.4988527 0.5845362
vt 0.4996564 0.5805248
vt 0.4999568 0.5780341
vt 0.5000000 0.5920150
vt 0.5000535 0.5930608
vt 0.5004255 0.5961453
vt 0.5014207 0.6011129
vt 0.5033174 0.6077134
vt 0.5063549 0.6156142
vt 0.5107233 0.6244180
vt 0.5165549 0.6336818
vt 0.5239177 0.6429398
vt 0.5328115 0.6517253
vt 0.5431669 0.6595932
vt 0.5548466 0.6661403
vt 0.5676495 0.6710224
vt 0.5813178 0.6739690
vt 0.5955454 0.6747916
vt 0.6099889 0.6733892
vt 0.6242801 0.6697476
vt 0.6380391 0.6639350
vt 0.6508884 0.6560927
vt 0.6624664 0.6464231
vt 0.6724412 0.6351744
vt 0.6805226 0.6226250
vt 0.6864727 0.6090661
vt 0.6901153 0.5947861
vt 0.6913417 0.5800562
vt 0.6901153 0.5651181
vt 0.6864727 0.5501757
vt 0.6805226 0.5353896
vt 0.6724412 0.5208750
vt 0.6624664 0.5067041
vt 0.6508884 0.4929107
vt 0.6380391 0.4794978
vt 0.6242801 0.4664470
vt 0.6099889 0.4537293
vt 0.5955454 0.4413151
vt 0.5813178 0.4291847
vt 0.5676495 0.4173368
vt 0.5548466 0.4057945
vt 0.5431669 0.3946098
vt 0.5328115 0.3838640
vt 0.5239177 0.3736663
vt 0.5165549 0.3641491
vt 0.5107233 0.3554617
vt 0.5063549 0.3477609
vt 0.5033174 0.3412025
vt 0.5014207 0.3359308
vt 0.5004255 0.3320692
vt 0.5000535 0.3297125
vt 0.5000000 0.3289202
vt 0.4999465 0.3297125
vt 0.4995745 0.3320692
vt 0.4985793 0.3359308
vt 0.4966826 0.3412025
vt 0.4936451 0.3477609
vt 0.4892767 0.3554617
vt 0.4834451 0.3641491
vt 0.4760823 0.3736663
vt 0.4671885 0.3838640
vt 0.4568331 0.3946098
vt 0.4451534 0.4057945
vt 0.4323505 0.4173368
vt 0.4186822 0.4291847
vt 0.4044546 0.4413151
vt 0.3900111 0.4537293
vt 0.3757199 0.4664470
vt 0.3619609 0.4794978
vt 0.3491116 0.4929107
vt 0.3375336 0.5067041
vt 0.3275588 0.5208750
vt 0.3194774 0.5353896
vt 0.3135273 0.5501757
vt 0.3098847 0.5651181
vt 0.3086583 0.5800562
vt 0.3098847 0.5947861
vt 0.3135273 0.6090661
vt 0.3194774 0.6226250
vt 0.3275588 0.6351744
vt 0.3375336 0.6464231
vt 0.3491116 0.6560927
vt 0.3619609 0.6639350
vt 0.3757199 0.6697476
vt 0.3900111 0.6733892
vt 0.4044546 0.6747916
vt 0.4186822 0.6739690
vt 0.4323505 0.6710224
vt 0.4451534 0.6661403
vt 0.4568331 0.6595932
vt 0.4671885 0.6517253
vt 0.4760823 0.6429398
vt 0.4834451 0.6336818
vt 0.4892767 0.6244180
vt 0.4936451 0.6156142
vt 0.4966826 0.6077134
vt 0.4985793 0.6011129
vt 0.4995745 0.5961453
vt 0.4999465 0.5930608
vt 0.5000000 0.6063656
vt 0.5000635 0.6076062
vt 0.5005048 0.6112654
vt 0.5016855 0.6171587
vt 0.5039356 0.6249891
vt 0.5075390 0.6343621
vt 0.5127214 0.6448063
vt 0.5196397 0.6557963
vt 0.5283744 0.6667794
vt 0.5389255 0.6772019
vt 0.5512104 0.6865359
vt 0.5650664 0.6943029
vt 0.5802549 0.7000948
vt 0.5964701 0.7035904
vt 0.6133488 0.7045663
vt 0.6304836 0.7029025
vt 0.6474377 0.6985824
vt 0.6637605 0.6916867
vt 0.6790040 0.6823831
vt 0.6927394 0.6709117
vt 0.7045729 0.6575670
vt 0.7141601 0.6426792
vt 0.7212190 0.6265939
vt 0.7255403 0.6096530
vt 0.7269952 0.5921784
vt 0.7255403 0.5744568
vt 0.7212190 0.5567302
vt 0.7141601 0.5391888
vt 0.7045729 0.5219697
vt 0.6927394 0.5051583
vt 0.6790040 0.4887947
vt 0.6637605 0.4728825
vt 0.6474377 0.4574000
vt 0.6304836 0.4423124
vt 0.6133488 0.4275850
vt 0.5964701 0.4131944
vt 0.5802549 0.3991388
vt 0.5650664 0.3854458
vt 0.5512104 0.3721770
vt 0.5389255 0.3594289
vt 0.5283744 0.3473309
vt 0.5196397 0.3360405
vt 0.5127214 0.3257342
vt 0.5075390 0.3165985
vt 0.5039356 0.3088181
vt 0.5016855 0.3025640
vt 0.5005048 0.2979829
vt 0.5000635 0.2951871
vt 0.5000000 0.2942471
vt 0.4999365 0.2951871
vt 0.4994952 0.2979829
vt 0.4983145 0.3025640
vt 0.4960644 0.3088181
vt 0.4924610 0.3165985
vt 0.4872786 0.3257342
vt 0.4803603 0.3360405
vt 0.4716256 0.3473309
vt 0.4610745 0.3594289
vt 0.4487896 0.3721770
vt 0.4349336 0.3854458
vt 0.4197451 0.3991388
vt 0.4035299 0.4131944
vt 0.3866512 0.4275850
vt 0.3695164 0.4423124
vt 0.3525623 0.4574000
vt 0.3362395 0.4728825
vt 0.3209960 0.4887947
vt 0.3072606 0.5051583
vt 0.2954271 0.5219697
vt 0.2858399 0.5391888
vt 0.2787810 0.5567302
vt 0.2744597 0.5744568
vt 0.2730048 0.5921784
vt 0.2744597 0.6096530
vt 0.2787810 0.6265939
vt 0.2858399 0.6426792
vt 0.2954271 0.6575670
vt 0.3072606 0.6709117
vt 0.3209960 0.6823831
vt 0.3362395 0.6916867
vt 0.3525623 0.6985824
vt 0.3695164 0.7029025
vt 0.3866512 0.7045663
vt 0.4035299 0.7035904
vt 0.4197451 0.7000948
vt 0.4349336 0.6943029
vt 0.4487896 0.6865359
vt 0.4610745 0.6772019
vt 0.4716256 0.6667794
vt 0.4803603 0.6557963
vt 0.4872786 0.6448063
vt 0.4924610 0.6343621
vt 0.4960644 0.6249891
vt 0.4983145 0.6171587
vt 0.4994952 0.6112654
vt 0.4999365 0.6076062
vt 0.5000000 0.6201528
vt 0.5000731 0.6215807
vt 0.5005810 0.6257921
vt 0.5019398 0.6325747
vt 0.5045294 0.6415866
vt 0.5086767 0.6523741
vt 0.5146411 0.6643943
vt 0.5226033 0.6770428
vt 0.5326562 0.6896832
vt 0.5447994 0.7016785
vt 0.5589381 0.7124210
vt 0.5748850 0.7213600
vt 0.5923656 0.7280260
vt 0.6110276 0.7320490
vt 0.6304533 0.7331722
vt 0.6501738 0.7312574
vt 0.6696864 0.7262854
vt 0.6884723 0.7183491
vt 0.7060161 0.7076416
vt 0.7218242 0.6944391
vt 0.7354434 0.6790807
vt 0.7464773 0.6619463
vt 0.7546014 0.6434336
vt 0.7595748 0.6239364
vt 0.7612493 0.6038248
vt 0.7595748 0.5834290
vt 0.7546014 0.5630274
vt 0.7464773 0.5428390
vt 0.7354434 0.5230214
vt 0.7218242 0.5036731
vt 0.7060161 0.4848402
vt 0.6884723 0.4665269
vt 0.6696864 0.4487080
vt 0.6501738 0.4313437
vt 0.6304533 0.4143939
vt 0.6110276 0.3978317
vt 0.5923656 0.3816551
vt 0.5748850 0.3658958
vt 0.5589381 0.3506247
vt 0.5447994 0.3359529
vt 0.5326562 0.3220294
vt 0.5226033 0.3090351
vt 0.5146411 0.2971736
vt 0.5086767 0.2866594
vt 0.5045294 0.2777048
vt 0.5019398 0.2705070
vt 0.5005810 0.2652346
vt 0.5000731 0.2620169
vt 0.5000000 0.2609351
vt 0.4999269 0.2620169
vt 0.4994190 0.2652346
vt 0.4980602 0.2705070
vt 0.4954706 0.2777048
vt 0.4913233 0.2866594
vt 0.4853589 0.2971736
vt 0.4773967 0.3090351
vt 0.4673438 0.3220294
vt 0.4552006 0.3359529
vt 0.4410619 0.3506247
vt 0.4251150 0.3658958
vt 0.4076344 0.3816551
vt 0.3889724 0.3978317
vt 0.3695467 0.4143939
vt 0.3498262 0.4313437
vt 0.3303136 0.4487080
vt 0.3115277 0.4665269
vt 0.2939839 0.4848402
vt 0.2781758 0.5036731
vt 0.2645566 0.5230214
vt 0.2535227 0.5428390
vt 0.2453986 0.5630274
vt 0.2404252 0.5834290
vt 0.2387507 0.6038248
vt 0.2404252 0.6239364
vt 0.2453986 0.6434336
vt 0.2535227 0.6619463
vt 0.2645566 0.6790807
vt 0.2781758 0.6944391
vt 0.2939839 0.7076416
vt 0.3115277 0.7183491
vt 0.3303136 0.7262854
vt 0.3498262 0.7312574
vt 0.3695467 0.7331722
vt 0.3889724 0.7320490
vt 0.4076344 0.7280260
vt 0.4251150 0.7213600
vt 0.4410619 0.7124210
vt 0.4552006 0.7016785
vt 0.4673438 0.6896832
vt 0.4773967 0.6770428
vt 0.4853589 0.6643943
vt 0.4913233 0.6523741
vt 0.4954706 0.6415866
vt 0.4980602 0.6325747
vt 0.4994190 0.6257921
vt 0.4999269 0.6215807
vt 0.5000000 0.6332918
vt 0.5000822 0.6348980
vt 0.5006536 0.6396356
vt 0.5021822 0.6472657
vt 0.5050954 0.6574038
vt 0.5097608 0.6695391
vt 0.5164705 0.6830613
vt 0.5254276 0.6972902
vt 0.5367366 0.7115100
vt 0.5503971 0.7250042
vt 0.5663025 0.7370890
vt 0.5842420 0.7471449
vt 0.6039067 0.7546437
vt 0.6249006 0.7591695
vt 0.6467536 0.7604330
vt 0.6689382 0.7582789
vt 0.6908889 0.7526857
vt 0.7120221 0.7437578
vt 0.7317580 0.7317123
vt 0.7495413 0.7168601
vt 0.7648622 0.6995827
vt 0.7772749 0.6803074
vt 0.7864141 0.6594815
vt 0.7920089 0.6375481
vt 0.7938926 0.6149235
vt 0.7920089 0.5919792
vt 0.7864141 0.5690284
vt 0.7772749 0.5463175
vt 0.7648622 0.5240237
vt 0.7495413 0.5022578
vt 0.7317580 0.4810718
vt 0.7120221 0.4604701
vt 0.6908889 0.4404247
vt 0.6689382 0.4208908
vt 0.6467536 0.4018231
vt 0.6249006 0.3831914
vt 0.6039067 0.3649935
vt 0.5842420 0.3472651
vt 0.5663025 0.3300859
vt 0.5503971 0.3135808
vt 0.5367366 0.2979175
vt 0.5254276 0.2832996
vt 0.5164705 0.2699560
vt 0.5097608 0.2581280
vt 0.5050954 0.2480546
vt 0.5021822 0.2399574
vt 0.5006536 0.2340262
vt 0.5000822 0.2304064
vt 0.5000000 0.2291894
vt 0.4999178 0.2304064
vt 0.4993464 0.2340262
vt 0.4978178 0.2399574
vt 0.4949046 0.2480546
vt 0.4902392 0.2581280
vt 0.4835295 0.2699560
vt 0.4745724 0.2832996
vt 0.4632634 0.2979175
vt 0.4496029 0.3135808
vt 0.4336975 0.3300859
vt 0.4157580 0.3472651
vt 0.3960933 0.3649935
vt 0.3750994 0.3831914
vt 0.3532464 0.4018231
vt 0.3310618 0.4208908
vt 0.3091111 0.4404247
vt 0.2879779 0.4604701
vt 0.2682420 0.4810718
vt 0.2504587 0.5022578
vt 0.2351378 0.5240237
vt 0.2227251 0.5463175
vt 0.2135859 0.5690284
vt 0.2079911 0.5919792
vt 0.2061074 0.6149235
vt 0.2079911 0.6375481
vt 0.2135859 0.6594815
vt 0.2227251 0.6803074
vt 0.2351378 0.6995827
vt 0.2504587 0.7168601
vt 0.2682420 0.7317123
vt 0.2879779 0.7437578
vt 0.3091111 0.7526857
vt 0.3310618 0.7582789
vt 0.3532464 0.7604330
vt 0.3750994 0.7591695
vt 0.3960933 0.7546437
vt 0.4157580 0.7471449
vt 0.4336975 0.7370890
vt 0.4496029 0.7250042
vt 0.4632634 0.7115100
vt 0.4745724 0.6972902
vt 0.4835295 0.6830613
vt 0.4902392 0.6695391
vt 0.4949046 0.6574038
vt 0.4978178 0.6472657
vt 0.4993464 0.6396356
vt 0.4999178 0.6348980
vt 0.5000000 0.6457014
vt 0.5000908 0.6474762
vt 0.5007221 0.6527108
vt 0.5024111 0.6611413
vt 0.5056299 0.6723429
vt 0.5107848 0.6857514
vt 0.5181984 0.7006921
vt 0.5280952 0.7164137
vt 0.5405905 0.7321253
vt 0.5556841 0.7470351
vt 0.5732581 0.7603877
vt 0.5930795 0.7714986
vt 0.6148073 0.7797841
vt 0.6380036 0.7847846
vt 0.6621490 0.7861806
vt 0.6866610 0.7838006
vt 0.7109144 0.7776206
vt 0.7342647 0.7677560
vt 0.7560710 0.7544470
vt 0.7757200 0.7380367
vt 0.7926481 0.7189467
vt 0.8063630 0.6976493
vt 0.8164609 0.6746386
vt 0.8226427 0.6504042
vt 0.8247240 0.6254062
vt 0.8226427 0.6000549
vt 0.8164609 0.5746964
vt 0.8063630 0.5496029
vt 0.7926481 0.5249704
vt 0.7757200 0.5009211
vt 0.7560710 0.4775124
vt 0.7342647 0.4547495
vt 0.7109144 0.4326013
vt 0.6866610 0.4110181
vt 0.6621490 0.3899501
vt 0.6380036 0.3693638
vt 0.6148073 0.3492568
vt 0.5930795 0.3296686
vt 0.5732581 0.3106871
vt 0.5556841 0.2924505
vt 0.5405905 0.2751440
vt 0.5280952 0.2589926
vt 0.5181984 0.2442491
vt 0.5107848 0.2311803
vt 0.5056299 0.2200501
vt 0.5024111 0.2111035
vt 0.5007221 0.2045501
vt 0.5000908 0.2005505
vt 0.5000000 0.1992059
vt 0.4999092 0.2005505
vt 0.4992779 0.2045501
vt 0.4975889 0.2111035
vt 0.4943701 0.2200501
vt 0.4892152 0.2311803
vt 0.4818016 0.2442491
vt 0.4719048 0.2589926
vt 0.4594095 0.2751440
vt 0.4443159 0.2924505
vt 0.4267419 0.3106871
vt 0.4069205 0.3296686
vt 0.3851927 0.3492568
vt 0.3619964 0.3693638
vt 0.3378510 0.3899501
vt 0.3133390 0.4110181
vt 0.2890856 0.4326013
vt 0.2657353 0.4547495
vt 0.2439290 0.4775124
vt 0.2242800 0.5009211
vt 0.2073519 0.5249704
vt 0.1936370 0.5496029
vt 0.1835391 0.5746964
vt 0.1773573 0.6000549
vt 0.1752760 0.6254062
vt 0.1773573 0.6504042
vt 0.1835391 0.6746386
vt 0.1936370 0.6976493
vt 0.2073519 0.7189467
vt 0.2242800 0.7380367
vt 0.2439290 0.7544470
vt 0.2657353 0.7677560
vt 0.2890856 0.7776206
vt 0.3133390 0.7838006
vt 0.3378510 0.7861806
vt 0.3619964 0.7847846
vt 0.3851927 0.7797841
vt 0.4069205 0.7714986
vt 0.4267419 0.7603877
vt 0.4443159 0.7470351
vt 0.4594095 0.7321253
vt 0.4719048 0.7164137
vt 0.4818016 0.7006921
vt 0.4892152 0.6857514
vt 0.4943701 0.6723429
vt 0.4975889 0.6611413
vt 0.4992779 0.6527108
vt 0.4999092 0.6474762
vt 0.5000000 0.6573052
vt 0.5000989 0.6592375
vt 0.5007862 0.6649369
vt 0.5026252 0.6741159
vt 0.5061298 0.6863120
vt 0.5117423 0.7009109
vt 0.5198141 0.7171780
vt 0.5305895 0.7342954
vt 0.5441942 0.7514019
vt 0.5606278 0.7676354
vt 0.5797621 0.7821735
vt 0.6013432 0.7942708
vt 0.6250000 0.8032919
vt 0.6502557 0.8087364
vt 0.6765448 0.8102564
vt 0.7032330 0.8076650
vt 0.7296397 0.8009363
vt 0.7550630 0.7901960
vt 0.7788053 0.7757054
vt 0.8001987 0.7578381
vt 0.8186298 0.7370534
vt 0.8335622 0.7138651
vt 0.8445567 0.6888115
vt 0.8512873 0.6624256
vt 0.8535534 0.6352082
vt 0.8512873 0.6076062
vt 0.8445567 0.5799963
vt 0.8335622 0.5526750
vt 0.8186298 0.5258555
vt 0.8001987 0.4996711
vt 0.7788053 0.4741843
vt 0.7550630 0.4494004
vt 0.7296397 0.4252858
vt 0.7032330 0.4017865
vt 0.6765448 0.3788480
vt 0.6502557 0.3564340
vt 0.6250000 0.3345419
vt 0.6013432 0.3132146
vt 0.5797621 0.2925480
vt 0.5606278 0.2726923
vt 0.5441942 0.2538493
vt 0.5305895 0.2362640
vt 0.5198141 0.2202116
vt 0.5117423 0.2059825
vt 0.5061298 0.1938642
vt 0.5026252 0.1841232
vt 0.5007862 0.1769880
vt 0.5000989 0.1726333
vt 0.5000000 0.1711693
vt 0.4999011 0.1726333
vt 0.4992138 0.1769880
vt 0.4973748 0.1841232
vt 0.4938702 0.1938642
vt 0.4882577 0.2059825
vt 0.4801859 0.2202116
vt 0.4694105 0.2362640
vt 0.4558058 0.2538493
vt 0.4393722 0.2726923
vt 0.4202379 0.2925480
vt 0.3986568 0.3132146
vt 0.3750000 0.3345419
vt 0.3497443 0.3564340
vt 0.3234552 0.3788480
vt 0.2967670 0.4017865
vt 0.2703603 0.4252858
vt 0.2449370 0.4494004
vt 0.2211947 0.4741843
vt 0.1998013 0.4996711
vt 0.1813702 0.5258555
vt 0.1664378 0.5526750
vt 0.1554433 0.5799963
vt 0.1487127 0.6076062
vt 0.1464466 0.6352082
vt 0.1487127 0.6624256
vt 0.1554433 0.6888115
vt 0.1664378 0.7138651
vt 0.1813702 0.7370534
vt 0.1998013 0.7578381
vt 0.2211947 0.7757054
vt 0.2449370 0.7901960
vt 0.2703603 0.8009363
vt 0.2967670 0.8076650
vt 0.3234552 0.8102564
vt 0.3497443 0.8087364
vt 0.3750000 0.8032919
vt 0.3986568 0.7942708
vt 0.4202379 0.7821735
vt 0.4393722 0.7676354
vt 0.4558058 0.7514019
vt 0.4694105 0.7342954
vt 0.4801859 0.7171780
vt 0.4882577 0.7009109
vt 0.4938702 0.6863120
vt 0.4973748 0.6741159
vt 0.4992138 0.6649369
vt 0.4999011 0.6592375
vt 0.5000000 0.6680317
vt 0.5001064 0.6701096
vt 0.5008455 0.6762386
vt 0.5028231 0.6861095
vt 0.5065918 0.6992249
vt 0.5126274 0.7149242
vt 0.5213076 0.7324175
vt 0.5328952 0.7508251
vt 0.5475254 0.7692211
vt 0.5651977 0.7866782
vt 0.5857742 0.8023120
vt 0.6089821 0.8153212
vt 0.6344220 0.8250223
vt 0.6615814 0.8308772
vt 0.6898521 0.8325118
vt 0.7185519 0.8297251
vt 0.7469491 0.8224892
vt 0.7742887 0.8109393
vt 0.7998207 0.7953564
vt 0.8228266 0.7761424
vt 0.8426469 0.7537909
vt 0.8587049 0.7288548
vt 0.8705282 0.7019128
vt 0.8777661 0.6735380
vt 0.8802030 0.6442690
vt 0.8777661 0.6145865
vt 0.8705282 0.5848955
vt 0.8587049 0.5555148
vt 0.8426469 0.5266738
vt 0.8228266 0.4985157
vt 0.7998207 0.4711077
vt 0.7742887 0.4444558
vt 0.7469491 0.4185235
vt 0.7185519 0.3932528
vt 0.6898521 0.3685853
vt 0.6615814 0.3444819
vt 0.6344220 0.3209396
vt 0.6089821 0.2980048
vt 0.5857742 0.2757803
vt 0.5651977 0.2544280
vt 0.5475254 0.2341647
vt 0.5328952 0.2152538
vt 0.5213076 0.1979915
vt 0.5126274 0.1826898
vt 0.5065918 0.1696581
vt 0.5028231 0.1591829
vt 0.5008455 0.1515098
vt 0.5001064 0.1468270
vt 0.5000000 0.1452526
vt 0.4998936 0.1468270
vt 0.4991545 0.1515098
vt 0.4971769 0.1591829
vt 0.4934082 0.1696581
vt 0.4873726 0.1826898
vt 0.4786924 0.1979915
vt 0.4671048 0.2152538
vt 0.4524746 0.2341647
vt 0.4348023 0.2544280
vt 0.4142258 0.2757803
vt 0.3910179 0.2980048
vt 0.3655780 0.3209396
vt 0.3384186 0.3444819
vt 0.3101479 0.3685853
vt 0.2814481 0.3932528
vt 0.2530509 0.4185235
vt 0.2257113 0.4444558
vt 0.2001793 0.4711077
vt 0.1771734 0.4985157
vt 0.1573531 0.5266738
vt 0.1412951 0.5555148
vt 0.1294718 0.5848955
vt 0.1222339 0.6145865
vt 0.1197970 0.6442690
vt 0.1222339 0.6735380
vt 0.1294718 0.7019128
vt 0.1412951 0.7288548
vt 0.1573531 0.7537909
vt 0.1771734 0.7761424
vt 0.2001793 0.7953564
vt 0.2257113 0.8109393
vt 0.2530509 0.8224892
vt 0.2814481 0.8297251
vt 0.3101479 0.8325118
vt 0.3384186 0.8308772
vt 0.3655780 0.8250223
vt 0.3910179 0.8153212
vt 0.4142258 0.8023120
vt 0.4348023 0.7866782
vt 0.4524746 0.7692211
vt 0.4671048 0.7508251
vt 0.4786924 0.7324175
vt 0.4873726 0.7149242
vt 0.4934082 0.6992249
vt 0.4971769 0.6861095
vt 0.4991545 0.6762386
vt 0.4998936 0.6701096
vt 0.5000000 0.6778147
vt 0.5001132 0.6800254
vt 0.5008995 0.6865462
vt 0.5030035 0.6970482
vt 0.5070132 0.7110019
vt 0.5134346 0.7277049
vt 0.5226697 0.7463165
vt 0.5349982 0.7659009
vt 0.5505636 0.7854728
vt 0.5693657 0.8040460
vt 0.5912576 0.8206792
vt 0.6159491 0.8345201
vt 0.6430154 0.8448413
vt 0.6719110 0.8510705
vt 0.7019890 0.8528095
vt 0.7325235 0.8498448
vt 0.7627360 0.8421462
vt 0.7918234 0.8298580
vt 0.8189875 0.8132789
vt 0.8434642 0.7928367
vt 0.8645516 0.7690563
vt 0.8816361 0.7425261
vt 0.8942152 0.7138617
vt 0.9019158 0.6836730
vt 0.9045085 0.6525329
vt 0.9019158 0.6209528
vt 0.8942152 0.5893637
vt 0.8816361 0.5581048
vt 0.8645516 0.5274201
vt 0.8434642 0.4974619
vt 0.8189875 0.4683018
vt 0.7918234 0.4399460
vt 0.7627360 0.4123560
vt 0.7325235 0.3854698
vt 0.7019890 0.3592254
vt 0.6719110 0.3335810
vt 0.6430154 0.3085338
vt 0.6159491 0.2841328
vt 0.5912576 0.2604875
vt 0.5693657 0.2377702
vt 0.5505636 0.2162116
vt 0.5349982 0.1960917
vt 0.5226697 0.1777259
vt 0.5134346 0.1614460
vt 0.5070132 0.1475812
vt 0.5030035 0.1364363
vt 0.5008995 0.1282727
vt 0.5001132 0.1232905
vt 0.5000000 0.1216155
vt 0.4998868 0.1232905
vt 0.4991005 0.1282727
vt 0.4969965 0.1364363
vt 0.4929868 0.1475812
vt 0.4865654 0.1614460
vt 0.4773303 0.1777259
vt 0.4650018 0.1960917
vt 0.4494364 0.2162116
vt 0.4306343 0.2377702
vt 0.4087424 0.2604875
vt 0.3840509 0.2841328
vt 0.3569846 0.3085338
vt 0.3280890 0.3335810
vt 0.2980110 0.3592254
vt 0.2674765 0.3854698
vt 0.2372640 0.4123560
vt 0.2081766 0.4399460
vt 0.1810125 0.4683018
vt 0.1565358 0.4974619
vt 0.1354484 0.5274201
vt 0.1183639 0.5581048
vt 0.1057848 0.5893637
vt 0.0980842 0.6209528
vt 0.0954915 0.6525329
vt 0.0980842 0.6836730
vt 0.1057848 0.7138617
vt 0.1183639 0.7425261
vt 0.1354484 0.7690563
vt 0.1565358 0.7928367
vt 0.1810125 0.8132789
vt 0.2081766 0.8298580
vt 0.2372640 0.8421462
vt 0.2674765 0.8498448
vt 0.2980110 0.8528095
vt 0.3280890 0.8510705
vt 0.3569846 0.8448413
vt 0.3840509 0.8345201
vt 0.4087424 0.8206792
vt 0.4306343 0.8040460
vt 0.4494364 0.7854728
vt 0.4650018 0.7659009
vt 0.4773303 0.7463165
vt 0.4865654 0.7277049
vt 0.4929868 0.7110019
vt 0.4969965 0.6970482
vt 0.4991005 0.6865462
vt 0.4998868 0.6800254
vt 0.5000000 0.6865938
vt 0.5001193 0.6889238
vt 0.5009480 0.6957962
vt 0.5031655 0.7068644
vt 0.5073914 0.7215706
vt 0.5141590 0.7391742
vt 0.5238921 0.7587894
vt 0.5368853 0.7794297
vt 0.5532900 0.8000571
vt 0.5731059 0.8196317
vt 0.5961783 0.8371618
vt 0.6222012 0.8517490
vt 0.6507269 0.8626268
vt 0.6811806 0.8691918
vt 0.7128804 0.8710246
vt 0.7450614 0.8679000
vt 0.7769030 0.8597864
vt 0.8075589 0.8468356
vt 0.8361877 0.8293625
vt 0.8619842 0.8078179
vt 0.8842086 0.7827553
vt 0.9022144 0.7547945
vt 0.9154717 0.7245846
vt 0.9235876 0.6927680
vt 0.9263201 0.6599488
vt 0.9235876 0.6266659
vt 0.9154717 0.5933735
vt 0.9022144 0.5604291
vt 0.8842086 0.5280898
vt 0.8619842 0.4965162
vt 0.8361877 0.4657837
vt 0.8075589 0.4358990
vt 0.7769030 0.4068213
vt 0.7450614 0.3784854
vt 0.7128804 0.3508258
vt 0.6811806 0.3237987
vt 0.6507269 0.2974009
vt 0.6222012 0.2716841
vt 0.5961783 0.2467639
vt 0.5731059 0.2228217
vt 0.5532900 0.2001005
vt 0.5368853 0.1788958
vt 0.5238921 0.1595396
vt 0.5141590 0.1423819
vt 0.5073914 0.1277695
vt 0.5031655 0.1160237
vt 0.5009480 0.1074199
vt 0.5001193 0.1021691
vt 0.5000000 0.1004037
vt 0.4998807 0.1021691
vt 0.4990520 0.1074199
vt 0.4968345 0.1160237
vt 0.4926086 0.1277695
vt 0.4858410 0.1423819
vt 0.4761079 0.1595396
vt 0.4631147 0.1788958
vt 0.4467100 0.2001005
vt 0.4268941 0.2228217
vt 0.4038217 0.2467639
vt 0.3777988 0.2716841
vt 0.3492731 0.2974009
vt 0.3188194 0.3237987
vt 0.2871196 0.3508258
vt 0.2549386 0.3784854
vt 0.2230970 0.4068213
vt 0.1924411 0.4358990
vt 0.1638123 0.4657837
vt 0.1380158 0.4965162
vt 0.1157914 0.5280898
vt 0.0977856 0.5604291
vt 0.0845283 0.5933735
vt 0.0764124 0.6266659
vt 0.0736799 0.6599488
vt 0.0764124 0.6927680
vt 0.0845283 0.7245846
vt 0.0977856 0.7547945
vt 0.1157914 0.7827553
vt 0.1380158 0.8078179
vt 0.1638123 0.8293625
vt 0.1924411 0.8468356
vt 0.2230970 0.8597864
vt 0.2549386 0.8679000
vt 0.2871196 0.8710246
vt 0.3188194 0.8691918
vt 0.3492731 0.8626268
vt 0.3777988 0.8517490
vt 0.4038217 0.8371618
vt 0.4268941 0.8196317
vt 0.4467100 0.8000571
vt 0.4631147 0.7794297
vt 0.4761079 0.7587894
vt 0.4858410 0.7391742
vt 0.4926086 0.7215706
vt 0.4968345 0.7068644
vt 0.4990520 0.6957962
vt 0.4998807 0.6889238
vt 0.5000000 0.6943151
vt 0.5001246 0.6967499
vt 0.5009907 0.7039315
vt 0.5033079 0.7154978
vt 0.5077240 0.7308657
vt 0.5147961 0.7492614
vt 0.5249672 0.7697592
vt 0.5385450 0.7913283
vt 0.5556879 0.8128838
vt 0.5763955 0.8333392
vt 0.6005061 0.8516582
vt 0.6276999 0.8669017
vt 0.6575092 0.8782690
vt 0.6893332 0.8851295
vt 0.7224595 0.8870447
vt 0.7560885 0.8837795
vt 0.7893628 0.8753008
vt 0.8213981 0.8617672
vt 0.8513152 0.8435079
vt 0.8782724 0.8209939
vt 0.9014969 0.7948036
vt 0.9203129 0.7655846
vt 0.9341668 0.7340153
vt 0.9426478 0.7007671
vt 0.9455033 0.6664711
vt 0.9426478 0.6316906
vt 0.9341668 0.5969001
vt 0.9203129 0.5624733
vt 0.9014969 0.5286788
vt 0.8782724 0.4956845
vt 0.8513152 0.4635692
vt 0.8213981 0.4323397
vt 0.7893628 0.4019535
vt 0.7560885 0.3723426
vt 0.7224595 0.3434384
vt 0.6893332 0.3151952
vt 0.6575092 0.2876095
vt 0.6276999 0.2607356
vt 0.6005061 0.2346941
vt 0.5763955 0.2096744
vt 0.5556879 0.1859310
vt 0.5385450 0.1637721
vt 0.5249672 0.1435449
vt 0.5147961 0.1256152
vt 0.5077240 0.1103452
vt 0.5033079 0.0980709
vt 0.5009907 0.0890800
vt 0.5001246 0.0835929
vt 0.5000000 0.0817481
vt 0.4998754 0.0835929
vt 0.4990093 0.0890800
vt 0.4966921 0.0980709
vt 0.4922760 0.1103452
vt 0.4852039 0.1256152
vt 0.4750328 0.1435449
vt 0.4614550 0.1637721
vt 0.4443121 0.1859310
vt 0.4236045 0.2096744
vt 0.3994939 0.2346941
vt 0.3723001 0.2607356
vt 0.3424908 0.2876095
vt 0.3106668 0.3151952
vt 0.2775405 0.3434384
vt 0.2439115 0.3723426
vt 0.2106372 0.4019535
vt 0.1786019 0.4323397
vt 0.1486848 0.4635692
vt 0.1217276 0.4956845
vt 0.0985031 0.5286788
vt 0.0796871 0.5624733
vt 0.0658332 0.5969001
vt 0.0573522 0.6316906
vt 0.0544967 0.6664711
vt 0.0573522 0.7007671
vt 0.0658332 0.7340153
vt 0.0796871 0.7655846
vt 0.0985031 0.7948036
vt 0.1217276 0.8209939
vt 0.1486848 0.8435079
vt 0.1786019 0.8617672
vt 0.2106372 0.8753008
vt 0.2439115 0.8837795
vt 0.2775405 0.8870447
vt 0.3106668 0.8851295
vt 0.3424908 0.8782690
vt 0.3723001 0.8669017
vt 0.3994939 0.8516582
vt 0.4236045 0.8333392
vt 0.4443121 0.8128838
vt 0.4614550 0.7913283
vt 0.4750328 0.7697592
vt 0.4852039 0.7492614
vt 0.4922760 0.7308657
vt 0.4966921 0.7154978
vt 0.4990093 0.7039315
vt 0.4998754 0.6967499
vt 0.5000000 0.7009308
vt 0.5001292 0.7034554
vt 0.5010273 0.7109020
vt 0.5034300 0.7228950
vt 0.5080089 0.7388299
vt 0.5153420 0.7579043
vt 0.5258883 0.7791583
vt 0.5399671 0.8015232
vt 0.5577425 0.8238740
vt 0.5792141 0.8450841
vt 0.6042142 0.8640789
vt 0.6324113 0.8798849
vt 0.6633204 0.8916715
vt 0.6963185 0.8987851
vt 0.7306669 0.9007711
vt 0.7655367 0.8973853
vt 0.8000387 0.8885938
vt 0.8332559 0.8745609
vt 0.8642767 0.8556280
vt 0.8922285 0.8322833
vt 0.9163098 0.8051267
vt 0.9358200 0.7748297
vt 0.9501850 0.7420957
vt 0.9589790 0.7076208
vt 0.9619398 0.6720595
vt 0.9589790 0.6359958
vt 0.9501850 0.5999217
vt 0.9358200 0.5642248
vt 0.9163098 0.5291835
vt 0.8922285 0.4949719
vt 0.8642767 0.4616717
vt 0.8332559 0.4292900
vt 0.8000387 0.3977828
vt 0.7655367 0.3670794
vt 0.7306669 0.3371088
vt 0.6963185 0.3078235
vt 0.6633204 0.2792201
vt 0.6324113 0.2513547
vt 0.6042142 0.2243524
vt 0.5792141 0.1984097
vt 0.5577425 0.1737902
vt 0.5399671 0.1508138
vt 0.5258883 0.1298404
vt 0.5153420 0.1112491
vt 0.5080089 0.0954158
vt 0.5034300 0.0826887
vt 0.5010273 0.0733660
vt 0.5001292 0.0676764
vt 0.5000000 0.0657636
vt 0.4998708 0.0676764
vt 0.4989727 0.0733660
vt 0.4965700 0.0826887
vt 0.4919911 0.0954158
vt 0.4846580 0.1112491
vt 0.4741117 0.1298404
vt 0.4600329 0.1508138
vt 0.4422575 0.1737902
vt 0.4207859 0.1984097
vt 0.3957858 0.2243524
vt 0.3675887 0.2513547
vt 0.3366796 0.2792201
vt 0.3036815 0.3078235
vt 0.2693331 0.3371088
vt 0.2344633 0.3670794
vt 0.1999613 0.3977828
vt 0.1667441 0.4292900
vt 0.1357233 0.4616717
vt 0.1077715 0.4949719
vt 0.0836902 0.5291835
vt 0.0641800 0.5642248
vt 0.0498150 0.5999217
vt 0.0410210 0.6359958
vt 0.0380602 0.6720595
vt 0.0410210 0.7076208
vt 0.0498150 0.7420957
vt 0.0641800 0.7748297
vt 0.0836902 0.8051267
vt 0.1077715 0.8322833
vt 0.1357233 0.8556280
vt 0.1667441 0.8745609
vt 0.1999613 0.8885938
vt 0.2344633 0.8973853
vt 0.2693331 0.9007711
vt 0.3036815 0.8987851
vt 0.3366796 0.8916715
vt 0.3675887 0.8798849
vt 0.3957858 0.8640789
vt 0.4207859 0.8450841
vt 0.4422575 0.8238740
vt 0.4600329 0.8015232
vt 0.4741117 0.7791583
vt 0.4846580 0.7579043
vt 0.4919911 0.7388299
vt 0.4965700 0.7228950
vt 0.4989727 0.7109020
vt 0.4998708 0.7034554
vt 0.5000000 0.7064001
vt 0.5001330 0.7089990
vt 0.5010575 0.7166647
vt 0.5035309 0.7290104
vt 0.5082445 0.7454141
vt 0.5157933 0.7650496
vt 0.5266499 0.7869289
vt 0.5411428 0.8099517
vt 0.5594410 0.8329599
vt 0.5815442 0.8547939
vt 0.6072797 0.8743475
vt 0.6363063 0.8906184
vt 0.6681246 0.9027517
vt 0.7020935 0.9100746
vt 0.7374523 0.9121189
vt 0.7733477 0.9086336
vt 0.8088647 0.8995835
vt 0.8430590 0.8851378
vt 0.8749923 0.8656479
vt 0.9037664 0.8416166
vt 0.9285561 0.8136611
vt 0.9486402 0.7824729
vt 0.9634278 0.7487760
vt 0.9724804 0.7132870
vt 0.9755283 0.6766796
vt 0.9724804 0.6395550
vt 0.9634278 0.6024198
vt 0.9486402 0.5656728
vt 0.9285561 0.5296007
vt 0.9037664 0.4943827
vt 0.8749923 0.4601029
vt 0.8430590 0.4267688
vt 0.8088647 0.3943347
vt 0.7733477 0.3627281
vt 0.7374523 0.3318759
vt 0.7020935 0.3017292
vt 0.6681246 0.2722844
vt 0.6363063 0.2435993
vt 0.6072797 0.2158027
vt 0.5815442 0.1890968
vt 0.5594410 0.1637531
vt 0.5411428 0.1401009
vt 0.5266499 0.1185105
vt 0.5157933 0.0993724
vt 0.5082445 0.0830733
vt 0.5035309 0.0699717
vt 0.5010575 0.0603748
vt 0.5001330 0.0545179
vt 0.5000000 0.0525488
vt 0.4998670 0.0545179
vt 0.4989425 0.0603748
vt 0.4964691 0.0699717
vt 0.4917555 0.0830733
vt 0.4842067 0.0993724
vt 0.4733501 0.1185105
vt 0.4588572 0.1401009
vt 0.4405590 0.1637531
vt 0.4184558 0.1890968
vt 0.3927203 0.2158027
vt 0.3636937 0.2435993
vt 0.3318754 0.2722844
vt 0.2979065 0.3017292
vt 0.2625477 0.3318759
vt 0.2266523 0.3627281
vt 0.1911353 0.3943347
vt 0.1569410 0.4267688
vt 0.1250077 0.4601029
vt 0.0962336 0.4943827
vt 0.0714439 0.5296007
vt 0.0513598 0.5656728
vt 0.0365722 0.6024198
vt 0.0275196 0.6395550
vt 0.0244717 0.6766796
vt 0.0275196 0.7132870
vt 0.0365722 0.7487760
vt 0.0513598 0.7824729
vt 0.0714439 0.8136611
vt 0.0962336 0.8416166
vt 0.1250077 0.8656479
vt 0.1569410 0.8851378
vt 0.1911353 0.8995835
vt 0.2266523 0.9086336
vt 0.2625477 0.9121189
vt 0.2979065 0.9100746
vt 0.3318754 0.9027517
vt 0.3636937 0.8906184
vt 0.3927203 0.8743475
vt 0.4184558 0.8547939
vt 0.4405590 0.8329599
vt 0.4588572 0.8099517
vt 0.4733501 0.7869289
vt 0.4842067 0.7650496
vt 0.4917555 0.7454141
vt 0.4964691 0.7290104
vt 0.4989425 0.7166647
vt 0.4998670 0.7089990
vt 0.5000000 0.7106894
vt 0.5001360 0.7133466
vt 0.5010812 0.7211840
vt 0.5036100 0.7338065
vt 0.5084293 0.7505777
vt 0.5161473 0.7706532
vt 0.5272471 0.7930228
vt 0.5420648 0.8165616
vt 0.5607731 0.8400854
vt 0.5833717 0.8624088
vt 0.6096839 0.8824006
vt 0.6393610 0.8990361
vt 0.6718923 0.9114414
vt 0.7066224 0.9189283
vt 0.7427736 0.9210185
vt 0.7794735 0.9174550
vt 0.8157864 0.9082021
vt 0.8507470 0.8934327
vt 0.8833960 0.8735060
vt 0.9128149 0.8489361
vt 0.9381601 0.8203542
vt 0.9586943 0.7884670
vt 0.9738133 0.7540149
vt 0.9830688 0.7177306
vt 0.9861850 0.6803029
vt 0.9830688 0.6423463
vt 0.9738133 0.6043789
vt 0.9586943 0.5668084
vt 0.9381601 0.5299279
vt 0.9128149 0.4939207
vt 0.8833960 0.4588727
vt 0.8507470 0.4247915
vt 0.8157864 0.3916306
vt 0.7794735 0.3593157
vt 0.7427736 0.3277721
vt 0.7066224 0.2969497
vt 0.6718923 0.2668451
vt 0.6393610 0.2375171
vt 0.6096839 0.2090976
vt 0.5833717 0.1817933
vt 0.5607731 0.1558816
vt 0.5420648 0.1316993
vt 0.5272471 0.1096250
vt 0.5161473 0.0900580
vt 0.5084293 0.0733937
vt 0.5036100 0.0599985
vt 0.5010812 0.0501865
vt 0.5001360 0.0441984
vt 0.5000000 0.0421851
vt 0.4998640 0.0441984
vt 0.4989188 0.0501865
vt 0.4963900 0.0599985
vt 0.4915707 0.0733937
vt 0.4838527 0.0900580
vt 0.4727529 0.1096250
vt 0.4579352 0.1316993
vt 0.4392269 0.1558816
vt 0.4166283 0.1817933
vt 0.3903161 0.2090976
vt 0.3606390 0.2375171
vt 0.3281077 0.2668451
vt 0.2933776 0.2969497
vt 0.2572264 0.3277721
vt 0.2205265 0.3593157
vt 0.1842136 0.3916306
vt 0.1492530 0.4247915
vt 0.1166040 0.4588727
vt 0.0871851 0.4939207
vt 0.0618399 0.5299279
vt 0.0413057 0.5668084
vt 0.0261867 0.6043789
vt 0.0169312 0.6423463
vt 0.0138150 0.6803029
vt 0.0169312 0.7177306
vt 0.0261867 0.7540149
vt 0.0413057 0.7884670
vt 0.0618399 0.8203542
vt 0.0871851 0.8489361
vt 0.1166040 0.8735060
vt 0.1492530 0.8934327
vt 0.1842136 0.9082021
vt 0.2205265 0.9174550
vt 0.2572264 0.9210185
vt 0.2933776 0.9189283
vt 0.3281077 0.9114414
vt 0.3606390 0.8990361
vt 0.3903161 0.8824006
vt 0.4166283 0.8624088
vt 0.4392269 0.8400854
vt 0.4579352 0.8165616
vt 0.4727529 0.7930228
vt 0.4838527 0.7706532
vt 0.4915707 0.7505777
vt 0.4963900 0.7338065
vt 0.4989188 0.7211840
vt 0.4998640 0.7133466
vt 0.5000000 0.7137723
vt 0.5001382 0.7164713
vt 0.5010982 0.7244322
vt 0.5036669 0.7372535
vt 0.5085621 0.7542890
vt 0.5164016 0.7746807
vt 0.5276764 0.7974027
vt 0.5427275 0.8213123
vt 0.5617305 0.8452067
vt 0.5846851 0.8678818
vt 0.6114118 0.8881885
vt 0.6415565 0.9050860
vt 0.6746003 0.9176868
vt 0.7098775 0.9252917
vt 0.7465982 0.9274148
vt 0.7838763 0.9237952
vt 0.8207612 0.9143965
vt 0.8562726 0.8993944
vt 0.8894359 0.8791538
vt 0.9193182 0.8541969
vt 0.9450628 0.8251646
vt 0.9659204 0.7927752
vt 0.9812776 0.7577803
vt 0.9906789 0.7209244
vt 0.9938442 0.6829070
vt 0.9906789 0.6443525
vt 0.9812776 0.6057870
vt 0.9659204 0.5676245
vt 0.9450628 0.5301630
vt 0.9193182 0.4935886
vt 0.8894359 0.4579885
vt 0.8562726 0.4233704
vt 0.8207612 0.3896870
vt 0.7838763 0.3568631
vt 0.7465982 0.3248226
vt 0.7098775 0.2935147
vt 0.6746003 0.2629357
vt 0.6415565 0.2331457
vt 0.6114118 0.2042785
vt 0.5846851 0.1765440
vt 0.5617305 0.1502241
vt 0.5427275 0.1256609
vt 0.5276764 0.1032389
vt 0.5164016 0.0833636
vt 0.5085621 0.0664367
vt 0.5036669 0.0528306
vt 0.5010982 0.0428640
vt 0.5001382 0.0367815
vt 0.5000000 0.0347365
vt 0.4998618 0.0367815
vt 0.4989018 0.0428640
vt 0.4963331 0.0528306
vt 0.4914379 0.0664367
vt 0.4835984 0.0833636
vt 0.4723236 0.1032389
vt 0.4572725 0.1256609
vt 0.4382695 0.1502241
vt 0.4153149 0.1765440
vt 0.3885882 0.2042785
vt 0.3584435 0.2331457
vt 0.3253997 0.2629357
vt 0.2901225 0.2935147
vt 0.2534018 0.3248226
vt 0.2161237 0.3568631
vt 0.1792388 0.3896870
vt 0.1437274 0.4233704
vt 0.1105641 0.4579885
vt 0.0806818 0.4935886
vt 0.0549372 0.5301630
vt 0.0340796 0.5676245
vt 0.0187224 0.6057870
vt 0.0093211 0.6443525
vt 0.0061558 0.6829070
vt 0.0093211 0.7209244
vt 0.0187224 0.7577803
vt 0.0340796 0.7927752
vt 0.0549372 0.8251646
vt 0.0806818 0.8541969
vt 0.1105641 0.8791538
vt 0.1437274 0.8993944
vt 0.1792388 0.9143965
vt 0.2161237 0.9237952
vt 0.2534018 0.9274148
vt 0.2901225 0.9252917
vt 0.3253997 0.9176868
vt 0.3584435 0.9050860
vt 0.3885882 0.8881885
vt 0.4153149 0.8678818
vt 0.4382695 0.8452067
vt 0.4572725 0.8213123
vt 0.4723236 0.7974027
vt 0.4835984 0.7746807
vt 0.4914379 0.7542890
vt 0.4963331 0.7372535
vt 0.4989018 0.7244322
vt 0.4998618 0.7164713
vt 0.5000000 0.7156296
vt 0.5001395 0.7183539
vt 0.5011085 0.7263891
vt 0.5037011 0.7393302
vt 0.5086421 0.7565249
vt 0.5165549 0.7771072
vt 0.5279350 0.8000415
vt 0.5431267 0.8241745
vt 0.5623073 0.8482922
vt 0.5854764 0.8711791
vt 0.6124529 0.8916756
vt 0.6428792 0.9087310
vt 0.6762318 0.9214495
vt 0.7118386 0.9291254
vt 0.7489024 0.9312684
vt 0.7865288 0.9276150
vt 0.8237584 0.9181285
vt 0.8596016 0.9029862
vt 0.8930748 0.8825565
vt 0.9232363 0.8573663
vt 0.9492215 0.8280628
vt 0.9702740 0.7953707
vt 0.9857747 0.7600489
vt 0.9952638 0.7228485
vt 0.9984587 0.6844759
vt 0.9952638 0.6455612
vt 0.9857747 0.6066353
vt 0.9702740 0.5681163
vt 0.9492215 0.5303047
vt 0.9232363 0.4933886
vt 0.8930748 0.4574558
vt 0.8596016 0.4225142
vt 0.8237584 0.3885161
vt 0.7865288 0.3553855
vt 0.7489024 0.3230455
vt 0.7118386 0.2914451
vt 0.6762318 0.2605804
vt 0.6428792 0.2305121
vt 0.6124529 0.2013751
vt 0.5854764 0.1733815
vt 0.5623073 0.1468157
vt 0.5431267 0.1220229
vt 0.5279350 0.0993914
vt 0.5165549 0.0793304
vt 0.5086421 0.0622453
vt 0.5037011 0.0485120
vt 0.5011085 0.0384524
vt 0.5001395 0.0323130
vt 0.5000000 0.0302489
vt 0.4998605 0.0323130
vt 0.4988915 0.0384524
vt 0.4962989 0.0485120
vt 0.4913579 0.0622453
vt 0.4834451 0.0793304
vt 0.4720650 0.0993914
vt 0.4568733 0.1220229
vt 0.4376927 0.1468157
vt 0.4145236 0.1733815
vt 0.3875471 0.2013751
vt 0.3571208 0.2305121
vt 0.3237682 0.2605804
vt 0.2881614 0.2914451
vt 0.2510976 0.3230455
vt 0.2134712 0.3553855
vt 0.1762416 0.3885161
vt 0.1403984 0.4225142
vt 0.1069252 0.4574558
vt 0.0767637 0.4933886
vt 0.0507785 0.5303047
vt 0.0297260 0.5681163
vt 0.0142253 0.6066353
vt 0.0047362 0.6455612
vt 0.0015413 0.6844759
vt 0.0047362 0.7228485
vt 0.0142253 0.7600489
vt 0.0297260 0.7953707
vt 0.0507785 0.8280628
vt 0.0767637 0.8573663
vt 0.1069252 0.8825565
vt 0.1403984 0.9029862
vt 0.1762416 0.9181285
vt 0.2134712 0.9276150
vt 0.2510976 0.9312684
vt 0.2881614 0.9291254
vt 0.3237682 0.9214495
vt 0.3571208 0.9087310
vt 0.3875471 0.8916756
vt 0.4145236 0.8711791
vt 0.4376927 0.8482922
vt 0.4568733 0.8241745
vt 0.4720650 0.8000415
vt 0.4834451 0.7771072
vt 0.4913579 0.7565249
vt 0.4962989 0.7393302
vt 0.4988915 0.7263891
vt 0.4998605 0.7183539
vt 0.5000000 0.7162500
vt 0.5001399 0.7189827
vt 0.5011119 0.7270428
vt 0.5037126 0.7400239
vt 0.5086688 0.7572717
vt 0.5166061 0.7779177
vt 0.5280213 0.8009229
vt 0.5432601 0.8251305
vt 0.5625000 0.8493228
vt 0.5857407 0.8722805
vt 0.6128006 0.8928403
vt 0.6433210 0.9099485
vt 0.6767767 0.9227063
vt 0.7124936 0.9304060
vt 0.7496721 0.9325556
vt 0.7874148 0.9288909
vt 0.8247595 0.9193750
vt 0.8607136 0.9041859
vt 0.8942903 0.8836930
vt 0.9245451 0.8584250
vt 0.9506105 0.8290309
vt 0.9717282 0.7962377
vt 0.9872768 0.7608066
vt 0.9967953 0.7234912
vt 1.0000000 0.6850000
vt 0.9967953 0.6459649
vt 0.9872768 0.6069186
vt 0.9717282 0.5682805
vt 0.9506105 0.5303521
vt 0.9245451 0.4933217
vt 0.8942903 0.4572778
vt 0.8607136 0.4222282
vt 0.8247595 0.3881250
vt 0.7874148 0.3548919
vt 0.7496721 0.3224520
vt 0.7124936 0.2907538
vt 0.6767767 0.2597937
vt 0.6433210 0.2296324
vt 0.6128006 0.2004053
vt 0.5857407 0.1723251
vt 0.5625000 0.1456772
vt 0.5432601 0.1208077
vt 0.5280213 0.0981062
vt 0.5166061 0.0779832
vt 0.5086688 0.0608453
vt 0.5037126 0.0470696
vt 0.5011119 0.0369788
vt 0.5001399 0.0308205
vt 0.5000000 0.0287500
vt 0.4998601 0.0308205
vt 0.4988881 0.0369788
vt 0.4962874 0.0470696
vt 0.4913312 0.0608453
vt 0.4833939 0.0779832
vt 0.4719787 0.0981062
vt 0.4567399 0.1208077
vt 0.4375000 0.1456772
vt 0.4142593 0.1723251
vt 0.3871994 0.2004053
vt 0.3566790 0.2296324
vt 0.3232233 0.2597937
vt 0.2875064 0.2907538
vt 0.2503279 0.3224520
vt 0.2125852 0.3548919
vt 0.1752405 0.3881250
vt 0.1392864 0.4222282
vt 0.1057097 0.4572778
vt 0.0754549 0.4933217
vt 0.0493895 0.5303521
vt 0.0282718 0.5682805
vt 0.0127232 0.6069186
vt 0.0032047 0.6459649
vt 0.0000000 0.6850000
vt 0.0032047 0.7234912
vt 0.0127232 0.7608066
vt 0.0282718 0.7962377
vt 0.0493895 0.8290309
vt 0.0754549 0.8584250
vt 0.1057097 0.8836930
vt 0.1392864 0.9041859
vt 0.1752405 0.9193750
vt 0.2125852 0.9288909
vt 0.2503279 0.9325556
vt 0.2875064 0.9304060
vt 0.3232233 0.9227063
vt 0.3566790 0.9099485
vt 0.3871994 0.8928403
vt 0.4142593 0.8722805
vt 0.4375000 0.8493228
vt 0.4567399 0.8251305
vt 0.4719787 0.8009229
vt 0.4833939 0.7779177
vt 0.4913312 0.7572717
vt 0.4962874 0.7400239
vt 0.4988881 0.7270428
vt 0.4998601 0.7189827
f 1/1/1 95/95/95 3/3/3
f 1/1/1 3/3/3 4/4/4
f 1/1/1 4/4/4 5/5/5
f 1/1/1 5/5/5 6/6/6
f 1/1/1 6/6/6 7/7/7
f 1/1/1 7/7/7 8/8/8
f 1/1/1 8/8/8 9/9/9
f 1/1/1 9/9/9 10/10/10
f 1/1/1 10/10/10 11/11/11
f 1/1/1 11/11/11 12/12/12
f 1/1/1 12/12/12 13/13/13
f 1/1/1 13/13/13 14/14/14
f 1/1/1 14/14/14 15/15/15
f 1/1/1 15/15/15 16/16/16
f 1/1/1 16/16/16 17/17/17
f 1/1/1 17/17/17 18/18/18
f 1/1/1 18/18/18 19/19/19
f 1/1/1 19/19/19 20/20/20
f 1/1/1 20/20/20 21/21/21
f 1/1/1 21/21/21 22/22/22
f 1/1/1 22/22/22 23/23/23
f 1/1/1 23/23/23 24/24/24
f 1/1/1 24/24/24 25/25/25
f 1/1/1 25/25/25 26/26/26
f 1/1/1 26/26/26 27/27/27
f 1/1/1 27/27/27 28/28/28
f 1/1/1 28/28/28 29/29/29
f 1/1/1 29/29/29 30/30/30
f 1/1/1 30/30/30 31/31/31
f 1/1/1 31/31/31 32/32/32
f 1/1/1 32/32/32 33/33/33
f 1/1/1 33/33/33 34/34/34
f 1/1/1 34/34/34 35/35/35
f 1/1/1 35/35/35 36/36/36
f 1/1/1 36/36/36 37/37/37
f 1/1/1 37/37/37 38/38/38
f 1/1/1 38/38/38 39/39/39
f 1/1/1 39/39/39 40/40/40
f 1/1/1 40/40/40 41/41/41
f 1/1/1 41/41/41 42/42/42
f 1/1/1 42/42/42 43/43/43
f 1/1/1 43/43/43 44/44/44
f 1/1/1 44/44/44 45/45/45
f 1/1/1 45/45/45 46/46/46
f 1/1/1 46/46/46 47/47/47
f 1/1/1 47/47/47 49/49/49
f 1/1/1 48/48/48 49/49/49
f 1/1/1 49/49/49 50/50/50
f 1/1/1 50/50/50 51/51/51
f 1/1/1 51/51/51 52/52/52
f 1/1/1 52/52/52 53/53/53
f 1/1/1 53/53/53 54/54/54
f 1/1/1 54/54/54 55/55/55
f 1/1/1 55/55/55 56/56/56
f 1/1/1 56/56/56 57/57/57
f 1/1/1 57/57/57 58/58/58
f 1/1/1 58/58/58 59/59/59
f 1/1/1 59/59/59 60/60/60
f 1/1/1 60/60/60 61/61/61
f 1/1/1 61/61/61 62/62/62
f 1/1/1 62/62/62 63/63/63
f 1/1/1 63/63/63 64/64/64
f 1/1/1 64/64/64 65/65/65
f 1/1/1 65/65/65 66/66/66
f 1/1/1 66/66/66 67/67/67
f 1/1/1 67/67/67 68/68/68
f 1/1/1 68/68/68 69/69/69
f 1/1/1 69/69/69 70/70/70
f 1/1/1 70/70/70 71/71/71
f 1/1/1 71/71/71 72/72/72
f 1/1/1 72/72/72 73/73/73
f 1/1/1 73/73/73 74/74/74
f 1/1/1 74/74/74 75/75/75
f 1/1/1 75/75/75 76/76/76
f 1/1/1 76/76/76 77/77/77
f 1/1/1 77/77/77 78/78/78
f 1/1/1 78/78/78 79/79/79
f 1/1/1 79/79/79 80/80/80
f 1/1/1 80/80/80 81/81/81
f 1/1/1 81/81/81 82/82/82
f 1/1/1 82/82/82 83/83/83
f 1/1/1 83/83/83 84/84/84
f 1/1/1 84/84/84 85/85/85
f 1/1/1 85/85/85 86/86/86
f 1/1/1 86/86/86 87/87/87
f 1/1/1 87/87/87 88/88/88
f 1/1/1 88/88/88 89/89/89
f 1/1/1 89/89/89 90/90/90
f 1/1/1 90/90/90 91/91/91
f 1/1/1 91/91/91 92/92/92
f 1/1/1 92/92/92 93/93/93
f 1/1/1 93/93/93 94/94/94
f 1/1/1 94/94/94 95/95/95
f 1/1/1 95/95/95 2/2/2
f 95/95/95 189/189/189 97/97/97
f 95/95/95 97/97/97 3/3/3
f 3/3/3 97/97/97 98/98/98
f 3/3/3 98/98/98 4/4/4
f 4/4/4 98/98/98 99/99/99
f 4/4/4 99/99/99 5/5/5
f 5/5/5 99/99/99 100/100/100
f 5/5/5 100/100/100 6/6/6
f 6/6/6 100/100/100 101/101/101
f 6/6/6 101/101/101 7/7/7
f 7/7/7 101/101/101 102/102/102
f 7/7/7 102/102/102 8/8/8
f 8/8/8 102/102/102 103/103/103
f 8/8/8 103/103/103 9/9/9
f 9/9/9 103/103/103 104/104/104
f 9/9/9 104/104/104 10/10/10
f 10/10/10 104/104/104 105/105/105
f 10/10/10 105/105/105 11/11/11
f 11/11/11 105/105/105 106/106/106
f 11/11/11 106/106/106 12/12/12
f 12/12/12 106/106/106 107/107/107
f 12/12/12 107/107/107 13/13/13
f 13/13/13 107/107/107 108/108/108
f 13/13/13 108/108/108 14/14/14
f 14/14/14 108/108/108 109/109/109
f 14/14/14 109/109/109 15/15/15
f 15/15/15 109/109/109 110/110/110
f 15/15/15 110/110/110 16/16/16
f 16/16/16 110/110/110 111/111/111
f 16/16/16 111/111/111 17/17/17
f 17/17/17 111/111/111 112/112/112
f 17/17/17 112/112/112 18/18/18
f 18/18/18 112/112/112 113/113/113
f 18/18/18 113/113/113 19/19/19
f 19/19/19 113/113/113 114/114/114
f 19/19/19 114/114/114 20/20/20
f 20/20/20 114/114/114 115/115/115
f 20/20/20 115/115/115 21/21/21
f 21/21/21 115/115/115 116/116/116
f 21/21/21 116/116/116 22/22/22
f 22/22/22 116/116/116 117/117/117
f 22/22/22 117/117/117 23/23/23
f 23/23/23 117/117/117 118/118/118
f 23/23/23 118/118/118 24/24/24
f 24/24/24 118/118/118 119/119/119
f 24/24/24 119/119/119 25/25/25
f 25/25/25 119/119/119 120/120/120
f 25/25/25 120/120/120 26/26/26
f 26/26/26 120/120/120 121/121/121
f 26/26/26 121/121/121 27/27/27
f 27/27/27 121/121/121 122/122/122
f 27/27/27 122/122/122 28/28/28
f 28/28/28 122/122/122 123/123/123
f 28/28/28 123/123/123 29/29/29
f 29/29/29 123/123/123 124/124/124
f 29/29/29 124/124/124 30/30/30
f 30/30/30 124/124/124 125/125/125
f 30/30/30 125/125/125 31/31/31
f 31/31/31 125/125/125 126/126/126
f 31/31/31 126/126/126 32/32/32
f 32/32/32 126/126/126 127/127/127
f 32/32/32 127/127/127 33/33/33
f 33/33/33 127/127/127 128/128/128
f 33/33/33 128/128/128 34/34/34
f 34/34/34 128/128/128 129/129/129
f 34/34/34 129/129/129 35/35/35
f 35/35/35 129/129/129 130/130/130
f 35/35/35 130/130/130 36/36/36
f 36/36/36 130/130/130 131/131/131
f 36/36/36 131/131/131 37/37/37
f 37/37/37 131/131/131 132/132/132
f 37/37/37 132/132/132 38/38/38
f 38/38/38 132/132/132 133/133/133
f 38/38/38 133/133/133 39/39/39
f 39/39/39 133/133/133 134/134/134
f 39/39/39 134/134/134 40/40/40
f 40/40/40 134/134/134 135/135/135
f 40/40/40 135/135/135 41/41/41
f 41/41/41 135/135/135 136/136/136
f 41/41/41 136/136/136 42/42/42
f 42/42/42 136/136/136 137/137/137
f 42/42/42 137/137/137 43/43/43
f 43/43/43 137/137/137 138/138/138
f 43/43/43 138/138/138 44/44/44
f 44/44/44 138/138/138 139/139/139
f 44/44/44 139/139/139 45/45/45
f 45/45/45 139/139/139 140/140/140
f 45/45/45 140/140/140 46/46/46
f 46/46/46 140/140/140 141/141/141
f 46/46/46 141/141/141 47/47/47
f 47/47/47 141/141/141 143/143/143
f 47/47/47 143/143/143 49/49/49
f 48/48/48 142/142/142 143/143/143
f 48/48/48 143/143/143 49/49/49
f 49/49/49 143/143/143 144/144/144
f 49/49/49 144/144/144 50/50/50
f 50/50/50 144/144/144 145/145/145
f 50/50/50 145/145/145 51/51/51
f 51/51/51 145/145/145 146/146/146
f 51/51/51 146/146/146 52/52/52
f 52/52/52 146/146/146 147/147/147
f 52/52/52 147/147/147 53/53/53
f 53/53/53 147/147/147 148/148/148
f 53/53/53 148/148/148 54/54/54
f 54/54/54 148/148/148 149/149/149
f 54/54/54 149/149/149 55/55/55
f 55/55/55 149/149/149 150/150/150
f 55/55/55 150/150/150 56/56/56
f 56/56/56 150/150/150 151/151/151
f 56/56/56 151/151/151 57/57/57
f 57/57/57 151/151/151 152/152/152
f 57/57/57 152/152/152 58/58/58
f 58/58/58 152/152/152 153/153/153
f 58/58/58 153/153/153 59/59/59
f 59/59/59 153/153/153 154/154/154
f 59/59/59 154/154/154 60/60/60
f 60/60/60 154/154/154 155/155/155
f 60/60/60 155/155/155 61/61/61
f 61/61/61 155/155/155 156/156/156
f 61/61/61 156/156/156 62/62/62
f 62/62/62 156/156/156 157/157/157
f 62/62/62 157/157/157 63/63/63
f 63/63/63 157/157/157 158/158/158
f 63/63/63 158/158/158 64/64/64
f 64/64/64 158/158/158 159/159/159
f 64/64/64 159/159/159 65/65/65
f 65/65/65 159/159/159 160/160/160
f 65/65/65 160/160/160 66/66/66
f 66/66/66 160/160/160 161/161/161
f 66/66/66 161/161/161 67/67/67
f 67/67/67 161/161/161 162/162/162
f 67/67/67 162/162/162 68/68/68
f 68/68/68 162/162/162 163/163/163
f 68/68/68 163/163/163 69/69/69
f 69/69/69 163/163/163 164/164/164
f 69/69/69 164/164/164 70/70/70
f 70/70/70 164/164/164 165/165/165
f 70/70/70 165/165/165 71/71/71
f 71/71/71 165/165/165 166/166/166
f 71/71/71 166/166/166 72/72/72
f 72/72/72 166/166/166 167/167/167
f 72/72/72 167/167/167 73/73/73
f 73/73/73 167/167/167 168/168/168
f 73/73/73 168/168/168 74/74/74
f 74/74/74 168/168/168 169/169/169
f 74/74/74 169/169/169 75/75/75
f 75/75/75 169/169/169 170/170/170
f 75/75/75 170/170/170 76/76/76
f 76/76/76 170/170/170 171/171/171
f 76/76/76 171/171/171 77/77/77
f 77/77/77 171/171/171 172/172/172
f 77/77/77 172/172/172 78/78/78
f 78/78/78 172/172/172 173/173/173
f 78/78/78 173/173/173 79/79/79
f 79/79/79 173/173/173 174/174/174
f 79/79/79 174/174/174 80/80/80
f 80/80/80 174/174/174 175/175/175
f 80/80/80 175/175/175 81/81/81
f 81/81/81 175/175/175 176/176/176
f 81/81/81 176/176/176 82/82/82
f 82/82/82 176/176/176 177/177/177
f 82/82/82 177/177/177 83/83/83
f 83/83/83 177/177/177 178/178/178
f 83/83/83 178/178/178 84/84/84
f 84/84/84 178/178/178 179/179/179
f 84/84/84 179/179/179 85/85/85
f 85/85/85 179/179/179 180/180/180
f 85/85/85 180/180/180 86/86/86
f 86/86/86 180/180/180 181/181/181
f 86/86/86 181/181/181 87/87/87
f 87/87/87 181/181/181 182/182/182
f 87/87/87 182/182/182 88/88/88
f 88/88/88 182/182/182 183/183/183
f 88/88/88 183/183/183 89/89/89
f 89/89/89 183/183/183 184/184/184
f 89/89/89 184/184/184 90/90/90
f 90/90/90 184/184/184 185/185/185
f 90/90/90 185/185/185 91/91/91
f 91/91/91 185/185/185 186/186/186
f 91/91/91 186/186/186 92/92/92
f 92/92/92 186/186/186 187/187/187
f 92/92/92 187/187/187 93/93/93
f 93/93/93 187/187/187 188/188/188
f 93/93/93 188/188/188 94/94/94
f 94/94/94 188/188/188 189/189/189
f 94/94/94 189/189/189 95/95/95
f 95/95/95 189/189/189 96/96/96
f 95/95/95 96/96/96 2/2/2
f 96/96/96 190/190/190 191/191/191
f 96/96/96 191/191/191 189/189/189
f 189/189/189 191/191/191 192/192/192
f 189/189/189 192/192/192 97/97/97
f 97/97/97 192/192/192 193/193/193
f 97/97/97 193/193/193 98/98/98
f 98/98/98 193/193/193 194/194/194
f 98/98/98 194/194/194 99/99/99
f 99/99/99 194/194/194 195/195/195
f 99/99/99 195/195/195 100/100/100
f 100/100/100 195/195/195 196/196/196
f 100/100/100 196/196/196 101/101/101
f 101/101/101 196/196/196 197/197/197
f 101/101/101 197/197/197 102/102/102
f 102/102/102 197/197/197 198/198/198
f 102/102/102 198/198/198 103/103/103
f 103/103/103 198/198/198 199/199/199
f 103/103/103 199/199/199 104/104/104
f 104/104/104 199/199/199 200/200/200
f 104/104/104 200/200/200 105/105/105
f 105/105/105 200/200/200 201/201/201
f 105/105/105 201/201/201 106/106/106
f 106/106/106 201/201/201 202/202/202
f 106/106/106 202/202/202 107/107/107
f 107/107/107 202/202/202 203/203/203
f 107/107/107 203/203/203 108/108/108
f 108/108/108 203/203/203 204/204/204
f 108/108/108 204/204/204 109/109/109
f 109/109/109 204/204/204 205/205/205
f 109/109/109 205/205/205 110/110/110
f 110/110/110 205/205/205 206/206/206
f 110/110/110 206/206/206 111/111/111
f 111/111/111 206/206/206 207/207/207
f 111/111/111 207/207/207 112/112/112
f 112/112/112 207/207/207 208/208/208
f 112/112/112 208/208/208 113/113/113
f 113/113/113 208/208/208 209/209/209
f 113/113/113 209/209/209 114/114/114
f 114/114/114 209/209/209 210/210/210
f 114/114/114 210/210/210 115/115/115
f 115/115/115 210/210/210 211/211/211
f 115/115/115 211/211/211 116/116/116
f 116/116/116 211/211/211 212/212/212
f 116/116/116 212/212/212 117/117/117
f 117/117/117 212/212/212 213/213/213
f 117/117/117 213/213/213 118/118/118
f 118/118/118 213/213/213 214/214/214
f 118/118/118 214/214/214 119/119/119
f 119/119/119 214/214/214 215/215/215
f 119/119/119 215/215/215 120/120/120
f 120/120/120 215/215/215 216/216/216
f 120/120/120 216/216/216 121/121/121
f 121/121/121 216/216/216 217/217/217
f 121/121/121 217/217/217 122/122/122
f 122/122/122 217/217/217 218/218/218
f 122/122/122 218/218/218 123/123/123
f 123/123/123 218/218/218 219/219/219
f 123/123/123 219/219/219 124/124/124
f 124/124/124 219/219/219 220/220/220
f 124/124/124 220/220/220 125/125/125
f 125/125/125 220/220/220 221/221/221
f 125/125/125 221/221/221 126/126/126
f 126/126/126 221/221/221 222/222/222
f 126/126/126 222/222/222 127/127/127
f 127/127/127 222/222/222 223/223/223
f 127/127/127 223/223/223 128/128/128
f 128/128/128 223/223/223 224/224/224
f 128/128/128 224/224/224 129/129/129
f 129/129/129 224/224/224 225/225/225
f 129/129/129 225/225/225 130/130/130
f 130/130/130 225/225/225 226/226/226
f 130/130/130 226/226/226 131/131/131
f 131/131/131 226/226/226 227/227/227
f 131/131/131 227/227/227 132/132/132
f 132/132/132 227/227/227 228/228/228
f 132/132/132 228/228/228 133/133/133
f 133/133/133 228/228/228 229/229/229
f 133/133/133 229/229/229 134/134/134
f 134/134/134 229/229/229 230/230/230
f 134/134/134 230/230/230 135/135/135
f 135/135/135 230/230/230 231/231/231
f 135/135/135 231/231/231 136/136/136
f 136/136/136 231/231/231 232/232/232
f 136/136/136 232/232/232 137/137/137
f 137/137/137 232/232/232 233/233/233
f 137/137/137 233/233/233 138/138/138
f 138/138/138 233/233/233 234/234/234
f 138/138/138 234/234/234 139/139/139
f 139/139/139 234/234/234 235/235/235
f 139/139/139 235/235/235 140/140/140
f 140/140/140 235/235/235 236/236/236
f 140/140/140 236/236/236 141/141/141
f 141/141/141 236/236/236 237/237/237
f 141/141/141 237/237/237 143/143/143
f 143/143/143 237/237/237 238/238/238
f 143/143/143 238/238/238 142/142/142
f 142/142/142 238/238/238 239/239/239
f 142/142/142 239/239/239 143/143/143
f 143/143/143 239/239/239 240/240/240
f 143/143/143 240/240/240 144/144/144
f 144/144/144 240/240/240 241/241/241
f 144/144/144 241/241/241 145/145/145
f 145/145/145 241/241/241 242/242/242
f 145/145/145 242/242/242 146/146/146
f 146/146/146 242/242/242 243/243/243
f 146/146/146 243/243/243 147/147/147
f 147/147/147 243/243/243 244/244/244
f 147/147/147 244/244/244 148/148/148
f 148/148/148 244/244/244 245/245/245
f 148/148/148 245/245/245 149/149/149
f 149/149/149 245/245/245 246/246/246
f 149/149/149 246/246/246 150/150/150
f 150/150/150 246/246/246 247/247/247
f 150/150/150 247/247/247 151/151/151
f 151/151/151 247/247/247 248/248/248
f 151/151/151 248/248/248 152/152/152
f 152/152/152 248/248/248 249/249/249
f 152/152/152 249/249/249 153/153/153
f 153/153/153 249/249/249 250/250/250
f 153/153/153 250/250/250 154/154/154
f 154/154/154 250/250/250 251/251/251
f 154/154/154 251/251/251 155/155/155
f 155/155/155 251/251/251 252/252/252
f 155/155/155 252/252/252 156/156/156
f 156/156/156 252/252/252 253/253/253
f 156/156/156 253/253/253 157/157/157
f 157/157/157 253/253/253 254/254/254
f 157/157/157 254/254/254 158/158/158
f 158/158/158 254/254/254 255/255/255
f 158/158/158 255/255/255 159/159/159
f 159/159/159 255/255/255 256/256/256
f 159/159/159 256/256/256 160/160/160
f 160/160/160 256/256/256 257/257/257
f 160/160/160 257/257/257 161/161/161
f 161/161/161 257/257/257 258/258/258
f 161/161/161 258/258/258 162/162/162
f 162/162/162 258/258/258 259/259/259
f 162/162/162 259/259/259 163/163/163
f 163/163/163 259/259/259 260/260/260
f 163/163/163 260/260/260 164/164/164
f 164/164/164 260/260/260 261/261/261
f 164/164/164 261/261/261 165/165/165
f 165/165/165 261/261/261 262/262/262
f 165/165/165 262/262/262 166/166/166
f 166/166/166 262/262/262 263/263/263
f 166/166/166 263/263/263 167/167/167
f 167/167/167 263/263/263 264/264/264
f 167/167/167 264/264/264 168/168/168
f 168/168/168 264/264/264 265/265/265
f 168/168/168 265/265/265 169/169/169
f 169/169/169 265/265/265 266/266/266
f 169/169/169 266/266/266 170/170/170
f 170/170/170 266/266/266 267/267/267
f 170/170/170 267/267/267 171/171/171
f 171/171/171 267/267/267 268/268/268
f 171/171/171 268/268/268 172/172/172
f 172/172/172 268/268/268 269/269/269
f 172/172/172 269/269/269 173/173/173
f 173/173/173 269/269/269 270/270/270
f 173/173/173 270/270/270 174/174/174
f 174/174/174 270/270/270 271/271/271
f 174/174/174 271/271/271 175/175/175
f 175/175/175 271/271/271 272/272/272
f 175/175/175 272/272/272 176/176/176
f 176/176/176 272/272/272 273/273/273
f 176/176/176 273/273/273 177/177/177
f 177/177/177 273/273/273 274/274/274
f 177/177/177 274/274/274 178/178/178
f 178/178/178 274/274/274 275/275/275
f 178/178/178 275/275/275 179/179/179
f 179/179/179 275/275/275 276/276/276
f 179/179/179 276/276/276 180/180/180
f 180/180/180 276/276/276 277/277/277
f 180/180/180 277/277/277 181/181/181
f 181/181/181 277/277/277 278/278/278
f 181/181/181 278/278/278 182/182/182
f 182/182/182 278/278/278 279/279/279
f 182/182/182 279/279/279 183/183/183
f 183/183/183 279/279/279 280/280/280
f 183/183/183 280/280/280 184/184/184
f 184/184/184 280/280/280 281/281/281
f 184/184/184 281/281/281 185/185/185
f 185/185/185 281/281/281 282/282/282
f 185/185/185 282/282/282 186/186/186
f 186/186/186 282/282/282 283/283/283
f 186/186/186 283/283/283 187/187/187
f 187/187/187 283/283/283 284/284/284
f 187/187/187 284/284/284 188/188/188
f 188/188/188 284/284/284 285/285/285
f 188/188/188 285/285/285 189/189/189
f 189/189/189 285/285/285 190/190/190
f 189/189/189 190/190/190 96/96/96
f 190/190/190 286/286/286 287/287/287
f 190/190/190 287/287/287 191/191/191
f 191/191/191 287/287/287 288/288/288
f 191/191/191 288/288/288 192/192/192
f 192/192/192 288/288/288 289/289/289
f 192/192/192 289/289/289 193/193/193
f 193/193/193 289/289/289 290/290/290
f 193/193/193 290/290/290 194/194/194
f 194/194/194 290/290/290 291/291/291
f 194/194/194 291/291/291 195/195/195
f 195/195/195 291/291/291 292/292/292
f 195/195/195 292/292/292 196/196/196
f 196/196/196 292/292/292 293/293/293
f 196/196/196 293/293/293 197/197/197
f 197/197/197 293/293/293 294/294/294
f 197/197/197 294/294/294 198/198/198
f 198/198/198 294/294/294 295/295/295
f 198/198/198 295/295/295 199/199/199
f 199/199/199 295/295/295 296/296/296
f 199/199/199 296/296/296 200/200/200
f 200/200/200 296/296/296 297/297/297
f 200/200/200 297/297/297 201/201/201
f 201/201/201 297/297/297 298/298/298
f 201/201/201 298/298/298 202/202/202
f 202/202/202 298/298/298 299/299/299
f 202/202/202 299/299/299 203/203/203
f 203/203/203 299/299/299 300/300/300
f 203/203/203 300/300/300 204/204/204
f 204/204/204 300/300/300 301/301/301
f 204/204/204 301/301/301 205/205/205
f 205/205/205 301/301/301 302/302/302
f 205/205/205 302/302/302 206/206/206
f 206/206/206 302/302/302 303/303/303
f 206/206/206 303/303/303 207/207/207
f 207/207/207 303/303/303 304/304/304
f 207/207/207 304/304/304 208/208/208
f 208/208/208 304/304/304 305/305/305
f 208/208/208 305/305/305 209/209/209
f 209/209/209 305/305/305 306/306/306
f 209/209/209 306/306/306 210/210/210
f 210/210/210 306/306/306 307/307/307
f 210/210/210 307/307/307 211/211/211
f 211/211/211 307/307/307 308/308/308
f 211/211/211 308/308/308 212/212/212
f 212/212/212 308/308/308 309/309/309
f 212/212/212 309/309/309 213/213/213
f 213/213/213 309/309/309 310/310/310
f 213/213/213 310/310/310 214/214/214
f 214/214/214 310/310/310 311/311/311
f 214/214/214 311/311/311 215/215/215
f 215/215/215 311/311/311 312/312/312
f 215/215/215 312/312/312 216/216/216
f 216/216/216 312/312/312 313/313/313
f 216/216/216 313/313/313 217/217/217
f 217/217/217 313/313/313 314/314/314
f 217/217/217 314/314/314 218/218/218
f 218/218/218 314/314/314 315/315/315
f 218/218/218 315/315/315 219/219/219
f 219/219/219 315/315/315 316/316/316
f 219/219/219 316/316/316 220/220/220
f 220/220/220 316/316/316 317/317/317
f 220/220/220 317/317/317 221/221/221
f 221/221/221 317/317/317 318/318/318
f 221/221/221 318/318/318 222/222/222
f 222/222/222 318/318/318 319/319/319
f 222/222/222 319/319/319 223/223/223
f 223/223/223 319/319/319 320/320/320
f 223/223/223 320/320/320 224/224/224
f 224/224/224 320/320/320 321/321/321
f 224/224/224 321/321/321 225/225/225
f 225/225/225 321/321/321 322/322/322
f 225/225/225 322/322/322 226/226/226
f 226/226/226 322/322/322 323/323/323
f 226/226/226 323/323/323 227/227/227
f 227/227/227 323/323/323 324/324/324
f 227/227/227 324/324/324 228/228/228
f 228/228/228 324/324/324 325/325/325
f 228/228/228 325/325/325 229/229/229
f 229/229/229 325/325/325 326/326/326
f 229/229/229 326/326/326 230/230/230
f 230/230/230 326/326/326 327/327/327
f 230/230/230 327/327/327 231/231/231
f 231/231/231 327/327/327 328/328/328
f 231/231/231 328/328/328 232/232/232
f 232/232/232 328/328/328 329/329/329
f 232/232/232 329/329/329 233/233/233
f 233/233/233 329/329/329 330/330/330
f 233/233/233 330/330/330 234/234/234
f 234/234/234 330/330/330 331/331/331
f 234/234/234 331/331/331 235/235/235
f 235/235/235 331/331/331 332/332/332
f 235/235/235 332/332/332 236/236/236
f 236/236/236 332/332/332 333/333/333
f 236/236/236 333/333/333 237/237/237
f 237/237/237 333/333/333 334/334/334
f 237/237/237 334/334/334 238/238/238
f 238/238/238 334/334/334 335/335/335
f 238/238/238 335/335/335 239/239/239
f 239/239/239 335/335/335 336/336/336
f 239/239/239 336/336/336 240/240/240
f 240/240/240 336/336/336 337/337/337
f 240/240/240 337/337/337 241/241/241
f 241/241/241 337/337/337 338/338/338
f 241/241/241 338/338/338 242/242/242
f 242/242/242 338/338/338 339/339/339
f 242/242/242 339/339/339 243/243/243
f 243/243/243 339/339/339 340/340/340
f 243/243/243 340/340/340 244/244/244
f 244/244/244 340/340/340 341/341/341
f 244/244/244 341/341/341 245/245/245
f 245/245/245 341/341/341 342/342/342
f 245/245/245 342/342/342 246/246/246
f 246/246/246 342/342/342 343/343/343
f 246/246/246 343/343/343 247/247/247
f 247/247/247 343/343/343 344/344/344
f 247/247/247 344/344/344 248/248/248
f 248/248/248 344/344/344 345/345/345
f 248/248/248 345/345/345 249/249/249
f 249/249/249 345/345/345 346/346/346
f 249/249/249 346/346/346 250/250/250
f 250/250/250 346/346/346 347/347/347
f 250/250/250 347/347/347 251/251/251
f 251/251/251 347/347/347 348/348/348
f 251/251/251 348/348/348 252/252/252
f 252/252/252 348/348/348 349/349/349
f 252/252/252 349/349/349 253/253/253
f 253/253/253 349/349/349 350/350/350
f 253/253/253 350/350/350 254/254/254
f 254/254/254 350/350/350 351/351/351
f 254/254/254 351/351/351 255/255/255
f 255/255/255 351/351/351 352/352/352
f 255/255/255 352/352/352 256/256/256
f 256/256/256 352/352/352 353/353/353
f 256/256/256 353/353/353 257/257/257
f 257/257/257 353/353/353 354/354/354
f 257/257/257 354/354/354 258/258/258
f 258/258/258 354/354/354 355/355/355
f 258/258/258 355/355/355 259/259/259
f 259/259/259 355/355/355 356/356/356
f 259/259/259 356/356/356 260/260/260
f 260/260/260 356/356/356 357/357/357
f 260/260/260 357/357/357 261/261/261
f 261/261/261 357/357/357 358/358/358
f 261/261/261 358/358/358 262/262/262
f 262/262/262 358/358/358 359/359/359
f 262/262/262 359/359/359 263/263/263
f 263/263/263 359/359/359 360/360/360
f 263/263/263 360/360/360 264/264/264
f 264/264/264 360/360/360 361/361/361
f 264/264/264 361/361/361 265/265/265
f 265/265/265 361/361/361 362/362/362
f 265/265/265 362/362/362 266/266/266
f 266/266/266 362/362/362 363/363/363
f 266/266/266 363/363/363 267/267/267
f 267/267/267 363/363/363 364/364/364
f 267/267/267 364/364/364 268/268/268
f 268/268/268 364/364/364 365/365/365
f 268/268/268 365/365/365 269/269/269
f 269/269/269 365/365/365 366/366/366
f 269/269/269 366/366/366 270/270/270
f 270/270/270 366/366/366 367/367/367
f 270/270/270 367/367/367 271/271/271
f 271/271/271 367/367/367 368/368/368
f 271/271/271 368/368/368 272/272/272
f 272/272/272 368/368/368 369/369/369
f 272/272/272 369/369/369 273/273/273
f 273/273/273 369/369/369 370/370/370
f 273/273/273 370/370/370 274/274/274
f 274/274/274 370/370/370 371/371/371
f 274/274/274 371/371/371 275/275/275
f 275/275/275 371/371/371 372/372/372
f 275/275/275 372/372/372 276/276/276
f 276/276/276 372/372/372 373/373/373
f 276/276/276 373/373/373 277/277/277
f 277/277/277 373/373/373 374/374/374
f 277/277/277 374/374/374 278/278/278
f 278/278/278 374/374/374 375/375/375
f 278/278/278 375/375/375 279/279/279
f 279/279/279 375/375/375 376/376/376
f 279/279/279 376/376/376 280/280/280
f 280/280/280 376/376/376 377/377/377
f 280/280/280 377/377/377 281/281/281
f 281/281/281 377/377/377 378/378/378
f 281/281/281 378/378/378 282/282/282
f 282/282/282 378/378/378 379/379/379
f 282/282/282 379/379/379 283/283/283
f 283/283/283 379/379/379 380/380/380
f 283/283/283 380/380/380 284/284/284
f 284/284/284 380/380/380 381/381/381
f 284/284/284 381/381/381 285/285/285
f 285/285/285 381/381/381 286/286/286
f 285/285/285 286/286/286 190/190/190
f 286/286/286 382/382/382 383/383/383
f 286/286/286 383/383/383 287/287/287
f 287/287/287 383/383/383 384/384/384
f 287/287/287 384/384/384 288/288/288
f 288/288/288 384/384/384 385/385/385
f 288/288/288 385/385/385 289/289/289
f 289/289/289 385/385/385 386/386/386
f 289/289/289 386/386/386 290/290/290
f 290/290/290 386/386/386 387/387/387
f 290/290/290 387/387/387 291/291/291
f 291/291/291 387/387/387 388/388/388
f 291/291/291 388/388/388 292/292/292
f 292/292/292 388/388/388 389/389/389
f 292/292/292 389/389/389 293/293/293
f 293/293/293 389/389/389 390/390/390
f 293/293/293 390/390/390 294/294/294
f 294/294/294 390/390/390 391/391/391
f 294/294/294 391/391/391 295/295/295
f 295/295/295 391/391/391 392/392/392
f 295/295/295 392/392/392 296/296/296
f 296/296/296 392/392/392 393/393/393
f 296/296/296 393/393/393 297/297/297
f 297/297/297 393/393/393 394/394/394
f 297/297/297 394/394/394 298/298/298
f 298/298/298 394/394/394 395/395/395
f 298/298/298 395/395/395 299/299/299
f 299/299/299 395/395/395 396/396/396
f 299/299/299 396/396/396 300/300/300
f 300/300/300 396/396/396 397/397/397
f 300/300/300 397/397/397 301/301/301
f 301/301/301 397/397/397 398/398/398
f 301/301/301 398/398/398 302/302/302
f 302/302/302 398/398/398 399/399/399
f 302/302/302 399/399/399 303/303/303
f 303/303/303 399/399/399 400/400/400
f 303/303/303 400/400/400 304/304/304
f 304/304/304 400/400/400 401/401/401
f 304/304/304 401/401/401 305/305/305
f 305/305/305 401/401/401 402/402/402
f 305/305/305 402/402/402 306/306/306
f 306/306/306 402/402/402 403/403/403
f 306/306/306 403/403/403 307/307/307
f 307/307/307 403/403/403 404/404/404
f 307/307/307 404/404/404 308/308/308
f 308/308/308 404/404/404 405/405/405
f 308/308/308 405/405/405 309/309/309
f 309/309/309 405/405/405 406/406/406
f 309/309/309 406/406/406 310/310/310
f 310/310/310 406/406/406 407/407/407
f 310/310/310 407/407/407 311/311/311
f 311/311/311 407/407/407 408/408/408
f 311/311/311 408/408/408 312/312/312
f 312/312/312 408/408/408 409/409/409
f 312/312/312 409/409/409 313/313/313
f 313/313/313 409/409/409 410/410/410
f 313/313/313 410/410/410 314/314/314
f 314/314/314 410/410/410 411/411/411
f 314/314/314 411/411/411 315/315/315
f 315/315/315 411/411/411 412/412/412
f 315/315/315 412/412/412 316/316/316
f 316/316/316 412/412/412 413/413/413
f 316/316/316 413/413/413 317/317/317
f 317/317/317 413/413/413 414/414/414
f 317/317/317 414/414/414 318/318/318
f 318/318/318 414/414/414 415/415/415
f 318/318/318 415/415/415 319/319/319
f 319/319/319 415/415/415 416/416/416
f 319/319/319 416/416/416 320/320/320
f 320/320/320 416/416/416 417/417/417
f 320/320/320 417/417/417 321/321/321
f 321/321/321 417/417/417 418/418/418
f 321/321/321 418/418/418 322/322/322
f 322/322/322 418/418/418 419/419/419
f 322/322/322 419/419/419 323/323/323
f 323/323/323 419/419/419 420/420/420
f 323/323/323 420/420/420 324/324/324
f 324/324/324 420/420/420 421/421/421
f 324/324/324 421/421/421 325/325/325
f 325/325/325 421/421/421 422/422/422
f 325/325/325 422/422/422 326/326/326
f 326/326/326 422/422/422 423/423/423
f 326/326/326 423/423/423 327/327/327
f 327/327/327 423/423/423 424/424/424
f 327/327/327 424/424/424 328/328/328
f 328/328/328 424/424/424 425/425/425
f 328/328/328 425/425/425 329/329/329
f 329/329/329 425/425/425 426/426/426
f 329/329/329 426/426/426 330/330/330
f 330/330/330 426/426/426 427/427/427
f 330/330/330 427/427/427 331/331/331
f 331/331/331 427/427/427 428/428/428
f 331/331/331 428/428/428 332/332/332
f 332/332/332 428/428/428 429/429/429
f 332/332/332 429/429/429 333/333/333
f 333/333/333 429/429/429 430/430/430
f 333/333/333 430/430/430 334/334/334
f 334/334/334 430/430/430 431/431/431
f 334/334/334 431/431/431 335/335/335
f 335/335/335 431/431/431 432/432/432
f 335/335/335 432/432/432 336/336/336
f 336/336/336 432/432/432 433/433/433
f 336/336/336 433/433/433 337/337/337
f 337/337/337 433/433/433 434/434/434
f 337/337/337 434/434/434 338/338/338
f 338/338/338 434/434/434 435/435/435
f 338/338/338 435/435/435 339/339/339
f 339/339/339 435/435/435 436/436/436
f 339/339/339 436/436/436 340/340/340
f 340/340/340 436/436/436 437/437/437
f 340/340/340 437/437/437 341/341/341
f 341/341/341 437/437/437 438/438/438
f 341/341/341 438/438/438 342/342/342
f 342/342/342 438/438/438 439/439/439
f 342/342/342 439/439/439 343/343/343
f 343/343/343 439/439/439 440/440/440
f 343/343/343 440/440/440 344/344/344
f 344/344/344 440/440/440 441/441/441
f 344/344/344 441/441/441 345/345/345
f 345/345/345 441/441/441 442/442/442
f 345/345/345 442/442/442 346/346/346
f 346/346/346 442/442/442 443/443/443
f 346/346/346 443/443/443 347/347/347
f 347/347/347 443/443/443 444/444/444
f 347/347/347 444/444/444 348/348/348
f 348/348/348 444/444/444 445/445/445
f 348/348/348 445/445/445 349/349/349
f 349/349/349 445/445/445 446/446/446
f 349/349/349 446/446/446 350/350/350
f 350/350/350 446/446/446 447/447/447
f 350/350/350 447/447/447 351/351/351
f 351/351/351 447/447/447 448/448/448
f 351/351/351 448/448/448 352/352/352
f 352/352/352 448/448/448 449/449/449
f 352/352/352 449/449/449 353/353/353
f 353/353/353 449/449/449 450/450/450
f 353/353/353 450/450/450 354/354/354
f 354/354/354 450/450/450 451/451/451
f 354/354/354 451/451/451 355/355/355
f 355/355/355 451/451/451 452/452/452
f 355/355/355 452/452/452 356/356/356
f 356/356/356 452/452/452 453/453/453
f 356/356/356 453/453/453 357/357/357
f 357/357/357 453/453/453 454/454/454
f 357/357/357 454/454/454 358/358/358
f 358/358/358 454/454/454 455/455/455
f 358/358/358 455/455/455 359/359/359
f 359/359/359 455/455/455 456/456/456
f 359/359/359 456/456/456 360/360/360
f 360/360/360 456/456/456 457/457/457
f 360/360/360 457/457/457 361/361/361
f 361/361/361 457/457/457 458/458/458
f 361/361/361 458/458/458 362/362/362
f 362/362/362 458/458/458 459/459/459
f 362/362/362 459/459/459 363/363/363
f 363/363/363 459/459/459 460/460/460
f 363/363/363 460/460/460 364/364/364
f 364/364/364 460/460/460 461/461/461
f 364/364/364 461/461/461 365/365/365
f 365/365/365 461/461/461 462/462/462
f 365/365/365 462/462/462 366/366/366
f 366/366/366 462/462/462 463/463/463
f 366/366/366 463/463/463 367/367/367
f 367/367/367 463/463/463 464/464/464
f 367/367/367 464/464/464 368/368/368
f 368/368/368 464/464/464 465/465/465
f 368/368/368 465/465/465 369/369/369
f 369/369/369 465/465/465 466/466/466
f 369/369/369 466/466/466 370/370/370
f 370/370/370 466/466/466 467/467/467
f 370/370/370 467/467/467 371/371/371
f 371/371/371 467/467/467 468/468/468
f 371/371/371 468/468/468 372/372/372
f 372/372/372 468/468/468 469/469/469
f 372/372/372 469/469/469 373/373/373
f 373/373/373 469/469/469 470/470/470
f 373/373/373 470/470/470 374/374/374
f 374/374/374 470/470/470 471/471/471
f 374/374/374 471/471/471 375/375/375
f 375/375/375 471/471/471 472/472/472
f 375/375/375 472/472/472 376/376/376
f 376/376/376 472/472/472 473/473/473
f 376/376/376 473/473/473 377/377/377
f 377/377/377 473/473/473 474/474/474
f 377/377/377 474/474/474 378/378/378
f 378/378/378 474/474/474 475/475/475
f 378/378/378 475/475/475 379/379/379
f 379/379/379 475/475/475 476/476/476
f 379/379/379 476/476/476 380/380/380
f 380/380/380 476/476/476 477/477/477
f 380/380/380 477/477/477 381/381/381
f 381/381/381 477/477/477 382/382/382
f 381/381/381 382/382/382 286/286/286
f 382/382/382 478/478/478 479/479/479
f 382/382/382 479/479/479 383/383/383
f 383/383/383 479/479/479 480/480/480
f 383/383/383 480/480/480 384/384/384
f 384/384/384 480/480/480 481/481/481
f 384/384/384 481/481/481 385/385/385
f 385/385/385 481/481/481 482/482/482
f 385/385/385 482/482/482 386/386/386
f 386/386/386 482/482/482 483/483/483
f 386/386/386 483/483/483 387/387/387
f 387/387/387 483/483/483 484/484/484
f 387/387/387 484/484/484 388/388/388
f 388/388/388 484/484/484 485/485/485
f 388/388/388 485/485/485 389/389/389
f 389/389/389 485/485/485 486/486/486
f 389/389/389 486/486/486 390/390/390
f 390/390/390 486/486/486 487/487/487
f 390/390/390 487/487/487 391/391/391
f 391/391/391 487/487/487 488/488/488
f 391/391/391 488/488/488 392/392/392
f 392/392/392 488/488/488 489/489/489
f 392/392/392 489/489/489 393/393/393
f 393/393/393 489/489/489 490/490/490
f 393/393/393 490/490/490 394/394/394
f 394/394/394 490/490/490 491/491/491
f 394/394/394 491/491/491 395/395/395
f 395/395/395 491/491/491 492/492/492
f 395/395/395 492/492/492 396/396/396
f 396/396/396 492/492/492 493/493/493
f 396/396/396 493/493/493 397/397/397
f 397/397/397 493/493/493 494/494/494
f 397/397/397 494/494/494 398/398/398
f 398/398/398 494/494/494 495/495/495
f 398/398/398 495/495/495 399/399/399
f 399/399/399 495/495/495 496/496/496
f 399/399/399 496/496/496 400/400/400
f 400/400/400 496/496/496 497/497/497
f 400/400/400 497/497/497 401/401/401
f 401/401/401 497/497/497 498/498/498
f 401/401/401 498/498/498 402/402/402
f 402/402/402 498/498/498 499/499/499
f 402/402/402 499/499/499 403/403/403
f 403/403/403 499/499/499 500/500/500
f 403/403/403 500/500/500 404/404/404
f 404/404/404 500/500/500 501/501/501
f 404/404/404 501/501/501 405/405/405
f 405/405/405 501/501/501 502/502/502
f 405/405/405 502/502/502 406/406/406
f 406/406/406 502/502/502 503/503/503
f 406/406/406 503/503/503 407/407/407
f 407/407/407 503/503/503 504/504/504
f 407/407/407 504/504/504 408/408/408
f 408/408/408 504/504/504 505/505/505
f 408/408/408 505/505/505 409/409/409
f 409/409/409 505/505/505 506/506/506
f 409/409/409 506/506/506 410/410/410
f 410/410/410 506/506/506 507/507/507
f 410/410/410 507/507/507 411/411/411
f 411/411/411 507/507/507 508/508/508
f 411/411/411 508/508/508 412/412/412
f 412/412/412 508/508/508 509/509/509
f 412/412/412 509/509/509 413/413/413
f 413/413/413 509/509/509 510/510/510
f 413/413/413 510/510/510 414/414/414
f 414/414/414 510/510/510 511/511/511
f 414/414/414 511/511/511 415/415/415
f 415/415/415 511/511/511 512/512/512
f 415/415/415 512/512/512 416/416/416
f 416/416/416 512/512/512 513/513/513
f 416/416/416 513/513/513 417/417/417
f 417/417/417 513/513/513 514/514/514
f 417/417/417 514/514/514 418/418/418
f 418/418/418 514/514/514 515/515/515
f 418/418/418 515/515/515 419/419/419
f 419/419/419 515/515/515 516/516/516
f 419/419/419 516/516/516 420/420/420
f 420/420/420 516/516/516 517/517/517
f 420/420/420 517/517/517 421/421/421
f 421/421/421 517/517/517 518/518/518
f 421/421/421 518/518/518 422/422/422
f 422/422/422 518/518/518 519/519/519
f 422/422/422 519/519/519 423/423/423
f 423/423/423 519/519/519 520/520/520
f 423/423/423 520/520/520 424/424/424
f 424/424/424 520/520/520 521/521/521
f 424/424/424 521/521/521 425/425/425
f 425/425/425 521/521/521 522/522/522
f 425/425/425 522/522/522 426/426/426
f 426/426/426 522/522/522 523/523/523
f 426/426/426 523/523/523 427/427/427
f 427/427/427 523/523/523 524/524/524
f 427/427/427 524/524/524 428/428/428
f 428/428/428 524/524/524 525/525/525
f 428/428/428 525/525/525 429/429/429
f 429/429/429 525/525/525 526/526/526
f 429/429/429 526/526/526 430/430/430
f 430/430/430 526/526/526 527/527/527
f 430/430/430 527/527/527 431/431/431
f 431/431/431 527/527/527 528/528/528
f 431/431/431 528/528/528 432/432/432
f 432/432/432 528/528/528 529/529/529
f 432/432/432 529/529/529 433/433/433
f 433/433/433 529/529/529 530/530/530
f 433/433/433 530/530/530 434/434/434
f 434/434/434 530/530/530 531/531/531
f 434/434/434 531/531/531 435/435/435
f 435/435/435 531/531/531 532/532/532
f 435/435/435 532/532/532 436/436/436
f 436/436/436 532/532/532 533/533/533
f 436/436/436 533/533/533 437/437/437
f 437/437/437 533/533/533 534/534/534
f 437/437/437 534/534/534 438/438/438
f 438/438/438 534/534/534 535/535/535
f 438/438/438 535/535/535 439/439/439
f 439/439/439 535/535/535 536/536/536
f 439/439/439 536/536/536 440/440/440
f 440/440/440 536/536/536 537/537/537
f 440/440/440 537/537/537 441/441/441
f 441/441/441 537/537/537 538/538/538
f 441/441/441 538/538/538 442/442/442
f 442/442/442 538/538/538 539/539/539
f 442/442/442 539/539/539 443/443/443
f 443/443/443 539/539/539 540/540/540
f 443/443/443 540/540/540 444/444/444
f 444/444/444 540/540/540 541/541/541
f 444/444/444 541/541/541 445/445/445
f 445/445/445 541/541/541 542/542/542
f 445/445/445 542/542/542 446/446/446
f 446/446/446 542/542/542 543/543/543
f 446/446/446 543/543/543 447/447/447
f 447/447/447 543/543/543 544/544/544
f 447/447/447 544/544/544 448/448/448
f 448/448/448 544/544/544 545/545/545
f 448/448/448 545/545/545 449/449/449
f 449/449/449 545/545/545 546/546/546
f 449/449/449 546/546/546 450/450/450
f 450/450/450 546/546/546 547/547/547
f 450/450/450 547/547/547 451/451/451
f 451/451/451 547/547/547 548/548/548
f 451/451/451 548/548/548 452/452/452
f 452/452/452 548/548/548 549/549/549
f 452/452/452 549/549/549 453/453/453
f 453/453/453 549/549/549 550/550/550
f 453/453/453 550/550/550 454/454/454
f 454/454/454 550/550/550 551/551/551
f 454/454/454 551/551/551 455/455/455
f 455/455/455 551/551/551 552/552/552
f 455/455/455 552/552/552 456/456/456
f 456/456/456 552/552/552 553/553/553
f 456/456/456 553/553/553 457/457/457
f 457/457/457 553/553/553 554/554/554
f 457/457/457 554/554/554 458/458/458
f 458/458/458 554/554/554 555/555/555
f 458/458/458 555/555/555 459/459/459
f 459/459/459 555/555/555 556/556/556
f 459/459/459 556/556/556 460/460/460
f 460/460/460 556/556/556 557/557/557
f 460/460/460 557/557/557 461/461/461
f 461/461/461 557/557/557 558/558/558
f 461/461/461 558/558/558 462/462/462
f 462/462/462 558/558/558 559/559/559
f 462/462/462 559/559/559 463/463/463
f 463/463/463 559/559/559 560/560/560
f 463/463/463 560/560/560 464/464/464
f 464/464/464 560/560/560 561/561/561
f 464/464/464 561/561/561 465/465/465
f 465/465/465 561/561/561 562/562/562
f 465/465/465 562/562/562 466/466/466
f 466/466/466 562/562/562 563/563/563
f 466/466/466 563/563/563 467/467/467
f 467/467/467 563/563/563 564/564/564
f 467/467/467 564/564/564 468/468/468
f 468/468/468 564/564/564 565/565/565
f 468/468/468 565/565/565 469/469/469
f 469/469/469 565/565/565 566/566/566
f 469/469/469 566/566/566 470/470/470
f 470/470/470 566/566/566 567/567/567
f 470/470/470 567/567/567 471/471/471
f 471/471/471 567/567/567 568/568/568
f 471/471/471 568/568/568 472/472/472
f 472/472/472 568/568/568 569/569/569
f 472/472/472 569/569/569 473/473/473
f 473/473/473 569/569/569 570/570/570
f 473/473/473 570/570/570 474/474/474
f 474/474/474 570/570/570 571/571/571
f 474/474/474 571/571/571 475/475/475
f 475/475/475 571/571/571 572/572/572
f 475/475/475 572/572/572 476/476/476
f 476/476/476 572/572/572 573/573/573
f 476/476/476 573/573/573 477/477/477
f 477/477/477 573/573/573 478/478/478
f 477/477/477 478/478/478 382/382/382
f 478/478/478 574/574/574 575/575/575
f 478/478/478 575/575/575 479/479/479
f 479/479/479 575/575/575 576/576/576
f 479/479/479 576/576/576 480/480/480
f 480/480/480 576/576/576 577/577/577
f 480/480/480 577/577/577 481/481/481
f 481/481/481 577/577/577 578/578/578
f 481/481/481 578/578/578 482/482/482
f 482/482/482 578/578/578 579/579/579
f 482/482/482 579/579/579 483/483/483
f 483/483/483 579/579/579 580/580/580
f 483/483/483 580/580/580 484/484/484
f 484/484/484 580/580/580 581/581/581
f 484/484/484 581/581/581 485/485/485
f 485/485/485 581/581/581 582/582/582
f 485/485/485 582/582/582 486/486/486
f 486/486/486 582/582/582 583/583/583
f 486/486/486 583/583/583 487/487/487
f 487/487/487 583/583/583 584/584/584
f 487/487/487 584/584/584 488/488/488
f 488/488/488 584/584/584 585/585/585
f 488/488/488 585/585/585 489/489/489
f 489/489/489 585/585/585 586/586/586
f 489/489/489 586/586/586 490/490/490
f 490/490/490 586/586/586 587/587/587
f 490/490/490 587/587/587 491/491/491
f 491/491/491 587/587/587 588/588/588
f 491/491/491 588/588/588 492/492/492
f 492/492/492 588/588/588 589/589/589
f 492/492/492 589/589/589 493/493/493
f 493/493/493 589/589/589 590/590/590
f 493/493/493 590/590/590 494/494/494
f 494/494/494 590/590/590 591/591/591
f 494/494/494 591/591/591 495/495/495
f 495/495/495 591/591/591 592/592/592
f 495/495/495 592/592/592 496/496/496
f 496/496/496 592/592/592 593/593/593
f 496/496/496 593/593/593 497/497/497
f 497/497/497 593/593/593 594/594/594
f 497/497/497 594/594/594 498/498/498
f 498/498/498 594/594/594 595/595/595
f 498/498/498 595/595/595 499/499/499
f 499/499/499 595/595/595 596/596/596
f 499/499/499 596/596/596 500/500/500
f 500/500/500 596/596/596 597/597/597
f 500/500/500 597/597/597 501/501/501
f 501/501/501 597/597/597 598/598/598
f 501/501/501 598/598/598 502/502/502
f 502/502/502 598/598/598 599/599/599
f 502/502/502 599/599/599 503/503/503
f 503/503/503 599/599/599 600/600/600
f 503/503/503 600/600/600 504/504/504
f 504/504/504 600/600/600 601/601/601
f 504/504/504 601/601/601 505/505/505
f 505/505/505 601/601/601 602/602/602
f 505/505/505 602/602/602 506/506/506
f 506/506/506 602/602/602 603/603/603
f 506/506/506 603/603/603 507/507/507
f 507/507/507 603/603/603 604/604/604
f 507/507/507 604/604/604 508/508/508
f 508/508/508 604/604/604 605/605/605
f 508/508/508 605/605/605 509/509/509
f 509/509/509 605/605/605 606/606/606
f 509/509/509 606/606/606 510/510/510
f 510/510/510 606/606/606 607/607/607
f 510/510/510 607/607/607 511/511/511
f 511/511/511 607/607/607 608/608/608
f 511/511/511 608/608/608 512/512/512
f 512/512/512 608/608/608 609/609/609
f 512/512/512 609/609/609 513/513/513
f 513/513/513 609/609/609 610/610/610
f 513/513/513 610/610/610 514/514/514
f 514/514/514 610/610/610 611/611/611
f 514/514/514 611/611/611 515/515/515
f 515/515/515 611/611/611 612/612/612
f 515/515/515 612/612/612 516/516/516
f 516/516/516 612/612/612 613/613/613
f 516/516/516 613/613/613 517/517/517
f 517/517/517 613/613/613 614/614/614
f 517/517/517 614/614/614 518/518/518
f 518/518/518 614/614/614 615/615/615
f 518/518/518 615/615/615 519/519/519
f 519/519/519 615/615/615 616/616/616
f 519/519/519 616/616/616 520/520/520
f 520/520/520 616/616/616 617/617/617
f 520/520/520 617/617/617 521/521/521
f 521/521/521 617/617/617 618/618/618
f 521/521/521 618/618/618 522/522/522
f 522/522/522 618/618/618 619/619/619
f 522/522/522 619/619/619 523/523/523
f 523/523/523 619/619/619 620/620/620
f 523/523/523 620/620/620 524/524/524
f 524/524/524 620/620/620 621/621/621
f 524/524/524 621/621/621 525/525/525
f 525/525/525 621/621/621 622/622/622
f 525/525/525 622/622/622 526/526/526
f 526/526/526 622/622/622 623/623/623
f 526/526/526 623/623/623 527/527/527
f 527/527/527 623/623/623 624/624/624
f 527/527/527 624/624/624 528/528/528
f 528/528/528 624/624/624 625/625/625
f 528/528/528 625/625/625 529/529/529
f 529/529/529 625/625/625 626/626/626
f 529/529/529 626/626/626 530/530/530
f 530/530/530 626/626/626 627/627/627
f 530/530/530 627/627/627 531/531/531
f 531/531/531 627/627/627 628/628/628
f 531/531/531 628/628/628 532/532/532
f 532/532/532 628/628/628 629/629/629
f 532/532/532 629/629/629 533/533/533
f 533/533/533 629/629/629 630/630/630
f 533/533/533 630/630/630 534/534/534
f 534/534/534 630/630/630 631/631/631
f 534/534/534 631/631/631 535/535/535
f 535/535/535 631/631/631 632/632/632
f 535/535/535 632/632/632 536/536/536
f 536/536/536 632/632/632 633/633/633
f 536/536/536 633/633/633 537/537/537
f 537/537/537 633/633/633 634/634/634
f 537/537/537 634/634/634 538/538/538
f 538/538/538 634/634/634 635/635/635
f 538/538/538 635/635/635 539/539/539
f 539/539/539 635/635/635 636/636/636
f 539/539/539 636/636/636 540/540/540
f 540/540/540 636/636/636 637/637/637
f 540/540/540 637/637/637 541/541/541
f 541/541/541 637/637/637 638/638/638
f 541/541/541 638/638/638 542/542/542
f 542/542/542 638/638/638 639/639/639
f 542/542/542 639/639/639 543/543/543
f 543/543/543 639/639/639 640/640/640
f 543/543/543 640/640/640 544/544/544
f 544/544/544 640/640/640 641/641/641
f 544/544/544 641/641/641 545/545/545
f 545/545/545 641/641/641 642/642/642
f 545/545/545 642/642/642 546/546/546
f 546/546/546 642/642/642 643/643/643
f 546/546/546 643/643/643 547/547/547
f 547/547/547 643/643/643 644/644/644
f 547/547/547 644/644/644 548/548/548
f 548/548/548 644/644/644 645/645/645
f 548/548/548 645/645/645 549/549/549
f 549/549/549 645/645/645 646/646/646
f 549/549/549 646/646/646 550/550/550
f 550/550/550 646/646/646 647/647/647
f 550/550/550 647/647/647 551/551/551
f 551/551/551 647/647/647 648/648/648
f 551/551/551 648/648/648 552/552/552
f 552/552/552 648/648/648 649/649/649
f 552/552/552 649/649/649 553/553/553
f 553/553/553 649/649/649 650/650/650
f 553/553/553 650/650/650 554/554/554
f 554/554/554 650/650/650 651/651/651
f 554/554/554 651/651/651 555/555/555
f 555/555/555 651/651/651 652/652/652
f 555/555/555 652/652/652 556/556/556
f 556/556/556 652/652/652 653/653/653
f 556/556/556 653/653/653 557/557/557
f 557/557/557 653/653/653 654/654/654
f 557/557/557 654/654/654 558/558/558
f 558/558/558 654/654/654 655/655/655
f 558/558/558 655/655/655 559/559/559
f 559/559/559 655/655/655 656/656/656
f 559/559/559 656/656/656 560/560/560
f 560/560/560 656/656/656 657/657/657
f 560/560/560 657/657/657 561/561/561
f 561/561/561 657/657/657 658/658/658
f 561/561/561 658/658/658 562/562/562
f 562/562/562 658/658/658 659/659/659
f 562/562/562 659/659/659 563/563/563
f 563/563/563 659/659/659 660/660/660
f 563/563/563 660/660/660 564/564/564
f 564/564/564 660/660/660 661/661/661
f 564/564/564 661/661/661 565/565/565
f 565/565/565 661/661/661 662/662/662
f 565/565/565 662/662/662 566/566/566
f 566/566/566 662/662/662 663/663/663
f 566/566/566 663/663/663 567/567/567
f 567/567/567 663/663/663 664/664/664
f 567/567/567 664/664/664 568/568/568
f 568/568/568 664/664/664 665/665/665
f 568/568/568 665/665/665 569/569/569
f 569/569/569 665/665/665 666/666/666
f 569/569/569 666/666/666 570/570/570
f 570/570/570 666/666/666 667/667/667
f 570/570/570 667/667/667 571/571/571
f 571/571/571 667/667/667 668/668/668
f 571/571/571 668/668/668 572/572/572
f 572/572/572 668/668/668 669/669/669
f 572/572/572 669/669/669 573/573/573
f 573/573/573 669/669/669 574/574/574
f 573/573/573 574/574/574 478/478/478
f 574/574/574 670/670/670 671/671/671
f 574/574/574 671/671/671 575/575/575
f 575/575/575 671/671/671 672/672/672
f 575/575/575 672/672/672 576/576/576
f 576/576/576 672/672/672 673/673/673
f 576/576/576 673/673/673 577/577/577
f 577/577/577 673/673/673 674/674/674
f 577/577/577 674/674/674 578/578/578
f 578/578/578 674/674/674 675/675/675
f 578/578/578 675/675/675 579/579/579
f 579/579/579 675/675/675 676/676/676
f 579/579/579 676/676/676 580/580/580
f 580/580/580 676/676/676 677/677/677
f 580/580/580 677/677/677 581/581/581
f 581/581/581 677/677/677 678/678/678
f 581/581/581 678/678/678 582/582/582
f 582/582/582 678/678/678 679/679/679
f 582/582/582 679/679/679 583/583/583
f 583/583/583 679/679/679 680/680/680
f 583/583/583 680/680/680 584/584/584
f 584/584/584 680/680/680 681/681/681
f 584/584/584 681/681/681 585/585/585
f 585/585/585 681/681/681 682/682/682
f 585/585/585 682/682/682 586/586/586
f 586/586/586 682/682/682 683/683/683
f 586/586/586 683/683/683 587/587/587
f 587/587/587 683/683/683 684/684/684
f 587/587/587 684/684/684 588/588/588
f 588/588/588 684/684/684 685/685/685
f 588/588/588 685/685/685 589/589/589
f 589/589/589 685/685/685 686/686/686
f 589/589/589 686/686/686 590/590/590
f 590/590/590 686/686/686 687/687/687
f 590/590/590 687/687/687 591/591/591
f 591/591/591 687/687/687 688/688/688
f 591/591/591 688/688/688 592/592/592
f 592/592/592 688/688/688 689/689/689
f 592/592/592 689/689/689 593/593/593
f 593/593/593 689/689/689 690/690/690
f 593/593/593 690/690/690 594/594/594
f 594/594/594 690/690/690 691/691/691
f 594/594/594 691/691/691 595/595/595
f 595/595/595 691/691/691 692/692/692
f 595/595/595 692/692/692 596/596/596
f 596/596/596 692/692/692 693/693/693
f 596/596/596 693/693/693 597/597/597
f 597/597/597 693/693/693 694/694/694
f 597/597/597 694/694/694 598/598/598
f 598/598/598 694/694/694 695/695/695
f 598/598/598 695/695/695 599/599/599
f 599/599/599 695/695/695 696/696/696
f 599/599/599 696/696/696 600/600/600
f 600/600/600 696/696/696 697/697/697
f 600/600/600 697/697/697 601/601/601
f 601/601/601 697/697/697 698/698/698
f 601/601/601 698/698/698 602/602/602
f 602/602/602 698/698/698 699/699/699
f 602/602/602 699/699/699 603/603/603
f 603/603/603 699/699/699 700/700/700
f 603/603/603 700/700/700 604/604/604
f 604/604/604 700/700/700 701/701/701
f 604/604/604 701/701/701 605/605/605
f 605/605/605 701/701/701 702/702/702
f 605/605/605 702/702/702 606/606/606
f 606/606/606 702/702/702 703/703/703
f 606/606/606 703/703/703 607/607/607
f 607/607/607 703/703/703 704/704/704
f 607/607/607 704/704/704 608/608/608
f 608/608/608 704/704/704 705/705/705
f 608/608/608 705/705/705 609/609/609
f 609/609/609 705/705/705 706/706/706
f 609/609/609 706/706/706 610/610/610
f 610/610/610 706/706/706 707/707/707
f 610/610/610 707/707/707 611/611/611
f 611/611/611 707/707/707 708/708/708
f 611/611/611 708/708/708 612/612/612
f 612/612/612 708/708/708 709/709/709
f 612/612/612 709/709/709 613/613/613
f 613/613/613 709/709/709 710/710/710
f 613/613/613 710/710/710 614/614/614
f 614/614/614 710/710/710 711/711/711
f 614/614/614 711/711/711 615/615/615
f 615/615/615 711/711/711 712/712/712
f 615/615/615 712/712/712 616/616/616
f 616/616/616 712/712/712 713/713/713
f 616/616/616 713/713/713 617/617/617
f 617/617/617 713/713/713 714/714/714
f 617/617/617 714/714/714 618/618/618
f 618/618/618 714/714/714 715/715/715
f 618/618/618 715/715/715 619/619/619
f 619/619/619 715/715/715 716/716/716
f 619/619/619 716/716/716 620/620/620
f 620/620/620 716/716/716 717/717/717
f 620/620/620 717/717/717 621/621/621
f 621/621/621 717/717/717 718/718/718
f 621/621/621 718/718/718 622/622/622
f 622/622/622 718/718/718 719/719/719
f 622/622/622 719/719/719 623/623/623
f 623/623/623 719/719/719 720/720/720
f 623/623/623 720/720/720 624/624/624
f 624/624/624 720/720/720 721/721/721
f 624/624/624 721/721/721 625/625/625
f 625/625/625 721/721/721 722/722/722
f 625/625/625 722/722/722 626/626/626
f 626/626/626 722/722/722 723/723/723
f 626/626/626 723/723/723 627/627/627
f 627/627/627 723/723/723 724/724/724
f 627/627/627 724/724/724 628/628/628
f 628/628/628 724/724/724 725/725/725
f 628/628/628 725/725/725 629/629/629
f 629/629/629 725/725/725 726/726/726
f 629/629/629 726/726/726 630/630/630
f 630/630/630 726/726/726 727/727/727
f 630/630/630 727/727/727 631/631/631
f 631/631/631 727/727/727 728/728/728
f 631/631/631 728/728/728 632/632/632
f 632/632/632 728/728/728 729/729/729
f 632/632/632 729/729/729 633/633/633
f 633/633/633 729/729/729 730/730/730
f 633/633/633 730/730/730 634/634/634
f 634/634/634 730/730/730 731/731/731
f 634/634/634 731/731/731 635/635/635
f 635/635/635 731/731/731 732/732/732
f 635/635/635 732/732/732 636/636/636
f 636/636/636 732/732/732 733/733/733
f 636/636/636 733/733/733 637/637/637
f 637/637/637 733/733/733 734/734/734
f 637/637/637 734/734/734 638/638/638
f 638/638/638 734/734/734 735/735/735
f 638/638/638 735/735/735 639/639/639
f 639/639/639 735/735/735 736/736/736
f 639/639/639 736/736/736 640/640/640
f 640/640/640 736/736/736 737/737/737
f 640/640/640 737/737/737 641/641/641
f 641/641/641 737/737/737 738/738/738
f 641/641/641 738/738/738 642/642/642
f 642/642/642 738/738/738 739/739/739
f 642/642/642 739/739/739 643/643/643
f 643/643/643 739/739/739 740/740/740
f 643/643/643 740/740/740 644/644/644
f 644/644/644 740/740/740 741/741/741
f 644/644/644 741/741/741 645/645/645
f 645/645/645 741/741/741 742/742/742
f 645/645/645 742/742/742 646/646/646
f 646/646/646 742/742/742 743/743/743
f 646/646/646 743/743/743 647/647/647
f 647/647/647 743/743/743 744/744/744
f 647/647/647 744/744/744 648/648/648
f 648/648/648 744/744/744 745/745/745
f 648/648/648 745/745/745 649/649/649
f 649/649/649 745/745/745 746/746/746
f 649/649/649 746/746/746 650/650/650
f 650/650/650 746/746/746 747/747/747
f 650/650/650 747/747/747 651/651/651
f 651/651/651 747/747/747 748/748/748
f 651/651/651 748/748/748 652/652/652
f 652/652/652 748/748/748 749/749/749
f 652/652/652 749/749/749 653/653/653
f 653/653/653 749/749/749 750/750/750
f 653/653/653 750/750/750 654/654/654
f 654/654/654 750/750/750 751/751/751
f 654/654/654 751/751/751 655/655/655
f 655/655/655 751/751/751 752/752/752
f 655/655/655 752/752/752 656/656/656
f 656/656/656 752/752/752 753/753/753
f 656/656/656 753/753/753 657/657/657
f 657/657/657 753/753/753 754/754/754
f 657/657/657 754/754/754 658/658/658
f 658/658/658 754/754/754 755/755/755
f 658/658/658 755/755/755 659/659/659
f 659/659/659 755/755/755 756/756/756
f 659/659/659 756/756/756 660/660/660
f 660/660/660 756/756/756 757/757/757
f 660/660/660 757/757/757 661/661/661
f 661/661/661 757/757/757 758/758/758
f 661/661/661 758/758/758 662/662/662
f 662/662/662 758/758/758 759/759/759
f 662/662/662 759/759/759 663/663/663
f 663/663/663 759/759/759 760/760/760
f 663/663/663 760/760/760 664/664/664
f 664/664/664 760/760/760 761/761/761
f 664/664/664 761/761/761 665/665/665
f 665/665/665 761/761/761 762/762/762
f 665/665/665 762/762/762 666/666/666
f 666/666/666 762/762/762 763/763/763
f 666/666/666 763/763/763 667/667/667
f 667/667/667 763/763/763 764/764/764
f 667/667/667 764/764/764 668/668/668
f 668/668/668 764/764/764 765/765/765
f 668/668/668 765/765/765 669/669/669
f 669/669/669 765/765/765 670/670/670
f 669/669/669 670/670/670 574/574/574
f 670/670/670 766/766/766 767/767/767
f 670/670/670 767/767/767 671/671/671
f 671/671/671 767/767/767 768/768/768
f 671/671/671 768/768/768 672/672/672
f 672/672/672 768/768/768 769/769/769
f 672/672/672 769/769/769 673/673/673
f 673/673/673 769/769/769 770/770/770
f 673/673/673 770/770/770 674/674/674
f 674/674/674 770/770/770 771/771/771
f 674/674/674 771/771/771 675/675/675
f 675/675/675 771/771/771 772/772/772
f 675/675/675 772/772/772 676/676/676
f 676/676/676 772/772/772 773/773/773
f 676/676/676 773/773/773 677/677/677
f 677/677/677 773/773/773 774/774/774
f 677/677/677 774/774/774 678/678/678
f 678/678/678 774/774/774 775/775/775
f 678/678/678 775/775/775 679/679/679
f 679/679/679 775/775/775 776/776/776
f 679/679/679 776/776/776 680/680/680
f 680/680/680 776/776/776 777/777/777
f 680/680/680 777/777/777 681/681/681
f 681/681/681 777/777/777 778/778/778
f 681/681/681 778/778/778 682/682/682
f 682/682/682 778/778/778 779/779/779
f 682/682/682 779/779/779 683/683/683
f 683/683/683 779/779/779 780/780/780
f 683/683/683 780/780/780 684/684/684
f 684/684/684 780/780/780 781/781/781
f 684/684/684 781/781/781 685/685/685
f 685/685/685 781/781/781 782/782/782
f 685/685/685 782/782/782 686/686/686
f 686/686/686 782/782/782 783/783/783
f 686/686/686 783/783/783 687/687/687
f 687/687/687 783/783/783 784/784/784
f 687/687/687 784/784/784 688/688/688
f 688/688/688 784/784/784 785/785/785
f 688/688/688 785/785/785 689/689/689
f 689/689/689 785/785/785 786/786/786
f 689/689/689 786/786/786 690/690/690
f 690/690/690 786/786/786 787/787/787
f 690/690/690 787/787/787 691/691/691
f 691/691/691 787/787/787 788/788/788
f 691/691/691 788/788/788 692/692/692
f 692/692/692 788/788/788 789/789/789
f 692/692/692 789/789/789 693/693/693
f 693/693/693 789/789/789 790/790/790
f 693/693/693 790/790/790 694/694/694
f 694/694/694 790/790/790 791/791/791
f 694/694/694 791/791/791 695/695/695
f 695/695/695 791/791/791 792/792/792
f 695/695/695 792/792/792 696/696/696
f 696/696/696 792/792/792 793/793/793
f 696/696/696 793/793/793 697/697/697
f 697/697/697 793/793/793 794/794/794
f 697/697/697 794/794/794 698/698/698
f 698/698/698 794/794/794 795/795/795
f 698/698/698 795/795/795 699/699/699
f 699/699/699 795/795/795 796/796/796
f 699/699/699 796/796/796 700/700/700
f 700/700/700 796/796/796 797/797/797
f 700/700/700 797/797/797 701/701/701
f 701/701/701 797/797/797 798/798/798
f 701/701/701 798/798/798 702/702/702
f 702/702/702 798/798/798 799/799/799
f 702/702/702 799/799/799 703/703/703
f 703/703/703 799/799/799 800/800/800
f 703/703/703 800/800/800 704/704/704
f 704/704/704 800/800/800 801/801/801
f 704/704/704 801/801/801 705/705/705
f 705/705/705 801/801/801 802/802/802
f 705/705/705 802/802/802 706/706/706
f 706/706/706 802/802/802 803/803/803
f 706/706/706 803/803/803 707/707/707
f 707/707/707 803/803/803 804/804/804
f 707/707/707 804/804/804 708/708/708
f 708/708/708 804/804/804 805/805/805
f 708/708/708 805/805/805 709/709/709
f 709/709/709 805/805/805 806/806/806
f 709/709/709 806/806/806 710/710/710
f 710/710/710 806/806/806 807/807/807
f 710/710/710 807/807/807 711/711/711
f 711/711/711 807/807/807 808/808/808
f 711/711/711 808/808/808 712/712/712
f 712/712/712 808/808/808 809/809/809
f 712/712/712 809/809/809 713/713/713
f 713/713/713 809/809/809 810/810/810
f 713/713/713 810/810/810 714/714/714
f 714/714/714 810/810/810 811/811/811
f 714/714/714 811/811/811 715/715/715
f 715/715/715 811/811/811 812/812/812
f 715/715/715 812/812/812 716/716/716
f 716/716/716 812/812/812 813/813/813
f 716/716/716 813/813/813 717/717/717
f 717/717/717 813/813/813 814/814/814
f 717/717/717 814/814/814 718/718/718
f 718/718/718 814/814/814 815/815/815
f 718/718/718 815/815/815 719/719/719
f 719/719/719 815/815/815 816/816/816
f 719/719/719 816/816/816 720/720/720
f 720/720/720 816/816/816 817/817/817
f 720/720/720 817/817/817 721/721/721
f 721/721/721 817/817/817 818/818/818
f 721/721/721 818/818/818 722/722/722
f 722/722/722 818/818/818 819/819/819
f 722/722/722 819/819/819 723/723/723
f 723/723/723 819/819/819 820/820/820
f 723/723/723 820/820/820 724/724/724
f 724/724/724 820/820/820 821/821/821
f 724/724/724 821/821/821 725/725/725
f 725/725/725 821/821/821 822/822/822
f 725/725/725 822/822/822 726/726/726
f 726/726/726 822/822/822 823/823/823
f 726/726/726 823/823/823 727/727/727
f 727/727/727 823/823/823 824/824/824
f 727/727/727 824/824/824 728/728/728
f 728/728/728 824/824/824 825/825/825
f 728/728/728 825/825/825 729/729/729
f 729/729/729 825/825/825 826/826/826
f 729/729/729 826/826/826 730/730/730
f 730/730/730 826/826/826 827/827/827
f 730/730/730 827/827/827 731/731/731
f 731/731/731 827/827/827 828/828/828
f 731/731/731 828/828/828 732/732/732
f 732/732/732 828/828/828 829/829/829
f 732/732/732 829/829/829 733/733/733
f 733/733/733 829/829/829 830/830/830
f 733/733/733 830/830/830 734/734/734
f 734/734/734 830/830/830 831/831/831
f 734/734/734 831/831/831 735/735/735
f 735/735/735 831/831/831 832/832/832
f 735/735/735 832/832/832 736/736/736
f 736/736/736 832/832/832 833/833/833
f 736/736/736 833/833/833 737/737/737
f 737/737/737 833/833/833 834/834/834
f 737/737/737 834/834/834 738/738/738
f 738/738/738 834/834/834 835/835/835
f 738/738/738 835/835/835 739/739/739
f 739/739/739 835/835/835 836/836/836
f 739/739/739 836/836/836 740/740/740
f 740/740/740 836/836/836 837/837/837
f 740/740/740 837/837/837 741/741/741
f 741/741/741 837/837/837 838/838/838
f 741/741/741 838/838/838 742/742/742
f 742/742/742 838/838/838 839/839/839
f 742/742/742 839/839/839 743/743/743
f 743/743/743 839/839/839 840/840/840
f 743/743/743 840/840/840 744/744/744
f 744/744/744 840/840/840 841/841/841
f 744/744/744 841/841/841 745/745/745
f 745/745/745 841/841/841 842/842/842
f 745/745/745 842/842/842 746/746/746
f 746/746/746 842/842/842 843/843/843
f 746/746/746 843/843/843 747/747/747
f 747/747/747 843/843/843 844/844/844
f 747/747/747 844/844/844 748/748/748
f 748/748/748 844/844/844 845/845/845
f 748/748/748 845/845/845 749/749/749
f 749/749/749 845/845/845 846/846/846
f 749/749/749 846/846/846 750/750/750
f 750/750/750 846/846/846 847/847/847
f 750/750/750 847/847/847 751/751/751
f 751/751/751 847/847/847 848/848/848
f 751/751/751 848/848/848 752/752/752
f 752/752/752 848/848/848 849/849/849
f 752/752/752 849/849/849 753/753/753
f 753/753/753 849/849/849 850/850/850
f 753/753/753 850/850/850 754/754/754
f 754/754/754 850/850/850 851/851/851
f 754/754/754 851/851/851 755/755/755
f 755/755/755 851/851/851 852/852/852
f 755/755/755 852/852/852 756/756/756
f 756/756/756 852/852/852 853/853/853
f 756/756/756 853/853/853 757/757/757
f 757/757/757 853/853/853 854/854/854
f 757/757/757 854/854/854 758/758/758
f 758/758/758 854/854/854 855/855/855
f 758/758/758 855/855/855 759/759/759
f 759/759/759 855/855/855 856/856/856
f 759/759/759 856/856/856 760/760/760
f 760/760/760 856/856/856 857/857/857
f 760/760/760 857/857/857 761/761/761
f 761/761/761 857/857/857 858/858/858
f 761/761/761 858/858/858 762/762/762
f 762/762/762 858/858/858 859/859/859
f 762/762/762 859/859/859 763/763/763
f 763/763/763 859/859/859 860/860/860
f 763/763/763 860/860/860 764/764/764
f 764/764/764 860/860/860 861/861/861
f 764/764/764 861/861/861 765/765/765
f 765/765/765 861/861/861 766/766/766
f 765/765/765 766/766/766 670/670/670
f 766/766/766 862/862/862 863/863/863
f 766/766/766 863/863/863 767/767/767
f 767/767/767 863/863/863 864/864/864
f 767/767/767 864/864/864 768/768/768
f 768/768/768 864/864/864 865/865/865
f 768/768/768 865/865/865 769/769/769
f 769/769/769 865/865/865 866/866/866
f 769/769/769 866/866/866 770/770/770
f 770/770/770 866/866/866 867/867/867
f 770/770/770 867/867/867 771/771/771
f 771/771/771 867/867/867 868/868/868
f 771/771/771 868/868/868 772/772/772
f 772/772/772 868/868/868 869/869/869
f 772/772/772 869/869/869 773/773/773
f 773/773/773 869/869/869 870/870/870
f 773/773/773 870/870/870 774/774/774
f 774/774/774 870/870/870 871/871/871
f 774/774/774 871/871/871 775/775/775
f 775/775/775 871/871/871 872/872/872
f 775/775/775 872/872/872 776/776/776
f 776/776/776 872/872/872 873/873/873
f 776/776/776 873/873/873 777/777/777
f 777/777/777 873/873/873 874/874/874
f 777/777/777 874/874/874 778/778/778
f 778/778/778 874/874/874 875/875/875
f 778/778/778 875/875/875 779/779/779
f 779/779/779 875/875/875 876/876/876
f 779/779/779 876/876/876 780/780/780
f 780/780/780 876/876/876 877/877/877
f 780/780/780 877/877/877 781/781/781
f 781/781/781 877/877/877 878/878/878
f 781/781/781 878/878/878 782/782/782
f 782/782/782 878/878/878 879/879/879
f 782/782/782 879/879/879 783/783/783
f 783/783/783 879/879/879 880/880/880
f 783/783/783 880/880/880 784/784/784
f 784/784/784 880/880/880 881/881/881
f 784/784/784 881/881/881 785/785/785
f 785/785/785 881/881/881 882/882/882
f 785/785/785 882/882/882 786/786/786
f 786/786/786 882/882/882 883/883/883
f 786/786/786 883/883/883 787/787/787
f 787/787/787 883/883/883 884/884/884
f 787/787/787 884/884/884 788/788/788
f 788/788/788 884/884/884 885/885/885
f 788/788/788 885/885/885 789/789/789
f 789/789/789 885/885/885 886/886/886
f 789/789/789 886/886/886 790/790/790
f 790/790/790 886/886/886 887/887/887
f 790/790/790 887/887/887 791/791/791
f 791/791/791 887/887/887 888/888/888
f 791/791/791 888/888/888 792/792/792
f 792/792/792 888/888/888 889/889/889
f 792/792/792 889/889/889 793/793/793
f 793/793/793 889/889/889 890/890/890
f 793/793/793 890/890/890 794/794/794
f 794/794/794 890/890/890 891/891/891
f 794/794/794 891/891/891 795/795/795
f 795/795/795 891/891/891 892/892/892
f 795/795/795 892/892/892 796/796/796
f 796/796/796 892/892/892 893/893/893
f 796/796/796 893/893/893 797/797/797
f 797/797/797 893/893/893 894/894/894
f 797/797/797 894/894/894 798/798/798
f 798/798/798 894/894/894 895/895/895
f 798/798/798 895/895/895 799/799/799
f 799/799/799 895/895/895 896/896/896
f 799/799/799 896/896/896 800/800/800
f 800/800/800 896/896/896 897/897/897
f 800/800/800 897/897/897 801/801/801
f 801/801/801 897/897/897 898/898/898
f 801/801/801 898/898/898 802/802/802
f 802/802/802 898/898/898 899/899/899
f 802/802/802 899/899/899 803/803/803
f 803/803/803 899/899/899 900/900/900
f 803/803/803 900/900/900 804/804/804
f 804/804/804 900/900/900 901/901/901
f 804/804/804 901/901/901 805/805/805
f 805/805/805 901/901/901 902/902/902
f 805/805/805 902/902/902 806/806/806
f 806/806/806 902/902/902 903/903/903
f 806/806/806 903/903/903 807/807/807
f 807/807/807 903/903/903 904/904/904
f 807/807/807 904/904/904 808/808/808
f 808/808/808 904/904/904 905/905/905
f 808/808/808 905/905/905 809/809/809
f 809/809/809 905/905/905 906/906/906
f 809/809/809 906/906/906 810/810/810
f 810/810/810 906/906/906 907/907/907
f 810/810/810 907/907/907 811/811/811
f 811/811/811 907/907/907 908/908/908
f 811/811/811 908/908/908 812/812/812
f 812/812/812 908/908/908 909/909/909
f 812/812/812 909/909/909 813/813/813
f 813/813/813 909/909/909 910/910/910
f 813/813/813 910/910/910 814/814/814
f 814/814/814 910/910/910 911/911/911
f 814/814/814 911/911/911 815/815/815
f 815/815/815 911/911/911 912/912/912
f 815/815/815 912/912/912 816/816/816
f 816/816/816 912/912/912 913/913/913
f 816/816/816 913/913/913 817/817/817
f 817/817/817 913/913/913 914/914/914
f 817/817/817 914/914/914 818/818/818
f 818/818/818 914/914/914 915/915/915
f 818/818/818 915/915/915 819/819/819
f 819/819/819 915/915/915 916/916/916
f 819/819/819 916/916/916 820/820/820
f 820/820/820 916/916/916 917/917/917
f 820/820/820 917/917/917 821/821/821
f 821/821/821 917/917/917 918/918/918
f 821/821/821 918/918/918 822/822/822
f 822/822/822 918/918/918 919/919/919
f 822/822/822 919/919/919 823/823/823
f 823/823/823 919/919/919 920/920/920
f 823/823/823 920/920/920 824/824/824
f 824/824/824 920/920/920 921/921/921
f 824/824/824 921/921/921 825/825/825
f 825/825/825 921/921/921 922/922/922
f 825/825/825 922/922/922 826/826/826
f 826/826/826 922/922/922 923/923/923
f 826/826/826 923/923/923 827/827/827
f 827/827/827 923/923/923 924/924/924
f 827/827/827 924/924/924 828/828/828
f 828/828/828 924/924/924 925/925/925
f 828/828/828 925/925/925 829/829/829
f 829/829/829 925/925/925 926/926/926
f 829/829/829 926/926/926 830/830/830
f 830/830/830 926/926/926 927/927/927
f 830/830/830 927/927/927 831/831/831
f 831/831/831 927/927/927 928/928/928
f 831/831/831 928/928/928 832/832/832
f 832/832/832 928/928/928 929/929/929
f 832/832/832 929/929/929 833/833/833
f 833/833/833 929/929/929 930/930/930
f 833/833/833 930/930/930 834/834/834
f 834/834/834 930/930/930 931/931/931
f 834/834/834 931/931/931 835/835/835
f 835/835/835 931/931/931 932/932/932
f 835/835/835 932/932/932 836/836/836
f 836/836/836 932/932/932 933/933/933
f 836/836/836 933/933/933 837/837/837
f 837/837/837 933/933/933 934/934/934
f 837/837/837 934/934/934 838/838/838
f 838/838/838 934/934/934 935/935/935
f 838/838/838 935/935/935 839/839/839
f 839/839/839 935/935/935 936/936/936
f 839/839/839 936/936/936 840/840/840
f 840/840/840 936/936/936 937/937/937
f 840/840/840 937/937/937 841/841/841
f 841/841/841 937/937/937 938/938/938
f 841/841/841 938/938/938 842/842/842
f 842/842/842 938/938/938 939/939/939
f 842/842/842 939/939/939 843/843/843
f 843/843/843 939/939/939 940/940/940
f 843/843/843 940/940/940 844/844/844
f 844/844/844 940/940/940 941/941/941
f 844/844/844 941/941/941 845/845/845
f 845/845/845 941/941/941 942/942/942
f 845/845/845 942/942/942 846/846/846
f 846/846/846 942/942/942 943/943/943
f 846/846/846 943/943/943 847/847/847
f 847/847/847 943/943/943 944/944/944
f 847/847/847 944/944/944 848/848/848
f 848/848/848 944/944/944 945/945/945
f 848/848/848 945/945/945 849/849/849
f 849/849/849 945/945/945 946/946/946
f 849/849/849 946/946/946 850/850/850
f 850/850/850 946/946/946 947/947/947
f 850/850/850 947/947/947 851/851/851
f 851/851/851 947/947/947 948/948/948
f 851/851/851 948/948/948 852/852/852
f 852/852/852 948/948/948 949/949/949
f 852/852/852 949/949/949 853/853/853
f 853/853/853 949/949/949 950/950/950
f 853/853/853 950/950/950 854/854/854
f 854/854/854 950/950/950 951/951/951
f 854/854/854 951/951/951 855/855/855
f 855/855/855 951/951/951 952/952/952
f 855/855/855 952/952/952 856/856/856
f 856/856/856 952/952/952 953/953/953
f 856/856/856 953/953/953 857/857/857
f 857/857/857 953/953/953 954/954/954
f 857/857/857 954/954/954 858/858/858
f 858/858/858 954/954/954 955/955/955
f 858/858/858 955/955/955 859/859/859
f 859/859/859 955/955/955 956/956/956
f 859/859/859 956/956/956 860/860/860
f 860/860/860 956/956/956 957/957/957
f 860/860/860 957/957/957 861/861/861
f 861/861/861 957/957/957 862/862/862
f 861/861/861 862/862/862 766/766/766
f 862/862/862 958/958/958 959/959/959
f 862/862/862 959/959/959 863/863/863
f 863/863/863 959/959/959 960/960/960
f 863/863/863 960/960/960 864/864/864
f 864/864/864 960/960/960 961/961/961
f 864/864/864 961/961/961 865/865/865
f 865/865/865 961/961/961 962/962/962
f 865/865/865 962/962/962 866/866/866
f 866/866/866 962/962/962 963/963/963
f 866/866/866 963/963/963 867/867/867
f 867/867/867 963/963/963 964/964/964
f 867/867/867 964/964/964 868/868/868
f 868/868/868 964/964/964 965/965/965
f 868/868/868 965/965/965 869/869/869
f 869/869/869 965/965/965 966/966/966
f 869/869/869 966/966/966 870/870/870
f 870/870/870 966/966/966 967/967/967
f 870/870/870 967/967/967 871/871/871
f 871/871/871 967/967/967 968/968/968
f 871/871/871 968/968/968 872/872/872
f 872/872/872 968/968/968 969/969/969
f 872/872/872 969/969/969 873/873/873
f 873/873/873 969/969/969 970/970/970
f 873/873/873 970/970/970 874/874/874
f 874/874/874 970/970/970 971/971/971
f 874/874/874 971/971/971 875/875/875
f 875/875/875 971/971/971 972/972/972
f 875/875/875 972/972/972 876/876/876
f 876/876/876 972/972/972 973/973/973
f 876/876/876 973/973/973 877/877/877
f 877/877/877 973/973/973 974/974/974
f 877/877/877 974/974/974 878/878/878
f 878/878/878 974/974/974 975/975/975
f 878/878/878 975/975/975 879/879/879
f 879/879/879 975/975/975 976/976/976
f 879/879/879 976/976/976 880/880/880
f 880/880/880 976/976/976 977/977/977
f 880/880/880 977/977/977 881/881/881
f 881/881/881 977/977/977 978/978/978
f 881/881/881 978/978/978 882/882/882
f 882/882/882 978/978/978 979/979/979
f 882/882/882 979/979/979 883/883/883
f 883/883/883 979/979/979 980/980/980
f 883/883/883 980/980/980 884/884/884
f 884/884/884 980/980/980 981/981/981
f 884/884/884 981/981/981 885/885/885
f 885/885/885 981/981/981 982/982/982
f 885/885/885 982/982/982 886/886/886
f 886/886/886 982/982/982 983/983/983
f 886/886/886 983/983/983 887/887/887
f 887/887/887 983/983/983 984/984/984
f 887/887/887 984/984/984 888/888/888
f 888/888/888 984/984/984 985/985/985
f 888/888/888 985/985/985 889/889/889
f 889/889/889 985/985/985 986/986/986
f 889/889/889 986/986/986 890/890/890
f 890/890/890 986/986/986 987/987/987
f 890/890/890 987/987/987 891/891/891
f 891/891/891 987/987/987 988/988/988
f 891/891/891 988/988/988 892/892/892
f 892/892/892 988/988/988 989/989/989
f 892/892/892 989/989/989 893/893/893
f 893/893/893 989/989/989 990/990/990
f 893/893/893 990/990/990 894/894/894
f 894/894/894 990/990/990 991/991/991
f 894/894/894 991/991/991 895/895/895
f 895/895/895 991/991/991 992/992/992
f 895/895/895 992/992/992 896/896/896
f 896/896/896 992/992/992 993/993/993
f 896/896/896 993/993/993 897/897/897
f 897/897/897 993/993/993 994/994/994
f 897/897/897 994/994/994 898/898/898
f 898/898/898 994/994/994 995/995/995
f 898/898/898 995/995/995 899/899/899
f 899/899/899 995/995/995 996/996/996
f 899/899/899 996/996/996 900/900/900
f 900/900/900 996/996/996 997/997/997
f 900/900/900 997/997/997 901/901/901
f 901/901/901 997/997/997 998/998/998
f 901/901/901 998/998/998 902/902/902
f 902/902/902 998/998/998 999/999/999
f 902/902/902 999/999/999 903/903/903
f 903/903/903 999/999/999 1000/1000/1000
f 903/903/903 1000/1000/1000 904/904/904
f 904/904/904 1000/1000/1000 1001/1001/1001
f 904/904/904 1001/1001/1001 905/905/905
f 905/905/905 1001/1001/1001 1002/1002/1002
f 905/905/905 1002/1002/1002 906/906/906
f 906/906/906 1002/1002/1002 1003/1003/1003
f 906/906/906 1003/1003/1003 907/907/907
f 907/907/907 1003/1003/1003 1004/1004/1004
f 907/907/907 1004/1004/1004 908/908/908
f 908/908/908 1004/1004/1004 1005/1005/1005
f 908/908/908 1005/1005/1005 909/909/909
f 909/909/909 1005/1005/1005 1006/1006/1006
f 909/909/909 1006/1006/1006 910/910/910
f 910/910/910 1006/1006/1006 1007/1007/1007
f 910/910/910 1007/1007/1007 911/911/911
f 911/911/911 1007/1007/1007 1008/1008/1008
f 911/911/911 1008/1008/1008 912/912/912
f 912/912/912 1008/1008/1008 1009/1009/1009
f 912/912/912 1009/1009/1009 913/913/913
f 913/913/913 1009/1009/1009 1010/1010/1010
f 913/913/913 1010/1010/1010 914/914/914
f 914/914/914 1010/1010/1010 1011/1011/1011
f 914/914/914 1011/1011/1011 915/915/915
f 915/915/915 1011/1011/1011 1012/1012/1012
f 915/915/915 1012/1012/1012 916/916/916
f 916/916/916 1012/1012/1012 1013/1013/1013
f 916/916/916 1013/1013/1013 917/917/917
f 917/917/917 1013/1013/1013 1014/1014/1014
f 917/917/917 1014/1014/1014 918/918/918
f 918/918/918 1014/1014/1014 1015/1015/1015
f 918/918/918 1015/1015/1015 919/919/919
f 919/919/919 1015/1015/1015 1016/1016/1016
f 919/919/919 1016/1016/1016 920/920/920
f 920/920/920 1016/1016/1016 1017/1017/1017
f 920/920/920 1017/1017/1017 921/921/921
f 921/921/921 1017/1017/1017 1018/1018/1018
f 921/921/921 1018/1018/1018 922/922/922
f 922/922/922 1018/1018/1018 1019/1019/1019
f 922/922/922 1019/1019/1019 923/923/923
f 923/923/923 1019/1019/1019 1020/1020/1020
f 923/923/923 1020/1020/1020 924/924/924
f 924/924/924 1020/1020/1020 1021/1021/1021
f 924/924/924 1021/1021/1021 925/925/925
f 925/925/925 1021/1021/1021 1022/1022/1022
f 925/925/925 1022/1022/1022 926/926/926
f 926/926/926 1022/1022/1022 1023/1023/1023
f 926/926/926 1023/1023/1023 927/927/927
f 927/927/927 1023/1023/1023 1024/1024/1024
f 927/927/927 1024/1024/1024 928/928/928
f 928/928/928 1024/1024/1024 1025/1025/1025
f 928/928/928 1025/1025/1025 929/929/929
f 929/929/929 1025/1025/1025 1026/1026/1026
f 929/929/929 1026/1026/1026 930/930/930
f 930/930/930 1026/1026/1026 1027/1027/1027
f 930/930/930 1027/1027/1027 931/931/931
f 931/931/931 1027/1027/1027 1028/1028/1028
f 931/931/931 1028/1028/1028 932/932/932
f 932/932/932 1028/1028/1028 1029/1029/1029
f 932/932/932 1029/1029/1029 933/933/933
f 933/933/933 1029/1029/1029 1030/1030/1030
f 933/933/933 1030/1030/1030 934/934/934
f 934/934/934 1030/1030/1030 1031/1031/1031
f 934/934/934 1031/1031/1031 935/935/935
f 935/935/935 1031/1031/1031 1032/1032/1032
f 935/935/935 1032/1032/1032 936/936/936
f 936/936/936 1032/1032/1032 1033/1033/1033
f 936/936/936 1033/1033/1033 937/937/937
f 937/937/937 1033/1033/1033 1034/1034/1034
f 937/937/937 1034/1034/1034 938/938/938
f 938/938/938 1034/1034/1034 1035/1035/1035
f 938/938/938 1035/1035/1035 939/939/939
f 939/939/939 1035/1035/1035 1036/1036/1036
f 939/939/939 1036/1036/1036 940/940/940
f 940/940/940 1036/1036/1036 1037/1037/1037
f 940/940/940 1037/1037/1037 941/941/941
f 941/941/941 1037/1037/1037 1038/1038/1038
f 941/941/941 1038/1038/1038 942/942/942
f 942/942/942 1038/1038/1038 1039/1039/1039
f 942/942/942 1039/1039/1039 943/943/943
f 943/943/943 1039/1039/1039 1040/1040/1040
f 943/943/943 1040/1040/1040 944/944/944
f 944/944/944 1040/1040/1040 1041/1041/1041
f 944/944/944 1041/1041/1041 945/945/945
f 945/945/945 1041/1041/1041 1042/1042/1042
f 945/945/945 1042/1042/1042 946/946/946
f 946/946/946 1042/1042/1042 1043/1043/1043
f 946/946/946 1043/1043/1043 947/947/947
f 947/947/947 1043/1043/1043 1044/1044/1044
f 947/947/947 1044/1044/1044 948/948/948
f 948/948/948 1044/1044/1044 1045/1045/1045
f 948/948/948 1045/1045/1045 949/949/949
f 949/949/949 1045/1045/1045 1046/1046/1046
f 949/949/949 1046/1046/1046 950/950/950
f 950/950/950 1046/1046/1046 1047/1047/1047
f 950/950/950 1047/1047/1047 951/951/951
f 951/951/951 1047/1047/1047 1048/1048/1048
f 951/951/951 1048/1048/1048 952/952/952
f 952/952/952 1048/1048/1048 1049/1049/1049
f 952/952/952 1049/1049/1049 953/953/953
f 953/953/953 1049/1049/1049 1050/1050/1050
f 953/953/953 1050/1050/1050 954/954/954
f 954/954/954 1050/1050/1050 1051/1051/1051
f 954/954/954 1051/1051/1051 955/955/955
f 955/955/955 1051/1051/1051 1052/1052/1052
f 955/955/955 1052/1052/1052 956/956/956
f 956/956/956 1052/1052/1052 1053/1053/1053
f 956/956/956 1053/1053/1053 957/957/957
f 957/957/957 1053/1053/1053 958/958/958
f 957/957/957 958/958/958 862/862/862
f 958/958/958 1054/1054/1054 1055/1055/1055
f 958/958/958 1055/1055/1055 959/959/959
f 959/959/959 1055/1055/1055 1056/1056/1056
f 959/959/959 1056/1056/1056 960/960/960
f 960/960/960 1056/1056/1056 1057/1057/1057
f 960/960/960 1057/1057/1057 961/961/961
f 961/961/961 1057/1057/1057 1058/1058/1058
f 961/961/961 1058/1058/1058 962/962/962
f 962/962/962 1058/1058/1058 1059/1059/1059
f 962/962/962 1059/1059/1059 963/963/963
f 963/963/963 1059/1059/1059 1060/1060/1060
f 963/963/963 1060/1060/1060 964/964/964
f 964/964/964 1060/1060/1060 1061/1061/1061
f 964/964/964 1061/1061/1061 965/965/965
f 965/965/965 1061/1061/1061 1062/1062/1062
f 965/965/965 1062/1062/1062 966/966/966
f 966/966/966 1062/1062/1062 1063/1063/1063
f 966/966/966 1063/1063/1063 967/967/967
f 967/967/967 1063/1063/1063 1064/1064/1064
f 967/967/967 1064/1064/1064 968/968/968
f 968/968/968 1064/1064/1064 1065/1065/1065
f 968/968/968 1065/1065/1065 969/969/969
f 969/969/969 1065/1065/1065 1066/1066/1066
f 969/969/969 1066/1066/1066 970/970/970
f 970/970/970 1066/1066/1066 1067/1067/1067
f 970/970/970 1067/1067/1067 971/971/971
f 971/971/971 1067/1067/1067 1068/1068/1068
f 971/971/971 1068/1068/1068 972/972/972
f 972/972/972 1068/1068/1068 1069/1069/1069
f 972/972/972 1069/1069/1069 973/973/973
f 973/973/973 1069/1069/1069 1070/1070/1070
f 973/973/973 1070/1070/1070 974/974/974
f 974/974/974 1070/1070/1070 1071/1071/1071
f 974/974/974 1071/1071/1071 975/975/975
f 975/975/975 1071/1071/1071 1072/1072/1072
f 975/975/975 1072/1072/1072 976/976/976
f 976/976/976 1072/1072/1072 1073/1073/1073
f 976/976/976 1073/1073/1073 977/977/977
f 977/977/977 1073/1073/1073 1074/1074/1074
f 977/977/977 1074/1074/1074 978/978/978
f 978/978/978 1074/1074/1074 1075/1075/1075
f 978/978/978 1075/1075/1075 979/979/979
f 979/979/979 1075/1075/1075 1076/1076/1076
f 979/979/979 1076/1076/1076 980/980/980
f 980/980/980 1076/1076/1076 1077/1077/1077
f 980/980/980 1077/1077/1077 981/981/981
f 981/981/981 1077/1077/1077 1078/1078/1078
f 981/981/981 1078/1078/1078 982/982/982
f 982/982/982 1078/1078/1078 1079/1079/1079
f 982/982/982 1079/1079/1079 983/983/983
f 983/983/983 1079/1079/1079 1080/1080/1080
f 983/983/983 1080/1080/1080 984/984/984
f 984/984/984 1080/1080/1080 1081/1081/1081
f 984/984/984 1081/1081/1081 985/985/985
f 985/985/985 1081/1081/1081 1082/1082/1082
f 985/985/985 1082/1082/1082 986/986/986
f 986/986/986 1082/1082/1082 1083/1083/1083
f 986/986/986 1083/1083/1083 987/987/987
f 987/987/987 1083/1083/1083 1084/1084/1084
f 987/987/987 1084/1084/1084 988/988/988
f 988/988/988 1084/1084/1084 1085/1085/1085
f 988/988/988 1085/1085/1085 989/989/989
f 989/989/989 1085/1085/1085 1086/1086/1086
f 989/989/989 1086/1086/1086 990/990/990
f 990/990/990 1086/1086/1086 1087/1087/1087
f 990/990/990 1087/1087/1087 991/991/991
f 991/991/991 1087/1087/1087 1088/1088/1088
f 991/991/991 1088/1088/1088 992/992/992
f 992/992/992 1088/1088/1088 1089/1089/1089
f 992/992/992 1089/1089/1089 993/993/993
f 993/993/993 1089/1089/1089 1090/1090/1090
f 993/993/993 1090/1090/1090 994/994/994
f 994/994/994 1090/1090/1090 1091/1091/1091
f 994/994/994 1091/1091/1091 995/995/995
f 995/995/995 1091/1091/1091 1092/1092/1092
f 995/995/995 1092/1092/1092 996/996/996
f 996/996/996 1092/1092/1092 1093/1093/1093
f 996/996/996 1093/1093/1093 997/997/997
f 997/997/997 1093/1093/1093 1094/1094/1094
f 997/997/997 1094/1094/1094 998/998/998
f 998/998/998 1094/1094/1094 1095/1095/1095
f 998/998/998 1095/1095/1095 999/999/999
f 999/999/999 1095/1095/1095 1096/1096/1096
f 999/999/999 1096/1096/1096 1000/1000/1000
f 1000/1000/1000 1096/1096/1096 1097/1097/1097
f 1000/1000/1000 1097/1097/1097 1001/1001/1001
f 1001/1001/1001 1097/1097/1097 1098/1098/1098
f 1001/1001/1001 1098/1098/1098 1002/1002/1002
f 1002/1002/1002 1098/1098/1098 1099/1099/1099
f 1002/1002/1002 1099/1099/1099 1003/1003/1003
f 1003/1003/1003 1099/1099/1099 1100/1100/1100
f 1003/1003/1003 1100/1100/1100 1004/1004/1004
f 1004/1004/1004 1100/1100/1100 1101/1101/1101
f 1004/1004/1004 1101/1101/1101 1005/1005/1005
f 1005/1005/1005 1101/1101/1101 1102/1102/1102
f 1005/1005/1005 1102/1102/1102 1006/1006/1006
f 1006/1006/1006 1102/1102/1102 1103/1103/1103
f 1006/1006/1006 1103/1103/1103 1007/1007/1007
f 1007/1007/1007 1103/1103/1103 1104/1104/1104
f 1007/1007/1007 1104/1104/1104 1008/1008/1008
f 1008/1008/1008 1104/1104/1104 1105/1105/1105
f 1008/1008/1008 1105/1105/1105 1009/1009/1009
f 1009/1009/1009 1105/1105/1105 1106/1106/1106
f 1009/1009/1009 1106/1106/1106 1010/1010/1010
f 1010/1010/1010 1106/1106/1106 1107/1107/1107
f 1010/1010/1010 1107/1107/1107 1011/1011/1011
f 1011/1011/1011 1107/1107/1107 1108/1108/1108
f 1011/1011/1011 1108/1108/1108 1012/1012/1012
f 1012/1012/1012 1108/1108/1108 1109/1109/1109
f 1012/1012/1012 1109/1109/1109 1013/1013/1013
f 1013/1013/1013 1109/1109/1109 1110/1110/1110
f 1013/1013/1013 1110/1110/1110 1014/1014/1014
f 1014/1014/1014 1110/1110/1110 1111/1111/1111
f 1014/1014/1014 1111/1111/1111 1015/1015/1015
f 1015/1015/1015 1111/1111/1111 1112/1112/1112
f 1015/1015/1015 1112/1112/1112 1016/1016/1016
f 1016/1016/1016 1112/1112/1112 1113/1113/1113
f 1016/1016/1016 1113/1113/1113 1017/1017/1017
f 1017/1017/1017 1113/1113/1113 1114/1114/1114
f 1017/1017/1017 1114/1114/1114 1018/1018/1018
f 1018/1018/1018 1114/1114/1114 1115/1115/1115
f 1018/1018/1018 1115/1115/1115 1019/1019/1019
f 1019/1019/1019 1115/1115/1115 1116/1116/1116
f 1019/1019/1019 1116/1116/1116 1020/1020/1020
f 1020/1020/1020 1116/1116/1116 1117/1117/1117
f 1020/1020/1020 1117/1117/1117 1021/1021/1021
f 1021/1021/1021 1117/1117/1117 1118/1118/1118
f 1021/1021/1021 1118/1118/1118 1022/1022/1022
f 1022/1022/1022 1118/1118/1118 1119/1119/1119
f 1022/1022/1022 1119/1119/1119 1023/1023/1023
f 1023/1023/1023 1119/1119/1119 1120/1120/1120
f 1023/1023/1023 1120/1120/1120 1024/1024/1024
f 1024/1024/1024 1120/1120/1120 1121/1121/1121
f 1024/1024/1024 1121/1121/1121 1025/1025/1025
f 1025/1025/1025 1121/1121/1121 1122/1122/1122
f 1025/1025/1025 1122/1122/1122 1026/1026/1026
f 1026/1026/1026 1122/1122/1122 1123/1123/1123
f 1026/1026/1026 1123/1123/1123 1027/1027/1027
f 1027/1027/1027 1123/1123/1123 1124/1124/1124
f 1027/1027/1027 1124/1124/1124 1028/1028/1028
f 1028/1028/1028 1124/1124/1124 1125/1125/1125
f 1028/1028/1028 1125/1125/1125 1029/1029/1029
f 1029/1029/1029 1125/1125/1125 1126/1126/1126
f 1029/1029/1029 1126/1126/1126 1030/1030/1030
f 1030/1030/1030 1126/1126/1126 1127/1127/1127
f 1030/1030/1030 1127/1127/1127 1031/1031/1031
f 1031/1031/1031 1127/1127/1127 1128/1128/1128
f 1031/1031/1031 1128/1128/1128 1032/1032/1032
f 1032/1032/1032 1128/1128/1128 1129/1129/1129
f 1032/1032/1032 1129/1129/1129 1033/1033/1033
f 1033/1033/1033 1129/1129/1129 1130/1130/1130
f 1033/1033/1033 1130/1130/1130 1034/1034/1034
f 1034/1034/1034 1130/1130/1130 1131/1131/1131
f 1034/1034/1034 1131/1131/1131 1035/1035/1035
f 1035/1035/1035 1131/1131/1131 1132/1132/1132
f 1035/1035/1035 1132/1132/1132 1036/1036/1036
f 1036/1036/1036 1132/1132/1132 1133/1133/1133
f 1036/1036/1036 1133/1133/1133 1037/1037/1037
f 1037/1037/1037 1133/1133/1133 1134/1134/1134
f 1037/1037/1037 1134/1134/1134 1038/1038/1038
f 1038/1038/1038 1134/1134/1134 1135/1135/1135
f 1038/1038/1038 1135/1135/1135 1039/1039/1039
f 1039/1039/1039 1135/1135/1135 1136/1136/1136
f 1039/1039/1039 1136/1136/1136 1040/1040/1040
f 1040/1040/1040 1136/1136/1136 1137/1137/1137
f 1040/1040/1040 1137/1137/1137 1041/1041/1041
f 1041/1041/1041 1137/1137/1137 1138/1138/1138
f 1041/1041/1041 1138/1138/1138 1042/1042/1042
f 1042/1042/1042 1138/1138/1138 1139/1139/1139
f 1042/1042/1042 1139/1139/1139 1043/1043/1043
f 1043/1043/1043 1139/1139/1139 1140/1140/1140
f 1043/1043/1043 1140/1140/1140 1044/1044/1044
f 1044/1044/1044 1140/1140/1140 1141/1141/1141
f 1044/1044/1044 1141/1141/1141 1045/1045/1045
f 1045/1045/1045 1141/1141/1141 1142/1142/1142
f 1045/1045/1045 1142/1142/1142 1046/1046/1046
f 1046/1046/1046 1142/1142/1142 1143/1143/1143
f 1046/1046/1046 1143/1143/1143 1047/1047/1047
f 1047/1047/1047 1143/1143/1143 1144/1144/1144
f 1047/1047/1047 1144/1144/1144 1048/1048/1048
f 1048/1048/1048 1144/1144/1144 1145/1145/1145
f 1048/1048/1048 1145/1145/1145 1049/1049/1049
f 1049/1049/1049 1145/1145/1145 1146/1146/1146
f 1049/1049/1049 1146/1146/1146 1050/1050/1050
f 1050/1050/1050 1146/1146/1146 1147/1147/1147
f 1050/1050/1050 1147/1147/1147 1051/1051/1051
f 1051/1051/1051 1147/1147/1147 1148/1148/1148
f 1051/1051/1051 1148/1148/1148 1052/1052/1052
f 1052/1052/1052 1148/1148/1148 1149/1149/1149
f 1052/1052/1052 1149/1149/1149 1053/1053/1053
f 1053/1053/1053 1149/1149/1149 1054/1054/1054
f 1053/1053/1053 1054/1054/1054 958/958/958
f 1054/1054/1054 1150/1150/1150 1151/1151/1151
f 1054/1054/1054 1151/1151/1151 1055/1055/1055
f 1055/1055/1055 1151/1151/1151 1152/1152/1152
f 1055/1055/1055 1152/1152/1152 1056/1056/1056
f 1056/1056/1056 1152/1152/1152 1153/1153/1153
f 1056/1056/1056 1153/1153/1153 1057/1057/1057
f 1057/1057/1057 1153/1153/1153 1154/1154/1154
f 1057/1057/1057 1154/1154/1154 1058/1058/1058
f 1058/1058/1058 1154/1154/1154 1155/1155/1155
f 1058/1058/1058 1155/1155/1155 1059/1059/1059
f 1059/1059/1059 1155/1155/1155 1156/1156/1156
f 1059/1059/1059 1156/1156/1156 1060/1060/1060
f 1060/1060/1060 1156/1156/1156 1157/1157/1157
f 1060/1060/1060 1157/1157/1157 1061/1061/1061
f 1061/1061/1061 1157/1157/1157 1158/1158/1158
f 1061/1061/1061 1158/1158/1158 1062/1062/1062
f 1062/1062/1062 1158/1158/1158 1159/1159/1159
f 1062/1062/1062 1159/1159/1159 1063/1063/1063
f 1063/1063/1063 1159/1159/1159 1160/1160/1160
f 1063/1063/1063 1160/1160/1160 1064/1064/1064
f 1064/1064/1064 1160/1160/1160 1161/1161/1161
f 1064/1064/1064 1161/1161/1161 1065/1065/1065
f 1065/1065/1065 1161/1161/1161 1162/1162/1162
f 1065/1065/1065 1162/1162/1162 1066/1066/1066
f 1066/1066/1066 1162/1162/1162 1163/1163/1163
f 1066/1066/1066 1163/1163/1163 1067/1067/1067
f 1067/1067/1067 1163/1163/1163 1164/1164/1164
f 1067/1067/1067 1164/1164/1164 1068/1068/1068
f 1068/1068/1068 1164/1164/1164 1165/1165/1165
f 1068/1068/1068 1165/1165/1165 1069/1069/1069
f 1069/1069/1069 1165/1165/1165 1166/1166/1166
f 1069/1069/1069 1166/1166/1166 1070/1070/1070
f 1070/1070/1070 1166/1166/1166 1167/1167/1167
f 1070/1070/1070 1167/1167/1167 1071/1071/1071
f 1071/1071/1071 1167/1167/1167 1168/1168/1168
f 1071/1071/1071 1168/1168/1168 1072/1072/1072
f 1072/1072/1072 1168/1168/1168 1169/1169/1169
f 1072/1072/1072 1169/1169/1169 1073/1073/1073
f 1073/1073/1073 1169/1169/1169 1170/1170/1170
f 1073/1073/1073 1170/1170/1170 1074/1074/1074
f 1074/1074/1074 1170/1170/1170 1171/1171/1171
f 1074/1074/1074 1171/1171/1171 1075/1075/1075
f 1075/1075/1075 1171/1171/1171 1172/1172/1172
f 1075/1075/1075 1172/1172/1172 1076/1076/1076
f 1076/1076/1076 1172/1172/1172 1173/1173/1173
f 1076/1076/1076 1173/1173/1173 1077/1077/1077
f 1077/1077/1077 1173/1173/1173 1174/1174/1174
f 1077/1077/1077 1174/1174/1174 1078/1078/1078
f 1078/1078/1078 1174/1174/1174 1175/1175/1175
f 1078/1078/1078 1175/1175/1175 1079/1079/1079
f 1079/1079/1079 1175/1175/1175 1176/1176/1176
f 1079/1079/1079 1176/1176/1176 1080/1080/1080
f 1080/1080/1080 1176/1176/1176 1177/1177/1177
f 1080/1080/1080 1177/1177/1177 1081/1081/1081
f 1081/1081/1081 1177/1177/1177 1178/1178/1178
f 1081/1081/1081 1178/1178/1178 1082/1082/1082
f 1082/1082/1082 1178/1178/1178 1179/1179/1179
f 1082/1082/1082 1179/1179/1179 1083/1083/1083
f 1083/1083/1083 1179/1179/1179 1180/1180/1180
f 1083/1083/1083 1180/1180/1180 1084/1084/1084
f 1084/1084/1084 1180/1180/1180 1181/1181/1181
f 1084/1084/1084 1181/1181/1181 1085/1085/1085
f 1085/1085/1085 1181/1181/1181 1182/1182/1182
f 1085/1085/1085 1182/1182/1182 1086/1086/1086
f 1086/1086/1086 1182/1182/1182 1183/1183/1183
f 1086/1086/1086 1183/1183/1183 1087/1087/1087
f 1087/1087/1087 1183/1183/1183 1184/1184/1184
f 1087/1087/1087 1184/1184/1184 1088/1088/1088
f 1088/1088/1088 1184/1184/1184 1185/1185/1185
f 1088/1088/1088 1185/1185/1185 1089/1089/1089
f 1089/1089/1089 1185/1185/1185 1186/1186/1186
f 1089/1089/1089 1186/1186/1186 1090/1090/1090
f 1090/1090/1090 1186/1186/1186 1187/1187/1187
f 1090/1090/1090 1187/1187/1187 1091/1091/1091
f 1091/1091/1091 1187/1187/1187 1188/1188/1188
f 1091/1091/1091 1188/1188/1188 1092/1092/1092
f 1092/1092/1092 1188/1188/1188 1189/1189/1189
f 1092/1092/1092 1189/1189/1189 1093/1093/1093
f 1093/1093/1093 1189/1189/1189 1190/1190/1190
f 1093/1093/1093 1190/1190/1190 1094/1094/1094
f 1094/1094/1094 1190/1190/1190 1191/1191/1191
f 1094/1094/1094 1191/1191/1191 1095/1095/1095
f 1095/1095/1095 1191/1191/1191 1192/1192/1192
f 1095/1095/1095 1192/1192/1192 1096/1096/1096
f 1096/1096/1096 1192/1192/1192 1193/1193/1193
f 1096/1096/1096 1193/1193/1193 1097/1097/1097
f 1097/1097/1097 1193/1193/1193 1194/1194/1194
f 1097/1097/1097 1194/1194/1194 1098/1098/1098
f 1098/1098/1098 1194/1194/1194 1195/1195/1195
f 1098/1098/1098 1195/1195/1195 1099/1099/1099
f 1099/1099/1099 1195/1195/1195 1196/1196/1196
f 1099/1099/1099 1196/1196/1196 1100/1100/1100
f 1100/1100/1100 1196/1196/1196 1197/1197/1197
f 1100/1100/1100 1197/1197/1197 1101/1101/1101
f 1101/1101/1101 1197/1197/1197 1198/1198/1198
f 1101/1101/1101 1198/1198/1198 1102/1102/1102
f 1102/1102/1102 1198/1198/1198 1199/1199/1199
f 1102/1102/1102 1199/1199/1199 1103/1103/1103
f 1103/1103/1103 1199/1199/1199 1200/1200/1200
f 1103/1103/1103 1200/1200/1200 1104/1104/1104
f 1104/1104/1104 1200/1200/1200 1201/1201/1201
f 1104/1104/1104 1201/1201/1201 1105/1105/1105
f 1105/1105/1105 1201/1201/1201 1202/1202/1202
f 1105/1105/1105 1202/1202/1202 1106/1106/1106
f 1106/1106/1106 1202/1202/1202 1203/1203/1203
f 1106/1106/1106 1203/1203/1203 1107/1107/1107
f 1107/1107/1107 1203/1203/1203 1204/1204/1204
f 1107/1107/1107 1204/1204/1204 1108/1108/1108
f 1108/1108/1108 1204/1204/1204 1205/1205/1205
f 1108/1108/1108 1205/1205/1205 1109/1109/1109
f 1109/1109/1109 1205/1205/1205 1206/1206/1206
f 1109/1109/1109 1206/1206/1206 1110/1110/1110
f 1110/1110/1110 1206/1206/1206 1207/1207/1207
f 1110/1110/1110 1207/1207/1207 1111/1111/1111
f 1111/1111/1111 1207/1207/1207 1208/1208/1208
f 1111/1111/1111 1208/1208/1208 1112/1112/1112
f 1112/1112/1112 1208/1208/1208 1209/1209/1209
f 1112/1112/1112 1209/1209/1209 1113/1113/1113
f 1113/1113/1113 1209/1209/1209 1210/1210/1210
f 1113/1113/1113 1210/1210/1210 1114/1114/1114
f 1114/1114/1114 1210/1210/1210 1211/1211/1211
f 1114/1114/1114 1211/1211/1211 1115/1115/1115
f 1115/1115/1115 1211/1211/1211 1212/1212/1212
f 1115/1115/1115 1212/1212/1212 1116/1116/1116
f 1116/1116/1116 1212/1212/1212 1213/1213/1213
f 1116/1116/1116 1213/1213/1213 1117/1117/1117
f 1117/1117/1117 1213/1213/1213 1214/1214/1214
f 1117/1117/1117 1214/1214/1214 1118/1118/1118
f 1118/1118/1118 1214/1214/1214 1215/1215/1215
f 1118/1118/1118 1215/1215/1215 1119/1119/1119
f 1119/1119/1119 1215/1215/1215 1216/1216/1216
f 1119/1119/1119 1216/1216/1216 1120/1120/1120
f 1120/1120/1120 1216/1216/1216 1217/1217/1217
f 1120/1120/1120 1217/1217/1217 1121/1121/1121
f 1121/1121/1121 1217/1217/1217 1218/1218/1218
f 1121/1121/1121 1218/1218/1218 1122/1122/1122
f 1122/1122/1122 1218/1218/1218 1219/1219/1219
f 1122/1122/1122 1219/1219/1219 1123/1123/1123
f 1123/1123/1123 1219/1219/1219 1220/1220/1220
f 1123/1123/1123 1220/1220/1220 1124/1124/1124
f 1124/1124/1124 1220/1220/1220 1221/1221/1221
f 1124/1124/1124 1221/1221/1221 1125/1125/1125
f 1125/1125/1125 1221/1221/1221 1222/1222/1222
f 1125/1125/1125 1222/1222/1222 1126/1126/1126
f 1126/1126/1126 1222/1222/1222 1223/1223/1223
f 1126/1126/1126 1223/1223/1223 1127/1127/1127
f 1127/1127/1127 1223/1223/1223 1224/1224/1224
f 1127/1127/1127 1224/1224/1224 1128/1128/1128
f 1128/1128/1128 1224/1224/1224 1225/1225/1225
f 1128/1128/1128 1225/1225/1225 1129/1129/1129
f 1129/1129/1129 1225/1225/1225 1226/1226/1226
f 1129/1129/1129 1226/1226/1226 1130/1130/1130
f 1130/1130/1130 1226/1226/1226 1227/1227/1227
f 1130/1130/1130 1227/1227/1227 1131/1131/1131
f 1131/1131/1131 1227/1227/1227 1228/1228/1228
f 1131/1131/1131 1228/1228/1228 1132/1132/1132
f 1132/1132/1132 1228/1228/1228 1229/1229/1229
f 1132/1132/1132 1229/1229/1229 1133/1133/1133
f 1133/1133/1133 1229/1229/1229 1230/1230/1230
f 1133/1133/1133 1230/1230/1230 1134/1134/1134
f 1134/1134/1134 1230/1230/1230 1231/1231/1231
f 1134/1134/1134 1231/1231/1231 1135/1135/1135
f 1135/1135/1135 1231/1231/1231 1232/1232/1232
f 1135/1135/1135 1232/1232/1232 1136/1136/1136
f 1136/1136/1136 1232/1232/1232 1233/1233/1233
f 1136/1136/1136 1233/1233/1233 1137/1137/1137
f 1137/1137/1137 1233/1233/1233 1234/1234/1234
f 1137/1137/1137 1234/1234/1234 1138/1138/1138
f 1138/1138/1138 1234/1234/1234 1235/1235/1235
f 1138/1138/1138 1235/1235/1235 1139/1139/1139
f 1139/1139/1139 1235/1235/1235 1236/1236/1236
f 1139/1139/1139 1236/1236/1236 1140/1140/1140
f 1140/1140/1140 1236/1236/1236 1237/1237/1237
f 1140/1140/1140 1237/1237/1237 1141/1141/1141
f 1141/1141/1141 1237/1237/1237 1238/1238/1238
f 1141/1141/1141 1238/1238/1238 1142/1142/1142
f 1142/1142/1142 1238/1238/1238 1239/1239/1239
f 1142/1142/1142 1239/1239/1239 1143/1143/1143
f 1143/1143/1143 1239/1239/1239 1240/1240/1240
f 1143/1143/1143 1240/1240/1240 1144/1144/1144
f 1144/1144/1144 1240/1240/1240 1241/1241/1241
f 1144/1144/1144 1241/1241/1241 1145/1145/1145
f 1145/1145/1145 1241/1241/1241 1242/1242/1242
f 1145/1145/1145 1242/1242/1242 1146/1146/1146
f 1146/1146/1146 1242/1242/1242 1243/1243/1243
f 1146/1146/1146 1243/1243/1243 1147/1147/1147
f 1147/1147/1147 1243/1243/1243 1244/1244/1244
f 1147/1147/1147 1244/1244/1244 1148/1148/1148
f 1148/1148/1148 1244/1244/1244 1245/1245/1245
f 1148/1148/1148 1245/1245/1245 1149/1149/1149
f 1149/1149/1149 1245/1245/1245 1150/1150/1150
f 1149/1149/1149 1150/1150/1150 1054/1054/1054
f 1150/1150/1150 1246/1246/1246 1247/1247/1247
f 1150/1150/1150 1247/1247/1247 1151/1151/1151
f 1151/1151/1151 1247/1247/1247 1248/1248/1248
f 1151/1151/1151 1248/1248/1248 1152/1152/1152
f 1152/1152/1152 1248/1248/1248 1249/1249/1249
f 1152/1152/1152 1249/1249/1249 1153/1153/1153
f 1153/1153/1153 1249/1249/1249 1250/1250/1250
f 1153/1153/1153 1250/1250/1250 1154/1154/1154
f 1154/1154/1154 1250/1250/1250 1251/1251/1251
f 1154/1154/1154 1251/1251/1251 1155/1155/1155
f 1155/1155/1155 1251/1251/1251 1252/1252/1252
f 1155/1155/1155 1252/1252/1252 1156/1156/1156
f 1156/1156/1156 1252/1252/1252 1253/1253/1253
f 1156/1156/1156 1253/1253/1253 1157/1157/1157
f 1157/1157/1157 1253/1253/1253 1254/1254/1254
f 1157/1157/1157 1254/1254/1254 1158/1158/1158
f 1158/1158/1158 1254/1254/1254 1255/1255/1255
f 1158/1158/1158 1255/1255/1255 1159/1159/1159
f 1159/1159/1159 1255/1255/1255 1256/1256/1256
f 1159/1159/1159 1256/1256/1256 1160/1160/1160
f 1160/1160/1160 1256/1256/1256 1257/1257/1257
f 1160/1160/1160 1257/1257/1257 1161/1161/1161
f 1161/1161/1161 1257/1257/1257 1258/1258/1258
f 1161/1161/1161 1258/1258/1258 1162/1162/1162
f 1162/1162/1162 1258/1258/1258 1259/1259/1259
f 1162/1162/1162 1259/1259/1259 1163/1163/1163
f 1163/1163/1163 1259/1259/1259 1260/1260/1260
f 1163/1163/1163 1260/1260/1260 1164/1164/1164
f 1164/1164/1164 1260/1260/1260 1261/1261/1261
f 1164/1164/1164 1261/1261/1261 1165/1165/1165
f 1165/1165/1165 1261/1261/1261 1262/1262/1262
f 1165/1165/1165 1262/1262/1262 1166/1166/1166
f 1166/1166/1166 1262/1262/1262 1263/1263/1263
f 1166/1166/1166 1263/1263/1263 1167/1167/1167
f 1167/1167/1167 1263/1263/1263 1264/1264/1264
f 1167/1167/1167 1264/1264/1264 1168/1168/1168
f 1168/1168/1168 1264/1264/1264 1265/1265/1265
f 1168/1168/1168 1265/1265/1265 1169/1169/1169
f 1169/1169/1169 1265/1265/1265 1266/1266/1266
f 1169/1169/1169 1266/1266/1266 1170/1170/1170
f 1170/1170/1170 1266/1266/1266 1267/1267/1267
f 1170/1170/1170 1267/1267/1267 1171/1171/1171
f 1171/1171/1171 1267/1267/1267 1268/1268/1268
f 1171/1171/1171 1268/1268/1268 1172/1172/1172
f 1172/1172/1172 1268/1268/1268 1269/1269/1269
f 1172/1172/1172 1269/1269/1269 1173/1173/1173
f 1173/1173/1173 1269/1269/1269 1270/1270/1270
f 1173/1173/1173 1270/1270/1270 1174/1174/1174
f 1174/1174/1174 1270/1270/1270 1271/1271/1271
f 1174/1174/1174 1271/1271/1271 1175/1175/1175
f 1175/1175/1175 1271/1271/1271 1272/1272/1272
f 1175/1175/1175 1272/1272/1272 1176/1176/1176
f 1176/1176/1176 1272/1272/1272 1273/1273/1273
f 1176/1176/1176 1273/1273/1273 1177/1177/1177
f 1177/1177/1177 1273/1273/1273 1274/1274/1274
f 1177/1177/1177 1274/1274/1274 1178/1178/1178
f 1178/1178/1178 1274/1274/1274 1275/1275/1275
f 1178/1178/1178 1275/1275/1275 1179/1179/1179
f 1179/1179/1179 1275/1275/1275 1276/1276/1276
f 1179/1179/1179 1276/1276/1276 1180/1180/1180
f 1180/1180/1180 1276/1276/1276 1277/1277/1277
f 1180/1180/1180 1277/1277/1277 1181/1181/1181
f 1181/1181/1181 1277/1277/1277 1278/1278/1278
f 1181/1181/1181 1278/1278/1278 1182/1182/1182
f 1182/1182/1182 1278/1278/1278 1279/1279/1279
f 1182/1182/1182 1279/1279/1279 1183/1183/1183
f 1183/1183/1183 1279/1279/1279 1280/1280/1280
f 1183/1183/1183 1280/1280/1280 1184/1184/1184
f 1184/1184/1184 1280/1280/1280 1281/1281/1281
f 1184/1184/1184 1281/1281/1281 1185/1185/1185
f 1185/1185/1185 1281/1281/1281 1282/1282/1282
f 1185/1185/1185 1282/1282/1282 1186/1186/1186
f 1186/1186/1186 1282/1282/1282 1283/1283/1283
f 1186/1186/1186 1283/1283/1283 1187/1187/1187
f 1187/1187/1187 1283/1283/1283 1284/1284/1284
f 1187/1187/1187 1284/1284/1284 1188/1188/1188
f 1188/1188/1188 1284/1284/1284 1285/1285/1285
f 1188/1188/1188 1285/1285/1285 1189/1189/1189
f 1189/1189/1189 1285/1285/1285 1286/1286/1286
f 1189/1189/1189 1286/1286/1286 1190/1190/1190
f 1190/1190/1190 1286/1286/1286 1287/1287/1287
f 1190/1190/1190 1287/1287/1287 1191/1191/1191
f 1191/1191/1191 1287/1287/1287 1288/1288/1288
f 1191/1191/1191 1288/1288/1288 1192/1192/1192
f 1192/1192/1192 1288/1288/1288 1289/1289/1289
f 1192/1192/1192 1289/1289/1289 1193/1193/1193
f 1193/1193/1193 1289/1289/1289 1290/1290/1290
f 1193/1193/1193 1290/1290/1290 1194/1194/1194
f 1194/1194/1194 1290/1290/1290 1291/1291/1291
f 1194/1194/1194 1291/1291/1291 1195/1195/1195
f 1195/1195/1195 1291/1291/1291 1292/1292/1292
f 1195/1195/1195 1292/1292/1292 1196/1196/1196
f 1196/1196/1196 1292/1292/1292 1293/1293/1293
f 1196/1196/1196 1293/1293/1293 1197/1197/1197
f 1197/1197/1197 1293/1293/1293 1294/1294/1294
f 1197/1197/1197 1294/1294/1294 1198/1198/1198
f 1198/1198/1198 1294/1294/1294 1295/1295/1295
f 1198/1198/1198 1295/1295/1295 1199/1199/1199
f 1199/1199/1199 1295/1295/1295 1296/1296/1296
f 1199/1199/1199 1296/1296/1296 1200/1200/1200
f 1200/1200/1200 1296/1296/1296 1297/1297/1297
f 1200/1200/1200 1297/1297/1297 1201/1201/1201
f 1201/1201/1201 1297/1297/1297 1298/1298/1298
f 1201/1201/1201 1298/1298/1298 1202/1202/1202
f 1202/1202/1202 1298/1298/1298 1299/1299/1299
f 1202/1202/1202 1299/1299/1299 1203/1203/1203
f 1203/1203/1203 1299/1299/1299 1300/1300/1300
f 1203/1203/1203 1300/1300/1300 1204/1204/1204
f 1204/1204/1204 1300/1300/1300 1301/1301/1301
f 1204/1204/1204 1301/1301/1301 1205/1205/1205
f 1205/1205/1205 1301/1301/1301 1302/1302/1302
f 1205/1205/1205 1302/1302/1302 1206/1206/1206
f 1206/1206/1206 1302/1302/1302 1303/1303/1303
f 1206/1206/1206 1303/1303/1303 1207/1207/1207
f 1207/1207/1207 1303/1303/1303 1304/1304/1304
f 1207/1207/1207 1304/1304/1304 1208/1208/1208
f 1208/1208/1208 1304/1304/1304 1305/1305/1305
f 1208/1208/1208 1305/1305/1305 1209/1209/1209
f 1209/1209/1209 1305/1305/1305 1306/1306/1306
f 1209/1209/1209 1306/1306/1306 1210/1210/1210
f 1210/1210/1210 1306/1306/1306 1307/1307/1307
f 1210/1210/1210 1307/1307/1307 1211/1211/1211
f 1211/1211/1211 1307/1307/1307 1308/1308/1308
f 1211/1211/1211 1308/1308/1308 1212/1212/1212
f 1212/1212/1212 1308/1308/1308 1309/1309/1309
f 1212/1212/1212 1309/1309/1309 1213/1213/1213
f 1213/1213/1213 1309/1309/1309 1310/1310/1310
f 1213/1213/1213 1310/1310/1310 1214/1214/1214
f 1214/1214/1214 1310/1310/1310 1311/1311/1311
f 1214/1214/1214 1311/1311/1311 1215/1215/1215
f 1215/1215/1215 1311/1311/1311 1312/1312/1312
f 1215/1215/1215 1312/1312/1312 1216/1216/1216
f 1216/1216/1216 1312/1312/1312 1313/1313/1313
f 1216/1216/1216 1313/1313/1313 1217/1217/1217
f 1217/1217/1217 1313/1313/1313 1314/1314/1314
f 1217/1217/1217 1314/1314/1314 1218/1218/1218
f 1218/1218/1218 1314/1314/1314 1315/1315/1315
f 1218/1218/1218 1315/1315/1315 1219/1219/1219
f 1219/1219/1219 1315/1315/1315 1316/1316/1316
f 1219/1219/1219 1316/1316/1316 1220/1220/1220
f 1220/1220/1220 1316/1316/1316 1317/1317/1317
f 1220/1220/1220 1317/1317/1317 1221/1221/1221
f 1221/1221/1221 1317/1317/1317 1318/1318/1318
f 1221/1221/1221 1318/1318/1318 1222/1222/1222
f 1222/1222/1222 1318/1318/1318 1319/1319/1319
f 1222/1222/1222 1319/1319/1319 1223/1223/1223
f 1223/1223/1223 1319/1319/1319 1320/1320/1320
f 1223/1223/1223 1320/1320/1320 1224/1224/1224
f 1224/1224/1224 1320/1320/1320 1321/1321/1321
f 1224/1224/1224 1321/1321/1321 1225/1225/1225
f 1225/1225/1225 1321/1321/1321 1322/1322/1322
f 1225/1225/1225 1322/1322/1322 1226/1226/1226
f 1226/1226/1226 1322/1322/1322 1323/1323/1323
f 1226/1226/1226 1323/1323/1323 1227/1227/1227
f 1227/1227/1227 1323/1323/1323 1324/1324/1324
f 1227/1227/1227 1324/1324/1324 1228/1228/1228
f 1228/1228/1228 1324/1324/1324 1325/1325/1325
f 1228/1228/1228 1325/1325/1325 1229/1229/1229
f 1229/1229/1229 1325/1325/1325 1326/1326/1326
f 1229/1229/1229 1326/1326/1326 1230/1230/1230
f 1230/1230/1230 1326/1326/1326 1327/1327/1327
f 1230/1230/1230 1327/1327/1327 1231/1231/1231
f 1231/1231/1231 1327/1327/1327 1328/1328/1328
f 1231/1231/1231 1328/1328/1328 1232/1232/1232
f 1232/1232/1232 1328/1328/1328 1329/1329/1329
f 1232/1232/1232 1329/1329/1329 1233/1233/1233
f 1233/1233/1233 1329/1329/1329 1330/1330/1330
f 1233/1233/1233 1330/1330/1330 1234/1234/1234
f 1234/1234/1234 1330/1330/1330 1331/1331/1331
f 1234/1234/1234 1331/1331/1331 1235/1235/1235
f 1235/1235/1235 1331/1331/1331 1332/1332/1332
f 1235/1235/1235 1332/1332/1332 1236/1236/1236
f 1236/1236/1236 1332/1332/1332 1333/1333/1333
f 1236/1236/1236 1333/1333/1333 1237/1237/1237
f 1237/1237/1237 1333/1333/1333 1334/1334/1334
f 1237/1237/1237 1334/1334/1334 1238/1238/1238
f 1238/1238/1238 1334/1334/1334 1335/1335/1335
f 1238/1238/1238 1335/1335/1335 1239/1239/1239
f 1239/1239/1239 1335/1335/1335 1336/1336/1336
f 1239/1239/1239 1336/1336/1336 1240/1240/1240
f 1240/1240/1240 1336/1336/1336 1337/1337/1337
f 1240/1240/1240 1337/1337/1337 1241/1241/1241
f 1241/1241/1241 1337/1337/1337 1338/1338/1338
f 1241/1241/1241 1338/1338/1338 1242/1242/1242
f 1242/1242/1242 1338/1338/1338 1339/1339/1339
f 1242/1242/1242 1339/1339/1339 1243/1243/1243
f 1243/1243/1243 1339/1339/1339 1340/1340/1340
f 1243/1243/1243 1340/1340/1340 1244/1244/1244
f 1244/1244/1244 1340/1340/1340 1341/1341/1341
f 1244/1244/1244 1341/1341/1341 1245/1245/1245
f 1245/1245/1245 1341/1341/1341 1246/1246/1246
f 1245/1245/1245 1246/1246/1246 1150/1150/1150
f 1246/1246/1246 1342/1342/1342 1343/1343/1343
f 1246/1246/1246 1343/1343/1343 1247/1247/1247
f 1247/1247/1247 1343/1343/1343 1344/1344/1344
f 1247/1247/1247 1344/1344/1344 1248/1248/1248
f 1248/1248/1248 1344/1344/1344 1345/1345/1345
f 1248/1248/1248 1345/1345/1345 1249/1249/1249
f 1249/1249/1249 1345/1345/1345 1346/1346/1346
f 1249/1249/1249 1346/1346/1346 1250/1250/1250
f 1250/1250/1250 1346/1346/1346 1347/1347/1347
f 1250/1250/1250 1347/1347/1347 1251/1251/1251
f 1251/1251/1251 1347/1347/1347 1348/1348/1348
f 1251/1251/1251 1348/1348/1348 1252/1252/1252
f 1252/1252/1252 1348/1348/1348 1349/1349/1349
f 1252/1252/1252 1349/1349/1349 1253/1253/1253
f 1253/1253/1253 1349/1349/1349 1350/1350/1350
f 1253/1253/1253 1350/1350/1350 1254/1254/1254
f 1254/1254/1254 1350/1350/1350 1351/1351/1351
f 1254/1254/1254 1351/1351/1351 1255/1255/1255
f 1255/1255/1255 1351/1351/1351 1352/1352/1352
f 1255/1255/1255 1352/1352/1352 1256/1256/1256
f 1256/1256/1256 1352/1352/1352 1353/1353/1353
f 1256/1256/1256 1353/1353/1353 1257/1257/1257
f 1257/1257/1257 1353/1353/1353 1354/1354/1354
f 1257/1257/1257 1354/1354/1354 1258/1258/1258
f 1258/1258/1258 1354/1354/1354 1355/1355/1355
f 1258/1258/1258 1355/1355/1355 1259/1259/1259
f 1259/1259/1259 1355/1355/1355 1356/1356/1356
f 1259/1259/1259 1356/1356/1356 1260/1260/1260
f 1260/1260/1260 1356/1356/1356 1357/1357/1357
f 1260/1260/1260 1357/1357/1357 1261/1261/1261
f 1261/1261/1261 1357/1357/1357 1358/1358/1358
f 1261/1261/1261 1358/1358/1358 1262/1262/1262
f 1262/1262/1262 1358/1358/1358 1359/1359/1359
f 1262/1262/1262 1359/1359/1359 1263/1263/1263
f 1263/1263/1263 1359/1359/1359 1360/1360/1360
f 1263/1263/1263 1360/1360/1360 1264/1264/1264
f 1264/1264/1264 1360/1360/1360 1361/1361/1361
f 1264/1264/1264 1361/1361/1361 1265/1265/1265
f 1265/1265/1265 1361/1361/1361 1362/1362/1362
f 1265/1265/1265 1362/1362/1362 1266/1266/1266
f 1266/1266/1266 1362/1362/1362 1363/1363/1363
f 1266/1266/1266 1363/1363/1363 1267/1267/1267
f 1267/1267/1267 1363/1363/1363 1364/1364/1364
f 1267/1267/1267 1364/1364/1364 1268/1268/1268
f 1268/1268/1268 1364/1364/1364 1365/1365/1365
f 1268/1268/1268 1365/1365/1365 1269/1269/1269
f 1269/1269/1269 1365/1365/1365 1366/1366/1366
f 1269/1269/1269 1366/1366/1366 1270/1270/1270
f 1270/1270/1270 1366/1366/1366 1367/1367/1367
f 1270/1270/1270 1367/1367/1367 1271/1271/1271
f 1271/1271/1271 1367/1367/1367 1368/1368/1368
f 1271/1271/1271 1368/1368/1368 1272/1272/1272
f 1272/1272/1272 1368/1368/1368 1369/1369/1369
f 1272/1272/1272 1369/1369/1369 1273/1273/1273
f 1273/1273/1273 1369/1369/1369 1370/1370/1370
f 1273/1273/1273 1370/1370/1370 1274/1274/1274
f 1274/1274/1274 1370/1370/1370 1371/1371/1371
f 1274/1274/1274 1371/1371/1371 1275/1275/1275
f 1275/1275/1275 1371/1371/1371 1372/1372/1372
f 1275/1275/1275 1372/1372/1372 1276/1276/1276
f 1276/1276/1276 1372/1372/1372 1373/1373/1373
f 1276/1276/1276 1373/1373/1373 1277/1277/1277
f 1277/1277/1277 1373/1373/1373 1374/1374/1374
f 1277/1277/1277 1374/1374/1374 1278/1278/1278
f 1278/1278/1278 1374/1374/1374 1375/1375/1375
f 1278/1278/1278 1375/1375/1375 1279/1279/1279
f 1279/1279/1279 1375/1375/1375 1376/1376/1376
f 1279/1279/1279 1376/1376/1376 1280/1280/1280
f 1280/1280/1280 1376/1376/1376 1377/1377/1377
f 1280/1280/1280 1377/1377/1377 1281/1281/1281
f 1281/1281/1281 1377/1377/1377 1378/1378/1378
f 1281/1281/1281 1378/1378/1378 1282/1282/1282
f 1282/1282/1282 1378/1378/1378 1379/1379/1379
f 1282/1282/1282 1379/1379/1379 1283/1283/1283
f 1283/1283/1283 1379/1379/1379 1380/1380/1380
f 1283/1283/1283 1380/1380/1380 1284/1284/1284
f 1284/1284/1284 1380/1380/1380 1381/1381/1381
f 1284/1284/1284 1381/1381/1381 1285/1285/1285
f 1285/1285/1285 1381/1381/1381 1382/1382/1382
f 1285/1285/1285 1382/1382/1382 1286/1286/1286
f 1286/1286/1286 1382/1382/1382 1383/1383/1383
f 1286/1286/1286 1383/1383/1383 1287/1287/1287
f 1287/1287/1287 1383/1383/1383 1384/1384/1384
f 1287/1287/1287 1384/1384/1384 1288/1288/1288
f 1288/1288/1288 1384/1384/1384 1385/1385/1385
f 1288/1288/1288 1385/1385/1385 1289/1289/1289
f 1289/1289/1289 1385/1385/1385 1386/1386/1386
f 1289/1289/1289 1386/1386/1386 1290/1290/1290
f 1290/1290/1290 1386/1386/1386 1387/1387/1387
f 1290/1290/1290 1387/1387/1387 1291/1291/1291
f 1291/1291/1291 1387/1387/1387 1388/1388/1388
f 1291/1291/1291 1388/1388/1388 1292/1292/1292
f 1292/1292/1292 1388/1388/1388 1389/1389/1389
f 1292/1292/1292 1389/1389/1389 1293/1293/1293
f 1293/1293/1293 1389/1389/1389 1390/1390/1390
f 1293/1293/1293 1390/1390/1390 1294/1294/1294
f 1294/1294/1294 1390/1390/1390 1391/1391/1391
f 1294/1294/1294 1391/1391/1391 1295/1295/1295
f 1295/1295/1295 1391/1391/1391 1392/1392/1392
f 1295/1295/1295 1392/1392/1392 1296/1296/1296
f 1296/1296/1296 1392/1392/1392 1393/1393/1393
f 1296/1296/1296 1393/1393/1393 1297/1297/1297
f 1297/1297/1297 1393/1393/1393 1394/1394/1394
f 1297/1297/1297 1394/1394/1394 1298/1298/1298
f 1298/1298/1298 1394/1394/1394 1395/1395/1395
f 1298/1298/1298 1395/1395/1395 1299/1299/1299
f 1299/1299/1299 1395/1395/1395 1396/1396/1396
f 1299/1299/1299 1396/1396/1396 1300/1300/1300
f 1300/1300/1300 1396/1396/1396 1397/1397/1397
f 1300/1300/1300 1397/1397/1397 1301/1301/1301
f 1301/1301/1301 1397/1397/1397 1398/1398/1398
f 1301/1301/1301 1398/1398/1398 1302/1302/1302
f 1302/1302/1302 1398/1398/1398 1399/1399/1399
f 1302/1302/1302 1399/1399/1399 1303/1303/1303
f 1303/1303/1303 1399/1399/1399 1400/1400/1400
f 1303/1303/1303 1400/1400/1400 1304/1304/1304
f 1304/1304/1304 1400/1400/1400 1401/1401/1401
f 1304/1304/1304 1401/1401/1401 1305/1305/1305
f 1305/1305/1305 1401/1401/1401 1402/1402/1402
f 1305/1305/1305 1402/1402/1402 1306/1306/1306
f 1306/1306/1306 1402/1402/1402 1403/1403/1403
f 1306/1306/1306 1403/1403/1403 1307/1307/1307
f 1307/1307/1307 1403/1403/1403 1404/1404/1404
f 1307/1307/1307 1404/1404/1404 1308/1308/1308
f 1308/1308/1308 1404/1404/1404 1405/1405/1405
f 1308/1308/1308 1405/1405/1405 1309/1309/1309
f 1309/1309/1309 1405/1405/1405 1406/1406/1406
f 1309/1309/1309 1406/1406/1406 1310/1310/1310
f 1310/1310/1310 1406/1406/1406 1407/1407/1407
f 1310/1310/1310 1407/1407/1407 1311/1311/1311
f 1311/1311/1311 1407/1407/1407 1408/1408/1408
f 1311/1311/1311 1408/1408/1408 1312/1312/1312
f 1312/1312/1312 1408/1408/1408 1409/1409/1409
f 1312/1312/1312 1409/1409/1409 1313/1313/1313
f 1313/1313/1313 1409/1409/1409 1410/1410/1410
f 1313/1313/1313 1410/1410/1410 1314/1314/1314
f 1314/1314/1314 1410/1410/1410 1411/1411/1411
f 1314/1314/1314 1411/1411/1411 1315/1315/1315
f 1315/1315/1315 1411/1411/1411 1412/1412/1412
f 1315/1315/1315 1412/1412/1412 1316/1316/1316
f 1316/1316/1316 1412/1412/1412 1413/1413/1413
f 1316/1316/1316 1413/1413/1413 1317/1317/1317
f 1317/1317/1317 1413/1413/1413 1414/1414/1414
f 1317/1317/1317 1414/1414/1414 1318/1318/1318
f 1318/1318/1318 1414/1414/1414 1415/1415/1415
f 1318/1318/1318 1415/1415/1415 1319/1319/1319
f 1319/1319/1319 1415/1415/1415 1416/1416/1416
f 1319/1319/1319 1416/1416/1416 1320/1320/1320
f 1320/1320/1320 1416/1416/1416 1417/1417/1417
f 1320/1320/1320 1417/1417/1417 1321/1321/1321
f 1321/1321/1321 1417/1417/1417 1418/1418/1418
f 1321/1321/1321 1418/1418/1418 1322/1322/1322
f 1322/1322/1322 1418/1418/1418 1419/1419/1419
f 1322/1322/1322 1419/1419/1419 1323/1323/1323
f 1323/1323/1323 1419/1419/1419 1420/1420/1420
f 1323/1323/1323 1420/1420/1420 1324/1324/1324
f 1324/1324/1324 1420/1420/1420 1421/1421/1421
f 1324/1324/1324 1421/1421/1421 1325/1325/1325
f 1325/1325/1325 1421/1421/1421 1422/1422/1422
f 1325/1325/1325 1422/1422/1422 1326/1326/1326
f 1326/1326/1326 1422/1422/1422 1423/1423/1423
f 1326/1326/1326 1423/1423/1423 1327/1327/1327
f 1327/1327/1327 1423/1423/1423 1424/1424/1424
f 1327/1327/1327 1424/1424/1424 1328/1328/1328
f 1328/1328/1328 1424/1424/1424 1425/1425/1425
f 1328/1328/1328 1425/1425/1425 1329/1329/1329
f 1329/1329/1329 1425/1425/1425 1426/1426/1426
f 1329/1329/1329 1426/1426/1426 1330/1330/1330
f 1330/1330/1330 1426/1426/1426 1427/1427/1427
f 1330/1330/1330 1427/1427/1427 1331/1331/1331
f 1331/1331/1331 1427/1427/1427 1428/1428/1428
f 1331/1331/1331 1428/1428/1428 1332/1332/1332
f 1332/1332/1332 1428/1428/1428 1429/1429/1429
f 1332/1332/1332 1429/1429/1429 1333/1333/1333
f 1333/1333/1333 1429/1429/1429 1430/1430/1430
f 1333/1333/1333 1430/1430/1430 1334/1334/1334
f 1334/1334/1334 1430/1430/1430 1431/1431/1431
f 1334/1334/1334 1431/1431/1431 1335/1335/1335
f 1335/1335/1335 1431/1431/1431 1432/1432/1432
f 1335/1335/1335 1432/1432/1432 1336/1336/1336
f 1336/1336/1336 1432/1432/1432 1433/1433/1433
f 1336/1336/1336 1433/1433/1433 1337/1337/1337
f 1337/1337/1337 1433/1433/1433 1434/1434/1434
f 1337/1337/1337 1434/1434/1434 1338/1338/1338
f 1338/1338/1338 1434/1434/1434 1435/1435/1435
f 1338/1338/1338 1435/1435/1435 1339/1339/1339
f 1339/1339/1339 1435/1435/1435 1436/1436/1436
f 1339/1339/1339 1436/1436/1436 1340/1340/1340
f 1340/1340/1340 1436/1436/1436 1437/1437/1437
f 1340/1340/1340 1437/1437/1437 1341/1341/1341
f 1341/1341/1341 1437/1437/1437 1342/1342/1342
f 1341/1341/1341 1342/1342/1342 1246/1246/1246
f 1342/1342/1342 1438/1438/1438 1439/1439/1439
f 1342/1342/1342 1439/1439/1439 1343/1343/1343
f 1343/1343/1343 1439/1439/1439 1440/1440/1440
f 1343/1343/1343 1440/1440/1440 1344/1344/1344
f 1344/1344/1344 1440/1440/1440 1441/1441/1441
f 1344/1344/1344 1441/1441/1441 1345/1345/1345
f 1345/1345/1345 1441/1441/1441 1442/1442/1442
f 1345/1345/1345 1442/1442/1442 1346/1346/1346
f 1346/1346/1346 1442/1442/1442 1443/1443/1443
f 1346/1346/1346 1443/1443/1443 1347/1347/1347
f 1347/1347/1347 1443/1443/1443 1444/1444/1444
f 1347/1347/1347 1444/1444/1444 1348/1348/1348
f 1348/1348/1348 1444/1444/1444 1445/1445/1445
f 1348/1348/1348 1445/1445/1445 1349/1349/1349
f 1349/1349/1349 1445/1445/1445 1446/1446/1446
f 1349/1349/1349 1446/1446/1446 1350/1350/1350
f 1350/1350/1350 1446/1446/1446 1447/1447/1447
f 1350/1350/1350 1447/1447/1447 1351/1351/1351
f 1351/1351/1351 1447/1447/1447 1448/1448/1448
f 1351/1351/1351 1448/1448/1448 1352/1352/1352
f 1352/1352/1352 1448/1448/1448 1449/1449/1449
f 1352/1352/1352 1449/1449/1449 1353/1353/1353
f 1353/1353/1353 1449/1449/1449 1450/1450/1450
f 1353/1353/1353 1450/1450/1450 1354/1354/1354
f 1354/1354/1354 1450/1450/1450 1451/1451/1451
f 1354/1354/1354 1451/1451/1451 1355/1355/1355
f 1355/1355/1355 1451/1451/1451 1452/1452/1452
f 1355/1355/1355 1452/1452/1452 1356/1356/1356
f 1356/1356/1356 1452/1452/1452 1453/1453/1453
f 1356/1356/1356 1453/1453/1453 1357/1357/1357
f 1357/1357/1357 1453/1453/1453 1454/1454/1454
f 1357/1357/1357 1454/1454/1454 1358/1358/1358
f 1358/1358/1358 1454/1454/1454 1455/1455/1455
f 1358/1358/1358 1455/1455/1455 1359/1359/1359
f 1359/1359/1359 1455/1455/1455 1456/1456/1456
f 1359/1359/1359 1456/1456/1456 1360/1360/1360
f 1360/1360/1360 1456/1456/1456 1457/1457/1457
f 1360/1360/1360 1457/1457/1457 1361/1361/1361
f 1361/1361/1361 1457/1457/1457 1458/1458/1458
f 1361/1361/1361 1458/1458/1458 1362/1362/1362
f 1362/1362/1362 1458/1458/1458 1459/1459/1459
f 1362/1362/1362 1459/1459/1459 1363/1363/1363
f 1363/1363/1363 1459/1459/1459 1460/1460/1460
f 1363/1363/1363 1460/1460/1460 1364/1364/1364
f 1364/1364/1364 1460/1460/1460 1461/1461/1461
f 1364/1364/1364 1461/1461/1461 1365/1365/1365
f 1365/1365/1365 1461/1461/1461 1462/1462/1462
f 1365/1365/1365 1462/1462/1462 1366/1366/1366
f 1366/1366/1366 1462/1462/1462 1463/1463/1463
f 1366/1366/1366 1463/1463/1463 1367/1367/1367
f 1367/1367/1367 1463/1463/1463 1464/1464/1464
f 1367/1367/1367 1464/1464/1464 1368/1368/1368
f 1368/1368/1368 1464/1464/1464 1465/1465/1465
f 1368/1368/1368 1465/1465/1465 1369/1369/1369
f 1369/1369/1369 1465/1465/1465 1466/1466/1466
f 1369/1369/1369 1466/1466/1466 1370/1370/1370
f 1370/1370/1370 1466/1466/1466 1467/1467/1467
f 1370/1370/1370 1467/1467/1467 1371/1371/1371
f 1371/1371/1371 1467/1467/1467 1468/1468/1468
f 1371/1371/1371 1468/1468/1468 1372/1372/1372
f 1372/1372/1372 1468/1468/1468 1469/1469/1469
f 1372/1372/1372 1469/1469/1469 1373/1373/1373
f 1373/1373/1373 1469/1469/1469 1470/1470/1470
f 1373/1373/1373 1470/1470/1470 1374/1374/1374
f 1374/1374/1374 1470/1470/1470 1471/1471/1471
f 1374/1374/1374 1471/1471/1471 1375/1375/1375
f 1375/1375/1375 1471/1471/1471 1472/1472/1472
f 1375/1375/1375 1472/1472/1472 1376/1376/1376
f 1376/1376/1376 1472/1472/1472 1473/1473/1473
f 1376/1376/1376 1473/1473/1473 1377/1377/1377
f 1377/1377/1377 1473/1473/1473 1474/1474/1474
f 1377/1377/1377 1474/1474/1474 1378/1378/1378
f 1378/1378/1378 1474/1474/1474 1475/1475/1475
f 1378/1378/1378 1475/1475/1475 1379/1379/1379
f 1379/1379/1379 1475/1475/1475 1476/1476/1476
f 1379/1379/1379 1476/1476/1476 1380/1380/1380
f 1380/1380/1380 1476/1476/1476 1477/1477/1477
f 1380/1380/1380 1477/1477/1477 1381/1381/1381
f 1381/1381/1381 1477/1477/1477 1478/1478/1478
f 1381/1381/1381 1478/1478/1478 1382/1382/1382
f 1382/1382/1382 1478/1478/1478 1479/1479/1479
f 1382/1382/1382 1479/1479/1479 1383/1383/1383
f 1383/1383/1383 1479/1479/1479 1480/1480/1480
f 1383/1383/1383 1480/1480/1480 1384/1384/1384
f 1384/1384/1384 1480/1480/1480 1481/1481/1481
f 1384/1384/1384 1481/1481/1481 1385/1385/1385
f 1385/1385/1385 1481/1481/1481 1482/1482/1482
f 1385/1385/1385 1482/1482/1482 1386/1386/1386
f 1386/1386/1386 1482/1482/1482 1483/1483/1483
f 1386/1386/1386 1483/1483/1483 1387/1387/1387
f 1387/1387/1387 1483/1483/1483 1484/1484/1484
f 1387/1387/1387 1484/1484/1484 1388/1388/1388
f 1388/1388/1388 1484/1484/1484 1485/1485/1485
f 1388/1388/1388 1485/1485/1485 1389/1389/1389
f 1389/1389/1389 1485/1485/1485 1486/1486/1486
f 1389/1389/1389 1486/1486/1486 1390/1390/1390
f 1390/1390/1390 1486/1486/1486 1487/1487/1487
f 1390/1390/1390 1487/1487/1487 1391/1391/1391
f 1391/1391/1391 1487/1487/1487 1488/1488/1488
f 1391/1391/1391 1488/1488/1488 1392/1392/1392
f 1392/1392/1392 1488/1488/1488 1489/1489/1489
f 1392/1392/1392 1489/1489/1489 1393/1393/1393
f 1393/1393/1393 1489/1489/1489 1490/1490/1490
f 1393/1393/1393 1490/1490/1490 1394/1394/1394
f 1394/1394/1394 1490/1490/1490 1491/1491/1491
f 1394/1394/1394 1491/1491/1491 1395/1395/1395
f 1395/1395/1395 1491/1491/1491 1492/1492/1492
f 1395/1395/1395 1492/1492/1492 1396/1396/1396
f 1396/1396/1396 1492/1492/1492 1493/1493/1493
f 1396/1396/1396 1493/1493/1493 1397/1397/1397
f 1397/1397/1397 1493/1493/1493 1494/1494/1494
f 1397/1397/1397 1494/1494/1494 1398/1398/1398
f 1398/1398/1398 1494/1494/1494 1495/1495/1495
f 1398/1398/1398 1495/1495/1495 1399/1399/1399
f 1399/1399/1399 1495/1495/1495 1496/1496/1496
f 1399/1399/1399 1496/1496/1496 1400/1400/1400
f 1400/1400/1400 1496/1496/1496 1497/1497/1497
f 1400/1400/1400 1497/1497/1497 1401/1401/1401
f 1401/1401/1401 1497/1497/1497 1498/1498/1498
f 1401/1401/1401 1498/1498/1498 1402/1402/1402
f 1402/1402/1402 1498/1498/1498 1499/1499/1499
f 1402/1402/1402 1499/1499/1499 1403/1403/1403
f 1403/1403/1403 1499/1499/1499 1500/1500/1500
f 1403/1403/1403 1500/1500/1500 1404/1404/1404
f 1404/1404/1404 1500/1500/1500 1501/1501/1501
f 1404/1404/1404 1501/1501/1501 1405/1405/1405
f 1405/1405/1405 1501/1501/1501 1502/1502/1502
f 1405/1405/1405 1502/1502/1502 1406/1406/1406
f 1406/1406/1406 1502/1502/1502 1503/1503/1503
f 1406/1406/1406 1503/1503/1503 1407/1407/1407
f 1407/1407/1407 1503/1503/1503 1504/1504/1504
f 1407/1407/1407 1504/1504/1504 1408/1408/1408
f 1408/1408/1408 1504/1504/1504 1505/1505/1505
f 1408/1408/1408 1505/1505/1505 1409/1409/1409
f 1409/1409/1409 1505/1505/1505 1506/1506/1506
f 1409/1409/1409 1506/1506/1506 1410/1410/1410
f 1410/1410/1410 1506/1506/1506 1507/1507/1507
f 1410/1410/1410 1507/1507/1507 1411/1411/1411
f 1411/1411/1411 1507/1507/1507 1508/1508/1508
f 1411/1411/1411 1508/1508/1508 1412/1412/1412
f 1412/1412/1412 1508/1508/1508 1509/1509/1509
f 1412/1412/1412 1509/1509/1509 1413/1413/1413
f 1413/1413/1413 1509/1509/1509 1510/1510/1510
f 1413/1413/1413 1510/1510/1510 1414/1414/1414
f 1414/1414/1414 1510/1510/1510 1511/1511/1511
f 1414/1414/1414 1511/1511/1511 1415/1415/1415
f 1415/1415/1415 1511/1511/1511 1512/1512/1512
f 1415/1415/1415 1512/1512/1512 1416/1416/1416
f 1416/1416/1416 1512/1512/1512 1513/1513/1513
f 1416/1416/1416 1513/1513/1513 1417/1417/1417
f 1417/1417/1417 1513/1513/1513 1514/1514/1514
f 1417/1417/1417 1514/1514/1514 1418/1418/1418
f 1418/1418/1418 1514/1514/1514 1515/1515/1515
f 1418/1418/1418 1515/1515/1515 1419/1419/1419
f 1419/1419/1419 1515/1515/1515 1516/1516/1516
f 1419/1419/1419 1516/1516/1516 1420/1420/1420
f 1420/1420/1420 1516/1516/1516 1517/1517/1517
f 1420/1420/1420 1517/1517/1517 1421/1421/1421
f 1421/1421/1421 1517/1517/1517 1518/1518/1518
f 1421/1421/1421 1518/1518/1518 1422/1422/1422
f 1422/1422/1422 1518/1518/1518 1519/1519/1519
f 1422/1422/1422 1519/1519/1519 1423/1423/1423
f 1423/1423/1423 1519/1519/1519 1520/1520/1520
f 1423/1423/1423 1520/1520/1520 1424/1424/1424
f 1424/1424/1424 1520/1520/1520 1521/1521/1521
f 1424/1424/1424 1521/1521/1521 1425/1425/1425
f 1425/1425/1425 1521/1521/1521 1522/1522/1522
f 1425/1425/1425 1522/1522/1522 1426/1426/1426
f 1426/1426/1426 1522/1522/1522 1523/1523/1523
f 1426/1426/1426 1523/1523/1523 1427/1427/1427
f 1427/1427/1427 1523/1523/1523 1524/1524/1524
f 1427/1427/1427 1524/1524/1524 1428/1428/1428
f 1428/1428/1428 1524/1524/1524 1525/1525/1525
f 1428/1428/1428 1525/1525/1525 1429/1429/1429
f 1429/1429/1429 1525/1525/1525 1526/1526/1526
f 1429/1429/1429 1526/1526/1526 1430/1430/1430
f 1430/1430/1430 1526/1526/1526 1527/1527/1527
f 1430/1430/1430 1527/1527/1527 1431/1431/1431
f 1431/1431/1431 1527/1527/1527 1528/1528/1528
f 1431/1431/1431 1528/1528/1528 1432/1432/1432
f 1432/1432/1432 1528/1528/1528 1529/1529/1529
f 1432/1432/1432 1529/1529/1529 1433/1433/1433
f 1433/1433/1433 1529/1529/1529 1530/1530/1530
f 1433/1433/1433 1530/1530/1530 1434/1434/1434
f 1434/1434/1434 1530/1530/1530 1531/1531/1531
f 1434/1434/1434 1531/1531/1531 1435/1435/1435
f 1435/1435/1435 1531/1531/1531 1532/1532/1532
f 1435/1435/1435 1532/1532/1532 1436/1436/1436
f 1436/1436/1436 1532/1532/1532 1533/1533/1533
f 1436/1436/1436 1533/1533/1533 1437/1437/1437
f 1437/1437/1437 1533/1533/1533 1438/1438/1438
f 1437/1437/1437 1438/1438/1438 1342/1342/1342
f 1438/1438/1438 1534/1534/1534 1535/1535/1535
f 1438/1438/1438 1535/1535/1535 1439/1439/1439
f 1439/1439/1439 1535/1535/1535 1536/1536/1536
f 1439/1439/1439 1536/1536/1536 1440/1440/1440
f 1440/1440/1440 1536/1536/1536 1537/1537/1537
f 1440/1440/1440 1537/1537/1537 1441/1441/1441
f 1441/1441/1441 1537/1537/1537 1538/1538/1538
f 1441/1441/1441 1538/1538/1538 1442/1442/1442
f 1442/1442/1442 1538/1538/1538 1539/1539/1539
f 1442/1442/1442 1539/1539/1539 1443/1443/1443
f 1443/1443/1443 1539/1539/1539 1540/1540/1540
f 1443/1443/1443 1540/1540/1540 1444/1444/1444
f 1444/1444/1444 1540/1540/1540 1541/1541/1541
f 1444/1444/1444 1541/1541/1541 1445/1445/1445
f 1445/1445/1445 1541/1541/1541 1542/1542/1542
f 1445/1445/1445 1542/1542/1542 1446/1446/1446
f 1446/1446/1446 1542/1542/1542 1543/1543/1543
f 1446/1446/1446 1543/1543/1543 1447/1447/1447
f 1447/1447/1447 1543/1543/1543 1544/1544/1544
f 1447/1447/1447 1544/1544/1544 1448/1448/1448
f 1448/1448/1448 1544/1544/1544 1545/1545/1545
f 1448/1448/1448 1545/1545/1545 1449/1449/1449
f 1449/1449/1449 1545/1545/1545 1546/1546/1546
f 1449/1449/1449 1546/1546/1546 1450/1450/1450
f 1450/1450/1450 1546/1546/1546 1547/1547/1547
f 1450/1450/1450 1547/1547/1547 1451/1451/1451
f 1451/1451/1451 1547/1547/1547 1548/1548/1548
f 1451/1451/1451 1548/1548/1548 1452/1452/1452
f 1452/1452/1452 1548/1548/1548 1549/1549/1549
f 1452/1452/1452 1549/1549/1549 1453/1453/1453
f 1453/1453/1453 1549/1549/1549 1550/1550/1550
f 1453/1453/1453 1550/1550/1550 1454/1454/1454
f 1454/1454/1454 1550/1550/1550 1551/1551/1551
f 1454/1454/1454 1551/1551/1551 1455/1455/1455
f 1455/1455/1455 1551/1551/1551 1552/1552/1552
f 1455/1455/1455 1552/1552/1552 1456/1456/1456
f 1456/1456/1456 1552/1552/1552 1553/1553/1553
f 1456/1456/1456 1553/1553/1553 1457/1457/1457
f 1457/1457/1457 1553/1553/1553 1554/1554/1554
f 1457/1457/1457 1554/1554/1554 1458/1458/1458
f 1458/1458/1458 1554/1554/1554 1555/1555/1555
f 1458/1458/1458 1555/1555/1555 1459/1459/1459
f 1459/1459/1459 1555/1555/1555 1556/1556/1556
f 1459/1459/1459 1556/1556/1556 1460/1460/1460
f 1460/1460/1460 1556/1556/1556 1557/1557/1557
f 1460/1460/1460 1557/1557/1557 1461/1461/1461
f 1461/1461/1461 1557/1557/1557 1558/1558/1558
f 1461/1461/1461 1558/1558/1558 1462/1462/1462
f 1462/1462/1462 1558/1558/1558 1559/1559/1559
f 1462/1462/1462 1559/1559/1559 1463/1463/1463
f 1463/1463/1463 1559/1559/1559 1560/1560/1560
f 1463/1463/1463 1560/1560/1560 1464/1464/1464
f 1464/1464/1464 1560/1560/1560 1561/1561/1561
f 1464/1464/1464 1561/1561/1561 1465/1465/1465
f 1465/1465/1465 1561/1561/1561 1562/1562/1562
f 1465/1465/1465 1562/1562/1562 1466/1466/1466
f 1466/1466/1466 1562/1562/1562 1563/1563/1563
f 1466/1466/1466 1563/1563/1563 1467/1467/1467
f 1467/1467/1467 1563/1563/1563 1564/1564/1564
f 1467/1467/1467 1564/1564/1564 1468/1468/1468
f 1468/1468/1468 1564/1564/1564 1565/1565/1565
f 1468/1468/1468 1565/1565/1565 1469/1469/1469
f 1469/1469/1469 1565/1565/1565 1566/1566/1566
f 1469/1469/1469 1566/1566/1566 1470/1470/1470
f 1470/1470/1470 1566/1566/1566 1567/1567/1567
f 1470/1470/1470 1567/1567/1567 1471/1471/1471
f 1471/1471/1471 1567/1567/1567 1568/1568/1568
f 1471/1471/1471 1568/1568/1568 1472/1472/1472
f 1472/1472/1472 1568/1568/1568 1569/1569/1569
f 1472/1472/1472 1569/1569/1569 1473/1473/1473
f 1473/1473/1473 1569/1569/1569 1570/1570/1570
f 1473/1473/1473 1570/1570/1570 1474/1474/1474
f 1474/1474/1474 1570/1570/1570 1571/1571/1571
f 1474/1474/1474 1571/1571/1571 1475/1475/1475
f 1475/1475/1475 1571/1571/1571 1572/1572/1572
f 1475/1475/1475 1572/1572/1572 1476/1476/1476
f 1476/1476/1476 1572/1572/1572 1573/1573/1573
f 1476/1476/1476 1573/1573/1573 1477/1477/1477
f 1477/1477/1477 1573/1573/1573 1574/1574/1574
f 1477/1477/1477 1574/1574/1574 1478/1478/1478
f 1478/1478/1478 1574/1574/1574 1575/1575/1575
f 1478/1478/1478 1575/1575/1575 1479/1479/1479
f 1479/1479/1479 1575/1575/1575 1576/1576/1576
f 1479/1479/1479 1576/1576/1576 1480/1480/1480
f 1480/1480/1480 1576/1576/1576 1577/1577/1577
f 1480/1480/1480 1577/1577/1577 1481/1481/1481
f 1481/1481/1481 1577/1577/1577 1578/1578/1578
f 1481/1481/1481 1578/1578/1578 1482/1482/1482
f 1482/1482/1482 1578/1578/1578 1579/1579/1579
f 1482/1482/1482 1579/1579/1579 1483/1483/1483
f 1483/1483/1483 1579/1579/1579 1580/1580/1580
f 1483/1483/1483 1580/1580/1580 1484/1484/1484
f 1484/1484/1484 1580/1580/1580 1581/1581/1581
f 1484/1484/1484 1581/1581/1581 1485/1485/1485
f 1485/1485/1485 1581/1581/1581 1582/1582/1582
f 1485/1485/1485 1582/1582/1582 1486/1486/1486
f 1486/1486/1486 1582/1582/1582 1583/1583/1583
f 1486/1486/1486 1583/1583/1583 1487/1487/1487
f 1487/1487/1487 1583/1583/1583 1584/1584/1584
f 1487/1487/1487 1584/1584/1584 1488/1488/1488
f 1488/1488/1488 1584/1584/1584 1585/1585/1585
f 1488/1488/1488 1585/1585/1585 1489/1489/1489
f 1489/1489/1489 1585/1585/1585 1586/1586/1586
f 1489/1489/1489 1586/1586/1586 1490/1490/1490
f 1490/1490/1490 1586/1586/1586 1587/1587/1587
f 1490/1490/1490 1587/1587/1587 1491/1491/1491
f 1491/1491/1491 1587/1587/1587 1588/1588/1588
f 1491/1491/1491 1588/1588/1588 1492/1492/1492
f 1492/1492/1492 1588/1588/1588 1589/1589/1589
f 1492/1492/1492 1589/1589/1589 1493/1493/1493
f 1493/1493/1493 1589/1589/1589 1590/1590/1590
f 1493/1493/1493 1590/1590/1590 1494/1494/1494
f 1494/1494/1494 1590/1590/1590 1591/1591/1591
f 1494/1494/1494 1591/1591/1591 1495/1495/1495
f 1495/1495/1495 1591/1591/1591 1592/1592/1592
f 1495/1495/1495 1592/1592/1592 1496/1496/1496
f 1496/1496/1496 1592/1592/1592 1593/1593/1593
f 1496/1496/1496 1593/1593/1593 1497/1497/1497
f 1497/1497/1497 1593/1593/1593 1594/1594/1594
f 1497/1497/1497 1594/1594/1594 1498/1498/1498
f 1498/1498/1498 1594/1594/1594 1595/1595/1595
f 1498/1498/1498 1595/1595/1595 1499/1499/1499
f 1499/1499/1499 1595/1595/1595 1596/1596/1596
f 1499/1499/1499 1596/1596/1596 1500/1500/1500
f 1500/1500/1500 1596/1596/1596 1597/1597/1597
f 1500/1500/1500 1597/1597/1597 1501/1501/1501
f 1501/1501/1501 1597/1597/1597 1598/1598/1598
f 1501/1501/1501 1598/1598/1598 1502/1502/1502
f 1502/1502/1502 1598/1598/1598 1599/1599/1599
f 1502/1502/1502 1599/1599/1599 1503/1503/1503
f 1503/1503/1503 1599/1599/1599 1600/1600/1600
f 1503/1503/1503 1600/1600/1600 1504/1504/1504
f 1504/1504/1504 1600/1600/1600 1601/1601/1601
f 1504/1504/1504 1601/1601/1601 1505/1505/1505
f 1505/1505/1505 1601/1601/1601 1602/1602/1602
f 1505/1505/1505 1602/1602/1602 1506/1506/1506
f 1506/1506/1506 1602/1602/1602 1603/1603/1603
f 1506/1506/1506 1603/1603/1603 1507/1507/1507
f 1507/1507/1507 1603/1603/1603 1604/1604/1604
f 1507/1507/1507 1604/1604/1604 1508/1508/1508
f 1508/1508/1508 1604/1604/1604 1605/1605/1605
f 1508/1508/1508 1605/1605/1605 1509/1509/1509
f 1509/1509/1509 1605/1605/1605 1606/1606/1606
f 1509/1509/1509 1606/1606/1606 1510/1510/1510
f 1510/1510/1510 1606/1606/1606 1607/1607/1607
f 1510/1510/1510 1607/1607/1607 1511/1511/1511
f 1511/1511/1511 1607/1607/1607 1608/1608/1608
f 1511/1511/1511 1608/1608/1608 1512/1512/1512
f 1512/1512/1512 1608/1608/1608 1609/1609/1609
f 1512/1512/1512 1609/1609/1609 1513/1513/1513
f 1513/1513/1513 1609/1609/1609 1610/1610/1610
f 1513/1513/1513 1610/1610/1610 1514/1514/1514
f 1514/1514/1514 1610/1610/1610 1611/1611/1611
f 1514/1514/1514 1611/1611/1611 1515/1515/1515
f 1515/1515/1515 1611/1611/1611 1612/1612/1612
f 1515/1515/1515 1612/1612/1612 1516/1516/1516
f 1516/1516/1516 1612/1612/1612 1613/1613/1613
f 1516/1516/1516 1613/1613/1613 1517/1517/1517
f 1517/1517/1517 1613/1613/1613 1614/1614/1614
f 1517/1517/1517 1614/1614/1614 1518/1518/1518
f 1518/1518/1518 1614/1614/1614 1615/1615/1615
f 1518/1518/1518 1615/1615/1615 1519/1519/1519
f 1519/1519/1519 1615/1615/1615 1616/1616/1616
f 1519/1519/1519 1616/1616/1616 1520/1520/1520
f 1520/1520/1520 1616/1616/1616 1617/1617/1617
f 1520/1520/1520 1617/1617/1617 1521/1521/1521
f 1521/1521/1521 1617/1617/1617 1618/1618/1618
f 1521/1521/1521 1618/1618/1618 1522/1522/1522
f 1522/1522/1522 1618/1618/1618 1619/1619/1619
f 1522/1522/1522 1619/1619/1619 1523/1523/1523
f 1523/1523/1523 1619/1619/1619 1620/1620/1620
f 1523/1523/1523 1620/1620/1620 1524/1524/1524
f 1524/1524/1524 1620/1620/1620 1621/1621/1621
f 1524/1524/1524 1621/1621/1621 1525/1525/1525
f 1525/1525/1525 1621/1621/1621 1622/1622/1622
f 1525/1525/1525 1622/1622/1622 1526/1526/1526
f 1526/1526/1526 1622/1622/1622 1623/1623/1623
f 1526/1526/1526 1623/1623/1623 1527/1527/1527
f 1527/1527/1527 1623/1623/1623 1624/1624/1624
f 1527/1527/1527 1624/1624/1624 1528/1528/1528
f 1528/1528/1528 1624/1624/1624 1625/1625/1625
f 1528/1528/1528 1625/1625/1625 1529/1529/1529
f 1529/1529/1529 1625/1625/1625 1626/1626/1626
f 1529/1529/1529 1626/1626/1626 1530/1530/1530
f 1530/1530/1530 1626/1626/1626 1627/1627/1627
f 1530/1530/1530 1627/1627/1627 1531/1531/1531
f 1531/1531/1531 1627/1627/1627 1628/1628/1628
f 1531/1531/1531 1628/1628/1628 1532/1532/1532
f 1532/1532/1532 1628/1628/1628 1629/1629/1629
f 1532/1532/1532 1629/1629/1629 1533/1533/1533
f 1533/1533/1533 1629/1629/1629 1534/1534/1534
f 1533/1533/1533 1534/1534/1534 1438/1438/1438
f 1534/1534/1534 1630/1630/1630 1631/1631/1631
f 1534/1534/1534 1631/1631/1631 1535/1535/1535
f 1535/1535/1535 1631/1631/1631 1632/1632/1632
f 1535/1535/1535 1632/1632/1632 1536/1536/1536
f 1536/1536/1536 1632/1632/1632 1633/1633/1633
f 1536/1536/1536 1633/1633/1633 1537/1537/1537
f 1537/1537/1537 1633/1633/1633 1634/1634/1634
f 1537/1537/1537 1634/1634/1634 1538/1538/1538
f 1538/1538/1538 1634/1634/1634 1635/1635/1635
f 1538/1538/1538 1635/1635/1635 1539/1539/1539
f 1539/1539/1539 1635/1635/1635 1636/1636/1636
f 1539/1539/1539 1636/1636/1636 1540/1540/1540
f 1540/1540/1540 1636/1636/1636 1637/1637/1637
f 1540/1540/1540 1637/1637/1637 1541/1541/1541
f 1541/1541/1541 1637/1637/1637 1638/1638/1638
f 1541/1541/1541 1638/1638/1638 1542/1542/1542
f 1542/1542/1542 1638/1638/1638 1639/1639/1639
f 1542/1542/1542 1639/1639/1639 1543/1543/1543
f 1543/1543/1543 1639/1639/1639 1640/1640/1640
f 1543/1543/1543 1640/1640/1640 1544/1544/1544
f 1544/1544/1544 1640/1640/1640 1641/1641/1641
f 1544/1544/1544 1641/1641/1641 1545/1545/1545
f 1545/1545/1545 1641/1641/1641 1642/1642/1642
f 1545/1545/1545 1642/1642/1642 1546/1546/1546
f 1546/1546/1546 1642/1642/1642 1643/1643/1643
f 1546/1546/1546 1643/1643/1643 1547/1547/1547
f 1547/1547/1547 1643/1643/1643 1644/1644/1644
f 1547/1547/1547 1644/1644/1644 1548/1548/1548
f 1548/1548/1548 1644/1644/1644 1645/1645/1645
f 1548/1548/1548 1645/1645/1645 1549/1549/1549
f 1549/1549/1549 1645/1645/1645 1646/1646/1646
f 1549/1549/1549 1646/1646/1646 1550/1550/1550
f 1550/1550/1550 1646/1646/1646 1647/1647/1647
f 1550/1550/1550 1647/1647/1647 1551/1551/1551
f 1551/1551/1551 1647/1647/1647 1648/1648/1648
f 1551/1551/1551 1648/1648/1648 1552/1552/1552
f 1552/1552/1552 1648/1648/1648 1649/1649/1649
f 1552/1552/1552 1649/1649/1649 1553/1553/1553
f 1553/1553/1553 1649/1649/1649 1650/1650/1650
f 1553/1553/1553 1650/1650/1650 1554/1554/1554
f 1554/1554/1554 1650/1650/1650 1651/1651/1651
f 1554/1554/1554 1651/1651/1651 1555/1555/1555
f 1555/1555/1555 1651/1651/1651 1652/1652/1652
f 1555/1555/1555 1652/1652/1652 1556/1556/1556
f 1556/1556/1556 1652/1652/1652 1653/1653/1653
f 1556/1556/1556 1653/1653/1653 1557/1557/1557
f 1557/1557/1557 1653/1653/1653 1654/1654/1654
f 1557/1557/1557 1654/1654/1654 1558/1558/1558
f 1558/1558/1558 1654/1654/1654 1655/1655/1655
f 1558/1558/1558 1655/1655/1655 1559/1559/1559
f 1559/1559/1559 1655/1655/1655 1656/1656/1656
f 1559/1559/1559 1656/1656/1656 1560/1560/1560
f 1560/1560/1560 1656/1656/1656 1657/1657/1657
f 1560/1560/1560 1657/1657/1657 1561/1561/1561
f 1561/1561/1561 1657/1657/1657 1658/1658/1658
f 1561/1561/1561 1658/1658/1658 1562/1562/1562
f 1562/1562/1562 1658/1658/1658 1659/1659/1659
f 1562/1562/1562 1659/1659/1659 1563/1563/1563
f 1563/1563/1563 1659/1659/1659 1660/1660/1660
f 1563/1563/1563 1660/1660/1660 1564/1564/1564
f 1564/1564/1564 1660/1660/1660 1661/1661/1661
f 1564/1564/1564 1661/1661/1661 1565/1565/1565
f 1565/1565/1565 1661/1661/1661 1662/1662/1662
f 1565/1565/1565 1662/1662/1662 1566/1566/1566
f 1566/1566/1566 1662/1662/1662 1663/1663/1663
f 1566/1566/1566 1663/1663/1663 1567/1567/1567
f 1567/1567/1567 1663/1663/1663 1664/1664/1664
f 1567/1567/1567 1664/1664/1664 1568/1568/1568
f 1568/1568/1568 1664/1664/1664 1665/1665/1665
f 1568/1568/1568 1665/1665/1665 1569/1569/1569
f 1569/1569/1569 1665/1665/1665 1666/1666/1666
f 1569/1569/1569 1666/1666/1666 1570/1570/1570
f 1570/1570/1570 1666/1666/1666 1667/1667/1667
f 1570/1570/1570 1667/1667/1667 1571/1571/1571
f 1571/1571/1571 1667/1667/1667 1668/1668/1668
f 1571/1571/1571 1668/1668/1668 1572/1572/1572
f 1572/1572/1572 1668/1668/1668 1669/1669/1669
f 1572/1572/1572 1669/1669/1669 1573/1573/1573
f 1573/1573/1573 1669/1669/1669 1670/1670/1670
f 1573/1573/1573 1670/1670/1670 1574/1574/1574
f 1574/1574/1574 1670/1670/1670 1671/1671/1671
f 1574/1574/1574 1671/1671/1671 1575/1575/1575
f 1575/1575/1575 1671/1671/1671 1672/1672/1672
f 1575/1575/1575 1672/1672/1672 1576/1576/1576
f 1576/1576/1576 1672/1672/1672 1673/1673/1673
f 1576/1576/1576 1673/1673/1673 1577/1577/1577
f 1577/1577/1577 1673/1673/1673 1674/1674/1674
f 1577/1577/1577 1674/1674/1674 1578/1578/1578
f 1578/1578/1578 1674/1674/1674 1675/1675/1675
f 1578/1578/1578 1675/1675/1675 1579/1579/1579
f 1579/1579/1579 1675/1675/1675 1676/1676/1676
f 1579/1579/1579 1676/1676/1676 1580/1580/1580
f 1580/1580/1580 1676/1676/1676 1677/1677/1677
f 1580/1580/1580 1677/1677/1677 1581/1581/1581
f 1581/1581/1581 1677/1677/1677 1678/1678/1678
f 1581/1581/1581 1678/1678/1678 1582/1582/1582
f 1582/1582/1582 1678/1678/1678 1679/1679/1679
f 1582/1582/1582 1679/1679/1679 1583/1583/1583
f 1583/1583/1583 1679/1679/1679 1680/1680/1680
f 1583/1583/1583 1680/1680/1680 1584/1584/1584
f 1584/1584/1584 1680/1680/1680 1681/1681/1681
f 1584/1584/1584 1681/1681/1681 1585/1585/1585
f 1585/1585/1585 1681/1681/1681 1682/1682/1682
f 1585/1585/1585 1682/1682/1682 1586/1586/1586
f 1586/1586/1586 1682/1682/1682 1683/1683/1683
f 1586/1586/1586 1683/1683/1683 1587/1587/1587
f 1587/1587/1587 1683/1683/1683 1684/1684/1684
f 1587/1587/1587 1684/1684/1684 1588/1588/1588
f 1588/1588/1588 1684/1684/1684 1685/1685/1685
f 1588/1588/1588 1685/1685/1685 1589/1589/1589
f 1589/1589/1589 1685/1685/1685 1686/1686/1686
f 1589/1589/1589 1686/1686/1686 1590/1590/1590
f 1590/1590/1590 1686/1686/1686 1687/1687/1687
f 1590/1590/1590 1687/1687/1687 1591/1591/1591
f 1591/1591/1591 1687/1687/1687 1688/1688/1688
f 1591/1591/1591 1688/1688/1688 1592/1592/1592
f 1592/1592/1592 1688/1688/1688 1689/1689/1689
f 1592/1592/1592 1689/1689/1689 1593/1593/1593
f 1593/1593/1593 1689/1689/1689 1690/1690/1690
f 1593/1593/1593 1690/1690/1690 1594/1594/1594
f 1594/1594/1594 1690/1690/1690 1691/1691/1691
f 1594/1594/1594 1691/1691/1691 1595/1595/1595
f 1595/1595/1595 1691/1691/1691 1692/1692/1692
f 1595/1595/1595 1692/1692/1692 1596/1596/1596
f 1596/1596/1596 1692/1692/1692 1693/1693/1693
f 1596/1596/1596 1693/1693/1693 1597/1597/1597
f 1597/1597/1597 1693/1693/1693 1694/1694/1694
f 1597/1597/1597 1694/1694/1694 1598/1598/1598
f 1598/1598/1598 1694/1694/1694 1695/1695/1695
f 1598/1598/1598 1695/1695/1695 1599/1599/1599
f 1599/1599/1599 1695/1695/1695 1696/1696/1696
f 1599/1599/1599 1696/1696/1696 1600/1600/1600
f 1600/1600/1600 1696/1696/1696 1697/1697/1697
f 1600/1600/1600 1697/1697/1697 1601/1601/1601
f 1601/1601/1601 1697/1697/1697 1698/1698/1698
f 1601/1601/1601 1698/1698/1698 1602/1602/1602
f 1602/1602/1602 1698/1698/1698 1699/1699/1699
f 1602/1602/1602 1699/1699/1699 1603/1603/1603
f 1603/1603/1603 1699/1699/1699 1700/1700/1700
f 1603/1603/1603 1700/1700/1700 1604/1604/1604
f 1604/1604/1604 1700/1700/1700 1701/1701/1701
f 1604/1604/1604 1701/1701/1701 1605/1605/1605
f 1605/1605/1605 1701/1701/1701 1702/1702/1702
f 1605/1605/1605 1702/1702/1702 1606/1606/1606
f 1606/1606/1606 1702/1702/1702 1703/1703/1703
f 1606/1606/1606 1703/1703/1703 1607/1607/1607
f 1607/1607/1607 1703/1703/1703 1704/1704/1704
f 1607/1607/1607 1704/1704/1704 1608/1608/1608
f 1608/1608/1608 1704/1704/1704 1705/1705/1705
f 1608/1608/1608 1705/1705/1705 1609/1609/1609
f 1609/1609/1609 1705/1705/1705 1706/1706/1706
f 1609/1609/1609 1706/1706/1706 1610/1610/1610
f 1610/1610/1610 1706/1706/1706 1707/1707/1707
f 1610/1610/1610 1707/1707/1707 1611/1611/1611
f 1611/1611/1611 1707/1707/1707 1708/1708/1708
f 1611/1611/1611 1708/1708/1708 1612/1612/1612
f 1612/1612/1612 1708/1708/1708 1709/1709/1709
f 1612/1612/1612 1709/1709/1709 1613/1613/1613
f 1613/1613/1613 1709/1709/1709 1710/1710/1710
f 1613/1613/1613 1710/1710/1710 1614/1614/1614
f 1614/1614/1614 1710/1710/1710 1711/1711/1711
f 1614/1614/1614 1711/1711/1711 1615/1615/1615
f 1615/1615/1615 1711/1711/1711 1712/1712/1712
f 1615/1615/1615 1712/1712/1712 1616/1616/1616
f 1616/1616/1616 1712/1712/1712 1713/1713/1713
f 1616/1616/1616 1713/1713/1713 1617/1617/1617
f 1617/1617/1617 1713/1713/1713 1714/1714/1714
f 1617/1617/1617 1714/1714/1714 1618/1618/1618
f 1618/1618/1618 1714/1714/1714 1715/1715/1715
f 1618/1618/1618 1715/1715/1715 1619/1619/1619
f 1619/1619/1619 1715/1715/1715 1716/1716/1716
f 1619/1619/1619 1716/1716/1716 1620/1620/1620
f 1620/1620/1620 1716/1716/1716 1717/1717/1717
f 1620/1620/1620 1717/1717/1717 1621/1621/1621
f 1621/1621/1621 1717/1717/1717 1718/1718/1718
f 1621/1621/1621 1718/1718/1718 1622/1622/1622
f 1622/1622/1622 1718/1718/1718 1719/1719/1719
f 1622/1622/1622 1719/1719/1719 1623/1623/1623
f 1623/1623/1623 1719/1719/1719 1720/1720/1720
f 1623/1623/1623 1720/1720/1720 1624/1624/1624
f 1624/1624/1624 1720/1720/1720 1721/1721/1721
f 1624/1624/1624 1721/1721/1721 1625/1625/1625
f 1625/1625/1625 1721/1721/1721 1722/1722/1722
f 1625/1625/1625 1722/1722/1722 1626/1626/1626
f 1626/1626/1626 1722/1722/1722 1723/1723/1723
f 1626/1626/1626 1723/1723/1723 1627/1627/1627
f 1627/1627/1627 1723/1723/1723 1724/1724/1724
f 1627/1627/1627 1724/1724/1724 1628/1628/1628
f 1628/1628/1628 1724/1724/1724 1725/1725/1725
f 1628/1628/1628 1725/1725/1725 1629/1629/1629
f 1629/1629/1629 1725/1725/1725 1630/1630/1630
f 1629/1629/1629 1630/1630/1630 1534/1534/1534
f 1630/1630/1630 1726/1726/1726 1727/1727/1727
f 1630/1630/1630 1727/1727/1727 1631/1631/1631
f 1631/1631/1631 1727/1727/1727 1728/1728/1728
f 1631/1631/1631 1728/1728/1728 1632/1632/1632
f 1632/1632/1632 1728/1728/1728 1729/1729/1729
f 1632/1632/1632 1729/1729/1729 1633/1633/1633
f 1633/1633/1633 1729/1729/1729 1730/1730/1730
f 1633/1633/1633 1730/1730/1730 1634/1634/1634
f 1634/1634/1634 1730/1730/1730 1731/1731/1731
f 1634/1634/1634 1731/1731/1731 1635/1635/1635
f 1635/1635/1635 1731/1731/1731 1732/1732/1732
f 1635/1635/1635 1732/1732/1732 1636/1636/1636
f 1636/1636/1636 1732/1732/1732 1733/1733/1733
f 1636/1636/1636 1733/1733/1733 1637/1637/1637
f 1637/1637/1637 1733/1733/1733 1734/1734/1734
f 1637/1637/1637 1734/1734/1734 1638/1638/1638
f 1638/1638/1638 1734/1734/1734 1735/1735/1735
f 1638/1638/1638 1735/1735/1735 1639/1639/1639
f 1639/1639/1639 1735/1735/1735 1736/1736/1736
f 1639/1639/1639 1736/1736/1736 1640/1640/1640
f 1640/1640/1640 1736/1736/1736 1737/1737/1737
f 1640/1640/1640 1737/1737/1737 1641/1641/1641
f 1641/1641/1641 1737/1737/1737 1738/1738/1738
f 1641/1641/1641 1738/1738/1738 1642/1642/1642
f 1642/1642/1642 1738/1738/1738 1739/1739/1739
f 1642/1642/1642 1739/1739/1739 1643/1643/1643
f 1643/1643/1643 1739/1739/1739 1740/1740/1740
f 1643/1643/1643 1740/1740/1740 1644/1644/1644
f 1644/1644/1644 1740/1740/1740 1741/1741/1741
f 1644/1644/1644 1741/1741/1741 1645/1645/1645
f 1645/1645/1645 1741/1741/1741 1742/1742/1742
f 1645/1645/1645 1742/1742/1742 1646/1646/1646
f 1646/1646/1646 1742/1742/1742 1743/1743/1743
f 1646/1646/1646 1743/1743/1743 1647/1647/1647
f 1647/1647/1647 1743/1743/1743 1744/1744/1744
f 1647/1647/1647 1744/1744/1744 1648/1648/1648
f 1648/1648/1648 1744/1744/1744 1745/1745/1745
f 1648/1648/1648 1745/1745/1745 1649/1649/1649
f 1649/1649/1649 1745/1745/1745 1746/1746/1746
f 1649/1649/1649 1746/1746/1746 1650/1650/1650
f 1650/1650/1650 1746/1746/1746 1747/1747/1747
f 1650/1650/1650 1747/1747/1747 1651/1651/1651
f 1651/1651/1651 1747/1747/1747 1748/1748/1748
f 1651/1651/1651 1748/1748/1748 1652/1652/1652
f 1652/1652/1652 1748/1748/1748 1749/1749/1749
f 1652/1652/1652 1749/1749/1749 1653/1653/1653
f 1653/1653/1653 1749/1749/1749 1750/1750/1750
f 1653/1653/1653 1750/1750/1750 1654/1654/1654
f 1654/1654/1654 1750/1750/1750 1751/1751/1751
f 1654/1654/1654 1751/1751/1751 1655/1655/1655
f 1655/1655/1655 1751/1751/1751 1752/1752/1752
f 1655/1655/1655 1752/1752/1752 1656/1656/1656
f 1656/1656/1656 1752/1752/1752 1753/1753/1753
f 1656/1656/1656 1753/1753/1753 1657/1657/1657
f 1657/1657/1657 1753/1753/1753 1754/1754/1754
f 1657/1657/1657 1754/1754/1754 1658/1658/1658
f 1658/1658/1658 1754/1754/1754 1755/1755/1755
f 1658/1658/1658 1755/1755/1755 1659/1659/1659
f 1659/1659/1659 1755/1755/1755 1756/1756/1756
f 1659/1659/1659 1756/1756/1756 1660/1660/1660
f 1660/1660/1660 1756/1756/1756 1757/1757/1757
f 1660/1660/1660 1757/1757/1757 1661/1661/1661
f 1661/1661/1661 1757/1757/1757 1758/1758/1758
f 1661/1661/1661 1758/1758/1758 1662/1662/1662
f 1662/1662/1662 1758/1758/1758 1759/1759/1759
f 1662/1662/1662 1759/1759/1759 1663/1663/1663
f 1663/1663/1663 1759/1759/1759 1760/1760/1760
f 1663/1663/1663 1760/1760/1760 1664/1664/1664
f 1664/1664/1664 1760/1760/1760 1761/1761/1761
f 1664/1664/1664 1761/1761/1761 1665/1665/1665
f 1665/1665/1665 1761/1761/1761 1762/1762/1762
f 1665/1665/1665 1762/1762/1762 1666/1666/1666
f 1666/1666/1666 1762/1762/1762 1763/1763/1763
f 1666/1666/1666 1763/1763/1763 1667/1667/1667
f 1667/1667/1667 1763/1763/1763 1764/1764/1764
f 1667/1667/1667 1764/1764/1764 1668/1668/1668
f 1668/1668/1668 1764/1764/1764 1765/1765/1765
f 1668/1668/1668 1765/1765/1765 1669/1669/1669
f 1669/1669/1669 1765/1765/1765 1766/1766/1766
f 1669/1669/1669 1766/1766/1766 1670/1670/1670
f 1670/1670/1670 1766/1766/1766 1767/1767/1767
f 1670/1670/1670 1767/1767/1767 1671/1671/1671
f 1671/1671/1671 1767/1767/1767 1768/1768/1768
f 1671/1671/1671 1768/1768/1768 1672/1672/1672
f 1672/1672/1672 1768/1768/1768 1769/1769/1769
f 1672/1672/1672 1769/1769/1769 1673/1673/1673
f 1673/1673/1673 1769/1769/1769 1770/1770/1770
f 1673/1673/1673 1770/1770/1770 1674/1674/1674
f 1674/1674/1674 1770/1770/1770 1771/1771/1771
f 1674/1674/1674 1771/1771/1771 1675/1675/1675
f 1675/1675/1675 1771/1771/1771 1772/1772/1772
f 1675/1675/1675 1772/1772/1772 1676/1676/1676
f 1676/1676/1676 1772/1772/1772 1773/1773/1773
f 1676/1676/1676 1773/1773/1773 1677/1677/1677
f 1677/1677/1677 1773/1773/1773 1774/1774/1774
f 1677/1677/1677 1774/1774/1774 1678/1678/1678
f 1678/1678/1678 1774/1774/1774 1775/1775/1775
f 1678/1678/1678 1775/1775/1775 1679/1679/1679
f 1679/1679/1679 1775/1775/1775 1776/1776/1776
f 1679/1679/1679 1776/1776/1776 1680/1680/1680
f 1680/1680/1680 1776/1776/1776 1777/1777/1777
f 1680/1680/1680 1777/1777/1777 1681/1681/1681
f 1681/1681/1681 1777/1777/1777 1778/1778/1778
f 1681/1681/1681 1778/1778/1778 1682/1682/1682
f 1682/1682/1682 1778/1778/1778 1779/1779/1779
f 1682/1682/1682 1779/1779/1779 1683/1683/1683
f 1683/1683/1683 1779/1779/1779 1780/1780/1780
f 1683/1683/1683 1780/1780/1780 1684/1684/1684
f 1684/1684/1684 1780/1780/1780 1781/1781/1781
f 1684/1684/1684 1781/1781/1781 1685/1685/1685
f 1685/1685/1685 1781/1781/1781 1782/1782/1782
f 1685/1685/1685 1782/1782/1782 1686/1686/1686
f 1686/1686/1686 1782/1782/1782 1783/1783/1783
f 1686/1686/1686 1783/1783/1783 1687/1687/1687
f 1687/1687/1687 1783/1783/1783 1784/1784/1784
f 1687/1687/1687 1784/1784/1784 1688/1688/1688
f 1688/1688/1688 1784/1784/1784 1785/1785/1785
f 1688/1688/1688 1785/1785/1785 1689/1689/1689
f 1689/1689/1689 1785/1785/1785 1786/1786/1786
f 1689/1689/1689 1786/1786/1786 1690/1690/1690
f 1690/1690/1690 1786/1786/1786 1787/1787/1787
f 1690/1690/1690 1787/1787/1787 1691/1691/1691
f 1691/1691/1691 1787/1787/1787 1788/1788/1788
f 1691/1691/1691 1788/1788/1788 1692/1692/1692
f 1692/1692/1692 1788/1788/1788 1789/1789/1789
f 1692/1692/1692 1789/1789/1789 1693/1693/1693
f 1693/1693/1693 1789/1789/1789 1790/1790/1790
f 1693/1693/1693 1790/1790/1790 1694/1694/1694
f 1694/1694/1694 1790/1790/1790 1791/1791/1791
f 1694/1694/1694 1791/1791/1791 1695/1695/1695
f 1695/1695/1695 1791/1791/1791 1792/1792/1792
f 1695/1695/1695 1792/1792/1792 1696/1696/1696
f 1696/1696/1696 1792/1792/1792 1793/1793/1793
f 1696/1696/1696 1793/1793/1793 1697/1697/1697
f 1697/1697/1697 1793/1793/1793 1794/1794/1794
f 1697/1697/1697 1794/1794/1794 1698/1698/1698
f 1698/1698/1698 1794/1794/1794 1795/1795/1795
f 1698/1698/1698 1795/1795/1795 1699/1699/1699
f 1699/1699/1699 1795/1795/1795 1796/1796/1796
f 1699/1699/1699 1796/1796/1796 1700/1700/1700
f 1700/1700/1700 1796/1796/1796 1797/1797/1797
f 1700/1700/1700 1797/1797/1797 1701/1701/1701
f 1701/1701/1701 1797/1797/1797 1798/1798/1798
f 1701/1701/1701 1798/1798/1798 1702/1702/1702
f 1702/1702/1702 1798/1798/1798 1799/1799/1799
f 1702/1702/1702 1799/1799/1799 1703/1703/1703
f 1703/1703/1703 1799/1799/1799 1800/1800/1800
f 1703/1703/1703 1800/1800/1800 1704/1704/1704
f 1704/1704/1704 1800/1800/1800 1801/1801/1801
f 1704/1704/1704 1801/1801/1801 1705/1705/1705
f 1705/1705/1705 1801/1801/1801 1802/1802/1802
f 1705/1705/1705 1802/1802/1802 1706/1706/1706
f 1706/1706/1706 1802/1802/1802 1803/1803/1803
f 1706/1706/1706 1803/1803/1803 1707/1707/1707
f 1707/1707/1707 1803/1803/1803 1804/1804/1804
f 1707/1707/1707 1804/1804/1804 1708/1708/1708
f 1708/1708/1708 1804/1804/1804 1805/1805/1805
f 1708/1708/1708 1805/1805/1805 1709/1709/1709
f 1709/1709/1709 1805/1805/1805 1806/1806/1806
f 1709/1709/1709 1806/1806/1806 1710/1710/1710
f 1710/1710/1710 1806/1806/1806 1807/1807/1807
f 1710/1710/1710 1807/1807/1807 1711/1711/1711
f 1711/1711/1711 1807/1807/1807 1808/1808/1808
f 1711/1711/1711 1808/1808/1808 1712/1712/1712
f 1712/1712/1712 1808/1808/1808 1809/1809/1809
f 1712/1712/1712 1809/1809/1809 1713/1713/1713
f 1713/1713/1713 1809/1809/1809 1810/1810/1810
f 1713/1713/1713 1810/1810/1810 1714/1714/1714
f 1714/1714/1714 1810/1810/1810 1811/1811/1811
f 1714/1714/1714 1811/1811/1811 1715/1715/1715
f 1715/1715/1715 1811/1811/1811 1812/1812/1812
f 1715/1715/1715 1812/1812/1812 1716/1716/1716
f 1716/1716/1716 1812/1812/1812 1813/1813/1813
f 1716/1716/1716 1813/1813/1813 1717/1717/1717
f 1717/1717/1717 1813/1813/1813 1814/1814/1814
f 1717/1717/1717 1814/1814/1814 1718/1718/1718
f 1718/1718/1718 1814/1814/1814 1815/1815/1815
f 1718/1718/1718 1815/1815/1815 1719/1719/1719
f 1719/1719/1719 1815/1815/1815 1816/1816/1816
f 1719/1719/1719 1816/1816/1816 1720/1720/1720
f 1720/1720/1720 1816/1816/1816 1817/1817/1817
f 1720/1720/1720 1817/1817/1817 1721/1721/1721
f 1721/1721/1721 1817/1817/1817 1818/1818/1818
f 1721/1721/1721 1818/1818/1818 1722/1722/1722
f 1722/1722/1722 1818/1818/1818 1819/1819/1819
f 1722/1722/1722 1819/1819/1819 1723/1723/1723
f 1723/1723/1723 1819/1819/1819 1820/1820/1820
f 1723/1723/1723 1820/1820/1820 1724/1724/1724
f 1724/1724/1724 1820/1820/1820 1821/1821/1821
f 1724/1724/1724 1821/1821/1821 1725/1725/1725
f 1725/1725/1725 1821/1821/1821 1726/1726/1726
f 1725/1725/1725 1726/1726/1726 1630/1630/1630
f 1726/1726/1726 3643/3643/3643 3644/3644/3644
f 1726/1726/1726 3644/3644/3644 1727/1727/1727
f 1727/1727/1727 3644/3644/3644 3645/3645/3645
f 1727/1727/1727 3645/3645/3645 1728/1728/1728
f 1728/1728/1728 3645/3645/3645 3646/3646/3646
f 1728/1728/1728 3646/3646/3646 1729/1729/1729
f 1729/1729/1729 3646/3646/3646 3647/3647/3647
f 1729/1729/1729 3647/3647/3647 1730/1730/1730
f 1730/1730/1730 3647/3647/3647 3648/3648/3648
f 1730/1730/1730 3648/3648/3648 1731/1731/1731
f 1731/1731/1731 3648/3648/3648 3649/3649/3649
f 1731/1731/1731 3649/3649/3649 1732/1732/1732
f 1732/1732/1732 3649/3649/3649 3650/3650/3650
f 1732/1732/1732 3650/3650/3650 1733/1733/1733
f 1733/1733/1733 3650/3650/3650 3651/3651/3651
f 1733/1733/1733 3651/3651/3651 1734/1734/1734
f 1734/1734/1734 3651/3651/3651 3652/3652/3652
f 1734/1734/1734 3652/3652/3652 1735/1735/1735
f 1735/1735/1735 3652/3652/3652 3653/3653/3653
f 1735/1735/1735 3653/3653/3653 1736/1736/1736
f 1736/1736/1736 3653/3653/3653 3654/3654/3654
f 1736/1736/1736 3654/3654/3654 1737/1737/1737
f 1737/1737/1737 3654/3654/3654 3655/3655/3655
f 1737/1737/1737 3655/3655/3655 1738/1738/1738
f 1738/1738/1738 3655/3655/3655 3656/3656/3656
f 1738/1738/1738 3656/3656/3656 1739/1739/1739
f 1739/1739/1739 3656/3656/3656 3657/3657/3657
f 1739/1739/1739 3657/3657/3657 1740/1740/1740
f 1740/1740/1740 3657/3657/3657 3658/3658/3658
f 1740/1740/1740 3658/3658/3658 1741/1741/1741
f 1741/1741/1741 3658/3658/3658 3659/3659/3659
f 1741/1741/1741 3659/3659/3659 1742/1742/1742
f 1742/1742/1742 3659/3659/3659 3660/3660/3660
f 1742/1742/1742 3660/3660/3660 1743/1743/1743
f 1743/1743/1743 3660/3660/3660 3661/3661/3661
f 1743/1743/1743 3661/3661/3661 1744/1744/1744
f 1744/1744/1744 3661/3661/3661 3662/3662/3662
f 1744/1744/1744 3662/3662/3662 1745/1745/1745
f 1745/1745/1745 3662/3662/3662 3663/3663/3663
f 1745/1745/1745 3663/3663/3663 1746/1746/1746
f 1746/1746/1746 3663/3663/3663 3664/3664/3664
f 1746/1746/1746 3664/3664/3664 1747/1747/1747
f 1747/1747/1747 3664/3664/3664 3665/3665/3665
f 1747/1747/1747 3665/3665/3665 1748/1748/1748
f 1748/1748/1748 3665/3665/3665 3666/3666/3666
f 1748/1748/1748 3666/3666/3666 1749/1749/1749
f 1749/1749/1749 3666/3666/3666 3667/3667/3667
f 1749/1749/1749 3667/3667/3667 1750/1750/1750
f 1750/1750/1750 3667/3667/3667 3668/3668/3668
f 1750/1750/1750 3668/3668/3668 1751/1751/1751
f 1751/1751/1751 3668/3668/3668 3669/3669/3669
f 1751/1751/1751 3669/3669/3669 1752/1752/1752
f 1752/1752/1752 3669/3669/3669 3670/3670/3670
f 1752/1752/1752 3670/3670/3670 1753/1753/1753
f 1753/1753/1753 3670/3670/3670 3671/3671/3671
f 1753/1753/1753 3671/3671/3671 1754/1754/1754
f 1754/1754/1754 3671/3671/3671 3672/3672/3672
f 1754/1754/1754 3672/3672/3672 1755/1755/1755
f 1755/1755/1755 3672/3672/3672 3673/3673/3673
f 1755/1755/1755 3673/3673/3673 1756/1756/1756
f 1756/1756/1756 3673/3673/3673 3674/3674/3674
f 1756/1756/1756 3674/3674/3674 1757/1757/1757
f 1757/1757/1757 3674/3674/3674 3675/3675/3675
f 1757/1757/1757 3675/3675/3675 1758/1758/1758
f 1758/1758/1758 3675/3675/3675 3676/3676/3676
f 1758/1758/1758 3676/3676/3676 1759/1759/1759
f 1759/1759/1759 3676/3676/3676 3677/3677/3677
f 1759/1759/1759 3677/3677/3677 1760/1760/1760
f 1760/1760/1760 3677/3677/3677 3678/3678/3678
f 1760/1760/1760 3678/3678/3678 1761/1761/1761
f 1761/1761/1761 3678/3678/3678 3679/3679/3679
f 1761/1761/1761 3679/3679/3679 1762/1762/1762
f 1762/1762/1762 3679/3679/3679 3680/3680/3680
f 1762/1762/1762 3680/3680/3680 1763/1763/1763
f 1763/1763/1763 3680/3680/3680 3681/3681/3681
f 1763/1763/1763 3681/3681/3681 1764/1764/1764
f 1764/1764/1764 3681/3681/3681 3682/3682/3682
f 1764/1764/1764 3682/3682/3682 1765/1765/1765
f 1765/1765/1765 3682/3682/3682 3683/3683/3683
f 1765/1765/1765 3683/3683/3683 1766/1766/1766
f 1766/1766/1766 3683/3683/3683 3684/3684/3684
f 1766/1766/1766 3684/3684/3684 1767/1767/1767
f 1767/1767/1767 3684/3684/3684 3685/3685/3685
f 1767/1767/1767 3685/3685/3685 1768/1768/1768
f 1768/1768/1768 3685/3685/3685 3686/3686/3686
f 1768/1768/1768 3686/3686/3686 1769/1769/1769
f 1769/1769/1769 3686/3686/3686 3687/3687/3687
f 1769/1769/1769 3687/3687/3687 1770/1770/1770
f 1770/1770/1770 3687/3687/3687 3688/3688/3688
f 1770/1770/1770 3688/3688/3688 1771/1771/1771
f 1771/1771/1771 3688/3688/3688 3689/3689/3689
f 1771/1771/1771 3689/3689/3689 1772/1772/1772
f 1772/1772/1772 3689/3689/3689 3690/3690/3690
f 1772/1772/1772 3690/3690/3690 1773/1773/1773
f 1773/1773/1773 3690/3690/3690 3691/3691/3691
f 1773/1773/1773 3691/3691/3691 1774/1774/1774
f 1774/1774/1774 3691/3691/3691 3692/3692/3692
f 1774/1774/1774 3692/3692/3692 1775/1775/1775
f 1775/1775/1775 3692/3692/3692 3693/3693/3693
f 1775/1775/1775 3693/3693/3693 1776/1776/1776
f 1776/1776/1776 3693/3693/3693 3694/3694/3694
f 1776/1776/1776 3694/3694/3694 1777/1777/1777
f 1777/1777/1777 3694/3694/3694 3695/3695/3695
f 1777/1777/1777 3695/3695/3695 1778/1778/1778
f 1778/1778/1778 3695/3695/3695 3696/3696/3696
f 1778/1778/1778 3696/3696/3696 1779/1779/1779
f 1779/1779/1779 3696/3696/3696 3697/3697/3697
f 1779/1779/1779 3697/3697/3697 1780/1780/1780
f 1780/1780/1780 3697/3697/3697 3698/3698/3698
f 1780/1780/1780 3698/3698/3698 1781/1781/1781
f 1781/1781/1781 3698/3698/3698 3699/3699/3699
f 1781/1781/1781 3699/3699/3699 1782/1782/1782
f 1782/1782/1782 3699/3699/3699 3700/3700/3700
f 1782/1782/1782 3700/3700/3700 1783/1783/1783
f 1783/1783/1783 3700/3700/3700 3701/3701/3701
f 1783/1783/1783 3701/3701/3701 1784/1784/1784
f 1784/1784/1784 3701/3701/3701 3702/3702/3702
f 1784/1784/1784 3702/3702/3702 1785/1785/1785
f 1785/1785/1785 3702/3702/3702 3703/3703/3703
f 1785/1785/1785 3703/3703/3703 1786/1786/1786
f 1786/1786/1786 3703/3703/3703 3704/3704/3704
f 1786/1786/1786 3704/3704/3704 1787/1787/1787
f 1787/1787/1787 3704/3704/3704 3705/3705/3705
f 1787/1787/1787 3705/3705/3705 1788/1788/1788
f 1788/1788/1788 3705/3705/3705 3706/3706/3706
f 1788/1788/1788 3706/3706/3706 1789/1789/1789
f 1789/1789/1789 3706/3706/3706 3707/3707/3707
f 1789/1789/1789 3707/3707/3707 1790/1790/1790
f 1790/1790/1790 3707/3707/3707 3708/3708/3708
f 1790/1790/1790 3708/3708/3708 1791/1791/1791
f 1791/1791/1791 3708/3708/3708 3709/3709/3709
f 1791/1791/1791 3709/3709/3709 1792/1792/1792
f 1792/1792/1792 3709/3709/3709 3710/3710/3710
f 1792/1792/1792 3710/3710/3710 1793/1793/1793
f 1793/1793/1793 3710/3710/3710 3711/3711/3711
f 1793/1793/1793 3711/3711/3711 1794/1794/1794
f 1794/1794/1794 3711/3711/3711 3712/3712/3712
f 1794/1794/1794 3712/3712/3712 1795/1795/1795
f 1795/1795/1795 3712/3712/3712 3713/3713/3713
f 1795/1795/1795 3713/3713/3713 1796/1796/1796
f 1796/1796/1796 3713/3713/3713 3714/3714/3714
f 1796/1796/1796 3714/3714/3714 1797/1797/1797
f 1797/1797/1797 3714/3714/3714 3715/3715/3715
f 1797/1797/1797 3715/3715/3715 1798/1798/1798
f 1798/1798/1798 3715/3715/3715 3716/3716/3716
f 1798/1798/1798 3716/3716/3716 1799/1799/1799
f 1799/1799/1799 3716/3716/3716 3717/3717/3717
f 1799/1799/1799 3717/3717/3717 1800/1800/1800
f 1800/1800/1800 3717/3717/3717 3718/3718/3718
f 1800/1800/1800 3718/3718/3718 1801/1801/1801
f 1801/1801/1801 3718/3718/3718 3719/3719/3719
f 1801/1801/1801 3719/3719/3719 1802/1802/1802
f 1802/1802/1802 3719/3719/3719 3720/3720/3720
f 1802/1802/1802 3720/3720/3720 1803/1803/1803
f 1803/1803/1803 3720/3720/3720 3721/3721/3721
f 1803/1803/1803 3721/3721/3721 1804/1804/1804
f 1804/1804/1804 3721/3721/3721 3722/3722/3722
f 1804/1804/1804 3722/3722/3722 1805/1805/1805
f 1805/1805/1805 3722/3722/3722 3723/3723/3723
f 1805/1805/1805 3723/3723/3723 1806/1806/1806
f 1806/1806/1806 3723/3723/3723 3724/3724/3724
f 1806/1806/1806 3724/3724/3724 1807/1807/1807
f 1807/1807/1807 3724/3724/3724 3725/3725/3725
f 1807/1807/1807 3725/3725/3725 1808/1808/1808
f 1808/1808/1808 3725/3725/3725 3726/3726/3726
f 1808/1808/1808 3726/3726/3726 1809/1809/1809
f 1809/1809/1809 3726/3726/3726 3727/3727/3727
f 1809/1809/1809 3727/3727/3727 1810/1810/1810
f 1810/1810/1810 3727/3727/3727 3728/3728/3728
f 1810/1810/1810 3728/3728/3728 1811/1811/1811
f 1811/1811/1811 3728/3728/3728 3729/3729/3729
f 1811/1811/1811 3729/3729/3729 1812/1812/1812
f 1812/1812/1812 3729/3729/3729 3730/3730/3730
f 1812/1812/1812 3730/3730/3730 1813/1813/1813
f 1813/1813/1813 3730/3730/3730 3731/3731/3731
f 1813/1813/1813 3731/3731/3731 1814/1814/1814
f 1814/1814/1814 3731/3731/3731 3732/3732/3732
f 1814/1814/1814 3732/3732/3732 1815/1815/1815
f 1815/1815/1815 3732/3732/3732 3733/3733/3733
f 1815/1815/1815 3733/3733/3733 1816/1816/1816
f 1816/1816/1816 3733/3733/3733 3734/3734/3734
f 1816/1816/1816 3734/3734/3734 1817/1817/1817
f 1817/1817/1817 3734/3734/3734 3735/3735/3735
f 1817/1817/1817 3735/3735/3735 1818/1818/1818
f 1818/1818/1818 3735/3735/3735 3736/3736/3736
f 1818/1818/1818 3736/3736/3736 1819/1819/1819
f 1819/1819/1819 3736/3736/3736 3737/3737/3737
f 1819/1819/1819 3737/3737/3737 1820/1820/1820
f 1820/1820/1820 3737/3737/3737 3738/3738/3738
f 1820/1820/1820 3738/3738/3738 1821/1821/1821
f 1821/1821/1821 3738/3738/3738 3643/3643/3643
f 1821/1821/1821 3643/3643/3643 1726/1726/1726
f 1822/1822/1822 1824/1824/1824 1916/1916/1916
f 1822/1822/1822 1825/1825/1825 1824/1824/1824
f 1822/1822/1822 1826/1826/1826 1825/1825/1825
f 1822/1822/1822 1827/1827/1827 1826/1826/1826
f 1822/1822/1822 1828/1828/1828 1827/1827/1827
f 1822/1822/1822 1829/1829/1829 1828/1828/1828
f 1822/1822/1822 1830/1830/1830 1829/1829/1829
f 1822/1822/1822 1831/1831/1831 1830/1830/1830
f 1822/1822/1822 1832/1832/1832 1831/1831/1831
f 1822/1822/1822 1833/1833/1833 1832/1832/1832
f 1822/1822/1822 1834/1834/1834 1833/1833/1833
f 1822/1822/1822 1835/1835/1835 1834/1834/1834
f 1822/1822/1822 1836/1836/1836 1835/1835/1835
f 1822/1822/1822 1837/1837/1837 1836/1836/1836
f 1822/1822/1822 1838/1838/1838 1837/1837/1837
f 1822/1822/1822 1839/1839/1839 1838/1838/1838
f 1822/1822/1822 1840/1840/1840 1839/1839/1839
f 1822/1822/1822 1841/1841/1841 1840/1840/1840
f 1822/1822/1822 1842/1842/1842 1841/1841/1841
f 1822/1822/1822 1843/1843/1843 1842/1842/1842
f 1822/1822/1822 1844/1844/1844 1843/1843/1843
f 1822/1822/1822 1845/1845/1845 1844/1844/1844
f 1822/1822/1822 1846/1846/1846 1845/1845/1845
f 1822/1822/1822 1847/1847/1847 1846/1846/1846
f 1822/1822/1822 1848/1848/1848 1847/1847/1847
f 1822/1822/1822 1849/1849/1849 1848/1848/1848
f 1822/1822/1822 1850/1850/1850 1849/1849/1849
f 1822/1822/1822 1851/1851/1851 1850/1850/1850
f 1822/1822/1822 1852/1852/1852 1851/1851/1851
f 1822/1822/1822 1853/1853/1853 1852/1852/1852
f 1822/1822/1822 1854/1854/1854 1853/1853/1853
f 1822/1822/1822 1855/1855/1855 1854/1854/1854
f 1822/1822/1822 1856/1856/1856 1855/1855/1855
f 1822/1822/1822 1857/1857/1857 1856/1856/1856
f 1822/1822/1822 1858/1858/1858 1857/1857/1857
f 1822/1822/1822 1859/1859/1859 1858/1858/1858
f 1822/1822/1822 1860/1860/1860 1859/1859/1859
f 1822/1822/1822 1861/1861/1861 1860/1860/1860
f 1822/1822/1822 1862/1862/1862 1861/1861/1861
f 1822/1822/1822 1863/1863/1863 1862/1862/1862
f 1822/1822/1822 1864/1864/1864 1863/1863/1863
f 1822/1822/1822 1865/1865/1865 1864/1864/1864
f 1822/1822/1822 1866/1866/1866 1865/1865/1865
f 1822/1822/1822 1867/1867/1867 1866/1866/1866
f 1822/1822/1822 1868/1868/1868 1867/1867/1867
f 1822/1822/1822 1870/1870/1870 1868/1868/1868
f 1822/1822/1822 1870/1870/1870 1869/1869/1869
f 1822/1822/1822 1871/1871/1871 1870/1870/1870
f 1822/1822/1822 1872/1872/1872 1871/1871/1871
f 1822/1822/1822 1873/1873/1873 1872/1872/1872
f 1822/1822/1822 1874/1874/1874 1873/1873/1873
f 1822/1822/1822 1875/1875/1875 1874/1874/1874
f 1822/1822/1822 1876/1876/1876 1875/1875/1875
f 1822/1822/1822 1877/1877/1877 1876/1876/1876
f 1822/1822/1822 1878/1878/1878 1877/1877/1877
f 1822/1822/1822 1879/1879/1879 1878/1878/1878
f 1822/1822/1822 1880/1880/1880 1879/1879/1879
f 1822/1822/1822 1881/1881/1881 1880/1880/1880
f 1822/1822/1822 1882/1882/1882 1881/1881/1881
f 1822/1822/1822 1883/1883/1883 1882/1882/1882
f 1822/1822/1822 1884/1884/1884 1883/1883/1883
f 1822/1822/1822 1885/1885/1885 1884/1884/1884
f 1822/1822/1822 1886/1886/1886 1885/1885/1885
f 1822/1822/1822 1887/1887/1887 1886/1886/1886
f 1822/1822/1822 1888/1888/1888 1887/1887/1887
f 1822/1822/1822 1889/1889/1889 1888/1888/1888
f 1822/1822/1822 1890/1890/1890 1889/1889/1889
f 1822/1822/1822 1891/1891/1891 1890/1890/1890
f 1822/1822/1822 1892/1892/1892 1891/1891/1891
f 1822/1822/1822 1893/1893/1893 1892/1892/1892
f 1822/1822/1822 1894/1894/1894 1893/1893/1893
f 1822/1822/1822 1895/1895/1895 1894/1894/1894
f 1822/1822/1822 1896/1896/1896 1895/1895/1895
f 1822/1822/1822 1897/1897/1897 1896/1896/1896
f 1822/1822/1822 1898/1898/1898 1897/1897/1897
f 1822/1822/1822 1899/1899/1899 1898/1898/1898
f 1822/1822/1822 1900/1900/1900 1899/1899/1899
f 1822/1822/1822 1901/1901/1901 1900/1900/1900
f 1822/1822/1822 1902/1902/1902 1901/1901/1901
f 1822/1822/1822 1903/1903/1903 1902/1902/1902
f 1822/1822/1822 1904/1904/1904 1903/1903/1903
f 1822/1822/1822 1905/1905/1905 1904/1904/1904
f 1822/1822/1822 1906/1906/1906 1905/1905/1905
f 1822/1822/1822 1907/1907/1907 1906/1906/1906
f 1822/1822/1822 1908/1908/1908 1907/1907/1907
f 1822/1822/1822 1909/1909/1909 1908/1908/1908
f 1822/1822/1822 1910/1910/1910 1909/1909/1909
f 1822/1822/1822 1911/1911/1911 1910/1910/1910
f 1822/1822/1822 1912/1912/1912 1911/1911/1911
f 1822/1822/1822 1913/1913/1913 1912/1912/1912
f 1822/1822/1822 1914/1914/1914 1913/1913/1913
f 1822/1822/1822 1915/1915/1915 1914/1914/1914
f 1822/1822/1822 1916/1916/1916 1915/1915/1915
f 1822/1822/1822 1823/1823/1823 1916/1916/1916
f 1916/1916/1916 1824/1824/1824 1918/1918/1918
f 1916/1916/1916 1918/1918/1918 2010/2010/2010
f 1824/1824/1824 1825/1825/1825 1919/1919/1919
f 1824/1824/1824 1919/1919/1919 1918/1918/1918
f 1825/1825/1825 1826/1826/1826 1920/1920/1920
f 1825/1825/1825 1920/1920/1920 1919/1919/1919
f 1826/1826/1826 1827/1827/1827 1921/1921/1921
f 1826/1826/1826 1921/1921/1921 1920/1920/1920
f 1827/1827/1827 1828/1828/1828 1922/1922/1922
f 1827/1827/1827 1922/1922/1922 1921/1921/1921
f 1828/1828/1828 1829/1829/1829 1923/1923/1923
f 1828/1828/1828 1923/1923/1923 1922/1922/1922
f 1829/1829/1829 1830/1830/1830 1924/1924/1924
f 1829/1829/1829 1924/1924/1924 1923/1923/1923
f 1830/1830/1830 1831/1831/1831 1925/1925/1925
f 1830/1830/1830 1925/1925/1925 1924/1924/1924
f 1831/1831/1831 1832/1832/1832 1926/1926/1926
f 1831/1831/1831 1926/1926/1926 1925/1925/1925
f 1832/1832/1832 1833/1833/1833 1927/1927/1927
f 1832/1832/1832 1927/1927/1927 1926/1926/1926
f 1833/1833/1833 1834/1834/1834 1928/1928/1928
f 1833/1833/1833 1928/1928/1928 1927/1927/1927
f 1834/1834/1834 1835/1835/1835 1929/1929/1929
f 1834/1834/1834 1929/1929/1929 1928/1928/1928
f 1835/1835/1835 1836/1836/1836 1930/1930/1930
f 1835/1835/1835 1930/1930/1930 1929/1929/1929
f 1836/1836/1836 1837/1837/1837 1931/1931/1931
f 1836/1836/1836 1931/1931/1931 1930/1930/1930
f 1837/1837/1837 1838/1838/1838 1932/1932/1932
f 1837/1837/1837 1932/1932/1932 1931/1931/1931
f 1838/1838/1838 1839/1839/1839 1933/1933/1933
f 1838/1838/1838 1933/1933/1933 1932/1932/1932
f 1839/1839/1839 1840/1840/1840 1934/1934/1934
f 1839/1839/1839 1934/1934/1934 1933/1933/1933
f 1840/1840/1840 1841/1841/1841 1935/1935/1935
f 1840/1840/1840 1935/1935/1935 1934/1934/1934
f 1841/1841/1841 1842/1842/1842 1936/1936/1936
f 1841/1841/1841 1936/1936/1936 1935/1935/1935
f 1842/1842/1842 1843/1843/1843 1937/1937/1937
f 1842/1842/1842 1937/1937/1937 1936/1936/1936
f 1843/1843/1843 1844/1844/1844 1938/1938/1938
f 1843/1843/1843 1938/1938/1938 1937/1937/1937
f 1844/1844/1844 1845/1845/1845 1939/1939/1939
f 1844/1844/1844 1939/1939/1939 1938/1938/1938
f 1845/1845/1845 1846/1846/1846 1940/1940/1940
f 1845/1845/1845 1940/1940/1940 1939/1939/1939
f 1846/1846/1846 1847/1847/1847 1941/1941/1941
f 1846/1846/1846 1941/1941/1941 1940/1940/1940
f 1847/1847/1847 1848/1848/1848 1942/1942/1942
f 1847/1847/1847 1942/1942/1942 1941/1941/1941
f 1848/1848/1848 1849/1849/1849 1943/1943/1943
f 1848/1848/1848 1943/1943/1943 1942/1942/1942
f 1849/1849/1849 1850/1850/1850 1944/1944/1944
f 1849/1849/1849 1944/1944/1944 1943/1943/1943
f 1850/1850/1850 1851/1851/1851 1945/1945/1945
f 1850/1850/1850 1945/1945/1945 1944/1944/1944
f 1851/1851/1851 1852/1852/1852 1946/1946/1946
f 1851/1851/1851 1946/1946/1946 1945/1945/1945
f 1852/1852/1852 1853/1853/1853 1947/1947/1947
f 1852/1852/1852 1947/1947/1947 1946/1946/1946
f 1853/1853/1853 1854/1854/1854 1948/1948/1948
f 1853/1853/1853 1948/1948/1948 1947/1947/1947
f 1854/1854/1854 1855/1855/1855 1949/1949/1949
f 1854/1854/1854 1949/1949/1949 1948/1948/1948
f 1855/1855/1855 1856/1856/1856 1950/1950/1950
f 1855/1855/1855 1950/1950/1950 1949/1949/1949
f 1856/1856/1856 1857/1857/1857 1951/1951/1951
f 1856/1856/1856 1951/1951/1951 1950/1950/1950
f 1857/1857/1857 1858/1858/1858 1952/1952/1952
f 1857/1857/1857 1952/1952/1952 1951/1951/1951
f 1858/1858/1858 1859/1859/1859 1953/1953/1953
f 1858/1858/1858 1953/1953/1953 1952/1952/1952
f 1859/1859/1859 1860/1860/1860 1954/1954/1954
f 1859/1859/1859 1954/1954/1954 1953/1953/1953
f 1860/1860/1860 1861/1861/1861 1955/1955/1955
f 1860/1860/1860 1955/1955/1955 1954/1954/1954
f 1861/1861/1861 1862/1862/1862 1956/1956/1956
f 1861/1861/1861 1956/1956/1956 1955/1955/1955
f 1862/1862/1862 1863/1863/1863 1957/1957/1957
f 1862/1862/1862 1957/1957/1957 1956/1956/1956
f 1863/1863/1863 1864/1864/1864 1958/1958/1958
f 1863/1863/1863 1958/1958/1958 1957/1957/1957
f 1864/1864/1864 1865/1865/1865 1959/1959/1959
f 1864/1864/1864 1959/1959/1959 1958/1958/1958
f 1865/1865/1865 1866/1866/1866 1960/1960/1960
f 1865/1865/1865 1960/1960/1960 1959/1959/1959
f 1866/1866/1866 1867/1867/1867 1961/1961/1961
f 1866/1866/1866 1961/1961/1961 1960/1960/1960
f 1867/1867/1867 1868/1868/1868 1962/1962/1962
f 1867/1867/1867 1962/1962/1962 1961/1961/1961
f 1868/1868/1868 1870/1870/1870 1964/1964/1964
f 1868/1868/1868 1964/1964/1964 1962/1962/1962
f 1869/1869/1869 1870/1870/1870 1964/1964/1964
f 1869/1869/1869 1964/1964/1964 1963/1963/1963
f 1870/1870/1870 1871/1871/1871 1965/1965/1965
f 1870/1870/1870 1965/1965/1965 1964/1964/1964
f 1871/1871/1871 1872/1872/1872 1966/1966/1966
f 1871/1871/1871 1966/1966/1966 1965/1965/1965
f 1872/1872/1872 1873/1873/1873 1967/1967/1967
f 1872/1872/1872 1967/1967/1967 1966/1966/1966
f 1873/1873/1873 1874/1874/1874 1968/1968/1968
f 1873/1873/1873 1968/1968/1968 1967/1967/1967
f 1874/1874/1874 1875/1875/1875 1969/1969/1969
f 1874/1874/1874 1969/1969/1969 1968/1968/1968
f 1875/1875/1875 1876/1876/1876 1970/1970/1970
f 1875/1875/1875 1970/1970/1970 1969/1969/1969
f 1876/1876/1876 1877/1877/1877 1971/1971/1971
f 1876/1876/1876 1971/1971/1971 1970/1970/1970
f 1877/1877/1877 1878/1878/1878 1972/1972/1972
f 1877/1877/1877 1972/1972/1972 1971/1971/1971
f 1878/1878/1878 1879/1879/1879 1973/1973/1973
f 1878/1878/1878 1973/1973/1973 1972/1972/1972
f 1879/1879/1879 1880/1880/1880 1974/1974/1974
f 1879/1879/1879 1974/1974/1974 1973/1973/1973
f 1880/1880/1880 1881/1881/1881 1975/1975/1975
f 1880/1880/1880 1975/1975/1975 1974/1974/1974
f 1881/1881/1881 1882/1882/1882 1976/1976/1976
f 1881/1881/1881 1976/1976/1976 1975/1975/1975
f 1882/1882/1882 1883/1883/1883 1977/1977/1977
f 1882/1882/1882 1977/1977/1977 1976/1976/1976
f 1883/1883/1883 1884/1884/1884 1978/1978/1978
f 1883/1883/1883 1978/1978/1978 1977/1977/1977
f 1884/1884/1884 1885/1885/1885 1979/1979/1979
f 1884/1884/1884 1979/1979/1979 1978/1978/1978
f 1885/1885/1885 1886/1886/1886 1980/1980/1980
f 1885/1885/1885 1980/1980/1980 1979/1979/1979
f 1886/1886/1886 1887/1887/1887 1981/1981/1981
f 1886/1886/1886 1981/1981/1981 1980/1980/1980
f 1887/1887/1887 1888/1888/1888 1982/1982/1982
f 1887/1887/1887 1982/1982/1982 1981/1981/1981
f 1888/1888/1888 1889/1889/1889 1983/1983/1983
f 1888/1888/1888 1983/1983/1983 1982/1982/1982
f 1889/1889/1889 1890/1890/1890 1984/1984/1984
f 1889/1889/1889 1984/1984/1984 1983/1983/1983
f 1890/1890/1890 1891/1891/1891 1985/1985/1985
f 1890/1890/1890 1985/1985/1985 1984/1984/1984
f 1891/1891/1891 1892/1892/1892 1986/1986/1986
f 1891/1891/1891 1986/1986/1986 1985/1985/1985
f 1892/1892/1892 1893/1893/1893 1987/1987/1987
f 1892/1892/1892 1987/1987/1987 1986/1986/1986
f 1893/1893/1893 1894/1894/1894 1988/1988/1988
f 1893/1893/1893 1988/1988/1988 1987/1987/1987
f 1894/1894/1894 1895/1895/1895 1989/1989/1989
f 1894/1894/1894 1989/1989/1989 1988/1988/1988
f 1895/1895/1895 1896/1896/1896 1990/1990/1990
f 1895/1895/1895 1990/1990/1990 1989/1989/1989
f 1896/1896/1896 1897/1897/1897 1991/1991/1991
f 1896/1896/1896 1991/1991/1991 1990/1990/1990
f 1897/1897/1897 1898/1898/1898 1992/1992/1992
f 1897/1897/1897 1992/1992/1992 1991/1991/1991
f 1898/1898/1898 1899/1899/1899 1993/1993/1993
f 1898/1898/1898 1993/1993/1993 1992/1992/1992
f 1899/1899/1899 1900/1900/1900 1994/1994/1994
f 1899/1899/1899 1994/1994/1994 1993/1993/1993
f 1900/1900/1900 1901/1901/1901 1995/1995/1995
f 1900/1900/1900 1995/1995/1995 1994/1994/1994
f 1901/1901/1901 1902/1902/1902 1996/1996/1996
f 1901/1901/1901 1996/1996/1996 1995/1995/1995
f 1902/1902/1902 1903/1903/1903 1997/1997/1997
f 1902/1902/1902 1997/1997/1997 1996/1996/1996
f 1903/1903/1903 1904/1904/1904 1998/1998/1998
f 1903/1903/1903 1998/1998/1998 1997/1997/1997
f 1904/1904/1904 1905/1905/1905 1999/1999/1999
f 1904/1904/1904 1999/1999/1999 1998/1998/1998
f 1905/1905/1905 1906/1906/1906 2000/2000/2000
f 1905/1905/1905 2000/2000/2000 1999/1999/1999
f 1906/1906/1906 1907/1907/1907 2001/2001/2001
f 1906/1906/1906 2001/2001/2001 2000/2000/2000
f 1907/1907/1907 1908/1908/1908 2002/2002/2002
f 1907/1907/1907 2002/2002/2002 2001/2001/2001
f 1908/1908/1908 1909/1909/1909 2003/2003/2003
f 1908/1908/1908 2003/2003/2003 2002/2002/2002
f 1909/1909/1909 1910/1910/1910 2004/2004/2004
f 1909/1909/1909 2004/2004/2004 2003/2003/2003
f 1910/1910/1910 1911/1911/1911 2005/2005/2005
f 1910/1910/1910 2005/2005/2005 2004/2004/2004
f 1911/1911/1911 1912/1912/1912 2006/2006/2006
f 1911/1911/1911 2006/2006/2006 2005/2005/2005
f 1912/1912/1912 1913/1913/1913 2007/2007/2007
f 1912/1912/1912 2007/2007/2007 2006/2006/2006
f 1913/1913/1913 1914/1914/1914 2008/2008/2008
f 1913/1913/1913 2008/2008/2008 2007/2007/2007
f 1914/1914/1914 1915/1915/1915 2009/2009/2009
f 1914/1914/1914 2009/2009/2009 2008/2008/2008
f 1915/1915/1915 1916/1916/1916 2010/2010/2010
f 1915/1915/1915 2010/2010/2010 2009/2009/2009
f 1916/1916/1916 1823/1823/1823 1917/1917/1917
f 1916/1916/1916 1917/1917/1917 2010/2010/2010
f 1917/1917/1917 2010/2010/2010 2012/2012/2012
f 1917/1917/1917 2012/2012/2012 2011/2011/2011
f 2010/2010/2010 1918/1918/1918 2013/2013/2013
f 2010/2010/2010 2013/2013/2013 2012/2012/2012
f 1918/1918/1918 1919/1919/1919 2014/2014/2014
f 1918/1918/1918 2014/2014/2014 2013/2013/2013
f 1919/1919/1919 1920/1920/1920 2015/2015/2015
f 1919/1919/1919 2015/2015/2015 2014/2014/2014
f 1920/1920/1920 1921/1921/1921 2016/2016/2016
f 1920/1920/1920 2016/2016/2016 2015/2015/2015
f 1921/1921/1921 1922/1922/1922 2017/2017/2017
f 1921/1921/1921 2017/2017/2017 2016/2016/2016
f 1922/1922/1922 1923/1923/1923 2018/2018/2018
f 1922/1922/1922 2018/2018/2018 2017/2017/2017
f 1923/1923/1923 1924/1924/1924 2019/2019/2019
f 1923/1923/1923 2019/2019/2019 2018/2018/2018
f 1924/1924/1924 1925/1925/1925 2020/2020/2020
f 1924/1924/1924 2020/2020/2020 2019/2019/2019
f 1925/1925/1925 1926/1926/1926 2021/2021/2021
f 1925/1925/1925 2021/2021/2021 2020/2020/2020
f 1926/1926/1926 1927/1927/1927 2022/2022/2022
f 1926/1926/1926 2022/2022/2022 2021/2021/2021
f 1927/1927/1927 1928/1928/1928 2023/2023/2023
f 1927/1927/1927 2023/2023/2023 2022/2022/2022
f 1928/1928/1928 1929/1929/1929 2024/2024/2024
f 1928/1928/1928 2024/2024/2024 2023/2023/2023
f 1929/1929/1929 1930/1930/1930 2025/2025/2025
f 1929/1929/1929 2025/2025/2025 2024/2024/2024
f 1930/1930/1930 1931/1931/1931 2026/2026/2026
f 1930/1930/1930 2026/2026/2026 2025/2025/2025
f 1931/1931/1931 1932/1932/1932 2027/2027/2027
f 1931/1931/1931 2027/2027/2027 2026/2026/2026
f 1932/1932/1932 1933/1933/1933 2028/2028/2028
f 1932/1932/1932 2028/2028/2028 2027/2027/2027
f 1933/1933/1933 1934/1934/1934 2029/2029/2029
f 1933/1933/1933 2029/2029/2029 2028/2028/2028
f 1934/1934/1934 1935/1935/1935 2030/2030/2030
f 1934/1934/1934 2030/2030/2030 2029/2029/2029
f 1935/1935/1935 1936/1936/1936 2031/2031/2031
f 1935/1935/1935 2031/2031/2031 2030/2030/2030
f 1936/1936/1936 1937/1937/1937 2032/2032/2032
f 1936/1936/1936 2032/2032/2032 2031/2031/2031
f 1937/1937/1937 1938/1938/1938 2033/2033/2033
f 1937/1937/1937 2033/2033/2033 2032/2032/2032
f 1938/1938/1938 1939/1939/1939 2034/2034/2034
f 1938/1938/1938 2034/2034/2034 2033/2033/2033
f 1939/1939/1939 1940/1940/1940 2035/2035/2035
f 1939/1939/1939 2035/2035/2035 2034/2034/2034
f 1940/1940/1940 1941/1941/1941 2036/2036/2036
f 1940/1940/1940 2036/2036/2036 2035/2035/2035
f 1941/1941/1941 1942/1942/1942 2037/2037/2037
f 1941/1941/1941 2037/2037/2037 2036/2036/2036
f 1942/1942/1942 1943/1943/1943 2038/2038/2038
f 1942/1942/1942 2038/2038/2038 2037/2037/2037
f 1943/1943/1943 1944/1944/1944 2039/2039/2039
f 1943/1943/1943 2039/2039/2039 2038/2038/2038
f 1944/1944/1944 1945/1945/1945 2040/2040/2040
f 1944/1944/1944 2040/2040/2040 2039/2039/2039
f 1945/1945/1945 1946/1946/1946 2041/2041/2041
f 1945/1945/1945 2041/2041/2041 2040/2040/2040
f 1946/1946/1946 1947/1947/1947 2042/2042/2042
f 1946/1946/1946 2042/2042/2042 2041/2041/2041
f 1947/1947/1947 1948/1948/1948 2043/2043/2043
f 1947/1947/1947 2043/2043/2043 2042/2042/2042
f 1948/1948/1948 1949/1949/1949 2044/2044/2044
f 1948/1948/1948 2044/2044/2044 2043/2043/2043
f 1949/1949/1949 1950/1950/1950 2045/2045/2045
f 1949/1949/1949 2045/2045/2045 2044/2044/2044
f 1950/1950/1950 1951/1951/1951 2046/2046/2046
f 1950/1950/1950 2046/2046/2046 2045/2045/2045
f 1951/1951/1951 1952/1952/1952 2047/2047/2047
f 1951/1951/1951 2047/2047/2047 2046/2046/2046
f 1952/1952/1952 1953/1953/1953 2048/2048/2048
f 1952/1952/1952 2048/2048/2048 2047/2047/2047
f 1953/1953/1953 1954/1954/1954 2049/2049/2049
f 1953/1953/1953 2049/2049/2049 2048/2048/2048
f 1954/1954/1954 1955/1955/1955 2050/2050/2050
f 1954/1954/1954 2050/2050/2050 2049/2049/2049
f 1955/1955/1955 1956/1956/1956 2051/2051/2051
f 1955/1955/1955 2051/2051/2051 2050/2050/2050
f 1956/1956/1956 1957/1957/1957 2052/2052/2052
f 1956/1956/1956 2052/2052/2052 2051/2051/2051
f 1957/1957/1957 1958/1958/1958 2053/2053/2053
f 1957/1957/1957 2053/2053/2053 2052/2052/2052
f 1958/1958/1958 1959/1959/1959 2054/2054/2054
f 1958/1958/1958 2054/2054/2054 2053/2053/2053
f 1959/1959/1959 1960/1960/1960 2055/2055/2055
f 1959/1959/1959 2055/2055/2055 2054/2054/2054
f 1960/1960/1960 1961/1961/1961 2056/2056/2056
f 1960/1960/1960 2056/2056/2056 2055/2055/2055
f 1961/1961/1961 1962/1962/1962 2057/2057/2057
f 1961/1961/1961 2057/2057/2057 2056/2056/2056
f 1962/1962/1962 1964/1964/1964 2058/2058/2058
f 1962/1962/1962 2058/2058/2058 2057/2057/2057
f 1964/1964/1964 1963/1963/1963 2059/2059/2059
f 1964/1964/1964 2059/2059/2059 2058/2058/2058
f 1963/1963/1963 1964/1964/1964 2060/2060/2060
f 1963/1963/1963 2060/2060/2060 2059/2059/2059
f 1964/1964/1964 1965/1965/1965 2061/2061/2061
f 1964/1964/1964 2061/2061/2061 2060/2060/2060
f 1965/1965/1965 1966/1966/1966 2062/2062/2062
f 1965/1965/1965 2062/2062/2062 2061/2061/2061
f 1966/1966/1966 1967/1967/1967 2063/2063/2063
f 1966/1966/1966 2063/2063/2063 2062/2062/2062
f 1967/1967/1967 1968/1968/1968 2064/2064/2064
f 1967/1967/1967 2064/2064/2064 2063/2063/2063
f 1968/1968/1968 1969/1969/1969 2065/2065/2065
f 1968/1968/1968 2065/2065/2065 2064/2064/2064
f 1969/1969/1969 1970/1970/1970 2066/2066/2066
f 1969/1969/1969 2066/2066/2066 2065/2065/2065
f 1970/1970/1970 1971/1971/1971 2067/2067/2067
f 1970/1970/1970 2067/2067/2067 2066/2066/2066
f 1971/1971/1971 1972/1972/1972 2068/2068/2068
f 1971/1971/1971 2068/2068/2068 2067/2067/2067
f 1972/1972/1972 1973/1973/1973 2069/2069/2069
f 1972/1972/1972 2069/2069/2069 2068/2068/2068
f 1973/1973/1973 1974/1974/1974 2070/2070/2070
f 1973/1973/1973 2070/2070/2070 2069/2069/2069
f 1974/1974/1974 1975/1975/1975 2071/2071/2071
f 1974/1974/1974 2071/2071/2071 2070/2070/2070
f 1975/1975/1975 1976/1976/1976 2072/2072/2072
f 1975/1975/1975 2072/2072/2072 2071/2071/2071
f 1976/1976/1976 1977/1977/1977 2073/2073/2073
f 1976/1976/1976 2073/2073/2073 2072/2072/2072
f 1977/1977/1977 1978/1978/1978 2074/2074/2074
f 1977/1977/1977 2074/2074/2074 2073/2073/2073
f 1978/1978/1978 1979/1979/1979 2075/2075/2075
f 1978/1978/1978 2075/2075/2075 2074/2074/2074
f 1979/1979/1979 1980/1980/1980 2076/2076/2076
f 1979/1979/1979 2076/2076/2076 2075/2075/2075
f 1980/1980/1980 1981/1981/1981 2077/2077/2077
f 1980/1980/1980 2077/2077/2077 2076/2076/2076
f 1981/1981/1981 1982/1982/1982 2078/2078/2078
f 1981/1981/1981 2078/2078/2078 2077/2077/2077
f 1982/1982/1982 1983/1983/1983 2079/2079/2079
f 1982/1982/1982 2079/2079/2079 2078/2078/2078
f 1983/1983/1983 1984/1984/1984 2080/2080/2080
f 1983/1983/1983 2080/2080/2080 2079/2079/2079
f 1984/1984/1984 1985/1985/1985 2081/2081/2081
f 1984/1984/1984 2081/2081/2081 2080/2080/2080
f 1985/1985/1985 1986/1986/1986 2082/2082/2082
f 1985/1985/1985 2082/2082/2082 2081/2081/2081
f 1986/1986/1986 1987/1987/1987 2083/2083/2083
f 1986/1986/1986 2083/2083/2083 2082/2082/2082
f 1987/1987/1987 1988/1988/1988 2084/2084/2084
f 1987/1987/1987 2084/2084/2084 2083/2083/2083
f 1988/1988/1988 1989/1989/1989 2085/2085/2085
f 1988/1988/1988 2085/2085/2085 2084/2084/2084
f 1989/1989/1989 1990/1990/1990 2086/2086/2086
f 1989/1989/1989 2086/2086/2086 2085/2085/2085
f 1990/1990/1990 1991/1991/1991 2087/2087/2087
f 1990/1990/1990 2087/2087/2087 2086/2086/2086
f 1991/1991/1991 1992/1992/1992 2088/2088/2088
f 1991/1991/1991 2088/2088/2088 2087/2087/2087
f 1992/1992/1992 1993/1993/1993 2089/2089/2089
f 1992/1992/1992 2089/2089/2089 2088/2088/2088
f 1993/1993/1993 1994/1994/1994 2090/2090/2090
f 1993/1993/1993 2090/2090/2090 2089/2089/2089
f 1994/1994/1994 1995/1995/1995 2091/2091/2091
f 1994/1994/1994 2091/2091/2091 2090/2090/2090
f 1995/1995/1995 1996/1996/1996 2092/2092/2092
f 1995/1995/1995 2092/2092/2092 2091/2091/2091
f 1996/1996/1996 1997/1997/1997 2093/2093/2093
f 1996/1996/1996 2093/2093/2093 2092/2092/2092
f 1997/1997/1997 1998/1998/1998 2094/2094/2094
f 1997/1997/1997 2094/2094/2094 2093/2093/2093
f 1998/1998/1998 1999/1999/1999 2095/2095/2095
f 1998/1998/1998 2095/2095/2095 2094/2094/2094
f 1999/1999/1999 2000/2000/2000 2096/2096/2096
f 1999/1999/1999 2096/2096/2096 2095/2095/2095
f 2000/2000/2000 2001/2001/2001 2097/2097/2097
f 2000/2000/2000 2097/2097/2097 2096/2096/2096
f 2001/2001/2001 2002/2002/2002 2098/2098/2098
f 2001/2001/2001 2098/2098/2098 2097/2097/2097
f 2002/2002/2002 2003/2003/2003 2099/2099/2099
f 2002/2002/2002 2099/2099/2099 2098/2098/2098
f 2003/2003/2003 2004/2004/2004 2100/2100/2100
f 2003/2003/2003 2100/2100/2100 2099/2099/2099
f 2004/2004/2004 2005/2005/2005 2101/2101/2101
f 2004/2004/2004 2101/2101/2101 2100/2100/2100
f 2005/2005/2005 2006/2006/2006 2102/2102/2102
f 2005/2005/2005 2102/2102/2102 2101/2101/2101
f 2006/2006/2006 2007/2007/2007 2103/2103/2103
f 2006/2006/2006 2103/2103/2103 2102/2102/2102
f 2007/2007/2007 2008/2008/2008 2104/2104/2104
f 2007/2007/2007 2104/2104/2104 2103/2103/2103
f 2008/2008/2008 2009/2009/2009 2105/2105/2105
f 2008/2008/2008 2105/2105/2105 2104/2104/2104
f 2009/2009/2009 2010/2010/2010 2106/2106/2106
f 2009/2009/2009 2106/2106/2106 2105/2105/2105
f 2010/2010/2010 1917/1917/1917 2011/2011/2011
f 2010/2010/2010 2011/2011/2011 2106/2106/2106
f 2011/2011/2011 2012/2012/2012 2108/2108/2108
f 2011/2011/2011 2108/2108/2108 2107/2107/2107
f 2012/2012/2012 2013/2013/2013 2109/2109/2109
f 2012/2012/2012 2109/2109/2109 2108/2108/2108
f 2013/2013/2013 2014/2014/2014 2110/2110/2110
f 2013/2013/2013 2110/2110/2110 2109/2109/2109
f 2014/2014/2014 2015/2015/2015 2111/2111/2111
f 2014/2014/2014 2111/2111/2111 2110/2110/2110
f 2015/2015/2015 2016/2016/2016 2112/2112/2112
f 2015/2015/2015 2112/2112/2112 2111/2111/2111
f 2016/2016/2016 2017/2017/2017 2113/2113/2113
f 2016/2016/2016 2113/2113/2113 2112/2112/2112
f 2017/2017/2017 2018/2018/2018 2114/2114/2114
f 2017/2017/2017 2114/2114/2114 2113/2113/2113
f 2018/2018/2018 2019/2019/2019 2115/2115/2115
f 2018/2018/2018 2115/2115/2115 2114/2114/2114
f 2019/2019/2019 2020/2020/2020 2116/2116/2116
f 2019/2019/2019 2116/2116/2116 2115/2115/2115
f 2020/2020/2020 2021/2021/2021 2117/2117/2117
f 2020/2020/2020 2117/2117/2117 2116/2116/2116
f 2021/2021/2021 2022/2022/2022 2118/2118/2118
f 2021/2021/2021 2118/2118/2118 2117/2117/2117
f 2022/2022/2022 2023/2023/2023 2119/2119/2119
f 2022/2022/2022 2119/2119/2119 2118/2118/2118
f 2023/2023/2023 2024/2024/2024 2120/2120/2120
f 2023/2023/2023 2120/2120/2120 2119/2119/2119
f 2024/2024/2024 2025/2025/2025 2121/2121/2121
f 2024/2024/2024 2121/2121/2121 2120/2120/2120
f 2025/2025/2025 2026/2026/2026 2122/2122/2122
f 2025/2025/2025 2122/2122/2122 2121/2121/2121
f 2026/2026/2026 2027/2027/2027 2123/2123/2123
f 2026/2026/2026 2123/2123/2123 2122/2122/2122
f 2027/2027/2027 2028/2028/2028 2124/2124/2124
f 2027/2027/2027 2124/2124/2124 2123/2123/2123
f 2028/2028/2028 2029/2029/2029 2125/2125/2125
f 2028/2028/2028 2125/2125/2125 2124/2124/2124
f 2029/2029/2029 2030/2030/2030 2126/2126/2126
f 2029/2029/2029 2126/2126/2126 2125/2125/2125
f 2030/2030/2030 2031/2031/2031 2127/2127/2127
f 2030/2030/2030 2127/2127/2127 2126/2126/2126
f 2031/2031/2031 2032/2032/2032 2128/2128/2128
f 2031/2031/2031 2128/2128/2128 2127/2127/2127
f 2032/2032/2032 2033/2033/2033 2129/2129/2129
f 2032/2032/2032 2129/2129/2129 2128/2128/2128
f 2033/2033/2033 2034/2034/2034 2130/2130/2130
f 2033/2033/2033 2130/2130/2130 2129/2129/2129
f 2034/2034/2034 2035/2035/2035 2131/2131/2131
f 2034/2034/2034 2131/2131/2131 2130/2130/2130
f 2035/2035/2035 2036/2036/2036 2132/2132/2132
f 2035/2035/2035 2132/2132/2132 2131/2131/2131
f 2036/2036/2036 2037/2037/2037 2133/2133/2133
f 2036/2036/2036 2133/2133/2133 2132/2132/2132
f 2037/2037/2037 2038/2038/2038 2134/2134/2134
f 2037/2037/2037 2134/2134/2134 2133/2133/2133
f 2038/2038/2038 2039/2039/2039 2135/2135/2135
f 2038/2038/2038 2135/2135/2135 2134/2134/2134
f 2039/2039/2039 2040/2040/2040 2136/2136/2136
f 2039/2039/2039 2136/2136/2136 2135/2135/2135
f 2040/2040/2040 2041/2041/2041 2137/2137/2137
f 2040/2040/2040 2137/2137/2137 2136/2136/2136
f 2041/2041/2041 2042/2042/2042 2138/2138/2138
f 2041/2041/2041 2138/2138/2138 2137/2137/2137
f 2042/2042/2042 2043/2043/2043 2139/2139/2139
f 2042/2042/2042 2139/2139/2139 2138/2138/2138
f 2043/2043/2043 2044/2044/2044 2140/2140/2140
f 2043/2043/2043 2140/2140/2140 2139/2139/2139
f 2044/2044/2044 2045/2045/2045 2141/2141/2141
f 2044/2044/2044 2141/2141/2141 2140/2140/2140
f 2045/2045/2045 2046/2046/2046 2142/2142/2142
f 2045/2045/2045 2142/2142/2142 2141/2141/2141
f 2046/2046/2046 2047/2047/2047 2143/2143/2143
f 2046/2046/2046 2143/2143/2143 2142/2142/2142
f 2047/2047/2047 2048/2048/2048 2144/2144/2144
f 2047/2047/2047 2144/2144/2144 2143/2143/2143
f 2048/2048/2048 2049/2049/2049 2145/2145/2145
f 2048/2048/2048 2145/2145/2145 2144/2144/2144
f 2049/2049/2049 2050/2050/2050 2146/2146/2146
f 2049/2049/2049 2146/2146/2146 2145/2145/2145
f 2050/2050/2050 2051/2051/2051 2147/2147/2147
f 2050/2050/2050 2147/2147/2147 2146/2146/2146
f 2051/2051/2051 2052/2052/2052 2148/2148/2148
f 2051/2051/2051 2148/2148/2148 2147/2147/2147
f 2052/2052/2052 2053/2053/2053 2149/2149/2149
f 2052/2052/2052 2149/2149/2149 2148/2148/2148
f 2053/2053/2053 2054/2054/2054 2150/2150/2150
f 2053/2053/2053 2150/2150/2150 2149/2149/2149
f 2054/2054/2054 2055/2055/2055 2151/2151/2151
f 2054/2054/2054 2151/2151/2151 2150/2150/2150
f 2055/2055/2055 2056/2056/2056 2152/2152/2152
f 2055/2055/2055 2152/2152/2152 2151/2151/2151
f 2056/2056/2056 2057/2057/2057 2153/2153/2153
f 2056/2056/2056 2153/2153/2153 2152/2152/2152
f 2057/2057/2057 2058/2058/2058 2154/2154/2154
f 2057/2057/2057 2154/2154/2154 2153/2153/2153
f 2058/2058/2058 2059/2059/2059 2155/2155/2155
f 2058/2058/2058 2155/2155/2155 2154/2154/2154
f 2059/2059/2059 2060/2060/2060 2156/2156/2156
f 2059/2059/2059 2156/2156/2156 2155/2155/2155
f 2060/2060/2060 2061/2061/2061 2157/2157/2157
f 2060/2060/2060 2157/2157/2157 2156/2156/2156
f 2061/2061/2061 2062/2062/2062 2158/2158/2158
f 2061/2061/2061 2158/2158/2158 2157/2157/2157
f 2062/2062/2062 2063/2063/2063 2159/2159/2159
f 2062/2062/2062 2159/2159/2159 2158/2158/2158
f 2063/2063/2063 2064/2064/2064 2160/2160/2160
f 2063/2063/2063 2160/2160/2160 2159/2159/2159
f 2064/2064/2064 2065/2065/2065 2161/2161/2161
f 2064/2064/2064 2161/2161/2161 2160/2160/2160
f 2065/2065/2065 2066/2066/2066 2162/2162/2162
f 2065/2065/2065 2162/2162/2162 2161/2161/2161
f 2066/2066/2066 2067/2067/2067 2163/2163/2163
f 2066/2066/2066 2163/2163/2163 2162/2162/2162
f 2067/2067/2067 2068/2068/2068 2164/2164/2164
f 2067/2067/2067 2164/2164/2164 2163/2163/2163
f 2068/2068/2068 2069/2069/2069 2165/2165/2165
f 2068/2068/2068 2165/2165/2165 2164/2164/2164
f 2069/2069/2069 2070/2070/2070 2166/2166/2166
f 2069/2069/2069 2166/2166/2166 2165/2165/2165
f 2070/2070/2070 2071/2071/2071 2167/2167/2167
f 2070/2070/2070 2167/2167/2167 2166/2166/2166
f 2071/2071/2071 2072/2072/2072 2168/2168/2168
f 2071/2071/2071 2168/2168/2168 2167/2167/2167
f 2072/2072/2072 2073/2073/2073 2169/2169/2169
f 2072/2072/2072 2169/2169/2169 2168/2168/2168
f 2073/2073/2073 2074/2074/2074 2170/2170/2170
f 2073/2073/2073 2170/2170/2170 2169/2169/2169
f 2074/2074/2074 2075/2075/2075 2171/2171/2171
f 2074/2074/2074 2171/2171/2171 2170/2170/2170
f 2075/2075/2075 2076/2076/2076 2172/2172/2172
f 2075/2075/2075 2172/2172/2172 2171/2171/2171
f 2076/2076/2076 2077/2077/2077 2173/2173/2173
f 2076/2076/2076 2173/2173/2173 2172/2172/2172
f 2077/2077/2077 2078/2078/2078 2174/2174/2174
f 2077/2077/2077 2174/2174/2174 2173/2173/2173
f 2078/2078/2078 2079/2079/2079 2175/2175/2175
f 2078/2078/2078 2175/2175/2175 2174/2174/2174
f 2079/2079/2079 2080/2080/2080 2176/2176/2176
f 2079/2079/2079 2176/2176/2176 2175/2175/2175
f 2080/2080/2080 2081/2081/2081 2177/2177/2177
f 2080/2080/2080 2177/2177/2177 2176/2176/2176
f 2081/2081/2081 2082/2082/2082 2178/2178/2178
f 2081/2081/2081 2178/2178/2178 2177/2177/2177
f 2082/2082/2082 2083/2083/2083 2179/2179/2179
f 2082/2082/2082 2179/2179/2179 2178/2178/2178
f 2083/2083/2083 2084/2084/2084 2180/2180/2180
f 2083/2083/2083 2180/2180/2180 2179/2179/2179
f 2084/2084/2084 2085/2085/2085 2181/2181/2181
f 2084/2084/2084 2181/2181/2181 2180/2180/2180
f 2085/2085/2085 2086/2086/2086 2182/2182/2182
f 2085/2085/2085 2182/2182/2182 2181/2181/2181
f 2086/2086/2086 2087/2087/2087 2183/2183/2183
f 2086/2086/2086 2183/2183/2183 2182/2182/2182
f 2087/2087/2087 2088/2088/2088 2184/2184/2184
f 2087/2087/2087 2184/2184/2184 2183/2183/2183
f 2088/2088/2088 2089/2089/2089 2185/2185/2185
f 2088/2088/2088 2185/2185/2185 2184/2184/2184
f 2089/2089/2089 2090/2090/2090 2186/2186/2186
f 2089/2089/2089 2186/2186/2186 2185/2185/2185
f 2090/2090/2090 2091/2091/2091 2187/2187/2187
f 2090/2090/2090 2187/2187/2187 2186/2186/2186
f 2091/2091/2091 2092/2092/2092 2188/2188/2188
f 2091/2091/2091 2188/2188/2188 2187/2187/2187
f 2092/2092/2092 2093/2093/2093 2189/2189/2189
f 2092/2092/2092 2189/2189/2189 2188/2188/2188
f 2093/2093/2093 2094/2094/2094 2190/2190/2190
f 2093/2093/2093 2190/2190/2190 2189/2189/2189
f 2094/2094/2094 2095/2095/2095 2191/2191/2191
f 2094/2094/2094 2191/2191/2191 2190/2190/2190
f 2095/2095/2095 2096/2096/2096 2192/2192/2192
f 2095/2095/2095 2192/2192/2192 2191/2191/2191
f 2096/2096/2096 2097/2097/2097 2193/2193/2193
f 2096/2096/2096 2193/2193/2193 2192/2192/2192
f 2097/2097/2097 2098/2098/2098 2194/2194/2194
f 2097/2097/2097 2194/2194/2194 2193/2193/2193
f 2098/2098/2098 2099/2099/2099 2195/2195/2195
f 2098/2098/2098 2195/2195/2195 2194/2194/2194
f 2099/2099/2099 2100/2100/2100 2196/2196/2196
f 2099/2099/2099 2196/2196/2196 2195/2195/2195
f 2100/2100/2100 2101/2101/2101 2197/2197/2197
f 2100/2100/2100 2197/2197/2197 2196/2196/2196
f 2101/2101/2101 2102/2102/2102 2198/2198/2198
f 2101/2101/2101 2198/2198/2198 2197/2197/2197
f 2102/2102/2102 2103/2103/2103 2199/2199/2199
f 2102/2102/2102 2199/2199/2199 2198/2198/2198
f 2103/2103/2103 2104/2104/2104 2200/2200/2200
f 2103/2103/2103 2200/2200/2200 2199/2199/2199
f 2104/2104/2104 2105/2105/2105 2201/2201/2201
f 2104/2104/2104 2201/2201/2201 2200/2200/2200
f 2105/2105/2105 2106/2106/2106 2202/2202/2202
f 2105/2105/2105 2202/2202/2202 2201/2201/2201
f 2106/2106/2106 2011/2011/2011 2107/2107/2107
f 2106/2106/2106 2107/2107/2107 2202/2202/2202
f 2107/2107/2107 2108/2108/2108 2204/2204/2204
f 2107/2107/2107 2204/2204/2204 2203/2203/2203
f 2108/2108/2108 2109/2109/2109 2205/2205/2205
f 2108/2108/2108 2205/2205/2205 2204/2204/2204
f 2109/2109/2109 2110/2110/2110 2206/2206/2206
f 2109/2109/2109 2206/2206/2206 2205/2205/2205
f 2110/2110/2110 2111/2111/2111 2207/2207/2207
f 2110/2110/2110 2207/2207/2207 2206/2206/2206
f 2111/2111/2111 2112/2112/2112 2208/2208/2208
f 2111/2111/2111 2208/2208/2208 2207/2207/2207
f 2112/2112/2112 2113/2113/2113 2209/2209/2209
f 2112/2112/2112 2209/2209/2209 2208/2208/2208
f 2113/2113/2113 2114/2114/2114 2210/2210/2210
f 2113/2113/2113 2210/2210/2210 2209/2209/2209
f 2114/2114/2114 2115/2115/2115 2211/2211/2211
f 2114/2114/2114 2211/2211/2211 2210/2210/2210
f 2115/2115/2115 2116/2116/2116 2212/2212/2212
f 2115/2115/2115 2212/2212/2212 2211/2211/2211
f 2116/2116/2116 2117/2117/2117 2213/2213/2213
f 2116/2116/2116 2213/2213/2213 2212/2212/2212
f 2117/2117/2117 2118/2118/2118 2214/2214/2214
f 2117/2117/2117 2214/2214/2214 2213/2213/2213
f 2118/2118/2118 2119/2119/2119 2215/2215/2215
f 2118/2118/2118 2215/2215/2215 2214/2214/2214
f 2119/2119/2119 2120/2120/2120 2216/2216/2216
f 2119/2119/2119 2216/2216/2216 2215/2215/2215
f 2120/2120/2120 2121/2121/2121 2217/2217/2217
f 2120/2120/2120 2217/2217/2217 2216/2216/2216
f 2121/2121/2121 2122/2122/2122 2218/2218/2218
f 2121/2121/2121 2218/2218/2218 2217/2217/2217
f 2122/2122/2122 2123/2123/2123 2219/2219/2219
f 2122/2122/2122 2219/2219/2219 2218/2218/2218
f 2123/2123/2123 2124/2124/2124 2220/2220/2220
f 2123/2123/2123 2220/2220/2220 2219/2219/2219
f 2124/2124/2124 2125/2125/2125 2221/2221/2221
f 2124/2124/2124 2221/2221/2221 2220/2220/2220
f 2125/2125/2125 2126/2126/2126 2222/2222/2222
f 2125/2125/2125 2222/2222/2222 2221/2221/2221
f 2126/2126/2126 2127/2127/2127 2223/2223/2223
f 2126/2126/2126 2223/2223/2223 2222/2222/2222
f 2127/2127/2127 2128/2128/2128 2224/2224/2224
f 2127/2127/2127 2224/2224/2224 2223/2223/2223
f 2128/2128/2128 2129/2129/2129 2225/2225/2225
f 2128/2128/2128 2225/2225/2225 2224/2224/2224
f 2129/2129/2129 2130/2130/2130 2226/2226/2226
f 2129/2129/2129 2226/2226/2226 2225/2225/2225
f 2130/2130/2130 2131/2131/2131 2227/2227/2227
f 2130/2130/2130 2227/2227/2227 2226/2226/2226
f 2131/2131/2131 2132/2132/2132 2228/2228/2228
f 2131/2131/2131 2228/2228/2228 2227/2227/2227
f 2132/2132/2132 2133/2133/2133 2229/2229/2229
f 2132/2132/2132 2229/2229/2229 2228/2228/2228
f 2133/2133/2133 2134/2134/2134 2230/2230/2230
f 2133/2133/2133 2230/2230/2230 2229/2229/2229
f 2134/2134/2134 2135/2135/2135 2231/2231/2231
f 2134/2134/2134 2231/2231/2231 2230/2230/2230
f 2135/2135/2135 2136/2136/2136 2232/2232/2232
f 2135/2135/2135 2232/2232/2232 2231/2231/2231
f 2136/2136/2136 2137/2137/2137 2233/2233/2233
f 2136/2136/2136 2233/2233/2233 2232/2232/2232
f 2137/2137/2137 2138/2138/2138 2234/2234/2234
f 2137/2137/2137 2234/2234/2234 2233/2233/2233
f 2138/2138/2138 2139/2139/2139 2235/2235/2235
f 2138/2138/2138 2235/2235/2235 2234/2234/2234
f 2139/2139/2139 2140/2140/2140 2236/2236/2236
f 2139/2139/2139 2236/2236/2236 2235/2235/2235
f 2140/2140/2140 2141/2141/2141 2237/2237/2237
f 2140/2140/2140 2237/2237/2237 2236/2236/2236
f 2141/2141/2141 2142/2142/2142 2238/2238/2238
f 2141/2141/2141 2238/2238/2238 2237/2237/2237
f 2142/2142/2142 2143/2143/2143 2239/2239/2239
f 2142/2142/2142 2239/2239/2239 2238/2238/2238
f 2143/2143/2143 2144/2144/2144 2240/2240/2240
f 2143/2143/2143 2240/2240/2240 2239/2239/2239
f 2144/2144/2144 2145/2145/2145 2241/2241/2241
f 2144/2144/2144 2241/2241/2241 2240/2240/2240
f 2145/2145/2145 2146/2146/2146 2242/2242/2242
f 2145/2145/2145 2242/2242/2242 2241/2241/2241
f 2146/2146/2146 2147/2147/2147 2243/2243/2243
f 2146/2146/2146 2243/2243/2243 2242/2242/2242
f 2147/2147/2147 2148/2148/2148 2244/2244/2244
f 2147/2147/2147 2244/2244/2244 2243/2243/2243
f 2148/2148/2148 2149/2149/2149 2245/2245/2245
f 2148/2148/2148 2245/2245/2245 2244/2244/2244
f 2149/2149/2149 2150/2150/2150 2246/2246/2246
f 2149/2149/2149 2246/2246/2246 2245/2245/2245
f 2150/2150/2150 2151/2151/2151 2247/2247/2247
f 2150/2150/2150 2247/2247/2247 2246/2246/2246
f 2151/2151/2151 2152/2152/2152 2248/2248/2248
f 2151/2151/2151 2248/2248/2248 2247/2247/2247
f 2152/2152/2152 2153/2153/2153 2249/2249/2249
f 2152/2152/2152 2249/2249/2249 2248/2248/2248
f 2153/2153/2153 2154/2154/2154 2250/2250/2250
f 2153/2153/2153 2250/2250/2250 2249/2249/2249
f 2154/2154/2154 2155/2155/2155 2251/2251/2251
f 2154/2154/2154 2251/2251/2251 2250/2250/2250
f 2155/2155/2155 2156/2156/2156 2252/2252/2252
f 2155/2155/2155 2252/2252/2252 2251/2251/2251
f 2156/2156/2156 2157/2157/2157 2253/2253/2253
f 2156/2156/2156 2253/2253/2253 2252/2252/2252
f 2157/2157/2157 2158/2158/2158 2254/2254/2254
f 2157/2157/2157 2254/2254/2254 2253/2253/2253
f 2158/2158/2158 2159/2159/2159 2255/2255/2255
f 2158/2158/2158 2255/2255/2255 2254/2254/2254
f 2159/2159/2159 2160/2160/2160 2256/2256/2256
f 2159/2159/2159 2256/2256/2256 2255/2255/2255
f 2160/2160/2160 2161/2161/2161 2257/2257/2257
f 2160/2160/2160 2257/2257/2257 2256/2256/2256
f 2161/2161/2161 2162/2162/2162 2258/2258/2258
f 2161/2161/2161 2258/2258/2258 2257/2257/2257
f 2162/2162/2162 2163/2163/2163 2259/2259/2259
f 2162/2162/2162 2259/2259/2259 2258/2258/2258
f 2163/2163/2163 2164/2164/2164 2260/2260/2260
f 2163/2163/2163 2260/2260/2260 2259/2259/2259
f 2164/2164/2164 2165/2165/2165 2261/2261/2261
f 2164/2164/2164 2261/2261/2261 2260/2260/2260
f 2165/2165/2165 2166/2166/2166 2262/2262/2262
f 2165/2165/2165 2262/2262/2262 2261/2261/2261
f 2166/2166/2166 2167/2167/2167 2263/2263/2263
f 2166/2166/2166 2263/2263/2263 2262/2262/2262
f 2167/2167/2167 2168/2168/2168 2264/2264/2264
f 2167/2167/2167 2264/2264/2264 2263/2263/2263
f 2168/2168/2168 2169/2169/2169 2265/2265/2265
f 2168/2168/2168 2265/2265/2265 2264/2264/2264
f 2169/2169/2169 2170/2170/2170 2266/2266/2266
f 2169/2169/2169 2266/2266/2266 2265/2265/2265
f 2170/2170/2170 2171/2171/2171 2267/2267/2267
f 2170/2170/2170 2267/2267/2267 2266/2266/2266
f 2171/2171/2171 2172/2172/2172 2268/2268/2268
f 2171/2171/2171 2268/2268/2268 2267/2267/2267
f 2172/2172/2172 2173/2173/2173 2269/2269/2269
f 2172/2172/2172 2269/2269/2269 2268/2268/2268
f 2173/2173/2173 2174/2174/2174 2270/2270/2270
f 2173/2173/2173 2270/2270/2270 2269/2269/2269
f 2174/2174/2174 2175/2175/2175 2271/2271/2271
f 2174/2174/2174 2271/2271/2271 2270/2270/2270
f 2175/2175/2175 2176/2176/2176 2272/2272/2272
f 2175/2175/2175 2272/2272/2272 2271/2271/2271
f 2176/2176/2176 2177/2177/2177 2273/2273/2273
f 2176/2176/2176 2273/2273/2273 2272/2272/2272
f 2177/2177/2177 2178/2178/2178 2274/2274/2274
f 2177/2177/2177 2274/2274/2274 2273/2273/2273
f 2178/2178/2178 2179/2179/2179 2275/2275/2275
f 2178/2178/2178 2275/2275/2275 2274/2274/2274
f 2179/2179/2179 2180/2180/2180 2276/2276/2276
f 2179/2179/2179 2276/2276/2276 2275/2275/2275
f 2180/2180/2180 2181/2181/2181 2277/2277/2277
f 2180/2180/2180 2277/2277/2277 2276/2276/2276
f 2181/2181/2181 2182/2182/2182 2278/2278/2278
f 2181/2181/2181 2278/2278/2278 2277/2277/2277
f 2182/2182/2182 2183/2183/2183 2279/2279/2279
f 2182/2182/2182 2279/2279/2279 2278/2278/2278
f 2183/2183/2183 2184/2184/2184 2280/2280/2280
f 2183/2183/2183 2280/2280/2280 2279/2279/2279
f 2184/2184/2184 2185/2185/2185 2281/2281/2281
f 2184/2184/2184 2281/2281/2281 2280/2280/2280
f 2185/2185/2185 2186/2186/2186 2282/2282/2282
f 2185/2185/2185 2282/2282/2282 2281/2281/2281
f 2186/2186/2186 2187/2187/2187 2283/2283/2283
f 2186/2186/2186 2283/2283/2283 2282/2282/2282
f 2187/2187/2187 2188/2188/2188 2284/2284/2284
f 2187/2187/2187 2284/2284/2284 2283/2283/2283
f 2188/2188/2188 2189/2189/2189 2285/2285/2285
f 2188/2188/2188 2285/2285/2285 2284/2284/2284
f 2189/2189/2189 2190/2190/2190 2286/2286/2286
f 2189/2189/2189 2286/2286/2286 2285/2285/2285
f 2190/2190/2190 2191/2191/2191 2287/2287/2287
f 2190/2190/2190 2287/2287/2287 2286/2286/2286
f 2191/2191/2191 2192/2192/2192 2288/2288/2288
f 2191/2191/2191 2288/2288/2288 2287/2287/2287
f 2192/2192/2192 2193/2193/2193 2289/2289/2289
f 2192/2192/2192 2289/2289/2289 2288/2288/2288
f 2193/2193/2193 2194/2194/2194 2290/2290/2290
f 2193/2193/2193 2290/2290/2290 2289/2289/2289
f 2194/2194/2194 2195/2195/2195 2291/2291/2291
f 2194/2194/2194 2291/2291/2291 2290/2290/2290
f 2195/2195/2195 2196/2196/2196 2292/2292/2292
f 2195/2195/2195 2292/2292/2292 2291/2291/2291
f 2196/2196/2196 2197/2197/2197 2293/2293/2293
f 2196/2196/2196 2293/2293/2293 2292/2292/2292
f 2197/2197/2197 2198/2198/2198 2294/2294/2294
f 2197/2197/2197 2294/2294/2294 2293/2293/2293
f 2198/2198/2198 2199/2199/2199 2295/2295/2295
f 2198/2198/2198 2295/2295/2295 2294/2294/2294
f 2199/2199/2199 2200/2200/2200 2296/2296/2296
f 2199/2199/2199 2296/2296/2296 2295/2295/2295
f 2200/2200/2200 2201/2201/2201 2297/2297/2297
f 2200/2200/2200 2297/2297/2297 2296/2296/2296
f 2201/2201/2201 2202/2202/2202 2298/2298/2298
f 2201/2201/2201 2298/2298/2298 2297/2297/2297
f 2202/2202/2202 2107/2107/2107 2203/2203/2203
f 2202/2202/2202 2203/2203/2203 2298/2298/2298
f 2203/2203/2203 2204/2204/2204 2300/2300/2300
f 2203/2203/2203 2300/2300/2300 2299/2299/2299
f 2204/2204/2204 2205/2205/2205 2301/2301/2301
f 2204/2204/2204 2301/2301/2301 2300/2300/2300
f 2205/2205/2205 2206/2206/2206 2302/2302/2302
f 2205/2205/2205 2302/2302/2302 2301/2301/2301
f 2206/2206/2206 2207/2207/2207 2303/2303/2303
f 2206/2206/2206 2303/2303/2303 2302/2302/2302
f 2207/2207/2207 2208/2208/2208 2304/2304/2304
f 2207/2207/2207 2304/2304/2304 2303/2303/2303
f 2208/2208/2208 2209/2209/2209 2305/2305/2305
f 2208/2208/2208 2305/2305/2305 2304/2304/2304
f 2209/2209/2209 2210/2210/2210 2306/2306/2306
f 2209/2209/2209 2306/2306/2306 2305/2305/2305
f 2210/2210/2210 2211/2211/2211 2307/2307/2307
f 2210/2210/2210 2307/2307/2307 2306/2306/2306
f 2211/2211/2211 2212/2212/2212 2308/2308/2308
f 2211/2211/2211 2308/2308/2308 2307/2307/2307
f 2212/2212/2212 2213/2213/2213 2309/2309/2309
f 2212/2212/2212 2309/2309/2309 2308/2308/2308
f 2213/2213/2213 2214/2214/2214 2310/2310/2310
f 2213/2213/2213 2310/2310/2310 2309/2309/2309
f 2214/2214/2214 2215/2215/2215 2311/2311/2311
f 2214/2214/2214 2311/2311/2311 2310/2310/2310
f 2215/2215/2215 2216/2216/2216 2312/2312/2312
f 2215/2215/2215 2312/2312/2312 2311/2311/2311
f 2216/2216/2216 2217/2217/2217 2313/2313/2313
f 2216/2216/2216 2313/2313/2313 2312/2312/2312
f 2217/2217/2217 2218/2218/2218 2314/2314/2314
f 2217/2217/2217 2314/2314/2314 2313/2313/2313
f 2218/2218/2218 2219/2219/2219 2315/2315/2315
f 2218/2218/2218 2315/2315/2315 2314/2314/2314
f 2219/2219/2219 2220/2220/2220 2316/2316/2316
f 2219/2219/2219 2316/2316/2316 2315/2315/2315
f 2220/2220/2220 2221/2221/2221 2317/2317/2317
f 2220/2220/2220 2317/2317/2317 2316/2316/2316
f 2221/2221/2221 2222/2222/2222 2318/2318/2318
f 2221/2221/2221 2318/2318/2318 2317/2317/2317
f 2222/2222/2222 2223/2223/2223 2319/2319/2319
f 2222/2222/2222 2319/2319/2319 2318/2318/2318
f 2223/2223/2223 2224/2224/2224 2320/2320/2320
f 2223/2223/2223 2320/2320/2320 2319/2319/2319
f 2224/2224/2224 2225/2225/2225 2321/2321/2321
f 2224/2224/2224 2321/2321/2321 2320/2320/2320
f 2225/2225/2225 2226/2226/2226 2322/2322/2322
f 2225/2225/2225 2322/2322/2322 2321/2321/2321
f 2226/2226/2226 2227/2227/2227 2323/2323/2323
f 2226/2226/2226 2323/2323/2323 2322/2322/2322
f 2227/2227/2227 2228/2228/2228 2324/2324/2324
f 2227/2227/2227 2324/2324/2324 2323/2323/2323
f 2228/2228/2228 2229/2229/2229 2325/2325/2325
f 2228/2228/2228 2325/2325/2325 2324/2324/2324
f 2229/2229/2229 2230/2230/2230 2326/2326/2326
f 2229/2229/2229 2326/2326/2326 2325/2325/2325
f 2230/2230/2230 2231/2231/2231 2327/2327/2327
f 2230/2230/2230 2327/2327/2327 2326/2326/2326
f 2231/2231/2231 2232/2232/2232 2328/2328/2328
f 2231/2231/2231 2328/2328/2328 2327/2327/2327
f 2232/2232/2232 2233/2233/2233 2329/2329/2329
f 2232/2232/2232 2329/2329/2329 2328/2328/2328
f 2233/2233/2233 2234/2234/2234 2330/2330/2330
f 2233/2233/2233 2330/2330/2330 2329/2329/2329
f 2234/2234/2234 2235/2235/2235 2331/2331/2331
f 2234/2234/2234 2331/2331/2331 2330/2330/2330
f 2235/2235/2235 2236/2236/2236 2332/2332/2332
f 2235/2235/2235 2332/2332/2332 2331/2331/2331
f 2236/2236/2236 2237/2237/2237 2333/2333/2333
f 2236/2236/2236 2333/2333/2333 2332/2332/2332
f 2237/2237/2237 2238/2238/2238 2334/2334/2334
f 2237/2237/2237 2334/2334/2334 2333/2333/2333
f 2238/2238/2238 2239/2239/2239 2335/2335/2335
f 2238/2238/2238 2335/2335/2335 2334/2334/2334
f 2239/2239/2239 2240/2240/2240 2336/2336/2336
f 2239/2239/2239 2336/2336/2336 2335/2335/2335
f 2240/2240/2240 2241/2241/2241 2337/2337/2337
f 2240/2240/2240 2337/2337/2337 2336/2336/2336
f 2241/2241/2241 2242/2242/2242 2338/2338/2338
f 2241/2241/2241 2338/2338/2338 2337/2337/2337
f 2242/2242/2242 2243/2243/2243 2339/2339/2339
f 2242/2242/2242 2339/2339/2339 2338/2338/2338
f 2243/2243/2243 2244/2244/2244 2340/2340/2340
f 2243/2243/2243 2340/2340/2340 2339/2339/2339
f 2244/2244/2244 2245/2245/2245 2341/2341/2341
f 2244/2244/2244 2341/2341/2341 2340/2340/2340
f 2245/2245/2245 2246/2246/2246 2342/2342/2342
f 2245/2245/2245 2342/2342/2342 2341/2341/2341
f 2246/2246/2246 2247/2247/2247 2343/2343/2343
f 2246/2246/2246 2343/2343/2343 2342/2342/2342
f 2247/2247/2247 2248/2248/2248 2344/2344/2344
f 2247/2247/2247 2344/2344/2344 2343/2343/2343
f 2248/2248/2248 2249/2249/2249 2345/2345/2345
f 2248/2248/2248 2345/2345/2345 2344/2344/2344
f 2249/2249/2249 2250/2250/2250 2346/2346/2346
f 2249/2249/2249 2346/2346/2346 2345/2345/2345
f 2250/2250/2250 2251/2251/2251 2347/2347/2347
f 2250/2250/2250 2347/2347/2347 2346/2346/2346
f 2251/2251/2251 2252/2252/2252 2348/2348/2348
f 2251/2251/2251 2348/2348/2348 2347/2347/2347
f 2252/2252/2252 2253/2253/2253 2349/2349/2349
f 2252/2252/2252 2349/2349/2349 2348/2348/2348
f 2253/2253/2253 2254/2254/2254 2350/2350/2350
f 2253/2253/2253 2350/2350/2350 2349/2349/2349
f 2254/2254/2254 2255/2255/2255 2351/2351/2351
f 2254/2254/2254 2351/2351/2351 2350/2350/2350
f 2255/2255/2255 2256/2256/2256 2352/2352/2352
f 2255/2255/2255 2352/2352/2352 2351/2351/2351
f 2256/2256/2256 2257/2257/2257 2353/2353/2353
f 2256/2256/2256 2353/2353/2353 2352/2352/2352
f 2257/2257/2257 2258/2258/2258 2354/2354/2354
f 2257/2257/2257 2354/2354/2354 2353/2353/2353
f 2258/2258/2258 2259/2259/2259 2355/2355/2355
f 2258/2258/2258 2355/2355/2355 2354/2354/2354
f 2259/2259/2259 2260/2260/2260 2356/2356/2356
f 2259/2259/2259 2356/2356/2356 2355/2355/2355
f 2260/2260/2260 2261/2261/2261 2357/2357/2357
f 2260/2260/2260 2357/2357/2357 2356/2356/2356
f 2261/2261/2261 2262/2262/2262 2358/2358/2358
f 2261/2261/2261 2358/2358/2358 2357/2357/2357
f 2262/2262/2262 2263/2263/2263 2359/2359/2359
f 2262/2262/2262 2359/2359/2359 2358/2358/2358
f 2263/2263/2263 2264/2264/2264 2360/2360/2360
f 2263/2263/2263 2360/2360/2360 2359/2359/2359
f 2264/2264/2264 2265/2265/2265 2361/2361/2361
f 2264/2264/2264 2361/2361/2361 2360/2360/2360
f 2265/2265/2265 2266/2266/2266 2362/2362/2362
f 2265/2265/2265 2362/2362/2362 2361/2361/2361
f 2266/2266/2266 2267/2267/2267 2363/2363/2363
f 2266/2266/2266 2363/2363/2363 2362/2362/2362
f 2267/2267/2267 2268/2268/2268 2364/2364/2364
f 2267/2267/2267 2364/2364/2364 2363/2363/2363
f 2268/2268/2268 2269/2269/2269 2365/2365/2365
f 2268/2268/2268 2365/2365/2365 2364/2364/2364
f 2269/2269/2269 2270/2270/2270 2366/2366/2366
f 2269/2269/2269 2366/2366/2366 2365/2365/2365
f 2270/2270/2270 2271/2271/2271 2367/2367/2367
f 2270/2270/2270 2367/2367/2367 2366/2366/2366
f 2271/2271/2271 2272/2272/2272 2368/2368/2368
f 2271/2271/2271 2368/2368/2368 2367/2367/2367
f 2272/2272/2272 2273/2273/2273 2369/2369/2369
f 2272/2272/2272 2369/2369/2369 2368/2368/2368
f 2273/2273/2273 2274/2274/2274 2370/2370/2370
f 2273/2273/2273 2370/2370/2370 2369/2369/2369
f 2274/2274/2274 2275/2275/2275 2371/2371/2371
f 2274/2274/2274 2371/2371/2371 2370/2370/2370
f 2275/2275/2275 2276/2276/2276 2372/2372/2372
f 2275/2275/2275 2372/2372/2372 2371/2371/2371
f 2276/2276/2276 2277/2277/2277 2373/2373/2373
f 2276/2276/2276 2373/2373/2373 2372/2372/2372
f 2277/2277/2277 2278/2278/2278 2374/2374/2374
f 2277/2277/2277 2374/2374/2374 2373/2373/2373
f 2278/2278/2278 2279/2279/2279 2375/2375/2375
f 2278/2278/2278 2375/2375/2375 2374/2374/2374
f 2279/2279/2279 2280/2280/2280 2376/2376/2376
f 2279/2279/2279 2376/2376/2376 2375/2375/2375
f 2280/2280/2280 2281/2281/2281 2377/2377/2377
f 2280/2280/2280 2377/2377/2377 2376/2376/2376
f 2281/2281/2281 2282/2282/2282 2378/2378/2378
f 2281/2281/2281 2378/2378/2378 2377/2377/2377
f 2282/2282/2282 2283/2283/2283 2379/2379/2379
f 2282/2282/2282 2379/2379/2379 2378/2378/2378
f 2283/2283/2283 2284/2284/2284 2380/2380/2380
f 2283/2283/2283 2380/2380/2380 2379/2379/2379
f 2284/2284/2284 2285/2285/2285 2381/2381/2381
f 2284/2284/2284 2381/2381/2381 2380/2380/2380
f 2285/2285/2285 2286/2286/2286 2382/2382/2382
f 2285/2285/2285 2382/2382/2382 2381/2381/2381
f 2286/2286/2286 2287/2287/2287 2383/2383/2383
f 2286/2286/2286 2383/2383/2383 2382/2382/2382
f 2287/2287/2287 2288/2288/2288 2384/2384/2384
f 2287/2287/2287 2384/2384/2384 2383/2383/2383
f 2288/2288/2288 2289/2289/2289 2385/2385/2385
f 2288/2288/2288 2385/2385/2385 2384/2384/2384
f 2289/2289/2289 2290/2290/2290 2386/2386/2386
f 2289/2289/2289 2386/2386/2386 2385/2385/2385
f 2290/2290/2290 2291/2291/2291 2387/2387/2387
f 2290/2290/2290 2387/2387/2387 2386/2386/2386
f 2291/2291/2291 2292/2292/2292 2388/2388/2388
f 2291/2291/2291 2388/2388/2388 2387/2387/2387
f 2292/2292/2292 2293/2293/2293 2389/2389/2389
f 2292/2292/2292 2389/2389/2389 2388/2388/2388
f 2293/2293/2293 2294/2294/2294 2390/2390/2390
f 2293/2293/2293 2390/2390/2390 2389/2389/2389
f 2294/2294/2294 2295/2295/2295 2391/2391/2391
f 2294/2294/2294 2391/2391/2391 2390/2390/2390
f 2295/2295/2295 2296/2296/2296 2392/2392/2392
f 2295/2295/2295 2392/2392/2392 2391/2391/2391
f 2296/2296/2296 2297/2297/2297 2393/2393/2393
f 2296/2296/2296 2393/2393/2393 2392/2392/2392
f 2297/2297/2297 2298/2298/2298 2394/2394/2394
f 2297/2297/2297 2394/2394/2394 2393/2393/2393
f 2298/2298/2298 2203/2203/2203 2299/2299/2299
f 2298/2298/2298 2299/2299/2299 2394/2394/2394
f 2299/2299/2299 2300/2300/2300 2396/2396/2396
f 2299/2299/2299 2396/2396/2396 2395/2395/2395
f 2300/2300/2300 2301/2301/2301 2397/2397/2397
f 2300/2300/2300 2397/2397/2397 2396/2396/2396
f 2301/2301/2301 2302/2302/2302 2398/2398/2398
f 2301/2301/2301 2398/2398/2398 2397/2397/2397
f 2302/2302/2302 2303/2303/2303 2399/2399/2399
f 2302/2302/2302 2399/2399/2399 2398/2398/2398
f 2303/2303/2303 2304/2304/2304 2400/2400/2400
f 2303/2303/2303 2400/2400/2400 2399/2399/2399
f 2304/2304/2304 2305/2305/2305 2401/2401/2401
f 2304/2304/2304 2401/2401/2401 2400/2400/2400
f 2305/2305/2305 2306/2306/2306 2402/2402/2402
f 2305/2305/2305 2402/2402/2402 2401/2401/2401
f 2306/2306/2306 2307/2307/2307 2403/2403/2403
f 2306/2306/2306 2403/2403/2403 2402/2402/2402
f 2307/2307/2307 2308/2308/2308 2404/2404/2404
f 2307/2307/2307 2404/2404/2404 2403/2403/2403
f 2308/2308/2308 2309/2309/2309 2405/2405/2405
f 2308/2308/2308 2405/2405/2405 2404/2404/2404
f 2309/2309/2309 2310/2310/2310 2406/2406/2406
f 2309/2309/2309 2406/2406/2406 2405/2405/2405
f 2310/2310/2310 2311/2311/2311 2407/2407/2407
f 2310/2310/2310 2407/2407/2407 2406/2406/2406
f 2311/2311/2311 2312/2312/2312 2408/2408/2408
f 2311/2311/2311 2408/2408/2408 2407/2407/2407
f 2312/2312/2312 2313/2313/2313 2409/2409/2409
f 2312/2312/2312 2409/2409/2409 2408/2408/2408
f 2313/2313/2313 2314/2314/2314 2410/2410/2410
f 2313/2313/2313 2410/2410/2410 2409/2409/2409
f 2314/2314/2314 2315/2315/2315 2411/2411/2411
f 2314/2314/2314 2411/2411/2411 2410/2410/2410
f 2315/2315/2315 2316/2316/2316 2412/2412/2412
f 2315/2315/2315 2412/2412/2412 2411/2411/2411
f 2316/2316/2316 2317/2317/2317 2413/2413/2413
f 2316/2316/2316 2413/2413/2413 2412/2412/2412
f 2317/2317/2317 2318/2318/2318 2414/2414/2414
f 2317/2317/2317 2414/2414/2414 2413/2413/2413
f 2318/2318/2318 2319/2319/2319 2415/2415/2415
f 2318/2318/2318 2415/2415/2415 2414/2414/2414
f 2319/2319/2319 2320/2320/2320 2416/2416/2416
f 2319/2319/2319 2416/2416/2416 2415/2415/2415
f 2320/2320/2320 2321/2321/2321 2417/2417/2417
f 2320/2320/2320 2417/2417/2417 2416/2416/2416
f 2321/2321/2321 2322/2322/2322 2418/2418/2418
f 2321/2321/2321 2418/2418/2418 2417/2417/2417
f 2322/2322/2322 2323/2323/2323 2419/2419/2419
f 2322/2322/2322 2419/2419/2419 2418/2418/2418
f 2323/2323/2323 2324/2324/2324 2420/2420/2420
f 2323/2323/2323 2420/2420/2420 2419/2419/2419
f 2324/2324/2324 2325/2325/2325 2421/2421/2421
f 2324/2324/2324 2421/2421/2421 2420/2420/2420
f 2325/2325/2325 2326/2326/2326 2422/2422/2422
f 2325/2325/2325 2422/2422/2422 2421/2421/2421
f 2326/2326/2326 2327/2327/2327 2423/2423/2423
f 2326/2326/2326 2423/2423/2423 2422/2422/2422
f 2327/2327/2327 2328/2328/2328 2424/2424/2424
f 2327/2327/2327 2424/2424/2424 2423/2423/2423
f 2328/2328/2328 2329/2329/2329 2425/2425/2425
f 2328/2328/2328 2425/2425/2425 2424/2424/2424
f 2329/2329/2329 2330/2330/2330 2426/2426/2426
f 2329/2329/2329 2426/2426/2426 2425/2425/2425
f 2330/2330/2330 2331/2331/2331 2427/2427/2427
f 2330/2330/2330 2427/2427/2427 2426/2426/2426
f 2331/2331/2331 2332/2332/2332 2428/2428/2428
f 2331/2331/2331 2428/2428/2428 2427/2427/2427
f 2332/2332/2332 2333/2333/2333 2429/2429/2429
f 2332/2332/2332 2429/2429/2429 2428/2428/2428
f 2333/2333/2333 2334/2334/2334 2430/2430/2430
f 2333/2333/2333 2430/2430/2430 2429/2429/2429
f 2334/2334/2334 2335/2335/2335 2431/2431/2431
f 2334/2334/2334 2431/2431/2431 2430/2430/2430
f 2335/2335/2335 2336/2336/2336 2432/2432/2432
f 2335/2335/2335 2432/2432/2432 2431/2431/2431
f 2336/2336/2336 2337/2337/2337 2433/2433/2433
f 2336/2336/2336 2433/2433/2433 2432/2432/2432
f 2337/2337/2337 2338/2338/2338 2434/2434/2434
f 2337/2337/2337 2434/2434/2434 2433/2433/2433
f 2338/2338/2338 2339/2339/2339 2435/2435/2435
f 2338/2338/2338 2435/2435/2435 2434/2434/2434
f 2339/2339/2339 2340/2340/2340 2436/2436/2436
f 2339/2339/2339 2436/2436/2436 2435/2435/2435
f 2340/2340/2340 2341/2341/2341 2437/2437/2437
f 2340/2340/2340 2437/2437/2437 2436/2436/2436
f 2341/2341/2341 2342/2342/2342 2438/2438/2438
f 2341/2341/2341 2438/2438/2438 2437/2437/2437
f 2342/2342/2342 2343/2343/2343 2439/2439/2439
f 2342/2342/2342 2439/2439/2439 2438/2438/2438
f 2343/2343/2343 2344/2344/2344 2440/2440/2440
f 2343/2343/2343 2440/2440/2440 2439/2439/2439
f 2344/2344/2344 2345/2345/2345 2441/2441/2441
f 2344/2344/2344 2441/2441/2441 2440/2440/2440
f 2345/2345/2345 2346/2346/2346 2442/2442/2442
f 2345/2345/2345 2442/2442/2442 2441/2441/2441
f 2346/2346/2346 2347/2347/2347 2443/2443/2443
f 2346/2346/2346 2443/2443/2443 2442/2442/2442
f 2347/2347/2347 2348/2348/2348 2444/2444/2444
f 2347/2347/2347 2444/2444/2444 2443/2443/2443
f 2348/2348/2348 2349/2349/2349 2445/2445/2445
f 2348/2348/2348 2445/2445/2445 2444/2444/2444
f 2349/2349/2349 2350/2350/2350 2446/2446/2446
f 2349/2349/2349 2446/2446/2446 2445/2445/2445
f 2350/2350/2350 2351/2351/2351 2447/2447/2447
f 2350/2350/2350 2447/2447/2447 2446/2446/2446
f 2351/2351/2351 2352/2352/2352 2448/2448/2448
f 2351/2351/2351 2448/2448/2448 2447/2447/2447
f 2352/2352/2352 2353/2353/2353 2449/2449/2449
f 2352/2352/2352 2449/2449/2449 2448/2448/2448
f 2353/2353/2353 2354/2354/2354 2450/2450/2450
f 2353/2353/2353 2450/2450/2450 2449/2449/2449
f 2354/2354/2354 2355/2355/2355 2451/2451/2451
f 2354/2354/2354 2451/2451/2451 2450/2450/2450
f 2355/2355/2355 2356/2356/2356 2452/2452/2452
f 2355/2355/2355 2452/2452/2452 2451/2451/2451
f 2356/2356/2356 2357/2357/2357 2453/2453/2453
f 2356/2356/2356 2453/2453/2453 2452/2452/2452
f 2357/2357/2357 2358/2358/2358 2454/2454/2454
f 2357/2357/2357 2454/2454/2454 2453/2453/2453
f 2358/2358/2358 2359/2359/2359 2455/2455/2455
f 2358/2358/2358 2455/2455/2455 2454/2454/2454
f 2359/2359/2359 2360/2360/2360 2456/2456/2456
f 2359/2359/2359 2456/2456/2456 2455/2455/2455
f 2360/2360/2360 2361/2361/2361 2457/2457/2457
f 2360/2360/2360 2457/2457/2457 2456/2456/2456
f 2361/2361/2361 2362/2362/2362 2458/2458/2458
f 2361/2361/2361 2458/2458/2458 2457/2457/2457
f 2362/2362/2362 2363/2363/2363 2459/2459/2459
f 2362/2362/2362 2459/2459/2459 2458/2458/2458
f 2363/2363/2363 2364/2364/2364 2460/2460/2460
f 2363/2363/2363 2460/2460/2460 2459/2459/2459
f 2364/2364/2364 2365/2365/2365 2461/2461/2461
f 2364/2364/2364 2461/2461/2461 2460/2460/2460
f 2365/2365/2365 2366/2366/2366 2462/2462/2462
f 2365/2365/2365 2462/2462/2462 2461/2461/2461
f 2366/2366/2366 2367/2367/2367 2463/2463/2463
f 2366/2366/2366 2463/2463/2463 2462/2462/2462
f 2367/2367/2367 2368/2368/2368 2464/2464/2464
f 2367/2367/2367 2464/2464/2464 2463/2463/2463
f 2368/2368/2368 2369/2369/2369 2465/2465/2465
f 2368/2368/2368 2465/2465/2465 2464/2464/2464
f 2369/2369/2369 2370/2370/2370 2466/2466/2466
f 2369/2369/2369 2466/2466/2466 2465/2465/2465
f 2370/2370/2370 2371/2371/2371 2467/2467/2467
f 2370/2370/2370 2467/2467/2467 2466/2466/2466
f 2371/2371/2371 2372/2372/2372 2468/2468/2468
f 2371/2371/2371 2468/2468/2468 2467/2467/2467
f 2372/2372/2372 2373/2373/2373 2469/2469/2469
f 2372/2372/2372 2469/2469/2469 2468/2468/2468
f 2373/2373/2373 2374/2374/2374 2470/2470/2470
f 2373/2373/2373 2470/2470/2470 2469/2469/2469
f 2374/2374/2374 2375/2375/2375 2471/2471/2471
f 2374/2374/2374 2471/2471/2471 2470/2470/2470
f 2375/2375/2375 2376/2376/2376 2472/2472/2472
f 2375/2375/2375 2472/2472/2472 2471/2471/2471
f 2376/2376/2376 2377/2377/2377 2473/2473/2473
f 2376/2376/2376 2473/2473/2473 2472/2472/2472
f 2377/2377/2377 2378/2378/2378 2474/2474/2474
f 2377/2377/2377 2474/2474/2474 2473/2473/2473
f 2378/2378/2378 2379/2379/2379 2475/2475/2475
f 2378/2378/2378 2475/2475/2475 2474/2474/2474
f 2379/2379/2379 2380/2380/2380 2476/2476/2476
f 2379/2379/2379 2476/2476/2476 2475/2475/2475
f 2380/2380/2380 2381/2381/2381 2477/2477/2477
f 2380/2380/2380 2477/2477/2477 2476/2476/2476
f 2381/2381/2381 2382/2382/2382 2478/2478/2478
f 2381/2381/2381 2478/2478/2478 2477/2477/2477
f 2382/2382/2382 2383/2383/2383 2479/2479/2479
f 2382/2382/2382 2479/2479/2479 2478/2478/2478
f 2383/2383/2383 2384/2384/2384 2480/2480/2480
f 2383/2383/2383 2480/2480/2480 2479/2479/2479
f 2384/2384/2384 2385/2385/2385 2481/2481/2481
f 2384/2384/2384 2481/2481/2481 2480/2480/2480
f 2385/2385/2385 2386/2386/2386 2482/2482/2482
f 2385/2385/2385 2482/2482/2482 2481/2481/2481
f 2386/2386/2386 2387/2387/2387 2483/2483/2483
f 2386/2386/2386 2483/2483/2483 2482/2482/2482
f 2387/2387/2387 2388/2388/2388 2484/2484/2484
f 2387/2387/2387 2484/2484/2484 2483/2483/2483
f 2388/2388/2388 2389/2389/2389 2485/2485/2485
f 2388/2388/2388 2485/2485/2485 2484/2484/2484
f 2389/2389/2389 2390/2390/2390 2486/2486/2486
f 2389/2389/2389 2486/2486/2486 2485/2485/2485
f 2390/2390/2390 2391/2391/2391 2487/2487/2487
f 2390/2390/2390 2487/2487/2487 2486/2486/2486
f 2391/2391/2391 2392/2392/2392 2488/2488/2488
f 2391/2391/2391 2488/2488/2488 2487/2487/2487
f 2392/2392/2392 2393/2393/2393 2489/2489/2489
f 2392/2392/2392 2489/2489/2489 2488/2488/2488
f 2393/2393/2393 2394/2394/2394 2490/2490/2490
f 2393/2393/2393 2490/2490/2490 2489/2489/2489
f 2394/2394/2394 2299/2299/2299 2395/2395/2395
f 2394/2394/2394 2395/2395/2395 2490/2490/2490
f 2395/2395/2395 2396/2396/2396 2492/2492/2492
f 2395/2395/2395 2492/2492/2492 2491/2491/2491
f 2396/2396/2396 2397/2397/2397 2493/2493/2493
f 2396/2396/2396 2493/2493/2493 2492/2492/2492
f 2397/2397/2397 2398/2398/2398 2494/2494/2494
f 2397/2397/2397 2494/2494/2494 2493/2493/2493
f 2398/2398/2398 2399/2399/2399 2495/2495/2495
f 2398/2398/2398 2495/2495/2495 2494/2494/2494
f 2399/2399/2399 2400/2400/2400 2496/2496/2496
f 2399/2399/2399 2496/2496/2496 2495/2495/2495
f 2400/2400/2400 2401/2401/2401 2497/2497/2497
f 2400/2400/2400 2497/2497/2497 2496/2496/2496
f 2401/2401/2401 2402/2402/2402 2498/2498/2498
f 2401/2401/2401 2498/2498/2498 2497/2497/2497
f 2402/2402/2402 2403/2403/2403 2499/2499/2499
f 2402/2402/2402 2499/2499/2499 2498/2498/2498
f 2403/2403/2403 2404/2404/2404 2500/2500/2500
f 2403/2403/2403 2500/2500/2500 2499/2499/2499
f 2404/2404/2404 2405/2405/2405 2501/2501/2501
f 2404/2404/2404 2501/2501/2501 2500/2500/2500
f 2405/2405/2405 2406/2406/2406 2502/2502/2502
f 2405/2405/2405 2502/2502/2502 2501/2501/2501
f 2406/2406/2406 2407/2407/2407 2503/2503/2503
f 2406/2406/2406 2503/2503/2503 2502/2502/2502
f 2407/2407/2407 2408/2408/2408 2504/2504/2504
f 2407/2407/2407 2504/2504/2504 2503/2503/2503
f 2408/2408/2408 2409/2409/2409 2505/2505/2505
f 2408/2408/2408 2505/2505/2505 2504/2504/2504
f 2409/2409/2409 2410/2410/2410 2506/2506/2506
f 2409/2409/2409 2506/2506/2506 2505/2505/2505
f 2410/2410/2410 2411/2411/2411 2507/2507/2507
f 2410/2410/2410 2507/2507/2507 2506/2506/2506
f 2411/2411/2411 2412/2412/2412 2508/2508/2508
f 2411/2411/2411 2508/2508/2508 2507/2507/2507
f 2412/2412/2412 2413/2413/2413 2509/2509/2509
f 2412/2412/2412 2509/2509/2509 2508/2508/2508
f 2413/2413/2413 2414/2414/2414 2510/2510/2510
f 2413/2413/2413 2510/2510/2510 2509/2509/2509
f 2414/2414/2414 2415/2415/2415 2511/2511/2511
f 2414/2414/2414 2511/2511/2511 2510/2510/2510
f 2415/2415/2415 2416/2416/2416 2512/2512/2512
f 2415/2415/2415 2512/2512/2512 2511/2511/2511
f 2416/2416/2416 2417/2417/2417 2513/2513/2513
f 2416/2416/2416 2513/2513/2513 2512/2512/2512
f 2417/2417/2417 2418/2418/2418 2514/2514/2514
f 2417/2417/2417 2514/2514/2514 2513/2513/2513
f 2418/2418/2418 2419/2419/2419 2515/2515/2515
f 2418/2418/2418 2515/2515/2515 2514/2514/2514
f 2419/2419/2419 2420/2420/2420 2516/2516/2516
f 2419/2419/2419 2516/2516/2516 2515/2515/2515
f 2420/2420/2420 2421/2421/2421 2517/2517/2517
f 2420/2420/2420 2517/2517/2517 2516/2516/2516
f 2421/2421/2421 2422/2422/2422 2518/2518/2518
f 2421/2421/2421 2518/2518/2518 2517/2517/2517
f 2422/2422/2422 2423/2423/2423 2519/2519/2519
f 2422/2422/2422 2519/2519/2519 2518/2518/2518
f 2423/2423/2423 2424/2424/2424 2520/2520/2520
f 2423/2423/2423 2520/2520/2520 2519/2519/2519
f 2424/2424/2424 2425/2425/2425 2521/2521/2521
f 2424/2424/2424 2521/2521/2521 2520/2520/2520
f 2425/2425/2425 2426/2426/2426 2522/2522/2522
f 2425/2425/2425 2522/2522/2522 2521/2521/2521
f 2426/2426/2426 2427/2427/2427 2523/2523/2523
f 2426/2426/2426 2523/2523/2523 2522/2522/2522
f 2427/2427/2427 2428/2428/2428 2524/2524/2524
f 2427/2427/2427 2524/2524/2524 2523/2523/2523
f 2428/2428/2428 2429/2429/2429 2525/2525/2525
f 2428/2428/2428 2525/2525/2525 2524/2524/2524
f 2429/2429/2429 2430/2430/2430 2526/2526/2526
f 2429/2429/2429 2526/2526/2526 2525/2525/2525
f 2430/2430/2430 2431/2431/2431 2527/2527/2527
f 2430/2430/2430 2527/2527/2527 2526/2526/2526
f 2431/2431/2431 2432/2432/2432 2528/2528/2528
f 2431/2431/2431 2528/2528/2528 2527/2527/2527
f 2432/2432/2432 2433/2433/2433 2529/2529/2529
f 2432/2432/2432 2529/2529/2529 2528/2528/2528
f 2433/2433/2433 2434/2434/2434 2530/2530/2530
f 2433/2433/2433 2530/2530/2530 2529/2529/2529
f 2434/2434/2434 2435/2435/2435 2531/2531/2531
f 2434/2434/2434 2531/2531/2531 2530/2530/2530
f 2435/2435/2435 2436/2436/2436 2532/2532/2532
f 2435/2435/2435 2532/2532/2532 2531/2531/2531
f 2436/2436/2436 2437/2437/2437 2533/2533/2533
f 2436/2436/2436 2533/2533/2533 2532/2532/2532
f 2437/2437/2437 2438/2438/2438 2534/2534/2534
f 2437/2437/2437 2534/2534/2534 2533/2533/2533
f 2438/2438/2438 2439/2439/2439 2535/2535/2535
f 2438/2438/2438 2535/2535/2535 2534/2534/2534
f 2439/2439/2439 2440/2440/2440 2536/2536/2536
f 2439/2439/2439 2536/2536/2536 2535/2535/2535
f 2440/2440/2440 2441/2441/2441 2537/2537/2537
f 2440/2440/2440 2537/2537/2537 2536/2536/2536
f 2441/2441/2441 2442/2442/2442 2538/2538/2538
f 2441/2441/2441 2538/2538/2538 2537/2537/2537
f 2442/2442/2442 2443/2443/2443 2539/2539/2539
f 2442/2442/2442 2539/2539/2539 2538/2538/2538
f 2443/2443/2443 2444/2444/2444 2540/2540/2540
f 2443/2443/2443 2540/2540/2540 2539/2539/2539
f 2444/2444/2444 2445/2445/2445 2541/2541/2541
f 2444/2444/2444 2541/2541/2541 2540/2540/2540
f 2445/2445/2445 2446/2446/2446 2542/2542/2542
f 2445/2445/2445 2542/2542/2542 2541/2541/2541
f 2446/2446/2446 2447/2447/2447 2543/2543/2543
f 2446/2446/2446 2543/2543/2543 2542/2542/2542
f 2447/2447/2447 2448/2448/2448 2544/2544/2544
f 2447/2447/2447 2544/2544/2544 2543/2543/2543
f 2448/2448/2448 2449/2449/2449 2545/2545/2545
f 2448/2448/2448 2545/2545/2545 2544/2544/2544
f 2449/2449/2449 2450/2450/2450 2546/2546/2546
f 2449/2449/2449 2546/2546/2546 2545/2545/2545
f 2450/2450/2450 2451/2451/2451 2547/2547/2547
f 2450/2450/2450 2547/2547/2547 2546/2546/2546
f 2451/2451/2451 2452/2452/2452 2548/2548/2548
f 2451/2451/2451 2548/2548/2548 2547/2547/2547
f 2452/2452/2452 2453/2453/2453 2549/2549/2549
f 2452/2452/2452 2549/2549/2549 2548/2548/2548
f 2453/2453/2453 2454/2454/2454 2550/2550/2550
f 2453/2453/2453 2550/2550/2550 2549/2549/2549
f 2454/2454/2454 2455/2455/2455 2551/2551/2551
f 2454/2454/2454 2551/2551/2551 2550/2550/2550
f 2455/2455/2455 2456/2456/2456 2552/2552/2552
f 2455/2455/2455 2552/2552/2552 2551/2551/2551
f 2456/2456/2456 2457/2457/2457 2553/2553/2553
f 2456/2456/2456 2553/2553/2553 2552/2552/2552
f 2457/2457/2457 2458/2458/2458 2554/2554/2554
f 2457/2457/2457 2554/2554/2554 2553/2553/2553
f 2458/2458/2458 2459/2459/2459 2555/2555/2555
f 2458/2458/2458 2555/2555/2555 2554/2554/2554
f 2459/2459/2459 2460/2460/2460 2556/2556/2556
f 2459/2459/2459 2556/2556/2556 2555/2555/2555
f 2460/2460/2460 2461/2461/2461 2557/2557/2557
f 2460/2460/2460 2557/2557/2557 2556/2556/2556
f 2461/2461/2461 2462/2462/2462 2558/2558/2558
f 2461/2461/2461 2558/2558/2558 2557/2557/2557
f 2462/2462/2462 2463/2463/2463 2559/2559/2559
f 2462/2462/2462 2559/2559/2559 2558/2558/2558
f 2463/2463/2463 2464/2464/2464 2560/2560/2560
f 2463/2463/2463 2560/2560/2560 2559/2559/2559
f 2464/2464/2464 2465/2465/2465 2561/2561/2561
f 2464/2464/2464 2561/2561/2561 2560/2560/2560
f 2465/2465/2465 2466/2466/2466 2562/2562/2562
f 2465/2465/2465 2562/2562/2562 2561/2561/2561
f 2466/2466/2466 2467/2467/2467 2563/2563/2563
f 2466/2466/2466 2563/2563/2563 2562/2562/2562
f 2467/2467/2467 2468/2468/2468 2564/2564/2564
f 2467/2467/2467 2564/2564/2564 2563/2563/2563
f 2468/2468/2468 2469/2469/2469 2565/2565/2565
f 2468/2468/2468 2565/2565/2565 2564/2564/2564
f 2469/2469/2469 2470/2470/2470 2566/2566/2566
f 2469/2469/2469 2566/2566/2566 2565/2565/2565
f 2470/2470/2470 2471/2471/2471 2567/2567/2567
f 2470/2470/2470 2567/2567/2567 2566/2566/2566
f 2471/2471/2471 2472/2472/2472 2568/2568/2568
f 2471/2471/2471 2568/2568/2568 2567/2567/2567
f 2472/2472/2472 2473/2473/2473 2569/2569/2569
f 2472/2472/2472 2569/2569/2569 2568/2568/2568
f 2473/2473/2473 2474/2474/2474 2570/2570/2570
f 2473/2473/2473 2570/2570/2570 2569/2569/2569
f 2474/2474/2474 2475/2475/2475 2571/2571/2571
f 2474/2474/2474 2571/2571/2571 2570/2570/2570
f 2475/2475/2475 2476/2476/2476 2572/2572/2572
f 2475/2475/2475 2572/2572/2572 2571/2571/2571
f 2476/2476/2476 2477/2477/2477 2573/2573/2573
f 2476/2476/2476 2573/2573/2573 2572/2572/2572
f 2477/2477/2477 2478/2478/2478 2574/2574/2574
f 2477/2477/2477 2574/2574/2574 2573/2573/2573
f 2478/2478/2478 2479/2479/2479 2575/2575/2575
f 2478/2478/2478 2575/2575/2575 2574/2574/2574
f 2479/2479/2479 2480/2480/2480 2576/2576/2576
f 2479/2479/2479 2576/2576/2576 2575/2575/2575
f 2480/2480/2480 2481/2481/2481 2577/2577/2577
f 2480/2480/2480 2577/2577/2577 2576/2576/2576
f 2481/2481/2481 2482/2482/2482 2578/2578/2578
f 2481/2481/2481 2578/2578/2578 2577/2577/2577
f 2482/2482/2482 2483/2483/2483 2579/2579/2579
f 2482/2482/2482 2579/2579/2579 2578/2578/2578
f 2483/2483/2483 2484/2484/2484 2580/2580/2580
f 2483/2483/2483 2580/2580/2580 2579/2579/2579
f 2484/2484/2484 2485/2485/2485 2581/2581/2581
f 2484/2484/2484 2581/2581/2581 2580/2580/2580
f 2485/2485/2485 2486/2486/2486 2582/2582/2582
f 2485/2485/2485 2582/2582/2582 2581/2581/2581
f 2486/2486/2486 2487/2487/2487 2583/2583/2583
f 2486/2486/2486 2583/2583/2583 2582/2582/2582
f 2487/2487/2487 2488/2488/2488 2584/2584/2584
f 2487/2487/2487 2584/2584/2584 2583/2583/2583
f 2488/2488/2488 2489/2489/2489 2585/2585/2585
f 2488/2488/2488 2585/2585/2585 2584/2584/2584
f 2489/2489/2489 2490/2490/2490 2586/2586/2586
f 2489/2489/2489 2586/2586/2586 2585/2585/2585
f 2490/2490/2490 2395/2395/2395 2491/2491/2491
f 2490/2490/2490 2491/2491/2491 2586/2586/2586
f 2491/2491/2491 2492/2492/2492 2588/2588/2588
f 2491/2491/2491 2588/2588/2588 2587/2587/2587
f 2492/2492/2492 2493/2493/2493 2589/2589/2589
f 2492/2492/2492 2589/2589/2589 2588/2588/2588
f 2493/2493/2493 2494/2494/2494 2590/2590/2590
f 2493/2493/2493 2590/2590/2590 2589/2589/2589
f 2494/2494/2494 2495/2495/2495 2591/2591/2591
f 2494/2494/2494 2591/2591/2591 2590/2590/2590
f 2495/2495/2495 2496/2496/2496 2592/2592/2592
f 2495/2495/2495 2592/2592/2592 2591/2591/2591
f 2496/2496/2496 2497/2497/2497 2593/2593/2593
f 2496/2496/2496 2593/2593/2593 2592/2592/2592
f 2497/2497/2497 2498/2498/2498 2594/2594/2594
f 2497/2497/2497 2594/2594/2594 2593/2593/2593
f 2498/2498/2498 2499/2499/2499 2595/2595/2595
f 2498/2498/2498 2595/2595/2595 2594/2594/2594
f 2499/2499/2499 2500/2500/2500 2596/2596/2596
f 2499/2499/2499 2596/2596/2596 2595/2595/2595
f 2500/2500/2500 2501/2501/2501 2597/2597/2597
f 2500/2500/2500 2597/2597/2597 2596/2596/2596
f 2501/2501/2501 2502/2502/2502 2598/2598/2598
f 2501/2501/2501 2598/2598/2598 2597/2597/2597
f 2502/2502/2502 2503/2503/2503 2599/2599/2599
f 2502/2502/2502 2599/2599/2599 2598/2598/2598
f 2503/2503/2503 2504/2504/2504 2600/2600/2600
f 2503/2503/2503 2600/2600/2600 2599/2599/2599
f 2504/2504/2504 2505/2505/2505 2601/2601/2601
f 2504/2504/2504 2601/2601/2601 2600/2600/2600
f 2505/2505/2505 2506/2506/2506 2602/2602/2602
f 2505/2505/2505 2602/2602/2602 2601/2601/2601
f 2506/2506/2506 2507/2507/2507 2603/2603/2603
f 2506/2506/2506 2603/2603/2603 2602/2602/2602
f 2507/2507/2507 2508/2508/2508 2604/2604/2604
f 2507/2507/2507 2604/2604/2604 2603/2603/2603
f 2508/2508/2508 2509/2509/2509 2605/2605/2605
f 2508/2508/2508 2605/2605/2605 2604/2604/2604
f 2509/2509/2509 2510/2510/2510 2606/2606/2606
f 2509/2509/2509 2606/2606/2606 2605/2605/2605
f 2510/2510/2510 2511/2511/2511 2607/2607/2607
f 2510/2510/2510 2607/2607/2607 2606/2606/2606
f 2511/2511/2511 2512/2512/2512 2608/2608/2608
f 2511/2511/2511 2608/2608/2608 2607/2607/2607
f 2512/2512/2512 2513/2513/2513 2609/2609/2609
f 2512/2512/2512 2609/2609/2609 2608/2608/2608
f 2513/2513/2513 2514/2514/2514 2610/2610/2610
f 2513/2513/2513 2610/2610/2610 2609/2609/2609
f 2514/2514/2514 2515/2515/2515 2611/2611/2611
f 2514/2514/2514 2611/2611/2611 2610/2610/2610
f 2515/2515/2515 2516/2516/2516 2612/2612/2612
f 2515/2515/2515 2612/2612/2612 2611/2611/2611
f 2516/2516/2516 2517/2517/2517 2613/2613/2613
f 2516/2516/2516 2613/2613/2613 2612/2612/2612
f 2517/2517/2517 2518/2518/2518 2614/2614/2614
f 2517/2517/2517 2614/2614/2614 2613/2613/2613
f 2518/2518/2518 2519/2519/2519 2615/2615/2615
f 2518/2518/2518 2615/2615/2615 2614/2614/2614
f 2519/2519/2519 2520/2520/2520 2616/2616/2616
f 2519/2519/2519 2616/2616/2616 2615/2615/2615
f 2520/2520/2520 2521/2521/2521 2617/2617/2617
f 2520/2520/2520 2617/2617/2617 2616/2616/2616
f 2521/2521/2521 2522/2522/2522 2618/2618/2618
f 2521/2521/2521 2618/2618/2618 2617/2617/2617
f 2522/2522/2522 2523/2523/2523 2619/2619/2619
f 2522/2522/2522 2619/2619/2619 2618/2618/2618
f 2523/2523/2523 2524/2524/2524 2620/2620/2620
f 2523/2523/2523 2620/2620/2620 2619/2619/2619
f 2524/2524/2524 2525/2525/2525 2621/2621/2621
f 2524/2524/2524 2621/2621/2621 2620/2620/2620
f 2525/2525/2525 2526/2526/2526 2622/2622/2622
f 2525/2525/2525 2622/2622/2622 2621/2621/2621
f 2526/2526/2526 2527/2527/2527 2623/2623/2623
f 2526/2526/2526 2623/2623/2623 2622/2622/2622
f 2527/2527/2527 2528/2528/2528 2624/2624/2624
f 2527/2527/2527 2624/2624/2624 2623/2623/2623
f 2528/2528/2528 2529/2529/2529 2625/2625/2625
f 2528/2528/2528 2625/2625/2625 2624/2624/2624
f 2529/2529/2529 2530/2530/2530 2626/2626/2626
f 2529/2529/2529 2626/2626/2626 2625/2625/2625
f 2530/2530/2530 2531/2531/2531 2627/2627/2627
f 2530/2530/2530 2627/2627/2627 2626/2626/2626
f 2531/2531/2531 2532/2532/2532 2628/2628/2628
f 2531/2531/2531 2628/2628/2628 2627/2627/2627
f 2532/2532/2532 2533/2533/2533 2629/2629/2629
f 2532/2532/2532 2629/2629/2629 2628/2628/2628
f 2533/2533/2533 2534/2534/2534 2630/2630/2630
f 2533/2533/2533 2630/2630/2630 2629/2629/2629
f 2534/2534/2534 2535/2535/2535 2631/2631/2631
f 2534/2534/2534 2631/2631/2631 2630/2630/2630
f 2535/2535/2535 2536/2536/2536 2632/2632/2632
f 2535/2535/2535 2632/2632/2632 2631/2631/2631
f 2536/2536/2536 2537/2537/2537 2633/2633/2633
f 2536/2536/2536 2633/2633/2633 2632/2632/2632
f 2537/2537/2537 2538/2538/2538 2634/2634/2634
f 2537/2537/2537 2634/2634/2634 2633/2633/2633
f 2538/2538/2538 2539/2539/2539 2635/2635/2635
f 2538/2538/2538 2635/2635/2635 2634/2634/2634
f 2539/2539/2539 2540/2540/2540 2636/2636/2636
f 2539/2539/2539 2636/2636/2636 2635/2635/2635
f 2540/2540/2540 2541/2541/2541 2637/2637/2637
f 2540/2540/2540 2637/2637/2637 2636/2636/2636
f 2541/2541/2541 2542/2542/2542 2638/2638/2638
f 2541/2541/2541 2638/2638/2638 2637/2637/2637
f 2542/2542/2542 2543/2543/2543 2639/2639/2639
f 2542/2542/2542 2639/2639/2639 2638/2638/2638
f 2543/2543/2543 2544/2544/2544 2640/2640/2640
f 2543/2543/2543 2640/2640/2640 2639/2639/2639
f 2544/2544/2544 2545/2545/2545 2641/2641/2641
f 2544/2544/2544 2641/2641/2641 2640/2640/2640
f 2545/2545/2545 2546/2546/2546 2642/2642/2642
f 2545/2545/2545 2642/2642/2642 2641/2641/2641
f 2546/2546/2546 2547/2547/2547 2643/2643/2643
f 2546/2546/2546 2643/2643/2643 2642/2642/2642
f 2547/2547/2547 2548/2548/2548 2644/2644/2644
f 2547/2547/2547 2644/2644/2644 2643/2643/2643
f 2548/2548/2548 2549/2549/2549 2645/2645/2645
f 2548/2548/2548 2645/2645/2645 2644/2644/2644
f 2549/2549/2549 2550/2550/2550 2646/2646/2646
f 2549/2549/2549 2646/2646/2646 2645/2645/2645
f 2550/2550/2550 2551/2551/2551 2647/2647/2647
f 2550/2550/2550 2647/2647/2647 2646/2646/2646
f 2551/2551/2551 2552/2552/2552 2648/2648/2648
f 2551/2551/2551 2648/2648/2648 2647/2647/2647
f 2552/2552/2552 2553/2553/2553 2649/2649/2649
f 2552/2552/2552 2649/2649/2649 2648/2648/2648
f 2553/2553/2553 2554/2554/2554 2650/2650/2650
f 2553/2553/2553 2650/2650/2650 2649/2649/2649
f 2554/2554/2554 2555/2555/2555 2651/2651/2651
f 2554/2554/2554 2651/2651/2651 2650/2650/2650
f 2555/2555/2555 2556/2556/2556 2652/2652/2652
f 2555/2555/2555 2652/2652/2652 2651/2651/2651
f 2556/2556/2556 2557/2557/2557 2653/2653/2653
f 2556/2556/2556 2653/2653/2653 2652/2652/2652
f 2557/2557/2557 2558/2558/2558 2654/2654/2654
f 2557/2557/2557 2654/2654/2654 2653/2653/2653
f 2558/2558/2558 2559/2559/2559 2655/2655/2655
f 2558/2558/2558 2655/2655/2655 2654/2654/2654
f 2559/2559/2559 2560/2560/2560 2656/2656/2656
f 2559/2559/2559 2656/2656/2656 2655/2655/2655
f 2560/2560/2560 2561/2561/2561 2657/2657/2657
f 2560/2560/2560 2657/2657/2657 2656/2656/2656
f 2561/2561/2561 2562/2562/2562 2658/2658/2658
f 2561/2561/2561 2658/2658/2658 2657/2657/2657
f 2562/2562/2562 2563/2563/2563 2659/2659/2659
f 2562/2562/2562 2659/2659/2659 2658/2658/2658
f 2563/2563/2563 2564/2564/2564 2660/2660/2660
f 2563/2563/2563 2660/2660/2660 2659/2659/2659
f 2564/2564/2564 2565/2565/2565 2661/2661/2661
f 2564/2564/2564 2661/2661/2661 2660/2660/2660
f 2565/2565/2565 2566/2566/2566 2662/2662/2662
f 2565/2565/2565 2662/2662/2662 2661/2661/2661
f 2566/2566/2566 2567/2567/2567 2663/2663/2663
f 2566/2566/2566 2663/2663/2663 2662/2662/2662
f 2567/2567/2567 2568/2568/2568 2664/2664/2664
f 2567/2567/2567 2664/2664/2664 2663/2663/2663
f 2568/2568/2568 2569/2569/2569 2665/2665/2665
f 2568/2568/2568 2665/2665/2665 2664/2664/2664
f 2569/2569/2569 2570/2570/2570 2666/2666/2666
f 2569/2569/2569 2666/2666/2666 2665/2665/2665
f 2570/2570/2570 2571/2571/2571 2667/2667/2667
f 2570/2570/2570 2667/2667/2667 2666/2666/2666
f 2571/2571/2571 2572/2572/2572 2668/2668/2668
f 2571/2571/2571 2668/2668/2668 2667/2667/2667
f 2572/2572/2572 2573/2573/2573 2669/2669/2669
f 2572/2572/2572 2669/2669/2669 2668/2668/2668
f 2573/2573/2573 2574/2574/2574 2670/2670/2670
f 2573/2573/2573 2670/2670/2670 2669/2669/2669
f 2574/2574/2574 2575/2575/2575 2671/2671/2671
f 2574/2574/2574 2671/2671/2671 2670/2670/2670
f 2575/2575/2575 2576/2576/2576 2672/2672/2672
f 2575/2575/2575 2672/2672/2672 2671/2671/2671
f 2576/2576/2576 2577/2577/2577 2673/2673/2673
f 2576/2576/2576 2673/2673/2673 2672/2672/2672
f 2577/2577/2577 2578/2578/2578 2674/2674/2674
f 2577/2577/2577 2674/2674/2674 2673/2673/2673
f 2578/2578/2578 2579/2579/2579 2675/2675/2675
f 2578/2578/2578 2675/2675/2675 2674/2674/2674
f 2579/2579/2579 2580/2580/2580 2676/2676/2676
f 2579/2579/2579 2676/2676/2676 2675/2675/2675
f 2580/2580/2580 2581/2581/2581 2677/2677/2677
f 2580/2580/2580 2677/2677/2677 2676/2676/2676
f 2581/2581/2581 2582/2582/2582 2678/2678/2678
f 2581/2581/2581 2678/2678/2678 2677/2677/2677
f 2582/2582/2582 2583/2583/2583 2679/2679/2679
f 2582/2582/2582 2679/2679/2679 2678/2678/2678
f 2583/2583/2583 2584/2584/2584 2680/2680/2680
f 2583/2583/2583 2680/2680/2680 2679/2679/2679
f 2584/2584/2584 2585/2585/2585 2681/2681/2681
f 2584/2584/2584 2681/2681/2681 2680/2680/2680
f 2585/2585/2585 2586/2586/2586 2682/2682/2682
f 2585/2585/2585 2682/2682/2682 2681/2681/2681
f 2586/2586/2586 2491/2491/2491 2587/2587/2587
f 2586/2586/2586 2587/2587/2587 2682/2682/2682
f 2587/2587/2587 2588/2588/2588 2684/2684/2684
f 2587/2587/2587 2684/2684/2684 2683/2683/2683
f 2588/2588/2588 2589/2589/2589 2685/2685/2685
f 2588/2588/2588 2685/2685/2685 2684/2684/2684
f 2589/2589/2589 2590/2590/2590 2686/2686/2686
f 2589/2589/2589 2686/2686/2686 2685/2685/2685
f 2590/2590/2590 2591/2591/2591 2687/2687/2687
f 2590/2590/2590 2687/2687/2687 2686/2686/2686
f 2591/2591/2591 2592/2592/2592 2688/2688/2688
f 2591/2591/2591 2688/2688/2688 2687/2687/2687
f 2592/2592/2592 2593/2593/2593 2689/2689/2689
f 2592/2592/2592 2689/2689/2689 2688/2688/2688
f 2593/2593/2593 2594/2594/2594 2690/2690/2690
f 2593/2593/2593 2690/2690/2690 2689/2689/2689
f 2594/2594/2594 2595/2595/2595 2691/2691/2691
f 2594/2594/2594 2691/2691/2691 2690/2690/2690
f 2595/2595/2595 2596/2596/2596 2692/2692/2692
f 2595/2595/2595 2692/2692/2692 2691/2691/2691
f 2596/2596/2596 2597/2597/2597 2693/2693/2693
f 2596/2596/2596 2693/2693/2693 2692/2692/2692
f 2597/2597/2597 2598/2598/2598 2694/2694/2694
f 2597/2597/2597 2694/2694/2694 2693/2693/2693
f 2598/2598/2598 2599/2599/2599 2695/2695/2695
f 2598/2598/2598 2695/2695/2695 2694/2694/2694
f 2599/2599/2599 2600/2600/2600 2696/2696/2696
f 2599/2599/2599 2696/2696/2696 2695/2695/2695
f 2600/2600/2600 2601/2601/2601 2697/2697/2697
f 2600/2600/2600 2697/2697/2697 2696/2696/2696
f 2601/2601/2601 2602/2602/2602 2698/2698/2698
f 2601/2601/2601 2698/2698/2698 2697/2697/2697
f 2602/2602/2602 2603/2603/2603 2699/2699/2699
f 2602/2602/2602 2699/2699/2699 2698/2698/2698
f 2603/2603/2603 2604/2604/2604 2700/2700/2700
f 2603/2603/2603 2700/2700/2700 2699/2699/2699
f 2604/2604/2604 2605/2605/2605 2701/2701/2701
f 2604/2604/2604 2701/2701/2701 2700/2700/2700
f 2605/2605/2605 2606/2606/2606 2702/2702/2702
f 2605/2605/2605 2702/2702/2702 2701/2701/2701
f 2606/2606/2606 2607/2607/2607 2703/2703/2703
f 2606/2606/2606 2703/2703/2703 2702/2702/2702
f 2607/2607/2607 2608/2608/2608 2704/2704/2704
f 2607/2607/2607 2704/2704/2704 2703/2703/2703
f 2608/2608/2608 2609/2609/2609 2705/2705/2705
f 2608/2608/2608 2705/2705/2705 2704/2704/2704
f 2609/2609/2609 2610/2610/2610 2706/2706/2706
f 2609/2609/2609 2706/2706/2706 2705/2705/2705
f 2610/2610/2610 2611/2611/2611 2707/2707/2707
f 2610/2610/2610 2707/2707/2707 2706/2706/2706
f 2611/2611/2611 2612/2612/2612 2708/2708/2708
f 2611/2611/2611 2708/2708/2708 2707/2707/2707
f 2612/2612/2612 2613/2613/2613 2709/2709/2709
f 2612/2612/2612 2709/2709/2709 2708/2708/2708
f 2613/2613/2613 2614/2614/2614 2710/2710/2710
f 2613/2613/2613 2710/2710/2710 2709/2709/2709
f 2614/2614/2614 2615/2615/2615 2711/2711/2711
f 2614/2614/2614 2711/2711/2711 2710/2710/2710
f 2615/2615/2615 2616/2616/2616 2712/2712/2712
f 2615/2615/2615 2712/2712/2712 2711/2711/2711
f 2616/2616/2616 2617/2617/2617 2713/2713/2713
f 2616/2616/2616 2713/2713/2713 2712/2712/2712
f 2617/2617/2617 2618/2618/2618 2714/2714/2714
f 2617/2617/2617 2714/2714/2714 2713/2713/2713
f 2618/2618/2618 2619/2619/2619 2715/2715/2715
f 2618/2618/2618 2715/2715/2715 2714/2714/2714
f 2619/2619/2619 2620/2620/2620 2716/2716/2716
f 2619/2619/2619 2716/2716/2716 2715/2715/2715
f 2620/2620/2620 2621/2621/2621 2717/2717/2717
f 2620/2620/2620 2717/2717/2717 2716/2716/2716
f 2621/2621/2621 2622/2622/2622 2718/2718/2718
f 2621/2621/2621 2718/2718/2718 2717/2717/2717
f 2622/2622/2622 2623/2623/2623 2719/2719/2719
f 2622/2622/2622 2719/2719/2719 2718/2718/2718
f 2623/2623/2623 2624/2624/2624 2720/2720/2720
f 2623/2623/2623 2720/2720/2720 2719/2719/2719
f 2624/2624/2624 2625/2625/2625 2721/2721/2721
f 2624/2624/2624 2721/2721/2721 2720/2720/2720
f 2625/2625/2625 2626/2626/2626 2722/2722/2722
f 2625/2625/2625 2722/2722/2722 2721/2721/2721
f 2626/2626/2626 2627/2627/2627 2723/2723/2723
f 2626/2626/2626 2723/2723/2723 2722/2722/2722
f 2627/2627/2627 2628/2628/2628 2724/2724/2724
f 2627/2627/2627 2724/2724/2724 2723/2723/2723
f 2628/2628/2628 2629/2629/2629 2725/2725/2725
f 2628/2628/2628 2725/2725/2725 2724/2724/2724
f 2629/2629/2629 2630/2630/2630 2726/2726/2726
f 2629/2629/2629 2726/2726/2726 2725/2725/2725
f 2630/2630/2630 2631/2631/2631 2727/2727/2727
f 2630/2630/2630 2727/2727/2727 2726/2726/2726
f 2631/2631/2631 2632/2632/2632 2728/2728/2728
f 2631/2631/2631 2728/2728/2728 2727/2727/2727
f 2632/2632/2632 2633/2633/2633 2729/2729/2729
f 2632/2632/2632 2729/2729/2729 2728/2728/2728
f 2633/2633/2633 2634/2634/2634 2730/2730/2730
f 2633/2633/2633 2730/2730/2730 2729/2729/2729
f 2634/2634/2634 2635/2635/2635 2731/2731/2731
f 2634/2634/2634 2731/2731/2731 2730/2730/2730
f 2635/2635/2635 2636/2636/2636 2732/2732/2732
f 2635/2635/2635 2732/2732/2732 2731/2731/2731
f 2636/2636/2636 2637/2637/2637 2733/2733/2733
f 2636/2636/2636 2733/2733/2733 2732/2732/2732
f 2637/2637/2637 2638/2638/2638 2734/2734/2734
f 2637/2637/2637 2734/2734/2734 2733/2733/2733
f 2638/2638/2638 2639/2639/2639 2735/2735/2735
f 2638/2638/2638 2735/2735/2735 2734/2734/2734
f 2639/2639/2639 2640/2640/2640 2736/2736/2736
f 2639/2639/2639 2736/2736/2736 2735/2735/2735
f 2640/2640/2640 2641/2641/2641 2737/2737/2737
f 2640/2640/2640 2737/2737/2737 2736/2736/2736
f 2641/2641/2641 2642/2642/2642 2738/2738/2738
f 2641/2641/2641 2738/2738/2738 2737/2737/2737
f 2642/2642/2642 2643/2643/2643 2739/2739/2739
f 2642/2642/2642 2739/2739/2739 2738/2738/2738
f 2643/2643/2643 2644/2644/2644 2740/2740/2740
f 2643/2643/2643 2740/2740/2740 2739/2739/2739
f 2644/2644/2644 2645/2645/2645 2741/2741/2741
f 2644/2644/2644 2741/2741/2741 2740/2740/2740
f 2645/2645/2645 2646/2646/2646 2742/2742/2742
f 2645/2645/2645 2742/2742/2742 2741/2741/2741
f 2646/2646/2646 2647/2647/2647 2743/2743/2743
f 2646/2646/2646 2743/2743/2743 2742/2742/2742
f 2647/2647/2647 2648/2648/2648 2744/2744/2744
f 2647/2647/2647 2744/2744/2744 2743/2743/2743
f 2648/2648/2648 2649/2649/2649 2745/2745/2745
f 2648/2648/2648 2745/2745/2745 2744/2744/2744
f 2649/2649/2649 2650/2650/2650 2746/2746/2746
f 2649/2649/2649 2746/2746/2746 2745/2745/2745
f 2650/2650/2650 2651/2651/2651 2747/2747/2747
f 2650/2650/2650 2747/2747/2747 2746/2746/2746
f 2651/2651/2651 2652/2652/2652 2748/2748/2748
f 2651/2651/2651 2748/2748/2748 2747/2747/2747
f 2652/2652/2652 2653/2653/2653 2749/2749/2749
f 2652/2652/2652 2749/2749/2749 2748/2748/2748
f 2653/2653/2653 2654/2654/2654 2750/2750/2750
f 2653/2653/2653 2750/2750/2750 2749/2749/2749
f 2654/2654/2654 2655/2655/2655 2751/2751/2751
f 2654/2654/2654 2751/2751/2751 2750/2750/2750
f 2655/2655/2655 2656/2656/2656 2752/2752/2752
f 2655/2655/2655 2752/2752/2752 2751/2751/2751
f 2656/2656/2656 2657/2657/2657 2753/2753/2753
f 2656/2656/2656 2753/2753/2753 2752/2752/2752
f 2657/2657/2657 2658/2658/2658 2754/2754/2754
f 2657/2657/2657 2754/2754/2754 2753/2753/2753
f 2658/2658/2658 2659/2659/2659 2755/2755/2755
f 2658/2658/2658 2755/2755/2755 2754/2754/2754
f 2659/2659/2659 2660/2660/2660 2756/2756/2756
f 2659/2659/2659 2756/2756/2756 2755/2755/2755
f 2660/2660/2660 2661/2661/2661 2757/2757/2757
f 2660/2660/2660 2757/2757/2757 2756/2756/2756
f 2661/2661/2661 2662/2662/2662 2758/2758/2758
f 2661/2661/2661 2758/2758/2758 2757/2757/2757
f 2662/2662/2662 2663/2663/2663 2759/2759/2759
f 2662/2662/2662 2759/2759/2759 2758/2758/2758
f 2663/2663/2663 2664/2664/2664 2760/2760/2760
f 2663/2663/2663 2760/2760/2760 2759/2759/2759
f 2664/2664/2664 2665/2665/2665 2761/2761/2761
f 2664/2664/2664 2761/2761/2761 2760/2760/2760
f 2665/2665/2665 2666/2666/2666 2762/2762/2762
f 2665/2665/2665 2762/2762/2762 2761/2761/2761
f 2666/2666/2666 2667/2667/2667 2763/2763/2763
f 2666/2666/2666 2763/2763/2763 2762/2762/2762
f 2667/2667/2667 2668/2668/2668 2764/2764/2764
f 2667/2667/2667 2764/2764/2764 2763/2763/2763
f 2668/2668/2668 2669/2669/2669 2765/2765/2765
f 2668/2668/2668 2765/2765/2765 2764/2764/2764
f 2669/2669/2669 2670/2670/2670 2766/2766/2766
f 2669/2669/2669 2766/2766/2766 2765/2765/2765
f 2670/2670/2670 2671/2671/2671 2767/2767/2767
f 2670/2670/2670 2767/2767/2767 2766/2766/2766
f 2671/2671/2671 2672/2672/2672 2768/2768/2768
f 2671/2671/2671 2768/2768/2768 2767/2767/2767
f 2672/2672/2672 2673/2673/2673 2769/2769/2769
f 2672/2672/2672 2769/2769/2769 2768/2768/2768
f 2673/2673/2673 2674/2674/2674 2770/2770/2770
f 2673/2673/2673 2770/2770/2770 2769/2769/2769
f 2674/2674/2674 2675/2675/2675 2771/2771/2771
f 2674/2674/2674 2771/2771/2771 2770/2770/2770
f 2675/2675/2675 2676/2676/2676 2772/2772/2772
f 2675/2675/2675 2772/2772/2772 2771/2771/2771
f 2676/2676/2676 2677/2677/2677 2773/2773/2773
f 2676/2676/2676 2773/2773/2773 2772/2772/2772
f 2677/2677/2677 2678/2678/2678 2774/2774/2774
f 2677/2677/2677 2774/2774/2774 2773/2773/2773
f 2678/2678/2678 2679/2679/2679 2775/2775/2775
f 2678/2678/2678 2775/2775/2775 2774/2774/2774
f 2679/2679/2679 2680/2680/2680 2776/2776/2776
f 2679/2679/2679 2776/2776/2776 2775/2775/2775
f 2680/2680/2680 2681/2681/2681 2777/2777/2777
f 2680/2680/2680 2777/2777/2777 2776/2776/2776
f 2681/2681/2681 2682/2682/2682 2778/2778/2778
f 2681/2681/2681 2778/2778/2778 2777/2777/2777
f 2682/2682/2682 2587/2587/2587 2683/2683/2683
f 2682/2682/2682 2683/2683/2683 2778/2778/2778
f 2683/2683/2683 2684/2684/2684 2780/2780/2780
f 2683/2683/2683 2780/2780/2780 2779/2779/2779
f 2684/2684/2684 2685/2685/2685 2781/2781/2781
f 2684/2684/2684 2781/2781/2781 2780/2780/2780
f 2685/2685/2685 2686/2686/2686 2782/2782/2782
f 2685/2685/2685 2782/2782/2782 2781/2781/2781
f 2686/2686/2686 2687/2687/2687 2783/2783/2783
f 2686/2686/2686 2783/2783/2783 2782/2782/2782
f 2687/2687/2687 2688/2688/2688 2784/2784/2784
f 2687/2687/2687 2784/2784/2784 2783/2783/2783
f 2688/2688/2688 2689/2689/2689 2785/2785/2785
f 2688/2688/2688 2785/2785/2785 2784/2784/2784
f 2689/2689/2689 2690/2690/2690 2786/2786/2786
f 2689/2689/2689 2786/2786/2786 2785/2785/2785
f 2690/2690/2690 2691/2691/2691 2787/2787/2787
f 2690/2690/2690 2787/2787/2787 2786/2786/2786
f 2691/2691/2691 2692/2692/2692 2788/2788/2788
f 2691/2691/2691 2788/2788/2788 2787/2787/2787
f 2692/2692/2692 2693/2693/2693 2789/2789/2789
f 2692/2692/2692 2789/2789/2789 2788/2788/2788
f 2693/2693/2693 2694/2694/2694 2790/2790/2790
f 2693/2693/2693 2790/2790/2790 2789/2789/2789
f 2694/2694/2694 2695/2695/2695 2791/2791/2791
f 2694/2694/2694 2791/2791/2791 2790/2790/2790
f 2695/2695/2695 2696/2696/2696 2792/2792/2792
f 2695/2695/2695 2792/2792/2792 2791/2791/2791
f 2696/2696/2696 2697/2697/2697 2793/2793/2793
f 2696/2696/2696 2793/2793/2793 2792/2792/2792
f 2697/2697/2697 2698/2698/2698 2794/2794/2794
f 2697/2697/2697 2794/2794/2794 2793/2793/2793
f 2698/2698/2698 2699/2699/2699 2795/2795/2795
f 2698/2698/2698 2795/2795/2795 2794/2794/2794
f 2699/2699/2699 2700/2700/2700 2796/2796/2796
f 2699/2699/2699 2796/2796/2796 2795/2795/2795
f 2700/2700/2700 2701/2701/2701 2797/2797/2797
f 2700/2700/2700 2797/2797/2797 2796/2796/2796
f 2701/2701/2701 2702/2702/2702 2798/2798/2798
f 2701/2701/2701 2798/2798/2798 2797/2797/2797
f 2702/2702/2702 2703/2703/2703 2799/2799/2799
f 2702/2702/2702 2799/2799/2799 2798/2798/2798
f 2703/2703/2703 2704/2704/2704 2800/2800/2800
f 2703/2703/2703 2800/2800/2800 2799/2799/2799
f 2704/2704/2704 2705/2705/2705 2801/2801/2801
f 2704/2704/2704 2801/2801/2801 2800/2800/2800
f 2705/2705/2705 2706/2706/2706 2802/2802/2802
f 2705/2705/2705 2802/2802/2802 2801/2801/2801
f 2706/2706/2706 2707/2707/2707 2803/2803/2803
f 2706/2706/2706 2803/2803/2803 2802/2802/2802
f 2707/2707/2707 2708/2708/2708 2804/2804/2804
f 2707/2707/2707 2804/2804/2804 2803/2803/2803
f 2708/2708/2708 2709/2709/2709 2805/2805/2805
f 2708/2708/2708 2805/2805/2805 2804/2804/2804
f 2709/2709/2709 2710/2710/2710 2806/2806/2806
f 2709/2709/2709 2806/2806/2806 2805/2805/2805
f 2710/2710/2710 2711/2711/2711 2807/2807/2807
f 2710/2710/2710 2807/2807/2807 2806/2806/2806
f 2711/2711/2711 2712/2712/2712 2808/2808/2808
f 2711/2711/2711 2808/2808/2808 2807/2807/2807
f 2712/2712/2712 2713/2713/2713 2809/2809/2809
f 2712/2712/2712 2809/2809/2809 2808/2808/2808
f 2713/2713/2713 2714/2714/2714 2810/2810/2810
f 2713/2713/2713 2810/2810/2810 2809/2809/2809
f 2714/2714/2714 2715/2715/2715 2811/2811/2811
f 2714/2714/2714 2811/2811/2811 2810/2810/2810
f 2715/2715/2715 2716/2716/2716 2812/2812/2812
f 2715/2715/2715 2812/2812/2812 2811/2811/2811
f 2716/2716/2716 2717/2717/2717 2813/2813/2813
f 2716/2716/2716 2813/2813/2813 2812/2812/2812
f 2717/2717/2717 2718/2718/2718 2814/2814/2814
f 2717/2717/2717 2814/2814/2814 2813/2813/2813
f 2718/2718/2718 2719/2719/2719 2815/2815/2815
f 2718/2718/2718 2815/2815/2815 2814/2814/2814
f 2719/2719/2719 2720/2720/2720 2816/2816/2816
f 2719/2719/2719 2816/2816/2816 2815/2815/2815
f 2720/2720/2720 2721/2721/2721 2817/2817/2817
f 2720/2720/2720 2817/2817/2817 2816/2816/2816
f 2721/2721/2721 2722/2722/2722 2818/2818/2818
f 2721/2721/2721 2818/2818/2818 2817/2817/2817
f 2722/2722/2722 2723/2723/2723 2819/2819/2819
f 2722/2722/2722 2819/2819/2819 2818/2818/2818
f 2723/2723/2723 2724/2724/2724 2820/2820/2820
f 2723/2723/2723 2820/2820/2820 2819/2819/2819
f 2724/2724/2724 2725/2725/2725 2821/2821/2821
f 2724/2724/2724 2821/2821/2821 2820/2820/2820
f 2725/2725/2725 2726/2726/2726 2822/2822/2822
f 2725/2725/2725 2822/2822/2822 2821/2821/2821
f 2726/2726/2726 2727/2727/2727 2823/2823/2823
f 2726/2726/2726 2823/2823/2823 2822/2822/2822
f 2727/2727/2727 2728/2728/2728 2824/2824/2824
f 2727/2727/2727 2824/2824/2824 2823/2823/2823
f 2728/2728/2728 2729/2729/2729 2825/2825/2825
f 2728/2728/2728 2825/2825/2825 2824/2824/2824
f 2729/2729/2729 2730/2730/2730 2826/2826/2826
f 2729/2729/2729 2826/2826/2826 2825/2825/2825
f 2730/2730/2730 2731/2731/2731 2827/2827/2827
f 2730/2730/2730 2827/2827/2827 2826/2826/2826
f 2731/2731/2731 2732/2732/2732 2828/2828/2828
f 2731/2731/2731 2828/2828/2828 2827/2827/2827
f 2732/2732/2732 2733/2733/2733 2829/2829/2829
f 2732/2732/2732 2829/2829/2829 2828/2828/2828
f 2733/2733/2733 2734/2734/2734 2830/2830/2830
f 2733/2733/2733 2830/2830/2830 2829/2829/2829
f 2734/2734/2734 2735/2735/2735 2831/2831/2831
f 2734/2734/2734 2831/2831/2831 2830/2830/2830
f 2735/2735/2735 2736/2736/2736 2832/2832/2832
f 2735/2735/2735 2832/2832/2832 2831/2831/2831
f 2736/2736/2736 2737/2737/2737 2833/2833/2833
f 2736/2736/2736 2833/2833/2833 2832/2832/2832
f 2737/2737/2737 2738/2738/2738 2834/2834/2834
f 2737/2737/2737 2834/2834/2834 2833/2833/2833
f 2738/2738/2738 2739/2739/2739 2835/2835/2835
f 2738/2738/2738 2835/2835/2835 2834/2834/2834
f 2739/2739/2739 2740/2740/2740 2836/2836/2836
f 2739/2739/2739 2836/2836/2836 2835/2835/2835
f 2740/2740/2740 2741/2741/2741 2837/2837/2837
f 2740/2740/2740 2837/2837/2837 2836/2836/2836
f 2741/2741/2741 2742/2742/2742 2838/2838/2838
f 2741/2741/2741 2838/2838/2838 2837/2837/2837
f 2742/2742/2742 2743/2743/2743 2839/2839/2839
f 2742/2742/2742 2839/2839/2839 2838/2838/2838
f 2743/2743/2743 2744/2744/2744 2840/2840/2840
f 2743/2743/2743 2840/2840/2840 2839/2839/2839
f 2744/2744/2744 2745/2745/2745 2841/2841/2841
f 2744/2744/2744 2841/2841/2841 2840/2840/2840
f 2745/2745/2745 2746/2746/2746 2842/2842/2842
f 2745/2745/2745 2842/2842/2842 2841/2841/2841
f 2746/2746/2746 2747/2747/2747 2843/2843/2843
f 2746/2746/2746 2843/2843/2843 2842/2842/2842
f 2747/2747/2747 2748/2748/2748 2844/2844/2844
f 2747/2747/2747 2844/2844/2844 2843/2843/2843
f 2748/2748/2748 2749/2749/2749 2845/2845/2845
f 2748/2748/2748 2845/2845/2845 2844/2844/2844
f 2749/2749/2749 2750/2750/2750 2846/2846/2846
f 2749/2749/2749 2846/2846/2846 2845/2845/2845
f 2750/2750/2750 2751/2751/2751 2847/2847/2847
f 2750/2750/2750 2847/2847/2847 2846/2846/2846
f 2751/2751/2751 2752/2752/2752 2848/2848/2848
f 2751/2751/2751 2848/2848/2848 2847/2847/2847
f 2752/2752/2752 2753/2753/2753 2849/2849/2849
f 2752/2752/2752 2849/2849/2849 2848/2848/2848
f 2753/2753/2753 2754/2754/2754 2850/2850/2850
f 2753/2753/2753 2850/2850/2850 2849/2849/2849
f 2754/2754/2754 2755/2755/2755 2851/2851/2851
f 2754/2754/2754 2851/2851/2851 2850/2850/2850
f 2755/2755/2755 2756/2756/2756 2852/2852/2852
f 2755/2755/2755 2852/2852/2852 2851/2851/2851
f 2756/2756/2756 2757/2757/2757 2853/2853/2853
f 2756/2756/2756 2853/2853/2853 2852/2852/2852
f 2757/2757/2757 2758/2758/2758 2854/2854/2854
f 2757/2757/2757 2854/2854/2854 2853/2853/2853
f 2758/2758/2758 2759/2759/2759 2855/2855/2855
f 2758/2758/2758 2855/2855/2855 2854/2854/2854
f 2759/2759/2759 2760/2760/2760 2856/2856/2856
f 2759/2759/2759 2856/2856/2856 2855/2855/2855
f 2760/2760/2760 2761/2761/2761 2857/2857/2857
f 2760/2760/2760 2857/2857/2857 2856/2856/2856
f 2761/2761/2761 2762/2762/2762 2858/2858/2858
f 2761/2761/2761 2858/2858/2858 2857/2857/2857
f 2762/2762/2762 2763/2763/2763 2859/2859/2859
f 2762/2762/2762 2859/2859/2859 2858/2858/2858
f 2763/2763/2763 2764/2764/2764 2860/2860/2860
f 2763/2763/2763 2860/2860/2860 2859/2859/2859
f 2764/2764/2764 2765/2765/2765 2861/2861/2861
f 2764/2764/2764 2861/2861/2861 2860/2860/2860
f 2765/2765/2765 2766/2766/2766 2862/2862/2862
f 2765/2765/2765 2862/2862/2862 2861/2861/2861
f 2766/2766/2766 2767/2767/2767 2863/2863/2863
f 2766/2766/2766 2863/2863/2863 2862/2862/2862
f 2767/2767/2767 2768/2768/2768 2864/2864/2864
f 2767/2767/2767 2864/2864/2864 2863/2863/2863
f 2768/2768/2768 2769/2769/2769 2865/2865/2865
f 2768/2768/2768 2865/2865/2865 2864/2864/2864
f 2769/2769/2769 2770/2770/2770 2866/2866/2866
f 2769/2769/2769 2866/2866/2866 2865/2865/2865
f 2770/2770/2770 2771/2771/2771 2867/2867/2867
f 2770/2770/2770 2867/2867/2867 2866/2866/2866
f 2771/2771/2771 2772/2772/2772 2868/2868/2868
f 2771/2771/2771 2868/2868/2868 2867/2867/2867
f 2772/2772/2772 2773/2773/2773 2869/2869/2869
f 2772/2772/2772 2869/2869/2869 2868/2868/2868
f 2773/2773/2773 2774/2774/2774 2870/2870/2870
f 2773/2773/2773 2870/2870/2870 2869/2869/2869
f 2774/2774/2774 2775/2775/2775 2871/2871/2871
f 2774/2774/2774 2871/2871/2871 2870/2870/2870
f 2775/2775/2775 2776/2776/2776 2872/2872/2872
f 2775/2775/2775 2872/2872/2872 2871/2871/2871
f 2776/2776/2776 2777/2777/2777 2873/2873/2873
f 2776/2776/2776 2873/2873/2873 2872/2872/2872
f 2777/2777/2777 2778/2778/2778 2874/2874/2874
f 2777/2777/2777 2874/2874/2874 2873/2873/2873
f 2778/2778/2778 2683/2683/2683 2779/2779/2779
f 2778/2778/2778 2779/2779/2779 2874/2874/2874
f 2779/2779/2779 2780/2780/2780 2876/2876/2876
f 2779/2779/2779 2876/2876/2876 2875/2875/2875
f 2780/2780/2780 2781/2781/2781 2877/2877/2877
f 2780/2780/2780 2877/2877/2877 2876/2876/2876
f 2781/2781/2781 2782/2782/2782 2878/2878/2878
f 2781/2781/2781 2878/2878/2878 2877/2877/2877
f 2782/2782/2782 2783/2783/2783 2879/2879/2879
f 2782/2782/2782 2879/2879/2879 2878/2878/2878
f 2783/2783/2783 2784/2784/2784 2880/2880/2880
f 2783/2783/2783 2880/2880/2880 2879/2879/2879
f 2784/2784/2784 2785/2785/2785 2881/2881/2881
f 2784/2784/2784 2881/2881/2881 2880/2880/2880
f 2785/2785/2785 2786/2786/2786 2882/2882/2882
f 2785/2785/2785 2882/2882/2882 2881/2881/2881
f 2786/2786/2786 2787/2787/2787 2883/2883/2883
f 2786/2786/2786 2883/2883/2883 2882/2882/2882
f 2787/2787/2787 2788/2788/2788 2884/2884/2884
f 2787/2787/2787 2884/2884/2884 2883/2883/2883
f 2788/2788/2788 2789/2789/2789 2885/2885/2885
f 2788/2788/2788 2885/2885/2885 2884/2884/2884
f 2789/2789/2789 2790/2790/2790 2886/2886/2886
f 2789/2789/2789 2886/2886/2886 2885/2885/2885
f 2790/2790/2790 2791/2791/2791 2887/2887/2887
f 2790/2790/2790 2887/2887/2887 2886/2886/2886
f 2791/2791/2791 2792/2792/2792 2888/2888/2888
f 2791/2791/2791 2888/2888/2888 2887/2887/2887
f 2792/2792/2792 2793/2793/2793 2889/2889/2889
f 2792/2792/2792 2889/2889/2889 2888/2888/2888
f 2793/2793/2793 2794/2794/2794 2890/2890/2890
f 2793/2793/2793 2890/2890/2890 2889/2889/2889
f 2794/2794/2794 2795/2795/2795 2891/2891/2891
f 2794/2794/2794 2891/2891/2891 2890/2890/2890
f 2795/2795/2795 2796/2796/2796 2892/2892/2892
f 2795/2795/2795 2892/2892/2892 2891/2891/2891
f 2796/2796/2796 2797/2797/2797 2893/2893/2893
f 2796/2796/2796 2893/2893/2893 2892/2892/2892
f 2797/2797/2797 2798/2798/2798 2894/2894/2894
f 2797/2797/2797 2894/2894/2894 2893/2893/2893
f 2798/2798/2798 2799/2799/2799 2895/2895/2895
f 2798/2798/2798 2895/2895/2895 2894/2894/2894
f 2799/2799/2799 2800/2800/2800 2896/2896/2896
f 2799/2799/2799 2896/2896/2896 2895/2895/2895
f 2800/2800/2800 2801/2801/2801 2897/2897/2897
f 2800/2800/2800 2897/2897/2897 2896/2896/2896
f 2801/2801/2801 2802/2802/2802 2898/2898/2898
f 2801/2801/2801 2898/2898/2898 2897/2897/2897
f 2802/2802/2802 2803/2803/2803 2899/2899/2899
f 2802/2802/2802 2899/2899/2899 2898/2898/2898
f 2803/2803/2803 2804/2804/2804 2900/2900/2900
f 2803/2803/2803 2900/2900/2900 2899/2899/2899
f 2804/2804/2804 2805/2805/2805 2901/2901/2901
f 2804/2804/2804 2901/2901/2901 2900/2900/2900
f 2805/2805/2805 2806/2806/2806 2902/2902/2902
f 2805/2805/2805 2902/2902/2902 2901/2901/2901
f 2806/2806/2806 2807/2807/2807 2903/2903/2903
f 2806/2806/2806 2903/2903/2903 2902/2902/2902
f 2807/2807/2807 2808/2808/2808 2904/2904/2904
f 2807/2807/2807 2904/2904/2904 2903/2903/2903
f 2808/2808/2808 2809/2809/2809 2905/2905/2905
f 2808/2808/2808 2905/2905/2905 2904/2904/2904
f 2809/2809/2809 2810/2810/2810 2906/2906/2906
f 2809/2809/2809 2906/2906/2906 2905/2905/2905
f 2810/2810/2810 2811/2811/2811 2907/2907/2907
f 2810/2810/2810 2907/2907/2907 2906/2906/2906
f 2811/2811/2811 2812/2812/2812 2908/2908/2908
f 2811/2811/2811 2908/2908/2908 2907/2907/2907
f 2812/2812/2812 2813/2813/2813 2909/2909/2909
f 2812/2812/2812 2909/2909/2909 2908/2908/2908
f 2813/2813/2813 2814/2814/2814 2910/2910/2910
f 2813/2813/2813 2910/2910/2910 2909/2909/2909
f 2814/2814/2814 2815/2815/2815 2911/2911/2911
f 2814/2814/2814 2911/2911/2911 2910/2910/2910
f 2815/2815/2815 2816/2816/2816 2912/2912/2912
f 2815/2815/2815 2912/2912/2912 2911/2911/2911
f 2816/2816/2816 2817/2817/2817 2913/2913/2913
f 2816/2816/2816 2913/2913/2913 2912/2912/2912
f 2817/2817/2817 2818/2818/2818 2914/2914/2914
f 2817/2817/2817 2914/2914/2914 2913/2913/2913
f 2818/2818/2818 2819/2819/2819 2915/2915/2915
f 2818/2818/2818 2915/2915/2915 2914/2914/2914
f 2819/2819/2819 2820/2820/2820 2916/2916/2916
f 2819/2819/2819 2916/2916/2916 2915/2915/2915
f 2820/2820/2820 2821/2821/2821 2917/2917/2917
f 2820/2820/2820 2917/2917/2917 2916/2916/2916
f 2821/2821/2821 2822/2822/2822 2918/2918/2918
f 2821/2821/2821 2918/2918/2918 2917/2917/2917
f 2822/2822/2822 2823/2823/2823 2919/2919/2919
f 2822/2822/2822 2919/2919/2919 2918/2918/2918
f 2823/2823/2823 2824/2824/2824 2920/2920/2920
f 2823/2823/2823 2920/2920/2920 2919/2919/2919
f 2824/2824/2824 2825/2825/2825 2921/2921/2921
f 2824/2824/2824 2921/2921/2921 2920/2920/2920
f 2825/2825/2825 2826/2826/2826 2922/2922/2922
f 2825/2825/2825 2922/2922/2922 2921/2921/2921
f 2826/2826/2826 2827/2827/2827 2923/2923/2923
f 2826/2826/2826 2923/2923/2923 2922/2922/2922
f 2827/2827/2827 2828/2828/2828 2924/2924/2924
f 2827/2827/2827 2924/2924/2924 2923/2923/2923
f 2828/2828/2828 2829/2829/2829 2925/2925/2925
f 2828/2828/2828 2925/2925/2925 2924/2924/2924
f 2829/2829/2829 2830/2830/2830 2926/2926/2926
f 2829/2829/2829 2926/2926/2926 2925/2925/2925
f 2830/2830/2830 2831/2831/2831 2927/2927/2927
f 2830/2830/2830 2927/2927/2927 2926/2926/2926
f 2831/2831/2831 2832/2832/2832 2928/2928/2928
f 2831/2831/2831 2928/2928/2928 2927/2927/2927
f 2832/2832/2832 2833/2833/2833 2929/2929/2929
f 2832/2832/2832 2929/2929/2929 2928/2928/2928
f 2833/2833/2833 2834/2834/2834 2930/2930/2930
f 2833/2833/2833 2930/2930/2930 2929/2929/2929
f 2834/2834/2834 2835/2835/2835 2931/2931/2931
f 2834/2834/2834 2931/2931/2931 2930/2930/2930
f 2835/2835/2835 2836/2836/2836 2932/2932/2932
f 2835/2835/2835 2932/2932/2932 2931/2931/2931
f 2836/2836/2836 2837/2837/2837 2933/2933/2933
f 2836/2836/2836 2933/2933/2933 2932/2932/2932
f 2837/2837/2837 2838/2838/2838 2934/2934/2934
f 2837/2837/2837 2934/2934/2934 2933/2933/2933
f 2838/2838/2838 2839/2839/2839 2935/2935/2935
f 2838/2838/2838 2935/2935/2935 2934/2934/2934
f 2839/2839/2839 2840/2840/2840 2936/2936/2936
f 2839/2839/2839 2936/2936/2936 2935/2935/2935
f 2840/2840/2840 2841/2841/2841 2937/2937/2937
f 2840/2840/2840 2937/2937/2937 2936/2936/2936
f 2841/2841/2841 2842/2842/2842 2938/2938/2938
f 2841/2841/2841 2938/2938/2938 2937/2937/2937
f 2842/2842/2842 2843/2843/2843 2939/2939/2939
f 2842/2842/2842 2939/2939/2939 2938/2938/2938
f 2843/2843/2843 2844/2844/2844 2940/2940/2940
f 2843/2843/2843 2940/2940/2940 2939/2939/2939
f 2844/2844/2844 2845/2845/2845 2941/2941/2941
f 2844/2844/2844 2941/2941/2941 2940/2940/2940
f 2845/2845/2845 2846/2846/2846 2942/2942/2942
f 2845/2845/2845 2942/2942/2942 2941/2941/2941
f 2846/2846/2846 2847/2847/2847 2943/2943/2943
f 2846/2846/2846 2943/2943/2943 2942/2942/2942
f 2847/2847/2847 2848/2848/2848 2944/2944/2944
f 2847/2847/2847 2944/2944/2944 2943/2943/2943
f 2848/2848/2848 2849/2849/2849 2945/2945/2945
f 2848/2848/2848 2945/2945/2945 2944/2944/2944
f 2849/2849/2849 2850/2850/2850 2946/2946/2946
f 2849/2849/2849 2946/2946/2946 2945/2945/2945
f 2850/2850/2850 2851/2851/2851 2947/2947/2947
f 2850/2850/2850 2947/2947/2947 2946/2946/2946
f 2851/2851/2851 2852/2852/2852 2948/2948/2948
f 2851/2851/2851 2948/2948/2948 2947/2947/2947
f 2852/2852/2852 2853/2853/2853 2949/2949/2949
f 2852/2852/2852 2949/2949/2949 2948/2948/2948
f 2853/2853/2853 2854/2854/2854 2950/2950/2950
f 2853/2853/2853 2950/2950/2950 2949/2949/2949
f 2854/2854/2854 2855/2855/2855 2951/2951/2951
f 2854/2854/2854 2951/2951/2951 2950/2950/2950
f 2855/2855/2855 2856/2856/2856 2952/2952/2952
f 2855/2855/2855 2952/2952/2952 2951/2951/2951
f 2856/2856/2856 2857/2857/2857 2953/2953/2953
f 2856/2856/2856 2953/2953/2953 2952/2952/2952
f 2857/2857/2857 2858/2858/2858 2954/2954/2954
f 2857/2857/2857 2954/2954/2954 2953/2953/2953
f 2858/2858/2858 2859/2859/2859 2955/2955/2955
f 2858/2858/2858 2955/2955/2955 2954/2954/2954
f 2859/2859/2859 2860/2860/2860 2956/2956/2956
f 2859/2859/2859 2956/2956/2956 2955/2955/2955
f 2860/2860/2860 2861/2861/2861 2957/2957/2957
f 2860/2860/2860 2957/2957/2957 2956/2956/2956
f 2861/2861/2861 2862/2862/2862 2958/2958/2958
f 2861/2861/2861 2958/2958/2958 2957/2957/2957
f 2862/2862/2862 2863/2863/2863 2959/2959/2959
f 2862/2862/2862 2959/2959/2959 2958/2958/2958
f 2863/2863/2863 2864/2864/2864 2960/2960/2960
f 2863/2863/2863 2960/2960/2960 2959/2959/2959
f 2864/2864/2864 2865/2865/2865 2961/2961/2961
f 2864/2864/2864 2961/2961/2961 2960/2960/2960
f 2865/2865/2865 2866/2866/2866 2962/2962/2962
f 2865/2865/2865 2962/2962/2962 2961/2961/2961
f 2866/2866/2866 2867/2867/2867 2963/2963/2963
f 2866/2866/2866 2963/2963/2963 2962/2962/2962
f 2867/2867/2867 2868/2868/2868 2964/2964/2964
f 2867/2867/2867 2964/2964/2964 2963/2963/2963
f 2868/2868/2868 2869/2869/2869 2965/2965/2965
f 2868/2868/2868 2965/2965/2965 2964/2964/2964
f 2869/2869/2869 2870/2870/2870 2966/2966/2966
f 2869/2869/2869 2966/2966/2966 2965/2965/2965
f 2870/2870/2870 2871/2871/2871 2967/2967/2967
f 2870/2870/2870 2967/2967/2967 2966/2966/2966
f 2871/2871/2871 2872/2872/2872 2968/2968/2968
f 2871/2871/2871 2968/2968/2968 2967/2967/2967
f 2872/2872/2872 2873/2873/2873 2969/2969/2969
f 2872/2872/2872 2969/2969/2969 2968/2968/2968
f 2873/2873/2873 2874/2874/2874 2970/2970/2970
f 2873/2873/2873 2970/2970/2970 2969/2969/2969
f 2874/2874/2874 2779/2779/2779 2875/2875/2875
f 2874/2874/2874 2875/2875/2875 2970/2970/2970
f 2875/2875/2875 2876/2876/2876 2972/2972/2972
f 2875/2875/2875 2972/2972/2972 2971/2971/2971
f 2876/2876/2876 2877/2877/2877 2973/2973/2973
f 2876/2876/2876 2973/2973/2973 2972/2972/2972
f 2877/2877/2877 2878/2878/2878 2974/2974/2974
f 2877/2877/2877 2974/2974/2974 2973/2973/2973
f 2878/2878/2878 2879/2879/2879 2975/2975/2975
f 2878/2878/2878 2975/2975/2975 2974/2974/2974
f 2879/2879/2879 2880/2880/2880 2976/2976/2976
f 2879/2879/2879 2976/2976/2976 2975/2975/2975
f 2880/2880/2880 2881/2881/2881 2977/2977/2977
f 2880/2880/2880 2977/2977/2977 2976/2976/2976
f 2881/2881/2881 2882/2882/2882 2978/2978/2978
f 2881/2881/2881 2978/2978/2978 2977/2977/2977
f 2882/2882/2882 2883/2883/2883 2979/2979/2979
f 2882/2882/2882 2979/2979/2979 2978/2978/2978
f 2883/2883/2883 2884/2884/2884 2980/2980/2980
f 2883/2883/2883 2980/2980/2980 2979/2979/2979
f 2884/2884/2884 2885/2885/2885 2981/2981/2981
f 2884/2884/2884 2981/2981/2981 2980/2980/2980
f 2885/2885/2885 2886/2886/2886 2982/2982/2982
f 2885/2885/2885 2982/2982/2982 2981/2981/2981
f 2886/2886/2886 2887/2887/2887 2983/2983/2983
f 2886/2886/2886 2983/2983/2983 2982/2982/2982
f 2887/2887/2887 2888/2888/2888 2984/2984/2984
f 2887/2887/2887 2984/2984/2984 2983/2983/2983
f 2888/2888/2888 2889/2889/2889 2985/2985/2985
f 2888/2888/2888 2985/2985/2985 2984/2984/2984
f 2889/2889/2889 2890/2890/2890 2986/2986/2986
f 2889/2889/2889 2986/2986/2986 2985/2985/2985
f 2890/2890/2890 2891/2891/2891 2987/2987/2987
f 2890/2890/2890 2987/2987/2987 2986/2986/2986
f 2891/2891/2891 2892/2892/2892 2988/2988/2988
f 2891/2891/2891 2988/2988/2988 2987/2987/2987
f 2892/2892/2892 2893/2893/2893 2989/2989/2989
f 2892/2892/2892 2989/2989/2989 2988/2988/2988
f 2893/2893/2893 2894/2894/2894 2990/2990/2990
f 2893/2893/2893 2990/2990/2990 2989/2989/2989
f 2894/2894/2894 2895/2895/2895 2991/2991/2991
f 2894/2894/2894 2991/2991/2991 2990/2990/2990
f 2895/2895/2895 2896/2896/2896 2992/2992/2992
f 2895/2895/2895 2992/2992/2992 2991/2991/2991
f 2896/2896/2896 2897/2897/2897 2993/2993/2993
f 2896/2896/2896 2993/2993/2993 2992/2992/2992
f 2897/2897/2897 2898/2898/2898 2994/2994/2994
f 2897/2897/2897 2994/2994/2994 2993/2993/2993
f 2898/2898/2898 2899/2899/2899 2995/2995/2995
f 2898/2898/2898 2995/2995/2995 2994/2994/2994
f 2899/2899/2899 2900/2900/2900 2996/2996/2996
f 2899/2899/2899 2996/2996/2996 2995/2995/2995
f 2900/2900/2900 2901/2901/2901 2997/2997/2997
f 2900/2900/2900 2997/2997/2997 2996/2996/2996
f 2901/2901/2901 2902/2902/2902 2998/2998/2998
f 2901/2901/2901 2998/2998/2998 2997/2997/2997
f 2902/2902/2902 2903/2903/2903 2999/2999/2999
f 2902/2902/2902 2999/2999/2999 2998/2998/2998
f 2903/2903/2903 2904/2904/2904 3000/3000/3000
f 2903/2903/2903 3000/3000/3000 2999/2999/2999
f 2904/2904/2904 2905/2905/2905 3001/3001/3001
f 2904/2904/2904 3001/3001/3001 3000/3000/3000
f 2905/2905/2905 2906/2906/2906 3002/3002/3002
f 2905/2905/2905 3002/3002/3002 3001/3001/3001
f 2906/2906/2906 2907/2907/2907 3003/3003/3003
f 2906/2906/2906 3003/3003/3003 3002/3002/3002
f 2907/2907/2907 2908/2908/2908 3004/3004/3004
f 2907/2907/2907 3004/3004/3004 3003/3003/3003
f 2908/2908/2908 2909/2909/2909 3005/3005/3005
f 2908/2908/2908 3005/3005/3005 3004/3004/3004
f 2909/2909/2909 2910/2910/2910 3006/3006/3006
f 2909/2909/2909 3006/3006/3006 3005/3005/3005
f 2910/2910/2910 2911/2911/2911 3007/3007/3007
f 2910/2910/2910 3007/3007/3007 3006/3006/3006
f 2911/2911/2911 2912/2912/2912 3008/3008/3008
f 2911/2911/2911 3008/3008/3008 3007/3007/3007
f 2912/2912/2912 2913/2913/2913 3009/3009/3009
f 2912/2912/2912 3009/3009/3009 3008/3008/3008
f 2913/2913/2913 2914/2914/2914 3010/3010/3010
f 2913/2913/2913 3010/3010/3010 3009/3009/3009
f 2914/2914/2914 2915/2915/2915 3011/3011/3011
f 2914/2914/2914 3011/3011/3011 3010/3010/3010
f 2915/2915/2915 2916/2916/2916 3012/3012/3012
f 2915/2915/2915 3012/3012/3012 3011/3011/3011
f 2916/2916/2916 2917/2917/2917 3013/3013/3013
f 2916/2916/2916 3013/3013/3013 3012/3012/3012
f 2917/2917/2917 2918/2918/2918 3014/3014/3014
f 2917/2917/2917 3014/3014/3014 3013/3013/3013
f 2918/2918/2918 2919/2919/2919 3015/3015/3015
f 2918/2918/2918 3015/3015/3015 3014/3014/3014
f 2919/2919/2919 2920/2920/2920 3016/3016/3016
f 2919/2919/2919 3016/3016/3016 3015/3015/3015
f 2920/2920/2920 2921/2921/2921 3017/3017/3017
f 2920/2920/2920 3017/3017/3017 3016/3016/3016
f 2921/2921/2921 2922/2922/2922 3018/3018/3018
f 2921/2921/2921 3018/3018/3018 3017/3017/3017
f 2922/2922/2922 2923/2923/2923 3019/3019/3019
f 2922/2922/2922 3019/3019/3019 3018/3018/3018
f 2923/2923/2923 2924/2924/2924 3020/3020/3020
f 2923/2923/2923 3020/3020/3020 3019/3019/3019
f 2924/2924/2924 2925/2925/2925 3021/3021/3021
f 2924/2924/2924 3021/3021/3021 3020/3020/3020
f 2925/2925/2925 2926/2926/2926 3022/3022/3022
f 2925/2925/2925 3022/3022/3022 3021/3021/3021
f 2926/2926/2926 2927/2927/2927 3023/3023/3023
f 2926/2926/2926 3023/3023/3023 3022/3022/3022
f 2927/2927/2927 2928/2928/2928 3024/3024/3024
f 2927/2927/2927 3024/3024/3024 3023/3023/3023
f 2928/2928/2928 2929/2929/2929 3025/3025/3025
f 2928/2928/2928 3025/3025/3025 3024/3024/3024
f 2929/2929/2929 2930/2930/2930 3026/3026/3026
f 2929/2929/2929 3026/3026/3026 3025/3025/3025
f 2930/2930/2930 2931/2931/2931 3027/3027/3027
f 2930/2930/2930 3027/3027/3027 3026/3026/3026
f 2931/2931/2931 2932/2932/2932 3028/3028/3028
f 2931/2931/2931 3028/3028/3028 3027/3027/3027
f 2932/2932/2932 2933/2933/2933 3029/3029/3029
f 2932/2932/2932 3029/3029/3029 3028/3028/3028
f 2933/2933/2933 2934/2934/2934 3030/3030/3030
f 2933/2933/2933 3030/3030/3030 3029/3029/3029
f 2934/2934/2934 2935/2935/2935 3031/3031/3031
f 2934/2934/2934 3031/3031/3031 3030/3030/3030
f 2935/2935/2935 2936/2936/2936 3032/3032/3032
f 2935/2935/2935 3032/3032/3032 3031/3031/3031
f 2936/2936/2936 2937/2937/2937 3033/3033/3033
f 2936/2936/2936 3033/3033/3033 3032/3032/3032
f 2937/2937/2937 2938/2938/2938 3034/3034/3034
f 2937/2937/2937 3034/3034/3034 3033/3033/3033
f 2938/2938/2938 2939/2939/2939 3035/3035/3035
f 2938/2938/2938 3035/3035/3035 3034/3034/3034
f 2939/2939/2939 2940/2940/2940 3036/3036/3036
f 2939/2939/2939 3036/3036/3036 3035/3035/3035
f 2940/2940/2940 2941/2941/2941 3037/3037/3037
f 2940/2940/2940 3037/3037/3037 3036/3036/3036
f 2941/2941/2941 2942/2942/2942 3038/3038/3038
f 2941/2941/2941 3038/3038/3038 3037/3037/3037
f 2942/2942/2942 2943/2943/2943 3039/3039/3039
f 2942/2942/2942 3039/3039/3039 3038/3038/3038
f 2943/2943/2943 2944/2944/2944 3040/3040/3040
f 2943/2943/2943 3040/3040/3040 3039/3039/3039
f 2944/2944/2944 2945/2945/2945 3041/3041/3041
f 2944/2944/2944 3041/3041/3041 3040/3040/3040
f 2945/2945/2945 2946/2946/2946 3042/3042/3042
f 2945/2945/2945 3042/3042/3042 3041/3041/3041
f 2946/2946/2946 2947/2947/2947 3043/3043/3043
f 2946/2946/2946 3043/3043/3043 3042/3042/3042
f 2947/2947/2947 2948/2948/2948 3044/3044/3044
f 2947/2947/2947 3044/3044/3044 3043/3043/3043
f 2948/2948/2948 2949/2949/2949 3045/3045/3045
f 2948/2948/2948 3045/3045/3045 3044/3044/3044
f 2949/2949/2949 2950/2950/2950 3046/3046/3046
f 2949/2949/2949 3046/3046/3046 3045/3045/3045
f 2950/2950/2950 2951/2951/2951 3047/3047/3047
f 2950/2950/2950 3047/3047/3047 3046/3046/3046
f 2951/2951/2951 2952/2952/2952 3048/3048/3048
f 2951/2951/2951 3048/3048/3048 3047/3047/3047
f 2952/2952/2952 2953/2953/2953 3049/3049/3049
f 2952/2952/2952 3049/3049/3049 3048/3048/3048
f 2953/2953/2953 2954/2954/2954 3050/3050/3050
f 2953/2953/2953 3050/3050/3050 3049/3049/3049
f 2954/2954/2954 2955/2955/2955 3051/3051/3051
f 2954/2954/2954 3051/3051/3051 3050/3050/3050
f 2955/2955/2955 2956/2956/2956 3052/3052/3052
f 2955/2955/2955 3052/3052/3052 3051/3051/3051
f 2956/2956/2956 2957/2957/2957 3053/3053/3053
f 2956/2956/2956 3053/3053/3053 3052/3052/3052
f 2957/2957/2957 2958/2958/2958 3054/3054/3054
f 2957/2957/2957 3054/3054/3054 3053/3053/3053
f 2958/2958/2958 2959/2959/2959 3055/3055/3055
f 2958/2958/2958 3055/3055/3055 3054/3054/3054
f 2959/2959/2959 2960/2960/2960 3056/3056/3056
f 2959/2959/2959 3056/3056/3056 3055/3055/3055
f 2960/2960/2960 2961/2961/2961 3057/3057/3057
f 2960/2960/2960 3057/3057/3057 3056/3056/3056
f 2961/2961/2961 2962/2962/2962 3058/3058/3058
f 2961/2961/2961 3058/3058/3058 3057/3057/3057
f 2962/2962/2962 2963/2963/2963 3059/3059/3059
f 2962/2962/2962 3059/3059/3059 3058/3058/3058
f 2963/2963/2963 2964/2964/2964 3060/3060/3060
f 2963/2963/2963 3060/3060/3060 3059/3059/3059
f 2964/2964/2964 2965/2965/2965 3061/3061/3061
f 2964/2964/2964 3061/3061/3061 3060/3060/3060
f 2965/2965/2965 2966/2966/2966 3062/3062/3062
f 2965/2965/2965 3062/3062/3062 3061/3061/3061
f 2966/2966/2966 2967/2967/2967 3063/3063/3063
f 2966/2966/2966 3063/3063/3063 3062/3062/3062
f 2967/2967/2967 2968/2968/2968 3064/3064/3064
f 2967/2967/2967 3064/3064/3064 3063/3063/3063
f 2968/2968/2968 2969/2969/2969 3065/3065/3065
f 2968/2968/2968 3065/3065/3065 3064/3064/3064
f 2969/2969/2969 2970/2970/2970 3066/3066/3066
f 2969/2969/2969 3066/3066/3066 3065/3065/3065
f 2970/2970/2970 2875/2875/2875 2971/2971/2971
f 2970/2970/2970 2971/2971/2971 3066/3066/3066
f 2971/2971/2971 2972/2972/2972 3068/3068/3068
f 2971/2971/2971 3068/3068/3068 3067/3067/3067
f 2972/2972/2972 2973/2973/2973 3069/3069/3069
f 2972/2972/2972 3069/3069/3069 3068/3068/3068
f 2973/2973/2973 2974/2974/2974 3070/3070/3070
f 2973/2973/2973 3070/3070/3070 3069/3069/3069
f 2974/2974/2974 2975/2975/2975 3071/3071/3071
f 2974/2974/2974 3071/3071/3071 3070/3070/3070
f 2975/2975/2975 2976/2976/2976 3072/3072/3072
f 2975/2975/2975 3072/3072/3072 3071/3071/3071
f 2976/2976/2976 2977/2977/2977 3073/3073/3073
f 2976/2976/2976 3073/3073/3073 3072/3072/3072
f 2977/2977/2977 2978/2978/2978 3074/3074/3074
f 2977/2977/2977 3074/3074/3074 3073/3073/3073
f 2978/2978/2978 2979/2979/2979 3075/3075/3075
f 2978/2978/2978 3075/3075/3075 3074/3074/3074
f 2979/2979/2979 2980/2980/2980 3076/3076/3076
f 2979/2979/2979 3076/3076/3076 3075/3075/3075
f 2980/2980/2980 2981/2981/2981 3077/3077/3077
f 2980/2980/2980 3077/3077/3077 3076/3076/3076
f 2981/2981/2981 2982/2982/2982 3078/3078/3078
f 2981/2981/2981 3078/3078/3078 3077/3077/3077
f 2982/2982/2982 2983/2983/2983 3079/3079/3079
f 2982/2982/2982 3079/3079/3079 3078/3078/3078
f 2983/2983/2983 2984/2984/2984 3080/3080/3080
f 2983/2983/2983 3080/3080/3080 3079/3079/3079
f 2984/2984/2984 2985/2985/2985 3081/3081/3081
f 2984/2984/2984 3081/3081/3081 3080/3080/3080
f 2985/2985/2985 2986/2986/2986 3082/3082/3082
f 2985/2985/2985 3082/3082/3082 3081/3081/3081
f 2986/2986/2986 2987/2987/2987 3083/3083/3083
f 2986/2986/2986 3083/3083/3083 3082/3082/3082
f 2987/2987/2987 2988/2988/2988 3084/3084/3084
f 2987/2987/2987 3084/3084/3084 3083/3083/3083
f 2988/2988/2988 2989/2989/2989 3085/3085/3085
f 2988/2988/2988 3085/3085/3085 3084/3084/3084
f 2989/2989/2989 2990/2990/2990 3086/3086/3086
f 2989/2989/2989 3086/3086/3086 3085/3085/3085
f 2990/2990/2990 2991/2991/2991 3087/3087/3087
f 2990/2990/2990 3087/3087/3087 3086/3086/3086
f 2991/2991/2991 2992/2992/2992 3088/3088/3088
f 2991/2991/2991 3088/3088/3088 3087/3087/3087
f 2992/2992/2992 2993/2993/2993 3089/3089/3089
f 2992/2992/2992 3089/3089/3089 3088/3088/3088
f 2993/2993/2993 2994/2994/2994 3090/3090/3090
f 2993/2993/2993 3090/3090/3090 3089/3089/3089
f 2994/2994/2994 2995/2995/2995 3091/3091/3091
f 2994/2994/2994 3091/3091/3091 3090/3090/3090
f 2995/2995/2995 2996/2996/2996 3092/3092/3092
f 2995/2995/2995 3092/3092/3092 3091/3091/3091
f 2996/2996/2996 2997/2997/2997 3093/3093/3093
f 2996/2996/2996 3093/3093/3093 3092/3092/3092
f 2997/2997/2997 2998/2998/2998 3094/3094/3094
f 2997/2997/2997 3094/3094/3094 3093/3093/3093
f 2998/2998/2998 2999/2999/2999 3095/3095/3095
f 2998/2998/2998 3095/3095/3095 3094/3094/3094
f 2999/2999/2999 3000/3000/3000 3096/3096/3096
f 2999/2999/2999 3096/3096/3096 3095/3095/3095
f 3000/3000/3000 3001/3001/3001 3097/3097/3097
f 3000/3000/3000 3097/3097/3097 3096/3096/3096
f 3001/3001/3001 3002/3002/3002 3098/3098/3098
f 3001/3001/3001 3098/3098/3098 3097/3097/3097
f 3002/3002/3002 3003/3003/3003 3099/3099/3099
f 3002/3002/3002 3099/3099/3099 3098/3098/3098
f 3003/3003/3003 3004/3004/3004 3100/3100/3100
f 3003/3003/3003 3100/3100/3100 3099/3099/3099
f 3004/3004/3004 3005/3005/3005 3101/3101/3101
f 3004/3004/3004 3101/3101/3101 3100/3100/3100
f 3005/3005/3005 3006/3006/3006 3102/3102/3102
f 3005/3005/3005 3102/3102/3102 3101/3101/3101
f 3006/3006/3006 3007/3007/3007 3103/3103/3103
f 3006/3006/3006 3103/3103/3103 3102/3102/3102
f 3007/3007/3007 3008/3008/3008 3104/3104/3104
f 3007/3007/3007 3104/3104/3104 3103/3103/3103
f 3008/3008/3008 3009/3009/3009 3105/3105/3105
f 3008/3008/3008 3105/3105/3105 3104/3104/3104
f 3009/3009/3009 3010/3010/3010 3106/3106/3106
f 3009/3009/3009 3106/3106/3106 3105/3105/3105
f 3010/3010/3010 3011/3011/3011 3107/3107/3107
f 3010/3010/3010 3107/3107/3107 3106/3106/3106
f 3011/3011/3011 3012/3012/3012 3108/3108/3108
f 3011/3011/3011 3108/3108/3108 3107/3107/3107
f 3012/3012/3012 3013/3013/3013 3109/3109/3109
f 3012/3012/3012 3109/3109/3109 3108/3108/3108
f 3013/3013/3013 3014/3014/3014 3110/3110/3110
f 3013/3013/3013 3110/3110/3110 3109/3109/3109
f 3014/3014/3014 3015/3015/3015 3111/3111/3111
f 3014/3014/3014 3111/3111/3111 3110/3110/3110
f 3015/3015/3015 3016/3016/3016 3112/3112/3112
f 3015/3015/3015 3112/3112/3112 3111/3111/3111
f 3016/3016/3016 3017/3017/3017 3113/3113/3113
f 3016/3016/3016 3113/3113/3113 3112/3112/3112
f 3017/3017/3017 3018/3018/3018 3114/3114/3114
f 3017/3017/3017 3114/3114/3114 3113/3113/3113
f 3018/3018/3018 3019/3019/3019 3115/3115/3115
f 3018/3018/3018 3115/3115/3115 3114/3114/3114
f 3019/3019/3019 3020/3020/3020 3116/3116/3116
f 3019/3019/3019 3116/3116/3116 3115/3115/3115
f 3020/3020/3020 3021/3021/3021 3117/3117/3117
f 3020/3020/3020 3117/3117/3117 3116/3116/3116
f 3021/3021/3021 3022/3022/3022 3118/3118/3118
f 3021/3021/3021 3118/3118/3118 3117/3117/3117
f 3022/3022/3022 3023/3023/3023 3119/3119/3119
f 3022/3022/3022 3119/3119/3119 3118/3118/3118
f 3023/3023/3023 3024/3024/3024 3120/3120/3120
f 3023/3023/3023 3120/3120/3120 3119/3119/3119
f 3024/3024/3024 3025/3025/3025 3121/3121/3121
f 3024/3024/3024 3121/3121/3121 3120/3120/3120
f 3025/3025/3025 3026/3026/3026 3122/3122/3122
f 3025/3025/3025 3122/3122/3122 3121/3121/3121
f 3026/3026/3026 3027/3027/3027 3123/3123/3123
f 3026/3026/3026 3123/3123/3123 3122/3122/3122
f 3027/3027/3027 3028/3028/3028 3124/3124/3124
f 3027/3027/3027 3124/3124/3124 3123/3123/3123
f 3028/3028/3028 3029/3029/3029 3125/3125/3125
f 3028/3028/3028 3125/3125/3125 3124/3124/3124
f 3029/3029/3029 3030/3030/3030 3126/3126/3126
f 3029/3029/3029 3126/3126/3126 3125/3125/3125
f 3030/3030/3030 3031/3031/3031 3127/3127/3127
f 3030/3030/3030 3127/3127/3127 3126/3126/3126
f 3031/3031/3031 3032/3032/3032 3128/3128/3128
f 3031/3031/3031 3128/3128/3128 3127/3127/3127
f 3032/3032/3032 3033/3033/3033 3129/3129/3129
f 3032/3032/3032 3129/3129/3129 3128/3128/3128
f 3033/3033/3033 3034/3034/3034 3130/3130/3130
f 3033/3033/3033 3130/3130/3130 3129/3129/3129
f 3034/3034/3034 3035/3035/3035 3131/3131/3131
f 3034/3034/3034 3131/3131/3131 3130/3130/3130
f 3035/3035/3035 3036/3036/3036 3132/3132/3132
f 3035/3035/3035 3132/3132/3132 3131/3131/3131
f 3036/3036/3036 3037/3037/3037 3133/3133/3133
f 3036/3036/3036 3133/3133/3133 3132/3132/3132
f 3037/3037/3037 3038/3038/3038 3134/3134/3134
f 3037/3037/3037 3134/3134/3134 3133/3133/3133
f 3038/3038/3038 3039/3039/3039 3135/3135/3135
f 3038/3038/3038 3135/3135/3135 3134/3134/3134
f 3039/3039/3039 3040/3040/3040 3136/3136/3136
f 3039/3039/3039 3136/3136/3136 3135/3135/3135
f 3040/3040/3040 3041/3041/3041 3137/3137/3137
f 3040/3040/3040 3137/3137/3137 3136/3136/3136
f 3041/3041/3041 3042/3042/3042 3138/3138/3138
f 3041/3041/3041 3138/3138/3138 3137/3137/3137
f 3042/3042/3042 3043/3043/3043 3139/3139/3139
f 3042/3042/3042 3139/3139/3139 3138/3138/3138
f 3043/3043/3043 3044/3044/3044 3140/3140/3140
f 3043/3043/3043 3140/3140/3140 3139/3139/3139
f 3044/3044/3044 3045/3045/3045 3141/3141/3141
f 3044/3044/3044 3141/3141/3141 3140/3140/3140
f 3045/3045/3045 3046/3046/3046 3142/3142/3142
f 3045/3045/3045 3142/3142/3142 3141/3141/3141
f 3046/3046/3046 3047/3047/3047 3143/3143/3143
f 3046/3046/3046 3143/3143/3143 3142/3142/3142
f 3047/3047/3047 3048/3048/3048 3144/3144/3144
f 3047/3047/3047 3144/3144/3144 3143/3143/3143
f 3048/3048/3048 3049/3049/3049 3145/3145/3145
f 3048/3048/3048 3145/3145/3145 3144/3144/3144
f 3049/3049/3049 3050/3050/3050 3146/3146/3146
f 3049/3049/3049 3146/3146/3146 3145/3145/3145
f 3050/3050/3050 3051/3051/3051 3147/3147/3147
f 3050/3050/3050 3147/3147/3147 3146/3146/3146
f 3051/3051/3051 3052/3052/3052 3148/3148/3148
f 3051/3051/3051 3148/3148/3148 3147/3147/3147
f 3052/3052/3052 3053/3053/3053 3149/3149/3149
f 3052/3052/3052 3149/3149/3149 3148/3148/3148
f 3053/3053/3053 3054/3054/3054 3150/3150/3150
f 3053/3053/3053 3150/3150/3150 3149/3149/3149
f 3054/3054/3054 3055/3055/3055 3151/3151/3151
f 3054/3054/3054 3151/3151/3151 3150/3150/3150
f 3055/3055/3055 3056/3056/3056 3152/3152/3152
f 3055/3055/3055 3152/3152/3152 3151/3151/3151
f 3056/3056/3056 3057/3057/3057 3153/3153/3153
f 3056/3056/3056 3153/3153/3153 3152/3152/3152
f 3057/3057/3057 3058/3058/3058 3154/3154/3154
f 3057/3057/3057 3154/3154/3154 3153/3153/3153
f 3058/3058/3058 3059/3059/3059 3155/3155/3155
f 3058/3058/3058 3155/3155/3155 3154/3154/3154
f 3059/3059/3059 3060/3060/3060 3156/3156/3156
f 3059/3059/3059 3156/3156/3156 3155/3155/3155
f 3060/3060/3060 3061/3061/3061 3157/3157/3157
f 3060/3060/3060 3157/3157/3157 3156/3156/3156
f 3061/3061/3061 3062/3062/3062 3158/3158/3158
f 3061/3061/3061 3158/3158/3158 3157/3157/3157
f 3062/3062/3062 3063/3063/3063 3159/3159/3159
f 3062/3062/3062 3159/3159/3159 3158/3158/3158
f 3063/3063/3063 3064/3064/3064 3160/3160/3160
f 3063/3063/3063 3160/3160/3160 3159/3159/3159
f 3064/3064/3064 3065/3065/3065 3161/3161/3161
f 3064/3064/3064 3161/3161/3161 3160/3160/3160
f 3065/3065/3065 3066/3066/3066 3162/3162/3162
f 3065/3065/3065 3162/3162/3162 3161/3161/3161
f 3066/3066/3066 2971/2971/2971 3067/3067/3067
f 3066/3066/3066 3067/3067/3067 3162/3162/3162
f 3067/3067/3067 3068/3068/3068 3164/3164/3164
f 3067/3067/3067 3164/3164/3164 3163/3163/3163
f 3068/3068/3068 3069/3069/3069 3165/3165/3165
f 3068/3068/3068 3165/3165/3165 3164/3164/3164
f 3069/3069/3069 3070/3070/3070 3166/3166/3166
f 3069/3069/3069 3166/3166/3166 3165/3165/3165
f 3070/3070/3070 3071/3071/3071 3167/3167/3167
f 3070/3070/3070 3167/3167/3167 3166/3166/3166
f 3071/3071/3071 3072/3072/3072 3168/3168/3168
f 3071/3071/3071 3168/3168/3168 3167/3167/3167
f 3072/3072/3072 3073/3073/3073 3169/3169/3169
f 3072/3072/3072 3169/3169/3169 3168/3168/3168
f 3073/3073/3073 3074/3074/3074 3170/3170/3170
f 3073/3073/3073 3170/3170/3170 3169/3169/3169
f 3074/3074/3074 3075/3075/3075 3171/3171/3171
f 3074/3074/3074 3171/3171/3171 3170/3170/3170
f 3075/3075/3075 3076/3076/3076 3172/3172/3172
f 3075/3075/3075 3172/3172/3172 3171/3171/3171
f 3076/3076/3076 3077/3077/3077 3173/3173/3173
f 3076/3076/3076 3173/3173/3173 3172/3172/3172
f 3077/3077/3077 3078/3078/3078 3174/3174/3174
f 3077/3077/3077 3174/3174/3174 3173/3173/3173
f 3078/3078/3078 3079/3079/3079 3175/3175/3175
f 3078/3078/3078 3175/3175/3175 3174/3174/3174
f 3079/3079/3079 3080/3080/3080 3176/3176/3176
f 3079/3079/3079 3176/3176/3176 3175/3175/3175
f 3080/3080/3080 3081/3081/3081 3177/3177/3177
f 3080/3080/3080 3177/3177/3177 3176/3176/3176
f 3081/3081/3081 3082/3082/3082 3178/3178/3178
f 3081/3081/3081 3178/3178/3178 3177/3177/3177
f 3082/3082/3082 3083/3083/3083 3179/3179/3179
f 3082/3082/3082 3179/3179/3179 3178/3178/3178
f 3083/3083/3083 3084/3084/3084 3180/3180/3180
f 3083/3083/3083 3180/3180/3180 3179/3179/3179
f 3084/3084/3084 3085/3085/3085 3181/3181/3181
f 3084/3084/3084 3181/3181/3181 3180/3180/3180
f 3085/3085/3085 3086/3086/3086 3182/3182/3182
f 3085/3085/3085 3182/3182/3182 3181/3181/3181
f 3086/3086/3086 3087/3087/3087 3183/3183/3183
f 3086/3086/3086 3183/3183/3183 3182/3182/3182
f 3087/3087/3087 3088/3088/3088 3184/3184/3184
f 3087/3087/3087 3184/3184/3184 3183/3183/3183
f 3088/3088/3088 3089/3089/3089 3185/3185/3185
f 3088/3088/3088 3185/3185/3185 3184/3184/3184
f 3089/3089/3089 3090/3090/3090 3186/3186/3186
f 3089/3089/3089 3186/3186/3186 3185/3185/3185
f 3090/3090/3090 3091/3091/3091 3187/3187/3187
f 3090/3090/3090 3187/3187/3187 3186/3186/3186
f 3091/3091/3091 3092/3092/3092 3188/3188/3188
f 3091/3091/3091 3188/3188/3188 3187/3187/3187
f 3092/3092/3092 3093/3093/3093 3189/3189/3189
f 3092/3092/3092 3189/3189/3189 3188/3188/3188
f 3093/3093/3093 3094/3094/3094 3190/3190/3190
f 3093/3093/3093 3190/3190/3190 3189/3189/3189
f 3094/3094/3094 3095/3095/3095 3191/3191/3191
f 3094/3094/3094 3191/3191/3191 3190/3190/3190
f 3095/3095/3095 3096/3096/3096 3192/3192/3192
f 3095/3095/3095 3192/3192/3192 3191/3191/3191
f 3096/3096/3096 3097/3097/3097 3193/3193/3193
f 3096/3096/3096 3193/3193/3193 3192/3192/3192
f 3097/3097/3097 3098/3098/3098 3194/3194/3194
f 3097/3097/3097 3194/3194/3194 3193/3193/3193
f 3098/3098/3098 3099/3099/3099 3195/3195/3195
f 3098/3098/3098 3195/3195/3195 3194/3194/3194
f 3099/3099/3099 3100/3100/3100 3196/3196/3196
f 3099/3099/3099 3196/3196/3196 3195/3195/3195
f 3100/3100/3100 3101/3101/3101 3197/3197/3197
f 3100/3100/3100 3197/3197/3197 3196/3196/3196
f 3101/3101/3101 3102/3102/3102 3198/3198/3198
f 3101/3101/3101 3198/3198/3198 3197/3197/3197
f 3102/3102/3102 3103/3103/3103 3199/3199/3199
f 3102/3102/3102 3199/3199/3199 3198/3198/3198
f 3103/3103/3103 3104/3104/3104 3200/3200/3200
f 3103/3103/3103 3200/3200/3200 3199/3199/3199
f 3104/3104/3104 3105/3105/3105 3201/3201/3201
f 3104/3104/3104 3201/3201/3201 3200/3200/3200
f 3105/3105/3105 3106/3106/3106 3202/3202/3202
f 3105/3105/3105 3202/3202/3202 3201/3201/3201
f 3106/3106/3106 3107/3107/3107 3203/3203/3203
f 3106/3106/3106 3203/3203/3203 3202/3202/3202
f 3107/3107/3107 3108/3108/3108 3204/3204/3204
f 3107/3107/3107 3204/3204/3204 3203/3203/3203
f 3108/3108/3108 3109/3109/3109 3205/3205/3205
f 3108/3108/3108 3205/3205/3205 3204/3204/3204
f 3109/3109/3109 3110/3110/3110 3206/3206/3206
f 3109/3109/3109 3206/3206/3206 3205/3205/3205
f 3110/3110/3110 3111/3111/3111 3207/3207/3207
f 3110/3110/3110 3207/3207/3207 3206/3206/3206
f 3111/3111/3111 3112/3112/3112 3208/3208/3208
f 3111/3111/3111 3208/3208/3208 3207/3207/3207
f 3112/3112/3112 3113/3113/3113 3209/3209/3209
f 3112/3112/3112 3209/3209/3209 3208/3208/3208
f 3113/3113/3113 3114/3114/3114 3210/3210/3210
f 3113/3113/3113 3210/3210/3210 3209/3209/3209
f 3114/3114/3114 3115/3115/3115 3211/3211/3211
f 3114/3114/3114 3211/3211/3211 3210/3210/3210
f 3115/3115/3115 3116/3116/3116 3212/3212/3212
f 3115/3115/3115 3212/3212/3212 3211/3211/3211
f 3116/3116/3116 3117/3117/3117 3213/3213/3213
f 3116/3116/3116 3213/3213/3213 3212/3212/3212
f 3117/3117/3117 3118/3118/3118 3214/3214/3214
f 3117/3117/3117 3214/3214/3214 3213/3213/3213
f 3118/3118/3118 3119/3119/3119 3215/3215/3215
f 3118/3118/3118 3215/3215/3215 3214/3214/3214
f 3119/3119/3119 3120/3120/3120 3216/3216/3216
f 3119/3119/3119 3216/3216/3216 3215/3215/3215
f 3120/3120/3120 3121/3121/3121 3217/3217/3217
f 3120/3120/3120 3217/3217/3217 3216/3216/3216
f 3121/3121/3121 3122/3122/3122 3218/3218/3218
f 3121/3121/3121 3218/3218/3218 3217/3217/3217
f 3122/3122/3122 3123/3123/3123 3219/3219/3219
f 3122/3122/3122 3219/3219/3219 3218/3218/3218
f 3123/3123/3123 3124/3124/3124 3220/3220/3220
f 3123/3123/3123 3220/3220/3220 3219/3219/3219
f 3124/3124/3124 3125/3125/3125 3221/3221/3221
f 3124/3124/3124 3221/3221/3221 3220/3220/3220
f 3125/3125/3125 3126/3126/3126 3222/3222/3222
f 3125/3125/3125 3222/3222/3222 3221/3221/3221
f 3126/3126/3126 3127/3127/3127 3223/3223/3223
f 3126/3126/3126 3223/3223/3223 3222/3222/3222
f 3127/3127/3127 3128/3128/3128 3224/3224/3224
f 3127/3127/3127 3224/3224/3224 3223/3223/3223
f 3128/3128/3128 3129/3129/3129 3225/3225/3225
f 3128/3128/3128 3225/3225/3225 3224/3224/3224
f 3129/3129/3129 3130/3130/3130 3226/3226/3226
f 3129/3129/3129 3226/3226/3226 3225/3225/3225
f 3130/3130/3130 3131/3131/3131 3227/3227/3227
f 3130/3130/3130 3227/3227/3227 3226/3226/3226
f 3131/3131/3131 3132/3132/3132 3228/3228/3228
f 3131/3131/3131 3228/3228/3228 3227/3227/3227
f 3132/3132/3132 3133/3133/3133 3229/3229/3229
f 3132/3132/3132 3229/3229/3229 3228/3228/3228
f 3133/3133/3133 3134/3134/3134 3230/3230/3230
f 3133/3133/3133 3230/3230/3230 3229/3229/3229
f 3134/3134/3134 3135/3135/3135 3231/3231/3231
f 3134/3134/3134 3231/3231/3231 3230/3230/3230
f 3135/3135/3135 3136/3136/3136 3232/3232/3232
f 3135/3135/3135 3232/3232/3232 3231/3231/3231
f 3136/3136/3136 3137/3137/3137 3233/3233/3233
f 3136/3136/3136 3233/3233/3233 3232/3232/3232
f 3137/3137/3137 3138/3138/3138 3234/3234/3234
f 3137/3137/3137 3234/3234/3234 3233/3233/3233
f 3138/3138/3138 3139/3139/3139 3235/3235/3235
f 3138/3138/3138 3235/3235/3235 3234/3234/3234
f 3139/3139/3139 3140/3140/3140 3236/3236/3236
f 3139/3139/3139 3236/3236/3236 3235/3235/3235
f 3140/3140/3140 3141/3141/3141 3237/3237/3237
f 3140/3140/3140 3237/3237/3237 3236/3236/3236
f 3141/3141/3141 3142/3142/3142 3238/3238/3238
f 3141/3141/3141 3238/3238/3238 3237/3237/3237
f 3142/3142/3142 3143/3143/3143 3239/3239/3239
f 3142/3142/3142 3239/3239/3239 3238/3238/3238
f 3143/3143/3143 3144/3144/3144 3240/3240/3240
f 3143/3143/3143 3240/3240/3240 3239/3239/3239
f 3144/3144/3144 3145/3145/3145 3241/3241/3241
f 3144/3144/3144 3241/3241/3241 3240/3240/3240
f 3145/3145/3145 3146/3146/3146 3242/3242/3242
f 3145/3145/3145 3242/3242/3242 3241/3241/3241
f 3146/3146/3146 3147/3147/3147 3243/3243/3243
f 3146/3146/3146 3243/3243/3243 3242/3242/3242
f 3147/3147/3147 3148/3148/3148 3244/3244/3244
f 3147/3147/3147 3244/3244/3244 3243/3243/3243
f 3148/3148/3148 3149/3149/3149 3245/3245/3245
f 3148/3148/3148 3245/3245/3245 3244/3244/3244
f 3149/3149/3149 3150/3150/3150 3246/3246/3246
f 3149/3149/3149 3246/3246/3246 3245/3245/3245
f 3150/3150/3150 3151/3151/3151 3247/3247/3247
f 3150/3150/3150 3247/3247/3247 3246/3246/3246
f 3151/3151/3151 3152/3152/3152 3248/3248/3248
f 3151/3151/3151 3248/3248/3248 3247/3247/3247
f 3152/3152/3152 3153/3153/3153 3249/3249/3249
f 3152/3152/3152 3249/3249/3249 3248/3248/3248
f 3153/3153/3153 3154/3154/3154 3250/3250/3250
f 3153/3153/3153 3250/3250/3250 3249/3249/3249
f 3154/3154/3154 3155/3155/3155 3251/3251/3251
f 3154/3154/3154 3251/3251/3251 3250/3250/3250
f 3155/3155/3155 3156/3156/3156 3252/3252/3252
f 3155/3155/3155 3252/3252/3252 3251/3251/3251
f 3156/3156/3156 3157/3157/3157 3253/3253/3253
f 3156/3156/3156 3253/3253/3253 3252/3252/3252
f 3157/3157/3157 3158/3158/3158 3254/3254/3254
f 3157/3157/3157 3254/3254/3254 3253/3253/3253
f 3158/3158/3158 3159/3159/3159 3255/3255/3255
f 3158/3158/3158 3255/3255/3255 3254/3254/3254
f 3159/3159/3159 3160/3160/3160 3256/3256/3256
f 3159/3159/3159 3256/3256/3256 3255/3255/3255
f 3160/3160/3160 3161/3161/3161 3257/3257/3257
f 3160/3160/3160 3257/3257/3257 3256/3256/3256
f 3161/3161/3161 3162/3162/3162 3258/3258/3258
f 3161/3161/3161 3258/3258/3258 3257/3257/3257
f 3162/3162/3162 3067/3067/3067 3163/3163/3163
f 3162/3162/3162 3163/3163/3163 3258/3258/3258
f 3163/3163/3163 3164/3164/3164 3260/3260/3260
f 3163/3163/3163 3260/3260/3260 3259/3259/3259
f 3164/3164/3164 3165/3165/3165 3261/3261/3261
f 3164/3164/3164 3261/3261/3261 3260/3260/3260
f 3165/3165/3165 3166/3166/3166 3262/3262/3262
f 3165/3165/3165 3262/3262/3262 3261/3261/3261
f 3166/3166/3166 3167/3167/3167 3263/3263/3263
f 3166/3166/3166 3263/3263/3263 3262/3262/3262
f 3167/3167/3167 3168/3168/3168 3264/3264/3264
f 3167/3167/3167 3264/3264/3264 3263/3263/3263
f 3168/3168/3168 3169/3169/3169 3265/3265/3265
f 3168/3168/3168 3265/3265/3265 3264/3264/3264
f 3169/3169/3169 3170/3170/3170 3266/3266/3266
f 3169/3169/3169 3266/3266/3266 3265/3265/3265
f 3170/3170/3170 3171/3171/3171 3267/3267/3267
f 3170/3170/3170 3267/3267/3267 3266/3266/3266
f 3171/3171/3171 3172/3172/3172 3268/3268/3268
f 3171/3171/3171 3268/3268/3268 3267/3267/3267
f 3172/3172/3172 3173/3173/3173 3269/3269/3269
f 3172/3172/3172 3269/3269/3269 3268/3268/3268
f 3173/3173/3173 3174/3174/3174 3270/3270/3270
f 3173/3173/3173 3270/3270/3270 3269/3269/3269
f 3174/3174/3174 3175/3175/3175 3271/3271/3271
f 3174/3174/3174 3271/3271/3271 3270/3270/3270
f 3175/3175/3175 3176/3176/3176 3272/3272/3272
f 3175/3175/3175 3272/3272/3272 3271/3271/3271
f 3176/3176/3176 3177/3177/3177 3273/3273/3273
f 3176/3176/3176 3273/3273/3273 3272/3272/3272
f 3177/3177/3177 3178/3178/3178 3274/3274/3274
f 3177/3177/3177 3274/3274/3274 3273/3273/3273
f 3178/3178/3178 3179/3179/3179 3275/3275/3275
f 3178/3178/3178 3275/3275/3275 3274/3274/3274
f 3179/3179/3179 3180/3180/3180 3276/3276/3276
f 3179/3179/3179 3276/3276/3276 3275/3275/3275
f 3180/3180/3180 3181/3181/3181 3277/3277/3277
f 3180/3180/3180 3277/3277/3277 3276/3276/3276
f 3181/3181/3181 3182/3182/3182 3278/3278/3278
f 3181/3181/3181 3278/3278/3278 3277/3277/3277
f 3182/3182/3182 3183/3183/3183 3279/3279/3279
f 3182/3182/3182 3279/3279/3279 3278/3278/3278
f 3183/3183/3183 3184/3184/3184 3280/3280/3280
f 3183/3183/3183 3280/3280/3280 3279/3279/3279
f 3184/3184/3184 3185/3185/3185 3281/3281/3281
f 3184/3184/3184 3281/3281/3281 3280/3280/3280
f 3185/3185/3185 3186/3186/3186 3282/3282/3282
f 3185/3185/3185 3282/3282/3282 3281/3281/3281
f 3186/3186/3186 3187/3187/3187 3283/3283/3283
f 3186/3186/3186 3283/3283/3283 3282/3282/3282
f 3187/3187/3187 3188/3188/3188 3284/3284/3284
f 3187/3187/3187 3284/3284/3284 3283/3283/3283
f 3188/3188/3188 3189/3189/3189 3285/3285/3285
f 3188/3188/3188 3285/3285/3285 3284/3284/3284
f 3189/3189/3189 3190/3190/3190 3286/3286/3286
f 3189/3189/3189 3286/3286/3286 3285/3285/3285
f 3190/3190/3190 3191/3191/3191 3287/3287/3287
f 3190/3190/3190 3287/3287/3287 3286/3286/3286
f 3191/3191/3191 3192/3192/3192 3288/3288/3288
f 3191/3191/3191 3288/3288/3288 3287/3287/3287
f 3192/3192/3192 3193/3193/3193 3289/3289/3289
f 3192/3192/3192 3289/3289/3289 3288/3288/3288
f 3193/3193/3193 3194/3194/3194 3290/3290/3290
f 3193/3193/3193 3290/3290/3290 3289/3289/3289
f 3194/3194/3194 3195/3195/3195 3291/3291/3291
f 3194/3194/3194 3291/3291/3291 3290/3290/3290
f 3195/3195/3195 3196/3196/3196 3292/3292/3292
f 3195/3195/3195 3292/3292/3292 3291/3291/3291
f 3196/3196/3196 3197/3197/3197 3293/3293/3293
f 3196/3196/3196 3293/3293/3293 3292/3292/3292
f 3197/3197/3197 3198/3198/3198 3294/3294/3294
f 3197/3197/3197 3294/3294/3294 3293/3293/3293
f 3198/3198/3198 3199/3199/3199 3295/3295/3295
f 3198/3198/3198 3295/3295/3295 3294/3294/3294
f 3199/3199/3199 3200/3200/3200 3296/3296/3296
f 3199/3199/3199 3296/3296/3296 3295/3295/3295
f 3200/3200/3200 3201/3201/3201 3297/3297/3297
f 3200/3200/3200 3297/3297/3297 3296/3296/3296
f 3201/3201/3201 3202/3202/3202 3298/3298/3298
f 3201/3201/3201 3298/3298/3298 3297/3297/3297
f 3202/3202/3202 3203/3203/3203 3299/3299/3299
f 3202/3202/3202 3299/3299/3299 3298/3298/3298
f 3203/3203/3203 3204/3204/3204 3300/3300/3300
f 3203/3203/3203 3300/3300/3300 3299/3299/3299
f 3204/3204/3204 3205/3205/3205 3301/3301/3301
f 3204/3204/3204 3301/3301/3301 3300/3300/3300
f 3205/3205/3205 3206/3206/3206 3302/3302/3302
f 3205/3205/3205 3302/3302/3302 3301/3301/3301
f 3206/3206/3206 3207/3207/3207 3303/3303/3303
f 3206/3206/3206 3303/3303/3303 3302/3302/3302
f 3207/3207/3207 3208/3208/3208 3304/3304/3304
f 3207/3207/3207 3304/3304/3304 3303/3303/3303
f 3208/3208/3208 3209/3209/3209 3305/3305/3305
f 3208/3208/3208 3305/3305/3305 3304/3304/3304
f 3209/3209/3209 3210/3210/3210 3306/3306/3306
f 3209/3209/3209 3306/3306/3306 3305/3305/3305
f 3210/3210/3210 3211/3211/3211 3307/3307/3307
f 3210/3210/3210 3307/3307/3307 3306/3306/3306
f 3211/3211/3211 3212/3212/3212 3308/3308/3308
f 3211/3211/3211 3308/3308/3308 3307/3307/3307
f 3212/3212/3212 3213/3213/3213 3309/3309/3309
f 3212/3212/3212 3309/3309/3309 3308/3308/3308
f 3213/3213/3213 3214/3214/3214 3310/3310/3310
f 3213/3213/3213 3310/3310/3310 3309/3309/3309
f 3214/3214/3214 3215/3215/3215 3311/3311/3311
f 3214/3214/3214 3311/3311/3311 3310/3310/3310
f 3215/3215/3215 3216/3216/3216 3312/3312/3312
f 3215/3215/3215 3312/3312/3312 3311/3311/3311
f 3216/3216/3216 3217/3217/3217 3313/3313/3313
f 3216/3216/3216 3313/3313/3313 3312/3312/3312
f 3217/3217/3217 3218/3218/3218 3314/3314/3314
f 3217/3217/3217 3314/3314/3314 3313/3313/3313
f 3218/3218/3218 3219/3219/3219 3315/3315/3315
f 3218/3218/3218 3315/3315/3315 3314/3314/3314
f 3219/3219/3219 3220/3220/3220 3316/3316/3316
f 3219/3219/3219 3316/3316/3316 3315/3315/3315
f 3220/3220/3220 3221/3221/3221 3317/3317/3317
f 3220/3220/3220 3317/3317/3317 3316/3316/3316
f 3221/3221/3221 3222/3222/3222 3318/3318/3318
f 3221/3221/3221 3318/3318/3318 3317/3317/3317
f 3222/3222/3222 3223/3223/3223 3319/3319/3319
f 3222/3222/3222 3319/3319/3319 3318/3318/3318
f 3223/3223/3223 3224/3224/3224 3320/3320/3320
f 3223/3223/3223 3320/3320/3320 3319/3319/3319
f 3224/3224/3224 3225/3225/3225 3321/3321/3321
f 3224/3224/3224 3321/3321/3321 3320/3320/3320
f 3225/3225/3225 3226/3226/3226 3322/3322/3322
f 3225/3225/3225 3322/3322/3322 3321/3321/3321
f 3226/3226/3226 3227/3227/3227 3323/3323/3323
f 3226/3226/3226 3323/3323/3323 3322/3322/3322
f 3227/3227/3227 3228/3228/3228 3324/3324/3324
f 3227/3227/3227 3324/3324/3324 3323/3323/3323
f 3228/3228/3228 3229/3229/3229 3325/3325/3325
f 3228/3228/3228 3325/3325/3325 3324/3324/3324
f 3229/3229/3229 3230/3230/3230 3326/3326/3326
f 3229/3229/3229 3326/3326/3326 3325/3325/3325
f 3230/3230/3230 3231/3231/3231 3327/3327/3327
f 3230/3230/3230 3327/3327/3327 3326/3326/3326
f 3231/3231/3231 3232/3232/3232 3328/3328/3328
f 3231/3231/3231 3328/3328/3328 3327/3327/3327
f 3232/3232/3232 3233/3233/3233 3329/3329/3329
f 3232/3232/3232 3329/3329/3329 3328/3328/3328
f 3233/3233/3233 3234/3234/3234 3330/3330/3330
f 3233/3233/3233 3330/3330/3330 3329/3329/3329
f 3234/3234/3234 3235/3235/3235 3331/3331/3331
f 3234/3234/3234 3331/3331/3331 3330/3330/3330
f 3235/3235/3235 3236/3236/3236 3332/3332/3332
f 3235/3235/3235 3332/3332/3332 3331/3331/3331
f 3236/3236/3236 3237/3237/3237 3333/3333/3333
f 3236/3236/3236 3333/3333/3333 3332/3332/3332
f 3237/3237/3237 3238/3238/3238 3334/3334/3334
f 3237/3237/3237 3334/3334/3334 3333/3333/3333
f 3238/3238/3238 3239/3239/3239 3335/3335/3335
f 3238/3238/3238 3335/3335/3335 3334/3334/3334
f 3239/3239/3239 3240/3240/3240 3336/3336/3336
f 3239/3239/3239 3336/3336/3336 3335/3335/3335
f 3240/3240/3240 3241/3241/3241 3337/3337/3337
f 3240/3240/3240 3337/3337/3337 3336/3336/3336
f 3241/3241/3241 3242/3242/3242 3338/3338/3338
f 3241/3241/3241 3338/3338/3338 3337/3337/3337
f 3242/3242/3242 3243/3243/3243 3339/3339/3339
f 3242/3242/3242 3339/3339/3339 3338/3338/3338
f 3243/3243/3243 3244/3244/3244 3340/3340/3340
f 3243/3243/3243 3340/3340/3340 3339/3339/3339
f 3244/3244/3244 3245/3245/3245 3341/3341/3341
f 3244/3244/3244 3341/3341/3341 3340/3340/3340
f 3245/3245/3245 3246/3246/3246 3342/3342/3342
f 3245/3245/3245 3342/3342/3342 3341/3341/3341
f 3246/3246/3246 3247/3247/3247 3343/3343/3343
f 3246/3246/3246 3343/3343/3343 3342/3342/3342
f 3247/3247/3247 3248/3248/3248 3344/3344/3344
f 3247/3247/3247 3344/3344/3344 3343/3343/3343
f 3248/3248/3248 3249/3249/3249 3345/3345/3345
f 3248/3248/3248 3345/3345/3345 3344/3344/3344
f 3249/3249/3249 3250/3250/3250 3346/3346/3346
f 3249/3249/3249 3346/3346/3346 3345/3345/3345
f 3250/3250/3250 3251/3251/3251 3347/3347/3347
f 3250/3250/3250 3347/3347/3347 3346/3346/3346
f 3251/3251/3251 3252/3252/3252 3348/3348/3348
f 3251/3251/3251 3348/3348/3348 3347/3347/3347
f 3252/3252/3252 3253/3253/3253 3349/3349/3349
f 3252/3252/3252 3349/3349/3349 3348/3348/3348
f 3253/3253/3253 3254/3254/3254 3350/3350/3350
f 3253/3253/3253 3350/3350/3350 3349/3349/3349
f 3254/3254/3254 3255/3255/3255 3351/3351/3351
f 3254/3254/3254 3351/3351/3351 3350/3350/3350
f 3255/3255/3255 3256/3256/3256 3352/3352/3352
f 3255/3255/3255 3352/3352/3352 3351/3351/3351
f 3256/3256/3256 3257/3257/3257 3353/3353/3353
f 3256/3256/3256 3353/3353/3353 3352/3352/3352
f 3257/3257/3257 3258/3258/3258 3354/3354/3354
f 3257/3257/3257 3354/3354/3354 3353/3353/3353
f 3258/3258/3258 3163/3163/3163 3259/3259/3259
f 3258/3258/3258 3259/3259/3259 3354/3354/3354
f 3259/3259/3259 3260/3260/3260 3356/3356/3356
f 3259/3259/3259 3356/3356/3356 3355/3355/3355
f 3260/3260/3260 3261/3261/3261 3357/3357/3357
f 3260/3260/3260 3357/3357/3357 3356/3356/3356
f 3261/3261/3261 3262/3262/3262 3358/3358/3358
f 3261/3261/3261 3358/3358/3358 3357/3357/3357
f 3262/3262/3262 3263/3263/3263 3359/3359/3359
f 3262/3262/3262 3359/3359/3359 3358/3358/3358
f 3263/3263/3263 3264/3264/3264 3360/3360/3360
f 3263/3263/3263 3360/3360/3360 3359/3359/3359
f 3264/3264/3264 3265/3265/3265 3361/3361/3361
f 3264/3264/3264 3361/3361/3361 3360/3360/3360
f 3265/3265/3265 3266/3266/3266 3362/3362/3362
f 3265/3265/3265 3362/3362/3362 3361/3361/3361
f 3266/3266/3266 3267/3267/3267 3363/3363/3363
f 3266/3266/3266 3363/3363/3363 3362/3362/3362
f 3267/3267/3267 3268/3268/3268 3364/3364/3364
f 3267/3267/3267 3364/3364/3364 3363/3363/3363
f 3268/3268/3268 3269/3269/3269 3365/3365/3365
f 3268/3268/3268 3365/3365/3365 3364/3364/3364
f 3269/3269/3269 3270/3270/3270 3366/3366/3366
f 3269/3269/3269 3366/3366/3366 3365/3365/3365
f 3270/3270/3270 3271/3271/3271 3367/3367/3367
f 3270/3270/3270 3367/3367/3367 3366/3366/3366
f 3271/3271/3271 3272/3272/3272 3368/3368/3368
f 3271/3271/3271 3368/3368/3368 3367/3367/3367
f 3272/3272/3272 3273/3273/3273 3369/3369/3369
f 3272/3272/3272 3369/3369/3369 3368/3368/3368
f 3273/3273/3273 3274/3274/3274 3370/3370/3370
f 3273/3273/3273 3370/3370/3370 3369/3369/3369
f 3274/3274/3274 3275/3275/3275 3371/3371/3371
f 3274/3274/3274 3371/3371/3371 3370/3370/3370
f 3275/3275/3275 3276/3276/3276 3372/3372/3372
f 3275/3275/3275 3372/3372/3372 3371/3371/3371
f 3276/3276/3276 3277/3277/3277 3373/3373/3373
f 3276/3276/3276 3373/3373/3373 3372/3372/3372
f 3277/3277/3277 3278/3278/3278 3374/3374/3374
f 3277/3277/3277 3374/3374/3374 3373/3373/3373
f 3278/3278/3278 3279/3279/3279 3375/3375/3375
f 3278/3278/3278 3375/3375/3375 3374/3374/3374
f 3279/3279/3279 3280/3280/3280 3376/3376/3376
f 3279/3279/3279 3376/3376/3376 3375/3375/3375
f 3280/3280/3280 3281/3281/3281 3377/3377/3377
f 3280/3280/3280 3377/3377/3377 3376/3376/3376
f 3281/3281/3281 3282/3282/3282 3378/3378/3378
f 3281/3281/3281 3378/3378/3378 3377/3377/3377
f 3282/3282/3282 3283/3283/3283 3379/3379/3379
f 3282/3282/3282 3379/3379/3379 3378/3378/3378
f 3283/3283/3283 3284/3284/3284 3380/3380/3380
f 3283/3283/3283 3380/3380/3380 3379/3379/3379
f 3284/3284/3284 3285/3285/3285 3381/3381/3381
f 3284/3284/3284 3381/3381/3381 3380/3380/3380
f 3285/3285/3285 3286/3286/3286 3382/3382/3382
f 3285/3285/3285 3382/3382/3382 3381/3381/3381
f 3286/3286/3286 3287/3287/3287 3383/3383/3383
f 3286/3286/3286 3383/3383/3383 3382/3382/3382
f 3287/3287/3287 3288/3288/3288 3384/3384/3384
f 3287/3287/3287 3384/3384/3384 3383/3383/3383
f 3288/3288/3288 3289/3289/3289 3385/3385/3385
f 3288/3288/3288 3385/3385/3385 3384/3384/3384
f 3289/3289/3289 3290/3290/3290 3386/3386/3386
f 3289/3289/3289 3386/3386/3386 3385/3385/3385
f 3290/3290/3290 3291/3291/3291 3387/3387/3387
f 3290/3290/3290 3387/3387/3387 3386/3386/3386
f 3291/3291/3291 3292/3292/3292 3388/3388/3388
f 3291/3291/3291 3388/3388/3388 3387/3387/3387
f 3292/3292/3292 3293/3293/3293 3389/3389/3389
f 3292/3292/3292 3389/3389/3389 3388/3388/3388
f 3293/3293/3293 3294/3294/3294 3390/3390/3390
f 3293/3293/3293 3390/3390/3390 3389/3389/3389
f 3294/3294/3294 3295/3295/3295 3391/3391/3391
f 3294/3294/3294 3391/3391/3391 3390/3390/3390
f 3295/3295/3295 3296/3296/3296 3392/3392/3392
f 3295/3295/3295 3392/3392/3392 3391/3391/3391
f 3296/3296/3296 3297/3297/3297 3393/3393/3393
f 3296/3296/3296 3393/3393/3393 3392/3392/3392
f 3297/3297/3297 3298/3298/3298 3394/3394/3394
f 3297/3297/3297 3394/3394/3394 3393/3393/3393
f 3298/3298/3298 3299/3299/3299 3395/3395/3395
f 3298/3298/3298 3395/3395/3395 3394/3394/3394
f 3299/3299/3299 3300/3300/3300 3396/3396/3396
f 3299/3299/3299 3396/3396/3396 3395/3395/3395
f 3300/3300/3300 3301/3301/3301 3397/3397/3397
f 3300/3300/3300 3397/3397/3397 3396/3396/3396
f 3301/3301/3301 3302/3302/3302 3398/3398/3398
f 3301/3301/3301 3398/3398/3398 3397/3397/3397
f 3302/3302/3302 3303/3303/3303 3399/3399/3399
f 3302/3302/3302 3399/3399/3399 3398/3398/3398
f 3303/3303/3303 3304/3304/3304 3400/3400/3400
f 3303/3303/3303 3400/3400/3400 3399/3399/3399
f 3304/3304/3304 3305/3305/3305 3401/3401/3401
f 3304/3304/3304 3401/3401/3401 3400/3400/3400
f 3305/3305/3305 3306/3306/3306 3402/3402/3402
f 3305/3305/3305 3402/3402/3402 3401/3401/3401
f 3306/3306/3306 3307/3307/3307 3403/3403/3403
f 3306/3306/3306 3403/3403/3403 3402/3402/3402
f 3307/3307/3307 3308/3308/3308 3404/3404/3404
f 3307/3307/3307 3404/3404/3404 3403/3403/3403
f 3308/3308/3308 3309/3309/3309 3405/3405/3405
f 3308/3308/3308 3405/3405/3405 3404/3404/3404
f 3309/3309/3309 3310/3310/3310 3406/3406/3406
f 3309/3309/3309 3406/3406/3406 3405/3405/3405
f 3310/3310/3310 3311/3311/3311 3407/3407/3407
f 3310/3310/3310 3407/3407/3407 3406/3406/3406
f 3311/3311/3311 3312/3312/3312 3408/3408/3408
f 3311/3311/3311 3408/3408/3408 3407/3407/3407
f 3312/3312/3312 3313/3313/3313 3409/3409/3409
f 3312/3312/3312 3409/3409/3409 3408/3408/3408
f 3313/3313/3313 3314/3314/3314 3410/3410/3410
f 3313/3313/3313 3410/3410/3410 3409/3409/3409
f 3314/3314/3314 3315/3315/3315 3411/3411/3411
f 3314/3314/3314 3411/3411/3411 3410/3410/3410
f 3315/3315/3315 3316/3316/3316 3412/3412/3412
f 3315/3315/3315 3412/3412/3412 3411/3411/3411
f 3316/3316/3316 3317/3317/3317 3413/3413/3413
f 3316/3316/3316 3413/3413/3413 3412/3412/3412
f 3317/3317/3317 3318/3318/3318 3414/3414/3414
f 3317/3317/3317 3414/3414/3414 3413/3413/3413
f 3318/3318/3318 3319/3319/3319 3415/3415/3415
f 3318/3318/3318 3415/3415/3415 3414/3414/3414
f 3319/3319/3319 3320/3320/3320 3416/3416/3416
f 3319/3319/3319 3416/3416/3416 3415/3415/3415
f 3320/3320/3320 3321/3321/3321 3417/3417/3417
f 3320/3320/3320 3417/3417/3417 3416/3416/3416
f 3321/3321/3321 3322/3322/3322 3418/3418/3418
f 3321/3321/3321 3418/3418/3418 3417/3417/3417
f 3322/3322/3322 3323/3323/3323 3419/3419/3419
f 3322/3322/3322 3419/3419/3419 3418/3418/3418
f 3323/3323/3323 3324/3324/3324 3420/3420/3420
f 3323/3323/3323 3420/3420/3420 3419/3419/3419
f 3324/3324/3324 3325/3325/3325 3421/3421/3421
f 3324/3324/3324 3421/3421/3421 3420/3420/3420
f 3325/3325/3325 3326/3326/3326 3422/3422/3422
f 3325/3325/3325 3422/3422/3422 3421/3421/3421
f 3326/3326/3326 3327/3327/3327 3423/3423/3423
f 3326/3326/3326 3423/3423/3423 3422/3422/3422
f 3327/3327/3327 3328/3328/3328 3424/3424/3424
f 3327/3327/3327 3424/3424/3424 3423/3423/3423
f 3328/3328/3328 3329/3329/3329 3425/3425/3425
f 3328/3328/3328 3425/3425/3425 3424/3424/3424
f 3329/3329/3329 3330/3330/3330 3426/3426/3426
f 3329/3329/3329 3426/3426/3426 3425/3425/3425
f 3330/3330/3330 3331/3331/3331 3427/3427/3427
f 3330/3330/3330 3427/3427/3427 3426/3426/3426
f 3331/3331/3331 3332/3332/3332 3428/3428/3428
f 3331/3331/3331 3428/3428/3428 3427/3427/3427
f 3332/3332/3332 3333/3333/3333 3429/3429/3429
f 3332/3332/3332 3429/3429/3429 3428/3428/3428
f 3333/3333/3333 3334/3334/3334 3430/3430/3430
f 3333/3333/3333 3430/3430/3430 3429/3429/3429
f 3334/3334/3334 3335/3335/3335 3431/3431/3431
f 3334/3334/3334 3431/3431/3431 3430/3430/3430
f 3335/3335/3335 3336/3336/3336 3432/3432/3432
f 3335/3335/3335 3432/3432/3432 3431/3431/3431
f 3336/3336/3336 3337/3337/3337 3433/3433/3433
f 3336/3336/3336 3433/3433/3433 3432/3432/3432
f 3337/3337/3337 3338/3338/3338 3434/3434/3434
f 3337/3337/3337 3434/3434/3434 3433/3433/3433
f 3338/3338/3338 3339/3339/3339 3435/3435/3435
f 3338/3338/3338 3435/3435/3435 3434/3434/3434
f 3339/3339/3339 3340/3340/3340 3436/3436/3436
f 3339/3339/3339 3436/3436/3436 3435/3435/3435
f 3340/3340/3340 3341/3341/3341 3437/3437/3437
f 3340/3340/3340 3437/3437/3437 3436/3436/3436
f 3341/3341/3341 3342/3342/3342 3438/3438/3438
f 3341/3341/3341 3438/3438/3438 3437/3437/3437
f 3342/3342/3342 3343/3343/3343 3439/3439/3439
f 3342/3342/3342 3439/3439/3439 3438/3438/3438
f 3343/3343/3343 3344/3344/3344 3440/3440/3440
f 3343/3343/3343 3440/3440/3440 3439/3439/3439
f 3344/3344/3344 3345/3345/3345 3441/3441/3441
f 3344/3344/3344 3441/3441/3441 3440/3440/3440
f 3345/3345/3345 3346/3346/3346 3442/3442/3442
f 3345/3345/3345 3442/3442/3442 3441/3441/3441
f 3346/3346/3346 3347/3347/3347 3443/3443/3443
f 3346/3346/3346 3443/3443/3443 3442/3442/3442
f 3347/3347/3347 3348/3348/3348 3444/3444/3444
f 3347/3347/3347 3444/3444/3444 3443/3443/3443
f 3348/3348/3348 3349/3349/3349 3445/3445/3445
f 3348/3348/3348 3445/3445/3445 3444/3444/3444
f 3349/3349/3349 3350/3350/3350 3446/3446/3446
f 3349/3349/3349 3446/3446/3446 3445/3445/3445
f 3350/3350/3350 3351/3351/3351 3447/3447/3447
f 3350/3350/3350 3447/3447/3447 3446/3446/3446
f 3351/3351/3351 3352/3352/3352 3448/3448/3448
f 3351/3351/3351 3448/3448/3448 3447/3447/3447
f 3352/3352/3352 3353/3353/3353 3449/3449/3449
f 3352/3352/3352 3449/3449/3449 3448/3448/3448
f 3353/3353/3353 3354/3354/3354 3450/3450/3450
f 3353/3353/3353 3450/3450/3450 3449/3449/3449
f 3354/3354/3354 3259/3259/3259 3355/3355/3355
f 3354/3354/3354 3355/3355/3355 3450/3450/3450
f 3355/3355/3355 3356/3356/3356 3452/3452/3452
f 3355/3355/3355 3452/3452/3452 3451/3451/3451
f 3356/3356/3356 3357/3357/3357 3453/3453/3453
f 3356/3356/3356 3453/3453/3453 3452/3452/3452
f 3357/3357/3357 3358/3358/3358 3454/3454/3454
f 3357/3357/3357 3454/3454/3454 3453/3453/3453
f 3358/3358/3358 3359/3359/3359 3455/3455/3455
f 3358/3358/3358 3455/3455/3455 3454/3454/3454
f 3359/3359/3359 3360/3360/3360 3456/3456/3456
f 3359/3359/3359 3456/3456/3456 3455/3455/3455
f 3360/3360/3360 3361/3361/3361 3457/3457/3457
f 3360/3360/3360 3457/3457/3457 3456/3456/3456
f 3361/3361/3361 3362/3362/3362 3458/3458/3458
f 3361/3361/3361 3458/3458/3458 3457/3457/3457
f 3362/3362/3362 3363/3363/3363 3459/3459/3459
f 3362/3362/3362 3459/3459/3459 3458/3458/3458
f 3363/3363/3363 3364/3364/3364 3460/3460/3460
f 3363/3363/3363 3460/3460/3460 3459/3459/3459
f 3364/3364/3364 3365/3365/3365 3461/3461/3461
f 3364/3364/3364 3461/3461/3461 3460/3460/3460
f 3365/3365/3365 3366/3366/3366 3462/3462/3462
f 3365/3365/3365 3462/3462/3462 3461/3461/3461
f 3366/3366/3366 3367/3367/3367 3463/3463/3463
f 3366/3366/3366 3463/3463/3463 3462/3462/3462
f 3367/3367/3367 3368/3368/3368 3464/3464/3464
f 3367/3367/3367 3464/3464/3464 3463/3463/3463
f 3368/3368/3368 3369/3369/3369 3465/3465/3465
f 3368/3368/3368 3465/3465/3465 3464/3464/3464
f 3369/3369/3369 3370/3370/3370 3466/3466/3466
f 3369/3369/3369 3466/3466/3466 3465/3465/3465
f 3370/3370/3370 3371/3371/3371 3467/3467/3467
f 3370/3370/3370 3467/3467/3467 3466/3466/3466
f 3371/3371/3371 3372/3372/3372 3468/3468/3468
f 3371/3371/3371 3468/3468/3468 3467/3467/3467
f 3372/3372/3372 3373/3373/3373 3469/3469/3469
f 3372/3372/3372 3469/3469/3469 3468/3468/3468
f 3373/3373/3373 3374/3374/3374 3470/3470/3470
f 3373/3373/3373 3470/3470/3470 3469/3469/3469
f 3374/3374/3374 3375/3375/3375 3471/3471/3471
f 3374/3374/3374 3471/3471/3471 3470/3470/3470
f 3375/3375/3375 3376/3376/3376 3472/3472/3472
f 3375/3375/3375 3472/3472/3472 3471/3471/3471
f 3376/3376/3376 3377/3377/3377 3473/3473/3473
f 3376/3376/3376 3473/3473/3473 3472/3472/3472
f 3377/3377/3377 3378/3378/3378 3474/3474/3474
f 3377/3377/3377 3474/3474/3474 3473/3473/3473
f 3378/3378/3378 3379/3379/3379 3475/3475/3475
f 3378/3378/3378 3475/3475/3475 3474/3474/3474
f 3379/3379/3379 3380/3380/3380 3476/3476/3476
f 3379/3379/3379 3476/3476/3476 3475/3475/3475
f 3380/3380/3380 3381/3381/3381 3477/3477/3477
f 3380/3380/3380 3477/3477/3477 3476/3476/3476
f 3381/3381/3381 3382/3382/3382 3478/3478/3478
f 3381/3381/3381 3478/3478/3478 3477/3477/3477
f 3382/3382/3382 3383/3383/3383 3479/3479/3479
f 3382/3382/3382 3479/3479/3479 3478/3478/3478
f 3383/3383/3383 3384/3384/3384 3480/3480/3480
f 3383/3383/3383 3480/3480/3480 3479/3479/3479
f 3384/3384/3384 3385/3385/3385 3481/3481/3481
f 3384/3384/3384 3481/3481/3481 3480/3480/3480
f 3385/3385/3385 3386/3386/3386 3482/3482/3482
f 3385/3385/3385 3482/3482/3482 3481/3481/3481
f 3386/3386/3386 3387/3387/3387 3483/3483/3483
f 3386/3386/3386 3483/3483/3483 3482/3482/3482
f 3387/3387/3387 3388/3388/3388 3484/3484/3484
f 3387/3387/3387 3484/3484/3484 3483/3483/3483
f 3388/3388/3388 3389/3389/3389 3485/3485/3485
f 3388/3388/3388 3485/3485/3485 3484/3484/3484
f 3389/3389/3389 3390/3390/3390 3486/3486/3486
f 3389/3389/3389 3486/3486/3486 3485/3485/3485
f 3390/3390/3390 3391/3391/3391 3487/3487/3487
f 3390/3390/3390 3487/3487/3487 3486/3486/3486
f 3391/3391/3391 3392/3392/3392 3488/3488/3488
f 3391/3391/3391 3488/3488/3488 3487/3487/3487
f 3392/3392/3392 3393/3393/3393 3489/3489/3489
f 3392/3392/3392 3489/3489/3489 3488/3488/3488
f 3393/3393/3393 3394/3394/3394 3490/3490/3490
f 3393/3393/3393 3490/3490/3490 3489/3489/3489
f 3394/3394/3394 3395/3395/3395 3491/3491/3491
f 3394/3394/3394 3491/3491/3491 3490/3490/3490
f 3395/3395/3395 3396/3396/3396 3492/3492/3492
f 3395/3395/3395 3492/3492/3492 3491/3491/3491
f 3396/3396/3396 3397/3397/3397 3493/3493/3493
f 3396/3396/3396 3493/3493/3493 3492/3492/3492
f 3397/3397/3397 3398/3398/3398 3494/3494/3494
f 3397/3397/3397 3494/3494/3494 3493/3493/3493
f 3398/3398/3398 3399/3399/3399 3495/3495/3495
f 3398/3398/3398 3495/3495/3495 3494/3494/3494
f 3399/3399/3399 3400/3400/3400 3496/3496/3496
f 3399/3399/3399 3496/3496/3496 3495/3495/3495
f 3400/3400/3400 3401/3401/3401 3497/3497/3497
f 3400/3400/3400 3497/3497/3497 3496/3496/3496
f 3401/3401/3401 3402/3402/3402 3498/3498/3498
f 3401/3401/3401 3498/3498/3498 3497/3497/3497
f 3402/3402/3402 3403/3403/3403 3499/3499/3499
f 3402/3402/3402 3499/3499/3499 3498/3498/3498
f 3403/3403/3403 3404/3404/3404 3500/3500/3500
f 3403/3403/3403 3500/3500/3500 3499/3499/3499
f 3404/3404/3404 3405/3405/3405 3501/3501/3501
f 3404/3404/3404 3501/3501/3501 3500/3500/3500
f 3405/3405/3405 3406/3406/3406 3502/3502/3502
f 3405/3405/3405 3502/3502/3502 3501/3501/3501
f 3406/3406/3406 3407/3407/3407 3503/3503/3503
f 3406/3406/3406 3503/3503/3503 3502/3502/3502
f 3407/3407/3407 3408/3408/3408 3504/3504/3504
f 3407/3407/3407 3504/3504/3504 3503/3503/3503
f 3408/3408/3408 3409/3409/3409 3505/3505/3505
f 3408/3408/3408 3505/3505/3505 3504/3504/3504
f 3409/3409/3409 3410/3410/3410 3506/3506/3506
f 3409/3409/3409 3506/3506/3506 3505/3505/3505
f 3410/3410/3410 3411/3411/3411 3507/3507/3507
f 3410/3410/3410 3507/3507/3507 3506/3506/3506
f 3411/3411/3411 3412/3412/3412 3508/3508/3508
f 3411/3411/3411 3508/3508/3508 3507/3507/3507
f 3412/3412/3412 3413/3413/3413 3509/3509/3509
f 3412/3412/3412 3509/3509/3509 3508/3508/3508
f 3413/3413/3413 3414/3414/3414 3510/3510/3510
f 3413/3413/3413 3510/3510/3510 3509/3509/3509
f 3414/3414/3414 3415/3415/3415 3511/3511/3511
f 3414/3414/3414 3511/3511/3511 3510/3510/3510
f 3415/3415/3415 3416/3416/3416 3512/3512/3512
f 3415/3415/3415 3512/3512/3512 3511/3511/3511
f 3416/3416/3416 3417/3417/3417 3513/3513/3513
f 3416/3416/3416 3513/3513/3513 3512/3512/3512
f 3417/3417/3417 3418/3418/3418 3514/3514/3514
f 3417/3417/3417 3514/3514/3514 3513/3513/3513
f 3418/3418/3418 3419/3419/3419 3515/3515/3515
f 3418/3418/3418 3515/3515/3515 3514/3514/3514
f 3419/3419/3419 3420/3420/3420 3516/3516/3516
f 3419/3419/3419 3516/3516/3516 3515/3515/3515
f 3420/3420/3420 3421/3421/3421 3517/3517/3517
f 3420/3420/3420 3517/3517/3517 3516/3516/3516
f 3421/3421/3421 3422/3422/3422 3518/3518/3518
f 3421/3421/3421 3518/3518/3518 3517/3517/3517
f 3422/3422/3422 3423/3423/3423 3519/3519/3519
f 3422/3422/3422 3519/3519/3519 3518/3518/3518
f 3423/3423/3423 3424/3424/3424 3520/3520/3520
f 3423/3423/3423 3520/3520/3520 3519/3519/3519
f 3424/3424/3424 3425/3425/3425 3521/3521/3521
f 3424/3424/3424 3521/3521/3521 3520/3520/3520
f 3425/3425/3425 3426/3426/3426 3522/3522/3522
f 3425/3425/3425 3522/3522/3522 3521/3521/3521
f 3426/3426/3426 3427/3427/3427 3523/3523/3523
f 3426/3426/3426 3523/3523/3523 3522/3522/3522
f 3427/3427/3427 3428/3428/3428 3524/3524/3524
f 3427/3427/3427 3524/3524/3524 3523/3523/3523
f 3428/3428/3428 3429/3429/3429 3525/3525/3525
f 3428/3428/3428 3525/3525/3525 3524/3524/3524
f 3429/3429/3429 3430/3430/3430 3526/3526/3526
f 3429/3429/3429 3526/3526/3526 3525/3525/3525
f 3430/3430/3430 3431/3431/3431 3527/3527/3527
f 3430/3430/3430 3527/3527/3527 3526/3526/3526
f 3431/3431/3431 3432/3432/3432 3528/3528/3528
f 3431/3431/3431 3528/3528/3528 3527/3527/3527
f 3432/3432/3432 3433/3433/3433 3529/3529/3529
f 3432/3432/3432 3529/3529/3529 3528/3528/3528
f 3433/3433/3433 3434/3434/3434 3530/3530/3530
f 3433/3433/3433 3530/3530/3530 3529/3529/3529
f 3434/3434/3434 3435/3435/3435 3531/3531/3531
f 3434/3434/3434 3531/3531/3531 3530/3530/3530
f 3435/3435/3435 3436/3436/3436 3532/3532/3532
f 3435/3435/3435 3532/3532/3532 3531/3531/3531
f 3436/3436/3436 3437/3437/3437 3533/3533/3533
f 3436/3436/3436 3533/3533/3533 3532/3532/3532
f 3437/3437/3437 3438/3438/3438 3534/3534/3534
f 3437/3437/3437 3534/3534/3534 3533/3533/3533
f 3438/3438/3438 3439/3439/3439 3535/3535/3535
f 3438/3438/3438 3535/3535/3535 3534/3534/3534
f 3439/3439/3439 3440/3440/3440 3536/3536/3536
f 3439/3439/3439 3536/3536/3536 3535/3535/3535
f 3440/3440/3440 3441/3441/3441 3537/3537/3537
f 3440/3440/3440 3537/3537/3537 3536/3536/3536
f 3441/3441/3441 3442/3442/3442 3538/3538/3538
f 3441/3441/3441 3538/3538/3538 3537/3537/3537
f 3442/3442/3442 3443/3443/3443 3539/3539/3539
f 3442/3442/3442 3539/3539/3539 3538/3538/3538
f 3443/3443/3443 3444/3444/3444 3540/3540/3540
f 3443/3443/3443 3540/3540/3540 3539/3539/3539
f 3444/3444/3444 3445/3445/3445 3541/3541/3541
f 3444/3444/3444 3541/3541/3541 3540/3540/3540
f 3445/3445/3445 3446/3446/3446 3542/3542/3542
f 3445/3445/3445 3542/3542/3542 3541/3541/3541
f 3446/3446/3446 3447/3447/3447 3543/3543/3543
f 3446/3446/3446 3543/3543/3543 3542/3542/3542
f 3447/3447/3447 3448/3448/3448 3544/3544/3544
f 3447/3447/3447 3544/3544/3544 3543/3543/3543
f 3448/3448/3448 3449/3449/3449 3545/3545/3545
f 3448/3448/3448 3545/3545/3545 3544/3544/3544
f 3449/3449/3449 3450/3450/3450 3546/3546/3546
f 3449/3449/3449 3546/3546/3546 3545/3545/3545
f 3450/3450/3450 3355/3355/3355 3451/3451/3451
f 3450/3450/3450 3451/3451/3451 3546/3546/3546
f 3451/3451/3451 3452/3452/3452 3548/3548/3548
f 3451/3451/3451 3548/3548/3548 3547/3547/3547
f 3452/3452/3452 3453/3453/3453 3549/3549/3549
f 3452/3452/3452 3549/3549/3549 3548/3548/3548
f 3453/3453/3453 3454/3454/3454 3550/3550/3550
f 3453/3453/3453 3550/3550/3550 3549/3549/3549
f 3454/3454/3454 3455/3455/3455 3551/3551/3551
f 3454/3454/3454 3551/3551/3551 3550/3550/3550
f 3455/3455/3455 3456/3456/3456 3552/3552/3552
f 3455/3455/3455 3552/3552/3552 3551/3551/3551
f 3456/3456/3456 3457/3457/3457 3553/3553/3553
f 3456/3456/3456 3553/3553/3553 3552/3552/3552
f 3457/3457/3457 3458/3458/3458 3554/3554/3554
f 3457/3457/3457 3554/3554/3554 3553/3553/3553
f 3458/3458/3458 3459/3459/3459 3555/3555/3555
f 3458/3458/3458 3555/3555/3555 3554/3554/3554
f 3459/3459/3459 3460/3460/3460 3556/3556/3556
f 3459/3459/3459 3556/3556/3556 3555/3555/3555
f 3460/3460/3460 3461/3461/3461 3557/3557/3557
f 3460/3460/3460 3557/3557/3557 3556/3556/3556
f 3461/3461/3461 3462/3462/3462 3558/3558/3558
f 3461/3461/3461 3558/3558/3558 3557/3557/3557
f 3462/3462/3462 3463/3463/3463 3559/3559/3559
f 3462/3462/3462 3559/3559/3559 3558/3558/3558
f 3463/3463/3463 3464/3464/3464 3560/3560/3560
f 3463/3463/3463 3560/3560/3560 3559/3559/3559
f 3464/3464/3464 3465/3465/3465 3561/3561/3561
f 3464/3464/3464 3561/3561/3561 3560/3560/3560
f 3465/3465/3465 3466/3466/3466 3562/3562/3562
f 3465/3465/3465 3562/3562/3562 3561/3561/3561
f 3466/3466/3466 3467/3467/3467 3563/3563/3563
f 3466/3466/3466 3563/3563/3563 3562/3562/3562
f 3467/3467/3467 3468/3468/3468 3564/3564/3564
f 3467/3467/3467 3564/3564/3564 3563/3563/3563
f 3468/3468/3468 3469/3469/3469 3565/3565/3565
f 3468/3468/3468 3565/3565/3565 3564/3564/3564
f 3469/3469/3469 3470/3470/3470 3566/3566/3566
f 3469/3469/3469 3566/3566/3566 3565/3565/3565
f 3470/3470/3470 3471/3471/3471 3567/3567/3567
f 3470/3470/3470 3567/3567/3567 3566/3566/3566
f 3471/3471/3471 3472/3472/3472 3568/3568/3568
f 3471/3471/3471 3568/3568/3568 3567/3567/3567
f 3472/3472/3472 3473/3473/3473 3569/3569/3569
f 3472/3472/3472 3569/3569/3569 3568/3568/3568
f 3473/3473/3473 3474/3474/3474 3570/3570/3570
f 3473/3473/3473 3570/3570/3570 3569/3569/3569
f 3474/3474/3474 3475/3475/3475 3571/3571/3571
f 3474/3474/3474 3571/3571/3571 3570/3570/3570
f 3475/3475/3475 3476/3476/3476 3572/3572/3572
f 3475/3475/3475 3572/3572/3572 3571/3571/3571
f 3476/3476/3476 3477/3477/3477 3573/3573/3573
f 3476/3476/3476 3573/3573/3573 3572/3572/3572
f 3477/3477/3477 3478/3478/3478 3574/3574/3574
f 3477/3477/3477 3574/3574/3574 3573/3573/3573
f 3478/3478/3478 3479/3479/3479 3575/3575/3575
f 3478/3478/3478 3575/3575/3575 3574/3574/3574
f 3479/3479/3479 3480/3480/3480 3576/3576/3576
f 3479/3479/3479 3576/3576/3576 3575/3575/3575
f 3480/3480/3480 3481/3481/3481 3577/3577/3577
f 3480/3480/3480 3577/3577/3577 3576/3576/3576
f 3481/3481/3481 3482/3482/3482 3578/3578/3578
f 3481/3481/3481 3578/3578/3578 3577/3577/3577
f 3482/3482/3482 3483/3483/3483 3579/3579/3579
f 3482/3482/3482 3579/3579/3579 3578/3578/3578
f 3483/3483/3483 3484/3484/3484 3580/3580/3580
f 3483/3483/3483 3580/3580/3580 3579/3579/3579
f 3484/3484/3484 3485/3485/3485 3581/3581/3581
f 3484/3484/3484 3581/3581/3581 3580/3580/3580
f 3485/3485/3485 3486/3486/3486 3582/3582/3582
f 3485/3485/3485 3582/3582/3582 3581/3581/3581
f 3486/3486/3486 3487/3487/3487 3583/3583/3583
f 3486/3486/3486 3583/3583/3583 3582/3582/3582
f 3487/3487/3487 3488/3488/3488 3584/3584/3584
f 3487/3487/3487 3584/3584/3584 3583/3583/3583
f 3488/3488/3488 3489/3489/3489 3585/3585/3585
f 3488/3488/3488 3585/3585/3585 3584/3584/3584
f 3489/3489/3489 3490/3490/3490 3586/3586/3586
f 3489/3489/3489 3586/3586/3586 3585/3585/3585
f 3490/3490/3490 3491/3491/3491 3587/3587/3587
f 3490/3490/3490 3587/3587/3587 3586/3586/3586
f 3491/3491/3491 3492/3492/3492 3588/3588/3588
f 3491/3491/3491 3588/3588/3588 3587/3587/3587
f 3492/3492/3492 3493/3493/3493 3589/3589/3589
f 3492/3492/3492 3589/3589/3589 3588/3588/3588
f 3493/3493/3493 3494/3494/3494 3590/3590/3590
f 3493/3493/3493 3590/3590/3590 3589/3589/3589
f 3494/3494/3494 3495/3495/3495 3591/3591/3591
f 3494/3494/3494 3591/3591/3591 3590/3590/3590
f 3495/3495/3495 3496/3496/3496 3592/3592/3592
f 3495/3495/3495 3592/3592/3592 3591/3591/3591
f 3496/3496/3496 3497/3497/3497 3593/3593/3593
f 3496/3496/3496 3593/3593/3593 3592/3592/3592
f 3497/3497/3497 3498/3498/3498 3594/3594/3594
f 3497/3497/3497 3594/3594/3594 3593/3593/3593
f 3498/3498/3498 3499/3499/3499 3595/3595/3595
f 3498/3498/3498 3595/3595/3595 3594/3594/3594
f 3499/3499/3499 3500/3500/3500 3596/3596/3596
f 3499/3499/3499 3596/3596/3596 3595/3595/3595
f 3500/3500/3500 3501/3501/3501 3597/3597/3597
f 3500/3500/3500 3597/3597/3597 3596/3596/3596
f 3501/3501/3501 3502/3502/3502 3598/3598/3598
f 3501/3501/3501 3598/3598/3598 3597/3597/3597
f 3502/3502/3502 3503/3503/3503 3599/3599/3599
f 3502/3502/3502 3599/3599/3599 3598/3598/3598
f 3503/3503/3503 3504/3504/3504 3600/3600/3600
f 3503/3503/3503 3600/3600/3600 3599/3599/3599
f 3504/3504/3504 3505/3505/3505 3601/3601/3601
f 3504/3504/3504 3601/3601/3601 3600/3600/3600
f 3505/3505/3505 3506/3506/3506 3602/3602/3602
f 3505/3505/3505 3602/3602/3602 3601/3601/3601
f 3506/3506/3506 3507/3507/3507 3603/3603/3603
f 3506/3506/3506 3603/3603/3603 3602/3602/3602
f 3507/3507/3507 3508/3508/3508 3604/3604/3604
f 3507/3507/3507 3604/3604/3604 3603/3603/3603
f 3508/3508/3508 3509/3509/3509 3605/3605/3605
f 3508/3508/3508 3605/3605/3605 3604/3604/3604
f 3509/3509/3509 3510/3510/3510 3606/3606/3606
f 3509/3509/3509 3606/3606/3606 3605/3605/3605
f 3510/3510/3510 3511/3511/3511 3607/3607/3607
f 3510/3510/3510 3607/3607/3607 3606/3606/3606
f 3511/3511/3511 3512/3512/3512 3608/3608/3608
f 3511/3511/3511 3608/3608/3608 3607/3607/3607
f 3512/3512/3512 3513/3513/3513 3609/3609/3609
f 3512/3512/3512 3609/3609/3609 3608/3608/3608
f 3513/3513/3513 3514/3514/3514 3610/3610/3610
f 3513/3513/3513 3610/3610/3610 3609/3609/3609
f 3514/3514/3514 3515/3515/3515 3611/3611/3611
f 3514/3514/3514 3611/3611/3611 3610/3610/3610
f 3515/3515/3515 3516/3516/3516 3612/3612/3612
f 3515/3515/3515 3612/3612/3612 3611/3611/3611
f 3516/3516/3516 3517/3517/3517 3613/3613/3613
f 3516/3516/3516 3613/3613/3613 3612/3612/3612
f 3517/3517/3517 3518/3518/3518 3614/3614/3614
f 3517/3517/3517 3614/3614/3614 3613/3613/3613
f 3518/3518/3518 3519/3519/3519 3615/3615/3615
f 3518/3518/3518 3615/3615/3615 3614/3614/3614
f 3519/3519/3519 3520/3520/3520 3616/3616/3616
f 3519/3519/3519 3616/3616/3616 3615/3615/3615
f 3520/3520/3520 3521/3521/3521 3617/3617/3617
f 3520/3520/3520 3617/3617/3617 3616/3616/3616
f 3521/3521/3521 3522/3522/3522 3618/3618/3618
f 3521/3521/3521 3618/3618/3618 3617/3617/3617
f 3522/3522/3522 3523/3523/3523 3619/3619/3619
f 3522/3522/3522 3619/3619/3619 3618/3618/3618
f 3523/3523/3523 3524/3524/3524 3620/3620/3620
f 3523/3523/3523 3620/3620/3620 3619/3619/3619
f 3524/3524/3524 3525/3525/3525 3621/3621/3621
f 3524/3524/3524 3621/3621/3621 3620/3620/3620
f 3525/3525/3525 3526/3526/3526 3622/3622/3622
f 3525/3525/3525 3622/3622/3622 3621/3621/3621
f 3526/3526/3526 3527/3527/3527 3623/3623/3623
f 3526/3526/3526 3623/3623/3623 3622/3622/3622
f 3527/3527/3527 3528/3528/3528 3624/3624/3624
f 3527/3527/3527 3624/3624/3624 3623/3623/3623
f 3528/3528/3528 3529/3529/3529 3625/3625/3625
f 3528/3528/3528 3625/3625/3625 3624/3624/3624
f 3529/3529/3529 3530/3530/3530 3626/3626/3626
f 3529/3529/3529 3626/3626/3626 3625/3625/3625
f 3530/3530/3530 3531/3531/3531 3627/3627/3627
f 3530/3530/3530 3627/3627/3627 3626/3626/3626
f 3531/3531/3531 3532/3532/3532 3628/3628/3628
f 3531/3531/3531 3628/3628/3628 3627/3627/3627
f 3532/3532/3532 3533/3533/3533 3629/3629/3629
f 3532/3532/3532 3629/3629/3629 3628/3628/3628
f 3533/3533/3533 3534/3534/3534 3630/3630/3630
f 3533/3533/3533 3630/3630/3630 3629/3629/3629
f 3534/3534/3534 3535/3535/3535 3631/3631/3631
f 3534/3534/3534 3631/3631/3631 3630/3630/3630
f 3535/3535/3535 3536/3536/3536 3632/3632/3632
f 3535/3535/3535 3632/3632/3632 3631/3631/3631
f 3536/3536/3536 3537/3537/3537 3633/3633/3633
f 3536/3536/3536 3633/3633/3633 3632/3632/3632
f 3537/3537/3537 3538/3538/3538 3634/3634/3634
f 3537/3537/3537 3634/3634/3634 3633/3633/3633
f 3538/3538/3538 3539/3539/3539 3635/3635/3635
f 3538/3538/3538 3635/3635/3635 3634/3634/3634
f 3539/3539/3539 3540/3540/3540 3636/3636/3636
f 3539/3539/3539 3636/3636/3636 3635/3635/3635
f 3540/3540/3540 3541/3541/3541 3637/3637/3637
f 3540/3540/3540 3637/3637/3637 3636/3636/3636
f 3541/3541/3541 3542/3542/3542 3638/3638/3638
f 3541/3541/3541 3638/3638/3638 3637/3637/3637
f 3542/3542/3542 3543/3543/3543 3639/3639/3639
f 3542/3542/3542 3639/3639/3639 3638/3638/3638
f 3543/3543/3543 3544/3544/3544 3640/3640/3640
f 3543/3543/3543 3640/3640/3640 3639/3639/3639
f 3544/3544/3544 3545/3545/3545 3641/3641/3641
f 3544/3544/3544 3641/3641/3641 3640/3640/3640
f 3545/3545/3545 3546/3546/3546 3642/3642/3642
f 3545/3545/3545 3642/3642/3642 3641/3641/3641
f 3546/3546/3546 3451/3451/3451 3547/3547/3547
f 3546/3546/3546 3547/3547/3547 3642/3642/3642
f 3547/3547/3547 3548/3548/3548 3644/3644/3644
f 3547/3547/3547 3644/3644/3644 3643/3643/3643
f 3548/3548/3548 3549/3549/3549 3645/3645/3645
f 3548/3548/3548 3645/3645/3645 3644/3644/3644
f 3549/3549/3549 3550/3550/3550 3646/3646/3646
f 3549/3549/3549 3646/3646/3646 3645/3645/3645
f 3550/3550/3550 3551/3551/3551 3647/3647/3647
f 3550/3550/3550 3647/3647/3647 3646/3646/3646
f 3551/3551/3551 3552/3552/3552 3648/3648/3648
f 3551/3551/3551 3648/3648/3648 3647/3647/3647
f 3552/3552/3552 3553/3553/3553 3649/3649/3649
f 3552/3552/3552 3649/3649/3649 3648/3648/3648
f 3553/3553/3553 3554/3554/3554 3650/3650/3650
f 3553/3553/3553 3650/3650/3650 3649/3649/3649
f 3554/3554/3554 3555/3555/3555 3651/3651/3651
f 3554/3554/3554 3651/3651/3651 3650/3650/3650
f 3555/3555/3555 3556/3556/3556 3652/3652/3652
f 3555/3555/3555 3652/3652/3652 3651/3651/3651
f 3556/3556/3556 3557/3557/3557 3653/3653/3653
f 3556/3556/3556 3653/3653/3653 3652/3652/3652
f 3557/3557/3557 3558/3558/3558 3654/3654/3654
f 3557/3557/3557 3654/3654/3654 3653/3653/3653
f 3558/3558/3558 3559/3559/3559 3655/3655/3655
f 3558/3558/3558 3655/3655/3655 3654/3654/3654
f 3559/3559/3559 3560/3560/3560 3656/3656/3656
f 3559/3559/3559 3656/3656/3656 3655/3655/3655
f 3560/3560/3560 3561/3561/3561 3657/3657/3657
f 3560/3560/3560 3657/3657/3657 3656/3656/3656
f 3561/3561/3561 3562/3562/3562 3658/3658/3658
f 3561/3561/3561 3658/3658/3658 3657/3657/3657
f 3562/3562/3562 3563/3563/3563 3659/3659/3659
f 3562/3562/3562 3659/3659/3659 3658/3658/3658
f 3563/3563/3563 3564/3564/3564 3660/3660/3660
f 3563/3563/3563 3660/3660/3660 3659/3659/3659
f 3564/3564/3564 3565/3565/3565 3661/3661/3661
f 3564/3564/3564 3661/3661/3661 3660/3660/3660
f 3565/3565/3565 3566/3566/3566 3662/3662/3662
f 3565/3565/3565 3662/3662/3662 3661/3661/3661
f 3566/3566/3566 3567/3567/3567 3663/3663/3663
f 3566/3566/3566 3663/3663/3663 3662/3662/3662
f 3567/3567/3567 3568/3568/3568 3664/3664/3664
f 3567/3567/3567 3664/3664/3664 3663/3663/3663
f 3568/3568/3568 3569/3569/3569 3665/3665/3665
f 3568/3568/3568 3665/3665/3665 3664/3664/3664
f 3569/3569/3569 3570/3570/3570 3666/3666/3666
f 3569/3569/3569 3666/3666/3666 3665/3665/3665
f 3570/3570/3570 3571/3571/3571 3667/3667/3667
f 3570/3570/3570 3667/3667/3667 3666/3666/3666
f 3571/3571/3571 3572/3572/3572 3668/3668/3668
f 3571/3571/3571 3668/3668/3668 3667/3667/3667
f 3572/3572/3572 3573/3573/3573 3669/3669/3669
f 3572/3572/3572 3669/3669/3669 3668/3668/3668
f 3573/3573/3573 3574/3574/3574 3670/3670/3670
f 3573/3573/3573 3670/3670/3670 3669/3669/3669
f 3574/3574/3574 3575/3575/3575 3671/3671/3671
f 3574/3574/3574 3671/3671/3671 3670/3670/3670
f 3575/3575/3575 3576/3576/3576 3672/3672/3672
f 3575/3575/3575 3672/3672/3672 3671/3671/3671
f 3576/3576/3576 3577/3577/3577 3673/3673/3673
f 3576/3576/3576 3673/3673/3673 3672/3672/3672
f 3577/3577/3577 3578/3578/3578 3674/3674/3674
f 3577/3577/3577 3674/3674/3674 3673/3673/3673
f 3578/3578/3578 3579/3579/3579 3675/3675/3675
f 3578/3578/3578 3675/3675/3675 3674/3674/3674
f 3579/3579/3579 3580/3580/3580 3676/3676/3676
f 3579/3579/3579 3676/3676/3676 3675/3675/3675
f 3580/3580/3580 3581/3581/3581 3677/3677/3677
f 3580/3580/3580 3677/3677/3677 3676/3676/3676
f 3581/3581/3581 3582/3582/3582 3678/3678/3678
f 3581/3581/3581 3678/3678/3678 3677/3677/3677
f 3582/3582/3582 3583/3583/3583 3679/3679/3679
f 3582/3582/3582 3679/3679/3679 3678/3678/3678
f 3583/3583/3583 3584/3584/3584 3680/3680/3680
f 3583/3583/3583 3680/3680/3680 3679/3679/3679
f 3584/3584/3584 3585/3585/3585 3681/3681/3681
f 3584/3584/3584 3681/3681/3681 3680/3680/3680
f 3585/3585/3585 3586/3586/3586 3682/3682/3682
f 3585/3585/3585 3682/3682/3682 3681/3681/3681
f 3586/3586/3586 3587/3587/3587 3683/3683/3683
f 3586/3586/3586 3683/3683/3683 3682/3682/3682
f 3587/3587/3587 3588/3588/3588 3684/3684/3684
f 3587/3587/3587 3684/3684/3684 3683/3683/3683
f 3588/3588/3588 3589/3589/3589 3685/3685/3685
f 3588/3588/3588 3685/3685/3685 3684/3684/3684
f 3589/3589/3589 3590/3590/3590 3686/3686/3686
f 3589/3589/3589 3686/3686/3686 3685/3685/3685
f 3590/3590/3590 3591/3591/3591 3687/3687/3687
f 3590/3590/3590 3687/3687/3687 3686/3686/3686
f 3591/3591/3591 3592/3592/3592 3688/3688/3688
f 3591/3591/3591 3688/3688/3688 3687/3687/3687
f 3592/3592/3592 3593/3593/3593 3689/3689/3689
f 3592/3592/3592 3689/3689/3689 3688/3688/3688
f 3593/3593/3593 3594/3594/3594 3690/3690/3690
f 3593/3593/3593 3690/3690/3690 3689/3689/3689
f 3594/3594/3594 3595/3595/3595 3691/3691/3691
f 3594/3594/3594 3691/3691/3691 3690/3690/3690
f 3595/3595/3595 3596/3596/3596 3692/3692/3692
f 3595/3595/3595 3692/3692/3692 3691/3691/3691
f 3596/3596/3596 3597/3597/3597 3693/3693/3693
f 3596/3596/3596 3693/3693/3693 3692/3692/3692
f 3597/3597/3597 3598/3598/3598 3694/3694/3694
f 3597/3597/3597 3694/3694/3694 3693/3693/3693
f 3598/3598/3598 3599/3599/3599 3695/3695/3695
f 3598/3598/3598 3695/3695/3695 3694/3694/3694
f 3599/3599/3599 3600/3600/3600 3696/3696/3696
f 3599/3599/3599 3696/3696/3696 3695/3695/3695
f 3600/3600/3600 3601/3601/3601 3697/3697/3697
f 3600/3600/3600 3697/3697/3697 3696/3696/3696
f 3601/3601/3601 3602/3602/3602 3698/3698/3698
f 3601/3601/3601 3698/3698/3698 3697/3697/3697
f 3602/3602/3602 3603/3603/3603 3699/3699/3699
f 3602/3602/3602 3699/3699/3699 3698/3698/3698
f 3603/3603/3603 3604/3604/3604 3700/3700/3700
f 3603/3603/3603 3700/3700/3700 3699/3699/3699
f 3604/3604/3604 3605/3605/3605 3701/3701/3701
f 3604/3604/3604 3701/3701/3701 3700/3700/3700
f 3605/3605/3605 3606/3606/3606 3702/3702/3702
f 3605/3605/3605 3702/3702/3702 3701/3701/3701
f 3606/3606/3606 3607/3607/3607 3703/3703/3703
f 3606/3606/3606 3703/3703/3703 3702/3702/3702
f 3607/3607/3607 3608/3608/3608 3704/3704/3704
f 3607/3607/3607 3704/3704/3704 3703/3703/3703
f 3608/3608/3608 3609/3609/3609 3705/3705/3705
f 3608/3608/3608 3705/3705/3705 3704/3704/3704
f 3609/3609/3609 3610/3610/3610 3706/3706/3706
f 3609/3609/3609 3706/3706/3706 3705/3705/3705
f 3610/3610/3610 3611/3611/3611 3707/3707/3707
f 3610/3610/3610 3707/3707/3707 3706/3706/3706
f 3611/3611/3611 3612/3612/3612 3708/3708/3708
f 3611/3611/3611 3708/3708/3708 3707/3707/3707
f 3612/3612/3612 3613/3613/3613 3709/3709/3709
f 3612/3612/3612 3709/3709/3709 3708/3708/3708
f 3613/3613/3613 3614/3614/3614 3710/3710/3710
f 3613/3613/3613 3710/3710/3710 3709/3709/3709
f 3614/3614/3614 3615/3615/3615 3711/3711/3711
f 3614/3614/3614 3711/3711/3711 3710/3710/3710
f 3615/3615/3615 3616/3616/3616 3712/3712/3712
f 3615/3615/3615 3712/3712/3712 3711/3711/3711
f 3616/3616/3616 3617/3617/3617 3713/3713/3713
f 3616/3616/3616 3713/3713/3713 3712/3712/3712
f 3617/3617/3617 3618/3618/3618 3714/3714/3714
f 3617/3617/3617 3714/3714/3714 3713/3713/3713
f 3618/3618/3618 3619/3619/3619 3715/3715/3715
f 3618/3618/3618 3715/3715/3715 3714/3714/3714
f 3619/3619/3619 3620/3620/3620 3716/3716/3716
f 3619/3619/3619 3716/3716/3716 3715/3715/3715
f 3620/3620/3620 3621/3621/3621 3717/3717/3717
f 3620/3620/3620 3717/3717/3717 3716/3716/3716
f 3621/3621/3621 3622/3622/3622 3718/3718/3718
f 3621/3621/3621 3718/3718/3718 3717/3717/3717
f 3622/3622/3622 3623/3623/3623 3719/3719/3719
f 3622/3622/3622 3719/3719/3719 3718/3718/3718
f 3623/3623/3623 3624/3624/3624 3720/3720/3720
f 3623/3623/3623 3720/3720/3720 3719/3719/3719
f 3624/3624/3624 3625/3625/3625 3721/3721/3721
f 3624/3624/3624 3721/3721/3721 3720/3720/3720
f 3625/3625/3625 3626/3626/3626 3722/3722/3722
f 3625/3625/3625 3722/3722/3722 3721/3721/3721
f 3626/3626/3626 3627/3627/3627 3723/3723/3723
f 3626/3626/3626 3723/3723/3723 3722/3722/3722
f 3627/3627/3627 3628/3628/3628 3724/3724/3724
f 3627/3627/3627 3724/3724/3724 3723/3723/3723
f 3628/3628/3628 3629/3629/3629 3725/3725/3725
f 3628/3628/3628 3725/3725/3725 3724/3724/3724
f 3629/3629/3629 3630/3630/3630 3726/3726/3726
f 3629/3629/3629 3726/3726/3726 3725/3725/3725
f 3630/3630/3630 3631/3631/3631 3727/3727/3727
f 3630/3630/3630 3727/3727/3727 3726/3726/3726
f 3631/3631/3631 3632/3632/3632 3728/3728/3728
f 3631/3631/3631 3728/3728/3728 3727/3727/3727
f 3632/3632/3632 3633/3633/3633 3729/3729/3729
f 3632/3632/3632 3729/3729/3729 3728/3728/3728
f 3633/3633/3633 3634/3634/3634 3730/3730/3730
f 3633/3633/3633 3730/3730/3730 3729/3729/3729
f 3634/3634/3634 3635/3635/3635 3731/3731/3731
f 3634/3634/3634 3731/3731/3731 3730/3730/3730
f 3635/3635/3635 3636/3636/3636 3732/3732/3732
f 3635/3635/3635 3732/3732/3732 3731/3731/3731
f 3636/3636/3636 3637/3637/3637 3733/3733/3733
f 3636/3636/3636 3733/3733/3733 3732/3732/3732
f 3637/3637/3637 3638/3638/3638 3734/3734/3734
f 3637/3637/3637 3734/3734/3734 3733/3733/3733
f 3638/3638/3638 3639/3639/3639 3735/3735/3735
f 3638/3638/3638 3735/3735/3735 3734/3734/3734
f 3639/3639/3639 3640/3640/3640 3736/3736/3736
f 3639/3639/3639 3736/3736/3736 3735/3735/3735
f 3640/3640/3640 3641/3641/3641 3737/3737/3737
f 3640/3640/3640 3737/3737/3737 3736/3736/3736
f 3641/3641/3641 3642/3642/3642 3738/3738/3738
f 3641/3641/3641 3738/3738/3738 3737/3737/3737
f 3642/3642/3642 3547/3547/3547 3643/3643/3643
f 3642/3642/3642 3643/3643/3643 3738/3738/3738
