# Original Foam Haven sculpt. Generated by build_sculpted_assets.py
v -0.559374 -0.070263 -0.297409
v -0.559985 -0.046537 -0.312253
v -0.560511 -0.017500 -0.320501
v -0.573991 -0.017187 -0.275239
v -0.593579 -0.105236 -0.022593
v -0.595495 -0.073504 -0.132029
v -0.598538 -0.083388 -0.069691
v -0.601714 -0.080683 -0.000803
v -0.595829 -0.047117 -0.167645
v -0.601666 -0.048197 -0.121267
v -0.605345 -0.050543 -0.074664
v -0.608229 -0.050070 -0.000523
v -0.593221 -0.009755 -0.206923
v -0.603752 -0.016155 -0.131947
v -0.609283 -0.017800 -0.071402
v -0.611958 -0.016859 -0.001940
v -0.555910 -0.177940 0.000617
v -0.564276 -0.144176 -0.148323
v -0.569955 -0.148967 -0.072836
v -0.565556 -0.162556 -0.001883
v -0.562275 -0.110172 -0.238896
v -0.569564 -0.121756 -0.180821
v -0.578479 -0.122202 -0.122431
v -0.583488 -0.122584 -0.072701
v -0.583327 -0.129019 -0.000585
v -0.566437 -0.086978 -0.255719
v -0.587631 -0.081918 -0.165141
v -0.590311 -0.100908 -0.101424
v -0.574990 -0.052580 -0.254492
v -0.590225 -0.055874 -0.188189
v -0.591046 -0.017656 -0.212277
v -0.388508 -0.280904 -0.302704
v -0.366342 -0.278599 -0.352934
v -0.354242 -0.306280 -0.283628
v -0.318995 -0.317584 -0.307399
v -0.310185 -0.286486 -0.414342
v -0.330406 -0.298949 -0.351369
v -0.298384 -0.314751 -0.350363
v -0.296984 -0.333972 -0.278698
v -0.289256 -0.282954 -0.447518
v -0.450402 -0.283201 -0.020732
v -0.414899 -0.280976 -0.239966
v -0.425420 -0.286022 -0.175463
v -0.421853 -0.295475 -0.124497
v -0.446163 -0.283601 -0.074088
v -0.385806 -0.316949 -0.128139
v -0.378345 -0.326143 -0.067144
v -0.404506 -0.313114 -0.016757
v -0.391232 -0.298750 -0.225122
v -0.399845 -0.302461 -0.175320
v -0.413157 -0.305409 -0.073869
v -0.344026 -0.321022 -0.242479
v -0.373639 -0.317207 -0.177205
v -0.351592 -0.335650 -0.119399
v -0.375884 -0.329503 0.003560
v -0.311122 -0.352135 -0.136100
v -0.319938 -0.353600 -0.070261
v -0.312161 -0.358672 -0.018408
v -0.330430 -0.338983 -0.173291
v -0.342860 -0.343667 -0.070905
v -0.346581 -0.344203 0.000160
v -0.276542 -0.354455 -0.214857
v -0.279232 -0.365393 -0.119510
v -0.280118 -0.368794 -0.069587
v -0.304338 -0.345604 -0.204440
v -0.419567 -0.074752 -0.561296
v -0.425160 -0.049258 -0.563770
v -0.424487 -0.016472 -0.571125
v -0.383176 -0.148336 -0.552726
v -0.377951 -0.120892 -0.581530
v -0.387534 -0.075584 -0.597639
v -0.410255 -0.090039 -0.564812
v -0.391332 -0.049467 -0.602749
v -0.389680 -0.017816 -0.610561
v -0.359331 -0.177221 -0.548729
v -0.349413 -0.141071 -0.594785
v -0.366640 -0.154929 -0.564858
v -0.342188 -0.120074 -0.617841
v -0.352737 -0.075522 -0.632704
v -0.378990 -0.091957 -0.599000
v -0.356266 -0.049709 -0.638152
v -0.360252 -0.016947 -0.640251
v -0.325318 -0.177590 -0.582411
v -0.305372 -0.143115 -0.632761
v -0.332428 -0.154487 -0.599227
v -0.303333 -0.121202 -0.650494
v -0.316408 -0.074638 -0.664599
v -0.342441 -0.091177 -0.635117
v -0.313813 -0.052434 -0.674144
v -0.327618 -0.017358 -0.668985
v -0.282491 -0.211879 -0.578384
v -0.291490 -0.172257 -0.617147
v -0.303400 -0.206145 -0.568258
v -0.285695 -0.109987 -0.670344
v -0.301679 -0.092266 -0.668378
v -0.281328 -0.040635 -0.701025
v -0.283435 -0.016245 -0.703046
v -0.520535 -0.145079 -0.318044
v -0.522662 -0.103823 -0.366113
v -0.530796 -0.120634 -0.325274
v -0.524496 -0.081144 -0.382417
v -0.551614 -0.084966 -0.306913
v -0.530322 -0.053100 -0.385928
v -0.521944 -0.010564 -0.418475
v -0.524678 -0.017048 -0.411795
v -0.489693 -0.176160 -0.341556
v -0.503161 -0.188830 -0.278657
v -0.491583 -0.151483 -0.377581
v -0.487570 -0.104613 -0.438908
v -0.484353 -0.121846 -0.428997
v -0.515536 -0.124213 -0.360086
v -0.488976 -0.081352 -0.454090
v -0.492464 -0.051693 -0.462641
v -0.512984 -0.050410 -0.423898
v -0.495692 -0.017966 -0.465435
v -0.451551 -0.213748 -0.352374
v -0.469106 -0.225491 -0.278984
v -0.466824 -0.186881 -0.373424
v -0.480924 -0.202566 -0.308146
v -0.457924 -0.145235 -0.450240
v -0.474850 -0.161448 -0.398157
v -0.453776 -0.115810 -0.486519
v -0.461048 -0.084506 -0.497485
v -0.453082 -0.046287 -0.527645
v -0.455373 -0.055033 -0.521329
v -0.457572 -0.016855 -0.527254
v -0.429246 -0.257894 -0.285538
v -0.420421 -0.211400 -0.415218
v -0.423618 -0.238874 -0.351294
v -0.447978 -0.240153 -0.292058
v -0.425317 -0.188175 -0.446289
v -0.447756 -0.195575 -0.395266
v -0.415302 -0.146361 -0.513761
v -0.426780 -0.161414 -0.480604
v -0.450569 -0.170587 -0.429949
v -0.416455 -0.116349 -0.539414
v -0.439848 -0.123967 -0.500436
v -0.433556 -0.087094 -0.536365
v -0.383144 -0.254189 -0.388154
v -0.406886 -0.267385 -0.307510
v -0.397985 -0.215710 -0.443356
v -0.388517 -0.235969 -0.419703
v -0.383282 -0.175897 -0.522152
v -0.405244 -0.195447 -0.465866
v -0.353170 -0.247425 -0.446904
v -0.361316 -0.223734 -0.480158
v -0.369520 -0.203897 -0.501135
v -0.325228 -0.248967 -0.478114
v -0.336452 -0.273372 -0.412450
v -0.305726 -0.226265 -0.537717
v -0.335141 -0.229910 -0.501035
v -0.336246 -0.205401 -0.537239
v -0.290045 -0.247151 -0.517804
v -0.298958 -0.271258 -0.462902
v -0.523954 -0.211382 -0.093835
v -0.528377 -0.211357 -0.030998
v -0.525797 -0.176865 -0.233238
v -0.535105 -0.182937 -0.170846
v -0.525644 -0.202185 -0.141005
v -0.541238 -0.192770 -0.072040
v -0.522453 -0.160649 -0.283428
v -0.545490 -0.154378 -0.214057
v -0.550367 -0.164379 -0.157002
v -0.553899 -0.170071 -0.107140
v -0.557356 -0.172827 -0.047519
v -0.555924 -0.110834 -0.262203
v -0.554741 -0.134624 -0.222578
v -0.491392 -0.244657 -0.094746
v -0.491154 -0.249357 -0.030034
v -0.494537 -0.214832 -0.232514
v -0.502288 -0.221404 -0.173841
v -0.494565 -0.235936 -0.140116
v -0.509051 -0.229785 -0.070188
v -0.511975 -0.229906 -0.000148
v -0.513093 -0.198307 -0.217018
v -0.458548 -0.248971 -0.232587
v -0.467264 -0.254476 -0.173001
v -0.475378 -0.257681 -0.105321
v -0.468288 -0.268923 -0.032476
v -0.479523 -0.234304 -0.215751
v -0.441091 -0.267244 -0.215145
v -0.451245 -0.272308 -0.142595
v -0.154110 -0.279316 -0.555619
v -0.123001 -0.282288 -0.562965
v -0.087165 -0.291427 -0.556146
v -0.054115 -0.293596 -0.558947
v -0.018696 -0.283173 -0.581932
v -0.263514 -0.350629 -0.261318
v -0.259487 -0.321999 -0.375917
v -0.259845 -0.339948 -0.312243
v -0.262509 -0.278961 -0.483278
v -0.265418 -0.309344 -0.406614
v -0.225366 -0.349926 -0.318693
v -0.229055 -0.316513 -0.423363
v -0.215943 -0.344724 -0.348606
v -0.229013 -0.291670 -0.483425
v -0.187962 -0.353628 -0.343130
v -0.191128 -0.368380 -0.274489
v -0.193332 -0.315325 -0.455584
v -0.193301 -0.343206 -0.374626
v -0.189829 -0.286330 -0.522149
v -0.134127 -0.354808 -0.378782
v -0.136906 -0.368226 -0.325054
v -0.144366 -0.380254 -0.265772
v -0.154584 -0.314036 -0.482628
v -0.157184 -0.343384 -0.401060
v -0.115138 -0.384156 -0.270825
v -0.123569 -0.316931 -0.490371
v -0.120298 -0.343987 -0.419988
v -0.089372 -0.386007 -0.276586
v -0.087400 -0.349550 -0.417518
v -0.086028 -0.368141 -0.353098
v -0.090784 -0.320211 -0.494312
v -0.053791 -0.389617 -0.271592
v -0.053089 -0.349053 -0.427859
v -0.051161 -0.363977 -0.379145
v -0.051788 -0.378613 -0.322833
v -0.052375 -0.328048 -0.484017
v -0.047294 -0.312250 -0.522327
v -0.017003 -0.388642 -0.284915
v -0.018483 -0.345035 -0.444397
v -0.017881 -0.368535 -0.368636
v -0.011665 -0.313711 -0.523834
v -0.246738 -0.382471 -0.000081
v -0.260267 -0.365612 -0.174086
v -0.211451 -0.385293 -0.129368
v -0.206982 -0.390478 -0.069874
v -0.234705 -0.385801 -0.000145
v -0.227453 -0.364809 -0.244328
v -0.225426 -0.377129 -0.167645
v -0.238310 -0.379610 -0.109746
v -0.242351 -0.382297 -0.047452
v -0.194235 -0.384866 -0.171007
v -0.171238 -0.394376 -0.123433
v -0.194979 -0.394787 0.000000
v -0.179923 -0.380962 -0.221072
v -0.134986 -0.387219 -0.236784
v -0.159509 -0.390979 -0.177297
v -0.155573 -0.400619 -0.071215
v -0.159416 -0.401763 0.000002
v -0.123809 -0.399940 -0.149404
v -0.121697 -0.405887 -0.072178
v -0.122423 -0.407736 0.000003
v -0.087847 -0.396454 -0.212939
v -0.088122 -0.405108 -0.139481
v -0.087647 -0.409987 -0.070629
v -0.085512 -0.412003 0.000000
v -0.053978 -0.399548 -0.210243
v -0.052275 -0.408058 -0.138696
v -0.052615 -0.412775 -0.070644
v -0.050404 -0.414708 0.000000
v -0.018969 -0.401051 -0.210607
v -0.017402 -0.409541 -0.138893
v -0.017549 -0.414286 -0.070574
v -0.016633 -0.416078 -0.001812
v -0.253704 -0.246001 -0.551284
v -0.241433 -0.206561 -0.614877
v -0.264405 -0.229199 -0.568920
v -0.259104 -0.188480 -0.623835
v -0.257369 -0.153518 -0.658688
v -0.245516 -0.107533 -0.697971
v -0.267889 -0.124531 -0.673641
v -0.249860 -0.088567 -0.705068
v -0.273119 -0.056199 -0.702635
v -0.244355 -0.016468 -0.725896
v -0.226676 -0.254511 -0.556642
v -0.218962 -0.212044 -0.622371
v -0.228719 -0.234182 -0.586585
v -0.197485 -0.178238 -0.670937
v -0.224559 -0.189110 -0.645040
v -0.198643 -0.142117 -0.700834
v -0.227927 -0.158202 -0.672892
v -0.225890 -0.123353 -0.699698
v -0.208899 -0.072102 -0.733230
v -0.215152 -0.049830 -0.736504
v -0.215928 -0.016618 -0.740827
v -0.193718 -0.244192 -0.593271
v -0.169843 -0.215781 -0.643018
v -0.181480 -0.199068 -0.657204
v -0.182486 -0.166137 -0.689067
v -0.166451 -0.106876 -0.736228
v -0.189537 -0.118939 -0.719857
v -0.192570 -0.088363 -0.734471
v -0.162771 -0.050711 -0.758159
v -0.179306 -0.016542 -0.756934
v -0.149058 -0.242055 -0.617285
v -0.124888 -0.206747 -0.670533
v -0.127313 -0.175525 -0.701266
v -0.154699 -0.188877 -0.678839
v -0.155538 -0.155190 -0.708590
v -0.145872 -0.132602 -0.728491
v -0.155431 -0.083347 -0.750200
v -0.140276 -0.038629 -0.768949
v -0.134961 -0.016295 -0.773248
v -0.119367 -0.242154 -0.628263
v -0.092600 -0.140317 -0.737895
v -0.120787 -0.154171 -0.720632
v -0.121317 -0.119242 -0.743647
v -0.096169 -0.073502 -0.771262
v -0.122027 -0.087550 -0.759144
v -0.123344 -0.054581 -0.770459
v -0.086888 -0.242045 -0.637016
v -0.086241 -0.268444 -0.596892
v -0.086643 -0.207255 -0.679747
v -0.086104 -0.172360 -0.714244
v -0.086667 -0.120085 -0.751397
v -0.079291 -0.098439 -0.764579
v -0.085627 -0.048850 -0.779082
v -0.086011 -0.016692 -0.783260
v -0.051428 -0.248760 -0.633560
v -0.052382 -0.269301 -0.601994
v -0.052186 -0.227003 -0.662443
v -0.050723 -0.192869 -0.700789
v -0.051805 -0.154337 -0.734239
v -0.023660 -0.103667 -0.768616
v -0.051574 -0.119153 -0.757584
v -0.051204 -0.083470 -0.774263
v -0.051807 -0.050900 -0.783026
v -0.052146 -0.017191 -0.787778
v -0.017350 -0.255940 -0.626222
v -0.017368 -0.208940 -0.686619
v -0.017416 -0.235251 -0.654894
v -0.016560 -0.174450 -0.720630
v -0.018610 -0.134954 -0.750605
v -0.016625 -0.081011 -0.777471
v -0.017230 -0.050814 -0.785513
v -0.017418 -0.017252 -0.790257
v -0.211517 -0.274472 -0.531769
v -0.593719 -0.104892 0.021746
v -0.598845 -0.082221 0.068492
v -0.595913 -0.072790 0.130011
v -0.605363 -0.051166 0.072624
v -0.599775 -0.050312 0.136037
v -0.593981 -0.038530 0.185463
v -0.609453 -0.017437 0.069439
v -0.604802 -0.016563 0.122033
v -0.597436 -0.016943 0.178285
v -0.592727 -0.011341 0.208255
v -0.569840 -0.149482 0.070408
v -0.565098 -0.143212 0.146113
v -0.584796 -0.122356 0.052080
v -0.580170 -0.123707 0.103406
v -0.571459 -0.121859 0.169657
v -0.563196 -0.109449 0.236260
v -0.590876 -0.099937 0.099416
v -0.588360 -0.084929 0.155708
v -0.573895 -0.084561 0.226741
v -0.563638 -0.080631 0.273220
v -0.591045 -0.055983 0.183956
v -0.581852 -0.052343 0.227363
v -0.566677 -0.054487 0.284704
v -0.575443 -0.016882 0.269963
v -0.559835 -0.039331 0.315676
v -0.561506 -0.016308 0.317772
v -0.461985 -0.274396 0.025102
v -0.424625 -0.300720 0.017560
v -0.446785 -0.283247 0.073056
v -0.416972 -0.297396 0.136231
v -0.424760 -0.286668 0.174012
v -0.414708 -0.281195 0.239586
v -0.378221 -0.326233 0.066709
v -0.380869 -0.319980 0.126019
v -0.413040 -0.305507 0.073462
v -0.401958 -0.294943 0.211761
v -0.374298 -0.317014 0.176188
v -0.345644 -0.319863 0.244238
v -0.370756 -0.306183 0.245531
v -0.312129 -0.358608 0.020823
v -0.311221 -0.357164 0.070461
v -0.325081 -0.346632 0.133365
v -0.343110 -0.343591 0.070149
v -0.330571 -0.332729 0.212494
v -0.350431 -0.306208 0.291469
v -0.279233 -0.365392 0.119510
v -0.305907 -0.349593 0.173318
v -0.276089 -0.354900 0.213102
v -0.284420 -0.346422 0.244322
v -0.296983 -0.333972 0.278698
v -0.389471 -0.280510 0.301946
v -0.367761 -0.278110 0.351868
v -0.320281 -0.317189 0.306626
v -0.334875 -0.297420 0.348894
v -0.310008 -0.286452 0.414689
v -0.299787 -0.314339 0.349709
v -0.295349 -0.277088 0.454694
v -0.528884 -0.210818 0.029632
v -0.518688 -0.216253 0.104460
v -0.541653 -0.192350 0.070964
v -0.525238 -0.202774 0.140345
v -0.534680 -0.184060 0.168478
v -0.526802 -0.176130 0.231275
v -0.557650 -0.172459 0.046963
v -0.553908 -0.170384 0.105257
v -0.551752 -0.157679 0.174556
v -0.537946 -0.156468 0.238914
v -0.555333 -0.134197 0.221079
v -0.549597 -0.123227 0.262783
v -0.555435 -0.091011 0.289418
v -0.491510 -0.249071 0.028943
v -0.484373 -0.250507 0.101564
v -0.509273 -0.229663 0.068836
v -0.502112 -0.222062 0.171537
v -0.495464 -0.214110 0.231525
v -0.512826 -0.199261 0.214976
v -0.505583 -0.187591 0.274139
v -0.516101 -0.166657 0.289667
v -0.466909 -0.255082 0.171175
v -0.450085 -0.253741 0.242469
v -0.488126 -0.240006 0.150873
v -0.479176 -0.235126 0.213877
v -0.471756 -0.224200 0.275206
v -0.482923 -0.201761 0.304801
v -0.451007 -0.272695 0.141187
v -0.440811 -0.267854 0.213403
v -0.409770 -0.266208 0.304877
v -0.521105 -0.146621 0.313923
v -0.534393 -0.121933 0.313131
v -0.523648 -0.105142 0.362334
v -0.532717 -0.089633 0.354213
v -0.524786 -0.073726 0.386589
v -0.555164 -0.054544 0.321053
v -0.531873 -0.051759 0.382626
v -0.532973 -0.018117 0.391009
v -0.490992 -0.175659 0.339300
v -0.494837 -0.150062 0.372317
v -0.514486 -0.123127 0.364171
v -0.489165 -0.105696 0.434977
v -0.505207 -0.087322 0.418122
v -0.488364 -0.080224 0.455748
v -0.517383 -0.048082 0.416290
v -0.493304 -0.051015 0.461310
v -0.521258 -0.014921 0.419370
v -0.493519 -0.016449 0.469301
v -0.451646 -0.214295 0.350949
v -0.470537 -0.185004 0.368935
v -0.477666 -0.160400 0.394043
v -0.460021 -0.144782 0.447149
v -0.482379 -0.124585 0.429623
v -0.457119 -0.114808 0.482064
v -0.457405 -0.086704 0.502065
v -0.455714 -0.047066 0.523633
v -0.457430 -0.016401 0.527483
v -0.440310 -0.245402 0.296431
v -0.423649 -0.239212 0.350344
v -0.421896 -0.210957 0.413522
v -0.450172 -0.194428 0.392865
v -0.428427 -0.187267 0.442560
v -0.452182 -0.170217 0.427661
v -0.437067 -0.152455 0.475563
v -0.442490 -0.123929 0.496564
v -0.420819 -0.106244 0.541153
v -0.430141 -0.085826 0.541500
v -0.451579 -0.064999 0.522401
v -0.429108 -0.052046 0.558273
v -0.383194 -0.254995 0.386167
v -0.388805 -0.236744 0.417637
v -0.400688 -0.214708 0.441031
v -0.408258 -0.194907 0.462276
v -0.385163 -0.175611 0.520151
v -0.416000 -0.160431 0.497226
v -0.386570 -0.148062 0.548922
v -0.411064 -0.123672 0.540742
v -0.354655 -0.247001 0.445766
v -0.365625 -0.222114 0.477372
v -0.371811 -0.202939 0.499672
v -0.361475 -0.176677 0.546977
v -0.369334 -0.154548 0.562324
v -0.339605 -0.272020 0.411368
v -0.328537 -0.247749 0.476659
v -0.338434 -0.229507 0.497957
v -0.338378 -0.204756 0.535887
v -0.292282 -0.246325 0.517139
v -0.308155 -0.226093 0.535644
v -0.305286 -0.205569 0.567334
v -0.415889 -0.082190 0.562300
v -0.427790 -0.016855 0.566743
v -0.387534 -0.075584 0.597639
v -0.392643 -0.050289 0.601138
v -0.400480 -0.017499 0.598830
v -0.373416 -0.120823 0.586392
v -0.379689 -0.092092 0.598129
v -0.352737 -0.075522 0.632704
v -0.357515 -0.049851 0.636972
v -0.365033 -0.017236 0.635760
v -0.326943 -0.176861 0.581682
v -0.340942 -0.150806 0.594772
v -0.307552 -0.143431 0.630759
v -0.335334 -0.120361 0.623960
v -0.343722 -0.091522 0.633715
v -0.316408 -0.074638 0.664599
v -0.319162 -0.049341 0.670409
v -0.328484 -0.016923 0.668410
v -0.298227 -0.173722 0.610194
v -0.295621 -0.115393 0.660064
v -0.309127 -0.098997 0.658988
v -0.288396 -0.086869 0.680651
v -0.283146 -0.046226 0.698624
v -0.283098 -0.015203 0.703466
v -0.260266 -0.365612 0.174084
v -0.242092 -0.355679 0.270281
v -0.206122 -0.390735 0.068297
v -0.217068 -0.383316 0.136195
v -0.249362 -0.379638 0.062186
v -0.237817 -0.379910 0.108044
v -0.229085 -0.369613 0.212429
v -0.171234 -0.394377 0.123434
v -0.195410 -0.384715 0.170033
v -0.192490 -0.373596 0.246338
v -0.155574 -0.400619 0.071218
v -0.160830 -0.390917 0.175865
v -0.161503 -0.384634 0.222630
v -0.142410 -0.382902 0.254253
v -0.121697 -0.405887 0.072180
v -0.123810 -0.399940 0.149403
v -0.122329 -0.387907 0.243974
v -0.087647 -0.409987 0.070630
v -0.088122 -0.405108 0.139480
v -0.087846 -0.396454 0.212939
v -0.088898 -0.385804 0.278079
v -0.052614 -0.412775 0.070644
v -0.052277 -0.408058 0.138698
v -0.053979 -0.399548 0.210245
v -0.053575 -0.389352 0.273142
v -0.017517 -0.414424 0.067467
v -0.017480 -0.409812 0.135852
v -0.018117 -0.401264 0.209340
v -0.018000 -0.391008 0.272022
v -0.261778 -0.339434 0.311479
v -0.268125 -0.316416 0.383554
v -0.265121 -0.288615 0.459081
v -0.226602 -0.349709 0.318099
v -0.230417 -0.316232 0.422880
v -0.237315 -0.286236 0.489026
v -0.195590 -0.356969 0.322070
v -0.164625 -0.350522 0.373717
v -0.204224 -0.343585 0.364384
v -0.194633 -0.315004 0.455464
v -0.195153 -0.280329 0.531189
v -0.158507 -0.366165 0.316528
v -0.122643 -0.348692 0.405441
v -0.159930 -0.322029 0.459405
v -0.159862 -0.308466 0.492139
v -0.154994 -0.279036 0.555823
v -0.114860 -0.382457 0.278728
v -0.122348 -0.364827 0.347845
v -0.127421 -0.317154 0.488202
v -0.119908 -0.297409 0.533761
v -0.086028 -0.368139 0.353104
v -0.089175 -0.349190 0.418052
v -0.059899 -0.350917 0.420980
v -0.088450 -0.324372 0.484555
v -0.087281 -0.303368 0.532108
v -0.050717 -0.378093 0.325220
v -0.051161 -0.363977 0.379144
v -0.052013 -0.336570 0.462237
v -0.049132 -0.314857 0.516265
v -0.054288 -0.293342 0.559420
v -0.016477 -0.379263 0.326608
v -0.018055 -0.359218 0.401024
v -0.017725 -0.339301 0.459624
v -0.012057 -0.313556 0.524152
v -0.130088 -0.281565 0.561443
v -0.086408 -0.286090 0.566222
v -0.017905 -0.283715 0.581054
v -0.266395 -0.272233 0.492945
v -0.258846 -0.250793 0.538715
v -0.272187 -0.226248 0.567183
v -0.227715 -0.267967 0.532091
v -0.234345 -0.243668 0.569278
v -0.228856 -0.211243 0.617627
v -0.270740 -0.199104 0.603393
v -0.270128 -0.175467 0.629611
v -0.264879 -0.158507 0.649072
v -0.244101 -0.138972 0.678351
v -0.271133 -0.124808 0.671277
v -0.238950 -0.114077 0.698179
v -0.251764 -0.084003 0.705480
v -0.273414 -0.055234 0.702838
v -0.258165 -0.018924 0.719007
v -0.231519 -0.193593 0.636383
v -0.199455 -0.179201 0.669046
v -0.231375 -0.159275 0.669970
v -0.200348 -0.142627 0.699681
v -0.211623 -0.078008 0.729894
v -0.213131 -0.047996 0.738752
v -0.217127 -0.016533 0.744328
v -0.194266 -0.243653 0.593843
v -0.165300 -0.250048 0.598369
v -0.186222 -0.205617 0.647728
v -0.184411 -0.167164 0.687290
v -0.189532 -0.118938 0.719866
v -0.168357 -0.107367 0.735350
v -0.196150 -0.087524 0.733412
v -0.172747 -0.028930 0.764297
v -0.190266 -0.016875 0.759636
v -0.175821 -0.004296 0.773363
v -0.159161 -0.226372 0.634118
v -0.125388 -0.207638 0.669455
v -0.154699 -0.188877 0.678839
v -0.128291 -0.176185 0.700416
v -0.155538 -0.155190 0.708591
v -0.147814 -0.133302 0.727366
v -0.155587 -0.083835 0.750517
v -0.150275 -0.039313 0.770453
v -0.153673 -0.015120 0.780591
v -0.122005 -0.257927 0.603312
v -0.093680 -0.245650 0.630463
v -0.124413 -0.236965 0.633436
v -0.120787 -0.154171 0.720632
v -0.093998 -0.141135 0.737094
v -0.121322 -0.119262 0.743687
v -0.117639 -0.078546 0.765264
v -0.124181 -0.050363 0.775696
v -0.120842 -0.018695 0.794062
v -0.120548 -0.002979 0.806918
v -0.085908 -0.267795 0.598001
v -0.086203 -0.220724 0.664248
v -0.086422 -0.198773 0.688604
v -0.086595 -0.172746 0.713840
v -0.088140 -0.104712 0.760044
v -0.086250 -0.052681 0.785404
v -0.087129 -0.028098 0.799782
v -0.084491 -0.009363 0.816482
v -0.052017 -0.268740 0.602934
v -0.051428 -0.248760 0.633560
v -0.052652 -0.225785 0.663877
v -0.051194 -0.192197 0.701410
v -0.054012 -0.152849 0.735126
v -0.053770 -0.105518 0.765678
v -0.053185 -0.055652 0.790716
v -0.056021 -0.032712 0.805017
v -0.052615 -0.012778 0.823249
v -0.016942 -0.255135 0.627490
v -0.019136 -0.227104 0.665340
v -0.016264 -0.194084 0.702284
v -0.017390 -0.166402 0.727193
v -0.016654 -0.137484 0.749053
v -0.018799 -0.101527 0.770628
v -0.018530 -0.052484 0.796541
v -0.015590 -0.038364 0.806888
v -0.018044 -0.022054 0.819723
v -0.017441 0.006057 0.852174
v -0.560788 0.017452 -0.319792
v -0.574382 0.017264 -0.273781
v -0.559835 0.039331 -0.315676
v -0.566197 0.053683 -0.287575
v -0.593296 0.010378 -0.206160
v -0.603695 0.016750 -0.131927
v -0.609368 0.017042 -0.071373
v -0.611960 0.016849 0.001681
v -0.595922 0.047551 -0.166757
v -0.601666 0.048197 -0.121267
v -0.605345 0.050543 -0.074666
v -0.608229 0.050071 -0.000521
v -0.595471 0.073532 -0.132198
v -0.598469 0.083544 -0.070367
v -0.601714 0.080683 -0.000800
v -0.593521 0.105465 -0.021938
v -0.588452 0.047217 -0.204738
v -0.591801 0.064234 -0.169447
v -0.566187 0.087025 -0.256724
v -0.587089 0.082464 -0.166944
v -0.590131 0.101111 -0.102388
v -0.562238 0.110160 -0.239085
v -0.569334 0.121867 -0.181882
v -0.578479 0.122202 -0.122431
v -0.583419 0.122667 -0.073055
v -0.583377 0.128927 -0.000567
v -0.564159 0.144268 -0.148794
v -0.569882 0.148966 -0.073908
v -0.565328 0.162990 -0.001706
v -0.555910 0.177941 0.000618
v -0.427725 0.016162 -0.566909
v -0.425592 0.051989 -0.562496
v -0.419567 0.074752 -0.561296
v -0.399027 0.016778 -0.600546
v -0.391332 0.049467 -0.602749
v -0.387534 0.075584 -0.597639
v -0.409213 0.090147 -0.565996
v -0.377951 0.120893 -0.581529
v -0.381727 0.151502 -0.551500
v -0.362465 0.017137 -0.638222
v -0.356266 0.049709 -0.638152
v -0.352737 0.075522 -0.632704
v -0.378097 0.091991 -0.599938
v -0.342188 0.120074 -0.617841
v -0.350407 0.151014 -0.585426
v -0.358613 0.177206 -0.549501
v -0.328376 0.016791 -0.668446
v -0.318510 0.050081 -0.670798
v -0.316408 0.074638 -0.664599
v -0.341977 0.091249 -0.635499
v -0.302995 0.121124 -0.650820
v -0.315707 0.144714 -0.622829
v -0.324822 0.177442 -0.583014
v -0.283068 0.016469 -0.703276
v -0.282057 0.046945 -0.699215
v -0.301230 0.092597 -0.668510
v -0.285695 0.109987 -0.670344
v -0.288487 0.167592 -0.623957
v -0.296324 0.192856 -0.590635
v -0.522509 0.011134 -0.417293
v -0.528696 0.017394 -0.401948
v -0.528637 0.049139 -0.391357
v -0.546234 0.050744 -0.345941
v -0.559131 0.068967 -0.299263
v -0.526269 0.080476 -0.378664
v -0.550636 0.085319 -0.309259
v -0.530284 0.120797 -0.326569
v -0.525217 0.142825 -0.307921
v -0.495170 0.017706 -0.466399
v -0.516747 0.046917 -0.418233
v -0.492464 0.051693 -0.462640
v -0.490499 0.073620 -0.455768
v -0.498630 0.086434 -0.431864
v -0.522354 0.102456 -0.368225
v -0.505391 0.121303 -0.386196
v -0.516048 0.142440 -0.333955
v -0.491883 0.151571 -0.376831
v -0.489846 0.176346 -0.340864
v -0.502916 0.188892 -0.279176
v -0.457497 0.016981 -0.527342
v -0.456100 0.047699 -0.522901
v -0.463246 0.087690 -0.492117
v -0.487141 0.103828 -0.440397
v -0.454242 0.115837 -0.485764
v -0.479256 0.125056 -0.434859
v -0.457821 0.145109 -0.450554
v -0.474224 0.161794 -0.398863
v -0.466528 0.187092 -0.373688
v -0.480703 0.202550 -0.308792
v -0.451416 0.213550 -0.353086
v -0.468330 0.225857 -0.280145
v -0.451579 0.064999 -0.522401
v -0.431970 0.087354 -0.538431
v -0.416428 0.116176 -0.539559
v -0.439129 0.124190 -0.501268
v -0.426409 0.161376 -0.481188
v -0.450360 0.170653 -0.430207
v -0.425506 0.188335 -0.445786
v -0.447399 0.195848 -0.395405
v -0.420455 0.211379 -0.415198
v -0.423110 0.238922 -0.352170
v -0.436266 0.247422 -0.300335
v -0.414657 0.146318 -0.514687
v -0.383237 0.175709 -0.522432
v -0.404497 0.195766 -0.466430
v -0.397414 0.215854 -0.443951
v -0.388647 0.235676 -0.420074
v -0.384815 0.252833 -0.388550
v -0.384583 0.265966 -0.356006
v -0.368795 0.203922 -0.502010
v -0.361112 0.223545 -0.480816
v -0.352598 0.247505 -0.447924
v -0.336092 0.205377 -0.537470
v -0.327620 0.223586 -0.519796
v -0.339635 0.241199 -0.476405
v -0.316061 0.280247 -0.428877
v -0.324218 0.286162 -0.402679
v -0.308812 0.209316 -0.559099
v -0.276084 0.241936 -0.544924
v -0.296036 0.251561 -0.509744
v -0.299870 0.269819 -0.473738
v -0.555121 0.110718 -0.265033
v -0.554456 0.134790 -0.223371
v -0.522406 0.160472 -0.283974
v -0.545385 0.154450 -0.214302
v -0.550367 0.164379 -0.157002
v -0.553457 0.170615 -0.107582
v -0.557145 0.173044 -0.048422
v -0.525690 0.177041 -0.233211
v -0.535015 0.182936 -0.171296
v -0.525599 0.202318 -0.140566
v -0.541238 0.192770 -0.072042
v -0.523831 0.211543 -0.093790
v -0.528181 0.211584 -0.031314
v -0.513325 0.198080 -0.216877
v -0.494444 0.214939 -0.232522
v -0.502014 0.221411 -0.175120
v -0.494477 0.235951 -0.140489
v -0.508748 0.229996 -0.071342
v -0.512023 0.229869 -0.000141
v -0.486571 0.248048 -0.105683
v -0.491609 0.249018 -0.028797
v -0.479306 0.234378 -0.216265
v -0.458465 0.249114 -0.232354
v -0.467448 0.254300 -0.173025
v -0.468366 0.266570 -0.072328
v -0.473695 0.265151 -0.000445
v -0.421844 0.266027 -0.277317
v -0.441653 0.266900 -0.214807
v -0.451219 0.272421 -0.141893
v -0.445666 0.283928 -0.074365
v -0.280163 0.559099 -0.618325
v -0.288636 0.551799 -0.575416
v -0.385172 0.283761 -0.300369
v -0.330636 0.296464 -0.363713
v -0.320518 0.314665 -0.322327
v -0.312193 0.326530 -0.291543
v -0.298164 0.291329 -0.435096
v -0.299542 0.304265 -0.402707
v -0.309183 0.308762 -0.367987
v -0.287894 0.320557 -0.390799
v -0.291969 0.323644 -0.365426
v -0.299292 0.325698 -0.332088
v -0.299794 0.332205 -0.297265
v -0.279317 0.525172 -0.536477
v -0.282557 0.525684 -0.504275
v -0.285035 0.529507 -0.474394
v -0.280788 0.524387 -0.442420
v -0.289443 0.543512 -0.438824
v -0.287564 0.552800 -0.405937
v -0.285071 0.568549 -0.372779
v -0.454591 0.280007 -0.021926
v -0.415369 0.280699 -0.239747
v -0.425026 0.286084 -0.176779
v -0.421901 0.295462 -0.124400
v -0.435723 0.293610 0.000001
v -0.391159 0.298742 -0.225233
v -0.399419 0.302609 -0.176108
v -0.413175 0.305444 -0.073189
v -0.403248 0.314128 -0.000214
v -0.385501 0.317105 -0.128379
v -0.378411 0.326078 -0.067898
v -0.359866 0.306165 -0.271548
v -0.372077 0.317623 -0.179857
v -0.352982 0.317450 -0.237521
v -0.350299 0.336108 -0.120851
v -0.370048 0.332548 0.000001
v -0.335187 0.331389 -0.207524
v -0.323686 0.343388 -0.163672
v -0.342845 0.343668 -0.070995
v -0.346583 0.344203 0.000161
v -0.312304 0.352724 -0.125464
v -0.311950 0.356798 -0.072389
v -0.315736 0.357497 -0.004726
v -0.286784 0.345472 -0.259491
v -0.282182 0.354571 -0.210193
v -0.345307 0.665505 -0.568211
v -0.345503 0.694678 -0.595779
v -0.348000 0.684054 -0.577650
v -0.349219 0.722134 -0.595804
v -0.354413 0.720237 -0.570774
v -0.350480 0.752749 -0.597277
v -0.356119 0.752749 -0.571415
v -0.350047 0.783715 -0.596795
v -0.355352 0.785711 -0.571683
v -0.347247 0.812662 -0.596611
v -0.349906 0.823238 -0.580080
v -0.313493 0.590348 -0.574582
v -0.316360 0.625852 -0.621319
v -0.318555 0.604238 -0.582970
v -0.308460 0.658204 -0.665991
v -0.318408 0.653494 -0.641181
v -0.329419 0.652439 -0.609642
v -0.315940 0.687558 -0.666204
v -0.326729 0.685674 -0.641485
v -0.319126 0.718850 -0.669696
v -0.334829 0.719145 -0.635803
v -0.320667 0.752697 -0.671159
v -0.337607 0.752638 -0.634907
v -0.320033 0.786787 -0.670553
v -0.335795 0.786426 -0.636589
v -0.317650 0.818748 -0.667806
v -0.328543 0.820879 -0.643012
v -0.280550 0.585824 -0.654192
v -0.306119 0.596333 -0.610228
v -0.281083 0.642474 -0.700174
v -0.277404 0.613667 -0.685620
v -0.306206 0.627142 -0.646456
v -0.295011 0.684788 -0.699740
v -0.279209 0.721538 -0.731380
v -0.305413 0.718244 -0.692978
v -0.276287 0.753763 -0.738096
v -0.301835 0.753053 -0.702987
v -0.276137 0.783490 -0.737253
v -0.281749 0.791783 -0.729439
v -0.306355 0.787786 -0.693861
v -0.294749 0.823549 -0.703932
v -0.349113 0.664152 -0.537986
v -0.350393 0.662780 -0.507299
v -0.349728 0.664625 -0.465057
v -0.354368 0.689249 -0.539788
v -0.356028 0.688651 -0.507265
v -0.355237 0.688450 -0.474271
v -0.351750 0.687447 -0.441684
v -0.351016 0.708771 -0.416843
v -0.358400 0.719555 -0.540457
v -0.360189 0.719169 -0.507275
v -0.359348 0.719126 -0.473424
v -0.356036 0.719293 -0.440953
v -0.360256 0.752695 -0.540855
v -0.362147 0.752647 -0.507259
v -0.361238 0.752588 -0.472785
v -0.357609 0.752447 -0.438882
v -0.351699 0.751979 -0.405667
v -0.347026 0.769829 -0.386565
v -0.359484 0.786330 -0.540924
v -0.361366 0.786593 -0.507286
v -0.360505 0.786415 -0.472915
v -0.356985 0.785990 -0.439338
v -0.351058 0.786443 -0.406533
v -0.356284 0.818040 -0.540673
v -0.358073 0.818542 -0.507285
v -0.357380 0.818094 -0.473628
v -0.354452 0.816880 -0.442112
v -0.349711 0.816858 -0.415263
v -0.316652 0.586052 -0.543375
v -0.316963 0.582108 -0.508490
v -0.317147 0.583973 -0.474577
v -0.315905 0.588707 -0.442774
v -0.312783 0.594561 -0.413537
v -0.336897 0.629915 -0.540421
v -0.338363 0.627503 -0.506909
v -0.337197 0.627180 -0.473963
v -0.328388 0.617072 -0.439330
v -0.320876 0.616771 -0.405714
v -0.319469 0.636579 -0.376055
v -0.345113 0.660592 -0.440387
v -0.332028 0.648836 -0.403565
v -0.318916 0.673921 -0.346355
v -0.341378 0.682760 -0.401356
v -0.330487 0.683415 -0.369540
v -0.346218 0.722952 -0.392361
v -0.329063 0.713018 -0.352109
v -0.310759 0.721823 -0.312948
v -0.339582 0.751735 -0.368906
v -0.317051 0.752606 -0.320119
v -0.343801 0.815076 -0.392552
v -0.338633 0.787778 -0.369382
v -0.323280 0.788540 -0.335710
v -0.312068 0.784765 -0.313122
v -0.327810 0.825775 -0.356600
v -0.291106 0.609331 -0.340772
v -0.308515 0.609550 -0.377052
v -0.275543 0.619938 -0.306025
v -0.309392 0.645857 -0.344840
v -0.286024 0.651531 -0.302130
v -0.310616 0.690243 -0.322437
v -0.295083 0.683999 -0.300552
v -0.292843 0.753681 -0.283827
v -0.310845 0.816510 -0.318369
v -0.296672 0.822857 -0.298594
v -0.275735 0.662729 -0.282001
v -0.276887 0.684919 -0.274907
v -0.285177 0.718772 -0.277498
v -0.279539 0.788805 -0.268339
v -0.278151 0.822468 -0.272842
v -0.348002 0.842114 -0.569610
v -0.310803 0.849526 -0.668164
v -0.320912 0.854479 -0.643226
v -0.331977 0.856417 -0.611124
v -0.318736 0.887398 -0.621823
v -0.330163 0.890544 -0.576319
v -0.317799 0.914786 -0.587297
v -0.282597 0.864801 -0.704865
v -0.306761 0.881755 -0.654348
v -0.281493 0.894746 -0.688378
v -0.308219 0.914749 -0.616941
v -0.275182 0.919842 -0.677988
v -0.283084 0.930935 -0.653731
v -0.308009 0.940996 -0.570275
v -0.284991 0.950446 -0.623579
v -0.284075 0.971567 -0.585097
v -0.278216 0.982831 -0.574816
v -0.351680 0.844615 -0.538857
v -0.352968 0.846253 -0.506944
v -0.352329 0.845523 -0.473825
v -0.349966 0.842597 -0.443350
v -0.345685 0.840969 -0.417983
v -0.339116 0.883466 -0.541326
v -0.345845 0.870892 -0.507278
v -0.345125 0.870120 -0.472964
v -0.336536 0.882688 -0.439342
v -0.327400 0.854245 -0.373332
v -0.314374 0.865439 -0.348912
v -0.331414 0.908579 -0.506157
v -0.328047 0.913562 -0.470596
v -0.327198 0.886957 -0.405784
v -0.317637 0.885766 -0.374175
v -0.321348 0.924894 -0.541757
v -0.321178 0.918431 -0.437425
v -0.314964 0.909961 -0.394640
v -0.311523 0.945063 -0.538010
v -0.312438 0.947414 -0.506138
v -0.311439 0.947511 -0.476260
v -0.304229 0.856302 -0.325104
v -0.287995 0.856413 -0.298990
v -0.305412 0.890153 -0.349723
v -0.280162 0.897978 -0.311890
v -0.310950 0.941049 -0.443679
v -0.304154 0.934820 -0.403816
v -0.298868 0.923125 -0.371336
v -0.277126 0.929359 -0.334707
v -0.296396 0.961177 -0.437448
v -0.279958 0.973979 -0.407494
v -0.280784 0.946864 -0.361904
v -0.285158 0.982229 -0.539507
v -0.286247 0.983765 -0.506739
v -0.278904 0.991623 -0.471591
v -0.276181 0.988900 -0.438571
v -0.277814 0.844583 -0.279552
v -0.246316 0.016262 -0.724838
v -0.274173 0.056072 -0.701979
v -0.257018 0.086131 -0.701656
v -0.247213 0.114312 -0.693277
v -0.286397 0.139311 -0.650175
v -0.257828 0.153318 -0.658576
v -0.234597 0.213082 -0.615409
v -0.262400 0.227306 -0.576792
v -0.215928 0.016618 -0.740827
v -0.215152 0.049830 -0.736505
v -0.208844 0.078454 -0.731068
v -0.199425 0.119083 -0.715637
v -0.217583 0.136723 -0.695197
v -0.223704 0.154103 -0.678369
v -0.238236 0.171765 -0.654446
v -0.200636 0.174867 -0.672619
v -0.224404 0.225595 -0.609766
v -0.240913 0.242485 -0.580262
v -0.214899 0.250253 -0.597068
v -0.228106 0.263311 -0.575269
v -0.181313 0.016591 -0.756123
v -0.158688 0.050349 -0.759866
v -0.191948 0.088806 -0.734494
v -0.165993 0.106825 -0.736416
v -0.187455 0.144589 -0.703856
v -0.181458 0.165216 -0.690446
v -0.191681 0.217236 -0.638290
v -0.194816 0.237377 -0.621170
v -0.195435 0.266029 -0.606721
v -0.142438 0.014534 -0.770953
v -0.140276 0.038629 -0.768949
v -0.155431 0.083347 -0.750200
v -0.145293 0.132622 -0.728698
v -0.153220 0.159546 -0.706243
v -0.162307 0.196827 -0.670929
v -0.123244 0.217888 -0.670556
v -0.158936 0.231774 -0.646763
v -0.150418 0.263603 -0.641747
v -0.171557 0.265967 -0.625575
v -0.097900 0.016777 -0.781291
v -0.117955 0.048389 -0.772887
v -0.133076 0.063003 -0.765062
v -0.095482 0.073251 -0.771457
v -0.122027 0.087551 -0.759144
v -0.100782 0.120979 -0.748138
v -0.117659 0.143850 -0.729628
v -0.114087 0.202516 -0.684489
v -0.125503 0.238208 -0.659187
v -0.124965 0.264594 -0.654674
v -0.085627 0.048850 -0.779082
v -0.078447 0.098385 -0.764767
v -0.088050 0.145031 -0.735592
v -0.088235 0.202973 -0.691867
v -0.088255 0.231692 -0.676640
v -0.104469 0.243364 -0.665550
v -0.081859 0.263662 -0.673163
v -0.052146 0.017191 -0.787778
v -0.051807 0.050900 -0.783026
v -0.051204 0.083471 -0.774263
v -0.023640 0.103374 -0.768730
v -0.051574 0.119178 -0.757590
v -0.054002 0.147662 -0.739005
v -0.052139 0.185895 -0.710779
v -0.052148 0.207594 -0.696278
v -0.051990 0.233313 -0.685072
v -0.050552 0.263712 -0.681400
v -0.017418 0.017252 -0.790257
v -0.017230 0.050814 -0.785513
v -0.016625 0.081011 -0.777471
v -0.018349 0.132589 -0.752204
v -0.016761 0.187792 -0.712565
v -0.017414 0.209075 -0.698799
v -0.017307 0.234041 -0.688891
v -0.017042 0.263602 -0.685589
v -0.263397 0.255618 -0.540755
v -0.268624 0.274518 -0.512179
v -0.286691 0.286672 -0.466153
v -0.244834 0.276722 -0.542449
v -0.248707 0.482618 -0.565890
v -0.239082 0.505297 -0.616599
v -0.251329 0.516090 -0.608592
v -0.260757 0.508093 -0.569070
v -0.243686 0.545890 -0.666031
v -0.266137 0.559292 -0.647522
v -0.220838 0.298734 -0.570772
v -0.210823 0.403512 -0.598224
v -0.216157 0.334340 -0.577772
v -0.224850 0.403376 -0.576449
v -0.214813 0.436455 -0.600746
v -0.228962 0.435921 -0.577498
v -0.212167 0.483953 -0.633694
v -0.220109 0.469968 -0.610201
v -0.236425 0.468489 -0.580029
v -0.205753 0.502762 -0.661948
v -0.225061 0.508877 -0.644304
v -0.242662 0.491091 -0.590034
v -0.210945 0.542918 -0.702798
v -0.234287 0.553687 -0.688065
v -0.189855 0.297381 -0.608059
v -0.178194 0.403754 -0.635591
v -0.190747 0.333501 -0.610546
v -0.195801 0.408844 -0.617857
v -0.185612 0.436615 -0.636675
v -0.184783 0.487244 -0.667945
v -0.191577 0.470642 -0.647285
v -0.203378 0.459292 -0.625111
v -0.170039 0.502173 -0.696827
v -0.193562 0.560053 -0.735347
v -0.193191 0.541660 -0.718308
v -0.150681 0.296520 -0.641071
v -0.170335 0.301153 -0.625624
v -0.156757 0.348024 -0.644814
v -0.140366 0.403883 -0.665439
v -0.159357 0.403118 -0.651567
v -0.147357 0.436737 -0.669355
v -0.134222 0.481932 -0.703358
v -0.154503 0.471290 -0.681449
v -0.169581 0.459626 -0.660771
v -0.152105 0.538893 -0.746885
v -0.163855 0.524366 -0.724631
v -0.143234 0.559113 -0.768494
v -0.111461 0.327094 -0.669041
v -0.123186 0.294596 -0.657373
v -0.134353 0.339112 -0.658803
v -0.119503 0.404719 -0.677720
v -0.119625 0.433503 -0.684266
v -0.115486 0.459162 -0.697623
v -0.119845 0.500314 -0.728216
v -0.120724 0.542869 -0.767125
v -0.089688 0.300428 -0.673514
v -0.091781 0.400370 -0.689361
v -0.077468 0.446085 -0.707678
v -0.091994 0.431926 -0.696512
v -0.089748 0.488976 -0.732026
v -0.087518 0.471365 -0.718181
v -0.084035 0.530352 -0.770812
v -0.094164 0.524531 -0.762242
v -0.051357 0.297327 -0.684006
v -0.036087 0.351917 -0.697563
v -0.052933 0.339379 -0.691509
v -0.044080 0.401822 -0.703739
v -0.069710 0.418865 -0.700400
v -0.052596 0.433682 -0.709727
v -0.048949 0.484895 -0.739394
v -0.051945 0.463240 -0.723320
v -0.049325 0.517712 -0.767947
v -0.046737 0.557331 -0.800158
v -0.017058 0.295303 -0.688444
v -0.016018 0.341293 -0.697631
v -0.014748 0.401675 -0.706889
v -0.017231 0.433155 -0.714232
v -0.016813 0.482882 -0.741636
v -0.017346 0.460769 -0.726436
v -0.016138 0.517560 -0.771628
v -0.017302 0.556149 -0.802507
v -0.258728 0.302183 -0.503353
v -0.272703 0.302083 -0.472374
v -0.280639 0.312280 -0.434974
v -0.245571 0.329014 -0.519946
v -0.251957 0.334313 -0.505572
v -0.262676 0.334466 -0.472067
v -0.269592 0.336511 -0.438384
v -0.275506 0.336107 -0.403156
v -0.275852 0.343307 -0.367078
v -0.276748 0.346547 -0.331776
v -0.277653 0.347568 -0.297934
v -0.248182 0.428321 -0.532059
v -0.253083 0.368797 -0.502290
v -0.260089 0.368153 -0.471254
v -0.264653 0.368530 -0.437585
v -0.266426 0.369002 -0.402734
v -0.264363 0.371511 -0.367085
v -0.259239 0.374151 -0.329320
v -0.259100 0.366175 -0.295719
v -0.256583 0.435571 -0.503834
v -0.260515 0.402600 -0.471230
v -0.263668 0.402681 -0.437415
v -0.263434 0.402876 -0.402907
v -0.259677 0.403740 -0.369173
v -0.253225 0.405323 -0.338336
v -0.262006 0.437213 -0.471619
v -0.264351 0.437465 -0.437494
v -0.263080 0.437479 -0.403082
v -0.258366 0.466625 -0.370647
v -0.251278 0.438195 -0.341066
v -0.253665 0.471689 -0.540888
v -0.261183 0.470816 -0.506193
v -0.265363 0.470852 -0.472359
v -0.266833 0.472046 -0.437763
v -0.264357 0.471871 -0.403238
v -0.250845 0.472383 -0.342023
v -0.267532 0.506324 -0.541509
v -0.270370 0.501118 -0.506437
v -0.272452 0.501127 -0.473107
v -0.273458 0.506374 -0.438069
v -0.268642 0.504494 -0.402889
v -0.262037 0.506468 -0.370305
v -0.251649 0.507304 -0.339144
v -0.276217 0.531527 -0.400653
v -0.270362 0.540875 -0.368254
v -0.256156 0.542006 -0.333993
v -0.244447 0.561914 -0.302232
v -0.235475 0.301691 -0.545521
v -0.246267 0.301497 -0.524271
v -0.235848 0.337772 -0.542761
v -0.248441 0.387776 -0.312478
v -0.244536 0.384777 -0.290822
v -0.239133 0.434039 -0.555822
v -0.244512 0.408989 -0.315049
v -0.235605 0.408852 -0.290881
v -0.240761 0.461791 -0.316450
v -0.230556 0.458000 -0.294668
v -0.243010 0.458764 -0.558289
v -0.230818 0.506562 -0.297191
v -0.238288 0.538923 -0.303869
v -0.279194 0.349153 -0.266557
v -0.259305 0.363781 -0.263015
v -0.262988 0.361925 -0.228011
v -0.261090 0.364990 -0.191945
v -0.262331 0.367609 -0.156947
v -0.268479 0.370979 -0.095534
v -0.260560 0.377351 -0.028252
v -0.239491 0.384658 -0.006097
v -0.238853 0.382835 -0.260634
v -0.231905 0.381004 -0.225907
v -0.215501 0.383817 -0.180978
v -0.209714 0.386282 -0.146778
v -0.242780 0.381255 -0.067454
v -0.223152 0.408147 -0.260757
v -0.216965 0.398226 -0.235973
v -0.203516 0.388776 -0.124279
v -0.219187 0.439707 -0.269531
v -0.217248 0.473007 -0.273206
v -0.216856 0.507478 -0.274918
v -0.219537 0.542213 -0.274720
v -0.212493 0.391481 -0.212433
v -0.210196 0.387569 -0.190302
v -0.208213 0.418774 -0.243994
v -0.198338 0.410432 -0.220124
v -0.190078 0.400640 -0.188373
v -0.191420 0.393294 -0.155547
v -0.186401 0.393630 -0.121286
v -0.202184 0.393310 -0.005429
v -0.204729 0.442260 -0.249279
v -0.189814 0.441266 -0.229395
v -0.202299 0.473608 -0.252689
v -0.185810 0.473538 -0.233656
v -0.200940 0.507608 -0.254453
v -0.183227 0.507651 -0.235630
v -0.201526 0.541695 -0.254185
v -0.181792 0.542025 -0.235355
v -0.176949 0.422251 -0.206716
v -0.155354 0.421913 -0.181305
v -0.159438 0.406749 -0.154051
v -0.157108 0.401961 -0.121218
v -0.153165 0.401660 -0.087602
v -0.160694 0.401509 0.003631
v -0.154586 0.444485 -0.196872
v -0.167118 0.473965 -0.216397
v -0.146888 0.473539 -0.200116
v -0.163481 0.507304 -0.218409
v -0.144769 0.517612 -0.206247
v -0.157808 0.541704 -0.217082
v -0.127184 0.420274 -0.151409
v -0.123823 0.410954 -0.120214
v -0.098823 0.411464 -0.086076
v -0.102394 0.410002 -0.052866
v -0.124277 0.407408 0.007097
v -0.131804 0.444495 -0.179780
v -0.112972 0.440904 -0.164146
v -0.122316 0.474082 -0.184057
v -0.107157 0.462007 -0.171781
v -0.122693 0.508225 -0.191001
v -0.141186 0.551209 -0.207416
v -0.124516 0.542650 -0.196492
v -0.100624 0.425607 -0.141007
v -0.088197 0.418762 -0.118721
v -0.086901 0.411775 0.010875
v -0.085704 0.442637 -0.150478
v -0.075066 0.429886 -0.133318
v -0.100122 0.494970 -0.177613
v -0.085561 0.473829 -0.165645
v -0.077824 0.505956 -0.170765
v -0.091771 0.543380 -0.181283
v -0.052172 0.421189 -0.110089
v -0.033470 0.416901 -0.082576
v -0.033441 0.415515 -0.053430
v -0.051531 0.414544 0.011005
v -0.051581 0.449845 -0.145160
v -0.049443 0.432511 -0.129194
v -0.051756 0.476646 -0.157279
v -0.050461 0.508447 -0.164444
v -0.074349 0.550798 -0.176392
v -0.053451 0.543331 -0.169847
v -0.017405 0.422693 -0.106970
v -0.017303 0.415965 0.012344
v -0.017331 0.452505 -0.142065
v -0.016970 0.434324 -0.126574
v -0.017398 0.478037 -0.153282
v -0.017224 0.509157 -0.160594
v -0.017691 0.543419 -0.165372
v -0.137810 0.730598 -0.837100
v -0.137807 0.762530 -0.838544
v -0.106211 0.661019 -0.835121
v -0.109677 0.688086 -0.840570
v -0.117743 0.719492 -0.842837
v -0.116302 0.752976 -0.845420
v -0.118664 0.786747 -0.843762
v -0.107558 0.830866 -0.841624
v -0.082628 0.659867 -0.841059
v -0.083058 0.687083 -0.847227
v -0.085474 0.719016 -0.851275
v -0.085806 0.752797 -0.853335
v -0.085918 0.786969 -0.852377
v -0.083746 0.820532 -0.849137
v -0.026398 0.629104 -0.839879
v -0.051583 0.651205 -0.844111
v -0.051472 0.684280 -0.852055
v -0.052056 0.718038 -0.857192
v -0.052221 0.752573 -0.859469
v -0.052148 0.787204 -0.858580
v -0.051438 0.821066 -0.854805
v -0.016907 0.653114 -0.847763
v -0.017290 0.683987 -0.855103
v -0.017446 0.717765 -0.860415
v -0.017481 0.752513 -0.862775
v -0.017461 0.787328 -0.861865
v -0.017317 0.821410 -0.857865
v -0.242753 0.595697 -0.716346
v -0.259478 0.579248 -0.680736
v -0.245128 0.627940 -0.735104
v -0.258018 0.617077 -0.713615
v -0.255323 0.649754 -0.735670
v -0.243428 0.681852 -0.760162
v -0.273755 0.689074 -0.730161
v -0.246247 0.744722 -0.768743
v -0.260897 0.717072 -0.750687
v -0.244582 0.795909 -0.768571
v -0.245820 0.825569 -0.761718
v -0.273679 0.826104 -0.731214
v -0.223489 0.581559 -0.726047
v -0.209499 0.627698 -0.767563
v -0.224307 0.616441 -0.748647
v -0.219209 0.649022 -0.769584
v -0.210666 0.683281 -0.787337
v -0.239149 0.712181 -0.771361
v -0.214830 0.751896 -0.794170
v -0.214494 0.785321 -0.793554
v -0.214214 0.821959 -0.788277
v -0.178716 0.591341 -0.769294
v -0.192013 0.578083 -0.750686
v -0.193922 0.609175 -0.769648
v -0.177202 0.653634 -0.800879
v -0.178581 0.686647 -0.809246
v -0.181328 0.718762 -0.813165
v -0.204871 0.717703 -0.798006
v -0.174351 0.753332 -0.820026
v -0.182216 0.786826 -0.814244
v -0.180633 0.819683 -0.810916
v -0.158241 0.572138 -0.769672
v -0.151488 0.638185 -0.808859
v -0.146875 0.609322 -0.798188
v -0.167755 0.636928 -0.799619
v -0.137371 0.686923 -0.830075
v -0.141229 0.718044 -0.834286
v -0.142845 0.788460 -0.834999
v -0.138174 0.819911 -0.832340
v -0.114733 0.587564 -0.800602
v -0.119313 0.616176 -0.813009
v -0.089585 0.594046 -0.812315
v -0.078999 0.566379 -0.799149
v -0.079177 0.636759 -0.834418
v -0.051973 0.580484 -0.813015
v -0.052387 0.612134 -0.829013
v -0.016041 0.593283 -0.823793
v -0.270340 0.577525 -0.331866
v -0.252878 0.580550 -0.302707
v -0.267850 0.648338 -0.278806
v -0.242762 0.597112 -0.278857
v -0.247722 0.677059 -0.245136
v -0.268254 0.718384 -0.257362
v -0.244253 0.717929 -0.232867
v -0.261809 0.751939 -0.246943
v -0.244934 0.787308 -0.231465
v -0.245930 0.820470 -0.237552
v -0.226530 0.577289 -0.270765
v -0.236598 0.632338 -0.253162
v -0.229072 0.648865 -0.238556
v -0.225149 0.683301 -0.223680
v -0.205284 0.687194 -0.206980
v -0.213035 0.720540 -0.206699
v -0.224021 0.752535 -0.212485
v -0.213775 0.786556 -0.205954
v -0.211021 0.828324 -0.209997
v -0.205225 0.573540 -0.250751
v -0.184982 0.575518 -0.232505
v -0.197846 0.601580 -0.233183
v -0.206850 0.659486 -0.216533
v -0.170372 0.644798 -0.198198
v -0.179658 0.719492 -0.185442
v -0.183331 0.752978 -0.185006
v -0.181022 0.786787 -0.184665
v -0.182464 0.820368 -0.190271
v -0.159969 0.574709 -0.215586
v -0.161570 0.601139 -0.208969
v -0.143379 0.677294 -0.174553
v -0.166063 0.683687 -0.184731
v -0.146315 0.718548 -0.168991
v -0.139978 0.752583 -0.163796
v -0.137252 0.787638 -0.163697
v -0.144928 0.819179 -0.170781
v -0.142981 0.569700 -0.207353
v -0.125195 0.577494 -0.195429
v -0.125126 0.612468 -0.186649
v -0.117116 0.651572 -0.171492
v -0.117225 0.684551 -0.163481
v -0.118700 0.718319 -0.158473
v -0.108060 0.822530 -0.157974
v -0.091629 0.577081 -0.181405
v -0.103995 0.608387 -0.179814
v -0.083619 0.616450 -0.171368
v -0.088554 0.676971 -0.156664
v -0.070465 0.728239 -0.142724
v -0.074183 0.753557 -0.141980
v -0.073088 0.782191 -0.142531
v -0.079822 0.574474 -0.178273
v -0.053517 0.579589 -0.170434
v -0.051512 0.613973 -0.164929
v -0.053134 0.684794 -0.147207
v -0.026673 0.697093 -0.140892
v -0.055197 0.718110 -0.140945
v -0.046562 0.753802 -0.138133
v -0.057222 0.815057 -0.143454
v -0.044705 0.799493 -0.139424
v -0.017670 0.578416 -0.166111
v -0.017323 0.612439 -0.161599
v -0.016674 0.657377 -0.150465
v -0.015896 0.723324 -0.137487
v -0.016127 0.754025 -0.136174
v -0.016329 0.786740 -0.136953
v -0.012554 0.838509 -0.142763
v -0.015713 0.818350 -0.139618
v -0.083084 0.852735 -0.842884
v -0.078110 0.879738 -0.836010
v -0.050565 0.852394 -0.848682
v -0.048473 0.878294 -0.841663
v -0.017079 0.853029 -0.851468
v -0.016713 0.880197 -0.843702
v -0.257374 0.857672 -0.738771
v -0.251304 0.890243 -0.729579
v -0.245849 0.934134 -0.705194
v -0.242581 0.960629 -0.684289
v -0.266322 0.960619 -0.646358
v -0.272218 0.972414 -0.615197
v -0.244404 0.980202 -0.657227
v -0.245057 1.002793 -0.617610
v -0.245079 1.015786 -0.585510
v -0.224810 0.857828 -0.770067
v -0.212856 0.880282 -0.770490
v -0.215152 0.896136 -0.761188
v -0.235590 0.918714 -0.728357
v -0.212571 0.935905 -0.738279
v -0.212530 0.959979 -0.718611
v -0.218040 0.984453 -0.687174
v -0.216334 1.009541 -0.654387
v -0.220261 1.023777 -0.621321
v -0.213495 1.046150 -0.573167
v -0.181495 0.854708 -0.802232
v -0.192204 0.891251 -0.780656
v -0.182034 0.928573 -0.767640
v -0.180749 0.969414 -0.737406
v -0.186767 0.991429 -0.710233
v -0.199974 1.003960 -0.682201
v -0.176528 1.016613 -0.689613
v -0.192189 1.031840 -0.647247
v -0.202607 1.044414 -0.603637
v -0.178410 1.053919 -0.619986
v -0.182478 1.064819 -0.578340
v -0.155877 0.857468 -0.814685
v -0.167679 0.883593 -0.799740
v -0.142075 0.900259 -0.805669
v -0.155096 0.925014 -0.785755
v -0.151525 0.958540 -0.766023
v -0.153875 0.985247 -0.741392
v -0.146569 1.005244 -0.726297
v -0.152162 1.020329 -0.704411
v -0.146162 1.037797 -0.685538
v -0.156896 1.050222 -0.654619
v -0.142579 1.050275 -0.667754
v -0.140809 1.079511 -0.604496
v -0.142714 1.086710 -0.573020
v -0.110747 0.858645 -0.833541
v -0.121255 0.905780 -0.811618
v -0.111553 0.938259 -0.798302
v -0.120253 0.960862 -0.779514
v -0.117454 0.979152 -0.766950
v -0.121233 0.995254 -0.750209
v -0.115285 1.020112 -0.727870
v -0.112094 1.050237 -0.689977
v -0.119960 1.070898 -0.646287
v -0.114237 1.082044 -0.626753
v -0.116564 1.087837 -0.607088
v -0.116773 1.095908 -0.575007
v -0.086591 0.924779 -0.813331
v -0.081324 0.950694 -0.800503
v -0.083772 0.983866 -0.775135
v -0.083664 1.015249 -0.746289
v -0.084225 1.047017 -0.708019
v -0.085754 1.064997 -0.679431
v -0.077780 1.078582 -0.659544
v -0.087657 1.091146 -0.623495
v -0.085461 1.104793 -0.575939
v -0.049638 0.913185 -0.826993
v -0.049193 0.948351 -0.808408
v -0.051313 0.979154 -0.786734
v -0.050903 1.016536 -0.753707
v -0.051860 1.049416 -0.714712
v -0.052021 1.072601 -0.679619
v -0.025005 1.084216 -0.665551
v -0.051708 1.090479 -0.643632
v -0.051750 1.101840 -0.611239
v -0.051363 1.111759 -0.577155
v -0.017188 0.904028 -0.834317
v -0.015667 0.941648 -0.815813
v -0.017290 0.971153 -0.796523
v -0.017997 1.001304 -0.772541
v -0.016721 1.033836 -0.739448
v -0.017347 1.065064 -0.698098
v -0.016882 1.094503 -0.642075
v -0.016275 1.110234 -0.596471
v -0.269472 0.882746 -0.286856
v -0.258141 0.923175 -0.301378
v -0.269967 0.971874 -0.377221
v -0.258015 0.958540 -0.336860
v -0.248417 0.948281 -0.311692
v -0.255844 1.015103 -0.542079
v -0.260488 1.013492 -0.507836
v -0.259977 0.995786 -0.403581
v -0.241936 0.999616 -0.370158
v -0.243799 1.028625 -0.472922
v -0.248265 1.017671 -0.431832
v -0.226374 0.944534 -0.281908
v -0.242549 0.977550 -0.336944
v -0.226823 0.961537 -0.298491
v -0.234959 1.019736 -0.399333
v -0.224993 0.994382 -0.335665
v -0.216834 1.049433 -0.543174
v -0.222926 1.047380 -0.508268
v -0.214944 1.047614 -0.439401
v -0.215534 1.018063 -0.359655
v -0.213152 1.053367 -0.473483
v -0.209041 1.046389 -0.416762
v -0.209070 0.979195 -0.297236
v -0.194236 1.015187 -0.327012
v -0.191637 0.995413 -0.298417
v -0.194341 1.051305 -0.399281
v -0.181180 1.044850 -0.362810
v -0.179001 1.014766 -0.310923
v -0.177140 1.074798 -0.541099
v -0.182352 1.074369 -0.506656
v -0.179342 1.075068 -0.472997
v -0.178174 1.071147 -0.439549
v -0.179969 1.052773 -0.379599
v -0.158201 1.014260 -0.291946
v -0.151886 1.047354 -0.335355
v -0.143165 1.082396 -0.408626
v -0.156575 1.061108 -0.368642
v -0.145575 1.090423 -0.541373
v -0.147025 1.092054 -0.507332
v -0.146373 1.091420 -0.473077
v -0.144318 1.088609 -0.440822
v -0.125544 1.053031 -0.323522
v -0.115075 1.046784 -0.306656
v -0.126152 1.085938 -0.396707
v -0.113249 1.078591 -0.364048
v -0.118163 1.100905 -0.541593
v -0.120014 1.102626 -0.507072
v -0.119036 1.101908 -0.472314
v -0.118409 1.097872 -0.438296
v -0.110234 1.085787 -0.379938
v -0.078468 1.044377 -0.285427
v -0.079458 1.080962 -0.346738
v -0.085014 1.057099 -0.307347
v -0.070563 1.116341 -0.535143
v -0.072844 1.117640 -0.506868
v -0.073615 1.115983 -0.471037
v -0.087211 1.106925 -0.436874
v -0.086387 1.099416 -0.403730
v -0.084615 1.089937 -0.371763
v -0.052493 1.063689 -0.305937
v -0.044451 1.117552 -0.557501
v -0.046648 1.115363 -0.433777
v -0.052640 1.106359 -0.403800
v -0.051057 1.096679 -0.372966
v -0.048689 1.086842 -0.347386
v -0.017236 1.070819 -0.311330
v -0.010770 1.116528 -0.421444
v -0.017112 1.100116 -0.373268
v -0.016713 1.089067 -0.346010
v -0.260326 0.856781 -0.263966
v -0.245731 0.844530 -0.244180
v -0.250037 0.899694 -0.273986
v -0.237527 0.884208 -0.252461
v -0.225142 0.856474 -0.230069
v -0.214849 0.901131 -0.241088
v -0.225262 0.924611 -0.265474
v -0.195472 0.884332 -0.218034
v -0.189111 0.854564 -0.203013
v -0.180224 0.880775 -0.206803
v -0.198040 0.929268 -0.244563
v -0.191780 0.961760 -0.264541
v -0.179230 0.949319 -0.245037
v -0.179562 0.984368 -0.275725
v -0.145867 0.849544 -0.177651
v -0.167970 0.897314 -0.206548
v -0.155608 0.921594 -0.212172
v -0.162039 0.964544 -0.244979
v -0.154018 0.993735 -0.266349
v -0.130409 0.984068 -0.243186
v -0.130328 1.017390 -0.276805
v -0.127094 0.883328 -0.180820
v -0.119358 0.855234 -0.168965
v -0.097696 0.886834 -0.171868
v -0.130299 0.932276 -0.205861
v -0.118330 0.950324 -0.212000
v -0.122712 1.002885 -0.257200
v -0.086624 0.856619 -0.159980
v -0.099541 0.904114 -0.179885
v -0.081275 0.912015 -0.178028
v -0.078627 0.975279 -0.216063
v -0.085203 0.952867 -0.202629
v -0.090167 1.013786 -0.253567
v -0.086599 0.995477 -0.235489
v -0.059692 1.014903 -0.245656
v -0.052811 0.856774 -0.153036
v -0.051291 0.887533 -0.162744
v -0.051277 0.918842 -0.175446
v -0.052035 0.961909 -0.200956
v -0.047504 0.981694 -0.213721
v -0.046219 1.044926 -0.276495
v -0.017190 0.887241 -0.159307
v -0.016817 0.945918 -0.186911
v -0.016788 0.914509 -0.170411
v -0.016511 1.009430 -0.234445
v -0.014861 0.980652 -0.209604
v -0.016221 1.046505 -0.274333
v -0.014398 1.119105 -0.561390
v -0.069246 1.117882 -0.483768
v -0.047012 1.119712 -0.537310
v -0.046306 1.121274 -0.506226
v -0.048165 1.120374 -0.474337
v -0.027991 1.119915 -0.447161
v -0.015810 1.121926 -0.536339
v 0.000842 1.123559 -0.506644
v -0.016251 1.122389 -0.473773
v -0.609274 0.017499 0.072230
v -0.603895 0.016348 0.130635
v -0.593436 0.009213 0.205705
v -0.605363 0.051166 0.072626
v -0.601666 0.048197 0.121267
v -0.596176 0.045342 0.166988
v -0.598720 0.082477 0.069691
v -0.595825 0.072976 0.130427
v -0.593734 0.104747 0.022814
v -0.590447 0.017932 0.214807
v -0.574604 0.016699 0.273066
v -0.591153 0.056233 0.182998
v -0.581852 0.052343 0.227363
v -0.565582 0.055005 0.288421
v -0.590791 0.099902 0.100394
v -0.588244 0.084947 0.156251
v -0.573895 0.084561 0.226741
v -0.563639 0.080914 0.272989
v -0.584796 0.122356 0.052080
v -0.580170 0.123707 0.103404
v -0.570941 0.122351 0.171440
v -0.563007 0.109671 0.236734
v -0.569748 0.149536 0.071367
v -0.564929 0.143384 0.146659
v -0.561456 0.016199 0.317942
v -0.559835 0.039331 0.315676
v -0.555633 0.091128 0.288590
v -0.555184 0.134155 0.221794
v -0.549421 0.119787 0.269617
v -0.557539 0.172574 0.047412
v -0.553492 0.170911 0.105580
v -0.551917 0.157620 0.173901
v -0.537981 0.156446 0.238829
v -0.541653 0.192350 0.070964
v -0.525198 0.202918 0.139811
v -0.534610 0.184042 0.168890
v -0.526489 0.176471 0.231602
v -0.528639 0.211107 0.029892
v -0.518622 0.216262 0.105001
v -0.516020 0.166507 0.290246
v -0.512999 0.199066 0.214977
v -0.505674 0.187492 0.274041
v -0.508982 0.229850 0.070179
v -0.501917 0.222051 0.172537
v -0.495249 0.214294 0.231718
v -0.491018 0.249446 0.030246
v -0.486150 0.248536 0.104876
v -0.482658 0.201734 0.305596
v -0.487987 0.240152 0.150707
v -0.478929 0.235208 0.214476
v -0.470759 0.224694 0.276661
v -0.470056 0.265134 0.072529
v -0.467155 0.254872 0.171099
v -0.459428 0.248432 0.231711
v -0.448773 0.239623 0.291603
v -0.453820 0.275959 0.097365
v -0.445961 0.271089 0.175937
v -0.425028 0.275906 0.231104
v -0.432199 0.255983 0.284323
v -0.408540 0.266590 0.306372
v -0.529199 0.017944 0.400524
v -0.522393 0.011890 0.417658
v -0.555813 0.054451 0.319222
v -0.531873 0.051759 0.382627
v -0.527523 0.092615 0.365446
v -0.524786 0.073726 0.386589
v -0.527651 0.114981 0.341147
v -0.521307 0.146666 0.313269
v -0.519525 0.045171 0.413398
v -0.493491 0.016118 0.469430
v -0.493304 0.051015 0.461310
v -0.495073 0.090395 0.436603
v -0.490499 0.073620 0.455768
v -0.517570 0.124208 0.355191
v -0.494924 0.116618 0.413085
v -0.494522 0.150392 0.372595
v -0.491003 0.175863 0.338921
v -0.457354 0.016112 0.527645
v -0.456417 0.046904 0.522608
v -0.461011 0.088463 0.495566
v -0.482545 0.124638 0.429228
v -0.457864 0.125159 0.471537
v -0.454181 0.108548 0.491698
v -0.477448 0.160555 0.394241
v -0.459847 0.144781 0.447454
v -0.469720 0.185480 0.369847
v -0.451531 0.214110 0.351599
v -0.451579 0.064999 0.522401
v -0.427913 0.052016 0.559733
v -0.423288 0.091987 0.547410
v -0.431534 0.118088 0.517505
v -0.452115 0.170166 0.427850
v -0.436806 0.152496 0.475909
v -0.450399 0.194566 0.392158
v -0.427855 0.187663 0.442938
v -0.423128 0.239259 0.351262
v -0.421851 0.210981 0.413560
v -0.410963 0.123719 0.540804
v -0.416068 0.160439 0.497119
v -0.384784 0.157476 0.541577
v -0.407953 0.195085 0.462438
v -0.385096 0.175522 0.520345
v -0.388493 0.236654 0.418309
v -0.399828 0.214988 0.441838
v -0.382625 0.254777 0.387636
v -0.371440 0.202942 0.500137
v -0.362126 0.176577 0.546330
v -0.364243 0.222751 0.478127
v -0.366025 0.278439 0.353969
v -0.354336 0.246973 0.446251
v -0.342659 0.204945 0.530859
v -0.339090 0.229891 0.496475
v -0.346303 0.275376 0.392970
v -0.330500 0.266235 0.436003
v -0.327199 0.244561 0.484340
v -0.311536 0.214422 0.550177
v -0.284654 0.226580 0.560099
v -0.292955 0.273556 0.464817
v -0.282149 0.245749 0.528737
v -0.424557 0.017407 0.570814
v -0.419567 0.074752 0.561296
v -0.391680 0.017254 0.608470
v -0.392644 0.049976 0.601197
v -0.388965 0.091174 0.588770
v -0.387538 0.075583 0.597639
v -0.375044 0.151239 0.559488
v -0.360255 0.016947 0.640252
v -0.357292 0.049428 0.637303
v -0.360320 0.089767 0.618939
v -0.352894 0.075531 0.632728
v -0.375068 0.120514 0.584850
v -0.349762 0.141010 0.594891
v -0.328865 0.017804 0.668049
v -0.325277 0.051034 0.665499
v -0.313568 0.094232 0.660681
v -0.302183 0.087935 0.674290
v -0.334924 0.121202 0.624646
v -0.310025 0.155726 0.622517
v -0.315549 0.141293 0.629699
v -0.311488 0.179780 0.595684
v -0.295012 0.020913 0.694824
v -0.283099 0.015382 0.704397
v -0.296650 0.052903 0.688880
v -0.305311 0.122953 0.653457
v -0.291335 0.119321 0.672580
v -0.296149 0.152465 0.643259
v -0.286467 0.143054 0.666330
v -0.300998 0.201129 0.579663
v -0.297068 0.182922 0.608752
v -0.287438 0.176000 0.632758
v -0.455233 0.279454 0.023320
v -0.438765 0.289031 0.068913
v -0.421228 0.296011 0.123513
v -0.424406 0.286696 0.175380
v -0.413066 0.305537 0.072789
v -0.400950 0.301673 0.175974
v -0.404767 0.287095 0.241232
v -0.378287 0.326167 0.067499
v -0.386418 0.316549 0.128702
v -0.372695 0.317417 0.179158
v -0.369188 0.306691 0.247286
v -0.349158 0.336817 0.119549
v -0.345202 0.319840 0.245439
v -0.351036 0.306138 0.290496
v -0.343095 0.343592 0.070263
v -0.322020 0.347494 0.137715
v -0.330416 0.332476 0.214260
v -0.310759 0.357251 0.072437
v -0.304809 0.349592 0.176429
v -0.284188 0.346168 0.246113
v -0.297513 0.333520 0.279730
v -0.272973 0.373160 0.020020
v -0.277092 0.365967 0.121342
v -0.275982 0.354710 0.214527
v -0.389479 0.280520 0.301894
v -0.333674 0.297919 0.349336
v -0.309544 0.286179 0.415958
v -0.319926 0.317143 0.307423
v -0.297783 0.314280 0.352753
v -0.290904 0.282419 0.446957
v -0.247406 0.263933 0.528489
v -0.260070 0.252091 0.540071
v -0.231953 0.265592 0.545455
v -0.198124 0.291037 0.515932
v -0.186414 0.290387 0.543851
v -0.263247 0.017028 0.718540
v -0.279618 0.066429 0.701796
v -0.263246 0.053912 0.719500
v -0.247267 0.065608 0.738965
v -0.279386 0.091543 0.697717
v -0.263774 0.089461 0.719979
v -0.249831 0.090120 0.743703
v -0.276666 0.122429 0.693313
v -0.264022 0.122412 0.720841
v -0.252219 0.121530 0.752913
v -0.246844 0.132206 0.777434
v -0.279906 0.167254 0.657500
v -0.274055 0.156345 0.683315
v -0.264030 0.156759 0.718395
v -0.256198 0.156752 0.752427
v -0.245887 0.170679 0.803529
v -0.280218 0.210788 0.591267
v -0.276052 0.202442 0.614821
v -0.271824 0.192468 0.646778
v -0.265359 0.190915 0.682460
v -0.260702 0.190779 0.717513
v -0.256252 0.190753 0.751605
v -0.251256 0.191298 0.782857
v -0.245060 0.189509 0.811232
v -0.265612 0.229908 0.579906
v -0.258676 0.224957 0.613546
v -0.251575 0.229818 0.644747
v -0.255057 0.222011 0.683289
v -0.254383 0.221744 0.717585
v -0.252451 0.221570 0.751147
v -0.249126 0.221141 0.781702
v -0.244079 0.218913 0.809107
v -0.251424 0.246519 0.565343
v -0.245163 0.246293 0.686218
v -0.245799 0.247770 0.718279
v -0.245402 0.247634 0.751211
v -0.243601 0.245893 0.781280
v -0.241026 0.242842 0.803248
v -0.242893 0.014611 0.733159
v -0.222816 0.016449 0.748881
v -0.245029 0.040725 0.735550
v -0.229350 0.051678 0.755615
v -0.216075 0.062193 0.779601
v -0.236377 0.084094 0.764771
v -0.222668 0.086767 0.791820
v -0.210315 0.104131 0.833801
v -0.242364 0.105047 0.768306
v -0.226103 0.125042 0.822509
v -0.239579 0.156658 0.815264
v -0.245381 0.243330 0.589617
v -0.222815 0.265425 0.609379
v -0.242503 0.243122 0.636277
v -0.231079 0.258556 0.577351
v -0.231952 0.260771 0.648769
v -0.233041 0.267362 0.683939
v -0.234014 0.271207 0.718292
v -0.234844 0.270930 0.752267
v -0.233828 0.267774 0.785093
v -0.231190 0.258111 0.818626
v -0.201190 0.014424 0.764484
v -0.182804 0.018237 0.781586
v -0.208626 0.038320 0.770332
v -0.195452 0.047658 0.793008
v -0.182661 0.062199 0.826254
v -0.202341 0.065949 0.803407
v -0.206985 0.275903 0.575325
v -0.206792 0.278319 0.600548
v -0.158164 0.013906 0.798020
v -0.146747 0.027152 0.820967
v -0.168173 0.033696 0.808002
v -0.119447 0.012417 0.822979
v -0.089672 0.009574 0.835640
v -0.064241 0.002392 0.837338
v -0.208255 0.136346 0.866846
v -0.215784 0.162223 0.869941
v -0.227204 0.192629 0.856412
v -0.215474 0.193274 0.881446
v -0.226953 0.225922 0.856133
v -0.216198 0.226165 0.881847
v -0.222258 0.257413 0.852553
v -0.212873 0.257313 0.879536
v -0.188169 0.098771 0.862097
v -0.193665 0.125080 0.879775
v -0.175721 0.137249 0.911527
v -0.196940 0.160078 0.898419
v -0.181783 0.160632 0.919406
v -0.201743 0.192728 0.904480
v -0.176930 0.200272 0.941976
v -0.198653 0.226391 0.913803
v -0.175621 0.225869 0.947674
v -0.187686 0.259769 0.924963
v -0.174720 0.257757 0.945915
v -0.151048 0.067640 0.868638
v -0.160207 0.089641 0.885263
v -0.143195 0.102032 0.913300
v -0.161369 0.124194 0.916823
v -0.140999 0.136526 0.944461
v -0.161762 0.158173 0.940325
v -0.166185 0.187357 0.949909
v -0.140165 0.204011 0.979069
v -0.141107 0.229130 0.982732
v -0.141280 0.258479 0.982177
v -0.121199 0.041885 0.860713
v -0.115368 0.072099 0.903651
v -0.124171 0.088267 0.915062
v -0.107229 0.105822 0.942709
v -0.125643 0.123734 0.946388
v -0.120035 0.163939 0.977247
v -0.129062 0.189058 0.982757
v -0.104409 0.236171 1.010683
v -0.105010 0.262500 1.010440
v -0.083690 0.037354 0.877599
v -0.099102 0.038896 0.871381
v -0.086086 0.068569 0.915598
v -0.083245 0.101324 0.950132
v -0.082334 0.137203 0.980287
v -0.095208 0.153724 0.985536
v -0.090665 0.189112 1.004948
v -0.076243 0.203529 1.016405
v -0.098584 0.214472 1.009414
v -0.083344 0.228717 1.019005
v -0.080979 0.260886 1.020957
v -0.051430 0.012871 0.854918
v -0.048989 0.029004 0.878502
v -0.051983 0.065539 0.924270
v -0.051892 0.102686 0.961883
v -0.050159 0.134231 0.988118
v -0.047408 0.173569 1.013486
v -0.065966 0.179985 1.010998
v -0.051241 0.195426 1.020866
v -0.051590 0.227936 1.027942
v -0.050843 0.261080 1.029948
v -0.017697 0.035205 0.892535
v -0.017308 0.058400 0.921670
v -0.017517 0.085380 0.951250
v -0.017121 0.123607 0.985479
v -0.018047 0.169940 1.016009
v -0.017062 0.197133 1.026171
v -0.017413 0.228283 1.033233
v -0.017267 0.261580 1.035244
v -0.260649 0.365288 0.175620
v -0.241337 0.355691 0.271376
v -0.249391 0.379610 0.062151
v -0.237073 0.380013 0.109378
v -0.215870 0.383432 0.138230
v -0.227370 0.369284 0.217629
v -0.205620 0.390807 0.069384
v -0.193751 0.384761 0.172707
v -0.190161 0.367910 0.277780
v -0.170642 0.394425 0.124043
v -0.178776 0.381028 0.222249
v -0.145623 0.383991 0.245531
v -0.155421 0.400617 0.071750
v -0.159984 0.390971 0.176681
v -0.116892 0.383593 0.272379
v -0.121680 0.405878 0.072376
v -0.122955 0.401239 0.135938
v -0.120492 0.392693 0.212837
v -0.087567 0.409994 0.070603
v -0.088097 0.405102 0.139606
v -0.070368 0.398095 0.213351
v -0.088969 0.385742 0.278270
v -0.052542 0.412775 0.070695
v -0.052338 0.408046 0.138797
v -0.052881 0.389275 0.273687
v -0.017536 0.414278 0.070715
v -0.017426 0.409537 0.138926
v -0.019019 0.401009 0.210903
v -0.016997 0.390808 0.273202
v -0.265340 0.316285 0.387111
v -0.267015 0.287967 0.458625
v -0.258431 0.339809 0.314858
v -0.235243 0.311584 0.430472
v -0.221895 0.287013 0.501641
v -0.224201 0.349587 0.321560
v -0.228947 0.323997 0.401968
v -0.195343 0.305925 0.478001
v -0.193861 0.349555 0.353415
v -0.194723 0.323966 0.430810
v -0.168746 0.311122 0.484150
v -0.157600 0.306709 0.508316
v -0.156673 0.303429 0.541818
v -0.156099 0.348212 0.387147
v -0.141852 0.314762 0.492413
v -0.160530 0.364491 0.321827
v -0.127090 0.313046 0.515730
v -0.127004 0.313085 0.541506
v -0.122211 0.349762 0.401726
v -0.123492 0.324334 0.474887
v -0.121738 0.364448 0.349736
v -0.107123 0.317162 0.518554
v -0.106831 0.317750 0.533641
v -0.089842 0.350013 0.415226
v -0.089633 0.332239 0.469192
v -0.090944 0.324139 0.507121
v -0.089436 0.326265 0.541959
v -0.085739 0.368170 0.353117
v -0.051711 0.343512 0.445578
v -0.033973 0.336808 0.475898
v -0.053234 0.330885 0.507120
v -0.052791 0.333612 0.539050
v -0.049243 0.375017 0.338633
v -0.053159 0.354573 0.410774
v -0.017124 0.344612 0.447591
v -0.017607 0.333917 0.507092
v -0.017517 0.336938 0.537737
v -0.017145 0.378856 0.328184
v -0.017179 0.364574 0.382350
v -0.215390 0.276528 0.628842
v -0.217572 0.289138 0.683609
v -0.217686 0.296200 0.718785
v -0.220971 0.294349 0.753367
v -0.220394 0.293049 0.785825
v -0.215526 0.292814 0.819677
v -0.205499 0.314782 0.743605
v -0.206964 0.312945 0.790969
v -0.184989 0.291719 0.576817
v -0.190331 0.295910 0.613399
v -0.196740 0.301896 0.649194
v -0.202031 0.309494 0.691881
v -0.200498 0.307268 0.849950
v -0.175759 0.318352 0.644278
v -0.184385 0.323350 0.683645
v -0.191265 0.325239 0.718381
v -0.187362 0.333588 0.753473
v -0.190151 0.331840 0.786405
v -0.189208 0.329247 0.820925
v -0.172295 0.348300 0.777820
v -0.168318 0.350390 0.813431
v -0.157913 0.306982 0.574804
v -0.152145 0.314206 0.587849
v -0.153330 0.323262 0.615643
v -0.153945 0.335435 0.649780
v -0.163498 0.339313 0.683654
v -0.169492 0.344648 0.725920
v -0.170278 0.342926 0.850532
v -0.141326 0.350955 0.674639
v -0.148357 0.356567 0.717770
v -0.155002 0.357774 0.752446
v -0.154575 0.360363 0.787101
v -0.120049 0.317983 0.552639
v -0.120608 0.326178 0.578980
v -0.121852 0.343647 0.623712
v -0.113373 0.352815 0.638950
v -0.117618 0.368566 0.700250
v -0.123851 0.374827 0.751562
v -0.129745 0.374825 0.787395
v -0.131006 0.373967 0.821797
v -0.106693 0.385722 0.780923
v -0.107529 0.385779 0.821906
v -0.087799 0.337165 0.575198
v -0.078603 0.351753 0.604762
v -0.082193 0.373298 0.671126
v -0.098375 0.381339 0.723478
v -0.073592 0.385813 0.708530
v -0.084873 0.389820 0.752214
v -0.082438 0.393633 0.787595
v -0.081803 0.394591 0.822038
v -0.051552 0.342498 0.568153
v -0.050316 0.355794 0.600497
v -0.048718 0.379620 0.665994
v -0.049785 0.389777 0.706122
v -0.051414 0.396949 0.752735
v -0.051283 0.400424 0.787385
v -0.051062 0.401576 0.822316
v -0.017247 0.345097 0.565241
v -0.017388 0.364349 0.613869
v -0.013919 0.384193 0.666904
v -0.019004 0.398618 0.738014
v -0.017354 0.404319 0.787404
v -0.017299 0.405599 0.822441
v -0.212591 0.284596 0.852025
v -0.206852 0.282340 0.873826
v -0.178869 0.291443 0.921959
v -0.170097 0.281798 0.943037
v -0.185296 0.324533 0.856650
v -0.179635 0.317977 0.887789
v -0.171824 0.313758 0.911996
v -0.162903 0.305327 0.935557
v -0.152344 0.293345 0.958182
v -0.138491 0.282517 0.978822
v -0.162296 0.336906 0.890339
v -0.153334 0.328300 0.923707
v -0.143764 0.318556 0.948953
v -0.149917 0.357908 0.856529
v -0.143705 0.354435 0.888163
v -0.139690 0.347985 0.912887
v -0.131902 0.306750 0.972008
v -0.117661 0.293482 0.992056
v -0.102051 0.282563 1.008109
v -0.132433 0.340174 0.937567
v -0.121908 0.330527 0.961935
v -0.109050 0.318799 0.983948
v -0.127236 0.372903 0.855968
v -0.119070 0.370326 0.890582
v -0.118841 0.357665 0.924585
v -0.109600 0.350251 0.949603
v -0.104496 0.383755 0.867194
v -0.095600 0.305612 1.002134
v -0.081416 0.291883 1.015434
v -0.098089 0.340693 0.972908
v -0.084210 0.328949 0.993596
v -0.072330 0.314198 1.010424
v -0.097666 0.378340 0.903311
v -0.088773 0.372899 0.928736
v -0.085161 0.358299 0.959430
v -0.073648 0.349024 0.980548
v -0.081494 0.392940 0.855810
v -0.082620 0.387860 0.889108
v -0.074501 0.384296 0.914459
v -0.050173 0.292206 1.025577
v -0.050296 0.337572 1.001991
v -0.048156 0.317755 1.016700
v -0.063897 0.378920 0.938211
v -0.051392 0.371354 0.959858
v -0.048750 0.355693 0.984228
v -0.050907 0.399994 0.856907
v -0.050785 0.395394 0.890751
v -0.049611 0.388238 0.923060
v -0.039156 0.382895 0.944410
v -0.017034 0.293263 1.030744
v -0.016966 0.341375 1.006205
v -0.016657 0.320150 1.020762
v -0.016771 0.373745 0.966707
v -0.016724 0.358997 0.988067
v -0.017247 0.404100 0.857214
v -0.017105 0.399666 0.891005
v -0.016487 0.392889 0.921875
v -0.014691 0.385015 0.946303
v 0.018505 -0.284050 -0.580381
v 0.053829 -0.292524 -0.560969
v 0.088159 -0.281800 -0.573768
v 0.130128 -0.281504 -0.561519
v 0.017740 -0.390494 -0.274660
v 0.027539 -0.349626 -0.430208
v 0.016439 -0.364483 -0.382834
v 0.017651 -0.379048 -0.327297
v 0.012475 -0.313494 -0.524269
v 0.017385 -0.333223 -0.475278
v 0.052882 -0.389275 -0.273686
v 0.050586 -0.363346 -0.381575
v 0.050730 -0.377976 -0.325727
v 0.047838 -0.314314 -0.517780
v 0.052275 -0.336734 -0.461733
v 0.088970 -0.385742 -0.278269
v 0.087536 -0.349065 -0.418939
v 0.085728 -0.368163 -0.353151
v 0.088232 -0.324261 -0.484865
v 0.086906 -0.303245 -0.532497
v 0.116891 -0.383594 -0.272378
v 0.116860 -0.347358 -0.412230
v 0.121730 -0.364449 -0.349740
v 0.121707 -0.318511 -0.487101
v 0.119471 -0.296921 -0.534953
v 0.156205 -0.349319 -0.383287
v 0.160531 -0.364492 -0.321825
v 0.154496 -0.310824 -0.489883
v 0.157900 -0.321479 -0.461945
v 0.153162 -0.278699 -0.557291
v 0.193867 -0.349555 -0.353409
v 0.190161 -0.367911 -0.277778
v 0.191881 -0.320341 -0.443373
v 0.192565 -0.279595 -0.534230
v 0.197631 -0.310024 -0.465223
v 0.224201 -0.349587 -0.321560
v 0.228724 -0.323684 -0.403142
v 0.230907 -0.288786 -0.488363
v 0.244079 -0.307850 -0.432120
v 0.241339 -0.355691 -0.271372
v 0.265306 -0.316279 -0.387169
v 0.258431 -0.339809 -0.314857
v 0.261747 -0.278311 -0.485279
v 0.017417 -0.401085 -0.210844
v 0.017499 -0.409808 -0.135892
v 0.017500 -0.414425 -0.067434
v 0.016624 -0.416078 0.001813
v 0.070366 -0.398095 -0.213351
v 0.052338 -0.408046 -0.138798
v 0.052536 -0.412785 -0.070516
v 0.050369 -0.414710 0.000000
v 0.088098 -0.405102 -0.139607
v 0.087541 -0.410006 -0.070432
v 0.085502 -0.412004 0.000000
v 0.120492 -0.392693 -0.212837
v 0.122955 -0.401239 -0.135939
v 0.121653 -0.405889 -0.072232
v 0.122450 -0.407733 -0.000000
v 0.145623 -0.383992 -0.245529
v 0.159983 -0.390972 -0.176679
v 0.170642 -0.394425 -0.124043
v 0.155401 -0.400625 -0.071684
v 0.159311 -0.401787 -0.000001
v 0.178775 -0.381028 -0.222249
v 0.193752 -0.384761 -0.172709
v 0.205616 -0.390808 -0.069370
v 0.194579 -0.394872 -0.000002
v 0.215872 -0.383432 -0.138229
v 0.242440 -0.383835 0.002802
v 0.227370 -0.369285 -0.217629
v 0.237072 -0.380013 -0.109380
v 0.275981 -0.354711 -0.214527
v 0.260649 -0.365288 -0.175618
v 0.277090 -0.365968 -0.121344
v 0.249392 -0.379610 -0.062149
v 0.273291 -0.373034 -0.020431
v 0.284188 -0.346168 -0.246113
v 0.015924 -0.256016 -0.626265
v 0.018208 -0.226547 -0.666109
v 0.017426 -0.193004 -0.703267
v 0.016820 -0.156580 -0.735338
v 0.025785 -0.104091 -0.768258
v 0.016675 -0.124063 -0.757376
v 0.016625 -0.081011 -0.777471
v 0.017230 -0.050814 -0.785513
v 0.017418 -0.017252 -0.790257
v 0.051428 -0.248760 -0.633560
v 0.052007 -0.268369 -0.603554
v 0.052719 -0.225654 -0.664030
v 0.051195 -0.192082 -0.701528
v 0.053898 -0.152623 -0.735319
v 0.051574 -0.119153 -0.757584
v 0.051204 -0.083470 -0.774263
v 0.079486 -0.099117 -0.764227
v 0.051807 -0.050900 -0.783026
v 0.052146 -0.017191 -0.787778
v 0.091140 -0.248183 -0.627528
v 0.086041 -0.220723 -0.664271
v 0.087456 -0.186894 -0.700637
v 0.093898 -0.140983 -0.737205
v 0.086078 -0.161089 -0.723381
v 0.086667 -0.120085 -0.751397
v 0.096894 -0.074272 -0.770876
v 0.085627 -0.048850 -0.779082
v 0.101963 -0.015913 -0.780589
v 0.120731 -0.257581 -0.604337
v 0.125394 -0.207048 -0.670102
v 0.120121 -0.229884 -0.643751
v 0.128608 -0.176002 -0.700461
v 0.120787 -0.154171 -0.720632
v 0.121317 -0.119242 -0.743647
v 0.147174 -0.133151 -0.727688
v 0.122027 -0.087550 -0.759144
v 0.117955 -0.048389 -0.772887
v 0.133076 -0.063003 -0.765062
v 0.148677 -0.241987 -0.617510
v 0.155340 -0.218600 -0.645316
v 0.154699 -0.188877 -0.678839
v 0.155538 -0.155190 -0.708590
v 0.183757 -0.166927 -0.687788
v 0.168248 -0.107664 -0.735170
v 0.182824 -0.085423 -0.739622
v 0.141096 -0.043120 -0.767888
v 0.142438 -0.014534 -0.770953
v 0.185772 -0.015989 -0.754270
v 0.192456 -0.243131 -0.595510
v 0.184903 -0.204572 -0.649569
v 0.198951 -0.179184 -0.669317
v 0.200478 -0.142604 -0.699624
v 0.190669 -0.106454 -0.726842
v 0.187898 -0.050055 -0.748212
v 0.226046 -0.242242 -0.576874
v 0.219748 -0.210917 -0.623292
v 0.224559 -0.189110 -0.645040
v 0.230199 -0.159331 -0.670619
v 0.232787 -0.121000 -0.697440
v 0.209970 -0.077630 -0.730811
v 0.216834 -0.050749 -0.735496
v 0.215928 -0.016618 -0.740827
v 0.250084 -0.016916 -0.722673
v 0.254140 -0.245350 -0.552005
v 0.243208 -0.207016 -0.613167
v 0.266369 -0.229626 -0.566745
v 0.261752 -0.189030 -0.621380
v 0.261888 -0.154199 -0.655149
v 0.245516 -0.107533 -0.697972
v 0.268417 -0.124820 -0.673131
v 0.251762 -0.084004 -0.705471
v 0.286308 -0.086306 -0.682355
v 0.274902 -0.055168 -0.701859
v 0.227001 -0.267656 -0.533226
v 0.297783 -0.314280 -0.352754
v 0.297513 -0.333520 -0.279731
v 0.292066 -0.277287 -0.457914
v 0.319927 -0.317143 -0.307421
v 0.309542 -0.286180 -0.415959
v 0.333675 -0.297919 -0.349337
v 0.351037 -0.306138 -0.290497
v 0.366025 -0.278440 -0.353968
v 0.389479 -0.280520 -0.301895
v 0.304808 -0.349593 -0.176429
v 0.310760 -0.357251 -0.072437
v 0.322020 -0.347495 -0.137715
v 0.334849 -0.349406 -0.017419
v 0.345201 -0.319840 -0.245439
v 0.330416 -0.332476 -0.214261
v 0.349159 -0.336817 -0.119550
v 0.343095 -0.343592 -0.070262
v 0.372696 -0.317417 -0.179158
v 0.378287 -0.326167 -0.067497
v 0.376601 -0.329135 -0.003267
v 0.369189 -0.306691 -0.247286
v 0.386418 -0.316549 -0.128702
v 0.404767 -0.287094 -0.241233
v 0.400951 -0.301673 -0.175978
v 0.421229 -0.296010 -0.123512
v 0.413066 -0.305537 -0.072786
v 0.426018 -0.299807 -0.017812
v 0.425027 -0.275906 -0.231106
v 0.424406 -0.286696 -0.175381
v 0.438765 -0.289032 -0.068914
v 0.461431 -0.274664 -0.028953
v 0.283575 -0.212237 -0.577008
v 0.292795 -0.172638 -0.615702
v 0.304519 -0.205670 -0.567898
v 0.307724 -0.143534 -0.630533
v 0.295414 -0.115540 -0.660140
v 0.309127 -0.098998 -0.658988
v 0.282992 -0.045935 -0.698810
v 0.283113 -0.015234 -0.703191
v 0.321084 -0.016165 -0.674322
v 0.326534 -0.176701 -0.582222
v 0.334020 -0.155261 -0.597010
v 0.335334 -0.120361 -0.623960
v 0.318792 -0.082695 -0.659478
v 0.346454 -0.099951 -0.626522
v 0.319162 -0.049341 -0.670409
v 0.357514 -0.049850 -0.636972
v 0.356487 -0.017262 -0.643876
v 0.360778 -0.176677 -0.547727
v 0.356804 -0.148143 -0.581527
v 0.373416 -0.120823 -0.586393
v 0.354602 -0.083370 -0.627700
v 0.388616 -0.091235 -0.589133
v 0.392643 -0.050289 -0.601138
v 0.391585 -0.017292 -0.608571
v 0.383248 -0.151806 -0.549383
v 0.410901 -0.123740 -0.540869
v 0.387534 -0.075584 -0.597639
v 0.427909 -0.052021 -0.559736
v 0.424883 -0.017305 -0.570444
v 0.419567 -0.074752 -0.561296
v 0.290863 -0.245875 -0.519244
v 0.319666 -0.271124 -0.439166
v 0.300812 -0.229489 -0.537292
v 0.327268 -0.247924 -0.477789
v 0.346302 -0.275375 -0.392972
v 0.326970 -0.208762 -0.542390
v 0.337266 -0.229785 -0.498805
v 0.354336 -0.246971 -0.446255
v 0.382625 -0.254777 -0.387637
v 0.363344 -0.207187 -0.504162
v 0.366210 -0.225575 -0.470344
v 0.388494 -0.236653 -0.418310
v 0.408540 -0.266590 -0.306373
v 0.399828 -0.214988 -0.441836
v 0.423128 -0.239258 -0.351263
v 0.385086 -0.175519 -0.520363
v 0.407953 -0.195085 -0.462439
v 0.416066 -0.160439 -0.497121
v 0.423284 -0.091989 -0.547415
v 0.432199 -0.255984 -0.284325
v 0.421851 -0.210980 -0.413561
v 0.451531 -0.214110 -0.351599
v 0.448772 -0.239624 -0.291603
v 0.427856 -0.187664 -0.442937
v 0.450400 -0.194566 -0.392156
v 0.436808 -0.152496 -0.475907
v 0.452114 -0.170166 -0.427852
v 0.431534 -0.118088 -0.517504
v 0.457863 -0.125159 -0.471538
v 0.461009 -0.088463 -0.495569
v 0.451580 -0.064999 -0.522401
v 0.457500 -0.016364 -0.527393
v 0.470760 -0.224695 -0.276659
v 0.469719 -0.185481 -0.369849
v 0.482658 -0.201734 -0.305596
v 0.459847 -0.144781 -0.447454
v 0.477449 -0.160555 -0.394241
v 0.454182 -0.108548 -0.491698
v 0.482545 -0.124638 -0.429230
v 0.495073 -0.090396 -0.436603
v 0.456418 -0.046904 -0.522608
v 0.493304 -0.051015 -0.461311
v 0.493490 -0.016118 -0.469432
v 0.491003 -0.175863 -0.338919
v 0.505674 -0.187493 -0.274041
v 0.494523 -0.150391 -0.372595
v 0.521308 -0.146667 -0.313266
v 0.516020 -0.166506 -0.290249
v 0.494924 -0.116618 -0.413084
v 0.517571 -0.124208 -0.355190
v 0.490499 -0.073620 -0.455768
v 0.527523 -0.092615 -0.365445
v 0.519526 -0.045170 -0.413397
v 0.522393 -0.011890 -0.417659
v 0.527650 -0.114981 -0.341149
v 0.549421 -0.119787 -0.269618
v 0.524786 -0.073726 -0.386589
v 0.555634 -0.091128 -0.288588
v 0.531873 -0.051759 -0.382628
v 0.555813 -0.054452 -0.319220
v 0.529199 -0.017944 -0.400525
v 0.561466 -0.016193 -0.317916
v 0.445962 -0.271090 -0.175933
v 0.453819 -0.275959 -0.097366
v 0.459427 -0.248432 -0.231714
v 0.467156 -0.254872 -0.171095
v 0.484328 -0.250566 -0.101429
v 0.478929 -0.235208 -0.214477
v 0.487986 -0.240152 -0.150710
v 0.491165 -0.249441 -0.027975
v 0.495249 -0.214294 -0.231719
v 0.501918 -0.222051 -0.172537
v 0.518622 -0.216262 -0.105005
v 0.508982 -0.229851 -0.070176
v 0.512022 -0.229869 0.000141
v 0.512999 -0.199066 -0.214977
v 0.525197 -0.202919 -0.139814
v 0.527926 -0.211903 -0.030276
v 0.526489 -0.176471 -0.231601
v 0.534611 -0.184042 -0.168890
v 0.541653 -0.192350 -0.070963
v 0.556305 -0.177289 -0.005894
v 0.537983 -0.156446 -0.238824
v 0.551917 -0.157620 -0.173901
v 0.553493 -0.170911 -0.105574
v 0.557539 -0.172574 -0.047412
v 0.555184 -0.134156 -0.221793
v 0.563639 -0.080914 -0.272990
v 0.559835 -0.039331 -0.315676
v 0.565582 -0.055005 -0.288421
v 0.575443 -0.016882 -0.269965
v 0.564930 -0.143383 -0.146661
v 0.569748 -0.149536 -0.071367
v 0.565328 -0.162991 0.001703
v 0.563007 -0.109671 -0.236735
v 0.570941 -0.122352 -0.171438
v 0.580170 -0.123707 -0.103406
v 0.584796 -0.122356 -0.052081
v 0.583377 -0.128927 0.000566
v 0.573895 -0.084561 -0.226741
v 0.588245 -0.084948 -0.156251
v 0.590791 -0.099901 -0.100395
v 0.581853 -0.052344 -0.227363
v 0.591154 -0.056234 -0.182993
v 0.590662 -0.017272 -0.214301
v 0.593740 -0.104879 -0.021444
v 0.595825 -0.072976 -0.130425
v 0.598721 -0.082478 -0.069687
v 0.601714 -0.080683 0.000800
v 0.596176 -0.045343 -0.166986
v 0.601666 -0.048197 -0.121267
v 0.605363 -0.051165 -0.072625
v 0.608229 -0.050070 0.000521
v 0.593423 -0.009263 -0.205743
v 0.604135 -0.016695 -0.128430
v 0.609453 -0.017437 -0.069440
v 0.611959 -0.016859 0.001943
v 0.017531 -0.414288 0.070542
v 0.036900 -0.409473 0.133984
v 0.018097 -0.405697 0.174944
v 0.017432 -0.395700 0.245724
v 0.052537 -0.412785 0.070515
v 0.070367 -0.398095 0.213350
v 0.068186 -0.391435 0.256533
v 0.087542 -0.410006 0.070433
v 0.088098 -0.405102 0.139606
v 0.121653 -0.405889 0.072233
v 0.122955 -0.401239 0.135939
v 0.120491 -0.392693 0.212837
v 0.115350 -0.383861 0.272090
v 0.155401 -0.400625 0.071684
v 0.170643 -0.394425 0.124042
v 0.158449 -0.391077 0.178028
v 0.142728 -0.385641 0.238072
v 0.179091 -0.380972 0.222154
v 0.150916 -0.377784 0.271622
v 0.206471 -0.390552 0.070948
v 0.192418 -0.384921 0.173821
v 0.190160 -0.367910 0.277781
v 0.215588 -0.383470 0.138580
v 0.241676 -0.382427 0.048673
v 0.237593 -0.379714 0.110952
v 0.240798 -0.364368 0.224838
v 0.241649 -0.355687 0.270908
v 0.279589 -0.368919 0.070845
v 0.277090 -0.365968 0.121343
v 0.260650 -0.365288 0.175620
v 0.284591 -0.345773 0.247383
v 0.018012 -0.385529 0.298826
v 0.017358 -0.372705 0.352741
v 0.015700 -0.355304 0.413523
v 0.017695 -0.338903 0.460693
v 0.012001 -0.313682 0.523885
v 0.047007 -0.312008 0.522951
v 0.051572 -0.382289 0.307668
v 0.050586 -0.363346 0.381578
v 0.052193 -0.348692 0.429038
v 0.052365 -0.327948 0.484254
v 0.063637 -0.290568 0.563182
v 0.088198 -0.384361 0.284487
v 0.085728 -0.368162 0.353152
v 0.086234 -0.349482 0.418111
v 0.087222 -0.325207 0.482760
v 0.086147 -0.304354 0.530455
v 0.122763 -0.360236 0.365718
v 0.137903 -0.342530 0.415364
v 0.122578 -0.328514 0.461176
v 0.120897 -0.314083 0.497737
v 0.122896 -0.282230 0.563058
v 0.178274 -0.355051 0.346225
v 0.154861 -0.349617 0.383188
v 0.152796 -0.313639 0.484480
v 0.152183 -0.279052 0.556969
v 0.196059 -0.346858 0.360403
v 0.190457 -0.320645 0.443612
v 0.194882 -0.310589 0.465792
v 0.191434 -0.279820 0.534528
v 0.222807 -0.349781 0.322376
v 0.247193 -0.325261 0.379469
v 0.226006 -0.315904 0.427769
v 0.227806 -0.291349 0.485024
v 0.257281 -0.339994 0.315755
v 0.262610 -0.309473 0.409354
v 0.260725 -0.278743 0.485292
v 0.019361 -0.283456 0.581343
v 0.220289 -0.276540 0.521479
v 0.226395 -0.254505 0.556815
v 0.252877 -0.246074 0.551795
v 0.288390 -0.229563 0.548607
v 0.016432 -0.256824 0.624981
v 0.017416 -0.235251 0.654894
v 0.018352 -0.209665 0.685748
v 0.015185 -0.175821 0.719533
v 0.018483 -0.137018 0.749224
v 0.014954 -0.102171 0.770269
v 0.018530 -0.052484 0.796541
v 0.012220 -0.036208 0.808647
v 0.018044 -0.022054 0.819723
v 0.052362 -0.268911 0.602646
v 0.051428 -0.248760 0.633560
v 0.052255 -0.226879 0.662586
v 0.050736 -0.192757 0.700903
v 0.051819 -0.154665 0.733981
v 0.045834 -0.110753 0.763654
v 0.050755 -0.056883 0.790275
v 0.056021 -0.032712 0.805017
v 0.052449 -0.012483 0.823608
v 0.085376 -0.267520 0.598619
v 0.086235 -0.241556 0.637797
v 0.086724 -0.207447 0.679504
v 0.085888 -0.172177 0.714470
v 0.092476 -0.140038 0.738098
v 0.074968 -0.106769 0.761623
v 0.086917 -0.097097 0.764013
v 0.086250 -0.052681 0.785404
v 0.087129 -0.028098 0.799782
v 0.084491 -0.009363 0.816482
v 0.113886 -0.246547 0.623459
v 0.116921 -0.218520 0.659135
v 0.119503 -0.194717 0.684583
v 0.127373 -0.175213 0.701503
v 0.120787 -0.154171 0.720632
v 0.145538 -0.132595 0.728621
v 0.121322 -0.119262 0.743686
v 0.114900 -0.086814 0.762135
v 0.117958 -0.049012 0.778405
v 0.120842 -0.018695 0.794062
v 0.114952 -0.003547 0.809119
v 0.147499 -0.241227 0.619099
v 0.149551 -0.210885 0.657243
v 0.183172 -0.195424 0.660477
v 0.154699 -0.188877 0.678839
v 0.181815 -0.166145 0.689347
v 0.155538 -0.155190 0.708590
v 0.165889 -0.104982 0.737504
v 0.146201 -0.040514 0.771664
v 0.153673 -0.015120 0.780591
v 0.187070 -0.249468 0.588490
v 0.217716 -0.237439 0.589127
v 0.186749 -0.222719 0.626200
v 0.187459 -0.144578 0.703849
v 0.199752 -0.119490 0.715237
v 0.190800 -0.091297 0.734000
v 0.173710 -0.028177 0.764225
v 0.180469 -0.000815 0.772181
v 0.221958 -0.208974 0.624462
v 0.217706 -0.182892 0.655737
v 0.226529 -0.158410 0.673509
v 0.217506 -0.136772 0.695205
v 0.211106 -0.079572 0.729552
v 0.253853 -0.055425 0.713914
v 0.213131 -0.047996 0.738752
v 0.215551 -0.013541 0.746192
v 0.256958 -0.220861 0.586026
v 0.258544 -0.188704 0.624000
v 0.257424 -0.153625 0.658581
v 0.247286 -0.114358 0.693204
v 0.257120 -0.086343 0.701495
v 0.277561 -0.065306 0.696704
v 0.262735 -0.017233 0.716225
v 0.015738 0.004751 0.850581
v 0.049396 0.008141 0.849263
v 0.313412 -0.358135 0.019701
v 0.287813 -0.354479 0.187705
v 0.319475 -0.343815 0.174528
v 0.297514 -0.333520 0.279729
v 0.319586 -0.353710 0.071026
v 0.316173 -0.350795 0.128391
v 0.345571 -0.344097 0.033357
v 0.354887 -0.337840 0.074170
v 0.350218 -0.336144 0.120903
v 0.330416 -0.332477 0.214260
v 0.345672 -0.319384 0.246496
v 0.354973 -0.306121 0.282765
v 0.371594 -0.317778 0.180552
v 0.390679 -0.298965 0.225562
v 0.402937 -0.314002 0.017620
v 0.389246 -0.319897 0.068553
v 0.385501 -0.317105 0.128378
v 0.413176 -0.305444 0.073188
v 0.421902 -0.295462 0.124399
v 0.399415 -0.302610 0.176116
v 0.415264 -0.280746 0.239856
v 0.449215 -0.284121 0.019294
v 0.445666 -0.283929 0.074366
v 0.425026 -0.286084 0.176782
v 0.296172 -0.314703 0.353605
v 0.309551 -0.286153 0.415974
v 0.292201 -0.277428 0.457467
v 0.318788 -0.317454 0.308239
v 0.329404 -0.299369 0.351650
v 0.364538 -0.278927 0.355111
v 0.388518 -0.280917 0.302641
v 0.421790 -0.266048 0.277387
v 0.451219 -0.272421 0.141893
v 0.441653 -0.266900 0.214807
v 0.485719 -0.254568 0.024046
v 0.468367 -0.266570 0.072328
v 0.486572 -0.248048 0.105681
v 0.467449 -0.254300 0.173024
v 0.458465 -0.249114 0.232355
v 0.494478 -0.235951 0.140489
v 0.479306 -0.234378 0.216263
v 0.468330 -0.225857 0.280144
v 0.480704 -0.202550 0.308792
v 0.508747 -0.229997 0.071342
v 0.502014 -0.221411 0.175121
v 0.494444 -0.214939 0.232523
v 0.525598 -0.202318 0.140567
v 0.513326 -0.198080 0.216875
v 0.502915 -0.188893 0.279178
v 0.522405 -0.160471 0.283978
v 0.528940 -0.210725 0.031080
v 0.523831 -0.211543 0.093789
v 0.556121 -0.176745 0.026856
v 0.541239 -0.192770 0.072040
v 0.535015 -0.182937 0.171296
v 0.525691 -0.177041 0.233211
v 0.553456 -0.170616 0.107579
v 0.550367 -0.164379 0.157002
v 0.545385 -0.154450 0.214302
v 0.554456 -0.134791 0.223370
v 0.555121 -0.110718 0.265033
v 0.319158 -0.270788 0.440616
v 0.292846 -0.243565 0.521510
v 0.302512 -0.206238 0.568928
v 0.344904 -0.275827 0.393867
v 0.324485 -0.248985 0.478917
v 0.355909 -0.227730 0.480356
v 0.326585 -0.224482 0.519204
v 0.335302 -0.205504 0.538101
v 0.382522 -0.253858 0.389957
v 0.352962 -0.247311 0.447405
v 0.388229 -0.235934 0.420216
v 0.368690 -0.203986 0.502043
v 0.358616 -0.177232 0.549469
v 0.381728 -0.151503 0.551498
v 0.401716 -0.262154 0.332679
v 0.423084 -0.238942 0.352177
v 0.397393 -0.215880 0.443935
v 0.404473 -0.195779 0.466446
v 0.383233 -0.175703 0.522444
v 0.426409 -0.161376 0.481188
v 0.414657 -0.146318 0.514688
v 0.416428 -0.116177 0.539559
v 0.409210 -0.090148 0.565999
v 0.436257 -0.247427 0.300344
v 0.451414 -0.213553 0.353087
v 0.420456 -0.211379 0.415198
v 0.447400 -0.195847 0.395404
v 0.425507 -0.188336 0.445784
v 0.450359 -0.170652 0.430210
v 0.439130 -0.124190 0.501266
v 0.431972 -0.087354 0.538427
v 0.451580 -0.064999 0.522401
v 0.425591 -0.051989 0.562497
v 0.466528 -0.187092 0.373688
v 0.474225 -0.161794 0.398861
v 0.457821 -0.145110 0.450553
v 0.479256 -0.125057 0.434859
v 0.454243 -0.115837 0.485763
v 0.463246 -0.087690 0.492117
v 0.492463 -0.051693 0.462642
v 0.456101 -0.047699 0.522901
v 0.495277 -0.017635 0.466234
v 0.457498 -0.016981 0.527342
v 0.489847 -0.176346 0.340862
v 0.516048 -0.142441 0.333954
v 0.491882 -0.151571 0.376832
v 0.505390 -0.121304 0.386199
v 0.487141 -0.103829 0.440396
v 0.498630 -0.086434 0.431864
v 0.490499 -0.073620 0.455768
v 0.522047 -0.047582 0.407419
v 0.525116 -0.017620 0.410719
v 0.522072 -0.010695 0.418242
v 0.525217 -0.142825 0.307923
v 0.530283 -0.120798 0.326569
v 0.522355 -0.102456 0.368223
v 0.550636 -0.085319 0.309261
v 0.526269 -0.080476 0.378664
v 0.546235 -0.050743 0.345939
v 0.560777 -0.017418 0.319833
v 0.281439 -0.210933 0.580434
v 0.290905 -0.171917 0.617942
v 0.286403 -0.139369 0.650127
v 0.302986 -0.121133 0.650822
v 0.285695 -0.109987 0.670344
v 0.301237 -0.092613 0.668496
v 0.282948 -0.047420 0.698468
v 0.321242 -0.018805 0.673984
v 0.283098 -0.015203 0.703466
v 0.324862 -0.177435 0.582981
v 0.350394 -0.151025 0.585430
v 0.315686 -0.144737 0.622828
v 0.342188 -0.120074 0.617841
v 0.341977 -0.091249 0.635499
v 0.316408 -0.074638 0.664599
v 0.318529 -0.050085 0.670781
v 0.354811 -0.017858 0.645362
v 0.377952 -0.120893 0.581528
v 0.378098 -0.091990 0.599938
v 0.352737 -0.075522 0.632704
v 0.356267 -0.049709 0.638151
v 0.389655 -0.017363 0.610673
v 0.387534 -0.075584 0.597639
v 0.391331 -0.049467 0.602750
v 0.424451 -0.016940 0.571075
v 0.419567 -0.074752 0.561296
v 0.569882 -0.148967 0.073907
v 0.564160 -0.144268 0.148793
v 0.583419 -0.122666 0.073052
v 0.578480 -0.122202 0.122431
v 0.569335 -0.121866 0.181880
v 0.562238 -0.110159 0.239087
v 0.590131 -0.101111 0.102389
v 0.587090 -0.082464 0.166943
v 0.566187 -0.087025 0.256724
v 0.591802 -0.064235 0.169447
v 0.587285 -0.050047 0.207083
v 0.566197 -0.053684 0.287576
v 0.590610 -0.017224 0.214158
v 0.574259 -0.017388 0.274176
v 0.593477 -0.105437 0.023240
v 0.598469 -0.083544 0.070366
v 0.595472 -0.073532 0.132198
v 0.605346 -0.050543 0.074665
v 0.601666 -0.048197 0.121267
v 0.595923 -0.047552 0.166756
v 0.609239 -0.017443 0.072702
v 0.603577 -0.016349 0.133169
v 0.593393 -0.009842 0.205877
v 0.559131 -0.068966 0.299267
v 0.559835 -0.039331 0.315676
v 0.017418 0.017252 -0.790257
v 0.017230 0.050814 -0.785513
v 0.016625 0.081011 -0.777471
v 0.025323 0.104339 -0.768195
v 0.016437 0.133358 -0.751850
v 0.017010 0.187385 -0.712788
v 0.017414 0.209075 -0.698799
v 0.017307 0.234041 -0.688891
v 0.017042 0.263602 -0.685589
v 0.052146 0.017191 -0.787778
v 0.051807 0.050900 -0.783026
v 0.051204 0.083471 -0.774263
v 0.080537 0.099643 -0.763765
v 0.051574 0.119178 -0.757590
v 0.055140 0.147696 -0.738932
v 0.052139 0.185896 -0.710779
v 0.052148 0.207594 -0.696278
v 0.051990 0.233313 -0.685072
v 0.050552 0.263712 -0.681400
v 0.099316 0.015933 -0.781115
v 0.085627 0.048850 -0.779082
v 0.097382 0.074173 -0.770817
v 0.086667 0.120099 -0.751402
v 0.093911 0.141240 -0.737131
v 0.087830 0.173357 -0.714266
v 0.086640 0.204272 -0.691562
v 0.088255 0.231692 -0.676640
v 0.104469 0.243364 -0.665550
v 0.081681 0.263133 -0.673315
v 0.123045 0.262929 -0.655419
v 0.125411 0.053109 -0.770416
v 0.122027 0.087551 -0.759144
v 0.121317 0.119247 -0.743652
v 0.147427 0.133287 -0.727528
v 0.120776 0.154318 -0.720768
v 0.117720 0.194866 -0.689408
v 0.118782 0.219050 -0.671499
v 0.125503 0.238208 -0.659187
v 0.142438 0.014534 -0.770953
v 0.183760 0.015710 -0.755139
v 0.140250 0.043194 -0.768168
v 0.184503 0.085587 -0.738952
v 0.168820 0.107391 -0.735088
v 0.155526 0.155263 -0.708643
v 0.182774 0.166120 -0.689104
v 0.154752 0.190372 -0.679385
v 0.143258 0.212388 -0.666148
v 0.157535 0.229734 -0.648806
v 0.173650 0.243542 -0.631036
v 0.150418 0.263603 -0.641747
v 0.171557 0.265967 -0.625575
v 0.187898 0.050055 -0.748212
v 0.200769 0.095645 -0.727299
v 0.189537 0.118940 -0.719858
v 0.200779 0.142333 -0.699680
v 0.180389 0.199942 -0.659853
v 0.189036 0.218953 -0.638415
v 0.194816 0.237377 -0.621170
v 0.194952 0.264320 -0.607686
v 0.208326 0.274391 -0.590105
v 0.215928 0.016618 -0.740827
v 0.249583 0.016486 -0.723022
v 0.216834 0.050749 -0.735496
v 0.208899 0.072102 -0.733230
v 0.247214 0.087426 -0.706750
v 0.231157 0.121260 -0.698215
v 0.233930 0.151081 -0.675303
v 0.231380 0.170748 -0.659680
v 0.220880 0.222133 -0.615524
v 0.244423 0.240079 -0.579343
v 0.214899 0.250253 -0.597068
v 0.228106 0.263311 -0.575269
v 0.273417 0.055400 -0.702770
v 0.288375 0.086867 -0.680668
v 0.245516 0.107533 -0.697972
v 0.271143 0.124794 -0.671279
v 0.264866 0.158557 -0.649056
v 0.276005 0.178632 -0.622332
v 0.259444 0.223950 -0.583604
v 0.248483 0.279194 -0.534968
v 0.280697 0.242656 -0.539274
v 0.263398 0.255618 -0.540755
v 0.273374 0.275275 -0.505264
v 0.017058 0.295303 -0.688444
v 0.013678 0.348880 -0.699300
v 0.015291 0.402574 -0.707060
v 0.017231 0.433155 -0.714232
v 0.016336 0.485344 -0.743499
v 0.017346 0.460769 -0.726436
v 0.016662 0.530688 -0.782933
v 0.014815 0.560047 -0.805002
v 0.053756 0.299308 -0.683717
v 0.036040 0.353071 -0.697800
v 0.064005 0.396611 -0.698141
v 0.044080 0.401822 -0.703739
v 0.052596 0.433682 -0.709727
v 0.082125 0.427344 -0.699095
v 0.049514 0.488129 -0.741720
v 0.051945 0.463240 -0.723320
v 0.059006 0.522783 -0.770974
v 0.048297 0.559035 -0.801082
v 0.087520 0.296773 -0.673725
v 0.122219 0.286958 -0.657173
v 0.089919 0.397879 -0.689568
v 0.077468 0.446085 -0.707678
v 0.081977 0.491427 -0.736480
v 0.082921 0.470495 -0.718947
v 0.110847 0.458700 -0.699695
v 0.093785 0.535042 -0.771522
v 0.110205 0.324720 -0.669193
v 0.133421 0.333432 -0.658381
v 0.118781 0.402197 -0.677487
v 0.119625 0.433503 -0.684266
v 0.116222 0.480161 -0.711321
v 0.123481 0.534524 -0.758481
v 0.130395 0.554902 -0.772084
v 0.150681 0.296520 -0.641071
v 0.170991 0.294900 -0.624863
v 0.161788 0.322589 -0.636257
v 0.139988 0.402762 -0.665441
v 0.155246 0.401966 -0.654753
v 0.144482 0.436780 -0.671173
v 0.163814 0.434465 -0.655142
v 0.148084 0.488984 -0.700529
v 0.154503 0.471290 -0.681449
v 0.169581 0.459626 -0.660771
v 0.152653 0.539461 -0.747000
v 0.167257 0.496075 -0.693153
v 0.189972 0.297410 -0.607868
v 0.220267 0.299240 -0.571555
v 0.177141 0.401815 -0.636140
v 0.190747 0.333501 -0.610546
v 0.195383 0.403017 -0.617263
v 0.183166 0.436216 -0.638775
v 0.199233 0.434256 -0.619706
v 0.181285 0.485976 -0.670257
v 0.191577 0.470642 -0.647285
v 0.215837 0.464641 -0.612997
v 0.193695 0.543827 -0.720185
v 0.175423 0.544507 -0.735725
v 0.206873 0.322863 -0.588787
v 0.217901 0.334057 -0.574813
v 0.210783 0.401768 -0.597695
v 0.226939 0.425009 -0.577087
v 0.214813 0.436455 -0.600746
v 0.212167 0.483953 -0.633694
v 0.236425 0.468489 -0.580029
v 0.204869 0.501276 -0.661291
v 0.225061 0.508877 -0.644304
v 0.248978 0.497627 -0.585009
v 0.211525 0.543563 -0.702839
v 0.232465 0.554599 -0.691216
v 0.248707 0.482618 -0.565890
v 0.232532 0.497896 -0.617806
v 0.249400 0.513160 -0.608089
v 0.244179 0.546491 -0.665989
v 0.264303 0.559397 -0.650831
v 0.279465 0.538976 -0.578365
v 0.235475 0.301691 -0.545521
v 0.246267 0.301497 -0.524271
v 0.235325 0.334417 -0.543576
v 0.251980 0.329545 -0.506719
v 0.236106 0.388145 -0.551955
v 0.248441 0.387776 -0.312478
v 0.244537 0.384778 -0.290822
v 0.236249 0.408085 -0.291878
v 0.239692 0.433893 -0.554978
v 0.242173 0.447290 -0.318115
v 0.232039 0.439226 -0.293659
v 0.243011 0.458764 -0.558289
v 0.230523 0.472574 -0.295713
v 0.241722 0.504184 -0.318704
v 0.230818 0.506562 -0.297191
v 0.237652 0.538319 -0.302874
v 0.258728 0.302183 -0.503353
v 0.272704 0.302083 -0.472374
v 0.279786 0.310560 -0.440372
v 0.283712 0.316118 -0.415601
v 0.245600 0.348972 -0.522490
v 0.262676 0.334466 -0.472067
v 0.269592 0.336511 -0.438384
v 0.275506 0.336108 -0.403156
v 0.275852 0.343307 -0.367078
v 0.276748 0.346547 -0.331777
v 0.277653 0.347568 -0.297935
v 0.253151 0.369528 -0.501841
v 0.260089 0.368153 -0.471254
v 0.264653 0.368530 -0.437586
v 0.266426 0.369002 -0.402734
v 0.264363 0.371511 -0.367085
v 0.259239 0.374151 -0.329320
v 0.259100 0.366175 -0.295719
v 0.248411 0.430290 -0.532121
v 0.260516 0.402600 -0.471230
v 0.263668 0.402681 -0.437415
v 0.263434 0.402876 -0.402907
v 0.259677 0.403740 -0.369173
v 0.253225 0.405323 -0.338336
v 0.256830 0.437153 -0.503829
v 0.262006 0.437213 -0.471619
v 0.264351 0.437465 -0.437494
v 0.263080 0.437479 -0.403082
v 0.258416 0.437734 -0.370184
v 0.251279 0.438195 -0.341066
v 0.253665 0.471689 -0.540888
v 0.261183 0.470815 -0.506193
v 0.265363 0.470852 -0.472359
v 0.266833 0.472046 -0.437763
v 0.264357 0.471871 -0.403238
v 0.258827 0.472285 -0.370672
v 0.250846 0.472383 -0.342023
v 0.266230 0.506547 -0.545738
v 0.270370 0.501118 -0.506437
v 0.272452 0.501127 -0.473107
v 0.273458 0.506374 -0.438069
v 0.268642 0.504495 -0.402889
v 0.262037 0.506468 -0.370305
v 0.252201 0.506680 -0.341022
v 0.276217 0.531527 -0.400653
v 0.270322 0.541690 -0.367733
v 0.256156 0.542006 -0.333993
v 0.240945 0.560073 -0.297940
v 0.017405 0.422693 -0.106970
v 0.035018 0.416730 -0.081272
v 0.034041 0.415462 -0.050687
v 0.016810 0.415994 0.010514
v 0.017331 0.452505 -0.142065
v 0.016970 0.434324 -0.126574
v 0.017398 0.478037 -0.153282
v 0.017224 0.509157 -0.160594
v 0.017691 0.543419 -0.165372
v 0.052172 0.421189 -0.110089
v 0.051783 0.414533 0.010876
v 0.051581 0.449845 -0.145160
v 0.049444 0.432511 -0.129194
v 0.051756 0.476646 -0.157279
v 0.050461 0.508447 -0.164444
v 0.072010 0.550232 -0.175685
v 0.053452 0.543331 -0.169847
v 0.100624 0.425608 -0.141007
v 0.088197 0.418762 -0.118721
v 0.087856 0.412729 -0.085701
v 0.106625 0.409506 -0.048312
v 0.087955 0.411707 0.008999
v 0.085705 0.442637 -0.150477
v 0.075066 0.429886 -0.133317
v 0.099258 0.493467 -0.176859
v 0.085561 0.473829 -0.165645
v 0.077824 0.505956 -0.170765
v 0.091771 0.543380 -0.181283
v 0.140175 0.425641 -0.172943
v 0.127184 0.420275 -0.151409
v 0.123823 0.410954 -0.120214
v 0.122764 0.407470 -0.086780
v 0.124219 0.407451 0.004754
v 0.131804 0.444495 -0.179780
v 0.112972 0.440904 -0.164145
v 0.122316 0.474082 -0.184056
v 0.107157 0.462007 -0.171781
v 0.122693 0.508225 -0.191001
v 0.153890 0.543017 -0.214721
v 0.124516 0.542650 -0.196492
v 0.176950 0.422251 -0.206716
v 0.163266 0.417857 -0.184499
v 0.159438 0.406749 -0.154051
v 0.157108 0.401961 -0.121218
v 0.157012 0.400674 -0.086983
v 0.159843 0.401682 0.001412
v 0.153339 0.444681 -0.195756
v 0.154086 0.473061 -0.205201
v 0.163481 0.507304 -0.218409
v 0.145312 0.511869 -0.205818
v 0.212493 0.391481 -0.212433
v 0.210196 0.387570 -0.190302
v 0.197095 0.390729 -0.156463
v 0.208213 0.418774 -0.243994
v 0.198338 0.410432 -0.220124
v 0.190078 0.400641 -0.188373
v 0.187891 0.393244 -0.121044
v 0.206959 0.390766 -0.062296
v 0.195317 0.394714 0.000353
v 0.191387 0.441470 -0.230999
v 0.202299 0.473608 -0.252689
v 0.185810 0.473538 -0.233656
v 0.200940 0.507608 -0.254453
v 0.183227 0.507651 -0.235630
v 0.201526 0.541695 -0.254185
v 0.181792 0.542025 -0.235355
v 0.238853 0.382835 -0.260634
v 0.231905 0.381004 -0.225907
v 0.232467 0.377369 -0.191334
v 0.252873 0.371048 -0.157617
v 0.214118 0.385137 -0.138444
v 0.243916 0.381369 -0.058863
v 0.223152 0.408147 -0.260757
v 0.216965 0.398226 -0.235973
v 0.242410 0.383846 0.002336
v 0.219187 0.439707 -0.269531
v 0.217248 0.473007 -0.273206
v 0.216856 0.507479 -0.274918
v 0.219537 0.542213 -0.274720
v 0.279194 0.349153 -0.266557
v 0.259305 0.363781 -0.263015
v 0.262988 0.361926 -0.228011
v 0.261090 0.364990 -0.191945
v 0.267342 0.370914 -0.102609
v 0.273967 0.372804 -0.019218
v 0.024992 0.628279 -0.839732
v 0.016907 0.653114 -0.847763
v 0.017290 0.683987 -0.855103
v 0.017446 0.717765 -0.860415
v 0.017481 0.752513 -0.862775
v 0.017461 0.787328 -0.861865
v 0.017317 0.821410 -0.857865
v 0.051583 0.651205 -0.844112
v 0.051472 0.684280 -0.852055
v 0.052056 0.718038 -0.857192
v 0.052221 0.752573 -0.859469
v 0.052148 0.787204 -0.858580
v 0.051438 0.821066 -0.854805
v 0.082628 0.659867 -0.841059
v 0.083058 0.687083 -0.847227
v 0.085474 0.719016 -0.851275
v 0.085806 0.752797 -0.853335
v 0.085918 0.786969 -0.852377
v 0.083747 0.820532 -0.849137
v 0.108639 0.663464 -0.835050
v 0.109677 0.688086 -0.840570
v 0.117743 0.719492 -0.842837
v 0.116302 0.752975 -0.845420
v 0.118664 0.786747 -0.843762
v 0.109393 0.831673 -0.840921
v 0.141419 0.724590 -0.835107
v 0.142856 0.752903 -0.836434
v 0.141622 0.781855 -0.836138
v 0.016191 0.593648 -0.823981
v 0.051973 0.580484 -0.813015
v 0.078780 0.565634 -0.798719
v 0.054289 0.626642 -0.835553
v 0.096168 0.590548 -0.808672
v 0.084263 0.631595 -0.831022
v 0.123857 0.591304 -0.799011
v 0.132353 0.618115 -0.809077
v 0.131951 0.691597 -0.833470
v 0.136542 0.815287 -0.833953
v 0.161858 0.575741 -0.770020
v 0.160607 0.623366 -0.797876
v 0.153082 0.651224 -0.812459
v 0.174262 0.682736 -0.811029
v 0.176541 0.823754 -0.812707
v 0.178716 0.591341 -0.769294
v 0.192013 0.578083 -0.750686
v 0.197494 0.612823 -0.769060
v 0.178994 0.655119 -0.800303
v 0.213854 0.682171 -0.784695
v 0.181328 0.718762 -0.813165
v 0.204871 0.717703 -0.798005
v 0.183239 0.752703 -0.814670
v 0.215871 0.751734 -0.793428
v 0.192905 0.786858 -0.807982
v 0.202213 0.821847 -0.796559
v 0.210062 0.577269 -0.735212
v 0.227757 0.577439 -0.717772
v 0.211764 0.641214 -0.772350
v 0.224307 0.616441 -0.748647
v 0.245407 0.649726 -0.746081
v 0.240991 0.689040 -0.764637
v 0.229199 0.717022 -0.779934
v 0.226979 0.786573 -0.783768
v 0.226703 0.821553 -0.778696
v 0.239449 0.848573 -0.760587
v 0.242809 0.595663 -0.716280
v 0.259479 0.579248 -0.680737
v 0.245128 0.627940 -0.735104
v 0.258018 0.617077 -0.713615
v 0.277675 0.609677 -0.681987
v 0.278431 0.649789 -0.707711
v 0.269324 0.682274 -0.733053
v 0.245706 0.744993 -0.769257
v 0.260897 0.717072 -0.750687
v 0.274768 0.704887 -0.733015
v 0.277524 0.754660 -0.736649
v 0.246605 0.796198 -0.766645
v 0.275934 0.784553 -0.737400
v 0.276576 0.816260 -0.730859
v 0.255748 0.822629 -0.752010
v 0.277980 0.563414 -0.361855
v 0.269374 0.574490 -0.332959
v 0.252878 0.580550 -0.302707
v 0.284189 0.613538 -0.324548
v 0.276639 0.628775 -0.301791
v 0.279420 0.649275 -0.293238
v 0.017670 0.578416 -0.166111
v 0.018315 0.616400 -0.161000
v 0.017191 0.695335 -0.140815
v 0.015896 0.723324 -0.137487
v 0.016127 0.754025 -0.136174
v 0.016329 0.786740 -0.136953
v 0.046306 0.827176 -0.143972
v 0.027183 0.815174 -0.139585
v 0.054274 0.577358 -0.170804
v 0.052527 0.616234 -0.164716
v 0.045693 0.698147 -0.142739
v 0.047275 0.722469 -0.139764
v 0.046562 0.753802 -0.138133
v 0.073377 0.788850 -0.143258
v 0.048382 0.786027 -0.139023
v 0.091629 0.577081 -0.181405
v 0.091887 0.610726 -0.175055
v 0.088058 0.676919 -0.156589
v 0.071294 0.725015 -0.143181
v 0.073332 0.753779 -0.141850
v 0.069580 0.776293 -0.141537
v 0.087461 0.823423 -0.152418
v 0.141789 0.567842 -0.206838
v 0.125550 0.576811 -0.195717
v 0.123707 0.611381 -0.186450
v 0.143470 0.655828 -0.180339
v 0.123565 0.671210 -0.168433
v 0.118700 0.718319 -0.158473
v 0.120605 0.752900 -0.156713
v 0.119557 0.787671 -0.157419
v 0.118792 0.821779 -0.161482
v 0.159969 0.574709 -0.215586
v 0.162508 0.606672 -0.207687
v 0.177863 0.683432 -0.191115
v 0.143370 0.686694 -0.172740
v 0.177479 0.718679 -0.184368
v 0.146315 0.718548 -0.168991
v 0.183205 0.753269 -0.184948
v 0.147846 0.752644 -0.167308
v 0.180185 0.787010 -0.184215
v 0.147148 0.786898 -0.167930
v 0.178919 0.820533 -0.188241
v 0.144928 0.819180 -0.170781
v 0.205225 0.573540 -0.250751
v 0.184982 0.575518 -0.232505
v 0.218584 0.591600 -0.255716
v 0.193506 0.611056 -0.226442
v 0.205293 0.659720 -0.215319
v 0.182549 0.650146 -0.203873
v 0.228171 0.576579 -0.273214
v 0.223688 0.646586 -0.235004
v 0.246494 0.652428 -0.253137
v 0.214450 0.686600 -0.213763
v 0.242816 0.718214 -0.231456
v 0.213035 0.720540 -0.206699
v 0.243539 0.752092 -0.229035
v 0.214214 0.752949 -0.205261
v 0.244311 0.787181 -0.230864
v 0.213775 0.786556 -0.205954
v 0.215182 0.820541 -0.211548
v 0.250563 0.684716 -0.245838
v 0.268254 0.718383 -0.257362
v 0.277391 0.753330 -0.264316
v 0.279566 0.789110 -0.268336
v 0.252566 0.820568 -0.244002
v 0.017079 0.853029 -0.851467
v 0.016713 0.880197 -0.843702
v 0.050565 0.852394 -0.848682
v 0.048473 0.878294 -0.841663
v 0.090136 0.857481 -0.840299
v 0.080232 0.876994 -0.836498
v 0.017694 0.914635 -0.829632
v 0.018353 0.958629 -0.805399
v 0.016561 1.000936 -0.773062
v 0.016802 1.035290 -0.737760
v 0.017154 1.065427 -0.697561
v 0.025945 1.084848 -0.664143
v 0.016882 1.094503 -0.642075
v 0.016354 1.109002 -0.600527
v 0.051049 0.913564 -0.826490
v 0.059632 0.947956 -0.807238
v 0.052469 0.981393 -0.784796
v 0.051435 1.017295 -0.752859
v 0.053025 1.050695 -0.712781
v 0.055825 1.079068 -0.667908
v 0.051708 1.090479 -0.643632
v 0.051750 1.101840 -0.611239
v 0.054627 1.114664 -0.564122
v 0.086591 0.924778 -0.813331
v 0.091289 0.948335 -0.799040
v 0.087122 0.987504 -0.771365
v 0.085642 1.023058 -0.737272
v 0.092521 1.050284 -0.700222
v 0.086302 1.073188 -0.665158
v 0.095686 1.085839 -0.632390
v 0.085023 1.096381 -0.608142
v 0.085462 1.104793 -0.575939
v 0.122948 0.856935 -0.829132
v 0.137472 0.894505 -0.810174
v 0.131644 0.912604 -0.804466
v 0.123799 0.936292 -0.794259
v 0.127351 0.965675 -0.773252
v 0.108974 0.980731 -0.769005
v 0.126933 1.003810 -0.739439
v 0.108762 1.015650 -0.735690
v 0.124868 1.036293 -0.702394
v 0.131084 1.053562 -0.671681
v 0.119960 1.070898 -0.646288
v 0.136732 1.081660 -0.603302
v 0.116564 1.087837 -0.607088
v 0.116773 1.095908 -0.575007
v 0.170682 0.854054 -0.808668
v 0.171543 0.883673 -0.797502
v 0.164771 0.932205 -0.776364
v 0.155878 0.953281 -0.767246
v 0.165634 0.983480 -0.735637
v 0.156988 1.002321 -0.722080
v 0.164638 1.015905 -0.700949
v 0.160804 1.038736 -0.671426
v 0.166375 1.052445 -0.639515
v 0.169922 1.062203 -0.610702
v 0.149907 1.083315 -0.574697
v 0.193016 0.857539 -0.793390
v 0.200761 0.895128 -0.773116
v 0.190122 0.920775 -0.766587
v 0.194176 0.960976 -0.734226
v 0.196970 0.986800 -0.706539
v 0.204245 1.008754 -0.671210
v 0.180987 1.021440 -0.677761
v 0.192189 1.031840 -0.647247
v 0.205651 1.042972 -0.601772
v 0.204768 1.052886 -0.571173
v 0.216921 0.866165 -0.773402
v 0.239691 0.889796 -0.742083
v 0.238427 0.918719 -0.725385
v 0.215183 0.935614 -0.736144
v 0.221878 0.956590 -0.711782
v 0.230896 0.978649 -0.678656
v 0.224605 1.010522 -0.640261
v 0.234293 1.015552 -0.612575
v 0.239690 1.023558 -0.575471
v 0.261212 0.855490 -0.735385
v 0.270318 0.894514 -0.704121
v 0.248616 0.934206 -0.701751
v 0.272984 0.930934 -0.671168
v 0.244334 0.969759 -0.671172
v 0.275882 0.953177 -0.639566
v 0.275265 0.975069 -0.603335
v 0.247802 0.984721 -0.643824
v 0.244210 1.009015 -0.605709
v 0.276584 0.985803 -0.571872
v 0.017180 1.076910 -0.322275
v 0.018407 1.053944 -0.284556
v 0.012455 1.116532 -0.421846
v 0.017112 1.100116 -0.373268
v 0.016713 1.089067 -0.346010
v 0.078320 1.043918 -0.284766
v 0.050903 1.084153 -0.341869
v 0.052064 1.058800 -0.298286
v 0.057221 1.115933 -0.445836
v 0.052641 1.106359 -0.403800
v 0.051057 1.096679 -0.372966
v 0.104932 1.083548 -0.369066
v 0.081116 1.081571 -0.348805
v 0.096403 1.055555 -0.309741
v 0.070104 1.116753 -0.531678
v 0.073693 1.117445 -0.505905
v 0.071768 1.117175 -0.479904
v 0.087211 1.106925 -0.436873
v 0.086387 1.099416 -0.403730
v 0.084616 1.089937 -0.371763
v 0.124815 1.045255 -0.310640
v 0.127066 1.078887 -0.377592
v 0.121116 1.060712 -0.334557
v 0.118163 1.100905 -0.541593
v 0.139410 1.095479 -0.507353
v 0.119036 1.101908 -0.472314
v 0.118409 1.097872 -0.438296
v 0.119092 1.090499 -0.404936
v 0.161783 1.014840 -0.295496
v 0.167849 1.052948 -0.362998
v 0.155471 1.047534 -0.339068
v 0.178676 1.074079 -0.540544
v 0.182712 1.074167 -0.507004
v 0.180220 1.074584 -0.473157
v 0.181788 1.069078 -0.439722
v 0.145290 1.081889 -0.410430
v 0.145575 1.090423 -0.541373
v 0.146373 1.091420 -0.473077
v 0.144318 1.088609 -0.440822
v 0.209099 0.979243 -0.297325
v 0.197631 1.015187 -0.330959
v 0.191637 0.995413 -0.298417
v 0.195364 1.041665 -0.376397
v 0.179002 1.014766 -0.310923
v 0.188777 1.056478 -0.405720
v 0.179969 1.052774 -0.379599
v 0.226430 0.944556 -0.281968
v 0.243039 0.976964 -0.336881
v 0.226824 0.961537 -0.298491
v 0.237237 1.007481 -0.376325
v 0.224993 0.994382 -0.335665
v 0.218689 1.048126 -0.541601
v 0.223842 1.046624 -0.507649
v 0.244409 1.028040 -0.472732
v 0.245406 1.022067 -0.439630
v 0.224806 1.029596 -0.403791
v 0.214778 1.018828 -0.359913
v 0.213152 1.053367 -0.473483
v 0.210494 1.049345 -0.431368
v 0.270245 0.882808 -0.287877
v 0.277009 0.925513 -0.330643
v 0.258142 0.923175 -0.301378
v 0.280308 0.969378 -0.398315
v 0.263135 0.976678 -0.371001
v 0.258015 0.958540 -0.336860
v 0.248417 0.948281 -0.311692
v 0.279172 0.989564 -0.541695
v 0.261082 1.012891 -0.507762
v 0.279551 0.990783 -0.471306
v 0.278320 0.986281 -0.438340
v 0.259977 0.995786 -0.403581
v 0.250425 1.020281 -0.541641
v 0.245360 1.015492 -0.415713
v 0.011765 0.840386 -0.143270
v 0.017190 0.887241 -0.159307
v 0.016631 0.949255 -0.188875
v 0.016788 0.914509 -0.170411
v 0.016983 1.012199 -0.237132
v 0.014861 0.980652 -0.209604
v 0.016799 1.035314 -0.261688
v 0.052811 0.856774 -0.153036
v 0.051291 0.887533 -0.162744
v 0.052598 0.953277 -0.195363
v 0.048948 0.913143 -0.172640
v 0.078790 0.974627 -0.215607
v 0.045723 0.983435 -0.214809
v 0.048002 1.045972 -0.278199
v 0.059669 1.014490 -0.245235
v 0.086624 0.856619 -0.159980
v 0.113116 0.896677 -0.180939
v 0.084981 0.888698 -0.169537
v 0.079482 0.914059 -0.178599
v 0.085203 0.952867 -0.202629
v 0.090146 1.006839 -0.246577
v 0.086614 1.024532 -0.264598
v 0.135018 0.869687 -0.179379
v 0.117605 0.868690 -0.171981
v 0.126204 0.936388 -0.206521
v 0.115652 0.953241 -0.212885
v 0.122712 1.002885 -0.257200
v 0.130527 0.983223 -0.242526
v 0.130342 1.016721 -0.276019
v 0.143766 0.851371 -0.177171
v 0.181586 0.897507 -0.214849
v 0.156875 0.891701 -0.198490
v 0.151942 0.925146 -0.212223
v 0.158300 0.968232 -0.245607
v 0.154018 0.993735 -0.266349
v 0.207043 0.853395 -0.214285
v 0.186284 0.866686 -0.204876
v 0.194637 0.933015 -0.244445
v 0.191780 0.961760 -0.264541
v 0.179231 0.949319 -0.245037
v 0.179562 0.984368 -0.275724
v 0.238561 0.884124 -0.253422
v 0.225142 0.856475 -0.230069
v 0.215671 0.901386 -0.241910
v 0.225262 0.924611 -0.265474
v 0.260326 0.856781 -0.263966
v 0.245731 0.844530 -0.244180
v 0.251087 0.899473 -0.275018
v 0.026220 1.118797 -0.561209
v 0.015810 1.121926 -0.536339
v 0.016252 1.122389 -0.473773
v 0.015634 1.119810 -0.442666
v 0.047013 1.119712 -0.537310
v 0.046306 1.121275 -0.506226
v 0.044658 1.119967 -0.461266
v 0.283113 0.015234 -0.703191
v 0.327387 0.016938 -0.669303
v 0.281328 0.040635 -0.701025
v 0.316598 0.052431 -0.671769
v 0.309127 0.098998 -0.658988
v 0.295621 0.115393 -0.660064
v 0.307642 0.143360 -0.630741
v 0.303599 0.173650 -0.605852
v 0.306760 0.205006 -0.566795
v 0.357515 0.049850 -0.636972
v 0.316408 0.074638 -0.664599
v 0.343721 0.091522 -0.633715
v 0.335334 0.120361 -0.623960
v 0.340962 0.150796 -0.594762
v 0.328997 0.182315 -0.573323
v 0.363884 0.017493 -0.636861
v 0.392644 0.050289 -0.601138
v 0.352737 0.075522 -0.632704
v 0.379689 0.092093 -0.598129
v 0.373416 0.120823 -0.586392
v 0.369335 0.154547 -0.562325
v 0.361512 0.176643 -0.546975
v 0.399845 0.017359 -0.599582
v 0.429107 0.052046 -0.558274
v 0.387534 0.075584 -0.597639
v 0.415889 0.082190 -0.562300
v 0.411062 0.123672 -0.540745
v 0.386568 0.148061 -0.548925
v 0.427790 0.016855 -0.566743
v 0.334653 0.228474 -0.504201
v 0.295878 0.254271 -0.505624
v 0.303949 0.271838 -0.464424
v 0.332076 0.207868 -0.538478
v 0.345508 0.242097 -0.467424
v 0.320141 0.277176 -0.429493
v 0.325076 0.286545 -0.400223
v 0.373263 0.271003 -0.361856
v 0.371805 0.202976 -0.499635
v 0.365677 0.222032 -0.477486
v 0.389225 0.236504 -0.417459
v 0.367269 0.253706 -0.413887
v 0.420820 0.106244 -0.541153
v 0.416001 0.160432 -0.497225
v 0.385165 0.175615 -0.520145
v 0.408260 0.194909 -0.462272
v 0.400706 0.214685 -0.441045
v 0.423677 0.239193 -0.350334
v 0.392720 0.252074 -0.376515
v 0.409812 0.266200 -0.304804
v 0.457260 0.016158 -0.527766
v 0.451580 0.064999 -0.522401
v 0.430141 0.085826 -0.541500
v 0.457404 0.086704 -0.502067
v 0.442490 0.123928 -0.496565
v 0.437068 0.152456 -0.475561
v 0.452183 0.170217 -0.427661
v 0.428426 0.187267 -0.442562
v 0.450173 0.194428 -0.392864
v 0.421895 0.210957 -0.413524
v 0.451647 0.214294 -0.350947
v 0.440312 0.245401 -0.296428
v 0.493518 0.016449 -0.469304
v 0.455714 0.047066 -0.523634
v 0.493304 0.051015 -0.461311
v 0.488364 0.080224 -0.455748
v 0.489165 0.105695 -0.434979
v 0.457120 0.114808 -0.482063
v 0.482379 0.124586 -0.429621
v 0.460020 0.144782 -0.447151
v 0.477667 0.160400 -0.394042
v 0.470536 0.185004 -0.368937
v 0.482923 0.201761 -0.304802
v 0.471756 0.224201 -0.275205
v 0.521259 0.014922 -0.419370
v 0.517384 0.048083 -0.416290
v 0.505208 0.087322 -0.418122
v 0.523648 0.105142 -0.362335
v 0.514486 0.123127 -0.364172
v 0.494837 0.150062 -0.372318
v 0.521105 0.146621 -0.313923
v 0.516101 0.166657 -0.289667
v 0.490992 0.175660 -0.339299
v 0.505584 0.187592 -0.274138
v 0.532973 0.018118 -0.391009
v 0.563631 0.017860 -0.311758
v 0.531873 0.051759 -0.382629
v 0.555164 0.054544 -0.321053
v 0.524786 0.073726 -0.386589
v 0.532718 0.089633 -0.354211
v 0.555435 0.091010 -0.289417
v 0.534394 0.121933 -0.313131
v 0.450084 0.253741 -0.242470
v 0.440811 0.267855 -0.213403
v 0.451007 0.272695 -0.141190
v 0.446785 0.283248 -0.073055
v 0.479177 0.235126 -0.213877
v 0.488125 0.240007 -0.150872
v 0.466909 0.255083 -0.171172
v 0.484374 0.250507 -0.101565
v 0.462648 0.273805 -0.026402
v 0.512826 0.199261 -0.214978
v 0.525238 0.202774 -0.140346
v 0.495464 0.214110 -0.231524
v 0.502112 0.222062 -0.171540
v 0.518689 0.216253 -0.104458
v 0.509273 0.229663 -0.068836
v 0.511975 0.229907 0.000148
v 0.491059 0.249390 -0.030555
v 0.549597 0.123227 -0.262783
v 0.555333 0.134196 -0.221083
v 0.537947 0.156467 -0.238912
v 0.551752 0.157679 -0.174555
v 0.553909 0.170384 -0.105253
v 0.557650 0.172460 -0.046969
v 0.526802 0.176130 -0.231275
v 0.534681 0.184060 -0.168477
v 0.541654 0.192350 -0.070965
v 0.555911 0.177940 -0.000617
v 0.528399 0.211271 -0.031343
v 0.278630 0.570389 -0.638823
v 0.285204 0.563372 -0.612620
v 0.289270 0.286987 -0.460362
v 0.298164 0.291329 -0.435096
v 0.299543 0.304265 -0.402707
v 0.309111 0.307942 -0.370621
v 0.313978 0.312977 -0.341488
v 0.287894 0.320557 -0.390799
v 0.298083 0.324883 -0.338714
v 0.299794 0.332205 -0.297265
v 0.277420 0.522174 -0.536843
v 0.283508 0.526907 -0.503294
v 0.286674 0.532499 -0.470532
v 0.280508 0.524350 -0.439313
v 0.289443 0.543512 -0.438824
v 0.288916 0.558906 -0.398543
v 0.347404 0.289250 -0.354969
v 0.322449 0.317363 -0.307442
v 0.384662 0.283933 -0.300862
v 0.291098 0.343805 -0.256119
v 0.288874 0.351476 -0.210863
v 0.311196 0.350204 -0.151214
v 0.312004 0.354243 -0.109644
v 0.283448 0.367765 -0.065910
v 0.360741 0.311272 -0.248072
v 0.347941 0.325756 -0.205683
v 0.335498 0.341371 -0.137085
v 0.343115 0.343590 -0.070141
v 0.333130 0.350053 -0.025922
v 0.381771 0.311192 -0.186227
v 0.368791 0.325238 -0.135682
v 0.378221 0.326233 -0.066710
v 0.378566 0.327805 -0.017523
v 0.414739 0.281180 -0.239559
v 0.401961 0.294942 -0.211758
v 0.394621 0.311435 -0.133331
v 0.413041 0.305507 -0.073463
v 0.405987 0.312476 0.003287
v 0.424760 0.286668 -0.174013
v 0.430200 0.289942 -0.122591
v 0.435559 0.293716 -0.000000
v 0.277286 0.592924 -0.666956
v 0.313085 0.589358 -0.573909
v 0.276267 0.628882 -0.698108
v 0.300429 0.614081 -0.644774
v 0.310363 0.600542 -0.604687
v 0.305924 0.650036 -0.665197
v 0.296520 0.684821 -0.697445
v 0.280052 0.722412 -0.730468
v 0.305413 0.718244 -0.692978
v 0.302552 0.753002 -0.701827
v 0.300159 0.789019 -0.703591
v 0.297703 0.822482 -0.699855
v 0.316892 0.627013 -0.621190
v 0.324256 0.614912 -0.577161
v 0.314000 0.674787 -0.664824
v 0.318408 0.653494 -0.641181
v 0.329419 0.652439 -0.609642
v 0.344964 0.663469 -0.566751
v 0.326729 0.685674 -0.641485
v 0.345315 0.691977 -0.594836
v 0.348009 0.682270 -0.575789
v 0.319126 0.718850 -0.669696
v 0.336164 0.719200 -0.632596
v 0.320667 0.752697 -0.671159
v 0.338049 0.752656 -0.633863
v 0.320033 0.786787 -0.670553
v 0.337218 0.786336 -0.633191
v 0.316837 0.830196 -0.665868
v 0.328543 0.820879 -0.643013
v 0.344481 0.823623 -0.599472
v 0.349219 0.722134 -0.595805
v 0.354413 0.720237 -0.570774
v 0.350480 0.752749 -0.597277
v 0.356119 0.752749 -0.571415
v 0.349845 0.795346 -0.595364
v 0.355352 0.785711 -0.571683
v 0.351872 0.818125 -0.572751
v 0.316512 0.585773 -0.543117
v 0.317697 0.583448 -0.508464
v 0.318881 0.587244 -0.474413
v 0.316555 0.590621 -0.440420
v 0.317382 0.612795 -0.398089
v 0.308529 0.624895 -0.360932
v 0.302849 0.648161 -0.331829
v 0.308391 0.690132 -0.318597
v 0.283015 0.683473 -0.283073
v 0.311530 0.724315 -0.313879
v 0.312012 0.753123 -0.311406
v 0.311226 0.816629 -0.319057
v 0.311893 0.782715 -0.312638
v 0.284905 0.823130 -0.281528
v 0.314017 0.595300 -0.416690
v 0.334918 0.625074 -0.540553
v 0.337877 0.626338 -0.507054
v 0.336486 0.625709 -0.473203
v 0.328388 0.617072 -0.439330
v 0.318484 0.638967 -0.370660
v 0.347139 0.664530 -0.445172
v 0.332028 0.648836 -0.403565
v 0.317451 0.673631 -0.343359
v 0.349809 0.682329 -0.433896
v 0.341378 0.682760 -0.401356
v 0.330487 0.683415 -0.369540
v 0.343405 0.722037 -0.384078
v 0.321880 0.717933 -0.335538
v 0.346276 0.758005 -0.384294
v 0.325552 0.752992 -0.338063
v 0.343763 0.815482 -0.392655
v 0.345691 0.781536 -0.384482
v 0.323280 0.788540 -0.335710
v 0.325280 0.825341 -0.350763
v 0.349113 0.664152 -0.537986
v 0.350393 0.662780 -0.507299
v 0.349963 0.663324 -0.476344
v 0.354368 0.689249 -0.539788
v 0.356028 0.688651 -0.507265
v 0.355237 0.688450 -0.474271
v 0.350534 0.707867 -0.415148
v 0.358400 0.719555 -0.540457
v 0.360189 0.719169 -0.507275
v 0.359348 0.719126 -0.473424
v 0.356036 0.719293 -0.440953
v 0.360256 0.752695 -0.540855
v 0.362148 0.752647 -0.507259
v 0.361238 0.752588 -0.472785
v 0.357609 0.752447 -0.438882
v 0.351699 0.751979 -0.405667
v 0.359484 0.786330 -0.540924
v 0.361366 0.786593 -0.507286
v 0.360505 0.786415 -0.472915
v 0.356985 0.785990 -0.439338
v 0.351059 0.786443 -0.406533
v 0.356284 0.818040 -0.540673
v 0.358073 0.818542 -0.507285
v 0.357380 0.818094 -0.473628
v 0.354452 0.816880 -0.442112
v 0.349711 0.816858 -0.415263
v 0.275735 0.662728 -0.282001
v 0.285177 0.718771 -0.277498
v 0.284619 0.864322 -0.702247
v 0.308279 0.857842 -0.668169
v 0.286906 0.903415 -0.672982
v 0.308625 0.895670 -0.638317
v 0.290133 0.925127 -0.645462
v 0.311138 0.918240 -0.604157
v 0.309521 0.939143 -0.568661
v 0.288022 0.953049 -0.610543
v 0.291927 0.962459 -0.578188
v 0.319315 0.867458 -0.638214
v 0.331977 0.856417 -0.611124
v 0.347375 0.845437 -0.568650
v 0.321700 0.889218 -0.609809
v 0.323769 0.905806 -0.579002
v 0.304229 0.856302 -0.325104
v 0.280200 0.852916 -0.285694
v 0.305593 0.910378 -0.370297
v 0.298858 0.888594 -0.336789
v 0.280782 0.898131 -0.312951
v 0.310598 0.941696 -0.443846
v 0.304154 0.934821 -0.403815
v 0.310474 0.947218 -0.535933
v 0.291907 0.976666 -0.506445
v 0.302825 0.959380 -0.471520
v 0.296396 0.961177 -0.437448
v 0.280146 0.947854 -0.361933
v 0.277485 0.980159 -0.415858
v 0.340008 0.881584 -0.540199
v 0.345845 0.870892 -0.507278
v 0.341646 0.880952 -0.473479
v 0.348729 0.846497 -0.440491
v 0.346000 0.839093 -0.417314
v 0.327400 0.854245 -0.373332
v 0.314858 0.865157 -0.349740
v 0.331414 0.908576 -0.506396
v 0.327226 0.905095 -0.436466
v 0.327198 0.886957 -0.405784
v 0.317638 0.885766 -0.374175
v 0.321348 0.924894 -0.541757
v 0.322322 0.925657 -0.471387
v 0.314537 0.910780 -0.394497
v 0.314069 0.944571 -0.495579
v 0.351680 0.844615 -0.538856
v 0.352968 0.846253 -0.506944
v 0.352330 0.845523 -0.473825
v 0.559835 0.039331 -0.315676
v 0.566676 0.054487 -0.284705
v 0.563638 0.080630 -0.273222
v 0.592286 0.012839 -0.209298
v 0.593981 0.038530 -0.185465
v 0.581853 0.052344 -0.227363
v 0.591045 0.055984 -0.183958
v 0.573895 0.084561 -0.226741
v 0.588360 0.084928 -0.155706
v 0.590877 0.099936 -0.099414
v 0.563197 0.109450 -0.236257
v 0.571458 0.121861 -0.169660
v 0.580170 0.123708 -0.103405
v 0.584796 0.122356 -0.052081
v 0.583327 0.129019 0.000586
v 0.565098 0.143213 -0.146118
v 0.569840 0.149483 -0.070407
v 0.565556 0.162557 0.001885
v 0.597256 0.017378 -0.179167
v 0.604802 0.016563 -0.122033
v 0.609274 0.017500 -0.072229
v 0.611960 0.016849 -0.001681
v 0.599775 0.050312 -0.136040
v 0.605363 0.051165 -0.072627
v 0.608229 0.050071 0.000522
v 0.595913 0.072790 -0.130013
v 0.598845 0.082222 -0.068494
v 0.601714 0.080682 0.000800
v 0.593719 0.104892 -0.021746
v 0.196209 0.293775 0.509779
v 0.208069 0.277827 0.547063
v 0.249189 0.270303 0.513441
v 0.231953 0.265593 0.545456
v 0.284395 0.226447 0.561034
v 0.260070 0.252091 0.540071
v 0.083944 0.009525 0.838521
v 0.119448 0.012417 0.822979
v 0.158164 0.013906 0.798020
v 0.145075 0.027470 0.822634
v 0.170595 0.034229 0.805961
v 0.182804 0.018237 0.781586
v 0.208626 0.038320 0.770332
v 0.195452 0.047658 0.793008
v 0.181898 0.057041 0.820980
v 0.203266 0.068101 0.804238
v 0.206985 0.275903 0.575325
v 0.206792 0.278319 0.600548
v 0.242893 0.014611 0.733159
v 0.222816 0.016449 0.748881
v 0.245029 0.040725 0.735550
v 0.229350 0.051678 0.755615
v 0.216075 0.062192 0.779601
v 0.236377 0.084094 0.764771
v 0.218724 0.088155 0.801125
v 0.242419 0.107790 0.769990
v 0.232004 0.123305 0.808495
v 0.238952 0.152441 0.813913
v 0.245851 0.186694 0.808486
v 0.245381 0.243330 0.589617
v 0.242051 0.243390 0.612814
v 0.242503 0.243122 0.636277
v 0.228370 0.224781 0.852492
v 0.231079 0.258556 0.577352
v 0.224064 0.264194 0.612863
v 0.231952 0.260771 0.648769
v 0.233042 0.267363 0.683939
v 0.234014 0.271207 0.718292
v 0.234844 0.270930 0.752267
v 0.233828 0.267774 0.785093
v 0.240730 0.243614 0.802713
v 0.263247 0.017028 0.718540
v 0.279618 0.066429 0.701796
v 0.263246 0.053912 0.719500
v 0.247267 0.065608 0.738965
v 0.279386 0.091543 0.697717
v 0.263774 0.089461 0.719979
v 0.249831 0.090120 0.743703
v 0.276666 0.122429 0.693313
v 0.264022 0.122412 0.720841
v 0.248994 0.120433 0.761791
v 0.279906 0.167254 0.657500
v 0.274056 0.156345 0.683315
v 0.264030 0.156759 0.718395
v 0.256198 0.156752 0.752427
v 0.245751 0.164662 0.802044
v 0.280218 0.210788 0.591267
v 0.276052 0.202442 0.614821
v 0.271824 0.192468 0.646778
v 0.265359 0.190915 0.682460
v 0.260703 0.190779 0.717513
v 0.256252 0.190753 0.751605
v 0.251256 0.191298 0.782857
v 0.265612 0.229908 0.579906
v 0.258677 0.224957 0.613546
v 0.254102 0.225630 0.647856
v 0.255057 0.222011 0.683289
v 0.254383 0.221744 0.717585
v 0.252451 0.221570 0.751147
v 0.245039 0.224157 0.803802
v 0.251425 0.246519 0.565343
v 0.245190 0.245303 0.678240
v 0.245799 0.247770 0.718279
v 0.245402 0.247634 0.751211
v 0.243602 0.245893 0.781280
v 0.017105 0.037805 0.895959
v 0.016842 0.067569 0.932431
v 0.017947 0.100537 0.965725
v 0.017724 0.137867 0.995914
v 0.015309 0.172562 1.017126
v 0.017062 0.197133 1.026171
v 0.017413 0.228283 1.033233
v 0.017267 0.261580 1.035244
v 0.050449 0.035033 0.886393
v 0.051598 0.068713 0.927693
v 0.051211 0.103996 0.963208
v 0.050159 0.134231 0.988118
v 0.044780 0.170942 1.012736
v 0.065966 0.179985 1.010998
v 0.051241 0.195426 1.020866
v 0.051590 0.227936 1.027942
v 0.050843 0.261080 1.029948
v 0.083807 0.036404 0.876471
v 0.083230 0.062043 0.909019
v 0.082738 0.096252 0.945643
v 0.079641 0.134274 0.979264
v 0.090334 0.148544 0.984436
v 0.090665 0.189112 1.004948
v 0.076243 0.203529 1.016404
v 0.098584 0.214472 1.009414
v 0.083344 0.228717 1.019005
v 0.080979 0.260886 1.020957
v 0.119140 0.037745 0.856810
v 0.112190 0.071442 0.904734
v 0.131033 0.080815 0.901626
v 0.111546 0.101844 0.936661
v 0.120559 0.117603 0.944629
v 0.115478 0.159020 0.977525
v 0.123907 0.184436 0.984336
v 0.104108 0.234210 1.010626
v 0.103325 0.261606 1.011429
v 0.146422 0.064352 0.869055
v 0.165975 0.078669 0.866231
v 0.149223 0.091490 0.897981
v 0.166678 0.113750 0.901869
v 0.145849 0.129511 0.935478
v 0.164480 0.155620 0.935857
v 0.147168 0.159077 0.953694
v 0.169654 0.179150 0.942834
v 0.143058 0.197180 0.974756
v 0.173693 0.224552 0.950003
v 0.141107 0.229130 0.982732
v 0.140987 0.260797 0.982367
v 0.183312 0.093444 0.862845
v 0.179062 0.130063 0.902297
v 0.209692 0.156026 0.878048
v 0.181783 0.160632 0.919406
v 0.201743 0.192728 0.904480
v 0.176752 0.195831 0.941209
v 0.197819 0.226471 0.915215
v 0.190982 0.258973 0.919866
v 0.174595 0.258171 0.945807
v 0.203060 0.113737 0.855864
v 0.207098 0.132245 0.865891
v 0.223071 0.159498 0.853302
v 0.227204 0.192628 0.856412
v 0.215474 0.193274 0.881446
v 0.216198 0.226165 0.881847
v 0.213433 0.260661 0.876664
v 0.017522 0.413659 0.085738
v 0.018111 0.406017 0.172180
v 0.017561 0.396236 0.242543
v 0.052626 0.412765 0.070829
v 0.052275 0.408058 0.138694
v 0.053980 0.399548 0.210241
v 0.069357 0.391491 0.255745
v 0.087672 0.409978 0.070768
v 0.088122 0.405109 0.139479
v 0.087846 0.396454 0.212940
v 0.144366 0.380254 0.265772
v 0.121721 0.405880 0.072251
v 0.123811 0.399940 0.149403
v 0.134985 0.387219 0.236786
v 0.115139 0.384156 0.270824
v 0.179922 0.380963 0.221073
v 0.155599 0.400613 0.071251
v 0.171236 0.394376 0.123434
v 0.159510 0.390979 0.177298
v 0.194233 0.384867 0.171011
v 0.191127 0.368381 0.274487
v 0.206986 0.390476 0.069888
v 0.242351 0.382298 0.047451
v 0.238310 0.379610 0.109745
v 0.225426 0.377130 0.167644
v 0.227454 0.364809 0.244328
v 0.211451 0.385293 0.129368
v 0.263512 0.350629 0.261321
v 0.280116 0.368795 0.069589
v 0.279234 0.365392 0.119510
v 0.260266 0.365612 0.174087
v 0.276543 0.354455 0.214855
v 0.036945 0.344115 0.447250
v 0.017490 0.337376 0.475971
v 0.017607 0.333917 0.507093
v 0.017517 0.336938 0.537737
v 0.017697 0.385853 0.297444
v 0.014680 0.367769 0.372083
v 0.052535 0.335468 0.474896
v 0.053234 0.330885 0.507120
v 0.052791 0.333612 0.539050
v 0.052826 0.385200 0.293587
v 0.051080 0.371593 0.351119
v 0.051352 0.356332 0.405209
v 0.105432 0.318038 0.516893
v 0.106831 0.317750 0.533641
v 0.089576 0.350030 0.415127
v 0.087827 0.331844 0.472387
v 0.090944 0.324139 0.507121
v 0.089437 0.326265 0.541959
v 0.088352 0.384409 0.284242
v 0.086039 0.368145 0.353077
v 0.127004 0.313085 0.541506
v 0.127863 0.351977 0.392348
v 0.117027 0.322705 0.484272
v 0.125258 0.322185 0.573330
v 0.136905 0.368226 0.325054
v 0.159499 0.311282 0.490754
v 0.157600 0.306709 0.508316
v 0.156673 0.303429 0.541818
v 0.158952 0.344398 0.396685
v 0.151584 0.352661 0.374848
v 0.198908 0.316299 0.448866
v 0.185669 0.290830 0.543731
v 0.215944 0.344724 0.348605
v 0.193337 0.343237 0.374496
v 0.187958 0.353626 0.343139
v 0.229594 0.316589 0.422649
v 0.221501 0.291617 0.490632
v 0.225364 0.349926 0.318697
v 0.266850 0.316755 0.384033
v 0.265547 0.287388 0.461582
v 0.259846 0.339948 0.312243
v 0.017247 0.345097 0.565241
v 0.018258 0.362410 0.608808
v 0.013560 0.383178 0.664143
v 0.020015 0.384912 0.671130
v 0.017571 0.398786 0.738029
v 0.017354 0.404319 0.787404
v 0.017299 0.405599 0.822441
v 0.051552 0.342498 0.568153
v 0.053095 0.355154 0.599494
v 0.051831 0.378409 0.664487
v 0.048962 0.386945 0.693229
v 0.051988 0.395004 0.737478
v 0.051283 0.400424 0.787385
v 0.051062 0.401576 0.822316
v 0.091127 0.335820 0.574325
v 0.073524 0.348960 0.594541
v 0.090275 0.357526 0.629265
v 0.077546 0.382760 0.699863
v 0.101375 0.380702 0.725649
v 0.076674 0.387261 0.720855
v 0.084873 0.389820 0.752214
v 0.082438 0.393633 0.787595
v 0.081803 0.394591 0.822038
v 0.135192 0.314869 0.564793
v 0.118358 0.350953 0.639125
v 0.136405 0.348349 0.656990
v 0.118060 0.364062 0.684124
v 0.122624 0.369699 0.716794
v 0.123852 0.374827 0.751562
v 0.129745 0.374825 0.787395
v 0.131006 0.373967 0.821797
v 0.108137 0.385025 0.779693
v 0.107529 0.385779 0.821906
v 0.157913 0.306982 0.574804
v 0.155589 0.315755 0.598202
v 0.155946 0.332950 0.645985
v 0.163498 0.339313 0.683654
v 0.171145 0.343478 0.725800
v 0.168735 0.343605 0.853368
v 0.145847 0.355918 0.706013
v 0.155002 0.357774 0.752446
v 0.154575 0.360363 0.787101
v 0.157108 0.357555 0.821638
v 0.184989 0.291719 0.576817
v 0.190331 0.295911 0.613399
v 0.196740 0.301896 0.649194
v 0.203714 0.307455 0.690457
v 0.199442 0.307943 0.851902
v 0.177356 0.317341 0.644837
v 0.184385 0.323350 0.683645
v 0.191265 0.325239 0.718381
v 0.178531 0.342686 0.764963
v 0.190151 0.331840 0.786405
v 0.189208 0.329247 0.820925
v 0.174980 0.346165 0.795102
v 0.214483 0.279725 0.637618
v 0.217572 0.289138 0.683609
v 0.217686 0.296200 0.718785
v 0.220971 0.294349 0.753367
v 0.220394 0.293049 0.785825
v 0.215526 0.292814 0.819677
v 0.207331 0.312901 0.745802
v 0.206381 0.313234 0.795183
v 0.017034 0.293263 1.030744
v 0.016966 0.341375 1.006205
v 0.016657 0.320150 1.020762
v 0.016771 0.373745 0.966707
v 0.016724 0.358997 0.988067
v 0.017247 0.404100 0.857214
v 0.017105 0.399666 0.891005
v 0.016487 0.392889 0.921875
v 0.014691 0.385015 0.946303
v 0.050173 0.292206 1.025577
v 0.050296 0.337572 1.001991
v 0.048156 0.317755 1.016700
v 0.063897 0.378920 0.938211
v 0.051392 0.371354 0.959858
v 0.048750 0.355693 0.984228
v 0.050907 0.399994 0.856907
v 0.050785 0.395394 0.890751
v 0.049611 0.388238 0.923060
v 0.039156 0.382895 0.944410
v 0.095600 0.305612 1.002134
v 0.081416 0.291883 1.015434
v 0.098089 0.340693 0.972908
v 0.084210 0.328949 0.993596
v 0.072330 0.314198 1.010423
v 0.097666 0.378340 0.903311
v 0.088773 0.372899 0.928736
v 0.085161 0.358299 0.959430
v 0.073648 0.349024 0.980548
v 0.081494 0.392940 0.855810
v 0.082620 0.387860 0.889108
v 0.074501 0.384296 0.914459
v 0.131902 0.306750 0.972008
v 0.117661 0.293482 0.992056
v 0.102051 0.282563 1.008109
v 0.132433 0.340174 0.937568
v 0.121908 0.330527 0.961935
v 0.109050 0.318799 0.983948
v 0.127237 0.372903 0.855968
v 0.119070 0.370326 0.890582
v 0.118841 0.357665 0.924585
v 0.109600 0.350251 0.949603
v 0.105091 0.383807 0.865608
v 0.162903 0.305327 0.935557
v 0.152344 0.293345 0.958182
v 0.138491 0.282517 0.978822
v 0.162296 0.336906 0.890339
v 0.153334 0.328300 0.923707
v 0.143764 0.318556 0.948953
v 0.149917 0.357908 0.856529
v 0.143705 0.354435 0.888163
v 0.139690 0.347985 0.912887
v 0.206777 0.280699 0.875783
v 0.178869 0.291443 0.921959
v 0.170097 0.281799 0.943037
v 0.185296 0.324533 0.856650
v 0.179635 0.317977 0.887789
v 0.171825 0.313758 0.911996
v 0.212591 0.284596 0.852025
v 0.406887 0.267385 0.307510
v 0.447978 0.240153 0.292060
v 0.446163 0.283601 0.074088
v 0.451245 0.272308 0.142595
v 0.441091 0.267245 0.215143
v 0.429246 0.257894 0.285540
v 0.480924 0.202567 0.308147
v 0.494566 0.235936 0.140115
v 0.479523 0.234305 0.215751
v 0.469106 0.225491 0.278984
v 0.460779 0.275278 0.027353
v 0.484482 0.250415 0.101417
v 0.467265 0.254476 0.173002
v 0.458548 0.248971 0.232587
v 0.522454 0.160648 0.283428
v 0.525644 0.202185 0.141007
v 0.513093 0.198308 0.217017
v 0.503162 0.188830 0.278657
v 0.509051 0.229785 0.070188
v 0.502288 0.221404 0.173844
v 0.494537 0.214832 0.232515
v 0.491650 0.248970 0.028956
v 0.555924 0.110835 0.262201
v 0.554742 0.134623 0.222578
v 0.557356 0.172827 0.047524
v 0.553899 0.170072 0.107137
v 0.550367 0.164379 0.157002
v 0.545490 0.154378 0.214056
v 0.541239 0.192769 0.072039
v 0.535106 0.182938 0.170845
v 0.525797 0.176865 0.233238
v 0.528854 0.210884 0.029780
v 0.523954 0.211382 0.093835
v 0.302040 0.203398 0.575410
v 0.302554 0.229077 0.536734
v 0.299183 0.271251 0.462662
v 0.285856 0.247499 0.521646
v 0.337201 0.205071 0.536723
v 0.334220 0.226609 0.507792
v 0.336445 0.273373 0.412457
v 0.325809 0.248980 0.477416
v 0.364316 0.156046 0.566345
v 0.369549 0.203893 0.501103
v 0.354817 0.178699 0.551993
v 0.388517 0.235969 0.419704
v 0.361348 0.223739 0.480108
v 0.366343 0.278599 0.352934
v 0.383144 0.254191 0.388152
v 0.353171 0.247427 0.446901
v 0.410276 0.090025 0.564795
v 0.415300 0.146361 0.513763
v 0.416466 0.116342 0.539405
v 0.426781 0.161415 0.480603
v 0.383140 0.148300 0.552811
v 0.405244 0.195447 0.465866
v 0.383286 0.175898 0.522147
v 0.423619 0.238873 0.351296
v 0.397985 0.215710 0.443355
v 0.455372 0.055033 0.521330
v 0.453081 0.046287 0.527646
v 0.433558 0.087094 0.536363
v 0.439849 0.123967 0.500435
v 0.450570 0.170587 0.429946
v 0.447757 0.195575 0.395265
v 0.425317 0.188176 0.446288
v 0.451550 0.213748 0.352375
v 0.420420 0.211400 0.415221
v 0.495549 0.018071 0.465655
v 0.457571 0.016855 0.527255
v 0.492464 0.051693 0.462641
v 0.487570 0.104612 0.438910
v 0.461048 0.084506 0.497485
v 0.484352 0.121847 0.428997
v 0.453777 0.115810 0.486518
v 0.474850 0.161448 0.398156
v 0.457923 0.145235 0.450242
v 0.466824 0.186882 0.373424
v 0.519368 0.046583 0.413201
v 0.522388 0.010801 0.417521
v 0.522662 0.103823 0.366113
v 0.488977 0.081352 0.454090
v 0.515536 0.124213 0.360088
v 0.520535 0.145079 0.318042
v 0.491585 0.151483 0.377577
v 0.489693 0.176160 0.341555
v 0.560525 0.017549 0.320450
v 0.530617 0.017723 0.397042
v 0.559374 0.070263 0.297411
v 0.530322 0.053101 0.385929
v 0.551615 0.084966 0.306912
v 0.524497 0.081143 0.382416
v 0.530797 0.120634 0.325273
v 0.280625 0.020042 0.706324
v 0.286562 0.042669 0.699818
v 0.303622 0.112809 0.661553
v 0.295880 0.084758 0.680963
v 0.291335 0.119321 0.672580
v 0.308115 0.147560 0.632780
v 0.296149 0.152465 0.643259
v 0.286467 0.143054 0.666330
v 0.304852 0.179500 0.603069
v 0.287438 0.176000 0.632758
v 0.330203 0.016595 0.666919
v 0.322822 0.049204 0.667865
v 0.346747 0.099948 0.626554
v 0.349276 0.078300 0.634853
v 0.326724 0.120555 0.633138
v 0.339135 0.144597 0.602387
v 0.389714 0.017793 0.610526
v 0.360255 0.016947 0.640252
v 0.356793 0.049548 0.637716
v 0.379512 0.091564 0.598650
v 0.378136 0.120769 0.581419
v 0.424488 0.016472 0.571123
v 0.391373 0.049454 0.602707
v 0.387538 0.075583 0.597639
v 0.425160 0.049258 0.563770
v 0.419567 0.074752 0.561296
v 0.304337 0.345605 0.204441
v 0.296984 0.333972 0.278697
v 0.313017 0.358294 0.019843
v 0.311122 0.352135 0.136098
v 0.354243 0.306280 0.283626
v 0.352866 0.340906 0.028429
v 0.340033 0.342385 0.106695
v 0.330430 0.338983 0.173291
v 0.344026 0.321023 0.242478
v 0.319939 0.353600 0.070260
v 0.373640 0.317206 0.177206
v 0.391232 0.298750 0.225122
v 0.378345 0.326143 0.067143
v 0.380634 0.320227 0.124863
v 0.413158 0.305409 0.073869
v 0.421853 0.295475 0.124498
v 0.399846 0.302461 0.175321
v 0.414899 0.280976 0.239967
v 0.425420 0.286022 0.175464
v 0.298385 0.314751 0.350363
v 0.310184 0.286484 0.414349
v 0.289536 0.283027 0.447028
v 0.330406 0.298949 0.351370
v 0.318996 0.317584 0.307399
v 0.388508 0.280903 0.302705
v 0.593123 0.011896 0.206673
v 0.574092 0.017095 0.274911
v 0.590226 0.055874 0.188186
v 0.574989 0.052580 0.254493
v 0.590312 0.100908 0.101425
v 0.587632 0.081917 0.165140
v 0.566437 0.086978 0.255718
v 0.583489 0.122583 0.072701
v 0.578480 0.122202 0.122431
v 0.569565 0.121757 0.180817
v 0.562275 0.110172 0.238895
v 0.569955 0.148968 0.072838
v 0.564276 0.144176 0.148327
v 0.609414 0.017385 0.070072
v 0.603869 0.016558 0.130706
v 0.605345 0.050544 0.074664
v 0.601666 0.048197 0.121267
v 0.595829 0.047118 0.167644
v 0.598538 0.083388 0.069692
v 0.595496 0.073505 0.132027
v 0.593579 0.105237 0.022593
v 0.559985 0.046538 0.312253
vt 0.077774 0.535160
vt 0.080957 0.523063
vt 0.082669 0.508625
vt 0.071163 0.508592
vt 0.006055 0.555813
vt 0.034725 0.538174
vt 0.018448 0.543771
vt 0.000212 0.542428
vt 0.043652 0.524184
vt 0.031654 0.524944
vt 0.019532 0.526317
vt 0.000137 0.526145
vt 0.053415 0.504942
vt 0.034244 0.508319
vt 0.018567 0.509234
vt 0.000505 0.508767
vt 0.999823 0.598607
vt 0.040909 0.577113
vt 0.020229 0.580747
vt 0.000530 0.589089
vt 0.063943 0.556793
vt 0.048926 0.563979
vt 0.033194 0.564871
vt 0.019729 0.565423
vt 0.000160 0.569288
vt 0.067491 0.544260
vt 0.043602 0.542465
vt 0.027081 0.553127
vt 0.066318 0.526556
vt 0.049124 0.528631
vt 0.054878 0.508947
vt 0.105344 0.664990
vt 0.122033 0.659491
vt 0.107452 0.688980
vt 0.122054 0.697979
vt 0.147724 0.660915
vt 0.129892 0.676619
vt 0.137724 0.690943
vt 0.119946 0.718624
vt 0.158675 0.655381
vt 0.007321 0.678519
vt 0.083455 0.668778
vt 0.062260 0.677014
vt 0.045673 0.688290
vt 0.026190 0.678278
vt 0.051036 0.710787
vt 0.027954 0.724019
vt 0.006589 0.709547
vt 0.083103 0.686106
vt 0.065766 0.692852
vt 0.028158 0.700234
vt 0.097715 0.707408
vt 0.070482 0.708282
vt 0.052103 0.733957
vt 0.998493 0.729093
vt 0.065630 0.755773
vt 0.034406 0.762162
vt 0.009374 0.771760
vt 0.076873 0.734755
vt 0.032457 0.747042
vt 0.999926 0.748904
vt 0.105125 0.751923
vt 0.064363 0.779250
vt 0.038753 0.788621
vt 0.094143 0.740606
vt 0.147839 0.533826
vt 0.147163 0.522169
vt 0.148274 0.507367
vt 0.153523 0.569099
vt 0.158275 0.554932
vt 0.158442 0.533651
vt 0.150019 0.540830
vt 0.158352 0.521876
vt 0.159591 0.507828
vt 0.157726 0.583998
vt 0.165465 0.564210
vt 0.158370 0.571979
vt 0.169501 0.553604
vt 0.169056 0.533066
vt 0.160217 0.541065
vt 0.168962 0.521616
vt 0.168430 0.507342
vt 0.168927 0.582816
vt 0.178439 0.563963
vt 0.169389 0.570581
vt 0.180555 0.553249
vt 0.179282 0.532167
vt 0.171298 0.540010
vt 0.180661 0.522408
vt 0.177522 0.507416
vt 0.177690 0.601221
vt 0.179772 0.578692
vt 0.171949 0.598585
vt 0.185880 0.547685
vt 0.182521 0.539841
vt 0.189261 0.517107
vt 0.189008 0.506821
vt 0.087291 0.574324
vt 0.097251 0.551338
vt 0.087501 0.560927
vt 0.100267 0.539586
vt 0.080809 0.542588
vt 0.100123 0.525714
vt 0.107559 0.505026
vt 0.105908 0.508134
vt 0.096932 0.591327
vt 0.080495 0.600973
vt 0.104243 0.576295
vt 0.116648 0.550336
vt 0.115366 0.559250
vt 0.097036 0.562076
vt 0.119115 0.538615
vt 0.120032 0.524305
vt 0.109912 0.524067
vt 0.119991 0.508409
vt 0.105464 0.613693
vt 0.085390 0.624709
vt 0.107381 0.596444
vt 0.090692 0.608483
vt 0.123653 0.570796
vt 0.111054 0.581126
vt 0.130540 0.554860
vt 0.131047 0.539455
vt 0.137077 0.521153
vt 0.135731 0.525254
vt 0.136242 0.507684
vt 0.093423 0.647644
vt 0.124009 0.609362
vt 0.110189 0.630354
vt 0.091951 0.634353
vt 0.128829 0.594300
vt 0.115103 0.600729
vt 0.141804 0.569400
vt 0.134430 0.578318
vt 0.121274 0.585100
vt 0.145361 0.553827
vt 0.135241 0.558556
vt 0.141807 0.539985
vt 0.126034 0.638824
vt 0.103002 0.653703
vt 0.133574 0.610574
vt 0.131138 0.624558
vt 0.149221 0.584405
vt 0.136058 0.597580
vt 0.143561 0.630439
vt 0.147330 0.613452
vt 0.148878 0.600734
vt 0.154931 0.629415
vt 0.141096 0.651026
vt 0.167720 0.611624
vt 0.156171 0.615985
vt 0.160996 0.599760
vt 0.168736 0.625601
vt 0.158734 0.645606
vt 0.028204 0.620327
vt 0.009326 0.620934
vt 0.066449 0.594954
vt 0.049186 0.600218
vt 0.041712 0.613225
vt 0.021060 0.608031
vt 0.079110 0.584025
vt 0.059516 0.581996
vt 0.044227 0.589027
vt 0.030410 0.593199
vt 0.013536 0.595385
vt 0.070142 0.556787
vt 0.060728 0.570515
vt 0.030315 0.644740
vt 0.009720 0.649298
vt 0.069948 0.619229
vt 0.053030 0.625634
vt 0.043939 0.636971
vt 0.021807 0.633848
vt 0.000046 0.634349
vt 0.063685 0.608855
vt 0.074709 0.643542
vt 0.056435 0.650304
vt 0.034701 0.654938
vt 0.011020 0.665600
vt 0.067290 0.633430
vt 0.072225 0.658725
vt 0.048713 0.666204
vt 0.206938 0.643592
vt 0.215765 0.644995
vt 0.225257 0.652057
vt 0.234639 0.653342
vt 0.244889 0.644090
vt 0.124334 0.740967
vt 0.153843 0.695452
vt 0.139537 0.721803
vt 0.170805 0.649419
vt 0.157959 0.680555
vt 0.152038 0.732645
vt 0.171069 0.685149
vt 0.161733 0.722511
vt 0.179588 0.658897
vt 0.170241 0.733941
vt 0.153195 0.765343
vt 0.186127 0.680571
vt 0.174186 0.717502
vt 0.194503 0.651473
vt 0.195836 0.730245
vt 0.186556 0.756850
vt 0.170804 0.786120
vt 0.200666 0.676585
vt 0.190552 0.714223
vt 0.186022 0.791922
vt 0.210712 0.678200
vt 0.205602 0.712311
vt 0.200258 0.794555
vt 0.217158 0.718516
vt 0.211965 0.752051
vt 0.221092 0.680570
vt 0.218881 0.803344
vt 0.230352 0.716632
vt 0.228653 0.742069
vt 0.224684 0.773261
vt 0.232845 0.688740
vt 0.235629 0.670935
vt 0.240514 0.798367
vt 0.243384 0.710012
vt 0.242286 0.749770
vt 0.246457 0.671723
vt 0.000052 0.817629
vt 0.093827 0.774568
vt 0.087385 0.818022
vt 0.051816 0.837637
vt 0.000098 0.826030
vt 0.130690 0.764113
vt 0.101771 0.796205
vt 0.068686 0.807499
vt 0.030773 0.817437
vt 0.114892 0.811571
vt 0.099403 0.843568
vt 1.000000 0.853978
vt 0.141275 0.795535
vt 0.167537 0.804771
vt 0.133398 0.825654
vt 0.068323 0.871519
vt 0.999998 0.879762
vt 0.139866 0.856216
vt 0.085200 0.893231
vt 0.999996 0.907153
vt 0.187727 0.832459
vt 0.160322 0.876893
vt 0.107953 0.914709
vt 1.000000 0.934859
vt 0.210002 0.841590
vt 0.192634 0.889096
vt 0.148116 0.933078
vt 1.000000 0.961501
vt 0.235704 0.845550
vt 0.230163 0.895166
vt 0.211212 0.944688
vt 0.017267 0.987207
vt 0.181355 0.622589
vt 0.190451 0.596468
vt 0.180759 0.611496
vt 0.187347 0.586613
vt 0.190716 0.568044
vt 0.196168 0.545940
vt 0.189760 0.554150
vt 0.195797 0.537513
vt 0.190996 0.523686
vt 0.198321 0.506843
vt 0.188452 0.627504
vt 0.196159 0.598984
vt 0.190829 0.613349
vt 0.204441 0.579429
vt 0.196681 0.585979
vt 0.206042 0.561331
vt 0.198020 0.569743
vt 0.200300 0.552910
vt 0.205827 0.530014
vt 0.204765 0.520643
vt 0.204862 0.506854
vt 0.199769 0.618717
vt 0.208900 0.599864
vt 0.207120 0.590425
vt 0.208797 0.572887
vt 0.214612 0.544773
vt 0.209025 0.550433
vt 0.209190 0.536877
vt 0.216341 0.520787
vt 0.212981 0.506768
vt 0.212290 0.615919
vt 0.220693 0.593684
vt 0.221417 0.576861
vt 0.214339 0.584322
vt 0.215610 0.567081
vt 0.218547 0.556220
vt 0.217485 0.534493
vt 0.221282 0.515718
vt 0.222499 0.506607
vt 0.220118 0.615220
vt 0.230131 0.559360
vt 0.223569 0.566191
vt 0.224262 0.549960
vt 0.230257 0.530013
vt 0.224634 0.536089
vt 0.224735 0.522230
vt 0.228425 0.614613
vt 0.227163 0.633303
vt 0.229822 0.593489
vt 0.230906 0.574851
vt 0.231724 0.550118
vt 0.233554 0.540543
vt 0.232578 0.519814
vt 0.232593 0.506742
vt 0.237109 0.618739
vt 0.236186 0.633449
vt 0.237488 0.604784
vt 0.238500 0.585275
vt 0.238789 0.565790
vt 0.245102 0.542655
vt 0.239182 0.549544
vt 0.239490 0.534110
vt 0.239485 0.520617
vt 0.239480 0.506930
vt 0.245592 0.623458
vt 0.245975 0.594000
vt 0.245769 0.609738
vt 0.246343 0.575583
vt 0.246055 0.556608
vt 0.246597 0.533041
vt 0.246509 0.520557
vt 0.246493 0.506946
vt 0.189748 0.642347
vt 0.994173 0.555625
vt 0.981876 0.543154
vt 0.965813 0.537809
vt 0.980997 0.526650
vt 0.964502 0.525982
vt 0.951832 0.519684
vt 0.981944 0.509046
vt 0.968312 0.508543
vt 0.953845 0.508648
vt 0.946225 0.505745
vt 0.980434 0.581070
vt 0.959730 0.576588
vt 0.985863 0.565401
vt 0.971928 0.565862
vt 0.954068 0.564186
vt 0.936783 0.556444
vt 0.973471 0.552606
vt 0.958824 0.544133
vt 0.940115 0.543350
vt 0.928162 0.540751
vt 0.951977 0.528710
vt 0.940713 0.526609
vt 0.925902 0.527281
vt 0.930186 0.508452
vt 0.918285 0.519455
vt 0.918037 0.508044
vt 0.991361 0.670395
vt 0.993422 0.696017
vt 0.974204 0.677958
vt 0.949742 0.689643
vt 0.938118 0.677698
vt 0.916622 0.668989
vt 0.972215 0.724143
vt 0.949145 0.714311
vt 0.971986 0.700350
vt 0.922830 0.683284
vt 0.929980 0.708128
vt 0.902095 0.706005
vt 0.906905 0.691938
vt 0.989398 0.771672
vt 0.964564 0.767899
vt 0.938039 0.747837
vt 0.967903 0.746964
vt 0.909074 0.723634
vt 0.889578 0.688296
vt 0.935637 0.779249
vt 0.917959 0.749091
vt 0.895380 0.752775
vt 0.887047 0.737418
vt 0.880054 0.718625
vt 0.895041 0.664716
vt 0.878514 0.659181
vt 0.878466 0.697658
vt 0.871737 0.675511
vt 0.852168 0.660855
vt 0.862791 0.690615
vt 0.841683 0.650384
vt 0.991092 0.620565
vt 0.968371 0.623503
vt 0.979267 0.607764
vt 0.958444 0.613635
vt 0.951418 0.600981
vt 0.934160 0.594562
vt 0.986628 0.595154
vt 0.970113 0.593414
vt 0.951234 0.584674
vt 0.933480 0.582702
vt 0.939701 0.570299
vt 0.929016 0.563531
vt 0.923549 0.545933
vt 0.990639 0.649075
vt 0.967105 0.649151
vt 0.978617 0.633777
vt 0.947606 0.626165
vt 0.930427 0.618781
vt 0.936824 0.609526
vt 0.920923 0.600362
vt 0.918601 0.587372
vt 0.944073 0.650861
vt 0.921355 0.646646
vt 0.952290 0.639791
vt 0.933185 0.634090
vt 0.915951 0.623990
vt 0.910393 0.608103
vt 0.951715 0.666589
vt 0.928244 0.659306
vt 0.898194 0.652940
vt 0.913707 0.575281
vt 0.915643 0.561872
vt 0.903664 0.552087
vt 0.906609 0.544310
vt 0.898951 0.535852
vt 0.916553 0.527007
vt 0.900747 0.525094
vt 0.899263 0.508722
vt 0.903760 0.591114
vt 0.897339 0.575676
vt 0.901966 0.561405
vt 0.884322 0.550957
vt 0.889967 0.542137
vt 0.880496 0.538046
vt 0.892166 0.523007
vt 0.880332 0.523998
vt 0.892173 0.507098
vt 0.879002 0.507687
vt 0.894864 0.614106
vt 0.894169 0.595514
vt 0.890221 0.580680
vt 0.877258 0.570653
vt 0.884196 0.560647
vt 0.870774 0.554471
vt 0.867597 0.540416
vt 0.863980 0.521549
vt 0.863699 0.507476
vt 0.905695 0.637847
vt 0.890029 0.630641
vt 0.876595 0.609174
vt 0.885802 0.600140
vt 0.872418 0.593947
vt 0.879434 0.584977
vt 0.868291 0.573782
vt 0.865846 0.558638
vt 0.855194 0.548943
vt 0.856839 0.539303
vt 0.863448 0.529874
vt 0.854298 0.523485
vt 0.874385 0.639519
vt 0.869312 0.625187
vt 0.867378 0.610086
vt 0.865137 0.597433
vt 0.851443 0.584336
vt 0.860881 0.577219
vt 0.847651 0.569092
vt 0.853449 0.557328
vt 0.856961 0.630234
vt 0.854025 0.612631
vt 0.851815 0.600263
vt 0.842942 0.583787
vt 0.842491 0.571875
vt 0.859837 0.650104
vt 0.846046 0.628715
vt 0.845005 0.615924
vt 0.839638 0.599468
vt 0.831874 0.625125
vt 0.833088 0.611645
vt 0.828569 0.598315
vt 0.851354 0.537236
vt 0.852906 0.507554
vt 0.841558 0.533651
vt 0.842087 0.522258
vt 0.843815 0.507730
vt 0.840248 0.554774
vt 0.840020 0.541146
vt 0.830944 0.533066
vt 0.831401 0.521690
vt 0.832953 0.507483
vt 0.831497 0.582472
vt 0.832841 0.568922
vt 0.822204 0.564176
vt 0.828486 0.553574
vt 0.829097 0.540195
vt 0.820718 0.532167
vt 0.820716 0.521121
vt 0.822698 0.507231
vt 0.822352 0.579710
vt 0.817017 0.550362
vt 0.819808 0.543028
vt 0.813785 0.537235
vt 0.811284 0.519495
vt 0.810893 0.506381
vt 0.906174 0.774569
vt 0.866253 0.746823
vt 0.949077 0.838544
vt 0.910818 0.812424
vt 0.961103 0.810576
vt 0.932130 0.808273
vt 0.881001 0.776630
vt 0.900595 0.843570
vt 0.886034 0.811375
vt 0.855568 0.778208
vt 0.931674 0.871518
vt 0.867898 0.825734
vt 0.849884 0.802403
vt 0.831260 0.792922
vt 0.914798 0.893230
vt 0.860135 0.856217
vt 0.823970 0.804836
vt 0.892045 0.914708
vt 0.839678 0.876893
vt 0.812273 0.832459
vt 0.799245 0.793804
vt 0.851883 0.933078
vt 0.807367 0.889094
vt 0.789998 0.841588
vt 0.780826 0.802440
vt 0.790430 0.946958
vt 0.770366 0.897327
vt 0.763739 0.846451
vt 0.760516 0.806196
vt 0.861236 0.721314
vt 0.847099 0.689244
vt 0.833352 0.658692
vt 0.848513 0.732453
vt 0.829403 0.684951
vt 0.821907 0.654282
vt 0.836861 0.741396
vt 0.816038 0.725783
vt 0.831303 0.719104
vt 0.814273 0.680308
vt 0.806035 0.646402
vt 0.823890 0.755377
vt 0.796751 0.719228
vt 0.803317 0.686137
vt 0.799987 0.671113
vt 0.793282 0.643373
vt 0.812211 0.787520
vt 0.803829 0.748305
vt 0.790633 0.678626
vt 0.785170 0.658503
vt 0.788034 0.752048
vt 0.783448 0.718030
vt 0.772494 0.719619
vt 0.778736 0.685370
vt 0.775876 0.663124
vt 0.774621 0.771992
vt 0.771347 0.742070
vt 0.767834 0.699379
vt 0.765101 0.673685
vt 0.765397 0.653115
vt 0.758022 0.773500
vt 0.757161 0.732353
vt 0.756134 0.702305
vt 0.753660 0.671566
vt 0.786237 0.644657
vt 0.774102 0.647451
vt 0.754903 0.644525
vt 0.828854 0.643960
vt 0.821288 0.626465
vt 0.821211 0.609890
vt 0.814359 0.638021
vt 0.812152 0.619966
vt 0.806477 0.598788
vt 0.817127 0.593082
vt 0.814504 0.579808
vt 0.811666 0.570781
vt 0.804975 0.560616
vt 0.811095 0.554341
vt 0.802482 0.548821
vt 0.804555 0.535548
vt 0.809046 0.523272
vt 0.804864 0.507883
vt 0.805532 0.588633
vt 0.796112 0.579978
vt 0.802923 0.570359
vt 0.794385 0.561598
vt 0.794913 0.532560
vt 0.794702 0.519844
vt 0.795173 0.506786
vt 0.800319 0.618355
vt 0.792897 0.621885
vt 0.794555 0.594256
vt 0.791721 0.573443
vt 0.790974 0.550432
vt 0.785821 0.545002
vt 0.791592 0.536535
vt 0.785378 0.511747
vt 0.789060 0.506858
vt 0.785579 0.501724
vt 0.789139 0.606101
vt 0.779468 0.594191
vt 0.785661 0.584322
vt 0.778832 0.577208
vt 0.784390 0.567082
vt 0.781909 0.556564
vt 0.782533 0.534678
vt 0.780658 0.515928
vt 0.780937 0.506049
vt 0.781757 0.626308
vt 0.773477 0.617093
vt 0.780867 0.611985
vt 0.776431 0.566191
vt 0.770187 0.559747
vt 0.775737 0.549966
vt 0.774276 0.532181
vt 0.775265 0.520379
vt 0.774036 0.507407
vt 0.773602 0.501162
vt 0.772709 0.632812
vt 0.770540 0.601325
vt 0.769871 0.588791
vt 0.769213 0.575047
vt 0.768375 0.543293
vt 0.767408 0.521192
vt 0.767270 0.511113
vt 0.766411 0.503631
vt 0.763697 0.633026
vt 0.762891 0.618739
vt 0.762596 0.604047
vt 0.761596 0.584917
vt 0.761673 0.565084
vt 0.761158 0.543486
vt 0.760689 0.522316
vt 0.761058 0.512896
vt 0.760158 0.504930
vt 0.754296 0.622884
vt 0.754576 0.604663
vt 0.753685 0.585804
vt 0.753805 0.571585
vt 0.753538 0.557767
vt 0.753882 0.541684
vt 0.753702 0.520937
vt 0.753075 0.515120
vt 0.753503 0.508560
vt 0.753257 0.497738
vt 0.082484 0.491397
vt 0.070792 0.491366
vt 0.081715 0.480545
vt 0.074795 0.473156
vt 0.053226 0.494741
vt 0.034242 0.491374
vt 0.018557 0.491161
vt 0.999563 0.491238
vt 0.043426 0.475589
vt 0.031654 0.475056
vt 0.019532 0.473683
vt 0.000136 0.473855
vt 0.034769 0.461812
vt 0.018628 0.456149
vt 0.000212 0.457572
vt 0.005880 0.444060
vt 0.053289 0.475923
vt 0.044383 0.466905
vt 0.067752 0.455729
vt 0.044093 0.457253
vt 0.027341 0.446767
vt 0.063992 0.443217
vt 0.049213 0.435975
vt 0.033194 0.435129
vt 0.019826 0.434531
vt 0.000155 0.430766
vt 0.041042 0.422840
vt 0.020526 0.419262
vt 0.000480 0.410651
vt 0.999823 0.401393
vt 0.147128 0.492757
vt 0.146912 0.476581
vt 0.147839 0.466174
vt 0.156662 0.492594
vt 0.158351 0.478124
vt 0.158442 0.466349
vt 0.150370 0.459141
vt 0.158275 0.445068
vt 0.153640 0.429287
vt 0.167796 0.492569
vt 0.168962 0.478384
vt 0.169056 0.466934
vt 0.160499 0.458938
vt 0.169501 0.446396
vt 0.164159 0.430664
vt 0.157975 0.416040
vt 0.177326 0.492825
vt 0.179446 0.478565
vt 0.179282 0.467833
vt 0.171429 0.459965
vt 0.180653 0.446795
vt 0.175333 0.434953
vt 0.169100 0.417284
vt 0.189098 0.493086
vt 0.188976 0.480206
vt 0.182622 0.460014
vt 0.185880 0.452315
vt 0.181074 0.423881
vt 0.175991 0.409611
vt 0.107256 0.494701
vt 0.103457 0.491666
vt 0.101425 0.476264
vt 0.089852 0.475069
vt 0.078214 0.465519
vt 0.099267 0.460691
vt 0.081445 0.457256
vt 0.087851 0.439016
vt 0.084394 0.426654
vt 0.120239 0.491717
vt 0.108292 0.477573
vt 0.120032 0.475695
vt 0.119161 0.465141
vt 0.113600 0.458528
vt 0.097726 0.449401
vt 0.103848 0.440015
vt 0.091413 0.427517
vt 0.104044 0.423637
vt 0.096757 0.408542
vt 0.080654 0.399002
vt 0.136268 0.492259
vt 0.135843 0.478153
vt 0.129808 0.458930
vt 0.116986 0.450086
vt 0.130335 0.445109
vt 0.117276 0.439237
vt 0.123727 0.429278
vt 0.111296 0.418704
vt 0.107485 0.403444
vt 0.090877 0.391554
vt 0.105643 0.386464
vt 0.085797 0.375094
vt 0.136552 0.470126
vt 0.142391 0.459932
vt 0.145387 0.446259
vt 0.135501 0.441354
vt 0.134594 0.421722
vt 0.121358 0.414872
vt 0.128704 0.405591
vt 0.115194 0.399112
vt 0.123999 0.390649
vt 0.110477 0.369659
vt 0.095957 0.360893
vt 0.142065 0.430651
vt 0.149271 0.415706
vt 0.136299 0.402261
vt 0.133794 0.389368
vt 0.131182 0.375652
vt 0.125769 0.362151
vt 0.118862 0.350511
vt 0.149160 0.399296
vt 0.147478 0.386706
vt 0.143863 0.369614
vt 0.161059 0.400268
vt 0.160493 0.388911
vt 0.151429 0.375533
vt 0.148921 0.345857
vt 0.142113 0.339079
vt 0.169685 0.399196
vt 0.175364 0.379966
vt 0.166261 0.371607
vt 0.160185 0.357228
vt 0.070893 0.443315
vt 0.060952 0.429404
vt 0.079245 0.416093
vt 0.059588 0.417967
vt 0.044227 0.410973
vt 0.030556 0.406465
vt 0.013798 0.404481
vt 0.066454 0.404940
vt 0.049315 0.399791
vt 0.041591 0.386677
vt 0.021061 0.391969
vt 0.028197 0.379563
vt 0.009425 0.378912
vt 0.063622 0.391289
vt 0.069961 0.380702
vt 0.053418 0.374397
vt 0.044058 0.363025
vt 0.022174 0.366010
vt 0.000044 0.365681
vt 0.034040 0.352882
vt 0.009312 0.350976
vt 0.067459 0.366535
vt 0.074656 0.356343
vt 0.056422 0.349832
vt 0.024385 0.336906
vt 0.000150 0.337567
vt 0.092557 0.345625
vt 0.072047 0.341545
vt 0.048491 0.333671
vt 0.026315 0.321415
vt 0.182291 0.280692
vt 0.176003 0.274433
vt 0.105412 0.332476
vt 0.132576 0.327245
vt 0.125448 0.307264
vt 0.119558 0.292248
vt 0.154383 0.339372
vt 0.148215 0.326524
vt 0.138786 0.318239
vt 0.148949 0.314217
vt 0.142710 0.307331
vt 0.133260 0.299584
vt 0.124326 0.287789
vt 0.173601 0.272403
vt 0.168714 0.265088
vt 0.163891 0.257033
vt 0.159995 0.249883
vt 0.157199 0.244693
vt 0.151907 0.233247
vt 0.146095 0.219648
vt 0.007671 0.324437
vt 0.083314 0.331446
vt 0.062732 0.322998
vt 0.045635 0.311722
vt 1.000000 0.311257
vt 0.083149 0.313895
vt 0.066092 0.307051
vt 0.027903 0.299712
vt 0.000084 0.289342
vt 0.051163 0.289056
vt 0.028256 0.276093
vt 0.102882 0.310103
vt 0.071662 0.291419
vt 0.094268 0.295955
vt 0.052872 0.265506
vt 1.000000 0.266974
vt 0.088230 0.277498
vt 0.074510 0.258710
vt 0.032498 0.252959
vt 0.999926 0.251097
vt 0.060797 0.242539
vt 0.036290 0.232829
vt 0.002382 0.230298
vt 0.117055 0.267928
vt 0.101894 0.248780
vt 0.163091 0.249857
vt 0.166360 0.248628
vt 0.163704 0.247732
vt 0.165623 0.242897
vt 0.161562 0.238942
vt 0.165544 0.236741
vt 0.161300 0.232285
vt 0.165574 0.230215
vt 0.161487 0.225483
vt 0.166109 0.224144
vt 0.163615 0.219172
vt 0.170508 0.266399
vt 0.175044 0.267154
vt 0.170406 0.265067
vt 0.180968 0.267303
vt 0.176642 0.264493
vt 0.171154 0.259582
vt 0.179522 0.261113
vt 0.175024 0.257749
vt 0.179225 0.255011
vt 0.172855 0.249875
vt 0.179062 0.248114
vt 0.172218 0.242745
vt 0.179129 0.240893
vt 0.172747 0.235913
vt 0.179337 0.233826
vt 0.174821 0.229647
vt 0.185522 0.280808
vt 0.175999 0.271463
vt 0.189242 0.275469
vt 0.188810 0.279539
vt 0.179596 0.270876
vt 0.186499 0.266428
vt 0.191959 0.262968
vt 0.183933 0.258422
vt 0.192994 0.257090
vt 0.185453 0.252515
vt 0.192963 0.250766
vt 0.191335 0.248014
vt 0.183826 0.243968
vt 0.186889 0.237889
vt 0.158387 0.244437
vt 0.153797 0.238501
vt 0.147379 0.228902
vt 0.157543 0.239623
vt 0.152602 0.233250
vt 0.147684 0.226217
vt 0.142963 0.218878
vt 0.138611 0.208641
vt 0.156805 0.233481
vt 0.151732 0.227015
vt 0.146667 0.219854
vt 0.141894 0.212418
vt 0.156480 0.226701
vt 0.151322 0.220157
vt 0.146161 0.212943
vt 0.141184 0.205318
vt 0.136322 0.197367
vt 0.133570 0.188953
vt 0.156647 0.219753
vt 0.151488 0.213182
vt 0.146338 0.206083
vt 0.141401 0.198679
vt 0.136633 0.190737
vt 0.157268 0.213127
vt 0.152176 0.206574
vt 0.147120 0.199733
vt 0.142444 0.193047
vt 0.138605 0.186716
vt 0.166024 0.261223
vt 0.161286 0.254602
vt 0.156239 0.246367
vt 0.151370 0.237419
vt 0.146938 0.228283
vt 0.161280 0.251738
vt 0.156325 0.245358
vt 0.151584 0.238023
vt 0.147841 0.231294
vt 0.143499 0.222142
vt 0.137920 0.209892
vt 0.144210 0.223687
vt 0.140429 0.215829
vt 0.131561 0.194106
vt 0.137825 0.209212
vt 0.133870 0.199766
vt 0.134930 0.199428
vt 0.130383 0.189196
vt 0.125559 0.174582
vt 0.131584 0.187240
vt 0.125766 0.171706
vt 0.135522 0.181265
vt 0.131908 0.180338
vt 0.128002 0.169916
vt 0.125268 0.163298
vt 0.131691 0.168860
vt 0.137484 0.201865
vt 0.140858 0.214632
vt 0.133334 0.186634
vt 0.133615 0.198072
vt 0.129357 0.180894
vt 0.127971 0.183160
vt 0.126461 0.175689
vt 0.122512 0.157877
vt 0.126903 0.158822
vt 0.125514 0.150507
vt 0.126788 0.170876
vt 0.124429 0.164828
vt 0.122828 0.160937
vt 0.121747 0.145344
vt 0.123466 0.140824
vt 0.162715 0.213345
vt 0.180706 0.227443
vt 0.176347 0.222624
vt 0.170800 0.217106
vt 0.174614 0.212320
vt 0.167201 0.203981
vt 0.171059 0.200713
vt 0.189314 0.229374
vt 0.180229 0.218544
vt 0.188220 0.220740
vt 0.176260 0.205630
vt 0.188635 0.213895
vt 0.184961 0.207915
vt 0.171184 0.191990
vt 0.181773 0.198918
vt 0.178063 0.187779
vt 0.178257 0.183413
vt 0.157972 0.207232
vt 0.153199 0.200708
vt 0.148239 0.194045
vt 0.143649 0.187976
vt 0.140023 0.182340
vt 0.160930 0.199267
vt 0.154764 0.195460
vt 0.149671 0.188535
vt 0.145966 0.178260
vt 0.135418 0.167603
vt 0.133280 0.158263
vt 0.157735 0.186993
vt 0.153111 0.178477
vt 0.141999 0.169127
vt 0.137978 0.161064
vt 0.164793 0.190314
vt 0.149200 0.169876
vt 0.142796 0.161250
vt 0.166466 0.185212
vt 0.161981 0.178452
vt 0.157828 0.172155
vt 0.130277 0.152628
vt 0.127981 0.143673
vt 0.135748 0.153038
vt 0.133521 0.139038
vt 0.152710 0.166281
vt 0.147258 0.157802
vt 0.142142 0.151723
vt 0.139934 0.139219
vt 0.155223 0.159998
vt 0.154194 0.149514
vt 0.144983 0.143421
vt 0.172614 0.176953
vt 0.168163 0.170048
vt 0.164998 0.160675
vt 0.160556 0.153662
vt 0.125496 0.138977
vt 0.197864 0.493240
vt 0.190738 0.476360
vt 0.194117 0.463471
vt 0.195485 0.450956
vt 0.183964 0.438366
vt 0.190611 0.432048
vt 0.192036 0.400399
vt 0.182049 0.390370
vt 0.204862 0.493146
vt 0.204765 0.479357
vt 0.205714 0.467271
vt 0.206746 0.449407
vt 0.201725 0.440943
vt 0.199303 0.432365
vt 0.194436 0.423033
vt 0.203863 0.422281
vt 0.193876 0.393627
vt 0.187369 0.382756
vt 0.195014 0.380429
vt 0.189918 0.371949
vt 0.212543 0.493209
vt 0.217234 0.479383
vt 0.209317 0.462933
vt 0.214715 0.455253
vt 0.208575 0.437625
vt 0.209097 0.427608
vt 0.203569 0.399700
vt 0.201631 0.388703
vt 0.200404 0.374148
vt 0.220923 0.494100
vt 0.221282 0.484282
vt 0.217485 0.465507
vt 0.218677 0.443778
vt 0.215998 0.430835
vt 0.212224 0.411583
vt 0.221071 0.401539
vt 0.211649 0.393399
vt 0.213357 0.378903
vt 0.207401 0.376142
vt 0.230160 0.493219
vt 0.225896 0.480324
vt 0.222591 0.474231
vt 0.230401 0.470093
vt 0.224634 0.463911
vt 0.228689 0.449418
vt 0.224554 0.438809
vt 0.223715 0.409615
vt 0.220057 0.391420
vt 0.219981 0.379707
vt 0.232578 0.480186
vt 0.233731 0.459485
vt 0.231039 0.438464
vt 0.229812 0.409857
vt 0.229358 0.395809
vt 0.225220 0.389658
vt 0.230741 0.381963
vt 0.239480 0.493070
vt 0.239485 0.479383
vt 0.239490 0.465890
vt 0.245107 0.457471
vt 0.239182 0.450446
vt 0.238390 0.437387
vt 0.238346 0.418783
vt 0.238102 0.408011
vt 0.237945 0.395795
vt 0.238214 0.382754
vt 0.246493 0.493054
vt 0.246509 0.479443
vt 0.246597 0.466959
vt 0.246118 0.444479
vt 0.246257 0.417998
vt 0.246035 0.407490
vt 0.246002 0.395783
vt 0.246045 0.383193
vt 0.177860 0.372088
vt 0.173123 0.358935
vt 0.162244 0.346405
vt 0.182522 0.361462
vt 0.184096 0.288991
vt 0.191129 0.292321
vt 0.187669 0.288392
vt 0.181617 0.282967
vt 0.194176 0.291189
vt 0.187936 0.285438
vt 0.191244 0.355455
vt 0.196074 0.319649
vt 0.193022 0.341906
vt 0.190809 0.316104
vt 0.195345 0.309022
vt 0.189925 0.305236
vt 0.198580 0.300491
vt 0.194902 0.300428
vt 0.188399 0.295585
vt 0.202037 0.300261
vt 0.196515 0.296060
vt 0.187901 0.291181
vt 0.203591 0.297235
vt 0.197767 0.292786
vt 0.201833 0.360972
vt 0.206496 0.325265
vt 0.201806 0.347018
vt 0.201157 0.320869
vt 0.204852 0.314669
vt 0.207045 0.304947
vt 0.204202 0.306198
vt 0.199939 0.305880
vt 0.211908 0.305576
vt 0.209036 0.297929
vt 0.208184 0.299655
vt 0.213258 0.365331
vt 0.207693 0.361595
vt 0.212045 0.346251
vt 0.216913 0.329417
vt 0.211824 0.327751
vt 0.215513 0.319412
vt 0.219989 0.311432
vt 0.214515 0.311117
vt 0.210017 0.311276
vt 0.218025 0.304108
vt 0.214607 0.304362
vt 0.220673 0.302370
vt 0.223726 0.356968
vt 0.220518 0.367932
vt 0.217982 0.351308
vt 0.222222 0.330778
vt 0.222455 0.322406
vt 0.223890 0.316681
vt 0.224040 0.310366
vt 0.225157 0.305800
vt 0.228930 0.367483
vt 0.228934 0.333727
vt 0.232647 0.321825
vt 0.229100 0.324540
vt 0.230584 0.313640
vt 0.230700 0.316196
vt 0.232717 0.309046
vt 0.230438 0.309271
vt 0.238073 0.369805
vt 0.241774 0.351445
vt 0.237841 0.355140
vt 0.240044 0.335126
vt 0.234211 0.329129
vt 0.238227 0.325792
vt 0.239479 0.315559
vt 0.238590 0.319055
vt 0.239792 0.311493
vt 0.240714 0.306597
vt 0.246057 0.371054
vt 0.246346 0.355207
vt 0.246680 0.335549
vt 0.246161 0.326512
vt 0.246393 0.316325
vt 0.246200 0.320116
vt 0.246672 0.311970
vt 0.246569 0.307132
vt 0.174435 0.343892
vt 0.166672 0.339004
vt 0.158807 0.327216
vt 0.179774 0.334571
vt 0.176417 0.329897
vt 0.169186 0.323542
vt 0.162250 0.315670
vt 0.154590 0.308109
vt 0.147433 0.295644
vt 0.139353 0.284815
vt 0.130606 0.275118
vt 0.180536 0.299372
vt 0.175718 0.315262
vt 0.169737 0.309051
vt 0.163429 0.301233
vt 0.156982 0.292302
vt 0.150666 0.281141
vt 0.143862 0.268023
vt 0.135489 0.261311
vt 0.175033 0.291058
vt 0.169623 0.295635
vt 0.163664 0.287481
vt 0.157839 0.278187
vt 0.152437 0.267706
vt 0.147743 0.256643
vt 0.169294 0.283217
vt 0.163494 0.274678
vt 0.157969 0.265183
vt 0.153114 0.244866
vt 0.148943 0.244623
vt 0.180207 0.287262
vt 0.174187 0.280133
vt 0.168537 0.272263
vt 0.162878 0.263126
vt 0.157644 0.253435
vt 0.149286 0.232891
vt 0.176968 0.277928
vt 0.171955 0.271570
vt 0.166843 0.263618
vt 0.161184 0.253125
vt 0.156403 0.243480
vt 0.151989 0.232503
vt 0.148400 0.220978
vt 0.153936 0.235976
vt 0.149208 0.223254
vt 0.145871 0.210180
vt 0.141761 0.192635
vt 0.185146 0.350449
vt 0.180108 0.347236
vt 0.184760 0.334910
vt 0.143092 0.254623
vt 0.138726 0.247998
vt 0.185336 0.301929
vt 0.144958 0.245985
vt 0.141649 0.235977
vt 0.146487 0.226279
vt 0.144332 0.218032
vt 0.184660 0.294465
vt 0.144902 0.203370
vt 0.144159 0.197905
vt 0.121315 0.265944
vt 0.126130 0.252416
vt 0.113682 0.243788
vt 0.100895 0.231111
vt 0.085809 0.220812
vt 0.054409 0.208499
vt 0.017190 0.193232
vt 0.004051 0.177306
vt 0.131936 0.237337
vt 0.122915 0.224197
vt 0.111177 0.201382
vt 0.097189 0.186284
vt 0.043132 0.185896
vt 0.137343 0.222557
vt 0.131675 0.215738
vt 0.087252 0.175131
vt 0.141337 0.212842
vt 0.143080 0.202363
vt 0.143704 0.192250
vt 0.142696 0.183146
vt 0.124978 0.208371
vt 0.117101 0.201050
vt 0.137567 0.208056
vt 0.133279 0.199034
vt 0.124283 0.187450
vt 0.108603 0.178297
vt 0.091808 0.163693
vt 0.004272 0.151190
vt 0.140568 0.200589
vt 0.139983 0.188942
vt 0.142555 0.190839
vt 0.143076 0.179046
vt 0.143617 0.180932
vt 0.144809 0.169191
vt 0.143310 0.171746
vt 0.145325 0.159733
vt 0.137323 0.182215
vt 0.137244 0.163919
vt 0.122265 0.158850
vt 0.104590 0.145967
vt 0.082687 0.131753
vt 0.996405 0.121209
vt 0.144057 0.163255
vt 0.145339 0.166552
vt 0.149225 0.153691
vt 0.147736 0.157057
vt 0.152595 0.144209
vt 0.149958 0.146420
vt 0.138804 0.139983
vt 0.122647 0.126555
vt 0.114045 0.098150
vt 0.075854 0.087215
vt 0.990921 0.094389
vt 0.149315 0.147969
vt 0.154063 0.135113
vt 0.156649 0.138848
vt 0.161234 0.131468
vt 0.159124 0.133718
vt 0.154881 0.135971
vt 0.160105 0.128910
vt 0.151356 0.123039
vt 0.148310 0.108067
vt 0.980186 0.066706
vt 0.167601 0.118705
vt 0.168383 0.108838
vt 0.168305 0.124377
vt 0.174117 0.119323
vt 0.181943 0.113057
vt 0.175417 0.113902
vt 0.179565 0.089623
vt 0.188711 0.067022
vt 0.160996 0.047921
vt 0.966513 0.040245
vt 0.195661 0.105023
vt 0.191827 0.098534
vt 0.199403 0.106423
vt 0.202614 0.103839
vt 0.186513 0.106467
vt 0.201475 0.100805
vt 0.224328 0.079892
vt 0.901378 0.016251
vt 0.230679 0.097506
vt 0.228788 0.091029
vt 0.232012 0.099363
vt 0.232995 0.097779
vt 0.233039 0.094539
vt 0.224032 0.273698
vt 0.224076 0.267211
vt 0.229867 0.288117
vt 0.229350 0.282963
vt 0.227909 0.276596
vt 0.228242 0.269870
vt 0.227763 0.262680
vt 0.229770 0.253336
vt 0.234414 0.288983
vt 0.234447 0.283848
vt 0.234073 0.277533
vt 0.234050 0.270693
vt 0.234011 0.263495
vt 0.234354 0.256223
vt 0.244999 0.295438
vt 0.240286 0.291125
vt 0.240397 0.284907
vt 0.240347 0.278335
vt 0.240342 0.271367
vt 0.240345 0.264088
vt 0.240434 0.256695
vt 0.246826 0.291083
vt 0.246782 0.285277
vt 0.246773 0.278726
vt 0.246776 0.271727
vt 0.246776 0.264409
vt 0.246788 0.256941
vt 0.197999 0.287648
vt 0.192040 0.286175
vt 0.198774 0.283224
vt 0.194783 0.282678
vt 0.196833 0.278660
vt 0.200676 0.274969
vt 0.192910 0.269634
vt 0.200662 0.262812
vt 0.196765 0.266337
vt 0.200965 0.252114
vt 0.200317 0.245073
vt 0.193000 0.241018
vt 0.202474 0.292024
vt 0.207593 0.287385
vt 0.203669 0.287416
vt 0.205836 0.283085
vt 0.208390 0.277918
vt 0.202152 0.269956
vt 0.207954 0.264306
vt 0.207985 0.257268
vt 0.207770 0.249011
vt 0.213671 0.295424
vt 0.210145 0.295973
vt 0.210717 0.291630
vt 0.215344 0.285831
vt 0.215432 0.279755
vt 0.215081 0.273417
vt 0.210004 0.271890
vt 0.216658 0.266987
vt 0.214961 0.259335
vt 0.215117 0.252142
vt 0.217728 0.299671
vt 0.220534 0.290034
vt 0.221038 0.295009
vt 0.217088 0.289229
vt 0.223898 0.282058
vt 0.223311 0.276012
vt 0.223034 0.261413
vt 0.223818 0.254557
vt 0.227346 0.300013
vt 0.226809 0.295195
vt 0.232518 0.299927
vt 0.234318 0.304472
vt 0.234943 0.293199
vt 0.239840 0.302938
vt 0.239956 0.297849
vt 0.246901 0.301357
vt 0.141204 0.203025
vt 0.139236 0.189960
vt 0.128189 0.171160
vt 0.135996 0.176473
vt 0.124165 0.151315
vt 0.121702 0.152003
vt 0.121203 0.139869
vt 0.120351 0.142094
vt 0.120502 0.128738
vt 0.122242 0.125686
vt 0.139120 0.174706
vt 0.130381 0.159566
vt 0.128227 0.150046
vt 0.124479 0.138408
vt 0.125655 0.127707
vt 0.122598 0.124386
vt 0.120795 0.123935
vt 0.122035 0.114869
vt 0.124613 0.109827
vt 0.140838 0.163693
vt 0.143039 0.151696
vt 0.138019 0.149700
vt 0.128640 0.135675
vt 0.136993 0.122581
vt 0.127521 0.109672
vt 0.125724 0.106003
vt 0.126586 0.101078
vt 0.128333 0.098970
vt 0.148400 0.139099
vt 0.145249 0.131784
vt 0.140556 0.102469
vt 0.133462 0.110930
vt 0.136426 0.096001
vt 0.137454 0.088756
vt 0.138949 0.084304
vt 0.138004 0.084959
vt 0.153922 0.132504
vt 0.159322 0.121638
vt 0.156008 0.111932
vt 0.154639 0.098211
vt 0.150992 0.090979
vt 0.147683 0.085613
vt 0.154518 0.072773
vt 0.175559 0.107783
vt 0.166547 0.104730
vt 0.177750 0.095488
vt 0.168119 0.082704
vt 0.177010 0.068496
vt 0.173371 0.066674
vt 0.174589 0.064295
vt 0.182998 0.104326
vt 0.201576 0.095168
vt 0.201819 0.087321
vt 0.194870 0.071518
vt 0.220222 0.064577
vt 0.190594 0.066127
vt 0.198256 0.060804
vt 0.189593 0.059610
vt 0.200616 0.057655
vt 0.233133 0.089494
vt 0.233004 0.082568
vt 0.232435 0.072047
vt 0.231680 0.060179
vt 0.231238 0.057261
vt 0.231113 0.055242
vt 0.236040 0.053883
vt 0.232163 0.054122
vt 0.234362 0.248920
vt 0.235173 0.242580
vt 0.240529 0.249587
vt 0.240844 0.243485
vt 0.246808 0.249740
vt 0.246848 0.243294
vt 0.196646 0.235385
vt 0.197205 0.227323
vt 0.196611 0.214675
vt 0.195779 0.206005
vt 0.187796 0.200248
vt 0.183698 0.192645
vt 0.193337 0.197658
vt 0.189882 0.186269
vt 0.186909 0.177777
vt 0.204793 0.239340
vt 0.207102 0.234675
vt 0.206158 0.230192
vt 0.200211 0.221125
vt 0.205382 0.218790
vt 0.204234 0.210980
vt 0.201099 0.201201
vt 0.199185 0.190675
vt 0.195779 0.182096
vt 0.193251 0.168405
vt 0.214589 0.243889
vt 0.211579 0.233626
vt 0.212943 0.224176
vt 0.211743 0.211487
vt 0.209074 0.202935
vt 0.204618 0.196124
vt 0.210116 0.194446
vt 0.204061 0.184436
vt 0.198461 0.174271
vt 0.205406 0.174847
vt 0.201357 0.164793
vt 0.219912 0.244716
vt 0.217107 0.237567
vt 0.222220 0.234792
vt 0.218984 0.227152
vt 0.218919 0.217598
vt 0.217430 0.208574
vt 0.218308 0.202183
vt 0.216141 0.195742
vt 0.216567 0.189088
vt 0.212561 0.181437
vt 0.216520 0.183493
vt 0.213577 0.166096
vt 0.211152 0.158444
vt 0.228977 0.246670
vt 0.226397 0.234312
vt 0.227903 0.225922
vt 0.225640 0.218785
vt 0.225814 0.213298
vt 0.224501 0.207578
vt 0.225000 0.199138
vt 0.224368 0.186929
vt 0.220791 0.175233
vt 0.221306 0.169380
vt 0.219809 0.164489
vt 0.218112 0.156469
vt 0.233119 0.230508
vt 0.233887 0.223572
vt 0.232866 0.213303
vt 0.232232 0.202721
vt 0.231156 0.190303
vt 0.230018 0.181900
vt 0.231317 0.175677
vt 0.227770 0.166591
vt 0.226555 0.154389
vt 0.240459 0.234532
vt 0.240327 0.224987
vt 0.239634 0.215782
vt 0.239268 0.203430
vt 0.238472 0.190706
vt 0.237841 0.180193
vt 0.244023 0.175344
vt 0.237241 0.170173
vt 0.236557 0.161700
vt 0.235873 0.152933
vt 0.246722 0.237276
vt 0.246944 0.227277
vt 0.246546 0.218692
vt 0.246293 0.209216
vt 0.246402 0.197672
vt 0.246046 0.184728
vt 0.245816 0.168923
vt 0.245659 0.156976
vt 0.129972 0.133499
vt 0.137274 0.129223
vt 0.151138 0.141750
vt 0.145972 0.132654
vt 0.142904 0.126654
vt 0.179817 0.169789
vt 0.174569 0.163255
vt 0.158920 0.142993
vt 0.157865 0.132576
vt 0.174245 0.151948
vt 0.166958 0.144889
vt 0.142320 0.116366
vt 0.150699 0.127838
vt 0.146580 0.118335
vt 0.165356 0.135751
vt 0.156018 0.122865
vt 0.189551 0.161840
vt 0.184216 0.155106
vt 0.177592 0.139050
vt 0.164074 0.124358
vt 0.182677 0.145781
vt 0.176007 0.133427
vt 0.152439 0.113117
vt 0.164697 0.114105
vt 0.159145 0.108946
vt 0.177907 0.127216
vt 0.176287 0.117847
vt 0.166863 0.108172
vt 0.199648 0.155065
vt 0.195015 0.147889
vt 0.192320 0.139992
vt 0.188707 0.132684
vt 0.179540 0.120856
vt 0.170965 0.100709
vt 0.182316 0.107593
vt 0.196366 0.121124
vt 0.186076 0.114883
vt 0.208192 0.151158
vt 0.205107 0.143401
vt 0.202243 0.135583
vt 0.199646 0.128213
vt 0.191086 0.101331
vt 0.192864 0.096527
vt 0.200999 0.116521
vt 0.202000 0.108152
vt 0.215812 0.148480
vt 0.213012 0.140525
vt 0.210707 0.132484
vt 0.208006 0.124816
vt 0.205057 0.111218
vt 0.207301 0.087915
vt 0.214147 0.101197
vt 0.207050 0.093259
vt 0.229135 0.143360
vt 0.227283 0.136756
vt 0.225327 0.128514
vt 0.218641 0.121794
vt 0.216451 0.114349
vt 0.214382 0.107113
vt 0.222955 0.090380
vt 0.237337 0.147696
vt 0.232950 0.118684
vt 0.229368 0.112262
vt 0.228347 0.105251
vt 0.227837 0.099376
vt 0.241198 0.090193
vt 0.245934 0.114920
vt 0.242709 0.104224
vt 0.242319 0.098028
vt 0.126105 0.129993
vt 0.124496 0.123906
vt 0.132269 0.124475
vt 0.129849 0.118926
vt 0.126723 0.114436
vt 0.134149 0.109532
vt 0.138012 0.114634
vt 0.133675 0.101784
vt 0.130640 0.099927
vt 0.135912 0.096106
vt 0.141668 0.103936
vt 0.150166 0.104247
vt 0.149491 0.098523
vt 0.158129 0.102683
vt 0.140586 0.084112
vt 0.141336 0.091807
vt 0.149287 0.088523
vt 0.156994 0.094091
vt 0.166558 0.095574
vt 0.171660 0.087023
vt 0.179966 0.092985
vt 0.152493 0.078042
vt 0.152117 0.075544
vt 0.167735 0.069817
vt 0.160190 0.081364
vt 0.168976 0.079618
vt 0.179150 0.088126
vt 0.171017 0.066612
vt 0.169560 0.071171
vt 0.181838 0.067284
vt 0.194453 0.073697
vt 0.186649 0.072167
vt 0.195624 0.082594
vt 0.193915 0.078592
vt 0.212062 0.077707
vt 0.197114 0.059445
vt 0.201409 0.060460
vt 0.204745 0.062505
vt 0.209675 0.067655
vt 0.215190 0.069846
vt 0.223639 0.083431
vt 0.232893 0.056872
vt 0.235719 0.062342
vt 0.234371 0.058919
vt 0.238810 0.072815
vt 0.238735 0.067190
vt 0.240600 0.081742
vt 0.245919 0.148043
vt 0.227372 0.131185
vt 0.236110 0.142889
vt 0.235482 0.135487
vt 0.233894 0.128068
vt 0.240050 0.121136
vt 0.245310 0.142000
vt 0.250264 0.134844
vt 0.244543 0.127207
vt 0.981220 0.490924
vt 0.966094 0.491580
vt 0.946894 0.495331
vt 0.980997 0.473350
vt 0.968346 0.475056
vt 0.956535 0.476730
vt 0.981557 0.456714
vt 0.965702 0.462096
vt 0.993888 0.444456
vt 0.944468 0.490918
vt 0.929394 0.491647
vt 0.952221 0.471154
vt 0.940713 0.473391
vt 0.924946 0.472491
vt 0.973211 0.447419
vt 0.958679 0.455859
vt 0.940115 0.456650
vt 0.928215 0.459101
vt 0.985863 0.434599
vt 0.971928 0.434137
vt 0.953573 0.435563
vt 0.936651 0.443445
vt 0.980168 0.418906
vt 0.959575 0.423321
vt 0.917994 0.492010
vt 0.918285 0.480545
vt 0.923759 0.453994
vt 0.939510 0.429736
vt 0.927393 0.438476
vt 0.986498 0.404775
vt 0.970001 0.406258
vt 0.951420 0.415351
vt 0.933505 0.417309
vt 0.979266 0.392236
vt 0.958592 0.386257
vt 0.951300 0.399038
vt 0.934043 0.405241
vt 0.991010 0.379237
vt 0.968207 0.376501
vt 0.918454 0.412733
vt 0.936843 0.390601
vt 0.920959 0.399693
vt 0.978193 0.366102
vt 0.947304 0.373870
vt 0.930350 0.381104
vt 0.990209 0.350624
vt 0.966184 0.352483
vt 0.910166 0.391945
vt 0.952326 0.360091
vt 0.932989 0.365873
vt 0.915438 0.375738
vt 0.975635 0.338125
vt 0.944123 0.349299
vt 0.925656 0.356823
vt 0.908292 0.366002
vt 0.966364 0.329258
vt 0.940195 0.336186
vt 0.920737 0.335023
vt 0.907392 0.353740
vt 0.897592 0.346850
vt 0.896888 0.491396
vt 0.892659 0.494342
vt 0.917027 0.473024
vt 0.900747 0.474907
vt 0.903576 0.454377
vt 0.898951 0.464148
vt 0.908655 0.442388
vt 0.913881 0.424678
vt 0.893028 0.478377
vt 0.878976 0.492469
vt 0.880332 0.476002
vt 0.884975 0.456679
vt 0.880839 0.465141
vt 0.904276 0.437819
vt 0.889306 0.443034
vt 0.897233 0.424155
vt 0.903845 0.408757
vt 0.863662 0.492657
vt 0.864256 0.478515
vt 0.869253 0.458632
vt 0.884296 0.439315
vt 0.872659 0.440103
vt 0.868691 0.448826
vt 0.890146 0.419240
vt 0.877174 0.429357
vt 0.893844 0.404243
vt 0.894702 0.386041
vt 0.863448 0.470126
vt 0.853883 0.476543
vt 0.854759 0.457932
vt 0.860622 0.444776
vt 0.879388 0.415058
vt 0.868186 0.426208
vt 0.885984 0.399748
vt 0.872244 0.405847
vt 0.889728 0.369375
vt 0.876579 0.390813
vt 0.853421 0.442650
vt 0.860911 0.422772
vt 0.848315 0.425916
vt 0.865050 0.402472
vt 0.851401 0.415719
vt 0.869121 0.374912
vt 0.867063 0.389785
vt 0.873965 0.360730
vt 0.851668 0.399758
vt 0.843160 0.416236
vt 0.853613 0.387031
vt 0.877665 0.340715
vt 0.856807 0.369817
vt 0.841226 0.400161
vt 0.845369 0.383747
vt 0.864966 0.345929
vt 0.853230 0.355842
vt 0.844559 0.373862
vt 0.832002 0.395924
vt 0.824835 0.389828
vt 0.839504 0.352955
vt 0.828016 0.376132
vt 0.851780 0.492213
vt 0.852161 0.466174
vt 0.841028 0.492412
vt 0.842080 0.477882
vt 0.842918 0.459099
vt 0.841559 0.466349
vt 0.843987 0.429694
vt 0.831571 0.492659
vt 0.831323 0.478498
vt 0.833906 0.460310
vt 0.830972 0.466934
vt 0.840756 0.445331
vt 0.834592 0.435841
vt 0.822805 0.492391
vt 0.822356 0.478104
vt 0.820527 0.459210
vt 0.817054 0.462296
vt 0.828332 0.446089
vt 0.823539 0.429880
vt 0.823933 0.436982
vt 0.826682 0.416816
vt 0.813904 0.491184
vt 0.810820 0.493551
vt 0.814717 0.477585
vt 0.819564 0.446255
vt 0.815057 0.448632
vt 0.818669 0.432499
vt 0.814621 0.438014
vt 0.826226 0.404914
vt 0.822256 0.416044
vt 0.817863 0.421050
vt 0.991854 0.324938
vt 0.975206 0.316364
vt 0.954605 0.311148
vt 0.937633 0.322349
vt 0.972239 0.299601
vt 0.934177 0.307971
vt 0.914461 0.325815
vt 0.971897 0.275972
vt 0.948830 0.289695
vt 0.928683 0.291612
vt 0.906071 0.307704
vt 0.947498 0.264529
vt 0.901631 0.294127
vt 0.889975 0.311688
vt 0.967851 0.253039
vt 0.935682 0.251249
vt 0.908440 0.276815
vt 0.963552 0.232059
vt 0.916492 0.251177
vt 0.886407 0.263118
vt 0.879902 0.282005
vt 0.988348 0.201441
vt 0.934308 0.219867
vt 0.894837 0.247670
vt 0.895056 0.335272
vt 0.871351 0.324100
vt 0.851821 0.339466
vt 0.878172 0.302463
vt 0.861583 0.309740
vt 0.841828 0.344973
vt 0.819684 0.364793
vt 0.821425 0.373281
vt 0.813993 0.365908
vt 0.808354 0.345713
vt 0.802556 0.351121
vt 0.805892 0.492918
vt 0.810344 0.472082
vt 0.805823 0.477638
vt 0.801391 0.473263
vt 0.810618 0.461420
vt 0.805892 0.463029
vt 0.801580 0.463596
vt 0.810429 0.448255
vt 0.805878 0.449666
vt 0.801445 0.451657
vt 0.798931 0.448853
vt 0.814056 0.426816
vt 0.810706 0.433393
vt 0.806055 0.435695
vt 0.802232 0.438021
vt 0.797263 0.436214
vt 0.820438 0.400797
vt 0.817166 0.407115
vt 0.813322 0.414773
vt 0.809021 0.418815
vt 0.805467 0.422050
vt 0.802295 0.424958
vt 0.799428 0.427234
vt 0.796691 0.429970
vt 0.818358 0.389880
vt 0.813502 0.396291
vt 0.809209 0.397948
vt 0.806860 0.405943
vt 0.804220 0.409786
vt 0.801602 0.413215
vt 0.799102 0.416195
vt 0.796630 0.419321
vt 0.816600 0.379313
vt 0.804612 0.396251
vt 0.802476 0.399583
vt 0.800253 0.403342
vt 0.798104 0.407091
vt 0.796396 0.410281
vt 0.800916 0.493979
vt 0.796026 0.493300
vt 0.801178 0.483295
vt 0.796901 0.479198
vt 0.793031 0.475577
vt 0.797710 0.466682
vt 0.793629 0.466546
vt 0.789324 0.461641
vt 0.798633 0.458728
vt 0.792696 0.453670
vt 0.795490 0.441968
vt 0.812766 0.384125
vt 0.805790 0.376398
vt 0.807953 0.390839
vt 0.810592 0.374578
vt 0.804648 0.384828
vt 0.802266 0.387190
vt 0.800126 0.390288
vt 0.798159 0.394598
vt 0.796070 0.399435
vt 0.793807 0.406226
vt 0.790956 0.494193
vt 0.786567 0.492769
vt 0.792094 0.484728
vt 0.788460 0.481447
vt 0.784628 0.476645
vt 0.789267 0.474715
vt 0.804965 0.365072
vt 0.802779 0.368541
vt 0.781140 0.494560
vt 0.778152 0.489640
vt 0.782659 0.487011
vt 0.772940 0.495247
vt 0.767014 0.496374
vt 0.762187 0.499093
vt 0.787525 0.451693
vt 0.788697 0.443006
vt 0.791273 0.431858
vt 0.788158 0.433199
vt 0.791242 0.420502
vt 0.788264 0.422293
vt 0.790588 0.409519
vt 0.787793 0.411818
vt 0.784202 0.464518
vt 0.784485 0.456084
vt 0.780310 0.453277
vt 0.784345 0.445149
vt 0.781067 0.445968
vt 0.784927 0.434731
vt 0.779550 0.434431
vt 0.784069 0.424394
vt 0.779163 0.426726
vt 0.781862 0.414507
vt 0.779070 0.416663
vt 0.777402 0.475628
vt 0.778494 0.468388
vt 0.774752 0.465010
vt 0.777729 0.457783
vt 0.773586 0.454798
vt 0.777114 0.447708
vt 0.777565 0.438918
vt 0.772631 0.435250
vt 0.772697 0.427802
vt 0.772737 0.418886
vt 0.772265 0.484673
vt 0.770210 0.474860
vt 0.771466 0.469667
vt 0.768026 0.464644
vt 0.771007 0.458974
vt 0.769452 0.447482
vt 0.770782 0.440007
vt 0.766384 0.427303
vt 0.766481 0.419510
vt 0.765132 0.486521
vt 0.768023 0.485892
vt 0.764920 0.476310
vt 0.763909 0.466311
vt 0.763336 0.455889
vt 0.765328 0.450972
vt 0.764320 0.441026
vt 0.761916 0.437264
vt 0.765495 0.433666
vt 0.762988 0.429946
vt 0.762597 0.420605
vt 0.759563 0.495217
vt 0.758866 0.489511
vt 0.758942 0.477502
vt 0.758578 0.466196
vt 0.758072 0.457077
vt 0.757439 0.446068
vt 0.760370 0.444036
vt 0.757982 0.439868
vt 0.757981 0.430626
vt 0.757850 0.421069
vt 0.753155 0.487454
vt 0.752988 0.479861
vt 0.752931 0.471511
vt 0.752765 0.460288
vt 0.752827 0.447255
vt 0.752646 0.439595
vt 0.752682 0.430794
vt 0.752654 0.421231
vt 0.905635 0.226159
vt 0.865686 0.253309
vt 0.961129 0.189447
vt 0.931202 0.191617
vt 0.909353 0.187577
vt 0.878483 0.224670
vt 0.948204 0.161350
vt 0.884130 0.188904
vt 0.845541 0.235879
vt 0.899960 0.156337
vt 0.857814 0.204543
vt 0.835200 0.203488
vt 0.931165 0.128539
vt 0.867113 0.174267
vt 0.814519 0.209406
vt 0.914598 0.106832
vt 0.867025 0.136400
vt 0.831986 0.177308
vt 0.892005 0.085233
vt 0.839594 0.123171
vt 0.800705 0.163540
vt 0.799251 0.206327
vt 0.851724 0.066921
vt 0.807391 0.110988
vt 0.780377 0.197807
vt 0.788688 0.055413
vt 0.769860 0.104860
vt 0.764314 0.154650
vt 0.759889 0.194490
vt 0.845634 0.311239
vt 0.833912 0.341748
vt 0.859385 0.278691
vt 0.829599 0.319876
vt 0.816282 0.346553
vt 0.846904 0.268186
vt 0.832401 0.305517
vt 0.811745 0.329753
vt 0.829851 0.272605
vt 0.817563 0.308773
vt 0.803376 0.326389
vt 0.797849 0.333580
vt 0.794800 0.342892
vt 0.810999 0.278700
vt 0.794640 0.324667
vt 0.823640 0.247869
vt 0.788454 0.330480
vt 0.786665 0.336805
vt 0.797001 0.278928
vt 0.790491 0.314088
vt 0.803312 0.252543
vt 0.782422 0.328218
vt 0.781446 0.331785
vt 0.783913 0.280642
vt 0.780042 0.306557
vt 0.778242 0.321247
vt 0.776030 0.329393
vt 0.787910 0.247914
vt 0.768388 0.291973
vt 0.761342 0.304336
vt 0.766646 0.316778
vt 0.765537 0.324274
vt 0.772983 0.235443
vt 0.770483 0.274639
vt 0.756086 0.291259
vt 0.755524 0.314729
vt 0.755183 0.321906
vt 0.758307 0.227441
vt 0.757146 0.257734
vt 0.802520 0.374511
vt 0.799041 0.378048
vt 0.796803 0.380422
vt 0.795408 0.385823
vt 0.793519 0.390270
vt 0.790922 0.394114
vt 0.792912 0.376685
vt 0.790731 0.383639
vt 0.799393 0.357142
vt 0.797885 0.362570
vt 0.796832 0.366716
vt 0.795216 0.370899
vt 0.786870 0.392307
vt 0.792386 0.358404
vt 0.791928 0.363643
vt 0.791413 0.368726
vt 0.788789 0.370829
vt 0.787759 0.376105
vt 0.786053 0.381407
vt 0.784694 0.368808
vt 0.782475 0.372939
vt 0.792671 0.348624
vt 0.790307 0.348003
vt 0.788848 0.350002
vt 0.787024 0.351826
vt 0.787361 0.356850
vt 0.786506 0.362150
vt 0.781447 0.380160
vt 0.782865 0.350092
vt 0.782439 0.355876
vt 0.782333 0.361269
vt 0.780863 0.365599
vt 0.784044 0.336956
vt 0.782686 0.339567
vt 0.780707 0.342210
vt 0.777949 0.341487
vt 0.776485 0.347599
vt 0.775994 0.354436
vt 0.775992 0.360226
vt 0.775160 0.365564
vt 0.771611 0.355131
vt 0.770704 0.361347
vt 0.774108 0.332830
vt 0.770571 0.333468
vt 0.769395 0.339427
vt 0.771509 0.346792
vt 0.766472 0.341997
vt 0.767882 0.348629
vt 0.766598 0.353162
vt 0.765786 0.358157
vt 0.764402 0.327895
vt 0.763304 0.330229
vt 0.761622 0.335458
vt 0.761203 0.339786
vt 0.760854 0.345835
vt 0.760351 0.350519
vt 0.759870 0.355639
vt 0.754855 0.325591
vt 0.754507 0.329554
vt 0.753321 0.333666
vt 0.754097 0.342408
vt 0.753507 0.349033
vt 0.753347 0.354190
vt 0.788916 0.400240
vt 0.786994 0.403033
vt 0.780499 0.404219
vt 0.778402 0.408960
vt 0.783903 0.387120
vt 0.781774 0.392534
vt 0.779638 0.396224
vt 0.777438 0.400980
vt 0.775094 0.406541
vt 0.772370 0.411394
vt 0.778697 0.386563
vt 0.776181 0.392658
vt 0.773930 0.397993
vt 0.777577 0.375710
vt 0.775530 0.380547
vt 0.774167 0.385296
vt 0.771466 0.403526
vt 0.768789 0.409048
vt 0.766057 0.413434
vt 0.772333 0.390215
vt 0.770063 0.395427
vt 0.767567 0.400833
vt 0.773486 0.370489
vt 0.771153 0.375559
vt 0.770345 0.383384
vt 0.768288 0.388204
vt 0.769086 0.368233
vt 0.765137 0.406181
vt 0.762734 0.411175
vt 0.765992 0.393283
vt 0.763457 0.398572
vt 0.761374 0.404267
vt 0.767141 0.374404
vt 0.765167 0.378966
vt 0.764090 0.386641
vt 0.761932 0.391432
vt 0.765110 0.363533
vt 0.764747 0.369565
vt 0.762938 0.373741
vt 0.757780 0.411749
vt 0.757982 0.396684
vt 0.757533 0.403680
vt 0.760823 0.378075
vt 0.758513 0.382649
vt 0.757877 0.389739
vt 0.759444 0.361200
vt 0.759064 0.367214
vt 0.758546 0.373433
vt 0.756595 0.377488
vt 0.752630 0.411779
vt 0.752683 0.395900
vt 0.752597 0.403271
vt 0.752761 0.382587
vt 0.752694 0.389083
vt 0.753202 0.359804
vt 0.753055 0.365806
vt 0.752846 0.371780
vt 0.752471 0.377016
vt 0.255073 0.644814
vt 0.265226 0.652405
vt 0.274264 0.643855
vt 0.286243 0.644612
vt 0.260265 0.804570
vt 0.260174 0.716906
vt 0.256830 0.742038
vt 0.258575 0.773051
vt 0.253786 0.671504
vt 0.255819 0.694537
vt 0.280378 0.802193
vt 0.270977 0.740828
vt 0.274590 0.771703
vt 0.264663 0.673065
vt 0.267942 0.699606
vt 0.299251 0.793673
vt 0.282783 0.717781
vt 0.287902 0.752069
vt 0.278648 0.685241
vt 0.275748 0.662988
vt 0.314519 0.790594
vt 0.293964 0.716840
vt 0.303308 0.747457
vt 0.288969 0.679948
vt 0.284970 0.658024
vt 0.311591 0.723131
vt 0.323641 0.752133
vt 0.298622 0.673214
vt 0.302420 0.685364
vt 0.292687 0.643023
vt 0.329854 0.727397
vt 0.345541 0.764122
vt 0.315005 0.686375
vt 0.305061 0.645630
vt 0.313934 0.675127
vt 0.346904 0.731814
vt 0.332135 0.694045
vt 0.320293 0.656270
vt 0.331832 0.676731
vt 0.365688 0.746692
vt 0.345613 0.688749
vt 0.359385 0.721310
vt 0.328726 0.648795
vt 0.263117 0.845497
vt 0.270382 0.897296
vt 0.290412 0.946986
vt 0.517285 0.987214
vt 0.300704 0.836460
vt 0.307390 0.889012
vt 0.351909 0.933190
vt 0.500000 0.961528
vt 0.339593 0.876828
vt 0.392171 0.914861
vt 0.500000 0.934866
vt 0.331987 0.822692
vt 0.367025 0.863600
vt 0.414722 0.893239
vt 0.500000 0.907133
vt 0.335201 0.796513
vt 0.367113 0.825735
vt 0.399961 0.843663
vt 0.431214 0.871494
vt 0.499999 0.879841
vt 0.357813 0.795458
vt 0.384129 0.811094
vt 0.448213 0.838656
vt 0.499999 0.854264
vt 0.409354 0.812423
vt 0.501839 0.820671
vt 0.378483 0.775330
vt 0.431201 0.808383
vt 0.394837 0.752331
vt 0.405636 0.773841
vt 0.434306 0.780134
vt 0.461130 0.810554
vt 0.488124 0.798315
vt 0.386407 0.736881
vt 0.254046 0.623490
vt 0.254349 0.604316
vt 0.253943 0.585233
vt 0.253640 0.566765
vt 0.255340 0.542843
vt 0.253504 0.551670
vt 0.253403 0.533041
vt 0.253491 0.520557
vt 0.253507 0.506946
vt 0.262891 0.618739
vt 0.263680 0.632742
vt 0.262609 0.603968
vt 0.261594 0.584855
vt 0.261645 0.564974
vt 0.260818 0.549544
vt 0.260510 0.534110
vt 0.266494 0.540837
vt 0.260515 0.520617
vt 0.260520 0.506930
vt 0.272955 0.618749
vt 0.270501 0.601324
vt 0.269764 0.582366
vt 0.270163 0.559676
vt 0.268850 0.569273
vt 0.268276 0.550118
vt 0.269900 0.530337
vt 0.267422 0.519814
vt 0.270672 0.506433
vt 0.281382 0.626017
vt 0.279442 0.593856
vt 0.279360 0.607462
vt 0.278900 0.577120
vt 0.276431 0.566191
vt 0.275738 0.549960
vt 0.281760 0.556487
vt 0.275366 0.536089
vt 0.274104 0.519676
vt 0.277409 0.525769
vt 0.287604 0.615868
vt 0.287596 0.601271
vt 0.285661 0.584322
vt 0.284390 0.567081
vt 0.291551 0.573312
vt 0.285807 0.545136
vt 0.288568 0.535541
vt 0.278921 0.517562
vt 0.279077 0.505900
vt 0.288434 0.506551
vt 0.299749 0.617948
vt 0.294137 0.593620
vt 0.295984 0.579958
vt 0.294416 0.561590
vt 0.290830 0.544796
vt 0.289159 0.520624
vt 0.309438 0.618635
vt 0.303946 0.598333
vt 0.303319 0.585979
vt 0.302626 0.570361
vt 0.301271 0.551918
vt 0.294528 0.532385
vt 0.295628 0.521036
vt 0.295138 0.506854
vt 0.303023 0.507040
vt 0.318670 0.622143
vt 0.310098 0.596797
vt 0.319926 0.611874
vt 0.313453 0.587005
vt 0.310524 0.568490
vt 0.303832 0.545940
vt 0.310389 0.554294
vt 0.304556 0.535549
vt 0.313229 0.536958
vt 0.309414 0.523255
vt 0.314056 0.637721
vt 0.361583 0.690260
vt 0.379901 0.717995
vt 0.340362 0.650256
vt 0.378172 0.697537
vt 0.351820 0.660534
vt 0.371351 0.675900
vt 0.389975 0.688312
vt 0.377665 0.659286
vt 0.395055 0.664728
vt 0.416491 0.748824
vt 0.463552 0.767941
vt 0.435682 0.748751
vt 0.491728 0.756556
vt 0.401631 0.705874
vt 0.408440 0.723185
vt 0.447498 0.735471
vt 0.467852 0.746961
vt 0.428684 0.708387
vt 0.471898 0.724029
vt 0.498620 0.728618
vt 0.406071 0.692296
vt 0.448830 0.710305
vt 0.414461 0.674185
vt 0.434176 0.692028
vt 0.454605 0.688852
vt 0.472240 0.700398
vt 0.493349 0.695068
vt 0.420736 0.664977
vt 0.437632 0.677651
vt 0.475205 0.683636
vt 0.490027 0.670631
vt 0.322701 0.601492
vt 0.320648 0.578943
vt 0.328337 0.598341
vt 0.322262 0.564232
vt 0.316968 0.550426
vt 0.319808 0.543028
vt 0.311239 0.519370
vt 0.310917 0.506396
vt 0.320727 0.506888
vt 0.331349 0.582369
vt 0.331185 0.571039
vt 0.328486 0.553574
vt 0.321664 0.535784
vt 0.330394 0.544154
vt 0.320716 0.521121
vt 0.331401 0.521690
vt 0.330476 0.507464
vt 0.342701 0.583758
vt 0.337588 0.568060
vt 0.340247 0.554774
vt 0.331842 0.536647
vt 0.342807 0.540921
vt 0.342087 0.522258
vt 0.340998 0.507605
vt 0.346943 0.570939
vt 0.353400 0.557358
vt 0.341558 0.533651
vt 0.353881 0.523459
vt 0.351888 0.507743
vt 0.352161 0.533826
vt 0.331267 0.624704
vt 0.350141 0.647363
vt 0.331231 0.613555
vt 0.345583 0.628755
vt 0.364966 0.654070
vt 0.336342 0.601354
vt 0.344624 0.616045
vt 0.356806 0.630182
vt 0.373965 0.639270
vt 0.349389 0.602434
vt 0.355290 0.615154
vt 0.369121 0.625088
vt 0.397592 0.653150
vt 0.367063 0.610215
vt 0.389728 0.630625
vt 0.351396 0.584278
vt 0.365050 0.597528
vt 0.360910 0.577228
vt 0.354758 0.542068
vt 0.407391 0.646260
vt 0.376579 0.609186
vt 0.394702 0.613959
vt 0.408292 0.633999
vt 0.372244 0.594153
vt 0.385985 0.600253
vt 0.368186 0.573792
vt 0.379387 0.584942
vt 0.360622 0.555224
vt 0.372658 0.559898
vt 0.369253 0.541368
vt 0.363448 0.529874
vt 0.363724 0.507459
vt 0.415439 0.624263
vt 0.393844 0.595757
vt 0.410166 0.608055
vt 0.377174 0.570643
vt 0.390146 0.580760
vt 0.368691 0.551174
vt 0.384296 0.560685
vt 0.384975 0.543321
vt 0.364256 0.521485
vt 0.380332 0.523998
vt 0.378976 0.507531
vt 0.403845 0.591243
vt 0.420959 0.600307
vt 0.397233 0.575845
vt 0.413882 0.575323
vt 0.418454 0.587267
vt 0.389306 0.556966
vt 0.404277 0.562181
vt 0.380839 0.534859
vt 0.403576 0.545623
vt 0.393028 0.521623
vt 0.392659 0.505658
vt 0.408654 0.557611
vt 0.427393 0.561524
vt 0.398951 0.535852
vt 0.423759 0.546006
vt 0.400747 0.525093
vt 0.417028 0.526977
vt 0.396888 0.508604
vt 0.418001 0.507987
vt 0.440196 0.663815
vt 0.466364 0.670743
vt 0.425655 0.643176
vt 0.444124 0.650701
vt 0.467144 0.649200
vt 0.432989 0.634127
vt 0.452326 0.639909
vt 0.490945 0.649370
vt 0.430350 0.618896
vt 0.447304 0.626129
vt 0.468206 0.623499
vt 0.478194 0.633898
vt 0.500044 0.634319
vt 0.436843 0.609398
vt 0.458591 0.613743
vt 0.490883 0.621319
vt 0.434043 0.594759
vt 0.451300 0.600962
vt 0.479267 0.607764
vt 0.498314 0.598198
vt 0.433507 0.582691
vt 0.451420 0.584649
vt 0.470003 0.593741
vt 0.486498 0.595225
vt 0.439510 0.570264
vt 0.428215 0.540899
vt 0.418285 0.519455
vt 0.424946 0.527509
vt 0.430185 0.508452
vt 0.459574 0.576679
vt 0.480167 0.581094
vt 0.500479 0.589349
vt 0.436650 0.556555
vt 0.453574 0.564437
vt 0.471928 0.565863
vt 0.485863 0.565401
vt 0.500154 0.569234
vt 0.440115 0.543350
vt 0.458679 0.544141
vt 0.473210 0.552581
vt 0.440713 0.526609
vt 0.452222 0.528846
vt 0.444607 0.508748
vt 0.494254 0.555617
vt 0.465702 0.537905
vt 0.481559 0.543286
vt 0.500212 0.542428
vt 0.456535 0.523271
vt 0.468346 0.524944
vt 0.480997 0.526650
vt 0.500136 0.526145
vt 0.446884 0.504694
vt 0.466662 0.508602
vt 0.481944 0.509046
vt 0.500505 0.508767
vt 0.711233 0.944715
vt 0.707228 0.895850
vt 0.733595 0.869791
vt 0.738728 0.822754
vt 0.648090 0.933190
vt 0.699296 0.836461
vt 0.708653 0.810322
vt 0.607831 0.914860
vt 0.660406 0.876828
vt 0.585278 0.893238
vt 0.632975 0.863599
vt 0.668014 0.822692
vt 0.686183 0.791154
vt 0.568787 0.871494
vt 0.600038 0.843663
vt 0.634251 0.825785
vt 0.664046 0.801413
vt 0.642016 0.795368
vt 0.669286 0.780902
vt 0.552677 0.837748
vt 0.616925 0.811298
vt 0.654460 0.764120
vt 0.590925 0.812466
vt 0.531630 0.817736
vt 0.569533 0.807621
vt 0.619547 0.766008
vt 0.634076 0.746751
vt 0.539497 0.788785
vt 0.565693 0.780135
vt 0.594365 0.773840
vt 0.613886 0.736222
vt 0.740419 0.789835
vt 0.742175 0.758565
vt 0.743960 0.725829
vt 0.743890 0.701775
vt 0.746355 0.671694
vt 0.735732 0.670668
vt 0.723568 0.782136
vt 0.729023 0.740826
vt 0.730733 0.716089
vt 0.732856 0.688624
vt 0.732092 0.650796
vt 0.702153 0.790153
vt 0.712098 0.752068
vt 0.717629 0.718360
vt 0.721552 0.686337
vt 0.724377 0.664026
vt 0.698456 0.739108
vt 0.698982 0.711379
vt 0.708654 0.691917
vt 0.712077 0.675091
vt 0.715798 0.644954
vt 0.674322 0.735313
vt 0.688874 0.723492
vt 0.701377 0.676061
vt 0.707550 0.643303
vt 0.670705 0.723399
vt 0.685457 0.686618
vt 0.686934 0.675538
vt 0.695266 0.645754
vt 0.653750 0.731951
vt 0.658109 0.698256
vt 0.672641 0.684127
vt 0.680115 0.658518
vt 0.641185 0.721407
vt 0.659219 0.680386
vt 0.671536 0.649103
vt 0.744701 0.644338
vt 0.686387 0.644642
vt 0.688538 0.627491
vt 0.681608 0.622600
vt 0.672973 0.612912
vt 0.745817 0.624068
vt 0.745769 0.609738
vt 0.745742 0.594417
vt 0.746642 0.576269
vt 0.746075 0.557559
vt 0.746911 0.541969
vt 0.746298 0.520937
vt 0.747595 0.514242
vt 0.746497 0.508560
vt 0.736206 0.633151
vt 0.737109 0.618739
vt 0.737474 0.604709
vt 0.738499 0.585215
vt 0.738782 0.565948
vt 0.740459 0.545764
vt 0.739792 0.522825
vt 0.738942 0.512896
vt 0.739878 0.504814
vt 0.727453 0.632586
vt 0.728611 0.614290
vt 0.729797 0.593601
vt 0.730959 0.574754
vt 0.730163 0.559231
vt 0.734384 0.544123
vt 0.731972 0.539983
vt 0.732592 0.521192
vt 0.732730 0.511113
vt 0.733589 0.503631
vt 0.721244 0.618093
vt 0.722059 0.600435
vt 0.722495 0.586959
vt 0.721413 0.576704
vt 0.723569 0.566191
vt 0.718623 0.556213
vt 0.724263 0.549966
vt 0.726185 0.535703
vt 0.726064 0.519790
vt 0.725964 0.507407
vt 0.727539 0.501381
vt 0.712776 0.615324
vt 0.714392 0.596517
vt 0.706943 0.588411
vt 0.714339 0.584322
vt 0.708958 0.572881
vt 0.715610 0.567082
vt 0.714787 0.543925
vt 0.720199 0.516405
vt 0.719063 0.506049
vt 0.701015 0.622213
vt 0.693661 0.615050
vt 0.703872 0.604560
vt 0.708573 0.562371
vt 0.706655 0.550783
vt 0.709524 0.538135
vt 0.714428 0.511439
vt 0.713459 0.500327
vt 0.695647 0.597229
vt 0.698983 0.582368
vt 0.698361 0.569819
vt 0.701741 0.559079
vt 0.705171 0.533228
vt 0.695627 0.523242
vt 0.705298 0.519844
vt 0.705244 0.505549
vt 0.684233 0.605792
vt 0.687484 0.586718
vt 0.690696 0.568097
vt 0.695464 0.549067
vt 0.694085 0.536624
vt 0.689661 0.527649
vt 0.694043 0.507189
vt 0.747056 0.498222
vt 0.740753 0.496954
vt 0.509992 0.770856
vt 0.591976 0.754954
vt 0.579577 0.740908
vt 0.620098 0.717995
vt 0.534805 0.762298
vt 0.561392 0.754391
vt 0.515315 0.748582
vt 0.532791 0.738773
vt 0.552905 0.734536
vt 0.591560 0.723185
vt 0.598590 0.705296
vt 0.607056 0.688893
vt 0.571985 0.708705
vt 0.583334 0.686295
vt 0.506955 0.710567
vt 0.527745 0.716589
vt 0.551163 0.710944
vt 0.527903 0.700288
vt 0.545634 0.688278
vt 0.566096 0.692950
vt 0.583363 0.668588
vt 0.506832 0.679382
vt 0.526315 0.678585
vt 0.562733 0.677001
vt 0.639031 0.690582
vt 0.648180 0.660517
vt 0.659534 0.650393
vt 0.622323 0.697770
vt 0.630197 0.676962
vt 0.622915 0.659592
vt 0.605326 0.665005
vt 0.592585 0.654387
vt 0.548491 0.666330
vt 0.572047 0.658455
vt 0.507873 0.653502
vt 0.524385 0.663094
vt 0.534039 0.647118
vt 0.556422 0.650168
vt 0.574657 0.643657
vt 0.544057 0.636975
vt 0.567458 0.633465
vt 0.585797 0.624906
vt 0.590877 0.608446
vt 0.522174 0.633990
vt 0.553419 0.625603
vt 0.569962 0.619298
vt 0.541591 0.613323
vt 0.563621 0.608711
vt 0.580654 0.600998
vt 0.579246 0.583906
vt 0.509341 0.620489
vt 0.528197 0.620437
vt 0.507680 0.597844
vt 0.521060 0.608031
vt 0.549315 0.600209
vt 0.566454 0.595059
vt 0.530555 0.593535
vt 0.544227 0.589027
vt 0.559588 0.582033
vt 0.560952 0.570596
vt 0.570893 0.556685
vt 0.650229 0.647001
vt 0.668568 0.623097
vt 0.672221 0.598602
vt 0.635533 0.654348
vt 0.655225 0.629374
vt 0.648512 0.615849
vt 0.660638 0.611675
vt 0.661312 0.599772
vt 0.626532 0.638476
vt 0.643694 0.630332
vt 0.631294 0.624506
vt 0.649187 0.600739
vt 0.657970 0.583975
vt 0.653640 0.570713
vt 0.610083 0.648248
vt 0.610484 0.630354
vt 0.633796 0.610648
vt 0.636306 0.597746
vt 0.649274 0.584291
vt 0.634594 0.578278
vt 0.642065 0.569348
vt 0.645387 0.553741
vt 0.650371 0.540859
vt 0.595960 0.639110
vt 0.605644 0.613537
vt 0.623999 0.609350
vt 0.615194 0.600888
vt 0.628703 0.594409
vt 0.621359 0.585128
vt 0.635501 0.558647
vt 0.642390 0.540068
vt 0.636552 0.529874
vt 0.646912 0.523419
vt 0.607485 0.596556
vt 0.611296 0.581296
vt 0.623727 0.570722
vt 0.617276 0.560763
vt 0.630335 0.554891
vt 0.629808 0.541071
vt 0.620032 0.524305
vt 0.635843 0.521848
vt 0.620194 0.508251
vt 0.636268 0.507741
vt 0.596756 0.591458
vt 0.591412 0.572483
vt 0.604044 0.576363
vt 0.603849 0.559985
vt 0.616986 0.549914
vt 0.613600 0.541472
vt 0.619161 0.534859
vt 0.605471 0.522832
vt 0.605641 0.508411
vt 0.607497 0.505089
vt 0.584395 0.573346
vt 0.587851 0.560984
vt 0.597725 0.550599
vt 0.581446 0.542744
vt 0.599267 0.539309
vt 0.589852 0.524930
vt 0.582494 0.508586
vt 0.678145 0.600597
vt 0.679974 0.578492
vt 0.683958 0.561663
vt 0.680656 0.553209
vt 0.685880 0.547685
vt 0.682619 0.539993
vt 0.688742 0.520003
vt 0.679211 0.508015
vt 0.689107 0.506381
vt 0.669088 0.582714
vt 0.664162 0.569341
vt 0.675337 0.565058
vt 0.669501 0.553604
vt 0.671429 0.540035
vt 0.679282 0.532167
vt 0.679441 0.521437
vt 0.669996 0.507717
vt 0.658275 0.554932
vt 0.660499 0.541062
vt 0.669056 0.533066
vt 0.668962 0.521616
vt 0.659609 0.507628
vt 0.658442 0.533651
vt 0.658352 0.521876
vt 0.648273 0.507577
vt 0.647839 0.533826
vt 0.520526 0.580738
vt 0.541041 0.577160
vt 0.519825 0.565468
vt 0.533194 0.564871
vt 0.549213 0.564025
vt 0.563992 0.556783
vt 0.527342 0.553233
vt 0.544093 0.542747
vt 0.567752 0.544271
vt 0.544383 0.533095
vt 0.553953 0.525527
vt 0.574796 0.526845
vt 0.555363 0.508725
vt 0.570894 0.508695
vt 0.506229 0.555925
vt 0.518627 0.543852
vt 0.534769 0.538188
vt 0.519532 0.526317
vt 0.531654 0.524944
vt 0.543425 0.524412
vt 0.518903 0.509047
vt 0.534561 0.508417
vt 0.553150 0.504987
vt 0.578215 0.534480
vt 0.581715 0.519455
vt 0.253507 0.493054
vt 0.253491 0.479443
vt 0.253403 0.466959
vt 0.255245 0.457052
vt 0.253479 0.444135
vt 0.253797 0.418193
vt 0.253965 0.407490
vt 0.253998 0.395783
vt 0.253955 0.383193
vt 0.260520 0.493070
vt 0.260515 0.479383
vt 0.260510 0.465890
vt 0.266721 0.458931
vt 0.260818 0.450446
vt 0.261854 0.437374
vt 0.261654 0.418783
vt 0.261898 0.408011
vt 0.262055 0.395795
vt 0.261786 0.382754
vt 0.270128 0.493560
vt 0.267422 0.480186
vt 0.270001 0.469704
vt 0.268276 0.449877
vt 0.270168 0.440211
vt 0.269473 0.424755
vt 0.269836 0.409249
vt 0.270642 0.395809
vt 0.274780 0.389658
vt 0.269213 0.382199
vt 0.279535 0.380455
vt 0.275682 0.478376
vt 0.275366 0.463911
vt 0.275737 0.450038
vt 0.281820 0.443448
vt 0.276423 0.433759
vt 0.276917 0.413505
vt 0.277865 0.401066
vt 0.279943 0.391420
vt 0.279077 0.494100
vt 0.287991 0.493566
vt 0.278741 0.482410
vt 0.288942 0.464380
vt 0.285928 0.454980
vt 0.284385 0.432892
vt 0.291263 0.427131
vt 0.285644 0.415105
vt 0.283713 0.403820
vt 0.287910 0.394512
vt 0.292739 0.386608
vt 0.286643 0.378903
vt 0.292599 0.376142
vt 0.289159 0.479376
vt 0.292867 0.459863
vt 0.290975 0.449566
vt 0.294476 0.438535
vt 0.292472 0.409484
vt 0.295817 0.398870
vt 0.298369 0.388703
vt 0.299408 0.375012
vt 0.304013 0.368468
vt 0.295138 0.493146
vt 0.302901 0.493140
vt 0.295628 0.478964
vt 0.294173 0.469986
vt 0.303554 0.463000
vt 0.300883 0.447988
vt 0.303073 0.433686
vt 0.303689 0.423747
vt 0.304835 0.395770
vt 0.313541 0.383904
vt 0.304986 0.380429
vt 0.310082 0.371949
vt 0.309052 0.476657
vt 0.313780 0.462766
vt 0.303832 0.454060
vt 0.311097 0.445666
vt 0.311665 0.429196
vt 0.316437 0.418320
vt 0.316577 0.392649
vt 0.319206 0.359282
vt 0.326381 0.379118
vt 0.322140 0.372088
vt 0.328932 0.357764
vt 0.253943 0.371054
vt 0.253113 0.352721
vt 0.253441 0.335279
vt 0.253839 0.326512
vt 0.253496 0.315947
vt 0.253800 0.320116
vt 0.253386 0.310421
vt 0.252929 0.306544
vt 0.262488 0.369014
vt 0.258213 0.351069
vt 0.264550 0.336123
vt 0.259956 0.335126
vt 0.261773 0.325792
vt 0.268611 0.326321
vt 0.260609 0.315052
vt 0.261410 0.319055
vt 0.262157 0.310762
vt 0.259584 0.306331
vt 0.270560 0.368906
vt 0.279265 0.370924
vt 0.270637 0.334577
vt 0.267353 0.321825
vt 0.267643 0.313605
vt 0.268276 0.316509
vt 0.275006 0.317095
vt 0.269252 0.308087
vt 0.275977 0.357863
vt 0.281822 0.353346
vt 0.277623 0.331575
vt 0.277545 0.322406
vt 0.275776 0.312937
vt 0.275685 0.306548
vt 0.276628 0.303755
vt 0.286742 0.365331
vt 0.292511 0.364026
vt 0.289630 0.354621
vt 0.283000 0.329789
vt 0.287052 0.328598
vt 0.283746 0.319642
vt 0.288996 0.318026
vt 0.283156 0.309276
vt 0.285485 0.311117
vt 0.289983 0.311276
vt 0.282082 0.303993
vt 0.287683 0.306518
vt 0.298209 0.360932
vt 0.308544 0.355350
vt 0.293224 0.325999
vt 0.298194 0.347018
vt 0.298789 0.322772
vt 0.294445 0.315097
vt 0.299507 0.312734
vt 0.292041 0.305619
vt 0.295798 0.306198
vt 0.303881 0.302427
vt 0.291816 0.299445
vt 0.287253 0.301385
vt 0.303776 0.348029
vt 0.307669 0.341552
vt 0.303960 0.320156
vt 0.309631 0.308744
vt 0.304655 0.309022
vt 0.301420 0.300491
vt 0.311601 0.295585
vt 0.297814 0.300515
vt 0.303485 0.296060
vt 0.314040 0.288611
vt 0.296527 0.297097
vt 0.301635 0.293040
vt 0.315904 0.288991
vt 0.307293 0.294303
vt 0.311945 0.288990
vt 0.305931 0.291048
vt 0.311395 0.285933
vt 0.321638 0.277782
vt 0.314854 0.350449
vt 0.319892 0.347236
vt 0.315024 0.336399
vt 0.323445 0.332148
vt 0.314332 0.317308
vt 0.356908 0.254623
vt 0.361274 0.247998
vt 0.358297 0.236775
vt 0.314887 0.301842
vt 0.353559 0.232176
vt 0.356429 0.224637
vt 0.315340 0.294465
vt 0.355384 0.213496
vt 0.353274 0.213485
vt 0.355098 0.203370
vt 0.355888 0.197615
vt 0.325565 0.343892
vt 0.333328 0.339004
vt 0.340082 0.329094
vt 0.345332 0.321459
vt 0.319934 0.326939
vt 0.330815 0.323542
vt 0.337751 0.315670
vt 0.345410 0.308109
vt 0.352567 0.295644
vt 0.360647 0.284815
vt 0.369394 0.275118
vt 0.324357 0.314876
vt 0.330263 0.309051
vt 0.336571 0.301233
vt 0.343018 0.292302
vt 0.349334 0.281141
vt 0.356138 0.268023
vt 0.364511 0.261311
vt 0.319513 0.298716
vt 0.330377 0.295635
vt 0.336336 0.287481
vt 0.342161 0.278187
vt 0.347563 0.267706
vt 0.352258 0.256643
vt 0.325029 0.290529
vt 0.330706 0.283217
vt 0.336506 0.274678
vt 0.342031 0.265183
vt 0.346994 0.254913
vt 0.351058 0.244623
vt 0.319793 0.287262
vt 0.325813 0.280133
vt 0.331463 0.272263
vt 0.337122 0.263126
vt 0.342356 0.253435
vt 0.347015 0.243048
vt 0.350714 0.232891
vt 0.322235 0.278692
vt 0.328045 0.271570
vt 0.333157 0.263618
vt 0.338816 0.253125
vt 0.343597 0.243480
vt 0.348012 0.232503
vt 0.351346 0.221850
vt 0.346064 0.235976
vt 0.350888 0.222866
vt 0.354129 0.210180
vt 0.358229 0.190989
vt 0.275672 0.079892
vt 0.314749 0.066606
vt 0.344124 0.046447
vt 0.588959 0.015160
vt 0.269321 0.097506
vt 0.271212 0.091029
vt 0.267988 0.099363
vt 0.267005 0.097779
vt 0.266961 0.094539
vt 0.320435 0.089623
vt 0.532948 0.040412
vt 0.304339 0.105023
vt 0.308173 0.098534
vt 0.300597 0.106423
vt 0.297386 0.103839
vt 0.311911 0.105768
vt 0.298525 0.100805
vt 0.348644 0.123039
vt 0.351690 0.108067
vt 0.376977 0.092005
vt 0.432291 0.088627
vt 0.516228 0.067335
vt 0.332399 0.118705
vt 0.331617 0.108838
vt 0.331395 0.124122
vt 0.325883 0.119323
vt 0.318057 0.113057
vt 0.324583 0.113902
vt 0.358405 0.153390
vt 0.361196 0.139983
vt 0.377353 0.126555
vt 0.402067 0.112511
vt 0.506088 0.094259
vt 0.350685 0.147969
vt 0.345937 0.135113
vt 0.343351 0.138848
vt 0.338766 0.131468
vt 0.340876 0.133718
vt 0.348970 0.144125
vt 0.339895 0.128910
vt 0.362677 0.182215
vt 0.365295 0.169574
vt 0.377735 0.158850
vt 0.395410 0.145967
vt 0.419483 0.134065
vt 0.501406 0.120556
vt 0.355757 0.162298
vt 0.352508 0.158209
vt 0.352264 0.157057
vt 0.347842 0.145593
vt 0.375022 0.208371
vt 0.382899 0.201050
vt 0.393210 0.182131
vt 0.362433 0.208056
vt 0.366721 0.199034
vt 0.375717 0.187450
vt 0.408915 0.164513
vt 0.453466 0.160816
vt 0.500287 0.146265
vt 0.360118 0.189980
vt 0.357445 0.190839
vt 0.356924 0.179046
vt 0.356383 0.180932
vt 0.355191 0.169191
vt 0.356690 0.171746
vt 0.354675 0.159733
vt 0.368064 0.237337
vt 0.377085 0.224197
vt 0.390399 0.214357
vt 0.411290 0.215369
vt 0.408651 0.186146
vt 0.462313 0.185236
vt 0.362657 0.222557
vt 0.368325 0.215738
vt 0.501534 0.179304
vt 0.358663 0.212842
vt 0.356920 0.202363
vt 0.356296 0.192250
vt 0.357304 0.183146
vt 0.378685 0.265944
vt 0.373870 0.252416
vt 0.386318 0.243788
vt 0.399105 0.231111
vt 0.441674 0.209273
vt 0.488854 0.202104
vt 0.254735 0.295604
vt 0.253174 0.291083
vt 0.253218 0.285277
vt 0.253227 0.278726
vt 0.253224 0.271727
vt 0.253224 0.264409
vt 0.253212 0.256941
vt 0.259714 0.291125
vt 0.259603 0.284907
vt 0.259653 0.278335
vt 0.259658 0.271367
vt 0.259655 0.264088
vt 0.259566 0.256695
vt 0.265586 0.288983
vt 0.265553 0.283848
vt 0.265927 0.277533
vt 0.265950 0.270693
vt 0.265989 0.263495
vt 0.265646 0.256223
vt 0.270590 0.287590
vt 0.270650 0.282963
vt 0.272091 0.276596
vt 0.271758 0.269870
vt 0.272237 0.262680
vt 0.270588 0.253095
vt 0.276698 0.274742
vt 0.276923 0.268988
vt 0.276704 0.262920
vt 0.253127 0.301299
vt 0.260160 0.302938
vt 0.265647 0.304586
vt 0.260326 0.295495
vt 0.268838 0.300288
vt 0.266083 0.293919
vt 0.274476 0.299009
vt 0.275807 0.294363
vt 0.274989 0.281460
vt 0.275829 0.255707
vt 0.282974 0.298927
vt 0.281614 0.291949
vt 0.279640 0.287628
vt 0.283685 0.280803
vt 0.284044 0.251520
vt 0.286329 0.295424
vt 0.289855 0.295973
vt 0.290006 0.290772
vt 0.285020 0.285446
vt 0.292346 0.277842
vt 0.284919 0.273417
vt 0.289996 0.271890
vt 0.285212 0.266489
vt 0.292279 0.264255
vt 0.287300 0.258623
vt 0.289567 0.249996
vt 0.294293 0.294159
vt 0.298902 0.291770
vt 0.292591 0.285095
vt 0.296331 0.287416
vt 0.300576 0.280004
vt 0.298593 0.274013
vt 0.295490 0.269925
vt 0.294864 0.255839
vt 0.295089 0.247947
vt 0.298542 0.240105
vt 0.302017 0.287647
vt 0.307960 0.286175
vt 0.301226 0.283224
vt 0.305217 0.282678
vt 0.311539 0.279868
vt 0.309655 0.274939
vt 0.306037 0.271436
vt 0.299205 0.262818
vt 0.303235 0.266337
vt 0.307079 0.266660
vt 0.307343 0.256715
vt 0.299531 0.251815
vt 0.306988 0.250564
vt 0.307578 0.243064
vt 0.302173 0.244425
vt 0.354255 0.216687
vt 0.358261 0.203913
vt 0.360764 0.189960
vt 0.364463 0.195065
vt 0.368084 0.183713
vt 0.371161 0.177544
vt 0.266867 0.089494
vt 0.268027 0.081826
vt 0.269335 0.064062
vt 0.268320 0.060179
vt 0.268762 0.057261
vt 0.268887 0.055242
vt 0.299526 0.057562
vt 0.280611 0.054976
vt 0.298967 0.095806
vt 0.299131 0.087066
vt 0.299308 0.067312
vt 0.301911 0.064124
vt 0.301744 0.060804
vt 0.325338 0.064068
vt 0.303302 0.058928
vt 0.324441 0.107783
vt 0.326931 0.099655
vt 0.331531 0.082574
vt 0.323528 0.069117
vt 0.325938 0.066450
vt 0.322719 0.063801
vt 0.332912 0.066927
vt 0.345642 0.132374
vt 0.340777 0.121975
vt 0.343233 0.111677
vt 0.356956 0.107559
vt 0.350734 0.096041
vt 0.352317 0.085613
vt 0.354394 0.081757
vt 0.353378 0.078267
vt 0.350943 0.076163
vt 0.351600 0.139099
vt 0.355672 0.130521
vt 0.369286 0.116151
vt 0.360255 0.100572
vt 0.371970 0.108889
vt 0.363574 0.096001
vt 0.374247 0.105916
vt 0.365184 0.091795
vt 0.373240 0.100720
vt 0.364517 0.088005
vt 0.370960 0.097572
vt 0.361996 0.084959
vt 0.359162 0.163693
vt 0.356961 0.151696
vt 0.362565 0.164579
vt 0.362543 0.144372
vt 0.371207 0.134851
vt 0.366226 0.126817
vt 0.360740 0.176055
vt 0.371074 0.148036
vt 0.372884 0.157988
vt 0.375255 0.132209
vt 0.378812 0.139089
vt 0.377402 0.124386
vt 0.379883 0.133144
vt 0.378396 0.119476
vt 0.379503 0.128461
vt 0.377965 0.114869
vt 0.376355 0.112172
vt 0.376515 0.150790
vt 0.378298 0.152003
vt 0.378841 0.149770
vt 0.378262 0.145301
vt 0.377745 0.128719
vt 0.253192 0.249740
vt 0.253152 0.243294
vt 0.259471 0.249587
vt 0.259156 0.243485
vt 0.267007 0.247689
vt 0.265219 0.243207
vt 0.253394 0.234536
vt 0.253626 0.222460
vt 0.253409 0.209371
vt 0.253624 0.197118
vt 0.253913 0.184565
vt 0.256214 0.174969
vt 0.254184 0.168923
vt 0.254333 0.158025
vt 0.259818 0.234386
vt 0.261736 0.224962
vt 0.260625 0.215060
vt 0.260857 0.203153
vt 0.261818 0.190145
vt 0.263272 0.176919
vt 0.262759 0.170173
vt 0.263443 0.161700
vt 0.265364 0.149730
vt 0.266881 0.230508
vt 0.268105 0.223887
vt 0.267900 0.212059
vt 0.268405 0.199783
vt 0.270908 0.188447
vt 0.270535 0.177806
vt 0.273900 0.169440
vt 0.272108 0.162512
vt 0.273445 0.154389
vt 0.273430 0.246482
vt 0.276751 0.236515
vt 0.275816 0.232068
vt 0.274609 0.225820
vt 0.275979 0.217001
vt 0.272404 0.213208
vt 0.277057 0.204304
vt 0.273360 0.201181
vt 0.278001 0.191913
vt 0.280675 0.183368
vt 0.279209 0.175233
vt 0.285471 0.165363
vt 0.280191 0.164489
vt 0.281888 0.156469
vt 0.283106 0.244778
vt 0.283720 0.237283
vt 0.283284 0.224501
vt 0.281901 0.218866
vt 0.285247 0.208211
vt 0.284072 0.202217
vt 0.286716 0.196262
vt 0.287412 0.186726
vt 0.290508 0.178465
vt 0.293191 0.171266
vt 0.290610 0.159632
vt 0.287981 0.242204
vt 0.290436 0.231910
vt 0.288692 0.225678
vt 0.291149 0.212887
vt 0.293271 0.203462
vt 0.297013 0.193439
vt 0.291531 0.191560
vt 0.295939 0.184436
vt 0.302410 0.174291
vt 0.304786 0.166414
vt 0.293521 0.238009
vt 0.299723 0.229066
vt 0.300542 0.220726
vt 0.295262 0.218569
vt 0.298093 0.210737
vt 0.302193 0.201238
vt 0.303697 0.188219
vt 0.308140 0.182526
vt 0.312812 0.174129
vt 0.304320 0.235399
vt 0.308339 0.222981
vt 0.304189 0.214178
vt 0.311481 0.210523
vt 0.305565 0.202072
vt 0.314815 0.200874
vt 0.318123 0.190113
vt 0.308476 0.194522
vt 0.310995 0.182850
vt 0.321696 0.182208
vt 0.258476 0.092681
vt 0.260281 0.084107
vt 0.254698 0.115032
vt 0.257291 0.104224
vt 0.257681 0.098028
vt 0.292716 0.087761
vt 0.273525 0.098238
vt 0.277502 0.088664
vt 0.270316 0.121885
vt 0.270632 0.112262
vt 0.271653 0.105251
vt 0.294087 0.108330
vt 0.286366 0.101777
vt 0.298023 0.094908
vt 0.270865 0.142505
vt 0.273022 0.136581
vt 0.273626 0.130431
vt 0.281359 0.121793
vt 0.283549 0.114349
vt 0.285618 0.107113
vt 0.310806 0.098663
vt 0.301664 0.112598
vt 0.305281 0.103020
vt 0.284188 0.148480
vt 0.292679 0.142527
vt 0.289293 0.132484
vt 0.291995 0.124816
vt 0.295524 0.117552
vt 0.329724 0.102022
vt 0.318932 0.115542
vt 0.318424 0.108889
vt 0.300809 0.155142
vt 0.305050 0.148019
vt 0.307920 0.140159
vt 0.312392 0.133292
vt 0.304149 0.121786
vt 0.291808 0.151158
vt 0.297757 0.135583
vt 0.300354 0.128213
vt 0.347549 0.113137
vt 0.335676 0.115513
vt 0.340855 0.108946
vt 0.326197 0.123067
vt 0.333137 0.108172
vt 0.319311 0.127533
vt 0.320460 0.120856
vt 0.357682 0.116388
vt 0.349467 0.127972
vt 0.353420 0.118335
vt 0.339521 0.132357
vt 0.343982 0.122865
vt 0.311078 0.161830
vt 0.316096 0.155154
vt 0.325943 0.152049
vt 0.331030 0.145698
vt 0.330851 0.134299
vt 0.335630 0.124230
vt 0.317323 0.145781
vt 0.322252 0.136556
vt 0.369974 0.133874
vt 0.360989 0.138824
vt 0.362726 0.129223
vt 0.347598 0.148206
vt 0.348185 0.138731
vt 0.354028 0.132654
vt 0.357096 0.126654
vt 0.325736 0.175700
vt 0.325587 0.163385
vt 0.335205 0.160810
vt 0.340036 0.154249
vt 0.341080 0.142993
vt 0.318926 0.168456
vt 0.334860 0.141246
vt 0.263040 0.053926
vt 0.267107 0.056872
vt 0.263978 0.062754
vt 0.265629 0.058919
vt 0.261379 0.073432
vt 0.261265 0.067190
vt 0.260203 0.078962
vt 0.302886 0.059445
vt 0.298591 0.060460
vt 0.291857 0.066569
vt 0.293971 0.061765
vt 0.305761 0.073629
vt 0.283378 0.069938
vt 0.277194 0.083913
vt 0.287986 0.077615
vt 0.328983 0.066612
vt 0.338923 0.074367
vt 0.323952 0.066922
vt 0.316640 0.067065
vt 0.313351 0.072167
vt 0.305783 0.081193
vt 0.300349 0.084460
vt 0.352691 0.080417
vt 0.345459 0.074928
vt 0.337303 0.080512
vt 0.329204 0.079223
vt 0.320850 0.088126
vt 0.328581 0.086937
vt 0.320216 0.092840
vt 0.358494 0.083347
vt 0.361677 0.096681
vt 0.356446 0.088000
vt 0.348892 0.087528
vt 0.341119 0.093296
vt 0.333442 0.095574
vt 0.372265 0.106928
vt 0.367441 0.098436
vt 0.357023 0.102866
vt 0.349835 0.104247
vt 0.350509 0.098523
vt 0.341871 0.102683
vt 0.370194 0.119375
vt 0.373277 0.114436
vt 0.365883 0.109866
vt 0.361988 0.114634
vt 0.373895 0.129993
vt 0.375504 0.123906
vt 0.367766 0.124947
vt 0.257430 0.148135
vt 0.254690 0.142000
vt 0.255457 0.127207
vt 0.255619 0.119896
vt 0.263890 0.142889
vt 0.264518 0.135486
vt 0.265361 0.124883
vt 0.310917 0.493604
vt 0.322404 0.492765
vt 0.310739 0.482893
vt 0.320095 0.477564
vt 0.319808 0.456972
vt 0.317017 0.449638
vt 0.322224 0.435857
vt 0.323933 0.420152
vt 0.328953 0.401969
vt 0.331401 0.478310
vt 0.320718 0.467833
vt 0.329097 0.459805
vt 0.328486 0.446426
vt 0.332846 0.431082
vt 0.332914 0.414336
vt 0.332618 0.492410
vt 0.342087 0.477742
vt 0.330944 0.466934
vt 0.340020 0.458854
vt 0.340247 0.445226
vt 0.342491 0.428125
vt 0.342950 0.416230
vt 0.343606 0.492334
vt 0.354297 0.476515
vt 0.341558 0.466349
vt 0.351354 0.462764
vt 0.353448 0.442672
vt 0.347651 0.430909
vt 0.352906 0.492446
vt 0.343259 0.385090
vt 0.334264 0.369653
vt 0.342232 0.355035
vt 0.337950 0.398950
vt 0.351308 0.374378
vt 0.351946 0.348010
vt 0.358569 0.338541
vt 0.377469 0.347042
vt 0.351819 0.399715
vt 0.354017 0.387428
vt 0.369432 0.374959
vt 0.365513 0.363159
vt 0.355194 0.451057
vt 0.360882 0.422780
vt 0.351444 0.415662
vt 0.365138 0.402566
vt 0.367379 0.389928
vt 0.390036 0.369371
vt 0.378352 0.361891
vt 0.398220 0.347062
vt 0.363627 0.492636
vt 0.363448 0.470126
vt 0.356839 0.460697
vt 0.367597 0.459584
vt 0.365845 0.441363
vt 0.368291 0.426217
vt 0.379435 0.415023
vt 0.372417 0.406053
vt 0.385803 0.399860
vt 0.376595 0.390826
vt 0.394865 0.385895
vt 0.405696 0.362154
vt 0.379002 0.492313
vt 0.363980 0.478451
vt 0.380332 0.476002
vt 0.380496 0.461954
vt 0.384321 0.449043
vt 0.370774 0.445529
vt 0.384197 0.439352
vt 0.377258 0.429347
vt 0.390222 0.419320
vt 0.394169 0.404486
vt 0.410393 0.391897
vt 0.415951 0.376009
vt 0.392173 0.492901
vt 0.392166 0.476992
vt 0.389967 0.457863
vt 0.403664 0.447913
vt 0.401966 0.438596
vt 0.397339 0.424324
vt 0.413707 0.424719
vt 0.418601 0.412628
vt 0.403760 0.408886
vt 0.420924 0.399638
vt 0.399263 0.491278
vt 0.419589 0.491176
vt 0.400747 0.474907
vt 0.416553 0.472992
vt 0.398951 0.464148
vt 0.406610 0.455690
vt 0.423549 0.454068
vt 0.415643 0.438127
vt 0.421355 0.353354
vt 0.428244 0.340694
vt 0.451714 0.333412
vt 0.474204 0.322041
vt 0.433186 0.365910
vt 0.452290 0.360209
vt 0.444074 0.349139
vt 0.467104 0.350849
vt 0.490927 0.330127
vt 0.436823 0.390474
vt 0.458444 0.386365
vt 0.430428 0.381219
vt 0.447605 0.373835
vt 0.468371 0.376496
vt 0.478617 0.366223
vt 0.500046 0.365651
vt 0.490110 0.350669
vt 0.429016 0.436469
vt 0.439700 0.429701
vt 0.433481 0.417299
vt 0.451235 0.415326
vt 0.470114 0.406586
vt 0.486626 0.404846
vt 0.434160 0.405438
vt 0.451418 0.399019
vt 0.479266 0.392236
vt 0.499823 0.401393
vt 0.490570 0.379120
vt 0.315458 0.281681
vt 0.319345 0.278790
vt 0.339287 0.345406
vt 0.345617 0.339372
vt 0.351785 0.326524
vt 0.360637 0.319216
vt 0.368324 0.311075
vt 0.351051 0.314217
vt 0.364859 0.301358
vt 0.375674 0.287789
vt 0.325912 0.273162
vt 0.331647 0.264613
vt 0.337089 0.255430
vt 0.340441 0.249050
vt 0.342801 0.244693
vt 0.349832 0.229842
vt 0.373286 0.332139
vt 0.378791 0.302981
vt 0.394359 0.332364
vt 0.385160 0.269090
vt 0.399646 0.252770
vt 0.428012 0.248073
vt 0.446215 0.239067
vt 0.463638 0.213080
vt 0.404124 0.303266
vt 0.415030 0.284072
vt 0.438264 0.259519
vt 0.467907 0.253038
vt 0.487641 0.242596
vt 0.427769 0.298739
vt 0.443891 0.279926
vt 0.472214 0.275857
vt 0.492638 0.273004
vt 0.416635 0.331022
vt 0.422831 0.316717
vt 0.448143 0.295641
vt 0.471986 0.299650
vt 0.501289 0.291203
vt 0.438118 0.322302
vt 0.455818 0.316945
vt 0.500000 0.311147
vt 0.312708 0.281211
vt 0.329483 0.266474
vt 0.309974 0.278052
vt 0.319397 0.273314
vt 0.325471 0.269653
vt 0.318605 0.268893
vt 0.313980 0.266102
vt 0.308267 0.262665
vt 0.316067 0.258422
vt 0.314779 0.252363
vt 0.314177 0.245069
vt 0.314011 0.237552
vt 0.325077 0.266890
vt 0.331466 0.261735
vt 0.320227 0.263640
vt 0.323358 0.264493
vt 0.328846 0.259582
vt 0.337021 0.250003
vt 0.324976 0.257749
vt 0.333711 0.249037
vt 0.336525 0.247773
vt 0.320775 0.255011
vt 0.327740 0.249372
vt 0.320938 0.248114
vt 0.327977 0.242583
vt 0.320871 0.240893
vt 0.327884 0.235415
vt 0.320684 0.231180
vt 0.325179 0.229647
vt 0.333010 0.222290
vt 0.334377 0.242897
vt 0.338438 0.238942
vt 0.334456 0.236741
vt 0.338700 0.232285
vt 0.334553 0.227586
vt 0.338513 0.225483
vt 0.337680 0.218933
vt 0.333979 0.261225
vt 0.338883 0.254334
vt 0.344187 0.245710
vt 0.349186 0.236455
vt 0.357122 0.220670
vt 0.362567 0.206831
vt 0.367738 0.192925
vt 0.372410 0.181781
vt 0.374984 0.168644
vt 0.374402 0.174480
vt 0.375155 0.168565
vt 0.373023 0.159030
vt 0.374810 0.163510
vt 0.375949 0.144153
vt 0.352782 0.229076
vt 0.338282 0.252733
vt 0.343549 0.245615
vt 0.348378 0.238114
vt 0.352159 0.231294
vt 0.362973 0.207830
vt 0.355407 0.224156
vt 0.359571 0.215829
vt 0.368763 0.193154
vt 0.357989 0.218016
vt 0.362175 0.209212
vt 0.366130 0.199766
vt 0.366111 0.197277
vt 0.371694 0.182938
vt 0.366725 0.190617
vt 0.372000 0.177415
vt 0.364449 0.181208
vt 0.366553 0.186040
vt 0.371998 0.169916
vt 0.369004 0.167205
vt 0.341613 0.244437
vt 0.346203 0.238501
vt 0.350845 0.231688
vt 0.342457 0.239623
vt 0.347398 0.233250
vt 0.352316 0.226217
vt 0.361601 0.208384
vt 0.343195 0.233481
vt 0.348268 0.227015
vt 0.353333 0.219854
vt 0.358106 0.212418
vt 0.343520 0.226701
vt 0.348678 0.220157
vt 0.353839 0.212944
vt 0.358816 0.205318
vt 0.363678 0.197367
vt 0.343353 0.219753
vt 0.348512 0.213182
vt 0.353662 0.206083
vt 0.358599 0.198680
vt 0.363367 0.190737
vt 0.342732 0.213127
vt 0.347824 0.206574
vt 0.352880 0.199733
vt 0.357556 0.193047
vt 0.361395 0.186716
vt 0.373212 0.170876
vt 0.377172 0.160937
vt 0.311285 0.229113
vt 0.318799 0.225684
vt 0.314138 0.216670
vt 0.321677 0.213139
vt 0.317233 0.207855
vt 0.325690 0.202802
vt 0.329332 0.192123
vt 0.320154 0.196172
vt 0.324414 0.188552
vt 0.323833 0.219130
vt 0.329200 0.217106
vt 0.337277 0.212469
vt 0.327260 0.209936
vt 0.331148 0.201209
vt 0.369723 0.152628
vt 0.373455 0.139638
vt 0.359810 0.154478
vt 0.365514 0.149291
vt 0.366385 0.139367
vt 0.347177 0.166169
vt 0.352742 0.157802
vt 0.333568 0.184333
vt 0.333218 0.171673
vt 0.340861 0.168277
vt 0.344777 0.159998
vt 0.354836 0.143191
vt 0.343649 0.150134
vt 0.339408 0.199476
vt 0.345236 0.195460
vt 0.349480 0.186307
vt 0.356578 0.186513
vt 0.360174 0.182580
vt 0.364582 0.167603
vt 0.366654 0.158574
vt 0.342231 0.187042
vt 0.352387 0.172654
vt 0.358001 0.169127
vt 0.362022 0.161064
vt 0.335207 0.190314
vt 0.345454 0.175950
vt 0.357127 0.161027
vt 0.339900 0.176924
vt 0.342028 0.207232
vt 0.346801 0.200708
vt 0.351761 0.194045
vt 0.418285 0.480545
vt 0.425901 0.472718
vt 0.428162 0.459249
vt 0.445939 0.493495
vt 0.451832 0.480316
vt 0.440713 0.473391
vt 0.451977 0.471290
vt 0.440115 0.456650
vt 0.458825 0.455867
vt 0.473471 0.447394
vt 0.436784 0.443556
vt 0.454068 0.435814
vt 0.471928 0.434137
vt 0.485863 0.434599
vt 0.500160 0.430712
vt 0.459729 0.423412
vt 0.480435 0.418930
vt 0.500530 0.410911
vt 0.453616 0.491131
vt 0.468312 0.491457
vt 0.481220 0.490924
vt 0.499563 0.491238
vt 0.464501 0.474018
vt 0.480996 0.473350
vt 0.500137 0.473855
vt 0.465812 0.462191
vt 0.481875 0.456845
vt 0.500212 0.457572
vt 0.494173 0.444375
vt 0.691524 0.342933
vt 0.692156 0.358930
vt 0.678087 0.359205
vt 0.686007 0.365908
vt 0.675331 0.390003
vt 0.678575 0.373281
vt 0.734120 0.496402
vt 0.727060 0.495247
vt 0.718860 0.494560
vt 0.722218 0.489536
vt 0.716802 0.486782
vt 0.713433 0.492769
vt 0.707906 0.484728
vt 0.711540 0.481447
vt 0.715298 0.478441
vt 0.710600 0.473927
vt 0.695035 0.365072
vt 0.697221 0.368541
vt 0.699084 0.493979
vt 0.703974 0.493300
vt 0.698822 0.483295
vt 0.703099 0.479198
vt 0.706969 0.475577
vt 0.702290 0.466682
vt 0.707581 0.466336
vt 0.701456 0.457747
vt 0.705524 0.453667
vt 0.704552 0.443401
vt 0.703017 0.430788
vt 0.687234 0.384125
vt 0.690130 0.387367
vt 0.692047 0.390839
vt 0.708343 0.420616
vt 0.689408 0.374578
vt 0.694215 0.377547
vt 0.695352 0.384828
vt 0.697734 0.387190
vt 0.699874 0.390288
vt 0.701840 0.394598
vt 0.703930 0.399435
vt 0.703628 0.409950
vt 0.694108 0.492918
vt 0.689656 0.472082
vt 0.694177 0.477638
vt 0.698609 0.473263
vt 0.689382 0.461420
vt 0.694108 0.463029
vt 0.698420 0.463596
vt 0.689571 0.448255
vt 0.694121 0.449666
vt 0.699722 0.452523
vt 0.685944 0.426816
vt 0.689294 0.433393
vt 0.693945 0.435695
vt 0.697768 0.438021
vt 0.702679 0.438302
vt 0.679562 0.400797
vt 0.682834 0.407115
vt 0.686678 0.414773
vt 0.690979 0.418815
vt 0.694533 0.422050
vt 0.697705 0.424958
vt 0.700572 0.427234
vt 0.681642 0.389880
vt 0.686498 0.396291
vt 0.690511 0.400200
vt 0.693140 0.405943
vt 0.695780 0.409786
vt 0.698398 0.413215
vt 0.702906 0.417023
vt 0.683400 0.379313
vt 0.694791 0.395640
vt 0.697524 0.399583
vt 0.699747 0.403342
vt 0.701896 0.407091
vt 0.746962 0.486579
vt 0.747126 0.476977
vt 0.747043 0.466987
vt 0.747168 0.456221
vt 0.747605 0.446512
vt 0.747354 0.439595
vt 0.747318 0.430794
vt 0.747346 0.421231
vt 0.740952 0.487446
vt 0.741157 0.476502
vt 0.741546 0.465813
vt 0.741928 0.457077
vt 0.742967 0.446824
vt 0.739630 0.444036
vt 0.742018 0.439868
vt 0.742019 0.430626
vt 0.742150 0.421069
vt 0.734828 0.486847
vt 0.735468 0.478398
vt 0.736110 0.467834
vt 0.737085 0.456766
vt 0.735436 0.452526
vt 0.735680 0.441026
vt 0.738084 0.437264
vt 0.734505 0.433666
vt 0.737012 0.429946
vt 0.737403 0.420605
vt 0.728010 0.486120
vt 0.730365 0.475107
vt 0.727031 0.471840
vt 0.731135 0.465765
vt 0.729797 0.460888
vt 0.731285 0.449017
vt 0.730071 0.441493
vt 0.733663 0.427881
vt 0.733797 0.419834
vt 0.723434 0.476799
vt 0.719870 0.471683
vt 0.723792 0.468115
vt 0.720914 0.460722
vt 0.725385 0.456727
vt 0.722311 0.448327
vt 0.725632 0.447994
vt 0.721665 0.441153
vt 0.726808 0.437124
vt 0.721219 0.427280
vt 0.727303 0.427802
vt 0.727313 0.418202
vt 0.716683 0.466406
vt 0.718821 0.455291
vt 0.712690 0.445523
vt 0.718933 0.445968
vt 0.715073 0.434731
vt 0.720456 0.435794
vt 0.716121 0.424463
vt 0.717419 0.414383
vt 0.720947 0.416524
vt 0.712925 0.459069
vt 0.712636 0.453062
vt 0.709304 0.443052
vt 0.708727 0.431858
vt 0.711842 0.433199
vt 0.711735 0.422293
vt 0.711991 0.410479
vt 0.717915 0.066360
vt 0.733321 0.128300
vt 0.738497 0.175212
vt 0.648300 0.067038
vt 0.692633 0.110903
vt 0.710001 0.158409
vt 0.707852 0.189402
vt 0.608084 0.085370
vt 0.660321 0.123106
vt 0.687727 0.167542
vt 0.670804 0.213880
vt 0.585256 0.106811
vt 0.639865 0.143784
vt 0.667538 0.195229
vt 0.686021 0.208078
vt 0.641276 0.204465
vt 0.568344 0.128509
vt 0.599404 0.156431
vt 0.633398 0.174347
vt 0.614895 0.188429
vt 0.653195 0.234656
vt 0.551825 0.162369
vt 0.530773 0.182562
vt 0.568685 0.192500
vt 0.601770 0.203794
vt 0.630690 0.235887
vt 0.587385 0.181978
vt 0.624335 0.259033
vt 0.538754 0.211377
vt 0.564363 0.220751
vt 0.593827 0.225432
vt 0.605124 0.248077
vt 0.736883 0.291774
vt 0.744155 0.303826
vt 0.744476 0.314729
vt 0.744817 0.321906
vt 0.740542 0.209315
vt 0.743724 0.251980
vt 0.732465 0.305147
vt 0.733354 0.316778
vt 0.734463 0.324274
vt 0.721666 0.209747
vt 0.727008 0.242649
vt 0.729937 0.271658
vt 0.717976 0.327307
vt 0.718554 0.331785
vt 0.716176 0.280578
vt 0.720744 0.307607
vt 0.721758 0.321247
vt 0.723970 0.329393
vt 0.702036 0.209730
vt 0.711958 0.247939
vt 0.713335 0.336805
vt 0.699860 0.275208
vt 0.712263 0.317043
vt 0.715767 0.340183
vt 0.686557 0.243150
vt 0.699987 0.327224
vt 0.702151 0.333580
vt 0.705200 0.342892
vt 0.689345 0.284082
vt 0.688839 0.271696
vt 0.683612 0.317826
vt 0.697629 0.350846
vt 0.661733 0.277489
vt 0.674152 0.282447
vt 0.670244 0.266062
vt 0.670800 0.314704
vt 0.682508 0.341970
vt 0.652040 0.267356
vt 0.653350 0.310492
vt 0.666912 0.342473
vt 0.639536 0.278198
vt 0.745145 0.325591
vt 0.745228 0.329150
vt 0.746751 0.333458
vt 0.745255 0.334308
vt 0.746212 0.342348
vt 0.746493 0.349033
vt 0.746653 0.354190
vt 0.735598 0.327895
vt 0.735941 0.330303
vt 0.737611 0.335635
vt 0.738778 0.338285
vt 0.738799 0.343805
vt 0.739649 0.350519
vt 0.740130 0.355639
vt 0.724956 0.333298
vt 0.730417 0.332106
vt 0.727322 0.336924
vt 0.732437 0.341513
vt 0.727909 0.347467
vt 0.733135 0.343824
vt 0.732118 0.348629
vt 0.733402 0.353162
vt 0.734214 0.358157
vt 0.712607 0.341858
vt 0.720857 0.342410
vt 0.717419 0.347578
vt 0.722802 0.346262
vt 0.723034 0.350289
vt 0.724006 0.354436
vt 0.724008 0.360226
vt 0.724840 0.365564
vt 0.728067 0.355195
vt 0.729296 0.361347
vt 0.707329 0.348624
vt 0.709502 0.349667
vt 0.712300 0.352156
vt 0.712639 0.356850
vt 0.713144 0.362605
vt 0.718931 0.380256
vt 0.717578 0.354025
vt 0.717667 0.361269
vt 0.719137 0.365599
vt 0.719930 0.371426
vt 0.700607 0.357142
vt 0.702115 0.362570
vt 0.703168 0.366716
vt 0.704338 0.371518
vt 0.713399 0.392277
vt 0.707282 0.358975
vt 0.708072 0.363643
vt 0.708587 0.368726
vt 0.713509 0.369059
vt 0.712241 0.376105
vt 0.713947 0.381408
vt 0.715524 0.372028
vt 0.698356 0.374567
vt 0.700959 0.378048
vt 0.703197 0.380422
vt 0.704592 0.385823
vt 0.706481 0.390270
vt 0.709078 0.394114
vt 0.706845 0.377724
vt 0.709585 0.384050
vt 0.747370 0.411779
vt 0.747317 0.395900
vt 0.747403 0.403271
vt 0.747239 0.382587
vt 0.747306 0.389083
vt 0.746798 0.359804
vt 0.746945 0.365806
vt 0.747154 0.371780
vt 0.747529 0.377016
vt 0.742220 0.411749
vt 0.742018 0.396684
vt 0.742467 0.403680
vt 0.739177 0.378075
vt 0.741487 0.382649
vt 0.742123 0.389739
vt 0.740556 0.361200
vt 0.740936 0.367214
vt 0.741454 0.373433
vt 0.743405 0.377488
vt 0.734863 0.406181
vt 0.737266 0.411175
vt 0.734008 0.393283
vt 0.736543 0.398572
vt 0.738626 0.404267
vt 0.732859 0.374404
vt 0.734833 0.378966
vt 0.735910 0.386641
vt 0.738068 0.391432
vt 0.734890 0.363533
vt 0.735253 0.369565
vt 0.737062 0.373741
vt 0.728534 0.403526
vt 0.731211 0.409048
vt 0.733943 0.413434
vt 0.727667 0.390215
vt 0.729937 0.395427
vt 0.732433 0.400833
vt 0.726514 0.370489
vt 0.728847 0.375559
vt 0.729655 0.383384
vt 0.731712 0.388204
vt 0.730772 0.368015
vt 0.722562 0.400980
vt 0.724906 0.406541
vt 0.727630 0.411394
vt 0.721303 0.386563
vt 0.723819 0.392658
vt 0.726070 0.397993
vt 0.722423 0.375710
vt 0.724470 0.380547
vt 0.725833 0.385296
vt 0.713098 0.403752
vt 0.719501 0.404219
vt 0.721598 0.408960
vt 0.716097 0.387120
vt 0.718226 0.392534
vt 0.720362 0.396224
vt 0.711084 0.400240
vt 0.603002 0.346297
vt 0.591951 0.365647
vt 0.526190 0.321722
vt 0.548713 0.333796
vt 0.572225 0.341275
vt 0.593423 0.352356
vt 0.590692 0.391517
vt 0.543939 0.363029
vt 0.567290 0.366569
vt 0.585390 0.375291
vt 0.509437 0.328831
vt 0.532842 0.350916
vt 0.556435 0.349696
vt 0.574709 0.356458
vt 0.579110 0.415975
vt 0.541712 0.386775
vt 0.563684 0.391145
vt 0.580495 0.399027
vt 0.521807 0.366152
vt 0.553030 0.374366
vt 0.569948 0.380772
vt 0.509363 0.351014
vt 0.570141 0.443212
vt 0.560728 0.429485
vt 0.513538 0.404615
vt 0.530409 0.406801
vt 0.544227 0.410973
vt 0.559516 0.418004
vt 0.521060 0.391969
vt 0.549186 0.399782
vt 0.566449 0.405046
vt 0.508953 0.379396
vt 0.528204 0.379673
vt 0.673068 0.403448
vt 0.668306 0.386695
vt 0.658642 0.354379
vt 0.670216 0.374493
vt 0.660724 0.400401
vt 0.657355 0.386423
vt 0.641099 0.348974
vt 0.654691 0.370529
vt 0.659022 0.427518
vt 0.648868 0.399266
vt 0.659076 0.415368
vt 0.631138 0.375442
vt 0.647315 0.386542
vt 0.622033 0.340509
vt 0.626033 0.361175
vt 0.643561 0.369559
vt 0.650013 0.459176
vt 0.641805 0.430600
vt 0.645358 0.446177
vt 0.634429 0.421682
vt 0.653542 0.430922
vt 0.636058 0.402420
vt 0.649220 0.415594
vt 0.610189 0.369647
vt 0.633574 0.389425
vt 0.635732 0.474746
vt 0.637077 0.478846
vt 0.641807 0.460015
vt 0.635241 0.441444
vt 0.621273 0.414900
vt 0.615103 0.399271
vt 0.628828 0.405700
vt 0.605465 0.386307
vt 0.624010 0.390638
vt 0.620052 0.491543
vt 0.636243 0.492316
vt 0.620032 0.475695
vt 0.616649 0.449665
vt 0.631047 0.460545
vt 0.615366 0.440750
vt 0.630540 0.445140
vt 0.611054 0.418874
vt 0.623654 0.429204
vt 0.607381 0.403556
vt 0.606959 0.477695
vt 0.607316 0.494860
vt 0.597251 0.448662
vt 0.619115 0.461385
vt 0.597037 0.437924
vt 0.587290 0.425676
vt 0.604242 0.423705
vt 0.596932 0.408672
vt 0.582657 0.491351
vt 0.602240 0.491489
vt 0.577775 0.464840
vt 0.600123 0.474286
vt 0.580808 0.457412
vt 0.600267 0.460414
vt 0.587500 0.439073
vt 0.689811 0.491608
vt 0.688144 0.482059
vt 0.681520 0.451058
vt 0.684764 0.463819
vt 0.684943 0.448632
vt 0.677882 0.434216
vt 0.681331 0.432499
vt 0.685379 0.438014
vt 0.675509 0.417354
vt 0.682137 0.421050
vt 0.676831 0.492903
vt 0.678340 0.478917
vt 0.669553 0.455858
vt 0.669949 0.465736
vt 0.674179 0.446645
vt 0.668392 0.434365
vt 0.659580 0.492182
vt 0.668429 0.492659
vt 0.668816 0.478450
vt 0.660076 0.459107
vt 0.658226 0.445124
vt 0.648273 0.492633
vt 0.658339 0.478129
vt 0.658441 0.466349
vt 0.647163 0.477831
vt 0.647839 0.466174
vt 0.594143 0.259393
vt 0.619946 0.281375
vt 0.510076 0.228880
vt 0.565630 0.244227
vt 0.607452 0.311019
vt 0.512795 0.256001
vt 0.548391 0.256374
vt 0.576873 0.265245
vt 0.597714 0.292592
vt 0.534405 0.237839
vt 0.570482 0.291719
vt 0.583103 0.313894
vt 0.527954 0.275981
vt 0.550449 0.285342
vt 0.528158 0.299766
vt 0.545673 0.311710
vt 0.565767 0.307149
vt 0.583456 0.331222
vt 0.562260 0.322986
vt 0.637724 0.309057
vt 0.647726 0.339087
vt 0.658526 0.344520
vt 0.629892 0.323381
vt 0.622054 0.302020
vt 0.605344 0.335010
vt 0.553364 0.493972
vt 0.571078 0.491453
vt 0.549123 0.471368
vt 0.566318 0.473444
vt 0.527081 0.446873
vt 0.543602 0.457535
vt 0.567491 0.455739
vt 0.519729 0.434577
vt 0.533194 0.435129
vt 0.548925 0.436020
vt 0.563942 0.443207
vt 0.520230 0.419253
vt 0.540910 0.422887
vt 0.518220 0.490981
vt 0.533925 0.491472
vt 0.519532 0.473682
vt 0.531654 0.475056
vt 0.543652 0.475816
vt 0.518448 0.456229
vt 0.534724 0.461825
vt 0.506055 0.444186
vt 0.580957 0.476936
vn -0.921948 -0.252011 -0.294114
vn -0.934012 -0.168298 -0.315114
vn -0.943024 -0.055466 -0.328069
vn -0.960553 -0.062142 -0.271063
vn -0.933782 -0.356743 -0.028016
vn -0.958680 -0.256146 -0.123781
vn -0.960071 -0.273378 -0.059395
vn -0.967416 -0.253190 -0.000636
vn -0.974565 -0.158945 -0.157983
vn -0.983197 -0.151400 -0.101986
vn -0.985174 -0.159337 -0.063599
vn -0.986953 -0.161007 -0.000163
vn -0.965475 -0.037023 -0.257853
vn -0.991980 -0.050307 -0.115953
vn -0.996491 -0.055016 -0.063079
vn -0.998392 -0.056650 -0.002271
vn -0.815186 -0.579198 0.001224
vn -0.870138 -0.474297 -0.133800
vn -0.871436 -0.485819 -0.067668
vn -0.867100 -0.498125 -0.002947
vn -0.904204 -0.371157 -0.211323
vn -0.901126 -0.398357 -0.171123
vn -0.903634 -0.411504 -0.118784
vn -0.906755 -0.416731 -0.064278
vn -0.898553 -0.438862 -0.001453
vn -0.928086 -0.285358 -0.239223
vn -0.939408 -0.297823 -0.169747
vn -0.932308 -0.347889 -0.098870
vn -0.951889 -0.183830 -0.245180
vn -0.957250 -0.205981 -0.203089
vn -0.964630 -0.098458 -0.244529
vn -0.511277 -0.824872 -0.241210
vn -0.497488 -0.819114 -0.285584
vn -0.463797 -0.857772 -0.221628
vn -0.406928 -0.883024 -0.233832
vn -0.416496 -0.846881 -0.330641
vn -0.441489 -0.852456 -0.280011
vn -0.381680 -0.883367 -0.271998
vn -0.371177 -0.905500 -0.205662
vn -0.390481 -0.847479 -0.359588
vn -0.583049 -0.812231 -0.018283
vn -0.550770 -0.812017 -0.193082
vn -0.562234 -0.815862 -0.135134
vn -0.545213 -0.833184 -0.092451
vn -0.584803 -0.809027 -0.058997
vn -0.487081 -0.868301 -0.093836
vn -0.475877 -0.878075 -0.050255
vn -0.515193 -0.856914 -0.016555
vn -0.499912 -0.848568 -0.173266
vn -0.514796 -0.846979 -0.132708
vn -0.527455 -0.847816 -0.054767
vn -0.432890 -0.883480 -0.179076
vn -0.465466 -0.874846 -0.134114
vn -0.433279 -0.896854 -0.089007
vn -0.471659 -0.881766 0.005188
vn -0.371857 -0.923048 -0.098513
vn -0.379254 -0.923793 -0.052654
vn -0.367408 -0.929902 -0.017112
vn -0.412804 -0.901641 -0.128982
vn -0.421696 -0.905294 -0.051141
vn -0.421481 -0.906837 -0.000272
vn -0.326374 -0.933038 -0.151391
vn -0.327250 -0.940912 -0.087134
vn -0.332574 -0.941667 -0.051556
vn -0.373620 -0.915494 -0.149260
vn -0.749240 -0.265884 -0.606585
vn -0.765093 -0.185888 -0.616506
vn -0.773192 -0.060841 -0.631247
vn -0.649622 -0.525677 -0.549232
vn -0.658805 -0.444720 -0.606795
vn -0.709559 -0.264444 -0.653143
vn -0.721770 -0.337079 -0.604504
vn -0.719414 -0.189503 -0.668231
vn -0.726824 -0.066437 -0.683603
vn -0.576667 -0.623254 -0.528213
vn -0.601265 -0.511543 -0.613844
vn -0.607188 -0.551571 -0.571921
vn -0.606536 -0.452565 -0.653681
vn -0.662170 -0.272948 -0.697875
vn -0.677828 -0.345257 -0.649113
vn -0.669080 -0.194340 -0.717331
vn -0.682786 -0.067353 -0.727508
vn -0.529045 -0.629924 -0.568600
vn -0.528762 -0.539121 -0.655560
vn -0.558929 -0.559210 -0.612277
vn -0.546981 -0.467135 -0.694691
vn -0.603321 -0.280237 -0.746640
vn -0.625169 -0.350035 -0.697595
vn -0.604069 -0.207640 -0.769407
vn -0.635759 -0.066360 -0.769030
vn -0.440427 -0.706830 -0.553548
vn -0.482663 -0.623171 -0.615382
vn -0.479685 -0.691715 -0.539845
vn -0.516975 -0.424482 -0.743339
vn -0.556406 -0.360911 -0.748435
vn -0.548991 -0.154243 -0.821473
vn -0.556015 -0.063644 -0.828732
vn -0.816614 -0.497155 -0.293221
vn -0.859035 -0.364081 -0.359867
vn -0.863208 -0.401609 -0.305912
vn -0.875111 -0.299287 -0.380274
vn -0.898990 -0.305306 -0.314015
vn -0.905741 -0.186422 -0.380632
vn -0.895065 -0.047095 -0.443443
vn -0.907501 -0.084270 -0.411510
vn -0.753403 -0.579348 -0.311030
vn -0.751199 -0.611004 -0.249749
vn -0.780481 -0.512387 -0.358203
vn -0.820268 -0.367411 -0.438371
vn -0.799487 -0.432171 -0.417191
vn -0.828047 -0.433411 -0.355660
vn -0.832613 -0.299721 -0.465750
vn -0.852401 -0.183988 -0.489449
vn -0.876665 -0.191562 -0.441319
vn -0.862826 -0.066973 -0.501045
vn -0.661406 -0.683643 -0.308504
vn -0.672407 -0.700557 -0.238932
vn -0.715512 -0.610233 -0.340087
vn -0.710464 -0.648649 -0.272937
vn -0.742962 -0.504989 -0.439310
vn -0.747216 -0.545225 -0.379998
vn -0.765606 -0.417229 -0.489662
vn -0.798724 -0.312648 -0.514092
vn -0.816244 -0.161631 -0.554636
vn -0.809995 -0.210897 -0.547203
vn -0.825132 -0.060396 -0.561702
vn -0.597805 -0.765923 -0.236624
vn -0.629127 -0.685977 -0.365562
vn -0.601375 -0.739814 -0.301701
vn -0.634081 -0.730762 -0.252840
vn -0.660176 -0.627392 -0.412972
vn -0.677072 -0.640039 -0.363213
vn -0.685063 -0.528181 -0.501711
vn -0.689117 -0.557502 -0.462936
vn -0.707900 -0.578783 -0.404831
vn -0.715174 -0.429102 -0.551722
vn -0.740549 -0.445330 -0.503258
vn -0.766713 -0.321611 -0.555623
vn -0.540188 -0.776534 -0.324332
vn -0.556048 -0.789649 -0.259355
vn -0.594222 -0.698146 -0.399366
vn -0.567007 -0.739812 -0.362189
vn -0.620513 -0.610288 -0.492455
vn -0.624193 -0.647052 -0.437843
vn -0.506596 -0.772669 -0.382548
vn -0.543648 -0.723061 -0.426179
vn -0.572796 -0.677414 -0.461536
vn -0.468897 -0.781807 -0.410991
vn -0.468111 -0.815896 -0.339390
vn -0.461542 -0.744449 -0.482467
vn -0.499885 -0.741962 -0.446775
vn -0.527306 -0.688079 -0.498493
vn -0.420556 -0.789284 -0.447397
vn -0.427095 -0.815344 -0.390901
vn -0.750126 -0.656126 -0.082514
vn -0.755837 -0.654178 -0.027608
vn -0.793096 -0.572274 -0.208567
vn -0.795780 -0.585828 -0.153428
vn -0.767180 -0.629796 -0.121623
vn -0.790846 -0.608515 -0.065359
vn -0.811880 -0.522546 -0.260377
vn -0.838798 -0.508391 -0.194822
vn -0.827232 -0.543922 -0.140841
vn -0.830011 -0.549052 -0.098103
vn -0.833352 -0.550584 -0.048814
vn -0.882520 -0.393322 -0.257793
vn -0.868324 -0.448996 -0.210754
vn -0.679024 -0.730512 -0.072660
vn -0.673824 -0.738425 -0.026260
vn -0.714082 -0.669832 -0.203499
vn -0.718009 -0.679457 -0.151002
vn -0.691014 -0.713459 -0.116084
vn -0.713448 -0.698462 -0.056069
vn -0.716534 -0.697552 -0.000197
vn -0.755995 -0.628117 -0.184232
vn -0.637695 -0.745005 -0.195735
vn -0.640647 -0.754886 -0.140425
vn -0.639391 -0.764307 -0.083747
vn -0.633570 -0.773085 -0.030478
vn -0.676131 -0.715098 -0.177432
vn -0.600848 -0.781403 -0.168495
vn -0.603984 -0.789229 -0.110997
vn -0.221476 -0.854349 -0.470145
vn -0.169079 -0.863575 -0.475027
vn -0.118773 -0.881974 -0.456087
vn -0.077274 -0.882599 -0.463732
vn -0.025402 -0.869126 -0.493937
vn -0.319811 -0.928501 -0.188698
vn -0.326484 -0.901413 -0.284363
vn -0.329466 -0.914247 -0.235805
vn -0.362181 -0.840525 -0.402917
vn -0.351589 -0.878135 -0.324443
vn -0.277832 -0.933047 -0.228547
vn -0.297791 -0.895442 -0.330915
vn -0.277772 -0.923188 -0.265642
vn -0.308779 -0.867521 -0.389953
vn -0.218130 -0.944855 -0.244273
vn -0.226531 -0.953719 -0.197747
vn -0.252126 -0.899692 -0.356352
vn -0.240861 -0.926220 -0.290004
vn -0.256568 -0.868397 -0.424335
vn -0.160744 -0.948741 -0.272123
vn -0.163039 -0.959018 -0.231741
vn -0.184782 -0.963216 -0.195118
vn -0.206300 -0.901319 -0.380873
vn -0.201784 -0.929503 -0.308719
vn -0.133398 -0.971940 -0.193744
vn -0.161701 -0.907728 -0.387146
vn -0.154463 -0.932735 -0.325801
vn -0.098531 -0.975675 -0.195829
vn -0.107904 -0.943682 -0.312763
vn -0.104232 -0.962200 -0.251610
vn -0.117044 -0.914089 -0.388254
vn -0.058506 -0.981432 -0.182670
vn -0.064519 -0.945174 -0.320132
vn -0.061062 -0.959671 -0.274414
vn -0.059692 -0.970882 -0.232003
vn -0.067434 -0.927346 -0.368079
vn -0.074492 -0.906031 -0.416604
vn -0.020272 -0.980070 -0.197615
vn -0.022759 -0.942415 -0.333669
vn -0.021068 -0.963911 -0.265391
vn -0.023697 -0.908580 -0.417039
vn -0.300956 -0.953636 0.001821
vn -0.309106 -0.942967 -0.123556
vn -0.240509 -0.966551 -0.089079
vn -0.223891 -0.973467 -0.047264
vn -0.246150 -0.969231 0.001239
vn -0.267699 -0.948476 -0.169502
vn -0.273527 -0.953719 -0.124908
vn -0.283609 -0.955710 -0.078637
vn -0.282298 -0.958431 -0.041436
vn -0.223162 -0.967059 -0.122457
vn -0.184058 -0.979654 -0.080005
vn -0.205444 -0.978669 -0.000149
vn -0.216938 -0.963957 -0.154027
vn -0.154154 -0.976098 -0.153194
vn -0.174671 -0.977444 -0.118718
vn -0.172863 -0.983863 -0.046174
vn -0.175737 -0.984437 -0.000071
vn -0.137720 -0.985593 -0.098187
vn -0.136900 -0.989369 -0.049065
vn -0.136883 -0.990587 0.000002
vn -0.098822 -0.985577 -0.137379
vn -0.098034 -0.990947 -0.091726
vn -0.098680 -0.993976 -0.047692
vn -0.096931 -0.995291 -0.000000
vn -0.059957 -0.988569 -0.138332
vn -0.061311 -0.993792 -0.092832
vn -0.060972 -0.997006 -0.047552
vn -0.059785 -0.998211 0.000160
vn -0.021373 -0.989894 -0.140191
vn -0.021232 -0.995397 -0.093452
vn -0.021260 -0.998636 -0.047684
vn -0.020932 -0.999780 -0.001553
vn -0.375352 -0.794526 -0.477325
vn -0.388973 -0.714912 -0.581035
vn -0.401607 -0.751967 -0.522740
vn -0.425878 -0.665033 -0.613481
vn -0.448448 -0.576201 -0.683292
vn -0.453945 -0.424368 -0.783483
vn -0.482567 -0.481860 -0.731396
vn -0.475200 -0.347799 -0.808221
vn -0.521300 -0.234974 -0.820386
vn -0.483974 -0.070593 -0.872230
vn -0.328608 -0.810551 -0.484792
vn -0.341637 -0.731891 -0.589593
vn -0.348324 -0.767125 -0.538692
vn -0.338394 -0.652806 -0.677741
vn -0.374238 -0.672615 -0.638385
vn -0.354981 -0.548315 -0.757191
vn -0.403110 -0.590227 -0.699381
vn -0.414416 -0.481156 -0.772495
vn -0.414206 -0.291806 -0.862139
vn -0.429380 -0.198884 -0.880953
vn -0.430434 -0.067140 -0.900122
vn -0.285797 -0.796008 -0.533564
vn -0.269403 -0.744879 -0.610391
vn -0.299451 -0.702793 -0.645299
vn -0.312255 -0.621284 -0.718681
vn -0.309516 -0.434591 -0.845772
vn -0.358315 -0.475173 -0.803630
vn -0.374854 -0.355729 -0.856120
vn -0.344396 -0.218002 -0.913163
vn -0.376581 -0.069045 -0.923807
vn -0.229954 -0.798830 -0.555870
vn -0.199644 -0.730648 -0.652913
vn -0.216564 -0.656310 -0.722743
vn -0.259200 -0.682794 -0.683087
vn -0.280543 -0.590744 -0.756516
vn -0.270294 -0.523079 -0.808288
vn -0.302656 -0.346096 -0.888041
vn -0.295575 -0.162894 -0.941329
vn -0.270882 -0.063336 -0.960527
vn -0.183709 -0.798648 -0.573073
vn -0.168800 -0.557027 -0.813159
vn -0.215344 -0.588574 -0.779235
vn -0.234113 -0.475425 -0.848034
vn -0.184962 -0.305639 -0.934010
vn -0.254721 -0.376156 -0.890856
vn -0.245717 -0.230279 -0.941592
vn -0.130703 -0.799689 -0.586016
vn -0.126048 -0.846070 -0.517955
vn -0.141512 -0.732181 -0.666248
vn -0.147480 -0.651824 -0.743892
vn -0.169607 -0.491830 -0.854012
vn -0.159526 -0.413035 -0.896635
vn -0.155949 -0.185392 -0.970211
vn -0.163370 -0.067330 -0.984265
vn -0.076518 -0.817286 -0.571130
vn -0.076313 -0.850184 -0.520925
vn -0.081507 -0.773180 -0.628927
vn -0.085457 -0.700315 -0.708700
vn -0.092771 -0.600373 -0.794321
vn -0.044060 -0.427588 -0.902899
vn -0.102412 -0.493546 -0.863669
vn -0.099672 -0.329518 -0.938873
vn -0.098166 -0.199011 -0.975068
vn -0.101933 -0.067848 -0.992475
vn -0.023818 -0.829393 -0.558157
vn -0.028312 -0.738139 -0.674054
vn -0.025480 -0.791936 -0.610072
vn -0.030158 -0.655441 -0.754644
vn -0.033457 -0.549523 -0.834809
vn -0.029499 -0.307840 -0.950981
vn -0.035328 -0.199299 -0.979302
vn -0.035604 -0.070126 -0.996903
vn -0.302724 -0.840204 -0.449905
vn -0.935918 -0.351227 0.026414
vn -0.961071 -0.270086 0.058280
vn -0.960223 -0.252919 0.118339
vn -0.985113 -0.160068 0.062693
vn -0.979156 -0.162272 0.122149
vn -0.972783 -0.141664 0.183373
vn -0.996503 -0.056704 0.061369
vn -0.993016 -0.053093 0.105357
vn -0.987650 -0.054495 0.146892
vn -0.973121 -0.063469 0.221375
vn -0.871991 -0.485132 0.065415
vn -0.871835 -0.472240 0.129972
vn -0.908927 -0.414051 0.049126
vn -0.900786 -0.422436 0.100659
vn -0.901931 -0.399805 0.163331
vn -0.904413 -0.366180 0.218974
vn -0.934340 -0.343397 0.095329
vn -0.939193 -0.304048 0.159598
vn -0.934231 -0.287785 0.210693
vn -0.924433 -0.280140 0.258739
vn -0.958362 -0.212438 0.190823
vn -0.953791 -0.190680 0.232214
vn -0.944682 -0.183416 0.271910
vn -0.961676 -0.061636 0.267171
vn -0.923630 -0.125775 0.362062
vn -0.944460 -0.056393 0.323751
vn -0.615464 -0.787824 0.023194
vn -0.539956 -0.841528 0.016688
vn -0.588365 -0.806311 0.060738
vn -0.537918 -0.836942 0.100860
vn -0.559251 -0.818121 0.133851
vn -0.548971 -0.812572 0.195851
vn -0.474668 -0.878693 0.050874
vn -0.475338 -0.874905 0.092712
vn -0.525796 -0.848818 0.055193
vn -0.516338 -0.841946 0.156597
vn -0.469594 -0.873039 0.131470
vn -0.432257 -0.883257 0.181688
vn -0.482626 -0.855089 0.189461
vn -0.366051 -0.930383 0.019831
vn -0.365281 -0.929567 0.049760
vn -0.398928 -0.911851 0.096875
vn -0.420888 -0.905576 0.052775
vn -0.409478 -0.899343 0.153329
vn -0.461602 -0.857374 0.227668
vn -0.329763 -0.940044 0.087023
vn -0.369113 -0.920792 0.126088
vn -0.327212 -0.933121 0.149055
vn -0.350829 -0.919167 0.179030
vn -0.370327 -0.905330 0.207932
vn -0.513271 -0.823583 0.241380
vn -0.500259 -0.817702 0.284788
vn -0.406881 -0.883195 0.233270
vn -0.445578 -0.850551 0.279327
vn -0.413857 -0.848267 0.330401
vn -0.384120 -0.882418 0.271644
vn -0.412168 -0.830478 0.374731
vn -0.756490 -0.653440 0.027185
vn -0.739444 -0.667402 0.088296
vn -0.789327 -0.610489 0.065306
vn -0.769028 -0.627045 0.124136
vn -0.796200 -0.586086 0.150228
vn -0.791150 -0.577027 0.202787
vn -0.834989 -0.548175 0.047937
vn -0.830089 -0.548888 0.098354
vn -0.840201 -0.518401 0.159128
vn -0.826618 -0.516869 0.222596
vn -0.869071 -0.451877 0.201303
vn -0.870591 -0.420895 0.254793
vn -0.901281 -0.322260 0.289553
vn -0.673094 -0.739093 0.026193
vn -0.660959 -0.745984 0.081499
vn -0.713177 -0.698886 0.054188
vn -0.718210 -0.680053 0.147318
vn -0.715609 -0.668543 0.202371
vn -0.755583 -0.629192 0.182244
vn -0.757372 -0.605562 0.244299
vn -0.793771 -0.547871 0.264130
vn -0.637203 -0.757959 0.139536
vn -0.625768 -0.753084 0.203169
vn -0.679355 -0.723568 0.122168
vn -0.673220 -0.718005 0.176761
vn -0.677998 -0.695636 0.237506
vn -0.713858 -0.645948 0.270477
vn -0.604230 -0.789422 0.108258
vn -0.601120 -0.782485 0.162393
vn -0.562453 -0.786861 0.253960
vn -0.815093 -0.501151 0.290639
vn -0.861809 -0.412357 0.295377
vn -0.859011 -0.365225 0.358764
vn -0.889117 -0.303668 0.342429
vn -0.882907 -0.268896 0.384928
vn -0.920560 -0.201931 0.334355
vn -0.907769 -0.183644 0.377135
vn -0.924129 -0.068901 0.375817
vn -0.754972 -0.578353 0.309072
vn -0.783497 -0.510809 0.353846
vn -0.826409 -0.434325 0.358343
vn -0.818859 -0.374416 0.435065
vn -0.855882 -0.307492 0.415831
vn -0.831124 -0.295779 0.470901
vn -0.882901 -0.182788 0.432520
vn -0.853840 -0.186480 0.485985
vn -0.897566 -0.066479 0.435839
vn -0.861586 -0.064402 0.503509
vn -0.661971 -0.683879 0.306765
vn -0.721254 -0.605900 0.335675
vn -0.755371 -0.537451 0.374915
vn -0.746550 -0.503753 0.434621
vn -0.793115 -0.441688 0.419381
vn -0.771554 -0.412134 0.484614
vn -0.795320 -0.312648 0.519343
vn -0.818130 -0.170876 0.549058
vn -0.823164 -0.057352 0.564900
vn -0.620481 -0.742749 0.251649
vn -0.601626 -0.739885 0.301026
vn -0.630791 -0.685277 0.364003
vn -0.681630 -0.636629 0.360672
vn -0.665558 -0.621921 0.412610
vn -0.710533 -0.576575 0.403366
vn -0.707386 -0.534849 0.462105
vn -0.739286 -0.446110 0.504423
vn -0.727592 -0.391120 0.563591
vn -0.765341 -0.320968 0.557883
vn -0.805555 -0.248991 0.537666
vn -0.771167 -0.190646 0.607417
vn -0.540407 -0.777182 0.322410
vn -0.567194 -0.740631 0.360218
vn -0.598784 -0.695710 0.396793
vn -0.631437 -0.643801 0.432213
vn -0.621965 -0.609493 0.491608
vn -0.675101 -0.558842 0.481596
vn -0.653003 -0.526637 0.544280
vn -0.698117 -0.455833 0.552132
vn -0.509119 -0.771251 0.382059
vn -0.550253 -0.719104 0.424395
vn -0.576509 -0.675040 0.460389
vn -0.580156 -0.621654 0.526275
vn -0.616834 -0.546888 0.566064
vn -0.471927 -0.813914 0.338864
vn -0.471625 -0.780859 0.409669
vn -0.504917 -0.739851 0.444611
vn -0.530739 -0.686330 0.497259
vn -0.426830 -0.786604 0.446173
vn -0.464962 -0.743940 0.479962
vn -0.481715 -0.691712 0.538038
vn -0.732799 -0.311948 0.604726
vn -0.778589 -0.061217 0.624541
vn -0.633607 -0.253838 0.730827
vn -0.720922 -0.187533 0.667160
vn -0.741808 -0.065162 0.667439
vn -0.653022 -0.444805 0.612953
vn -0.678235 -0.347401 0.647541
vn -0.607633 -0.266010 0.748345
vn -0.671699 -0.194322 0.714884
vn -0.692448 -0.064913 0.718542
vn -0.533573 -0.626476 0.568179
vn -0.579140 -0.545199 0.606098
vn -0.529947 -0.536046 0.657123
vn -0.598926 -0.452952 0.660395
vn -0.624848 -0.351015 0.697391
vn -0.602773 -0.290154 0.743287
vn -0.616346 -0.196245 0.762631
vn -0.638614 -0.067711 0.766543
vn -0.494668 -0.622123 0.606850
vn -0.531373 -0.454814 0.714693
vn -0.578642 -0.383518 0.719783
vn -0.541155 -0.344270 0.767222
vn -0.569138 -0.181684 0.801918
vn -0.576207 -0.079207 0.813457
vn -0.305458 -0.944490 0.120969
vn -0.288671 -0.937976 0.192015
vn -0.223039 -0.973711 0.046257
vn -0.253417 -0.962528 0.096538
vn -0.296332 -0.953939 0.046780
vn -0.281886 -0.956267 0.078060
vn -0.270293 -0.951123 0.149353
vn -0.185651 -0.979374 0.079746
vn -0.226274 -0.966396 0.121982
vn -0.232237 -0.956311 0.177583
vn -0.172789 -0.983872 0.046257
vn -0.174013 -0.977700 0.117568
vn -0.189487 -0.970792 0.147162
vn -0.179232 -0.966352 0.184500
vn -0.136900 -0.989369 0.049067
vn -0.138091 -0.985471 0.098884
vn -0.134311 -0.978663 0.155496
vn -0.098678 -0.993976 0.047692
vn -0.098032 -0.990947 0.091726
vn -0.098403 -0.985720 0.136646
vn -0.096485 -0.975671 0.196865
vn -0.060830 -0.997010 0.047648
vn -0.061080 -0.993786 0.093053
vn -0.060586 -0.988590 0.137910
vn -0.057190 -0.980903 0.185899
vn -0.020336 -0.998739 0.045892
vn -0.020288 -0.995774 0.089566
vn -0.021134 -0.990138 0.138493
vn -0.021534 -0.982232 0.186432
vn -0.329761 -0.914034 0.236219
vn -0.344255 -0.889966 0.299081
vn -0.353926 -0.861092 0.365043
vn -0.281218 -0.930974 0.232818
vn -0.300674 -0.895327 0.328610
vn -0.317859 -0.859369 0.400563
vn -0.227945 -0.947518 0.224166
vn -0.200425 -0.938883 0.279874
vn -0.260514 -0.924532 0.278159
vn -0.258742 -0.897938 0.356034
vn -0.273588 -0.853351 0.443781
vn -0.187617 -0.956657 0.222725
vn -0.155438 -0.939913 0.303979
vn -0.203379 -0.915684 0.346641
vn -0.219245 -0.889990 0.399812
vn -0.224968 -0.854075 0.468984
vn -0.140675 -0.967974 0.207934
vn -0.144166 -0.958052 0.247693
vn -0.162881 -0.909384 0.382740
vn -0.161280 -0.888742 0.429099
vn -0.101617 -0.962125 0.252961
vn -0.112325 -0.942922 0.313499
vn -0.068097 -0.947095 0.313648
vn -0.115880 -0.919797 0.374893
vn -0.118370 -0.895719 0.428575
vn -0.059417 -0.970462 0.233821
vn -0.062100 -0.961378 0.268135
vn -0.065715 -0.933070 0.353640
vn -0.072048 -0.911386 0.405197
vn -0.074988 -0.881727 0.465762
vn -0.020073 -0.971941 0.234366
vn -0.022003 -0.956259 0.291693
vn -0.023365 -0.937035 0.348452
vn -0.023252 -0.908164 0.417969
vn -0.173434 -0.862084 0.476164
vn -0.121484 -0.869997 0.477857
vn -0.024691 -0.869542 0.493241
vn -0.378422 -0.825260 0.419218
vn -0.382022 -0.798090 0.465951
vn -0.413741 -0.746770 0.520723
vn -0.324661 -0.828839 0.455655
vn -0.344328 -0.788611 0.509442
vn -0.359913 -0.729767 0.581294
vn -0.433543 -0.689962 0.579649
vn -0.448831 -0.630785 0.632977
vn -0.458342 -0.583711 0.670227
vn -0.437113 -0.532669 0.724704
vn -0.487709 -0.481869 0.727971
vn -0.440818 -0.450870 0.776141
vn -0.477933 -0.344379 0.808074
vn -0.525762 -0.238548 0.816498
vn -0.531925 -0.133196 0.836250
vn -0.384595 -0.674515 0.630172
vn -0.339835 -0.655806 0.674115
vn -0.404741 -0.594077 0.695167
vn -0.361167 -0.545921 0.755995
vn -0.427580 -0.331794 0.840886
vn -0.451512 -0.250879 0.856269
vn -0.506388 -0.211413 0.835988
vn -0.293810 -0.792532 0.534386
vn -0.240581 -0.810614 0.533878
vn -0.298996 -0.721296 0.624767
vn -0.315218 -0.623532 0.715434
vn -0.360068 -0.478482 0.800878
vn -0.313928 -0.440584 0.841032
vn -0.384258 -0.371826 0.845039
vn -0.416373 -0.332723 0.846126
vn -0.485848 -0.291249 0.824091
vn -0.502156 -0.398899 0.767280
vn -0.249522 -0.765419 0.593188
vn -0.202940 -0.729895 0.652739
vn -0.261433 -0.685878 0.679135
vn -0.219318 -0.656364 0.721862
vn -0.281580 -0.591388 0.755627
vn -0.273078 -0.525378 0.805858
vn -0.311771 -0.380363 0.870703
vn -0.359811 -0.382397 0.851063
vn -0.424779 -0.450047 0.785507
vn -0.183130 -0.828023 0.529945
vn -0.136811 -0.808275 0.572691
vn -0.195748 -0.787211 0.584792
vn -0.216523 -0.588969 0.778609
vn -0.171180 -0.555431 0.813753
vn -0.237038 -0.481470 0.843801
vn -0.258473 -0.406724 0.876223
vn -0.293715 -0.415641 0.860799
vn -0.332168 -0.519493 0.787268
vn -0.360117 -0.624752 0.692821
vn -0.121962 -0.847077 0.517287
vn -0.132961 -0.761123 0.634833
vn -0.141923 -0.714704 0.684877
vn -0.148044 -0.651523 0.744044
vn -0.184028 -0.467508 0.864621
vn -0.214196 -0.460951 0.861188
vn -0.246756 -0.558256 0.792125
vn -0.263890 -0.671779 0.692152
vn -0.074299 -0.849711 0.521987
vn -0.078624 -0.814430 0.574910
vn -0.080272 -0.770361 0.632535
vn -0.085343 -0.699869 0.709155
vn -0.097187 -0.595397 0.797531
vn -0.115971 -0.487755 0.865243
vn -0.138343 -0.488719 0.861403
vn -0.163575 -0.589201 0.791256
vn -0.171504 -0.703582 0.689608
vn -0.025255 -0.827785 0.560477
vn -0.029334 -0.775074 0.631189
vn -0.031978 -0.705767 0.707722
vn -0.032388 -0.634740 0.772047
vn -0.031677 -0.559090 0.828501
vn -0.039106 -0.487514 0.872239
vn -0.052005 -0.519967 0.852602
vn -0.049751 -0.602221 0.796778
vn -0.063492 -0.691479 0.719601
vn -0.056344 -0.784814 0.617165
vn -0.943742 0.054558 -0.326152
vn -0.961532 0.059442 -0.268186
vn -0.935829 0.142389 -0.322413
vn -0.945713 0.176526 -0.272882
vn -0.976008 0.055465 -0.210552
vn -0.991941 0.051301 -0.115850
vn -0.996554 0.054125 -0.062851
vn -0.998400 0.056511 0.002061
vn -0.974613 0.157964 -0.158671
vn -0.983247 0.151308 -0.101642
vn -0.985270 0.158856 -0.063309
vn -0.986977 0.160862 -0.000827
vn -0.958515 0.257210 -0.122851
vn -0.959827 0.274131 -0.059875
vn -0.967371 0.253363 -0.000583
vn -0.933554 0.357378 -0.027541
vn -0.958019 0.186981 -0.217343
vn -0.951903 0.244730 -0.184358
vn -0.927798 0.285795 -0.239818
vn -0.937174 0.303355 -0.172278
vn -0.931848 0.348830 -0.099885
vn -0.903277 0.372379 -0.213131
vn -0.900845 0.398718 -0.171761
vn -0.903596 0.411491 -0.119119
vn -0.906641 0.416965 -0.064362
vn -0.898567 0.438834 -0.001267
vn -0.869969 0.474527 -0.134084
vn -0.871047 0.486390 -0.068561
vn -0.866445 0.499264 -0.002897
vn -0.814659 0.579939 0.001149
vn -0.778711 0.063856 -0.624125
vn -0.765506 0.188833 -0.615096
vn -0.751074 0.266786 -0.603914
vn -0.738850 0.064717 -0.670755
vn -0.719322 0.188111 -0.668723
vn -0.710002 0.264663 -0.652573
vn -0.719793 0.337713 -0.606504
vn -0.658092 0.447014 -0.605883
vn -0.642186 0.534443 -0.549516
vn -0.688120 0.065796 -0.722608
vn -0.669853 0.193174 -0.716925
vn -0.661408 0.272952 -0.698596
vn -0.676686 0.345078 -0.650398
vn -0.608386 0.450451 -0.653422
vn -0.590415 0.544082 -0.596141
vn -0.574959 0.623320 -0.529995
vn -0.636159 0.064647 -0.768845
vn -0.613972 0.196986 -0.764353
vn -0.607001 0.282036 -0.742971
vn -0.624223 0.349968 -0.698476
vn -0.548154 0.458412 -0.699561
vn -0.545223 0.542488 -0.639092
vn -0.532093 0.623938 -0.572344
vn -0.554960 0.065744 -0.829275
vn -0.548702 0.189262 -0.814313
vn -0.561251 0.355760 -0.747283
vn -0.511667 0.436306 -0.740158
vn -0.480968 0.612487 -0.627319
vn -0.487493 0.655641 -0.576615
vn -0.899035 0.054569 -0.434463
vn -0.920410 0.072023 -0.384264
vn -0.902665 0.182578 -0.389693
vn -0.918615 0.180992 -0.351267
vn -0.918594 0.252890 -0.303696
vn -0.881680 0.283787 -0.376968
vn -0.897703 0.308589 -0.314486
vn -0.861104 0.401699 -0.311670
vn -0.833447 0.477265 -0.278538
vn -0.862666 0.063821 -0.501732
vn -0.881282 0.183903 -0.435341
vn -0.852403 0.183691 -0.489558
vn -0.837265 0.271611 -0.474568
vn -0.849337 0.304764 -0.430982
vn -0.857494 0.370337 -0.357149
vn -0.819267 0.427197 -0.382498
vn -0.810333 0.491612 -0.318869
vn -0.779234 0.514200 -0.358320
vn -0.752715 0.580875 -0.309847
vn -0.751472 0.610315 -0.250610
vn -0.823360 0.060204 -0.564317
vn -0.816582 0.173976 -0.550388
vn -0.800059 0.320292 -0.507266
vn -0.815656 0.368668 -0.445858
vn -0.763341 0.422409 -0.488755
vn -0.787981 0.444302 -0.426241
vn -0.741387 0.506886 -0.439787
vn -0.749142 0.542846 -0.379610
vn -0.714963 0.610601 -0.340578
vn -0.710270 0.648752 -0.273198
vn -0.660766 0.684068 -0.308932
vn -0.669712 0.702869 -0.239709
vn -0.801391 0.255419 -0.540863
vn -0.763636 0.326818 -0.556822
vn -0.714616 0.429554 -0.552094
vn -0.739997 0.445446 -0.503966
vn -0.688675 0.557665 -0.463398
vn -0.707738 0.578769 -0.405133
vn -0.659868 0.627711 -0.412981
vn -0.676530 0.640501 -0.363408
vn -0.628905 0.686117 -0.365681
vn -0.602091 0.739773 -0.300371
vn -0.613265 0.746392 -0.258466
vn -0.684744 0.527798 -0.502548
vn -0.620108 0.611762 -0.491134
vn -0.623488 0.647365 -0.438385
vn -0.593626 0.698387 -0.399830
vn -0.568193 0.738788 -0.362421
vn -0.546764 0.769817 -0.329290
vn -0.535635 0.793843 -0.287938
vn -0.573202 0.676298 -0.462667
vn -0.548320 0.718066 -0.428633
vn -0.520412 0.763968 -0.381477
vn -0.528981 0.684376 -0.501806
vn -0.512930 0.719704 -0.467899
vn -0.515193 0.749723 -0.415321
vn -0.549325 0.757451 -0.352860
vn -0.533120 0.784060 -0.317855
vn -0.497005 0.689629 -0.526686
vn -0.522023 0.680483 -0.514233
vn -0.541083 0.705028 -0.458437
vn -0.570907 0.718498 -0.397274
vn -0.882101 0.392756 -0.260077
vn -0.867705 0.449556 -0.212101
vn -0.811408 0.522495 -0.261949
vn -0.838765 0.508400 -0.194942
vn -0.827014 0.544284 -0.140724
vn -0.829016 0.550482 -0.098501
vn -0.832995 0.551069 -0.049425
vn -0.792748 0.572651 -0.208855
vn -0.795651 0.585974 -0.153536
vn -0.766946 0.630105 -0.121494
vn -0.790923 0.608411 -0.065392
vn -0.749958 0.656322 -0.082486
vn -0.755352 0.654726 -0.027873
vn -0.756206 0.627848 -0.184280
vn -0.713960 0.669881 -0.203766
vn -0.717725 0.679650 -0.151485
vn -0.691292 0.713012 -0.117175
vn -0.711081 0.700773 -0.057283
vn -0.716507 0.697580 0.000223
vn -0.663927 0.743055 -0.084079
vn -0.674342 0.737895 -0.027838
vn -0.675776 0.715324 -0.177873
vn -0.637833 0.744775 -0.196163
vn -0.640953 0.754703 -0.140013
vn -0.633410 0.771511 -0.059687
vn -0.641684 0.766969 -0.000029
vn -0.579552 0.780923 -0.232977
vn -0.601772 0.780905 -0.167503
vn -0.605163 0.788511 -0.109672
vn -0.581202 0.811545 -0.060000
vn -0.783838 -0.534400 -0.316250
vn -0.819688 -0.531888 -0.212617
vn -0.515898 0.821489 -0.242911
vn -0.512649 0.816093 -0.266802
vn -0.495352 0.840549 -0.219326
vn -0.462300 0.869005 -0.176379
vn -0.660604 0.672202 -0.334286
vn -0.657295 0.701476 -0.275490
vn -0.580479 0.777468 -0.242049
vn -0.746273 0.631243 -0.211207
vn -0.702690 0.688627 -0.178939
vn -0.604003 0.779465 -0.166174
vn -0.536699 0.833347 -0.132242
vn -0.857818 -0.500677 -0.116064
vn -0.875223 -0.480859 -0.052524
vn -0.889292 -0.456549 0.026884
vn -0.917220 -0.387000 0.094548
vn -0.875986 -0.463196 0.134530
vn -0.866136 -0.445704 0.226180
vn -0.845550 -0.419947 0.329682
vn -0.598157 0.800999 -0.024668
vn -0.550817 0.812533 -0.190762
vn -0.561866 0.816027 -0.135671
vn -0.545243 0.833148 -0.092598
vn -0.556319 0.830968 -0.000493
vn -0.502330 0.847322 -0.172364
vn -0.513586 0.847649 -0.133120
vn -0.526293 0.848671 -0.052662
vn -0.513811 0.857903 -0.000602
vn -0.486212 0.868732 -0.094350
vn -0.476417 0.877783 -0.050229
vn -0.478885 0.852354 -0.210149
vn -0.464030 0.875624 -0.134011
vn -0.451809 0.875279 -0.172496
vn -0.432785 0.897002 -0.089914
vn -0.463396 0.886151 -0.000103
vn -0.424771 0.893320 -0.146795
vn -0.405717 0.906083 -0.120028
vn -0.420563 0.905851 -0.050614
vn -0.420242 0.907412 0.000902
vn -0.372825 0.923679 -0.088420
vn -0.369402 0.927850 -0.051346
vn -0.372595 0.927987 -0.003687
vn -0.489488 0.865263 -0.108266
vn -0.404732 0.907790 -0.110045
vn -0.940708 -0.281189 -0.189740
vn -0.942482 -0.182377 -0.280118
vn -0.956730 -0.203990 -0.207497
vn -0.958900 -0.091856 -0.268464
vn -0.980569 -0.096292 -0.170918
vn -0.962344 -0.017420 -0.271276
vn -0.984960 -0.016833 -0.171961
vn -0.960846 0.056629 -0.271236
vn -0.983094 0.061600 -0.172431
vn -0.947112 0.148387 -0.284533
vn -0.961519 0.172080 -0.214173
vn -0.857938 -0.475959 -0.193407
vn -0.876507 -0.364388 -0.314575
vn -0.889034 -0.402954 -0.217363
vn -0.842897 -0.278495 -0.460397
vn -0.887606 -0.277047 -0.367968
vn -0.912213 -0.291501 -0.287913
vn -0.871314 -0.184356 -0.454780
vn -0.906533 -0.197273 -0.373203
vn -0.880027 -0.103997 -0.463397
vn -0.921245 -0.106155 -0.374218
vn -0.884756 -0.018067 -0.465705
vn -0.927129 -0.017911 -0.374313
vn -0.882480 0.069140 -0.465241
vn -0.923758 0.070762 -0.376383
vn -0.875887 0.149893 -0.458644
vn -0.911702 0.163748 -0.376810
vn -0.777779 -0.469304 -0.418107
vn -0.833798 -0.460903 -0.303889
vn -0.773356 -0.315489 -0.549897
vn -0.762967 -0.404515 -0.504231
vn -0.832160 -0.376576 -0.407064
vn -0.810146 -0.202667 -0.550081
vn -0.776955 -0.104793 -0.620773
vn -0.839788 -0.107972 -0.532069
vn -0.761704 -0.016593 -0.647712
vn -0.835732 -0.018340 -0.548832
vn -0.754695 0.060024 -0.653324
vn -0.785910 0.094397 -0.611093
vn -0.844325 0.073155 -0.530813
vn -0.813789 0.173448 -0.554674
vn -0.958821 -0.268497 -0.092587
vn -0.962543 -0.270725 -0.014794
vn -0.960141 -0.267428 0.081313
vn -0.980414 -0.172298 -0.095400
vn -0.984720 -0.173527 -0.014644
vn -0.983888 -0.169384 0.057220
vn -0.970358 -0.186317 0.153919
vn -0.966381 -0.141017 0.214992
vn -0.990657 -0.097250 -0.095604
vn -0.995271 -0.095967 -0.015035
vn -0.993359 -0.095805 0.063716
vn -0.986873 -0.091456 0.133109
vn -0.995364 -0.017033 -0.094655
vn -0.999735 -0.017446 -0.015030
vn -0.997700 -0.017513 0.065477
vn -0.989789 -0.018096 0.141388
vn -0.973034 -0.028878 0.228847
vn -0.948265 0.027397 0.316297
vn -0.993289 0.063458 -0.096695
vn -0.997952 0.062039 -0.015579
vn -0.996145 0.059874 0.064107
vn -0.988425 0.057873 0.140239
vn -0.970399 0.073280 0.230122
vn -0.985630 0.138781 -0.096301
vn -0.989936 0.140671 -0.015459
vn -0.988418 0.139206 0.060431
vn -0.981333 0.136451 0.135522
vn -0.965883 0.144707 0.214781
vn -0.874336 -0.472173 -0.112200
vn -0.879950 -0.474308 -0.026826
vn -0.882976 -0.465741 0.058639
vn -0.880169 -0.453056 0.141573
vn -0.868685 -0.440813 0.225987
vn -0.922601 -0.369707 -0.110108
vn -0.927007 -0.374667 -0.016800
vn -0.924646 -0.374522 0.069015
vn -0.910461 -0.381950 0.158668
vn -0.895332 -0.375332 0.239805
vn -0.888122 -0.320877 0.329053
vn -0.940612 -0.289297 0.177642
vn -0.917697 -0.301650 0.258535
vn -0.882324 -0.232969 0.408938
vn -0.933017 -0.225337 0.280539
vn -0.915009 -0.213883 0.342072
vn -0.945496 -0.112231 0.305681
vn -0.908699 -0.127299 0.397570
vn -0.851639 -0.104030 0.513701
vn -0.923497 -0.032028 0.382266
vn -0.875605 -0.019013 0.482654
vn -0.936408 0.163179 0.310666
vn -0.920983 0.084858 0.380249
vn -0.899308 0.078268 0.430255
vn -0.851979 0.069150 0.518989
vn -0.901463 0.183593 0.391993
vn -0.815040 -0.385386 0.432652
vn -0.851077 -0.404318 0.334956
vn -0.772614 -0.359426 0.523336
vn -0.846716 -0.311819 0.431094
vn -0.799822 -0.294192 0.523198
vn -0.853754 -0.197225 0.481878
vn -0.814236 -0.208164 0.541930
vn -0.800215 -0.015086 0.599523
vn -0.856684 0.163550 0.489228
vn -0.815905 0.167545 0.553379
vn -0.759538 -0.256284 0.597847
vn -0.761994 -0.192936 0.618175
vn -0.786485 -0.103313 0.608906
vn -0.769053 0.072329 0.635079
vn -0.765518 0.156364 0.624126
vn -0.949708 0.246513 -0.193098
vn -0.851788 0.241335 -0.464990
vn -0.895198 0.246511 -0.371286
vn -0.919165 0.260531 -0.295395
vn -0.884353 0.339279 -0.320638
vn -0.916065 0.345948 -0.202840
vn -0.878712 0.418683 -0.229280
vn -0.777826 0.282437 -0.561442
vn -0.839267 0.341605 -0.423009
vn -0.772591 0.366641 -0.518342
vn -0.841981 0.434479 -0.319836
vn -0.752054 0.438422 -0.492139
vn -0.780543 0.464863 -0.417918
vn -0.843935 0.498362 -0.198517
vn -0.789812 0.519397 -0.326226
vn -0.786672 0.571417 -0.233728
vn -0.759656 0.621149 -0.192605
vn -0.966858 0.236610 -0.095922
vn -0.972024 0.234225 -0.017571
vn -0.969896 0.234627 0.065201
vn -0.961582 0.236518 0.139353
vn -0.941881 0.241924 0.233096
vn -0.931868 0.344693 -0.113181
vn -0.947466 0.319419 -0.016748
vn -0.945021 0.319279 0.070679
vn -0.926106 0.341090 0.161197
vn -0.908730 0.257792 0.328257
vn -0.867001 0.275884 0.414967
vn -0.917045 0.398456 -0.016176
vn -0.911044 0.405458 0.074852
vn -0.909856 0.334426 0.245603
vn -0.881707 0.336862 0.330327
vn -0.898617 0.423925 -0.113026
vn -0.891885 0.417873 0.172983
vn -0.869318 0.409196 0.277209
vn -0.853257 0.511283 -0.102673
vn -0.856975 0.515163 -0.014193
vn -0.852154 0.519091 0.066171
vn -0.837345 0.261069 0.480308
vn -0.799629 0.264046 0.539327
vn -0.831664 0.364213 0.419147
vn -0.776377 0.375844 0.505945
vn -0.853940 0.495090 0.160228
vn -0.831748 0.491722 0.257692
vn -0.819352 0.453460 0.350765
vn -0.763584 0.460698 0.452434
vn -0.811766 0.559535 0.167201
vn -0.777826 0.577233 0.248572
vn -0.775433 0.512065 0.369450
vn -0.783026 0.613421 -0.102880
vn -0.785805 0.618181 -0.019051
vn -0.767172 0.637489 0.071096
vn -0.760192 0.631565 0.152425
vn -0.765351 0.230149 0.601057
vn -0.486014 0.070651 -0.871091
vn -0.516163 0.241820 -0.821644
vn -0.485943 0.340723 -0.804840
vn -0.455888 0.453304 -0.765951
vn -0.494418 0.529704 -0.689176
vn -0.448428 0.572309 -0.686568
vn -0.444627 0.642124 -0.624487
vn -0.493505 0.667259 -0.557870
vn -0.430673 0.067334 -0.899993
vn -0.427826 0.202224 -0.880948
vn -0.414208 0.318935 -0.852475
vn -0.373386 0.469137 -0.800308
vn -0.397261 0.530244 -0.749016
vn -0.399811 0.575945 -0.713048
vn -0.413366 0.622726 -0.664335
vn -0.359189 0.621163 -0.696520
vn -0.495586 0.573564 -0.652242
vn -0.563537 0.579567 -0.588666
vn -0.589065 0.464776 -0.661049
vn -0.696202 0.386362 -0.605002
vn -0.378946 0.068015 -0.922916
vn -0.341483 0.218249 -0.914197
vn -0.370134 0.354665 -0.858611
vn -0.305952 0.437707 -0.845462
vn -0.333272 0.554899 -0.762245
vn -0.324257 0.604289 -0.727800
vn -0.413692 0.585451 -0.697213
vn -0.515094 0.446663 -0.731553
vn -0.639680 0.256196 -0.724688
vn -0.297284 0.058587 -0.952990
vn -0.290283 0.157377 -0.943911
vn -0.303989 0.353553 -0.884641
vn -0.273469 0.514080 -0.812980
vn -0.278112 0.586951 -0.760356
vn -0.319573 0.600975 -0.732599
vn -0.314682 0.486195 -0.815223
vn -0.436492 0.418270 -0.796570
vn -0.518119 0.126302 -0.845932
vn -0.596479 0.169049 -0.784624
vn -0.180611 0.063761 -0.981486
vn -0.229611 0.198713 -0.952781
vn -0.279010 0.286296 -0.916618
vn -0.184242 0.303151 -0.934962
vn -0.252868 0.374177 -0.892216
vn -0.199140 0.481176 -0.853706
vn -0.223044 0.557791 -0.799450
vn -0.264739 0.555225 -0.788441
vn -0.376856 0.296593 -0.877504
vn -0.418105 0.063473 -0.906178
vn -0.150845 0.187700 -0.970574
vn -0.156679 0.414507 -0.896457
vn -0.160324 0.561392 -0.811872
vn -0.208966 0.527529 -0.823436
vn -0.298835 0.336234 -0.893109
vn -0.374442 0.243129 -0.894808
vn -0.325584 0.036389 -0.944813
vn -0.103148 0.068776 -0.992285
vn -0.099226 0.197642 -0.975239
vn -0.099190 0.329189 -0.939040
vn -0.043377 0.426197 -0.903590
vn -0.105182 0.488718 -0.866078
vn -0.100741 0.566120 -0.818144
vn -0.108420 0.576415 -0.809933
vn -0.135621 0.478020 -0.867816
vn -0.165363 0.271795 -0.948041
vn -0.187708 0.025422 -0.981896
vn -0.035604 0.070127 -0.996902
vn -0.035328 0.199298 -0.979302
vn -0.029593 0.307642 -0.951042
vn -0.031695 0.539261 -0.841542
vn -0.035291 0.566353 -0.823407
vn -0.044042 0.462866 -0.885334
vn -0.054150 0.248192 -0.967196
vn -0.061800 0.014030 -0.997990
vn -0.603557 0.603784 -0.520734
vn -0.686788 0.550137 -0.475048
vn -0.692255 0.616393 -0.375290
vn -0.755902 0.403445 -0.515601
vn -0.861293 -0.380555 -0.336678
vn -0.744410 -0.531471 -0.404219
vn -0.761280 -0.557251 -0.331550
vn -0.820495 -0.493674 -0.288224
vn -0.674398 -0.576430 -0.461427
vn -0.730867 -0.546066 -0.409446
vn -0.807397 0.107972 -0.580045
vn -0.804267 -0.120987 -0.581822
vn -0.827826 -0.059117 -0.557862
vn -0.860321 -0.108067 -0.498165
vn -0.801921 -0.202338 -0.562123
vn -0.867852 -0.181910 -0.462322
vn -0.695262 -0.502048 -0.514352
vn -0.769709 -0.390018 -0.505405
vn -0.849937 -0.330923 -0.409996
vn -0.624372 -0.579690 -0.523564
vn -0.675331 -0.567867 -0.470591
vn -0.805914 -0.464968 -0.366481
vn -0.581527 -0.584820 -0.565520
vn -0.644082 -0.556628 -0.524714
vn -0.705731 0.028204 -0.707918
vn -0.681198 -0.146237 -0.717345
vn -0.735260 -0.100062 -0.670359
vn -0.751445 -0.137425 -0.645326
vn -0.696983 -0.240465 -0.675567
vn -0.574804 -0.553804 -0.602413
vn -0.656077 -0.442077 -0.611663
vn -0.735878 -0.345484 -0.582344
vn -0.506796 -0.608504 -0.610639
vn -0.528021 -0.553545 -0.644036
vn -0.528539 -0.592797 -0.607650
vn -0.567702 -0.065370 -0.820635
vn -0.644902 -0.045487 -0.762910
vn -0.607213 -0.130186 -0.783801
vn -0.538909 -0.170262 -0.824978
vn -0.615657 -0.154004 -0.772819
vn -0.553352 -0.281264 -0.784023
vn -0.418501 -0.586475 -0.693473
vn -0.531913 -0.495500 -0.686694
vn -0.610298 -0.395396 -0.686439
vn -0.426329 -0.603701 -0.673638
vn -0.458727 -0.618968 -0.637533
vn -0.384149 -0.549650 -0.741832
vn -0.413637 -0.149346 -0.898109
vn -0.458875 -0.098136 -0.883065
vn -0.506530 -0.141553 -0.850524
vn -0.454714 -0.175135 -0.873248
vn -0.441301 -0.286162 -0.850508
vn -0.405352 -0.438604 -0.802070
vn -0.358227 -0.631667 -0.687510
vn -0.331487 -0.587947 -0.737858
vn -0.346396 -0.130578 -0.928956
vn -0.353822 -0.176533 -0.918502
vn -0.299114 -0.392398 -0.869802
vn -0.352030 -0.306390 -0.884421
vn -0.274859 -0.627259 -0.728696
vn -0.302894 -0.528549 -0.793027
vn -0.222613 -0.624506 -0.748622
vn -0.264490 -0.639693 -0.721691
vn -0.202946 -0.130587 -0.970443
vn -0.153013 -0.188373 -0.970104
vn -0.232091 -0.178974 -0.956087
vn -0.176768 -0.183835 -0.966932
vn -0.283952 -0.238991 -0.928577
vn -0.204441 -0.331852 -0.920911
vn -0.150731 -0.616876 -0.772492
vn -0.176254 -0.499330 -0.848295
vn -0.135943 -0.639735 -0.756478
vn -0.127210 -0.562172 -0.817178
vn -0.069559 -0.138941 -0.987855
vn -0.065445 -0.183101 -0.980913
vn -0.054279 -0.184972 -0.981244
vn -0.060026 -0.318578 -0.945994
vn -0.047613 -0.612172 -0.789290
vn -0.056402 -0.490734 -0.869482
vn -0.046044 -0.642148 -0.765197
vn -0.045818 -0.561119 -0.826466
vn -0.843133 0.309352 -0.439805
vn -0.844133 0.409622 -0.345904
vn -0.827719 0.498177 -0.258265
vn -0.909484 0.031623 -0.414535
vn -0.934923 0.074281 -0.346988
vn -0.948304 0.179208 -0.261924
vn -0.950268 0.259720 -0.171862
vn -0.896311 0.422178 -0.135621
vn -0.854880 0.513440 -0.074555
vn -0.769634 0.637107 -0.041928
vn -0.664209 0.746776 -0.033949
vn -0.940637 -0.112767 -0.320134
vn -0.964968 -0.024024 -0.261266
vn -0.982137 0.030759 -0.185635
vn -0.989573 0.099573 -0.104072
vn -0.983348 0.180712 -0.019236
vn -0.958944 0.277930 0.056408
vn -0.897515 0.418769 0.138196
vn -0.758368 0.646860 0.080313
vn -0.974473 -0.097080 -0.202428
vn -0.989735 -0.026713 -0.140398
vn -0.998779 0.007678 -0.048792
vn -0.997650 0.048119 0.048773
vn -0.984852 0.093495 0.146030
vn -0.954704 0.142442 0.261247
vn -0.991463 -0.071133 -0.109273
vn -0.998917 -0.044246 -0.014382
vn -0.996207 -0.012572 0.086104
vn -0.975978 -0.033904 0.215217
vn -0.955044 0.050012 0.292216
vn -0.918136 -0.281371 -0.279028
vn -0.963014 -0.218379 -0.157843
vn -0.982820 -0.168617 -0.075057
vn -0.991493 -0.128414 0.021259
vn -0.987506 -0.091811 0.128076
vn -0.948378 -0.026868 0.316003
vn -0.878212 -0.437725 -0.192718
vn -0.923198 -0.369787 -0.104704
vn -0.947737 -0.317986 -0.026055
vn -0.960030 -0.270615 0.071479
vn -0.965087 -0.207331 0.160065
vn -0.950516 -0.163102 0.264418
vn -0.917797 -0.111271 0.381140
vn -0.914264 -0.349191 0.205393
vn -0.894189 -0.319703 0.313394
vn -0.858475 -0.273068 0.434114
vn -0.792105 -0.298137 0.532621
vn -0.870357 0.141359 -0.471696
vn -0.850207 0.222802 -0.476977
vn -0.893515 -0.033106 -0.447811
vn -0.892895 0.367944 0.259530
vn -0.844691 0.493433 0.207417
vn -0.900347 -0.152059 -0.407743
vn -0.926210 0.171919 0.335529
vn -0.903232 0.248875 0.349619
vn -0.918956 0.035145 0.392791
vn -0.891511 0.078951 0.446067
vn -0.890040 -0.242652 -0.385939
vn -0.870917 -0.035261 0.490164
vn -0.844181 -0.177514 0.505813
vn -0.583085 0.810966 -0.048443
vn -0.640299 0.767372 0.034011
vn -0.495964 0.868137 -0.018888
vn -0.398087 0.916647 -0.035853
vn -0.337893 0.938144 -0.075589
vn -0.327138 0.942352 -0.070377
vn -0.322433 0.946171 -0.028231
vn -0.272678 0.962098 -0.003672
vn -0.745401 0.639799 0.187176
vn -0.591582 0.791140 0.155329
vn -0.440257 0.896257 0.053830
vn -0.323275 0.945922 -0.026920
vn -0.284888 0.957236 -0.050389
vn -0.829064 0.392433 0.398308
vn -0.723081 0.596279 0.348721
vn -0.265798 0.963803 -0.020875
vn -0.847423 0.165924 0.504325
vn -0.834432 0.068956 0.546780
vn -0.817063 -0.009652 0.576468
vn -0.784060 -0.138730 0.604983
vn -0.600820 0.755148 0.262235
vn -0.545632 0.815925 0.191185
vn -0.787394 0.361817 0.499099
vn -0.689536 0.561127 0.457904
vn -0.550148 0.781715 0.293699
vn -0.399074 0.910313 0.109867
vn -0.281328 0.959348 0.022513
vn -0.214777 0.976660 -0.002471
vn -0.795813 0.205301 0.569677
vn -0.726669 0.260569 0.635653
vn -0.780047 0.100040 0.617672
vn -0.713421 0.130694 0.688440
vn -0.756069 0.023190 0.654081
vn -0.687367 0.058530 0.723948
vn -0.718931 -0.091608 0.689018
vn -0.649438 -0.048058 0.758894
vn -0.631532 0.526588 0.569097
vn -0.539616 0.674960 0.503233
vn -0.386638 0.888327 0.247764
vn -0.289741 0.950124 0.115387
vn -0.204158 0.978737 0.019822
vn -0.176355 0.984299 0.007352
vn -0.613603 0.340537 0.712408
vn -0.645704 0.158660 0.746922
vn -0.574165 0.198974 0.794194
vn -0.621383 0.090072 0.778312
vn -0.553327 0.104593 0.826372
vn -0.559398 0.001912 0.828897
vn -0.386834 0.803489 0.452509
vn -0.254117 0.946226 0.200204
vn -0.148622 0.984507 0.093044
vn -0.122741 0.992403 0.008440
vn -0.139804 0.990125 0.010323
vn -0.531196 0.435972 0.726470
vn -0.459723 0.525844 0.715642
vn -0.495772 0.235973 0.835779
vn -0.457772 0.330826 0.825227
vn -0.481187 0.141041 0.865198
vn -0.516681 -0.002471 0.856174
vn -0.481963 0.050738 0.874721
vn -0.313606 0.796696 0.516650
vn -0.203825 0.918692 0.338321
vn -0.096701 0.995236 0.012448
vn -0.323372 0.584192 0.744412
vn -0.231667 0.775472 0.587344
vn -0.407411 0.191178 0.893010
vn -0.344922 0.312778 0.884985
vn -0.297828 0.174943 0.938453
vn -0.363845 0.073339 0.928568
vn -0.109344 0.931753 0.346237
vn -0.047398 0.991052 0.124774
vn -0.040176 0.999017 0.018752
vn -0.062090 0.997991 0.012586
vn -0.176689 0.542388 0.821338
vn -0.145589 0.772530 0.618063
vn -0.183049 0.316928 0.930618
vn -0.180201 0.178696 0.967262
vn -0.283467 0.058968 0.957167
vn -0.194116 0.082940 0.977466
vn -0.031844 0.931110 0.363345
vn -0.018666 0.999732 0.013685
vn -0.057667 0.533411 0.843888
vn -0.048673 0.767782 0.638859
vn -0.059944 0.316936 0.946551
vn -0.059777 0.183233 0.981250
vn -0.061090 0.079515 0.994960
vn -0.379794 -0.066392 -0.922686
vn -0.378905 0.002113 -0.925433
vn -0.300019 -0.282887 -0.911023
vn -0.290725 -0.184471 -0.938855
vn -0.293695 -0.108310 -0.949743
vn -0.278491 -0.019871 -0.960233
vn -0.292351 0.078223 -0.953107
vn -0.289995 0.179874 -0.939972
vn -0.208596 -0.258415 -0.943244
vn -0.206240 -0.181102 -0.961596
vn -0.213175 -0.101556 -0.971721
vn -0.215959 -0.017963 -0.976237
vn -0.217035 0.068459 -0.973760
vn -0.207419 0.145300 -0.967401
vn -0.067031 -0.358683 -0.931050
vn -0.132138 -0.281777 -0.950337
vn -0.127622 -0.189906 -0.973472
vn -0.133241 -0.107248 -0.985264
vn -0.136736 -0.019636 -0.990413
vn -0.136237 0.069053 -0.988267
vn -0.132111 0.153161 -0.979331
vn -0.038947 -0.264794 -0.963518
vn -0.045076 -0.193187 -0.980126
vn -0.046284 -0.110963 -0.992746
vn -0.047145 -0.020663 -0.998674
vn -0.046712 0.070839 -0.996394
vn -0.044893 0.156500 -0.986657
vn -0.670823 -0.454260 -0.586212
vn -0.708287 -0.493182 -0.505075
vn -0.670738 -0.366239 -0.644965
vn -0.707633 -0.397617 -0.584085
vn -0.706047 -0.298689 -0.642092
vn -0.668529 -0.219585 -0.710529
vn -0.754366 -0.201696 -0.624700
vn -0.672788 -0.032444 -0.739124
vn -0.717200 -0.119251 -0.686589
vn -0.670210 0.086996 -0.737055
vn -0.676939 0.184280 -0.712597
vn -0.754492 0.185740 -0.629478
vn -0.613672 -0.491289 -0.618096
vn -0.572967 -0.360963 -0.735809
vn -0.621196 -0.399154 -0.674382
vn -0.601735 -0.302119 -0.739351
vn -0.575631 -0.205704 -0.791413
vn -0.648024 -0.130103 -0.750425
vn -0.584936 -0.023138 -0.810749
vn -0.583342 0.064652 -0.809649
vn -0.581360 0.168233 -0.796064
vn -0.483863 -0.463564 -0.742284
vn -0.530725 -0.500376 -0.684072
vn -0.531757 -0.414596 -0.738474
vn -0.493497 -0.283553 -0.822227
vn -0.488304 -0.197744 -0.849974
vn -0.502936 -0.112961 -0.856910
vn -0.563162 -0.111100 -0.818844
vn -0.493520 -0.019664 -0.869512
vn -0.506374 0.075762 -0.858980
vn -0.495319 0.159013 -0.854034
vn -0.435497 -0.513533 -0.739342
vn -0.403071 -0.321161 -0.856965
vn -0.408083 -0.420274 -0.810455
vn -0.473904 -0.356242 -0.805299
vn -0.390673 -0.207959 -0.896732
vn -0.403403 -0.123494 -0.906651
vn -0.403971 0.088988 -0.910433
vn -0.390632 0.170425 -0.904633
vn -0.318842 -0.483462 -0.815233
vn -0.321650 -0.380568 -0.867012
vn -0.239711 -0.440690 -0.865061
vn -0.224343 -0.536532 -0.813513
vn -0.216383 -0.353099 -0.910219
vn -0.137995 -0.477616 -0.867664
vn -0.146149 -0.411682 -0.899532
vn -0.044654 -0.456687 -0.888506
vn -0.807662 -0.384843 0.446743
vn -0.758701 -0.363415 0.540650
vn -0.730227 -0.305475 0.611109
vn -0.723126 -0.346976 0.597240
vn -0.685458 -0.218885 0.694433
vn -0.739359 -0.106153 0.664890
vn -0.674622 -0.110586 0.729833
vn -0.722801 -0.019058 0.690793
vn -0.678224 0.070821 0.731435
vn -0.679471 0.156908 0.716729
vn -0.721134 -0.282162 0.632732
vn -0.670392 -0.319502 0.669697
vn -0.637641 -0.291052 0.713234
vn -0.627255 -0.197507 0.753354
vn -0.557762 -0.190565 0.807828
vn -0.585478 -0.101171 0.804351
vn -0.614996 -0.019715 0.788284
vn -0.586350 0.072071 0.806845
vn -0.580497 0.182934 0.793447
vn -0.669362 -0.232652 0.705569
vn -0.602524 -0.193774 0.774220
vn -0.590015 -0.297001 0.750782
vn -0.565378 -0.270536 0.779203
vn -0.474409 -0.278343 0.835142
vn -0.489438 -0.104761 0.865722
vn -0.498880 -0.016839 0.866508
vn -0.491736 0.067814 0.868100
vn -0.492509 0.159194 0.855624
vn -0.521883 -0.168987 0.836111
vn -0.493317 -0.265413 0.828368
vn -0.396243 -0.210047 0.893796
vn -0.467225 -0.197146 0.861878
vn -0.401077 -0.108271 0.909624
vn -0.378112 -0.018199 0.925581
vn -0.371923 0.070776 0.925562
vn -0.395514 0.152814 0.905658
vn -0.493904 -0.123721 0.860669
vn -0.445589 -0.134569 0.885066
vn -0.395986 -0.254033 0.882419
vn -0.329132 -0.255983 0.908925
vn -0.308923 -0.184390 0.933042
vn -0.317071 -0.111732 0.941797
vn -0.289123 0.168512 0.942344
vn -0.335140 -0.103023 0.936519
vn -0.324376 -0.224011 0.919021
vn -0.249949 -0.214825 0.944127
vn -0.246685 -0.210868 0.945876
vn -0.223264 -0.097255 0.969894
vn -0.229014 -0.011934 0.973350
vn -0.226612 0.066985 0.971679
vn -0.272990 -0.068090 0.959604
vn -0.189182 -0.074592 0.979105
vn -0.160387 -0.197109 0.967173
vn -0.165680 -0.220767 0.961151
vn -0.066994 -0.182706 0.980882
vn -0.148324 -0.123828 0.981156
vn -0.101708 -0.010556 0.994758
vn -0.180759 0.177873 0.967309
vn -0.109538 0.094343 0.989495
vn -0.059541 -0.057929 0.996544
vn -0.051413 -0.186893 0.981034
vn -0.047047 -0.244635 0.968473
vn -0.033413 -0.079634 0.996264
vn -0.035652 -0.010854 0.999305
vn -0.030254 0.052108 0.998183
vn -0.049777 0.236292 0.970406
vn -0.042505 0.132468 0.990276
vn -0.210318 0.239240 -0.947909
vn -0.216194 0.339011 -0.915605
vn -0.127581 0.232383 -0.964221
vn -0.122866 0.322286 -0.938635
vn -0.042280 0.235348 -0.970991
vn -0.041637 0.325007 -0.944794
vn -0.709513 0.271274 -0.650386
vn -0.692597 0.357761 -0.626352
vn -0.679088 0.469993 -0.563866
vn -0.670796 0.544026 -0.504052
vn -0.728628 0.554290 -0.402323
vn -0.740069 0.594855 -0.313761
vn -0.674608 0.606883 -0.420236
vn -0.681375 0.657440 -0.321716
vn -0.676019 0.702753 -0.221670
vn -0.617074 0.270930 -0.738794
vn -0.583960 0.319528 -0.746253
vn -0.600148 0.377979 -0.704950
vn -0.649556 0.432572 -0.625267
vn -0.581495 0.482347 -0.655138
vn -0.582710 0.550148 -0.598153
vn -0.594127 0.617201 -0.515826
vn -0.590991 0.687574 -0.421867
vn -0.600235 0.729052 -0.328939
vn -0.588027 0.785309 -0.193686
vn -0.503767 0.249481 -0.827029
vn -0.525126 0.360226 -0.771025
vn -0.503296 0.463044 -0.729578
vn -0.496606 0.576192 -0.649142
vn -0.508085 0.635468 -0.581403
vn -0.545143 0.675959 -0.495881
vn -0.487206 0.705601 -0.514546
vn -0.520420 0.750743 -0.406876
vn -0.553660 0.782393 -0.285168
vn -0.483652 0.811668 -0.327530
vn -0.491811 0.846085 -0.205576
vn -0.411054 0.261337 -0.873348
vn -0.459881 0.343101 -0.819019
vn -0.390340 0.379269 -0.838922
vn -0.422145 0.453505 -0.784937
vn -0.416518 0.546494 -0.726538
vn -0.423823 0.621281 -0.659079
vn -0.407332 0.670765 -0.619803
vn -0.413246 0.710371 -0.569738
vn -0.403560 0.759908 -0.509588
vn -0.432213 0.800238 -0.415705
vn -0.372907 0.808885 -0.454583
vn -0.397004 0.872354 -0.285284
vn -0.396096 0.898749 -0.188038
vn -0.317892 0.281540 -0.905362
vn -0.327180 0.392863 -0.859425
vn -0.314125 0.487002 -0.814957
vn -0.328160 0.545110 -0.771470
vn -0.317075 0.608396 -0.727542
vn -0.330196 0.649513 -0.684911
vn -0.313132 0.718215 -0.621382
vn -0.309918 0.798475 -0.516129
vn -0.333580 0.850723 -0.406196
vn -0.317675 0.879851 -0.353475
vn -0.303577 0.914588 -0.267153
vn -0.306752 0.931147 -0.197151
vn -0.229651 0.437610 -0.869343
vn -0.218448 0.525940 -0.821990
vn -0.228047 0.622907 -0.748319
vn -0.223442 0.703306 -0.674859
vn -0.221866 0.784867 -0.578585
vn -0.238352 0.834604 -0.496613
vn -0.219533 0.873651 -0.434211
vn -0.231122 0.917946 -0.322425
vn -0.240108 0.946307 -0.216450
vn -0.136137 0.423378 -0.895666
vn -0.131142 0.513581 -0.847960
vn -0.138294 0.608948 -0.781061
vn -0.139230 0.708328 -0.692016
vn -0.138612 0.792453 -0.593973
vn -0.144688 0.852081 -0.503014
vn -0.063804 0.890147 -0.451184
vn -0.136780 0.917664 -0.373073
vn -0.141495 0.943697 -0.299025
vn -0.155198 0.957734 -0.242198
vn -0.044770 0.401804 -0.914631
vn -0.043018 0.495919 -0.867302
vn -0.043802 0.585812 -0.809263
vn -0.045377 0.666146 -0.744439
vn -0.044104 0.756782 -0.652178
vn -0.043566 0.830285 -0.555634
vn -0.041601 0.932631 -0.358425
vn -0.046931 0.957769 -0.283684
vn -0.742691 0.334394 0.580164
vn -0.705171 0.456565 0.542478
vn -0.742283 0.579659 0.336173
vn -0.705668 0.547891 0.449275
vn -0.683028 0.518968 0.513950
vn -0.702715 0.703052 -0.109130
vn -0.715380 0.698411 -0.021314
vn -0.714530 0.649948 0.258873
vn -0.667565 0.653013 0.357676
vn -0.675448 0.734084 0.069930
vn -0.684676 0.707986 0.173131
vn -0.622743 0.505019 0.597617
vn -0.663836 0.598052 0.449061
vn -0.627932 0.554962 0.545635
vn -0.637898 0.718909 0.276144
vn -0.612684 0.643894 0.458278
vn -0.596929 0.795139 -0.106907
vn -0.611276 0.791146 -0.020728
vn -0.588192 0.793685 0.155225
vn -0.586706 0.714505 0.381129
vn -0.579194 0.812349 0.067996
vn -0.575559 0.786937 0.222401
vn -0.580102 0.601708 0.549026
vn -0.531399 0.704142 0.470955
vn -0.529749 0.645777 0.549853
vn -0.528656 0.803553 0.273544
vn -0.504608 0.774844 0.380771
vn -0.482366 0.710687 0.512101
vn -0.487983 0.866390 -0.106023
vn -0.500501 0.865552 -0.017857
vn -0.493665 0.866976 0.068175
vn -0.489334 0.857175 0.160633
vn -0.482906 0.815901 0.317973
vn -0.436177 0.707412 0.556163
vn -0.418744 0.787463 0.452278
vn -0.403594 0.881720 0.244297
vn -0.419925 0.835356 0.354745
vn -0.402358 0.909213 -0.106959
vn -0.404462 0.914371 -0.018335
vn -0.402566 0.912864 0.067972
vn -0.395924 0.906026 0.149535
vn -0.346639 0.810042 0.472940
vn -0.317224 0.785842 0.530868
vn -0.336245 0.899901 0.277702
vn -0.321425 0.865665 0.383809
vn -0.322005 0.940219 -0.110910
vn -0.331752 0.943211 -0.017112
vn -0.326116 0.942407 0.074284
vn -0.313747 0.935215 0.164122
vn -0.286186 0.904766 0.315430
vn -0.224127 0.778153 0.586724
vn -0.215625 0.878132 0.427071
vn -0.234417 0.828632 0.508348
vn -0.220832 0.969092 -0.109973
vn -0.225015 0.974210 -0.016826
vn -0.234521 0.966950 0.100038
vn -0.252730 0.949921 0.183788
vn -0.232635 0.938894 0.253691
vn -0.217993 0.917901 0.331568
vn -0.137215 0.846028 0.515178
vn -0.126387 0.975612 -0.179465
vn -0.157608 0.967293 0.198757
vn -0.154415 0.948596 0.276265
vn -0.134926 0.932716 0.334418
vn -0.124456 0.899557 0.418697
vn -0.046164 0.861431 0.505773
vn -0.042612 0.970054 0.239123
vn -0.047406 0.938029 0.343298
vn -0.045808 0.905967 0.420862
vn -0.714095 0.261289 0.649459
vn -0.676570 0.230938 0.699229
vn -0.684115 0.391154 0.615618
vn -0.651189 0.336678 0.680147
vn -0.616720 0.267716 0.740260
vn -0.588570 0.385380 0.710681
vn -0.621084 0.456178 0.637304
vn -0.543069 0.343144 0.766373
vn -0.511774 0.259682 0.818934
vn -0.483374 0.312543 0.817721
vn -0.537990 0.466200 0.702299
vn -0.534179 0.556191 0.636635
vn -0.490164 0.510496 0.706493
vn -0.493893 0.617624 0.612054
vn -0.406288 0.242751 0.880910
vn -0.456902 0.375319 0.806459
vn -0.430597 0.446772 0.784208
vn -0.441866 0.555173 0.704654
vn -0.431249 0.639788 0.636157
vn -0.351686 0.607444 0.712270
vn -0.351982 0.717356 0.601256
vn -0.360368 0.342562 0.867633
vn -0.313170 0.245340 0.917460
vn -0.252993 0.331110 0.909044
vn -0.356305 0.468101 0.808658
vn -0.322341 0.528593 0.785293
vn -0.332339 0.666681 0.667148
vn -0.227771 0.255378 0.939629
vn -0.293762 0.413285 0.861916
vn -0.216307 0.426813 0.878090
vn -0.226775 0.590112 0.774817
vn -0.232912 0.515255 0.824781
vn -0.253507 0.702095 0.665430
vn -0.245971 0.634596 0.732657
vn -0.153326 0.701739 0.695739
vn -0.158731 0.272073 0.949095
vn -0.137484 0.336281 0.931672
vn -0.134652 0.436682 0.889482
vn -0.140955 0.533316 0.834090
vn -0.128251 0.609091 0.782662
vn -0.125339 0.781091 0.611708
vn -0.048700 0.345897 0.937008
vn -0.046330 0.507876 0.860183
vn -0.039485 0.419396 0.906944
vn -0.046963 0.691768 0.720591
vn -0.038686 0.601150 0.798199
vn -0.044337 0.784824 0.618131
vn -0.034526 0.982435 -0.183383
vn -0.211051 0.976508 0.043464
vn -0.106063 0.990855 -0.083409
vn -0.094517 0.995432 -0.013492
vn -0.111638 0.991526 0.066428
vn -0.074058 0.989089 0.127348
vn -0.034961 0.996266 -0.078939
vn 0.001970 0.999952 -0.009595
vn -0.030720 0.998240 0.050719
vn -0.996440 0.055423 0.063523
vn -0.992120 0.050363 0.114719
vn -0.974974 0.046455 0.217409
vn -0.985123 0.160451 0.061548
vn -0.983189 0.151516 0.101890
vn -0.975566 0.153323 0.157365
vn -0.960632 0.271522 0.058842
vn -0.961109 0.248569 0.120349
vn -0.936127 0.350604 0.027267
vn -0.965642 0.092775 0.242753
vn -0.961094 0.063190 0.268895
vn -0.958036 0.210855 0.194183
vn -0.953833 0.192036 0.230923
vn -0.942962 0.186967 0.275438
vn -0.933966 0.344055 0.096617
vn -0.938110 0.306731 0.160831
vn -0.934374 0.287413 0.210568
vn -0.925113 0.278887 0.257658
vn -0.908695 0.414542 0.049281
vn -0.900868 0.422246 0.100725
vn -0.901361 0.400679 0.164332
vn -0.904103 0.367234 0.218489
vn -0.871604 0.485716 0.066235
vn -0.871774 0.472336 0.130033
vn -0.944215 0.056256 0.324490
vn -0.914672 0.124389 0.384581
vn -0.901539 0.317841 0.293605
vn -0.868415 0.452566 0.202583
vn -0.872665 0.412035 0.262073
vn -0.834720 0.548544 0.048402
vn -0.829136 0.550272 0.098660
vn -0.839885 0.518998 0.158854
vn -0.826346 0.517689 0.221697
vn -0.789363 0.610441 0.065328
vn -0.768849 0.627293 0.123993
vn -0.795963 0.586351 0.150451
vn -0.790794 0.577314 0.203352
vn -0.755936 0.654069 0.027470
vn -0.740020 0.666702 0.088764
vn -0.793381 0.548301 0.264410
vn -0.755695 0.629058 0.182242
vn -0.757324 0.605605 0.244342
vn -0.712454 0.699611 0.054359
vn -0.717902 0.680274 0.147796
vn -0.715213 0.668853 0.202746
vn -0.673138 0.738964 0.028588
vn -0.665942 0.740799 0.087969
vn -0.713921 0.645745 0.270794
vn -0.679170 0.723628 0.122840
vn -0.675239 0.716195 0.176402
vn -0.675446 0.698123 0.237481
vn -0.634099 0.771383 0.053725
vn -0.638773 0.757094 0.137030
vn -0.638116 0.745639 0.191912
vn -0.636356 0.728576 0.253434
vn -0.601609 0.794410 0.083544
vn -0.602432 0.786696 0.134850
vn -0.575273 0.797558 0.181557
vn -0.599602 0.764830 0.235611
vn -0.558251 0.788818 0.257141
vn -0.922171 0.069659 0.380457
vn -0.899149 0.052327 0.434503
vn -0.919917 0.203922 0.334916
vn -0.907925 0.185800 0.375699
vn -0.876255 0.321856 0.358587
vn -0.883084 0.266329 0.386304
vn -0.861397 0.397537 0.316165
vn -0.818792 0.495203 0.290439
vn -0.884514 0.178413 0.431049
vn -0.861807 0.061901 0.503445
vn -0.854097 0.183104 0.486817
vn -0.837206 0.324342 0.440327
vn -0.838668 0.264729 0.475977
vn -0.829411 0.433130 0.352812
vn -0.817401 0.419020 0.395319
vn -0.785154 0.508167 0.353976
vn -0.754764 0.578671 0.308985
vn -0.822604 0.057334 0.565717
vn -0.818736 0.170466 0.548281
vn -0.800227 0.314298 0.510739
vn -0.789637 0.442436 0.425116
vn -0.765163 0.439448 0.470543
vn -0.779569 0.388062 0.491609
vn -0.754140 0.538846 0.375390
vn -0.745114 0.508893 0.431084
vn -0.720204 0.606720 0.336447
vn -0.661556 0.684001 0.307388
vn -0.800442 0.252781 0.543502
vn -0.770351 0.192171 0.607971
vn -0.746128 0.344818 0.569556
vn -0.736142 0.434219 0.519182
vn -0.710371 0.576677 0.403506
vn -0.704829 0.536143 0.464507
vn -0.681451 0.636791 0.360723
vn -0.664806 0.622714 0.412627
vn -0.601042 0.740129 0.301590
vn -0.630619 0.685394 0.364082
vn -0.699770 0.455250 0.550518
vn -0.675945 0.558203 0.481153
vn -0.646604 0.553825 0.524578
vn -0.630673 0.644418 0.432409
vn -0.620213 0.614563 0.487492
vn -0.567109 0.740381 0.360863
vn -0.597397 0.696513 0.397476
vn -0.539343 0.777058 0.324485
vn -0.576562 0.675169 0.460133
vn -0.580247 0.623555 0.523921
vn -0.549058 0.719869 0.424646
vn -0.499400 0.818345 0.284450
vn -0.510540 0.770859 0.380952
vn -0.539759 0.686146 0.487714
vn -0.512411 0.733937 0.445837
vn -0.473301 0.818734 0.325056
vn -0.466264 0.806566 0.363384
vn -0.475439 0.773942 0.418296
vn -0.511551 0.708912 0.485550
vn -0.512317 0.741555 0.433160
vn -0.415834 0.821128 0.390936
vn -0.439653 0.790054 0.427224
vn -0.773189 0.062643 0.631074
vn -0.751107 0.265240 0.604554
vn -0.730116 0.065758 0.680152
vn -0.722861 0.189318 0.664553
vn -0.697787 0.342275 0.629238
vn -0.702823 0.262621 0.661112
vn -0.629468 0.535526 0.563012
vn -0.685666 0.065023 0.725007
vn -0.677605 0.189218 0.710667
vn -0.663648 0.337383 0.667641
vn -0.664280 0.275785 0.694748
vn -0.657124 0.442451 0.610267
vn -0.617191 0.502168 0.605725
vn -0.644572 0.060608 0.762138
vn -0.643571 0.180968 0.743685
vn -0.670858 0.309084 0.674104
vn -0.699184 0.238259 0.674073
vn -0.639472 0.428718 0.638182
vn -0.650459 0.534419 0.539722
vn -0.665076 0.485837 0.567129
vn -0.580018 0.619756 0.528660
vn -0.626957 0.042003 0.777921
vn -0.592009 -0.019378 0.805698
vn -0.658686 0.144788 0.738356
vn -0.697587 0.372565 0.612019
vn -0.766523 0.284938 0.575546
vn -0.739813 0.448821 0.501235
vn -0.809523 0.332809 0.483643
vn -0.563359 0.675634 0.475547
vn -0.659072 0.595063 0.459917
vn -0.749913 0.515433 0.414681
vn -0.601147 0.798722 0.025808
vn -0.568033 0.821468 0.050289
vn -0.545555 0.832768 0.094172
vn -0.558381 0.819020 0.131972
vn -0.524461 0.849796 0.052791
vn -0.514772 0.846408 0.136395
vn -0.525244 0.829039 0.191866
vn -0.476315 0.877853 0.049979
vn -0.486836 0.868363 0.094537
vn -0.465063 0.874729 0.136259
vn -0.481589 0.855903 0.188418
vn -0.432643 0.897160 0.089016
vn -0.431269 0.883584 0.182444
vn -0.461213 0.857456 0.228149
vn -0.419065 0.906612 0.049398
vn -0.389790 0.915230 0.102067
vn -0.408906 0.899408 0.154471
vn -0.367352 0.928629 0.051975
vn -0.367778 0.920998 0.128460
vn -0.350516 0.918996 0.180511
vn -0.370517 0.904966 0.209172
vn -0.332815 0.942789 0.019549
vn -0.327391 0.940759 0.088249
vn -0.326853 0.933068 0.150173
vn -0.513373 0.823508 0.241418
vn -0.443365 0.852069 0.278218
vn -0.416265 0.846107 0.332907
vn -0.406473 0.883092 0.234368
vn -0.381715 0.882699 0.274110
vn -0.398283 0.846484 0.353321
vn -0.418071 0.836039 0.355324
vn -0.472400 0.805511 0.357756
vn -0.482815 0.844601 0.231383
vn -0.364171 0.891985 0.267849
vn -0.448089 0.889419 0.090280
vn -0.595125 -0.045969 0.802317
vn -0.719200 0.100380 0.687514
vn -0.712512 -0.024541 0.701231
vn -0.781555 -0.171325 0.599850
vn -0.783364 0.122102 0.609452
vn -0.842273 -0.025014 0.538471
vn -0.858032 -0.173901 0.483260
vn -0.861982 0.156918 0.482041
vn -0.923070 0.001550 0.384628
vn -0.931720 -0.145078 0.332942
vn -0.939662 -0.186531 0.286777
vn -0.855485 0.377837 0.354098
vn -0.913182 0.233374 0.334118
vn -0.965096 0.072148 0.251761
vn -0.973572 -0.038539 0.225103
vn -0.952572 -0.108323 0.284381
vn -0.642575 0.663924 0.382496
vn -0.741097 0.594202 0.312569
vn -0.856329 0.455178 0.243955
vn -0.944797 0.288990 0.154412
vn -0.977117 0.162397 0.137366
vn -0.986331 0.072446 0.147995
vn -0.983243 0.027524 0.180209
vn -0.953065 -0.027372 0.301527
vn -0.616845 0.722534 0.312164
vn -0.757649 0.629444 0.172535
vn -0.853801 0.518718 0.044228
vn -0.936280 0.348855 0.040988
vn -0.963402 0.263442 0.049553
vn -0.976284 0.197887 0.087804
vn -0.977427 0.150489 0.148287
vn -0.956892 0.119243 0.264837
vn -0.550735 0.781986 0.291872
vn -0.898023 0.437377 -0.047503
vn -0.922806 0.385174 -0.008414
vn -0.938195 0.342747 0.048110
vn -0.942559 0.310040 0.124330
vn -0.932269 0.268716 0.242212
vn -0.602044 -0.129832 0.787837
vn -0.593261 -0.229386 0.771637
vn -0.676161 -0.140401 0.723252
vn -0.720787 -0.291993 0.628654
vn -0.730680 -0.433350 0.527555
vn -0.821598 -0.304152 0.482150
vn -0.789497 -0.419816 0.447716
vn -0.774145 -0.452674 0.442477
vn -0.875791 -0.282442 0.391429
vn -0.850878 -0.338299 0.401946
vn -0.903234 -0.213660 0.372180
vn -0.668625 0.724152 0.168950
vn -0.700719 0.711979 -0.045593
vn -0.802228 0.596273 -0.029812
vn -0.599217 0.791345 0.121292
vn -0.812049 0.571347 -0.118907
vn -0.836592 0.537766 -0.104509
vn -0.864318 0.500436 -0.050186
vn -0.885235 0.464619 0.022113
vn -0.896401 0.427361 0.117593
vn -0.916667 0.326233 0.230855
vn -0.577700 -0.338848 0.742593
vn -0.566101 -0.459639 0.684297
vn -0.650361 -0.395467 0.648565
vn -0.649483 -0.512701 0.561524
vn -0.624311 -0.599075 0.501344
vn -0.710488 -0.516040 0.478445
vn -0.574691 0.818345 0.006422
vn -0.634127 0.764897 -0.113207
vn -0.492664 -0.554995 0.670271
vn -0.474856 -0.669513 0.571196
vn -0.564526 -0.596364 0.570667
vn -0.371638 -0.705668 0.603256
vn -0.279813 -0.746813 0.603304
vn -0.237549 -0.742137 0.626740
vn -0.804228 -0.358071 0.474344
vn -0.856342 -0.232471 0.461125
vn -0.918190 -0.062318 0.391208
vn -0.878839 -0.101243 0.466254
vn -0.931654 0.099783 0.349377
vn -0.898680 0.057896 0.434768
vn -0.922026 0.260765 0.286128
vn -0.891366 0.218012 0.397413
vn -0.675003 -0.534309 0.508806
vn -0.722163 -0.441958 0.532123
vn -0.689582 -0.427356 0.584674
vn -0.787812 -0.285971 0.545503
vn -0.739008 -0.319292 0.593228
vn -0.832653 -0.140258 0.535739
vn -0.756730 -0.159383 0.634001
vn -0.853580 0.021939 0.520500
vn -0.770938 -0.029987 0.636203
vn -0.846469 0.186305 0.498779
vn -0.785248 0.141383 0.602824
vn -0.524427 -0.656512 0.542189
vn -0.576399 -0.595634 0.559450
vn -0.528995 -0.583960 0.615756
vn -0.606820 -0.507919 0.611381
vn -0.555115 -0.478004 0.680705
vn -0.640570 -0.380650 0.666915
vn -0.681623 -0.255817 0.685528
vn -0.629479 -0.190217 0.753375
vn -0.652176 -0.068522 0.754965
vn -0.674783 0.109340 0.729871
vn -0.406192 -0.726746 0.553939
vn -0.400210 -0.689679 0.603468
vn -0.446770 -0.637016 0.628178
vn -0.384670 -0.618302 0.685370
vn -0.474990 -0.543294 0.692255
vn -0.500371 -0.415909 0.759374
vn -0.554465 -0.293287 0.778814
vn -0.495670 -0.085670 0.864275
vn -0.512612 0.089241 0.853970
vn -0.258606 -0.770001 0.583285
vn -0.336551 -0.753245 0.565115
vn -0.285119 -0.716592 0.636555
vn -0.298633 -0.645617 0.702849
vn -0.314655 -0.550691 0.773131
vn -0.383274 -0.472368 0.793706
vn -0.402599 -0.335614 0.851632
vn -0.318853 -0.257338 0.912201
vn -0.456310 -0.231981 0.859049
vn -0.340824 -0.123422 0.931990
vn -0.337147 0.060236 0.939523
vn -0.165527 -0.787916 0.593119
vn -0.157470 -0.794119 0.587007
vn -0.171419 -0.738323 0.652300
vn -0.183949 -0.659940 0.728452
vn -0.191920 -0.567185 0.800917
vn -0.192807 -0.432753 0.880653
vn -0.304127 -0.393868 0.867396
vn -0.204860 -0.282001 0.937287
vn -0.208235 -0.128681 0.969577
vn -0.221610 0.047111 0.973997
vn -0.056886 -0.793965 0.605296
vn -0.055274 -0.762347 0.644804
vn -0.061180 -0.703304 0.708252
vn -0.063742 -0.609207 0.790445
vn -0.064553 -0.449015 0.891189
vn -0.067045 -0.280865 0.957403
vn -0.074740 -0.138800 0.987496
vn -0.077824 0.041370 0.996108
vn -0.305001 0.944470 0.122277
vn -0.287615 0.938371 0.191670
vn -0.294051 0.954567 0.048329
vn -0.280842 0.956522 0.078703
vn -0.251857 0.962766 0.098237
vn -0.268452 0.950915 0.153933
vn -0.223371 0.973629 0.046379
vn -0.224607 0.966711 0.122561
vn -0.226492 0.953846 0.197177
vn -0.185319 0.979360 0.080690
vn -0.217081 0.963666 0.155643
vn -0.175223 0.969557 0.171043
vn -0.174185 0.983628 0.046208
vn -0.173548 0.977838 0.117108
vn -0.139114 0.970916 0.194857
vn -0.137244 0.989316 0.049180
vn -0.136439 0.986480 0.090782
vn -0.132194 0.981983 0.135033
vn -0.098432 0.993956 0.048616
vn -0.098441 0.990746 0.093447
vn -0.078187 0.987237 0.138744
vn -0.097229 0.975536 0.197170
vn -0.061114 0.996923 0.049079
vn -0.061063 0.993817 0.092733
vn -0.056658 0.980475 0.188305
vn -0.022799 0.998641 0.046868
vn -0.020502 0.995442 0.093140
vn -0.023882 0.989992 0.139091
vn -0.022285 0.982046 0.187319
vn -0.343927 0.889803 0.299940
vn -0.358002 0.859279 0.365341
vn -0.327258 0.914395 0.238295
vn -0.313295 0.886415 0.340756
vn -0.346978 0.863425 0.366202
vn -0.275007 0.931787 0.236948
vn -0.289631 0.907782 0.303389
vn -0.285882 0.896337 0.338897
vn -0.238095 0.935338 0.261635
vn -0.248565 0.912799 0.324058
vn -0.245229 0.915202 0.319792
vn -0.276628 0.939928 0.200030
vn -0.352650 0.935755 -0.000890
vn -0.195863 0.937388 0.287996
vn -0.220949 0.938155 0.266545
vn -0.189708 0.955115 0.227523
vn -0.242229 0.962223 0.124308
vn -0.291190 0.952878 -0.085038
vn -0.152878 0.943487 0.294043
vn -0.189681 0.940708 0.281230
vn -0.145932 0.957609 0.248373
vn -0.296508 0.952242 0.072923
vn -0.323330 0.940645 -0.103173
vn -0.112170 0.948666 0.295719
vn -0.146398 0.955763 0.255116
vn -0.229439 0.968374 0.098031
vn -0.283455 0.941262 -0.183517
vn -0.102102 0.961786 0.254054
vn -0.075136 0.954263 0.289374
vn -0.062830 0.979330 0.192262
vn -0.128701 0.990979 0.037362
vn -0.146821 0.972167 -0.182576
vn -0.060981 0.968170 0.242751
vn -0.063005 0.955320 0.288779
vn -0.015966 0.962498 0.270819
vn -0.039805 0.999155 0.010224
vn -0.047786 0.980642 -0.189887
vn -0.018457 0.972544 0.231985
vn -0.025709 0.960980 0.275420
vn -0.719310 0.676374 -0.158466
vn -0.774705 0.614682 -0.148314
vn -0.796614 0.598294 -0.086321
vn -0.836974 0.547241 0.001236
vn -0.856097 0.509598 0.086071
vn -0.861284 0.479430 0.168333
vn -0.756209 0.652221 -0.052497
vn -0.788488 0.611494 0.066037
vn -0.542680 0.833604 -0.102968
vn -0.610695 0.762698 -0.212940
vn -0.677628 0.702457 -0.217657
vn -0.706278 0.688079 -0.166491
vn -0.812256 0.540296 0.219820
vn -0.591652 0.764808 -0.254983
vn -0.622696 0.755436 -0.203877
vn -0.671728 0.728429 -0.134803
vn -0.670902 0.739114 -0.060006
vn -0.710408 0.703316 0.025830
vn -0.742589 0.659716 0.115485
vn -0.618480 0.785528 -0.020688
vn -0.616715 0.784473 0.065301
vn -0.443201 0.879644 -0.172622
vn -0.471426 0.838547 -0.273124
vn -0.501320 0.810290 -0.303494
vn -0.510324 0.815269 -0.273689
vn -0.560672 0.801729 -0.207069
vn -0.581132 0.801982 -0.138239
vn -0.676016 0.714832 0.178934
vn -0.461022 0.855119 -0.237129
vn -0.488873 0.857192 -0.161941
vn -0.525643 0.845049 -0.097936
vn -0.528975 0.848465 -0.017103
vn -0.345196 0.908720 -0.234665
vn -0.380312 0.871538 -0.309490
vn -0.393220 0.860963 -0.322679
vn -0.354461 0.885816 -0.299479
vn -0.388942 0.897495 -0.207909
vn -0.428158 0.896402 -0.114650
vn -0.475128 0.879473 -0.027950
vn -0.494340 0.867977 0.047380
vn -0.369799 0.927335 -0.057422
vn -0.387855 0.921267 0.028910
vn -0.271226 0.906139 -0.324574
vn -0.247649 0.906164 -0.342838
vn -0.263765 0.924520 -0.275120
vn -0.334390 0.926289 -0.173702
vn -0.239555 0.948910 -0.205385
vn -0.268477 0.955732 -0.120398
vn -0.258393 0.964664 -0.051541
vn -0.272819 0.961930 0.016108
vn -0.148963 0.932493 -0.329039
vn -0.150485 0.922761 -0.354777
vn -0.158504 0.942751 -0.293422
vn -0.146277 0.968045 -0.203696
vn -0.157018 0.980028 -0.122026
vn -0.162372 0.984570 -0.065249
vn -0.169359 0.985524 0.007779
vn -0.048791 0.943800 -0.326896
vn -0.053553 0.933277 -0.355143
vn -0.049363 0.959063 -0.278859
vn -0.053683 0.986761 -0.153038
vn -0.055722 0.995817 -0.072409
vn -0.059038 0.998247 0.004282
vn -0.881169 0.404122 0.245410
vn -0.855918 0.386301 0.343767
vn -0.804696 0.379045 0.456935
vn -0.767811 0.292994 0.569755
vn -0.758901 0.609684 0.228812
vn -0.765953 0.558319 0.318742
vn -0.756335 0.523733 0.391996
vn -0.731382 0.461480 0.502111
vn -0.709480 0.358614 0.606658
vn -0.668085 0.262107 0.696392
vn -0.682445 0.671308 0.289162
vn -0.679647 0.600592 0.421152
vn -0.666973 0.522572 0.531098
vn -0.584328 0.795660 0.159643
vn -0.593314 0.763112 0.256200
vn -0.600270 0.723893 0.340081
vn -0.634427 0.437753 0.637082
vn -0.589344 0.335380 0.734979
vn -0.513378 0.233678 0.825735
vn -0.598876 0.661488 0.451422
vn -0.577845 0.589530 0.564402
vn -0.541797 0.503373 0.673106
vn -0.507791 0.852213 0.126021
vn -0.494702 0.833809 0.245014
vn -0.518997 0.768162 0.374926
vn -0.495817 0.731167 0.468573
vn -0.405096 0.904018 0.136557
vn -0.488580 0.414709 0.767663
vn -0.378822 0.276612 0.883165
vn -0.475900 0.652165 0.590084
vn -0.419505 0.570251 0.706279
vn -0.350320 0.448675 0.822172
vn -0.421809 0.864100 0.274607
vn -0.393528 0.841978 0.369064
vn -0.397406 0.767905 0.502385
vn -0.347129 0.712809 0.609430
vn -0.276171 0.957079 0.087914
vn -0.310881 0.930179 0.195244
vn -0.297712 0.913922 0.275889
vn -0.224857 0.240029 0.944365
vn -0.239592 0.626993 0.741266
vn -0.224705 0.456698 0.860776
vn -0.298906 0.866983 0.398742
vn -0.240609 0.836685 0.492002
vn -0.230924 0.750596 0.619096
vn -0.174754 0.980466 0.090260
vn -0.178554 0.968207 0.175195
vn -0.198522 0.936591 0.288767
vn -0.165489 0.901557 0.399760
vn -0.077206 0.244259 0.966632
vn -0.080537 0.643399 0.761283
vn -0.076808 0.460681 0.884236
vn -0.076757 0.846062 0.527530
vn -0.080044 0.770284 0.632657
vn -0.060950 0.994290 0.087592
vn -0.062806 0.982799 0.173671
vn -0.061370 0.963587 0.260255
vn -0.060439 0.914398 0.400280
vn 0.024927 -0.870019 -0.492388
vn 0.074268 -0.881385 -0.466524
vn 0.122568 -0.864087 -0.488191
vn 0.172239 -0.862553 -0.475748
vn 0.022570 -0.982374 -0.185556
vn 0.032940 -0.947560 -0.317876
vn 0.019092 -0.960602 -0.277273
vn 0.018485 -0.972119 -0.233758
vn 0.022137 -0.908049 -0.418278
vn 0.022565 -0.930929 -0.364502
vn 0.056100 -0.980778 -0.186887
vn 0.062678 -0.959718 -0.273883
vn 0.060890 -0.970474 -0.233394
vn 0.072343 -0.910299 -0.407581
vn 0.068949 -0.932504 -0.354517
vn 0.097689 -0.975554 -0.196856
vn 0.104516 -0.943846 -0.313417
vn 0.101956 -0.962065 -0.253052
vn 0.113937 -0.919630 -0.375898
vn 0.117732 -0.895130 -0.429978
vn 0.139109 -0.970917 -0.194857
vn 0.150217 -0.939037 -0.309265
vn 0.145006 -0.957529 -0.249224
vn 0.155004 -0.911523 -0.380920
vn 0.160232 -0.888269 -0.430469
vn 0.194138 -0.938191 -0.286544
vn 0.189748 -0.955218 -0.227057
vn 0.209265 -0.893967 -0.396272
vn 0.199466 -0.915051 -0.350563
vn 0.223139 -0.852683 -0.472377
vn 0.238558 -0.935001 -0.262419
vn 0.226492 -0.953846 -0.197177
vn 0.246643 -0.909239 -0.335339
vn 0.270319 -0.852515 -0.447377
vn 0.266020 -0.888048 -0.374973
vn 0.274955 -0.931775 -0.237057
vn 0.288186 -0.907568 -0.305400
vn 0.309744 -0.863010 -0.399089
vn 0.327729 -0.879461 -0.345168
vn 0.287616 -0.938371 -0.191669
vn 0.344441 -0.889620 -0.299894
vn 0.327157 -0.914411 -0.238370
vn 0.364485 -0.838005 -0.406076
vn 0.021979 -0.989959 -0.139632
vn 0.022361 -0.995549 -0.091556
vn 0.021392 -0.998743 -0.045320
vn 0.020895 -0.999780 0.001553
vn 0.077844 -0.987269 -0.138707
vn 0.060764 -0.993807 -0.093035
vn 0.060785 -0.997015 -0.047606
vn 0.059724 -0.998215 -0.000160
vn 0.098435 -0.990748 -0.093430
vn 0.097829 -0.994083 -0.047196
vn 0.096918 -0.995292 0.000000
vn 0.132193 -0.981983 -0.135033
vn 0.136427 -0.986483 -0.090767
vn 0.136516 -0.989465 -0.048193
vn 0.136914 -0.990583 0.000000
vn 0.175222 -0.969558 -0.171043
vn 0.173547 -0.977838 -0.117106
vn 0.185311 -0.979362 -0.080683
vn 0.173165 -0.983818 -0.045996
vn 0.175623 -0.984457 0.000072
vn 0.217079 -0.963666 -0.155642
vn 0.224608 -0.966711 -0.122562
vn 0.222978 -0.973717 -0.046433
vn 0.207189 -0.978301 -0.000137
vn 0.251856 -0.962766 -0.098234
vn 0.278362 -0.960470 0.003411
vn 0.268452 -0.950915 -0.153931
vn 0.280839 -0.956523 -0.078701
vn 0.326853 -0.933068 -0.150173
vn 0.305002 -0.944469 -0.122276
vn 0.327390 -0.940759 -0.088250
vn 0.294187 -0.954496 -0.048902
vn 0.336168 -0.941635 -0.017708
vn 0.350517 -0.918996 -0.180511
vn 0.024457 -0.828931 -0.558817
vn 0.028504 -0.774231 -0.632261
vn 0.032886 -0.701357 -0.712052
vn 0.032794 -0.609667 -0.791979
vn 0.047661 -0.427949 -0.902545
vn 0.029704 -0.523816 -0.851314
vn 0.030038 -0.308466 -0.950761
vn 0.035328 -0.199299 -0.979302
vn 0.035604 -0.070126 -0.996903
vn 0.076804 -0.813562 -0.576384
vn 0.076468 -0.849453 -0.522094
vn 0.082086 -0.769261 -0.633639
vn 0.085288 -0.698506 -0.710504
vn 0.094235 -0.598550 -0.795524
vn 0.100076 -0.496372 -0.862322
vn 0.100120 -0.329250 -0.938920
vn 0.159924 -0.415215 -0.895556
vn 0.100403 -0.197310 -0.975186
vn 0.105006 -0.067665 -0.992167
vn 0.136246 -0.813467 -0.565428
vn 0.133645 -0.758457 -0.637873
vn 0.143652 -0.686234 -0.713055
vn 0.172853 -0.554628 -0.813947
vn 0.147147 -0.627529 -0.764562
vn 0.170295 -0.491502 -0.854064
vn 0.186756 -0.307177 -0.933148
vn 0.151185 -0.187410 -0.970577
vn 0.187400 -0.063019 -0.980260
vn 0.177986 -0.827955 -0.531801
vn 0.202268 -0.728561 -0.654435
vn 0.188108 -0.778056 -0.599369
vn 0.219861 -0.654892 -0.723034
vn 0.214199 -0.592709 -0.776411
vn 0.237181 -0.472430 -0.848855
vn 0.274201 -0.523040 -0.806996
vn 0.252382 -0.375794 -0.891674
vn 0.225021 -0.197064 -0.954218
vn 0.284413 -0.290694 -0.913568
vn 0.230971 -0.795489 -0.560223
vn 0.249039 -0.751873 -0.610464
vn 0.261512 -0.683404 -0.681594
vn 0.283235 -0.587762 -0.757835
vn 0.314192 -0.622875 -0.716457
vn 0.303539 -0.443856 -0.843123
vn 0.343140 -0.336878 -0.876794
vn 0.302232 -0.180073 -0.936071
vn 0.295447 -0.056422 -0.953692
vn 0.382224 -0.067208 -0.921622
vn 0.286009 -0.793253 -0.537539
vn 0.296597 -0.721406 -0.625782
vn 0.338364 -0.655289 -0.675356
vn 0.359251 -0.545440 -0.757254
vn 0.366899 -0.443545 -0.817712
vn 0.370896 -0.203436 -0.906118
vn 0.334735 -0.786285 -0.519335
vn 0.345977 -0.729805 -0.589647
vn 0.379791 -0.668755 -0.639161
vn 0.405768 -0.592300 -0.696084
vn 0.425236 -0.476395 -0.769560
vn 0.415655 -0.318959 -0.851760
vn 0.433995 -0.199958 -0.878445
vn 0.434903 -0.065253 -0.898110
vn 0.488606 -0.071538 -0.869567
vn 0.374905 -0.794000 -0.478549
vn 0.388675 -0.717687 -0.577804
vn 0.405017 -0.750428 -0.522321
vn 0.428039 -0.666657 -0.610205
vn 0.453713 -0.576903 -0.679210
vn 0.460002 -0.416351 -0.784251
vn 0.482201 -0.482217 -0.731402
vn 0.473487 -0.342241 -0.811592
vn 0.539555 -0.341622 -0.769529
vn 0.524812 -0.229748 -0.819627
vn 0.324932 -0.828857 -0.455429
vn 0.381705 -0.882702 -0.274115
vn 0.370518 -0.904966 -0.209173
vn 0.401800 -0.833710 -0.378793
vn 0.406473 -0.883092 -0.234368
vn 0.413491 -0.848468 -0.330345
vn 0.443365 -0.852069 -0.278218
vn 0.461212 -0.857456 -0.228150
vn 0.499398 -0.818345 -0.284450
vn 0.513373 -0.823508 -0.241420
vn 0.367775 -0.920999 -0.128460
vn 0.365675 -0.929193 -0.053692
vn 0.389789 -0.915230 -0.102067
vn 0.402963 -0.915073 -0.016205
vn 0.431269 -0.883584 -0.182444
vn 0.408905 -0.899408 -0.154471
vn 0.432644 -0.897159 -0.089016
vn 0.420908 -0.905605 -0.052118
vn 0.465064 -0.874728 -0.136259
vn 0.476813 -0.877636 -0.049042
vn 0.471281 -0.881967 -0.005234
vn 0.481589 -0.855904 -0.188418
vn 0.486836 -0.868362 -0.094538
vn 0.525244 -0.829039 -0.191867
vn 0.514773 -0.846407 -0.136397
vn 0.545554 -0.832768 -0.094172
vn 0.523287 -0.850461 -0.053736
vn 0.540890 -0.840935 -0.016314
vn 0.575273 -0.797558 -0.181557
vn 0.558381 -0.819020 -0.131974
vn 0.568818 -0.820758 -0.052929
vn 0.614202 -0.788713 -0.026232
vn 0.441859 -0.707518 -0.551524
vn 0.484605 -0.624007 -0.613004
vn 0.480351 -0.690675 -0.540583
vn 0.532357 -0.534231 -0.656653
vn 0.530573 -0.455281 -0.714991
vn 0.575587 -0.391997 -0.717661
vn 0.560375 -0.175710 -0.809386
vn 0.555357 -0.060349 -0.829419
vn 0.626762 -0.064991 -0.776496
vn 0.532127 -0.627543 -0.568358
vn 0.566992 -0.556516 -0.607297
vn 0.598718 -0.451651 -0.661474
vn 0.602530 -0.313264 -0.734046
vn 0.624370 -0.392746 -0.675213
vn 0.616055 -0.194940 -0.763200
vn 0.672283 -0.190945 -0.715245
vn 0.678369 -0.067251 -0.731637
vn 0.576857 -0.622548 -0.528838
vn 0.605253 -0.533392 -0.590899
vn 0.650834 -0.445599 -0.614701
vn 0.653173 -0.315511 -0.688344
vn 0.694865 -0.344170 -0.631434
vn 0.723188 -0.188396 -0.664459
vn 0.729454 -0.065901 -0.680848
vn 0.642700 -0.537131 -0.546285
vn 0.698526 -0.455958 -0.551510
vn 0.706630 -0.266290 -0.655563
vn 0.770342 -0.192269 -0.607953
vn 0.773533 -0.062615 -0.630655
vn 0.751106 -0.265367 -0.604499
vn 0.422566 -0.788889 -0.446197
vn 0.457138 -0.811585 -0.363805
vn 0.453164 -0.751204 -0.479933
vn 0.470373 -0.779707 -0.413287
vn 0.473000 -0.818756 -0.325438
vn 0.514441 -0.695147 -0.502117
vn 0.501162 -0.742811 -0.443924
vn 0.509680 -0.771856 -0.380085
vn 0.538557 -0.777463 -0.324820
vn 0.564307 -0.684337 -0.461780
vn 0.549686 -0.723774 -0.417129
vn 0.567230 -0.740448 -0.360537
vn 0.558251 -0.788818 -0.257142
vn 0.597328 -0.696318 -0.397920
vn 0.601043 -0.740129 -0.301592
vn 0.621095 -0.612284 -0.489233
vn 0.629273 -0.645518 -0.432807
vn 0.675649 -0.558264 -0.481497
vn 0.746094 -0.344823 -0.569597
vn 0.599601 -0.764830 -0.235613
vn 0.630619 -0.685393 -0.364083
vn 0.661555 -0.684001 -0.307388
vn 0.636356 -0.728575 -0.253435
vn 0.664805 -0.622714 -0.412626
vn 0.681451 -0.636792 -0.360723
vn 0.704827 -0.536144 -0.464510
vn 0.710371 -0.576676 -0.403507
vn 0.736130 -0.434224 -0.519194
vn 0.765163 -0.439447 -0.470545
vn 0.800225 -0.314300 -0.510741
vn 0.800442 -0.252783 -0.543501
vn 0.822924 -0.057877 -0.565196
vn 0.675447 -0.698122 -0.237480
vn 0.720204 -0.606719 -0.336448
vn 0.713920 -0.645746 -0.270794
vn 0.745115 -0.508893 -0.431082
vn 0.754141 -0.538845 -0.375390
vn 0.779572 -0.388062 -0.491606
vn 0.789638 -0.442434 -0.425117
vn 0.837206 -0.324344 -0.440327
vn 0.818687 -0.170570 -0.548323
vn 0.854097 -0.183104 -0.486817
vn 0.861811 -0.061928 -0.503435
vn 0.754764 -0.578671 -0.308985
vn 0.757325 -0.605603 -0.244343
vn 0.785155 -0.508166 -0.353976
vn 0.818792 -0.495202 -0.290438
vn 0.793380 -0.548301 -0.264411
vn 0.817402 -0.419020 -0.395318
vn 0.829410 -0.433132 -0.352811
vn 0.838667 -0.264734 -0.475976
vn 0.876255 -0.321858 -0.358588
vn 0.884515 -0.178413 -0.431049
vn 0.899148 -0.052326 -0.434506
vn 0.861396 -0.397535 -0.316169
vn 0.872664 -0.412037 -0.262073
vn 0.883085 -0.266330 -0.386301
vn 0.901539 -0.317842 -0.293604
vn 0.907926 -0.185800 -0.375699
vn 0.919917 -0.203919 -0.334917
vn 0.922296 -0.069120 -0.380253
vn 0.943475 -0.057940 -0.326341
vn 0.602277 -0.786806 -0.134908
vn 0.603722 -0.793061 -0.081079
vn 0.638115 -0.745640 -0.191911
vn 0.638678 -0.757162 -0.137102
vn 0.662009 -0.744877 -0.083081
vn 0.675238 -0.716195 -0.176401
vn 0.679126 -0.723784 -0.122167
vn 0.673196 -0.738966 -0.027125
vn 0.715214 -0.668851 -0.202747
vn 0.717902 -0.680274 -0.147797
vn 0.739344 -0.667453 -0.088753
vn 0.712406 -0.699615 -0.054927
vn 0.716695 -0.697385 0.001195
vn 0.755692 -0.629061 -0.182242
vn 0.768850 -0.627292 -0.123994
vn 0.755197 -0.654960 -0.026553
vn 0.790794 -0.577315 -0.203354
vn 0.795964 -0.586350 -0.150449
vn 0.789269 -0.610546 -0.065484
vn 0.815770 -0.578230 -0.013034
vn 0.826347 -0.517690 -0.221694
vn 0.839885 -0.518998 -0.158852
vn 0.829138 -0.550270 -0.098659
vn 0.835518 -0.547216 -0.049640
vn 0.868414 -0.452567 -0.202583
vn 0.925114 -0.278885 -0.257657
vn 0.914637 -0.124210 -0.384722
vn 0.943009 -0.186681 -0.275471
vn 0.961714 -0.063765 -0.266533
vn 0.871773 -0.472338 -0.130033
vn 0.871604 -0.485716 -0.066238
vn 0.867796 -0.496917 0.001773
vn 0.904102 -0.367234 -0.218490
vn 0.901361 -0.400679 -0.164331
vn 0.900867 -0.422247 -0.100726
vn 0.908778 -0.414359 -0.049295
vn 0.898543 -0.438883 0.001517
vn 0.934375 -0.287411 -0.210568
vn 0.938110 -0.306730 -0.160830
vn 0.933980 -0.344031 -0.096564
vn 0.953840 -0.192105 -0.230835
vn 0.958050 -0.210839 -0.194130
vn 0.965772 -0.089897 -0.243317
vn 0.935963 -0.351123 -0.026181
vn 0.961109 -0.248569 -0.120345
vn 0.960620 -0.271584 -0.058757
vn 0.967361 -0.253401 0.000752
vn 0.975663 -0.152893 -0.157183
vn 0.983194 -0.151521 -0.101842
vn 0.985177 -0.160130 -0.061528
vn 0.986952 -0.161014 0.000198
vn 0.975214 -0.043252 -0.216994
vn 0.992231 -0.051048 -0.113455
vn 0.996588 -0.055928 -0.060700
vn 0.998395 -0.056584 0.002334
vn 0.020628 -0.998681 0.047017
vn 0.043942 -0.995189 0.087568
vn 0.022671 -0.992589 0.119390
vn 0.022340 -0.986152 0.164332
vn 0.061829 -0.997010 0.046355
vn 0.079308 -0.987404 0.136905
vn 0.072996 -0.982446 0.171670
vn 0.097390 -0.994116 0.047427
vn 0.096494 -0.990896 0.093887
vn 0.136516 -0.989465 0.048193
vn 0.136445 -0.986484 0.090730
vn 0.130610 -0.982256 0.134586
vn 0.135386 -0.971337 0.195382
vn 0.173244 -0.983808 0.045911
vn 0.185110 -0.979381 0.080912
vn 0.172403 -0.978022 0.117260
vn 0.168501 -0.972679 0.159699
vn 0.218382 -0.963329 0.155907
vn 0.187384 -0.961202 0.202432
vn 0.223455 -0.973520 0.048241
vn 0.224272 -0.966633 0.123784
vn 0.229349 -0.953346 0.196289
vn 0.251509 -0.962779 0.098995
vn 0.281649 -0.958563 0.042779
vn 0.283071 -0.955907 0.078183
vn 0.281365 -0.946773 0.156378
vn 0.287668 -0.938178 0.192533
vn 0.331784 -0.941925 0.051931
vn 0.326704 -0.940955 0.088705
vn 0.302489 -0.945190 0.122948
vn 0.349640 -0.919750 0.178360
vn 0.020670 -0.977875 0.208168
vn 0.021387 -0.967048 0.253696
vn 0.019017 -0.952609 0.303604
vn 0.022018 -0.936462 0.350077
vn 0.023206 -0.907876 0.418595
vn 0.071317 -0.905881 0.417485
vn 0.059823 -0.973587 0.220338
vn 0.061068 -0.960257 0.272353
vn 0.063402 -0.944014 0.323755
vn 0.071294 -0.925557 0.371835
vn 0.087677 -0.878210 0.470170
vn 0.099468 -0.972946 0.208523
vn 0.099787 -0.962915 0.250674
vn 0.108212 -0.943865 0.312105
vn 0.110915 -0.921293 0.372715
vn 0.119161 -0.896592 0.426525
vn 0.144840 -0.955003 0.258824
vn 0.174130 -0.932147 0.317459
vn 0.155547 -0.923493 0.350664
vn 0.157333 -0.902767 0.400322
vn 0.168229 -0.863150 0.476099
vn 0.205543 -0.948408 0.241401
vn 0.193718 -0.938048 0.287297
vn 0.203916 -0.899725 0.385893
vn 0.217466 -0.854820 0.471159
vn 0.249151 -0.928097 0.276695
vn 0.241156 -0.910774 0.335165
vn 0.261777 -0.888200 0.377589
vn 0.265710 -0.854725 0.445918
vn 0.272759 -0.932952 0.234953
vn 0.309608 -0.906344 0.287546
vn 0.297492 -0.894607 0.333430
vn 0.307390 -0.867983 0.390021
vn 0.327674 -0.914782 0.236229
vn 0.349117 -0.878530 0.326040
vn 0.362347 -0.839741 0.404401
vn 0.026298 -0.870077 0.492213
vn 0.315751 -0.842921 0.435644
vn 0.330007 -0.809484 0.485624
vn 0.375031 -0.791661 0.482311
vn 0.437636 -0.751014 0.494422
vn 0.023008 -0.830550 0.556469
vn 0.025279 -0.792091 0.609880
vn 0.029719 -0.740140 0.671795
vn 0.028378 -0.656732 0.753590
vn 0.034375 -0.560850 0.827204
vn 0.030977 -0.485416 0.873734
vn 0.057606 -0.522265 0.850835
vn 0.041184 -0.605321 0.794916
vn 0.062895 -0.696235 0.715053
vn 0.075001 -0.848930 0.523157
vn 0.076163 -0.817027 0.571547
vn 0.081475 -0.773165 0.628950
vn 0.085796 -0.700253 0.708721
vn 0.093199 -0.600217 0.794389
vn 0.090434 -0.496959 0.863049
vn 0.135050 -0.489365 0.861559
vn 0.162629 -0.590363 0.790584
vn 0.167917 -0.705496 0.688534
vn 0.125297 -0.845370 0.519279
vn 0.128287 -0.799796 0.586403
vn 0.139027 -0.731247 0.667794
vn 0.146030 -0.650344 0.745472
vn 0.168790 -0.553828 0.815343
vn 0.155842 -0.479576 0.863551
vn 0.202291 -0.436520 0.876658
vn 0.213604 -0.460224 0.861724
vn 0.245169 -0.560686 0.790900
vn 0.263799 -0.673472 0.690540
vn 0.175398 -0.810484 0.558885
vn 0.186380 -0.753939 0.629951
vn 0.193795 -0.703827 0.683425
vn 0.217392 -0.654165 0.724437
vn 0.215193 -0.588829 0.779084
vn 0.270678 -0.522392 0.808604
vn 0.231798 -0.485295 0.843065
vn 0.252335 -0.416823 0.873262
vn 0.285078 -0.425467 0.858900
vn 0.335257 -0.517525 0.787255
vn 0.348520 -0.634523 0.689866
vn 0.226224 -0.796987 0.560031
vn 0.239665 -0.738171 0.630606
vn 0.305748 -0.694228 0.651587
vn 0.255052 -0.681710 0.685726
vn 0.316293 -0.622239 0.716085
vn 0.279517 -0.590683 0.756944
vn 0.317581 -0.427142 0.846576
vn 0.348962 -0.392112 0.851160
vn 0.420831 -0.450432 0.787409
vn 0.271766 -0.807603 0.523374
vn 0.329905 -0.776176 0.537321
vn 0.292913 -0.753639 0.588414
vn 0.333070 -0.556536 0.761139
vn 0.373865 -0.470915 0.799040
vn 0.379486 -0.372274 0.846996
vn 0.423107 -0.321930 0.846960
vn 0.527419 -0.377435 0.761165
vn 0.356216 -0.719918 0.595675
vn 0.366517 -0.663186 0.652572
vn 0.398402 -0.592986 0.699745
vn 0.396391 -0.531609 0.748509
vn 0.426261 -0.335189 0.840208
vn 0.491736 -0.230532 0.839673
vn 0.443545 -0.256810 0.858672
vn 0.507838 -0.216840 0.833715
vn 0.392230 -0.739247 0.547421
vn 0.424320 -0.665768 0.613763
vn 0.446726 -0.574900 0.685511
vn 0.456164 -0.454139 0.765293
vn 0.481589 -0.350179 0.803397
vn 0.541913 -0.278036 0.793112
vn 0.533186 -0.119710 0.837486
vn 0.054344 -0.782614 0.620131
vn 0.159735 -0.779208 0.606069
vn 0.365405 -0.930721 0.015442
vn 0.342370 -0.929738 0.135538
vn 0.395031 -0.909623 0.128594
vn 0.370725 -0.904823 0.209423
vn 0.379137 -0.923711 0.054887
vn 0.378478 -0.921062 0.091647
vn 0.424899 -0.904867 0.025997
vn 0.440414 -0.896019 0.056438
vn 0.434488 -0.896142 0.090273
vn 0.408681 -0.899022 0.157286
vn 0.436096 -0.881000 0.183466
vn 0.464952 -0.856980 0.222272
vn 0.462631 -0.876166 0.135299
vn 0.499974 -0.848430 0.173761
vn 0.510601 -0.859635 0.017740
vn 0.489169 -0.870632 0.052084
vn 0.486550 -0.868556 0.094235
vn 0.529248 -0.846695 0.054811
vn 0.545899 -0.832670 0.093029
vn 0.513438 -0.847743 0.133094
vn 0.550066 -0.812917 0.191294
vn 0.586519 -0.809728 0.018296
vn 0.582295 -0.810756 0.060058
vn 0.561796 -0.816069 0.135708
vn 0.378519 -0.883802 0.274987
vn 0.416377 -0.847321 0.329662
vn 0.400612 -0.833628 0.380229
vn 0.406612 -0.882830 0.235113
vn 0.439326 -0.853890 0.279040
vn 0.495005 -0.820737 0.285237
vn 0.516258 -0.820903 0.244122
vn 0.580108 -0.781165 0.230771
vn 0.605163 -0.788511 0.109673
vn 0.601737 -0.780928 0.167527
vn 0.662419 -0.748793 0.022588
vn 0.632980 -0.771878 0.059498
vn 0.663983 -0.743036 0.083815
vn 0.640953 -0.754703 0.140012
vn 0.637819 -0.744784 0.196171
vn 0.691292 -0.713012 0.117175
vn 0.675775 -0.715325 0.177872
vn 0.669701 -0.702881 0.239708
vn 0.710270 -0.648751 0.273200
vn 0.710242 -0.701712 0.056184
vn 0.717725 -0.679650 0.151485
vn 0.713962 -0.669878 0.203768
vn 0.766945 -0.630106 0.121495
vn 0.756208 -0.627846 0.184281
vn 0.751472 -0.610315 0.250610
vn 0.811406 -0.522496 0.261950
vn 0.755304 -0.654829 0.026752
vn 0.749945 -0.656341 0.082458
vn 0.822718 -0.567465 0.033448
vn 0.792306 -0.606473 0.066653
vn 0.795649 -0.585977 0.153535
vn 0.792748 -0.572651 0.208856
vn 0.829140 -0.550490 0.097404
vn 0.827014 -0.544284 0.140723
vn 0.838764 -0.508402 0.194942
vn 0.867707 -0.449554 0.212100
vn 0.882101 -0.392755 0.260078
vn 0.456539 -0.811515 0.364712
vn 0.427025 -0.785265 0.448341
vn 0.479931 -0.692255 0.538933
vn 0.472168 -0.819143 0.325672
vn 0.464901 -0.781751 0.415611
vn 0.534079 -0.729710 0.426947
vn 0.493440 -0.735782 0.463834
vn 0.523905 -0.688810 0.501062
vn 0.538322 -0.776336 0.327890
vn 0.508423 -0.772981 0.379482
vn 0.567066 -0.739506 0.362721
vn 0.572021 -0.678058 0.461551
vn 0.574862 -0.623553 0.529826
vn 0.642186 -0.534441 0.549519
vn 0.554338 -0.784680 0.277465
vn 0.602425 -0.738394 0.303081
vn 0.592855 -0.698905 0.400068
vn 0.622201 -0.648807 0.438081
vn 0.620108 -0.611784 0.491107
vn 0.688671 -0.557670 0.463397
vn 0.684743 -0.527799 0.502549
vn 0.714617 -0.429553 0.552094
vn 0.719792 -0.337712 0.606506
vn 0.616224 -0.744472 0.256961
vn 0.660713 -0.684112 0.308948
vn 0.628793 -0.686228 0.365664
vn 0.676532 -0.640499 0.363408
vn 0.659852 -0.627727 0.412983
vn 0.707739 -0.578768 0.405134
vn 0.739998 -0.445448 0.503964
vn 0.763636 -0.326819 0.556821
vn 0.801391 -0.255418 0.540865
vn 0.765831 -0.189706 0.614422
vn 0.714964 -0.610601 0.340578
vn 0.749143 -0.542846 0.379609
vn 0.741388 -0.506886 0.439784
vn 0.787981 -0.444303 0.426240
vn 0.763342 -0.422409 0.488753
vn 0.800058 -0.320293 0.507267
vn 0.852642 -0.184233 0.488937
vn 0.816583 -0.173929 0.550401
vn 0.863155 -0.064350 0.500822
vn 0.823215 -0.060239 0.564525
vn 0.752715 -0.580875 0.309847
vn 0.810332 -0.491613 0.318871
vn 0.779234 -0.514199 0.358321
vn 0.819265 -0.427198 0.382500
vn 0.815656 -0.368669 0.445856
vn 0.848477 -0.305716 0.432000
vn 0.837256 -0.271621 0.474578
vn 0.891032 -0.183288 0.415292
vn 0.907359 -0.084689 0.411737
vn 0.895955 -0.048382 0.441502
vn 0.833448 -0.477264 0.278539
vn 0.861103 -0.401700 0.311671
vn 0.857493 -0.370339 0.357147
vn 0.897702 -0.308590 0.314488
vn 0.882941 -0.281202 0.375954
vn 0.918067 -0.180570 0.352914
vn 0.943632 -0.055331 0.326339
vn 0.439459 -0.705964 0.555420
vn 0.483510 -0.621618 0.616287
vn 0.493857 -0.532083 0.687745
vn 0.548131 -0.458441 0.699560
vn 0.511684 -0.436408 0.740086
vn 0.562157 -0.356982 0.746018
vn 0.556245 -0.191484 0.808657
vn 0.628115 -0.072458 0.774739
vn 0.571374 -0.084002 0.816379
vn 0.527917 -0.627102 0.572754
vn 0.590388 -0.544116 0.596137
vn 0.546756 -0.538848 0.640860
vn 0.608380 -0.450457 0.653423
vn 0.624223 -0.349971 0.698474
vn 0.607224 -0.282152 0.742744
vn 0.614238 -0.199904 0.763380
vn 0.676796 -0.067465 0.733073
vn 0.658089 -0.447018 0.605883
vn 0.676685 -0.345077 0.650399
vn 0.661409 -0.272953 0.698594
vn 0.669796 -0.194791 0.716540
vn 0.727220 -0.064705 0.683348
vn 0.710003 -0.264659 0.652573
vn 0.719674 -0.189034 0.668083
vn 0.773080 -0.063306 0.631141
vn 0.751075 -0.266789 0.603912
vn 0.869488 -0.489267 0.067894
vn 0.869969 -0.474526 0.134083
vn 0.906601 -0.417040 0.064434
vn 0.903596 -0.411491 0.119118
vn 0.900845 -0.398718 0.171761
vn 0.903278 -0.372376 0.213131
vn 0.931843 -0.348825 0.099946
vn 0.937115 -0.303839 0.171746
vn 0.927617 -0.286186 0.240052
vn 0.952522 -0.243529 0.182746
vn 0.956694 -0.193372 0.217589
vn 0.945477 -0.177392 0.273141
vn 0.965476 -0.086964 0.245547
vn 0.961122 -0.063520 0.268719
vn 0.933514 -0.357397 0.028610
vn 0.959850 -0.274035 0.059940
vn 0.958514 -0.257211 0.122852
vn 0.985203 -0.159219 0.063438
vn 0.983254 -0.151233 0.101686
vn 0.974333 -0.158208 0.160140
vn 0.996444 -0.054428 0.064313
vn 0.991883 -0.049819 0.116987
vn 0.974232 -0.045717 0.220865
vn 0.918593 -0.252887 0.303702
vn 0.935825 -0.142403 0.322416
vn 0.035604 0.070127 -0.996903
vn 0.035328 0.199298 -0.979302
vn 0.030103 0.308233 -0.950834
vn 0.046681 0.429029 -0.902084
vn 0.028851 0.540930 -0.840572
vn 0.034881 0.566788 -0.823125
vn 0.044093 0.462779 -0.885376
vn 0.054151 0.248193 -0.967196
vn 0.062287 0.014551 -0.997952
vn 0.104537 0.067113 -0.992254
vn 0.100017 0.197857 -0.975115
vn 0.100762 0.329626 -0.938719
vn 0.161662 0.416470 -0.894661
vn 0.103742 0.488581 -0.866329
vn 0.100954 0.567239 -0.817343
vn 0.106048 0.577005 -0.809826
vn 0.128936 0.485278 -0.864801
vn 0.165330 0.271575 -0.948110
vn 0.187316 0.025199 -0.981976
vn 0.183532 0.064144 -0.980919
vn 0.152379 0.187522 -0.970369
vn 0.186972 0.309155 -0.932451
vn 0.172080 0.488284 -0.855551
vn 0.174499 0.549582 -0.817013
vn 0.169664 0.591734 -0.788077
vn 0.212930 0.521454 -0.826285
vn 0.290182 0.331419 -0.897750
vn 0.376213 0.244000 -0.893827
vn 0.327828 0.034685 -0.944100
vn 0.413233 0.078016 -0.907277
vn 0.251894 0.229924 -0.940045
vn 0.260934 0.373116 -0.890336
vn 0.238019 0.470932 -0.849453
vn 0.273756 0.522379 -0.807576
vn 0.224044 0.578814 -0.784078
vn 0.261204 0.576207 -0.774440
vn 0.312321 0.488564 -0.814715
vn 0.355479 0.323440 -0.876938
vn 0.294578 0.057006 -0.953926
vn 0.380394 0.066551 -0.922427
vn 0.298109 0.189578 -0.935516
vn 0.350055 0.345997 -0.870487
vn 0.307339 0.439621 -0.843964
vn 0.283965 0.581647 -0.762267
vn 0.325440 0.606928 -0.725071
vn 0.295504 0.603769 -0.740365
vn 0.321809 0.537806 -0.779233
vn 0.422547 0.433808 -0.795780
vn 0.525321 0.369718 -0.766385
vn 0.519513 0.130694 -0.844408
vn 0.599400 0.163938 -0.783482
vn 0.369377 0.201567 -0.907156
vn 0.400397 0.396479 -0.826127
vn 0.356867 0.476589 -0.803436
vn 0.359216 0.547593 -0.755715
vn 0.360282 0.608436 -0.707109
vn 0.423090 0.572811 -0.702056
vn 0.505153 0.453315 -0.734388
vn 0.634841 0.264254 -0.726048
vn 0.707706 0.227927 -0.668731
vn 0.434614 0.065093 -0.898261
vn 0.487143 0.069197 -0.870577
vn 0.435217 0.198518 -0.878167
vn 0.415771 0.294244 -0.860555
vn 0.464996 0.351891 -0.812374
vn 0.420905 0.476072 -0.772136
vn 0.413978 0.569375 -0.710236
vn 0.400676 0.620534 -0.674089
vn 0.472922 0.585120 -0.658771
vn 0.559409 0.586970 -0.585258
vn 0.588602 0.458060 -0.666130
vn 0.679105 0.405015 -0.612193
vn 0.520701 0.231048 -0.821880
vn 0.540698 0.344748 -0.767330
vn 0.452182 0.420422 -0.786623
vn 0.485970 0.484063 -0.727679
vn 0.462990 0.580014 -0.670242
vn 0.463014 0.632397 -0.621041
vn 0.487885 0.662506 -0.568378
vn 0.752955 0.414450 -0.511165
vn 0.523344 0.684657 -0.507303
vn 0.603724 0.603766 -0.520561
vn 0.685312 0.565039 -0.459433
vn 0.070115 -0.138169 -0.987924
vn 0.050370 -0.174033 -0.983451
vn 0.054373 -0.185412 -0.981156
vn 0.060141 -0.318492 -0.946016
vn 0.049211 -0.615770 -0.786388
vn 0.055532 -0.491346 -0.869192
vn 0.045109 -0.629327 -0.775830
vn 0.040778 -0.543864 -0.838182
vn 0.213778 -0.130378 -0.968143
vn 0.164673 -0.173381 -0.970990
vn 0.270133 -0.185310 -0.944822
vn 0.176551 -0.187078 -0.966350
vn 0.193461 -0.320354 -0.927333
vn 0.328095 -0.283941 -0.900961
vn 0.144933 -0.623216 -0.768503
vn 0.174647 -0.500316 -0.848046
vn 0.156717 -0.633622 -0.757604
vn 0.130587 -0.555021 -0.821522
vn 0.339977 -0.118723 -0.932910
vn 0.453302 -0.084034 -0.887387
vn 0.350954 -0.178733 -0.919177
vn 0.294679 -0.396342 -0.869527
vn 0.254076 -0.631923 -0.732201
vn 0.286995 -0.527287 -0.799752
vn 0.396305 -0.441783 -0.804842
vn 0.260169 -0.604823 -0.752662
vn 0.417986 -0.146646 -0.896539
vn 0.517490 -0.137402 -0.844585
vn 0.446511 -0.172008 -0.878090
vn 0.437968 -0.285888 -0.852321
vn 0.369251 -0.588582 -0.719184
vn 0.343365 -0.621188 -0.704433
vn 0.354376 -0.556220 -0.751690
vn 0.565389 -0.067012 -0.822098
vn 0.640179 -0.019816 -0.767971
vn 0.622461 -0.117532 -0.773775
vn 0.530579 -0.166549 -0.831112
vn 0.598401 -0.156403 -0.785783
vn 0.537210 -0.283987 -0.794202
vn 0.618946 -0.254430 -0.743082
vn 0.438303 -0.593323 -0.675172
vn 0.522475 -0.478820 -0.705514
vn 0.606777 -0.391632 -0.691698
vn 0.427294 -0.599120 -0.677108
vn 0.503114 -0.601648 -0.620400
vn 0.714898 0.012548 -0.699116
vn 0.806599 0.102497 -0.582144
vn 0.682014 -0.144485 -0.716925
vn 0.731910 -0.095941 -0.674614
vn 0.749416 -0.133272 -0.648548
vn 0.686442 -0.243944 -0.685047
vn 0.750868 -0.220989 -0.622383
vn 0.573369 -0.554133 -0.603477
vn 0.653572 -0.435739 -0.618850
vn 0.768623 -0.363185 -0.526608
vn 0.536326 -0.584626 -0.608742
vn 0.488298 -0.584534 -0.647985
vn 0.788405 -0.057255 -0.612486
vn 0.844290 -0.052931 -0.533266
vn 0.804818 -0.119212 -0.581426
vn 0.862723 -0.152356 -0.482178
vn 0.806948 -0.206250 -0.553440
vn 0.689976 -0.505710 -0.517870
vn 0.848743 -0.327252 -0.415380
vn 0.624085 -0.576976 -0.526894
vn 0.673460 -0.568636 -0.472340
vn 0.808888 -0.479946 -0.339635
vn 0.584571 -0.583730 -0.563504
vn 0.640995 -0.556235 -0.528893
vn 0.868858 -0.369818 -0.329122
vn 0.739634 -0.518196 -0.429435
vn 0.749421 -0.562360 -0.349455
vn 0.671696 -0.575718 -0.466233
vn 0.725192 -0.547476 -0.417572
vn 0.808236 -0.542647 -0.228667
vn 0.867730 0.143643 -0.475827
vn 0.850328 0.221829 -0.477216
vn 0.894053 -0.021645 -0.447439
vn 0.921313 0.090783 -0.378076
vn 0.896232 -0.088636 -0.434641
vn 0.891472 0.372062 0.258549
vn 0.840601 0.506749 0.191300
vn 0.905650 0.257844 0.336623
vn 0.901626 -0.155122 -0.403741
vn 0.922652 0.055640 0.381597
vn 0.892965 0.125553 0.432262
vn 0.892034 -0.239851 -0.383075
vn 0.881253 0.040984 0.470865
vn 0.897675 -0.063073 0.436120
vn 0.867328 -0.036709 0.496381
vn 0.847044 -0.168559 0.504088
vn 0.838457 0.315337 -0.444469
vn 0.825666 0.444872 -0.346936
vn 0.828685 0.492039 -0.266793
vn 0.805689 0.545485 -0.230890
vn 0.925779 -0.041003 -0.375834
vn 0.948516 0.178107 -0.261907
vn 0.947106 0.267496 -0.177303
vn 0.899186 0.415044 -0.138574
vn 0.856756 0.510243 -0.074968
vn 0.764133 0.644290 -0.031499
vn 0.663776 0.746893 -0.039399
vn 0.964496 -0.020349 -0.263313
vn 0.980415 0.038695 -0.193106
vn 0.989573 0.099574 -0.104072
vn 0.983348 0.180713 -0.019237
vn 0.958943 0.277931 0.056407
vn 0.897578 0.418658 0.138128
vn 0.758367 0.646861 0.080313
vn 0.940651 -0.118932 -0.317854
vn 0.989881 -0.027640 -0.139185
vn 0.998779 0.007679 -0.048792
vn 0.997492 0.049741 0.050364
vn 0.984743 0.098922 0.143162
vn 0.955208 0.145084 0.257931
vn 0.974521 -0.101089 -0.200223
vn 0.991224 -0.072703 -0.110409
vn 0.998917 -0.044245 -0.014381
vn 0.995942 -0.013935 0.088917
vn 0.982039 0.016907 0.187921
vn 0.955498 0.045972 0.291393
vn 0.919371 -0.274465 -0.281828
vn 0.963127 -0.216477 -0.159762
vn 0.982868 -0.168420 -0.074867
vn 0.991493 -0.128413 0.021259
vn 0.988539 -0.087203 0.123230
vn 0.973717 -0.049855 0.222238
vn 0.946125 -0.017540 0.323326
vn 0.871356 -0.445901 -0.204720
vn 0.921673 -0.372103 -0.109811
vn 0.946481 -0.321821 -0.024600
vn 0.958547 -0.275630 0.072221
vn 0.964591 -0.208353 0.161722
vn 0.950143 -0.163619 0.265437
vn 0.921819 -0.113271 0.370701
vn 0.913658 -0.350185 0.206398
vn 0.892971 -0.320180 0.316366
vn 0.864537 -0.262824 0.428367
vn 0.795344 -0.277505 0.538906
vn 0.030706 0.931496 0.362453
vn 0.047222 0.991454 0.121609
vn 0.039969 0.999022 0.018913
vn 0.019268 0.999730 0.012980
vn 0.057665 0.533411 0.843888
vn 0.048671 0.767783 0.638859
vn 0.059943 0.316936 0.946551
vn 0.059776 0.183233 0.981250
vn 0.062181 0.080644 0.994802
vn 0.108732 0.933153 0.342640
vn 0.061976 0.997999 0.012566
vn 0.176689 0.542389 0.821338
vn 0.145588 0.772530 0.618063
vn 0.183048 0.316928 0.930618
vn 0.180029 0.178583 0.967315
vn 0.282043 0.060158 0.957514
vn 0.194658 0.085582 0.977131
vn 0.313604 0.796697 0.516649
vn 0.201665 0.920887 0.333615
vn 0.123874 0.987006 0.102341
vn 0.127174 0.991869 0.004721
vn 0.097126 0.995209 0.011193
vn 0.323371 0.584193 0.744412
vn 0.231666 0.775473 0.587344
vn 0.407173 0.194673 0.892363
vn 0.344918 0.313360 0.884781
vn 0.295288 0.174901 0.939263
vn 0.363094 0.073042 0.928885
vn 0.492713 0.660504 0.566541
vn 0.389743 0.808697 0.440579
vn 0.251255 0.946699 0.201573
vn 0.192673 0.979038 0.066038
vn 0.140865 0.989988 0.008976
vn 0.532146 0.422907 0.733464
vn 0.463329 0.523986 0.714678
vn 0.497699 0.236338 0.834530
vn 0.457632 0.331665 0.824968
vn 0.484490 0.138906 0.863698
vn 0.557995 0.001707 0.829843
vn 0.479489 0.049947 0.876125
vn 0.639003 0.524267 0.562867
vn 0.548422 0.695699 0.463935
vn 0.390518 0.887185 0.245760
vn 0.283035 0.954042 0.098460
vn 0.209167 0.977794 0.013002
vn 0.178420 0.983947 0.003941
vn 0.605856 0.351676 0.713627
vn 0.607445 0.181189 0.773422
vn 0.620141 0.091590 0.779125
vn 0.555000 0.115479 0.823796
vn 0.590467 0.766042 0.254024
vn 0.497786 0.856007 0.139502
vn 0.388571 0.917169 0.088393
vn 0.789149 0.364471 0.494373
vn 0.691934 0.565814 0.448421
vn 0.552944 0.780687 0.291170
vn 0.281320 0.959542 0.011725
vn 0.230703 0.972589 -0.029094
vn 0.209123 0.977888 0.001826
vn 0.734870 0.255583 0.628206
vn 0.779721 0.099971 0.618095
vn 0.703207 0.140428 0.696979
vn 0.756069 0.023190 0.654081
vn 0.684477 0.058864 0.726654
vn 0.719951 -0.090453 0.688105
vn 0.646394 -0.047169 0.761544
vn 0.745289 0.640001 0.186928
vn 0.593929 0.789799 0.153185
vn 0.422745 0.905843 0.027105
vn 0.343473 0.937040 -0.063113
vn 0.303039 0.952380 -0.033769
vn 0.284793 0.957561 -0.044380
vn 0.828083 0.398015 0.394795
vn 0.723080 0.596280 0.348720
vn 0.278689 0.960376 0.003067
vn 0.845666 0.162004 0.508531
vn 0.834388 0.069449 0.546785
vn 0.817376 -0.010442 0.576009
vn 0.783568 -0.137260 0.605955
vn 0.572157 0.818160 -0.057019
vn 0.636155 0.770935 0.031103
vn 0.492985 0.869490 -0.030881
vn 0.400164 0.914552 -0.058854
vn 0.321918 0.943890 -0.073758
vn 0.335338 0.941959 -0.016162
vn 0.058011 -0.362002 -0.930371
vn 0.038906 -0.264734 -0.963536
vn 0.045074 -0.193187 -0.980126
vn 0.046283 -0.110963 -0.992746
vn 0.047145 -0.020663 -0.998674
vn 0.046712 0.070839 -0.996393
vn 0.044894 0.156500 -0.986657
vn 0.134528 -0.271902 -0.952875
vn 0.127624 -0.189905 -0.973472
vn 0.133242 -0.107248 -0.985264
vn 0.136738 -0.019635 -0.990413
vn 0.136238 0.069052 -0.988267
vn 0.133280 0.154374 -0.978982
vn 0.210683 -0.265435 -0.940828
vn 0.206268 -0.181129 -0.961585
vn 0.213175 -0.101556 -0.971721
vn 0.215959 -0.017963 -0.976237
vn 0.217441 0.068898 -0.973639
vn 0.208398 0.147169 -0.966908
vn 0.309882 -0.272920 -0.910762
vn 0.283969 -0.182472 -0.941311
vn 0.292242 -0.103991 -0.950674
vn 0.285332 -0.017499 -0.958269
vn 0.292634 0.073181 -0.953420
vn 0.296460 0.185510 -0.936855
vn 0.398515 -0.102476 -0.911419
vn 0.401046 -0.016951 -0.915901
vn 0.399668 0.066711 -0.914230
vn 0.044925 -0.455573 -0.889064
vn 0.142456 -0.470338 -0.870913
vn 0.225049 -0.537476 -0.812695
vn 0.152452 -0.379095 -0.912713
vn 0.258004 -0.459695 -0.849773
vn 0.235851 -0.365069 -0.900610
vn 0.345077 -0.473517 -0.810373
vn 0.355955 -0.380962 -0.853325
vn 0.376499 -0.195121 -0.905636
vn 0.383106 0.160626 -0.909631
vn 0.444652 -0.503973 -0.740470
vn 0.445514 -0.382398 -0.809499
vn 0.405416 -0.292387 -0.866111
vn 0.477753 -0.203196 -0.854672
vn 0.480874 0.169407 -0.860268
vn 0.491606 -0.455538 -0.742165
vn 0.528429 -0.504551 -0.682782
vn 0.537864 -0.408582 -0.737403
vn 0.498896 -0.287623 -0.817543
vn 0.583618 -0.212014 -0.783862
vn 0.505665 -0.110674 -0.855601
vn 0.559947 -0.115903 -0.820381
vn 0.506735 -0.020304 -0.861863
vn 0.588595 -0.021018 -0.808155
vn 0.529732 0.071267 -0.845166
vn 0.560624 0.167622 -0.810928
vn 0.579385 -0.500509 -0.643276
vn 0.627072 -0.502586 -0.595137
vn 0.583164 -0.319385 -0.746936
vn 0.618092 -0.403489 -0.674655
vn 0.675009 -0.299435 -0.674316
vn 0.661502 -0.195995 -0.723879
vn 0.625445 -0.116339 -0.771546
vn 0.610237 0.066599 -0.789414
vn 0.612271 0.169554 -0.772254
vn 0.658454 0.243439 -0.712163
vn 0.667028 -0.454248 -0.590536
vn 0.708354 -0.494627 -0.503567
vn 0.677588 -0.365948 -0.637932
vn 0.706246 -0.394556 -0.587828
vn 0.764428 -0.411984 -0.495903
vn 0.766264 -0.298366 -0.569049
vn 0.743405 -0.216932 -0.632685
vn 0.674433 -0.038063 -0.737355
vn 0.711109 -0.116479 -0.693367
vn 0.758233 -0.162954 -0.631292
vn 0.765688 -0.013843 -0.643063
vn 0.675703 0.092281 -0.731375
vn 0.761808 0.064429 -0.644591
vn 0.765674 0.161975 -0.622501
vn 0.703938 0.174786 -0.688419
vn 0.844548 -0.399771 0.356260
vn 0.808104 -0.381297 0.448977
vn 0.763569 -0.357891 0.537472
vn 0.799953 -0.376817 0.466995
vn 0.764804 -0.347045 0.542803
vn 0.772403 -0.303245 0.558064
vn 0.059937 -0.058726 0.996473
vn 0.055167 -0.194356 0.979378
vn 0.041003 -0.185975 0.981699
vn 0.033599 -0.082695 0.996008
vn 0.033069 -0.010438 0.999399
vn 0.029872 0.051780 0.998212
vn 0.157376 0.199447 0.967189
vn 0.072460 0.131404 0.988677
vn 0.196051 -0.066927 0.978307
vn 0.163198 -0.197498 0.966624
vn 0.136651 -0.186986 0.972812
vn 0.110204 -0.088800 0.989934
vn 0.100518 -0.014952 0.994823
vn 0.232030 0.098761 0.967682
vn 0.113908 0.067696 0.991182
vn 0.328498 -0.098649 0.939339
vn 0.285748 -0.217325 0.933337
vn 0.244322 -0.211785 0.946284
vn 0.222249 -0.108747 0.968906
vn 0.224102 -0.016441 0.974427
vn 0.212319 0.041593 0.976315
vn 0.252424 0.183631 0.950033
vn 0.499852 -0.094028 0.860991
vn 0.442024 -0.128778 0.887711
vn 0.384498 -0.247894 0.889219
vn 0.405206 -0.260775 0.876245
vn 0.318968 -0.214735 0.923119
vn 0.318715 -0.115164 0.940828
vn 0.329397 -0.017538 0.944029
vn 0.324008 0.074961 0.943080
vn 0.313108 0.166675 0.934978
vn 0.517425 -0.175405 0.837558
vn 0.488811 -0.270450 0.829410
vn 0.488971 -0.197989 0.849534
vn 0.395743 -0.177649 0.901015
vn 0.487437 -0.109360 0.866282
vn 0.398629 -0.108499 0.910672
vn 0.498321 -0.019047 0.866783
vn 0.402837 -0.019360 0.915067
vn 0.492710 0.071315 0.867266
vn 0.400721 0.069392 0.913568
vn 0.490104 0.165306 0.855846
vn 0.392685 0.154724 0.906564
vn 0.674009 -0.223153 0.704212
vn 0.604184 -0.197103 0.772083
vn 0.653263 -0.318028 0.687100
vn 0.569728 -0.296784 0.766374
vn 0.562039 -0.267878 0.782530
vn 0.500102 -0.279423 0.819646
vn 0.730429 -0.286112 0.620172
vn 0.618927 -0.291288 0.729438
vn 0.684599 -0.285187 0.670815
vn 0.589679 -0.193260 0.784175
vn 0.671862 -0.104494 0.733269
vn 0.581270 -0.103193 0.807141
vn 0.676642 -0.017719 0.736099
vn 0.588273 -0.018957 0.808441
vn 0.676915 0.067940 0.732919
vn 0.585277 0.067985 0.807978
vn 0.589171 0.161780 0.791647
vn 0.692078 -0.196387 0.694593
vn 0.736324 -0.107370 0.668056
vn 0.764284 -0.016681 0.644664
vn 0.769406 0.069248 0.634995
vn 0.697809 0.159207 0.698366
vn 0.042281 0.235348 -0.970991
vn 0.044012 0.326507 -0.944170
vn 0.128675 0.231835 -0.964207
vn 0.123621 0.325429 -0.937451
vn 0.244215 0.263023 -0.933369
vn 0.223953 0.337451 -0.914315
vn 0.047856 0.427540 -0.902729
vn 0.049809 0.546696 -0.835848
vn 0.045781 0.663999 -0.746331
vn 0.044311 0.759947 -0.648473
vn 0.045130 0.831830 -0.553192
vn 0.060847 0.891725 -0.448468
vn 0.040108 0.932790 -0.358183
vn 0.049185 0.955748 -0.290046
vn 0.136476 0.423418 -0.895596
vn 0.154950 0.514570 -0.843331
vn 0.140937 0.613081 -0.777347
vn 0.138769 0.709900 -0.690496
vn 0.143066 0.798241 -0.585101
vn 0.157700 0.869424 -0.468223
vn 0.144946 0.920402 -0.363113
vn 0.142609 0.943358 -0.299562
vn 0.166605 0.963985 -0.207305
vn 0.242744 0.431536 -0.868823
vn 0.252633 0.520710 -0.815499
vn 0.233121 0.630330 -0.740499
vn 0.230652 0.724556 -0.649476
vn 0.248097 0.797358 -0.550153
vn 0.238715 0.856758 -0.457144
vn 0.256650 0.898938 -0.355024
vn 0.219730 0.934257 -0.280861
vn 0.242741 0.946313 -0.213467
vn 0.353365 0.275106 -0.894120
vn 0.369547 0.360676 -0.856357
vn 0.352377 0.421112 -0.835760
vn 0.338205 0.486420 -0.805613
vn 0.350736 0.568751 -0.743980
vn 0.296881 0.614990 -0.730513
vn 0.351089 0.667437 -0.656708
vn 0.294529 0.705280 -0.644851
vn 0.343297 0.754005 -0.560021
vn 0.355621 0.811851 -0.463067
vn 0.343512 0.852689 -0.393600
vn 0.379241 0.879806 -0.286561
vn 0.309454 0.907322 -0.284614
vn 0.308852 0.931309 -0.193066
vn 0.459317 0.253258 -0.851404
vn 0.469909 0.346504 -0.811862
vn 0.453808 0.469075 -0.757645
vn 0.430621 0.540784 -0.722578
vn 0.451372 0.612375 -0.649046
vn 0.426181 0.670085 -0.607746
vn 0.448970 0.700001 -0.555359
vn 0.440179 0.767923 -0.465335
vn 0.453308 0.808414 -0.375471
vn 0.467560 0.830945 -0.301526
vn 0.417031 0.887930 -0.194075
vn 0.542199 0.257906 -0.799691
vn 0.555611 0.373755 -0.742700
vn 0.529085 0.444740 -0.722686
vn 0.529323 0.550110 -0.645907
vn 0.539488 0.624679 -0.564561
vn 0.559670 0.682836 -0.469579
vn 0.503421 0.715067 -0.485022
vn 0.530708 0.752885 -0.389247
vn 0.559434 0.778059 -0.285758
vn 0.552554 0.811080 -0.191921
vn 0.594963 0.287268 -0.750663
vn 0.657800 0.359040 -0.662109
vn 0.655403 0.431873 -0.619622
vn 0.591940 0.474687 -0.651368
vn 0.612878 0.540677 -0.576237
vn 0.625883 0.603534 -0.493981
vn 0.613916 0.689879 -0.383632
vn 0.631571 0.709135 -0.313442
vn 0.663815 0.722136 -0.194600
vn 0.726661 0.265053 -0.633806
vn 0.739201 0.368271 -0.563877
vn 0.682806 0.479210 -0.551484
vn 0.745690 0.470084 -0.472194
vn 0.677269 0.569632 -0.465647
vn 0.756830 0.536276 -0.373653
vn 0.751715 0.594517 -0.285436
vn 0.686428 0.618258 -0.382848
vn 0.687767 0.667921 -0.284357
vn 0.757382 0.625358 -0.187880
vn 0.045447 0.871957 0.487469
vn 0.048042 0.818899 0.571923
vn 0.050779 0.970553 0.235475
vn 0.048834 0.937546 0.344416
vn 0.039134 0.909034 0.414880
vn 0.227676 0.780101 0.582757
vn 0.132772 0.889809 0.436592
vn 0.145317 0.840470 0.522009
vn 0.177672 0.968135 0.176485
vn 0.153449 0.949914 0.272244
vn 0.134228 0.932429 0.335498
vn 0.285705 0.889530 0.356524
vn 0.221276 0.879285 0.421776
vn 0.258505 0.817504 0.514648
vn 0.221969 0.970346 -0.095695
vn 0.229280 0.973272 -0.013153
vn 0.223062 0.972794 0.062568
vn 0.252887 0.950673 0.179635
vn 0.230762 0.938749 0.255929
vn 0.212927 0.920981 0.326276
vn 0.347547 0.778037 0.523325
vn 0.356635 0.869491 0.341757
vn 0.334758 0.832914 0.440671
vn 0.319629 0.941068 -0.110585
vn 0.380113 0.924762 -0.018163
vn 0.322438 0.943767 0.073056
vn 0.313301 0.936074 0.160024
vn 0.308180 0.919153 0.245322
vn 0.443795 0.707500 0.549990
vn 0.456364 0.806988 0.374837
vn 0.428409 0.787518 0.443036
vn 0.490444 0.865358 -0.103059
vn 0.500186 0.865724 -0.018318
vn 0.494082 0.866853 0.066699
vn 0.493524 0.855609 0.156099
vn 0.408238 0.880716 0.240168
vn 0.399368 0.910968 -0.103167
vn 0.405243 0.911551 0.069662
vn 0.397954 0.905293 0.148582
vn 0.580206 0.601856 0.548754
vn 0.537064 0.705579 0.462299
vn 0.530059 0.645990 0.549304
vn 0.542096 0.768298 0.340367
vn 0.490477 0.710563 0.504511
vn 0.511002 0.820874 0.255035
vn 0.482550 0.819096 0.310205
vn 0.622853 0.505032 0.597493
vn 0.663357 0.598465 0.449219
vn 0.627882 0.555068 0.545585
vn 0.651413 0.679164 0.338228
vn 0.619178 0.641260 0.453216
vn 0.602553 0.791776 -0.100108
vn 0.613168 0.789741 -0.018279
vn 0.675662 0.733827 0.070559
vn 0.677873 0.718879 0.153951
vn 0.615712 0.742468 0.263895
vn 0.586953 0.713135 0.383308
vn 0.582879 0.809438 0.071150
vn 0.578080 0.796032 0.179321
vn 0.746614 0.335685 0.574355
vn 0.763513 0.455120 0.458164
vn 0.704559 0.456696 0.543162
vn 0.779494 0.563519 0.273561
vn 0.716504 0.600039 0.355774
vn 0.708182 0.540888 0.453782
vn 0.683134 0.518829 0.513950
vn 0.766573 0.633045 -0.107792
vn 0.717478 0.696300 -0.019788
vn 0.765074 0.639845 0.072526
vn 0.763059 0.627229 0.155964
vn 0.710376 0.655499 0.256295
vn 0.691351 0.714636 -0.106439
vn 0.676745 0.700339 0.227027
vn 0.044127 0.245965 0.968274
vn 0.047185 0.344934 0.937440
vn 0.046076 0.511782 0.857879
vn 0.045187 0.424329 0.904380
vn 0.045203 0.697014 0.715631
vn 0.038705 0.601713 0.797774
vn 0.044135 0.746345 0.664094
vn 0.155359 0.277726 0.948015
vn 0.135432 0.335736 0.932169
vn 0.138675 0.520176 0.842726
vn 0.124146 0.421705 0.898194
vn 0.223400 0.592201 0.774203
vn 0.126378 0.613110 0.779823
vn 0.131906 0.780820 0.610673
vn 0.155651 0.698493 0.698484
vn 0.232266 0.254923 0.938652
vn 0.317207 0.384234 0.867031
vn 0.219501 0.334238 0.916572
vn 0.216126 0.430940 0.876117
vn 0.233894 0.516486 0.823733
vn 0.252998 0.668662 0.699202
vn 0.247842 0.735752 0.630273
vn 0.386550 0.316499 0.866260
vn 0.309437 0.279798 0.908825
vn 0.347083 0.476860 0.807551
vn 0.316332 0.536593 0.782306
vn 0.332585 0.670827 0.662856
vn 0.351062 0.606098 0.713723
vn 0.351680 0.715484 0.603659
vn 0.401945 0.241194 0.883326
vn 0.504330 0.379432 0.775682
vn 0.420807 0.359992 0.832663
vn 0.418964 0.455272 0.785619
vn 0.435696 0.561992 0.703089
vn 0.431257 0.641295 0.634633
vn 0.566729 0.258023 0.782459
vn 0.506148 0.286364 0.813517
vn 0.532074 0.474837 0.701018
vn 0.533878 0.556745 0.636403
vn 0.481985 0.518255 0.706471
vn 0.493961 0.617772 0.611850
vn 0.653610 0.336640 0.677841
vn 0.621094 0.268531 0.736297
vn 0.589404 0.384003 0.710735
vn 0.620577 0.455974 0.637943
vn 0.712618 0.259528 0.651782
vn 0.672818 0.231507 0.702653
vn 0.686587 0.390725 0.613134
vn 0.064294 0.980433 -0.186055
vn 0.032890 0.996541 -0.076322
vn 0.031204 0.998182 0.051573
vn 0.042908 0.990481 0.130791
vn 0.112498 0.989567 -0.090006
vn 0.096838 0.995264 -0.008450
vn 0.108327 0.989700 0.093591
vn 0.556501 0.061795 -0.828546
vn 0.635175 0.066054 -0.769538
vn 0.552718 0.151929 -0.819403
vn 0.611960 0.200863 -0.764957
vn 0.578636 0.383512 -0.719790
vn 0.531406 0.454793 -0.714682
vn 0.529733 0.535777 -0.657514
vn 0.502331 0.621699 -0.600961
vn 0.489570 0.682146 -0.543137
vn 0.671469 0.194404 -0.715078
vn 0.601247 0.290801 -0.744269
vn 0.624916 0.351428 -0.697122
vn 0.598952 0.452922 -0.660392
vn 0.578658 0.547523 -0.604461
vn 0.536003 0.633159 -0.558399
vn 0.691436 0.066528 -0.719368
vn 0.720929 0.187619 -0.667129
vn 0.607652 0.266013 -0.748329
vn 0.678235 0.347401 -0.647542
vn 0.653023 0.444801 -0.612954
vn 0.615439 0.548288 -0.566229
vn 0.580023 0.622112 -0.525881
vn 0.740929 0.064850 -0.668445
vn 0.771134 0.190637 -0.607462
vn 0.633596 0.253839 -0.730836
vn 0.732799 0.311948 -0.604726
vn 0.698115 0.455831 -0.552135
vn 0.653013 0.526625 -0.544280
vn 0.778493 0.061335 -0.624649
vn 0.518525 0.726312 -0.451223
vn 0.547313 0.703167 -0.453877
vn 0.585396 0.711469 -0.388745
vn 0.523898 0.689945 -0.499507
vn 0.521826 0.753803 -0.399348
vn 0.537237 0.765766 -0.353523
vn 0.530289 0.787313 -0.314536
vn 0.522913 0.800296 -0.293408
vn 0.576753 0.674323 -0.461133
vn 0.553339 0.717194 -0.423614
vn 0.570465 0.737408 -0.361660
vn 0.526086 0.773789 -0.352824
vn 0.727596 0.391119 -0.563587
vn 0.675101 0.558841 -0.481597
vn 0.621966 0.609488 -0.491613
vn 0.631546 0.643687 -0.432223
vn 0.598874 0.695617 -0.396820
vn 0.603644 0.738434 -0.300547
vn 0.557702 0.767526 -0.316024
vn 0.559922 0.788928 -0.253142
vn 0.822943 0.056860 -0.565272
vn 0.805556 0.248990 -0.537665
vn 0.765340 0.320967 -0.557885
vn 0.795319 0.312649 -0.519345
vn 0.739285 0.446109 -0.504426
vn 0.707386 0.534850 -0.462105
vn 0.710533 0.576575 -0.403365
vn 0.665568 0.621910 -0.412610
vn 0.681630 0.636629 -0.360672
vn 0.630899 0.685167 -0.364023
vn 0.662024 0.683836 -0.306747
vn 0.620496 0.742732 -0.251661
vn 0.861572 0.064362 -0.503538
vn 0.818189 0.170767 -0.549005
vn 0.853840 0.186479 -0.485986
vn 0.831124 0.295779 -0.470901
vn 0.818858 0.374414 -0.435069
vn 0.771554 0.412135 -0.484612
vn 0.793116 0.441688 -0.419380
vn 0.746550 0.503751 -0.434623
vn 0.755371 0.537450 -0.374915
vn 0.721254 0.605899 -0.335676
vn 0.713857 0.645950 -0.270476
vn 0.678000 0.695635 -0.237504
vn 0.897566 0.066477 -0.435840
vn 0.882901 0.182787 -0.432521
vn 0.855881 0.307494 -0.415831
vn 0.859010 0.365226 -0.358764
vn 0.826409 0.434324 -0.358344
vn 0.783497 0.510808 -0.353846
vn 0.815093 0.501151 -0.290640
vn 0.793770 0.547873 -0.264129
vn 0.754971 0.578354 -0.309071
vn 0.757372 0.605563 -0.244298
vn 0.924220 0.069323 -0.375515
vn 0.947961 0.059220 -0.312831
vn 0.907753 0.183683 -0.377154
vn 0.920807 0.201131 -0.334156
vn 0.882908 0.268896 -0.384926
vn 0.889117 0.303668 -0.342428
vn 0.901280 0.322262 -0.289552
vn 0.861809 0.412356 -0.295377
vn 0.625775 0.753080 -0.203165
vn 0.601130 0.782478 -0.162388
vn 0.605397 0.788327 -0.109701
vn 0.584268 0.809415 -0.058979
vn 0.673219 0.718005 -0.176761
vn 0.679358 0.723566 -0.122168
vn 0.637204 0.757958 -0.139535
vn 0.660978 0.745953 -0.081621
vn 0.617055 0.786549 -0.024174
vn 0.755582 0.629192 -0.182246
vn 0.769027 0.627047 -0.124136
vn 0.715609 0.668544 -0.202370
vn 0.718212 0.680051 -0.147318
vn 0.739434 0.667405 -0.088364
vn 0.712970 0.699097 -0.054195
vn 0.716556 0.697530 -0.000371
vn 0.672468 0.739637 -0.026918
vn 0.870590 0.420894 -0.254795
vn 0.869070 0.451878 -0.201306
vn 0.826619 0.516868 -0.222593
vn 0.840201 0.518402 -0.159128
vn 0.830091 0.548885 -0.098354
vn 0.834987 0.548177 -0.047939
vn 0.791150 0.577026 -0.202788
vn 0.796199 0.586088 -0.150226
vn 0.789415 0.610382 -0.065248
vn 0.815137 0.579266 -0.001482
vn 0.755827 0.654165 -0.028162
vn 0.774067 -0.505924 -0.380607
vn 0.793017 -0.527074 -0.305478
vn 0.691609 0.623739 -0.364179
vn 0.648769 0.685490 -0.330457
vn 0.647354 0.710746 -0.275269
vn 0.575253 0.780144 -0.245885
vn 0.525071 0.817639 -0.236150
vn 0.740333 0.638729 -0.209602
vn 0.626303 0.760554 -0.171178
vn 0.523289 0.839970 -0.143594
vn 0.852915 -0.505493 -0.130433
vn 0.873545 -0.483976 -0.051836
vn 0.887767 -0.458816 0.036838
vn 0.916271 -0.386114 0.106599
vn 0.878048 -0.458346 0.137663
vn 0.861187 -0.440094 0.254311
vn 0.503266 0.822100 -0.266223
vn 0.479553 0.852574 -0.207718
vn 0.507534 0.827863 -0.238855
vn 0.478062 0.869762 -0.122357
vn 0.402651 0.907624 -0.118704
vn 0.377912 0.919518 -0.108028
vn 0.371216 0.925427 -0.076048
vn 0.341142 0.938815 -0.047420
vn 0.470228 0.862390 -0.187533
vn 0.435964 0.888096 -0.145676
vn 0.418131 0.902570 -0.102638
vn 0.418183 0.906724 -0.054549
vn 0.400157 0.916190 -0.021701
vn 0.484413 0.863927 -0.137744
vn 0.456998 0.883791 -0.100334
vn 0.473554 0.879298 -0.050812
vn 0.473622 0.880595 -0.015300
vn 0.548801 0.812852 -0.195165
vn 0.517127 0.841092 -0.158570
vn 0.506298 0.856704 -0.098590
vn 0.525297 0.849241 -0.053425
vn 0.516356 0.856366 0.003725
vn 0.557388 0.819771 -0.131510
vn 0.559482 0.823670 -0.092459
vn 0.560314 0.828279 -0.001059
vn 0.768059 -0.461060 -0.444420
vn 0.859254 -0.472565 -0.195872
vn 0.760798 -0.358808 -0.540781
vn 0.822204 -0.408926 -0.395928
vn 0.850271 -0.441424 -0.286677
vn 0.831060 -0.313692 -0.459279
vn 0.816080 -0.199383 -0.542457
vn 0.779394 -0.102907 -0.618025
vn 0.840570 -0.109577 -0.530504
vn 0.837435 -0.017995 -0.546241
vn 0.833031 0.074642 -0.548167
vn 0.819548 0.170720 -0.546988
vn 0.875758 -0.360396 -0.321189
vn 0.902353 -0.380403 -0.202616
vn 0.864674 -0.215340 -0.453836
vn 0.883273 -0.289299 -0.368966
vn 0.912275 -0.290910 -0.288314
vn 0.939892 -0.286738 -0.185429
vn 0.907664 -0.193067 -0.372655
vn 0.942183 -0.189283 -0.276519
vn 0.957092 -0.207998 -0.201771
vn 0.880499 -0.106528 -0.461923
vn 0.922484 -0.108016 -0.370615
vn 0.884840 -0.016755 -0.465593
vn 0.927771 -0.016744 -0.372774
vn 0.882425 0.070607 -0.465124
vn 0.925514 0.072019 -0.371802
vn 0.875048 0.177099 -0.450474
vn 0.911855 0.162416 -0.377017
vn 0.937833 0.186709 -0.292589
vn 0.959339 -0.093003 -0.266494
vn 0.980488 -0.096839 -0.171070
vn 0.962703 -0.015301 -0.270126
vn 0.984772 -0.015903 -0.173124
vn 0.959615 0.084262 -0.268400
vn 0.983927 0.056416 -0.169428
vn 0.972655 0.147739 -0.179206
vn 0.872961 -0.474253 -0.114123
vn 0.880460 -0.473432 -0.025520
vn 0.885261 -0.461090 0.060907
vn 0.880387 -0.450860 0.147118
vn 0.880592 -0.391562 0.266903
vn 0.844104 -0.374989 0.383239
vn 0.830614 -0.303357 0.466964
vn 0.844873 -0.195308 0.498040
vn 0.781424 -0.201704 0.590501
vn 0.851436 -0.094716 0.515835
vn 0.852072 -0.015592 0.523192
vn 0.854417 0.162531 0.493514
vn 0.851826 0.061459 0.520207
vn 0.786260 0.166167 0.595133
vn 0.871203 -0.441827 0.213997
vn 0.920179 -0.376488 -0.107364
vn 0.926647 -0.375477 -0.018472
vn 0.924377 -0.374790 0.071136
vn 0.912488 -0.376351 0.160391
vn 0.884837 -0.313349 0.344785
vn 0.947363 -0.281813 0.151939
vn 0.918389 -0.302619 0.254917
vn 0.878119 -0.232706 0.418037
vn 0.961576 -0.210319 0.176460
vn 0.931040 -0.231680 0.281937
vn 0.913168 -0.208445 0.350250
vn 0.935676 -0.116239 0.333164
vn 0.897956 -0.114000 0.425062
vn 0.943924 -0.016770 0.329737
vn 0.903973 -0.019843 0.427130
vn 0.935044 0.166561 0.312970
vn 0.941419 0.070438 0.329802
vn 0.898973 0.075965 0.431366
vn 0.898524 0.180611 0.400043
vn 0.958205 -0.270934 -0.091861
vn 0.962150 -0.271967 -0.017376
vn 0.960970 -0.270396 0.058505
vn 0.980351 -0.172795 -0.095153
vn 0.984913 -0.172350 -0.015586
vn 0.983041 -0.172277 0.062855
vn 0.965069 -0.135192 0.224421
vn 0.990658 -0.097246 -0.095600
vn 0.995271 -0.095968 -0.015036
vn 0.993129 -0.097264 0.065072
vn 0.986514 -0.093764 0.134158
vn 0.995364 -0.017033 -0.094656
vn 0.999735 -0.017446 -0.015030
vn 0.997700 -0.017513 0.065477
vn 0.989720 -0.018559 0.141809
vn 0.975459 -0.028127 0.218377
vn 0.993514 0.062079 -0.095266
vn 0.997952 0.062039 -0.015579
vn 0.996145 0.059874 0.064108
vn 0.988425 0.057873 0.140240
vn 0.973726 0.068833 0.217072
vn 0.985596 0.139803 -0.095159
vn 0.989936 0.140670 -0.015459
vn 0.988215 0.140229 0.061371
vn 0.981349 0.137108 0.134740
vn 0.966346 0.142762 0.213997
vn 0.749272 -0.265186 0.606851
vn 0.786510 -0.106249 0.608370
vn 0.783514 0.279512 -0.554958
vn 0.842699 0.272231 -0.464488
vn 0.793116 0.382511 -0.473975
vn 0.847520 0.373160 -0.377441
vn 0.805209 0.451444 -0.384495
vn 0.851851 0.439631 -0.284736
vn 0.849822 0.490940 -0.191784
vn 0.802492 0.517723 -0.296598
vn 0.808647 0.550803 -0.206654
vn 0.887792 0.281122 -0.364413
vn 0.917149 0.266799 -0.296066
vn 0.948498 0.253366 -0.190148
vn 0.897738 0.337091 -0.283612
vn 0.902016 0.379899 -0.205045
vn 0.833693 0.258040 0.488233
vn 0.778032 0.250484 0.576128
vn 0.831335 0.421144 0.362657
vn 0.820264 0.352127 0.450748
vn 0.777347 0.372417 0.506989
vn 0.854642 0.494677 0.157742
vn 0.834976 0.486829 0.256538
vn 0.850269 0.517823 -0.094353
vn 0.796601 0.604269 -0.016925
vn 0.826706 0.557014 0.079327
vn 0.811879 0.557847 0.172218
vn 0.775248 0.509561 0.373280
vn 0.763348 0.608189 0.217731
vn 0.933392 0.341388 -0.110603
vn 0.948783 0.315369 -0.018819
vn 0.937898 0.338979 0.073761
vn 0.955298 0.255405 0.148907
vn 0.942134 0.238958 0.235124
vn 0.909204 0.255342 0.328860
vn 0.867437 0.281795 0.410055
vn 0.916315 0.400022 -0.018688
vn 0.906059 0.387714 0.169514
vn 0.912078 0.328402 0.245488
vn 0.881931 0.330008 0.336590
vn 0.897530 0.427720 -0.107219
vn 0.895528 0.438049 0.078367
vn 0.868132 0.414811 0.272540
vn 0.864881 0.501867 0.010487
vn 0.967707 0.233966 -0.093826
vn 0.971939 0.234701 -0.015784
vn 0.970582 0.232796 0.061447
vn 0.891779 0.094514 -0.442489
vn 0.944885 0.185698 -0.269646
vn 0.924433 0.280139 -0.258740
vn 0.971829 0.068168 -0.225615
vn 0.972823 0.141492 -0.183292
vn 0.953875 0.188538 -0.233616
vn 0.958328 0.212657 -0.190746
vn 0.934232 0.287784 -0.210693
vn 0.939193 0.304050 -0.159596
vn 0.934339 0.343400 -0.095329
vn 0.904414 0.366180 -0.218972
vn 0.901930 0.399807 -0.163332
vn 0.900784 0.422439 -0.100661
vn 0.908926 0.414053 -0.049128
vn 0.898554 0.438861 0.001453
vn 0.871835 0.472241 -0.129973
vn 0.871991 0.485132 -0.065417
vn 0.867099 0.498127 0.002949
vn 0.987341 0.055158 -0.148715
vn 0.992953 0.052580 -0.106205
vn 0.996366 0.056371 -0.063856
vn 0.998396 0.056582 -0.002126
vn 0.979119 0.162360 -0.122331
vn 0.985045 0.160556 -0.062508
vn 0.986975 0.160870 0.000786
vn 0.960222 0.252921 -0.118342
vn 0.961071 0.270086 -0.058282
vn 0.967417 0.253188 0.000634
vn 0.935919 0.351225 -0.026413
vn 0.348150 0.894818 0.279450
vn 0.482465 0.859018 0.171217
vn 0.397692 0.839208 0.370905
vn 0.473301 0.841607 0.260159
vn 0.520996 0.737460 0.429786
vn 0.474162 0.801156 0.365130
vn 0.267264 -0.753446 0.600741
vn 0.374450 -0.708331 0.598376
vn 0.491943 -0.555261 0.670580
vn 0.472161 -0.675563 0.566285
vn 0.565454 -0.591972 0.574309
vn 0.584194 -0.485944 0.650059
vn 0.641797 -0.401861 0.653150
vn 0.648837 -0.517312 0.558031
vn 0.620655 -0.602176 0.502167
vn 0.700016 -0.525170 0.483915
vn 0.575630 0.817689 0.005974
vn 0.637731 0.761912 -0.113089
vn 0.601964 -0.131626 0.787600
vn 0.597541 -0.257215 0.759464
vn 0.676162 -0.140399 0.723252
vn 0.717842 -0.299096 0.628684
vn 0.731306 -0.438834 0.522127
vn 0.821096 -0.323549 0.470232
vn 0.779217 -0.436234 0.450023
vn 0.870177 -0.292890 0.396242
vn 0.862940 -0.323213 0.388417
vn 0.899958 -0.222761 0.374771
vn 0.954593 -0.035457 0.295796
vn 0.670377 0.722478 0.169173
vn 0.746704 0.662901 0.054729
vn 0.805210 0.591979 -0.034613
vn 0.932049 0.093551 0.350048
vn 0.604791 0.785640 0.130377
vn 0.715114 0.696195 -0.062644
vn 0.807353 0.579534 -0.111004
vn 0.839471 0.532649 -0.107583
vn 0.864260 0.500544 -0.050103
vn 0.885234 0.464620 0.022113
vn 0.895762 0.429108 0.116095
vn 0.932340 0.291524 0.213906
vn 0.590297 -0.050437 0.805609
vn 0.731120 0.101014 0.674730
vn 0.712737 -0.024840 0.700991
vn 0.781556 -0.171324 0.599849
vn 0.793450 0.112899 0.598073
vn 0.843867 -0.027602 0.535842
vn 0.858228 -0.176934 0.481808
vn 0.865542 0.151147 0.477485
vn 0.923793 -0.002517 0.382884
vn 0.924642 -0.171800 0.339886
vn 0.855485 0.377837 0.354098
vn 0.913182 0.233374 0.334118
vn 0.964803 0.070694 0.253292
vn 0.973563 -0.038747 0.225109
vn 0.945448 -0.130015 0.298704
vn 0.639655 0.665129 0.385285
vn 0.738201 0.595175 0.317530
vn 0.854477 0.454599 0.251413
vn 0.945311 0.285725 0.157317
vn 0.977117 0.162396 0.137366
vn 0.985750 0.073978 0.151077
vn 0.983414 0.029801 0.178908
vn 0.609831 0.725976 0.317908
vn 0.754008 0.631798 0.179730
vn 0.861415 0.504453 0.059081
vn 0.936447 0.347797 0.045872
vn 0.963123 0.264637 0.048597
vn 0.976373 0.194493 0.094175
vn 0.961109 0.148507 0.232842
vn 0.550038 0.782362 0.292178
vn 0.892128 0.448955 -0.050467
vn 0.922165 0.386682 -0.009362
vn 0.939514 0.338551 0.051919
vn 0.944086 0.308826 0.115446
vn 0.055764 -0.790331 0.610137
vn 0.059398 -0.742863 0.666803
vn 0.063214 -0.670609 0.739112
vn 0.062862 -0.572701 0.817350
vn 0.056398 -0.429554 0.901278
vn 0.067690 -0.282200 0.956965
vn 0.074742 -0.138801 0.987496
vn 0.077825 0.041370 0.996108
vn 0.156964 -0.786196 0.597711
vn 0.170453 -0.732417 0.659174
vn 0.178280 -0.657975 0.731632
vn 0.187870 -0.573270 0.797537
vn 0.185406 -0.440261 0.878519
vn 0.298471 -0.398781 0.867115
vn 0.203946 -0.285323 0.936481
vn 0.208232 -0.128682 0.969577
vn 0.221610 0.047111 0.973997
vn 0.273163 -0.769652 0.577076
vn 0.276269 -0.731838 0.622967
vn 0.289902 -0.658132 0.694851
vn 0.304014 -0.563324 0.768272
vn 0.362771 -0.490613 0.792273
vn 0.399753 -0.339914 0.851268
vn 0.318847 -0.257339 0.912203
vn 0.454944 -0.235917 0.858702
vn 0.339332 -0.124057 0.932450
vn 0.336369 0.059902 0.939823
vn 0.386664 -0.733682 0.558751
vn 0.381862 -0.698101 0.605670
vn 0.462973 -0.654245 0.598013
vn 0.401315 -0.625358 0.669234
vn 0.452633 -0.561731 0.692519
vn 0.474151 -0.440752 0.762180
vn 0.527798 -0.312413 0.789827
vn 0.496278 -0.093770 0.863085
vn 0.504478 0.082924 0.859433
vn 0.499073 -0.674580 0.543938
vn 0.580929 -0.618983 0.528565
vn 0.545107 -0.597935 0.587649
vn 0.610948 -0.534476 0.584019
vn 0.560760 -0.504585 0.656462
vn 0.657226 -0.384749 0.648091
vn 0.582354 -0.401740 0.706731
vn 0.687420 -0.293602 0.664268
vn 0.623127 -0.231850 0.746966
vn 0.765761 -0.034345 0.642208
vn 0.642671 -0.080098 0.761944
vn 0.672217 0.112898 0.731695
vn 0.661293 -0.547313 0.512972
vn 0.682424 -0.451515 0.574833
vn 0.824391 -0.271979 0.496393
vn 0.739024 -0.328576 0.588117
vn 0.833205 -0.139664 0.535035
vn 0.756558 -0.177149 0.629475
vn 0.851536 0.019717 0.523926
vn 0.848176 0.185102 0.496322
vn 0.787022 0.151643 0.597997
vn 0.754546 -0.457401 0.470580
vn 0.793399 -0.374448 0.479902
vn 0.884316 -0.218900 0.412392
vn 0.914550 -0.072556 0.397911
vn 0.882554 -0.096100 0.460285
vn 0.897239 0.054060 0.438224
vn 0.896987 0.238564 0.372159
vn 0.021401 0.998078 0.058162
vn 0.021734 0.993174 0.114596
vn 0.020922 0.986474 0.162574
vn 0.062576 0.996944 0.046775
vn 0.059341 0.993970 0.092204
vn 0.059507 0.989022 0.135257
vn 0.074128 0.982600 0.170299
vn 0.099431 0.993839 0.048974
vn 0.098042 0.990945 0.091742
vn 0.100996 0.985687 0.134988
vn 0.184783 0.963216 0.195119
vn 0.137706 0.989216 0.049885
vn 0.137727 0.985591 0.098194
vn 0.153866 0.976122 0.153334
vn 0.131358 0.972228 0.193697
vn 0.216938 0.963957 0.154028
vn 0.173320 0.983765 0.046543
vn 0.184064 0.979652 0.080011
vn 0.174670 0.977444 0.118719
vn 0.223162 0.967059 0.122460
vn 0.226532 0.953719 0.197747
vn 0.223994 0.973446 0.047228
vn 0.282800 0.958258 0.042028
vn 0.283611 0.955710 0.078638
vn 0.273526 0.953720 0.124907
vn 0.267699 0.948476 0.169503
vn 0.240508 0.966551 0.089080
vn 0.319808 0.928502 0.188699
vn 0.332554 0.941693 0.051208
vn 0.327252 0.940911 0.087134
vn 0.309106 0.942967 0.123557
vn 0.326375 0.933038 0.151390
vn 0.047611 0.958321 0.281699
vn 0.025734 0.982642 0.183720
vn 0.039221 0.999181 0.010000
vn 0.047785 0.980642 -0.189888
vn 0.021402 0.977305 0.210754
vn 0.019697 0.963854 0.265702
vn 0.093726 0.972340 0.213940
vn 0.125371 0.991473 0.035556
vn 0.147805 0.972270 -0.181233
vn 0.057336 0.975773 0.211138
vn 0.063182 0.966456 0.248938
vn 0.063250 0.956186 0.285846
vn 0.306661 0.948011 0.085052
vn 0.321627 0.941053 -0.104760
vn 0.111376 0.949870 0.292135
vn 0.144911 0.957436 0.249633
vn 0.237390 0.966783 0.094742
vn 0.281766 0.942134 -0.181633
vn 0.099201 0.972622 0.210154
vn 0.104543 0.962204 0.251464
vn 0.303455 0.947553 -0.100296
vn 0.156430 0.945217 0.286521
vn 0.205000 0.942112 0.265332
vn 0.386890 0.875854 -0.288436
vn 0.162922 0.958969 0.232024
vn 0.235022 0.923863 0.302063
vn 0.273077 0.941791 0.196107
vn 0.348233 0.937405 -0.002594
vn 0.209445 0.928795 0.305734
vn 0.186685 0.945682 0.266146
vn 0.265290 0.904759 0.333216
vn 0.449240 0.889561 0.082857
vn 0.279321 0.922556 0.266213
vn 0.244156 0.925080 0.290886
vn 0.219714 0.944715 0.243391
vn 0.301954 0.895611 0.326658
vn 0.335511 0.868857 0.364033
vn 0.278650 0.932542 0.229608
vn 0.342634 0.890425 0.299576
vn 0.359060 0.857226 0.369106
vn 0.329436 0.913962 0.236950
vn 0.048369 0.943615 -0.327493
vn 0.054805 0.932813 -0.356169
vn 0.046526 0.949009 -0.311797
vn 0.074198 0.962220 -0.261967
vn 0.049726 0.986864 -0.153713
vn 0.055968 0.995764 -0.072953
vn 0.059037 0.998247 0.004282
vn 0.149890 0.931321 -0.331924
vn 0.153531 0.922212 -0.354898
vn 0.173783 0.937718 -0.300806
vn 0.146612 0.963615 -0.223496
vn 0.151831 0.977689 -0.145163
vn 0.162074 0.984509 -0.066895
vn 0.169358 0.985524 0.007779
vn 0.282220 0.902771 -0.324586
vn 0.222712 0.906407 -0.358922
vn 0.272956 0.908786 -0.315599
vn 0.257211 0.938403 -0.230743
vn 0.342442 0.923994 -0.170204
vn 0.233552 0.956892 -0.172661
vn 0.271750 0.955531 -0.114510
vn 0.259320 0.964337 -0.052978
vn 0.272939 0.961914 0.015006
vn 0.399135 0.891610 -0.213827
vn 0.378419 0.875749 -0.299771
vn 0.453934 0.850478 -0.265765
vn 0.368313 0.898218 -0.239896
vn 0.413461 0.892657 -0.179480
vn 0.431265 0.895467 -0.110224
vn 0.474371 0.879859 -0.028637
vn 0.490678 0.870160 0.045355
vn 0.373791 0.925676 -0.058357
vn 0.387935 0.921287 0.027139
vn 0.443195 0.878475 -0.178494
vn 0.489367 0.828070 -0.273535
vn 0.517350 0.809773 -0.276797
vn 0.555721 0.803624 -0.212985
vn 0.585630 0.798866 -0.137299
vn 0.673399 0.717068 0.179851
vn 0.483631 0.855565 -0.184690
vn 0.522508 0.847618 -0.092356
vn 0.534598 0.844840 -0.021238
vn 0.584809 0.807853 0.073295
vn 0.538172 0.837096 -0.098188
vn 0.615377 0.759266 -0.211725
vn 0.680851 0.698681 -0.219742
vn 0.711115 0.683103 -0.166390
vn 0.811453 0.538399 0.227313
vn 0.599257 0.760016 -0.251529
vn 0.625152 0.753710 -0.202746
vn 0.674158 0.726782 -0.131526
vn 0.642997 0.764354 -0.048133
vn 0.718211 0.695442 0.023081
vn 0.736225 0.665461 0.123021
vn 0.636723 0.770427 0.032041
vn 0.730858 0.660955 -0.170251
vn 0.776615 0.611986 -0.149471
vn 0.796588 0.598351 -0.086163
vn 0.838811 0.544413 0.003062
vn 0.857213 0.507580 0.086880
vn 0.864396 0.470039 0.178557
vn 0.759578 0.648726 -0.046861
vn 0.789196 0.609534 0.075087
vn 0.077206 0.244259 0.966632
vn 0.080535 0.643398 0.761284
vn 0.076808 0.460680 0.884237
vn 0.076756 0.846063 0.527529
vn 0.080041 0.770284 0.632658
vn 0.060949 0.994290 0.087592
vn 0.062806 0.982799 0.173671
vn 0.061369 0.963587 0.260256
vn 0.060439 0.914398 0.400280
vn 0.224859 0.240028 0.944365
vn 0.239593 0.626991 0.741268
vn 0.224705 0.456697 0.860776
vn 0.298905 0.866984 0.398742
vn 0.240609 0.836685 0.492001
vn 0.230925 0.750596 0.619096
vn 0.174754 0.980466 0.090260
vn 0.178554 0.968207 0.175195
vn 0.198521 0.936591 0.288767
vn 0.165489 0.901557 0.399760
vn 0.488580 0.414709 0.767663
vn 0.378450 0.276990 0.883206
vn 0.475902 0.652164 0.590084
vn 0.419506 0.570250 0.706279
vn 0.350319 0.448675 0.822172
vn 0.421859 0.864177 0.274288
vn 0.393527 0.841978 0.369065
vn 0.397407 0.767904 0.502385
vn 0.347131 0.712808 0.609429
vn 0.275019 0.957400 0.088030
vn 0.311187 0.930067 0.195288
vn 0.297709 0.913923 0.275888
vn 0.634427 0.437754 0.637083
vn 0.587594 0.334851 0.736619
vn 0.521227 0.226780 0.822735
vn 0.598876 0.661487 0.451423
vn 0.577845 0.589529 0.564402
vn 0.541797 0.503372 0.673107
vn 0.507318 0.852239 0.127742
vn 0.494442 0.833955 0.245045
vn 0.518997 0.768161 0.374927
vn 0.495819 0.731166 0.468573
vn 0.405853 0.904127 0.133558
vn 0.731382 0.461480 0.502112
vn 0.710660 0.360068 0.604411
vn 0.678273 0.256106 0.688734
vn 0.682441 0.670965 0.289966
vn 0.679648 0.600591 0.421152
vn 0.666973 0.522572 0.531099
vn 0.583710 0.795912 0.160648
vn 0.592609 0.763493 0.256695
vn 0.600270 0.723893 0.340081
vn 0.855487 0.384517 0.346826
vn 0.804500 0.378127 0.458038
vn 0.770508 0.295458 0.564820
vn 0.758950 0.610218 0.227219
vn 0.766566 0.557282 0.319081
vn 0.756619 0.523470 0.391799
vn 0.880779 0.407149 0.241782
vn 0.556049 0.789648 0.259355
vn 0.634081 0.730762 0.252840
vn 0.585944 0.808183 0.059245
vn 0.605396 0.788338 0.109633
vn 0.600848 0.781403 0.168494
vn 0.597806 0.765922 0.236626
vn 0.710463 0.648650 0.272938
vn 0.691043 0.713425 0.116120
vn 0.676130 0.715099 0.177433
vn 0.672407 0.700557 0.238932
vn 0.613757 0.789091 0.025266
vn 0.659391 0.747569 0.079650
vn 0.640653 0.754943 0.140088
vn 0.637696 0.745005 0.195736
vn 0.811880 0.522546 0.260377
vn 0.767180 0.629795 0.121625
vn 0.755995 0.628117 0.184232
vn 0.751199 0.611003 0.249749
vn 0.712260 0.699618 0.056747
vn 0.718008 0.679457 0.151004
vn 0.714081 0.669832 0.203501
vn 0.673277 0.738933 0.025990
vn 0.882519 0.393325 0.257792
vn 0.868323 0.448998 0.210753
vn 0.833350 0.550585 0.048817
vn 0.830010 0.549052 0.098104
vn 0.827231 0.543923 0.140841
vn 0.838798 0.508392 0.194823
vn 0.790828 0.608529 0.065449
vn 0.795781 0.585826 0.153429
vn 0.793096 0.572275 0.208567
vn 0.756553 0.653384 0.026783
vn 0.750126 0.656135 0.082447
vn 0.557329 0.681238 0.474657
vn 0.480957 0.747988 0.457377
vn 0.425482 0.816227 0.390817
vn 0.440088 0.791608 0.423887
vn 0.532450 0.689042 0.491648
vn 0.502030 0.738097 0.450753
vn 0.468135 0.815906 0.339334
vn 0.470095 0.781598 0.410019
vn 0.610494 0.548129 0.571709
vn 0.574601 0.675909 0.461498
vn 0.578246 0.622842 0.526971
vn 0.567008 0.739813 0.362185
vn 0.543955 0.723120 0.425688
vn 0.497489 0.819114 0.285583
vn 0.540188 0.776535 0.324331
vn 0.506629 0.772475 0.382897
vn 0.721853 0.336991 0.604454
vn 0.685067 0.528178 0.501709
vn 0.715234 0.429063 0.551675
vn 0.689118 0.557500 0.462936
vn 0.648424 0.526655 0.549710
vn 0.624198 0.647049 0.437841
vn 0.619923 0.610484 0.492955
vn 0.601376 0.739813 0.301702
vn 0.594232 0.698140 0.399361
vn 0.809981 0.210928 0.547212
vn 0.816244 0.161633 0.554636
vn 0.766716 0.321607 0.555621
vn 0.740548 0.445332 0.503258
vn 0.707899 0.578785 0.404828
vn 0.677073 0.640039 0.363211
vn 0.660176 0.627393 0.412972
vn 0.661405 0.683643 0.308505
vn 0.629127 0.685976 0.365563
vn 0.862541 0.067121 0.501516
vn 0.825008 0.060026 0.561925
vn 0.852630 0.184371 0.488905
vn 0.820266 0.367414 0.438373
vn 0.798724 0.312648 0.514092
vn 0.799485 0.432175 0.417191
vn 0.765606 0.417228 0.489662
vn 0.747216 0.545225 0.379997
vn 0.742962 0.504989 0.439311
vn 0.715512 0.610233 0.340086
vn 0.884400 0.180842 0.430271
vn 0.899445 0.054723 0.433594
vn 0.859035 0.364083 0.359865
vn 0.832900 0.299251 0.465538
vn 0.828046 0.433410 0.355661
vn 0.816614 0.497156 0.293220
vn 0.780481 0.512388 0.358200
vn 0.753403 0.579348 0.311029
vn 0.943220 0.055229 0.327545
vn 0.922939 0.068202 0.378856
vn 0.921946 0.252010 0.294119
vn 0.907188 0.186494 0.377133
vn 0.898989 0.305310 0.314015
vn 0.875080 0.299872 0.379883
vn 0.863207 0.401611 0.305912
vn 0.606616 0.008454 0.794950
vn 0.647143 0.101768 0.755546
vn 0.695756 0.340173 0.632618
vn 0.697554 0.213219 0.684073
vn 0.781293 0.270565 0.562474
vn 0.657956 0.485949 0.575280
vn 0.743411 0.439845 0.503861
vn 0.813505 0.328751 0.479722
vn 0.629541 0.601405 0.491925
vn 0.746251 0.514275 0.422647
vn 0.645899 0.053789 0.761526
vn 0.645047 0.167606 0.745535
vn 0.632746 0.376425 0.676710
vn 0.661593 0.286697 0.692892
vn 0.648005 0.421893 0.634110
vn 0.612347 0.523468 0.592463
vn 0.727605 0.064511 0.682956
vn 0.686255 0.064519 0.724494
vn 0.675337 0.188712 0.712957
vn 0.679494 0.343707 0.648192
vn 0.658741 0.444342 0.607141
vn 0.772723 0.060494 0.631854
vn 0.719672 0.189401 0.667981
vn 0.709731 0.263829 0.653205
vn 0.765093 0.185889 0.616504
vn 0.749237 0.265863 0.606598
vn 0.373619 0.915495 0.149261
vn 0.371176 0.905501 0.205662
vn 0.367247 0.929986 0.015962
vn 0.370969 0.923254 0.099918
vn 0.463798 0.857772 0.221628
vn 0.435456 0.899924 0.022676
vn 0.420069 0.904008 0.079444
vn 0.413980 0.901309 0.127522
vn 0.432889 0.883481 0.179076
vn 0.381342 0.922979 0.051852
vn 0.464879 0.875381 0.132649
vn 0.499912 0.848568 0.173266
vn 0.475930 0.877991 0.051209
vn 0.477454 0.873664 0.093530
vn 0.526537 0.848449 0.053786
vn 0.544448 0.833667 0.092607
vn 0.514512 0.847282 0.131872
vn 0.550771 0.812016 0.193083
vn 0.562234 0.815863 0.135135
vn 0.381199 0.883630 0.271818
vn 0.412455 0.848417 0.331768
vn 0.395026 0.846204 0.357621
vn 0.441489 0.852456 0.280011
vn 0.406928 0.883024 0.233833
vn 0.511277 0.824871 0.241212
vn 0.975379 0.063439 0.211214
vn 0.960857 0.059649 0.270547
vn 0.956815 0.206679 0.204423
vn 0.952217 0.182958 0.244558
vn 0.932308 0.347890 0.098871
vn 0.939409 0.297822 0.169745
vn 0.928086 0.285357 0.239223
vn 0.906755 0.416730 0.064279
vn 0.903634 0.411505 0.118783
vn 0.901126 0.398359 0.171122
vn 0.904204 0.371159 0.211321
vn 0.871435 0.485820 0.067671
vn 0.870137 0.474298 0.133804
vn 0.996598 0.054732 0.061622
vn 0.992035 0.051556 0.114929
vn 0.985236 0.159003 0.063468
vn 0.983187 0.151485 0.101962
vn 0.974478 0.159509 0.157955
vn 0.960072 0.273377 0.059395
vn 0.958680 0.256147 0.123778
vn 0.933783 0.356740 0.028016
vn 0.934016 0.168953 0.314751
f 14/14/14 9/9/9 10/10/10
f 25/25/25 5/5/5 24/24/24
f 28/28/28 6/6/6 27/27/27
f 28/28/28 23/23/23 24/24/24
f 4/4/4 29/29/29 31/31/31
f 31/31/31 29/29/29 30/30/30
f 34/34/34 32/32/32 33/33/33
f 34/34/34 33/33/33 37/37/37
f 39/39/39 35/35/35 38/38/38
f 38/38/38 35/35/35 37/37/37
f 44/44/44 43/43/43 50/50/50
f 54/54/54 46/46/46 53/53/53
f 47/47/47 46/46/46 54/54/54
f 49/49/49 42/42/42 34/34/34
f 53/53/53 46/46/46 50/50/50
f 54/54/54 53/53/53 59/59/59
f 34/34/34 35/35/35 52/52/52
f 52/52/52 39/39/39 65/65/65
f 65/65/65 62/62/62 56/56/56
f 65/65/65 56/56/56 59/59/59
f 73/73/73 71/71/71 72/72/72
f 80/80/80 78/78/78 70/70/70
f 80/80/80 70/70/70 72/72/72
f 81/81/81 79/79/79 80/80/80
f 88/88/88 86/86/86 78/78/78
f 88/88/88 78/78/78 80/80/80
f 89/89/89 87/87/87 88/88/88
f 93/93/93 83/83/83 92/92/92
f 92/92/92 83/83/83 85/85/85
f 95/95/95 94/94/94 86/86/86
f 95/95/95 86/86/86 88/88/88
f 97/97/97 96/96/96 89/89/89
f 97/97/97 89/89/89 90/90/90
f 111/111/111 108/108/108 98/98/98
f 111/111/111 98/98/98 100/100/100
f 101/101/101 109/109/109 110/110/110
f 114/114/114 112/112/112 101/101/101
f 114/114/114 101/101/101 103/103/103
f 119/119/119 106/106/106 118/118/118
f 119/119/119 116/116/116 117/117/117
f 110/110/110 120/120/120 121/121/121
f 126/126/126 124/124/124 125/125/125
f 132/132/132 128/128/128 116/116/116
f 132/132/132 116/116/116 118/118/118
f 135/135/135 120/120/120 134/134/134
f 135/135/135 131/131/131 132/132/132
f 137/137/137 133/133/133 134/134/134
f 138/138/138 136/136/136 137/137/137
f 68/68/68 67/67/67 124/124/124
f 68/68/68 124/124/124 126/126/126
f 142/142/142 128/128/128 141/141/141
f 129/129/129 139/139/139 140/140/140
f 72/72/72 70/70/70 136/136/136
f 72/72/72 136/136/136 138/138/138
f 33/33/33 32/32/32 140/140/140
f 142/142/142 141/141/141 146/146/146
f 142/142/142 145/145/145 139/139/139
f 147/147/147 143/143/143 75/75/75
f 149/149/149 145/145/145 148/148/148
f 149/149/149 36/36/36 37/37/37
f 152/152/152 75/75/75 83/83/83
f 152/152/152 150/150/150 151/151/151
f 154/154/154 148/148/148 153/153/153
f 93/93/93 91/91/91 150/150/150
f 93/93/93 150/150/150 152/152/152
f 160/160/160 155/155/155 156/156/156
f 160/160/160 156/156/156 17/17/17
f 162/162/162 157/157/157 158/158/158
f 163/163/163 18/18/18 162/162/162
f 18/18/18 163/163/163 164/164/164
f 165/165/165 19/19/19 164/164/164
f 165/165/165 160/160/160 17/17/17
f 165/165/165 17/17/17 20/20/20
f 167/167/167 21/21/21 166/166/166
f 166/166/166 21/21/21 26/26/26
f 173/173/173 155/155/155 172/172/172
f 173/173/173 168/168/168 169/169/169
f 173/173/173 169/169/169 174/174/174
f 174/174/174 156/156/156 173/173/173
f 175/175/175 157/157/157 107/107/107
f 175/175/175 170/170/170 171/171/171
f 159/159/159 158/158/158 175/175/175
f 159/159/159 171/171/171 172/172/172
f 180/180/180 170/170/170 117/117/117
f 180/180/180 176/176/176 177/177/177
f 172/172/172 171/171/171 180/180/180
f 172/172/172 177/177/177 178/178/178
f 181/181/181 176/176/176 127/127/127
f 181/181/181 42/42/42 43/43/43
f 182/182/182 177/177/177 181/181/181
f 178/178/178 182/182/182 45/45/45
f 45/45/45 41/41/41 179/179/179
f 140/140/140 32/32/32 42/42/42
f 140/140/140 42/42/42 127/127/127
f 190/190/190 38/38/38 189/189/189
f 192/192/192 40/40/40 191/191/191
f 195/195/195 189/189/189 194/194/194
f 193/193/193 188/188/188 190/190/190
f 194/194/194 189/189/189 192/192/192
f 198/198/198 193/193/193 197/197/197
f 200/200/200 194/194/194 199/199/199
f 199/199/199 196/196/196 201/201/201
f 203/203/203 197/197/197 202/202/202
f 206/206/206 199/199/199 205/205/205
f 205/205/205 201/201/201 183/183/183
f 204/204/204 203/203/203 207/207/207
f 209/209/209 202/202/202 206/206/206
f 212/212/212 202/202/202 211/211/211
f 211/211/211 202/202/202 209/209/209
f 216/216/216 211/211/211 215/215/215
f 217/217/217 212/212/212 216/216/216
f 220/220/220 217/217/217 222/222/222
f 217/217/217 220/220/220 214/214/214
f 221/221/221 218/218/218 223/223/223
f 186/186/186 187/187/187 223/223/223
f 219/219/219 186/186/186 223/223/223
f 58/58/58 64/64/64 224/224/224
f 188/188/188 39/39/39 190/190/190
f 188/188/188 62/62/62 65/65/65
f 229/229/229 188/188/188 193/193/193
f 231/231/231 226/226/226 227/227/227
f 232/232/232 64/64/64 231/231/231
f 232/232/232 227/227/227 228/228/228
f 234/234/234 226/226/226 233/233/233
f 227/227/227 226/226/226 234/234/234
f 236/236/236 229/229/229 198/198/198
f 233/233/233 226/226/226 230/230/230
f 234/234/234 233/233/233 238/238/238
f 236/236/236 198/198/198 204/204/204
f 236/236/236 237/237/237 238/238/238
f 245/245/245 241/241/241 244/244/244
f 92/92/92 84/84/84 260/260/260
f 263/263/263 261/261/261 262/262/262
f 257/257/257 259/259/259 270/270/270
f 272/272/272 269/269/269 270/270/270
f 273/273/273 271/271/271 272/272/272
f 275/275/275 274/274/274 263/263/263
f 275/275/275 263/263/263 264/264/264
f 265/265/265 275/275/275 264/264/264
f 277/277/277 267/267/267 278/278/278
f 277/277/277 266/266/266 268/268/268
f 280/280/280 269/269/269 272/272/272
f 282/282/282 271/271/271 273/273/273
f 283/283/283 281/281/281 282/282/282
f 183/183/183 277/277/277 286/286/286
f 279/279/279 269/269/269 289/289/289
f 280/280/280 271/271/271 290/290/290
f 292/292/292 281/281/281 283/283/283
f 284/284/284 292/292/292 283/283/283
f 286/286/286 278/278/278 295/295/295
f 297/297/297 288/288/288 290/290/290
f 291/291/291 281/281/281 298/298/298
f 301/301/301 299/299/299 300/300/300
f 303/303/303 295/295/295 302/302/302
f 305/305/305 288/288/288 297/297/297
f 306/306/306 296/296/296 298/298/298
f 308/308/308 299/299/299 301/301/301
f 307/307/307 299/299/299 317/317/317
f 187/187/187 311/311/311 320/320/320
f 187/187/187 186/186/186 311/311/311
f 322/322/322 312/312/312 321/321/321
f 321/321/321 313/313/313 323/323/323
f 313/313/313 321/321/321 312/312/312
f 314/314/314 324/324/324 323/323/323
f 323/323/323 313/313/313 314/314/314
f 324/324/324 314/314/314 316/316/316
f 325/325/325 315/315/315 317/317/317
f 191/191/191 153/153/153 256/256/256
f 191/191/191 40/40/40 154/154/154
f 328/328/328 266/266/266 277/277/277
f 183/183/183 201/201/201 328/328/328
f 8/8/8 5/5/5 329/329/329
f 8/8/8 329/329/329 330/330/330
f 336/336/336 333/333/333 337/337/337
f 329/329/329 25/25/25 341/341/341
f 342/342/342 340/340/340 343/343/343
f 331/331/331 345/345/345 346/346/346
f 347/347/347 344/344/344 348/348/348
f 355/355/355 41/41/41 356/356/356
f 355/355/355 356/356/356 357/357/357
f 356/356/356 48/48/48 55/55/55
f 364/364/364 359/359/359 358/358/358
f 365/365/365 366/366/366 367/367/367
f 364/364/364 365/365/365 367/367/367
f 61/61/61 58/58/58 368/368/368
f 365/365/365 370/370/370 372/372/372
f 370/370/370 369/369/369 374/374/374
f 370/370/370 374/374/374 375/375/375
f 375/375/375 376/376/376 377/377/377
f 372/372/372 375/375/375 377/377/377
f 379/379/379 373/373/373 380/380/380
f 373/373/373 381/381/381 382/382/382
f 380/380/380 373/373/373 382/382/382
f 381/381/381 378/378/378 384/384/384
f 388/388/388 387/387/387 389/389/389
f 392/392/392 388/388/388 393/393/393
f 339/339/339 392/392/392 393/393/393
f 393/393/393 388/388/388 389/389/389
f 394/394/394 340/340/340 393/393/393
f 396/396/396 395/395/395 397/397/397
f 344/344/344 396/396/396 397/397/397
f 386/386/386 174/174/174 401/401/401
f 401/401/401 400/400/400 387/387/387
f 389/389/389 402/402/402 404/404/404
f 390/390/390 389/389/389 404/404/404
f 404/404/404 403/403/403 405/405/405
f 391/391/391 404/404/404 405/405/405
f 400/400/400 399/399/399 355/355/355
f 409/409/409 407/407/407 410/410/410
f 402/402/402 409/409/409 410/410/410
f 410/410/410 408/408/408 411/411/411
f 403/403/403 410/410/410 411/411/411
f 357/357/357 358/358/358 413/413/413
f 413/413/413 400/400/400 357/357/357
f 413/413/413 358/358/358 359/359/359
f 413/413/413 359/359/359 414/414/414
f 407/407/407 413/413/413 414/414/414
f 414/414/414 360/360/360 408/408/408
f 398/398/398 417/417/417 419/419/419
f 354/354/354 353/353/353 421/421/421
f 416/416/416 424/424/424 425/425/425
f 418/418/418 426/426/426 428/428/428
f 412/412/412 434/434/434 435/435/435
f 424/424/424 412/412/412 435/435/435
f 438/438/438 437/437/437 439/439/439
f 429/429/429 439/439/439 440/440/440
f 433/433/433 431/431/431 441/441/441
f 433/433/433 441/441/441 442/442/442
f 446/446/446 445/445/445 447/447/447
f 448/448/448 447/447/447 449/449/449
f 437/437/437 448/448/448 449/449/449
f 440/440/440 439/439/439 450/450/450
f 441/441/441 453/453/453 454/454/454
f 442/442/442 441/441/441 454/454/454
f 444/444/444 443/443/443 415/415/415
f 444/444/444 455/455/455 456/456/456
f 445/445/445 456/456/456 457/457/457
f 460/460/460 459/459/459 461/461/461
f 456/456/456 463/463/463 464/464/464
f 457/457/457 456/456/456 464/464/464
f 459/459/459 465/465/465 466/466/466
f 468/468/468 380/380/380 382/382/382
f 463/463/463 468/468/468 469/469/469
f 469/469/469 385/385/385 472/472/472
f 442/442/442 454/454/454 476/476/476
f 451/451/451 462/462/462 475/475/475
f 478/478/478 477/477/477 481/481/481
f 466/466/466 471/471/471 485/485/485
f 483/483/483 482/482/482 489/489/489
f 485/485/485 474/474/474 493/493/493
f 495/495/495 494/494/494 496/496/496
f 492/492/492 491/491/491 497/497/497
f 492/492/492 497/497/497 498/498/498
f 503/503/503 224/224/224 228/228/228
f 503/503/503 501/501/501 504/504/504
f 499/499/499 502/502/502 505/505/505
f 502/502/502 501/501/501 506/506/506
f 502/502/502 506/506/506 507/507/507
f 505/505/505 507/507/507 508/508/508
f 507/507/507 506/506/506 510/510/510
f 511/511/511 507/507/507 510/510/510
f 508/508/508 511/511/511 512/512/512
f 514/514/514 517/517/517 518/518/518
f 515/515/515 518/518/518 519/519/519
f 377/377/377 500/500/500 528/528/528
f 378/378/378 377/377/377 528/528/528
f 384/384/384 528/528/528 529/529/529
f 529/529/529 536/536/536 532/532/532
f 530/530/530 532/532/532 533/533/533
f 536/536/536 531/531/531 534/534/534
f 532/532/532 536/536/536 537/537/537
f 533/533/533 537/537/537 538/538/538
f 542/542/542 537/537/537 541/541/541
f 538/538/538 542/542/542 543/543/543
f 539/539/539 512/512/512 544/544/544
f 545/545/545 539/539/539 544/544/544
f 541/541/541 540/540/540 546/546/546
f 519/519/519 523/523/523 553/553/553
f 548/548/548 553/553/553 554/554/554
f 551/551/551 555/555/555 556/556/556
f 552/552/552 556/556/556 557/557/557
f 557/557/557 556/556/556 561/561/561
f 564/564/564 557/557/557 561/561/561
f 565/565/565 385/385/385 530/530/530
f 472/472/472 565/565/565 566/566/566
f 572/572/572 493/493/493 571/571/571
f 496/496/496 494/494/494 575/575/575
f 578/578/578 577/577/577 584/584/584
f 578/578/578 584/584/584 585/585/585
f 570/570/570 587/587/587 589/589/589
f 581/581/581 589/589/589 599/599/599
f 590/590/590 581/581/581 599/599/599
f 583/583/583 590/590/590 601/601/601
f 594/594/594 604/604/604 605/605/605
f 602/602/602 601/601/601 609/609/609
f 592/592/592 602/602/602 611/611/611
f 618/618/618 598/598/598 617/617/617
f 628/628/628 619/619/619 627/627/627
f 624/624/624 564/564/564 633/633/633
f 637/637/637 628/628/628 636/636/636
f 629/629/629 637/637/637 638/638/638
f 632/632/632 641/641/641 642/642/642
f 651/651/651 648/648/648 652/652/652
f 651/651/651 659/659/659 647/647/647
f 706/706/706 646/646/646 661/661/661
f 661/661/661 646/646/646 659/659/659
f 661/661/661 659/659/659 662/662/662
f 663/663/663 655/655/655 656/656/656
f 666/666/666 663/663/663 667/667/667
f 676/676/676 68/68/68 673/673/673
f 678/678/678 677/677/677 679/679/679
f 682/682/682 82/82/82 74/74/74
f 684/684/684 683/683/683 685/685/685
f 685/685/685 678/678/678 679/679/679
f 686/686/686 685/685/685 680/680/680
f 680/680/680 685/685/685 679/679/679
f 691/691/691 690/690/690 692/692/692
f 692/692/692 684/684/684 685/685/685
f 693/693/693 692/692/692 686/686/686
f 686/686/686 692/692/692 685/685/685
f 698/698/698 691/691/691 692/692/692
f 699/699/699 698/698/698 693/693/693
f 693/693/693 698/698/698 692/692/692
f 704/704/704 703/703/703 705/705/705
f 712/712/712 702/702/702 703/703/703
f 704/704/704 712/712/712 703/703/703
f 725/725/725 715/715/715 717/717/717
f 710/710/710 718/718/718 709/709/709
f 727/727/727 725/725/725 717/717/717
f 728/728/728 727/727/727 729/729/729
f 731/731/731 720/720/720 721/721/721
f 732/732/732 731/731/731 733/733/733
f 675/675/675 674/674/674 735/735/735
f 724/724/724 734/734/734 723/723/723
f 736/736/736 735/735/735 737/737/737
f 745/745/745 737/737/737 738/738/738
f 739/739/739 728/728/728 729/729/729
f 740/740/740 739/739/739 741/741/741
f 742/742/742 741/741/741 732/732/732
f 732/732/732 741/741/741 730/730/730
f 679/679/679 675/675/675 735/735/735
f 680/680/680 679/679/679 736/736/736
f 736/736/736 679/679/679 735/735/735
f 745/745/745 736/736/736 737/737/737
f 750/750/750 743/743/743 751/751/751
f 752/752/752 746/746/746 747/747/747
f 754/754/754 749/749/749 750/750/750
f 755/755/755 688/688/688 752/752/752
f 754/754/754 757/757/757 753/753/753
f 757/757/757 762/762/762 756/756/756
f 664/664/664 764/764/764 661/661/661
f 765/765/765 664/664/664 665/665/665
f 769/769/769 669/669/669 670/670/670
f 770/770/770 670/670/670 671/671/671
f 771/771/771 767/767/767 772/772/772
f 774/774/774 770/770/770 672/672/672
f 672/672/672 770/770/770 671/671/671
f 775/775/775 774/774/774 776/776/776
f 776/776/776 774/774/774 672/672/672
f 777/777/777 771/771/771 772/772/772
f 778/778/778 777/777/777 779/779/779
f 779/779/779 773/773/773 780/780/780
f 781/781/781 775/775/775 776/776/776
f 783/783/783 781/781/781 784/784/784
f 784/784/784 781/781/781 782/782/782
f 785/785/785 778/778/778 779/779/779
f 786/786/786 785/785/785 787/787/787
f 787/787/787 780/780/780 783/783/783
f 784/784/784 788/788/788 783/783/783
f 791/791/791 786/786/786 787/787/787
f 792/792/792 787/787/787 783/783/783
f 759/759/759 751/751/751 797/797/797
f 798/798/798 825/825/825 799/799/799
f 802/802/802 797/797/797 798/798/798
f 804/804/804 802/802/802 805/805/805
f 809/809/809 810/810/810 811/811/811
f 815/815/815 791/791/791 816/816/816
f 814/814/814 793/793/793 788/788/788
f 796/796/796 790/790/790 815/815/815
f 821/821/821 817/817/817 793/793/793
f 825/825/825 796/796/796 815/815/815
f 826/826/826 819/819/819 820/820/820
f 823/823/823 826/826/826 820/820/820
f 829/829/829 824/824/824 822/822/822
f 830/830/830 827/827/827 826/826/826
f 832/832/832 828/828/828 824/824/824
f 859/859/859 857/857/857 840/840/840
f 859/859/859 840/840/840 842/842/842
f 865/865/865 863/863/863 848/848/848
f 848/848/848 863/863/863 846/846/846
f 867/867/867 851/851/851 870/870/870
f 852/852/852 867/867/867 850/850/850
f 852/852/852 851/851/851 867/867/867
f 853/853/853 868/868/868 869/869/869
f 870/870/870 851/851/851 854/854/854
f 871/871/871 868/868/868 853/853/853
f 871/871/871 853/853/853 856/856/856
f 885/885/885 882/882/882 886/886/886
f 915/915/915 916/916/916 919/919/919
f 882/882/882 915/915/915 919/919/919
f 919/919/919 920/920/920 922/922/922
f 924/924/924 887/887/887 922/922/922
f 924/924/924 925/925/925 927/927/927
f 897/897/897 927/927/927 930/930/930
f 933/933/933 929/929/929 930/930/930
f 933/933/933 930/930/930 931/931/931
f 937/937/937 918/918/918 935/935/935
f 939/939/939 921/921/921 937/937/937
f 939/939/939 940/940/940 926/926/926
f 932/932/932 942/942/942 931/931/931
f 943/943/943 942/942/942 932/932/932
f 956/956/956 879/879/879 950/950/950
f 950/950/950 879/879/879 864/864/864
f 957/957/957 950/950/950 951/951/951
f 956/956/956 950/950/950 958/958/958
f 953/953/953 957/957/957 951/951/951
f 955/955/955 959/959/959 953/953/953
f 971/971/971 949/949/949 966/966/966
f 970/970/970 974/974/974 969/969/969
f 971/971/971 972/972/972 977/977/977
f 979/979/979 974/974/974 970/970/970
f 982/982/982 978/978/978 974/974/974
f 983/983/983 979/979/979 980/980/980
f 976/976/976 989/989/989 980/980/980
f 976/976/976 987/987/987 989/989/989
f 962/962/962 955/955/955 981/981/981
f 982/982/982 991/991/991 978/978/978
f 964/964/964 962/962/962 984/984/984
f 984/984/984 962/962/962 981/981/981
f 997/997/997 993/993/993 994/994/994
f 1009/1009/1009 701/701/701 1010/1010/1010
f 1012/1012/1012 1003/1003/1003 1004/1004/1004
f 1026/1026/1026 1025/1025/1025 1014/1014/1014
f 1014/1014/1014 1025/1025/1025 1013/1013/1013
f 1018/1018/1018 1028/1028/1028 1016/1016/1016
f 1029/1029/1029 1018/1018/1018 1017/1017/1017
f 1030/1030/1030 1029/1029/1029 1019/1019/1019
f 1031/1031/1031 1021/1021/1021 1022/1022/1022
f 1034/1034/1034 1024/1024/1024 1025/1025/1025
f 1026/1026/1026 1034/1034/1034 1025/1025/1025
f 1035/1035/1035 1026/1026/1026 1014/1014/1014
f 1036/1036/1036 1028/1028/1028 1037/1037/1037
f 1037/1037/1037 1018/1018/1018 1029/1029/1029
f 1038/1038/1038 1037/1037/1037 1039/1039/1039
f 1039/1039/1039 1029/1029/1029 1030/1030/1030
f 1040/1040/1040 1039/1039/1039 1041/1041/1041
f 1049/1049/1049 1036/1036/1036 1037/1037/1037
f 1038/1038/1038 1049/1049/1049 1037/1037/1037
f 1050/1050/1050 1038/1038/1038 1039/1039/1039
f 1052/1052/1052 1042/1042/1042 1043/1043/1043
f 1045/1045/1045 1052/1052/1052 1043/1043/1043
f 1053/1053/1053 1045/1045/1045 1046/1046/1046
f 1047/1047/1047 1053/1053/1053 1046/1046/1046
f 1062/1062/1062 1071/1071/1071 1061/1061/1061
f 1072/1072/1072 1062/1062/1062 1063/1063/1063
f 1064/1064/1064 1072/1072/1072 1063/1063/1063
f 1065/1065/1065 1073/1073/1073 1064/1064/1064
f 1080/1080/1080 1077/1077/1077 1078/1078/1078
f 1090/1090/1090 1088/1088/1088 1089/1089/1089
f 1089/1089/1089 1088/1088/1088 1103/1103/1103
f 1104/1104/1104 1102/1102/1102 1103/1103/1103
f 1105/1105/1105 1102/1102/1102 1104/1104/1104
f 1096/1096/1096 1106/1106/1106 1107/1107/1107
f 1113/1113/1113 1101/1101/1101 1103/1103/1103
f 1116/1116/1116 1115/1115/1115 1114/1114/1114
f 1117/1117/1117 1115/1115/1115 1116/1116/1116
f 1122/1122/1122 1109/1109/1109 1111/1111/1111
f 1126/1126/1126 1124/1124/1124 1125/1125/1125
f 1130/1130/1130 1118/1118/1118 1122/1122/1122
f 1125/1125/1125 1124/1124/1124 1132/1132/1132
f 1132/1132/1132 1124/1124/1124 1127/1127/1127
f 1129/1129/1129 1118/1118/1118 1137/1137/1137
f 1136/1136/1136 1130/1130/1130 1139/1139/1139
f 1139/1139/1139 1131/1131/1131 1138/1138/1138
f 1139/1139/1139 1130/1130/1130 1131/1131/1131
f 1144/1144/1144 1133/1133/1133 1135/1135/1135
f 1152/1152/1152 1141/1141/1141 1143/1143/1143
f 1160/1160/1160 800/800/800 801/801/801
f 1164/1164/1164 1160/1160/1160 1165/1165/1165
f 1177/1177/1177 1169/1169/1169 1170/1170/1170
f 1183/1183/1183 1177/1177/1177 1178/1178/1178
f 1193/1193/1193 1186/1186/1186 1187/1187/1187
f 795/795/795 1084/1084/1084 1194/1194/1194
f 1205/1205/1205 1080/1080/1080 1206/1206/1206
f 1207/1207/1207 1161/1161/1161 1169/1169/1169
f 1210/1210/1210 1090/1090/1090 1207/1207/1207
f 1200/1200/1200 1193/1193/1193 1213/1213/1213
f 1223/1223/1223 834/834/834 835/835/835
f 836/836/836 1224/1224/1224 835/835/835
f 1230/1230/1230 1223/1223/1223 1224/1224/1224
f 1229/1229/1229 1230/1230/1230 1233/1233/1233
f 1233/1233/1233 1230/1230/1230 1225/1225/1225
f 1225/1225/1225 1230/1230/1230 1224/1224/1224
f 1235/1235/1235 1214/1214/1214 1234/1234/1234
f 1258/1258/1258 1244/1244/1244 1245/1245/1245
f 1260/1260/1260 1254/1254/1254 1255/1255/1255
f 1261/1261/1261 1260/1260/1260 1262/1262/1262
f 1260/1260/1260 1255/1255/1255 1271/1271/1271
f 1264/1264/1264 1275/1275/1275 1277/1277/1277
f 1268/1268/1268 1279/1279/1279 1267/1267/1267
f 1285/1285/1285 1283/1283/1283 1284/1284/1284
f 1288/1288/1288 1297/1297/1297 1287/1287/1287
f 1325/1325/1325 1318/1318/1318 1319/1319/1319
f 1086/1086/1086 866/866/866 1332/1332/1332
f 1086/1086/1086 794/794/794 866/866/866
f 869/869/869 868/868/868 1334/1334/1334
f 1335/1335/1335 1333/1333/1333 1334/1334/1334
f 1337/1337/1337 872/872/872 1339/1339/1339
f 1337/1337/1337 871/871/871 872/872/872
f 874/874/874 1338/1338/1338 1339/1339/1339
f 1340/1340/1340 876/876/876 1341/1341/1341
f 1100/1100/1100 1085/1085/1085 1332/1332/1332
f 1346/1346/1346 1344/1344/1344 1345/1345/1345
f 1348/1348/1348 1347/1347/1347 1336/1336/1336
f 1348/1348/1348 1336/1336/1336 1339/1339/1339
f 1110/1110/1110 1343/1343/1343 1353/1353/1353
f 1354/1354/1354 1352/1352/1352 1353/1353/1353
f 1358/1358/1358 1347/1347/1347 1348/1348/1348
f 1349/1349/1349 1358/1358/1358 1348/1348/1348
f 1362/1362/1362 1123/1123/1123 1121/1121/1121
f 1365/1365/1365 1363/1363/1363 1364/1364/1364
f 1365/1365/1365 1355/1355/1355 1363/1363/1363
f 1365/1365/1365 1354/1354/1354 1355/1355/1355
f 1305/1305/1305 1359/1359/1359 1368/1368/1368
f 1364/1364/1364 1363/1363/1363 1371/1371/1371
f 1367/1367/1367 1304/1304/1304 1308/1308/1308
f 1373/1373/1373 1370/1370/1370 1372/1372/1372
f 1372/1372/1372 1370/1370/1370 1371/1371/1371
f 1374/1374/1374 1306/1306/1306 1312/1312/1312
f 1373/1373/1373 1372/1372/1372 1375/1375/1375
f 1374/1374/1374 1312/1312/1312 1319/1319/1319
f 1377/1377/1377 1375/1375/1375 1376/1376/1376
f 934/934/934 813/813/813 1378/1378/1378
f 1378/1378/1378 1379/1379/1379 936/936/936
f 945/945/945 944/944/944 1380/1380/1380
f 1385/1385/1385 1383/1383/1383 1384/1384/1384
f 947/947/947 941/941/941 1385/1385/1385
f 1389/1389/1389 1381/1381/1381 1388/1388/1388
f 1391/1391/1391 1382/1382/1382 1390/1390/1390
f 1384/1384/1384 1382/1382/1382 1391/1391/1391
f 1400/1400/1400 1390/1390/1390 1399/1399/1399
f 1400/1400/1400 1401/1401/1401 1392/1392/1392
f 1416/1416/1416 1422/1422/1422 1417/1417/1417
f 1418/1418/1418 1408/1408/1408 1417/1417/1417
f 1411/1411/1411 1410/1410/1410 1419/1419/1419
f 1413/1413/1413 1412/1412/1412 1420/1420/1420
f 1436/1436/1436 1442/1442/1442 1444/1444/1444
f 1453/1453/1453 960/960/960 1454/1454/1454
f 1461/1461/1461 1460/1460/1460 1462/1462/1462
f 1453/1453/1453 1463/1463/1463 1452/1452/1452
f 1464/1464/1464 1463/1463/1463 1465/1465/1465
f 1473/1473/1473 1465/1465/1465 1474/1474/1474
f 1478/1478/1478 1468/1468/1468 1469/1469/1469
f 1479/1479/1479 1478/1478/1478 1480/1480/1480
f 1471/1471/1471 1482/1482/1482 1470/1470/1470
f 1483/1483/1483 1482/1482/1482 1484/1484/1484
f 1479/1479/1479 1490/1490/1490 1477/1477/1477
f 1492/1492/1492 1480/1480/1480 1493/1493/1493
f 1311/1311/1311 1369/1369/1369 1494/1494/1494
f 1500/1500/1500 1509/1509/1509 1499/1499/1499
f 1501/1501/1501 1510/1510/1510 1500/1500/1500
f 1513/1513/1513 1503/1503/1503 1504/1504/1504
f 1506/1506/1506 1515/1515/1515 1446/1446/1446
f 1508/1508/1508 1517/1517/1517 1507/1507/1507
f 1516/1516/1516 1526/1526/1526 1515/1515/1515
f 1518/1518/1518 1528/1528/1528 1517/1517/1517
f 1529/1529/1529 1518/1518/1518 1519/1519/1519
f 1530/1530/1530 1519/1519/1519 1520/1520/1520
f 1521/1521/1521 1530/1530/1530 1520/1520/1520
f 1531/1531/1531 1521/1521/1521 1522/1522/1522
f 1532/1532/1532 1523/1523/1523 1524/1524/1524
f 990/990/990 1533/1533/1533 1534/1534/1534
f 997/997/997 1535/1535/1535 996/996/996
f 997/997/997 994/994/994 1536/1536/1536
f 1538/1538/1538 965/965/965 998/998/998
f 996/996/996 1535/1535/1535 1540/1540/1540
f 1542/1542/1542 1539/1539/1539 1000/1000/1000
f 1543/1543/1543 1001/1001/1001 1540/1540/1540
f 1541/1541/1541 1547/1547/1547 1540/1540/1540
f 1542/1542/1542 1550/1550/1550 1539/1539/1539
f 1552/1552/1552 1547/1547/1547 1541/1541/1541
f 1552/1552/1552 1541/1541/1541 1548/1548/1548
f 1553/1553/1553 1550/1550/1550 1542/1542/1542
f 1554/1554/1554 1551/1551/1551 1547/1547/1547
f 1560/1560/1560 1556/1556/1556 1557/1557/1557
f 1565/1565/1565 1558/1558/1558 1559/1559/1559
f 1565/1565/1565 1559/1559/1559 1569/1569/1569
f 1582/1582/1582 1576/1576/1576 1577/1577/1577
f 1575/1575/1575 1583/1583/1583 1585/1585/1585
f 1582/1582/1582 1577/1577/1577 1591/1591/1591
f 1585/1585/1585 1592/1592/1592 1584/1584/1584
f 1585/1585/1585 1583/1583/1583 1592/1592/1592
f 1584/1584/1584 1592/1592/1592 1597/1597/1597
f 1002/1002/1002 948/948/948 1602/1602/1602
f 1604/1604/1604 1533/1533/1533 1602/1602/1602
f 1603/1603/1603 1387/1387/1387 1606/1606/1606
f 1607/1607/1607 1605/1605/1605 1606/1606/1606
f 1604/1604/1604 1605/1605/1605 1608/1608/1608
f 1396/1396/1396 1405/1405/1405 1610/1610/1610
f 1611/1611/1611 1609/1609/1609 1610/1610/1610
f 1607/1607/1607 1612/1612/1612 1608/1608/1608
f 1607/1607/1607 1609/1609/1609 1612/1612/1612
f 1610/1610/1610 1405/1405/1405 1616/1616/1616
f 1616/1616/1616 1405/1405/1405 1413/1413/1413
f 1611/1611/1611 1617/1617/1617 1609/1609/1609
f 1614/1614/1614 1619/1619/1619 1613/1613/1613
f 1622/1622/1622 1566/1566/1566 1620/1620/1620
f 1625/1625/1625 1623/1623/1623 1624/1624/1624
f 1621/1621/1621 1628/1628/1628 1620/1620/1620
f 1622/1622/1622 1575/1575/1575 1566/1566/1566
f 1625/1625/1625 1630/1630/1630 1623/1623/1623
f 1626/1626/1626 1630/1630/1630 1631/1631/1631
f 1631/1631/1631 1630/1630/1630 1625/1625/1625
f 1636/1636/1636 1634/1634/1634 1635/1635/1635
f 1635/1635/1635 1632/1632/1632 1641/1641/1641
f 1641/1641/1641 1632/1632/1632 1640/1640/1640
f 1636/1636/1636 1642/1642/1642 1634/1634/1634
f 1650/1650/1650 1587/1587/1587 1588/1588/1588
f 1650/1650/1650 1588/1588/1588 1653/1653/1653
f 1654/1654/1654 1657/1657/1657 1653/1653/1653
f 1659/1659/1659 337/337/337 1660/1660/1660
f 1663/1663/1663 1659/1659/1659 1660/1660/1660
f 1665/1665/1665 1662/1662/1662 1663/1663/1663
f 658/658/658 657/657/657 1666/1666/1666
f 1666/1666/1666 657/657/657 1664/1664/1664
f 1665/1665/1665 1672/1672/1672 1664/1664/1664
f 668/668/668 658/658/658 1666/1666/1666
f 1679/1679/1679 1674/1674/1674 1675/1675/1675
f 1681/1681/1681 1677/1677/1677 1678/1678/1678
f 1679/1679/1679 1685/1685/1685 1678/1678/1678
f 1680/1680/1680 1687/1687/1687 671/671/671
f 1681/1681/1681 1688/1688/1688 1680/1680/1680
f 1690/1690/1690 1685/1685/1685 1686/1686/1686
f 1691/1691/1691 1687/1687/1687 1688/1688/1688
f 1691/1691/1691 1688/1688/1688 1692/1692/1692
f 1696/1696/1696 1691/1691/1691 1692/1692/1692
f 1694/1694/1694 1698/1698/1698 1693/1693/1693
f 782/782/782 776/776/776 1695/1695/1695
f 1696/1696/1696 1700/1700/1700 1695/1695/1695
f 1701/1701/1701 1692/1692/1692 1698/1698/1698
f 1702/1702/1702 1698/1698/1698 1699/1699/1699
f 784/784/784 782/782/782 1703/1703/1703
f 1704/1704/1704 1700/1700/1700 1696/1696/1696
f 1701/1701/1701 1706/1706/1706 1696/1696/1696
f 1702/1702/1702 1707/1707/1707 1701/1701/1701
f 789/789/789 784/784/784 1703/1703/1703
f 1709/1709/1709 1703/1703/1703 1704/1704/1704
f 1710/1710/1710 1706/1706/1706 1707/1707/1707
f 1711/1711/1711 1707/1707/1707 1708/1708/1708
f 1713/1713/1713 1709/1709/1709 1704/1704/1704
f 1683/1683/1683 1720/1720/1720 1671/1671/1671
f 1683/1683/1683 1682/1682/1682 1720/1720/1720
f 1725/1725/1725 1686/1686/1686 1724/1724/1724
f 1719/1719/1719 1726/1726/1726 1718/1718/1718
f 1724/1724/1724 1722/1722/1722 1731/1731/1731
f 1725/1725/1725 1697/1697/1697 1690/1690/1690
f 1733/1733/1733 1731/1731/1731 1732/1732/1732
f 1734/1734/1734 1725/1725/1725 1733/1733/1733
f 1728/1728/1728 1727/1727/1727 1736/1736/1736
f 1736/1736/1736 1727/1727/1727 1735/1735/1735
f 1730/1730/1730 1728/1728/1728 1737/1737/1737
f 1737/1737/1737 1728/1728/1728 1736/1736/1736
f 1732/1732/1732 1729/1729/1729 1738/1738/1738
f 1742/1742/1742 1738/1738/1738 1739/1739/1739
f 1734/1734/1734 1705/1705/1705 1699/1699/1699
f 1744/1744/1744 1705/1705/1705 1743/1743/1743
f 1736/1736/1736 1735/1735/1735 1746/1746/1746
f 1740/1740/1740 1737/1737/1737 1748/1748/1748
f 1748/1748/1748 1737/1737/1737 1747/1747/1747
f 1742/1742/1742 1749/1749/1749 1741/1741/1741
f 1742/1742/1742 1739/1739/1739 1750/1750/1750
f 1750/1750/1750 1739/1739/1739 1748/1748/1748
f 1752/1752/1752 1749/1749/1749 1750/1750/1750
f 1754/1754/1754 1751/1751/1751 1752/1752/1752
f 1716/1716/1716 1712/1712/1712 1753/1753/1753
f 1748/1748/1748 1747/1747/1747 1755/1755/1755
f 1759/1759/1759 1756/1756/1756 1757/1757/1757
f 1716/1716/1716 1753/1753/1753 1717/1717/1717
f 1762/1762/1762 1753/1753/1753 1760/1760/1760
f 1759/1759/1759 1763/1763/1763 1758/1758/1758
f 1759/1759/1759 1757/1757/1757 1764/1764/1764
f 1762/1762/1762 1766/1766/1766 1717/1717/1717
f 1767/1767/1767 1760/1760/1760 1765/1765/1765
f 1764/1764/1764 1768/1768/1768 1763/1763/1763
f 1762/1762/1762 1770/1770/1770 1766/1766/1766
f 1772/1772/1772 1775/1775/1775 1771/1771/1771
f 1776/1776/1776 1772/1772/1772 1774/1774/1774
f 1746/1746/1746 1735/1735/1735 1777/1777/1777
f 1777/1777/1777 476/476/476 479/479/479
f 1778/1778/1778 1746/1746/1746 1781/1781/1781
f 1755/1755/1755 1747/1747/1747 1781/1781/1781
f 1782/1782/1782 1780/1780/1780 1786/1786/1786
f 1755/1755/1755 1781/1781/1781 1788/1788/1788
f 1788/1788/1788 1781/1781/1781 1786/1786/1786
f 1764/1764/1764 1757/1757/1757 1783/1783/1783
f 1788/1788/1788 1786/1786/1786 1794/1794/1794
f 1794/1794/1794 1786/1786/1786 1792/1792/1792
f 1764/1764/1764 1783/1783/1783 1797/1797/1797
f 1797/1797/1797 1783/1783/1783 1795/1795/1795
f 1790/1790/1790 492/492/492 1798/1798/1798
f 1794/1794/1794 1792/1792/1792 1801/1801/1801
f 1797/1797/1797 1795/1795/1795 1806/1806/1806
f 1774/1774/1774 1773/1773/1773 1805/1805/1805
f 814/814/814 789/789/789 1808/1808/1808
f 1808/1808/1808 789/789/789 1709/1709/1709
f 818/818/818 814/814/814 1808/1808/1808
f 1810/1810/1810 1812/1812/1812 1809/1809/1809
f 1815/1815/1815 822/822/822 1812/1812/1812
f 1816/1816/1816 1810/1810/1810 1813/1813/1813
f 1815/1815/1815 829/829/829 822/822/822
f 1820/1820/1820 1817/1817/1817 1818/1818/1818
f 1819/1819/1819 1822/1822/1822 1815/1815/1815
f 1820/1820/1820 1824/1824/1824 1817/1817/1817
f 1824/1824/1824 1826/1826/1826 1823/1823/1823
f 1831/1831/1831 1826/1826/1826 1827/1827/1827
f 1766/1766/1766 1770/1770/1770 1833/1833/1833
f 1834/1834/1834 1770/1770/1770 1771/1771/1771
f 1835/1835/1835 1821/1821/1821 1833/1833/1833
f 1834/1834/1834 1836/1836/1836 1833/1833/1833
f 1835/1835/1835 1828/1828/1828 1820/1820/1820
f 1776/1776/1776 1774/1774/1774 1839/1839/1839
f 1865/1865/1865 1858/1858/1858 1866/1866/1866
f 1869/1869/1869 1870/1870/1870 1876/1876/1876
f 1866/1866/1866 1858/1858/1858 1891/1891/1891
f 1893/1893/1893 1894/1894/1894 1896/1896/1896
f 1880/1880/1880 1874/1874/1874 1901/1901/1901
f 1890/1890/1890 1888/1888/1888 1916/1916/1916
f 1918/1918/1918 1917/1917/1917 1919/1919/1919
f 1907/1907/1907 1906/1906/1906 1924/1924/1924
f 1888/1888/1888 1907/1907/1907 1924/1924/1924
f 1931/1931/1931 1929/1929/1929 1930/1930/1930
f 1931/1931/1931 1930/1930/1930 1932/1932/1932
f 1912/1912/1912 1911/1911/1911 1935/1935/1935
f 1906/1906/1906 1912/1912/1912 1935/1935/1935
f 1932/1932/1932 1930/1930/1930 1941/1941/1941
f 1911/1911/1911 1913/1913/1913 1945/1945/1945
f 1935/1935/1935 1945/1945/1945 1946/1946/1946
f 1955/1955/1955 1945/1945/1945 1914/1914/1914
f 1946/1946/1946 1955/1955/1955 1954/1954/1954
f 1946/1946/1946 1954/1954/1954 1956/1956/1956
f 1952/1952/1952 1962/1962/1962 1963/1963/1963
f 1915/1915/1915 632/632/632 1965/1965/1965
f 1914/1914/1914 1915/1915/1915 1965/1965/1965
f 1967/1967/1967 1954/1954/1954 1966/1966/1966
f 1958/1958/1958 1968/1968/1968 1969/1969/1969
f 1971/1971/1971 1970/1970/1970 1972/1972/1972
f 1967/1967/1967 1975/1975/1975 1976/1976/1976
f 1967/1967/1967 1976/1976/1976 1977/1977/1977
f 1978/1978/1978 1968/1968/1968 1977/1977/1977
f 1829/1829/1829 1224/1224/1224 836/836/836
f 1985/1985/1985 1829/1829/1829 1825/1825/1825
f 1830/1830/1830 1985/1985/1985 1825/1825/1825
f 1983/1983/1983 1830/1830/1830 1826/1826/1826
f 1831/1831/1831 1983/1983/1983 1826/1826/1826
f 1830/1830/1830 1986/1986/1986 1985/1985/1985
f 1988/1988/1988 1983/1983/1983 1831/1831/1831
f 1984/1984/1984 1988/1988/1988 1831/1831/1831
f 1989/1989/1989 1985/1985/1985 1986/1986/1986
f 1988/1988/1988 1990/1990/1990 1987/1987/1987
f 1989/1989/1989 1245/1245/1245 1225/1225/1225
f 1992/1992/1992 1995/1995/1995 1989/1989/1989
f 1990/1990/1990 1993/1993/1993 1996/1996/1996
f 1999/1999/1999 1992/1992/1992 1996/1996/1996
f 1994/1994/1994 2000/2000/2000 1996/1996/1996
f 1834/1834/1834 2012/2012/2012 1836/1836/1836
f 1837/1837/1837 1775/1775/1775 2013/2013/2013
f 2013/2013/2013 1775/1775/1775 1838/1838/1838
f 2014/2014/2014 1828/1828/1828 1836/1836/1836
f 1984/1984/1984 1827/1827/1827 2014/2014/2014
f 2013/2013/2013 2015/2015/2015 2012/2012/2012
f 2013/2013/2013 1838/1838/1838 2016/2016/2016
f 2012/2012/2012 2015/2015/2015 2018/2018/2018
f 2016/2016/2016 2019/2019/2019 2015/2015/2015
f 2018/2018/2018 2020/2020/2020 2017/2017/2017
f 2017/2017/2017 1991/1991/1991 1984/1984/1984
f 2021/2021/2021 2025/2025/2025 2020/2020/2020
f 2021/2021/2021 2022/2022/2022 2026/2026/2026
f 2026/2026/2026 2022/2022/2022 2023/2023/2023
f 2027/2027/2027 1991/1991/1991 2020/2020/2020
f 2026/2026/2026 2031/2031/2031 2025/2025/2025
f 2027/2027/2027 1997/1997/1997 1994/1994/1994
f 2032/2032/2032 2027/2027/2027 2025/2025/2025
f 2039/2039/2039 2044/2044/2044 2004/2004/2004
f 2007/2007/2007 2004/2004/2004 2044/2044/2044
f 2041/2041/2041 2046/2046/2046 2040/2040/2040
f 2047/2047/2047 2041/2041/2041 2042/2042/2042
f 2045/2045/2045 2050/2050/2050 2044/2044/2044
f 2058/2058/2058 2055/2055/2055 2056/2056/2056
f 2059/2059/2059 1842/1842/1842 1908/1908/1908
f 2062/2062/2062 2052/2052/2052 2053/2053/2053
f 2065/2065/2065 2062/2062/2062 2066/2066/2066
f 2077/2077/2077 2066/2066/2066 2067/2067/2067
f 2080/2080/2080 2077/2077/2077 2081/2081/2081
f 2071/2071/2071 2082/2082/2082 2070/2070/2070
f 2085/2085/2085 2074/2074/2074 2075/2075/2075
f 2087/2087/2087 2079/2079/2079 2080/2080/2080
f 2093/2093/2093 2084/2084/2084 2085/2085/2085
f 2087/2087/2087 2095/2095/2095 2086/2086/2086
f 2096/2096/2096 2087/2087/2087 2088/2088/2088
f 2097/2097/2097 2096/2096/2096 2098/2098/2098
f 2104/2104/2104 2110/2110/2110 2103/2103/2103
f 2111/2111/2111 2104/2104/2104 2105/2105/2105
f 2114/2114/2114 2063/2063/2063 2056/2056/2056
f 2115/2115/2115 2063/2063/2063 2114/2114/2114
f 2117/2117/2117 1934/1934/1934 2122/2122/2122
f 2118/2118/2118 2078/2078/2078 2069/2069/2069
f 2140/2140/2140 2136/2136/2136 2137/2137/2137
f 222/222/222 2178/2178/2178 2179/2179/2179
f 221/221/221 2181/2181/2181 2177/2177/2177
f 2178/2178/2178 2177/2177/2177 2183/2183/2183
f 2189/2189/2189 2183/2183/2183 2188/2188/2188
f 2184/2184/2184 2189/2189/2189 2187/2187/2187
f 2187/2187/2187 2182/2182/2182 2184/2184/2184
f 2186/2186/2186 2190/2190/2190 2188/2188/2188
f 2186/2186/2186 2188/2188/2188 2177/2177/2177
f 2173/2173/2173 2174/2174/2174 2191/2191/2191
f 2198/2198/2198 2194/2194/2194 2197/2197/2197
f 2195/2195/2195 2199/2199/2199 2200/2200/2200
f 2193/2193/2193 2200/2200/2200 2197/2197/2197
f 2196/2196/2196 2175/2175/2175 2201/2201/2201
f 2196/2196/2196 2201/2201/2201 2199/2199/2199
f 2196/2196/2196 2199/2199/2199 2195/2195/2195
f 2203/2203/2203 2198/2198/2198 2202/2202/2202
f 2197/2197/2197 2204/2204/2204 2202/2202/2202
f 2199/2199/2199 2205/2205/2205 2206/2206/2206
f 2202/2202/2202 2208/2208/2208 2207/2207/2207
f 2206/2206/2206 2209/2209/2209 2210/2210/2210
f 2210/2210/2210 2212/2212/2212 2208/2208/2208
f 2226/2226/2226 2230/2230/2230 2231/2231/2231
f 2232/2232/2232 2227/2227/2227 2231/2231/2231
f 2192/2192/2192 2198/2198/2198 2230/2230/2230
f 2233/2233/2233 2232/2232/2232 2237/2237/2237
f 2235/2235/2235 2236/2236/2236 2231/2231/2231
f 2238/2238/2238 2237/2237/2237 2240/2240/2240
f 2203/2203/2203 2207/2207/2207 2211/2211/2211
f 2236/2236/2236 2241/2241/2241 2239/2239/2239
f 2246/2246/2246 2237/2237/2237 2242/2242/2242
f 2241/2241/2241 2211/2211/2211 2243/2243/2243
f 2244/2244/2244 2241/2241/2241 2243/2243/2243
f 2242/2242/2242 2245/2245/2245 2246/2246/2246
f 2248/2248/2248 2211/2211/2211 2213/2213/2213
f 2249/2249/2249 2258/2258/2258 2259/2259/2259
f 2254/2254/2254 2253/2253/2253 2263/2263/2263
f 2259/2259/2259 2268/2268/2268 2174/2174/2174
f 2174/2174/2174 2173/2173/2173 2259/2259/2259
f 2262/2262/2262 2271/2271/2271 2272/2272/2272
f 2265/2265/2265 2273/2273/2273 2263/2263/2263
f 2269/2269/2269 2278/2278/2278 2279/2279/2279
f 2270/2270/2270 2280/2280/2280 2278/2278/2278
f 2270/2270/2270 2278/2278/2278 2269/2269/2269
f 2272/2272/2272 2271/2271/2271 2281/2281/2281
f 2265/2265/2265 2274/2274/2274 2284/2284/2284
f 2277/2277/2277 2287/2287/2287 2201/2201/2201
f 2279/2279/2279 2278/2278/2278 2288/2288/2288
f 2278/2278/2278 2280/2280/2280 2289/2289/2289
f 2283/2283/2283 2290/2290/2290 2281/2281/2281
f 2286/2286/2286 2293/2293/2293 2284/2284/2284
f 2296/2296/2296 2294/2294/2294 2295/2295/2295
f 2291/2291/2291 2299/2299/2299 2289/2289/2289
f 2283/2283/2283 2292/2292/2292 2301/2301/2301
f 2301/2301/2301 2292/2292/2292 2293/2293/2293
f 2302/2302/2302 2293/2293/2293 2294/2294/2294
f 2296/2296/2296 2302/2302/2302 2294/2294/2294
f 2297/2297/2297 2304/2304/2304 2303/2303/2303
f 2298/2298/2298 2299/2299/2299 2305/2305/2305
f 2313/2313/2313 2304/2304/2304 2305/2305/2305
f 2291/2291/2291 2300/2300/2300 2306/2306/2306
f 2311/2311/2311 2309/2309/2309 2310/2310/2310
f 2355/2355/2355 2315/2315/2315 2316/2316/2316
f 2307/2307/2307 2317/2317/2317 2318/2318/2318
f 2201/2201/2201 2297/2297/2297 2205/2205/2205
f 2322/2322/2322 2312/2312/2312 2214/2214/2214
f 2322/2322/2322 2214/2214/2214 2209/2209/2209
f 2324/2324/2324 2213/2213/2213 2323/2323/2323
f 2212/2212/2212 2327/2327/2327 2323/2323/2323
f 2323/2323/2323 2327/2327/2327 2328/2328/2328
f 2329/2329/2329 2326/2326/2326 2328/2328/2328
f 2244/2244/2244 2243/2243/2243 2332/2332/2332
f 2245/2245/2245 2244/2244/2244 2332/2332/2332
f 2246/2246/2246 2245/2245/2245 2333/2333/2333
f 2247/2247/2247 2246/2246/2246 2333/2333/2333
f 2332/2332/2332 2243/2243/2243 2248/2248/2248
f 2324/2324/2324 2326/2326/2326 2336/2336/2336
f 2332/2332/2332 2337/2337/2337 2334/2334/2334
f 2339/2339/2339 2335/2335/2335 2333/2333/2333
f 2337/2337/2337 2336/2336/2336 2340/2340/2340
f 2339/2339/2339 2338/2338/2338 2341/2341/2341
f 2340/2340/2340 2336/2336/2336 2343/2343/2343
f 2347/2347/2347 2344/2344/2344 2346/2346/2346
f 2348/2348/2348 2347/2347/2347 2352/2352/2352
f 2349/2349/2349 2348/2348/2348 2352/2352/2352
f 2320/2320/2320 2358/2358/2358 2318/2318/2318
f 2359/2359/2359 2358/2358/2358 2320/2320/2320
f 2362/2362/2362 2360/2360/2360 2361/2361/2361
f 2355/2355/2355 2357/2357/2357 2364/2364/2364
f 2359/2359/2359 2365/2365/2365 2358/2358/2358
f 2367/2367/2367 2365/2365/2365 2366/2366/2366
f 2369/2369/2369 2366/2366/2366 2368/2368/2368
f 2362/2362/2362 2368/2368/2368 2360/2360/2360
f 2375/2375/2375 2373/2373/2373 2374/2374/2374
f 2369/2369/2369 2374/2374/2374 2366/2366/2366
f 2376/2376/2376 2374/2374/2374 2369/2369/2369
f 2375/2375/2375 2379/2379/2379 2373/2373/2373
f 2376/2376/2376 2380/2380/2380 2374/2374/2374
f 2381/2381/2381 2383/2383/2383 2375/2375/2375
f 2214/2214/2214 2384/2384/2384 2325/2325/2325
f 2314/2314/2314 2354/2354/2354 2386/2386/2386
f 2385/2385/2385 2327/2327/2327 2325/2325/2325
f 2388/2388/2388 2327/2327/2327 2385/2385/2385
f 2386/2386/2386 2389/2389/2389 2390/2390/2390
f 2356/2356/2356 2363/2363/2363 2389/2389/2389
f 2356/2356/2356 2389/2389/2389 2386/2386/2386
f 2388/2388/2388 2392/2392/2392 2330/2330/2330
f 2388/2388/2388 2330/2330/2330 2328/2328/2328
f 2390/2390/2390 2393/2393/2393 2394/2394/2394
f 2395/2395/2395 2391/2391/2391 2394/2394/2394
f 2378/2378/2378 2371/2371/2371 2372/2372/2372
f 2330/2330/2330 2392/2392/2392 2396/2396/2396
f 2398/2398/2398 2392/2392/2392 2395/2395/2395
f 2393/2393/2393 2399/2399/2399 2400/2400/2400
f 2378/2378/2378 2399/2399/2399 2371/2371/2371
f 2401/2401/2401 2399/2399/2399 2378/2378/2378
f 2402/2402/2402 2379/2379/2379 2375/2375/2375
f 2398/2398/2398 2403/2403/2403 2396/2396/2396
f 2406/2406/2406 2403/2403/2403 2398/2398/2398
f 2408/2408/2408 2404/2404/2404 2407/2407/2407
f 2410/2410/2410 2407/2407/2407 2409/2409/2409
f 2412/2412/2412 2409/2409/2409 2411/2411/2411
f 2402/2402/2402 2411/2411/2411 2379/2379/2379
f 2413/2413/2413 2411/2411/2411 2402/2402/2402
f 2415/2415/2415 2381/2381/2381 2382/2382/2382
f 2418/2418/2418 2405/2405/2405 2417/2417/2417
f 2410/2410/2410 2419/2419/2419 2420/2420/2420
f 2412/2412/2412 2419/2419/2419 2409/2409/2409
f 2422/2422/2422 2419/2419/2419 2412/2412/2412
f 2413/2413/2413 2421/2421/2421 2411/2411/2411
f 2425/2425/2425 2413/2413/2413 2424/2424/2424
f 2415/2415/2415 2424/2424/2424 2381/2381/2381
f 2426/2426/2426 2424/2424/2424 2415/2415/2415
f 2426/2426/2426 2425/2425/2425 2424/2424/2424
f 2418/2418/2418 2427/2427/2427 2428/2428/2428
f 2430/2430/2430 2427/2427/2427 2429/2429/2429
f 2433/2433/2433 2429/2429/2429 2432/2432/2432
f 2423/2423/2423 2432/2432/2432 2422/2422/2422
f 2425/2425/2425 2434/2434/2434 2413/2413/2413
f 2439/2439/2439 2430/2430/2430 2438/2438/2438
f 2435/2435/2435 2438/2438/2438 2433/2433/2433
f 2436/2436/2436 2437/2437/2437 2444/2444/2444
f 2447/2447/2447 2450/2450/2450 2353/2353/2353
f 2447/2447/2447 2353/2353/2353 2352/2352/2352
f 2451/2451/2451 2448/2448/2448 2416/2416/2416
f 2452/2452/2452 2449/2449/2449 2451/2451/2451
f 2451/2451/2451 2454/2454/2454 2455/2455/2455
f 2452/2452/2452 2455/2455/2455 2456/2456/2456
f 2457/2457/2457 2450/2450/2450 2456/2456/2456
f 2459/2459/2459 2454/2454/2454 2428/2428/2428
f 2460/2460/2460 2455/2455/2455 2459/2459/2459
f 2457/2457/2457 2456/2456/2456 2461/2461/2461
f 2459/2459/2459 2462/2462/2462 2463/2463/2463
f 2464/2464/2464 2456/2456/2456 2460/2460/2460
f 2431/2431/2431 2430/2430/2430 2466/2466/2466
f 2468/2468/2468 2464/2464/2464 2460/2460/2460
f 2469/2469/2469 2464/2464/2464 2468/2468/2468
f 2470/2470/2470 2466/2466/2466 2439/2439/2439
f 2443/2443/2443 2472/2472/2472 2473/2473/2473
f 2445/2445/2445 2472/2472/2472 2443/2443/2443
f 2468/2468/2468 2475/2475/2475 2476/2476/2476
f 2469/2469/2469 2476/2476/2476 2477/2477/2477
f 2470/2470/2470 2478/2478/2478 2479/2479/2479
f 2480/2480/2480 2475/2475/2475 2479/2479/2479
f 2483/2483/2483 2478/2478/2478 2471/2471/2471
f 2485/2485/2485 2490/2490/2490 2491/2491/2491
f 2492/2492/2492 2489/2489/2489 2491/2491/2491
f 2494/2494/2494 2490/2490/2490 2493/2493/2493
f 2498/2498/2498 2493/2493/2493 2497/2497/2497
f 525/525/525 2502/2502/2502 2503/2503/2503
f 526/526/526 2503/2503/2503 2504/2504/2504
f 2503/2503/2503 2502/2502/2502 2506/2506/2506
f 2507/2507/2507 2504/2504/2504 2506/2506/2506
f 2511/2511/2511 2515/2515/2515 2516/2516/2516
f 2517/2517/2517 2512/2512/2512 2516/2516/2516
f 2518/2518/2518 2517/2517/2517 2516/2516/2516
f 2513/2513/2513 2517/2517/2517 2519/2519/2519
f 2515/2515/2515 2514/2514/2514 2520/2520/2520
f 2520/2520/2520 2238/2238/2238 2240/2240/2240
f 2524/2524/2524 2520/2520/2520 2240/2240/2240
f 2525/2525/2525 2523/2523/2523 2520/2520/2520
f 2526/2526/2526 2521/2521/2521 2523/2523/2523
f 2528/2528/2528 2524/2524/2524 2240/2240/2240
f 2529/2529/2529 2525/2525/2525 2528/2528/2528
f 2531/2531/2531 2527/2527/2527 2526/2526/2526
f 527/527/527 2504/2504/2504 2532/2532/2532
f 2533/2533/2533 558/558/558 2532/2532/2532
f 2534/2534/2534 559/559/559 2533/2533/2533
f 2539/2539/2539 2533/2533/2533 2538/2538/2538
f 2540/2540/2540 2534/2534/2534 2539/2539/2539
f 2541/2541/2541 2535/2535/2535 2540/2540/2540
f 2544/2544/2544 2538/2538/2538 2543/2543/2543
f 2539/2539/2539 2544/2544/2544 2545/2545/2545
f 2545/2545/2545 2548/2548/2548 2549/2549/2549
f 2550/2550/2550 2545/2545/2545 2549/2549/2549
f 2551/2551/2551 2546/2546/2546 2550/2550/2550
f 2552/2552/2552 2547/2547/2547 2551/2551/2551
f 2548/2548/2548 2553/2553/2553 2554/2554/2554
f 2555/2555/2555 2550/2550/2550 2549/2549/2549
f 2554/2554/2554 2553/2553/2553 2557/2557/2557
f 2558/2558/2558 2554/2554/2554 2557/2557/2557
f 2555/2555/2555 2558/2558/2558 2559/2559/2559
f 2560/2560/2560 2555/2555/2555 2559/2559/2559
f 2561/2561/2561 2522/2522/2522 2527/2527/2527
f 2562/2562/2562 2557/2557/2557 2561/2561/2561
f 2564/2564/2564 2559/2559/2559 2563/2563/2563
f 2561/2561/2561 2527/2527/2527 2565/2565/2565
f 2562/2562/2562 2561/2561/2561 2565/2565/2565
f 2563/2563/2563 2562/2562/2562 2566/2566/2566
f 634/634/634 2574/2574/2574 2575/2575/2575
f 2576/2576/2576 635/635/635 2575/2575/2575
f 2568/2568/2568 2542/2542/2542 2582/2582/2582
f 2583/2583/2583 2573/2573/2573 2582/2582/2582
f 2585/2585/2585 2575/2575/2575 2584/2584/2584
f 2576/2576/2576 2585/2585/2585 2586/2586/2586
f 2577/2577/2577 2586/2586/2586 2587/2587/2587
f 2578/2578/2578 2587/2587/2587 2588/2588/2588
f 2593/2593/2593 2584/2584/2584 2592/2592/2592
f 2594/2594/2594 2585/2585/2585 2593/2593/2593
f 2595/2595/2595 2586/2586/2586 2594/2594/2594
f 2588/2588/2588 2597/2597/2597 2598/2598/2598
f 2591/2591/2591 2552/2552/2552 2601/2601/2601
f 2592/2592/2592 2601/2601/2601 2602/2602/2602
f 2593/2593/2593 2602/2602/2602 2603/2603/2603
f 2594/2594/2594 2604/2604/2604 2605/2605/2605
f 2595/2595/2595 2594/2594/2594 2605/2605/2605
f 2596/2596/2596 2595/2595/2595 2607/2607/2607
f 2604/2604/2604 2603/2603/2603 2615/2615/2615
f 2605/2605/2605 2604/2604/2604 2617/2617/2617
f 2621/2621/2621 2556/2556/2556 2560/2560/2560
f 2612/2612/2612 2621/2621/2621 2623/2623/2623
f 2618/2618/2618 2606/2606/2606 2625/2625/2625
f 2626/2626/2626 2618/2618/2618 2625/2625/2625
f 2626/2626/2626 2625/2625/2625 2633/2633/2633
f 2636/2636/2636 2635/2635/2635 2634/2634/2634
f 2627/2627/2627 2635/2635/2635 2636/2636/2636
f 2629/2629/2629 2637/2637/2637 2638/2638/2638
f 2240/2240/2240 2247/2247/2247 2646/2646/2646
f 2530/2530/2530 2529/2529/2529 2647/2647/2647
f 2528/2528/2528 2646/2646/2646 2650/2650/2650
f 2653/2653/2653 2650/2650/2650 2652/2652/2652
f 2653/2653/2653 2652/2652/2652 2342/2342/2342
f 2656/2656/2656 2655/2655/2655 2658/2658/2658
f 2660/2660/2660 2342/2342/2342 2349/2349/2349
f 2658/2658/2658 2662/2662/2662 2665/2665/2665
f 2659/2659/2659 2658/2658/2658 2665/2665/2665
f 2664/2664/2664 2663/2663/2663 2668/2668/2668
f 2667/2667/2667 2349/2349/2349 2353/2353/2353
f 2565/2565/2565 2649/2649/2649 2670/2670/2670
f 2671/2671/2671 2566/2566/2566 2670/2670/2670
f 2672/2672/2672 2566/2566/2566 2671/2671/2671
f 2673/2673/2673 2649/2649/2649 2656/2656/2656
f 2657/2657/2657 2673/2673/2673 2656/2656/2656
f 2670/2670/2670 2673/2673/2673 2674/2674/2674
f 2671/2671/2671 2670/2670/2670 2674/2674/2674
f 2676/2676/2676 2657/2657/2657 2666/2666/2666
f 2679/2679/2679 2666/2666/2666 2669/2669/2669
f 2668/2668/2668 2667/2667/2667 2681/2681/2681
f 2683/2683/2683 2678/2678/2678 2682/2682/2682
f 2684/2684/2684 2679/2679/2679 2683/2683/2683
f 2685/2685/2685 2683/2683/2683 2682/2682/2682
f 2686/2686/2686 2684/2684/2684 2683/2683/2683
f 2681/2681/2681 2680/2680/2680 2682/2682/2682
f 2689/2689/2689 2680/2680/2680 2458/2458/2458
f 2689/2689/2689 2682/2682/2682 2680/2680/2680
f 2691/2691/2691 2686/2686/2686 2690/2690/2690
f 2692/2692/2692 2690/2690/2690 2685/2685/2685
f 2693/2693/2693 2691/2691/2691 2690/2690/2690
f 2458/2458/2458 2461/2461/2461 2696/2696/2696
f 2697/2697/2697 2689/2689/2689 2696/2696/2696
f 2699/2699/2699 2696/2696/2696 2698/2698/2698
f 2699/2699/2699 2697/2697/2697 2696/2696/2696
f 2701/2701/2701 2693/2693/2693 2700/2700/2700
f 2704/2704/2704 2701/2701/2701 2700/2700/2700
f 2708/2708/2708 2567/2567/2567 2672/2672/2672
f 2710/2710/2710 2671/2671/2671 2674/2674/2674
f 2708/2708/2708 2711/2711/2711 2713/2713/2713
f 2715/2715/2715 2710/2710/2710 2675/2675/2675
f 2717/2717/2717 2716/2716/2716 2715/2715/2715
f 2719/2719/2719 2714/2714/2714 2718/2718/2718
f 2677/2677/2677 2676/2676/2676 2666/2666/2666
f 2675/2675/2675 2676/2676/2676 2721/2721/2721
f 2715/2715/2715 2675/2675/2675 2721/2721/2721
f 2722/2722/2722 2715/2715/2715 2721/2721/2721
f 2725/2725/2725 2718/2718/2718 2724/2724/2724
f 2733/2733/2733 2732/2732/2732 2731/2731/2731
f 2735/2735/2735 2734/2734/2734 2733/2733/2733
f 2736/2736/2736 2727/2727/2727 2726/2726/2726
f 2728/2728/2728 2727/2727/2727 2736/2736/2736
f 2737/2737/2737 2728/2728/2728 2736/2736/2736
f 2729/2729/2729 2728/2728/2728 2737/2737/2737
f 2688/2688/2688 2731/2731/2731 2687/2687/2687
f 2733/2733/2733 2731/2731/2731 2740/2740/2740
f 2742/2742/2742 2735/2735/2735 2741/2741/2741
f 2743/2743/2743 2742/2742/2742 2741/2741/2741
f 2738/2738/2738 2745/2745/2745 2747/2747/2747
f 2750/2750/2750 2688/2688/2688 2694/2694/2694
f 2754/2754/2754 2743/2743/2743 2753/2753/2753
f 2755/2755/2755 2754/2754/2754 2753/2753/2753
f 2751/2751/2751 2760/2760/2760 2761/2761/2761
f 2758/2758/2758 2757/2757/2757 2765/2765/2765
f 2709/2709/2709 2767/2767/2767 2572/2572/2572
f 2772/2772/2772 2771/2771/2771 2770/2770/2770
f 2642/2642/2642 2772/2772/2772 2773/2773/2773
f 2776/2776/2776 2709/2709/2709 2714/2714/2714
f 2768/2768/2768 2776/2776/2776 2778/2778/2778
f 2780/2780/2780 2770/2770/2770 2779/2779/2779
f 2772/2772/2772 2770/2770/2770 2780/2780/2780
f 2781/2781/2781 2772/2772/2772 2780/2780/2780
f 2782/2782/2782 2781/2781/2781 2780/2780/2780
f 2785/2785/2785 2779/2779/2779 2784/2784/2784
f 2780/2780/2780 2779/2779/2779 2785/2785/2785
f 2786/2786/2786 2780/2780/2780 2785/2785/2785
f 2787/2787/2787 2786/2786/2786 2785/2785/2785
f 2729/2729/2729 2784/2784/2784 2728/2728/2728
f 2785/2785/2785 2784/2784/2784 2729/2729/2729
f 2789/2789/2789 2785/2785/2785 2729/2729/2729
f 2790/2790/2790 2789/2789/2789 2729/2729/2729
f 2792/2792/2792 2729/2729/2729 2737/2737/2737
f 2739/2739/2739 2792/2792/2792 2737/2737/2737
f 2698/2698/2698 2465/2465/2465 2477/2477/2477
f 2793/2793/2793 2698/2698/2698 2477/2477/2477
f 2794/2794/2794 2702/2702/2702 2793/2793/2793
f 2798/2798/2798 2705/2705/2705 2797/2797/2797
f 2799/2799/2799 2796/2796/2796 2795/2795/2795
f 2706/2706/2706 2798/2798/2798 2801/2801/2801
f 2803/2803/2803 2801/2801/2801 2800/2800/2800
f 2804/2804/2804 2801/2801/2801 2803/2803/2803
f 2482/2482/2482 2489/2489/2489 2807/2807/2807
f 2809/2809/2809 2799/2799/2799 2808/2808/2808
f 2814/2814/2814 2812/2812/2812 2811/2811/2811
f 2804/2804/2804 2816/2816/2816 2801/2801/2801
f 2832/2832/2832 2822/2822/2822 2823/2823/2823
f 2830/2830/2830 2839/2839/2839 2829/2829/2829
f 2840/2840/2840 2830/2830/2830 2831/2831/2831
f 2842/2842/2842 2832/2832/2832 2833/2833/2833
f 2853/2853/2853 2842/2842/2842 2843/2843/2843
f 2858/2858/2858 2857/2857/2857 2856/2856/2856
f 2851/2851/2851 2860/2860/2860 2850/2850/2850
f 2861/2861/2861 2851/2851/2851 2852/2852/2852
f 2869/2869/2869 2857/2857/2857 2858/2858/2858
f 2859/2859/2859 2869/2869/2869 2858/2858/2858
f 2862/2862/2862 2872/2872/2872 2861/2861/2861
f 2873/2873/2873 2862/2862/2862 2863/2863/2863
f 2874/2874/2874 2873/2873/2873 2865/2865/2865
f 2880/2880/2880 2879/2879/2879 2878/2878/2878
f 2875/2875/2875 2886/2886/2886 2874/2874/2874
f 2892/2892/2892 2882/2882/2882 2883/2883/2883
f 2886/2886/2886 2895/2895/2895 2885/2885/2885
f 2887/2887/2887 2896/2896/2896 2886/2886/2886
f 1152/1152/1152 2902/2902/2902 1151/1151/1151
f 1156/1156/1156 2907/2907/2907 2905/2905/2905
f 2905/2905/2905 1154/1154/1154 1156/1156/1156
f 1157/1157/1157 2908/2908/2908 2907/2907/2907
f 2907/2907/2907 1156/1156/1156 1157/1157/1157
f 2902/2902/2902 2910/2910/2910 2909/2909/2909
f 2902/2902/2902 2909/2909/2909 2901/2901/2901
f 2911/2911/2911 2910/2910/2910 2912/2912/2912
f 2914/2914/2914 2921/2921/2921 2911/2911/2911
f 2915/2915/2915 2917/2917/2917 2923/2923/2923
f 2928/2928/2928 2927/2927/2927 2929/2929/2929
f 2925/2925/2925 2930/2930/2930 2914/2914/2914
f 2926/2926/2926 2933/2933/2933 2932/2932/2932
f 2926/2926/2926 2932/2932/2932 2923/2923/2923
f 2932/2932/2932 2933/2933/2933 2944/2944/2944
f 2936/2936/2936 2948/2948/2948 2949/2949/2949
f 2938/2938/2938 2948/2948/2948 2936/2936/2936
f 2945/2945/2945 2956/2956/2956 2953/2953/2953
f 2945/2945/2945 2953/2953/2953 2942/2942/2942
f 2957/2957/2957 2956/2956/2956 2941/2941/2941
f 2961/2961/2961 2960/2960/2960 2962/2962/2962
f 2955/2955/2955 2962/2962/2962 2952/2952/2952
f 2967/2967/2967 2970/2970/2970 2964/2964/2964
f 2972/2972/2972 2971/2971/2971 2974/2974/2974
f 2986/2986/2986 2983/2983/2983 2985/2985/2985
f 2991/2991/2991 2990/2990/2990 2989/2989/2989
f 2979/2979/2979 2992/2992/2992 2977/2977/2977
f 2980/2980/2980 2996/2996/2996 2978/2978/2978
f 3003/3003/3003 2996/2996/2996 3010/3010/3010
f 2984/2984/2984 3010/3010/3010 2980/2980/2980
f 2985/2985/2985 3021/3021/3021 3028/3028/3028
f 3029/3029/3029 2967/2967/2967 2975/2975/2975
f 3039/3039/3039 2991/2991/2991 3038/3038/3038
f 3050/3050/3050 3042/3042/3042 3043/3043/3043
f 3072/3072/3072 3060/3060/3060 3061/3061/3061
f 3077/3077/3077 3064/3064/3064 3075/3075/3075
f 3084/3084/3084 3071/3071/3071 3060/3060/3060
f 3089/3089/3089 3087/3087/3087 3088/3088/3088
f 3089/3089/3089 3088/3088/3088 3078/3078/3078
f 3089/3089/3089 3078/3078/3078 3079/3079/3079
f 3095/3095/3095 3092/3092/3092 3091/3091/3091
f 3101/3101/3101 3099/3099/3099 3100/3100/3100
f 3096/3096/3096 3110/3110/3110 3092/3092/3092
f 3097/3097/3097 3110/3110/3110 3096/3096/3096
f 3111/3111/3111 3123/3123/3123 3110/3110/3110
f 3155/3155/3155 2918/2918/2918 3154/3154/3154
f 3153/3153/3153 3125/3125/3125 3156/3156/3156
f 3156/3156/3156 3125/3125/3125 3132/3132/3132
f 3155/3155/3155 2926/2926/2926 2918/2918/2918
f 3155/3155/3155 3157/3157/3157 3159/3159/3159
f 3159/3159/3159 3157/3157/3157 3160/3160/3160
f 3161/3161/3161 3144/3144/3144 3145/3145/3145
f 3161/3161/3161 3145/3145/3145 3146/3146/3146
f 3149/3149/3149 3162/3162/3162 3148/3148/3148
f 3159/3159/3159 3160/3160/3160 3164/3164/3164
f 3164/3164/3164 3160/3160/3160 3165/3165/3165
f 3162/3162/3162 3152/3152/3152 3148/3148/3148
f 3163/3163/3163 3168/3168/3168 3169/3169/3169
f 3166/3166/3166 3171/3171/3171 3165/3165/3165
f 3172/3172/3172 3171/3171/3171 3166/3166/3166
f 2969/2969/2969 2968/2968/2968 3180/3180/3180
f 3170/3170/3170 3181/3181/3181 3182/3182/3182
f 3171/3171/3171 3181/3181/3181 3170/3170/3170
f 3172/3172/3172 3181/3181/3181 3171/3171/3171
f 3184/3184/3184 3172/3172/3172 3185/3185/3185
f 3186/3186/3186 3176/3176/3176 3177/3177/3177
f 2974/2974/2974 2973/2973/2973 3190/3190/3190
f 3183/3183/3183 3191/3191/3191 3182/3182/3182
f 3198/3198/3198 3195/3195/3195 3197/3197/3197
f 3176/3176/3176 3196/3196/3196 3185/3185/3185
f 3200/3200/3200 3186/3186/3186 3187/3187/3187
f 3203/3203/3203 3202/3202/3202 3201/3201/3201
f 1439/1439/1439 3211/3211/3211 3212/3212/3212
f 3217/3217/3217 3215/3215/3215 3224/3224/3224
f 3226/3226/3226 3218/3218/3218 3225/3225/3225
f 3219/3219/3219 3218/3218/3218 3226/3226/3226
f 3219/3219/3219 3226/3226/3226 3227/3227/3227
f 3220/3220/3220 3227/3227/3227 3228/3228/3228
f 3230/3230/3230 3229/3229/3229 3223/3223/3223
f 3230/3230/3230 3223/3223/3223 3224/3224/3224
f 3227/3227/3227 3226/3226/3226 3236/3236/3236
f 3233/3233/3233 3232/3232/3232 3241/3241/3241
f 3242/3242/3242 3233/3233/3233 3241/3241/3241
f 3234/3234/3234 3233/3233/3233 3242/3242/3242
f 3236/3236/3236 3235/3235/3235 3244/3244/3244
f 3235/3235/3235 3242/3242/3242 3258/3258/3258
f 3261/3261/3261 3260/3260/3260 3255/3255/3255
f 3257/3257/3257 3260/3260/3260 3262/3262/3262
f 3259/3259/3259 3039/3039/3039 3206/3206/3206
f 3208/3208/3208 3259/3259/3259 3206/3206/3206
f 3149/3149/3149 3143/3143/3143 3279/3279/3279
f 1526/1526/1526 3281/3281/3281 1525/1525/1525
f 3282/3282/3282 1526/1526/1526 1527/1527/1527
f 3291/3291/3291 3282/3282/3282 3283/3283/3283
f 3292/3292/3292 3283/3283/3283 3284/3284/3284
f 3285/3285/3285 3293/3293/3293 3284/3284/3284
f 3289/3289/3289 3280/3280/3280 3278/3278/3278
f 3290/3290/3290 3299/3299/3299 3298/3298/3298
f 3292/3292/3292 3300/3300/3300 3291/3291/3291
f 3293/3293/3293 3301/3301/3301 3292/3292/3292
f 3308/3308/3308 3322/3322/3322 3321/3321/3321
f 3318/3318/3318 3331/3331/3331 3330/3330/3330
f 3342/3342/3342 3188/3188/3188 3187/3187/3187
f 3342/3342/3342 3332/3332/3332 3333/3333/3333
f 3345/3345/3345 3344/3344/3344 3343/3343/3343
f 3345/3345/3345 3334/3334/3334 3335/3335/3335
f 3336/3336/3336 3347/3347/3347 3346/3346/3346
f 3348/3348/3348 3337/3337/3337 3339/3339/3339
f 3351/3351/3351 3202/3202/3202 3203/3203/3203
f 3353/3353/3353 3344/3344/3344 3346/3346/3346
f 3350/3350/3350 3359/3359/3359 3349/3349/3349
f 3373/3373/3373 3372/3372/3372 3380/3380/3380
f 3374/3374/3374 3381/3381/3381 3383/3383/3383
f 3374/3374/3374 3366/3366/3366 3381/3381/3381
f 3372/3372/3372 3382/3382/3382 3388/3388/3388
f 3385/3385/3385 3397/3397/3397 3384/3384/3384
f 3398/3398/3398 3385/3385/3385 3386/3386/3386
f 3396/3396/3396 3395/3395/3395 3399/3399/3399
f 3404/3404/3404 3389/3389/3389 3402/3402/3402
f 3405/3405/3405 3395/3395/3395 3396/3396/3396
f 3406/3406/3406 3403/3403/3403 3405/3405/3405
f 3406/3406/3406 3390/3390/3390 3403/3403/3403
f 3417/3417/3417 3410/3410/3410 3416/3416/3416
f 3417/3417/3417 3403/3403/3403 3401/3401/3401
f 3417/3417/3417 3401/3401/3401 3411/3411/3411
f 3341/3341/3341 3412/3412/3412 3350/3350/3350
f 3419/3419/3419 3395/3395/3395 3405/3405/3405
f 3424/3424/3424 3423/3423/3423 3431/3431/3431
f 3432/3432/3432 3428/3428/3428 3427/3427/3427
f 3433/3433/3433 3415/3415/3415 3416/3416/3416
f 1648/1648/1648 3362/3362/3362 1598/1598/1598
f 1648/1648/1648 3440/3440/3440 3362/3362/3362
f 3446/3446/3446 3438/3438/3438 3439/3439/3439
f 3448/3448/3448 3438/3438/3438 3446/3446/3446
f 3447/3447/3447 3366/3366/3366 3368/3368/3368
f 3452/3452/3452 3443/3443/3443 3444/3444/3444
f 3453/3453/3453 3445/3445/3445 3443/3443/3443
f 3453/3453/3453 3443/3443/3443 3452/3452/3452
f 3455/3455/3455 3366/3366/3366 3447/3447/3447
f 3448/3448/3448 3454/3454/3454 3455/3455/3455
f 3448/3448/3448 3446/3446/3446 3454/3454/3454
f 3457/3457/3457 3456/3456/3456 3450/3450/3450
f 3457/3457/3457 3450/3450/3450 3451/3451/3451
f 3459/3459/3459 3445/3445/3445 3453/3453/3453
f 3463/3463/3463 3456/3456/3456 3457/3457/3457
f 3465/3465/3465 3456/3456/3456 3463/3463/3463
f 3461/3461/3461 3467/3467/3467 3468/3468/3468
f 3461/3461/3461 3459/3459/3459 3467/3467/3467
f 3462/3462/3462 3460/3460/3460 3468/3468/3468
f 3470/3470/3470 3469/3469/3469 3464/3464/3464
f 3470/3470/3470 3464/3464/3464 3465/3465/3465
f 3473/3473/3473 3471/3471/3471 3472/3472/3472
f 3469/3469/3469 3269/3269/3269 3476/3476/3476
f 3477/3477/3477 3475/3475/3475 3478/3478/3478
f 3480/3480/3480 3274/3274/3274 3479/3479/3479
f 3481/3481/3481 3475/3475/3475 3479/3479/3479
f 3481/3481/3481 3420/3420/3420 3422/3422/3422
f 3488/3488/3488 3484/3484/3484 3485/3485/3485
f 3375/3375/3375 3297/3297/3297 3486/3486/3486
f 3494/3494/3494 2891/2891/2891 2893/2893/2893
f 3494/3494/3494 3493/3493/3493 2891/2891/2891
f 3499/3499/3499 3492/3492/3492 2891/2891/2891
f 3504/3504/3504 2370/2370/2370 3490/3490/3490
f 3506/3506/3506 3498/3498/3498 3500/3500/3500
f 3511/3511/3511 2377/2377/2377 3504/3504/3504
f 3513/3513/3513 3505/3505/3505 3507/3507/3507
f 3517/3517/3517 2382/2382/2382 3511/3511/3511
f 3521/3521/3521 3510/3510/3510 3503/3503/3503
f 3522/3522/3522 3527/3527/3527 3518/3518/3518
f 3524/3524/3524 3529/3529/3529 3523/3523/3523
f 3525/3525/3525 3529/3529/3529 3524/3524/3524
f 3515/3515/3515 3530/3530/3530 3514/3514/3514
f 3532/3532/3532 3531/3531/3531 3516/3516/3516
f 3526/3526/3526 3532/3532/3532 3510/3510/3510
f 3528/3528/3528 3534/3534/3534 3527/3527/3527
f 3536/3536/3536 3528/3528/3528 3529/3529/3529
f 3536/3536/3536 3535/3535/3535 3528/3528/3528
f 3525/3525/3525 3536/3536/3536 3529/3529/3529
f 3512/3512/3512 3538/3538/3538 3517/3517/3517
f 3545/3545/3545 3544/3544/3544 3543/3543/3543
f 3547/3547/3547 3546/3546/3546 3545/3545/3545
f 3528/3528/3528 3547/3547/3547 3534/3534/3534
f 3549/3549/3549 3535/3535/3535 3537/3537/3537
f 3551/3551/3551 3538/3538/3538 3512/3512/3512
f 3551/3551/3551 3550/3550/3550 3538/3538/3538
f 3539/3539/3539 3551/3551/3551 3512/3512/3512
f 3552/3552/3552 3550/3550/3550 3551/3551/3551
f 3555/3555/3555 3541/3541/3541 3542/3542/3542
f 3555/3555/3555 3553/3553/3553 3541/3541/3541
f 3557/3557/3557 3556/3556/3556 3555/3555/3555
f 3544/3544/3544 3557/3557/3557 3543/3543/3543
f 3548/3548/3548 3560/3560/3560 3559/3559/3559
f 3566/3566/3566 3565/3565/3565 3564/3564/3564
f 3570/3570/3570 3568/3568/3568 3567/3567/3567
f 3560/3560/3560 3570/3570/3570 3559/3559/3559
f 3579/3579/3579 3578/3578/3578 3577/3577/3577
f 3580/3580/3580 3584/3584/3584 3561/3561/3561
f 3586/3586/3586 3585/3585/3585 3584/3584/3584
f 3582/3582/3582 3586/3586/3586 3581/3581/3581
f 3587/3587/3587 3582/3582/3582 3583/3583/3583
f 3591/3591/3591 3589/3589/3589 3571/3571/3571
f 3584/3584/3584 3591/3591/3591 3561/3561/3561
f 3592/3592/3592 3590/3590/3590 3589/3589/3589
f 3585/3585/3585 3592/3592/3592 3584/3584/3584
f 3587/3587/3587 3594/3594/3594 3593/3593/3593
f 3596/3596/3596 3587/3587/3587 3588/3588/3588
f 3599/3599/3599 3598/3598/3598 3597/3597/3597
f 3589/3589/3589 3603/3603/3603 3571/3571/3571
f 3590/3590/3590 3604/3604/3604 3589/3589/3589
f 3605/3605/3605 3601/3601/3601 3590/3590/3590
f 3605/3605/3605 3602/3602/3602 3601/3601/3601
f 3593/3593/3593 3605/3605/3605 3590/3590/3590
f 3595/3595/3595 3607/3607/3607 3594/3594/3594
f 3616/3616/3616 3614/3614/3614 3613/3613/3613
f 3001/3001/3001 3616/3616/3616 3000/3000/3000
f 3029/3029/3029 2975/2975/2975 3618/3618/3618
f 3037/3037/3037 3036/3036/3036 3623/3623/3623
f 3523/3523/3523 3520/3520/3520 3611/3611/3611
f 3614/3614/3614 3624/3624/3624 3613/3613/3613
f 3625/3625/3625 3614/3614/3614 3616/3616/3616
f 3617/3617/3617 3625/3625/3625 3616/3616/3616
f 3628/3628/3628 3627/3627/3627 3121/3121/3121
f 3109/3109/3109 3629/3629/3629 3122/3122/3122
f 3628/3628/3628 3633/3633/3633 3627/3627/3627
f 3630/3630/3630 3635/3635/3635 3634/3634/3634
f 3636/3636/3636 3635/3635/3635 3630/3630/3630
f 3636/3636/3636 3631/3631/3631 3124/3124/3124
f 3632/3632/3632 3626/3626/3626 3625/3625/3625
f 3633/3633/3633 3637/3637/3637 3632/3632/3632
f 3637/3637/3637 3642/3642/3642 3632/3632/3632
f 3643/3643/3643 3637/3637/3637 3638/3638/3638
f 3639/3639/3639 3643/3643/3643 3638/3638/3638
f 3641/3641/3641 3581/3581/3581 3580/3580/3580
f 3646/3646/3646 3582/3582/3582 3581/3581/3581
f 3646/3646/3646 3642/3642/3642 3643/3643/3643
f 3647/3647/3647 3582/3582/3582 3646/3646/3646
f 3647/3647/3647 3583/3583/3583 3582/3582/3582
f 3648/3648/3648 3588/3588/3588 3583/3583/3583
f 3193/3193/3193 3649/3649/3649 3190/3190/3190
f 3194/3194/3194 3651/3651/3651 3192/3192/3192
f 3657/3657/3657 3655/3655/3655 3656/3656/3656
f 3199/3199/3199 3656/3656/3656 3197/3197/3197
f 3658/3658/3658 3656/3656/3656 3199/3199/3199
f 3658/3658/3658 3657/3657/3657 3656/3656/3656
f 3653/3653/3653 3661/3661/3661 3662/3662/3662
f 3654/3654/3654 3663/3663/3663 3664/3664/3664
f 3665/3665/3665 3661/3661/3661 3664/3664/3664
f 3655/3655/3655 3663/3663/3663 3654/3654/3654
f 3683/3683/3683 3675/3675/3675 3678/3678/3678
f 3689/3689/3689 3623/3623/3623 3622/3622/3622
f 3701/3701/3701 3662/3662/3662 3666/3666/3666
f 3707/3707/3707 3705/3705/3705 3690/3690/3690
f 3711/3711/3711 3708/3708/3708 3705/3705/3705
f 3712/3712/3712 3711/3711/3711 3710/3710/3710
f 3693/3693/3693 3708/3708/3708 3713/3713/3713
f 3695/3695/3695 3693/3693/3693 3713/3713/3713
f 3719/3719/3719 3697/3697/3697 3718/3718/3718
f 3701/3701/3701 3666/3666/3666 3720/3720/3720
f 3706/3706/3706 3703/3703/3703 3722/3722/3722
f 3730/3730/3730 3726/3726/3726 3709/3709/3709
f 3712/3712/3712 3726/3726/3726 3735/3735/3735
f 3714/3714/3714 3712/3712/3712 3735/3735/3735
f 3745/3745/3745 3716/3716/3716 3740/3740/3740
f 3694/3694/3694 3746/3746/3746 3209/3209/3209
f 3747/3747/3747 3694/3694/3694 3695/3695/3695
f 3699/3699/3699 3273/3273/3273 3698/3698/3698
f 3748/3748/3748 3351/3351/3351 3352/3352/3352
f 3750/3750/3750 3352/3352/3352 3354/3354/3354
f 3676/3676/3676 3660/3660/3660 3749/3749/3749
f 3757/3757/3757 3749/3749/3749 3751/3751/3751
f 3753/3753/3753 3761/3761/3761 3760/3760/3760
f 3766/3766/3766 3420/3420/3420 3763/3763/3763
f 3766/3766/3766 3765/3765/3765 3421/3421/3421
f 3766/3766/3766 3421/3421/3421 3422/3422/3422
f 3772/3772/3772 3767/3767/3767 3771/3771/3771
f 3773/3773/3773 3423/3423/3423 3424/3424/3424
f 3773/3773/3773 3424/3424/3424 3425/3425/3425
f 3427/3427/3427 3770/3770/3770 3769/3769/3769
f 3429/3429/3429 3770/3770/3770 3428/3428/3428
f 3774/3774/3774 3430/3430/3430 3431/3431/3431
f 3781/3781/3781 3719/3719/3719 3780/3780/3780
f 3761/3761/3761 3775/3775/3775 3759/3759/3759
f 3782/3782/3782 3777/3777/3777 3776/3776/3776
f 3781/3781/3781 3780/3780/3780 3785/3785/3785
f 3782/3782/3782 3775/3775/3775 3786/3786/3786
f 3783/3783/3783 3777/3777/3777 3787/3787/3787
f 3788/3788/3788 3768/3768/3768 3764/3764/3764
f 3788/3788/3788 3764/3764/3764 3785/3785/3785
f 3789/3789/3789 3770/3770/3770 3771/3771/3771
f 3779/3779/3779 3716/3716/3716 3745/3745/3745
f 3763/3763/3763 3420/3420/3420 3479/3479/3479
f 3793/3793/3793 3573/3573/3573 3575/3575/3575
f 3803/3803/3803 3800/3800/3800 3795/3795/3795
f 3598/3598/3598 3803/3803/3803 3597/3597/3597
f 3808/3808/3808 3805/3805/3805 3804/3804/3804
f 3808/3808/3808 3600/3600/3600 3601/3601/3601
f 3602/3602/3602 3809/3809/3809 3601/3601/3601
f 3811/3811/3811 2497/2497/2497 3796/3796/3796
f 3812/3812/3812 2498/2498/2498 3811/3811/3811
f 3815/3815/3815 3812/3812/3812 3811/3811/3811
f 3802/3802/3802 3818/3818/3818 3801/3801/3801
f 3821/3821/3821 3820/3820/3820 3819/3819/3819
f 3807/3807/3807 3821/3821/3821 3806/3806/3806
f 3827/3827/3827 3824/3824/3824 3825/3825/3825
f 3832/3832/3832 3831/3831/3831 3830/3830/3830
f 3836/3836/3836 3832/3832/3832 3835/3835/3835
f 3837/3837/3837 3836/3836/3836 3835/3835/3835
f 3891/3891/3891 3850/3850/3850 3884/3884/3884
f 3893/3893/3893 3888/3888/3888 3887/3887/3887
f 3858/3858/3858 3893/3893/3893 3857/3857/3857
f 3862/3862/3862 3891/3891/3891 3896/3896/3896
f 3862/3862/3862 3854/3854/3854 3891/3891/3891
f 1977/1977/1977 3898/3898/3898 3899/3899/3899
f 3900/3900/3900 1978/1978/1978 3899/3899/3899
f 3901/3901/3901 1979/1979/1979 3900/3900/3900
f 3900/3900/3900 3908/3908/3908 3909/3909/3909
f 3905/3905/3905 3914/3914/3914 3915/3915/3915
f 3906/3906/3906 3915/3915/3915 3916/3916/3916
f 3907/3907/3907 3916/3916/3916 3917/3917/3917
f 3924/3924/3924 3828/3828/3828 3829/3829/3829
f 3924/3924/3924 3831/3831/3831 3933/3933/3933
f 3926/3926/3926 3933/3933/3933 3935/3935/3935
f 3934/3934/3934 3836/3836/3836 3945/3945/3945
f 3944/3944/3944 3942/3942/3942 3953/3953/3953
f 3949/3949/3949 3947/3947/3947 3958/3958/3958
f 3854/3854/3854 3957/3957/3957 3850/3850/3850
f 3960/3960/3960 3854/3854/3854 3862/3862/3862
f 3961/3961/3961 2008/2008/2008 2009/2009/2009
f 3962/3962/3962 2009/2009/2009 2010/2010/2010
f 2011/2011/2011 3963/3963/3963 2010/2010/2010
f 3962/3962/3962 3965/3965/3965 3961/3961/3961
f 3966/3966/3966 3962/3962/3962 3963/3963/3963
f 3973/3973/3973 3969/3969/3969 3970/3970/3970
f 3974/3974/3974 3976/3976/3976 3979/3979/3979
f 3981/3981/3981 3976/3976/3976 3971/3971/3971
f 3980/3980/3980 3978/3978/3978 3979/3979/3979
f 3986/3986/3986 3976/3976/3976 3981/3981/3981
f 3982/3982/3982 3983/3983/3983 3114/3114/3114
f 3987/3987/3987 3984/3984/3984 3982/3982/3982
f 3987/3987/3987 3982/3982/3982 3978/3978/3978
f 3987/3987/3987 3978/3978/3978 3980/3980/3980
f 3987/3987/3987 3980/3980/3980 3985/3985/3985
f 3989/3989/3989 3983/3983/3983 3984/3984/3984
f 3998/3998/3998 2049/2049/2049 2050/2050/2050
f 3998/3998/3998 2050/2050/2050 2046/2046/2046
f 3998/3998/3998 2046/2046/2046 3993/3993/3993
f 3999/3999/3999 3993/3993/3993 3994/3994/3994
f 4011/4011/4011 3967/3967/3967 4002/4002/4002
f 4015/4015/4015 4008/4008/4008 4009/4009/4009
f 4014/4014/4014 4012/4012/4012 4007/4007/4007
f 3975/3975/3975 3967/3967/3967 4011/4011/4011
f 4017/4017/4017 3971/3971/3971 3975/3975/3975
f 4022/4022/4022 4014/4014/4014 4021/4021/4021
f 4023/4023/4023 4021/4021/4021 4018/4018/4018
f 4027/4027/4027 4017/4017/4017 4022/4022/4022
f 4029/4029/4029 4023/4023/4023 3822/3822/3822
f 4029/4029/4029 3822/3822/3822 3824/3824/3824
f 4028/4028/4028 4026/4026/4026 4023/4023/4023
f 4030/4030/4030 3981/3981/3981 4027/4027/4027
f 4032/4032/4032 4028/4028/4028 4029/4029/4029
f 4031/4031/4031 4025/4025/4025 4028/4028/4028
f 3988/3988/3988 3986/3986/3986 4030/4030/4030
f 3988/3988/3988 4030/4030/4030 4033/4033/4033
f 4037/4037/4037 4043/4043/4043 4036/4036/4036
f 4043/4043/4043 4050/4050/4050 4042/4042/4042
f 4051/4051/4051 4043/4043/4043 4044/4044/4044
f 4016/4016/4016 4057/4057/4057 4013/4013/4013
f 4048/4048/4048 4016/4016/4016 4010/4010/4010
f 4058/4058/4058 4048/4048/4048 4050/4050/4050
f 4065/4065/4065 4063/4063/4063 4062/4062/4062
f 4055/4055/4055 4065/4065/4065 4054/4054/4054
f 4059/4059/4059 4069/4069/4069 4058/4058/4058
f 4073/4073/4073 4071/4071/4071 4070/4070/4070
f 4061/4061/4061 4073/4073/4073 4060/4060/4060
f 4082/4082/4082 4079/4079/4079 4078/4078/4078
f 4085/4085/4085 4071/4071/4071 4074/4074/4074
f 4088/4088/4088 4075/4075/4075 4076/4076/4076
f 4089/4089/4089 3857/3857/3857 3856/3856/3856
f 4079/4079/4079 4089/4089/4089 4078/4078/4078
f 4095/4095/4095 4092/4092/4092 4091/4091/4091
f 4085/4085/4085 4095/4095/4095 4084/4084/4084
f 4096/4096/4096 4086/4086/4086 4087/4087/4087
f 4130/4130/4130 3932/3932/3932 4129/4129/4129
f 4138/4138/4138 4125/4125/4125 4126/4126/4126
f 4141/4141/4141 3944/3944/3944 4140/4140/4140
f 4145/4145/4145 4072/4072/4072 4076/4076/4076
f 4149/4149/4149 3952/3952/3952 4148/4148/4148
f 4151/4151/4151 4081/4081/4081 4087/4087/4087
f 4148/4148/4148 3960/3960/3960 4154/4154/4154
f 4148/4148/4148 3952/3952/3952 3960/3960/3960
f 4158/4158/4158 4166/4166/4166 4157/4157/4157
f 4167/4167/4167 4162/4162/4162 4166/4166/4166
f 4167/4167/4167 4158/4158/4158 4159/4159/4159
f 4168/4168/4168 4163/4163/4163 4167/4167/4167
f 4168/4168/4168 4159/4159/4159 4160/4160/4160
f 4174/4174/4174 4170/4170/4170 4162/4162/4162
f 4174/4174/4174 4162/4162/4162 4163/4163/4163
f 4175/4175/4175 4171/4171/4171 4174/4174/4174
f 4175/4175/4175 4163/4163/4163 4164/4164/4164
f 4176/4176/4176 3595/3595/3595 3596/3596/3596
f 4176/4176/4176 4173/4173/4173 3595/3595/3595
f 4166/4166/4166 4173/4173/4173 4176/4176/4176
f 4166/4166/4166 4176/4176/4176 4165/4165/4165
f 4183/4183/4183 4179/4179/4179 3606/3606/3606
f 4184/4184/4184 4170/4170/4170 4171/4171/4171
f 4185/4185/4185 4182/4182/4182 4184/4184/4184
f 4185/4185/4185 4171/4171/4171 4172/4172/4172
f 4186/4186/4186 3606/3606/3606 3607/3607/3607
f 4186/4186/4186 4183/4183/4183 3606/3606/3606
f 4186/4186/4186 3595/3595/3595 4173/4173/4173
f 4187/4187/4187 4183/4183/4183 4186/4186/4186
f 4187/4187/4187 4173/4173/4173 4162/4162/4162
f 4191/4191/4191 3824/3824/3824 3827/3827/3827
f 4195/4195/4195 4190/4190/4190 4191/4191/4191
f 4203/4203/4203 4199/4199/4199 4202/4202/4202
f 4203/4203/4203 4194/4194/4194 4195/4195/4195
f 4210/4210/4210 4197/4197/4197 4198/4198/4198
f 4212/4212/4212 4199/4199/4199 4200/4200/4200
f 4202/4202/4202 4211/4211/4211 4155/4155/4155
f 4206/4206/4206 4215/4215/4215 4216/4216/4216
f 4206/4206/4206 4204/4204/4204 4215/4215/4215
f 4205/4205/4205 4216/4216/4216 4207/4207/4207
f 4219/4219/4219 4217/4217/4217 4218/4218/4218
f 4221/4221/4221 4218/4218/4218 4220/4220/4220
f 4221/4221/4221 4199/4199/4199 4212/4212/4212
f 4214/4214/4214 4223/4223/4223 4213/4213/4213
f 4214/4214/4214 4268/4268/4268 4223/4223/4223
f 4230/4230/4230 4227/4227/4227 4229/4229/4229
f 4230/4230/4230 4217/4217/4217 4207/4207/4207
f 4220/4220/4220 4161/4161/4161 4164/4164/4164
f 4220/4220/4220 4218/4218/4218 4231/4231/4231
f 4235/4235/4235 4232/4232/4232 4245/4245/4245
f 4225/4225/4225 4245/4245/4245 4227/4227/4227
f 4238/4238/4238 4236/4236/4236 4237/4237/4237
f 4239/4239/4239 4161/4161/4161 4231/4231/4231
f 4243/4243/4243 4232/4232/4232 4241/4241/4241
f 4245/4245/4245 4232/4232/4232 4243/4243/4243
f 4237/4237/4237 4236/4236/4236 4246/4246/4246
f 4247/4247/4247 2775/2775/2775 2774/2774/2774
f 4248/4248/4248 3864/3864/3864 3865/3865/3865
f 3826/3826/3826 4188/4188/4188 4189/4189/4189
f 4257/4257/4257 2774/2774/2774 2783/2783/2783
f 4250/4250/4250 4258/4258/4258 4260/4260/4260
f 4250/4250/4250 4248/4248/4248 4258/4258/4258
f 4261/4261/4261 4249/4249/4249 4260/4260/4260
f 4252/4252/4252 4261/4261/4261 4262/4262/4262
f 4255/4255/4255 4252/4252/4252 4262/4262/4262
f 4260/4260/4260 4265/4265/4265 4266/4266/4266
f 4260/4260/4260 4258/4258/4258 4265/4265/4265
f 4261/4261/4261 4266/4266/4266 4267/4267/4267
f 4261/4261/4261 4259/4259/4259 4266/4266/4266
f 4270/4270/4270 4269/4269/4269 4204/4204/4204
f 4267/4267/4267 4204/4204/4204 4206/4206/4206
f 4267/4267/4267 4266/4266/4266 4204/4204/4204
f 4271/4271/4271 4268/4268/4268 4214/4214/4214
f 3989/3989/3989 4275/4275/4275 3114/3114/3114
f 3992/3992/3992 4273/4273/4273 4276/4276/4276
f 3992/3992/3992 3988/3988/3988 4273/4273/4273
f 4274/4274/4274 4281/4281/4281 4273/4273/4273
f 4275/4275/4275 3636/3636/3636 3124/3124/3124
f 4282/4282/4282 4279/4279/4279 4278/4278/4278
f 4276/4276/4276 4279/4279/4279 4282/4282/4282
f 4276/4276/4276 4273/4273/4273 4280/4280/4280
f 4285/4285/4285 4278/4278/4278 4279/4279/4279
f 4290/4290/4290 4284/4284/4284 4277/4277/4277
f 3645/3645/3645 3640/3640/3640 4278/4278/4278
f 4286/4286/4286 4283/4283/4283 4289/4289/4289
f 4291/4291/4291 4288/4288/4288 4289/4289/4289
f 4290/4290/4290 4159/4159/4159 4291/4291/4291
f 4290/4290/4290 4155/4155/4155 4160/4160/4160
f 4165/4165/4165 3648/3648/3648 4157/4157/4157
f 4274/4274/4274 3988/3988/3988 4033/4033/4033
f 4292/4292/4292 4033/4033/4033 4031/4031/4031
f 4293/4293/4293 4194/4194/4194 4295/4295/4295
f 4296/4296/4296 4277/4277/4277 4281/4281/4281
f 4296/4296/4296 4274/4274/4274 4292/4292/4292
f 4296/4296/4296 4292/4292/4292 4295/4295/4295
f 4201/4201/4201 4277/4277/4277 4295/4295/4295
f 4297/4297/4297 4155/4155/4155 4290/4290/4290
f 4297/4297/4297 4277/4277/4277 4201/4201/4201
f 4297/4297/4297 4201/4201/4201 4155/4155/4155
f 4301/4301/4301 4298/4298/4298 4300/4300/4300
f 4301/4301/4301 4299/4299/4299 4298/4298/4298
f 4306/4306/4306 4302/4302/4302 4305/4305/4305
f 4308/4308/4308 4178/4178/4178 4177/4177/4177
f 4308/4308/4308 4177/4177/4177 4304/4304/4304
f 4309/4309/4309 4179/4179/4179 4180/4180/4180
f 4181/4181/4181 4310/4310/4310 4180/4180/4180
f 4310/4310/4310 4181/4181/4181 4182/4182/4182
f 3606/3606/3606 4179/4179/4179 3810/3810/3810
f 4298/4298/4298 2805/2805/2805 2815/2815/2815
f 4315/4315/4315 4312/4312/4312 4314/4314/4314
f 4317/4317/4317 4302/4302/4302 4303/4303/4303
f 4318/4318/4318 3820/3820/3820 3821/3821/3821
f 4318/4318/4318 3807/3807/3807 4305/4305/4305
f 4/4/4 3/3/3 2/2/2
f 8/8/8 7/7/7 5/5/5
f 10/10/10 9/9/9 6/6/6
f 8/8/8 12/12/12 11/11/11
f 8/8/8 11/11/11 7/7/7
f 10/10/10 11/11/11 15/15/15
f 10/10/10 15/15/15 14/14/14
f 14/14/14 13/13/13 9/9/9
f 12/12/12 16/16/16 15/15/15
f 12/12/12 15/15/15 11/11/11
f 18/18/18 19/19/19 24/24/24
f 18/18/18 24/24/24 23/23/23
f 23/23/23 22/22/22 18/18/18
f 19/19/19 20/20/20 25/25/25
f 19/19/19 25/25/25 24/24/24
f 21/21/21 22/22/22 27/27/27
f 21/21/21 27/27/27 26/26/26
f 22/22/22 23/23/23 28/28/28
f 22/22/22 28/28/28 27/27/27
f 5/5/5 7/7/7 28/28/28
f 5/5/5 28/28/28 24/24/24
f 28/28/28 7/7/7 6/6/6
f 1/1/1 26/26/26 29/29/29
f 1/1/1 29/29/29 2/2/2
f 26/26/26 27/27/27 30/30/30
f 26/26/26 30/30/30 29/29/29
f 6/6/6 9/9/9 30/30/30
f 6/6/6 30/30/30 27/27/27
f 9/9/9 13/13/13 31/31/31
f 9/9/9 31/31/31 30/30/30
f 4/4/4 2/2/2 29/29/29
f 42/42/42 49/49/49 50/50/50
f 42/42/42 50/50/50 43/43/43
f 34/34/34 37/37/37 35/35/35
f 38/38/38 37/37/37 36/36/36
f 46/46/46 47/47/47 51/51/51
f 46/46/46 51/51/51 44/44/44
f 44/44/44 50/50/50 46/46/46
f 51/51/51 48/48/48 41/41/41
f 51/51/51 41/41/41 45/45/45
f 51/51/51 45/45/45 44/44/44
f 48/48/48 51/51/51 47/47/47
f 56/56/56 57/57/57 60/60/60
f 56/56/56 60/60/60 54/54/54
f 55/55/55 48/48/48 47/47/47
f 34/34/34 42/42/42 32/32/32
f 49/49/49 34/34/34 52/52/52
f 53/53/53 49/49/49 52/52/52
f 53/53/53 50/50/50 49/49/49
f 59/59/59 53/53/53 52/52/52
f 54/54/54 59/59/59 56/56/56
f 58/58/58 61/61/61 60/60/60
f 58/58/58 60/60/60 57/57/57
f 60/60/60 47/47/47 54/54/54
f 47/47/47 60/60/60 61/61/61
f 47/47/47 61/61/61 55/55/55
f 56/56/56 63/63/63 64/64/64
f 56/56/56 64/64/64 57/57/57
f 66/66/66 67/67/67 73/73/73
f 66/66/66 73/73/73 72/72/72
f 58/58/58 57/57/57 64/64/64
f 39/39/39 52/52/52 35/35/35
f 65/65/65 59/59/59 52/52/52
f 76/76/76 77/77/77 70/70/70
f 76/76/76 70/70/70 78/78/78
f 68/68/68 74/74/74 73/73/73
f 68/68/68 73/73/73 67/67/67
f 71/71/71 73/73/73 81/81/81
f 71/71/71 81/81/81 80/80/80
f 70/70/70 77/77/77 69/69/69
f 80/80/80 72/72/72 71/71/71
f 75/75/75 77/77/77 85/85/85
f 75/75/75 85/85/85 83/83/83
f 74/74/74 82/82/82 81/81/81
f 74/74/74 81/81/81 73/73/73
f 85/85/85 77/77/77 76/76/76
f 84/84/84 85/85/85 78/78/78
f 84/84/84 78/78/78 86/86/86
f 79/79/79 81/81/81 89/89/89
f 79/79/79 89/89/89 88/88/88
f 78/78/78 85/85/85 76/76/76
f 88/88/88 80/80/80 79/79/79
f 81/81/81 82/82/82 90/90/90
f 81/81/81 90/90/90 89/89/89
f 99/99/99 100/100/100 102/102/102
f 99/99/99 102/102/102 101/101/101
f 92/92/92 85/85/85 84/84/84
f 95/95/95 88/88/88 87/87/87
f 89/89/89 95/95/95 87/87/87
f 102/102/102 2/2/2 103/103/103
f 102/102/102 103/103/103 101/101/101
f 103/103/103 2/2/2 3/3/3
f 103/103/103 3/3/3 105/105/105
f 1/1/1 2/2/2 102/102/102
f 106/106/106 107/107/107 161/161/161
f 106/106/106 161/161/161 98/98/98
f 98/98/98 108/108/108 106/106/106
f 110/110/110 111/111/111 99/99/99
f 110/110/110 99/99/99 101/101/101
f 111/111/111 110/110/110 108/108/108
f 111/111/111 100/100/100 99/99/99
f 101/101/101 112/112/112 109/109/109
f 114/114/114 104/104/104 115/115/115
f 114/114/114 115/115/115 113/113/113
f 114/114/114 113/113/113 112/112/112
f 106/106/106 108/108/108 121/121/121
f 106/106/106 121/121/121 118/118/118
f 105/105/105 104/104/104 114/114/114
f 105/105/105 114/114/114 103/103/103
f 119/119/119 118/118/118 116/116/116
f 119/119/119 107/107/107 106/106/106
f 122/122/122 110/110/110 109/109/109
f 122/122/122 109/109/109 112/112/112
f 110/110/110 122/122/122 120/120/120
f 110/110/110 121/121/121 108/108/108
f 112/112/112 123/123/123 122/122/122
f 123/123/123 112/112/112 113/113/113
f 123/123/123 113/113/113 125/125/125
f 113/113/113 115/115/115 126/126/126
f 113/113/113 126/126/126 125/125/125
f 116/116/116 129/129/129 130/130/130
f 116/116/116 130/130/130 117/117/117
f 130/130/130 129/129/129 127/127/127
f 118/118/118 121/121/121 135/135/135
f 118/118/118 135/135/135 132/132/132
f 132/132/132 131/131/131 128/128/128
f 135/135/135 134/134/134 131/131/131
f 135/135/135 121/121/121 120/120/120
f 120/120/120 122/122/122 137/137/137
f 120/120/120 137/137/137 134/134/134
f 122/122/122 123/123/123 138/138/138
f 122/122/122 138/138/138 137/137/137
f 66/66/66 138/138/138 124/124/124
f 66/66/66 124/124/124 67/67/67
f 128/128/128 142/142/142 129/129/129
f 128/128/128 129/129/129 116/116/116
f 125/125/125 124/124/124 138/138/138
f 125/125/125 138/138/138 123/123/123
f 129/129/129 142/142/142 139/139/139
f 128/128/128 131/131/131 144/144/144
f 128/128/128 144/144/144 141/141/141
f 129/129/129 140/140/140 127/127/127
f 143/143/143 144/144/144 134/134/134
f 143/143/143 134/134/134 133/133/133
f 133/133/133 69/69/69 143/143/143
f 141/141/141 144/144/144 147/147/147
f 141/141/141 147/147/147 146/146/146
f 134/134/134 144/144/144 131/131/131
f 136/136/136 70/70/70 69/69/69
f 133/133/133 136/136/136 69/69/69
f 133/133/133 137/137/137 136/136/136
f 72/72/72 138/138/138 66/66/66
f 33/33/33 140/140/140 139/139/139
f 142/142/142 146/146/146 145/145/145
f 147/147/147 144/144/144 143/143/143
f 143/143/143 69/69/69 77/77/77
f 143/143/143 77/77/77 75/75/75
f 145/145/145 146/146/146 151/151/151
f 145/145/145 151/151/151 148/148/148
f 149/149/149 139/139/139 145/145/145
f 149/149/149 33/33/33 139/139/139
f 149/149/149 37/37/37 33/33/33
f 146/146/146 147/147/147 152/152/152
f 146/146/146 152/152/152 151/151/151
f 152/152/152 147/147/147 75/75/75
f 36/36/36 149/149/149 154/154/154
f 36/36/36 154/154/154 40/40/40
f 154/154/154 149/149/149 148/148/148
f 148/148/148 151/151/151 150/150/150
f 148/148/148 150/150/150 153/153/153
f 158/158/158 159/159/159 164/164/164
f 158/158/158 164/164/164 163/163/163
f 93/93/93 152/152/152 83/83/83
f 160/160/160 159/159/159 155/155/155
f 162/162/162 161/161/161 157/157/157
f 163/163/163 162/162/162 158/158/158
f 98/98/98 161/161/161 166/166/166
f 98/98/98 166/166/166 100/100/100
f 164/164/164 159/159/159 160/160/160
f 164/164/164 19/19/19 18/18/18
f 165/165/165 164/164/164 160/160/160
f 165/165/165 20/20/20 19/19/19
f 161/161/161 162/162/162 167/167/167
f 161/161/161 167/167/167 166/166/166
f 18/18/18 22/22/22 167/167/167
f 18/18/18 167/167/167 162/162/162
f 167/167/167 22/22/22 21/21/21
f 1/1/1 102/102/102 166/166/166
f 1/1/1 166/166/166 26/26/26
f 166/166/166 102/102/102 100/100/100
f 178/178/178 179/179/179 169/169/169
f 178/178/178 169/169/169 168/168/168
f 173/173/173 172/172/172 168/168/168
f 173/173/173 156/156/156 155/155/155
f 175/175/175 107/107/107 170/170/170
f 175/175/175 158/158/158 157/157/157
f 159/159/159 175/175/175 171/171/171
f 159/159/159 172/172/172 155/155/155
f 161/161/161 107/107/107 157/157/157
f 170/170/170 107/107/107 119/119/119
f 170/170/170 119/119/119 117/117/117
f 180/180/180 117/117/117 176/176/176
f 180/180/180 171/171/171 170/170/170
f 172/172/172 180/180/180 177/177/177
f 172/172/172 178/178/178 168/168/168
f 176/176/176 117/117/117 130/130/130
f 176/176/176 130/130/130 127/127/127
f 181/181/181 127/127/127 42/42/42
f 181/181/181 177/177/177 176/176/176
f 182/182/182 181/181/181 43/43/43
f 182/182/182 43/43/43 44/44/44
f 182/182/182 178/178/178 177/177/177
f 45/45/45 182/182/182 44/44/44
f 45/45/45 179/179/179 178/178/178
f 189/189/189 195/195/195 193/193/193
f 189/189/189 193/193/193 190/190/190
f 39/39/39 38/38/38 190/190/190
f 192/192/192 36/36/36 40/40/40
f 192/192/192 38/38/38 36/36/36
f 192/192/192 189/189/189 38/38/38
f 191/191/191 196/196/196 194/194/194
f 191/191/191 194/194/194 192/192/192
f 203/203/203 204/204/204 198/198/198
f 203/203/203 198/198/198 197/197/197
f 200/200/200 195/195/195 194/194/194
f 195/195/195 200/200/200 197/197/197
f 195/195/195 197/197/197 193/193/193
f 199/199/199 194/194/194 196/196/196
f 197/197/197 200/200/200 206/206/206
f 197/197/197 206/206/206 202/202/202
f 206/206/206 200/200/200 199/199/199
f 205/205/205 208/208/208 209/209/209
f 205/205/205 209/209/209 206/206/206
f 205/205/205 199/199/199 201/201/201
f 183/183/183 184/184/184 208/208/208
f 183/183/183 208/208/208 205/205/205
f 203/203/203 212/212/212 210/210/210
f 203/203/203 210/210/210 207/207/207
f 212/212/212 203/203/203 202/202/202
f 213/213/213 211/211/211 209/209/209
f 213/213/213 209/209/209 208/208/208
f 184/184/184 185/185/185 213/213/213
f 184/184/184 213/213/213 208/208/208
f 213/213/213 218/218/218 215/215/215
f 213/213/213 215/215/215 211/211/211
f 212/212/212 211/211/211 216/216/216
f 217/217/217 210/210/210 212/212/212
f 210/210/210 217/217/217 214/214/214
f 185/185/185 186/186/186 219/219/219
f 185/185/185 219/219/219 213/213/213
f 215/215/215 221/221/221 222/222/222
f 215/215/215 222/222/222 216/216/216
f 219/219/219 218/218/218 213/213/213
f 229/229/229 230/230/230 225/225/225
f 229/229/229 225/225/225 62/62/62
f 222/222/222 217/217/217 216/216/216
f 221/221/221 215/215/215 218/218/218
f 219/219/219 223/223/223 218/218/218
f 225/225/225 56/56/56 62/62/62
f 63/63/63 56/56/56 225/225/225
f 188/188/188 65/65/65 39/39/39
f 229/229/229 62/62/62 188/188/188
f 225/225/225 230/230/230 231/231/231
f 225/225/225 231/231/231 63/63/63
f 231/231/231 230/230/230 226/226/226
f 229/229/229 236/236/236 233/233/233
f 229/229/229 233/233/233 230/230/230
f 231/231/231 64/64/64 63/63/63
f 232/232/232 231/231/231 227/227/227
f 232/232/232 224/224/224 64/64/64
f 232/232/232 228/228/228 224/224/224
f 235/235/235 228/228/228 227/227/227
f 198/198/198 229/229/229 193/193/193
f 227/227/227 239/239/239 240/240/240
f 227/227/227 240/240/240 235/235/235
f 239/239/239 227/227/227 234/234/234
f 241/241/241 242/242/242 239/239/239
f 241/241/241 239/239/239 234/234/234
f 236/236/236 204/204/204 237/237/237
f 236/236/236 238/238/238 233/233/233
f 241/241/241 238/238/238 237/237/237
f 234/234/234 238/238/238 241/241/241
f 239/239/239 242/242/242 243/243/243
f 239/239/239 243/243/243 240/240/240
f 207/207/207 210/210/210 244/244/244
f 207/207/207 244/244/244 237/237/237
f 204/204/204 207/207/207 237/237/237
f 245/245/245 246/246/246 242/242/242
f 245/245/245 242/242/242 241/241/241
f 244/244/244 241/241/241 237/237/237
f 246/246/246 247/247/247 243/243/243
f 246/246/246 243/243/243 242/242/242
f 210/210/210 214/214/214 248/248/248
f 210/210/210 248/248/248 244/244/244
f 248/248/248 249/249/249 245/245/245
f 248/248/248 245/245/245 244/244/244
f 249/249/249 250/250/250 246/246/246
f 249/249/249 246/246/246 245/245/245
f 250/250/250 251/251/251 247/247/247
f 250/250/250 247/247/247 246/246/246
f 214/214/214 220/220/220 252/252/252
f 214/214/214 252/252/252 248/248/248
f 252/252/252 253/253/253 249/249/249
f 252/252/252 249/249/249 248/248/248
f 253/253/253 254/254/254 250/250/250
f 253/253/253 250/250/250 249/249/249
f 254/254/254 255/255/255 251/251/251
f 254/254/254 251/251/251 250/250/250
f 257/257/257 258/258/258 91/91/91
f 257/257/257 91/91/91 259/259/259
f 92/92/92 259/259/259 91/91/91
f 92/92/92 91/91/91 93/93/93
f 84/84/84 86/86/86 262/262/262
f 84/84/84 262/262/262 260/260/260
f 92/92/92 260/260/260 259/259/259
f 262/262/262 86/86/86 94/94/94
f 94/94/94 95/95/95 263/263/263
f 94/94/94 263/263/263 262/262/262
f 95/95/95 89/89/89 264/264/264
f 95/95/95 264/264/264 263/263/263
f 264/264/264 89/89/89 96/96/96
f 96/96/96 97/97/97 265/265/265
f 96/96/96 265/265/265 264/264/264
f 257/257/257 267/267/267 268/268/268
f 257/257/257 268/268/268 258/258/258
f 256/256/256 258/258/258 268/268/268
f 256/256/256 268/268/268 266/266/266
f 259/259/259 260/260/260 272/272/272
f 259/259/259 272/272/272 270/270/270
f 257/257/257 270/270/270 267/267/267
f 260/260/260 262/262/262 273/273/273
f 260/260/260 273/273/273 272/272/272
f 273/273/273 262/262/262 261/261/261
f 267/267/267 270/270/270 279/279/279
f 267/267/267 279/279/279 278/278/278
f 263/263/263 273/273/273 261/261/261
f 265/265/265 276/276/276 275/275/275
f 277/277/277 268/268/268 267/267/267
f 279/279/279 270/270/270 269/269/269
f 273/273/273 263/263/263 283/283/283
f 273/273/273 283/283/283 282/282/282
f 280/280/280 272/272/272 271/271/271
f 283/283/283 263/263/263 274/274/274
f 274/274/274 275/275/275 284/284/284
f 274/274/274 284/284/284 283/283/283
f 275/275/275 276/276/276 285/285/285
f 275/275/275 285/285/285 284/284/284
f 287/287/287 278/278/278 279/279/279
f 287/287/287 279/279/279 289/289/289
f 286/286/286 277/277/277 278/278/278
f 288/288/288 289/289/289 280/280/280
f 288/288/288 280/280/280 290/290/290
f 271/271/271 282/282/282 291/291/291
f 271/271/271 291/291/291 290/290/290
f 280/280/280 289/289/289 269/269/269
f 291/291/291 282/282/282 281/281/281
f 293/293/293 284/284/284 285/285/285
f 293/293/293 285/285/285 294/294/294
f 286/286/286 295/295/295 184/184/184
f 286/286/286 184/184/184 183/183/183
f 296/296/296 297/297/297 291/291/291
f 296/296/296 291/291/291 298/298/298
f 295/295/295 278/278/278 287/287/287
f 287/287/287 289/289/289 288/288/288
f 281/281/281 292/292/292 300/300/300
f 281/281/281 300/300/300 298/298/298
f 291/291/291 297/297/297 290/290/290
f 292/292/292 284/284/284 301/301/301
f 292/292/292 301/301/301 300/300/300
f 301/301/301 284/284/284 293/293/293
f 287/287/287 304/304/304 302/302/302
f 287/287/287 302/302/302 295/295/295
f 294/294/294 301/301/301 293/293/293
f 184/184/184 295/295/295 303/303/303
f 303/303/303 185/185/185 184/184/184
f 288/288/288 305/305/305 304/304/304
f 288/288/288 304/304/304 287/287/287
f 298/298/298 300/300/300 307/307/307
f 298/298/298 307/307/307 306/306/306
f 305/305/305 297/297/297 296/296/296
f 307/307/307 300/300/300 299/299/299
f 308/308/308 301/301/301 294/294/294
f 308/308/308 294/294/294 309/309/309
f 302/302/302 310/310/310 311/311/311
f 302/302/302 311/311/311 303/303/303
f 186/186/186 185/185/185 303/303/303
f 186/186/186 303/303/303 311/311/311
f 296/296/296 306/306/306 316/316/316
f 296/296/296 316/316/316 314/314/314
f 312/312/312 302/302/302 304/304/304
f 312/312/312 310/310/310 302/302/302
f 313/313/313 304/304/304 305/305/305
f 313/313/313 312/312/312 304/304/304
f 314/314/314 305/305/305 296/296/296
f 314/314/314 313/313/313 305/305/305
f 315/315/315 316/316/316 307/307/307
f 315/315/315 307/307/307 317/317/317
f 299/299/299 308/308/308 318/318/318
f 299/299/299 318/318/318 317/317/317
f 307/307/307 316/316/316 306/306/306
f 308/308/308 309/309/309 319/319/319
f 308/308/308 319/319/319 318/318/318
f 310/310/310 312/312/312 322/322/322
f 310/310/310 322/322/322 320/320/320
f 320/320/320 311/311/311 310/310/310
f 325/325/325 317/317/317 318/318/318
f 325/325/325 318/318/318 326/326/326
f 324/324/324 316/316/316 315/315/315
f 326/326/326 318/318/318 319/319/319
f 326/326/326 319/319/319 327/327/327
f 153/153/153 150/150/150 258/258/258
f 153/153/153 258/258/258 256/256/256
f 191/191/191 154/154/154 153/153/153
f 258/258/258 150/150/150 91/91/91
f 256/256/256 266/266/266 328/328/328
f 256/256/256 328/328/328 191/191/191
f 8/8/8 330/330/330 332/332/332
f 8/8/8 332/332/332 12/12/12
f 328/328/328 196/196/196 191/191/191
f 328/328/328 201/201/201 196/196/196
f 183/183/183 328/328/328 277/277/277
f 331/331/331 333/333/333 332/332/332
f 331/331/331 332/332/332 330/330/330
f 12/12/12 332/332/332 335/335/335
f 12/12/12 335/335/335 16/16/16
f 333/333/333 336/336/336 335/335/335
f 333/333/333 335/335/335 332/332/332
f 339/339/339 341/341/341 25/25/25
f 339/339/339 25/25/25 20/20/20
f 337/337/337 333/333/333 334/334/334
f 329/329/329 5/5/5 25/25/25
f 329/329/329 341/341/341 345/345/345
f 329/329/329 345/345/345 330/330/330
f 342/342/342 341/341/341 339/339/339
f 342/342/342 339/339/339 340/340/340
f 343/343/343 346/346/346 345/345/345
f 343/343/343 345/345/345 342/342/342
f 345/345/345 341/341/341 342/342/342
f 331/331/331 330/330/330 345/345/345
f 344/344/344 347/347/347 346/346/346
f 344/344/344 346/346/346 343/343/343
f 331/331/331 346/346/346 349/349/349
f 331/331/331 349/349/349 333/333/333
f 347/347/347 350/350/350 349/349/349
f 347/347/347 349/349/349 346/346/346
f 334/334/334 333/333/333 349/349/349
f 347/347/347 348/348/348 351/351/351
f 347/347/347 351/351/351 350/350/350
f 350/350/350 338/338/338 334/334/334
f 350/350/350 334/334/334 349/349/349
f 350/350/350 351/351/351 352/352/352
f 350/350/350 352/352/352 338/338/338
f 338/338/338 337/337/337 334/334/334
f 353/353/353 354/354/354 352/352/352
f 353/353/353 352/352/352 351/351/351
f 361/361/361 363/363/363 356/356/356
f 361/361/361 356/356/356 55/55/55
f 356/356/356 41/41/41 48/48/48
f 362/362/362 358/358/358 363/363/363
f 362/362/362 363/363/363 361/361/361
f 363/363/363 357/357/357 356/356/356
f 368/368/368 369/369/369 371/371/371
f 368/368/368 371/371/371 61/61/61
f 358/358/358 357/357/357 363/363/363
f 360/360/360 359/359/359 364/364/364
f 365/365/365 358/358/358 362/362/362
f 364/364/364 358/358/358 365/365/365
f 360/360/360 364/364/364 367/367/367
f 61/61/61 371/371/371 361/361/361
f 61/61/61 361/361/361 55/55/55
f 371/371/371 370/370/370 362/362/362
f 371/371/371 362/362/362 361/361/361
f 371/371/371 369/369/369 370/370/370
f 372/372/372 377/377/377 378/378/378
f 372/372/372 378/378/378 366/366/366
f 365/365/365 362/362/362 370/370/370
f 366/366/366 365/365/365 372/372/372
f 373/373/373 367/367/367 366/366/366
f 372/372/372 370/370/370 375/375/375
f 367/367/367 373/373/373 379/379/379
f 367/367/367 379/379/379 360/360/360
f 390/390/390 394/394/394 393/393/393
f 390/390/390 393/393/393 389/389/389
f 373/373/373 366/366/366 381/381/381
f 381/381/381 366/366/366 378/378/378
f 384/384/384 382/382/382 381/381/381
f 383/383/383 382/382/382 384/384/384
f 17/17/17 156/156/156 386/386/386
f 388/388/388 17/17/17 386/386/386
f 388/388/388 386/386/386 387/387/387
f 392/392/392 20/20/20 17/17/17
f 392/392/392 17/17/17 388/388/388
f 339/339/339 20/20/20 392/392/392
f 340/340/340 339/339/339 393/393/393
f 391/391/391 395/395/395 394/394/394
f 391/391/391 394/394/394 390/390/390
f 340/340/340 394/394/394 396/396/396
f 340/340/340 396/396/396 343/343/343
f 344/344/344 397/397/397 398/398/398
f 344/344/344 398/398/398 348/348/348
f 396/396/396 394/394/394 395/395/395
f 344/344/344 343/343/343 396/396/396
f 391/391/391 405/405/405 406/406/406
f 391/391/391 406/406/406 395/395/395
f 174/174/174 169/169/169 399/399/399
f 174/174/174 386/386/386 156/156/156
f 401/401/401 174/174/174 399/399/399
f 401/401/401 399/399/399 400/400/400
f 387/387/387 386/386/386 401/401/401
f 389/389/389 387/387/387 402/402/402
f 404/404/404 402/402/402 403/403/403
f 391/391/391 390/390/390 404/404/404
f 169/169/169 179/179/179 355/355/355
f 169/169/169 355/355/355 399/399/399
f 355/355/355 179/179/179 41/41/41
f 403/403/403 411/411/411 412/412/412
f 403/403/403 412/412/412 405/405/405
f 409/409/409 387/387/387 400/400/400
f 409/409/409 400/400/400 407/407/407
f 402/402/402 387/387/387 409/409/409
f 410/410/410 407/407/407 408/408/408
f 403/403/403 402/402/402 410/410/410
f 416/416/416 417/417/417 397/397/397
f 416/416/416 397/397/397 395/395/395
f 400/400/400 355/355/355 357/357/357
f 407/407/407 400/400/400 413/413/413
f 414/414/414 359/359/359 360/360/360
f 408/408/408 407/407/407 414/414/414
f 443/443/443 411/411/411 408/408/408
f 415/415/415 408/408/408 360/360/360
f 348/348/348 398/398/398 421/421/421
f 348/348/348 421/421/421 351/351/351
f 398/398/398 397/397/397 417/417/417
f 419/419/419 417/417/417 418/418/418
f 422/422/422 423/423/423 354/354/354
f 422/422/422 354/354/354 421/421/421
f 421/421/421 398/398/398 419/419/419
f 353/353/353 351/351/351 421/421/421
f 422/422/422 421/421/421 419/419/419
f 422/422/422 419/419/419 420/420/420
f 424/424/424 416/416/416 406/406/406
f 424/424/424 406/406/406 405/405/405
f 416/416/416 395/395/395 406/406/406
f 418/418/418 428/428/428 420/420/420
f 418/418/418 420/420/420 419/419/419
f 426/426/426 417/417/417 416/416/416
f 426/426/426 416/416/416 425/425/425
f 418/418/418 417/417/417 426/426/426
f 420/420/420 428/428/428 430/430/430
f 420/420/420 430/430/430 422/422/422
f 428/428/428 426/426/426 427/427/427
f 429/429/429 431/431/431 430/430/430
f 429/429/429 430/430/430 428/428/428
f 422/422/422 430/430/430 432/432/432
f 422/422/422 432/432/432 423/423/423
f 430/430/430 431/431/431 433/433/433
f 430/430/430 433/433/433 432/432/432
f 424/424/424 435/435/435 436/436/436
f 424/424/424 436/436/436 425/425/425
f 412/412/412 411/411/411 434/434/434
f 424/424/424 405/405/405 412/412/412
f 425/425/425 436/436/436 438/438/438
f 425/425/425 438/438/438 426/426/426
f 439/439/439 429/429/429 427/427/427
f 439/439/439 427/427/427 438/438/438
f 438/438/438 436/436/436 437/437/437
f 427/427/427 426/426/426 438/438/438
f 440/440/440 441/441/441 431/431/431
f 440/440/440 431/431/431 429/429/429
f 429/429/429 428/428/428 427/427/427
f 443/443/443 444/444/444 434/434/434
f 443/443/443 434/434/434 411/411/411
f 435/435/435 446/446/446 448/448/448
f 435/435/435 448/448/448 436/436/436
f 446/446/446 435/435/435 434/434/434
f 446/446/446 434/434/434 445/445/445
f 437/437/437 449/449/449 450/450/450
f 437/437/437 450/450/450 439/439/439
f 448/448/448 446/446/446 447/447/447
f 437/437/437 436/436/436 448/448/448
f 451/451/451 452/452/452 440/440/440
f 451/451/451 440/440/440 450/450/450
f 452/452/452 454/454/454 453/453/453
f 452/452/452 453/453/453 440/440/440
f 453/453/453 441/441/441 440/440/440
f 444/444/444 456/456/456 445/445/445
f 444/444/444 445/445/445 434/434/434
f 415/415/415 360/360/360 379/379/379
f 443/443/443 408/408/408 415/415/415
f 444/444/444 415/415/415 455/455/455
f 445/445/445 457/457/457 458/458/458
f 445/445/445 458/458/458 447/447/447
f 447/447/447 458/458/458 460/460/460
f 447/447/447 460/460/460 449/449/449
f 449/449/449 460/460/460 462/462/462
f 449/449/449 462/462/462 450/450/450
f 460/460/460 458/458/458 459/459/459
f 457/457/457 464/464/464 465/465/465
f 457/457/457 465/465/465 458/458/458
f 462/462/462 460/460/460 461/461/461
f 451/451/451 450/450/450 462/462/462
f 380/380/380 415/415/415 379/379/379
f 455/455/455 415/415/415 380/380/380
f 456/456/456 455/455/455 463/463/463
f 459/459/459 466/466/466 467/467/467
f 459/459/459 467/467/467 461/461/461
f 459/459/459 458/458/458 465/465/465
f 463/463/463 469/469/469 470/470/470
f 463/463/463 470/470/470 464/464/464
f 468/468/468 382/382/382 383/383/383
f 455/455/455 380/380/380 468/468/468
f 463/463/463 455/455/455 468/468/468
f 464/464/464 470/470/470 471/471/471
f 464/464/464 471/471/471 465/465/465
f 469/469/469 472/472/472 473/473/473
f 469/469/469 473/473/473 470/470/470
f 471/471/471 470/470/470 473/473/473
f 466/466/466 465/465/465 471/471/471
f 385/385/385 468/468/468 383/383/383
f 469/469/469 468/468/468 385/385/385
f 477/477/477 478/478/478 454/454/454
f 477/477/477 454/454/454 475/475/475
f 474/474/474 471/471/471 473/473/473
f 454/454/454 452/452/452 475/475/475
f 475/475/475 452/452/452 451/451/451
f 461/461/461 467/467/467 480/480/480
f 461/461/461 480/480/480 462/462/462
f 479/479/479 476/476/476 454/454/454
f 479/479/479 454/454/454 478/478/478
f 462/462/462 480/480/480 481/481/481
f 462/462/462 481/481/481 475/475/475
f 480/480/480 467/467/467 486/486/486
f 482/482/482 483/483/483 478/478/478
f 482/482/482 478/478/478 481/481/481
f 477/477/477 475/475/475 481/481/481
f 466/466/466 485/485/485 486/486/486
f 466/466/466 486/486/486 467/467/467
f 484/484/484 479/479/479 478/478/478
f 484/484/484 478/478/478 483/483/483
f 480/480/480 488/488/488 489/489/489
f 480/480/480 489/489/489 481/481/481
f 488/488/488 480/480/480 486/486/486
f 488/488/488 486/486/486 487/487/487
f 490/490/490 491/491/491 483/483/483
f 490/490/490 483/483/483 489/489/489
f 482/482/482 481/481/481 489/489/489
f 488/488/488 494/494/494 495/495/495
f 488/488/488 495/495/495 489/489/489
f 492/492/492 484/484/484 483/483/483
f 492/492/492 483/483/483 491/491/491
f 474/474/474 473/473/473 567/567/567
f 485/485/485 471/471/471 474/474/474
f 493/493/493 486/486/486 485/485/485
f 487/487/487 486/486/486 493/493/493
f 494/494/494 488/488/488 487/487/487
f 495/495/495 496/496/496 490/490/490
f 495/495/495 490/490/490 489/489/489
f 490/490/490 496/496/496 497/497/497
f 490/490/490 497/497/497 491/491/491
f 368/368/368 224/224/224 503/503/503
f 368/368/368 503/503/503 369/369/369
f 224/224/224 368/368/368 58/58/58
f 504/504/504 502/502/502 499/499/499
f 504/504/504 499/499/499 374/374/374
f 374/374/374 369/369/369 503/503/503
f 499/499/499 375/375/375 374/374/374
f 376/376/376 375/375/375 499/499/499
f 377/377/377 376/376/376 500/500/500
f 503/503/503 228/228/228 501/501/501
f 504/504/504 501/501/501 502/502/502
f 374/374/374 503/503/503 504/504/504
f 240/240/240 509/509/509 501/501/501
f 240/240/240 501/501/501 235/235/235
f 505/505/505 376/376/376 499/499/499
f 500/500/500 376/376/376 505/505/505
f 501/501/501 228/228/228 235/235/235
f 505/505/505 502/502/502 507/507/507
f 500/500/500 505/505/505 508/508/508
f 243/243/243 513/513/513 509/509/509
f 243/243/243 509/509/509 240/240/240
f 506/506/506 501/501/501 509/509/509
f 508/508/508 507/507/507 511/511/511
f 509/509/509 513/513/513 514/514/514
f 509/509/509 514/514/514 506/506/506
f 514/514/514 515/515/515 511/511/511
f 514/514/514 511/511/511 510/510/510
f 514/514/514 510/510/510 506/506/506
f 243/243/243 247/247/247 516/516/516
f 243/243/243 516/516/516 513/513/513
f 512/512/512 511/511/511 515/515/515
f 513/513/513 516/516/516 517/517/517
f 513/513/513 517/517/517 514/514/514
f 247/247/247 251/251/251 520/520/520
f 247/247/247 520/520/520 516/516/516
f 515/515/515 514/514/514 518/518/518
f 516/516/516 520/520/520 521/521/521
f 516/516/516 521/521/521 517/517/517
f 517/517/517 521/521/521 522/522/522
f 517/517/517 522/522/522 518/518/518
f 522/522/522 523/523/523 519/519/519
f 522/522/522 519/519/519 518/518/518
f 251/251/251 255/255/255 524/524/524
f 251/251/251 524/524/524 520/520/520
f 520/520/520 524/524/524 525/525/525
f 520/520/520 525/525/525 521/521/521
f 521/521/521 525/525/525 526/526/526
f 521/521/521 526/526/526 522/522/522
f 526/526/526 527/527/527 523/523/523
f 526/526/526 523/523/523 522/522/522
f 529/529/529 530/530/530 385/385/385
f 529/529/529 385/385/385 383/383/383
f 528/528/528 384/384/384 378/378/378
f 383/383/383 384/384/384 529/529/529
f 531/531/531 536/536/536 529/529/529
f 531/531/531 529/529/529 528/528/528
f 531/531/531 528/528/528 500/500/500
f 508/508/508 534/534/534 531/531/531
f 508/508/508 531/531/531 500/500/500
f 530/530/530 529/529/529 532/532/532
f 508/508/508 512/512/512 539/539/539
f 508/508/508 539/539/539 534/534/534
f 536/536/536 534/534/534 535/535/535
f 533/533/533 532/532/532 537/537/537
f 535/535/535 541/541/541 537/537/537
f 535/535/535 537/537/537 536/536/536
f 535/535/535 534/534/534 539/539/539
f 519/519/519 548/548/548 545/545/545
f 519/519/519 545/545/545 544/544/544
f 542/542/542 541/541/541 546/546/546
f 538/538/538 537/537/537 542/542/542
f 512/512/512 515/515/515 544/544/544
f 545/545/545 535/535/535 539/539/539
f 540/540/540 535/535/535 545/545/545
f 541/541/541 535/535/535 540/540/540
f 547/547/547 542/542/542 546/546/546
f 543/543/543 542/542/542 547/547/547
f 544/544/544 515/515/515 519/519/519
f 548/548/548 549/549/549 540/540/540
f 548/548/548 540/540/540 545/545/545
f 540/540/540 549/549/549 551/551/551
f 540/540/540 551/551/551 546/546/546
f 546/546/546 551/551/551 552/552/552
f 546/546/546 552/552/552 547/547/547
f 527/527/527 558/558/558 553/553/553
f 527/527/527 553/553/553 523/523/523
f 548/548/548 519/519/519 553/553/553
f 554/554/554 549/549/549 548/548/548
f 550/550/550 549/549/549 554/554/554
f 555/555/555 549/549/549 550/550/550
f 551/551/551 549/549/549 555/555/555
f 556/556/556 552/552/552 551/551/551
f 558/558/558 559/559/559 554/554/554
f 558/558/558 554/554/554 553/553/553
f 550/550/550 559/559/559 560/560/560
f 550/550/550 560/560/560 555/555/555
f 550/550/550 554/554/554 559/559/559
f 560/560/560 561/561/561 556/556/556
f 560/560/560 556/556/556 555/555/555
f 552/552/552 563/563/563 562/562/562
f 552/552/552 562/562/562 547/547/547
f 562/562/562 543/543/543 547/547/547
f 472/472/472 566/566/566 567/567/567
f 472/472/472 567/567/567 473/473/473
f 563/563/563 552/552/552 557/557/557
f 565/565/565 530/530/530 533/533/533
f 472/472/472 385/385/385 565/565/565
f 572/572/572 573/573/573 487/487/487
f 572/572/572 487/487/487 493/493/493
f 568/568/568 565/565/565 533/533/533
f 566/566/566 565/565/565 568/568/568
f 538/538/538 568/568/568 533/533/533
f 567/567/567 566/566/566 569/569/569
f 571/571/571 474/474/474 567/567/567
f 571/571/571 567/567/567 570/570/570
f 493/493/493 474/474/474 571/571/571
f 487/487/487 573/573/573 575/575/575
f 487/487/487 575/575/575 494/494/494
f 576/576/576 577/577/577 496/496/496
f 576/576/576 496/496/496 575/575/575
f 575/575/575 573/573/573 574/574/574
f 497/497/497 578/578/578 579/579/579
f 497/497/497 579/579/579 498/498/498
f 578/578/578 497/497/497 496/496/496
f 578/578/578 496/496/496 577/577/577
f 572/572/572 580/580/580 582/582/582
f 572/572/572 582/582/582 573/573/573
f 569/569/569 566/566/566 568/568/568
f 570/570/570 567/567/567 569/569/569
f 580/580/580 571/571/571 570/570/570
f 572/572/572 571/571/571 580/580/580
f 583/583/583 576/576/576 574/574/574
f 583/583/583 574/574/574 582/582/582
f 582/582/582 580/580/580 581/581/581
f 574/574/574 573/573/573 582/582/582
f 585/585/585 586/586/586 579/579/579
f 585/585/585 579/579/579 578/578/578
f 576/576/576 575/575/575 574/574/574
f 584/584/584 577/577/577 576/576/576
f 538/538/538 587/587/587 569/569/569
f 538/538/538 569/569/569 568/568/568
f 576/576/576 591/591/591 593/593/593
f 576/576/576 593/593/593 584/584/584
f 570/570/570 569/569/569 587/587/587
f 589/589/589 580/580/580 570/570/570
f 581/581/581 580/580/580 589/589/589
f 590/590/590 582/582/582 581/581/581
f 583/583/583 582/582/582 590/590/590
f 591/591/591 576/576/576 583/583/583
f 584/584/584 593/593/593 594/594/594
f 584/584/584 594/594/594 585/585/585
f 593/593/593 591/591/591 592/592/592
f 585/585/585 594/594/594 595/595/595
f 585/585/585 595/595/595 586/586/586
f 598/598/598 599/599/599 589/589/589
f 598/598/598 589/589/589 597/597/597
f 587/587/587 538/538/538 543/543/543
f 588/588/588 587/587/587 543/543/543
f 597/597/597 587/587/587 588/588/588
f 589/589/589 587/587/587 597/597/597
f 600/600/600 601/601/601 590/590/590
f 600/600/600 590/590/590 599/599/599
f 583/583/583 601/601/601 602/602/602
f 583/583/583 602/602/602 591/591/591
f 593/593/593 603/603/603 604/604/604
f 593/593/593 604/604/604 594/594/594
f 592/592/592 591/591/591 602/602/602
f 603/603/603 593/593/593 592/592/592
f 594/594/594 605/605/605 596/596/596
f 594/594/594 596/596/596 595/595/595
f 588/588/588 606/606/606 608/608/608
f 588/588/588 608/608/608 597/597/597
f 606/606/606 543/543/543 562/562/562
f 588/588/588 543/543/543 606/606/606
f 610/610/610 611/611/611 602/602/602
f 610/610/610 602/602/602 609/609/609
f 608/608/608 606/606/606 607/607/607
f 598/598/598 597/597/597 608/608/608
f 600/600/600 599/599/599 598/598/598
f 609/609/609 601/601/601 600/600/600
f 592/592/592 611/611/611 612/612/612
f 592/592/592 612/612/612 603/603/603
f 603/603/603 612/612/612 613/613/613
f 603/603/603 613/613/613 604/604/604
f 604/604/604 613/613/613 614/614/614
f 604/604/604 614/614/614 605/605/605
f 562/562/562 563/563/563 616/616/616
f 562/562/562 616/616/616 606/606/606
f 618/618/618 619/619/619 600/600/600
f 618/618/618 600/600/600 598/598/598
f 607/607/607 606/606/606 616/616/616
f 617/617/617 608/608/608 607/607/607
f 598/598/598 608/608/608 617/617/617
f 612/612/612 620/620/620 621/621/621
f 612/612/612 621/621/621 613/613/613
f 619/619/619 609/609/609 600/600/600
f 610/610/610 609/609/609 619/619/619
f 620/620/620 611/611/611 610/610/610
f 620/620/620 612/612/612 611/611/611
f 613/613/613 621/621/621 622/622/622
f 613/613/613 622/622/622 614/614/614
f 622/622/622 623/623/623 615/615/615
f 622/622/622 615/615/615 614/614/614
f 557/557/557 624/624/624 616/616/616
f 557/557/557 616/616/616 563/563/563
f 624/624/624 625/625/625 607/607/607
f 624/624/624 607/607/607 616/616/616
f 607/607/607 625/625/625 626/626/626
f 607/607/607 626/626/626 617/617/617
f 617/617/617 626/626/626 627/627/627
f 617/617/617 627/627/627 618/618/618
f 610/610/610 628/628/628 629/629/629
f 610/610/610 629/629/629 620/620/620
f 619/619/619 618/618/618 627/627/627
f 610/610/610 619/619/619 628/628/628
f 620/620/620 629/629/629 630/630/630
f 620/620/620 630/630/630 621/621/621
f 621/621/621 630/630/630 631/631/631
f 621/621/621 631/631/631 622/622/622
f 631/631/631 632/632/632 623/623/623
f 631/631/631 623/623/623 622/622/622
f 625/625/625 633/633/633 634/634/634
f 625/625/625 634/634/634 626/626/626
f 564/564/564 624/624/624 557/557/557
f 625/625/625 624/624/624 633/633/633
f 634/634/634 635/635/635 627/627/627
f 634/634/634 627/627/627 626/626/626
f 627/627/627 635/635/635 636/636/636
f 627/627/627 636/636/636 628/628/628
f 638/638/638 639/639/639 630/630/630
f 638/638/638 630/630/630 629/629/629
f 637/637/637 629/629/629 628/628/628
f 630/630/630 639/639/639 640/640/640
f 630/630/630 640/640/640 631/631/631
f 640/640/640 641/641/641 632/632/632
f 640/640/640 632/632/632 631/631/631
f 4/4/4 644/644/644 643/643/643
f 4/4/4 643/643/643 3/3/3
f 644/644/644 646/646/646 645/645/645
f 644/644/644 645/645/645 643/643/643
f 14/14/14 648/648/648 647/647/647
f 14/14/14 647/647/647 13/13/13
f 14/14/14 15/15/15 649/649/649
f 14/14/14 649/649/649 648/648/648
f 16/16/16 650/650/650 649/649/649
f 16/16/16 649/649/649 15/15/15
f 649/649/649 653/653/653 652/652/652
f 649/649/649 652/652/652 648/648/648
f 651/651/651 647/647/647 648/648/648
f 649/649/649 650/650/650 654/654/654
f 649/649/649 654/654/654 653/653/653
f 653/653/653 656/656/656 655/655/655
f 653/653/653 655/655/655 652/652/652
f 655/655/655 651/651/651 652/652/652
f 653/653/653 654/654/654 657/657/657
f 653/653/653 657/657/657 656/656/656
f 31/31/31 647/647/647 644/644/644
f 31/31/31 644/644/644 4/4/4
f 658/658/658 656/656/656 657/657/657
f 644/644/644 647/647/647 659/659/659
f 644/644/644 659/659/659 646/646/646
f 647/647/647 31/31/31 13/13/13
f 660/660/660 651/651/651 655/655/655
f 660/660/660 655/655/655 662/662/662
f 660/660/660 659/659/659 651/651/651
f 662/662/662 659/659/659 660/660/660
f 662/662/662 665/665/665 664/664/664
f 662/662/662 664/664/664 661/661/661
f 663/663/663 662/662/662 655/655/655
f 663/663/663 666/666/666 665/665/665
f 663/663/663 665/665/665 662/662/662
f 663/663/663 656/656/656 658/658/658
f 663/663/663 658/658/658 667/667/667
f 667/667/667 670/670/670 669/669/669
f 667/667/667 669/669/669 666/666/666
f 668/668/668 667/667/667 658/658/658
f 669/669/669 665/665/665 666/666/666
f 668/668/668 671/671/671 670/670/670
f 668/668/668 670/670/670 667/667/667
f 676/676/676 673/673/673 674/674/674
f 676/676/676 674/674/674 677/677/677
f 676/676/676 74/74/74 68/68/68
f 677/677/677 674/674/674 675/675/675
f 677/677/677 675/675/675 679/679/679
f 682/682/682 676/676/676 677/677/677
f 682/682/682 677/677/677 683/683/683
f 676/676/676 682/682/682 74/74/74
f 683/683/683 677/677/677 678/678/678
f 683/683/683 678/678/678 685/685/685
f 82/82/82 682/682/682 689/689/689
f 82/82/82 689/689/689 90/90/90
f 687/687/687 686/686/686 680/680/680
f 681/681/681 687/687/687 680/680/680
f 689/689/689 682/682/682 683/683/683
f 689/689/689 683/683/683 690/690/690
f 690/690/690 683/683/683 684/684/684
f 690/690/690 684/684/684 692/692/692
f 97/97/97 90/90/90 689/689/689
f 97/97/97 689/689/689 696/696/696
f 694/694/694 693/693/693 686/686/686
f 687/687/687 694/694/694 686/686/686
f 695/695/695 694/694/694 687/687/687
f 688/688/688 695/695/695 687/687/687
f 696/696/696 689/689/689 690/690/690
f 696/696/696 690/690/690 697/697/697
f 697/697/697 690/690/690 691/691/691
f 697/697/697 691/691/691 698/698/698
f 700/700/700 694/694/694 695/695/695
f 700/700/700 695/695/695 701/701/701
f 694/694/694 1007/1007/1007 693/693/693
f 700/700/700 1007/1007/1007 694/694/694
f 105/105/105 703/703/703 702/702/702
f 105/105/105 702/702/702 104/104/104
f 3/3/3 643/643/643 703/703/703
f 3/3/3 703/703/703 105/105/105
f 645/645/645 646/646/646 706/706/706
f 645/645/645 706/706/706 705/705/705
f 705/705/705 703/703/703 643/643/643
f 645/645/645 705/705/705 643/643/643
f 708/708/708 709/709/709 716/716/716
f 708/708/708 716/716/716 707/707/707
f 707/707/707 704/704/704 705/705/705
f 708/708/708 707/707/707 705/705/705
f 708/708/708 705/705/705 706/706/706
f 115/115/115 104/104/104 702/702/702
f 115/115/115 702/702/702 711/711/711
f 711/711/711 702/702/702 712/712/712
f 711/711/711 712/712/712 713/713/713
f 712/712/712 715/715/715 714/714/714
f 712/712/712 714/714/714 713/713/713
f 712/712/712 704/704/704 707/707/707
f 712/712/712 707/707/707 715/715/715
f 716/716/716 709/709/709 718/718/718
f 716/716/716 718/718/718 717/717/717
f 716/716/716 715/715/715 707/707/707
f 717/717/717 715/715/715 716/716/716
f 766/766/766 721/721/721 720/720/720
f 766/766/766 720/720/720 718/718/718
f 719/719/719 717/717/717 718/718/718
f 766/766/766 718/718/718 710/710/710
f 720/720/720 719/719/719 718/718/718
f 126/126/126 115/115/115 711/711/711
f 126/126/126 711/711/711 722/722/722
f 722/722/722 711/711/711 713/713/713
f 722/722/722 713/713/713 723/723/723
f 714/714/714 715/715/715 725/725/725
f 714/714/714 725/725/725 724/724/724
f 724/724/724 723/723/723 713/713/713
f 714/714/714 724/724/724 713/713/713
f 725/725/725 727/727/727 726/726/726
f 725/725/725 726/726/726 724/724/724
f 727/727/727 717/717/717 719/719/719
f 727/727/727 719/719/719 729/729/729
f 728/728/728 726/726/726 727/727/727
f 729/729/729 719/719/719 720/720/720
f 729/729/729 720/720/720 730/730/730
f 68/68/68 126/126/126 722/722/722
f 68/68/68 722/722/722 673/673/673
f 731/731/731 730/730/730 720/720/720
f 732/732/732 730/730/730 731/731/731
f 673/673/673 722/722/722 723/723/723
f 673/673/673 723/723/723 674/674/674
f 735/735/735 724/724/724 726/726/726
f 735/735/735 726/726/726 737/737/737
f 734/734/734 674/674/674 723/723/723
f 735/735/735 674/674/674 734/734/734
f 724/724/724 735/735/735 734/734/734
f 737/737/737 726/726/726 728/728/728
f 737/737/737 728/728/728 738/738/738
f 739/739/739 729/729/729 730/730/730
f 739/739/739 730/730/730 741/741/741
f 739/739/739 738/738/738 728/728/728
f 740/740/740 738/738/738 739/739/739
f 732/732/732 733/733/733 744/744/744
f 732/732/732 744/744/744 743/743/743
f 742/742/742 740/740/740 741/741/741
f 738/738/738 747/747/747 746/746/746
f 738/738/738 746/746/746 745/745/745
f 681/681/681 680/680/680 736/736/736
f 681/681/681 736/736/736 745/745/745
f 746/746/746 681/681/681 745/745/745
f 747/747/747 740/740/740 742/742/742
f 747/747/747 742/742/742 748/748/748
f 740/740/740 747/747/747 738/738/738
f 742/742/742 732/732/732 743/743/743
f 742/742/742 743/743/743 749/749/749
f 749/749/749 748/748/748 742/742/742
f 752/752/752 747/747/747 748/748/748
f 752/752/752 748/748/748 753/753/753
f 750/750/750 749/749/749 743/743/743
f 744/744/744 751/751/751 743/743/743
f 790/790/790 751/751/751 744/744/744
f 688/688/688 687/687/687 681/681/681
f 746/746/746 688/688/688 681/681/681
f 752/752/752 688/688/688 746/746/746
f 755/755/755 752/752/752 753/753/753
f 755/755/755 753/753/753 756/756/756
f 749/749/749 753/753/753 748/748/748
f 754/754/754 753/753/753 749/749/749
f 755/755/755 695/695/695 688/688/688
f 754/754/754 750/750/750 759/759/759
f 754/754/754 759/759/759 758/758/758
f 757/757/757 756/756/756 753/753/753
f 758/758/758 757/757/757 754/754/754
f 695/695/695 755/755/755 760/760/760
f 695/695/695 760/760/760 701/701/701
f 751/751/751 759/759/759 750/750/750
f 760/760/760 755/755/755 756/756/756
f 760/760/760 756/756/756 761/761/761
f 706/706/706 661/661/661 764/764/764
f 706/706/706 764/764/764 708/708/708
f 762/762/762 761/761/761 756/756/756
f 763/763/763 762/762/762 757/757/757
f 758/758/758 763/763/763 757/757/757
f 764/764/764 766/766/766 710/710/710
f 764/764/764 710/710/710 709/709/709
f 709/709/709 708/708/708 764/764/764
f 765/765/765 764/764/764 664/664/664
f 765/765/765 767/767/767 766/766/766
f 765/765/765 766/766/766 764/764/764
f 765/765/765 665/665/665 669/669/669
f 765/765/765 669/669/669 767/767/767
f 769/769/769 773/773/773 772/772/772
f 769/769/769 772/772/772 768/768/768
f 768/768/768 767/767/767 669/669/669
f 669/669/669 769/769/769 768/768/768
f 770/770/770 769/769/769 670/670/670
f 771/771/771 766/766/766 767/767/767
f 772/772/772 767/767/767 768/768/768
f 731/731/731 721/721/721 778/778/778
f 731/731/731 778/778/778 733/733/733
f 774/774/774 773/773/773 769/769/769
f 774/774/774 769/769/769 770/770/770
f 775/775/775 773/773/773 774/774/774
f 771/771/771 721/721/721 766/766/766
f 777/777/777 721/721/721 771/771/771
f 773/773/773 777/777/777 772/772/772
f 778/778/778 721/721/721 777/777/777
f 779/779/779 777/777/777 773/773/773
f 775/775/775 780/780/780 773/773/773
f 781/781/781 780/780/780 775/775/775
f 782/782/782 781/781/781 776/776/776
f 783/783/783 780/780/780 781/781/781
f 744/744/744 733/733/733 786/786/786
f 744/744/744 786/786/786 790/790/790
f 785/785/785 733/733/733 778/778/778
f 780/780/780 785/785/785 779/779/779
f 786/786/786 733/733/733 785/785/785
f 787/787/787 785/785/785 780/780/780
f 789/789/789 788/788/788 784/784/784
f 792/792/792 783/783/783 788/788/788
f 792/792/792 788/788/788 793/793/793
f 791/791/791 790/790/790 786/786/786
f 792/792/792 791/791/791 787/787/787
f 797/797/797 796/796/796 825/825/825
f 797/797/797 825/825/825 798/798/798
f 796/796/796 751/751/751 790/790/790
f 796/796/796 797/797/797 751/751/751
f 758/758/758 800/800/800 1079/1079/1079
f 758/758/758 1079/1079/1079 763/763/763
f 758/758/758 759/759/759 801/801/801
f 758/758/758 801/801/801 800/800/800
f 759/759/759 797/797/797 802/802/802
f 759/759/759 802/802/802 801/801/801
f 802/802/802 804/804/804 803/803/803
f 802/802/802 803/803/803 801/801/801
f 798/798/798 799/799/799 806/806/806
f 798/798/798 806/806/806 805/805/805
f 798/798/798 805/805/805 802/802/802
f 815/815/815 816/816/816 820/820/820
f 815/815/815 820/820/820 819/819/819
f 814/814/814 788/788/788 789/789/789
f 815/815/815 790/790/790 791/791/791
f 816/816/816 791/791/791 792/792/792
f 817/817/817 816/816/816 792/792/792
f 817/817/817 792/792/792 793/793/793
f 818/818/818 793/793/793 814/814/814
f 821/821/821 793/793/793 818/818/818
f 821/821/821 818/818/818 822/822/822
f 817/817/817 820/820/820 816/816/816
f 821/821/821 824/824/824 823/823/823
f 821/821/821 823/823/823 817/817/817
f 823/823/823 820/820/820 817/817/817
f 824/824/824 829/829/829 833/833/833
f 824/824/824 833/833/833 832/832/832
f 824/824/824 821/821/821 822/822/822
f 819/819/819 825/825/825 815/815/815
f 827/827/827 825/825/825 819/819/819
f 827/827/827 819/819/819 826/826/826
f 828/828/828 826/826/826 823/823/823
f 824/824/824 828/828/828 823/823/823
f 827/827/827 799/799/799 825/825/825
f 830/830/830 799/799/799 827/827/827
f 831/831/831 830/830/830 826/826/826
f 828/828/828 831/831/831 826/826/826
f 832/832/832 835/835/835 834/834/834
f 832/832/832 834/834/834 828/828/828
f 834/834/834 831/831/831 828/828/828
f 832/832/832 833/833/833 836/836/836
f 832/832/832 836/836/836 835/835/835
f 837/837/837 799/799/799 830/830/830
f 837/837/837 830/830/830 838/838/838
f 837/837/837 806/806/806 799/799/799
f 840/840/840 841/841/841 843/843/843
f 840/840/840 843/843/843 842/842/842
f 831/831/831 838/838/838 830/830/830
f 834/834/834 838/838/838 831/831/831
f 842/842/842 843/843/843 845/845/845
f 842/842/842 845/845/845 844/844/844
f 845/845/845 847/847/847 846/846/846
f 845/845/845 846/846/846 844/844/844
f 847/847/847 849/849/849 848/848/848
f 847/847/847 848/848/848 846/846/846
f 851/851/851 852/852/852 839/839/839
f 851/851/851 839/839/839 855/855/855
f 855/855/855 854/854/854 851/851/851
f 853/853/853 854/854/854 857/857/857
f 853/853/853 857/857/857 856/856/856
f 855/855/855 840/840/840 857/857/857
f 855/855/855 857/857/857 854/854/854
f 855/855/855 839/839/839 841/841/841
f 855/855/855 841/841/841 840/840/840
f 856/856/856 857/857/857 859/859/859
f 856/856/856 859/859/859 858/858/858
f 858/858/858 859/859/859 861/861/861
f 858/858/858 861/861/861 860/860/860
f 842/842/842 844/844/844 861/861/861
f 842/842/842 861/861/861 859/859/859
f 861/861/861 863/863/863 862/862/862
f 861/861/861 862/862/862 860/860/860
f 861/861/861 844/844/844 846/846/846
f 861/861/861 846/846/846 863/863/863
f 863/863/863 865/865/865 864/864/864
f 863/863/863 864/864/864 862/862/862
f 794/794/794 795/795/795 850/850/850
f 794/794/794 850/850/850 867/867/867
f 867/867/867 866/866/866 794/794/794
f 871/871/871 856/856/856 858/858/858
f 871/871/871 858/858/858 873/873/873
f 870/870/870 869/869/869 866/866/866
f 867/867/867 870/870/870 866/866/866
f 870/870/870 853/853/853 869/869/869
f 870/870/870 854/854/854 853/853/853
f 873/873/873 872/872/872 871/871/871
f 873/873/873 858/858/858 860/860/860
f 873/873/873 860/860/860 875/875/875
f 875/875/875 874/874/874 872/872/872
f 875/875/875 872/872/872 873/873/873
f 875/875/875 877/877/877 876/876/876
f 875/875/875 876/876/876 874/874/874
f 875/875/875 860/860/860 862/862/862
f 875/875/875 862/862/862 878/878/878
f 878/878/878 877/877/877 875/875/875
f 878/878/878 862/862/862 864/864/864
f 878/878/878 864/864/864 879/879/879
f 879/879/879 877/877/877 878/878/878
f 839/839/839 880/880/880 883/883/883
f 839/839/839 883/883/883 841/841/841
f 880/880/880 881/881/881 884/884/884
f 880/880/880 884/884/884 883/883/883
f 882/882/882 885/885/885 884/884/884
f 882/882/882 884/884/884 881/881/881
f 883/883/883 888/888/888 843/843/843
f 883/883/883 843/843/843 841/841/841
f 883/883/883 884/884/884 889/889/889
f 883/883/883 889/889/889 888/888/888
f 885/885/885 890/890/890 889/889/889
f 885/885/885 889/889/889 884/884/884
f 885/885/885 886/886/886 891/891/891
f 885/885/885 891/891/891 890/890/890
f 843/843/843 888/888/888 892/892/892
f 843/843/843 892/892/892 845/845/845
f 891/891/891 886/886/886 887/887/887
f 888/888/888 889/889/889 893/893/893
f 888/888/888 893/893/893 892/892/892
f 890/890/890 894/894/894 893/893/893
f 890/890/890 893/893/893 889/889/889
f 891/891/891 895/895/895 894/894/894
f 891/891/891 894/894/894 890/890/890
f 887/887/887 896/896/896 895/895/895
f 887/887/887 895/895/895 891/891/891
f 892/892/892 898/898/898 847/847/847
f 892/892/892 847/847/847 845/845/845
f 893/893/893 899/899/899 898/898/898
f 893/893/893 898/898/898 892/892/892
f 893/893/893 894/894/894 900/900/900
f 893/893/893 900/900/900 899/899/899
f 894/894/894 895/895/895 901/901/901
f 894/894/894 901/901/901 900/900/900
f 895/895/895 896/896/896 902/902/902
f 895/895/895 902/902/902 901/901/901
f 847/847/847 898/898/898 903/903/903
f 847/847/847 903/903/903 849/849/849
f 897/897/897 902/902/902 896/896/896
f 899/899/899 904/904/904 903/903/903
f 899/899/899 903/903/903 898/898/898
f 899/899/899 900/900/900 905/905/905
f 899/899/899 905/905/905 904/904/904
f 900/900/900 901/901/901 906/906/906
f 900/900/900 906/906/906 905/905/905
f 901/901/901 902/902/902 907/907/907
f 901/901/901 907/907/907 906/906/906
f 850/850/850 908/908/908 913/913/913
f 850/850/850 913/913/913 852/852/852
f 908/908/908 909/909/909 914/914/914
f 908/908/908 914/914/914 913/913/913
f 910/910/910 915/915/915 914/914/914
f 910/910/910 914/914/914 909/909/909
f 911/911/911 916/916/916 915/915/915
f 911/911/911 915/915/915 910/910/910
f 912/912/912 917/917/917 916/916/916
f 912/912/912 916/916/916 911/911/911
f 880/880/880 913/913/913 914/914/914
f 880/880/880 914/914/914 881/881/881
f 913/913/913 839/839/839 852/852/852
f 913/913/913 880/880/880 839/839/839
f 914/914/914 915/915/915 882/882/882
f 914/914/914 882/882/882 881/881/881
f 916/916/916 917/917/917 920/920/920
f 916/916/916 920/920/920 919/919/919
f 919/919/919 922/922/922 887/887/887
f 919/919/919 887/887/887 886/886/886
f 920/920/920 917/917/917 918/918/918
f 919/919/919 886/886/886 882/882/882
f 920/920/920 918/918/918 923/923/923
f 920/920/920 923/923/923 922/922/922
f 923/923/923 925/925/925 924/924/924
f 923/923/923 924/924/924 922/922/922
f 923/923/923 918/918/918 921/921/921
f 924/924/924 927/927/927 897/897/897
f 924/924/924 897/897/897 896/896/896
f 925/925/925 923/923/923 921/921/921
f 924/924/924 896/896/896 887/887/887
f 929/929/929 902/902/902 897/897/897
f 929/929/929 897/897/897 930/930/930
f 928/928/928 927/927/927 925/925/925
f 928/928/928 925/925/925 926/926/926
f 928/928/928 931/931/931 930/930/930
f 928/928/928 930/930/930 927/927/927
f 795/795/795 807/807/807 908/908/908
f 795/795/795 908/908/908 850/850/850
f 932/932/932 931/931/931 928/928/928
f 907/907/907 902/902/902 929/929/929
f 808/808/808 909/909/909 908/908/908
f 808/808/808 908/908/908 807/807/807
f 809/809/809 910/910/910 909/909/909
f 809/809/809 909/909/909 808/808/808
f 809/809/809 811/811/811 911/911/911
f 809/809/809 911/911/911 910/910/910
f 812/812/812 912/912/912 911/911/911
f 812/812/812 911/911/911 811/811/811
f 936/936/936 938/938/938 937/937/937
f 936/936/936 937/937/937 934/934/934
f 912/912/912 812/812/812 813/813/813
f 935/935/935 917/917/917 912/912/912
f 935/935/935 912/912/912 813/813/813
f 918/918/918 917/917/917 935/935/935
f 935/935/935 813/813/813 934/934/934
f 937/937/937 935/935/935 934/934/934
f 921/921/921 918/918/918 937/937/937
f 938/938/938 940/940/940 939/939/939
f 938/938/938 939/939/939 937/937/937
f 944/944/944 945/945/945 940/940/940
f 944/944/944 940/940/940 938/938/938
f 939/939/939 925/925/925 921/921/921
f 926/926/926 925/925/925 939/939/939
f 941/941/941 928/928/928 926/926/926
f 932/932/932 928/928/928 941/941/941
f 933/933/933 931/931/931 942/942/942
f 940/940/940 945/945/945 946/946/946
f 940/940/940 946/946/946 926/926/926
f 947/947/947 948/948/948 943/943/943
f 947/947/947 943/943/943 932/932/932
f 941/941/941 926/926/926 946/946/946
f 947/947/947 932/932/932 941/941/941
f 865/865/865 951/951/951 950/950/950
f 865/865/865 950/950/950 864/864/864
f 865/865/865 848/848/848 952/952/952
f 865/865/865 952/952/952 951/951/951
f 849/849/849 949/949/949 952/952/952
f 849/849/849 952/952/952 848/848/848
f 952/952/952 949/949/949 954/954/954
f 952/952/952 954/954/954 953/953/953
f 953/953/953 951/951/951 952/952/952
f 957/957/957 961/961/961 960/960/960
f 957/957/957 960/960/960 958/958/958
f 955/955/955 953/953/953 954/954/954
f 958/958/958 950/950/950 957/957/957
f 959/959/959 957/957/957 953/953/953
f 962/962/962 964/964/964 963/963/963
f 962/962/962 963/963/963 959/959/959
f 961/961/961 957/957/957 959/959/959
f 962/962/962 959/959/959 955/955/955
f 963/963/963 961/961/961 959/959/959
f 903/903/903 966/966/966 949/949/949
f 903/903/903 949/949/949 849/849/849
f 904/904/904 967/967/967 966/966/966
f 904/904/904 966/966/966 903/903/903
f 904/904/904 905/905/905 968/968/968
f 904/904/904 968/968/968 967/967/967
f 905/905/905 906/906/906 969/969/969
f 905/905/905 969/969/969 968/968/968
f 906/906/906 907/907/907 970/970/970
f 906/906/906 970/970/970 969/969/969
f 966/966/966 967/967/967 972/972/972
f 966/966/966 972/972/972 971/971/971
f 967/967/967 968/968/968 973/973/973
f 967/967/967 973/973/973 972/972/972
f 973/973/973 968/968/968 969/969/969
f 973/973/973 969/969/969 974/974/974
f 929/929/929 933/933/933 975/975/975
f 929/929/929 975/975/975 970/970/970
f 970/970/970 907/907/907 929/929/929
f 973/973/973 978/978/978 977/977/977
f 973/973/973 977/977/977 972/972/972
f 976/976/976 975/975/975 933/933/933
f 954/954/954 949/949/949 971/971/971
f 975/975/975 980/980/980 979/979/979
f 975/975/975 979/979/979 970/970/970
f 974/974/974 978/978/978 973/973/973
f 971/971/971 981/981/981 955/955/955
f 971/971/971 955/955/955 954/954/954
f 976/976/976 980/980/980 975/975/975
f 974/974/974 979/979/979 983/983/983
f 974/974/974 983/983/983 982/982/982
f 977/977/977 981/981/981 971/971/971
f 977/977/977 985/985/985 984/984/984
f 977/977/977 984/984/984 981/981/981
f 977/977/977 978/978/978 986/986/986
f 977/977/977 986/986/986 985/985/985
f 942/942/942 987/987/987 976/976/976
f 942/942/942 976/976/976 933/933/933
f 942/942/942 943/943/943 988/988/988
f 942/942/942 988/988/988 987/987/987
f 987/987/987 988/988/988 990/990/990
f 987/987/987 990/990/990 989/989/989
f 991/991/991 982/982/982 983/983/983
f 991/991/991 983/983/983 992/992/992
f 989/989/989 993/993/993 983/983/983
f 989/989/989 983/983/983 980/980/980
f 983/983/983 993/993/993 992/992/992
f 991/991/991 992/992/992 996/996/996
f 991/991/991 996/996/996 995/995/995
f 994/994/994 993/993/993 989/989/989
f 990/990/990 994/994/994 989/989/989
f 986/986/986 978/978/978 991/991/991
f 995/995/995 986/986/986 991/991/991
f 992/992/992 993/993/993 997/997/997
f 992/992/992 997/997/997 996/996/996
f 984/984/984 998/998/998 965/965/965
f 984/984/984 965/965/965 964/964/964
f 985/985/985 999/999/999 998/998/998
f 985/985/985 998/998/998 984/984/984
f 985/985/985 986/986/986 1000/1000/1000
f 985/985/985 1000/1000/1000 999/999/999
f 995/995/995 1001/1001/1001 1000/1000/1000
f 995/995/995 1000/1000/1000 986/986/986
f 943/943/943 948/948/948 1002/1002/1002
f 943/943/943 1002/1002/1002 988/988/988
f 996/996/996 1001/1001/1001 995/995/995
f 97/97/97 696/696/696 1003/1003/1003
f 97/97/97 1003/1003/1003 265/265/265
f 1003/1003/1003 696/696/696 697/697/697
f 1003/1003/1003 697/697/697 1004/1004/1004
f 1004/1004/1004 697/697/697 698/698/698
f 1004/1004/1004 698/698/698 1005/1005/1005
f 1005/1005/1005 698/698/698 699/699/699
f 1005/1005/1005 699/699/699 1006/1006/1006
f 699/699/699 693/693/693 1007/1007/1007
f 699/699/699 1007/1007/1007 1006/1006/1006
f 700/700/700 1009/1009/1009 1017/1017/1017
f 700/700/700 1017/1017/1017 1008/1008/1008
f 1008/1008/1008 1006/1006/1006 1007/1007/1007
f 700/700/700 1008/1008/1008 1007/1007/1007
f 265/265/265 1003/1003/1003 1011/1011/1011
f 265/265/265 1011/1011/1011 276/276/276
f 701/701/701 1009/1009/1009 700/700/700
f 760/760/760 1010/1010/1010 701/701/701
f 1012/1012/1012 1004/1004/1004 1005/1005/1005
f 1012/1012/1012 1005/1005/1005 1013/1013/1013
f 1012/1012/1012 1011/1011/1011 1003/1003/1003
f 1013/1013/1013 1005/1005/1005 1006/1006/1006
f 1013/1013/1013 1006/1006/1006 1014/1014/1014
f 1015/1015/1015 1006/1006/1006 1008/1008/1008
f 1015/1015/1015 1008/1008/1008 1016/1016/1016
f 1015/1015/1015 1014/1014/1014 1006/1006/1006
f 1009/1009/1009 1019/1019/1019 1029/1029/1029
f 1009/1009/1009 1029/1029/1029 1017/1017/1017
f 1017/1017/1017 1016/1016/1016 1008/1008/1008
f 1018/1018/1018 1016/1016/1016 1017/1017/1017
f 1009/1009/1009 1010/1010/1010 1020/1020/1020
f 1009/1009/1009 1020/1020/1020 1019/1019/1019
f 1020/1020/1020 1022/1022/1022 1021/1021/1021
f 1020/1020/1020 1021/1021/1021 1019/1019/1019
f 276/276/276 1011/1011/1011 1023/1023/1023
f 276/276/276 1023/1023/1023 285/285/285
f 1023/1023/1023 1011/1011/1011 1012/1012/1012
f 1023/1023/1023 1012/1012/1012 1024/1024/1024
f 1024/1024/1024 1012/1012/1012 1013/1013/1013
f 1024/1024/1024 1013/1013/1013 1025/1025/1025
f 1015/1015/1015 1016/1016/1016 1028/1028/1028
f 1015/1015/1015 1028/1028/1028 1027/1027/1027
f 1015/1015/1015 1027/1027/1027 1014/1014/1014
f 1030/1030/1030 1019/1019/1019 1021/1021/1021
f 1030/1030/1030 1021/1021/1021 1031/1031/1031
f 285/285/285 1023/1023/1023 1032/1032/1032
f 285/285/285 1032/1032/1032 294/294/294
f 1023/1023/1023 1024/1024/1024 1033/1033/1033
f 1023/1023/1023 1033/1033/1033 1032/1032/1032
f 1035/1035/1035 1014/1014/1014 1027/1027/1027
f 1035/1035/1035 1027/1027/1027 1036/1036/1036
f 1039/1039/1039 1030/1030/1030 1031/1031/1031
f 1039/1039/1039 1031/1031/1031 1041/1041/1041
f 1028/1028/1028 1036/1036/1036 1027/1027/1027
f 1018/1018/1018 1037/1037/1037 1028/1028/1028
f 1029/1029/1029 1039/1039/1039 1037/1037/1037
f 1042/1042/1042 1032/1032/1032 1033/1033/1033
f 1042/1042/1042 1033/1033/1033 1043/1043/1043
f 1032/1032/1032 1042/1042/1042 294/294/294
f 1033/1033/1033 1024/1024/1024 1044/1044/1044
f 1033/1033/1033 1044/1044/1044 1043/1043/1043
f 1044/1044/1044 1046/1046/1046 1045/1045/1045
f 1044/1044/1044 1045/1045/1045 1043/1043/1043
f 1044/1044/1044 1024/1024/1024 1034/1034/1034
f 1044/1044/1044 1034/1034/1034 1046/1046/1046
f 1046/1046/1046 1034/1034/1034 1026/1026/1026
f 1046/1046/1046 1026/1026/1026 1047/1047/1047
f 1050/1050/1050 1039/1039/1039 1040/1040/1040
f 1050/1050/1050 1040/1040/1040 1051/1051/1051
f 1035/1035/1035 1047/1047/1047 1026/1026/1026
f 1048/1048/1048 1047/1047/1047 1035/1035/1035
f 1036/1036/1036 1048/1048/1048 1035/1035/1035
f 1036/1036/1036 1049/1049/1049 1048/1048/1048
f 1054/1054/1054 1048/1048/1048 1049/1049/1049
f 1054/1054/1054 1049/1049/1049 1055/1055/1055
f 1042/1042/1042 309/309/309 294/294/294
f 1048/1048/1048 1054/1054/1054 1047/1047/1047
f 1055/1055/1055 1049/1049/1049 1038/1038/1038
f 1055/1055/1055 1038/1038/1038 1056/1056/1056
f 1038/1038/1038 1050/1050/1050 1057/1057/1057
f 1038/1038/1038 1057/1057/1057 1056/1056/1056
f 1057/1057/1057 1050/1050/1050 1051/1051/1051
f 1057/1057/1057 1051/1051/1051 1058/1058/1058
f 1058/1058/1058 1056/1056/1056 1057/1057/1057
f 309/309/309 1042/1042/1042 1059/1059/1059
f 309/309/309 1059/1059/1059 319/319/319
f 1059/1059/1059 1042/1042/1042 1052/1052/1052
f 1059/1059/1059 1052/1052/1052 1060/1060/1060
f 1060/1060/1060 1052/1052/1052 1045/1045/1045
f 1060/1060/1060 1045/1045/1045 1061/1061/1061
f 1053/1053/1053 1063/1063/1063 1062/1062/1062
f 1053/1053/1053 1062/1062/1062 1061/1061/1061
f 1053/1053/1053 1061/1061/1061 1045/1045/1045
f 1063/1063/1063 1047/1047/1047 1054/1054/1054
f 1063/1063/1063 1054/1054/1054 1064/1064/1064
f 1047/1047/1047 1063/1063/1063 1053/1053/1053
f 1064/1064/1064 1054/1054/1054 1055/1055/1055
f 1064/1064/1064 1055/1055/1055 1065/1065/1065
f 1055/1055/1055 1056/1056/1056 1067/1067/1067
f 1055/1055/1055 1067/1067/1067 1066/1066/1066
f 1055/1055/1055 1066/1066/1066 1065/1065/1065
f 1067/1067/1067 1056/1056/1056 1058/1058/1058
f 1067/1067/1067 1058/1058/1058 1068/1068/1068
f 319/319/319 1059/1059/1059 1069/1069/1069
f 319/319/319 1069/1069/1069 327/327/327
f 1059/1059/1059 1060/1060/1060 1070/1070/1070
f 1059/1059/1059 1070/1070/1070 1069/1069/1069
f 1060/1060/1060 1061/1061/1061 1071/1071/1071
f 1060/1060/1060 1071/1071/1071 1070/1070/1070
f 1073/1073/1073 1065/1065/1065 1066/1066/1066
f 1073/1073/1073 1066/1066/1066 1074/1074/1074
f 1064/1064/1064 1073/1073/1073 1072/1072/1072
f 1066/1066/1066 1067/1067/1067 1075/1075/1075
f 1066/1066/1066 1075/1075/1075 1074/1074/1074
f 1075/1075/1075 1067/1067/1067 1068/1068/1068
f 1075/1075/1075 1068/1068/1068 1076/1076/1076
f 761/761/761 1077/1077/1077 1020/1020/1020
f 761/761/761 1020/1020/1020 1010/1010/1010
f 761/761/761 1010/1010/1010 760/760/760
f 761/761/761 762/762/762 1078/1078/1078
f 761/761/761 1078/1078/1078 1077/1077/1077
f 762/762/762 763/763/763 1079/1079/1079
f 762/762/762 1079/1079/1079 1078/1078/1078
f 1020/1020/1020 1077/1077/1077 1080/1080/1080
f 1020/1020/1020 1080/1080/1080 1022/1022/1022
f 1082/1082/1082 1083/1083/1083 794/794/794
f 1082/1082/1082 794/794/794 1086/1086/1086
f 1088/1088/1088 1090/1090/1090 1092/1092/1092
f 1088/1088/1088 1092/1092/1092 1091/1091/1091
f 1084/1084/1084 794/794/794 1083/1083/1083
f 1084/1084/1084 795/795/795 794/794/794
f 1091/1091/1091 1092/1092/1092 1095/1095/1095
f 1091/1091/1091 1095/1095/1095 1094/1094/1094
f 1093/1093/1093 1094/1094/1094 1082/1082/1082
f 1093/1093/1093 1082/1082/1082 1097/1097/1097
f 1094/1094/1094 1095/1095/1095 1098/1098/1098
f 1094/1094/1094 1098/1098/1098 1082/1082/1082
f 1083/1083/1083 1082/1082/1082 1098/1098/1098
f 1083/1083/1083 1098/1098/1098 1084/1084/1084
f 1081/1081/1081 1084/1084/1084 1098/1098/1098
f 1081/1081/1081 1098/1098/1098 1095/1095/1095
f 1096/1096/1096 1097/1097/1097 1085/1085/1085
f 1096/1096/1096 1085/1085/1085 1100/1100/1100
f 1082/1082/1082 1086/1086/1086 1085/1085/1085
f 1082/1082/1082 1085/1085/1085 1097/1097/1097
f 1031/1031/1031 1022/1022/1022 1087/1087/1087
f 1031/1031/1031 1087/1087/1087 1101/1101/1101
f 1088/1088/1088 1091/1091/1091 1105/1105/1105
f 1088/1088/1088 1105/1105/1105 1104/1104/1104
f 1089/1089/1089 1103/1103/1103 1101/1101/1101
f 1089/1089/1089 1101/1101/1101 1087/1087/1087
f 1104/1104/1104 1103/1103/1103 1088/1088/1088
f 1093/1093/1093 1107/1107/1107 1108/1108/1108
f 1093/1093/1093 1108/1108/1108 1094/1094/1094
f 1108/1108/1108 1107/1107/1107 1105/1105/1105
f 1091/1091/1091 1094/1094/1094 1108/1108/1108
f 1091/1091/1091 1108/1108/1108 1105/1105/1105
f 1093/1093/1093 1097/1097/1097 1096/1096/1096
f 1093/1093/1093 1096/1096/1096 1107/1107/1107
f 1109/1109/1109 1106/1106/1106 1099/1099/1099
f 1109/1109/1109 1099/1099/1099 1111/1111/1111
f 1096/1096/1096 1100/1100/1100 1099/1099/1099
f 1096/1096/1096 1099/1099/1099 1106/1106/1106
f 1041/1041/1041 1113/1113/1113 1112/1112/1112
f 1041/1041/1041 1112/1112/1112 1040/1040/1040
f 1041/1041/1041 1031/1031/1031 1101/1101/1101
f 1041/1041/1041 1101/1101/1101 1113/1113/1113
f 1102/1102/1102 1114/1114/1114 1113/1113/1113
f 1102/1102/1102 1113/1113/1113 1103/1103/1103
f 1113/1113/1113 1114/1114/1114 1112/1112/1112
f 1102/1102/1102 1105/1105/1105 1117/1117/1117
f 1102/1102/1102 1117/1117/1117 1116/1116/1116
f 1116/1116/1116 1114/1114/1114 1102/1102/1102
f 1106/1106/1106 1119/1119/1119 1120/1120/1120
f 1106/1106/1106 1120/1120/1120 1107/1107/1107
f 1120/1120/1120 1119/1119/1119 1117/1117/1117
f 1105/1105/1105 1107/1107/1107 1120/1120/1120
f 1105/1105/1105 1120/1120/1120 1117/1117/1117
f 1118/1118/1118 1119/1119/1119 1109/1109/1109
f 1118/1118/1118 1109/1109/1109 1122/1122/1122
f 1110/1110/1110 1121/1121/1121 1122/1122/1122
f 1110/1110/1110 1122/1122/1122 1111/1111/1111
f 1109/1109/1109 1119/1119/1119 1106/1106/1106
f 1051/1051/1051 1040/1040/1040 1112/1112/1112
f 1051/1051/1051 1112/1112/1112 1125/1125/1125
f 1112/1112/1112 1114/1114/1114 1126/1126/1126
f 1112/1112/1112 1126/1126/1126 1125/1125/1125
f 1115/1115/1115 1127/1127/1127 1126/1126/1126
f 1115/1115/1115 1126/1126/1126 1114/1114/1114
f 1126/1126/1126 1127/1127/1127 1124/1124/1124
f 1115/1115/1115 1117/1117/1117 1128/1128/1128
f 1115/1115/1115 1128/1128/1128 1127/1127/1127
f 1117/1117/1117 1119/1119/1119 1129/1129/1129
f 1117/1117/1117 1129/1129/1129 1128/1128/1128
f 1129/1129/1129 1119/1119/1119 1118/1118/1118
f 1133/1133/1133 1127/1127/1127 1128/1128/1128
f 1133/1133/1133 1128/1128/1128 1135/1135/1135
f 1130/1130/1130 1122/1122/1122 1121/1121/1121
f 1131/1131/1131 1121/1121/1121 1123/1123/1123
f 1131/1131/1131 1130/1130/1130 1121/1121/1121
f 1125/1125/1125 1132/1132/1132 1058/1058/1058
f 1125/1125/1125 1058/1058/1058 1051/1051/1051
f 1127/1127/1127 1133/1133/1133 1132/1132/1132
f 1134/1134/1134 1135/1135/1135 1129/1129/1129
f 1134/1134/1134 1129/1129/1129 1137/1137/1137
f 1118/1118/1118 1130/1130/1130 1136/1136/1136
f 1118/1118/1118 1136/1136/1136 1137/1137/1137
f 1129/1129/1129 1135/1135/1135 1128/1128/1128
f 1058/1058/1058 1132/1132/1132 1140/1140/1140
f 1058/1058/1058 1140/1140/1140 1068/1068/1068
f 1141/1141/1141 1142/1142/1142 1144/1144/1144
f 1141/1141/1141 1144/1144/1144 1143/1143/1143
f 1132/1132/1132 1142/1142/1142 1140/1140/1140
f 1132/1132/1132 1133/1133/1133 1144/1144/1144
f 1132/1132/1132 1144/1144/1144 1142/1142/1142
f 1134/1134/1134 1145/1145/1145 1144/1144/1144
f 1134/1134/1134 1144/1144/1144 1135/1135/1135
f 1144/1144/1144 1145/1145/1145 1143/1143/1143
f 1136/1136/1136 1146/1146/1146 1147/1147/1147
f 1136/1136/1136 1147/1147/1147 1137/1137/1137
f 1134/1134/1134 1137/1137/1137 1147/1147/1147
f 1134/1134/1134 1147/1147/1147 1145/1145/1145
f 1136/1136/1136 1139/1139/1139 1148/1148/1148
f 1136/1136/1136 1148/1148/1148 1146/1146/1146
f 1148/1148/1148 1139/1139/1139 1138/1138/1138
f 1068/1068/1068 1140/1140/1140 1150/1150/1150
f 1068/1068/1068 1150/1150/1150 1076/1076/1076
f 1149/1149/1149 1148/1148/1148 1138/1138/1138
f 1140/1140/1140 1142/1142/1142 1151/1151/1151
f 1140/1140/1140 1151/1151/1151 1150/1150/1150
f 1151/1151/1151 1142/1142/1142 1141/1141/1141
f 1143/1143/1143 1145/1145/1145 1153/1153/1153
f 1143/1143/1143 1153/1153/1153 1152/1152/1152
f 1152/1152/1152 1151/1151/1151 1141/1141/1141
f 1146/1146/1146 1154/1154/1154 1155/1155/1155
f 1146/1146/1146 1155/1155/1155 1147/1147/1147
f 1153/1153/1153 1145/1145/1145 1147/1147/1147
f 1153/1153/1153 1147/1147/1147 1155/1155/1155
f 1146/1146/1146 1148/1148/1148 1156/1156/1156
f 1146/1146/1146 1156/1156/1156 1154/1154/1154
f 1148/1148/1148 1149/1149/1149 1157/1157/1157
f 1148/1148/1148 1157/1157/1157 1156/1156/1156
f 1079/1079/1079 1159/1159/1159 1158/1158/1158
f 1079/1079/1079 1158/1158/1158 1078/1078/1078
f 1079/1079/1079 800/800/800 1160/1160/1160
f 1079/1079/1079 1160/1160/1160 1159/1159/1159
f 1158/1158/1158 1159/1159/1159 1163/1163/1163
f 1158/1158/1158 1163/1163/1163 1162/1162/1162
f 1160/1160/1160 1164/1164/1164 1163/1163/1163
f 1160/1160/1160 1163/1163/1163 1159/1159/1159
f 1160/1160/1160 801/801/801 803/803/803
f 1160/1160/1160 803/803/803 1165/1165/1165
f 803/803/803 804/804/804 1166/1166/1166
f 803/803/803 1166/1166/1166 1165/1165/1165
f 804/804/804 805/805/805 1167/1167/1167
f 804/804/804 1167/1167/1167 1166/1166/1166
f 1167/1167/1167 805/805/805 806/806/806
f 1167/1167/1167 806/806/806 1168/1168/1168
f 1161/1161/1161 1162/1162/1162 1170/1170/1170
f 1161/1161/1161 1170/1170/1170 1169/1169/1169
f 1163/1163/1163 1171/1171/1171 1170/1170/1170
f 1163/1163/1163 1170/1170/1170 1162/1162/1162
f 1164/1164/1164 1172/1172/1172 1171/1171/1171
f 1164/1164/1164 1171/1171/1171 1163/1163/1163
f 1164/1164/1164 1165/1165/1165 1173/1173/1173
f 1164/1164/1164 1173/1173/1173 1172/1172/1172
f 1166/1166/1166 1174/1174/1174 1173/1173/1173
f 1166/1166/1166 1173/1173/1173 1165/1165/1165
f 1167/1167/1167 1175/1175/1175 1174/1174/1174
f 1167/1167/1167 1174/1174/1174 1166/1166/1166
f 1167/1167/1167 1168/1168/1168 1176/1176/1176
f 1167/1167/1167 1176/1176/1176 1175/1175/1175
f 1170/1170/1170 1171/1171/1171 1178/1178/1178
f 1170/1170/1170 1178/1178/1178 1177/1177/1177
f 1172/1172/1172 1179/1179/1179 1178/1178/1178
f 1172/1172/1172 1178/1178/1178 1171/1171/1171
f 1173/1173/1173 1180/1180/1180 1179/1179/1179
f 1173/1173/1173 1179/1179/1179 1172/1172/1172
f 1174/1174/1174 1181/1181/1181 1180/1180/1180
f 1174/1174/1174 1180/1180/1180 1173/1173/1173
f 1174/1174/1174 1175/1175/1175 1182/1182/1182
f 1174/1174/1174 1182/1182/1182 1181/1181/1181
f 1179/1179/1179 1184/1184/1184 1183/1183/1183
f 1179/1179/1179 1183/1183/1183 1178/1178/1178
f 1179/1179/1179 1180/1180/1180 1185/1185/1185
f 1179/1179/1179 1185/1185/1185 1184/1184/1184
f 1181/1181/1181 1186/1186/1186 1185/1185/1185
f 1181/1181/1181 1185/1185/1185 1180/1180/1180
f 1181/1181/1181 1182/1182/1182 1187/1187/1187
f 1181/1181/1181 1187/1187/1187 1186/1186/1186
f 1169/1169/1169 1177/1177/1177 1189/1189/1189
f 1169/1169/1169 1189/1189/1189 1188/1188/1188
f 1177/1177/1177 1183/1183/1183 1190/1190/1190
f 1177/1177/1177 1190/1190/1190 1189/1189/1189
f 1184/1184/1184 1191/1191/1191 1190/1190/1190
f 1184/1184/1184 1190/1190/1190 1183/1183/1183
f 1184/1184/1184 1185/1185/1185 1192/1192/1192
f 1184/1184/1184 1192/1192/1192 1191/1191/1191
f 1081/1081/1081 1188/1188/1188 1194/1194/1194
f 1081/1081/1081 1194/1194/1194 1084/1084/1084
f 1186/1186/1186 1192/1192/1192 1185/1185/1185
f 1188/1188/1188 1189/1189/1189 1195/1195/1195
f 1188/1188/1188 1195/1195/1195 1194/1194/1194
f 807/807/807 1194/1194/1194 1195/1195/1195
f 807/807/807 1195/1195/1195 808/808/808
f 1190/1190/1190 1196/1196/1196 1195/1195/1195
f 1190/1190/1190 1195/1195/1195 1189/1189/1189
f 808/808/808 1195/1195/1195 1196/1196/1196
f 808/808/808 1196/1196/1196 809/809/809
f 1191/1191/1191 1197/1197/1197 1196/1196/1196
f 1191/1191/1191 1196/1196/1196 1190/1190/1190
f 1196/1196/1196 1197/1197/1197 810/810/810
f 1196/1196/1196 810/810/810 809/809/809
f 1191/1191/1191 1192/1192/1192 1198/1198/1198
f 1191/1191/1191 1198/1198/1198 1197/1197/1197
f 1186/1186/1186 1199/1199/1199 1198/1198/1198
f 1186/1186/1186 1198/1198/1198 1192/1192/1192
f 1193/1193/1193 1200/1200/1200 1199/1199/1199
f 1193/1193/1193 1199/1199/1199 1186/1186/1186
f 1198/1198/1198 1201/1201/1201 810/810/810
f 1198/1198/1198 810/810/810 1197/1197/1197
f 795/795/795 1194/1194/1194 807/807/807
f 810/810/810 1201/1201/1201 812/812/812
f 810/810/810 812/812/812 811/811/811
f 1199/1199/1199 1202/1202/1202 1201/1201/1201
f 1199/1199/1199 1201/1201/1201 1198/1198/1198
f 1201/1201/1201 1202/1202/1202 813/813/813
f 1201/1201/1201 813/813/813 812/812/812
f 1200/1200/1200 1203/1203/1203 1202/1202/1202
f 1200/1200/1200 1202/1202/1202 1199/1199/1199
f 1080/1080/1080 1205/1205/1205 1087/1087/1087
f 1080/1080/1080 1087/1087/1087 1022/1022/1022
f 1080/1080/1080 1078/1078/1078 1158/1158/1158
f 1080/1080/1080 1158/1158/1158 1206/1206/1206
f 1205/1205/1205 1207/1207/1207 1089/1089/1089
f 1205/1205/1205 1089/1089/1089 1087/1087/1087
f 1205/1205/1205 1206/1206/1206 1161/1161/1161
f 1205/1205/1205 1161/1161/1161 1207/1207/1207
f 1158/1158/1158 1162/1162/1162 1161/1161/1161
f 1158/1158/1158 1161/1161/1161 1206/1206/1206
f 1208/1208/1208 1175/1175/1175 1176/1176/1176
f 1208/1208/1208 1176/1176/1176 1209/1209/1209
f 1207/1207/1207 1090/1090/1090 1089/1089/1089
f 1208/1208/1208 1211/1211/1211 1182/1182/1182
f 1208/1208/1208 1182/1182/1182 1175/1175/1175
f 1210/1210/1210 1207/1207/1207 1169/1169/1169
f 1208/1208/1208 1209/1209/1209 1212/1212/1212
f 1208/1208/1208 1212/1212/1212 1211/1211/1211
f 1211/1211/1211 1213/1213/1213 1187/1187/1187
f 1211/1211/1211 1187/1187/1187 1182/1182/1182
f 1210/1210/1210 1092/1092/1092 1090/1090/1090
f 1211/1211/1211 1212/1212/1212 1214/1214/1214
f 1211/1211/1211 1214/1214/1214 1213/1213/1213
f 1092/1092/1092 1210/1210/1210 1215/1215/1215
f 1092/1092/1092 1215/1215/1215 1095/1095/1095
f 1081/1081/1081 1095/1095/1095 1215/1215/1215
f 1081/1081/1081 1215/1215/1215 1188/1188/1188
f 1169/1169/1169 1188/1188/1188 1215/1215/1215
f 1169/1169/1169 1215/1215/1215 1210/1210/1210
f 1214/1214/1214 1216/1216/1216 1200/1200/1200
f 1214/1214/1214 1200/1200/1200 1213/1213/1213
f 1213/1213/1213 1193/1193/1193 1187/1187/1187
f 806/806/806 837/837/837 1218/1218/1218
f 806/806/806 1218/1218/1218 1168/1168/1168
f 1217/1217/1217 1203/1203/1203 1200/1200/1200
f 1217/1217/1217 1200/1200/1200 1216/1216/1216
f 1204/1204/1204 1203/1203/1203 1217/1217/1217
f 1218/1218/1218 1219/1219/1219 1176/1176/1176
f 1218/1218/1218 1176/1176/1176 1168/1168/1168
f 837/837/837 1220/1220/1220 1219/1219/1219
f 837/837/837 1219/1219/1219 1218/1218/1218
f 1222/1222/1222 838/838/838 834/834/834
f 1222/1222/1222 834/834/834 1223/1223/1223
f 838/838/838 1220/1220/1220 837/837/837
f 1221/1221/1221 1220/1220/1220 838/838/838
f 1222/1222/1222 1221/1221/1221 838/838/838
f 1209/1209/1209 1176/1176/1176 1219/1219/1219
f 1209/1209/1209 1219/1219/1219 1226/1226/1226
f 1224/1224/1224 1223/1223/1223 835/835/835
f 1226/1226/1226 1219/1219/1219 1220/1220/1220
f 1226/1226/1226 1220/1220/1220 1227/1227/1227
f 1227/1227/1227 1220/1220/1220 1221/1221/1221
f 1227/1227/1227 1221/1221/1221 1228/1228/1228
f 1228/1228/1228 1221/1221/1221 1222/1222/1222
f 1228/1228/1228 1222/1222/1222 1229/1229/1229
f 1222/1222/1222 1223/1223/1223 1230/1230/1230
f 1222/1222/1222 1230/1230/1230 1229/1229/1229
f 1226/1226/1226 1231/1231/1231 1212/1212/1212
f 1226/1226/1226 1212/1212/1212 1209/1209/1209
f 1226/1226/1226 1227/1227/1227 1232/1232/1232
f 1226/1226/1226 1232/1232/1232 1231/1231/1231
f 1212/1212/1212 1231/1231/1231 1234/1234/1234
f 1212/1212/1212 1234/1234/1234 1214/1214/1214
f 1214/1214/1214 1235/1235/1235 1236/1236/1236
f 1214/1214/1214 1236/1236/1236 1216/1216/1216
f 1216/1216/1216 1236/1236/1236 1237/1237/1237
f 1216/1216/1216 1237/1237/1237 1217/1217/1217
f 1238/1238/1238 1227/1227/1227 1228/1228/1228
f 1238/1238/1238 1228/1228/1228 1239/1239/1239
f 1240/1240/1240 1231/1231/1231 1232/1232/1232
f 1240/1240/1240 1232/1232/1232 1241/1241/1241
f 1238/1238/1238 1241/1241/1241 1232/1232/1232
f 1238/1238/1238 1232/1232/1232 1227/1227/1227
f 1238/1238/1238 1239/1239/1239 1242/1242/1242
f 1238/1238/1238 1242/1242/1242 1241/1241/1241
f 1228/1228/1228 1243/1243/1243 1242/1242/1242
f 1228/1228/1228 1242/1242/1242 1239/1239/1239
f 1229/1229/1229 1233/1233/1233 1244/1244/1244
f 1229/1229/1229 1244/1244/1244 1243/1243/1243
f 1229/1229/1229 1243/1243/1243 1228/1228/1228
f 1233/1233/1233 1225/1225/1225 1245/1245/1245
f 1233/1233/1233 1245/1245/1245 1244/1244/1244
f 1240/1240/1240 1246/1246/1246 1234/1234/1234
f 1240/1240/1240 1234/1234/1234 1231/1231/1231
f 1240/1240/1240 1241/1241/1241 1247/1247/1247
f 1240/1240/1240 1247/1247/1247 1246/1246/1246
f 1246/1246/1246 1248/1248/1248 1235/1235/1235
f 1246/1246/1246 1235/1235/1235 1234/1234/1234
f 1246/1246/1246 1247/1247/1247 1249/1249/1249
f 1246/1246/1246 1249/1249/1249 1248/1248/1248
f 1235/1235/1235 1248/1248/1248 1250/1250/1250
f 1235/1235/1235 1250/1250/1250 1236/1236/1236
f 1248/1248/1248 1249/1249/1249 1251/1251/1251
f 1248/1248/1248 1251/1251/1251 1250/1250/1250
f 1236/1236/1236 1250/1250/1250 1252/1252/1252
f 1236/1236/1236 1252/1252/1252 1237/1237/1237
f 1251/1251/1251 1253/1253/1253 1252/1252/1252
f 1251/1251/1251 1252/1252/1252 1250/1250/1250
f 1254/1254/1254 1241/1241/1241 1242/1242/1242
f 1254/1254/1254 1242/1242/1242 1255/1255/1255
f 1242/1242/1242 1243/1243/1243 1256/1256/1256
f 1242/1242/1242 1256/1256/1256 1255/1255/1255
f 1256/1256/1256 1243/1243/1243 1244/1244/1244
f 1256/1256/1256 1244/1244/1244 1257/1257/1257
f 1254/1254/1254 1260/1260/1260 1247/1247/1247
f 1254/1254/1254 1247/1247/1247 1241/1241/1241
f 1258/1258/1258 1257/1257/1257 1244/1244/1244
f 1259/1259/1259 1258/1258/1258 1245/1245/1245
f 1260/1260/1260 1261/1261/1261 1249/1249/1249
f 1260/1260/1260 1249/1249/1249 1247/1247/1247
f 1261/1261/1261 1263/1263/1263 1251/1251/1251
f 1261/1261/1261 1251/1251/1251 1249/1249/1249
f 1261/1261/1261 1262/1262/1262 1264/1264/1264
f 1261/1261/1261 1264/1264/1264 1263/1263/1263
f 1263/1263/1263 1265/1265/1265 1253/1253/1253
f 1263/1263/1263 1253/1253/1253 1251/1251/1251
f 1266/1266/1266 1256/1256/1256 1257/1257/1257
f 1266/1266/1266 1257/1257/1257 1267/1267/1267
f 1264/1264/1264 1265/1265/1265 1263/1263/1263
f 1256/1256/1256 1266/1266/1266 1255/1255/1255
f 1267/1267/1267 1257/1257/1257 1258/1258/1258
f 1267/1267/1267 1258/1258/1258 1268/1268/1268
f 1258/1258/1258 1259/1259/1259 1270/1270/1270
f 1258/1258/1258 1270/1270/1270 1269/1269/1269
f 1258/1258/1258 1269/1269/1269 1268/1268/1268
f 1255/1255/1255 1266/1266/1266 1272/1272/1272
f 1255/1255/1255 1272/1272/1272 1271/1271/1271
f 1271/1271/1271 1273/1273/1273 1262/1262/1262
f 1271/1271/1271 1262/1262/1262 1260/1260/1260
f 1271/1271/1271 1272/1272/1272 1274/1274/1274
f 1271/1271/1271 1274/1274/1274 1273/1273/1273
f 1273/1273/1273 1275/1275/1275 1264/1264/1264
f 1273/1273/1273 1264/1264/1264 1262/1262/1262
f 1276/1276/1276 1265/1265/1265 1264/1264/1264
f 1276/1276/1276 1264/1264/1264 1277/1277/1277
f 1278/1278/1278 1266/1266/1266 1267/1267/1267
f 1278/1278/1278 1267/1267/1267 1279/1279/1279
f 1278/1278/1278 1281/1281/1281 1272/1272/1272
f 1278/1278/1278 1272/1272/1272 1266/1266/1266
f 1270/1270/1270 1280/1280/1280 1269/1269/1269
f 1278/1278/1278 1279/1279/1279 1282/1282/1282
f 1278/1278/1278 1282/1282/1282 1281/1281/1281
f 1283/1283/1283 1273/1273/1273 1274/1274/1274
f 1283/1283/1283 1274/1274/1274 1284/1284/1284
f 1281/1281/1281 1284/1284/1284 1274/1274/1274
f 1281/1281/1281 1274/1274/1274 1272/1272/1272
f 1283/1283/1283 1286/1286/1286 1277/1277/1277
f 1283/1283/1283 1277/1277/1277 1275/1275/1275
f 1275/1275/1275 1273/1273/1273 1283/1283/1283
f 1283/1283/1283 1285/1285/1285 1295/1295/1295
f 1283/1283/1283 1295/1295/1295 1286/1286/1286
f 1287/1287/1287 1279/1279/1279 1268/1268/1268
f 1287/1287/1287 1268/1268/1268 1288/1288/1288
f 1288/1288/1288 1268/1268/1268 1269/1269/1269
f 1288/1288/1288 1269/1269/1269 1289/1289/1289
f 1289/1289/1289 1269/1269/1269 1280/1280/1280
f 1289/1289/1289 1280/1280/1280 1290/1290/1290
f 1291/1291/1291 1281/1281/1281 1282/1282/1282
f 1291/1291/1291 1282/1282/1282 1292/1292/1292
f 1287/1287/1287 1292/1292/1292 1282/1282/1282
f 1287/1287/1287 1282/1282/1282 1279/1279/1279
f 1291/1291/1291 1293/1293/1293 1284/1284/1284
f 1291/1291/1291 1284/1284/1284 1281/1281/1281
f 1293/1293/1293 1294/1294/1294 1285/1285/1285
f 1293/1293/1293 1285/1285/1285 1284/1284/1284
f 1294/1294/1294 1296/1296/1296 1295/1295/1295
f 1294/1294/1294 1295/1295/1295 1285/1285/1285
f 1299/1299/1299 1291/1291/1291 1292/1292/1292
f 1299/1299/1299 1292/1292/1292 1300/1300/1300
f 1290/1290/1290 1298/1298/1298 1289/1289/1289
f 1297/1297/1297 1300/1300/1300 1292/1292/1292
f 1297/1297/1297 1292/1292/1292 1287/1287/1287
f 1299/1299/1299 1301/1301/1301 1293/1293/1293
f 1299/1299/1299 1293/1293/1293 1291/1291/1291
f 1301/1301/1301 1302/1302/1302 1294/1294/1294
f 1301/1301/1301 1294/1294/1294 1293/1293/1293
f 1294/1294/1294 1302/1302/1302 1303/1303/1303
f 1294/1294/1294 1303/1303/1303 1296/1296/1296
f 1304/1304/1304 1305/1305/1305 1309/1309/1309
f 1304/1304/1304 1309/1309/1309 1308/1308/1308
f 1306/1306/1306 1307/1307/1307 1313/1313/1313
f 1306/1306/1306 1313/1313/1313 1312/1312/1312
f 1305/1305/1305 1310/1310/1310 1309/1309/1309
f 1307/1307/1307 1308/1308/1308 1314/1314/1314
f 1307/1307/1307 1314/1314/1314 1313/1313/1313
f 1314/1314/1314 1308/1308/1308 1309/1309/1309
f 1314/1314/1314 1309/1309/1309 1315/1315/1315
f 1309/1309/1309 1310/1310/1310 1316/1316/1316
f 1309/1309/1309 1316/1316/1316 1315/1315/1315
f 1316/1316/1316 1310/1310/1310 1311/1311/1311
f 1316/1316/1316 1311/1311/1311 1317/1317/1317
f 1312/1312/1312 1313/1313/1313 1320/1320/1320
f 1312/1312/1312 1320/1320/1320 1319/1319/1319
f 1313/1313/1313 1314/1314/1314 1321/1321/1321
f 1313/1313/1313 1321/1321/1321 1320/1320/1320
f 1314/1314/1314 1315/1315/1315 1322/1322/1322
f 1314/1314/1314 1322/1322/1322 1321/1321/1321
f 1315/1315/1315 1316/1316/1316 1323/1323/1323
f 1315/1315/1315 1323/1323/1323 1322/1322/1322
f 1323/1323/1323 1316/1316/1316 1317/1317/1317
f 1323/1323/1323 1317/1317/1317 1324/1324/1324
f 1325/1325/1325 1319/1319/1319 1320/1320/1320
f 1325/1325/1325 1320/1320/1320 1326/1326/1326
f 1320/1320/1320 1321/1321/1321 1327/1327/1327
f 1320/1320/1320 1327/1327/1327 1326/1326/1326
f 1321/1321/1321 1322/1322/1322 1328/1328/1328
f 1321/1321/1321 1328/1328/1328 1327/1327/1327
f 1322/1322/1322 1323/1323/1323 1329/1329/1329
f 1322/1322/1322 1329/1329/1329 1328/1328/1328
f 1329/1329/1329 1323/1323/1323 1324/1324/1324
f 1329/1329/1329 1324/1324/1324 1330/1330/1330
f 1331/1331/1331 1332/1332/1332 869/869/869
f 1331/1331/1331 869/869/869 1334/1334/1334
f 1086/1086/1086 1332/1332/1332 1085/1085/1085
f 868/868/868 871/871/871 1337/1337/1337
f 868/868/868 1337/1337/1337 1335/1335/1335
f 869/869/869 1332/1332/1332 866/866/866
f 1335/1335/1335 1334/1334/1334 868/868/868
f 1337/1337/1337 1336/1336/1336 1335/1335/1335
f 874/874/874 876/876/876 1340/1340/1340
f 874/874/874 1340/1340/1340 1338/1338/1338
f 1337/1337/1337 1339/1339/1339 1336/1336/1336
f 874/874/874 1339/1339/1339 872/872/872
f 877/877/877 1342/1342/1342 1341/1341/1341
f 877/877/877 1341/1341/1341 876/876/876
f 1331/1331/1331 1343/1343/1343 1100/1100/1100
f 1331/1331/1331 1100/1100/1100 1332/1332/1332
f 879/879/879 1342/1342/1342 877/877/877
f 1100/1100/1100 1343/1343/1343 1099/1099/1099
f 1333/1333/1333 1345/1345/1345 1331/1331/1331
f 1333/1333/1333 1331/1331/1331 1334/1334/1334
f 1331/1331/1331 1345/1345/1345 1343/1343/1343
f 1333/1333/1333 1335/1335/1335 1346/1346/1346
f 1333/1333/1333 1346/1346/1346 1345/1345/1345
f 1338/1338/1338 1340/1340/1340 1350/1350/1350
f 1338/1338/1338 1350/1350/1350 1349/1349/1349
f 1336/1336/1336 1347/1347/1347 1346/1346/1346
f 1336/1336/1336 1346/1346/1346 1335/1335/1335
f 1348/1348/1348 1339/1339/1339 1338/1338/1338
f 1349/1349/1349 1348/1348/1348 1338/1338/1338
f 1099/1099/1099 1343/1343/1343 1110/1110/1110
f 1099/1099/1099 1110/1110/1110 1111/1111/1111
f 1340/1340/1340 1351/1351/1351 1350/1350/1350
f 1341/1341/1341 1351/1351/1351 1340/1340/1340
f 1343/1343/1343 1345/1345/1345 1354/1354/1354
f 1343/1343/1343 1354/1354/1354 1353/1353/1353
f 1354/1354/1354 1345/1345/1345 1344/1344/1344
f 1344/1344/1344 1346/1346/1346 1355/1355/1355
f 1344/1344/1344 1355/1355/1355 1354/1354/1354
f 1356/1356/1356 1347/1347/1347 1358/1358/1358
f 1356/1356/1356 1358/1358/1358 1357/1357/1357
f 1347/1347/1347 1356/1356/1356 1355/1355/1355
f 1347/1347/1347 1355/1355/1355 1346/1346/1346
f 1357/1357/1357 1358/1358/1358 1349/1349/1349
f 1357/1357/1357 1349/1349/1349 1359/1359/1359
f 1359/1359/1359 1349/1349/1349 1350/1350/1350
f 1359/1359/1359 1350/1350/1350 1360/1360/1360
f 1350/1350/1350 1351/1351/1351 1361/1361/1361
f 1350/1350/1350 1361/1361/1361 1360/1360/1360
f 1110/1110/1110 1353/1353/1353 1362/1362/1362
f 1110/1110/1110 1362/1362/1362 1121/1121/1121
f 1362/1362/1362 1353/1353/1353 1352/1352/1352
f 1352/1352/1352 1354/1354/1354 1364/1364/1364
f 1352/1352/1352 1364/1364/1364 1362/1362/1362
f 1355/1355/1355 1356/1356/1356 1366/1366/1366
f 1355/1355/1355 1366/1366/1366 1363/1363/1363
f 1365/1365/1365 1364/1364/1364 1354/1354/1354
f 1356/1356/1356 1357/1357/1357 1367/1367/1367
f 1356/1356/1356 1367/1367/1367 1366/1366/1366
f 1304/1304/1304 1367/1367/1367 1359/1359/1359
f 1304/1304/1304 1359/1359/1359 1305/1305/1305
f 1368/1368/1368 1360/1360/1360 1361/1361/1361
f 1368/1368/1368 1361/1361/1361 1369/1369/1369
f 1359/1359/1359 1367/1367/1367 1357/1357/1357
f 1360/1360/1360 1368/1368/1368 1359/1359/1359
f 1123/1123/1123 1362/1362/1362 1370/1370/1370
f 1123/1123/1123 1370/1370/1370 1131/1131/1131
f 1307/1307/1307 1366/1366/1366 1367/1367/1367
f 1307/1307/1307 1367/1367/1367 1308/1308/1308
f 1364/1364/1364 1371/1371/1371 1370/1370/1370
f 1364/1364/1364 1370/1370/1370 1362/1362/1362
f 1306/1306/1306 1371/1371/1371 1363/1363/1363
f 1366/1366/1366 1307/1307/1307 1306/1306/1306
f 1366/1366/1366 1306/1306/1306 1363/1363/1363
f 1368/1368/1368 1369/1369/1369 1311/1311/1311
f 1368/1368/1368 1311/1311/1311 1310/1310/1310
f 1368/1368/1368 1310/1310/1310 1305/1305/1305
f 1131/1131/1131 1370/1370/1370 1373/1373/1373
f 1131/1131/1131 1373/1373/1373 1138/1138/1138
f 1371/1371/1371 1306/1306/1306 1374/1374/1374
f 1371/1371/1371 1374/1374/1374 1372/1372/1372
f 1318/1318/1318 1376/1376/1376 1374/1374/1374
f 1318/1318/1318 1374/1374/1374 1319/1319/1319
f 1373/1373/1373 1375/1375/1375 1149/1149/1149
f 1373/1373/1373 1149/1149/1149 1138/1138/1138
f 1376/1376/1376 1375/1375/1375 1372/1372/1372
f 1149/1149/1149 1375/1375/1375 1377/1377/1377
f 1149/1149/1149 1377/1377/1377 1157/1157/1157
f 1374/1374/1374 1376/1376/1376 1372/1372/1372
f 1203/1203/1203 1378/1378/1378 813/813/813
f 1203/1203/1203 813/813/813 1202/1202/1202
f 1377/1377/1377 1376/1376/1376 1318/1318/1318
f 1204/1204/1204 1379/1379/1379 1378/1378/1378
f 1204/1204/1204 1378/1378/1378 1203/1203/1203
f 1382/1382/1382 1384/1384/1384 1383/1383/1383
f 1382/1382/1382 1383/1383/1383 945/945/945
f 936/936/936 934/934/934 1378/1378/1378
f 1380/1380/1380 938/938/938 936/936/936
f 936/936/936 1379/1379/1379 1381/1381/1381
f 1380/1380/1380 936/936/936 1381/1381/1381
f 944/944/944 938/938/938 1380/1380/1380
f 945/945/945 1380/1380/1380 1382/1382/1382
f 1383/1383/1383 946/946/946 945/945/945
f 946/946/946 1383/1383/1383 1385/1385/1385
f 946/946/946 1385/1385/1385 941/941/941
f 947/947/947 1386/1386/1386 1387/1387/1387
f 947/947/947 1387/1387/1387 948/948/948
f 1386/1386/1386 947/947/947 1385/1385/1385
f 1237/1237/1237 1388/1388/1388 1204/1204/1204
f 1237/1237/1237 1204/1204/1204 1217/1217/1217
f 1204/1204/1204 1388/1388/1388 1381/1381/1381
f 1204/1204/1204 1381/1381/1381 1379/1379/1379
f 1389/1389/1389 1390/1390/1390 1382/1382/1382
f 1389/1389/1389 1382/1382/1382 1380/1380/1380
f 1389/1389/1389 1380/1380/1380 1381/1381/1381
f 1392/1392/1392 1393/1393/1393 1384/1384/1384
f 1392/1392/1392 1384/1384/1384 1391/1391/1391
f 1386/1386/1386 1395/1395/1395 1396/1396/1396
f 1386/1386/1386 1396/1396/1396 1387/1387/1387
f 1394/1394/1394 1385/1385/1385 1384/1384/1384
f 1394/1394/1394 1384/1384/1384 1393/1393/1393
f 1386/1386/1386 1385/1385/1385 1394/1394/1394
f 1395/1395/1395 1386/1386/1386 1394/1394/1394
f 1237/1237/1237 1252/1252/1252 1397/1397/1397
f 1237/1237/1237 1397/1397/1397 1388/1388/1388
f 1253/1253/1253 1398/1398/1398 1397/1397/1397
f 1253/1253/1253 1397/1397/1397 1252/1252/1252
f 1388/1388/1388 1397/1397/1397 1399/1399/1399
f 1388/1388/1388 1399/1399/1399 1389/1389/1389
f 1407/1407/1407 1401/1401/1401 1400/1400/1400
f 1407/1407/1407 1400/1400/1400 1399/1399/1399
f 1399/1399/1399 1397/1397/1397 1398/1398/1398
f 1390/1390/1390 1389/1389/1389 1399/1399/1399
f 1393/1393/1393 1402/1402/1402 1403/1403/1403
f 1393/1393/1393 1403/1403/1403 1394/1394/1394
f 1400/1400/1400 1391/1391/1391 1390/1390/1390
f 1392/1392/1392 1391/1391/1391 1400/1400/1400
f 1402/1402/1402 1393/1393/1393 1392/1392/1392
f 1403/1403/1403 1404/1404/1404 1395/1395/1395
f 1403/1403/1403 1395/1395/1395 1394/1394/1394
f 1404/1404/1404 1405/1405/1405 1396/1396/1396
f 1404/1404/1404 1396/1396/1396 1395/1395/1395
f 1253/1253/1253 1265/1265/1265 1406/1406/1406
f 1253/1253/1253 1406/1406/1406 1398/1398/1398
f 1398/1398/1398 1406/1406/1406 1407/1407/1407
f 1398/1398/1398 1407/1407/1407 1399/1399/1399
f 1408/1408/1408 1410/1410/1410 1402/1402/1402
f 1408/1408/1408 1402/1402/1402 1409/1409/1409
f 1407/1407/1407 1406/1406/1406 1414/1414/1414
f 1409/1409/1409 1392/1392/1392 1401/1401/1401
f 1409/1409/1409 1401/1401/1401 1408/1408/1408
f 1402/1402/1402 1392/1392/1392 1409/1409/1409
f 1402/1402/1402 1410/1410/1410 1411/1411/1411
f 1402/1402/1402 1411/1411/1411 1403/1403/1403
f 1411/1411/1411 1412/1412/1412 1404/1404/1404
f 1411/1411/1411 1404/1404/1404 1403/1403/1403
f 1404/1404/1404 1412/1412/1412 1413/1413/1413
f 1404/1404/1404 1413/1413/1413 1405/1405/1405
f 1276/1276/1276 1414/1414/1414 1406/1406/1406
f 1276/1276/1276 1406/1406/1406 1265/1265/1265
f 1277/1277/1277 1415/1415/1415 1414/1414/1414
f 1277/1277/1277 1414/1414/1414 1276/1276/1276
f 1414/1414/1414 1415/1415/1415 1416/1416/1416
f 1414/1414/1414 1416/1416/1416 1407/1407/1407
f 1416/1416/1416 1417/1417/1417 1408/1408/1408
f 1416/1416/1416 1408/1408/1408 1401/1401/1401
f 1416/1416/1416 1401/1401/1401 1407/1407/1407
f 1408/1408/1408 1418/1418/1418 1419/1419/1419
f 1408/1408/1408 1419/1419/1419 1410/1410/1410
f 1286/1286/1286 1421/1421/1421 1415/1415/1415
f 1286/1286/1286 1415/1415/1415 1277/1277/1277
f 1415/1415/1415 1421/1421/1421 1422/1422/1422
f 1415/1415/1415 1422/1422/1422 1416/1416/1416
f 1428/1428/1428 1423/1423/1423 1422/1422/1422
f 1428/1428/1428 1422/1422/1422 1421/1421/1421
f 1422/1422/1422 1423/1423/1423 1424/1424/1424
f 1422/1422/1422 1424/1424/1424 1417/1417/1417
f 1424/1424/1424 1425/1425/1425 1419/1419/1419
f 1424/1424/1424 1419/1419/1419 1418/1418/1418
f 1418/1418/1418 1417/1417/1417 1424/1424/1424
f 1419/1419/1419 1425/1425/1425 1426/1426/1426
f 1419/1419/1419 1426/1426/1426 1411/1411/1411
f 1426/1426/1426 1427/1427/1427 1412/1412/1412
f 1426/1426/1426 1412/1412/1412 1411/1411/1411
f 1295/1295/1295 1428/1428/1428 1421/1421/1421
f 1295/1295/1295 1421/1421/1421 1286/1286/1286
f 1420/1420/1420 1412/1412/1412 1427/1427/1427
f 1295/1295/1295 1296/1296/1296 1429/1429/1429
f 1295/1295/1295 1429/1429/1429 1428/1428/1428
f 1428/1428/1428 1429/1429/1429 1430/1430/1430
f 1428/1428/1428 1430/1430/1430 1423/1423/1423
f 1423/1423/1423 1430/1430/1430 1431/1431/1431
f 1423/1423/1423 1431/1431/1431 1424/1424/1424
f 1424/1424/1424 1431/1431/1431 1433/1433/1433
f 1424/1424/1424 1433/1433/1433 1425/1425/1425
f 1425/1425/1425 1433/1433/1433 1434/1434/1434
f 1425/1425/1425 1434/1434/1434 1426/1426/1426
f 1433/1433/1433 1431/1431/1431 1432/1432/1432
f 1434/1434/1434 1436/1436/1436 1427/1427/1427
f 1434/1434/1434 1427/1427/1427 1426/1426/1426
f 1427/1427/1427 1436/1436/1436 1435/1435/1435
f 1296/1296/1296 1303/1303/1303 1437/1437/1437
f 1296/1296/1296 1437/1437/1437 1429/1429/1429
f 1420/1420/1420 1427/1427/1427 1435/1435/1435
f 1437/1437/1437 1438/1438/1438 1430/1430/1430
f 1437/1437/1437 1430/1430/1430 1429/1429/1429
f 1430/1430/1430 1438/1438/1438 1439/1439/1439
f 1430/1430/1430 1439/1439/1439 1431/1431/1431
f 1440/1440/1440 1441/1441/1441 1434/1434/1434
f 1440/1440/1440 1434/1434/1434 1433/1433/1433
f 1432/1432/1432 1431/1431/1431 1439/1439/1439
f 1440/1440/1440 1433/1433/1433 1432/1432/1432
f 1434/1434/1434 1441/1441/1441 1442/1442/1442
f 1434/1434/1434 1442/1442/1442 1436/1436/1436
f 1443/1443/1443 1435/1435/1435 1436/1436/1436
f 1443/1443/1443 1436/1436/1436 1444/1444/1444
f 1317/1317/1317 1445/1445/1445 1447/1447/1447
f 1317/1317/1317 1447/1447/1447 1324/1324/1324
f 1311/1311/1311 1445/1445/1445 1317/1317/1317
f 1447/1447/1447 1445/1445/1445 1446/1446/1446
f 1447/1447/1447 1446/1446/1446 1448/1448/1448
f 1330/1330/1330 1324/1324/1324 1447/1447/1447
f 1330/1330/1330 1447/1447/1447 1449/1449/1449
f 1449/1449/1449 1447/1447/1447 1448/1448/1448
f 1449/1449/1449 1448/1448/1448 1450/1450/1450
f 1342/1342/1342 879/879/879 956/956/956
f 1342/1342/1342 956/956/956 1451/1451/1451
f 1451/1451/1451 1341/1341/1341 1342/1342/1342
f 958/958/958 960/960/960 1453/1453/1453
f 958/958/958 1453/1453/1453 1452/1452/1452
f 956/956/956 1452/1452/1452 1451/1451/1451
f 958/958/958 1452/1452/1452 956/956/956
f 961/961/961 1455/1455/1455 1454/1454/1454
f 961/961/961 1454/1454/1454 960/960/960
f 1456/1456/1456 1458/1458/1458 1457/1457/1457
f 1456/1456/1456 1457/1457/1457 1455/1455/1455
f 963/963/963 1455/1455/1455 961/961/961
f 1456/1456/1456 1455/1455/1455 963/963/963
f 964/964/964 1456/1456/1456 963/963/963
f 1457/1457/1457 1454/1454/1454 1455/1455/1455
f 964/964/964 965/965/965 1458/1458/1458
f 964/964/964 1458/1458/1458 1456/1456/1456
f 1460/1460/1460 1451/1451/1451 1452/1452/1452
f 1460/1460/1460 1452/1452/1452 1462/1462/1462
f 1459/1459/1459 1458/1458/1458 965/965/965
f 1460/1460/1460 1351/1351/1351 1341/1341/1341
f 1451/1451/1451 1460/1460/1460 1341/1341/1341
f 1470/1470/1470 1460/1460/1460 1461/1461/1461
f 1470/1470/1470 1461/1461/1461 1471/1471/1471
f 1463/1463/1463 1462/1462/1462 1452/1452/1452
f 1464/1464/1464 1462/1462/1462 1463/1463/1463
f 1453/1453/1453 1465/1465/1465 1463/1463/1463
f 1454/1454/1454 1465/1465/1465 1453/1453/1453
f 1466/1466/1466 1465/1465/1465 1454/1454/1454
f 1457/1457/1457 1466/1466/1466 1454/1454/1454
f 1467/1467/1467 1466/1466/1466 1457/1457/1457
f 1458/1458/1458 1467/1467/1467 1457/1457/1457
f 1468/1468/1468 1467/1467/1467 1458/1458/1458
f 1459/1459/1459 1468/1468/1468 1458/1458/1458
f 1469/1469/1469 1468/1468/1468 1459/1459/1459
f 1470/1470/1470 1361/1361/1361 1351/1351/1351
f 1460/1460/1460 1470/1470/1470 1351/1351/1351
f 1467/1467/1467 1477/1477/1477 1476/1476/1476
f 1467/1467/1467 1476/1476/1476 1475/1475/1475
f 1462/1462/1462 1471/1471/1471 1461/1461/1461
f 1472/1472/1472 1471/1471/1471 1462/1462/1462
f 1464/1464/1464 1472/1472/1472 1462/1462/1462
f 1464/1464/1464 1473/1473/1473 1472/1472/1472
f 1465/1465/1465 1473/1473/1473 1464/1464/1464
f 1466/1466/1466 1474/1474/1474 1465/1465/1465
f 1475/1475/1475 1474/1474/1474 1466/1466/1466
f 1467/1467/1467 1475/1475/1475 1466/1466/1466
f 1476/1476/1476 1474/1474/1474 1475/1475/1475
f 1369/1369/1369 1361/1361/1361 1470/1470/1470
f 1369/1369/1369 1470/1470/1470 1481/1481/1481
f 1468/1468/1468 1477/1477/1477 1467/1467/1467
f 1478/1478/1478 1477/1477/1477 1468/1468/1468
f 1479/1479/1479 1477/1477/1477 1478/1478/1478
f 1469/1469/1469 1480/1480/1480 1478/1478/1478
f 1482/1482/1482 1471/1471/1471 1472/1472/1472
f 1482/1482/1482 1472/1472/1472 1484/1484/1484
f 1482/1482/1482 1481/1481/1481 1470/1470/1470
f 1483/1483/1483 1481/1481/1481 1482/1482/1482
f 1473/1473/1473 1474/1474/1474 1487/1487/1487
f 1473/1473/1473 1487/1487/1487 1486/1486/1486
f 1485/1485/1485 1484/1484/1484 1472/1472/1472
f 1473/1473/1473 1485/1485/1485 1472/1472/1472
f 1473/1473/1473 1486/1486/1486 1485/1485/1485
f 1487/1487/1487 1474/1474/1474 1476/1476/1476
f 1487/1487/1487 1476/1476/1476 1488/1488/1488
f 1476/1476/1476 1477/1477/1477 1490/1490/1490
f 1476/1476/1476 1490/1490/1490 1489/1489/1489
f 1489/1489/1489 1488/1488/1488 1476/1476/1476
f 1494/1494/1494 1481/1481/1481 1483/1483/1483
f 1494/1494/1494 1483/1483/1483 1495/1495/1495
f 1491/1491/1491 1489/1489/1489 1490/1490/1490
f 1492/1492/1492 1490/1490/1490 1479/1479/1479
f 1480/1480/1480 1492/1492/1492 1479/1479/1479
f 1481/1481/1481 1494/1494/1494 1369/1369/1369
f 1483/1483/1483 1484/1484/1484 1496/1496/1496
f 1483/1483/1483 1496/1496/1496 1495/1495/1495
f 1496/1496/1496 1484/1484/1484 1485/1485/1485
f 1496/1496/1496 1485/1485/1485 1497/1497/1497
f 1498/1498/1498 1485/1485/1485 1486/1486/1486
f 1498/1498/1498 1486/1486/1486 1499/1499/1499
f 1498/1498/1498 1497/1497/1497 1485/1485/1485
f 1491/1491/1491 1490/1490/1490 1502/1502/1502
f 1491/1491/1491 1502/1502/1502 1501/1501/1501
f 1487/1487/1487 1499/1499/1499 1486/1486/1486
f 1500/1500/1500 1499/1499/1499 1487/1487/1487
f 1488/1488/1488 1500/1500/1500 1487/1487/1487
f 1489/1489/1489 1500/1500/1500 1488/1488/1488
f 1501/1501/1501 1500/1500/1500 1489/1489/1489
f 1491/1491/1491 1501/1501/1501 1489/1489/1489
f 1490/1490/1490 1492/1492/1492 1503/1503/1503
f 1490/1490/1490 1503/1503/1503 1502/1502/1502
f 1492/1492/1492 1493/1493/1493 1505/1505/1505
f 1492/1492/1492 1505/1505/1505 1504/1504/1504
f 1492/1492/1492 1504/1504/1504 1503/1503/1503
f 1507/1507/1507 1497/1497/1497 1498/1498/1498
f 1507/1507/1507 1498/1498/1498 1508/1508/1508
f 1494/1494/1494 1445/1445/1445 1311/1311/1311
f 1446/1446/1446 1445/1445/1445 1494/1494/1494
f 1495/1495/1495 1446/1446/1446 1494/1494/1494
f 1495/1495/1495 1506/1506/1506 1446/1446/1446
f 1496/1496/1496 1506/1506/1506 1495/1495/1495
f 1507/1507/1507 1506/1506/1506 1496/1496/1496
f 1497/1497/1497 1507/1507/1507 1496/1496/1496
f 1498/1498/1498 1499/1499/1499 1509/1509/1509
f 1498/1498/1498 1509/1509/1509 1508/1508/1508
f 1501/1501/1501 1502/1502/1502 1512/1512/1512
f 1501/1501/1501 1512/1512/1512 1511/1511/1511
f 1510/1510/1510 1509/1509/1509 1500/1500/1500
f 1511/1511/1511 1510/1510/1510 1501/1501/1501
f 1512/1512/1512 1502/1502/1502 1503/1503/1503
f 1512/1512/1512 1503/1503/1503 1513/1513/1513
f 1513/1513/1513 1504/1504/1504 1505/1505/1505
f 1513/1513/1513 1505/1505/1505 1514/1514/1514
f 1515/1515/1515 1506/1506/1506 1507/1507/1507
f 1515/1515/1515 1507/1507/1507 1516/1516/1516
f 1515/1515/1515 1448/1448/1448 1446/1446/1446
f 1508/1508/1508 1509/1509/1509 1518/1518/1518
f 1508/1508/1508 1518/1518/1518 1517/1517/1517
f 1517/1517/1517 1516/1516/1516 1507/1507/1507
f 1509/1509/1509 1510/1510/1510 1519/1519/1519
f 1509/1509/1509 1519/1519/1519 1518/1518/1518
f 1510/1510/1510 1511/1511/1511 1520/1520/1520
f 1510/1510/1510 1520/1520/1520 1519/1519/1519
f 1512/1512/1512 1522/1522/1522 1521/1521/1521
f 1512/1512/1512 1521/1521/1521 1520/1520/1520
f 1512/1512/1512 1520/1520/1520 1511/1511/1511
f 1513/1513/1513 1514/1514/1514 1524/1524/1524
f 1513/1513/1513 1524/1524/1524 1523/1523/1523
f 1513/1513/1513 1522/1522/1522 1512/1512/1512
f 1523/1523/1523 1522/1522/1522 1513/1513/1513
f 1448/1448/1448 1515/1515/1515 1525/1525/1525
f 1448/1448/1448 1525/1525/1525 1450/1450/1450
f 1516/1516/1516 1517/1517/1517 1527/1527/1527
f 1516/1516/1516 1527/1527/1527 1526/1526/1526
f 1515/1515/1515 1526/1526/1526 1525/1525/1525
f 1531/1531/1531 1522/1522/1522 1523/1523/1523
f 1531/1531/1531 1523/1523/1523 1532/1532/1532
f 1517/1517/1517 1528/1528/1528 1527/1527/1527
f 1518/1518/1518 1529/1529/1529 1528/1528/1528
f 1530/1530/1530 1529/1529/1529 1519/1519/1519
f 994/994/994 1534/1534/1534 1537/1537/1537
f 994/994/994 1537/1537/1537 1536/1536/1536
f 990/990/990 988/988/988 1533/1533/1533
f 990/990/990 1534/1534/1534 994/994/994
f 997/997/997 1536/1536/1536 1535/1535/1535
f 998/998/998 999/999/999 1539/1539/1539
f 998/998/998 1539/1539/1539 1538/1538/1538
f 1535/1535/1535 1536/1536/1536 1545/1545/1545
f 1535/1535/1535 1545/1545/1545 1541/1541/1541
f 1000/1000/1000 1539/1539/1539 999/999/999
f 996/996/996 1540/1540/1540 1001/1001/1001
f 1541/1541/1541 1540/1540/1540 1535/1535/1535
f 1000/1000/1000 1001/1001/1001 1543/1543/1543
f 1000/1000/1000 1543/1543/1543 1542/1542/1542
f 1459/1459/1459 965/965/965 1538/1538/1538
f 1545/1545/1545 1536/1536/1536 1537/1537/1537
f 1545/1545/1545 1537/1537/1537 1546/1546/1546
f 1544/1544/1544 1546/1546/1546 1537/1537/1537
f 1544/1544/1544 1537/1537/1537 1534/1534/1534
f 1545/1545/1545 1546/1546/1546 1555/1555/1555
f 1545/1545/1545 1555/1555/1555 1548/1548/1548
f 1545/1545/1545 1548/1548/1548 1541/1541/1541
f 1459/1459/1459 1538/1538/1538 1549/1549/1549
f 1459/1459/1459 1549/1549/1549 1469/1469/1469
f 1538/1538/1538 1539/1539/1539 1550/1550/1550
f 1538/1538/1538 1550/1550/1550 1549/1549/1549
f 1556/1556/1556 1548/1548/1548 1555/1555/1555
f 1556/1556/1556 1555/1555/1555 1557/1557/1557
f 1543/1543/1543 1551/1551/1551 1542/1542/1542
f 1543/1543/1543 1547/1547/1547 1551/1551/1551
f 1543/1543/1543 1540/1540/1540 1547/1547/1547
f 1551/1551/1551 1553/1553/1553 1542/1542/1542
f 1558/1558/1558 1547/1547/1547 1552/1552/1552
f 1558/1558/1558 1552/1552/1552 1559/1559/1559
f 1469/1469/1469 1549/1549/1549 1561/1561/1561
f 1469/1469/1469 1561/1561/1561 1480/1480/1480
f 1552/1552/1552 1556/1556/1556 1559/1559/1559
f 1552/1552/1552 1548/1548/1548 1556/1556/1556
f 1549/1549/1549 1550/1550/1550 1562/1562/1562
f 1549/1549/1549 1562/1562/1562 1561/1561/1561
f 1562/1562/1562 1550/1550/1550 1553/1553/1553
f 1562/1562/1562 1553/1553/1553 1563/1563/1563
f 1563/1563/1563 1553/1553/1553 1551/1551/1551
f 1563/1563/1563 1551/1551/1551 1564/1564/1564
f 1564/1564/1564 1551/1551/1551 1554/1554/1554
f 1564/1564/1564 1554/1554/1554 1558/1558/1558
f 1567/1567/1567 1556/1556/1556 1560/1560/1560
f 1567/1567/1567 1560/1560/1560 1566/1566/1566
f 1554/1554/1554 1547/1547/1547 1558/1558/1558
f 1556/1556/1556 1567/1567/1567 1559/1559/1559
f 1568/1568/1568 1558/1558/1558 1565/1565/1565
f 1568/1568/1568 1565/1565/1565 1569/1569/1569
f 1560/1560/1560 1557/1557/1557 1566/1566/1566
f 1558/1558/1558 1568/1568/1568 1564/1564/1564
f 1561/1561/1561 1570/1570/1570 1493/1493/1493
f 1561/1561/1561 1493/1493/1493 1480/1480/1480
f 1567/1567/1567 1569/1569/1569 1559/1559/1559
f 1561/1561/1561 1562/1562/1562 1571/1571/1571
f 1561/1561/1561 1571/1571/1571 1570/1570/1570
f 1563/1563/1563 1572/1572/1572 1571/1571/1571
f 1563/1563/1563 1571/1571/1571 1562/1562/1562
f 1563/1563/1563 1564/1564/1564 1573/1573/1573
f 1563/1563/1563 1573/1573/1573 1572/1572/1572
f 1574/1574/1574 1567/1567/1567 1566/1566/1566
f 1574/1574/1574 1566/1566/1566 1575/1575/1575
f 1568/1568/1568 1573/1573/1573 1564/1564/1564
f 1576/1576/1576 1568/1568/1568 1569/1569/1569
f 1576/1576/1576 1569/1569/1569 1577/1577/1577
f 1577/1577/1577 1569/1569/1569 1567/1567/1567
f 1577/1577/1577 1567/1567/1567 1574/1574/1574
f 1493/1493/1493 1570/1570/1570 1578/1578/1578
f 1493/1493/1493 1578/1578/1578 1505/1505/1505
f 1570/1570/1570 1571/1571/1571 1579/1579/1579
f 1570/1570/1570 1579/1579/1579 1578/1578/1578
f 1579/1579/1579 1571/1571/1571 1572/1572/1572
f 1579/1579/1579 1572/1572/1572 1580/1580/1580
f 1580/1580/1580 1572/1572/1572 1573/1573/1573
f 1580/1580/1580 1573/1573/1573 1581/1581/1581
f 1581/1581/1581 1573/1573/1573 1568/1568/1568
f 1581/1581/1581 1568/1568/1568 1576/1576/1576
f 1584/1584/1584 1574/1574/1574 1575/1575/1575
f 1584/1584/1584 1575/1575/1575 1585/1585/1585
f 1574/1574/1574 1584/1584/1584 1577/1577/1577
f 1514/1514/1514 1505/1505/1505 1578/1578/1578
f 1514/1514/1514 1578/1578/1578 1586/1586/1586
f 1578/1578/1578 1579/1579/1579 1587/1587/1587
f 1578/1578/1578 1587/1587/1587 1586/1586/1586
f 1587/1587/1587 1579/1579/1579 1580/1580/1580
f 1587/1587/1587 1580/1580/1580 1588/1588/1588
f 1580/1580/1580 1581/1581/1581 1589/1589/1589
f 1580/1580/1580 1589/1589/1589 1588/1588/1588
f 1581/1581/1581 1576/1576/1576 1590/1590/1590
f 1581/1581/1581 1590/1590/1590 1589/1589/1589
f 1590/1590/1590 1576/1576/1576 1582/1582/1582
f 1590/1590/1590 1582/1582/1582 1591/1591/1591
f 1514/1514/1514 1586/1586/1586 1593/1593/1593
f 1514/1514/1514 1593/1593/1593 1524/1524/1524
f 1584/1584/1584 1591/1591/1591 1577/1577/1577
f 1594/1594/1594 1589/1589/1589 1590/1590/1590
f 1594/1594/1594 1590/1590/1590 1595/1595/1595
f 1589/1589/1589 1594/1594/1594 1588/1588/1588
f 1590/1590/1590 1591/1591/1591 1596/1596/1596
f 1590/1590/1590 1596/1596/1596 1595/1595/1595
f 1596/1596/1596 1591/1591/1591 1584/1584/1584
f 1596/1596/1596 1584/1584/1584 1597/1597/1597
f 1595/1595/1595 1596/1596/1596 1600/1600/1600
f 1595/1595/1595 1600/1600/1600 1599/1599/1599
f 1595/1595/1595 1599/1599/1599 1594/1594/1594
f 1600/1600/1600 1596/1596/1596 1597/1597/1597
f 1600/1600/1600 1597/1597/1597 1601/1601/1601
f 1598/1598/1598 1601/1601/1601 1597/1597/1597
f 1598/1598/1598 1597/1597/1597 1592/1592/1592
f 1533/1533/1533 988/988/988 1002/1002/1002
f 1533/1533/1533 1002/1002/1002 1602/1602/1602
f 948/948/948 1387/1387/1387 1603/1603/1603
f 948/948/948 1603/1603/1603 1602/1602/1602
f 1605/1605/1605 1602/1602/1602 1603/1603/1603
f 1605/1605/1605 1603/1603/1603 1606/1606/1606
f 1604/1604/1604 1534/1534/1534 1533/1533/1533
f 1544/1544/1544 1534/1534/1534 1604/1604/1604
f 1544/1544/1544 1604/1604/1604 1608/1608/1608
f 1396/1396/1396 1606/1606/1606 1387/1387/1387
f 1604/1604/1604 1602/1602/1602 1605/1605/1605
f 1609/1609/1609 1606/1606/1606 1396/1396/1396
f 1609/1609/1609 1396/1396/1396 1610/1610/1610
f 1607/1607/1607 1608/1608/1608 1605/1605/1605
f 1555/1555/1555 1546/1546/1546 1544/1544/1544
f 1555/1555/1555 1544/1544/1544 1613/1613/1613
f 1607/1607/1607 1606/1606/1606 1609/1609/1609
f 1612/1612/1612 1613/1613/1613 1544/1544/1544
f 1612/1612/1612 1544/1544/1544 1608/1608/1608
f 1555/1555/1555 1613/1613/1613 1615/1615/1615
f 1555/1555/1555 1615/1615/1615 1557/1557/1557
f 1614/1614/1614 1613/1613/1613 1612/1612/1612
f 1616/1616/1616 1617/1617/1617 1611/1611/1611
f 1616/1616/1616 1611/1611/1611 1610/1610/1610
f 1617/1617/1617 1618/1618/1618 1612/1612/1612
f 1617/1617/1617 1612/1612/1612 1609/1609/1609
f 1618/1618/1618 1619/1619/1619 1614/1614/1614
f 1618/1618/1618 1614/1614/1614 1612/1612/1612
f 1566/1566/1566 1557/1557/1557 1615/1615/1615
f 1566/1566/1566 1615/1615/1615 1620/1620/1620
f 1619/1619/1619 1620/1620/1620 1615/1615/1615
f 1619/1619/1619 1615/1615/1615 1613/1613/1613
f 1420/1420/1420 1624/1624/1624 1616/1616/1616
f 1420/1420/1420 1616/1616/1616 1413/1413/1413
f 1621/1621/1621 1620/1620/1620 1619/1619/1619
f 1616/1616/1616 1624/1624/1624 1623/1623/1623
f 1623/1623/1623 1626/1626/1626 1618/1618/1618
f 1623/1623/1623 1618/1618/1618 1617/1617/1617
f 1617/1617/1617 1616/1616/1616 1623/1623/1623
f 1626/1626/1626 1627/1627/1627 1619/1619/1619
f 1626/1626/1626 1619/1619/1619 1618/1618/1618
f 1631/1631/1631 1633/1633/1633 1627/1627/1627
f 1631/1631/1631 1627/1627/1627 1626/1626/1626
f 1621/1621/1621 1619/1619/1619 1627/1627/1627
f 1622/1622/1622 1620/1620/1620 1628/1628/1628
f 1629/1629/1629 1624/1624/1624 1420/1420/1420
f 1625/1625/1625 1624/1624/1624 1629/1629/1629
f 1626/1626/1626 1623/1623/1623 1630/1630/1630
f 1627/1627/1627 1633/1633/1633 1632/1632/1632
f 1634/1634/1634 1628/1628/1628 1621/1621/1621
f 1634/1634/1634 1621/1621/1621 1635/1635/1635
f 1632/1632/1632 1635/1635/1635 1621/1621/1621
f 1632/1632/1632 1621/1621/1621 1627/1627/1627
f 1583/1583/1583 1575/1575/1575 1622/1622/1622
f 1583/1583/1583 1622/1622/1622 1634/1634/1634
f 1435/1435/1435 1637/1637/1637 1629/1629/1629
f 1435/1435/1435 1629/1629/1629 1420/1420/1420
f 1622/1622/1622 1628/1628/1628 1634/1634/1634
f 1629/1629/1629 1637/1637/1637 1638/1638/1638
f 1629/1629/1629 1638/1638/1638 1625/1625/1625
f 1638/1638/1638 1639/1639/1639 1631/1631/1631
f 1638/1638/1638 1631/1631/1631 1625/1625/1625
f 1639/1639/1639 1640/1640/1640 1633/1633/1633
f 1639/1639/1639 1633/1633/1633 1631/1631/1631
f 1633/1633/1633 1640/1640/1640 1632/1632/1632
f 1637/1637/1637 1443/1443/1443 1643/1643/1643
f 1637/1637/1637 1643/1643/1643 1638/1638/1638
f 1634/1634/1634 1642/1642/1642 1583/1583/1583
f 1636/1636/1636 1635/1635/1635 1641/1641/1641
f 1642/1642/1642 1592/1592/1592 1583/1583/1583
f 1637/1637/1637 1435/1435/1435 1443/1443/1443
f 1643/1643/1643 1645/1645/1645 1639/1639/1639
f 1643/1643/1643 1639/1639/1639 1638/1638/1638
f 1639/1639/1639 1645/1645/1645 1644/1644/1644
f 1644/1644/1644 1647/1647/1647 1641/1641/1641
f 1644/1644/1644 1641/1641/1641 1640/1640/1640
f 1644/1644/1644 1640/1640/1640 1639/1639/1639
f 1641/1641/1641 1647/1647/1647 1646/1646/1646
f 1648/1648/1648 1642/1642/1642 1636/1636/1636
f 1648/1648/1648 1636/1636/1636 1646/1646/1646
f 1598/1598/1598 1592/1592/1592 1642/1642/1642
f 1598/1598/1598 1642/1642/1642 1648/1648/1648
f 1636/1636/1636 1641/1641/1641 1646/1646/1646
f 1532/1532/1532 1524/1524/1524 1593/1593/1593
f 1532/1532/1532 1593/1593/1593 1649/1649/1649
f 1586/1586/1586 1587/1587/1587 1652/1652/1652
f 1586/1586/1586 1652/1652/1652 1651/1651/1651
f 1586/1586/1586 1651/1651/1651 1593/1593/1593
f 1652/1652/1652 1587/1587/1587 1650/1650/1650
f 1652/1652/1652 1650/1650/1650 1653/1653/1653
f 1588/1588/1588 1594/1594/1594 1654/1654/1654
f 1588/1588/1588 1654/1654/1654 1653/1653/1653
f 1593/1593/1593 1651/1651/1651 1655/1655/1655
f 1593/1593/1593 1655/1655/1655 1649/1649/1649
f 1655/1655/1655 1651/1651/1651 1652/1652/1652
f 1655/1655/1655 1652/1652/1652 1656/1656/1656
f 1652/1652/1652 1653/1653/1653 1657/1657/1657
f 1652/1652/1652 1657/1657/1657 1656/1656/1656
f 335/335/335 1658/1658/1658 650/650/650
f 335/335/335 650/650/650 16/16/16
f 1599/1599/1599 1654/1654/1654 1594/1594/1594
f 336/336/336 1659/1659/1659 1658/1658/1658
f 336/336/336 1658/1658/1658 335/335/335
f 1658/1658/1658 1661/1661/1661 654/654/654
f 1658/1658/1658 654/654/654 650/650/650
f 1659/1659/1659 336/336/336 337/337/337
f 1660/1660/1660 337/337/337 338/338/338
f 1658/1658/1658 1659/1659/1659 1662/1662/1662
f 1658/1658/1658 1662/1662/1662 1661/1661/1661
f 1661/1661/1661 1664/1664/1664 657/657/657
f 1661/1661/1661 657/657/657 654/654/654
f 1663/1663/1663 1662/1662/1662 1659/1659/1659
f 1661/1661/1661 1662/1662/1662 1665/1665/1665
f 1661/1661/1661 1665/1665/1665 1664/1664/1664
f 352/352/352 1668/1668/1668 1667/1667/1667
f 352/352/352 1667/1667/1667 338/338/338
f 1667/1667/1667 1660/1660/1660 338/338/338
f 1667/1667/1667 1669/1669/1669 1663/1663/1663
f 1667/1667/1667 1663/1663/1663 1660/1660/1660
f 1668/1668/1668 1671/1671/1671 1670/1670/1670
f 1668/1668/1668 1670/1670/1670 1667/1667/1667
f 1670/1670/1670 1669/1669/1669 1667/1667/1667
f 1669/1669/1669 1673/1673/1673 1665/1665/1665
f 1669/1669/1669 1665/1665/1665 1663/1663/1663
f 1665/1665/1665 1673/1673/1673 1672/1672/1672
f 1669/1669/1669 1670/1670/1670 1674/1674/1674
f 1669/1669/1669 1674/1674/1674 1673/1673/1673
f 1671/1671/1671 1675/1675/1675 1674/1674/1674
f 1671/1671/1671 1674/1674/1674 1670/1670/1670
f 1672/1672/1672 1676/1676/1676 1666/1666/1666
f 1672/1672/1672 1666/1666/1666 1664/1664/1664
f 1666/1666/1666 1676/1676/1676 668/668/668
f 1672/1672/1672 1673/1673/1673 1678/1678/1678
f 1672/1672/1672 1678/1678/1678 1677/1677/1677
f 1677/1677/1677 1676/1676/1676 1672/1672/1672
f 1673/1673/1673 1674/1674/1674 1679/1679/1679
f 1673/1673/1673 1679/1679/1679 1678/1678/1678
f 668/668/668 1676/1676/1676 1680/1680/1680
f 668/668/668 1680/1680/1680 671/671/671
f 354/354/354 1682/1682/1682 1668/1668/1668
f 354/354/354 1668/1668/1668 352/352/352
f 1680/1680/1680 1676/1676/1676 1677/1677/1677
f 1681/1681/1681 1680/1680/1680 1677/1677/1677
f 1668/1668/1668 1682/1682/1682 1683/1683/1683
f 1668/1668/1668 1683/1683/1683 1671/1671/1671
f 1684/1684/1684 1686/1686/1686 1679/1679/1679
f 1684/1684/1684 1679/1679/1679 1675/1675/1675
f 1679/1679/1679 1686/1686/1686 1685/1685/1685
f 1685/1685/1685 1689/1689/1689 1681/1681/1681
f 1685/1685/1685 1681/1681/1681 1678/1678/1678
f 1680/1680/1680 1688/1688/1688 1687/1687/1687
f 1689/1689/1689 1688/1688/1688 1681/1681/1681
f 1688/1688/1688 1689/1689/1689 1693/1693/1693
f 1688/1688/1688 1693/1693/1693 1692/1692/1692
f 1690/1690/1690 1689/1689/1689 1685/1685/1685
f 672/672/672 671/671/671 1687/1687/1687
f 1691/1691/1691 672/672/672 1687/1687/1687
f 1689/1689/1689 1690/1690/1690 1694/1694/1694
f 1689/1689/1689 1694/1694/1694 1693/1693/1693
f 1697/1697/1697 1699/1699/1699 1694/1694/1694
f 1697/1697/1697 1694/1694/1694 1690/1690/1690
f 1695/1695/1695 776/776/776 672/672/672
f 1695/1695/1695 672/672/672 1691/1691/1691
f 1696/1696/1696 1695/1695/1695 1691/1691/1691
f 1693/1693/1693 1698/1698/1698 1692/1692/1692
f 1694/1694/1694 1699/1699/1699 1698/1698/1698
f 1705/1705/1705 1708/1708/1708 1702/1702/1702
f 1705/1705/1705 1702/1702/1702 1699/1699/1699
f 1695/1695/1695 1700/1700/1700 782/782/782
f 1701/1701/1701 1696/1696/1696 1692/1692/1692
f 1702/1702/1702 1701/1701/1701 1698/1698/1698
f 1703/1703/1703 782/782/782 1700/1700/1700
f 1704/1704/1704 1703/1703/1703 1700/1700/1700
f 1701/1701/1701 1707/1707/1707 1706/1706/1706
f 1702/1702/1702 1708/1708/1708 1707/1707/1707
f 1713/1713/1713 1704/1704/1704 1710/1710/1710
f 1713/1713/1713 1710/1710/1710 1714/1714/1714
f 1703/1703/1703 1709/1709/1709 789/789/789
f 1704/1704/1704 1696/1696/1696 1706/1706/1706
f 1710/1710/1710 1704/1704/1704 1706/1706/1706
f 1711/1711/1711 1710/1710/1710 1707/1707/1707
f 1714/1714/1714 1710/1710/1710 1711/1711/1711
f 1714/1714/1714 1711/1711/1711 1715/1715/1715
f 1712/1712/1712 1716/1716/1716 1711/1711/1711
f 1712/1712/1712 1711/1711/1711 1708/1708/1708
f 1711/1711/1711 1716/1716/1716 1715/1715/1715
f 423/423/423 1718/1718/1718 1682/1682/1682
f 423/423/423 1682/1682/1682 354/354/354
f 423/423/423 432/432/432 1719/1719/1719
f 423/423/423 1719/1719/1719 1718/1718/1718
f 1682/1682/1682 1718/1718/1718 1721/1721/1721
f 1682/1682/1682 1721/1721/1721 1720/1720/1720
f 1720/1720/1720 1684/1684/1684 1675/1675/1675
f 1720/1720/1720 1675/1675/1675 1671/1671/1671
f 1684/1684/1684 1722/1722/1722 1724/1724/1724
f 1684/1684/1684 1724/1724/1724 1686/1686/1686
f 1722/1722/1722 1684/1684/1684 1720/1720/1720
f 1722/1722/1722 1720/1720/1720 1721/1721/1721
f 1723/1723/1723 1722/1722/1722 1721/1721/1721
f 432/432/432 433/433/433 1727/1727/1727
f 432/432/432 1727/1727/1727 1719/1719/1719
f 1725/1725/1725 1690/1690/1690 1686/1686/1686
f 1727/1727/1727 1728/1728/1728 1726/1726/1726
f 1727/1727/1727 1726/1726/1726 1719/1719/1719
f 1721/1721/1721 1718/1718/1718 1726/1726/1726
f 1726/1726/1726 1729/1729/1729 1723/1723/1723
f 1726/1726/1726 1723/1723/1723 1721/1721/1721
f 1723/1723/1723 1729/1729/1729 1722/1722/1722
f 1726/1726/1726 1728/1728/1728 1730/1730/1730
f 1726/1726/1726 1730/1730/1730 1729/1729/1729
f 1722/1722/1722 1729/1729/1729 1732/1732/1732
f 1722/1722/1722 1732/1732/1732 1731/1731/1731
f 1697/1697/1697 1725/1725/1725 1734/1734/1734
f 1697/1697/1697 1734/1734/1734 1699/1699/1699
f 1725/1725/1725 1724/1724/1724 1731/1731/1731
f 1733/1733/1733 1725/1725/1725 1731/1731/1731
f 442/442/442 1735/1735/1735 1727/1727/1727
f 442/442/442 1727/1727/1727 433/433/433
f 1729/1729/1729 1737/1737/1737 1739/1739/1739
f 1729/1729/1729 1739/1739/1739 1738/1738/1738
f 1730/1730/1730 1737/1737/1737 1729/1729/1729
f 1738/1738/1738 1741/1741/1741 1733/1733/1733
f 1738/1738/1738 1733/1733/1733 1732/1732/1732
f 1740/1740/1740 1739/1739/1739 1737/1737/1737
f 1741/1741/1741 1743/1743/1743 1734/1734/1734
f 1741/1741/1741 1734/1734/1734 1733/1733/1733
f 1742/1742/1742 1741/1741/1741 1738/1738/1738
f 1734/1734/1734 1743/1743/1743 1705/1705/1705
f 1745/1745/1745 1746/1746/1746 1747/1747/1747
f 1745/1745/1745 1747/1747/1747 1737/1737/1737
f 1744/1744/1744 1708/1708/1708 1705/1705/1705
f 1736/1736/1736 1746/1746/1746 1745/1745/1745
f 1737/1737/1737 1736/1736/1736 1745/1745/1745
f 1749/1749/1749 1751/1751/1751 1743/1743/1743
f 1749/1749/1749 1743/1743/1743 1741/1741/1741
f 1740/1740/1740 1748/1748/1748 1739/1739/1739
f 1742/1742/1742 1750/1750/1750 1749/1749/1749
f 1712/1712/1712 1708/1708/1708 1744/1744/1744
f 1712/1712/1712 1744/1744/1744 1753/1753/1753
f 1752/1752/1752 1751/1751/1751 1749/1749/1749
f 1755/1755/1755 1756/1756/1756 1750/1750/1750
f 1755/1755/1755 1750/1750/1750 1748/1748/1748
f 1744/1744/1744 1743/1743/1743 1751/1751/1751
f 1754/1754/1754 1744/1744/1744 1751/1751/1751
f 1756/1756/1756 1758/1758/1758 1752/1752/1752
f 1756/1756/1756 1752/1752/1752 1750/1750/1750
f 1757/1757/1757 1756/1756/1756 1755/1755/1755
f 1753/1753/1753 1744/1744/1744 1754/1754/1754
f 1753/1753/1753 1754/1754/1754 1760/1760/1760
f 1759/1759/1759 1758/1758/1758 1756/1756/1756
f 1758/1758/1758 1761/1761/1761 1754/1754/1754
f 1758/1758/1758 1754/1754/1754 1752/1752/1752
f 1754/1754/1754 1761/1761/1761 1760/1760/1760
f 1763/1763/1763 1765/1765/1765 1761/1761/1761
f 1763/1763/1763 1761/1761/1761 1758/1758/1758
f 1762/1762/1762 1717/1717/1717 1753/1753/1753
f 1759/1759/1759 1764/1764/1764 1763/1763/1763
f 1761/1761/1761 1765/1765/1765 1760/1760/1760
f 1768/1768/1768 1769/1769/1769 1765/1765/1765
f 1768/1768/1768 1765/1765/1765 1763/1763/1763
f 1767/1767/1767 1762/1762/1762 1760/1760/1760
f 1770/1770/1770 1762/1762/1762 1767/1767/1767
f 1770/1770/1770 1767/1767/1767 1771/1771/1771
f 1773/1773/1773 1769/1769/1769 1768/1768/1768
f 1769/1769/1769 1772/1772/1772 1767/1767/1767
f 1769/1769/1769 1767/1767/1767 1765/1765/1765
f 1767/1767/1767 1772/1772/1772 1771/1771/1771
f 1772/1772/1772 1769/1769/1769 1773/1773/1773
f 1772/1772/1772 1773/1773/1773 1774/1774/1774
f 476/476/476 1777/1777/1777 1735/1735/1735
f 476/476/476 1735/1735/1735 442/442/442
f 1772/1772/1772 1776/1776/1776 1775/1775/1775
f 1777/1777/1777 1779/1779/1779 1780/1780/1780
f 1777/1777/1777 1780/1780/1780 1746/1746/1746
f 1778/1778/1778 1747/1747/1747 1746/1746/1746
f 1779/1779/1779 1777/1777/1777 479/479/479
f 1746/1746/1746 1780/1780/1780 1782/1782/1782
f 1746/1746/1746 1782/1782/1782 1781/1781/1781
f 1778/1778/1778 1781/1781/1781 1747/1747/1747
f 1779/1779/1779 1784/1784/1784 1785/1785/1785
f 1779/1779/1779 1785/1785/1785 1780/1780/1780
f 1783/1783/1783 1757/1757/1757 1755/1755/1755
f 1779/1779/1779 479/479/479 484/484/484
f 1784/1784/1784 1779/1779/1779 484/484/484
f 1780/1780/1780 1785/1785/1785 1787/1787/1787
f 1780/1780/1780 1787/1787/1787 1786/1786/1786
f 1782/1782/1782 1786/1786/1786 1781/1781/1781
f 492/492/492 1790/1790/1790 1784/1784/1784
f 492/492/492 1784/1784/1784 484/484/484
f 1783/1783/1783 1755/1755/1755 1788/1788/1788
f 1789/1789/1789 1783/1783/1783 1788/1788/1788
f 1790/1790/1790 1791/1791/1791 1785/1785/1785
f 1790/1790/1790 1785/1785/1785 1784/1784/1784
f 1791/1791/1791 1792/1792/1792 1787/1787/1787
f 1791/1791/1791 1787/1787/1787 1785/1785/1785
f 1787/1787/1787 1792/1792/1792 1786/1786/1786
f 1794/1794/1794 1795/1795/1795 1789/1789/1789
f 1794/1794/1794 1789/1789/1789 1788/1788/1788
f 1793/1793/1793 1792/1792/1792 1791/1791/1791
f 1789/1789/1789 1795/1795/1795 1783/1783/1783
f 498/498/498 1799/1799/1799 1798/1798/1798
f 498/498/498 1798/1798/1798 492/492/492
f 1796/1796/1796 1795/1795/1795 1794/1794/1794
f 1764/1764/1764 1797/1797/1797 1768/1768/1768
f 1798/1798/1798 1800/1800/1800 1791/1791/1791
f 1798/1798/1798 1791/1791/1791 1790/1790/1790
f 1792/1792/1792 1793/1793/1793 1802/1802/1802
f 1792/1792/1792 1802/1802/1802 1801/1801/1801
f 1793/1793/1793 1791/1791/1791 1800/1800/1800
f 1801/1801/1801 1803/1803/1803 1796/1796/1796
f 1801/1801/1801 1796/1796/1796 1794/1794/1794
f 1796/1796/1796 1803/1803/1803 1795/1795/1795
f 1801/1801/1801 1802/1802/1802 1804/1804/1804
f 1801/1801/1801 1804/1804/1804 1803/1803/1803
f 1773/1773/1773 1768/1768/1768 1797/1797/1797
f 1773/1773/1773 1797/1797/1797 1805/1805/1805
f 1795/1795/1795 1803/1803/1803 1807/1807/1807
f 1795/1795/1795 1807/1807/1807 1806/1806/1806
f 1797/1797/1797 1806/1806/1806 1805/1805/1805
f 1713/1713/1713 1809/1809/1809 1808/1808/1808
f 1713/1713/1713 1808/1808/1808 1709/1709/1709
f 1808/1808/1808 1809/1809/1809 818/818/818
f 1714/1714/1714 1811/1811/1811 1810/1810/1810
f 1714/1714/1714 1810/1810/1810 1713/1713/1713
f 1810/1810/1810 1809/1809/1809 1713/1713/1713
f 818/818/818 1809/1809/1809 1812/1812/1812
f 818/818/818 1812/1812/1812 822/822/822
f 1715/1715/1715 1811/1811/1811 1714/1714/1714
f 1813/1813/1813 1811/1811/1811 1715/1715/1715
f 1813/1813/1813 1715/1715/1715 1814/1814/1814
f 1811/1811/1811 1813/1813/1813 1810/1810/1810
f 1717/1717/1717 1814/1814/1814 1715/1715/1715
f 1717/1717/1717 1715/1715/1715 1716/1716/1716
f 1812/1812/1812 1810/1810/1810 1816/1816/1816
f 1812/1812/1812 1816/1816/1816 1815/1815/1815
f 1817/1817/1817 1813/1813/1813 1814/1814/1814
f 1817/1817/1817 1814/1814/1814 1818/1818/1818
f 833/833/833 829/829/829 1815/1815/1815
f 833/833/833 1815/1815/1815 1822/1822/1822
f 1816/1816/1816 1819/1819/1819 1815/1815/1815
f 1816/1816/1816 1817/1817/1817 1819/1819/1819
f 1816/1816/1816 1813/1813/1813 1817/1817/1817
f 1822/1822/1822 1825/1825/1825 836/836/836
f 1822/1822/1822 836/836/836 833/833/833
f 1817/1817/1817 1823/1823/1823 1819/1819/1819
f 1817/1817/1817 1824/1824/1824 1823/1823/1823
f 1820/1820/1820 1818/1818/1818 1821/1821/1821
f 1822/1822/1822 1819/1819/1819 1823/1823/1823
f 1822/1822/1822 1823/1823/1823 1825/1825/1825
f 1824/1824/1824 1820/1820/1820 1828/1828/1828
f 1824/1824/1824 1828/1828/1828 1827/1827/1827
f 1824/1824/1824 1827/1827/1827 1826/1826/1826
f 1818/1818/1818 1814/1814/1814 1832/1832/1832
f 1818/1818/1818 1832/1832/1832 1821/1821/1821
f 1825/1825/1825 1829/1829/1829 836/836/836
f 1823/1823/1823 1830/1830/1830 1825/1825/1825
f 1823/1823/1823 1826/1826/1826 1830/1830/1830
f 1832/1832/1832 1814/1814/1814 1717/1717/1717
f 1775/1775/1775 1837/1837/1837 1834/1834/1834
f 1775/1775/1775 1834/1834/1834 1771/1771/1771
f 1832/1832/1832 1766/1766/1766 1821/1821/1821
f 1832/1832/1832 1717/1717/1717 1766/1766/1766
f 1766/1766/1766 1833/1833/1833 1821/1821/1821
f 1834/1834/1834 1833/1833/1833 1770/1770/1770
f 1835/1835/1835 1820/1820/1820 1821/1821/1821
f 1841/1841/1841 1838/1838/1838 1840/1840/1840
f 1841/1841/1841 1840/1840/1840 1842/1842/1842
f 1835/1835/1835 1836/1836/1836 1828/1828/1828
f 1835/1835/1835 1833/1833/1833 1836/1836/1836
f 1776/1776/1776 1838/1838/1838 1775/1775/1775
f 1776/1776/1776 1839/1839/1839 1838/1838/1838
f 1839/1839/1839 1840/1840/1840 1838/1838/1838
f 579/579/579 1843/1843/1843 1799/1799/1799
f 579/579/579 1799/1799/1799 498/498/498
f 1844/1844/1844 1800/1800/1800 1798/1798/1798
f 1844/1844/1844 1798/1798/1798 1845/1845/1845
f 1843/1843/1843 1845/1845/1845 1798/1798/1798
f 1843/1843/1843 1798/1798/1798 1799/1799/1799
f 1844/1844/1844 1847/1847/1847 1793/1793/1793
f 1844/1844/1844 1793/1793/1793 1800/1800/1800
f 1844/1844/1844 1845/1845/1845 1848/1848/1848
f 1844/1844/1844 1848/1848/1848 1847/1847/1847
f 1846/1846/1846 1849/1849/1849 1848/1848/1848
f 1846/1846/1846 1848/1848/1848 1845/1845/1845
f 1847/1847/1847 1850/1850/1850 1802/1802/1802
f 1847/1847/1847 1802/1802/1802 1793/1793/1793
f 1847/1847/1847 1848/1848/1848 1851/1851/1851
f 1847/1847/1847 1851/1851/1851 1850/1850/1850
f 1849/1849/1849 1852/1852/1852 1851/1851/1851
f 1849/1849/1849 1851/1851/1851 1848/1848/1848
f 1854/1854/1854 1803/1803/1803 1804/1804/1804
f 1854/1854/1854 1804/1804/1804 1855/1855/1855
f 1850/1850/1850 1855/1855/1855 1804/1804/1804
f 1850/1850/1850 1804/1804/1804 1802/1802/1802
f 1850/1850/1850 1851/1851/1851 1856/1856/1856
f 1850/1850/1850 1856/1856/1856 1855/1855/1855
f 1851/1851/1851 1852/1852/1852 1857/1857/1857
f 1851/1851/1851 1857/1857/1857 1856/1856/1856
f 1853/1853/1853 1858/1858/1858 1857/1857/1857
f 1853/1853/1853 1857/1857/1857 1852/1852/1852
f 1859/1859/1859 1805/1805/1805 1806/1806/1806
f 1859/1859/1859 1806/1806/1806 1860/1860/1860
f 1860/1860/1860 1806/1806/1806 1807/1807/1807
f 1860/1860/1860 1807/1807/1807 1861/1861/1861
f 1854/1854/1854 1861/1861/1861 1807/1807/1807
f 1854/1854/1854 1807/1807/1807 1803/1803/1803
f 1854/1854/1854 1855/1855/1855 1862/1862/1862
f 1854/1854/1854 1862/1862/1862 1861/1861/1861
f 1856/1856/1856 1863/1863/1863 1862/1862/1862
f 1856/1856/1856 1862/1862/1862 1855/1855/1855
f 1856/1856/1856 1857/1857/1857 1864/1864/1864
f 1856/1856/1856 1864/1864/1864 1863/1863/1863
f 1857/1857/1857 1858/1858/1858 1865/1865/1865
f 1857/1857/1857 1865/1865/1865 1864/1864/1864
f 1859/1859/1859 1867/1867/1867 1774/1774/1774
f 1859/1859/1859 1774/1774/1774 1805/1805/1805
f 1859/1859/1859 1860/1860/1860 1868/1868/1868
f 1859/1859/1859 1868/1868/1868 1867/1867/1867
f 1860/1860/1860 1861/1861/1861 1869/1869/1869
f 1860/1860/1860 1869/1869/1869 1868/1868/1868
f 1861/1861/1861 1862/1862/1862 1870/1870/1870
f 1861/1861/1861 1870/1870/1870 1869/1869/1869
f 1863/1863/1863 1871/1871/1871 1870/1870/1870
f 1863/1863/1863 1870/1870/1870 1862/1862/1862
f 1864/1864/1864 1872/1872/1872 1871/1871/1871
f 1864/1864/1864 1871/1871/1871 1863/1863/1863
f 1864/1864/1864 1865/1865/1865 1873/1873/1873
f 1864/1864/1864 1873/1873/1873 1872/1872/1872
f 1866/1866/1866 1874/1874/1874 1873/1873/1873
f 1866/1866/1866 1873/1873/1873 1865/1865/1865
f 1774/1774/1774 1867/1867/1867 1875/1875/1875
f 1774/1774/1774 1875/1875/1875 1839/1839/1839
f 1871/1871/1871 1877/1877/1877 1876/1876/1876
f 1871/1871/1871 1876/1876/1876 1870/1870/1870
f 1872/1872/1872 1878/1878/1878 1877/1877/1877
f 1872/1872/1872 1877/1877/1877 1871/1871/1871
f 1872/1872/1872 1873/1873/1873 1879/1879/1879
f 1872/1872/1872 1879/1879/1879 1878/1878/1878
f 1873/1873/1873 1874/1874/1874 1880/1880/1880
f 1873/1873/1873 1880/1880/1880 1879/1879/1879
f 586/586/586 1882/1882/1882 1881/1881/1881
f 586/586/586 1881/1881/1881 579/579/579
f 1881/1881/1881 1843/1843/1843 579/579/579
f 1843/1843/1843 1881/1881/1881 1883/1883/1883
f 1843/1843/1843 1883/1883/1883 1845/1845/1845
f 1882/1882/1882 1884/1884/1884 1883/1883/1883
f 1882/1882/1882 1883/1883/1883 1881/1881/1881
f 1883/1883/1883 1884/1884/1884 1846/1846/1846
f 1883/1883/1883 1846/1846/1846 1845/1845/1845
f 1846/1846/1846 1884/1884/1884 1886/1886/1886
f 1846/1846/1846 1886/1886/1886 1849/1849/1849
f 1885/1885/1885 1887/1887/1887 1886/1886/1886
f 1885/1885/1885 1886/1886/1886 1884/1884/1884
f 1849/1849/1849 1886/1886/1886 1889/1889/1889
f 1849/1849/1849 1889/1889/1889 1852/1852/1852
f 1888/1888/1888 1890/1890/1890 1889/1889/1889
f 1888/1888/1888 1889/1889/1889 1887/1887/1887
f 1889/1889/1889 1886/1886/1886 1887/1887/1887
f 1853/1853/1853 1852/1852/1852 1889/1889/1889
f 1853/1853/1853 1889/1889/1889 1891/1891/1891
f 1853/1853/1853 1891/1891/1891 1858/1858/1858
f 1892/1892/1892 1867/1867/1867 1868/1868/1868
f 1892/1892/1892 1868/1868/1868 1893/1893/1893
f 1891/1891/1891 1889/1889/1889 1890/1890/1890
f 1868/1868/1868 1869/1869/1869 1894/1894/1894
f 1868/1868/1868 1894/1894/1894 1893/1893/1893
f 1840/1840/1840 1839/1839/1839 1875/1875/1875
f 1840/1840/1840 1875/1875/1875 1895/1895/1895
f 1892/1892/1892 1895/1895/1895 1875/1875/1875
f 1892/1892/1892 1875/1875/1875 1867/1867/1867
f 1869/1869/1869 1876/1876/1876 1897/1897/1897
f 1869/1869/1869 1897/1897/1897 1896/1896/1896
f 1893/1893/1893 1895/1895/1895 1892/1892/1892
f 1869/1869/1869 1896/1896/1896 1894/1894/1894
f 1897/1897/1897 1876/1876/1876 1877/1877/1877
f 1897/1897/1897 1877/1877/1877 1898/1898/1898
f 1898/1898/1898 1877/1877/1877 1878/1878/1878
f 1898/1898/1898 1878/1878/1878 1899/1899/1899
f 1899/1899/1899 1878/1878/1878 1879/1879/1879
f 1899/1899/1899 1879/1879/1879 1900/1900/1900
f 1900/1900/1900 1879/1879/1879 1880/1880/1880
f 1900/1900/1900 1880/1880/1880 1901/1901/1901
f 586/586/586 595/595/595 1902/1902/1902
f 586/586/586 1902/1902/1902 1882/1882/1882
f 596/596/596 1903/1903/1903 1902/1902/1902
f 596/596/596 1902/1902/1902 595/595/595
f 1882/1882/1882 1902/1902/1902 1904/1904/1904
f 1882/1882/1882 1904/1904/1904 1884/1884/1884
f 1903/1903/1903 1905/1905/1905 1904/1904/1904
f 1903/1903/1903 1904/1904/1904 1902/1902/1902
f 1904/1904/1904 1905/1905/1905 1885/1885/1885
f 1904/1904/1904 1885/1885/1885 1884/1884/1884
f 1885/1885/1885 1905/1905/1905 1907/1907/1907
f 1885/1885/1885 1907/1907/1907 1887/1887/1887
f 1840/1840/1840 1895/1895/1895 1908/1908/1908
f 1840/1840/1840 1908/1908/1908 1842/1842/1842
f 1907/1907/1907 1905/1905/1905 1906/1906/1906
f 1888/1888/1888 1887/1887/1887 1907/1907/1907
f 1895/1895/1895 1893/1893/1893 1909/1909/1909
f 1895/1895/1895 1909/1909/1909 1908/1908/1908
f 596/596/596 605/605/605 1910/1910/1910
f 596/596/596 1910/1910/1910 1903/1903/1903
f 1903/1903/1903 1910/1910/1910 1912/1912/1912
f 1903/1903/1903 1912/1912/1912 1905/1905/1905
f 605/605/605 614/614/614 615/615/615
f 605/605/605 615/615/615 1910/1910/1910
f 1912/1912/1912 1910/1910/1910 1911/1911/1911
f 1906/1906/1906 1905/1905/1905 1912/1912/1912
f 615/615/615 1913/1913/1913 1911/1911/1911
f 615/615/615 1911/1911/1911 1910/1910/1910
f 615/615/615 623/623/623 1914/1914/1914
f 615/615/615 1914/1914/1914 1913/1913/1913
f 623/623/623 632/632/632 1915/1915/1915
f 623/623/623 1915/1915/1915 1914/1914/1914
f 1890/1890/1890 1916/1916/1916 1917/1917/1917
f 1890/1890/1890 1917/1917/1917 1891/1891/1891
f 1917/1917/1917 1918/1918/1918 1866/1866/1866
f 1917/1917/1917 1866/1866/1866 1891/1891/1891
f 1918/1918/1918 1920/1920/1920 1874/1874/1874
f 1918/1918/1918 1874/1874/1874 1866/1866/1866
f 1919/1919/1919 1921/1921/1921 1920/1920/1920
f 1919/1919/1919 1920/1920/1920 1918/1918/1918
f 1874/1874/1874 1920/1920/1920 1922/1922/1922
f 1874/1874/1874 1922/1922/1922 1901/1901/1901
f 1920/1920/1920 1921/1921/1921 1923/1923/1923
f 1920/1920/1920 1923/1923/1923 1922/1922/1922
f 1888/1888/1888 1924/1924/1924 1925/1925/1925
f 1888/1888/1888 1925/1925/1925 1916/1916/1916
f 1916/1916/1916 1925/1925/1925 1927/1927/1927
f 1916/1916/1916 1927/1927/1927 1917/1917/1917
f 1926/1926/1926 1928/1928/1928 1927/1927/1927
f 1926/1926/1926 1927/1927/1927 1925/1925/1925
f 1917/1917/1917 1927/1927/1927 1929/1929/1929
f 1917/1917/1917 1929/1929/1929 1919/1919/1919
f 1928/1928/1928 1930/1930/1930 1929/1929/1929
f 1928/1928/1928 1929/1929/1929 1927/1927/1927
f 1919/1919/1919 1929/1929/1929 1931/1931/1931
f 1919/1919/1919 1931/1931/1931 1921/1921/1921
f 1931/1931/1931 1932/1932/1932 1934/1934/1934
f 1931/1931/1931 1934/1934/1934 1933/1933/1933
f 1923/1923/1923 1921/1921/1921 1931/1931/1931
f 1933/1933/1933 1923/1923/1923 1931/1931/1931
f 1906/1906/1906 1935/1935/1935 1936/1936/1936
f 1906/1906/1906 1936/1936/1936 1924/1924/1924
f 1924/1924/1924 1936/1936/1936 1938/1938/1938
f 1924/1924/1924 1938/1938/1938 1925/1925/1925
f 1926/1926/1926 1938/1938/1938 1940/1940/1940
f 1926/1926/1926 1940/1940/1940 1928/1928/1928
f 1938/1938/1938 1936/1936/1936 1937/1937/1937
f 1926/1926/1926 1925/1925/1925 1938/1938/1938
f 1928/1928/1928 1940/1940/1940 1941/1941/1941
f 1928/1928/1928 1941/1941/1941 1930/1930/1930
f 1940/1940/1940 1938/1938/1938 1939/1939/1939
f 1942/1942/1942 1943/1943/1943 1932/1932/1932
f 1942/1942/1942 1932/1932/1932 1941/1941/1941
f 1932/1932/1932 1943/1943/1943 1944/1944/1944
f 1932/1932/1932 1944/1944/1944 1934/1934/1934
f 1935/1935/1935 1946/1946/1946 1947/1947/1947
f 1935/1935/1935 1947/1947/1947 1936/1936/1936
f 1945/1945/1945 1935/1935/1935 1911/1911/1911
f 1937/1937/1937 1947/1947/1947 1949/1949/1949
f 1937/1937/1937 1949/1949/1949 1938/1938/1938
f 1937/1937/1937 1936/1936/1936 1947/1947/1947
f 1939/1939/1939 1949/1949/1949 1950/1950/1950
f 1939/1939/1939 1950/1950/1950 1940/1940/1940
f 1949/1949/1949 1947/1947/1947 1948/1948/1948
f 1939/1939/1939 1938/1938/1938 1949/1949/1949
f 1940/1940/1940 1950/1950/1950 1951/1951/1951
f 1940/1940/1940 1951/1951/1951 1941/1941/1941
f 1942/1942/1942 1951/1951/1951 1952/1952/1952
f 1942/1942/1942 1952/1952/1952 1943/1943/1943
f 1942/1942/1942 1941/1941/1941 1951/1951/1951
f 1943/1943/1943 1952/1952/1952 1953/1953/1953
f 1943/1943/1943 1953/1953/1953 1944/1944/1944
f 1956/1956/1956 1957/1957/1957 1948/1948/1948
f 1956/1956/1956 1948/1948/1948 1947/1947/1947
f 1945/1945/1945 1913/1913/1913 1914/1914/1914
f 1955/1955/1955 1914/1914/1914 1954/1954/1954
f 1946/1946/1946 1945/1945/1945 1955/1955/1955
f 1956/1956/1956 1947/1947/1947 1946/1946/1946
f 1948/1948/1948 1957/1957/1957 1958/1958/1958
f 1948/1948/1948 1958/1958/1958 1949/1949/1949
f 1949/1949/1949 1958/1958/1958 1959/1959/1959
f 1949/1949/1949 1959/1959/1959 1950/1950/1950
f 1950/1950/1950 1959/1959/1959 1960/1960/1960
f 1950/1950/1950 1960/1960/1960 1951/1951/1951
f 1951/1951/1951 1960/1960/1960 1962/1962/1962
f 1951/1951/1951 1962/1962/1962 1952/1952/1952
f 1961/1961/1961 1963/1963/1963 1962/1962/1962
f 1961/1961/1961 1962/1962/1962 1960/1960/1960
f 1952/1952/1952 1963/1963/1963 1964/1964/1964
f 1952/1952/1952 1964/1964/1964 1953/1953/1953
f 1965/1965/1965 1966/1966/1966 1954/1954/1954
f 1965/1965/1965 1954/1954/1954 1914/1914/1914
f 1967/1967/1967 1968/1968/1968 1957/1957/1957
f 1967/1967/1967 1957/1957/1957 1956/1956/1956
f 1956/1956/1956 1954/1954/1954 1967/1967/1967
f 1958/1958/1958 1969/1969/1969 1970/1970/1970
f 1958/1958/1958 1970/1970/1970 1959/1959/1959
f 1968/1968/1968 1958/1958/1958 1957/1957/1957
f 1959/1959/1959 1970/1970/1970 1971/1971/1971
f 1959/1959/1959 1971/1971/1971 1960/1960/1960
f 1971/1971/1971 1972/1972/1972 1961/1961/1961
f 1971/1971/1971 1961/1961/1961 1960/1960/1960
f 1961/1961/1961 1972/1972/1972 1973/1973/1973
f 1961/1961/1961 1973/1973/1973 1963/1963/1963
f 1973/1973/1973 1974/1974/1974 1964/1964/1964
f 1973/1973/1973 1964/1964/1964 1963/1963/1963
f 642/642/642 1975/1975/1975 1966/1966/1966
f 642/642/642 1966/1966/1966 1965/1965/1965
f 642/642/642 1965/1965/1965 632/632/632
f 1969/1969/1969 1978/1978/1978 1979/1979/1979
f 1969/1969/1969 1979/1979/1979 1970/1970/1970
f 1975/1975/1975 1967/1967/1967 1966/1966/1966
f 1977/1977/1977 1968/1968/1968 1967/1967/1967
f 1978/1978/1978 1969/1969/1969 1968/1968/1968
f 1970/1970/1970 1979/1979/1979 1980/1980/1980
f 1970/1970/1970 1980/1980/1980 1972/1972/1972
f 1980/1980/1980 1981/1981/1981 1973/1973/1973
f 1980/1980/1980 1973/1973/1973 1972/1972/1972
f 1981/1981/1981 1982/1982/1982 1974/1974/1974
f 1981/1981/1981 1974/1974/1974 1973/1973/1973
f 1986/1986/1986 1830/1830/1830 1983/1983/1983
f 1986/1986/1986 1983/1983/1983 1987/1987/1987
f 1984/1984/1984 1831/1831/1831 1827/1827/1827
f 1225/1225/1225 1224/1224/1224 1829/1829/1829
f 1993/1993/1993 1988/1988/1988 1984/1984/1984
f 1993/1993/1993 1984/1984/1984 1991/1991/1991
f 1983/1983/1983 1988/1988/1988 1987/1987/1987
f 1225/1225/1225 1829/1829/1829 1985/1985/1985
f 1989/1989/1989 1225/1225/1225 1985/1985/1985
f 1987/1987/1987 1989/1989/1989 1986/1986/1986
f 1988/1988/1988 1993/1993/1993 1990/1990/1990
f 1259/1259/1259 1245/1245/1245 1989/1989/1989
f 1259/1259/1259 1989/1989/1989 1995/1995/1995
f 1987/1987/1987 1992/1992/1992 1989/1989/1989
f 1987/1987/1987 1990/1990/1990 1992/1992/1992
f 1991/1991/1991 1994/1994/1994 1993/1993/1993
f 1270/1270/1270 1259/1259/1259 1995/1995/1995
f 1270/1270/1270 1995/1995/1995 1998/1998/1998
f 1990/1990/1990 1996/1996/1996 1992/1992/1992
f 1994/1994/1994 1996/1996/1996 1993/1993/1993
f 1995/1995/1995 1992/1992/1992 1999/1999/1999
f 1995/1995/1995 1999/1999/1999 1998/1998/1998
f 1270/1270/1270 1998/1998/1998 2001/2001/2001
f 1270/1270/1270 2001/2001/2001 1280/1280/1280
f 2000/2000/2000 1999/1999/1999 1996/1996/1996
f 1994/1994/1994 1997/1997/1997 2000/2000/2000
f 1998/1998/1998 1999/1999/1999 2002/2002/2002
f 1998/1998/1998 2002/2002/2002 2001/2001/2001
f 2002/2002/2002 1999/1999/1999 2000/2000/2000
f 2002/2002/2002 2000/2000/2000 2003/2003/2003
f 2003/2003/2003 2000/2000/2000 1997/1997/1997
f 2003/2003/2003 1997/1997/1997 2004/2004/2004
f 1280/1280/1280 2001/2001/2001 2005/2005/2005
f 1280/1280/1280 2005/2005/2005 1290/1290/1290
f 2001/2001/2001 2002/2002/2002 2006/2006/2006
f 2001/2001/2001 2006/2006/2006 2005/2005/2005
f 1290/1290/1290 2005/2005/2005 2008/2008/2008
f 1290/1290/1290 2008/2008/2008 1298/1298/1298
f 2003/2003/2003 2006/2006/2006 2002/2002/2002
f 2004/2004/2004 2007/2007/2007 2003/2003/2003
f 2005/2005/2005 2006/2006/2006 2009/2009/2009
f 2005/2005/2005 2009/2009/2009 2008/2008/2008
f 2006/2006/2006 2003/2003/2003 2010/2010/2010
f 2006/2006/2006 2010/2010/2010 2009/2009/2009
f 2010/2010/2010 2003/2003/2003 2007/2007/2007
f 2010/2010/2010 2007/2007/2007 2011/2011/2011
f 2012/2012/2012 1834/1834/1834 1837/1837/1837
f 2012/2012/2012 1837/1837/1837 2013/2013/2013
f 2017/2017/2017 2014/2014/2014 2012/2012/2012
f 2017/2017/2017 2012/2012/2012 2018/2018/2018
f 1828/1828/1828 2014/2014/2014 1827/1827/1827
f 1836/1836/1836 2012/2012/2012 2014/2014/2014
f 2013/2013/2013 2016/2016/2016 2015/2015/2015
f 2019/2019/2019 2021/2021/2021 2018/2018/2018
f 2019/2019/2019 2018/2018/2018 2015/2015/2015
f 1984/1984/1984 2014/2014/2014 2017/2017/2017
f 2016/2016/2016 1841/1841/1841 2019/2019/2019
f 2016/2016/2016 1838/1838/1838 1841/1841/1841
f 2018/2018/2018 2021/2021/2021 2020/2020/2020
f 2022/2022/2022 2019/2019/2019 1841/1841/1841
f 2022/2022/2022 1841/1841/1841 2023/2023/2023
f 2017/2017/2017 2020/2020/2020 1991/1991/1991
f 2023/2023/2023 1841/1841/1841 1842/1842/1842
f 2023/2023/2023 1842/1842/1842 2024/2024/2024
f 2028/2028/2028 2023/2023/2023 2024/2024/2024
f 2028/2028/2028 2024/2024/2024 2029/2029/2029
f 2021/2021/2021 2026/2026/2026 2025/2025/2025
f 2021/2021/2021 2019/2019/2019 2022/2022/2022
f 2027/2027/2027 1994/1994/1994 1991/1991/1991
f 2020/2020/2020 2025/2025/2025 2027/2027/2027
f 2028/2028/2028 2029/2029/2029 2034/2034/2034
f 2028/2028/2028 2034/2034/2034 2033/2033/2033
f 2025/2025/2025 2031/2031/2031 2030/2030/2030
f 2026/2026/2026 2023/2023/2023 2028/2028/2028
f 2032/2032/2032 1997/1997/1997 2027/2027/2027
f 2025/2025/2025 2030/2030/2030 2032/2032/2032
f 2035/2035/2035 2030/2030/2030 2031/2031/2031
f 2035/2035/2035 2031/2031/2031 2036/2036/2036
f 2036/2036/2036 2031/2031/2031 2026/2026/2026
f 2036/2036/2036 2026/2026/2026 2037/2037/2037
f 2033/2033/2033 2037/2037/2037 2026/2026/2026
f 2033/2033/2033 2026/2026/2026 2028/2028/2028
f 2033/2033/2033 2034/2034/2034 2038/2038/2038
f 2033/2033/2033 2038/2038/2038 2037/2037/2037
f 2034/2034/2034 2029/2029/2029 2083/2083/2083
f 2034/2034/2034 2083/2083/2083 2038/2038/2038
f 2004/2004/2004 1997/1997/1997 2032/2032/2032
f 2004/2004/2004 2032/2032/2032 2039/2039/2039
f 2039/2039/2039 2032/2032/2032 2030/2030/2030
f 2039/2039/2039 2030/2030/2030 2035/2035/2035
f 2036/2036/2036 2037/2037/2037 2042/2042/2042
f 2036/2036/2036 2042/2042/2042 2041/2041/2041
f 2036/2036/2036 2041/2041/2041 2040/2040/2040
f 2042/2042/2042 2037/2037/2037 2038/2038/2038
f 2042/2042/2042 2038/2038/2038 2043/2043/2043
f 2039/2039/2039 2035/2035/2035 2045/2045/2045
f 2039/2039/2039 2045/2045/2045 2044/2044/2044
f 2040/2040/2040 2045/2045/2045 2035/2035/2035
f 2040/2040/2040 2035/2035/2035 2036/2036/2036
f 2042/2042/2042 2043/2043/2043 2048/2048/2048
f 2042/2042/2042 2048/2048/2048 2047/2047/2047
f 2044/2044/2044 2049/2049/2049 2011/2011/2011
f 2044/2044/2044 2011/2011/2011 2007/2007/2007
f 2044/2044/2044 2050/2050/2050 2049/2049/2049
f 2045/2045/2045 2046/2046/2046 2050/2050/2050
f 2045/2045/2045 2040/2040/2040 2046/2046/2046
f 1897/1897/1897 2052/2052/2052 2051/2051/2051
f 1897/1897/1897 2051/2051/2051 1896/1896/1896
f 2051/2051/2051 1893/1893/1893 1896/1896/1896
f 1898/1898/1898 2053/2053/2053 2052/2052/2052
f 1898/1898/1898 2052/2052/2052 1897/1897/1897
f 1898/1898/1898 1899/1899/1899 2054/2054/2054
f 1898/1898/1898 2054/2054/2054 2053/2053/2053
f 1899/1899/1899 1900/1900/1900 2055/2055/2055
f 1899/1899/1899 2055/2055/2055 2054/2054/2054
f 1900/1900/1900 1901/1901/1901 2056/2056/2056
f 1900/1900/1900 2056/2056/2056 2055/2055/2055
f 2054/2054/2054 2055/2055/2055 2058/2058/2058
f 2054/2054/2054 2058/2058/2058 2057/2057/2057
f 2057/2057/2057 2053/2053/2053 2054/2054/2054
f 1909/1909/1909 2060/2060/2060 2059/2059/2059
f 1909/1909/1909 2059/2059/2059 1908/1908/1908
f 1909/1909/1909 1893/1893/1893 2051/2051/2051
f 1909/1909/1909 2051/2051/2051 2060/2060/2060
f 2051/2051/2051 2052/2052/2052 2062/2062/2062
f 2051/2051/2051 2062/2062/2062 2061/2061/2061
f 2061/2061/2061 2060/2060/2060 2051/2051/2051
f 2062/2062/2062 2065/2065/2065 2064/2064/2064
f 2062/2062/2062 2064/2064/2064 2061/2061/2061
f 2064/2064/2064 2060/2060/2060 2061/2061/2061
f 2062/2062/2062 2053/2053/2053 2057/2057/2057
f 2062/2062/2062 2057/2057/2057 2066/2066/2066
f 2057/2057/2057 2058/2058/2058 2068/2068/2068
f 2057/2057/2057 2068/2068/2068 2067/2067/2067
f 2067/2067/2067 2066/2066/2066 2057/2057/2057
f 2063/2063/2063 2069/2069/2069 2058/2058/2058
f 2063/2063/2063 2058/2058/2058 2056/2056/2056
f 2058/2058/2058 2069/2069/2069 2068/2068/2068
f 2068/2068/2068 2069/2069/2069 2071/2071/2071
f 2068/2068/2068 2071/2071/2071 2070/2070/2070
f 2070/2070/2070 2067/2067/2067 2068/2068/2068
f 1842/1842/1842 2059/2059/2059 2072/2072/2072
f 1842/1842/1842 2072/2072/2072 2024/2024/2024
f 2059/2059/2059 2060/2060/2060 2073/2073/2073
f 2059/2059/2059 2073/2073/2073 2072/2072/2072
f 2073/2073/2073 2060/2060/2060 2064/2064/2064
f 2073/2073/2073 2064/2064/2064 2074/2074/2074
f 2064/2064/2064 2065/2065/2065 2076/2076/2076
f 2064/2064/2064 2076/2076/2076 2075/2075/2075
f 2075/2075/2075 2074/2074/2074 2064/2064/2064
f 2065/2065/2065 2066/2066/2066 2077/2077/2077
f 2065/2065/2065 2077/2077/2077 2076/2076/2076
f 2077/2077/2077 2080/2080/2080 2079/2079/2079
f 2077/2077/2077 2079/2079/2079 2076/2076/2076
f 2079/2079/2079 2075/2075/2075 2076/2076/2076
f 2077/2077/2077 2067/2067/2067 2070/2070/2070
f 2077/2077/2077 2070/2070/2070 2081/2081/2081
f 2024/2024/2024 2072/2072/2072 2083/2083/2083
f 2024/2024/2024 2083/2083/2083 2029/2029/2029
f 2082/2082/2082 2081/2081/2081 2070/2070/2070
f 2071/2071/2071 2069/2069/2069 2078/2078/2078
f 2083/2083/2083 2072/2072/2072 2073/2073/2073
f 2083/2083/2083 2073/2073/2073 2084/2084/2084
f 2073/2073/2073 2074/2074/2074 2085/2085/2085
f 2073/2073/2073 2085/2085/2085 2084/2084/2084
f 2085/2085/2085 2075/2075/2075 2079/2079/2079
f 2085/2085/2085 2079/2079/2079 2086/2086/2086
f 2080/2080/2080 2081/2081/2081 2088/2088/2088
f 2080/2080/2080 2088/2088/2088 2087/2087/2087
f 2087/2087/2087 2086/2086/2086 2079/2079/2079
f 2081/2081/2081 2082/2082/2082 2089/2089/2089
f 2081/2081/2081 2089/2089/2089 2088/2088/2088
f 2082/2082/2082 2071/2071/2071 2090/2090/2090
f 2082/2082/2082 2090/2090/2090 2089/2089/2089
f 2090/2090/2090 2092/2092/2092 2091/2091/2091
f 2090/2090/2090 2091/2091/2091 2089/2089/2089
f 2091/2091/2091 2088/2088/2088 2089/2089/2089
f 2083/2083/2083 2084/2084/2084 2093/2093/2093
f 2083/2083/2083 2093/2093/2093 2038/2038/2038
f 2093/2093/2093 2085/2085/2085 2086/2086/2086
f 2093/2093/2093 2086/2086/2086 2094/2094/2094
f 2096/2096/2096 2088/2088/2088 2091/2091/2091
f 2096/2096/2096 2091/2091/2091 2098/2098/2098
f 2095/2095/2095 2094/2094/2094 2086/2086/2086
f 2096/2096/2096 2095/2095/2095 2087/2087/2087
f 2097/2097/2097 2095/2095/2095 2096/2096/2096
f 2091/2091/2091 2092/2092/2092 2100/2100/2100
f 2091/2091/2091 2100/2100/2100 2099/2099/2099
f 2099/2099/2099 2098/2098/2098 2091/2091/2091
f 2038/2038/2038 2093/2093/2093 2101/2101/2101
f 2038/2038/2038 2101/2101/2101 2043/2043/2043
f 2101/2101/2101 2093/2093/2093 2094/2094/2094
f 2101/2101/2101 2094/2094/2094 2102/2102/2102
f 2094/2094/2094 2095/2095/2095 2103/2103/2103
f 2094/2094/2094 2103/2103/2103 2102/2102/2102
f 2103/2103/2103 2095/2095/2095 2097/2097/2097
f 2103/2103/2103 2097/2097/2097 2104/2104/2104
f 2097/2097/2097 2098/2098/2098 2105/2105/2105
f 2097/2097/2097 2105/2105/2105 2104/2104/2104
f 2105/2105/2105 2098/2098/2098 2099/2099/2099
f 2105/2105/2105 2099/2099/2099 2106/2106/2106
f 2106/2106/2106 2099/2099/2099 2100/2100/2100
f 2106/2106/2106 2100/2100/2100 2107/2107/2107
f 2043/2043/2043 2101/2101/2101 2108/2108/2108
f 2043/2043/2043 2108/2108/2108 2048/2048/2048
f 2108/2108/2108 2101/2101/2101 2102/2102/2102
f 2108/2108/2108 2102/2102/2102 2109/2109/2109
f 2109/2109/2109 2102/2102/2102 2103/2103/2103
f 2109/2109/2109 2103/2103/2103 2110/2110/2110
f 2111/2111/2111 2105/2105/2105 2106/2106/2106
f 2111/2111/2111 2106/2106/2106 2112/2112/2112
f 2111/2111/2111 2110/2110/2110 2104/2104/2104
f 2112/2112/2112 2106/2106/2106 2107/2107/2107
f 2112/2112/2112 2107/2107/2107 2113/2113/2113
f 1901/1901/1901 1922/1922/1922 2114/2114/2114
f 1901/1901/1901 2114/2114/2114 2056/2056/2056
f 1922/1922/1922 1923/1923/1923 2115/2115/2115
f 1922/1922/1922 2115/2115/2115 2114/2114/2114
f 1923/1923/1923 1933/1933/1933 2116/2116/2116
f 1923/1923/1923 2116/2116/2116 2115/2115/2115
f 1933/1933/1933 1934/1934/1934 2117/2117/2117
f 1933/1933/1933 2117/2117/2117 2116/2116/2116
f 2063/2063/2063 2115/2115/2115 2119/2119/2119
f 2063/2063/2063 2119/2119/2119 2118/2118/2118
f 2118/2118/2118 2069/2069/2069 2063/2063/2063
f 2115/2115/2115 2116/2116/2116 2120/2120/2120
f 2115/2115/2115 2120/2120/2120 2119/2119/2119
f 2121/2121/2121 2116/2116/2116 2117/2117/2117
f 2121/2121/2121 2117/2117/2117 2122/2122/2122
f 1934/1934/1934 1944/1944/1944 2123/2123/2123
f 1934/1934/1934 2123/2123/2123 2122/2122/2122
f 2078/2078/2078 2118/2118/2118 2119/2119/2119
f 2078/2078/2078 2119/2119/2119 2124/2124/2124
f 2124/2124/2124 2119/2119/2119 2120/2120/2120
f 2124/2124/2124 2120/2120/2120 2125/2125/2125
f 2121/2121/2121 2125/2125/2125 2120/2120/2120
f 2121/2121/2121 2120/2120/2120 2116/2116/2116
f 2121/2121/2121 2122/2122/2122 2126/2126/2126
f 2121/2121/2121 2126/2126/2126 2125/2125/2125
f 2078/2078/2078 2124/2124/2124 2128/2128/2128
f 2078/2078/2078 2128/2128/2128 2127/2127/2127
f 2127/2127/2127 2071/2071/2071 2078/2078/2078
f 2124/2124/2124 2125/2125/2125 2129/2129/2129
f 2124/2124/2124 2129/2129/2129 2128/2128/2128
f 2130/2130/2130 2122/2122/2122 2123/2123/2123
f 2130/2130/2130 2123/2123/2123 2131/2131/2131
f 1953/1953/1953 2131/2131/2131 2123/2123/2123
f 1953/1953/1953 2123/2123/2123 1944/1944/1944
f 2133/2133/2133 2125/2125/2125 2126/2126/2126
f 2133/2133/2133 2126/2126/2126 2134/2134/2134
f 2132/2132/2132 2131/2131/2131 1953/1953/1953
f 2130/2130/2130 2134/2134/2134 2126/2126/2126
f 2130/2130/2130 2126/2126/2126 2122/2122/2122
f 2130/2130/2130 2131/2131/2131 2135/2135/2135
f 2130/2130/2130 2135/2135/2135 2134/2134/2134
f 2090/2090/2090 2071/2071/2071 2127/2127/2127
f 2090/2090/2090 2127/2127/2127 2136/2136/2136
f 2136/2136/2136 2127/2127/2127 2128/2128/2128
f 2136/2136/2136 2128/2128/2128 2137/2137/2137
f 2137/2137/2137 2128/2128/2128 2129/2129/2129
f 2137/2137/2137 2129/2129/2129 2138/2138/2138
f 2133/2133/2133 2138/2138/2138 2129/2129/2129
f 2133/2133/2133 2129/2129/2129 2125/2125/2125
f 2133/2133/2133 2134/2134/2134 2139/2139/2139
f 2133/2133/2133 2139/2139/2139 2138/2138/2138
f 2136/2136/2136 2140/2140/2140 2092/2092/2092
f 2136/2136/2136 2092/2092/2092 2090/2090/2090
f 2141/2141/2141 2131/2131/2131 2132/2132/2132
f 2141/2141/2141 2132/2132/2132 2142/2142/2142
f 1964/1964/1964 2142/2142/2142 2132/2132/2132
f 1964/1964/1964 2132/2132/2132 1953/1953/1953
f 2143/2143/2143 2134/2134/2134 2135/2135/2135
f 2143/2143/2143 2135/2135/2135 2144/2144/2144
f 2141/2141/2141 2144/2144/2144 2135/2135/2135
f 2141/2141/2141 2135/2135/2135 2131/2131/2131
f 2141/2141/2141 2142/2142/2142 2145/2145/2145
f 2141/2141/2141 2145/2145/2145 2144/2144/2144
f 2146/2146/2146 2137/2137/2137 2138/2138/2138
f 2146/2146/2146 2138/2138/2138 2147/2147/2147
f 2147/2147/2147 2138/2138/2138 2139/2139/2139
f 2147/2147/2147 2139/2139/2139 2148/2148/2148
f 2143/2143/2143 2148/2148/2148 2139/2139/2139
f 2143/2143/2143 2139/2139/2139 2134/2134/2134
f 2143/2143/2143 2144/2144/2144 2149/2149/2149
f 2143/2143/2143 2149/2149/2149 2148/2148/2148
f 2100/2100/2100 2092/2092/2092 2140/2140/2140
f 2100/2100/2100 2140/2140/2140 2150/2150/2150
f 2146/2146/2146 2151/2151/2151 2140/2140/2140
f 2146/2146/2146 2140/2140/2140 2137/2137/2137
f 2140/2140/2140 2151/2151/2151 2150/2150/2150
f 2146/2146/2146 2147/2147/2147 2152/2152/2152
f 2146/2146/2146 2152/2152/2152 2151/2151/2151
f 1964/1964/1964 1974/1974/1974 2153/2153/2153
f 1964/1964/1964 2153/2153/2153 2142/2142/2142
f 2154/2154/2154 2144/2144/2144 2145/2145/2145
f 2154/2154/2154 2145/2145/2145 2155/2155/2155
f 2153/2153/2153 2155/2155/2155 2145/2145/2145
f 2153/2153/2153 2145/2145/2145 2142/2142/2142
f 2156/2156/2156 2147/2147/2147 2148/2148/2148
f 2156/2156/2156 2148/2148/2148 2157/2157/2157
f 2157/2157/2157 2148/2148/2148 2149/2149/2149
f 2157/2157/2157 2149/2149/2149 2158/2158/2158
f 2154/2154/2154 2158/2158/2158 2149/2149/2149
f 2154/2154/2154 2149/2149/2149 2144/2144/2144
f 2107/2107/2107 2100/2100/2100 2150/2150/2150
f 2107/2107/2107 2150/2150/2150 2159/2159/2159
f 2150/2150/2150 2151/2151/2151 2160/2160/2160
f 2150/2150/2150 2160/2160/2160 2159/2159/2159
f 2160/2160/2160 2151/2151/2151 2152/2152/2152
f 2160/2160/2160 2152/2152/2152 2161/2161/2161
f 2156/2156/2156 2161/2161/2161 2152/2152/2152
f 2156/2156/2156 2152/2152/2152 2147/2147/2147
f 2156/2156/2156 2157/2157/2157 2162/2162/2162
f 2156/2156/2156 2162/2162/2162 2161/2161/2161
f 1982/1982/1982 2163/2163/2163 2153/2153/2153
f 1982/1982/1982 2153/2153/2153 1974/1974/1974
f 2164/2164/2164 2154/2154/2154 2155/2155/2155
f 2164/2164/2164 2155/2155/2155 2165/2165/2165
f 2163/2163/2163 2165/2165/2165 2155/2155/2155
f 2163/2163/2163 2155/2155/2155 2153/2153/2153
f 2166/2166/2166 2157/2157/2157 2158/2158/2158
f 2166/2166/2166 2158/2158/2158 2167/2167/2167
f 2164/2164/2164 2167/2167/2167 2158/2158/2158
f 2164/2164/2164 2158/2158/2158 2154/2154/2154
f 2113/2113/2113 2107/2107/2107 2159/2159/2159
f 2113/2113/2113 2159/2159/2159 2168/2168/2168
f 2159/2159/2159 2160/2160/2160 2169/2169/2169
f 2159/2159/2159 2169/2169/2169 2168/2168/2168
f 2160/2160/2160 2161/2161/2161 2170/2170/2170
f 2160/2160/2160 2170/2170/2170 2169/2169/2169
f 2170/2170/2170 2161/2161/2161 2162/2162/2162
f 2170/2170/2170 2162/2162/2162 2171/2171/2171
f 2166/2166/2166 2171/2171/2171 2162/2162/2162
f 2166/2166/2166 2162/2162/2162 2157/2157/2157
f 221/221/221 2177/2177/2177 2178/2178/2178
f 221/221/221 2178/2178/2178 222/222/222
f 223/223/223 2180/2180/2180 2181/2181/2181
f 223/223/223 2181/2181/2181 221/221/221
f 220/220/220 222/222/222 2179/2179/2179
f 220/220/220 2179/2179/2179 2176/2176/2176
f 2172/2172/2172 2180/2180/2180 223/223/223
f 2172/2172/2172 223/223/223 187/187/187
f 2183/2183/2183 2184/2184/2184 2179/2179/2179
f 2183/2183/2183 2179/2179/2179 2178/2178/2178
f 2176/2176/2176 2179/2179/2179 2184/2184/2184
f 2176/2176/2176 2184/2184/2184 2182/2182/2182
f 2185/2185/2185 2186/2186/2186 2181/2181/2181
f 2185/2185/2185 2181/2181/2181 2180/2180/2180
f 2193/2193/2193 2194/2194/2194 2189/2189/2189
f 2193/2193/2193 2189/2189/2189 2188/2188/2188
f 2177/2177/2177 2181/2181/2181 2186/2186/2186
f 2173/2173/2173 2180/2180/2180 2172/2172/2172
f 2185/2185/2185 2180/2180/2180 2173/2173/2173
f 2183/2183/2183 2177/2177/2177 2188/2188/2188
f 2184/2184/2184 2183/2183/2183 2189/2189/2189
f 2186/2186/2186 2185/2185/2185 2190/2190/2190
f 2185/2185/2185 2173/2173/2173 2191/2191/2191
f 2185/2185/2185 2191/2191/2191 2190/2190/2190
f 2194/2194/2194 2192/2192/2192 2187/2187/2187
f 2194/2194/2194 2187/2187/2187 2189/2189/2189
f 2190/2190/2190 2195/2195/2195 2193/2193/2193
f 2190/2190/2190 2193/2193/2193 2188/2188/2188
f 2175/2175/2175 2196/2196/2196 2191/2191/2191
f 2175/2175/2175 2191/2191/2191 2174/2174/2174
f 2195/2195/2195 2190/2190/2190 2191/2191/2191
f 2195/2195/2195 2191/2191/2191 2196/2196/2196
f 2204/2204/2204 2200/2200/2200 2199/2199/2199
f 2204/2204/2204 2199/2199/2199 2206/2206/2206
f 2194/2194/2194 2193/2193/2193 2197/2197/2197
f 2198/2198/2198 2192/2192/2192 2194/2194/2194
f 2193/2193/2193 2195/2195/2195 2200/2200/2200
f 2198/2198/2198 2197/2197/2197 2202/2202/2202
f 2197/2197/2197 2200/2200/2200 2204/2204/2204
f 2199/2199/2199 2201/2201/2201 2205/2205/2205
f 2208/2208/2208 2204/2204/2204 2206/2206/2206
f 2208/2208/2208 2206/2206/2206 2210/2210/2210
f 2203/2203/2203 2202/2202/2202 2207/2207/2207
f 2202/2202/2202 2204/2204/2204 2208/2208/2208
f 2206/2206/2206 2205/2205/2205 2209/2209/2209
f 2212/2212/2212 2213/2213/2213 2207/2207/2207
f 2212/2212/2212 2207/2207/2207 2208/2208/2208
f 220/220/220 2176/2176/2176 2215/2215/2215
f 220/220/220 2215/2215/2215 252/252/252
f 2207/2207/2207 2213/2213/2213 2211/2211/2211
f 2210/2210/2210 2209/2209/2209 2214/2214/2214
f 2215/2215/2215 2216/2216/2216 253/253/253
f 2215/2215/2215 253/253/253 252/252/252
f 2216/2216/2216 2217/2217/2217 254/254/254
f 2216/2216/2216 254/254/254 253/253/253
f 2217/2217/2217 2218/2218/2218 255/255/255
f 2217/2217/2217 255/255/255 254/254/254
f 2182/2182/2182 2219/2219/2219 2215/2215/2215
f 2182/2182/2182 2215/2215/2215 2176/2176/2176
f 2215/2215/2215 2219/2219/2219 2220/2220/2220
f 2215/2215/2215 2220/2220/2220 2216/2216/2216
f 2216/2216/2216 2220/2220/2220 2221/2221/2221
f 2216/2216/2216 2221/2221/2221 2217/2217/2217
f 2217/2217/2217 2221/2221/2221 2222/2222/2222
f 2217/2217/2217 2222/2222/2222 2218/2218/2218
f 2220/2220/2220 2223/2223/2223 2224/2224/2224
f 2220/2220/2220 2224/2224/2224 2221/2221/2221
f 2219/2219/2219 2182/2182/2182 2187/2187/2187
f 2223/2223/2223 2220/2220/2220 2219/2219/2219
f 2221/2221/2221 2224/2224/2224 2225/2225/2225
f 2221/2221/2221 2225/2225/2225 2222/2222/2222
f 2192/2192/2192 2226/2226/2226 2219/2219/2219
f 2192/2192/2192 2219/2219/2219 2187/2187/2187
f 2226/2226/2226 2227/2227/2227 2223/2223/2223
f 2226/2226/2226 2223/2223/2223 2219/2219/2219
f 2223/2223/2223 2227/2227/2227 2228/2228/2228
f 2223/2223/2223 2228/2228/2228 2224/2224/2224
f 2224/2224/2224 2228/2228/2228 2229/2229/2229
f 2224/2224/2224 2229/2229/2229 2225/2225/2225
f 2227/2227/2227 2232/2232/2232 2233/2233/2233
f 2227/2227/2227 2233/2233/2233 2228/2228/2228
f 2226/2226/2226 2192/2192/2192 2230/2230/2230
f 2231/2231/2231 2227/2227/2227 2226/2226/2226
f 2233/2233/2233 2234/2234/2234 2229/2229/2229
f 2233/2233/2233 2229/2229/2229 2228/2228/2228
f 2237/2237/2237 2238/2238/2238 2234/2234/2234
f 2237/2237/2237 2234/2234/2234 2233/2233/2233
f 2235/2235/2235 2231/2231/2231 2230/2230/2230
f 2232/2232/2232 2231/2231/2231 2236/2236/2236
f 2211/2211/2211 2241/2241/2241 2235/2235/2235
f 2211/2211/2211 2235/2235/2235 2203/2203/2203
f 2203/2203/2203 2230/2230/2230 2198/2198/2198
f 2235/2235/2235 2230/2230/2230 2203/2203/2203
f 2232/2232/2232 2236/2236/2236 2239/2239/2239
f 2237/2237/2237 2232/2232/2232 2239/2239/2239
f 2244/2244/2244 2245/2245/2245 2242/2242/2242
f 2244/2244/2244 2242/2242/2242 2239/2239/2239
f 2236/2236/2236 2235/2235/2235 2241/2241/2241
f 2242/2242/2242 2237/2237/2237 2239/2239/2239
f 2246/2246/2246 2240/2240/2240 2237/2237/2237
f 2239/2239/2239 2241/2241/2241 2244/2244/2244
f 2249/2249/2249 2172/2172/2172 187/187/187
f 2249/2249/2249 187/187/187 320/320/320
f 2246/2246/2246 2247/2247/2247 2240/2240/2240
f 2248/2248/2248 2243/2243/2243 2211/2211/2211
f 2249/2249/2249 320/320/320 322/322/322
f 2249/2249/2249 322/322/322 2250/2250/2250
f 322/322/322 321/321/321 2250/2250/2250
f 315/315/315 2253/2253/2253 2254/2254/2254
f 315/315/315 2254/2254/2254 324/324/324
f 321/321/321 323/323/323 2251/2251/2251
f 321/321/321 2251/2251/2251 2250/2250/2250
f 323/323/323 324/324/324 2252/2252/2252
f 2252/2252/2252 2251/2251/2251 323/323/323
f 315/315/315 325/325/325 2255/2255/2255
f 315/315/315 2255/2255/2255 2253/2253/2253
f 324/324/324 2254/2254/2254 2252/2252/2252
f 325/325/325 326/326/326 2256/2256/2256
f 325/325/325 2256/2256/2256 2255/2255/2255
f 2256/2256/2256 326/326/326 327/327/327
f 2256/2256/2256 327/327/327 2257/2257/2257
f 2258/2258/2258 2249/2249/2249 2250/2250/2250
f 2258/2258/2258 2250/2250/2250 2260/2260/2260
f 2172/2172/2172 2249/2249/2249 2259/2259/2259
f 2172/2172/2172 2259/2259/2259 2173/2173/2173
f 2250/2250/2250 2251/2251/2251 2261/2261/2261
f 2250/2250/2250 2261/2261/2261 2260/2260/2260
f 2261/2261/2261 2251/2251/2251 2252/2252/2252
f 2261/2261/2261 2252/2252/2252 2262/2262/2262
f 2262/2262/2262 2252/2252/2252 2254/2254/2254
f 2262/2262/2262 2254/2254/2254 2263/2263/2263
f 2253/2253/2253 2264/2264/2264 2265/2265/2265
f 2253/2253/2253 2265/2265/2265 2263/2263/2263
f 2255/2255/2255 2264/2264/2264 2253/2253/2253
f 2255/2255/2255 2256/2256/2256 2266/2266/2266
f 2255/2255/2255 2266/2266/2266 2264/2264/2264
f 2256/2256/2256 2257/2257/2257 2267/2267/2267
f 2256/2256/2256 2267/2267/2267 2266/2266/2266
f 2268/2268/2268 2258/2258/2258 2260/2260/2260
f 2268/2268/2268 2260/2260/2260 2269/2269/2269
f 2259/2259/2259 2258/2258/2258 2268/2268/2268
f 2269/2269/2269 2260/2260/2260 2261/2261/2261
f 2269/2269/2269 2261/2261/2261 2270/2270/2270
f 2270/2270/2270 2261/2261/2261 2262/2262/2262
f 2270/2270/2270 2262/2262/2262 2272/2272/2272
f 2271/2271/2271 2262/2262/2262 2263/2263/2263
f 2271/2271/2271 2263/2263/2263 2273/2273/2273
f 2274/2274/2274 2264/2264/2264 2266/2266/2266
f 2274/2274/2274 2266/2266/2266 2275/2275/2275
f 2265/2265/2265 2264/2264/2264 2274/2274/2274
f 2275/2275/2275 2266/2266/2266 2267/2267/2267
f 2275/2275/2275 2267/2267/2267 2276/2276/2276
f 2268/2268/2268 2279/2279/2279 2287/2287/2287
f 2268/2268/2268 2287/2287/2287 2277/2277/2277
f 2277/2277/2277 2174/2174/2174 2268/2268/2268
f 2174/2174/2174 2277/2277/2277 2175/2175/2175
f 2269/2269/2269 2279/2279/2279 2268/2268/2268
f 2280/2280/2280 2270/2270/2270 2272/2272/2272
f 2280/2280/2280 2272/2272/2272 2281/2281/2281
f 2271/2271/2271 2282/2282/2282 2283/2283/2283
f 2271/2271/2271 2283/2283/2283 2281/2281/2281
f 2273/2273/2273 2282/2282/2282 2271/2271/2271
f 2282/2282/2282 2273/2273/2273 2265/2265/2265
f 2282/2282/2282 2265/2265/2265 2284/2284/2284
f 2274/2274/2274 2285/2285/2285 2286/2286/2286
f 2274/2274/2274 2286/2286/2286 2284/2284/2284
f 2275/2275/2275 2285/2285/2285 2274/2274/2274
f 2278/2278/2278 2289/2289/2289 2298/2298/2298
f 2278/2278/2278 2298/2298/2298 2288/2288/2288
f 2276/2276/2276 2285/2285/2285 2275/2275/2275
f 2277/2277/2277 2201/2201/2201 2175/2175/2175
f 2287/2287/2287 2279/2279/2279 2288/2288/2288
f 2280/2280/2280 2290/2290/2290 2291/2291/2291
f 2280/2280/2280 2291/2291/2291 2289/2289/2289
f 2281/2281/2281 2290/2290/2290 2280/2280/2280
f 2292/2292/2292 2282/2282/2282 2284/2284/2284
f 2292/2292/2292 2284/2284/2284 2293/2293/2293
f 2283/2283/2283 2282/2282/2282 2292/2292/2292
f 2294/2294/2294 2285/2285/2285 2276/2276/2276
f 2294/2294/2294 2276/2276/2276 2295/2295/2295
f 2286/2286/2286 2285/2285/2285 2294/2294/2294
f 2286/2286/2286 2294/2294/2294 2293/2293/2293
f 2298/2298/2298 2297/2297/2297 2287/2287/2287
f 2298/2298/2298 2287/2287/2287 2288/2288/2288
f 2201/2201/2201 2287/2287/2287 2297/2297/2297
f 2300/2300/2300 2290/2290/2290 2283/2283/2283
f 2300/2300/2300 2283/2283/2283 2301/2301/2301
f 2298/2298/2298 2289/2289/2289 2299/2299/2299
f 2291/2291/2291 2290/2290/2290 2300/2300/2300
f 2308/2308/2308 2293/2293/2293 2302/2302/2302
f 2308/2308/2308 2302/2302/2302 2309/2309/2309
f 2297/2297/2297 2298/2298/2298 2304/2304/2304
f 2298/2298/2298 2305/2305/2305 2304/2304/2304
f 2291/2291/2291 2306/2306/2306 2299/2299/2299
f 2306/2306/2306 2305/2305/2305 2299/2299/2299
f 2301/2301/2301 2307/2307/2307 2300/2300/2300
f 2307/2307/2307 2306/2306/2306 2300/2300/2300
f 2301/2301/2301 2293/2293/2293 2308/2308/2308
f 2301/2301/2301 2308/2308/2308 2307/2307/2307
f 2309/2309/2309 2302/2302/2302 2296/2296/2296
f 2309/2309/2309 2296/2296/2296 2310/2310/2310
f 2313/2313/2313 2314/2314/2314 2303/2303/2303
f 2313/2313/2313 2303/2303/2303 2304/2304/2304
f 2313/2313/2313 2315/2315/2315 2354/2354/2354
f 2313/2313/2313 2354/2354/2354 2314/2314/2314
f 2303/2303/2303 2314/2314/2314 2312/2312/2312
f 2313/2313/2313 2305/2305/2305 2315/2315/2315
f 2315/2315/2315 2305/2305/2305 2306/2306/2306
f 2315/2315/2315 2306/2306/2306 2316/2316/2316
f 2316/2316/2316 2306/2306/2306 2307/2307/2307
f 2316/2316/2316 2307/2307/2307 2318/2318/2318
f 2317/2317/2317 2307/2307/2307 2308/2308/2308
f 2317/2317/2317 2308/2308/2308 2319/2319/2319
f 2317/2317/2317 2319/2319/2319 2320/2320/2320
f 2317/2317/2317 2320/2320/2320 2318/2318/2318
f 2319/2319/2319 2308/2308/2308 2309/2309/2309
f 2319/2319/2319 2309/2309/2309 2321/2321/2321
f 2303/2303/2303 2322/2322/2322 2205/2205/2205
f 2303/2303/2303 2205/2205/2205 2297/2297/2297
f 2321/2321/2321 2320/2320/2320 2319/2319/2319
f 2311/2311/2311 2321/2321/2321 2309/2309/2309
f 2325/2325/2325 2327/2327/2327 2212/2212/2212
f 2325/2325/2325 2212/2212/2212 2210/2210/2210
f 2205/2205/2205 2322/2322/2322 2209/2209/2209
f 2322/2322/2322 2303/2303/2303 2312/2312/2312
f 2213/2213/2213 2212/2212/2212 2323/2323/2323
f 2210/2210/2210 2214/2214/2214 2325/2325/2325
f 2324/2324/2324 2336/2336/2336 2337/2337/2337
f 2324/2324/2324 2337/2337/2337 2248/2248/2248
f 2324/2324/2324 2323/2323/2323 2326/2326/2326
f 2323/2323/2323 2328/2328/2328 2326/2326/2326
f 2329/2329/2329 2328/2328/2328 2330/2330/2330
f 2329/2329/2329 2330/2330/2330 2331/2331/2331
f 2248/2248/2248 2213/2213/2213 2324/2324/2324
f 2245/2245/2245 2332/2332/2332 2334/2334/2334
f 2333/2333/2333 2245/2245/2245 2334/2334/2334
f 2335/2335/2335 2247/2247/2247 2333/2333/2333
f 2334/2334/2334 2338/2338/2338 2339/2339/2339
f 2334/2334/2334 2339/2339/2339 2333/2333/2333
f 2332/2332/2332 2248/2248/2248 2337/2337/2337
f 2341/2341/2341 2342/2342/2342 2335/2335/2335
f 2341/2341/2341 2335/2335/2335 2339/2339/2339
f 2329/2329/2329 2336/2336/2336 2326/2326/2326
f 2334/2334/2334 2337/2337/2337 2340/2340/2340
f 2338/2338/2338 2334/2334/2334 2340/2340/2340
f 2331/2331/2331 2345/2345/2345 2343/2343/2343
f 2331/2331/2331 2343/2343/2343 2329/2329/2329
f 2329/2329/2329 2343/2343/2343 2336/2336/2336
f 2338/2338/2338 2340/2340/2340 2344/2344/2344
f 2341/2341/2341 2338/2338/2338 2344/2344/2344
f 2345/2345/2345 2346/2346/2346 2340/2340/2340
f 2345/2345/2345 2340/2340/2340 2343/2343/2343
f 2344/2344/2344 2347/2347/2347 2348/2348/2348
f 2344/2344/2344 2348/2348/2348 2341/2341/2341
f 2340/2340/2340 2346/2346/2346 2344/2344/2344
f 2341/2341/2341 2348/2348/2348 2349/2349/2349
f 2341/2341/2341 2349/2349/2349 2342/2342/2342
f 2350/2350/2350 2351/2351/2351 2346/2346/2346
f 2350/2350/2350 2346/2346/2346 2345/2345/2345
f 2355/2355/2355 2356/2356/2356 2354/2354/2354
f 2355/2355/2355 2354/2354/2354 2315/2315/2315
f 2347/2347/2347 2346/2346/2346 2351/2351/2351
f 2349/2349/2349 2352/2352/2352 2353/2353/2353
f 2357/2357/2357 2316/2316/2316 2318/2318/2318
f 2357/2357/2357 2318/2318/2318 2358/2358/2358
f 2355/2355/2355 2316/2316/2316 2357/2357/2357
f 2360/2360/2360 2321/2321/2321 2311/2311/2311
f 2360/2360/2360 2311/2311/2311 2361/2361/2361
f 2321/2321/2321 2360/2360/2360 2320/2320/2320
f 2366/2366/2366 2320/2320/2320 2360/2360/2360
f 2366/2366/2366 2360/2360/2360 2368/2368/2368
f 2356/2356/2356 2355/2355/2355 2363/2363/2363
f 2355/2355/2355 2364/2364/2364 2363/2363/2363
f 2358/2358/2358 2365/2365/2365 2357/2357/2357
f 2365/2365/2365 2364/2364/2364 2357/2357/2357
f 2359/2359/2359 2320/2320/2320 2366/2366/2366
f 2359/2359/2359 2366/2366/2366 2365/2365/2365
f 2368/2368/2368 2362/2362/2362 2370/2370/2370
f 2368/2368/2368 2370/2370/2370 2369/2369/2369
f 2371/2371/2371 2363/2363/2363 2364/2364/2364
f 2371/2371/2371 2364/2364/2364 2372/2372/2372
f 2372/2372/2372 2364/2364/2364 2365/2365/2365
f 2372/2372/2372 2365/2365/2365 2373/2373/2373
f 2373/2373/2373 2365/2365/2365 2367/2367/2367
f 2373/2373/2373 2367/2367/2367 2374/2374/2374
f 2367/2367/2367 2366/2366/2366 2374/2374/2374
f 2369/2369/2369 2370/2370/2370 2377/2377/2377
f 2369/2369/2369 2377/2377/2377 2376/2376/2376
f 2378/2378/2378 2372/2372/2372 2373/2373/2373
f 2378/2378/2378 2373/2373/2373 2379/2379/2379
f 2380/2380/2380 2376/2376/2376 2381/2381/2381
f 2380/2380/2380 2381/2381/2381 2375/2375/2375
f 2375/2375/2375 2374/2374/2374 2380/2380/2380
f 2376/2376/2376 2377/2377/2377 2382/2382/2382
f 2376/2376/2376 2382/2382/2382 2381/2381/2381
f 2384/2384/2384 2312/2312/2312 2314/2314/2314
f 2384/2384/2384 2314/2314/2314 2386/2386/2386
f 2214/2214/2214 2312/2312/2312 2384/2384/2384
f 2387/2387/2387 2384/2384/2384 2386/2386/2386
f 2387/2387/2387 2386/2386/2386 2390/2390/2390
f 2356/2356/2356 2386/2386/2386 2354/2354/2354
f 2325/2325/2325 2384/2384/2384 2387/2387/2387
f 2385/2385/2385 2325/2325/2325 2387/2387/2387
f 2388/2388/2388 2328/2328/2328 2327/2327/2327
f 2391/2391/2391 2392/2392/2392 2388/2388/2388
f 2391/2391/2391 2388/2388/2388 2385/2385/2385
f 2393/2393/2393 2390/2390/2390 2389/2389/2389
f 2385/2385/2385 2387/2387/2387 2391/2391/2391
f 2391/2391/2391 2387/2387/2387 2390/2390/2390
f 2391/2391/2391 2390/2390/2390 2394/2394/2394
f 2397/2397/2397 2394/2394/2394 2393/2393/2393
f 2397/2397/2397 2393/2393/2393 2400/2400/2400
f 2395/2395/2395 2392/2392/2392 2391/2391/2391
f 2389/2389/2389 2363/2363/2363 2371/2371/2371
f 2393/2393/2393 2389/2389/2389 2371/2371/2371
f 2330/2330/2330 2396/2396/2396 2331/2331/2331
f 2395/2395/2395 2394/2394/2394 2397/2397/2397
f 2398/2398/2398 2396/2396/2396 2392/2392/2392
f 2393/2393/2393 2371/2371/2371 2399/2399/2399
f 2404/2404/2404 2405/2405/2405 2398/2398/2398
f 2404/2404/2404 2398/2398/2398 2395/2395/2395
f 2401/2401/2401 2400/2400/2400 2399/2399/2399
f 2379/2379/2379 2401/2401/2401 2378/2378/2378
f 2395/2395/2395 2397/2397/2397 2404/2404/2404
f 2404/2404/2404 2397/2397/2397 2400/2400/2400
f 2404/2404/2404 2400/2400/2400 2407/2407/2407
f 2407/2407/2407 2400/2400/2400 2401/2401/2401
f 2407/2407/2407 2401/2401/2401 2409/2409/2409
f 2408/2408/2408 2405/2405/2405 2404/2404/2404
f 2409/2409/2409 2401/2401/2401 2379/2379/2379
f 2409/2409/2409 2379/2379/2379 2411/2411/2411
f 2410/2410/2410 2408/2408/2408 2407/2407/2407
f 2402/2402/2402 2381/2381/2381 2414/2414/2414
f 2402/2402/2402 2414/2414/2414 2413/2413/2413
f 2402/2402/2402 2375/2375/2375 2383/2383/2383
f 2381/2381/2381 2402/2402/2402 2383/2383/2383
f 2405/2405/2405 2416/2416/2416 2406/2406/2406
f 2405/2405/2405 2406/2406/2406 2398/2398/2398
f 2417/2417/2417 2408/2408/2408 2410/2410/2410
f 2417/2417/2417 2410/2410/2410 2420/2420/2420
f 2408/2408/2408 2417/2417/2417 2405/2405/2405
f 2418/2418/2418 2416/2416/2416 2405/2405/2405
f 2410/2410/2410 2409/2409/2409 2419/2419/2419
f 2412/2412/2412 2413/2413/2413 2423/2423/2423
f 2412/2412/2412 2423/2423/2423 2422/2422/2422
f 2412/2412/2412 2411/2411/2411 2421/2421/2421
f 2422/2422/2422 2420/2420/2420 2419/2419/2419
f 2413/2413/2413 2412/2412/2412 2421/2421/2421
f 2427/2427/2427 2417/2417/2417 2420/2420/2420
f 2427/2427/2427 2420/2420/2420 2429/2429/2429
f 2414/2414/2414 2381/2381/2381 2424/2424/2424
f 2414/2414/2414 2424/2424/2424 2413/2413/2413
f 2418/2418/2418 2417/2417/2417 2427/2427/2427
f 2427/2427/2427 2430/2430/2430 2431/2431/2431
f 2427/2427/2427 2431/2431/2431 2428/2428/2428
f 2429/2429/2429 2420/2420/2420 2422/2422/2422
f 2429/2429/2429 2422/2422/2422 2432/2432/2432
f 2432/2432/2432 2423/2423/2423 2435/2435/2435
f 2432/2432/2432 2435/2435/2435 2433/2433/2433
f 2433/2433/2433 2430/2430/2430 2429/2429/2429
f 2423/2423/2423 2413/2413/2413 2434/2434/2434
f 2434/2434/2434 2425/2425/2425 2436/2436/2436
f 2434/2434/2434 2436/2436/2436 2423/2423/2423
f 2436/2436/2436 2425/2425/2425 2426/2426/2426
f 2436/2436/2436 2426/2426/2426 2437/2437/2437
f 2438/2438/2438 2435/2435/2435 2441/2441/2441
f 2438/2438/2438 2441/2441/2441 2439/2439/2439
f 2433/2433/2433 2438/2438/2438 2430/2430/2430
f 2435/2435/2435 2423/2423/2423 2440/2440/2440
f 2440/2440/2440 2423/2423/2423 2436/2436/2436
f 2440/2440/2440 2436/2436/2436 2442/2442/2442
f 2442/2442/2442 2444/2444/2444 2445/2445/2445
f 2442/2442/2442 2445/2445/2445 2443/2443/2443
f 2442/2442/2442 2435/2435/2435 2440/2440/2440
f 2442/2442/2442 2443/2443/2443 2435/2435/2435
f 2443/2443/2443 2441/2441/2441 2435/2435/2435
f 2436/2436/2436 2444/2444/2444 2442/2442/2442
f 2350/2350/2350 2345/2345/2345 2396/2396/2396
f 2350/2350/2350 2396/2396/2396 2403/2403/2403
f 2396/2396/2396 2345/2345/2345 2331/2331/2331
f 2347/2347/2347 2351/2351/2351 2446/2446/2446
f 2347/2347/2347 2446/2446/2446 2447/2447/2447
f 2446/2446/2446 2351/2351/2351 2350/2350/2350
f 2448/2448/2448 2449/2449/2449 2446/2446/2446
f 2448/2448/2448 2446/2446/2446 2350/2350/2350
f 2447/2447/2447 2352/2352/2352 2347/2347/2347
f 2350/2350/2350 2403/2403/2403 2448/2448/2448
f 2449/2449/2449 2450/2450/2450 2447/2447/2447
f 2449/2449/2449 2447/2447/2447 2446/2446/2446
f 2448/2448/2448 2403/2403/2403 2406/2406/2406
f 2448/2448/2448 2406/2406/2406 2416/2416/2416
f 2454/2454/2454 2416/2416/2416 2418/2418/2418
f 2454/2454/2454 2418/2418/2418 2428/2428/2428
f 2451/2451/2451 2449/2449/2449 2448/2448/2448
f 2452/2452/2452 2450/2450/2450 2449/2449/2449
f 2453/2453/2453 2353/2353/2353 2450/2450/2450
f 2451/2451/2451 2416/2416/2416 2454/2454/2454
f 2452/2452/2452 2451/2451/2451 2455/2455/2455
f 2452/2452/2452 2456/2456/2456 2450/2450/2450
f 2457/2457/2457 2453/2453/2453 2450/2450/2450
f 2457/2457/2457 2458/2458/2458 2453/2453/2453
f 2462/2462/2462 2428/2428/2428 2431/2431/2431
f 2462/2462/2462 2431/2431/2431 2466/2466/2466
f 2459/2459/2459 2455/2455/2455 2454/2454/2454
f 2460/2460/2460 2456/2456/2456 2455/2455/2455
f 2458/2458/2458 2457/2457/2457 2461/2461/2461
f 2459/2459/2459 2428/2428/2428 2462/2462/2462
f 2460/2460/2460 2459/2459/2459 2463/2463/2463
f 2464/2464/2464 2461/2461/2461 2456/2456/2456
f 2464/2464/2464 2465/2465/2465 2461/2461/2461
f 2462/2462/2462 2466/2466/2466 2467/2467/2467
f 2462/2462/2462 2467/2467/2467 2463/2463/2463
f 2463/2463/2463 2467/2467/2467 2468/2468/2468
f 2463/2463/2463 2468/2468/2468 2460/2460/2460
f 2471/2471/2471 2441/2441/2441 2443/2443/2443
f 2471/2471/2471 2443/2443/2443 2473/2473/2473
f 2469/2469/2469 2465/2465/2465 2464/2464/2464
f 2439/2439/2439 2466/2466/2466 2430/2430/2430
f 2470/2470/2470 2467/2467/2467 2466/2466/2466
f 2472/2472/2472 2445/2445/2445 2474/2474/2474
f 2472/2472/2472 2474/2474/2474 2473/2473/2473
f 2475/2475/2475 2467/2467/2467 2470/2470/2470
f 2475/2475/2475 2470/2470/2470 2479/2479/2479
f 2475/2475/2475 2468/2468/2468 2467/2467/2467
f 2469/2469/2469 2468/2468/2468 2476/2476/2476
f 2469/2469/2469 2477/2477/2477 2465/2465/2465
f 2470/2470/2470 2439/2439/2439 2478/2478/2478
f 2476/2476/2476 2481/2481/2481 2482/2482/2482
f 2476/2476/2476 2482/2482/2482 2477/2477/2477
f 2480/2480/2480 2476/2476/2476 2475/2475/2475
f 2480/2480/2480 2481/2481/2481 2476/2476/2476
f 2478/2478/2478 2439/2439/2439 2441/2441/2441
f 2478/2478/2478 2441/2441/2441 2471/2471/2471
f 2478/2478/2478 2483/2483/2483 2484/2484/2484
f 2478/2478/2478 2484/2484/2484 2479/2479/2479
f 2479/2479/2479 2484/2484/2484 2485/2485/2485
f 2479/2479/2479 2485/2485/2485 2480/2480/2480
f 2483/2483/2483 2471/2471/2471 2473/2473/2473
f 2483/2483/2483 2473/2473/2473 2486/2486/2486
f 2485/2485/2485 2481/2481/2481 2480/2480/2480
f 2483/2483/2483 2486/2486/2486 2487/2487/2487
f 2483/2483/2483 2487/2487/2487 2484/2484/2484
f 2486/2486/2486 2473/2473/2473 2474/2474/2474
f 2486/2486/2486 2474/2474/2474 2488/2488/2488
f 2489/2489/2489 2481/2481/2481 2485/2485/2485
f 2489/2489/2489 2485/2485/2485 2491/2491/2491
f 2488/2488/2488 2487/2487/2487 2486/2486/2486
f 2482/2482/2482 2481/2481/2481 2489/2489/2489
f 2485/2485/2485 2484/2484/2484 2490/2490/2490
f 2490/2490/2490 2484/2484/2484 2487/2487/2487
f 2490/2490/2490 2487/2487/2487 2493/2493/2493
f 2490/2490/2490 2494/2494/2494 2495/2495/2495
f 2490/2490/2490 2495/2495/2495 2491/2491/2491
f 2492/2492/2492 2491/2491/2491 2495/2495/2495
f 2492/2492/2492 2495/2495/2495 2496/2496/2496
f 2493/2493/2493 2487/2487/2487 2488/2488/2488
f 2493/2493/2493 2488/2488/2488 2497/2497/2497
f 2494/2494/2494 2498/2498/2498 2499/2499/2499
f 2494/2494/2494 2499/2499/2499 2495/2495/2495
f 2498/2498/2498 2494/2494/2494 2493/2493/2493
f 2496/2496/2496 2495/2495/2495 2499/2499/2499
f 2496/2496/2496 2499/2499/2499 2500/2500/2500
f 2218/2218/2218 2501/2501/2501 524/524/524
f 2218/2218/2218 524/524/524 255/255/255
f 2501/2501/2501 2502/2502/2502 525/525/525
f 2501/2501/2501 525/525/525 524/524/524
f 2222/2222/2222 2505/2505/2505 2501/2501/2501
f 2222/2222/2222 2501/2501/2501 2218/2218/2218
f 526/526/526 525/525/525 2503/2503/2503
f 527/527/527 526/526/526 2504/2504/2504
f 2225/2225/2225 2508/2508/2508 2505/2505/2505
f 2225/2225/2225 2505/2505/2505 2222/2222/2222
f 2502/2502/2502 2501/2501/2501 2505/2505/2505
f 2506/2506/2506 2504/2504/2504 2503/2503/2503
f 2508/2508/2508 2509/2509/2509 2502/2502/2502
f 2508/2508/2508 2502/2502/2502 2505/2505/2505
f 2229/2229/2229 2510/2510/2510 2508/2508/2508
f 2229/2229/2229 2508/2508/2508 2225/2225/2225
f 2506/2506/2506 2502/2502/2502 2509/2509/2509
f 2510/2510/2510 2511/2511/2511 2509/2509/2509
f 2510/2510/2510 2509/2509/2509 2508/2508/2508
f 2509/2509/2509 2511/2511/2511 2512/2512/2512
f 2509/2509/2509 2512/2512/2512 2506/2506/2506
f 2506/2506/2506 2512/2512/2512 2513/2513/2513
f 2506/2506/2506 2513/2513/2513 2507/2507/2507
f 2229/2229/2229 2234/2234/2234 2514/2514/2514
f 2229/2229/2229 2514/2514/2514 2510/2510/2510
f 2514/2514/2514 2515/2515/2515 2511/2511/2511
f 2514/2514/2514 2511/2511/2511 2510/2510/2510
f 2234/2234/2234 2238/2238/2238 2520/2520/2520
f 2234/2234/2234 2520/2520/2520 2514/2514/2514
f 2512/2512/2512 2511/2511/2511 2516/2516/2516
f 2517/2517/2517 2513/2513/2513 2512/2512/2512
f 2518/2518/2518 2519/2519/2519 2517/2517/2517
f 2518/2518/2518 2526/2526/2526 2527/2527/2527
f 2518/2518/2518 2527/2527/2527 2522/2522/2522
f 2521/2521/2521 2516/2516/2516 2515/2515/2515
f 2518/2518/2518 2516/2516/2516 2521/2521/2521
f 2522/2522/2522 2519/2519/2519 2518/2518/2518
f 2523/2523/2523 2515/2515/2515 2520/2520/2520
f 2523/2523/2523 2521/2521/2521 2515/2515/2515
f 2524/2524/2524 2525/2525/2525 2520/2520/2520
f 2526/2526/2526 2518/2518/2518 2521/2521/2521
f 2525/2525/2525 2529/2529/2529 2530/2530/2530
f 2525/2525/2525 2530/2530/2530 2523/2523/2523
f 2528/2528/2528 2525/2525/2525 2524/2524/2524
f 2534/2534/2534 2535/2535/2535 560/560/560
f 2534/2534/2534 560/560/560 559/559/559
f 2530/2530/2530 2526/2526/2526 2523/2523/2523
f 558/558/558 527/527/527 2532/2532/2532
f 2533/2533/2533 559/559/559 558/558/558
f 2535/2535/2535 2536/2536/2536 561/561/561
f 2535/2535/2535 561/561/561 560/560/560
f 2504/2504/2504 2507/2507/2507 2538/2538/2538
f 2504/2504/2504 2538/2538/2538 2532/2532/2532
f 2540/2540/2540 2545/2545/2545 2546/2546/2546
f 2540/2540/2540 2546/2546/2546 2541/2541/2541
f 2538/2538/2538 2533/2533/2533 2532/2532/2532
f 2539/2539/2539 2534/2534/2534 2533/2533/2533
f 2535/2535/2535 2534/2534/2534 2540/2540/2540
f 2541/2541/2541 2536/2536/2536 2535/2535/2535
f 2537/2537/2537 2536/2536/2536 2541/2541/2541
f 2542/2542/2542 2536/2536/2536 2537/2537/2537
f 2543/2543/2543 2538/2538/2538 2507/2507/2507
f 2544/2544/2544 2539/2539/2539 2538/2538/2538
f 2545/2545/2545 2540/2540/2540 2539/2539/2539
f 2546/2546/2546 2547/2547/2547 2537/2537/2537
f 2546/2546/2546 2537/2537/2537 2541/2541/2541
f 2543/2543/2543 2513/2513/2513 2548/2548/2548
f 2543/2543/2543 2548/2548/2548 2544/2544/2544
f 2547/2547/2547 2542/2542/2542 2537/2537/2537
f 2513/2513/2513 2543/2543/2543 2507/2507/2507
f 2519/2519/2519 2553/2553/2553 2548/2548/2548
f 2519/2519/2519 2548/2548/2548 2513/2513/2513
f 2548/2548/2548 2545/2545/2545 2544/2544/2544
f 2546/2546/2546 2545/2545/2545 2550/2550/2550
f 2547/2547/2547 2546/2546/2546 2551/2551/2551
f 2551/2551/2551 2555/2555/2555 2556/2556/2556
f 2551/2551/2551 2556/2556/2556 2552/2552/2552
f 2549/2549/2549 2548/2548/2548 2554/2554/2554
f 2555/2555/2555 2551/2551/2551 2550/2550/2550
f 2557/2557/2557 2562/2562/2562 2563/2563/2563
f 2557/2557/2557 2563/2563/2563 2558/2558/2558
f 2553/2553/2553 2519/2519/2519 2522/2522/2522
f 2558/2558/2558 2549/2549/2549 2554/2554/2554
f 2558/2558/2558 2555/2555/2555 2549/2549/2549
f 2560/2560/2560 2556/2556/2556 2555/2555/2555
f 2561/2561/2561 2553/2553/2553 2522/2522/2522
f 2557/2557/2557 2553/2553/2553 2561/2561/2561
f 2563/2563/2563 2566/2566/2566 2567/2567/2567
f 2563/2563/2563 2567/2567/2567 2564/2564/2564
f 2559/2559/2559 2558/2558/2558 2563/2563/2563
f 2564/2564/2564 2560/2560/2560 2559/2559/2559
f 2531/2531/2531 2565/2565/2565 2527/2527/2527
f 2536/2536/2536 2568/2568/2568 564/564/564
f 2536/2536/2536 564/564/564 561/561/561
f 2569/2569/2569 2567/2567/2567 2571/2571/2571
f 2569/2569/2569 2571/2571/2571 2570/2570/2570
f 2568/2568/2568 2536/2536/2536 2542/2542/2542
f 2552/2552/2552 2542/2542/2542 2547/2547/2547
f 2569/2569/2569 2560/2560/2560 2564/2564/2564
f 2570/2570/2570 2560/2560/2560 2569/2569/2569
f 2569/2569/2569 2564/2564/2564 2567/2567/2567
f 564/564/564 2568/2568/2568 2573/2573/2573
f 564/564/564 2573/2573/2573 633/633/633
f 633/633/633 2573/2573/2573 2574/2574/2574
f 633/633/633 2574/2574/2574 634/634/634
f 2576/2576/2576 2577/2577/2577 637/637/637
f 2576/2576/2576 637/637/637 636/636/636
f 635/635/635 634/634/634 2575/2575/2575
f 636/636/636 635/635/635 2576/2576/2576
f 637/637/637 2577/2577/2577 2578/2578/2578
f 637/637/637 2578/2578/2578 638/638/638
f 2578/2578/2578 2579/2579/2579 639/639/639
f 2578/2578/2578 639/639/639 638/638/638
f 639/639/639 2579/2579/2579 2580/2580/2580
f 639/639/639 2580/2580/2580 640/640/640
f 640/640/640 2580/2580/2580 2581/2581/2581
f 640/640/640 2581/2581/2581 641/641/641
f 2583/2583/2583 2584/2584/2584 2574/2574/2574
f 2583/2583/2583 2574/2574/2574 2573/2573/2573
f 2582/2582/2582 2573/2573/2573 2568/2568/2568
f 2588/2588/2588 2589/2589/2589 2580/2580/2580
f 2588/2588/2588 2580/2580/2580 2579/2579/2579
f 2584/2584/2584 2575/2575/2575 2574/2574/2574
f 2585/2585/2585 2576/2576/2576 2575/2575/2575
f 2577/2577/2577 2576/2576/2576 2586/2586/2586
f 2587/2587/2587 2578/2578/2578 2577/2577/2577
f 2596/2596/2596 2588/2588/2588 2587/2587/2587
f 2588/2588/2588 2579/2579/2579 2578/2578/2578
f 2580/2580/2580 2589/2589/2589 2590/2590/2590
f 2580/2580/2580 2590/2590/2590 2581/2581/2581
f 2582/2582/2582 2591/2591/2591 2592/2592/2592
f 2582/2582/2582 2592/2592/2592 2583/2583/2583
f 2591/2591/2591 2582/2582/2582 2542/2542/2542
f 2595/2595/2595 2596/2596/2596 2587/2587/2587
f 2595/2595/2595 2587/2587/2587 2586/2586/2586
f 2584/2584/2584 2583/2583/2583 2592/2592/2592
f 2585/2585/2585 2584/2584/2584 2593/2593/2593
f 2586/2586/2586 2585/2585/2585 2594/2594/2594
f 2598/2598/2598 2599/2599/2599 2589/2589/2589
f 2598/2598/2598 2589/2589/2589 2588/2588/2588
f 2597/2597/2597 2588/2588/2588 2596/2596/2596
f 2589/2589/2589 2599/2599/2599 2600/2600/2600
f 2589/2589/2589 2600/2600/2600 2590/2590/2590
f 2593/2593/2593 2603/2603/2603 2604/2604/2604
f 2593/2593/2593 2604/2604/2604 2594/2594/2594
f 2591/2591/2591 2542/2542/2542 2552/2552/2552
f 2601/2601/2601 2592/2592/2592 2591/2591/2591
f 2612/2612/2612 2602/2602/2602 2601/2601/2601
f 2602/2602/2602 2593/2593/2593 2592/2592/2592
f 2595/2595/2595 2605/2605/2605 2606/2606/2606
f 2595/2595/2595 2606/2606/2606 2607/2607/2607
f 2607/2607/2607 2608/2608/2608 2597/2597/2597
f 2607/2607/2607 2597/2597/2597 2596/2596/2596
f 2608/2608/2608 2609/2609/2609 2598/2598/2598
f 2608/2608/2608 2598/2598/2598 2597/2597/2597
f 2609/2609/2609 2610/2610/2610 2599/2599/2599
f 2609/2609/2609 2599/2599/2599 2598/2598/2598
f 2599/2599/2599 2610/2610/2610 2611/2611/2611
f 2599/2599/2599 2611/2611/2611 2600/2600/2600
f 2552/2552/2552 2556/2556/2556 2612/2612/2612
f 2552/2552/2552 2612/2612/2612 2601/2601/2601
f 2613/2613/2613 2615/2615/2615 2603/2603/2603
f 2613/2613/2613 2603/2603/2603 2602/2602/2602
f 2613/2613/2613 2602/2602/2602 2612/2612/2612
f 2614/2614/2614 2615/2615/2615 2613/2613/2613
f 2604/2604/2604 2615/2615/2615 2616/2616/2616
f 2604/2604/2604 2616/2616/2616 2617/2617/2617
f 2618/2618/2618 2619/2619/2619 2609/2609/2609
f 2618/2618/2618 2609/2609/2609 2608/2608/2608
f 2606/2606/2606 2605/2605/2605 2617/2617/2617
f 2618/2618/2618 2607/2607/2607 2606/2606/2606
f 2608/2608/2608 2607/2607/2607 2618/2618/2618
f 2619/2619/2619 2620/2620/2620 2610/2610/2610
f 2619/2619/2619 2610/2610/2610 2609/2609/2609
f 2627/2627/2627 2620/2620/2620 2619/2619/2619
f 2624/2624/2624 2625/2625/2625 2606/2606/2606
f 2624/2624/2624 2606/2606/2606 2617/2617/2617
f 2621/2621/2621 2612/2612/2612 2556/2556/2556
f 2622/2622/2622 2623/2623/2623 2621/2621/2621
f 2623/2623/2623 2613/2613/2613 2612/2612/2612
f 2614/2614/2614 2613/2613/2613 2623/2623/2623
f 2616/2616/2616 2615/2615/2615 2614/2614/2614
f 2624/2624/2624 2617/2617/2617 2616/2616/2616
f 2626/2626/2626 2627/2627/2627 2619/2619/2619
f 2626/2626/2626 2619/2619/2619 2618/2618/2618
f 2629/2629/2629 2630/2630/2630 2614/2614/2614
f 2629/2629/2629 2614/2614/2614 2623/2623/2623
f 2628/2628/2628 2620/2620/2620 2627/2627/2627
f 2570/2570/2570 2621/2621/2621 2560/2560/2560
f 2622/2622/2622 2621/2621/2621 2570/2570/2570
f 2629/2629/2629 2623/2623/2623 2622/2622/2622
f 2630/2630/2630 2631/2631/2631 2616/2616/2616
f 2630/2630/2630 2616/2616/2616 2614/2614/2614
f 2616/2616/2616 2631/2631/2631 2632/2632/2632
f 2616/2616/2616 2632/2632/2632 2624/2624/2624
f 2633/2633/2633 2635/2635/2635 2627/2627/2627
f 2633/2633/2633 2627/2627/2627 2626/2626/2626
f 2625/2625/2625 2624/2624/2624 2632/2632/2632
f 2634/2634/2634 2635/2635/2635 2633/2633/2633
f 2571/2571/2571 2637/2637/2637 2622/2622/2622
f 2571/2571/2571 2622/2622/2622 2570/2570/2570
f 2572/2572/2572 2637/2637/2637 2571/2571/2571
f 2638/2638/2638 2639/2639/2639 2631/2631/2631
f 2638/2638/2638 2631/2631/2631 2630/2630/2630
f 2637/2637/2637 2629/2629/2629 2622/2622/2622
f 2767/2767/2767 2638/2638/2638 2637/2637/2637
f 2638/2638/2638 2630/2630/2630 2629/2629/2629
f 2768/2768/2768 2639/2639/2639 2638/2638/2638
f 2639/2639/2639 2640/2640/2640 2632/2632/2632
f 2639/2639/2639 2632/2632/2632 2631/2631/2631
f 2769/2769/2769 2640/2640/2640 2639/2639/2639
f 2640/2640/2640 2641/2641/2641 2633/2633/2633
f 2640/2640/2640 2633/2633/2633 2625/2625/2625
f 2640/2640/2640 2625/2625/2625 2632/2632/2632
f 2581/2581/2581 2644/2644/2644 642/642/642
f 2581/2581/2581 642/642/642 641/641/641
f 2642/2642/2642 2634/2634/2634 2641/2641/2641
f 2634/2634/2634 2633/2633/2633 2641/2641/2641
f 2643/2643/2643 2636/2636/2636 2634/2634/2634
f 2581/2581/2581 2590/2590/2590 2645/2645/2645
f 2581/2581/2581 2645/2645/2645 2644/2644/2644
f 2528/2528/2528 2650/2650/2650 2651/2651/2651
f 2528/2528/2528 2651/2651/2651 2529/2529/2529
f 2528/2528/2528 2240/2240/2240 2646/2646/2646
f 2647/2647/2647 2526/2526/2526 2530/2530/2530
f 2648/2648/2648 2531/2531/2531 2647/2647/2647
f 2531/2531/2531 2526/2526/2526 2647/2647/2647
f 2646/2646/2646 2247/2247/2247 2335/2335/2335
f 2651/2651/2651 2650/2650/2650 2653/2653/2653
f 2651/2651/2651 2653/2653/2653 2654/2654/2654
f 2651/2651/2651 2647/2647/2647 2529/2529/2529
f 2335/2335/2335 2652/2652/2652 2646/2646/2646
f 2652/2652/2652 2650/2650/2650 2646/2646/2646
f 2655/2655/2655 2656/2656/2656 2649/2649/2649
f 2655/2655/2655 2649/2649/2649 2531/2531/2531
f 2654/2654/2654 2648/2648/2648 2651/2651/2651
f 2648/2648/2648 2647/2647/2647 2651/2651/2651
f 2655/2655/2655 2531/2531/2531 2648/2648/2648
f 2342/2342/2342 2660/2660/2660 2661/2661/2661
f 2342/2342/2342 2661/2661/2661 2653/2653/2653
f 2342/2342/2342 2652/2652/2652 2335/2335/2335
f 2658/2658/2658 2648/2648/2648 2654/2654/2654
f 2658/2658/2658 2655/2655/2655 2648/2648/2648
f 2658/2658/2658 2659/2659/2659 2656/2656/2656
f 2659/2659/2659 2657/2657/2657 2656/2656/2656
f 2653/2653/2653 2661/2661/2661 2662/2662/2662
f 2653/2653/2653 2662/2662/2662 2654/2654/2654
f 2662/2662/2662 2661/2661/2661 2663/2663/2663
f 2662/2662/2662 2663/2663/2663 2664/2664/2664
f 2662/2662/2662 2658/2658/2658 2654/2654/2654
f 2660/2660/2660 2663/2663/2663 2661/2661/2661
f 2667/2667/2667 2668/2668/2668 2663/2663/2663
f 2667/2667/2667 2663/2663/2663 2660/2660/2660
f 2664/2664/2664 2665/2665/2665 2662/2662/2662
f 2666/2666/2666 2657/2657/2657 2659/2659/2659
f 2667/2667/2667 2660/2660/2660 2349/2349/2349
f 2665/2665/2665 2669/2669/2669 2666/2666/2666
f 2665/2665/2665 2666/2666/2666 2659/2659/2659
f 2669/2669/2669 2665/2665/2665 2664/2664/2664
f 2681/2681/2681 2682/2682/2682 2678/2678/2678
f 2681/2681/2681 2678/2678/2678 2668/2668/2668
f 2649/2649/2649 2565/2565/2565 2531/2531/2531
f 2670/2670/2670 2562/2562/2562 2565/2565/2565
f 2566/2566/2566 2562/2562/2562 2670/2670/2670
f 2672/2672/2672 2567/2567/2567 2566/2566/2566
f 2673/2673/2673 2670/2670/2670 2649/2649/2649
f 2657/2657/2657 2674/2674/2674 2673/2673/2673
f 2675/2675/2675 2674/2674/2674 2657/2657/2657
f 2676/2676/2676 2675/2675/2675 2657/2657/2657
f 2668/2668/2668 2678/2678/2678 2664/2664/2664
f 2678/2678/2678 2669/2669/2669 2664/2664/2664
f 2678/2678/2678 2679/2679/2679 2669/2669/2669
f 2679/2679/2679 2677/2677/2677 2666/2666/2666
f 2680/2680/2680 2667/2667/2667 2353/2353/2353
f 2680/2680/2680 2681/2681/2681 2667/2667/2667
f 2684/2684/2684 2687/2687/2687 2730/2730/2730
f 2684/2684/2684 2730/2730/2730 2677/2677/2677
f 2683/2683/2683 2679/2679/2679 2678/2678/2678
f 2684/2684/2684 2677/2677/2677 2679/2679/2679
f 2685/2685/2685 2686/2686/2686 2683/2683/2683
f 2686/2686/2686 2687/2687/2687 2684/2684/2684
f 2691/2691/2691 2694/2694/2694 2688/2688/2688
f 2691/2691/2691 2688/2688/2688 2687/2687/2687
f 2680/2680/2680 2353/2353/2353 2453/2453/2453
f 2458/2458/2458 2680/2680/2680 2453/2453/2453
f 2689/2689/2689 2685/2685/2685 2682/2682/2682
f 2690/2690/2690 2686/2686/2686 2685/2685/2685
f 2691/2691/2691 2687/2687/2687 2686/2686/2686
f 2692/2692/2692 2693/2693/2693 2690/2690/2690
f 2693/2693/2693 2694/2694/2694 2691/2691/2691
f 2696/2696/2696 2461/2461/2461 2465/2465/2465
f 2696/2696/2696 2465/2465/2465 2698/2698/2698
f 2696/2696/2696 2689/2689/2689 2458/2458/2458
f 2697/2697/2697 2685/2685/2685 2689/2689/2689
f 2700/2700/2700 2692/2692/2692 2702/2702/2702
f 2700/2700/2700 2702/2702/2702 2703/2703/2703
f 2699/2699/2699 2692/2692/2692 2697/2697/2697
f 2692/2692/2692 2685/2685/2685 2697/2697/2697
f 2700/2700/2700 2693/2693/2693 2692/2692/2692
f 2701/2701/2701 2694/2694/2694 2693/2693/2693
f 2698/2698/2698 2702/2702/2702 2699/2699/2699
f 2702/2702/2702 2692/2692/2692 2699/2699/2699
f 2695/2695/2695 2704/2704/2704 2705/2705/2705
f 2695/2695/2695 2705/2705/2705 2706/2706/2706
f 2703/2703/2703 2704/2704/2704 2700/2700/2700
f 2704/2704/2704 2695/2695/2695 2701/2701/2701
f 2695/2695/2695 2694/2694/2694 2701/2701/2701
f 2713/2713/2713 2714/2714/2714 2709/2709/2709
f 2713/2713/2713 2709/2709/2709 2572/2572/2572
f 2708/2708/2708 2571/2571/2571 2567/2567/2567
f 2572/2572/2572 2571/2571/2571 2708/2708/2708
f 2710/2710/2710 2707/2707/2707 2671/2671/2671
f 2707/2707/2707 2672/2672/2672 2671/2671/2671
f 2711/2711/2711 2672/2672/2672 2707/2707/2707
f 2711/2711/2711 2708/2708/2708 2672/2672/2672
f 2712/2712/2712 2713/2713/2713 2711/2711/2711
f 2713/2713/2713 2572/2572/2572 2708/2708/2708
f 2710/2710/2710 2715/2715/2715 2716/2716/2716
f 2710/2710/2710 2716/2716/2716 2707/2707/2707
f 2710/2710/2710 2674/2674/2674 2675/2675/2675
f 2712/2712/2712 2718/2718/2718 2714/2714/2714
f 2712/2712/2712 2714/2714/2714 2713/2713/2713
f 2716/2716/2716 2711/2711/2711 2707/2707/2707
f 2717/2717/2717 2712/2712/2712 2716/2716/2716
f 2712/2712/2712 2711/2711/2711 2716/2716/2716
f 2723/2723/2723 2724/2724/2724 2718/2718/2718
f 2723/2723/2723 2718/2718/2718 2712/2712/2712
f 2677/2677/2677 2721/2721/2721 2676/2676/2676
f 2722/2722/2722 2717/2717/2717 2715/2715/2715
f 2723/2723/2723 2712/2712/2712 2717/2717/2717
f 2725/2725/2725 2724/2724/2724 2726/2726/2726
f 2725/2725/2725 2726/2726/2726 2727/2727/2727
f 2725/2725/2725 2719/2719/2719 2718/2718/2718
f 2722/2722/2722 2731/2731/2731 2732/2732/2732
f 2722/2722/2722 2732/2732/2732 2717/2717/2717
f 2727/2727/2727 2720/2720/2720 2725/2725/2725
f 2720/2720/2720 2719/2719/2719 2725/2725/2725
f 2727/2727/2727 2728/2728/2728 2720/2720/2720
f 2730/2730/2730 2721/2721/2721 2677/2677/2677
f 2722/2722/2722 2721/2721/2721 2730/2730/2730
f 2732/2732/2732 2734/2734/2734 2724/2724/2724
f 2732/2732/2732 2724/2724/2724 2723/2723/2723
f 2732/2732/2732 2723/2723/2723 2717/2717/2717
f 2733/2733/2733 2734/2734/2734 2732/2732/2732
f 2730/2730/2730 2687/2687/2687 2731/2731/2731
f 2730/2730/2730 2731/2731/2731 2722/2722/2722
f 2735/2735/2735 2726/2726/2726 2734/2734/2734
f 2726/2726/2726 2724/2724/2724 2734/2734/2734
f 2738/2738/2738 2739/2739/2739 2737/2737/2737
f 2740/2740/2740 2741/2741/2741 2735/2735/2735
f 2740/2740/2740 2735/2735/2735 2733/2733/2733
f 2688/2688/2688 2740/2740/2740 2731/2731/2731
f 2742/2742/2742 2744/2744/2744 2736/2736/2736
f 2742/2742/2742 2736/2736/2736 2726/2726/2726
f 2742/2742/2742 2726/2726/2726 2735/2735/2735
f 2743/2743/2743 2744/2744/2744 2742/2742/2742
f 2744/2744/2744 2743/2743/2743 2754/2754/2754
f 2744/2744/2744 2754/2754/2754 2745/2745/2745
f 2744/2744/2744 2745/2745/2745 2737/2737/2737
f 2744/2744/2744 2737/2737/2737 2736/2736/2736
f 2746/2746/2746 2748/2748/2748 2749/2749/2749
f 2746/2746/2746 2749/2749/2749 2747/2747/2747
f 2746/2746/2746 2747/2747/2747 2745/2745/2745
f 2738/2738/2738 2737/2737/2737 2745/2745/2745
f 2747/2747/2747 2739/2739/2739 2738/2738/2738
f 2747/2747/2747 2749/2749/2749 2791/2791/2791
f 2747/2747/2747 2791/2791/2791 2739/2739/2739
f 2750/2750/2750 2694/2694/2694 2695/2695/2695
f 2750/2750/2750 2695/2695/2695 2751/2751/2751
f 2750/2750/2750 2740/2740/2740 2688/2688/2688
f 2750/2750/2750 2752/2752/2752 2741/2741/2741
f 2750/2750/2750 2741/2741/2741 2740/2740/2740
f 2751/2751/2751 2752/2752/2752 2750/2750/2750
f 2752/2752/2752 2753/2753/2753 2743/2743/2743
f 2752/2752/2752 2743/2743/2743 2741/2741/2741
f 2751/2751/2751 2753/2753/2753 2752/2752/2752
f 2754/2754/2754 2755/2755/2755 2756/2756/2756
f 2754/2754/2754 2756/2756/2756 2745/2745/2745
f 2762/2762/2762 2755/2755/2755 2753/2753/2753
f 2756/2756/2756 2755/2755/2755 2757/2757/2757
f 2756/2756/2756 2757/2757/2757 2746/2746/2746
f 2757/2757/2757 2759/2759/2759 2748/2748/2748
f 2757/2757/2757 2748/2748/2748 2746/2746/2746
f 2746/2746/2746 2745/2745/2745 2756/2756/2756
f 2758/2758/2758 2759/2759/2759 2757/2757/2757
f 2760/2760/2760 2695/2695/2695 2706/2706/2706
f 2760/2760/2760 2706/2706/2706 2761/2761/2761
f 2760/2760/2760 2751/2751/2751 2695/2695/2695
f 2751/2751/2751 2761/2761/2761 2762/2762/2762
f 2751/2751/2751 2762/2762/2762 2753/2753/2753
f 2762/2762/2762 2761/2761/2761 2763/2763/2763
f 2762/2762/2762 2763/2763/2763 2764/2764/2764
f 2706/2706/2706 2763/2763/2763 2761/2761/2761
f 2767/2767/2767 2709/2709/2709 2768/2768/2768
f 2767/2767/2767 2768/2768/2768 2638/2638/2638
f 2764/2764/2764 2755/2755/2755 2762/2762/2762
f 2816/2816/2816 2765/2765/2765 2763/2763/2763
f 2765/2765/2765 2764/2764/2764 2763/2763/2763
f 2765/2765/2765 2757/2757/2757 2764/2764/2764
f 2757/2757/2757 2755/2755/2755 2764/2764/2764
f 2766/2766/2766 2758/2758/2758 2765/2765/2765
f 2767/2767/2767 2637/2637/2637 2572/2572/2572
f 2769/2769/2769 2770/2770/2770 2771/2771/2771
f 2769/2769/2769 2771/2771/2771 2640/2640/2640
f 2769/2769/2769 2639/2639/2639 2768/2768/2768
f 2771/2771/2771 2772/2772/2772 2641/2641/2641
f 2771/2771/2771 2641/2641/2641 2640/2640/2640
f 2773/2773/2773 2775/2775/2775 2643/2643/2643
f 2773/2773/2773 2643/2643/2643 2634/2634/2634
f 2642/2642/2642 2641/2641/2641 2772/2772/2772
f 2773/2773/2773 2634/2634/2634 2642/2642/2642
f 2774/2774/2774 2775/2775/2775 2773/2773/2773
f 2781/2781/2781 2782/2782/2782 2773/2773/2773
f 2781/2781/2781 2773/2773/2773 2772/2772/2772
f 2776/2776/2776 2768/2768/2768 2709/2709/2709
f 2777/2777/2777 2778/2778/2778 2776/2776/2776
f 2778/2778/2778 2769/2769/2769 2768/2768/2768
f 2779/2779/2779 2770/2770/2770 2778/2778/2778
f 2770/2770/2770 2769/2769/2769 2778/2778/2778
f 2786/2786/2786 2787/2787/2787 2782/2782/2782
f 2786/2786/2786 2782/2782/2782 2780/2780/2780
f 2783/2783/2783 2774/2774/2774 2782/2782/2782
f 2774/2774/2774 2773/2773/2773 2782/2782/2782
f 2719/2719/2719 2776/2776/2776 2714/2714/2714
f 2720/2720/2720 2777/2777/2777 2719/2719/2719
f 2777/2777/2777 2776/2776/2776 2719/2719/2719
f 2784/2784/2784 2779/2779/2779 2777/2777/2777
f 2779/2779/2779 2778/2778/2778 2777/2777/2777
f 2789/2789/2789 2790/2790/2790 2787/2787/2787
f 2789/2789/2789 2787/2787/2787 2785/2785/2785
f 2788/2788/2788 2783/2783/2783 2787/2787/2787
f 2783/2783/2783 2782/2782/2782 2787/2787/2787
f 2728/2728/2728 2784/2784/2784 2720/2720/2720
f 2784/2784/2784 2777/2777/2777 2720/2720/2720
f 2792/2792/2792 2739/2739/2739 2790/2790/2790
f 2792/2792/2792 2790/2790/2790 2729/2729/2729
f 2791/2791/2791 2788/2788/2788 2790/2790/2790
f 2788/2788/2788 2787/2787/2787 2790/2790/2790
f 2793/2793/2793 2477/2477/2477 2482/2482/2482
f 2793/2793/2793 2482/2482/2482 2795/2795/2795
f 2791/2791/2791 2790/2790/2790 2739/2739/2739
f 2793/2793/2793 2702/2702/2702 2698/2698/2698
f 2703/2703/2703 2702/2702/2702 2794/2794/2794
f 2794/2794/2794 2704/2704/2704 2703/2703/2703
f 2794/2794/2794 2793/2793/2793 2795/2795/2795
f 2794/2794/2794 2795/2795/2795 2796/2796/2796
f 2794/2794/2794 2797/2797/2797 2705/2705/2705
f 2794/2794/2794 2705/2705/2705 2704/2704/2704
f 2796/2796/2796 2797/2797/2797 2794/2794/2794
f 2797/2797/2797 2796/2796/2796 2799/2799/2799
f 2797/2797/2797 2799/2799/2799 2800/2800/2800
f 2798/2798/2798 2706/2706/2706 2705/2705/2705
f 2798/2798/2798 2797/2797/2797 2800/2800/2800
f 2798/2798/2798 2800/2800/2800 2801/2801/2801
f 2803/2803/2803 2805/2805/2805 2806/2806/2806
f 2803/2803/2803 2806/2806/2806 2804/2804/2804
f 2802/2802/2802 2803/2803/2803 2800/2800/2800
f 2807/2807/2807 2808/2808/2808 2799/2799/2799
f 2807/2807/2807 2799/2799/2799 2795/2795/2795
f 2807/2807/2807 2795/2795/2795 2482/2482/2482
f 2492/2492/2492 2807/2807/2807 2489/2489/2489
f 2492/2492/2492 2808/2808/2808 2807/2807/2807
f 2492/2492/2492 2496/2496/2496 2810/2810/2810
f 2492/2492/2492 2810/2810/2810 2808/2808/2808
f 2809/2809/2809 2800/2800/2800 2799/2799/2799
f 2809/2809/2809 2808/2808/2808 2810/2810/2810
f 2809/2809/2809 2810/2810/2810 2811/2811/2811
f 2809/2809/2809 2812/2812/2812 2802/2802/2802
f 2809/2809/2809 2802/2802/2802 2800/2800/2800
f 2811/2811/2811 2812/2812/2812 2809/2809/2809
f 2496/2496/2496 2500/2500/2500 2813/2813/2813
f 2496/2496/2496 2813/2813/2813 2810/2810/2810
f 2812/2812/2812 2803/2803/2803 2802/2802/2802
f 2811/2811/2811 2810/2810/2810 2813/2813/2813
f 2811/2811/2811 2813/2813/2813 2814/2814/2814
f 2812/2812/2812 2815/2815/2815 2805/2805/2805
f 2812/2812/2812 2805/2805/2805 2803/2803/2803
f 2814/2814/2814 2815/2815/2815 2812/2812/2812
f 2706/2706/2706 2801/2801/2801 2816/2816/2816
f 2706/2706/2706 2816/2816/2816 2763/2763/2763
f 2816/2816/2816 2804/2804/2804 2817/2817/2817
f 2816/2816/2816 2817/2817/2817 2765/2765/2765
f 2817/2817/2817 2804/2804/2804 2806/2806/2806
f 2817/2817/2817 2806/2806/2806 2766/2766/2766
f 327/327/327 1069/1069/1069 2818/2818/2818
f 327/327/327 2818/2818/2818 2257/2257/2257
f 2766/2766/2766 2765/2765/2765 2817/2817/2817
f 1069/1069/1069 1070/1070/1070 2819/2819/2819
f 1069/1069/1069 2819/2819/2819 2818/2818/2818
f 1070/1070/1070 1071/1071/1071 2820/2820/2820
f 1070/1070/1070 2820/2820/2820 2819/2819/2819
f 2820/2820/2820 1071/1071/1071 1062/1062/1062
f 2820/2820/2820 1062/1062/1062 2821/2821/2821
f 1062/1062/1062 1072/1072/1072 2822/2822/2822
f 1062/1062/1062 2822/2822/2822 2821/2821/2821
f 2822/2822/2822 1072/1072/1072 1073/1073/1073
f 2822/2822/2822 1073/1073/1073 2823/2823/2823
f 2823/2823/2823 1073/1073/1073 1074/1074/1074
f 2823/2823/2823 1074/1074/1074 2824/2824/2824
f 2824/2824/2824 1074/1074/1074 1075/1075/1075
f 2824/2824/2824 1075/1075/1075 2825/2825/2825
f 1075/1075/1075 1076/1076/1076 2826/2826/2826
f 1075/1075/1075 2826/2826/2826 2825/2825/2825
f 2267/2267/2267 2257/2257/2257 2818/2818/2818
f 2267/2267/2267 2818/2818/2818 2827/2827/2827
f 2827/2827/2827 2818/2818/2818 2819/2819/2819
f 2827/2827/2827 2819/2819/2819 2828/2828/2828
f 2828/2828/2828 2819/2819/2819 2820/2820/2820
f 2828/2828/2828 2820/2820/2820 2829/2829/2829
f 2830/2830/2830 2829/2829/2829 2821/2821/2821
f 2830/2830/2830 2821/2821/2821 2831/2831/2831
f 2821/2821/2821 2829/2829/2829 2820/2820/2820
f 2823/2823/2823 2824/2824/2824 2834/2834/2834
f 2823/2823/2823 2834/2834/2834 2833/2833/2833
f 2822/2822/2822 2831/2831/2831 2821/2821/2821
f 2832/2832/2832 2831/2831/2831 2822/2822/2822
f 2833/2833/2833 2832/2832/2832 2823/2823/2823
f 2834/2834/2834 2824/2824/2824 2825/2825/2825
f 2834/2834/2834 2825/2825/2825 2835/2835/2835
f 2825/2825/2825 2826/2826/2826 2836/2836/2836
f 2825/2825/2825 2836/2836/2836 2835/2835/2835
f 2267/2267/2267 2827/2827/2827 2837/2837/2837
f 2267/2267/2267 2837/2837/2837 2276/2276/2276
f 2827/2827/2827 2828/2828/2828 2838/2838/2838
f 2827/2827/2827 2838/2838/2838 2837/2837/2837
f 2828/2828/2828 2829/2829/2829 2839/2839/2839
f 2828/2828/2828 2839/2839/2839 2838/2838/2838
f 2831/2831/2831 2832/2832/2832 2841/2841/2841
f 2831/2831/2831 2841/2841/2841 2840/2840/2840
f 2833/2833/2833 2834/2834/2834 2843/2843/2843
f 2833/2833/2833 2843/2843/2843 2842/2842/2842
f 2832/2832/2832 2842/2842/2842 2841/2841/2841
f 2843/2843/2843 2834/2834/2834 2835/2835/2835
f 2843/2843/2843 2835/2835/2835 2844/2844/2844
f 2835/2835/2835 2836/2836/2836 2846/2846/2846
f 2835/2835/2835 2846/2846/2846 2844/2844/2844
f 2845/2845/2845 2844/2844/2844 2846/2846/2846
f 2845/2845/2845 2846/2846/2846 2847/2847/2847
f 2830/2830/2830 2840/2840/2840 2850/2850/2850
f 2830/2830/2830 2850/2850/2850 2849/2849/2849
f 2838/2838/2838 2848/2848/2848 2837/2837/2837
f 2839/2839/2839 2848/2848/2848 2838/2838/2838
f 2839/2839/2839 2849/2849/2849 2848/2848/2848
f 2830/2830/2830 2849/2849/2849 2839/2839/2839
f 2851/2851/2851 2850/2850/2850 2841/2841/2841
f 2851/2851/2851 2841/2841/2841 2852/2852/2852
f 2841/2841/2841 2850/2850/2850 2840/2840/2840
f 2843/2843/2843 2844/2844/2844 2854/2854/2854
f 2843/2843/2843 2854/2854/2854 2853/2853/2853
f 2842/2842/2842 2852/2852/2852 2841/2841/2841
f 2853/2853/2853 2852/2852/2852 2842/2842/2842
f 2854/2854/2854 2844/2844/2844 2845/2845/2845
f 2854/2854/2854 2845/2845/2845 2855/2855/2855
f 2276/2276/2276 2837/2837/2837 2856/2856/2856
f 2276/2276/2276 2856/2856/2856 2295/2295/2295
f 2847/2847/2847 2855/2855/2855 2845/2845/2845
f 2295/2295/2295 2856/2856/2856 2857/2857/2857
f 2295/2295/2295 2857/2857/2857 2296/2296/2296
f 2837/2837/2837 2848/2848/2848 2858/2858/2858
f 2837/2837/2837 2858/2858/2858 2856/2856/2856
f 2848/2848/2848 2849/2849/2849 2859/2859/2859
f 2848/2848/2848 2859/2859/2859 2858/2858/2858
f 2849/2849/2849 2850/2850/2850 2860/2860/2860
f 2849/2849/2849 2860/2860/2860 2859/2859/2859
f 2862/2862/2862 2861/2861/2861 2853/2853/2853
f 2862/2862/2862 2853/2853/2853 2863/2863/2863
f 2853/2853/2853 2861/2861/2861 2852/2852/2852
f 2853/2853/2853 2854/2854/2854 2864/2864/2864
f 2853/2853/2853 2864/2864/2864 2863/2863/2863
f 2873/2873/2873 2863/2863/2863 2864/2864/2864
f 2873/2873/2873 2864/2864/2864 2865/2865/2865
f 2864/2864/2864 2854/2854/2854 2855/2855/2855
f 2864/2864/2864 2855/2855/2855 2865/2865/2865
f 2855/2855/2855 2847/2847/2847 2867/2867/2867
f 2855/2855/2855 2867/2867/2867 2865/2865/2865
f 2866/2866/2866 2865/2865/2865 2867/2867/2867
f 2866/2866/2866 2867/2867/2867 2868/2868/2868
f 2870/2870/2870 2859/2859/2859 2860/2860/2860
f 2870/2870/2870 2860/2860/2860 2871/2871/2871
f 2851/2851/2851 2861/2861/2861 2872/2872/2872
f 2851/2851/2851 2872/2872/2872 2871/2871/2871
f 2851/2851/2851 2871/2871/2871 2860/2860/2860
f 2874/2874/2874 2865/2865/2865 2866/2866/2866
f 2874/2874/2874 2866/2866/2866 2875/2875/2875
f 2866/2866/2866 2868/2868/2868 2876/2876/2876
f 2866/2866/2866 2876/2876/2876 2875/2875/2875
f 2296/2296/2296 2857/2857/2857 2878/2878/2878
f 2296/2296/2296 2878/2878/2878 2310/2310/2310
f 2310/2310/2310 2878/2878/2878 2879/2879/2879
f 2310/2310/2310 2879/2879/2879 2311/2311/2311
f 2857/2857/2857 2869/2869/2869 2880/2880/2880
f 2857/2857/2857 2880/2880/2880 2878/2878/2878
f 2869/2869/2869 2859/2859/2859 2881/2881/2881
f 2869/2869/2869 2881/2881/2881 2880/2880/2880
f 2881/2881/2881 2859/2859/2859 2870/2870/2870
f 2881/2881/2881 2870/2870/2870 2882/2882/2882
f 2881/2881/2881 2882/2882/2882 2880/2880/2880
f 2870/2870/2870 2871/2871/2871 2883/2883/2883
f 2870/2870/2870 2883/2883/2883 2882/2882/2882
f 2862/2862/2862 2873/2873/2873 2885/2885/2885
f 2862/2862/2862 2885/2885/2885 2884/2884/2884
f 2872/2872/2872 2883/2883/2883 2871/2871/2871
f 2872/2872/2872 2884/2884/2884 2883/2883/2883
f 2862/2862/2862 2884/2884/2884 2872/2872/2872
f 2873/2873/2873 2874/2874/2874 2886/2886/2886
f 2873/2873/2873 2886/2886/2886 2885/2885/2885
f 2875/2875/2875 2876/2876/2876 2888/2888/2888
f 2875/2875/2875 2888/2888/2888 2886/2886/2886
f 2887/2887/2887 2886/2886/2886 2888/2888/2888
f 2887/2887/2887 2888/2888/2888 2889/2889/2889
f 2888/2888/2888 2876/2876/2876 2877/2877/2877
f 2888/2888/2888 2877/2877/2877 2889/2889/2889
f 2891/2891/2891 2882/2882/2882 2892/2892/2892
f 2891/2891/2891 2892/2892/2892 2893/2893/2893
f 2880/2880/2880 2890/2890/2890 2879/2879/2879
f 2882/2882/2882 2890/2890/2890 2880/2880/2880
f 2882/2882/2882 2891/2891/2891 2890/2890/2890
f 2898/2898/2898 2896/2896/2896 2887/2887/2887
f 2898/2898/2898 2887/2887/2887 2899/2899/2899
f 2883/2883/2883 2893/2893/2893 2892/2892/2892
f 2884/2884/2884 2893/2893/2893 2883/2883/2883
f 2884/2884/2884 2894/2894/2894 2893/2893/2893
f 2885/2885/2885 2894/2894/2894 2884/2884/2884
f 2895/2895/2895 2894/2894/2894 2885/2885/2885
f 2896/2896/2896 2895/2895/2895 2886/2886/2886
f 2887/2887/2887 2889/2889/2889 2897/2897/2897
f 2887/2887/2887 2897/2897/2897 2899/2899/2899
f 2826/2826/2826 1076/1076/1076 1150/1150/1150
f 2826/2826/2826 1150/1150/1150 2901/2901/2901
f 2897/2897/2897 2900/2900/2900 2899/2899/2899
f 2901/2901/2901 1150/1150/1150 1151/1151/1151
f 2901/2901/2901 1151/1151/1151 2902/2902/2902
f 2903/2903/2903 1152/1152/1152 1153/1153/1153
f 2903/2903/2903 1153/1153/1153 2904/2904/2904
f 2903/2903/2903 2902/2902/2902 1152/1152/1152
f 1154/1154/1154 2905/2905/2905 2906/2906/2906
f 1154/1154/1154 2906/2906/2906 1155/1155/1155
f 1153/1153/1153 1155/1155/1155 2906/2906/2906
f 1153/1153/1153 2906/2906/2906 2904/2904/2904
f 2836/2836/2836 2826/2826/2826 2901/2901/2901
f 2836/2836/2836 2901/2901/2901 2909/2909/2909
f 2910/2910/2910 2902/2902/2902 2903/2903/2903
f 2910/2910/2910 2903/2903/2903 2912/2912/2912
f 2911/2911/2911 2909/2909/2909 2910/2910/2910
f 2912/2912/2912 2903/2903/2903 2904/2904/2904
f 2912/2912/2912 2904/2904/2904 2913/2913/2913
f 2912/2912/2912 2913/2913/2913 2914/2914/2914
f 2912/2912/2912 2914/2914/2914 2911/2911/2911
f 2915/2915/2915 2916/2916/2916 2906/2906/2906
f 2915/2915/2915 2906/2906/2906 2905/2905/2905
f 2904/2904/2904 2906/2906/2906 2916/2916/2916
f 2904/2904/2904 2916/2916/2916 2913/2913/2913
f 2917/2917/2917 2915/2915/2915 2905/2905/2905
f 2917/2917/2917 2905/2905/2905 2907/2907/2907
f 2846/2846/2846 2836/2836/2836 2909/2909/2909
f 2846/2846/2846 2909/2909/2909 2919/2919/2919
f 2907/2907/2907 2908/2908/2908 2918/2918/2918
f 2907/2907/2907 2918/2918/2918 2917/2917/2917
f 2846/2846/2846 2919/2919/2919 2920/2920/2920
f 2846/2846/2846 2920/2920/2920 2847/2847/2847
f 2919/2919/2919 2909/2909/2909 2911/2911/2911
f 2919/2919/2919 2911/2911/2911 2921/2921/2921
f 2923/2923/2923 2924/2924/2924 2916/2916/2916
f 2923/2923/2923 2916/2916/2916 2915/2915/2915
f 2914/2914/2914 2913/2913/2913 2922/2922/2922
f 2922/2922/2922 2913/2913/2913 2916/2916/2916
f 2922/2922/2922 2916/2916/2916 2924/2924/2924
f 2922/2922/2922 2924/2924/2924 2925/2925/2925
f 2922/2922/2922 2925/2925/2925 2914/2914/2914
f 2927/2927/2927 2919/2919/2919 2921/2921/2921
f 2927/2927/2927 2921/2921/2921 2929/2929/2929
f 2918/2918/2918 2926/2926/2926 2917/2917/2917
f 2926/2926/2926 2923/2923/2923 2917/2917/2917
f 2920/2920/2920 2919/2919/2919 2927/2927/2927
f 2928/2928/2928 2920/2920/2920 2927/2927/2927
f 2921/2921/2921 2914/2914/2914 2930/2930/2930
f 2921/2921/2921 2930/2930/2930 2929/2929/2929
f 2932/2932/2932 2931/2931/2931 2924/2924/2924
f 2932/2932/2932 2924/2924/2924 2923/2923/2923
f 2925/2925/2925 2924/2924/2924 2931/2931/2931
f 2847/2847/2847 2920/2920/2920 2934/2934/2934
f 2847/2847/2847 2934/2934/2934 2867/2867/2867
f 2868/2868/2868 2867/2867/2867 2934/2934/2934
f 2868/2868/2868 2934/2934/2934 2935/2935/2935
f 2934/2934/2934 2920/2920/2920 2928/2928/2928
f 2934/2934/2934 2928/2928/2928 2936/2936/2936
f 2937/2937/2937 2938/2938/2938 2928/2928/2928
f 2937/2937/2937 2928/2928/2928 2929/2929/2929
f 2936/2936/2936 2935/2935/2935 2934/2934/2934
f 2937/2937/2937 2929/2929/2929 2930/2930/2930
f 2937/2937/2937 2930/2930/2930 2939/2939/2939
f 2928/2928/2928 2938/2938/2938 2936/2936/2936
f 2937/2937/2937 2939/2939/2939 2940/2940/2940
f 2937/2937/2937 2940/2940/2940 2938/2938/2938
f 2941/2941/2941 2942/2942/2942 2925/2925/2925
f 2941/2941/2941 2925/2925/2925 2931/2931/2931
f 2939/2939/2939 2930/2930/2930 2925/2925/2925
f 2939/2939/2939 2925/2925/2925 2942/2942/2942
f 2939/2939/2939 2942/2942/2942 2943/2943/2943
f 2939/2939/2939 2943/2943/2943 2940/2940/2940
f 2944/2944/2944 2941/2941/2941 2931/2931/2931
f 2944/2944/2944 2931/2931/2931 2932/2932/2932
f 2868/2868/2868 2935/2935/2935 2946/2946/2946
f 2868/2868/2868 2946/2946/2946 2876/2876/2876
f 2945/2945/2945 2942/2942/2942 2941/2941/2941
f 2957/2957/2957 2941/2941/2941 2944/2944/2944
f 2877/2877/2877 2876/2876/2876 2946/2946/2946
f 2877/2877/2877 2946/2946/2946 2947/2947/2947
f 2946/2946/2946 2935/2935/2935 2936/2936/2936
f 2946/2946/2946 2936/2936/2936 2949/2949/2949
f 2946/2946/2946 2949/2949/2949 2958/2958/2958
f 2946/2946/2946 2958/2958/2958 2947/2947/2947
f 2948/2948/2948 2938/2938/2938 2940/2940/2940
f 2948/2948/2948 2940/2940/2940 2951/2951/2951
f 2950/2950/2950 2949/2949/2949 2948/2948/2948
f 2948/2948/2948 2951/2951/2951 2952/2952/2952
f 2948/2948/2948 2952/2952/2952 2950/2950/2950
f 2953/2953/2953 2954/2954/2954 2943/2943/2943
f 2953/2953/2953 2943/2943/2943 2942/2942/2942
f 2951/2951/2951 2940/2940/2940 2943/2943/2943
f 2951/2951/2951 2943/2943/2943 2954/2954/2954
f 2951/2951/2951 2954/2954/2954 2955/2955/2955
f 2951/2951/2951 2955/2955/2955 2952/2952/2952
f 2958/2958/2958 2949/2949/2949 2950/2950/2950
f 2958/2958/2958 2950/2950/2950 2960/2960/2960
f 2945/2945/2945 2941/2941/2941 2956/2956/2956
f 2965/2965/2965 2954/2954/2954 2953/2953/2953
f 2968/2968/2968 2953/2953/2953 2956/2956/2956
f 2947/2947/2947 2889/2889/2889 2877/2877/2877
f 2958/2958/2958 2959/2959/2959 2947/2947/2947
f 2958/2958/2958 2960/2960/2960 2961/2961/2961
f 2958/2958/2958 2961/2961/2961 2959/2959/2959
f 2960/2960/2960 2950/2950/2950 2952/2952/2952
f 2960/2960/2960 2952/2952/2952 2962/2962/2962
f 2962/2962/2962 2955/2955/2955 2964/2964/2964
f 2962/2962/2962 2964/2964/2964 2961/2961/2961
f 2955/2955/2955 2954/2954/2954 2963/2963/2963
f 2963/2963/2963 2954/2954/2954 2965/2965/2965
f 2963/2963/2963 2965/2965/2965 2966/2966/2966
f 2963/2963/2963 2966/2966/2966 2971/2971/2971
f 2963/2963/2963 2971/2971/2971 2955/2955/2955
f 2955/2955/2955 2971/2971/2971 2967/2967/2967
f 2955/2955/2955 2967/2967/2967 2964/2964/2964
f 2965/2965/2965 2953/2953/2953 2968/2968/2968
f 2965/2965/2965 2968/2968/2968 2969/2969/2969
f 2965/2965/2965 2969/2969/2969 2973/2973/2973
f 2965/2965/2965 2973/2973/2973 2966/2966/2966
f 2971/2971/2971 2966/2966/2966 2973/2973/2973
f 2971/2971/2971 2973/2973/2973 2974/2974/2974
f 2967/2967/2967 2971/2971/2971 2972/2972/2972
f 2897/2897/2897 2889/2889/2889 2947/2947/2947
f 2897/2897/2897 2947/2947/2947 2976/2976/2976
f 2975/2975/2975 2967/2967/2967 2972/2972/2972
f 2976/2976/2976 2947/2947/2947 2959/2959/2959
f 2976/2976/2976 2959/2959/2959 2978/2978/2978
f 2976/2976/2976 2977/2977/2977 2897/2897/2897
f 2976/2976/2976 2978/2978/2978 2979/2979/2979
f 2976/2976/2976 2979/2979/2979 2977/2977/2977
f 2959/2959/2959 2961/2961/2961 2980/2980/2980
f 2959/2959/2959 2980/2980/2980 2978/2978/2978
f 2961/2961/2961 2964/2964/2964 2987/2987/2987
f 2961/2961/2961 2987/2987/2987 2984/2984/2984
f 2983/2983/2983 2982/2982/2982 2981/2981/2981
f 2984/2984/2984 2980/2980/2980 2961/2961/2961
f 2988/2988/2988 2985/2985/2985 2989/2989/2989
f 2988/2988/2988 2989/2989/2989 2990/2990/2990
f 2988/2988/2988 2986/2986/2986 2985/2985/2985
f 2897/2897/2897 2977/2977/2977 2992/2992/2992
f 2897/2897/2897 2992/2992/2992 2900/2900/2900
f 2992/2992/2992 2979/2979/2979 2997/2997/2997
f 2992/2992/2992 2997/2997/2997 2993/2993/2993
f 2992/2992/2992 2993/2993/2993 2900/2900/2900
f 2979/2979/2979 2978/2978/2978 2996/2996/2996
f 2994/2994/2994 2993/2993/2993 2997/2997/2997
f 2994/2994/2994 2997/2997/2997 2998/2998/2998
f 2995/2995/2995 2994/2994/2994 2998/2998/2998
f 2995/2995/2995 2998/2998/2998 2999/2999/2999
f 2997/2997/2997 2979/2979/2979 3003/3003/3003
f 2997/2997/2997 3003/3003/3003 3004/3004/3004
f 3003/3003/3003 2979/2979/2979 2996/2996/2996
f 2998/2998/2998 2997/2997/2997 3004/3004/3004
f 2998/2998/2998 3004/3004/3004 3005/3005/3005
f 2998/2998/2998 3005/3005/3005 3006/3006/3006
f 2998/2998/2998 3006/3006/3006 2999/2999/2999
f 3000/3000/3000 2999/2999/2999 3006/3006/3006
f 3000/3000/3000 3006/3006/3006 3007/3007/3007
f 3001/3001/3001 3000/3000/3000 3007/3007/3007
f 3001/3001/3001 3007/3007/3007 3008/3008/3008
f 3001/3001/3001 3008/3008/3008 3009/3009/3009
f 3001/3001/3001 3009/3009/3009 3002/3002/3002
f 2981/2981/2981 2982/2982/2982 3009/3009/3009
f 2981/2981/2981 3009/3009/3009 3008/3008/3008
f 3005/3005/3005 3004/3004/3004 3011/3011/3011
f 3005/3005/3005 3011/3011/3011 3012/3012/3012
f 2980/2980/2980 3010/3010/3010 2996/2996/2996
f 3011/3011/3011 3004/3004/3004 3003/3003/3003
f 3006/3006/3006 3005/3005/3005 3012/3012/3012
f 3006/3006/3006 3012/3012/3012 3013/3013/3013
f 3007/3007/3007 3006/3006/3006 3013/3013/3013
f 3007/3007/3007 3013/3013/3013 3014/3014/3014
f 3007/3007/3007 3014/3014/3014 3015/3015/3015
f 3007/3007/3007 3015/3015/3015 3008/3008/3008
f 2981/2981/2981 3008/3008/3008 3015/3015/3015
f 2981/2981/2981 3015/3015/3015 2983/2983/2983
f 3003/3003/3003 3016/3016/3016 3017/3017/3017
f 3003/3003/3003 3017/3017/3017 3011/3011/3011
f 3016/3016/3016 3003/3003/3003 3010/3010/3010
f 3012/3012/3012 3011/3011/3011 3017/3017/3017
f 3012/3012/3012 3017/3017/3017 3018/3018/3018
f 3012/3012/3012 3018/3018/3018 3019/3019/3019
f 3012/3012/3012 3019/3019/3019 3013/3013/3013
f 3014/3014/3014 3013/3013/3013 3019/3019/3019
f 3014/3014/3014 3019/3019/3019 3020/3020/3020
f 3014/3014/3014 3020/3020/3020 3021/3021/3021
f 3014/3014/3014 3021/3021/3021 3015/3015/3015
f 2983/2983/2983 3015/3015/3015 3021/3021/3021
f 2983/2983/2983 3021/3021/3021 2985/2985/2985
f 2970/2970/2970 3022/3022/3022 2987/2987/2987
f 2970/2970/2970 2987/2987/2987 2964/2964/2964
f 3010/3010/3010 2984/2984/2984 2987/2987/2987
f 3010/3010/3010 2987/2987/2987 3022/3022/3022
f 3010/3010/3010 3022/3022/3022 3023/3023/3023
f 3010/3010/3010 3023/3023/3023 3016/3016/3016
f 3016/3016/3016 3023/3023/3023 3024/3024/3024
f 3016/3016/3016 3024/3024/3024 3017/3017/3017
f 3018/3018/3018 3017/3017/3017 3024/3024/3024
f 3018/3018/3018 3024/3024/3024 3025/3025/3025
f 3018/3018/3018 3025/3025/3025 3026/3026/3026
f 3018/3018/3018 3026/3026/3026 3019/3019/3019
f 3019/3019/3019 3026/3026/3026 3027/3027/3027
f 3019/3019/3019 3027/3027/3027 3020/3020/3020
f 3020/3020/3020 3027/3027/3027 3028/3028/3028
f 3020/3020/3020 3028/3028/3028 3021/3021/3021
f 2970/2970/2970 2967/2967/2967 3029/3029/3029
f 2970/2970/2970 3029/3029/3029 3022/3022/3022
f 3022/3022/3022 3029/3029/3029 3030/3030/3030
f 3022/3022/3022 3030/3030/3030 3023/3023/3023
f 3024/3024/3024 3023/3023/3023 3030/3030/3030
f 3024/3024/3024 3030/3030/3030 3031/3031/3031
f 3025/3025/3025 3024/3024/3024 3031/3031/3031
f 3025/3025/3025 3031/3031/3031 3032/3032/3032
f 3025/3025/3025 3032/3032/3032 3033/3033/3033
f 3025/3025/3025 3033/3033/3033 3026/3026/3026
f 3027/3027/3027 3026/3026/3026 3033/3033/3033
f 3027/3027/3027 3033/3033/3033 3034/3034/3034
f 3028/3028/3028 3027/3027/3027 3034/3034/3034
f 3028/3028/3028 3034/3034/3034 3035/3035/3035
f 3028/3028/3028 3035/3035/3035 2989/2989/2989
f 3028/3028/3028 2989/2989/2989 2985/2985/2985
f 3033/3033/3033 3032/3032/3032 3621/3621/3621
f 3033/3033/3033 3621/3621/3621 3036/3036/3036
f 3034/3034/3034 3033/3033/3033 3036/3036/3036
f 3034/3034/3034 3036/3036/3036 3037/3037/3037
f 3035/3035/3035 3034/3034/3034 3037/3037/3037
f 3035/3035/3035 3037/3037/3037 3038/3038/3038
f 3035/3035/3035 3038/3038/3038 2991/2991/2991
f 3035/3035/3035 2991/2991/2991 2989/2989/2989
f 1297/1297/1297 1288/1288/1288 3041/3041/3041
f 1297/1297/1297 3041/3041/3041 3040/3040/3040
f 1288/1288/1288 1289/1289/1289 3042/3042/3042
f 1288/1288/1288 3042/3042/3042 3041/3041/3041
f 1289/1289/1289 1298/1298/1298 3043/3043/3043
f 1289/1289/1289 3043/3043/3043 3042/3042/3042
f 1299/1299/1299 1300/1300/1300 3045/3045/3045
f 1299/1299/1299 3045/3045/3045 3044/3044/3044
f 1297/1297/1297 3040/3040/3040 3045/3045/3045
f 1297/1297/1297 3045/3045/3045 1300/1300/1300
f 1299/1299/1299 3044/3044/3044 3046/3046/3046
f 1299/1299/1299 3046/3046/3046 1301/1301/1301
f 3046/3046/3046 3047/3047/3047 1302/1302/1302
f 3046/3046/3046 1302/1302/1302 1301/1301/1301
f 3047/3047/3047 3048/3048/3048 1303/1303/1303
f 3047/3047/3047 1303/1303/1303 1302/1302/1302
f 3044/3044/3044 3045/3045/3045 3052/3052/3052
f 3044/3044/3044 3052/3052/3052 3051/3051/3051
f 3041/3041/3041 3049/3049/3049 3040/3040/3040
f 3040/3040/3040 3049/3049/3049 3052/3052/3052
f 3040/3040/3040 3052/3052/3052 3045/3045/3045
f 3044/3044/3044 3051/3051/3051 3053/3053/3053
f 3044/3044/3044 3053/3053/3053 3046/3046/3046
f 3046/3046/3046 3053/3053/3053 3054/3054/3054
f 3046/3046/3046 3054/3054/3054 3047/3047/3047
f 3054/3054/3054 3056/3056/3056 3048/3048/3048
f 3054/3054/3054 3048/3048/3048 3047/3047/3047
f 3049/3049/3049 3041/3041/3041 3059/3059/3059
f 3049/3049/3049 3059/3059/3059 3058/3058/3058
f 3041/3041/3041 3042/3042/3042 3060/3060/3060
f 3041/3041/3041 3060/3060/3060 3059/3059/3059
f 3042/3042/3042 3050/3050/3050 3061/3061/3061
f 3042/3042/3042 3061/3061/3061 3060/3060/3060
f 3057/3057/3057 3062/3062/3062 3063/3063/3063
f 3057/3057/3057 3063/3063/3063 3058/3058/3058
f 3051/3051/3051 3052/3052/3052 3063/3063/3063
f 3051/3051/3051 3063/3063/3063 3062/3062/3062
f 3049/3049/3049 3058/3058/3058 3063/3063/3063
f 3049/3049/3049 3063/3063/3063 3052/3052/3052
f 3051/3051/3051 3062/3062/3062 3065/3065/3065
f 3051/3051/3051 3065/3065/3065 3053/3053/3053
f 3053/3053/3053 3065/3065/3065 3066/3066/3066
f 3053/3053/3053 3066/3066/3066 3054/3054/3054
f 3066/3066/3066 3065/3065/3065 3064/3064/3064
f 3064/3064/3064 3067/3067/3067 3055/3055/3055
f 3064/3064/3064 3055/3055/3055 3066/3066/3066
f 3054/3054/3054 3066/3066/3066 3055/3055/3055
f 3054/3054/3054 3055/3055/3055 3056/3056/3056
f 3057/3057/3057 3058/3058/3058 3070/3070/3070
f 3057/3057/3057 3070/3070/3070 3069/3069/3069
f 3058/3058/3058 3059/3059/3059 3071/3071/3071
f 3058/3058/3058 3071/3071/3071 3070/3070/3070
f 3068/3068/3068 3073/3073/3073 3074/3074/3074
f 3068/3068/3068 3074/3074/3074 3069/3069/3069
f 3060/3060/3060 3071/3071/3071 3059/3059/3059
f 3057/3057/3057 3069/3069/3069 3074/3074/3074
f 3057/3057/3057 3074/3074/3074 3062/3062/3062
f 3073/3073/3073 3075/3075/3075 3076/3076/3076
f 3073/3073/3073 3076/3076/3076 3074/3074/3074
f 3064/3064/3064 3065/3065/3065 3076/3076/3076
f 3064/3064/3064 3076/3076/3076 3075/3075/3075
f 3062/3062/3062 3074/3074/3074 3076/3076/3076
f 3062/3062/3062 3076/3076/3076 3065/3065/3065
f 3064/3064/3064 3077/3077/3077 3079/3079/3079
f 3064/3064/3064 3079/3079/3079 3067/3067/3067
f 3068/3068/3068 3069/3069/3069 3082/3082/3082
f 3068/3068/3068 3082/3082/3082 3081/3081/3081
f 3069/3069/3069 3070/3070/3070 3083/3083/3083
f 3069/3069/3069 3083/3083/3083 3082/3082/3082
f 3070/3070/3070 3071/3071/3071 3084/3084/3084
f 3070/3070/3070 3084/3084/3084 3083/3083/3083
f 3084/3084/3084 3060/3060/3060 3072/3072/3072
f 3084/3084/3084 3072/3072/3072 3085/3085/3085
f 3068/3068/3068 3081/3081/3081 3086/3086/3086
f 3068/3068/3068 3086/3086/3086 3073/3073/3073
f 3086/3086/3086 3081/3081/3081 3080/3080/3080
f 3073/3073/3073 3086/3086/3086 3087/3087/3087
f 3073/3073/3073 3087/3087/3087 3075/3075/3075
f 3075/3075/3075 3087/3087/3087 3089/3089/3089
f 3075/3075/3075 3089/3089/3089 3077/3077/3077
f 3090/3090/3090 3094/3094/3094 3095/3095/3095
f 3090/3090/3090 3095/3095/3095 3091/3091/3091
f 3089/3089/3089 3079/3079/3079 3077/3077/3077
f 3080/3080/3080 3081/3081/3081 3095/3095/3095
f 3080/3080/3080 3095/3095/3095 3094/3094/3094
f 3095/3095/3095 3081/3081/3081 3082/3082/3082
f 3095/3095/3095 3082/3082/3082 3092/3092/3092
f 3082/3082/3082 3083/3083/3083 3096/3096/3096
f 3082/3082/3082 3096/3096/3096 3092/3092/3092
f 3096/3096/3096 3083/3083/3083 3084/3084/3084
f 3096/3096/3096 3084/3084/3084 3097/3097/3097
f 3097/3097/3097 3084/3084/3084 3085/3085/3085
f 3097/3097/3097 3085/3085/3085 3098/3098/3098
f 3080/3080/3080 3094/3094/3094 3099/3099/3099
f 3080/3080/3080 3099/3099/3099 3086/3086/3086
f 3099/3099/3099 3094/3094/3094 3093/3093/3093
f 3086/3086/3086 3099/3099/3099 3101/3101/3101
f 3086/3086/3086 3101/3101/3101 3087/3087/3087
f 3100/3100/3100 3102/3102/3102 3103/3103/3103
f 3100/3100/3100 3103/3103/3103 3101/3101/3101
f 3087/3087/3087 3101/3101/3101 3103/3103/3103
f 3087/3087/3087 3103/3103/3103 3088/3088/3088
f 3103/3103/3103 3102/3102/3102 3104/3104/3104
f 3103/3103/3103 3104/3104/3104 3105/3105/3105
f 3088/3088/3088 3103/3103/3103 3105/3105/3105
f 3088/3088/3088 3105/3105/3105 3078/3078/3078
f 3090/3090/3090 3091/3091/3091 3108/3108/3108
f 3090/3090/3090 3108/3108/3108 3107/3107/3107
f 3108/3108/3108 3091/3091/3091 3092/3092/3092
f 3108/3108/3108 3092/3092/3092 3109/3109/3109
f 3106/3106/3106 2982/2982/2982 2983/2983/2983
f 3106/3106/3106 2983/2983/2983 3112/3112/3112
f 3106/3106/3106 3112/3112/3112 3113/3113/3113
f 3106/3106/3106 3113/3113/3113 3107/3107/3107
f 3093/3093/3093 3094/3094/3094 3113/3113/3113
f 3093/3093/3093 3113/3113/3113 3112/3112/3112
f 3090/3090/3090 3107/3107/3107 3113/3113/3113
f 3090/3090/3090 3113/3113/3113 3094/3094/3094
f 2983/2983/2983 2986/2986/2986 3115/3115/3115
f 2983/2983/2983 3115/3115/3115 3112/3112/3112
f 3110/3110/3110 3109/3109/3109 3092/3092/3092
f 3110/3110/3110 3097/3097/3097 3111/3111/3111
f 3097/3097/3097 3114/3114/3114 3111/3111/3111
f 3098/3098/3098 3114/3114/3114 3097/3097/3097
f 3093/3093/3093 3112/3112/3112 3115/3115/3115
f 3093/3093/3093 3115/3115/3115 3099/3099/3099
f 2986/2986/2986 2988/2988/2988 3116/3116/3116
f 2986/2986/2986 3116/3116/3116 3115/3115/3115
f 3099/3099/3099 3115/3115/3115 3116/3116/3116
f 3099/3099/3099 3116/3116/3116 3100/3100/3100
f 2988/2988/2988 2990/2990/2990 3117/3117/3117
f 2988/2988/2988 3117/3117/3117 3116/3116/3116
f 3116/3116/3116 3117/3117/3117 3102/3102/3102
f 3116/3116/3116 3102/3102/3102 3100/3100/3100
f 2990/2990/2990 2991/2991/2991 3118/3118/3118
f 2990/2990/2990 3118/3118/3118 3117/3117/3117
f 3117/3117/3117 3118/3118/3118 3104/3104/3104
f 3117/3117/3117 3104/3104/3104 3102/3102/3102
f 3119/3119/3119 3002/3002/3002 3009/3009/3009
f 3119/3119/3119 3009/3009/3009 3120/3120/3120
f 2982/2982/2982 3106/3106/3106 3120/3120/3120
f 2982/2982/2982 3120/3120/3120 3009/3009/3009
f 3627/3627/3627 3119/3119/3119 3120/3120/3120
f 3627/3627/3627 3120/3120/3120 3121/3121/3121
f 3106/3106/3106 3107/3107/3107 3121/3121/3121
f 3106/3106/3106 3121/3121/3121 3120/3120/3120
f 3107/3107/3107 3108/3108/3108 3122/3122/3122
f 3107/3107/3107 3122/3122/3122 3121/3121/3121
f 3125/3125/3125 1318/1318/1318 1325/1325/1325
f 3125/3125/3125 1325/1325/1325 3126/3126/3126
f 3109/3109/3109 3122/3122/3122 3108/3108/3108
f 3110/3110/3110 3123/3123/3123 3109/3109/3109
f 3111/3111/3111 3631/3631/3631 3123/3123/3123
f 3111/3111/3111 3124/3124/3124 3631/3631/3631
f 3114/3114/3114 3124/3124/3124 3111/3111/3111
f 1325/1325/1325 1326/1326/1326 3127/3127/3127
f 1325/1325/1325 3127/3127/3127 3126/3126/3126
f 1326/1326/1326 1327/1327/1327 3128/3128/3128
f 1326/1326/1326 3128/3128/3128 3127/3127/3127
f 1327/1327/1327 1328/1328/1328 3129/3129/3129
f 1327/1327/1327 3129/3129/3129 3128/3128/3128
f 1328/1328/1328 1329/1329/1329 3130/3130/3130
f 1328/1328/1328 3130/3130/3130 3129/3129/3129
f 3130/3130/3130 1329/1329/1329 1330/1330/1330
f 3130/3130/3130 1330/1330/1330 3131/3131/3131
f 3126/3126/3126 3127/3127/3127 3133/3133/3133
f 3126/3126/3126 3133/3133/3133 3132/3132/3132
f 3126/3126/3126 3132/3132/3132 3125/3125/3125
f 3133/3133/3133 3127/3127/3127 3128/3128/3128
f 3133/3133/3133 3128/3128/3128 3134/3134/3134
f 3134/3134/3134 3128/3128/3128 3129/3129/3129
f 3134/3134/3134 3129/3129/3129 3135/3135/3135
f 3135/3135/3135 3129/3129/3129 3130/3130/3130
f 3135/3135/3135 3130/3130/3130 3136/3136/3136
f 3130/3130/3130 3131/3131/3131 3137/3137/3137
f 3130/3130/3130 3137/3137/3137 3136/3136/3136
f 3138/3138/3138 3132/3132/3132 3133/3133/3133
f 3138/3138/3138 3133/3133/3133 3139/3139/3139
f 3139/3139/3139 3133/3133/3133 3134/3134/3134
f 3139/3139/3139 3134/3134/3134 3140/3140/3140
f 3140/3140/3140 3134/3134/3134 3135/3135/3135
f 3140/3140/3140 3135/3135/3135 3141/3141/3141
f 3141/3141/3141 3135/3135/3135 3136/3136/3136
f 3141/3141/3141 3136/3136/3136 3142/3142/3142
f 3136/3136/3136 3137/3137/3137 3143/3143/3143
f 3136/3136/3136 3143/3143/3143 3142/3142/3142
f 3144/3144/3144 3138/3138/3138 3139/3139/3139
f 3144/3144/3144 3139/3139/3139 3145/3145/3145
f 3145/3145/3145 3139/3139/3139 3140/3140/3140
f 3145/3145/3145 3140/3140/3140 3146/3146/3146
f 3140/3140/3140 3141/3141/3141 3147/3147/3147
f 3140/3140/3140 3147/3147/3147 3146/3146/3146
f 3147/3147/3147 3141/3141/3141 3142/3142/3142
f 3147/3147/3147 3142/3142/3142 3148/3148/3148
f 3142/3142/3142 3143/3143/3143 3149/3149/3149
f 3142/3142/3142 3149/3149/3149 3148/3148/3148
f 3150/3150/3150 3146/3146/3146 3147/3147/3147
f 3150/3150/3150 3147/3147/3147 3151/3151/3151
f 3147/3147/3147 3148/3148/3148 3152/3152/3152
f 3147/3147/3147 3152/3152/3152 3151/3151/3151
f 1157/1157/1157 1377/1377/1377 3153/3153/3153
f 1157/1157/1157 3153/3153/3153 2908/2908/2908
f 3125/3125/3125 3153/3153/3153 1377/1377/1377
f 3125/3125/3125 1377/1377/1377 1318/1318/1318
f 2918/2918/2918 2908/2908/2908 3153/3153/3153
f 2918/2918/2918 3153/3153/3153 3154/3154/3154
f 3157/3157/3157 3154/3154/3154 3156/3156/3156
f 3157/3157/3157 3156/3156/3156 3158/3158/3158
f 3153/3153/3153 3156/3156/3156 3154/3154/3154
f 3155/3155/3155 3154/3154/3154 3157/3157/3157
f 3138/3138/3138 3158/3158/3158 3156/3156/3156
f 3138/3138/3138 3156/3156/3156 3132/3132/3132
f 2933/2933/2933 2926/2926/2926 3155/3155/3155
f 2933/2933/2933 3155/3155/3155 3159/3159/3159
f 3165/3165/3165 3144/3144/3144 3161/3161/3161
f 3165/3165/3165 3161/3161/3161 3166/3166/3166
f 3158/3158/3158 3160/3160/3160 3157/3157/3157
f 3158/3158/3158 3138/3138/3138 3144/3144/3144
f 3158/3158/3158 3144/3144/3144 3160/3160/3160
f 3159/3159/3159 3163/3163/3163 2933/2933/2933
f 3163/3163/3163 2944/2944/2944 2933/2933/2933
f 3159/3159/3159 3164/3164/3164 3163/3163/3163
f 3144/3144/3144 3165/3165/3165 3160/3160/3160
f 2957/2957/2957 2944/2944/2944 3163/3163/3163
f 2957/2957/2957 3163/3163/3163 3169/3169/3169
f 3161/3161/3161 3146/3146/3146 3150/3150/3150
f 3161/3161/3161 3150/3150/3150 3166/3166/3166
f 3167/3167/3167 3152/3152/3152 3162/3162/3162
f 2957/2957/2957 3169/3169/3169 3179/3179/3179
f 2957/2957/2957 3179/3179/3179 2956/2956/2956
f 3168/3168/3168 3163/3163/3163 3164/3164/3164
f 3168/3168/3168 3164/3164/3164 3170/3170/3170
f 3166/3166/3166 3173/3173/3173 3174/3174/3174
f 3166/3166/3166 3174/3174/3174 3172/3172/3172
f 3170/3170/3170 3169/3169/3169 3168/3168/3168
f 3164/3164/3164 3165/3165/3165 3171/3171/3171
f 3164/3164/3164 3171/3171/3171 3170/3170/3170
f 3150/3150/3150 3173/3173/3173 3166/3166/3166
f 3173/3173/3173 3150/3150/3150 3151/3151/3151
f 3173/3173/3173 3151/3151/3151 3175/3175/3175
f 3173/3173/3173 3175/3175/3175 3176/3176/3176
f 3173/3173/3173 3176/3176/3176 3174/3174/3174
f 3151/3151/3151 3152/3152/3152 3177/3177/3177
f 3151/3151/3151 3177/3177/3177 3175/3175/3175
f 2968/2968/2968 2956/2956/2956 3179/3179/3179
f 2968/2968/2968 3179/3179/3179 3180/3180/3180
f 3177/3177/3177 3176/3176/3176 3175/3175/3175
f 3167/3167/3167 3177/3177/3177 3152/3152/3152
f 3167/3167/3167 3178/3178/3178 3177/3177/3177
f 3179/3179/3179 3169/3169/3169 3170/3170/3170
f 3179/3179/3179 3170/3170/3170 3182/3182/3182
f 3179/3179/3179 3182/3182/3182 3189/3189/3189
f 3179/3179/3179 3189/3189/3189 3180/3180/3180
f 3181/3181/3181 3172/3172/3172 3184/3184/3184
f 3181/3181/3181 3184/3184/3184 3183/3183/3183
f 3183/3183/3183 3182/3182/3182 3181/3181/3181
f 3186/3186/3186 3177/3177/3177 3178/3178/3178
f 3186/3186/3186 3178/3178/3178 3187/3187/3187
f 3174/3174/3174 3185/3185/3185 3172/3172/3172
f 3176/3176/3176 3185/3185/3185 3174/3174/3174
f 3189/3189/3189 3190/3190/3190 2969/2969/2969
f 3189/3189/3189 2969/2969/2969 3180/3180/3180
f 3191/3191/3191 3192/3192/3192 3189/3189/3189
f 3191/3191/3191 3189/3189/3189 3182/3182/3182
f 2969/2969/2969 3190/3190/3190 2973/2973/2973
f 3189/3189/3189 3192/3192/3192 3193/3193/3193
f 3189/3189/3189 3193/3193/3193 3190/3190/3190
f 3191/3191/3191 3183/3183/3183 3194/3194/3194
f 3191/3191/3191 3194/3194/3194 3192/3192/3192
f 3196/3196/3196 3197/3197/3197 3184/3184/3184
f 3196/3196/3196 3184/3184/3184 3185/3185/3185
f 3184/3184/3184 3195/3195/3195 3183/3183/3183
f 3195/3195/3195 3194/3194/3194 3183/3183/3183
f 3196/3196/3196 3176/3176/3176 3186/3186/3186
f 3196/3196/3196 3186/3186/3186 3200/3200/3200
f 3184/3184/3184 3197/3197/3197 3195/3195/3195
f 3199/3199/3199 3197/3197/3197 3196/3196/3196
f 3199/3199/3199 3196/3196/3196 3200/3200/3200
f 3199/3199/3199 3200/3200/3200 3201/3201/3201
f 3200/3200/3200 3187/3187/3187 3188/3188/3188
f 3200/3200/3200 3188/3188/3188 3203/3203/3203
f 3200/3200/3200 3203/3203/3203 3201/3201/3201
f 3038/3038/3038 3037/3037/3037 3204/3204/3204
f 3038/3038/3038 3204/3204/3204 3205/3205/3205
f 3039/3039/3039 3038/3038/3038 3205/3205/3205
f 3039/3039/3039 3205/3205/3205 3206/3206/3206
f 3206/3206/3206 3205/3205/3205 3207/3207/3207
f 3206/3206/3206 3207/3207/3207 3208/3208/3208
f 1303/1303/1303 3048/3048/3048 3210/3210/3210
f 1303/1303/1303 3210/3210/3210 1437/1437/1437
f 1437/1437/1437 3210/3210/3210 3211/3211/3211
f 1437/1437/1437 3211/3211/3211 1438/1438/1438
f 3212/3212/3212 3213/3213/3213 1440/1440/1440
f 3212/3212/3212 1440/1440/1440 1432/1432/1432
f 3211/3211/3211 1439/1439/1439 1438/1438/1438
f 1432/1432/1432 1439/1439/1439 3212/3212/3212
f 3213/3213/3213 3214/3214/3214 1441/1441/1441
f 3213/3213/3213 1441/1441/1441 1440/1440/1440
f 3214/3214/3214 3215/3215/3215 1442/1442/1442
f 3214/3214/3214 1442/1442/1442 1441/1441/1441
f 3215/3215/3215 3217/3217/3217 1444/1444/1444
f 3215/3215/3215 1444/1444/1444 1442/1442/1442
f 3056/3056/3056 3218/3218/3218 3210/3210/3210
f 3056/3056/3056 3210/3210/3210 3048/3048/3048
f 3218/3218/3218 3056/3056/3056 3055/3055/3055
f 3210/3210/3210 3218/3218/3218 3219/3219/3219
f 3210/3210/3210 3219/3219/3219 3211/3211/3211
f 3219/3219/3219 3220/3220/3220 3212/3212/3212
f 3219/3219/3219 3212/3212/3212 3211/3211/3211
f 3220/3220/3220 3221/3221/3221 3213/3213/3213
f 3220/3220/3220 3213/3213/3213 3212/3212/3212
f 3213/3213/3213 3221/3221/3221 3222/3222/3222
f 3213/3213/3213 3222/3222/3222 3214/3214/3214
f 3222/3222/3222 3224/3224/3224 3215/3215/3215
f 3222/3222/3222 3215/3215/3215 3214/3214/3214
f 3223/3223/3223 3216/3216/3216 3217/3217/3217
f 3223/3223/3223 3217/3217/3217 3224/3224/3224
f 3055/3055/3055 3067/3067/3067 3225/3225/3225
f 3055/3055/3055 3225/3225/3225 3218/3218/3218
f 3228/3228/3228 3229/3229/3229 3222/3222/3222
f 3228/3228/3228 3222/3222/3222 3221/3221/3221
f 3220/3220/3220 3219/3219/3219 3227/3227/3227
f 3228/3228/3228 3221/3221/3221 3220/3220/3220
f 3222/3222/3222 3229/3229/3229 3230/3230/3230
f 3222/3222/3222 3230/3230/3230 3224/3224/3224
f 3079/3079/3079 3078/3078/3078 3232/3232/3232
f 3079/3079/3079 3232/3232/3232 3233/3233/3233
f 3231/3231/3231 3216/3216/3216 3223/3223/3223
f 3067/3067/3067 3079/3079/3079 3233/3233/3233
f 3067/3067/3067 3233/3233/3233 3225/3225/3225
f 3233/3233/3233 3234/3234/3234 3226/3226/3226
f 3233/3233/3233 3226/3226/3226 3225/3225/3225
f 3226/3226/3226 3234/3234/3234 3235/3235/3235
f 3226/3226/3226 3235/3235/3235 3236/3236/3236
f 3227/3227/3227 3236/3236/3236 3237/3237/3237
f 3227/3227/3227 3237/3237/3237 3228/3228/3228
f 3237/3237/3237 3238/3238/3238 3229/3229/3229
f 3237/3237/3237 3229/3229/3229 3228/3228/3228
f 3229/3229/3229 3238/3238/3238 3239/3239/3239
f 3229/3229/3229 3239/3239/3239 3223/3223/3223
f 3223/3223/3223 3239/3239/3239 3240/3240/3240
f 3223/3223/3223 3240/3240/3240 3231/3231/3231
f 3244/3244/3244 3243/3243/3243 3245/3245/3245
f 3244/3244/3244 3245/3245/3245 3246/3246/3246
f 3241/3241/3241 3232/3232/3232 3078/3078/3078
f 3235/3235/3235 3234/3234/3234 3242/3242/3242
f 3243/3243/3243 3244/3244/3244 3235/3235/3235
f 3244/3244/3244 3246/3246/3246 3237/3237/3237
f 3244/3244/3244 3237/3237/3237 3236/3236/3236
f 3245/3245/3245 3247/3247/3247 3248/3248/3248
f 3245/3245/3245 3248/3248/3248 3246/3246/3246
f 3246/3246/3246 3248/3248/3248 3238/3238/3238
f 3246/3246/3246 3238/3238/3238 3237/3237/3237
f 3248/3248/3248 3247/3247/3247 3249/3249/3249
f 3248/3248/3248 3249/3249/3249 3250/3250/3250
f 3238/3238/3238 3248/3248/3248 3250/3250/3250
f 3238/3238/3238 3250/3250/3250 3239/3239/3239
f 3249/3249/3249 3251/3251/3251 3252/3252/3252
f 3249/3249/3249 3252/3252/3252 3250/3250/3250
f 3239/3239/3239 3250/3250/3250 3252/3252/3252
f 3239/3239/3239 3252/3252/3252 3240/3240/3240
f 3105/3105/3105 3104/3104/3104 3253/3253/3253
f 3105/3105/3105 3253/3253/3253 3254/3254/3254
f 3105/3105/3105 3254/3254/3254 3241/3241/3241
f 3105/3105/3105 3241/3241/3241 3078/3078/3078
f 3254/3254/3254 3253/3253/3253 3255/3255/3255
f 3254/3254/3254 3255/3255/3255 3256/3256/3256
f 3254/3254/3254 3256/3256/3256 3242/3242/3242
f 3254/3254/3254 3242/3242/3242 3241/3241/3241
f 3242/3242/3242 3256/3256/3256 3257/3257/3257
f 3242/3242/3242 3257/3257/3257 3258/3258/3258
f 3118/3118/3118 2991/2991/2991 3039/3039/3039
f 3118/3118/3118 3039/3039/3039 3259/3259/3259
f 3257/3257/3257 3243/3243/3243 3258/3258/3258
f 3243/3243/3243 3235/3235/3235 3258/3258/3258
f 3118/3118/3118 3259/3259/3259 3253/3253/3253
f 3118/3118/3118 3253/3253/3253 3104/3104/3104
f 3262/3262/3262 3264/3264/3264 3245/3245/3245
f 3262/3262/3262 3245/3245/3245 3243/3243/3243
f 3255/3255/3255 3253/3253/3253 3259/3259/3259
f 3260/3260/3260 3256/3256/3256 3255/3255/3255
f 3257/3257/3257 3256/3256/3256 3260/3260/3260
f 3262/3262/3262 3243/3243/3243 3257/3257/3257
f 3263/3263/3263 3264/3264/3264 3262/3262/3262
f 3264/3264/3264 3263/3263/3263 3265/3265/3265
f 3264/3264/3264 3265/3265/3265 3266/3266/3266
f 3264/3264/3264 3266/3266/3266 3247/3247/3247
f 3264/3264/3264 3247/3247/3247 3245/3245/3245
f 3265/3265/3265 3267/3267/3267 3268/3268/3268
f 3265/3265/3265 3268/3268/3268 3266/3266/3266
f 3247/3247/3247 3266/3266/3266 3268/3268/3268
f 3247/3247/3247 3268/3268/3268 3249/3249/3249
f 3249/3249/3249 3268/3268/3268 3269/3269/3269
f 3249/3249/3249 3269/3269/3269 3251/3251/3251
f 3269/3269/3269 3268/3268/3268 3267/3267/3267
f 3259/3259/3259 3208/3208/3208 3209/3209/3209
f 3259/3259/3259 3209/3209/3209 3261/3261/3261
f 3261/3261/3261 3270/3270/3270 3262/3262/3262
f 3261/3261/3261 3262/3262/3262 3260/3260/3260
f 3261/3261/3261 3255/3255/3255 3259/3259/3259
f 3271/3271/3271 3272/3272/3272 3265/3265/3265
f 3271/3271/3271 3265/3265/3265 3263/3263/3263
f 3271/3271/3271 3263/3263/3263 3270/3270/3270
f 3263/3263/3263 3262/3262/3262 3270/3270/3270
f 3272/3272/3272 3273/3273/3273 3267/3267/3267
f 3272/3272/3272 3267/3267/3267 3265/3265/3265
f 3131/3131/3131 1330/1330/1330 1449/1449/1449
f 3131/3131/3131 1449/1449/1449 3275/3275/3275
f 3274/3274/3274 3267/3267/3267 3273/3273/3273
f 3274/3274/3274 3269/3269/3269 3267/3267/3267
f 1449/1449/1449 1450/1450/1450 3276/3276/3276
f 1449/1449/1449 3276/3276/3276 3275/3275/3275
f 3131/3131/3131 3275/3275/3275 3277/3277/3277
f 3131/3131/3131 3277/3277/3277 3137/3137/3137
f 3275/3275/3275 3276/3276/3276 3278/3278/3278
f 3275/3275/3275 3278/3278/3278 3277/3277/3277
f 3143/3143/3143 3137/3137/3137 3277/3277/3277
f 3143/3143/3143 3277/3277/3277 3279/3279/3279
f 3277/3277/3277 3278/3278/3278 3280/3280/3280
f 3277/3277/3277 3280/3280/3280 3279/3279/3279
f 3276/3276/3276 1450/1450/1450 1525/1525/1525
f 3276/3276/3276 1525/1525/1525 3281/3281/3281
f 1527/1527/1527 1528/1528/1528 3283/3283/3283
f 1527/1527/1527 3283/3283/3283 3282/3282/3282
f 3282/3282/3282 3281/3281/3281 1526/1526/1526
f 3283/3283/3283 1528/1528/1528 1529/1529/1529
f 3283/3283/3283 1529/1529/1529 3284/3284/3284
f 3284/3284/3284 1529/1529/1529 1530/1530/1530
f 3284/3284/3284 1530/1530/1530 3285/3285/3285
f 3285/3285/3285 1530/1530/1530 1521/1521/1521
f 3285/3285/3285 1521/1521/1521 3286/3286/3286
f 1521/1521/1521 1531/1531/1531 3287/3287/3287
f 1521/1521/1521 3287/3287/3287 3286/3286/3286
f 1531/1531/1531 1532/1532/1532 3288/3288/3288
f 1531/1531/1531 3288/3288/3288 3287/3287/3287
f 3278/3278/3278 3276/3276/3276 3281/3281/3281
f 3278/3278/3278 3281/3281/3281 3289/3289/3289
f 3281/3281/3281 3282/3282/3282 3290/3290/3290
f 3281/3281/3281 3290/3290/3290 3289/3289/3289
f 3287/3287/3287 3288/3288/3288 3296/3296/3296
f 3287/3287/3287 3296/3296/3296 3295/3295/3295
f 3282/3282/3282 3291/3291/3291 3290/3290/3290
f 3292/3292/3292 3291/3291/3291 3283/3283/3283
f 3284/3284/3284 3293/3293/3293 3292/3292/3292
f 3285/3285/3285 3294/3294/3294 3293/3293/3293
f 3286/3286/3286 3294/3294/3294 3285/3285/3285
f 3286/3286/3286 3295/3295/3295 3294/3294/3294
f 3287/3287/3287 3295/3295/3295 3286/3286/3286
f 3302/3302/3302 3293/3293/3293 3294/3294/3294
f 3302/3302/3302 3294/3294/3294 3303/3303/3303
f 3288/3288/3288 3297/3297/3297 3296/3296/3296
f 3298/3298/3298 3280/3280/3280 3289/3289/3289
f 3290/3290/3290 3298/3298/3298 3289/3289/3289
f 3291/3291/3291 3299/3299/3299 3290/3290/3290
f 3300/3300/3300 3299/3299/3299 3291/3291/3291
f 3301/3301/3301 3300/3300/3300 3292/3292/3292
f 3302/3302/3302 3301/3301/3301 3293/3293/3293
f 3294/3294/3294 3295/3295/3295 3304/3304/3304
f 3294/3294/3294 3304/3304/3304 3303/3303/3303
f 3304/3304/3304 3295/3295/3295 3296/3296/3296
f 3304/3304/3304 3296/3296/3296 3305/3305/3305
f 3305/3305/3305 3296/3296/3296 3297/3297/3297
f 3305/3305/3305 3297/3297/3297 3306/3306/3306
f 3279/3279/3279 3280/3280/3280 3308/3308/3308
f 3279/3279/3279 3308/3308/3308 3307/3307/3307
f 3149/3149/3149 3307/3307/3307 3162/3162/3162
f 3279/3279/3279 3307/3307/3307 3149/3149/3149
f 3280/3280/3280 3298/3298/3298 3309/3309/3309
f 3280/3280/3280 3309/3309/3309 3308/3308/3308
f 3309/3309/3309 3298/3298/3298 3299/3299/3299
f 3309/3309/3309 3299/3299/3299 3310/3310/3310
f 3299/3299/3299 3300/3300/3300 3312/3312/3312
f 3299/3299/3299 3312/3312/3312 3311/3311/3311
f 3311/3311/3311 3310/3310/3310 3299/3299/3299
f 3300/3300/3300 3301/3301/3301 3314/3314/3314
f 3300/3300/3300 3314/3314/3314 3313/3313/3313
f 3312/3312/3312 3313/3313/3313 3311/3311/3311
f 3300/3300/3300 3313/3313/3313 3312/3312/3312
f 3318/3318/3318 3317/3317/3317 3304/3304/3304
f 3318/3318/3318 3304/3304/3304 3319/3319/3319
f 3314/3314/3314 3315/3315/3315 3313/3313/3313
f 3301/3301/3301 3315/3315/3315 3314/3314/3314
f 3302/3302/3302 3315/3315/3315 3301/3301/3301
f 3302/3302/3302 3316/3316/3316 3315/3315/3315
f 3303/3303/3303 3316/3316/3316 3302/3302/3302
f 3303/3303/3303 3317/3317/3317 3316/3316/3316
f 3304/3304/3304 3317/3317/3317 3303/3303/3303
f 3305/3305/3305 3306/3306/3306 3320/3320/3320
f 3305/3305/3305 3320/3320/3320 3319/3319/3319
f 3305/3305/3305 3319/3319/3319 3304/3304/3304
f 3162/3162/3162 3307/3307/3307 3321/3321/3321
f 3162/3162/3162 3321/3321/3321 3167/3167/3167
f 3322/3322/3322 3308/3308/3308 3309/3309/3309
f 3322/3322/3322 3309/3309/3309 3323/3323/3323
f 3308/3308/3308 3321/3321/3321 3307/3307/3307
f 3310/3310/3310 3311/3311/3311 3324/3324/3324
f 3310/3310/3310 3324/3324/3324 3323/3323/3323
f 3310/3310/3310 3323/3323/3323 3309/3309/3309
f 3311/3311/3311 3313/3313/3313 3325/3325/3325
f 3311/3311/3311 3325/3325/3325 3324/3324/3324
f 3313/3313/3313 3315/3315/3315 3327/3327/3327
f 3313/3313/3313 3327/3327/3327 3326/3326/3326
f 3313/3313/3313 3326/3326/3326 3325/3325/3325
f 3329/3329/3329 3317/3317/3317 3318/3318/3318
f 3329/3329/3329 3318/3318/3318 3330/3330/3330
f 3315/3315/3315 3328/3328/3328 3327/3327/3327
f 3316/3316/3316 3328/3328/3328 3315/3315/3315
f 3316/3316/3316 3329/3329/3329 3328/3328/3328
f 3317/3317/3317 3329/3329/3329 3316/3316/3316
f 3318/3318/3318 3319/3319/3319 3320/3320/3320
f 3318/3318/3318 3320/3320/3320 3331/3331/3331
f 3178/3178/3178 3167/3167/3167 3321/3321/3321
f 3178/3178/3178 3321/3321/3321 3332/3332/3332
f 3322/3322/3322 3323/3323/3323 3334/3334/3334
f 3322/3322/3322 3334/3334/3334 3333/3333/3333
f 3322/3322/3322 3332/3332/3332 3321/3321/3321
f 3333/3333/3333 3332/3332/3332 3322/3322/3322
f 3323/3323/3323 3324/3324/3324 3335/3335/3335
f 3323/3323/3323 3335/3335/3335 3334/3334/3334
f 3337/3337/3337 3336/3336/3336 3327/3327/3327
f 3337/3337/3337 3327/3327/3327 3338/3338/3338
f 3325/3325/3325 3335/3335/3335 3324/3324/3324
f 3325/3325/3325 3336/3336/3336 3335/3335/3335
f 3326/3326/3326 3336/3336/3336 3325/3325/3325
f 3327/3327/3327 3336/3336/3336 3326/3326/3326
f 3340/3340/3340 3339/3339/3339 3329/3329/3329
f 3340/3340/3340 3329/3329/3329 3330/3330/3330
f 3328/3328/3328 3338/3338/3338 3327/3327/3327
f 3338/3338/3338 3339/3339/3339 3337/3337/3337
f 3328/3328/3328 3339/3339/3339 3338/3338/3338
f 3329/3329/3329 3339/3339/3339 3328/3328/3328
f 3178/3178/3178 3332/3332/3332 3342/3342/3342
f 3178/3178/3178 3342/3342/3342 3187/3187/3187
f 3330/3330/3330 3341/3341/3341 3340/3340/3340
f 3331/3331/3331 3341/3341/3341 3330/3330/3330
f 3333/3333/3333 3334/3334/3334 3345/3345/3345
f 3333/3333/3333 3345/3345/3345 3343/3343/3343
f 3342/3342/3342 3343/3343/3343 3188/3188/3188
f 3333/3333/3333 3343/3343/3343 3342/3342/3342
f 3348/3348/3348 3339/3339/3339 3340/3340/3340
f 3348/3348/3348 3340/3340/3340 3349/3349/3349
f 3345/3345/3345 3346/3346/3346 3344/3344/3344
f 3335/3335/3335 3346/3346/3346 3345/3345/3345
f 3336/3336/3336 3346/3346/3346 3335/3335/3335
f 3337/3337/3337 3347/3347/3347 3336/3336/3336
f 3337/3337/3337 3348/3348/3348 3347/3347/3347
f 3353/3353/3353 3346/3346/3346 3347/3347/3347
f 3353/3353/3353 3347/3347/3347 3355/3355/3355
f 3340/3340/3340 3350/3350/3350 3349/3349/3349
f 3341/3341/3341 3350/3350/3350 3340/3340/3340
f 3351/3351/3351 3203/3203/3203 3188/3188/3188
f 3343/3343/3343 3351/3351/3351 3188/3188/3188
f 3343/3343/3343 3352/3352/3352 3351/3351/3351
f 3344/3344/3344 3352/3352/3352 3343/3343/3343
f 3353/3353/3353 3352/3352/3352 3344/3344/3344
f 3353/3353/3353 3354/3354/3354 3352/3352/3352
f 3353/3353/3353 3355/3355/3355 3354/3354/3354
f 3355/3355/3355 3347/3347/3347 3348/3348/3348
f 3355/3355/3355 3348/3348/3348 3358/3358/3358
f 3355/3355/3355 3356/3356/3356 3354/3354/3354
f 3355/3355/3355 3358/3358/3358 3356/3356/3356
f 3357/3357/3357 3356/3356/3356 3358/3358/3358
f 3357/3357/3357 3358/3358/3358 3359/3359/3359
f 3358/3358/3358 3348/3348/3348 3349/3349/3349
f 3358/3358/3358 3349/3349/3349 3359/3359/3359
f 1599/1599/1599 1600/1600/1600 3364/3364/3364
f 1599/1599/1599 3364/3364/3364 3363/3363/3363
f 3359/3359/3359 3360/3360/3360 3357/3357/3357
f 3359/3359/3359 3350/3350/3350 3360/3360/3360
f 1598/1598/1598 3362/3362/3362 3361/3361/3361
f 1600/1600/1600 1601/1601/1601 3365/3365/3365
f 1600/1600/1600 3365/3365/3365 3364/3364/3364
f 3361/3361/3361 3365/3365/3365 1601/1601/1601
f 3361/3361/3361 1601/1601/1601 1598/1598/1598
f 3367/3367/3367 3361/3361/3361 3362/3362/3362
f 3367/3367/3367 3362/3362/3362 3368/3368/3368
f 3370/3370/3370 3363/3363/3363 3364/3364/3364
f 3370/3370/3370 3364/3364/3364 3371/3371/3371
f 3370/3370/3370 3369/3369/3369 3363/3363/3363
f 3364/3364/3364 3365/3365/3365 3367/3367/3367
f 3364/3364/3364 3367/3367/3367 3371/3371/3371
f 3367/3367/3367 3368/3368/3368 3374/3374/3374
f 3367/3367/3367 3374/3374/3374 3373/3373/3373
f 3367/3367/3367 3365/3365/3365 3361/3361/3361
f 3369/3369/3369 3370/3370/3370 3379/3379/3379
f 3369/3369/3369 3379/3379/3379 3378/3378/3378
f 3374/3374/3374 3368/3368/3368 3366/3366/3366
f 3297/3297/3297 3375/3375/3375 3306/3306/3306
f 3378/3378/3378 3377/3377/3377 3369/3369/3369
f 3379/3379/3379 3370/3370/3370 3371/3371/3371
f 3379/3379/3379 3371/3371/3371 3380/3380/3380
f 3371/3371/3371 3367/3367/3367 3373/3373/3373
f 3371/3371/3371 3373/3373/3373 3380/3380/3380
f 3372/3372/3372 3373/3373/3373 3383/3383/3383
f 3372/3372/3372 3383/3383/3383 3382/3382/3382
f 3306/3306/3306 3375/3375/3375 3384/3384/3384
f 3306/3306/3306 3384/3384/3384 3320/3320/3320
f 3374/3374/3374 3383/3383/3383 3373/3373/3373
f 3384/3384/3384 3375/3375/3375 3376/3376/3376
f 3384/3384/3384 3376/3376/3376 3385/3385/3385
f 3376/3376/3376 3377/3377/3377 3386/3386/3386
f 3376/3376/3376 3386/3386/3386 3385/3385/3385
f 3386/3386/3386 3377/3377/3377 3378/3378/3378
f 3386/3386/3386 3378/3378/3378 3387/3387/3387
f 3387/3387/3387 3378/3378/3378 3379/3379/3379
f 3387/3387/3387 3379/3379/3379 3388/3388/3388
f 3379/3379/3379 3380/3380/3380 3372/3372/3372
f 3379/3379/3379 3372/3372/3372 3388/3388/3388
f 3382/3382/3382 3383/3383/3383 3391/3391/3391
f 3382/3382/3382 3391/3391/3391 3390/3390/3390
f 3389/3389/3389 3391/3391/3391 3381/3381/3381
f 3390/3390/3390 3396/3396/3396 3382/3382/3382
f 3331/3331/3331 3320/3320/3320 3384/3384/3384
f 3331/3331/3331 3384/3384/3384 3397/3397/3397
f 3391/3391/3391 3383/3383/3383 3381/3381/3381
f 3331/3331/3331 3397/3397/3397 3392/3392/3392
f 3392/3392/3392 3397/3397/3397 3385/3385/3385
f 3392/3392/3392 3385/3385/3385 3393/3393/3393
f 3394/3394/3394 3393/3393/3393 3385/3385/3385
f 3394/3394/3394 3385/3385/3385 3398/3398/3398
f 3394/3394/3394 3398/3398/3398 3399/3399/3399
f 3394/3394/3394 3399/3399/3399 3395/3395/3395
f 3386/3386/3386 3387/3387/3387 3399/3399/3399
f 3386/3386/3386 3399/3399/3399 3398/3398/3398
f 3387/3387/3387 3388/3388/3388 3396/3396/3396
f 3387/3387/3387 3396/3396/3396 3399/3399/3399
f 3390/3390/3390 3391/3391/3391 3401/3401/3401
f 3390/3390/3390 3401/3401/3401 3403/3403/3403
f 3396/3396/3396 3388/3388/3388 3382/3382/3382
f 3391/3391/3391 3389/3389/3389 3404/3404/3404
f 3391/3391/3391 3404/3404/3404 3401/3401/3401
f 3404/3404/3404 3402/3402/3402 3401/3401/3401
f 3396/3396/3396 3390/3390/3390 3406/3406/3406
f 3396/3396/3396 3406/3406/3406 3405/3405/3405
f 3392/3392/3392 3341/3341/3341 3331/3331/3331
f 3408/3408/3408 3411/3411/3411 3400/3400/3400
f 3408/3408/3408 3400/3400/3400 3409/3409/3409
f 3401/3401/3401 3402/3402/3402 3400/3400/3400
f 3401/3401/3401 3400/3400/3400 3411/3411/3411
f 3412/3412/3412 3392/3392/3392 3393/3393/3393
f 3412/3412/3412 3393/3393/3393 3413/3413/3413
f 3417/3417/3417 3416/3416/3416 3403/3403/3403
f 3417/3417/3417 3411/3411/3411 3410/3410/3410
f 3392/3392/3392 3412/3412/3412 3341/3341/3341
f 3393/3393/3393 3394/3394/3394 3418/3418/3418
f 3393/3393/3393 3418/3418/3418 3413/3413/3413
f 3418/3418/3418 3414/3414/3414 3413/3413/3413
f 3414/3414/3414 3418/3418/3418 3419/3419/3419
f 3414/3414/3414 3419/3419/3419 3415/3415/3415
f 3394/3394/3394 3395/3395/3395 3419/3419/3419
f 3394/3394/3394 3419/3419/3419 3418/3418/3418
f 3403/3403/3403 3416/3416/3416 3419/3419/3419
f 3403/3403/3403 3419/3419/3419 3405/3405/3405
f 3419/3419/3419 3416/3416/3416 3415/3415/3415
f 3421/3421/3421 3425/3425/3425 3426/3426/3426
f 3421/3421/3421 3426/3426/3426 3422/3422/3422
f 3408/3408/3408 3409/3409/3409 3426/3426/3426
f 3408/3408/3408 3426/3426/3426 3425/3425/3425
f 3407/3407/3407 3422/3422/3422 3426/3426/3426
f 3407/3407/3407 3426/3426/3426 3409/3409/3409
f 3410/3410/3410 3411/3411/3411 3408/3408/3408
f 3410/3410/3410 3408/3408/3408 3424/3424/3424
f 3424/3424/3424 3431/3431/3431 3410/3410/3410
f 3408/3408/3408 3425/3425/3425 3424/3424/3424
f 3427/3427/3427 3360/3360/3360 3350/3350/3350
f 3427/3427/3427 3350/3350/3350 3432/3432/3432
f 3432/3432/3432 3412/3412/3412 3413/3413/3413
f 3432/3432/3432 3413/3413/3413 3428/3428/3428
f 3412/3412/3412 3432/3432/3432 3350/3350/3350
f 3429/3429/3429 3414/3414/3414 3415/3415/3415
f 3429/3429/3429 3415/3415/3415 3430/3430/3430
f 3414/3414/3414 3429/3429/3429 3428/3428/3428
f 3414/3414/3414 3428/3428/3428 3413/3413/3413
f 3430/3430/3430 3415/3415/3415 3433/3433/3433
f 3430/3430/3430 3433/3433/3433 3431/3431/3431
f 3410/3410/3410 3431/3431/3431 3433/3433/3433
f 3410/3410/3410 3433/3433/3433 3416/3416/3416
f 3217/3217/3217 3434/3434/3434 1443/1443/1443
f 3217/3217/3217 1443/1443/1443 1444/1444/1444
f 3434/3434/3434 3217/3217/3217 3216/3216/3216
f 1443/1443/1443 3434/3434/3434 3435/3435/3435
f 1443/1443/1443 3435/3435/3435 1643/1643/1643
f 1644/1644/1644 1645/1645/1645 3437/3437/3437
f 1644/1644/1644 3437/3437/3437 3436/3436/3436
f 3435/3435/3435 3437/3437/3437 1645/1645/1645
f 3435/3435/3435 1645/1645/1645 1643/1643/1643
f 1646/1646/1646 1647/1647/1647 3439/3439/3439
f 1646/1646/1646 3439/3439/3439 3438/3438/3438
f 3436/3436/3436 3439/3439/3439 1647/1647/1647
f 3436/3436/3436 1647/1647/1647 1644/1644/1644
f 1648/1648/1648 1646/1646/1646 3438/3438/3438
f 1648/1648/1648 3438/3438/3438 3440/3440/3440
f 3441/3441/3441 3442/3442/3442 3435/3435/3435
f 3441/3441/3441 3435/3435/3435 3434/3434/3434
f 3441/3441/3441 3434/3434/3434 3216/3216/3216
f 3436/3436/3436 3437/3437/3437 3444/3444/3444
f 3436/3436/3436 3444/3444/3444 3443/3443/3443
f 3435/3435/3435 3442/3442/3442 3444/3444/3444
f 3435/3435/3435 3444/3444/3444 3437/3437/3437
f 3436/3436/3436 3443/3443/3443 3446/3446/3446
f 3436/3436/3436 3446/3446/3446 3439/3439/3439
f 3446/3446/3446 3443/3443/3443 3445/3445/3445
f 3440/3440/3440 3438/3438/3438 3448/3448/3448
f 3440/3440/3440 3448/3448/3448 3447/3447/3447
f 3216/3216/3216 3231/3231/3231 3449/3449/3449
f 3216/3216/3216 3449/3449/3449 3441/3441/3441
f 3447/3447/3447 3368/3368/3368 3362/3362/3362
f 3447/3447/3447 3362/3362/3362 3440/3440/3440
f 3449/3449/3449 3451/3451/3451 3442/3442/3442
f 3449/3449/3449 3442/3442/3442 3441/3441/3441
f 3442/3442/3442 3451/3451/3451 3452/3452/3452
f 3442/3442/3442 3452/3452/3452 3444/3444/3444
f 3452/3452/3452 3451/3451/3451 3450/3450/3450
f 3240/3240/3240 3457/3457/3457 3449/3449/3449
f 3240/3240/3240 3449/3449/3449 3231/3231/3231
f 3454/3454/3454 3446/3446/3446 3445/3445/3445
f 3448/3448/3448 3455/3455/3455 3447/3447/3447
f 3452/3452/3452 3458/3458/3458 3459/3459/3459
f 3452/3452/3452 3459/3459/3459 3453/3453/3453
f 3457/3457/3457 3451/3451/3451 3449/3449/3449
f 3458/3458/3458 3452/3452/3452 3450/3450/3450
f 3445/3445/3445 3459/3459/3459 3461/3461/3461
f 3445/3445/3445 3461/3461/3461 3454/3454/3454
f 3461/3461/3461 3460/3460/3460 3454/3454/3454
f 3366/3366/3366 3455/3455/3455 3462/3462/3462
f 3366/3366/3366 3462/3462/3462 3381/3381/3381
f 3454/3454/3454 3460/3460/3460 3462/3462/3462
f 3454/3454/3454 3462/3462/3462 3455/3455/3455
f 3240/3240/3240 3252/3252/3252 3463/3463/3463
f 3240/3240/3240 3463/3463/3463 3457/3457/3457
f 3463/3463/3463 3252/3252/3252 3251/3251/3251
f 3450/3450/3450 3465/3465/3465 3466/3466/3466
f 3450/3450/3450 3466/3466/3466 3458/3458/3458
f 3465/3465/3465 3450/3450/3450 3456/3456/3456
f 3466/3466/3466 3465/3465/3465 3464/3464/3464
f 3458/3458/3458 3466/3466/3466 3467/3467/3467
f 3458/3458/3458 3467/3467/3467 3459/3459/3459
f 3466/3466/3466 3471/3471/3471 3473/3473/3473
f 3466/3466/3466 3473/3473/3473 3467/3467/3467
f 3461/3461/3461 3468/3468/3468 3460/3460/3460
f 3462/3462/3462 3468/3468/3468 3389/3389/3389
f 3462/3462/3462 3389/3389/3389 3381/3381/3381
f 3470/3470/3470 3463/3463/3463 3251/3251/3251
f 3470/3470/3470 3465/3465/3465 3463/3463/3463
f 3471/3471/3471 3466/3466/3466 3464/3464/3464
f 3473/3473/3473 3472/3472/3472 3467/3467/3467
f 3400/3400/3400 3402/3402/3402 3474/3474/3474
f 3400/3400/3400 3474/3474/3474 3472/3472/3472
f 3389/3389/3389 3468/3468/3468 3474/3474/3474
f 3389/3389/3389 3474/3474/3474 3402/3402/3402
f 3467/3467/3467 3472/3472/3472 3474/3474/3474
f 3467/3467/3467 3474/3474/3474 3468/3468/3468
f 3251/3251/3251 3269/3269/3269 3469/3469/3469
f 3251/3251/3251 3469/3469/3469 3470/3470/3470
f 3469/3469/3469 3476/3476/3476 3477/3477/3477
f 3469/3469/3469 3477/3477/3477 3464/3464/3464
f 3477/3477/3477 3476/3476/3476 3475/3475/3475
f 3400/3400/3400 3472/3472/3472 3407/3407/3407
f 3400/3400/3400 3407/3407/3407 3409/3409/3409
f 3477/3477/3477 3478/3478/3478 3471/3471/3471
f 3477/3477/3477 3471/3471/3471 3464/3464/3464
f 3471/3471/3471 3478/3478/3478 3407/3407/3407
f 3471/3471/3471 3407/3407/3407 3472/3472/3472
f 3475/3475/3475 3476/3476/3476 3480/3480/3480
f 3475/3475/3475 3480/3480/3480 3479/3479/3479
f 3269/3269/3269 3274/3274/3274 3480/3480/3480
f 3269/3269/3269 3480/3480/3480 3476/3476/3476
f 3407/3407/3407 3478/3478/3478 3481/3481/3481
f 3407/3407/3407 3481/3481/3481 3422/3422/3422
f 3481/3481/3481 3479/3479/3479 3420/3420/3420
f 1532/1532/1532 1649/1649/1649 3482/3482/3482
f 1532/1532/1532 3482/3482/3482 3288/3288/3288
f 3481/3481/3481 3478/3478/3478 3475/3475/3475
f 1649/1649/1649 1655/1655/1655 3483/3483/3483
f 1649/1649/1649 3483/3483/3483 3482/3482/3482
f 3482/3482/3482 3297/3297/3297 3288/3288/3288
f 3484/3484/3484 1657/1657/1657 1654/1654/1654
f 3484/3484/3484 1654/1654/1654 3485/3485/3485
f 1656/1656/1656 3483/3483/3483 1655/1655/1655
f 1657/1657/1657 3484/3484/3484 1656/1656/1656
f 3485/3485/3485 1654/1654/1654 1599/1599/1599
f 3485/3485/3485 1599/1599/1599 3363/3363/3363
f 3483/3483/3483 1656/1656/1656 3487/3487/3487
f 3483/3483/3483 3487/3487/3487 3486/3486/3486
f 3482/3482/3482 3486/3486/3486 3297/3297/3297
f 3483/3483/3483 3486/3486/3486 3482/3482/3482
f 3487/3487/3487 1656/1656/1656 3484/3484/3484
f 3487/3487/3487 3484/3484/3484 3488/3488/3488
f 3363/3363/3363 3369/3369/3369 3488/3488/3488
f 3363/3363/3363 3488/3488/3488 3485/3485/3485
f 3375/3375/3375 3486/3486/3486 3487/3487/3487
f 3375/3375/3375 3487/3487/3487 3376/3376/3376
f 3487/3487/3487 3488/3488/3488 3377/3377/3377
f 3487/3487/3487 3377/3377/3377 3376/3376/3376
f 2361/2361/2361 2311/2311/2311 2879/2879/2879
f 2361/2361/2361 2879/2879/2879 3489/3489/3489
f 3377/3377/3377 3488/3488/3488 3369/3369/3369
f 2362/2362/2362 2361/2361/2361 3489/3489/3489
f 2362/2362/2362 3489/3489/3489 3490/3490/3490
f 2879/2879/2879 2890/2890/2890 3491/3491/3491
f 2879/2879/2879 3491/3491/3491 3489/3489/3489
f 3490/3490/3490 3489/3489/3489 3491/3491/3491
f 3490/3490/3490 3491/3491/3491 3492/3492/3492
f 2893/2893/2893 2894/2894/2894 3495/3495/3495
f 2893/2893/2893 3495/3495/3495 3494/3494/3494
f 2890/2890/2890 3492/3492/3492 3491/3491/3491
f 2891/2891/2891 3492/3492/3492 2890/2890/2890
f 3495/3495/3495 2894/2894/2894 2895/2895/2895
f 3495/3495/3495 2895/2895/2895 3496/3496/3496
f 3496/3496/3496 2895/2895/2895 2896/2896/2896
f 3496/3496/3496 2896/2896/2896 3497/3497/3497
f 3498/3498/3498 3492/3492/3492 3499/3499/3499
f 3498/3498/3498 3499/3499/3499 3500/3500/3500
f 3490/3490/3490 2370/2370/2370 2362/2362/2362
f 3492/3492/3492 3498/3498/3498 3490/3490/3490
f 3499/3499/3499 2891/2891/2891 3493/3493/3493
f 3499/3499/3499 3493/3493/3493 3500/3500/3500
f 3493/3493/3493 3494/3494/3494 3501/3501/3501
f 3493/3493/3493 3501/3501/3501 3500/3500/3500
f 3505/3505/3505 3498/3498/3498 3506/3506/3506
f 3505/3505/3505 3506/3506/3506 3507/3507/3507
f 3495/3495/3495 3501/3501/3501 3494/3494/3494
f 3495/3495/3495 3502/3502/3502 3501/3501/3501
f 3496/3496/3496 3502/3502/3502 3495/3495/3495
f 3496/3496/3496 3503/3503/3503 3502/3502/3502
f 3497/3497/3497 3503/3503/3503 3496/3496/3496
f 3504/3504/3504 2377/2377/2377 2370/2370/2370
f 3498/3498/3498 3504/3504/3504 3490/3490/3490
f 3498/3498/3498 3505/3505/3505 3504/3504/3504
f 3500/3500/3500 3501/3501/3501 3508/3508/3508
f 3500/3500/3500 3508/3508/3508 3507/3507/3507
f 3500/3500/3500 3507/3507/3507 3506/3506/3506
f 3502/3502/3502 3503/3503/3503 3510/3510/3510
f 3502/3502/3502 3510/3510/3510 3509/3509/3509
f 3502/3502/3502 3508/3508/3508 3501/3501/3501
f 3502/3502/3502 3509/3509/3509 3508/3508/3508
f 3512/3512/3512 3505/3505/3505 3513/3513/3513
f 3512/3512/3512 3513/3513/3513 3514/3514/3514
f 3511/3511/3511 2382/2382/2382 2377/2377/2377
f 3505/3505/3505 3511/3511/3511 3504/3504/3504
f 3505/3505/3505 3512/3512/3512 3511/3511/3511
f 3507/3507/3507 3508/3508/3508 3515/3515/3515
f 3507/3507/3507 3515/3515/3515 3514/3514/3514
f 3507/3507/3507 3514/3514/3514 3513/3513/3513
f 3508/3508/3508 3509/3509/3509 3516/3516/3516
f 3508/3508/3508 3516/3516/3516 3515/3515/3515
f 3497/3497/3497 2896/2896/2896 2898/2898/2898
f 3497/3497/3497 2898/2898/2898 3521/3521/3521
f 3512/3512/3512 3517/3517/3517 3511/3511/3511
f 3518/3518/3518 3521/3521/3521 2898/2898/2898
f 3518/3518/3518 2898/2898/2898 3519/3519/3519
f 2898/2898/2898 2899/2899/2899 2900/2900/2900
f 2898/2898/2898 2900/2900/2900 3519/3519/3519
f 3518/3518/3518 3519/3519/3519 3520/3520/3520
f 3518/3518/3518 3520/3520/3520 3522/3522/3522
f 2900/2900/2900 3520/3520/3520 3519/3519/3519
f 3497/3497/3497 3521/3521/3521 3503/3503/3503
f 3521/3521/3521 3518/3518/3518 3527/3527/3527
f 3521/3521/3521 3527/3527/3527 3526/3526/3526
f 3520/3520/3520 3523/3523/3523 3522/3522/3522
f 3521/3521/3521 3526/3526/3526 3510/3510/3510
f 3528/3528/3528 3527/3527/3527 3522/3522/3522
f 3528/3528/3528 3522/3522/3522 3529/3529/3529
f 3509/3509/3509 3510/3510/3510 3532/3532/3532
f 3509/3509/3509 3532/3532/3532 3516/3516/3516
f 3523/3523/3523 3529/3529/3529 3522/3522/3522
f 3516/3516/3516 3531/3531/3531 3515/3515/3515
f 3526/3526/3526 3527/3527/3527 3534/3534/3534
f 3526/3526/3526 3534/3534/3534 3533/3533/3533
f 3532/3532/3532 3533/3533/3533 3531/3531/3531
f 3526/3526/3526 3533/3533/3533 3532/3532/3532
f 2382/2382/2382 3517/3517/3517 3538/3538/3538
f 2382/2382/2382 3538/3538/3538 2415/2415/2415
f 3536/3536/3536 3537/3537/3537 3535/3535/3535
f 3525/3525/3525 3537/3537/3537 3536/3536/3536
f 3539/3539/3539 3512/3512/3512 3540/3540/3540
f 3539/3539/3539 3540/3540/3540 3541/3541/3541
f 3514/3514/3514 3540/3540/3540 3512/3512/3512
f 3530/3530/3530 3540/3540/3540 3514/3514/3514
f 3541/3541/3541 3540/3540/3540 3530/3530/3530
f 3541/3541/3541 3530/3530/3530 3542/3542/3542
f 3515/3515/3515 3531/3531/3531 3543/3543/3543
f 3515/3515/3515 3543/3543/3543 3542/3542/3542
f 3515/3515/3515 3542/3542/3542 3530/3530/3530
f 3531/3531/3531 3533/3533/3533 3545/3545/3545
f 3531/3531/3531 3545/3545/3545 3543/3543/3543
f 3533/3533/3533 3534/3534/3534 3547/3547/3547
f 3533/3533/3533 3547/3547/3547 3545/3545/3545
f 3545/3545/3545 3546/3546/3546 3544/3544/3544
f 3547/3547/3547 3528/3528/3528 3535/3535/3535
f 3547/3547/3547 3535/3535/3535 3548/3548/3548
f 3547/3547/3547 3548/3548/3548 3546/3546/3546
f 2426/2426/2426 2415/2415/2415 3538/3538/3538
f 2426/2426/2426 3538/3538/3538 3550/3550/3550
f 3552/3552/3552 3551/3551/3551 3541/3541/3541
f 3552/3552/3552 3541/3541/3541 3553/3553/3553
f 3541/3541/3541 3551/3551/3551 3539/3539/3539
f 3554/3554/3554 3553/3553/3553 3555/3555/3555
f 3554/3554/3554 3555/3555/3555 3556/3556/3556
f 3542/3542/3542 3543/3543/3543 3557/3557/3557
f 3542/3542/3542 3557/3557/3557 3555/3555/3555
f 3544/3544/3544 3546/3546/3546 3559/3559/3559
f 3544/3544/3544 3559/3559/3559 3558/3558/3558
f 3557/3557/3557 3558/3558/3558 3556/3556/3556
f 3544/3544/3544 3558/3558/3558 3557/3557/3557
f 3548/3548/3548 3535/3535/3535 3549/3549/3549
f 3548/3548/3548 3549/3549/3549 3561/3561/3561
f 3548/3548/3548 3559/3559/3559 3546/3546/3546
f 3548/3548/3548 3561/3561/3561 3560/3560/3560
f 2426/2426/2426 3550/3550/3550 3562/3562/3562
f 2426/2426/2426 3562/3562/3562 2437/2437/2437
f 3550/3550/3550 3552/3552/3552 3563/3563/3563
f 3550/3550/3550 3563/3563/3563 3562/3562/3562
f 3563/3563/3563 3552/3552/3552 3553/3553/3553
f 3563/3563/3563 3553/3553/3553 3564/3564/3564
f 3556/3556/3556 3558/3558/3558 3567/3567/3567
f 3556/3556/3556 3567/3567/3567 3566/3566/3566
f 3554/3554/3554 3564/3564/3564 3553/3553/3553
f 3554/3554/3554 3566/3566/3566 3564/3564/3564
f 3556/3556/3556 3566/3566/3566 3554/3554/3554
f 3558/3558/3558 3559/3559/3559 3570/3570/3570
f 3558/3558/3558 3570/3570/3570 3567/3567/3567
f 3567/3567/3567 3568/3568/3568 3566/3566/3566
f 3569/3569/3569 3568/3568/3568 3570/3570/3570
f 3569/3569/3569 3570/3570/3570 3571/3571/3571
f 2437/2437/2437 3562/3562/3562 3572/3572/3572
f 2437/2437/2437 3572/3572/3572 2444/2444/2444
f 3560/3560/3560 3571/3571/3571 3570/3570/3570
f 2445/2445/2445 2444/2444/2444 3572/3572/3572
f 2445/2445/2445 3572/3572/3572 3573/3573/3573
f 3562/3562/3562 3563/3563/3563 3574/3574/3574
f 3562/3562/3562 3574/3574/3574 3572/3572/3572
f 3573/3573/3573 3572/3572/3572 3574/3574/3574
f 3573/3573/3573 3574/3574/3574 3575/3575/3575
f 3563/3563/3563 3564/3564/3564 3576/3576/3576
f 3563/3563/3563 3576/3576/3576 3574/3574/3574
f 3576/3576/3576 3564/3564/3564 3565/3565/3565
f 3576/3576/3576 3565/3565/3565 3577/3577/3577
f 3576/3576/3576 3577/3577/3577 3574/3574/3574
f 3560/3560/3560 3561/3561/3561 3591/3591/3591
f 3560/3560/3560 3591/3591/3591 3571/3571/3571
f 3577/3577/3577 3575/3575/3575 3574/3574/3574
f 3577/3577/3577 3578/3578/3578 3575/3575/3575
f 3565/3565/3565 3579/3579/3579 3577/3577/3577
f 3566/3566/3566 3579/3579/3579 3565/3565/3565
f 3568/3568/3568 3579/3579/3579 3566/3566/3566
f 3537/3537/3537 3580/3580/3580 3549/3549/3549
f 3580/3580/3580 3561/3561/3561 3549/3549/3549
f 3580/3580/3580 3586/3586/3586 3584/3584/3584
f 3581/3581/3581 3586/3586/3586 3580/3580/3580
f 3586/3586/3586 3587/3587/3587 3585/3585/3585
f 3582/3582/3582 3587/3587/3587 3586/3586/3586
f 3583/3583/3583 3588/3588/3588 3587/3587/3587
f 3597/3597/3597 3579/3579/3579 3568/3568/3568
f 3597/3597/3597 3568/3568/3568 3599/3599/3599
f 3591/3591/3591 3592/3592/3592 3589/3589/3589
f 3584/3584/3584 3592/3592/3592 3591/3591/3591
f 3592/3592/3592 3593/3593/3593 3590/3590/3590
f 3585/3585/3585 3593/3593/3593 3592/3592/3592
f 3587/3587/3587 3593/3593/3593 3585/3585/3585
f 3587/3587/3587 3596/3596/3596 3594/3594/3594
f 3596/3596/3596 3595/3595/3595 3594/3594/3594
f 3579/3579/3579 3597/3597/3597 3578/3578/3578
f 3569/3569/3569 3571/3571/3571 3603/3603/3603
f 3569/3569/3569 3603/3603/3603 3599/3599/3599
f 3569/3569/3569 3599/3599/3599 3568/3568/3568
f 3599/3599/3599 3600/3600/3600 3598/3598/3598
f 3600/3600/3600 3599/3599/3599 3603/3603/3603
f 3600/3600/3600 3603/3603/3603 3604/3604/3604
f 3601/3601/3601 3600/3600/3600 3604/3604/3604
f 3601/3601/3601 3604/3604/3604 3590/3590/3590
f 3589/3589/3589 3604/3604/3604 3603/3603/3603
f 3608/3608/3608 3609/3609/3609 2972/2972/2972
f 3608/3608/3608 2972/2972/2972 2974/2974/2974
f 3605/3605/3605 3606/3606/3606 3602/3602/3602
f 3593/3593/3593 3607/3607/3607 3605/3605/3605
f 3594/3594/3594 3607/3607/3607 3593/3593/3593
f 3607/3607/3607 3606/3606/3606 3605/3605/3605
f 2900/2900/2900 2993/2993/2993 3610/3610/3610
f 2900/2900/2900 3610/3610/3610 3520/3520/3520
f 2975/2975/2975 2972/2972/2972 3609/3609/3609
f 3610/3610/3610 2993/2993/2993 2994/2994/2994
f 3610/3610/3610 2994/2994/2994 3611/3611/3611
f 3610/3610/3610 3611/3611/3611 3520/3520/3520
f 3611/3611/3611 2994/2994/2994 2995/2995/2995
f 3611/3611/3611 2995/2995/2995 3612/3612/3612
f 2995/2995/2995 2999/2999/2999 3615/3615/3615
f 2995/2995/2995 3615/3615/3615 3612/3612/3612
f 3613/3613/3613 3612/3612/3612 3615/3615/3615
f 3613/3613/3613 3615/3615/3615 3616/3616/3616
f 3615/3615/3615 2999/2999/2999 3000/3000/3000
f 3615/3615/3615 3000/3000/3000 3616/3616/3616
f 3001/3001/3001 3002/3002/3002 3617/3617/3617
f 3001/3001/3001 3617/3617/3617 3616/3616/3616
f 3618/3618/3618 3619/3619/3619 3030/3030/3030
f 3618/3618/3618 3030/3030/3030 3029/3029/3029
f 3619/3619/3619 3620/3620/3620 3031/3031/3031
f 3619/3619/3619 3031/3031/3031 3030/3030/3030
f 3031/3031/3031 3620/3620/3620 3621/3621/3621
f 3031/3031/3031 3621/3621/3621 3032/3032/3032
f 3621/3621/3621 3622/3622/3622 3623/3623/3623
f 3621/3621/3621 3623/3623/3623 3036/3036/3036
f 3620/3620/3620 3622/3622/3622 3621/3621/3621
f 3523/3523/3523 3611/3611/3611 3612/3612/3612
f 3523/3523/3523 3612/3612/3612 3524/3524/3524
f 3524/3524/3524 3612/3612/3612 3613/3613/3613
f 3524/3524/3524 3613/3613/3613 3624/3624/3624
f 3524/3524/3524 3624/3624/3624 3525/3525/3525
f 3624/3624/3624 3614/3614/3614 3625/3625/3625
f 3624/3624/3624 3625/3625/3625 3626/3626/3626
f 3525/3525/3525 3624/3624/3624 3626/3626/3626
f 3525/3525/3525 3626/3626/3626 3537/3537/3537
f 3617/3617/3617 3002/3002/3002 3119/3119/3119
f 3617/3617/3617 3119/3119/3119 3627/3627/3627
f 3628/3628/3628 3121/3121/3121 3122/3122/3122
f 3628/3628/3628 3122/3122/3122 3629/3629/3629
f 3109/3109/3109 3123/3123/3123 3630/3630/3630
f 3109/3109/3109 3630/3630/3630 3629/3629/3629
f 3625/3625/3625 3617/3617/3617 3627/3627/3627
f 3625/3625/3625 3627/3627/3627 3632/3632/3632
f 3123/3123/3123 3631/3631/3631 3630/3630/3630
f 3633/3633/3633 3628/3628/3628 3629/3629/3629
f 3633/3633/3633 3629/3629/3629 3634/3634/3634
f 3633/3633/3633 3632/3632/3632 3627/3627/3627
f 3638/3638/3638 3634/3634/3634 3635/3635/3635
f 3638/3638/3638 3635/3635/3635 3639/3639/3639
f 3629/3629/3629 3630/3630/3630 3634/3634/3634
f 3631/3631/3631 3636/3636/3636 3630/3630/3630
f 3633/3633/3633 3638/3638/3638 3637/3637/3637
f 3634/3634/3634 3638/3638/3638 3633/3633/3633
f 3639/3639/3639 3635/3635/3635 3636/3636/3636
f 3639/3639/3639 3636/3636/3636 3640/3640/3640
f 3645/3645/3645 3644/3644/3644 3639/3639/3639
f 3645/3645/3645 3639/3639/3639 3640/3640/3640
f 3626/3626/3626 3641/3641/3641 3537/3537/3537
f 3632/3632/3632 3641/3641/3641 3626/3626/3626
f 3632/3632/3632 3642/3642/3642 3641/3641/3641
f 3637/3637/3637 3643/3643/3643 3642/3642/3642
f 3643/3643/3643 3639/3639/3639 3644/3644/3644
f 3647/3647/3647 3643/3643/3643 3644/3644/3644
f 3647/3647/3647 3644/3644/3644 3583/3583/3583
f 3641/3641/3641 3580/3580/3580 3537/3537/3537
f 3641/3641/3641 3646/3646/3646 3581/3581/3581
f 3642/3642/3642 3646/3646/3646 3641/3641/3641
f 3643/3643/3643 3647/3647/3647 3646/3646/3646
f 3644/3644/3644 3645/3645/3645 3648/3648/3648
f 3644/3644/3644 3648/3648/3648 3583/3583/3583
f 3649/3649/3649 3608/3608/3608 2974/2974/2974
f 3649/3649/3649 2974/2974/2974 3190/3190/3190
f 3649/3649/3649 3193/3193/3193 3652/3652/3652
f 3649/3649/3649 3652/3652/3652 3608/3608/3608
f 3650/3650/3650 2975/2975/2975 3609/3609/3609
f 3193/3193/3193 3192/3192/3192 3651/3651/3651
f 3608/3608/3608 3652/3652/3652 3653/3653/3653
f 3608/3608/3608 3653/3653/3653 3609/3609/3609
f 3651/3651/3651 3194/3194/3194 3654/3654/3654
f 3651/3651/3651 3654/3654/3654 3193/3193/3193
f 3653/3653/3653 3650/3650/3650 3609/3609/3609
f 3655/3655/3655 3195/3195/3195 3198/3198/3198
f 3655/3655/3655 3198/3198/3198 3656/3656/3656
f 3654/3654/3654 3652/3652/3652 3193/3193/3193
f 3195/3195/3195 3655/3655/3655 3194/3194/3194
f 3655/3655/3655 3654/3654/3654 3194/3194/3194
f 3198/3198/3198 3197/3197/3197 3656/3656/3656
f 3658/3658/3658 3199/3199/3199 3201/3201/3201
f 3658/3658/3658 3201/3201/3201 3659/3659/3659
f 3661/3661/3661 3652/3652/3652 3654/3654/3654
f 3661/3661/3661 3654/3654/3654 3664/3664/3664
f 3202/3202/3202 3659/3659/3659 3201/3201/3201
f 3660/3660/3660 3659/3659/3659 3202/3202/3202
f 3653/3653/3653 3652/3652/3652 3661/3661/3661
f 3653/3653/3653 3662/3662/3662 3650/3650/3650
f 3661/3661/3661 3665/3665/3665 3666/3666/3666
f 3661/3661/3661 3666/3666/3666 3662/3662/3662
f 3665/3665/3665 3664/3664/3664 3667/3667/3667
f 3665/3665/3665 3667/3667/3667 3668/3668/3668
f 3667/3667/3667 3664/3664/3664 3663/3663/3663
f 3665/3665/3665 3668/3668/3668 3669/3669/3669
f 3665/3665/3665 3669/3669/3669 3666/3666/3666
f 3655/3655/3655 3657/3657/3657 3670/3670/3670
f 3655/3655/3655 3670/3670/3670 3663/3663/3663
f 3663/3663/3663 3670/3670/3670 3671/3671/3671
f 3663/3663/3663 3671/3671/3671 3667/3667/3667
f 3657/3657/3657 3658/3658/3658 3672/3672/3672
f 3657/3657/3657 3672/3672/3672 3670/3670/3670
f 3671/3671/3671 3668/3668/3668 3667/3667/3667
f 3670/3670/3670 3672/3672/3672 3673/3673/3673
f 3670/3670/3670 3673/3673/3673 3671/3671/3671
f 3658/3658/3658 3659/3659/3659 3674/3674/3674
f 3658/3658/3658 3674/3674/3674 3672/3672/3672
f 3673/3673/3673 3672/3672/3672 3674/3674/3674
f 3673/3673/3673 3674/3674/3674 3675/3675/3675
f 3659/3659/3659 3660/3660/3660 3676/3676/3676
f 3659/3659/3659 3676/3676/3676 3674/3674/3674
f 3675/3675/3675 3674/3674/3674 3676/3676/3676
f 3675/3675/3675 3676/3676/3676 3677/3677/3677
f 3668/3668/3668 3679/3679/3679 3680/3680/3680
f 3668/3668/3668 3680/3680/3680 3669/3669/3669
f 3677/3677/3677 3678/3678/3678 3675/3675/3675
f 3671/3671/3671 3679/3679/3679 3668/3668/3668
f 3679/3679/3679 3671/3671/3671 3673/3673/3673
f 3679/3679/3679 3673/3673/3673 3681/3681/3681
f 3679/3679/3679 3681/3681/3681 3682/3682/3682
f 3679/3679/3679 3682/3682/3682 3680/3680/3680
f 3673/3673/3673 3675/3675/3675 3683/3683/3683
f 3673/3673/3673 3683/3683/3683 3681/3681/3681
f 3682/3682/3682 3681/3681/3681 3683/3683/3683
f 3682/3682/3682 3683/3683/3683 3684/3684/3684
f 2975/2975/2975 3650/3650/3650 3686/3686/3686
f 2975/2975/2975 3686/3686/3686 3618/3618/3618
f 3683/3683/3683 3685/3685/3685 3684/3684/3684
f 3678/3678/3678 3685/3685/3685 3683/3683/3683
f 3619/3619/3619 3618/3618/3618 3686/3686/3686
f 3619/3619/3619 3686/3686/3686 3687/3687/3687
f 3620/3620/3620 3619/3619/3619 3687/3687/3687
f 3620/3620/3620 3687/3687/3687 3688/3688/3688
f 3620/3620/3620 3688/3688/3688 3689/3689/3689
f 3620/3620/3620 3689/3689/3689 3622/3622/3622
f 3204/3204/3204 3623/3623/3623 3690/3690/3690
f 3204/3204/3204 3690/3690/3690 3691/3691/3691
f 3623/3623/3623 3204/3204/3204 3037/3037/3037
f 3205/3205/3205 3204/3204/3204 3691/3691/3691
f 3205/3205/3205 3691/3691/3691 3207/3207/3207
f 3208/3208/3208 3207/3207/3207 3692/3692/3692
f 3208/3208/3208 3692/3692/3692 3209/3209/3209
f 3691/3691/3691 3692/3692/3692 3207/3207/3207
f 3209/3209/3209 3692/3692/3692 3693/3693/3693
f 3209/3209/3209 3693/3693/3693 3694/3694/3694
f 3650/3650/3650 3662/3662/3662 3701/3701/3701
f 3650/3650/3650 3701/3701/3701 3686/3686/3686
f 3693/3693/3693 3695/3695/3695 3694/3694/3694
f 3699/3699/3699 3698/3698/3698 3697/3697/3697
f 3700/3700/3700 3623/3623/3623 3689/3689/3689
f 3686/3686/3686 3701/3701/3701 3702/3702/3702
f 3686/3686/3686 3702/3702/3702 3687/3687/3687
f 3688/3688/3688 3687/3687/3687 3702/3702/3702
f 3688/3688/3688 3702/3702/3702 3703/3703/3703
f 3689/3689/3689 3688/3688/3688 3703/3703/3703
f 3689/3689/3689 3703/3703/3703 3704/3704/3704
f 3700/3700/3700 3689/3689/3689 3704/3704/3704
f 3700/3700/3700 3704/3704/3704 3690/3690/3690
f 3704/3704/3704 3706/3706/3706 3707/3707/3707
f 3704/3704/3704 3707/3707/3707 3690/3690/3690
f 3690/3690/3690 3623/3623/3623 3700/3700/3700
f 3705/3705/3705 3691/3691/3691 3690/3690/3690
f 3703/3703/3703 3706/3706/3706 3704/3704/3704
f 3691/3691/3691 3705/3705/3705 3708/3708/3708
f 3691/3691/3691 3708/3708/3708 3692/3692/3692
f 3707/3707/3707 3706/3706/3706 3709/3709/3709
f 3707/3707/3707 3709/3709/3709 3710/3710/3710
f 3707/3707/3707 3710/3710/3710 3711/3711/3711
f 3707/3707/3707 3711/3711/3711 3705/3705/3705
f 3708/3708/3708 3711/3711/3711 3712/3712/3712
f 3708/3708/3708 3712/3712/3712 3713/3713/3713
f 3693/3693/3693 3692/3692/3692 3708/3708/3708
f 3712/3712/3712 3714/3714/3714 3715/3715/3715
f 3712/3712/3712 3715/3715/3715 3713/3713/3713
f 3695/3695/3695 3713/3713/3713 3715/3715/3715
f 3695/3695/3695 3715/3715/3715 3696/3696/3696
f 3715/3715/3715 3714/3714/3714 3717/3717/3717
f 3715/3715/3715 3717/3717/3717 3718/3718/3718
f 3715/3715/3715 3718/3718/3718 3698/3698/3698
f 3715/3715/3715 3698/3698/3698 3696/3696/3696
f 3720/3720/3720 3721/3721/3721 3702/3702/3702
f 3720/3720/3720 3702/3702/3702 3701/3701/3701
f 3698/3698/3698 3718/3718/3718 3697/3697/3697
f 3719/3719/3719 3717/3717/3717 3716/3716/3716
f 3719/3719/3719 3718/3718/3718 3717/3717/3717
f 3702/3702/3702 3721/3721/3721 3722/3722/3722
f 3702/3702/3702 3722/3722/3722 3703/3703/3703
f 3666/3666/3666 3669/3669/3669 3723/3723/3723
f 3666/3666/3666 3723/3723/3723 3720/3720/3720
f 3720/3720/3720 3723/3723/3723 3724/3724/3724
f 3720/3720/3720 3724/3724/3724 3721/3721/3721
f 3722/3722/3722 3721/3721/3721 3724/3724/3724
f 3722/3722/3722 3724/3724/3724 3725/3725/3725
f 3706/3706/3706 3722/3722/3722 3725/3725/3725
f 3706/3706/3706 3725/3725/3725 3709/3709/3709
f 3723/3723/3723 3669/3669/3669 3680/3680/3680
f 3723/3723/3723 3680/3680/3680 3727/3727/3727
f 3726/3726/3726 3710/3710/3710 3709/3709/3709
f 3723/3723/3723 3727/3727/3727 3728/3728/3728
f 3723/3723/3723 3728/3728/3728 3724/3724/3724
f 3725/3725/3725 3724/3724/3724 3728/3728/3728
f 3725/3725/3725 3728/3728/3728 3729/3729/3729
f 3725/3725/3725 3729/3729/3729 3730/3730/3730
f 3725/3725/3725 3730/3730/3730 3709/3709/3709
f 3680/3680/3680 3682/3682/3682 3731/3731/3731
f 3680/3680/3680 3731/3731/3731 3727/3727/3727
f 3712/3712/3712 3710/3710/3710 3726/3726/3726
f 3727/3727/3727 3731/3731/3731 3732/3732/3732
f 3727/3727/3727 3732/3732/3732 3728/3728/3728
f 3729/3729/3729 3728/3728/3728 3732/3732/3732
f 3729/3729/3729 3732/3732/3732 3733/3733/3733
f 3730/3730/3730 3729/3729/3729 3733/3733/3733
f 3730/3730/3730 3733/3733/3733 3734/3734/3734
f 3726/3726/3726 3730/3730/3730 3734/3734/3734
f 3726/3726/3726 3734/3734/3734 3735/3735/3735
f 3731/3731/3731 3682/3682/3682 3684/3684/3684
f 3731/3731/3731 3684/3684/3684 3736/3736/3736
f 3732/3732/3732 3731/3731/3731 3736/3736/3736
f 3732/3732/3732 3736/3736/3736 3737/3737/3737
f 3732/3732/3732 3737/3737/3737 3738/3738/3738
f 3732/3732/3732 3738/3738/3738 3733/3733/3733
f 3733/3733/3733 3738/3738/3738 3739/3739/3739
f 3733/3733/3733 3739/3739/3739 3734/3734/3734
f 3734/3734/3734 3739/3739/3739 3740/3740/3740
f 3734/3734/3734 3740/3740/3740 3735/3735/3735
f 3735/3735/3735 3740/3740/3740 3717/3717/3717
f 3735/3735/3735 3717/3717/3717 3714/3714/3714
f 3684/3684/3684 3685/3685/3685 3741/3741/3741
f 3684/3684/3684 3741/3741/3741 3736/3736/3736
f 3717/3717/3717 3740/3740/3740 3716/3716/3716
f 3737/3737/3737 3736/3736/3736 3741/3741/3741
f 3737/3737/3737 3741/3741/3741 3742/3742/3742
f 3737/3737/3737 3742/3742/3742 3743/3743/3743
f 3737/3737/3737 3743/3743/3743 3738/3738/3738
f 3738/3738/3738 3743/3743/3743 3744/3744/3744
f 3738/3738/3738 3744/3744/3744 3739/3739/3739
f 3739/3739/3739 3744/3744/3744 3745/3745/3745
f 3739/3739/3739 3745/3745/3745 3740/3740/3740
f 3746/3746/3746 3694/3694/3694 3270/3270/3270
f 3746/3746/3746 3270/3270/3270 3261/3261/3261
f 3746/3746/3746 3261/3261/3261 3209/3209/3209
f 3694/3694/3694 3747/3747/3747 3271/3271/3271
f 3694/3694/3694 3271/3271/3271 3270/3270/3270
f 3747/3747/3747 3695/3695/3695 3696/3696/3696
f 3747/3747/3747 3696/3696/3696 3272/3272/3272
f 3696/3696/3696 3698/3698/3698 3273/3273/3273
f 3696/3696/3696 3273/3273/3273 3272/3272/3272
f 3272/3272/3272 3271/3271/3271 3747/3747/3747
f 3202/3202/3202 3351/3351/3351 3748/3748/3748
f 3202/3202/3202 3748/3748/3748 3660/3660/3660
f 3699/3699/3699 3274/3274/3274 3273/3273/3273
f 3753/3753/3753 3752/3752/3752 3356/3356/3356
f 3753/3753/3753 3356/3356/3356 3755/3755/3755
f 3748/3748/3748 3749/3749/3749 3660/3660/3660
f 3748/3748/3748 3750/3750/3750 3749/3749/3749
f 3352/3352/3352 3750/3750/3750 3748/3748/3748
f 3750/3750/3750 3751/3751/3751 3749/3749/3749
f 3750/3750/3750 3752/3752/3752 3751/3751/3751
f 3354/3354/3354 3752/3752/3752 3750/3750/3750
f 3752/3752/3752 3753/3753/3753 3751/3751/3751
f 3356/3356/3356 3752/3752/3752 3354/3354/3354
f 3754/3754/3754 3753/3753/3753 3755/3755/3755
f 3754/3754/3754 3755/3755/3755 3756/3756/3756
f 3357/3357/3357 3755/3755/3755 3356/3356/3356
f 3677/3677/3677 3757/3757/3757 3758/3758/3758
f 3677/3677/3677 3758/3758/3758 3678/3678/3678
f 3357/3357/3357 3756/3756/3756 3755/3755/3755
f 3360/3360/3360 3756/3756/3756 3357/3357/3357
f 3676/3676/3676 3757/3757/3757 3677/3677/3677
f 3749/3749/3749 3757/3757/3757 3676/3676/3676
f 3758/3758/3758 3760/3760/3760 3761/3761/3761
f 3758/3758/3758 3761/3761/3761 3759/3759/3759
f 3758/3758/3758 3759/3759/3759 3678/3678/3678
f 3757/3757/3757 3760/3760/3760 3758/3758/3758
f 3751/3751/3751 3760/3760/3760 3757/3757/3757
f 3697/3697/3697 3762/3762/3762 3763/3763/3763
f 3697/3697/3697 3763/3763/3763 3699/3699/3699
f 3753/3753/3753 3760/3760/3760 3751/3751/3751
f 3754/3754/3754 3761/3761/3761 3753/3753/3753
f 3759/3759/3759 3685/3685/3685 3678/3678/3678
f 3762/3762/3762 3765/3765/3765 3766/3766/3766
f 3762/3762/3762 3766/3766/3766 3763/3763/3763
f 3767/3767/3767 3772/3772/3772 3423/3423/3423
f 3767/3767/3767 3423/3423/3423 3768/3768/3768
f 3421/3421/3421 3765/3765/3765 3764/3764/3764
f 3766/3766/3766 3422/3422/3422 3420/3420/3420
f 3756/3756/3756 3769/3769/3769 3754/3754/3754
f 3768/3768/3768 3423/3423/3423 3773/3773/3773
f 3768/3768/3768 3773/3773/3773 3764/3764/3764
f 3769/3769/3769 3756/3756/3756 3360/3360/3360
f 3769/3769/3769 3360/3360/3360 3427/3427/3427
f 3773/3773/3773 3421/3421/3421 3764/3764/3764
f 3773/3773/3773 3425/3425/3425 3421/3421/3421
f 3772/3772/3772 3771/3771/3771 3429/3429/3429
f 3772/3772/3772 3429/3429/3429 3430/3430/3430
f 3428/3428/3428 3770/3770/3770 3427/3427/3427
f 3429/3429/3429 3771/3771/3771 3770/3770/3770
f 3772/3772/3772 3430/3430/3430 3774/3774/3774
f 3772/3772/3772 3774/3774/3774 3423/3423/3423
f 3716/3716/3716 3779/3779/3779 3780/3780/3780
f 3716/3716/3716 3780/3780/3780 3719/3719/3719
f 3774/3774/3774 3431/3431/3431 3423/3423/3423
f 3697/3697/3697 3719/3719/3719 3781/3781/3781
f 3697/3697/3697 3781/3781/3781 3762/3762/3762
f 3778/3778/3778 3783/3783/3783 3784/3784/3784
f 3778/3778/3778 3784/3784/3784 3779/3779/3779
f 3775/3775/3775 3782/3782/3782 3776/3776/3776
f 3783/3783/3783 3778/3778/3778 3777/3777/3777
f 3780/3780/3780 3779/3779/3779 3784/3784/3784
f 3780/3780/3780 3784/3784/3784 3785/3785/3785
f 3764/3764/3764 3765/3765/3765 3781/3781/3781
f 3764/3764/3764 3781/3781/3781 3785/3785/3785
f 3767/3767/3767 3768/3768/3768 3788/3788/3788
f 3767/3767/3767 3788/3788/3788 3783/3783/3783
f 3781/3781/3781 3765/3765/3765 3762/3762/3762
f 3761/3761/3761 3786/3786/3786 3775/3775/3775
f 3754/3754/3754 3786/3786/3786 3761/3761/3761
f 3782/3782/3782 3787/3787/3787 3777/3777/3777
f 3783/3783/3783 3787/3787/3787 3767/3767/3767
f 3788/3788/3788 3784/3784/3784 3783/3783/3783
f 3782/3782/3782 3786/3786/3786 3769/3769/3769
f 3782/3782/3782 3769/3769/3769 3789/3789/3789
f 3788/3788/3788 3785/3785/3785 3784/3784/3784
f 3769/3769/3769 3786/3786/3786 3754/3754/3754
f 3767/3767/3767 3787/3787/3787 3789/3789/3789
f 3767/3767/3767 3789/3789/3789 3771/3771/3771
f 3770/3770/3770 3789/3789/3789 3769/3769/3769
f 3789/3789/3789 3787/3787/3787 3782/3782/3782
f 3741/3741/3741 3685/3685/3685 3759/3759/3759
f 3741/3741/3741 3759/3759/3759 3790/3790/3790
f 3742/3742/3742 3741/3741/3741 3790/3790/3790
f 3742/3742/3742 3790/3790/3790 3791/3791/3791
f 3775/3775/3775 3790/3790/3790 3759/3759/3759
f 3790/3790/3790 3775/3775/3775 3776/3776/3776
f 3790/3790/3790 3776/3776/3776 3791/3791/3791
f 3742/3742/3742 3791/3791/3791 3792/3792/3792
f 3742/3742/3742 3792/3792/3792 3743/3743/3743
f 3791/3791/3791 3776/3776/3776 3777/3777/3777
f 3791/3791/3791 3777/3777/3777 3792/3792/3792
f 3743/3743/3743 3792/3792/3792 3778/3778/3778
f 3743/3743/3743 3778/3778/3778 3744/3744/3744
f 3744/3744/3744 3778/3778/3778 3779/3779/3779
f 3744/3744/3744 3779/3779/3779 3745/3745/3745
f 3778/3778/3778 3792/3792/3792 3777/3777/3777
f 3274/3274/3274 3699/3699/3699 3763/3763/3763
f 3274/3274/3274 3763/3763/3763 3479/3479/3479
f 3575/3575/3575 3578/3578/3578 3795/3795/3795
f 3575/3575/3575 3795/3795/3795 3794/3794/3794
f 3573/3573/3573 2474/2474/2474 2445/2445/2445
f 3793/3793/3793 3794/3794/3794 3573/3573/3573
f 3575/3575/3575 3794/3794/3794 3793/3793/3793
f 2474/2474/2474 3573/3573/3573 3796/3796/3796
f 2474/2474/2474 3796/3796/3796 2488/2488/2488
f 3573/3573/3573 3794/3794/3794 3798/3798/3798
f 3573/3573/3573 3798/3798/3798 3796/3796/3796
f 3797/3797/3797 3796/3796/3796 3798/3798/3798
f 3797/3797/3797 3798/3798/3798 3799/3799/3799
f 3794/3794/3794 3795/3795/3795 3800/3800/3800
f 3794/3794/3794 3800/3800/3800 3798/3798/3798
f 3799/3799/3799 3798/3798/3798 3800/3800/3800
f 3799/3799/3799 3800/3800/3800 3801/3801/3801
f 3578/3578/3578 3597/3597/3597 3803/3803/3803
f 3578/3578/3578 3803/3803/3803 3795/3795/3795
f 3801/3801/3801 3800/3800/3800 3803/3803/3803
f 3801/3801/3801 3803/3803/3803 3804/3804/3804
f 3802/3802/3802 3801/3801/3801 3804/3804/3804
f 3802/3802/3802 3804/3804/3804 3805/3805/3805
f 3598/3598/3598 3804/3804/3804 3803/3803/3803
f 3598/3598/3598 3600/3600/3600 3808/3808/3808
f 3598/3598/3598 3808/3808/3808 3804/3804/3804
f 3805/3805/3805 3806/3806/3806 3802/3802/3802
f 3807/3807/3807 3806/3806/3806 3809/3809/3809
f 3807/3807/3807 3809/3809/3809 3810/3810/3810
f 3808/3808/3808 3809/3809/3809 3805/3805/3805
f 3601/3601/3601 3809/3809/3809 3808/3808/3808
f 3809/3809/3809 3806/3806/3806 3805/3805/3805
f 2498/2498/2498 3812/3812/3812 3813/3813/3813
f 2498/2498/2498 3813/3813/3813 2499/2499/2499
f 3602/3602/3602 3810/3810/3810 3809/3809/3809
f 3606/3606/3606 3810/3810/3810 3602/3602/3602
f 3796/3796/3796 2497/2497/2497 2488/2488/2488
f 3797/3797/3797 3811/3811/3811 3796/3796/3796
f 3811/3811/3811 2498/2498/2498 2497/2497/2497
f 2499/2499/2499 3813/3813/3813 3814/3814/3814
f 2499/2499/2499 3814/3814/3814 2500/2500/2500
f 3813/3813/3813 3812/3812/3812 3815/3815/3815
f 3813/3813/3813 3815/3815/3815 3816/3816/3816
f 3797/3797/3797 3815/3815/3815 3811/3811/3811
f 3799/3799/3799 3815/3815/3815 3797/3797/3797
f 3813/3813/3813 3816/3816/3816 3817/3817/3817
f 3813/3813/3813 3817/3817/3817 3814/3814/3814
f 3799/3799/3799 3801/3801/3801 3818/3818/3818
f 3799/3799/3799 3818/3818/3818 3815/3815/3815
f 3816/3816/3816 3815/3815/3815 3818/3818/3818
f 3816/3816/3816 3818/3818/3818 3819/3819/3819
f 3816/3816/3816 3819/3819/3819 3820/3820/3820
f 3816/3816/3816 3820/3820/3820 3817/3817/3817
f 3802/3802/3802 3819/3819/3819 3818/3818/3818
f 3802/3802/3802 3806/3806/3806 3821/3821/3821
f 3802/3802/3802 3821/3821/3821 3819/3819/3819
f 3822/3822/3822 3823/3823/3823 3825/3825/3825
f 3822/3822/3822 3825/3825/3825 3824/3824/3824
f 2600/2600/2600 3828/3828/3828 2645/2645/2645
f 2600/2600/2600 2645/2645/2645 2590/2590/2590
f 2611/2611/2611 3829/3829/3829 3828/3828/3828
f 2611/2611/2611 3828/3828/3828 2600/2600/2600
f 2620/2620/2620 3830/3830/3830 2611/2611/2611
f 2620/2620/2620 2611/2611/2611 2610/2610/2610
f 2611/2611/2611 3830/3830/3830 3831/3831/3831
f 2611/2611/2611 3831/3831/3831 3829/3829/3829
f 2628/2628/2628 3833/3833/3833 3830/3830/3830
f 2628/2628/2628 3830/3830/3830 2620/2620/2620
f 3833/3833/3833 2628/2628/2628 3834/3834/3834
f 3833/3833/3833 3834/3834/3834 3835/3835/3835
f 3833/3833/3833 3835/3835/3835 3832/3832/3832
f 3833/3833/3833 3832/3832/3832 3830/3830/3830
f 2636/2636/2636 3841/3841/3841 2628/2628/2628
f 2636/2636/2636 2628/2628/2628 2627/2627/2627
f 3840/3840/3840 3841/3841/3841 2636/2636/2636
f 3841/3841/3841 3840/3840/3840 3842/3842/3842
f 3841/3841/3841 3842/3842/3842 3843/3843/3843
f 3841/3841/3841 3843/3843/3843 3834/3834/3834
f 3841/3841/3841 3834/3834/3834 2628/2628/2628
f 3834/3834/3834 3843/3843/3843 3844/3844/3844
f 3834/3834/3834 3844/3844/3844 3835/3835/3835
f 3844/3844/3844 3843/3843/3843 3845/3845/3845
f 3844/3844/3844 3845/3845/3845 3846/3846/3846
f 3844/3844/3844 3846/3846/3846 3837/3837/3837
f 3844/3844/3844 3837/3837/3837 3835/3835/3835
f 3846/3846/3846 3845/3845/3845 3847/3847/3847
f 3846/3846/3846 3847/3847/3847 3848/3848/3848
f 3825/3825/3825 3823/3823/3823 3838/3838/3838
f 3825/3825/3825 3838/3838/3838 3855/3855/3855
f 3851/3851/3851 3855/3855/3855 3856/3856/3856
f 3851/3851/3851 3856/3856/3856 3852/3852/3852
f 3855/3855/3855 3838/3838/3838 3839/3839/3839
f 3855/3855/3855 3839/3839/3839 3856/3856/3856
f 3853/3853/3853 3852/3852/3852 3856/3856/3856
f 3853/3853/3853 3856/3856/3856 3857/3857/3857
f 2643/2643/2643 3863/3863/3863 3840/3840/3840
f 2643/2643/2643 3840/3840/3840 2636/2636/2636
f 3863/3863/3863 3865/3865/3865 3842/3842/3842
f 3863/3863/3863 3842/3842/3842 3840/3840/3840
f 3842/3842/3842 3865/3865/3865 3866/3866/3866
f 3842/3842/3842 3866/3866/3866 3843/3843/3843
f 3864/3864/3864 3867/3867/3867 3868/3868/3868
f 3864/3864/3864 3868/3868/3868 3865/3865/3865
f 3866/3866/3866 3865/3865/3865 3868/3868/3868
f 3866/3866/3866 3868/3868/3868 3869/3869/3869
f 3866/3866/3866 3869/3869/3869 3845/3845/3845
f 3866/3866/3866 3845/3845/3845 3843/3843/3843
f 3867/3867/3867 3870/3870/3870 3871/3871/3871
f 3867/3867/3867 3871/3871/3871 3868/3868/3868
f 3869/3869/3869 3868/3868/3868 3871/3871/3871
f 3869/3869/3869 3871/3871/3871 3872/3872/3872
f 3869/3869/3869 3872/3872/3872 3847/3847/3847
f 3869/3869/3869 3847/3847/3847 3845/3845/3845
f 3870/3870/3870 3874/3874/3874 3875/3875/3875
f 3870/3870/3870 3875/3875/3875 3871/3871/3871
f 3872/3872/3872 3848/3848/3848 3847/3847/3847
f 3871/3871/3871 3875/3875/3875 3876/3876/3876
f 3871/3871/3871 3876/3876/3876 3872/3872/3872
f 3872/3872/3872 3877/3877/3877 3849/3849/3849
f 3872/3872/3872 3849/3849/3849 3848/3848/3848
f 3876/3876/3876 3877/3877/3877 3872/3872/3872
f 3873/3873/3873 3880/3880/3880 3881/3881/3881
f 3873/3873/3873 3881/3881/3881 3874/3874/3874
f 3875/3875/3875 3874/3874/3874 3881/3881/3881
f 3875/3875/3875 3881/3881/3881 3882/3882/3882
f 3875/3875/3875 3882/3882/3882 3883/3883/3883
f 3875/3875/3875 3883/3883/3883 3876/3876/3876
f 3876/3876/3876 3883/3883/3883 3884/3884/3884
f 3876/3876/3876 3884/3884/3884 3877/3877/3877
f 3878/3878/3878 3885/3885/3885 3886/3886/3886
f 3878/3878/3878 3886/3886/3886 3879/3879/3879
f 3884/3884/3884 3850/3850/3850 3877/3877/3877
f 3850/3850/3850 3849/3849/3849 3877/3877/3877
f 3851/3851/3851 3852/3852/3852 3886/3886/3886
f 3851/3851/3851 3886/3886/3886 3885/3885/3885
f 3879/3879/3879 3886/3886/3886 3887/3887/3887
f 3879/3879/3879 3887/3887/3887 3880/3880/3880
f 3886/3886/3886 3852/3852/3852 3853/3853/3853
f 3886/3886/3886 3853/3853/3853 3887/3887/3887
f 3880/3880/3880 3887/3887/3887 3888/3888/3888
f 3880/3880/3880 3888/3888/3888 3881/3881/3881
f 3882/3882/3882 3881/3881/3881 3888/3888/3888
f 3882/3882/3882 3888/3888/3888 3889/3889/3889
f 3883/3883/3883 3882/3882/3882 3889/3889/3889
f 3883/3883/3883 3889/3889/3889 3890/3890/3890
f 3883/3883/3883 3890/3890/3890 3891/3891/3891
f 3883/3883/3883 3891/3891/3891 3884/3884/3884
f 3826/3826/3826 3827/3827/3827 3892/3892/3892
f 3826/3826/3826 3892/3892/3892 3885/3885/3885
f 3891/3891/3891 3854/3854/3854 3850/3850/3850
f 3825/3825/3825 3855/3855/3855 3892/3892/3892
f 3825/3825/3825 3892/3892/3892 3827/3827/3827
f 3851/3851/3851 3885/3885/3885 3892/3892/3892
f 3851/3851/3851 3892/3892/3892 3855/3855/3855
f 3853/3853/3853 3857/3857/3857 3893/3893/3893
f 3853/3853/3853 3893/3893/3893 3887/3887/3887
f 3889/3889/3889 3888/3888/3888 3893/3893/3893
f 3889/3889/3889 3893/3893/3893 3894/3894/3894
f 3858/3858/3858 3859/3859/3859 3894/3894/3894
f 3858/3858/3858 3894/3894/3894 3893/3893/3893
f 3890/3890/3890 3889/3889/3889 3894/3894/3894
f 3890/3890/3890 3894/3894/3894 3895/3895/3895
f 3859/3859/3859 3860/3860/3860 3895/3895/3895
f 3859/3859/3859 3895/3895/3895 3894/3894/3894
f 3890/3890/3890 3895/3895/3895 3896/3896/3896
f 3890/3890/3890 3896/3896/3896 3891/3891/3891
f 3860/3860/3860 3861/3861/3861 3896/3896/3896
f 3860/3860/3860 3896/3896/3896 3895/3895/3895
f 2644/2644/2644 3897/3897/3897 1975/1975/1975
f 2644/2644/2644 1975/1975/1975 642/642/642
f 3862/3862/3862 3896/3896/3896 3861/3861/3861
f 3897/3897/3897 3898/3898/3898 1976/1976/1976
f 3897/3897/3897 1976/1976/1976 1975/1975/1975
f 1979/1979/1979 3901/3901/3901 3902/3902/3902
f 1979/1979/1979 3902/3902/3902 1980/1980/1980
f 3898/3898/3898 1977/1977/1977 1976/1976/1976
f 1978/1978/1978 1977/1977/1977 3899/3899/3899
f 3900/3900/3900 1979/1979/1979 1978/1978/1978
f 1980/1980/1980 3902/3902/3902 3903/3903/3903
f 1980/1980/1980 3903/3903/3903 1981/1981/1981
f 3903/3903/3903 3904/3904/3904 1982/1982/1982
f 3903/3903/3903 1982/1982/1982 1981/1981/1981
f 2644/2644/2644 2645/2645/2645 3905/3905/3905
f 2644/2644/2644 3905/3905/3905 3897/3897/3897
f 3897/3897/3897 3905/3905/3905 3906/3906/3906
f 3897/3897/3897 3906/3906/3906 3898/3898/3898
f 3906/3906/3906 3907/3907/3907 3899/3899/3899
f 3906/3906/3906 3899/3899/3899 3898/3898/3898
f 3907/3907/3907 3908/3908/3908 3900/3900/3900
f 3907/3907/3907 3900/3900/3900 3899/3899/3899
f 3909/3909/3909 3911/3911/3911 3902/3902/3902
f 3909/3909/3909 3902/3902/3902 3901/3901/3901
f 3909/3909/3909 3901/3901/3901 3900/3900/3900
f 3910/3910/3910 3911/3911/3911 3909/3909/3909
f 3902/3902/3902 3911/3911/3911 3912/3912/3912
f 3902/3902/3902 3912/3912/3912 3903/3903/3903
f 3903/3903/3903 3912/3912/3912 3913/3913/3913
f 3903/3903/3903 3913/3913/3913 3904/3904/3904
f 2645/2645/2645 3828/3828/3828 3914/3914/3914
f 2645/2645/2645 3914/3914/3914 3905/3905/3905
f 3917/3917/3917 3918/3918/3918 3909/3909/3909
f 3917/3917/3917 3909/3909/3909 3908/3908/3908
f 3915/3915/3915 3906/3906/3906 3905/3905/3905
f 3916/3916/3916 3907/3907/3907 3906/3906/3906
f 3917/3917/3917 3908/3908/3908 3907/3907/3907
f 3918/3918/3918 3919/3919/3919 3910/3910/3910
f 3918/3918/3918 3910/3910/3910 3909/3909/3909
f 3910/3910/3910 3919/3919/3919 3920/3920/3920
f 3910/3910/3910 3920/3920/3920 3911/3911/3911
f 3920/3920/3920 3919/3919/3919 3921/3921/3921
f 3920/3920/3920 3921/3921/3921 3922/3922/3922
f 3920/3920/3920 3922/3922/3922 3912/3912/3912
f 3920/3920/3920 3912/3912/3912 3911/3911/3911
f 3912/3912/3912 3922/3922/3922 3923/3923/3923
f 3912/3912/3912 3923/3923/3923 3913/3913/3913
f 3914/3914/3914 3924/3924/3924 3925/3925/3925
f 3914/3914/3914 3925/3925/3925 3915/3915/3915
f 3914/3914/3914 3828/3828/3828 3924/3924/3924
f 3925/3925/3925 3927/3927/3927 3916/3916/3916
f 3925/3925/3925 3916/3916/3916 3915/3915/3915
f 3926/3926/3926 3927/3927/3927 3925/3925/3925
f 3927/3927/3927 3928/3928/3928 3917/3917/3917
f 3927/3927/3927 3917/3917/3917 3916/3916/3916
f 3928/3928/3928 3929/3929/3929 3918/3918/3918
f 3928/3928/3928 3918/3918/3918 3917/3917/3917
f 3929/3929/3929 3930/3930/3930 3919/3919/3919
f 3929/3929/3929 3919/3919/3919 3918/3918/3918
f 3930/3930/3930 3931/3931/3931 3921/3921/3921
f 3930/3930/3930 3921/3921/3921 3919/3919/3919
f 3931/3931/3931 3932/3932/3932 3923/3923/3923
f 3931/3931/3931 3923/3923/3923 3922/3922/3922
f 3931/3931/3931 3922/3922/3922 3921/3921/3921
f 3935/3935/3935 3937/3937/3937 3928/3928/3928
f 3935/3935/3935 3928/3928/3928 3927/3927/3927
f 3831/3831/3831 3924/3924/3924 3829/3829/3829
f 3832/3832/3832 3933/3933/3933 3831/3831/3831
f 3933/3933/3933 3925/3925/3925 3924/3924/3924
f 3934/3934/3934 3935/3935/3935 3933/3933/3933
f 3926/3926/3926 3925/3925/3925 3933/3933/3933
f 3935/3935/3935 3927/3927/3927 3926/3926/3926
f 3936/3936/3936 3937/3937/3937 3935/3935/3935
f 3937/3937/3937 3939/3939/3939 3929/3929/3929
f 3937/3937/3937 3929/3929/3929 3928/3928/3928
f 3938/3938/3938 3939/3939/3939 3937/3937/3937
f 3939/3939/3939 3938/3938/3938 3940/3940/3940
f 3939/3939/3939 3940/3940/3940 3941/3941/3941
f 3939/3939/3939 3941/3941/3941 3930/3930/3930
f 3939/3939/3939 3930/3930/3930 3929/3929/3929
f 3941/3941/3941 3943/3943/3943 3931/3931/3931
f 3941/3941/3941 3931/3931/3931 3930/3930/3930
f 3942/3942/3942 3943/3943/3943 3941/3941/3941
f 3943/3943/3943 3944/3944/3944 3932/3932/3932
f 3943/3943/3943 3932/3932/3932 3931/3931/3931
f 3944/3944/3944 3943/3943/3943 3942/3942/3942
f 3945/3945/3945 3946/3946/3946 3936/3936/3936
f 3945/3945/3945 3936/3936/3936 3935/3935/3935
f 3836/3836/3836 3933/3933/3933 3832/3832/3832
f 3837/3837/3837 3945/3945/3945 3836/3836/3836
f 3934/3934/3934 3933/3933/3933 3836/3836/3836
f 3945/3945/3945 3935/3935/3935 3934/3934/3934
f 3954/3954/3954 3946/3946/3946 3945/3945/3945
f 3946/3946/3946 3948/3948/3948 3938/3938/3938
f 3946/3946/3946 3938/3938/3938 3937/3937/3937
f 3946/3946/3946 3937/3937/3937 3936/3936/3936
f 3947/3947/3947 3948/3948/3948 3946/3946/3946
f 3948/3948/3948 3947/3947/3947 3949/3949/3949
f 3948/3948/3948 3949/3949/3949 3950/3950/3950
f 3948/3948/3948 3950/3950/3950 3940/3940/3940
f 3948/3948/3948 3940/3940/3940 3938/3938/3938
f 3951/3951/3951 3952/3952/3952 3953/3953/3953
f 3951/3951/3951 3953/3953/3953 3942/3942/3942
f 3950/3950/3950 3941/3941/3941 3940/3940/3940
f 3951/3951/3951 3950/3950/3950 3949/3949/3949
f 3951/3951/3951 3942/3942/3942 3950/3950/3950
f 3942/3942/3942 3941/3941/3941 3950/3950/3950
f 3837/3837/3837 3846/3846/3846 3954/3954/3954
f 3837/3837/3837 3954/3954/3954 3945/3945/3945
f 3954/3954/3954 3846/3846/3846 3848/3848/3848
f 3954/3954/3954 3848/3848/3848 3955/3955/3955
f 3848/3848/3848 3849/3849/3849 3956/3956/3956
f 3848/3848/3848 3956/3956/3956 3955/3955/3955
f 3955/3955/3955 3946/3946/3946 3954/3954/3954
f 3956/3956/3956 3849/3849/3849 3850/3850/3850
f 3956/3956/3956 3850/3850/3850 3957/3957/3957
f 3956/3956/3956 3947/3947/3947 3955/3955/3955
f 3947/3947/3947 3946/3946/3946 3955/3955/3955
f 3947/3947/3947 3956/3956/3956 3957/3957/3957
f 3947/3947/3947 3957/3957/3957 3958/3958/3958
f 3958/3958/3958 3957/3957/3957 3854/3854/3854
f 3958/3958/3958 3854/3854/3854 3959/3959/3959
f 3958/3958/3958 3959/3959/3959 3951/3951/3951
f 3958/3958/3958 3951/3951/3951 3949/3949/3949
f 3951/3951/3951 3959/3959/3959 3960/3960/3960
f 3951/3951/3951 3960/3960/3960 3952/3952/3952
f 3960/3960/3960 3959/3959/3959 3854/3854/3854
f 1298/1298/1298 2008/2008/2008 3961/3961/3961
f 1298/1298/1298 3961/3961/3961 3043/3043/3043
f 3050/3050/3050 3043/3043/3043 3961/3961/3961
f 3050/3050/3050 3961/3961/3961 3964/3964/3964
f 3962/3962/3962 3961/3961/3961 2009/2009/2009
f 3963/3963/3963 3962/3962/3962 2010/2010/2010
f 3061/3061/3061 3050/3050/3050 3964/3964/3964
f 3061/3061/3061 3964/3964/3964 3968/3968/3968
f 3961/3961/3961 3965/3965/3965 3964/3964/3964
f 3962/3962/3962 3966/3966/3966 3965/3965/3965
f 3967/3967/3967 3966/3966/3966 3963/3963/3963
f 3968/3968/3968 3964/3964/3964 3965/3965/3965
f 3968/3968/3968 3965/3965/3965 3969/3969/3969
f 3969/3969/3969 3965/3965/3965 3966/3966/3966
f 3969/3969/3969 3966/3966/3966 3970/3970/3970
f 3072/3072/3072 3061/3061/3061 3968/3968/3968
f 3072/3072/3072 3968/3968/3968 3972/3972/3972
f 3967/3967/3967 3970/3970/3970 3966/3966/3966
f 3972/3972/3972 3968/3968/3968 3969/3969/3969
f 3972/3972/3972 3969/3969/3969 3973/3973/3973
f 3970/3970/3970 3967/3967/3967 3975/3975/3975
f 3970/3970/3970 3975/3975/3975 3974/3974/3974
f 3974/3974/3974 3973/3973/3973 3970/3970/3970
f 3072/3072/3072 3972/3972/3972 3977/3977/3977
f 3072/3072/3072 3977/3977/3977 3085/3085/3085
f 3977/3977/3977 3972/3972/3972 3973/3973/3973
f 3977/3977/3977 3973/3973/3973 3978/3978/3978
f 3085/3085/3085 3977/3977/3977 3982/3982/3982
f 3085/3085/3085 3982/3982/3982 3098/3098/3098
f 3973/3973/3973 3979/3979/3979 3978/3978/3978
f 3974/3974/3974 3979/3979/3979 3973/3973/3973
f 3974/3974/3974 3971/3971/3971 3976/3976/3976
f 3974/3974/3974 3975/3975/3975 3971/3971/3971
f 3980/3980/3980 3976/3976/3976 3986/3986/3986
f 3980/3980/3980 3986/3986/3986 3985/3985/3985
f 3978/3978/3978 3982/3982/3982 3977/3977/3977
f 3980/3980/3980 3979/3979/3979 3976/3976/3976
f 3984/3984/3984 3985/3985/3985 3991/3991/3991
f 3984/3984/3984 3991/3991/3991 3990/3990/3990
f 3982/3982/3982 3114/3114/3114 3098/3098/3098
f 3982/3982/3982 3984/3984/3984 3983/3983/3983
f 3987/3987/3987 3985/3985/3985 3984/3984/3984
f 3989/3989/3989 3114/3114/3114 3983/3983/3983
f 3990/3990/3990 3989/3989/3989 3984/3984/3984
f 3991/3991/3991 3985/3985/3985 3986/3986/3986
f 3991/3991/3991 3986/3986/3986 3992/3992/3992
f 2046/2046/2046 2041/2041/2041 3994/3994/3994
f 2046/2046/2046 3994/3994/3994 3993/3993/3993
f 3988/3988/3988 3992/3992/3992 3986/3986/3986
f 3994/3994/3994 2041/2041/2041 2047/2047/2047
f 3994/3994/3994 2047/2047/2047 3995/3995/3995
f 3995/3995/3995 2047/2047/2047 2048/2048/2048
f 3995/3995/3995 2048/2048/2048 3996/3996/3996
f 3999/3999/3999 3994/3994/3994 3995/3995/3995
f 3999/3999/3999 3995/3995/3995 4000/4000/4000
f 3998/3998/3998 3997/3997/3997 2049/2049/2049
f 3997/3997/3997 3963/3963/3963 2011/2011/2011
f 2011/2011/2011 2049/2049/2049 3997/3997/3997
f 4000/4000/4000 3995/3995/3995 3996/3996/3996
f 4000/4000/4000 3996/3996/3996 4001/4001/4001
f 3997/3997/3997 3998/3998/3998 4003/4003/4003
f 3997/3997/3997 4003/4003/4003 4002/4002/4002
f 3963/3963/3963 3997/3997/3997 4002/4002/4002
f 3963/3963/3963 4002/4002/4002 3967/3967/3967
f 4004/4004/4004 4003/4003/4003 3998/3998/3998
f 4004/4004/4004 3998/3998/3998 3993/3993/3993
f 3993/3993/3993 3999/3999/3999 4008/4008/4008
f 3993/3993/3993 4008/4008/4008 4007/4007/4007
f 4008/4008/4008 3999/3999/3999 4000/4000/4000
f 4008/4008/4008 4000/4000/4000 4009/4009/4009
f 4005/4005/4005 4009/4009/4009 4010/4010/4010
f 4005/4005/4005 4010/4010/4010 4006/4006/4006
f 4000/4000/4000 4001/4001/4001 4010/4010/4010
f 4000/4000/4000 4010/4010/4010 4009/4009/4009
f 4002/4002/4002 4003/4003/4003 4012/4012/4012
f 4002/4002/4002 4012/4012/4012 4011/4011/4011
f 4012/4012/4012 4003/4003/4003 4004/4004/4004
f 4012/4012/4012 4004/4004/4004 4007/4007/4007
f 4007/4007/4007 4008/4008/4008 4015/4015/4015
f 4007/4007/4007 4015/4015/4015 4014/4014/4014
f 4007/4007/4007 4004/4004/4004 3993/3993/3993
f 4006/4006/4006 4013/4013/4013 4005/4005/4005
f 4006/4006/4006 4010/4010/4010 4016/4016/4016
f 4006/4006/4006 4016/4016/4016 4013/4013/4013
f 4015/4015/4015 4009/4009/4009 4005/4005/4005
f 4011/4011/4011 4012/4012/4012 4017/4017/4017
f 4011/4011/4011 4017/4017/4017 3975/3975/3975
f 4005/4005/4005 4013/4013/4013 4020/4020/4020
f 4005/4005/4005 4020/4020/4020 4019/4019/4019
f 4014/4014/4014 4017/4017/4017 4012/4012/4012
f 4014/4014/4014 4015/4015/4015 4018/4018/4018
f 4014/4014/4014 4018/4018/4018 4021/4021/4021
f 4005/4005/4005 4019/4019/4019 4018/4018/4018
f 4005/4005/4005 4018/4018/4018 4015/4015/4015
f 4018/4018/4018 4019/4019/4019 3822/3822/3822
f 4018/4018/4018 3822/3822/3822 4023/4023/4023
f 4014/4014/4014 4022/4022/4022 4017/4017/4017
f 4019/4019/4019 4020/4020/4020 4024/4024/4024
f 4019/4019/4019 4024/4024/4024 3822/3822/3822
f 4024/4024/4024 3823/3823/3823 3822/3822/3822
f 3981/3981/3981 3971/3971/3971 4017/4017/4017
f 3981/3981/3981 4017/4017/4017 4027/4027/4027
f 4023/4023/4023 4026/4026/4026 4021/4021/4021
f 4021/4021/4021 4026/4026/4026 4027/4027/4027
f 4021/4021/4021 4027/4027/4027 4022/4022/4022
f 4027/4027/4027 4026/4026/4026 4025/4025/4025
f 4030/4030/4030 4025/4025/4025 4031/4031/4031
f 4030/4030/4030 4031/4031/4031 4033/4033/4033
f 4029/4029/4029 4028/4028/4028 4023/4023/4023
f 4028/4028/4028 4025/4025/4025 4026/4026/4026
f 4030/4030/4030 3986/3986/3986 3981/3981/3981
f 4030/4030/4030 4027/4027/4027 4025/4025/4025
f 4032/4032/4032 4031/4031/4031 4028/4028/4028
f 4032/4032/4032 4029/4029/4029 3824/3824/3824
f 2048/2048/2048 2108/2108/2108 4034/4034/4034
f 2048/2048/2048 4034/4034/4034 3996/3996/3996
f 2108/2108/2108 2109/2109/2109 4035/4035/4035
f 2108/2108/2108 4035/4035/4035 4034/4034/4034
f 2109/2109/2109 2110/2110/2110 4036/4036/4036
f 2109/2109/2109 4036/4036/4036 4035/4035/4035
f 2110/2110/2110 2111/2111/2111 4038/4038/4038
f 2110/2110/2110 4038/4038/4038 4037/4037/4037
f 4037/4037/4037 4036/4036/4036 2110/2110/2110
f 4038/4038/4038 2111/2111/2111 2112/2112/2112
f 4038/4038/4038 2112/2112/2112 4039/4039/4039
f 2112/2112/2112 2113/2113/2113 4040/4040/4040
f 2112/2112/2112 4040/4040/4040 4039/4039/4039
f 4001/4001/4001 3996/3996/3996 4034/4034/4034
f 4001/4001/4001 4034/4034/4034 4041/4041/4041
f 4034/4034/4034 4035/4035/4035 4042/4042/4042
f 4034/4034/4034 4042/4042/4042 4041/4041/4041
f 4035/4035/4035 4036/4036/4036 4043/4043/4043
f 4035/4035/4035 4043/4043/4043 4042/4042/4042
f 4044/4044/4044 4037/4037/4037 4038/4038/4038
f 4044/4044/4044 4038/4038/4038 4045/4045/4045
f 4044/4044/4044 4043/4043/4043 4037/4037/4037
f 4038/4038/4038 4039/4039/4039 4046/4046/4046
f 4038/4038/4038 4046/4046/4046 4045/4045/4045
f 4039/4039/4039 4040/4040/4040 4047/4047/4047
f 4039/4039/4039 4047/4047/4047 4046/4046/4046
f 4010/4010/4010 4001/4001/4001 4041/4041/4041
f 4010/4010/4010 4041/4041/4041 4048/4048/4048
f 4041/4041/4041 4042/4042/4042 4049/4049/4049
f 4041/4041/4041 4049/4049/4049 4048/4048/4048
f 4051/4051/4051 4044/4044/4044 4045/4045/4045
f 4051/4051/4051 4045/4045/4045 4053/4053/4053
f 4049/4049/4049 4050/4050/4050 4048/4048/4048
f 4042/4042/4042 4050/4050/4050 4049/4049/4049
f 4043/4043/4043 4051/4051/4051 4050/4050/4050
f 4051/4051/4051 4053/4053/4053 4052/4052/4052
f 4045/4045/4045 4046/4046/4046 4055/4055/4055
f 4045/4045/4045 4055/4055/4055 4054/4054/4054
f 4053/4053/4053 4054/4054/4054 4052/4052/4052
f 4045/4045/4045 4054/4054/4054 4053/4053/4053
f 4046/4046/4046 4047/4047/4047 4056/4056/4056
f 4046/4046/4046 4056/4056/4056 4055/4055/4055
f 4050/4050/4050 4051/4051/4051 4060/4060/4060
f 4050/4050/4050 4060/4060/4060 4058/4058/4058
f 4048/4048/4048 4058/4058/4058 4016/4016/4016
f 4060/4060/4060 4051/4051/4051 4052/4052/4052
f 4060/4060/4060 4052/4052/4052 4061/4061/4061
f 4052/4052/4052 4054/4054/4054 4065/4065/4065
f 4052/4052/4052 4065/4065/4065 4062/4062/4062
f 4052/4052/4052 4062/4062/4062 4061/4061/4061
f 4064/4064/4064 4063/4063/4063 4065/4065/4065
f 4064/4064/4064 4065/4065/4065 4066/4066/4066
f 4065/4065/4065 4055/4055/4055 4056/4056/4056
f 4065/4065/4065 4056/4056/4056 4066/4066/4066
f 4020/4020/4020 4013/4013/4013 4057/4057/4057
f 4020/4020/4020 4057/4057/4057 4067/4067/4067
f 4057/4057/4057 4016/4016/4016 4068/4068/4068
f 4057/4057/4057 4068/4068/4068 4067/4067/4067
f 4068/4068/4068 4016/4016/4016 4058/4058/4058
f 4068/4068/4068 4058/4058/4058 4069/4069/4069
f 4070/4070/4070 4069/4069/4069 4059/4059/4059
f 4070/4070/4070 4059/4059/4059 4073/4073/4073
f 4059/4059/4059 4058/4058/4058 4060/4060/4060
f 4059/4059/4059 4060/4060/4060 4073/4073/4073
f 4073/4073/4073 4061/4061/4061 4062/4062/4062
f 4073/4073/4073 4062/4062/4062 4074/4074/4074
f 4073/4073/4073 4074/4074/4074 4071/4071/4071
f 4074/4074/4074 4062/4062/4062 4063/4063/4063
f 4074/4074/4074 4063/4063/4063 4075/4075/4075
f 4075/4075/4075 4063/4063/4063 4064/4064/4064
f 4075/4075/4075 4064/4064/4064 4076/4076/4076
f 3823/3823/3823 4024/4024/4024 4077/4077/4077
f 3823/3823/3823 4077/4077/4077 3838/3838/3838
f 4024/4024/4024 4020/4020/4020 4067/4067/4067
f 4024/4024/4024 4067/4067/4067 4077/4077/4077
f 3839/3839/3839 3838/3838/3838 4077/4077/4077
f 3839/3839/3839 4077/4077/4077 4078/4078/4078
f 4077/4077/4077 4067/4067/4067 4068/4068/4068
f 4077/4077/4077 4068/4068/4068 4078/4078/4078
f 4068/4068/4068 4069/4069/4069 4082/4082/4082
f 4068/4068/4068 4082/4082/4082 4078/4078/4078
f 4080/4080/4080 4079/4079/4079 4082/4082/4082
f 4080/4080/4080 4082/4082/4082 4083/4083/4083
f 4082/4082/4082 4069/4069/4069 4070/4070/4070
f 4082/4082/4082 4070/4070/4070 4083/4083/4083
f 4083/4083/4083 4070/4070/4070 4071/4071/4071
f 4083/4083/4083 4071/4071/4071 4084/4084/4084
f 4083/4083/4083 4084/4084/4084 4080/4080/4080
f 4085/4085/4085 4074/4074/4074 4075/4075/4075
f 4085/4085/4085 4075/4075/4075 4088/4088/4088
f 4071/4071/4071 4085/4085/4085 4084/4084/4084
f 4085/4085/4085 4088/4088/4088 4086/4086/4086
f 4072/4072/4072 4087/4087/4087 4088/4088/4088
f 4072/4072/4072 4088/4088/4088 4076/4076/4076
f 4088/4088/4088 4087/4087/4087 4086/4086/4086
f 3839/3839/3839 4078/4078/4078 4089/4089/4089
f 3839/3839/3839 4089/4089/4089 3856/3856/3856
f 3858/3858/3858 3857/3857/3857 4089/4089/4089
f 3858/3858/3858 4089/4089/4089 4090/4090/4090
f 4089/4089/4089 4079/4079/4079 4080/4080/4080
f 4089/4089/4089 4080/4080/4080 4090/4090/4090
f 3859/3859/3859 3858/3858/3858 4090/4090/4090
f 3859/3859/3859 4090/4090/4090 4091/4091/4091
f 3859/3859/3859 4091/4091/4091 4092/4092/4092
f 3859/3859/3859 4092/4092/4092 3860/3860/3860
f 4080/4080/4080 4091/4091/4091 4090/4090/4090
f 3860/3860/3860 4092/4092/4092 4093/4093/4093
f 3860/3860/3860 4093/4093/4093 3861/3861/3861
f 3861/3861/3861 4093/4093/4093 4094/4094/4094
f 3861/3861/3861 4094/4094/4094 3862/3862/3862
f 4080/4080/4080 4084/4084/4084 4095/4095/4095
f 4080/4080/4080 4095/4095/4095 4091/4091/4091
f 4092/4092/4092 4095/4095/4095 4096/4096/4096
f 4092/4092/4092 4096/4096/4096 4093/4093/4093
f 4095/4095/4095 4085/4085/4085 4086/4086/4086
f 4095/4095/4095 4086/4086/4086 4096/4096/4096
f 4081/4081/4081 4094/4094/4094 4096/4096/4096
f 4081/4081/4081 4096/4096/4096 4087/4087/4087
f 4096/4096/4096 4094/4094/4094 4093/4093/4093
f 1982/1982/1982 3904/3904/3904 4097/4097/4097
f 1982/1982/1982 4097/4097/4097 2163/2163/2163
f 2164/2164/2164 2165/2165/2165 4099/4099/4099
f 2164/2164/2164 4099/4099/4099 4098/4098/4098
f 4097/4097/4097 4099/4099/4099 2165/2165/2165
f 4097/4097/4097 2165/2165/2165 2163/2163/2163
f 2166/2166/2166 2167/2167/2167 4101/4101/4101
f 2166/2166/2166 4101/4101/4101 4100/4100/4100
f 4098/4098/4098 4101/4101/4101 2167/2167/2167
f 4098/4098/4098 2167/2167/2167 2164/2164/2164
f 2113/2113/2113 2168/2168/2168 4102/4102/4102
f 2113/2113/2113 4102/4102/4102 4040/4040/4040
f 2168/2168/2168 2169/2169/2169 4103/4103/4103
f 2168/2168/2168 4103/4103/4103 4102/4102/4102
f 2169/2169/2169 2170/2170/2170 4104/4104/4104
f 2169/2169/2169 4104/4104/4104 4103/4103/4103
f 2170/2170/2170 2171/2171/2171 4105/4105/4105
f 2170/2170/2170 4105/4105/4105 4104/4104/4104
f 4100/4100/4100 4105/4105/4105 2171/2171/2171
f 4100/4100/4100 2171/2171/2171 2166/2166/2166
f 3904/3904/3904 3913/3913/3913 4106/4106/4106
f 3904/3904/3904 4106/4106/4106 4097/4097/4097
f 4098/4098/4098 4099/4099/4099 4108/4108/4108
f 4098/4098/4098 4108/4108/4108 4107/4107/4107
f 4097/4097/4097 4106/4106/4106 4108/4108/4108
f 4097/4097/4097 4108/4108/4108 4099/4099/4099
f 4100/4100/4100 4101/4101/4101 4111/4111/4111
f 4100/4100/4100 4111/4111/4111 4110/4110/4110
f 4098/4098/4098 4107/4107/4107 4111/4111/4111
f 4098/4098/4098 4111/4111/4111 4101/4101/4101
f 4040/4040/4040 4102/4102/4102 4112/4112/4112
f 4040/4040/4040 4112/4112/4112 4047/4047/4047
f 4112/4112/4112 4102/4102/4102 4103/4103/4103
f 4112/4112/4112 4103/4103/4103 4113/4113/4113
f 4113/4113/4113 4103/4103/4103 4104/4104/4104
f 4113/4113/4113 4104/4104/4104 4114/4114/4114
f 4109/4109/4109 4114/4114/4114 4115/4115/4115
f 4109/4109/4109 4115/4115/4115 4110/4110/4110
f 4104/4104/4104 4105/4105/4105 4115/4115/4115
f 4104/4104/4104 4115/4115/4115 4114/4114/4114
f 4100/4100/4100 4110/4110/4110 4115/4115/4115
f 4100/4100/4100 4115/4115/4115 4105/4105/4105
f 3923/3923/3923 4117/4117/4117 4106/4106/4106
f 3923/3923/3923 4106/4106/4106 3913/3913/3913
f 4116/4116/4116 4119/4119/4119 4120/4120/4120
f 4116/4116/4116 4120/4120/4120 4117/4117/4117
f 4107/4107/4107 4108/4108/4108 4120/4120/4120
f 4107/4107/4107 4120/4120/4120 4119/4119/4119
f 4106/4106/4106 4117/4117/4117 4120/4120/4120
f 4106/4106/4106 4120/4120/4120 4108/4108/4108
f 4109/4109/4109 4110/4110/4110 4123/4123/4123
f 4109/4109/4109 4123/4123/4123 4122/4122/4122
f 4118/4118/4118 4123/4123/4123 4124/4124/4124
f 4118/4118/4118 4124/4124/4124 4119/4119/4119
f 4110/4110/4110 4111/4111/4111 4124/4124/4124
f 4110/4110/4110 4124/4124/4124 4123/4123/4123
f 4107/4107/4107 4119/4119/4119 4124/4124/4124
f 4107/4107/4107 4124/4124/4124 4111/4111/4111
f 4047/4047/4047 4112/4112/4112 4125/4125/4125
f 4047/4047/4047 4125/4125/4125 4056/4056/4056
f 4125/4125/4125 4112/4112/4112 4113/4113/4113
f 4125/4125/4125 4113/4113/4113 4126/4126/4126
f 4121/4121/4121 4126/4126/4126 4127/4127/4127
f 4121/4121/4121 4127/4127/4127 4122/4122/4122
f 4113/4113/4113 4114/4114/4114 4127/4127/4127
f 4113/4113/4113 4127/4127/4127 4126/4126/4126
f 4109/4109/4109 4122/4122/4122 4127/4127/4127
f 4109/4109/4109 4127/4127/4127 4114/4114/4114
f 4116/4116/4116 4117/4117/4117 4130/4130/4130
f 4116/4116/4116 4130/4130/4130 4129/4129/4129
f 3923/3923/3923 3932/3932/3932 4130/4130/4130
f 3923/3923/3923 4130/4130/4130 4117/4117/4117
f 4128/4128/4128 4132/4132/4132 4133/4133/4133
f 4128/4128/4128 4133/4133/4133 4129/4129/4129
f 4118/4118/4118 4119/4119/4119 4133/4133/4133
f 4118/4118/4118 4133/4133/4133 4132/4132/4132
f 4116/4116/4116 4129/4129/4129 4133/4133/4133
f 4116/4116/4116 4133/4133/4133 4119/4119/4119
f 4121/4121/4121 4122/4122/4122 4136/4136/4136
f 4121/4121/4121 4136/4136/4136 4135/4135/4135
f 4131/4131/4131 4136/4136/4136 4137/4137/4137
f 4131/4131/4131 4137/4137/4137 4132/4132/4132
f 4122/4122/4122 4123/4123/4123 4137/4137/4137
f 4122/4122/4122 4137/4137/4137 4136/4136/4136
f 4118/4118/4118 4132/4132/4132 4137/4137/4137
f 4118/4118/4118 4137/4137/4137 4123/4123/4123
f 4134/4134/4134 4064/4064/4064 4066/4066/4066
f 4134/4134/4134 4066/4066/4066 4138/4138/4138
f 4056/4056/4056 4125/4125/4125 4138/4138/4138
f 4056/4056/4056 4138/4138/4138 4066/4066/4066
f 4121/4121/4121 4135/4135/4135 4138/4138/4138
f 4121/4121/4121 4138/4138/4138 4126/4126/4126
f 4138/4138/4138 4135/4135/4135 4134/4134/4134
f 4128/4128/4128 4129/4129/4129 4141/4141/4141
f 4128/4128/4128 4141/4141/4141 4140/4140/4140
f 3932/3932/3932 3944/3944/3944 4141/4141/4141
f 3932/3932/3932 4141/4141/4141 4129/4129/4129
f 4139/4139/4139 4143/4143/4143 4144/4144/4144
f 4139/4139/4139 4144/4144/4144 4140/4140/4140
f 4131/4131/4131 4132/4132/4132 4144/4144/4144
f 4131/4131/4131 4144/4144/4144 4143/4143/4143
f 4128/4128/4128 4140/4140/4140 4144/4144/4144
f 4128/4128/4128 4144/4144/4144 4132/4132/4132
f 4064/4064/4064 4134/4134/4134 4145/4145/4145
f 4064/4064/4064 4145/4145/4145 4076/4076/4076
f 4072/4072/4072 4145/4145/4145 4146/4146/4146
f 4072/4072/4072 4146/4146/4146 4142/4142/4142
f 4134/4134/4134 4135/4135/4135 4146/4146/4146
f 4134/4134/4134 4146/4146/4146 4145/4145/4145
f 4142/4142/4142 4146/4146/4146 4147/4147/4147
f 4142/4142/4142 4147/4147/4147 4143/4143/4143
f 4135/4135/4135 4136/4136/4136 4147/4147/4147
f 4135/4135/4135 4147/4147/4147 4146/4146/4146
f 4131/4131/4131 4143/4143/4143 4147/4147/4147
f 4131/4131/4131 4147/4147/4147 4136/4136/4136
f 3952/3952/3952 4149/4149/4149 4150/4150/4150
f 3952/3952/3952 4150/4150/4150 3953/3953/3953
f 4139/4139/4139 4140/4140/4140 4150/4150/4150
f 4139/4139/4139 4150/4150/4150 4149/4149/4149
f 3944/3944/3944 3953/3953/3953 4150/4150/4150
f 3944/3944/3944 4150/4150/4150 4140/4140/4140
f 4081/4081/4081 4151/4151/4151 4152/4152/4152
f 4081/4081/4081 4152/4152/4152 4148/4148/4148
f 4151/4151/4151 4087/4087/4087 4072/4072/4072
f 4072/4072/4072 4142/4142/4142 4152/4152/4152
f 4072/4072/4072 4152/4152/4152 4151/4151/4151
f 4148/4148/4148 4152/4152/4152 4153/4153/4153
f 4148/4148/4148 4153/4153/4153 4149/4149/4149
f 4142/4142/4142 4143/4143/4143 4153/4153/4153
f 4142/4142/4142 4153/4153/4153 4152/4152/4152
f 4139/4139/4139 4149/4149/4149 4153/4153/4153
f 4139/4139/4139 4153/4153/4153 4143/4143/4143
f 3862/3862/3862 4094/4094/4094 4154/4154/4154
f 3862/3862/3862 4154/4154/4154 3960/3960/3960
f 4156/4156/4156 4164/4164/4164 4168/4168/4168
f 4156/4156/4156 4168/4168/4168 4160/4160/4160
f 4154/4154/4154 4094/4094/4094 4081/4081/4081
f 4148/4148/4148 4154/4154/4154 4081/4081/4081
f 4166/4166/4166 4165/4165/4165 4157/4157/4157
f 4167/4167/4167 4166/4166/4166 4158/4158/4158
f 4167/4167/4167 4163/4163/4163 4162/4162/4162
f 4168/4168/4168 4167/4167/4167 4159/4159/4159
f 4168/4168/4168 4164/4164/4164 4163/4163/4163
f 4161/4161/4161 4172/4172/4172 4175/4175/4175
f 4161/4161/4161 4175/4175/4175 4164/4164/4164
f 4174/4174/4174 4171/4171/4171 4170/4170/4170
f 4175/4175/4175 4174/4174/4174 4163/4163/4163
f 4175/4175/4175 4172/4172/4172 4171/4171/4171
f 3588/3588/3588 4165/4165/4165 4176/4176/4176
f 3588/3588/3588 4176/4176/4176 3596/3596/3596
f 4178/4178/4178 4182/4182/4182 4169/4169/4169
f 4178/4178/4178 4169/4169/4169 4177/4177/4177
f 6/6/6 7/7/7 11/11/11
f 6/6/6 11/11/11 10/10/10
f 4166/4166/4166 4162/4162/4162 4173/4173/4173
f 4180/4180/4180 4170/4170/4170 4184/4184/4184
f 4180/4180/4180 4184/4184/4184 4181/4181/4181
f 4183/4183/4183 4180/4180/4180 4179/4179/4179
f 4183/4183/4183 4170/4170/4170 4180/4180/4180
f 3826/3826/3826 4189/4189/4189 4191/4191/4191
f 3826/3826/3826 4191/4191/4191 3827/3827/3827
f 4184/4184/4184 4182/4182/4182 4181/4181/4181
f 4185/4185/4185 4184/4184/4184 4171/4171/4171
f 4185/4185/4185 4169/4169/4169 4182/4182/4182
f 4185/4185/4185 4172/4172/4172 4169/4169/4169
f 4186/4186/4186 3607/3607/3607 3595/3595/3595
f 4187/4187/4187 4186/4186/4186 4173/4173/4173
f 4187/4187/4187 4170/4170/4170 4183/4183/4183
f 4187/4187/4187 4162/4162/4162 4170/4170/4170
f 4191/4191/4191 4190/4190/4190 3824/3824/3824
f 4188/4188/4188 4192/4192/4192 4193/4193/4193
f 4188/4188/4188 4193/4193/4193 4189/4189/4189
f 4189/4189/4189 4193/4193/4193 4195/4195/4195
f 4189/4189/4189 4195/4195/4195 4191/4191/4191
f 4195/4195/4195 4194/4194/4194 4190/4190/4190
f 4192/4192/4192 4197/4197/4197 4200/4200/4200
f 4192/4192/4192 4200/4200/4200 4193/4193/4193
f 4198/4198/4198 4197/4197/4197 4192/4192/4192
f 4193/4193/4193 4200/4200/4200 4203/4203/4203
f 4193/4193/4193 4203/4203/4203 4195/4195/4195
f 4202/4202/4202 4201/4201/4201 4194/4194/4194
f 4203/4203/4203 4202/4202/4202 4194/4194/4194
f 4203/4203/4203 4200/4200/4200 4199/4199/4199
f 4207/4207/4207 4209/4209/4209 4210/4210/4210
f 4207/4207/4207 4210/4210/4210 4205/4205/4205
f 4208/4208/4208 4206/4206/4206 4205/4205/4205
f 4196/4196/4196 4208/4208/4208 4210/4210/4210
f 4196/4196/4196 4210/4210/4210 4198/4198/4198
f 4210/4210/4210 4209/4209/4209 4197/4197/4197
f 4210/4210/4210 4208/4208/4208 4205/4205/4205
f 4197/4197/4197 4209/4209/4209 4212/4212/4212
f 4197/4197/4197 4212/4212/4212 4200/4200/4200
f 4211/4211/4211 4199/4199/4199 4221/4221/4221
f 4211/4211/4211 4221/4221/4221 4220/4220/4220
f 4202/4202/4202 4155/4155/4155 4201/4201/4201
f 4202/4202/4202 4199/4199/4199 4211/4211/4211
f 4215/4215/4215 4214/4214/4214 4213/4213/4213
f 4206/4206/4206 4216/4216/4216 4205/4205/4205
f 4219/4219/4219 4207/4207/4207 4217/4217/4217
f 4219/4219/4219 4209/4209/4209 4207/4207/4207
f 4209/4209/4209 4219/4219/4219 4221/4221/4221
f 4209/4209/4209 4221/4221/4221 4212/4212/4212
f 4221/4221/4221 4219/4219/4219 4218/4218/4218
f 2748/2748/2748 4222/4222/4222 4223/4223/4223
f 2748/2748/2748 4223/4223/4223 2749/2749/2749
f 4160/4160/4160 4211/4211/4211 4156/4156/4156
f 4160/4160/4160 4155/4155/4155 4211/4211/4211
f 2749/2749/2749 4223/4223/4223 4268/4268/4268
f 2749/2749/2749 4268/4268/4268 2791/2791/2791
f 4223/4223/4223 4222/4222/4222 4224/4224/4224
f 4223/4223/4223 4224/4224/4224 4213/4213/4213
f 4224/4224/4224 4235/4235/4235 4226/4226/4226
f 4224/4224/4224 4226/4226/4226 4213/4213/4213
f 4225/4225/4225 4227/4227/4227 4228/4228/4228
f 4225/4225/4225 4228/4228/4228 4235/4235/4235
f 4226/4226/4226 4215/4215/4215 4213/4213/4213
f 4215/4215/4215 4226/4226/4226 4228/4228/4228
f 4215/4215/4215 4228/4228/4228 4216/4216/4216
f 4228/4228/4228 4226/4226/4226 4235/4235/4235
f 4216/4216/4216 4228/4228/4228 4230/4230/4230
f 4216/4216/4216 4230/4230/4230 4207/4207/4207
f 4230/4230/4230 4229/4229/4229 4217/4217/4217
f 4230/4230/4230 4228/4228/4228 4227/4227/4227
f 4217/4217/4217 4229/4229/4229 4231/4231/4231
f 4217/4217/4217 4231/4231/4231 4218/4218/4218
f 4156/4156/4156 4211/4211/4211 4220/4220/4220
f 4156/4156/4156 4220/4220/4220 4164/4164/4164
f 2748/2748/2748 2759/2759/2759 4233/4233/4233
f 2748/2748/2748 4233/4233/4233 4222/4222/4222
f 4220/4220/4220 4231/4231/4231 4161/4161/4161
f 4222/4222/4222 4233/4233/4233 4232/4232/4232
f 4222/4222/4222 4232/4232/4232 4224/4224/4224
f 4234/4234/4234 4236/4236/4236 4227/4227/4227
f 4234/4234/4234 4227/4227/4227 4245/4245/4245
f 4235/4235/4235 4224/4224/4224 4232/4232/4232
f 4169/4169/4169 4172/4172/4172 4239/4239/4239
f 4169/4169/4169 4239/4239/4239 4237/4237/4237
f 4225/4225/4225 4235/4235/4235 4245/4245/4245
f 4238/4238/4238 4227/4227/4227 4236/4236/4236
f 4238/4238/4238 4229/4229/4229 4227/4227/4227
f 4229/4229/4229 4238/4238/4238 4239/4239/4239
f 4229/4229/4229 4239/4239/4239 4231/4231/4231
f 4239/4239/4239 4172/4172/4172 4161/4161/4161
f 4239/4239/4239 4238/4238/4238 4237/4237/4237
f 2766/2766/2766 4240/4240/4240 4241/4241/4241
f 2766/2766/2766 4241/4241/4241 2758/2758/2758
f 2758/2758/2758 4241/4241/4241 4233/4233/4233
f 2758/2758/2758 4233/4233/4233 2759/2759/2759
f 4240/4240/4240 4319/4319/4319 4243/4243/4243
f 4240/4240/4240 4243/4243/4243 4241/4241/4241
f 4233/4233/4233 4241/4241/4241 4232/4232/4232
f 4243/4243/4243 4319/4319/4319 4244/4244/4244
f 4243/4243/4243 4244/4244/4244 4245/4245/4245
f 4244/4244/4244 4319/4319/4319 4242/4242/4242
f 4244/4244/4244 4246/4246/4246 4234/4234/4234
f 4244/4244/4244 4234/4234/4234 4245/4245/4245
f 4246/4246/4246 4244/4244/4244 4177/4177/4177
f 4177/4177/4177 4169/4169/4169 4237/4237/4237
f 4177/4177/4177 4237/4237/4237 4246/4246/4246
f 4234/4234/4234 4246/4246/4246 4236/4236/4236
f 2643/2643/2643 2775/2775/2775 4247/4247/4247
f 2643/2643/2643 4247/4247/4247 3863/3863/3863
f 3863/3863/3863 4247/4247/4247 4248/4248/4248
f 3863/3863/3863 4248/4248/4248 3865/3865/3865
f 3864/3864/3864 4248/4248/4248 4250/4250/4250
f 3864/3864/3864 4250/4250/4250 3867/3867/3867
f 3867/3867/3867 4250/4250/4250 4251/4251/4251
f 3867/3867/3867 4251/4251/4251 3870/3870/3870
f 4251/4251/4251 4250/4250/4250 4249/4249/4249
f 4249/4249/4249 4253/4253/4253 4254/4254/4254
f 4249/4249/4249 4254/4254/4254 4251/4251/4251
f 3873/3873/3873 3874/3874/3874 4254/4254/4254
f 3873/3873/3873 4254/4254/4254 4253/4253/4253
f 3870/3870/3870 4251/4251/4251 4254/4254/4254
f 3870/3870/3870 4254/4254/4254 3874/3874/3874
f 3878/3878/3878 3879/3879/3879 4255/4255/4255
f 3878/3878/3878 4255/4255/4255 4188/4188/4188
f 4252/4252/4252 4255/4255/4255 4256/4256/4256
f 4252/4252/4252 4256/4256/4256 4253/4253/4253
f 3879/3879/3879 3880/3880/3880 4256/4256/4256
f 3879/3879/3879 4256/4256/4256 4255/4255/4255
f 3873/3873/3873 4253/4253/4253 4256/4256/4256
f 3873/3873/3873 4256/4256/4256 3880/3880/3880
f 3878/3878/3878 4188/4188/4188 3826/3826/3826
f 3878/3878/3878 3826/3826/3826 3885/3885/3885
f 4247/4247/4247 4257/4257/4257 4258/4258/4258
f 4247/4247/4247 4258/4258/4258 4248/4248/4248
f 4257/4257/4257 4247/4247/4247 2774/2774/2774
f 4249/4249/4249 4261/4261/4261 4252/4252/4252
f 4249/4249/4249 4252/4252/4252 4253/4253/4253
f 4250/4250/4250 4260/4260/4260 4249/4249/4249
f 4261/4261/4261 4260/4260/4260 4259/4259/4259
f 4196/4196/4196 4198/4198/4198 4255/4255/4255
f 4196/4196/4196 4255/4255/4255 4262/4262/4262
f 4198/4198/4198 4192/4192/4192 4188/4188/4188
f 2788/2788/2788 4263/4263/4263 4264/4264/4264
f 2788/2788/2788 4264/4264/4264 2783/2783/2783
f 4255/4255/4255 4198/4198/4198 4188/4188/4188
f 4257/4257/4257 4264/4264/4264 4265/4265/4265
f 4257/4257/4257 4265/4265/4265 4258/4258/4258
f 4264/4264/4264 4257/4257/4257 2783/2783/2783
f 4265/4265/4265 4264/4264/4264 4263/4263/4263
f 4267/4267/4267 4196/4196/4196 4262/4262/4262
f 4267/4267/4267 4262/4262/4262 4261/4261/4261
f 4260/4260/4260 4266/4266/4266 4259/4259/4259
f 2788/2788/2788 2791/2791/2791 4268/4268/4268
f 2788/2788/2788 4268/4268/4268 4263/4263/4263
f 4265/4265/4265 4269/4269/4269 4270/4270/4270
f 4265/4265/4265 4270/4270/4270 4266/4266/4266
f 4269/4269/4269 4263/4263/4263 4268/4268/4268
f 4269/4269/4269 4265/4265/4265 4263/4263/4263
f 4270/4270/4270 4204/4204/4204 4266/4266/4266
f 4214/4214/4214 4215/4215/4215 4272/4272/4272
f 4214/4214/4214 4272/4272/4272 4271/4271/4271
f 4208/4208/4208 4267/4267/4267 4206/4206/4206
f 4208/4208/4208 4196/4196/4196 4267/4267/4267
f 4271/4271/4271 4269/4269/4269 4268/4268/4268
f 4269/4269/4269 4271/4271/4271 4272/4272/4272
f 4269/4269/4269 4272/4272/4272 4204/4204/4204
f 4272/4272/4272 4215/4215/4215 4204/4204/4204
f 3989/3989/3989 3990/3990/3990 4276/4276/4276
f 3989/3989/3989 4276/4276/4276 4282/4282/4282
f 4274/4274/4274 4273/4273/4273 3988/3988/3988
f 3114/3114/3114 4275/4275/4275 3124/3124/3124
f 3991/3991/3991 4276/4276/4276 3990/3990/3990
f 3992/3992/3992 4276/4276/4276 3991/3991/3991
f 4281/4281/4281 4280/4280/4280 4273/4273/4273
f 4275/4275/4275 4278/4278/4278 3636/3636/3636
f 4275/4275/4275 4282/4282/4282 4278/4278/4278
f 3989/3989/3989 4282/4282/4282 4275/4275/4275
f 4279/4279/4279 4280/4280/4280 4283/4283/4283
f 4279/4279/4279 4283/4283/4283 4286/4286/4286
f 4276/4276/4276 4280/4280/4280 4279/4279/4279
f 4278/4278/4278 3640/3640/3640 3636/3636/3636
f 4286/4286/4286 4285/4285/4285 4279/4279/4279
f 4287/4287/4287 4285/4285/4285 4286/4286/4286
f 4287/4287/4287 4286/4286/4286 4288/4288/4288
f 4281/4281/4281 4284/4284/4284 4283/4283/4283
f 4281/4281/4281 4283/4283/4283 4280/4280/4280
f 4281/4281/4281 4277/4277/4277 4284/4284/4284
f 4284/4284/4284 4289/4289/4289 4283/4283/4283
f 4285/4285/4285 4287/4287/4287 3645/3645/3645
f 4285/4285/4285 3645/3645/3645 4278/4278/4278
f 3648/3648/3648 3645/3645/3645 4287/4287/4287
f 3648/3648/3648 4287/4287/4287 4157/4157/4157
f 4286/4286/4286 4289/4289/4289 4288/4288/4288
f 4289/4289/4289 4284/4284/4284 4290/4290/4290
f 4289/4289/4289 4290/4290/4290 4291/4291/4291
f 4288/4288/4288 4158/4158/4158 4157/4157/4157
f 4288/4288/4288 4157/4157/4157 4287/4287/4287
f 4288/4288/4288 4291/4291/4291 4158/4158/4158
f 4291/4291/4291 4159/4159/4159 4158/4158/4158
f 4031/4031/4031 4032/4032/4032 4294/4294/4294
f 4031/4031/4031 4294/4294/4294 4293/4293/4293
f 4290/4290/4290 4160/4160/4160 4159/4159/4159
f 4165/4165/4165 3588/3588/3588 3648/3648/3648
f 4293/4293/4293 4292/4292/4292 4031/4031/4031
f 3824/3824/3824 4190/4190/4190 4294/4294/4294
f 3824/3824/3824 4294/4294/4294 4032/4032/4032
f 4190/4190/4190 4194/4194/4194 4293/4293/4293
f 4190/4190/4190 4293/4293/4293 4294/4294/4294
f 4033/4033/4033 4292/4292/4292 4274/4274/4274
f 4293/4293/4293 4295/4295/4295 4292/4292/4292
f 2805/2805/2805 4298/4298/4298 4299/4299/4299
f 2805/2805/2805 4299/4299/4299 2806/2806/2806
f 4296/4296/4296 4281/4281/4281 4274/4274/4274
f 4296/4296/4296 4295/4295/4295 4277/4277/4277
f 4201/4201/4201 4295/4295/4295 4194/4194/4194
f 4297/4297/4297 4290/4290/4290 4277/4277/4277
f 4300/4300/4300 4303/4303/4303 4304/4304/4304
f 4300/4300/4300 4304/4304/4304 4301/4301/4301
f 4302/4302/4302 4306/4306/4306 4307/4307/4307
f 4302/4302/4302 4307/4307/4307 4303/4303/4303
f 4303/4303/4303 4307/4307/4307 4308/4308/4308
f 4303/4303/4303 4308/4308/4308 4304/4304/4304
f 3807/3807/3807 3810/3810/3810 4309/4309/4309
f 3807/3807/3807 4309/4309/4309 4305/4305/4305
f 4308/4308/4308 4307/4307/4307 4178/4178/4178
f 4305/4305/4305 4309/4309/4309 4310/4310/4310
f 4305/4305/4305 4310/4310/4310 4306/4306/4306
f 4309/4309/4309 3810/3810/3810 4179/4179/4179
f 4178/4178/4178 4307/4307/4307 4310/4310/4310
f 4178/4178/4178 4310/4310/4310 4182/4182/4182
f 4310/4310/4310 4309/4309/4309 4180/4180/4180
f 4310/4310/4310 4307/4307/4307 4306/4306/4306
f 2500/2500/2500 3814/3814/3814 4311/4311/4311
f 2500/2500/2500 4311/4311/4311 2813/2813/2813
f 2813/2813/2813 4311/4311/4311 4312/4312/4312
f 2813/2813/2813 4312/4312/4312 2814/2814/2814
f 2814/2814/2814 4312/4312/4312 4298/4298/4298
f 2814/2814/2814 4298/4298/4298 2815/2815/2815
f 4311/4311/4311 3814/3814/3814 3817/3817/3817
f 4311/4311/4311 3817/3817/3817 4313/4313/4313
f 4311/4311/4311 4313/4313/4313 4314/4314/4314
f 4311/4311/4311 4314/4314/4314 4312/4312/4312
f 4313/4313/4313 3817/3817/3817 3820/3820/3820
f 4313/4313/4313 3820/3820/3820 4316/4316/4316
f 4315/4315/4315 4298/4298/4298 4312/4312/4312
f 4315/4315/4315 4300/4300/4300 4298/4298/4298
f 4313/4313/4313 4316/4316/4316 4317/4317/4317
f 4313/4313/4313 4317/4317/4317 4314/4314/4314
f 4300/4300/4300 4315/4315/4315 4317/4317/4317
f 4300/4300/4300 4317/4317/4317 4303/4303/4303
f 4317/4317/4317 4316/4316/4316 4302/4302/4302
f 4317/4317/4317 4315/4315/4315 4314/4314/4314
f 4302/4302/4302 4316/4316/4316 4318/4318/4318
f 4302/4302/4302 4318/4318/4318 4305/4305/4305
f 3807/3807/3807 4318/4318/4318 3821/3821/3821
f 4318/4318/4318 4316/4316/4316 3820/3820/3820
f 2766/2766/2766 2806/2806/2806 4299/4299/4299
f 2766/2766/2766 4299/4299/4299 4240/4240/4240
f 4301/4301/4301 4304/4304/4304 4242/4242/4242
f 4301/4301/4301 4242/4242/4242 4319/4319/4319
f 4301/4301/4301 4319/4319/4319 4299/4299/4299
f 4319/4319/4319 4240/4240/4240 4299/4299/4299
f 4177/4177/4177 4244/4244/4244 4242/4242/4242
f 4177/4177/4177 4242/4242/4242 4304/4304/4304
